instance,optimal_fvs,undirected_KMA_heuristic_fvs,undirected_KMA_heuristic_score,undirected_MA_heuristic_fvs,undirected_MA_heuristic_score
ba_000000.txt,11.0,11.0,100.0,11.0,100.0
er_000000.txt,542.0,542.0,100.0,542.0,100.0
grid_000000.txt,401.0,401.0,100.0,401.0,100.0
real_000000.txt,10.0,10.0,100.0,10.0,100.0
ws_000000.txt,245.0,N/A,N/A,245.0,100.0
ba_000001.txt,114.0,114.0,100.0,114.0,100.0
er_000001.txt,904.0,904.0,100.0,904.0,100.0
real_000001.txt,30.0,30.0,100.0,30.0,100.0
tree_000001.txt,0.0,0.0,100.0,0.0,100.0
ws_000001.txt,232.0,N/A,N/A,232.0,100.0
ba_000002.txt,476.0,476.0,100.0,476.0,100.0
er_000002.txt,851.0,851.0,100.0,851.0,100.0
grid_000002.txt,100.0,100.0,100.0,100.0,100.0
real_000002.txt,1.0,1.0,100.0,1.0,100.0
ws_000002.txt,296.0,N/A,N/A,296.0,100.0
ba_000003.txt,54.0,54.0,100.0,54.0,100.0
er_000003.txt,499.0,499.0,100.0,499.0,100.0
real_000003.txt,10.0,10.0,100.0,10.0,100.0
tree_000003.txt,0.0,0.0,100.0,0.0,100.0
ws_000003.txt,260.0,N/A,N/A,260.0,100.0
ba_000004.txt,341.0,341.0,100.0,341.0,100.0
er_000004.txt,599.0,599.0,100.0,599.0,100.0
grid_000004.txt,200.0,200.0,100.0,200.0,100.0
real_000004.txt,180.0,182.0,98.9011,180.0,100.0
ws_000004.txt,241.0,N/A,N/A,241.0,100.0
ba_000005.txt,86.0,86.0,100.0,86.0,100.0
er_000005.txt,208.0,211.0,98.5782,208.0,100.0
real_000005.txt,15.0,15.0,100.0,15.0,100.0
tree_000005.txt,0.0,0.0,100.0,0.0,100.0
ws_000005.txt,214.0,N/A,N/A,214.0,100.0
ba_000006.txt,624.0,624.0,100.0,624.0,100.0
er_000006.txt,267.0,267.0,100.0,267.0,100.0
grid_000006.txt,202.0,202.0,100.0,203.0,99.5074
real_000006.txt,4.0,4.0,100.0,4.0,100.0
ws_000006.txt,334.0,N/A,N/A,334.0,100.0
ba_000007.txt,397.0,397.0,100.0,397.0,100.0
er_000007.txt,28.0,28.0,100.0,28.0,100.0
real_000007.txt,2.0,2.0,100.0,2.0,100.0
tree_000007.txt,0.0,0.0,100.0,0.0,100.0
ws_000007.txt,272.0,N/A,N/A,272.0,100.0
ba_000008.txt,83.0,83.0,100.0,83.0,100.0
er_000008.txt,448.0,448.0,100.0,448.0,100.0
grid_000008.txt,601.0,601.0,100.0,603.0,99.6683
real_000008.txt,1914.0,1914.0,100.0,1917.0,99.8435
ws_000008.txt,454.0,N/A,N/A,454.0,100.0
ba_000009.txt,112.0,112.0,100.0,112.0,100.0
er_000009.txt,247.0,249.0,99.1968,247.0,100.0
real_000009.txt,11.0,11.0,100.0,11.0,100.0
tree_000009.txt,0.0,0.0,100.0,0.0,100.0
ws_000009.txt,74.0,N/A,N/A,74.0,100.0
ba_000010.txt,301.0,301.0,100.0,301.0,100.0
er_000010.txt,849.0,849.0,100.0,849.0,100.0
grid_000010.txt,243.0,244.0,99.5902,243.0,100.0
real_000010.txt,621.0,621.0,100.0,626.0,99.2013
ws_000010.txt,368.0,N/A,N/A,368.0,100.0
ba_000011.txt,706.0,706.0,100.0,706.0,100.0
er_000011.txt,890.0,890.0,100.0,890.0,100.0
real_000011.txt,9.0,9.0,100.0,9.0,100.0
tree_000011.txt,0.0,0.0,100.0,0.0,100.0
ws_000011.txt,447.0,N/A,N/A,447.0,100.0
ba_000012.txt,183.0,183.0,100.0,183.0,100.0
er_000012.txt,386.0,388.0,99.4845,386.0,100.0
grid_000012.txt,189.0,189.0,100.0,189.0,100.0
real_000012.txt,1.0,1.0,100.0,1.0,100.0
ws_000012.txt,214.0,N/A,N/A,214.0,100.0
ba_000013.txt,546.0,546.0,100.0,546.0,100.0
er_000013.txt,235.0,238.0,98.7395,235.0,100.0
real_000013.txt,1258.0,1258.0,100.0,1269.0,99.1332
tree_000013.txt,0.0,0.0,100.0,0.0,100.0
ws_000013.txt,424.0,N/A,N/A,424.0,100.0
ba_000014.txt,122.0,122.0,100.0,122.0,100.0
er_000014.txt,410.0,410.0,100.0,410.0,100.0
grid_000014.txt,192.0,192.0,100.0,193.0,99.4819
real_000014.txt,490.0,505.0,97.0297,490.0,100.0
ws_000014.txt,49.0,N/A,N/A,49.0,100.0
ba_000015.txt,21.0,21.0,100.0,22.0,95.4545
er_000015.txt,195.0,197.0,98.9848,195.0,100.0
real_000015.txt,1.0,1.0,100.0,1.0,100.0
tree_000015.txt,0.0,0.0,100.0,0.0,100.0
ws_000015.txt,358.0,N/A,N/A,358.0,100.0
ba_000016.txt,20.0,20.0,100.0,20.0,100.0
er_000016.txt,25.0,25.0,100.0,25.0,100.0
grid_000016.txt,361.0,361.0,100.0,361.0,100.0
real_000016.txt,340.0,340.0,100.0,344.0,98.8372
ws_000016.txt,451.0,N/A,N/A,451.0,100.0
ba_000017.txt,283.0,283.0,100.0,283.0,100.0
er_000017.txt,748.0,748.0,100.0,748.0,100.0
real_000017.txt,13.0,13.0,100.0,13.0,100.0
tree_000017.txt,0.0,0.0,100.0,0.0,100.0
ws_000017.txt,60.0,N/A,N/A,60.0,100.0
ba_000018.txt,95.0,95.0,100.0,95.0,100.0
er_000018.txt,545.0,545.0,100.0,545.0,100.0
grid_000018.txt,198.0,198.0,100.0,198.0,100.0
real_000018.txt,2.0,2.0,100.0,2.0,100.0
ws_000018.txt,157.0,N/A,N/A,157.0,100.0
ba_000019.txt,151.0,151.0,100.0,158.0,95.5696
er_000019.txt,834.0,834.0,100.0,834.0,100.0
real_000019.txt,9.0,9.0,100.0,9.0,100.0
tree_000019.txt,0.0,0.0,100.0,0.0,100.0
ws_000019.txt,417.0,N/A,N/A,417.0,100.0
ba_000020.txt,86.0,86.0,100.0,86.0,100.0
er_000020.txt,258.0,261.0,98.8506,258.0,100.0
grid_000020.txt,528.0,530.0,99.6226,528.0,100.0
real_000020.txt,7.0,7.0,100.0,7.0,100.0
ws_000020.txt,384.0,N/A,N/A,384.0,100.0
ba_000021.txt,219.0,219.0,100.0,219.0,100.0
er_000021.txt,353.0,353.0,100.0,353.0,100.0
real_000021.txt,4310.0,4316.0,99.861,4310.0,100.0
tree_000021.txt,0.0,0.0,100.0,0.0,100.0
ws_000021.txt,375.0,N/A,N/A,375.0,100.0
ba_000022.txt,109.0,109.0,100.0,109.0,100.0
er_000022.txt,261.0,263.0,99.2395,261.0,100.0
grid_000022.txt,272.0,272.0,100.0,274.0,99.2701
real_000022.txt,2.0,2.0,100.0,2.0,100.0
ws_000022.txt,94.0,N/A,N/A,94.0,100.0
ba_000023.txt,45.0,45.0,100.0,45.0,100.0
er_000023.txt,354.0,354.0,100.0,354.0,100.0
real_000023.txt,2.0,2.0,100.0,2.0,100.0
tree_000023.txt,0.0,0.0,100.0,0.0,100.0
ws_000023.txt,358.0,N/A,N/A,358.0,100.0
ba_000024.txt,370.0,370.0,100.0,370.0,100.0
er_000024.txt,665.0,665.0,100.0,665.0,100.0
grid_000024.txt,81.0,81.0,100.0,81.0,100.0
real_000024.txt,4.0,4.0,100.0,4.0,100.0
ws_000024.txt,60.0,N/A,N/A,60.0,100.0
ba_000025.txt,387.0,387.0,100.0,387.0,100.0
er_000025.txt,497.0,497.0,100.0,497.0,100.0
real_000025.txt,997.0,997.0,100.0,1006.0,99.1054
tree_000025.txt,0.0,0.0,100.0,0.0,100.0
ws_000025.txt,298.0,N/A,N/A,298.0,100.0
ba_000026.txt,47.0,47.0,100.0,47.0,100.0
er_000026.txt,585.0,585.0,100.0,585.0,100.0
grid_000026.txt,166.0,166.0,100.0,166.0,100.0
real_000026.txt,1.0,1.0,100.0,1.0,100.0
ws_000026.txt,409.0,N/A,N/A,409.0,100.0
ba_000027.txt,122.0,122.0,100.0,125.0,97.6
er_000027.txt,562.0,562.0,100.0,562.0,100.0
real_000027.txt,2.0,2.0,100.0,2.0,100.0
tree_000027.txt,0.0,0.0,100.0,0.0,100.0
ws_000027.txt,289.0,N/A,N/A,289.0,100.0
ba_000028.txt,101.0,101.0,100.0,101.0,100.0
er_000028.txt,120.0,120.0,100.0,120.0,100.0
grid_000028.txt,753.0,753.0,100.0,754.0,99.8674
real_000028.txt,29.0,29.0,100.0,29.0,100.0
ws_000028.txt,246.0,N/A,N/A,246.0,100.0
ba_000029.txt,46.0,46.0,100.0,46.0,100.0
er_000029.txt,187.0,187.0,100.0,187.0,100.0
real_000029.txt,7.0,7.0,100.0,7.0,100.0
tree_000029.txt,0.0,0.0,100.0,0.0,100.0
ws_000029.txt,371.0,N/A,N/A,371.0,100.0
ba_000030.txt,316.0,316.0,100.0,316.0,100.0
er_000030.txt,236.0,238.0,99.1597,236.0,100.0
grid_000030.txt,309.0,309.0,100.0,309.0,100.0
real_000030.txt,1.0,1.0,100.0,1.0,100.0
ws_000030.txt,341.0,N/A,N/A,341.0,100.0
ba_000031.txt,40.0,40.0,100.0,40.0,100.0
er_000031.txt,613.0,613.0,100.0,613.0,100.0
real_000031.txt,4.0,4.0,100.0,4.0,100.0
tree_000031.txt,0.0,0.0,100.0,0.0,100.0
ws_000031.txt,142.0,N/A,N/A,142.0,100.0
ba_000032.txt,441.0,441.0,100.0,441.0,100.0
er_000032.txt,746.0,746.0,100.0,746.0,100.0
grid_000032.txt,266.0,266.0,100.0,266.0,100.0
real_000032.txt,579.0,589.0,98.3022,579.0,100.0
ws_000032.txt,434.0,N/A,N/A,434.0,100.0
ba_000033.txt,57.0,57.0,100.0,57.0,100.0
er_000033.txt,822.0,822.0,100.0,822.0,100.0
real_000033.txt,4.0,4.0,100.0,4.0,100.0
tree_000033.txt,0.0,0.0,100.0,0.0,100.0
ws_000033.txt,59.0,N/A,N/A,59.0,100.0
ba_000034.txt,207.0,207.0,100.0,210.0,98.5714
er_000034.txt,747.0,747.0,100.0,747.0,100.0
grid_000034.txt,216.0,216.0,100.0,216.0,100.0
real_000034.txt,15.0,15.0,100.0,15.0,100.0
ws_000034.txt,427.0,N/A,N/A,427.0,100.0
ba_000035.txt,602.0,602.0,100.0,602.0,100.0
er_000035.txt,538.0,538.0,100.0,538.0,100.0
real_000035.txt,10.0,10.0,100.0,10.0,100.0
tree_000035.txt,0.0,0.0,100.0,0.0,100.0
ws_000035.txt,237.0,N/A,N/A,237.0,100.0
ba_000036.txt,558.0,558.0,100.0,558.0,100.0
er_000036.txt,267.0,271.0,98.524,267.0,100.0
grid_000036.txt,277.0,277.0,100.0,277.0,100.0
real_000036.txt,4.0,4.0,100.0,4.0,100.0
ws_000036.txt,353.0,N/A,N/A,353.0,100.0
ba_000037.txt,72.0,72.0,100.0,72.0,100.0
er_000037.txt,872.0,872.0,100.0,872.0,100.0
real_000037.txt,29.0,29.0,100.0,30.0,96.6667
tree_000037.txt,0.0,0.0,100.0,0.0,100.0
ws_000037.txt,348.0,N/A,N/A,348.0,100.0
ba_000038.txt,143.0,143.0,100.0,163.0,87.7301
er_000038.txt,413.0,413.0,100.0,413.0,100.0
grid_000038.txt,89.0,89.0,100.0,89.0,100.0
real_000038.txt,1.0,1.0,100.0,1.0,100.0
ws_000038.txt,186.0,N/A,N/A,186.0,100.0
ba_000039.txt,196.0,196.0,100.0,196.0,100.0
er_000039.txt,709.0,709.0,100.0,709.0,100.0
real_000039.txt,11.0,11.0,100.0,11.0,100.0
tree_000039.txt,0.0,0.0,100.0,0.0,100.0
ws_000039.txt,446.0,N/A,N/A,446.0,100.0
ba_000040.txt,599.0,599.0,100.0,599.0,100.0
er_000040.txt,491.0,491.0,100.0,491.0,100.0
grid_000040.txt,183.0,183.0,100.0,183.0,100.0
real_000040.txt,2.0,2.0,100.0,2.0,100.0
ws_000040.txt,214.0,N/A,N/A,214.0,100.0
ba_000041.txt,271.0,271.0,100.0,271.0,100.0
er_000041.txt,605.0,605.0,100.0,605.0,100.0
real_000041.txt,13.0,13.0,100.0,13.0,100.0
tree_000041.txt,0.0,0.0,100.0,0.0,100.0
ws_000041.txt,118.0,N/A,N/A,118.0,100.0
ba_000042.txt,243.0,243.0,100.0,243.0,100.0
er_000042.txt,462.0,462.0,100.0,462.0,100.0
grid_000042.txt,266.0,266.0,100.0,266.0,100.0
real_000042.txt,11.0,11.0,100.0,11.0,100.0
ws_000042.txt,54.0,N/A,N/A,54.0,100.0
ba_000043.txt,128.0,128.0,100.0,128.0,100.0
er_000043.txt,505.0,505.0,100.0,505.0,100.0
real_000043.txt,9.0,9.0,100.0,9.0,100.0
tree_000043.txt,0.0,0.0,100.0,0.0,100.0
ws_000043.txt,347.0,N/A,N/A,347.0,100.0
ba_000044.txt,357.0,357.0,100.0,357.0,100.0
er_000044.txt,117.0,117.0,100.0,117.0,100.0
grid_000044.txt,213.0,213.0,100.0,214.0,99.5327
real_000044.txt,1133.0,1138.0,99.5606,1133.0,100.0
ws_000044.txt,450.0,N/A,N/A,450.0,100.0
ba_000045.txt,71.0,71.0,100.0,71.0,100.0
er_000045.txt,297.0,301.0,98.6711,297.0,100.0
real_000045.txt,8.0,8.0,100.0,8.0,100.0
tree_000045.txt,0.0,0.0,100.0,0.0,100.0
ws_000045.txt,319.0,N/A,N/A,319.0,100.0
ba_000046.txt,87.0,87.0,100.0,87.0,100.0
er_000046.txt,31.0,31.0,100.0,31.0,100.0
grid_000046.txt,678.0,679.0,99.8527,678.0,100.0
real_000046.txt,1483.0,1483.0,100.0,1484.0,99.9326
ws_000046.txt,161.0,N/A,N/A,161.0,100.0
ba_000047.txt,498.0,498.0,100.0,498.0,100.0
er_000047.txt,613.0,613.0,100.0,613.0,100.0
real_000047.txt,10.0,10.0,100.0,10.0,100.0
tree_000047.txt,0.0,0.0,100.0,0.0,100.0
ws_000047.txt,79.0,N/A,N/A,79.0,100.0
ba_000048.txt,463.0,463.0,100.0,463.0,100.0
er_000048.txt,427.0,427.0,100.0,427.0,100.0
grid_000048.txt,131.0,132.0,99.2424,131.0,100.0
real_000048.txt,1.0,1.0,100.0,1.0,100.0
ws_000048.txt,218.0,N/A,N/A,218.0,100.0
ba_000049.txt,367.0,367.0,100.0,367.0,100.0
er_000049.txt,581.0,581.0,100.0,581.0,100.0
real_000049.txt,843.0,848.0,99.4104,843.0,100.0
tree_000049.txt,0.0,0.0,100.0,0.0,100.0
ws_000049.txt,212.0,N/A,N/A,212.0,100.0
ba_000050.txt,165.0,165.0,100.0,165.0,100.0
er_000050.txt,310.0,310.0,100.0,310.0,100.0
grid_000050.txt,235.0,237.0,99.1561,235.0,100.0
real_000050.txt,15.0,15.0,100.0,15.0,100.0
ws_000050.txt,191.0,N/A,N/A,191.0,100.0
ba_000051.txt,49.0,49.0,100.0,49.0,100.0
er_000051.txt,356.0,356.0,100.0,356.0,100.0
real_000051.txt,8.0,8.0,100.0,8.0,100.0
tree_000051.txt,0.0,0.0,100.0,0.0,100.0
ws_000051.txt,374.0,N/A,N/A,374.0,100.0
ba_000052.txt,452.0,452.0,100.0,452.0,100.0
er_000052.txt,198.0,201.0,98.5075,198.0,100.0
grid_000052.txt,226.0,226.0,100.0,227.0,99.5595
real_000052.txt,2076.0,2076.0,100.0,2152.0,96.4684
ws_000052.txt,473.0,N/A,N/A,473.0,100.0
ba_000053.txt,394.0,394.0,100.0,394.0,100.0
er_000053.txt,503.0,503.0,100.0,503.0,100.0
real_000053.txt,565.0,565.0,100.0,565.0,100.0
tree_000053.txt,0.0,0.0,100.0,0.0,100.0
ws_000053.txt,457.0,N/A,N/A,457.0,100.0
ba_000054.txt,119.0,119.0,100.0,119.0,100.0
er_000054.txt,925.0,925.0,100.0,925.0,100.0
grid_000054.txt,100.0,100.0,100.0,100.0,100.0
real_000054.txt,1.0,1.0,100.0,1.0,100.0
ws_000054.txt,380.0,N/A,N/A,380.0,100.0
ba_000055.txt,72.0,72.0,100.0,72.0,100.0
er_000055.txt,911.0,911.0,100.0,911.0,100.0
real_000055.txt,2.0,2.0,100.0,2.0,100.0
tree_000055.txt,0.0,0.0,100.0,0.0,100.0
ws_000055.txt,428.0,N/A,N/A,428.0,100.0
ba_000056.txt,145.0,145.0,100.0,148.0,97.973
er_000056.txt,632.0,632.0,100.0,632.0,100.0
grid_000056.txt,88.0,89.0,98.8764,88.0,100.0
real_000056.txt,10.0,10.0,100.0,10.0,100.0
ws_000056.txt,165.0,N/A,N/A,165.0,100.0
ba_000057.txt,109.0,109.0,100.0,109.0,100.0
er_000057.txt,674.0,674.0,100.0,674.0,100.0
real_000057.txt,105.0,105.0,100.0,107.0,98.1308
tree_000057.txt,0.0,0.0,100.0,0.0,100.0
ws_000057.txt,56.0,N/A,N/A,56.0,100.0
ba_000058.txt,26.0,26.0,100.0,26.0,100.0
er_000058.txt,59.0,59.0,100.0,59.0,100.0
grid_000058.txt,198.0,198.0,100.0,200.0,99.0
real_000058.txt,10.0,10.0,100.0,10.0,100.0
ws_000058.txt,305.0,N/A,N/A,305.0,100.0
ba_000059.txt,495.0,495.0,100.0,495.0,100.0
er_000059.txt,47.0,48.0,97.9167,47.0,100.0
real_000059.txt,589.0,593.0,99.3255,589.0,100.0
tree_000059.txt,0.0,0.0,100.0,0.0,100.0
ws_000059.txt,352.0,N/A,N/A,352.0,100.0
ba_000060.txt,284.0,284.0,100.0,284.0,100.0
er_000060.txt,94.0,94.0,100.0,94.0,100.0
grid_000060.txt,128.0,128.0,100.0,128.0,100.0
real_000060.txt,3868.0,3868.0,100.0,3884.0,99.5881
ws_000060.txt,396.0,N/A,N/A,396.0,100.0
ba_000061.txt,177.0,177.0,100.0,178.0,99.4382
er_000061.txt,515.0,515.0,100.0,515.0,100.0
real_000061.txt,1.0,1.0,100.0,1.0,100.0
tree_000061.txt,0.0,0.0,100.0,0.0,100.0
ws_000061.txt,261.0,N/A,N/A,261.0,100.0
ba_000062.txt,345.0,345.0,100.0,345.0,100.0
er_000062.txt,650.0,650.0,100.0,650.0,100.0
grid_000062.txt,65.0,65.0,100.0,65.0,100.0
real_000062.txt,3561.0,3637.0,97.9104,3561.0,100.0
ws_000062.txt,452.0,N/A,N/A,452.0,100.0
ba_000063.txt,63.0,63.0,100.0,63.0,100.0
er_000063.txt,297.0,297.0,100.0,297.0,100.0
real_000063.txt,2.0,2.0,100.0,2.0,100.0
tree_000063.txt,0.0,0.0,100.0,0.0,100.0
ws_000063.txt,368.0,N/A,N/A,368.0,100.0
ba_000064.txt,415.0,415.0,100.0,415.0,100.0
er_000064.txt,401.0,401.0,100.0,401.0,100.0
grid_000064.txt,453.0,454.0,99.7797,453.0,100.0
real_000064.txt,9.0,9.0,100.0,9.0,100.0
ws_000064.txt,439.0,N/A,N/A,439.0,100.0
ba_000065.txt,41.0,41.0,100.0,41.0,100.0
er_000065.txt,884.0,884.0,100.0,884.0,100.0
real_000065.txt,15.0,15.0,100.0,15.0,100.0
tree_000065.txt,0.0,0.0,100.0,0.0,100.0
ws_000065.txt,264.0,N/A,N/A,264.0,100.0
ba_000066.txt,564.0,564.0,100.0,564.0,100.0
er_000066.txt,277.0,280.0,98.9286,277.0,100.0
grid_000066.txt,709.0,709.0,100.0,709.0,100.0
real_000066.txt,10.0,10.0,100.0,10.0,100.0
ws_000066.txt,134.0,N/A,N/A,134.0,100.0
ba_000067.txt,387.0,387.0,100.0,387.0,100.0
er_000067.txt,831.0,831.0,100.0,831.0,100.0
real_000067.txt,3232.0,3242.0,99.6915,3232.0,100.0
tree_000067.txt,0.0,0.0,100.0,0.0,100.0
ws_000067.txt,293.0,N/A,N/A,293.0,100.0
ba_000068.txt,78.0,80.0,97.5,78.0,100.0
er_000068.txt,39.0,39.0,100.0,41.0,95.122
grid_000068.txt,421.0,421.0,100.0,421.0,100.0
real_000068.txt,11.0,11.0,100.0,11.0,100.0
ws_000068.txt,62.0,N/A,N/A,62.0,100.0
ba_000069.txt,164.0,164.0,100.0,164.0,100.0
er_000069.txt,152.0,152.0,100.0,152.0,100.0
real_000069.txt,1616.0,1636.0,98.7775,1616.0,100.0
tree_000069.txt,0.0,0.0,100.0,0.0,100.0
ws_000069.txt,139.0,N/A,N/A,139.0,100.0
ba_000070.txt,440.0,440.0,100.0,440.0,100.0
er_000070.txt,665.0,665.0,100.0,665.0,100.0
grid_000070.txt,244.0,244.0,100.0,246.0,99.187
real_000070.txt,2.0,2.0,100.0,2.0,100.0
ws_000070.txt,351.0,N/A,N/A,351.0,100.0
ba_000071.txt,513.0,513.0,100.0,513.0,100.0
er_000071.txt,655.0,655.0,100.0,655.0,100.0
real_000071.txt,1663.0,1663.0,100.0,1669.0,99.6405
tree_000071.txt,0.0,0.0,100.0,0.0,100.0
ws_000071.txt,123.0,N/A,N/A,123.0,100.0
ba_000072.txt,446.0,446.0,100.0,446.0,100.0
er_000072.txt,572.0,572.0,100.0,572.0,100.0
grid_000072.txt,587.0,591.0,99.3232,587.0,100.0
real_000072.txt,1097.0,1097.0,100.0,1103.0,99.456
ws_000072.txt,80.0,N/A,N/A,80.0,100.0
ba_000073.txt,133.0,133.0,100.0,133.0,100.0
er_000073.txt,528.0,528.0,100.0,528.0,100.0
real_000073.txt,1.0,1.0,100.0,1.0,100.0
tree_000073.txt,0.0,0.0,100.0,0.0,100.0
ws_000073.txt,73.0,N/A,N/A,73.0,100.0
ba_000074.txt,523.0,523.0,100.0,523.0,100.0
er_000074.txt,394.0,394.0,100.0,394.0,100.0
grid_000074.txt,260.0,260.0,100.0,261.0,99.6169
real_000074.txt,2.0,2.0,100.0,2.0,100.0
ws_000074.txt,363.0,N/A,N/A,363.0,100.0
ba_000075.txt,172.0,172.0,100.0,199.0,86.4322
er_000075.txt,699.0,702.0,99.5726,699.0,100.0
real_000075.txt,29.0,29.0,100.0,29.0,100.0
tree_000075.txt,0.0,0.0,100.0,0.0,100.0
ws_000075.txt,205.0,N/A,N/A,205.0,100.0
ba_000076.txt,335.0,335.0,100.0,335.0,100.0
er_000076.txt,630.0,630.0,100.0,630.0,100.0
grid_000076.txt,424.0,424.0,100.0,425.0,99.7647
real_000076.txt,13.0,13.0,100.0,13.0,100.0
ws_000076.txt,234.0,N/A,N/A,234.0,100.0
ba_000077.txt,525.0,525.0,100.0,525.0,100.0
er_000077.txt,648.0,648.0,100.0,648.0,100.0
real_000077.txt,13.0,13.0,100.0,13.0,100.0
tree_000077.txt,0.0,0.0,100.0,0.0,100.0
ws_000077.txt,344.0,N/A,N/A,344.0,100.0
ba_000078.txt,81.0,81.0,100.0,81.0,100.0
er_000078.txt,288.0,289.0,99.654,288.0,100.0
grid_000078.txt,174.0,174.0,100.0,175.0,99.4286
real_000078.txt,1070.0,1072.0,99.8134,1070.0,100.0
ws_000078.txt,412.0,N/A,N/A,412.0,100.0
ba_000079.txt,101.0,104.0,97.1154,101.0,100.0
er_000079.txt,384.0,384.0,100.0,384.0,100.0
real_000079.txt,540.0,540.0,100.0,559.0,96.6011
tree_000079.txt,0.0,0.0,100.0,0.0,100.0
ws_000079.txt,320.0,N/A,N/A,320.0,100.0
ba_000080.txt,380.0,380.0,100.0,380.0,100.0
er_000080.txt,202.0,202.0,100.0,202.0,100.0
grid_000080.txt,216.0,216.0,100.0,216.0,100.0
real_000080.txt,1.0,1.0,100.0,1.0,100.0
ws_000080.txt,69.0,N/A,N/A,69.0,100.0
ba_000081.txt,447.0,447.0,100.0,447.0,100.0
er_000081.txt,110.0,110.0,100.0,110.0,100.0
real_000081.txt,1305.0,1313.0,99.3907,1305.0,100.0
tree_000081.txt,0.0,0.0,100.0,0.0,100.0
ws_000081.txt,77.0,N/A,N/A,77.0,100.0
ba_000082.txt,104.0,104.0,100.0,104.0,100.0
er_000082.txt,874.0,874.0,100.0,874.0,100.0
grid_000082.txt,39.0,39.0,100.0,39.0,100.0
real_000082.txt,10.0,10.0,100.0,10.0,100.0
ws_000082.txt,47.0,N/A,N/A,47.0,100.0
ba_000083.txt,389.0,389.0,100.0,389.0,100.0
er_000083.txt,369.0,369.0,100.0,369.0,100.0
real_000083.txt,13.0,13.0,100.0,13.0,100.0
tree_000083.txt,0.0,0.0,100.0,0.0,100.0
ws_000083.txt,147.0,N/A,N/A,147.0,100.0
ba_000084.txt,214.0,214.0,100.0,224.0,95.5357
er_000084.txt,14.0,15.0,93.3333,14.0,100.0
grid_000084.txt,418.0,418.0,100.0,419.0,99.7613
real_000084.txt,10.0,10.0,100.0,10.0,100.0
ws_000084.txt,353.0,N/A,N/A,353.0,100.0
ba_000085.txt,119.0,119.0,100.0,119.0,100.0
er_000085.txt,80.0,80.0,100.0,80.0,100.0
real_000085.txt,1.0,1.0,100.0,1.0,100.0
tree_000085.txt,0.0,0.0,100.0,0.0,100.0
ws_000085.txt,65.0,N/A,N/A,65.0,100.0
ba_000086.txt,216.0,216.0,100.0,217.0,99.5392
er_000086.txt,630.0,630.0,100.0,630.0,100.0
grid_000086.txt,54.0,54.0,100.0,56.0,96.4286
real_000086.txt,29.0,29.0,100.0,29.0,100.0
ws_000086.txt,360.0,N/A,N/A,360.0,100.0
ba_000087.txt,585.0,585.0,100.0,585.0,100.0
er_000087.txt,31.0,31.0,100.0,33.0,93.9394
real_000087.txt,1401.0,1401.0,100.0,1405.0,99.7153
tree_000087.txt,0.0,0.0,100.0,0.0,100.0
ws_000087.txt,188.0,N/A,N/A,188.0,100.0
ba_000088.txt,447.0,447.0,100.0,447.0,100.0
er_000088.txt,689.0,689.0,100.0,689.0,100.0
grid_000088.txt,376.0,376.0,100.0,378.0,99.4709
real_000088.txt,2.0,2.0,100.0,2.0,100.0
ws_000088.txt,227.0,N/A,N/A,227.0,100.0
ba_000089.txt,220.0,220.0,100.0,221.0,99.5475
er_000089.txt,234.0,234.0,100.0,234.0,100.0
real_000089.txt,712.0,712.0,100.0,712.0,100.0
tree_000089.txt,0.0,0.0,100.0,0.0,100.0
ws_000089.txt,216.0,N/A,N/A,216.0,100.0
ba_000090.txt,116.0,116.0,100.0,116.0,100.0
er_000090.txt,836.0,836.0,100.0,836.0,100.0
grid_000090.txt,197.0,197.0,100.0,197.0,100.0
real_000090.txt,1.0,1.0,100.0,1.0,100.0
ws_000090.txt,143.0,N/A,N/A,143.0,100.0
ba_000091.txt,335.0,335.0,100.0,335.0,100.0
er_000091.txt,925.0,925.0,100.0,925.0,100.0
real_000091.txt,2.0,2.0,100.0,2.0,100.0
tree_000091.txt,0.0,0.0,100.0,0.0,100.0
ws_000091.txt,268.0,N/A,N/A,268.0,100.0
ba_000092.txt,467.0,467.0,100.0,467.0,100.0
er_000092.txt,830.0,830.0,100.0,830.0,100.0
grid_000092.txt,518.0,518.0,100.0,520.0,99.6154
real_000092.txt,1107.0,1107.0,100.0,1122.0,98.6631
ws_000092.txt,56.0,N/A,N/A,56.0,100.0
ba_000093.txt,224.0,224.0,100.0,224.0,100.0
er_000093.txt,411.0,411.0,100.0,411.0,100.0
real_000093.txt,1528.0,1529.0,99.9346,1528.0,100.0
tree_000093.txt,0.0,0.0,100.0,0.0,100.0
ws_000093.txt,421.0,N/A,N/A,421.0,100.0
ba_000094.txt,181.0,181.0,100.0,181.0,100.0
er_000094.txt,351.0,351.0,100.0,351.0,100.0
grid_000094.txt,734.0,734.0,100.0,734.0,100.0
real_000094.txt,11.0,11.0,100.0,11.0,100.0
ws_000094.txt,296.0,N/A,N/A,296.0,100.0
ba_000095.txt,504.0,504.0,100.0,504.0,100.0
er_000095.txt,413.0,413.0,100.0,413.0,100.0
real_000095.txt,3981.0,3988.0,99.8245,3981.0,100.0
tree_000095.txt,0.0,0.0,100.0,0.0,100.0
ws_000095.txt,366.0,N/A,N/A,366.0,100.0
ba_000096.txt,142.0,142.0,100.0,142.0,100.0
er_000096.txt,890.0,890.0,100.0,890.0,100.0
grid_000096.txt,209.0,209.0,100.0,210.0,99.5238
real_000096.txt,15.0,15.0,100.0,15.0,100.0
ws_000096.txt,145.0,N/A,N/A,145.0,100.0
ba_000097.txt,170.0,170.0,100.0,170.0,100.0
er_000097.txt,828.0,828.0,100.0,828.0,100.0
real_000097.txt,13.0,13.0,100.0,13.0,100.0
tree_000097.txt,0.0,0.0,100.0,0.0,100.0
ws_000097.txt,385.0,N/A,N/A,385.0,100.0
ba_000098.txt,658.0,658.0,100.0,658.0,100.0
er_000098.txt,335.0,335.0,100.0,335.0,100.0
grid_000098.txt,321.0,321.0,100.0,321.0,100.0
real_000098.txt,2269.0,2269.0,100.0,2284.0,99.3433
ws_000098.txt,78.0,N/A,N/A,78.0,100.0
ba_000099.txt,59.0,59.0,100.0,59.0,100.0
er_000099.txt,527.0,527.0,100.0,527.0,100.0
real_000099.txt,789.0,831.0,94.9458,789.0,100.0
tree_000099.txt,0.0,0.0,100.0,0.0,100.0
ws_000099.txt,213.0,N/A,N/A,213.0,100.0
ba_000100.txt,686.0,687.0,99.8544,686.0,100.0
er_000100.txt,622.0,622.0,100.0,622.0,100.0
grid_000100.txt,435.0,435.0,100.0,435.0,100.0
real_000100.txt,11.0,11.0,100.0,11.0,100.0
ws_000100.txt,319.0,N/A,N/A,319.0,100.0
ba_000101.txt,517.0,517.0,100.0,517.0,100.0
er_000101.txt,373.0,373.0,100.0,373.0,100.0
real_000101.txt,1.0,1.0,100.0,1.0,100.0
tree_000101.txt,0.0,0.0,100.0,0.0,100.0
ws_000101.txt,84.0,N/A,N/A,84.0,100.0
ba_000102.txt,289.0,289.0,100.0,289.0,100.0
er_000102.txt,516.0,516.0,100.0,516.0,100.0
grid_000102.txt,239.0,239.0,100.0,239.0,100.0
real_000102.txt,1959.0,1959.0,100.0,1978.0,99.0394
ws_000102.txt,161.0,N/A,N/A,161.0,100.0
ba_000103.txt,300.0,300.0,100.0,300.0,100.0
er_000103.txt,427.0,427.0,100.0,427.0,100.0
real_000103.txt,11.0,11.0,100.0,11.0,100.0
tree_000103.txt,0.0,0.0,100.0,0.0,100.0
ws_000103.txt,125.0,N/A,N/A,125.0,100.0
ba_000104.txt,175.0,175.0,100.0,178.0,98.3146
er_000104.txt,346.0,346.0,100.0,346.0,100.0
grid_000104.txt,217.0,217.0,100.0,217.0,100.0
real_000104.txt,1079.0,1081.0,99.815,1079.0,100.0
ws_000104.txt,437.0,N/A,N/A,437.0,100.0
ba_000105.txt,46.0,47.0,97.8723,46.0,100.0
er_000105.txt,184.0,184.0,100.0,184.0,100.0
real_000105.txt,1.0,1.0,100.0,1.0,100.0
tree_000105.txt,0.0,0.0,100.0,0.0,100.0
ws_000105.txt,424.0,N/A,N/A,424.0,100.0
ba_000106.txt,515.0,515.0,100.0,515.0,100.0
er_000106.txt,162.0,162.0,100.0,162.0,100.0
grid_000106.txt,360.0,360.0,100.0,360.0,100.0
real_000106.txt,4.0,4.0,100.0,4.0,100.0
ws_000106.txt,98.0,N/A,N/A,98.0,100.0
ba_000107.txt,43.0,43.0,100.0,43.0,100.0
er_000107.txt,743.0,743.0,100.0,743.0,100.0
real_000107.txt,750.0,752.0,99.734,750.0,100.0
tree_000107.txt,0.0,0.0,100.0,0.0,100.0
ws_000107.txt,174.0,N/A,N/A,174.0,100.0
ba_000108.txt,132.0,132.0,100.0,132.0,100.0
er_000108.txt,416.0,422.0,98.5782,416.0,100.0
grid_000108.txt,785.0,785.0,100.0,786.0,99.8728
real_000108.txt,1.0,1.0,100.0,1.0,100.0
ws_000108.txt,218.0,N/A,N/A,218.0,100.0
ba_000109.txt,142.0,142.0,100.0,142.0,100.0
er_000109.txt,56.0,56.0,100.0,56.0,100.0
real_000109.txt,1.0,1.0,100.0,1.0,100.0
tree_000109.txt,0.0,0.0,100.0,0.0,100.0
ws_000109.txt,197.0,N/A,N/A,197.0,100.0
ba_000110.txt,365.0,365.0,100.0,365.0,100.0
er_000110.txt,438.0,438.0,100.0,438.0,100.0
grid_000110.txt,300.0,300.0,100.0,300.0,100.0
real_000110.txt,1.0,1.0,100.0,1.0,100.0
ws_000110.txt,95.0,N/A,N/A,95.0,100.0
ba_000111.txt,603.0,603.0,100.0,603.0,100.0
er_000111.txt,160.0,160.0,100.0,160.0,100.0
real_000111.txt,15.0,15.0,100.0,15.0,100.0
tree_000111.txt,0.0,0.0,100.0,0.0,100.0
ws_000111.txt,227.0,N/A,N/A,227.0,100.0
ba_000112.txt,109.0,109.0,100.0,109.0,100.0
er_000112.txt,747.0,747.0,100.0,747.0,100.0
grid_000112.txt,543.0,543.0,100.0,544.0,99.8162
real_000112.txt,8.0,8.0,100.0,8.0,100.0
ws_000112.txt,377.0,N/A,N/A,377.0,100.0
ba_000113.txt,63.0,63.0,100.0,63.0,100.0
er_000113.txt,612.0,612.0,100.0,612.0,100.0
real_000113.txt,8.0,8.0,100.0,8.0,100.0
tree_000113.txt,0.0,0.0,100.0,0.0,100.0
ws_000113.txt,421.0,N/A,N/A,421.0,100.0
ba_000114.txt,374.0,374.0,100.0,374.0,100.0
er_000114.txt,112.0,112.0,100.0,112.0,100.0
grid_000114.txt,502.0,502.0,100.0,503.0,99.8012
real_000114.txt,1.0,1.0,100.0,1.0,100.0
ws_000114.txt,128.0,N/A,N/A,128.0,100.0
ba_000115.txt,225.0,225.0,100.0,241.0,93.361
er_000115.txt,128.0,128.0,100.0,128.0,100.0
real_000115.txt,10.0,10.0,100.0,10.0,100.0
tree_000115.txt,0.0,0.0,100.0,0.0,100.0
ws_000115.txt,292.0,N/A,N/A,292.0,100.0
ba_000116.txt,206.0,206.0,100.0,209.0,98.5646
er_000116.txt,494.0,494.0,100.0,494.0,100.0
grid_000116.txt,434.0,434.0,100.0,435.0,99.7701
real_000116.txt,2592.0,2599.0,99.7307,2592.0,100.0
ws_000116.txt,330.0,N/A,N/A,330.0,100.0
ba_000117.txt,363.0,363.0,100.0,363.0,100.0
er_000117.txt,637.0,637.0,100.0,637.0,100.0
real_000117.txt,574.0,574.0,100.0,574.0,100.0
tree_000117.txt,0.0,0.0,100.0,0.0,100.0
ws_000117.txt,444.0,N/A,N/A,444.0,100.0
ba_000118.txt,340.0,340.0,100.0,340.0,100.0
er_000118.txt,121.0,121.0,100.0,121.0,100.0
grid_000118.txt,625.0,625.0,100.0,626.0,99.8403
real_000118.txt,1495.0,1495.0,100.0,1517.0,98.5498
ws_000118.txt,414.0,N/A,N/A,414.0,100.0
ba_000119.txt,381.0,381.0,100.0,381.0,100.0
er_000119.txt,851.0,851.0,100.0,851.0,100.0
real_000119.txt,2697.0,2697.0,100.0,2738.0,98.5026
tree_000119.txt,0.0,0.0,100.0,0.0,100.0
ws_000119.txt,143.0,N/A,N/A,143.0,100.0
ba_000120.txt,204.0,204.0,100.0,212.0,96.2264
er_000120.txt,830.0,830.0,100.0,830.0,100.0
grid_000120.txt,522.0,522.0,100.0,522.0,100.0
real_000120.txt,15.0,15.0,100.0,15.0,100.0
ws_000120.txt,266.0,N/A,N/A,266.0,100.0
ba_000121.txt,663.0,663.0,100.0,663.0,100.0
er_000121.txt,439.0,441.0,99.5465,439.0,100.0
real_000121.txt,2.0,2.0,100.0,2.0,100.0
tree_000121.txt,0.0,0.0,100.0,0.0,100.0
ws_000121.txt,104.0,N/A,N/A,104.0,100.0
ba_000122.txt,310.0,310.0,100.0,310.0,100.0
er_000122.txt,684.0,684.0,100.0,684.0,100.0
grid_000122.txt,427.0,427.0,100.0,427.0,100.0
real_000122.txt,519.0,522.0,99.4253,519.0,100.0
ws_000122.txt,453.0,N/A,N/A,453.0,100.0
ba_000123.txt,304.0,304.0,100.0,304.0,100.0
er_000123.txt,463.0,463.0,100.0,463.0,100.0
real_000123.txt,473.0,473.0,100.0,480.0,98.5417
tree_000123.txt,0.0,0.0,100.0,0.0,100.0
ws_000123.txt,204.0,N/A,N/A,204.0,100.0
ba_000124.txt,379.0,379.0,100.0,379.0,100.0
er_000124.txt,785.0,785.0,100.0,785.0,100.0
grid_000124.txt,487.0,490.0,99.3878,487.0,100.0
real_000124.txt,344.0,350.0,98.2857,344.0,100.0
ws_000124.txt,71.0,N/A,N/A,71.0,100.0
ba_000125.txt,695.0,695.0,100.0,695.0,100.0
er_000125.txt,217.0,218.0,99.5413,217.0,100.0
real_000125.txt,1827.0,1841.0,99.2395,1827.0,100.0
tree_000125.txt,0.0,0.0,100.0,0.0,100.0
ws_000125.txt,171.0,N/A,N/A,171.0,100.0
ba_000126.txt,28.0,28.0,100.0,28.0,100.0
er_000126.txt,724.0,724.0,100.0,724.0,100.0
grid_000126.txt,132.0,132.0,100.0,133.0,99.2481
real_000126.txt,7.0,7.0,100.0,7.0,100.0
ws_000126.txt,138.0,N/A,N/A,138.0,100.0
ba_000127.txt,122.0,122.0,100.0,128.0,95.3125
er_000127.txt,692.0,692.0,100.0,692.0,100.0
real_000127.txt,10.0,10.0,100.0,10.0,100.0
tree_000127.txt,0.0,0.0,100.0,0.0,100.0
ws_000127.txt,323.0,N/A,N/A,323.0,100.0
ba_000128.txt,98.0,98.0,100.0,98.0,100.0
er_000128.txt,615.0,615.0,100.0,615.0,100.0
grid_000128.txt,186.0,187.0,99.4652,186.0,100.0
real_000128.txt,1913.0,1913.0,100.0,1946.0,98.3042
ws_000128.txt,404.0,N/A,N/A,404.0,100.0
ba_000129.txt,450.0,450.0,100.0,450.0,100.0
er_000129.txt,915.0,915.0,100.0,915.0,100.0
real_000129.txt,1005.0,1021.0,98.4329,1005.0,100.0
tree_000129.txt,0.0,0.0,100.0,0.0,100.0
ws_000129.txt,97.0,N/A,N/A,97.0,100.0
ba_000130.txt,187.0,187.0,100.0,192.0,97.3958
er_000130.txt,410.0,410.0,100.0,410.0,100.0
grid_000130.txt,250.0,250.0,100.0,251.0,99.6016
real_000130.txt,15.0,15.0,100.0,15.0,100.0
ws_000130.txt,293.0,N/A,N/A,293.0,100.0
ba_000131.txt,44.0,45.0,97.7778,44.0,100.0
er_000131.txt,877.0,877.0,100.0,877.0,100.0
real_000131.txt,1.0,1.0,100.0,1.0,100.0
tree_000131.txt,0.0,0.0,100.0,0.0,100.0
ws_000131.txt,441.0,N/A,N/A,441.0,100.0
ba_000132.txt,336.0,336.0,100.0,336.0,100.0
er_000132.txt,768.0,768.0,100.0,768.0,100.0
grid_000132.txt,286.0,286.0,100.0,286.0,100.0
real_000132.txt,4.0,4.0,100.0,4.0,100.0
ws_000132.txt,92.0,N/A,N/A,92.0,100.0
ba_000133.txt,102.0,104.0,98.0769,102.0,100.0
er_000133.txt,152.0,152.0,100.0,152.0,100.0
real_000133.txt,11.0,11.0,100.0,11.0,100.0
tree_000133.txt,0.0,0.0,100.0,0.0,100.0
ws_000133.txt,263.0,N/A,N/A,263.0,100.0
ba_000134.txt,500.0,500.0,100.0,500.0,100.0
er_000134.txt,885.0,885.0,100.0,885.0,100.0
grid_000134.txt,132.0,133.0,99.2481,132.0,100.0
real_000134.txt,13.0,13.0,100.0,13.0,100.0
ws_000134.txt,419.0,N/A,N/A,419.0,100.0
ba_000135.txt,97.0,97.0,100.0,97.0,100.0
er_000135.txt,470.0,470.0,100.0,470.0,100.0
real_000135.txt,11.0,11.0,100.0,11.0,100.0
tree_000135.txt,0.0,0.0,100.0,0.0,100.0
ws_000135.txt,284.0,N/A,N/A,284.0,100.0
ba_000136.txt,184.0,184.0,100.0,186.0,98.9247
er_000136.txt,885.0,885.0,100.0,885.0,100.0
grid_000136.txt,220.0,221.0,99.5475,220.0,100.0
real_000136.txt,1.0,1.0,100.0,1.0,100.0
ws_000136.txt,308.0,N/A,N/A,308.0,100.0
ba_000137.txt,38.0,38.0,100.0,40.0,95.0
er_000137.txt,108.0,108.0,100.0,108.0,100.0
real_000137.txt,10.0,10.0,100.0,10.0,100.0
tree_000137.txt,0.0,0.0,100.0,0.0,100.0
ws_000137.txt,112.0,N/A,N/A,112.0,100.0
ba_000138.txt,103.0,103.0,100.0,105.0,98.0952
er_000138.txt,255.0,255.0,100.0,255.0,100.0
grid_000138.txt,113.0,114.0,99.1228,113.0,100.0
real_000138.txt,9.0,9.0,100.0,9.0,100.0
ws_000138.txt,54.0,N/A,N/A,54.0,100.0
ba_000139.txt,401.0,401.0,100.0,401.0,100.0
er_000139.txt,456.0,456.0,100.0,456.0,100.0
real_000139.txt,4072.0,4072.0,100.0,4091.0,99.5356
tree_000139.txt,0.0,0.0,100.0,0.0,100.0
ws_000139.txt,80.0,N/A,N/A,80.0,100.0
ba_000140.txt,70.0,70.0,100.0,70.0,100.0
er_000140.txt,303.0,304.0,99.6711,303.0,100.0
grid_000140.txt,313.0,314.0,99.6815,313.0,100.0
real_000140.txt,1.0,1.0,100.0,1.0,100.0
ws_000140.txt,71.0,N/A,N/A,71.0,100.0
ba_000141.txt,606.0,624.0,97.1154,606.0,100.0
er_000141.txt,261.0,267.0,97.7528,261.0,100.0
real_000141.txt,7.0,7.0,100.0,7.0,100.0
tree_000141.txt,0.0,0.0,100.0,0.0,100.0
ws_000141.txt,216.0,N/A,N/A,216.0,100.0
ba_000142.txt,224.0,224.0,100.0,224.0,100.0
er_000142.txt,920.0,920.0,100.0,920.0,100.0
grid_000142.txt,408.0,408.0,100.0,408.0,100.0
real_000142.txt,1.0,1.0,100.0,1.0,100.0
ws_000142.txt,304.0,N/A,N/A,304.0,100.0
ba_000143.txt,203.0,203.0,100.0,206.0,98.5437
er_000143.txt,773.0,773.0,100.0,773.0,100.0
real_000143.txt,2037.0,2037.0,100.0,2101.0,96.9538
tree_000143.txt,0.0,0.0,100.0,0.0,100.0
ws_000143.txt,337.0,N/A,N/A,337.0,100.0
ba_000144.txt,125.0,125.0,100.0,125.0,100.0
er_000144.txt,538.0,538.0,100.0,538.0,100.0
grid_000144.txt,72.0,72.0,100.0,72.0,100.0
real_000144.txt,1.0,1.0,100.0,1.0,100.0
ws_000144.txt,140.0,N/A,N/A,140.0,100.0
ba_000145.txt,285.0,285.0,100.0,285.0,100.0
er_000145.txt,175.0,175.0,100.0,175.0,100.0
real_000145.txt,1369.0,1369.0,100.0,1377.0,99.419
tree_000145.txt,0.0,0.0,100.0,0.0,100.0
ws_000145.txt,117.0,N/A,N/A,117.0,100.0
ba_000146.txt,149.0,149.0,100.0,190.0,78.4211
er_000146.txt,508.0,508.0,100.0,508.0,100.0
grid_000146.txt,368.0,369.0,99.729,368.0,100.0
real_000146.txt,2.0,2.0,100.0,2.0,100.0
ws_000146.txt,122.0,N/A,N/A,122.0,100.0
ba_000147.txt,45.0,45.0,100.0,46.0,97.8261
er_000147.txt,474.0,474.0,100.0,474.0,100.0
real_000147.txt,10.0,10.0,100.0,10.0,100.0
tree_000147.txt,0.0,0.0,100.0,0.0,100.0
ws_000147.txt,150.0,N/A,N/A,150.0,100.0
ba_000148.txt,149.0,149.0,100.0,149.0,100.0
er_000148.txt,402.0,402.0,100.0,402.0,100.0
grid_000148.txt,213.0,213.0,100.0,214.0,99.5327
real_000148.txt,1510.0,1510.0,100.0,1527.0,98.8867
ws_000148.txt,58.0,N/A,N/A,58.0,100.0
ba_000149.txt,139.0,139.0,100.0,140.0,99.2857
er_000149.txt,891.0,891.0,100.0,891.0,100.0
real_000149.txt,197.0,205.0,96.0976,197.0,100.0
tree_000149.txt,0.0,0.0,100.0,0.0,100.0
ws_000149.txt,453.0,N/A,N/A,453.0,100.0
ba_000150.txt,313.0,313.0,100.0,313.0,100.0
er_000150.txt,554.0,554.0,100.0,554.0,100.0
grid_000150.txt,369.0,370.0,99.7297,369.0,100.0
real_000150.txt,10.0,10.0,100.0,10.0,100.0
ws_000150.txt,327.0,N/A,N/A,327.0,100.0
ba_000151.txt,513.0,513.0,100.0,513.0,100.0
er_000151.txt,146.0,146.0,100.0,146.0,100.0
real_000151.txt,1854.0,1854.0,100.0,1854.0,100.0
tree_000151.txt,0.0,0.0,100.0,0.0,100.0
ws_000151.txt,253.0,N/A,N/A,253.0,100.0
ba_000152.txt,60.0,61.0,98.3607,60.0,100.0
er_000152.txt,471.0,474.0,99.3671,471.0,100.0
grid_000152.txt,445.0,445.0,100.0,446.0,99.7758
real_000152.txt,11.0,11.0,100.0,11.0,100.0
ws_000152.txt,445.0,N/A,N/A,445.0,100.0
ba_000153.txt,426.0,426.0,100.0,426.0,100.0
er_000153.txt,182.0,182.0,100.0,182.0,100.0
real_000153.txt,3859.0,3911.0,98.6704,3859.0,100.0
tree_000153.txt,0.0,0.0,100.0,0.0,100.0
ws_000153.txt,186.0,N/A,N/A,186.0,100.0
ba_000154.txt,137.0,137.0,100.0,156.0,87.8205
er_000154.txt,753.0,753.0,100.0,753.0,100.0
grid_000154.txt,208.0,208.0,100.0,208.0,100.0
real_000154.txt,2566.0,2566.0,100.0,2648.0,96.9033
ws_000154.txt,294.0,N/A,N/A,294.0,100.0
ba_000155.txt,44.0,44.0,100.0,45.0,97.7778
er_000155.txt,733.0,733.0,100.0,733.0,100.0
real_000155.txt,1397.0,1397.0,100.0,1406.0,99.3599
tree_000155.txt,0.0,0.0,100.0,0.0,100.0
ws_000155.txt,250.0,N/A,N/A,250.0,100.0
ba_000156.txt,92.0,92.0,100.0,97.0,94.8454
er_000156.txt,71.0,71.0,100.0,71.0,100.0
grid_000156.txt,73.0,73.0,100.0,74.0,98.6486
real_000156.txt,8.0,8.0,100.0,8.0,100.0
ws_000156.txt,246.0,N/A,N/A,246.0,100.0
ba_000157.txt,366.0,366.0,100.0,366.0,100.0
er_000157.txt,279.0,286.0,97.5524,279.0,100.0
real_000157.txt,342.0,342.0,100.0,344.0,99.4186
tree_000157.txt,0.0,0.0,100.0,0.0,100.0
ws_000157.txt,249.0,N/A,N/A,249.0,100.0
ba_000158.txt,290.0,290.0,100.0,290.0,100.0
er_000158.txt,370.0,370.0,100.0,370.0,100.0
grid_000158.txt,469.0,471.0,99.5754,469.0,100.0
real_000158.txt,519.0,519.0,100.0,534.0,97.191
ws_000158.txt,187.0,N/A,N/A,187.0,100.0
ba_000159.txt,366.0,366.0,100.0,366.0,100.0
er_000159.txt,386.0,386.0,100.0,386.0,100.0
real_000159.txt,469.0,469.0,100.0,471.0,99.5754
tree_000159.txt,0.0,0.0,100.0,0.0,100.0
ws_000159.txt,296.0,N/A,N/A,296.0,100.0
ba_000160.txt,300.0,300.0,100.0,300.0,100.0
er_000160.txt,686.0,687.0,99.8544,686.0,100.0
grid_000160.txt,339.0,341.0,99.4135,339.0,100.0
real_000160.txt,2.0,2.0,100.0,2.0,100.0
ws_000160.txt,374.0,N/A,N/A,374.0,100.0
ba_000161.txt,73.0,73.0,100.0,73.0,100.0
er_000161.txt,491.0,491.0,100.0,491.0,100.0
real_000161.txt,9.0,9.0,100.0,9.0,100.0
tree_000161.txt,0.0,0.0,100.0,0.0,100.0
ws_000161.txt,255.0,N/A,N/A,255.0,100.0
ba_000162.txt,121.0,121.0,100.0,121.0,100.0
er_000162.txt,624.0,624.0,100.0,624.0,100.0
grid_000162.txt,613.0,613.0,100.0,613.0,100.0
real_000162.txt,1495.0,1512.0,98.8757,1495.0,100.0
ws_000162.txt,236.0,N/A,N/A,236.0,100.0
ba_000163.txt,432.0,432.0,100.0,432.0,100.0
er_000163.txt,494.0,495.0,99.798,494.0,100.0
real_000163.txt,164.0,164.0,100.0,166.0,98.7952
tree_000163.txt,0.0,0.0,100.0,0.0,100.0
ws_000163.txt,159.0,N/A,N/A,159.0,100.0
ba_000164.txt,34.0,34.0,100.0,34.0,100.0
er_000164.txt,739.0,739.0,100.0,739.0,100.0
grid_000164.txt,490.0,490.0,100.0,490.0,100.0
real_000164.txt,8.0,8.0,100.0,8.0,100.0
ws_000164.txt,81.0,N/A,N/A,81.0,100.0
ba_000165.txt,600.0,600.0,100.0,600.0,100.0
er_000165.txt,715.0,715.0,100.0,715.0,100.0
real_000165.txt,310.0,310.0,100.0,313.0,99.0415
tree_000165.txt,0.0,0.0,100.0,0.0,100.0
ws_000165.txt,217.0,N/A,N/A,217.0,100.0
ba_000166.txt,272.0,272.0,100.0,272.0,100.0
er_000166.txt,73.0,73.0,100.0,74.0,98.6486
grid_000166.txt,86.0,87.0,98.8506,86.0,100.0
real_000166.txt,309.0,309.0,100.0,312.0,99.0385
ws_000166.txt,449.0,N/A,N/A,449.0,100.0
ba_000167.txt,46.0,46.0,100.0,46.0,100.0
er_000167.txt,523.0,523.0,100.0,523.0,100.0
real_000167.txt,1.0,1.0,100.0,1.0,100.0
tree_000167.txt,0.0,0.0,100.0,0.0,100.0
ws_000167.txt,196.0,N/A,N/A,196.0,100.0
ba_000168.txt,380.0,380.0,100.0,380.0,100.0
er_000168.txt,380.0,380.0,100.0,380.0,100.0
grid_000168.txt,305.0,306.0,99.6732,305.0,100.0
real_000168.txt,8.0,8.0,100.0,8.0,100.0
ws_000168.txt,53.0,N/A,N/A,53.0,100.0
ba_000169.txt,228.0,228.0,100.0,228.0,100.0
er_000169.txt,305.0,305.0,100.0,305.0,100.0
real_000169.txt,8.0,8.0,100.0,8.0,100.0
tree_000169.txt,0.0,0.0,100.0,0.0,100.0
ws_000169.txt,89.0,N/A,N/A,89.0,100.0
ba_000170.txt,342.0,342.0,100.0,342.0,100.0
er_000170.txt,540.0,540.0,100.0,540.0,100.0
grid_000170.txt,441.0,442.0,99.7738,441.0,100.0
real_000170.txt,9.0,9.0,100.0,9.0,100.0
ws_000170.txt,425.0,N/A,N/A,425.0,100.0
ba_000171.txt,66.0,66.0,100.0,66.0,100.0
er_000171.txt,126.0,126.0,100.0,126.0,100.0
real_000171.txt,54.0,54.0,100.0,57.0,94.7368
tree_000171.txt,0.0,0.0,100.0,0.0,100.0
ws_000171.txt,161.0,N/A,N/A,161.0,100.0
ba_000172.txt,617.0,617.0,100.0,617.0,100.0
er_000172.txt,742.0,742.0,100.0,742.0,100.0
grid_000172.txt,147.0,150.0,98.0,147.0,100.0
real_000172.txt,10.0,10.0,100.0,10.0,100.0
ws_000172.txt,431.0,N/A,N/A,431.0,100.0
ba_000173.txt,458.0,458.0,100.0,458.0,100.0
er_000173.txt,422.0,422.0,100.0,422.0,100.0
real_000173.txt,8.0,8.0,100.0,8.0,100.0
tree_000173.txt,0.0,0.0,100.0,0.0,100.0
ws_000173.txt,175.0,N/A,N/A,175.0,100.0
ba_000174.txt,452.0,452.0,100.0,452.0,100.0
er_000174.txt,520.0,520.0,100.0,520.0,100.0
grid_000174.txt,192.0,193.0,99.4819,192.0,100.0
real_000174.txt,2192.0,2192.0,100.0,2299.0,95.3458
ws_000174.txt,206.0,N/A,N/A,206.0,100.0
ba_000175.txt,395.0,395.0,100.0,395.0,100.0
er_000175.txt,620.0,620.0,100.0,620.0,100.0
real_000175.txt,1.0,1.0,100.0,1.0,100.0
tree_000175.txt,0.0,0.0,100.0,0.0,100.0
ws_000175.txt,219.0,N/A,N/A,219.0,100.0
ba_000176.txt,348.0,348.0,100.0,348.0,100.0
er_000176.txt,751.0,751.0,100.0,751.0,100.0
grid_000176.txt,210.0,210.0,100.0,210.0,100.0
real_000176.txt,8.0,8.0,100.0,8.0,100.0
ws_000176.txt,226.0,N/A,N/A,226.0,100.0
ba_000177.txt,307.0,307.0,100.0,307.0,100.0
er_000177.txt,274.0,274.0,100.0,274.0,100.0
real_000177.txt,879.0,910.0,96.5934,879.0,100.0
tree_000177.txt,0.0,0.0,100.0,0.0,100.0
ws_000177.txt,269.0,N/A,N/A,269.0,100.0
ba_000178.txt,251.0,251.0,100.0,251.0,100.0
er_000178.txt,302.0,302.0,100.0,302.0,100.0
grid_000178.txt,227.0,227.0,100.0,228.0,99.5614
real_000178.txt,169.0,169.0,100.0,177.0,95.4802
ws_000178.txt,350.0,N/A,N/A,350.0,100.0
ba_000179.txt,103.0,103.0,100.0,104.0,99.0385
er_000179.txt,566.0,566.0,100.0,566.0,100.0
real_000179.txt,8.0,8.0,100.0,8.0,100.0
tree_000179.txt,0.0,0.0,100.0,0.0,100.0
ws_000179.txt,208.0,N/A,N/A,208.0,100.0
ba_000180.txt,237.0,237.0,100.0,237.0,100.0
er_000180.txt,667.0,667.0,100.0,667.0,100.0
grid_000180.txt,239.0,239.0,100.0,239.0,100.0
real_000180.txt,8.0,8.0,100.0,8.0,100.0
ws_000180.txt,157.0,N/A,N/A,157.0,100.0
ba_000181.txt,375.0,375.0,100.0,375.0,100.0
er_000181.txt,790.0,790.0,100.0,790.0,100.0
real_000181.txt,79.0,80.0,98.75,79.0,100.0
tree_000181.txt,0.0,0.0,100.0,0.0,100.0
ws_000181.txt,379.0,N/A,N/A,379.0,100.0
ba_000182.txt,103.0,103.0,100.0,103.0,100.0
er_000182.txt,592.0,592.0,100.0,592.0,100.0
grid_000182.txt,261.0,261.0,100.0,261.0,100.0
real_000182.txt,15.0,15.0,100.0,15.0,100.0
ws_000182.txt,171.0,N/A,N/A,171.0,100.0
ba_000183.txt,454.0,454.0,100.0,454.0,100.0
er_000183.txt,297.0,298.0,99.6644,297.0,100.0
real_000183.txt,10.0,10.0,100.0,10.0,100.0
tree_000183.txt,0.0,0.0,100.0,0.0,100.0
ws_000183.txt,183.0,N/A,N/A,183.0,100.0
ba_000184.txt,124.0,124.0,100.0,127.0,97.6378
er_000184.txt,929.0,929.0,100.0,929.0,100.0
grid_000184.txt,230.0,230.0,100.0,231.0,99.5671
real_000184.txt,1.0,1.0,100.0,1.0,100.0
ws_000184.txt,86.0,N/A,N/A,86.0,100.0
ba_000185.txt,111.0,111.0,100.0,111.0,100.0
er_000185.txt,169.0,169.0,100.0,169.0,100.0
real_000185.txt,859.0,859.0,100.0,859.0,100.0
tree_000185.txt,0.0,0.0,100.0,0.0,100.0
ws_000185.txt,83.0,N/A,N/A,83.0,100.0
ba_000186.txt,80.0,80.0,100.0,80.0,100.0
er_000186.txt,931.0,931.0,100.0,931.0,100.0
grid_000186.txt,329.0,329.0,100.0,329.0,100.0
real_000186.txt,3887.0,3887.0,100.0,3919.0,99.1835
ws_000186.txt,467.0,N/A,N/A,467.0,100.0
ba_000187.txt,57.0,58.0,98.2759,57.0,100.0
er_000187.txt,910.0,910.0,100.0,910.0,100.0
real_000187.txt,336.0,336.0,100.0,338.0,99.4083
tree_000187.txt,0.0,0.0,100.0,0.0,100.0
ws_000187.txt,57.0,N/A,N/A,57.0,100.0
ba_000188.txt,272.0,272.0,100.0,272.0,100.0
er_000188.txt,750.0,750.0,100.0,750.0,100.0
grid_000188.txt,179.0,179.0,100.0,179.0,100.0
real_000188.txt,3201.0,3201.0,100.0,3232.0,99.0408
ws_000188.txt,407.0,N/A,N/A,407.0,100.0
ba_000189.txt,78.0,78.0,100.0,80.0,97.5
er_000189.txt,55.0,55.0,100.0,55.0,100.0
real_000189.txt,828.0,838.0,98.8067,828.0,100.0
tree_000189.txt,0.0,0.0,100.0,0.0,100.0
ws_000189.txt,354.0,N/A,N/A,354.0,100.0
ba_000190.txt,358.0,358.0,100.0,358.0,100.0
er_000190.txt,807.0,807.0,100.0,807.0,100.0
grid_000190.txt,308.0,310.0,99.3548,308.0,100.0
real_000190.txt,1.0,1.0,100.0,1.0,100.0
ws_000190.txt,280.0,N/A,N/A,280.0,100.0
ba_000191.txt,43.0,43.0,100.0,45.0,95.5556
er_000191.txt,174.0,174.0,100.0,174.0,100.0
real_000191.txt,8.0,8.0,100.0,8.0,100.0
tree_000191.txt,0.0,0.0,100.0,0.0,100.0
ws_000191.txt,61.0,N/A,N/A,61.0,100.0
ba_000192.txt,111.0,111.0,100.0,111.0,100.0
er_000192.txt,645.0,645.0,100.0,645.0,100.0
grid_000192.txt,602.0,602.0,100.0,602.0,100.0
real_000192.txt,2.0,2.0,100.0,2.0,100.0
ws_000192.txt,445.0,N/A,N/A,445.0,100.0
ba_000193.txt,223.0,223.0,100.0,238.0,93.6975
er_000193.txt,648.0,648.0,100.0,648.0,100.0
real_000193.txt,1.0,1.0,100.0,1.0,100.0
tree_000193.txt,0.0,0.0,100.0,0.0,100.0
ws_000193.txt,90.0,N/A,N/A,90.0,100.0
ba_000194.txt,78.0,78.0,100.0,79.0,98.7342
er_000194.txt,407.0,407.0,100.0,407.0,100.0
grid_000194.txt,220.0,221.0,99.5475,220.0,100.0
real_000194.txt,29.0,29.0,100.0,29.0,100.0
ws_000194.txt,169.0,N/A,N/A,169.0,100.0
ba_000195.txt,327.0,329.0,99.3921,327.0,100.0
er_000195.txt,226.0,226.0,100.0,226.0,100.0
real_000195.txt,29.0,29.0,100.0,29.0,100.0
tree_000195.txt,0.0,0.0,100.0,0.0,100.0
ws_000195.txt,59.0,N/A,N/A,59.0,100.0
ba_000196.txt,93.0,93.0,100.0,96.0,96.875
er_000196.txt,867.0,867.0,100.0,867.0,100.0
grid_000196.txt,96.0,97.0,98.9691,96.0,100.0
real_000196.txt,29.0,29.0,100.0,29.0,100.0
ws_000196.txt,440.0,N/A,N/A,440.0,100.0
ba_000197.txt,222.0,222.0,100.0,226.0,98.2301
er_000197.txt,520.0,520.0,100.0,520.0,100.0
real_000197.txt,273.0,273.0,100.0,274.0,99.635
tree_000197.txt,0.0,0.0,100.0,0.0,100.0
ws_000197.txt,419.0,N/A,N/A,419.0,100.0
ba_000198.txt,47.0,47.0,100.0,47.0,100.0
er_000198.txt,948.0,948.0,100.0,948.0,100.0
grid_000198.txt,229.0,229.0,100.0,230.0,99.5652
real_000198.txt,1604.0,1605.0,99.9377,1604.0,100.0
ws_000198.txt,72.0,N/A,N/A,72.0,100.0
ba_000199.txt,146.0,146.0,100.0,146.0,100.0
er_000199.txt,818.0,818.0,100.0,818.0,100.0
real_000199.txt,1339.0,1339.0,100.0,1343.0,99.7022
tree_000199.txt,0.0,0.0,100.0,0.0,100.0
ws_000199.txt,87.0,N/A,N/A,87.0,100.0
ba_000200.txt,104.0,104.0,100.0,106.0,98.1132
er_000200.txt,446.0,446.0,100.0,446.0,100.0
grid_000200.txt,358.0,358.0,100.0,358.0,100.0
real_000200.txt,4047.0,4047.0,100.0,4049.0,99.9506
ws_000200.txt,233.0,N/A,N/A,233.0,100.0
ba_000201.txt,17.0,17.0,100.0,18.0,94.4444
er_000201.txt,501.0,501.0,100.0,501.0,100.0
real_000201.txt,15.0,15.0,100.0,15.0,100.0
tree_000201.txt,0.0,0.0,100.0,0.0,100.0
ws_000201.txt,264.0,N/A,N/A,264.0,100.0
ba_000202.txt,128.0,128.0,100.0,128.0,100.0
er_000202.txt,429.0,429.0,100.0,429.0,100.0
grid_000202.txt,470.0,470.0,100.0,470.0,100.0
real_000202.txt,9.0,9.0,100.0,9.0,100.0
ws_000202.txt,372.0,N/A,N/A,372.0,100.0
ba_000203.txt,117.0,117.0,100.0,123.0,95.122
er_000203.txt,718.0,718.0,100.0,718.0,100.0
real_000203.txt,2.0,2.0,100.0,2.0,100.0
tree_000203.txt,0.0,0.0,100.0,0.0,100.0
ws_000203.txt,137.0,N/A,N/A,137.0,100.0
ba_000204.txt,660.0,660.0,100.0,660.0,100.0
er_000204.txt,115.0,115.0,100.0,115.0,100.0
grid_000204.txt,337.0,337.0,100.0,337.0,100.0
real_000204.txt,8.0,8.0,100.0,8.0,100.0
ws_000204.txt,95.0,N/A,N/A,95.0,100.0
ba_000205.txt,369.0,369.0,100.0,369.0,100.0
er_000205.txt,210.0,212.0,99.0566,210.0,100.0
real_000205.txt,10.0,10.0,100.0,10.0,100.0
tree_000205.txt,0.0,0.0,100.0,0.0,100.0
ws_000205.txt,417.0,N/A,N/A,417.0,100.0
ba_000206.txt,90.0,90.0,100.0,90.0,100.0
er_000206.txt,521.0,521.0,100.0,521.0,100.0
grid_000206.txt,231.0,231.0,100.0,231.0,100.0
real_000206.txt,1.0,1.0,100.0,1.0,100.0
ws_000206.txt,422.0,N/A,N/A,422.0,100.0
ba_000207.txt,67.0,67.0,100.0,72.0,93.0556
er_000207.txt,230.0,230.0,100.0,230.0,100.0
real_000207.txt,1.0,1.0,100.0,1.0,100.0
tree_000207.txt,0.0,0.0,100.0,0.0,100.0
ws_000207.txt,160.0,N/A,N/A,160.0,100.0
ba_000208.txt,80.0,80.0,100.0,80.0,100.0
er_000208.txt,383.0,383.0,100.0,383.0,100.0
grid_000208.txt,127.0,128.0,99.2188,127.0,100.0
real_000208.txt,1.0,1.0,100.0,1.0,100.0
ws_000208.txt,195.0,N/A,N/A,195.0,100.0
ba_000209.txt,51.0,51.0,100.0,51.0,100.0
er_000209.txt,205.0,206.0,99.5146,205.0,100.0
real_000209.txt,946.0,946.0,100.0,946.0,100.0
tree_000209.txt,0.0,0.0,100.0,0.0,100.0
ws_000209.txt,306.0,N/A,N/A,306.0,100.0
ba_000210.txt,299.0,299.0,100.0,299.0,100.0
er_000210.txt,610.0,610.0,100.0,610.0,100.0
grid_000210.txt,218.0,219.0,99.5434,218.0,100.0
real_000210.txt,1012.0,1012.0,100.0,1013.0,99.9013
ws_000210.txt,125.0,N/A,N/A,125.0,100.0
ba_000211.txt,265.0,265.0,100.0,265.0,100.0
er_000211.txt,217.0,219.0,99.0868,217.0,100.0
real_000211.txt,2.0,2.0,100.0,2.0,100.0
tree_000211.txt,0.0,0.0,100.0,0.0,100.0
ws_000211.txt,199.0,N/A,N/A,199.0,100.0
ba_000212.txt,541.0,541.0,100.0,541.0,100.0
er_000212.txt,191.0,191.0,100.0,191.0,100.0
grid_000212.txt,213.0,213.0,100.0,214.0,99.5327
real_000212.txt,556.0,556.0,100.0,559.0,99.4633
ws_000212.txt,413.0,N/A,N/A,413.0,100.0
ba_000213.txt,251.0,251.0,100.0,251.0,100.0
er_000213.txt,188.0,188.0,100.0,188.0,100.0
real_000213.txt,15.0,15.0,100.0,15.0,100.0
tree_000213.txt,0.0,0.0,100.0,0.0,100.0
ws_000213.txt,91.0,N/A,N/A,91.0,100.0
ba_000214.txt,283.0,283.0,100.0,283.0,100.0
er_000214.txt,279.0,281.0,99.2883,279.0,100.0
grid_000214.txt,572.0,572.0,100.0,574.0,99.6516
real_000214.txt,8.0,8.0,100.0,8.0,100.0
ws_000214.txt,408.0,N/A,N/A,408.0,100.0
ba_000215.txt,248.0,248.0,100.0,248.0,100.0
er_000215.txt,795.0,795.0,100.0,795.0,100.0
real_000215.txt,1.0,1.0,100.0,1.0,100.0
tree_000215.txt,0.0,0.0,100.0,0.0,100.0
ws_000215.txt,267.0,N/A,N/A,267.0,100.0
ba_000216.txt,211.0,211.0,100.0,211.0,100.0
er_000216.txt,379.0,379.0,100.0,379.0,100.0
grid_000216.txt,197.0,198.0,99.4949,197.0,100.0
real_000216.txt,13.0,13.0,100.0,13.0,100.0
ws_000216.txt,223.0,N/A,N/A,223.0,100.0
ba_000217.txt,74.0,74.0,100.0,74.0,100.0
er_000217.txt,700.0,700.0,100.0,700.0,100.0
real_000217.txt,1.0,1.0,100.0,1.0,100.0
tree_000217.txt,0.0,0.0,100.0,0.0,100.0
ws_000217.txt,422.0,N/A,N/A,422.0,100.0
ba_000218.txt,671.0,671.0,100.0,671.0,100.0
er_000218.txt,648.0,648.0,100.0,648.0,100.0
grid_000218.txt,178.0,178.0,100.0,178.0,100.0
real_000218.txt,1.0,1.0,100.0,1.0,100.0
ws_000218.txt,286.0,N/A,N/A,286.0,100.0
ba_000219.txt,548.0,548.0,100.0,548.0,100.0
er_000219.txt,671.0,671.0,100.0,671.0,100.0
real_000219.txt,1447.0,1447.0,100.0,1460.0,99.1096
tree_000219.txt,0.0,0.0,100.0,0.0,100.0
ws_000219.txt,153.0,N/A,N/A,153.0,100.0
ba_000220.txt,92.0,92.0,100.0,92.0,100.0
er_000220.txt,490.0,492.0,99.5935,490.0,100.0
grid_000220.txt,627.0,629.0,99.682,627.0,100.0
real_000220.txt,1397.0,1397.0,100.0,1406.0,99.3599
ws_000220.txt,161.0,N/A,N/A,161.0,100.0
ba_000221.txt,54.0,54.0,100.0,54.0,100.0
er_000221.txt,585.0,585.0,100.0,585.0,100.0
real_000221.txt,2753.0,2753.0,100.0,2780.0,99.0288
tree_000221.txt,0.0,0.0,100.0,0.0,100.0
ws_000221.txt,382.0,N/A,N/A,382.0,100.0
ba_000222.txt,445.0,445.0,100.0,445.0,100.0
er_000222.txt,869.0,869.0,100.0,869.0,100.0
grid_000222.txt,236.0,236.0,100.0,237.0,99.5781
real_000222.txt,3357.0,3357.0,100.0,3433.0,97.7862
ws_000222.txt,214.0,N/A,N/A,214.0,100.0
ba_000223.txt,21.0,21.0,100.0,23.0,91.3043
er_000223.txt,123.0,123.0,100.0,123.0,100.0
real_000223.txt,2861.0,2861.0,100.0,2904.0,98.5193
tree_000223.txt,0.0,0.0,100.0,0.0,100.0
ws_000223.txt,337.0,N/A,N/A,337.0,100.0
ba_000224.txt,142.0,142.0,100.0,142.0,100.0
er_000224.txt,950.0,950.0,100.0,950.0,100.0
grid_000224.txt,403.0,404.0,99.7525,403.0,100.0
real_000224.txt,4.0,4.0,100.0,4.0,100.0
ws_000224.txt,74.0,N/A,N/A,74.0,100.0
ba_000225.txt,69.0,69.0,100.0,69.0,100.0
er_000225.txt,912.0,912.0,100.0,912.0,100.0
real_000225.txt,1497.0,1509.0,99.2048,1497.0,100.0
tree_000225.txt,0.0,0.0,100.0,0.0,100.0
ws_000225.txt,159.0,N/A,N/A,159.0,100.0
ba_000226.txt,46.0,46.0,100.0,46.0,100.0
er_000226.txt,920.0,920.0,100.0,920.0,100.0
grid_000226.txt,74.0,74.0,100.0,74.0,100.0
real_000226.txt,13.0,13.0,100.0,13.0,100.0
ws_000226.txt,67.0,N/A,N/A,67.0,100.0
ba_000227.txt,427.0,427.0,100.0,427.0,100.0
er_000227.txt,64.0,64.0,100.0,64.0,100.0
real_000227.txt,318.0,318.0,100.0,333.0,95.4955
tree_000227.txt,0.0,0.0,100.0,0.0,100.0
ws_000227.txt,222.0,N/A,N/A,222.0,100.0
ba_000228.txt,433.0,433.0,100.0,433.0,100.0
er_000228.txt,790.0,790.0,100.0,790.0,100.0
grid_000228.txt,36.0,36.0,100.0,36.0,100.0
real_000228.txt,1451.0,1471.0,98.6404,1451.0,100.0
ws_000228.txt,252.0,N/A,N/A,252.0,100.0
ba_000229.txt,397.0,397.0,100.0,397.0,100.0
er_000229.txt,574.0,574.0,100.0,574.0,100.0
real_000229.txt,1213.0,1213.0,100.0,1213.0,100.0
tree_000229.txt,0.0,0.0,100.0,0.0,100.0
ws_000229.txt,456.0,N/A,N/A,456.0,100.0
ba_000230.txt,65.0,65.0,100.0,65.0,100.0
er_000230.txt,535.0,535.0,100.0,535.0,100.0
grid_000230.txt,109.0,109.0,100.0,109.0,100.0
real_000230.txt,7.0,7.0,100.0,7.0,100.0
ws_000230.txt,382.0,N/A,N/A,382.0,100.0
ba_000231.txt,247.0,247.0,100.0,247.0,100.0
er_000231.txt,408.0,408.0,100.0,408.0,100.0
real_000231.txt,29.0,29.0,100.0,29.0,100.0
tree_000231.txt,0.0,0.0,100.0,0.0,100.0
ws_000231.txt,86.0,N/A,N/A,86.0,100.0
ba_000232.txt,409.0,409.0,100.0,409.0,100.0
er_000232.txt,641.0,641.0,100.0,641.0,100.0
grid_000232.txt,349.0,349.0,100.0,349.0,100.0
real_000232.txt,2.0,2.0,100.0,2.0,100.0
ws_000232.txt,199.0,N/A,N/A,199.0,100.0
ba_000233.txt,31.0,31.0,100.0,31.0,100.0
er_000233.txt,715.0,715.0,100.0,715.0,100.0
real_000233.txt,2.0,2.0,100.0,2.0,100.0
tree_000233.txt,0.0,0.0,100.0,0.0,100.0
ws_000233.txt,315.0,N/A,N/A,315.0,100.0
ba_000234.txt,45.0,45.0,100.0,47.0,95.7447
er_000234.txt,490.0,490.0,100.0,490.0,100.0
grid_000234.txt,277.0,279.0,99.2832,277.0,100.0
real_000234.txt,10.0,10.0,100.0,10.0,100.0
ws_000234.txt,417.0,N/A,N/A,417.0,100.0
ba_000235.txt,45.0,45.0,100.0,45.0,100.0
er_000235.txt,874.0,874.0,100.0,874.0,100.0
real_000235.txt,2591.0,2591.0,100.0,2615.0,99.0822
tree_000235.txt,0.0,0.0,100.0,0.0,100.0
ws_000235.txt,348.0,N/A,N/A,348.0,100.0
ba_000236.txt,177.0,177.0,100.0,177.0,100.0
er_000236.txt,464.0,464.0,100.0,464.0,100.0
grid_000236.txt,397.0,398.0,99.7487,397.0,100.0
real_000236.txt,2.0,2.0,100.0,2.0,100.0
ws_000236.txt,121.0,N/A,N/A,121.0,100.0
ba_000237.txt,421.0,421.0,100.0,421.0,100.0
er_000237.txt,588.0,588.0,100.0,588.0,100.0
real_000237.txt,11.0,11.0,100.0,11.0,100.0
tree_000237.txt,0.0,0.0,100.0,0.0,100.0
ws_000237.txt,159.0,N/A,N/A,159.0,100.0
ba_000238.txt,132.0,132.0,100.0,133.0,99.2481
er_000238.txt,382.0,382.0,100.0,382.0,100.0
grid_000238.txt,185.0,185.0,100.0,185.0,100.0
real_000238.txt,2.0,2.0,100.0,2.0,100.0
ws_000238.txt,118.0,N/A,N/A,118.0,100.0
ba_000239.txt,716.0,716.0,100.0,716.0,100.0
er_000239.txt,120.0,120.0,100.0,120.0,100.0
real_000239.txt,9.0,9.0,100.0,9.0,100.0
tree_000239.txt,0.0,0.0,100.0,0.0,100.0
ws_000239.txt,388.0,N/A,N/A,388.0,100.0
ba_000240.txt,182.0,182.0,100.0,182.0,100.0
er_000240.txt,408.0,408.0,100.0,408.0,100.0
grid_000240.txt,399.0,400.0,99.75,399.0,100.0
real_000240.txt,2.0,2.0,100.0,2.0,100.0
ws_000240.txt,49.0,N/A,N/A,49.0,100.0
ba_000241.txt,589.0,589.0,100.0,589.0,100.0
er_000241.txt,434.0,434.0,100.0,434.0,100.0
real_000241.txt,11.0,11.0,100.0,11.0,100.0
tree_000241.txt,0.0,0.0,100.0,0.0,100.0
ws_000241.txt,355.0,N/A,N/A,355.0,100.0
ba_000242.txt,129.0,129.0,100.0,140.0,92.1429
er_000242.txt,858.0,858.0,100.0,858.0,100.0
grid_000242.txt,203.0,204.0,99.5098,203.0,100.0
real_000242.txt,7.0,7.0,100.0,7.0,100.0
ws_000242.txt,97.0,N/A,N/A,97.0,100.0
ba_000243.txt,418.0,418.0,100.0,418.0,100.0
er_000243.txt,157.0,157.0,100.0,157.0,100.0
real_000243.txt,2184.0,2184.0,100.0,2335.0,93.5332
tree_000243.txt,0.0,0.0,100.0,0.0,100.0
ws_000243.txt,368.0,N/A,N/A,368.0,100.0
ba_000244.txt,277.0,277.0,100.0,277.0,100.0
er_000244.txt,373.0,373.0,100.0,373.0,100.0
grid_000244.txt,365.0,365.0,100.0,365.0,100.0
real_000244.txt,4182.0,4182.0,100.0,4200.0,99.5714
ws_000244.txt,266.0,N/A,N/A,266.0,100.0
ba_000245.txt,18.0,18.0,100.0,18.0,100.0
er_000245.txt,259.0,261.0,99.2337,259.0,100.0
real_000245.txt,805.0,805.0,100.0,805.0,100.0
tree_000245.txt,0.0,0.0,100.0,0.0,100.0
ws_000245.txt,219.0,N/A,N/A,219.0,100.0
ba_000246.txt,169.0,169.0,100.0,169.0,100.0
er_000246.txt,585.0,585.0,100.0,585.0,100.0
grid_000246.txt,100.0,100.0,100.0,100.0,100.0
real_000246.txt,1.0,1.0,100.0,1.0,100.0
ws_000246.txt,147.0,N/A,N/A,147.0,100.0
ba_000247.txt,62.0,63.0,98.4127,62.0,100.0
er_000247.txt,570.0,570.0,100.0,570.0,100.0
real_000247.txt,1.0,1.0,100.0,1.0,100.0
tree_000247.txt,0.0,0.0,100.0,0.0,100.0
ws_000247.txt,163.0,N/A,N/A,163.0,100.0
ba_000248.txt,138.0,138.0,100.0,139.0,99.2806
er_000248.txt,145.0,145.0,100.0,145.0,100.0
grid_000248.txt,300.0,300.0,100.0,300.0,100.0
real_000248.txt,1.0,1.0,100.0,1.0,100.0
ws_000248.txt,455.0,N/A,N/A,455.0,100.0
ba_000249.txt,444.0,444.0,100.0,444.0,100.0
er_000249.txt,251.0,253.0,99.2095,251.0,100.0
real_000249.txt,11.0,11.0,100.0,11.0,100.0
tree_000249.txt,0.0,0.0,100.0,0.0,100.0
ws_000249.txt,110.0,N/A,N/A,110.0,100.0
ba_000250.txt,147.0,147.0,100.0,147.0,100.0
er_000250.txt,428.0,428.0,100.0,428.0,100.0
grid_000250.txt,248.0,249.0,99.5984,248.0,100.0
real_000250.txt,11.0,11.0,100.0,11.0,100.0
ws_000250.txt,439.0,N/A,N/A,439.0,100.0
ba_000251.txt,459.0,459.0,100.0,459.0,100.0
er_000251.txt,251.0,256.0,98.0469,251.0,100.0
real_000251.txt,10.0,10.0,100.0,10.0,100.0
tree_000251.txt,0.0,0.0,100.0,0.0,100.0
ws_000251.txt,206.0,N/A,N/A,206.0,100.0
ba_000252.txt,221.0,221.0,100.0,221.0,100.0
er_000252.txt,367.0,367.0,100.0,367.0,100.0
grid_000252.txt,251.0,252.0,99.6032,251.0,100.0
real_000252.txt,3361.0,3361.0,100.0,3411.0,98.5342
ws_000252.txt,408.0,N/A,N/A,408.0,100.0
ba_000253.txt,376.0,376.0,100.0,376.0,100.0
er_000253.txt,385.0,385.0,100.0,385.0,100.0
real_000253.txt,11.0,11.0,100.0,11.0,100.0
tree_000253.txt,0.0,0.0,100.0,0.0,100.0
ws_000253.txt,215.0,N/A,N/A,215.0,100.0
ba_000254.txt,351.0,351.0,100.0,351.0,100.0
er_000254.txt,855.0,855.0,100.0,855.0,100.0
grid_000254.txt,237.0,237.0,100.0,238.0,99.5798
real_000254.txt,13.0,13.0,100.0,13.0,100.0
ws_000254.txt,173.0,N/A,N/A,173.0,100.0
ba_000255.txt,114.0,114.0,100.0,123.0,92.6829
er_000255.txt,161.0,161.0,100.0,161.0,100.0
real_000255.txt,2.0,2.0,100.0,2.0,100.0
tree_000255.txt,0.0,0.0,100.0,0.0,100.0
ws_000255.txt,346.0,N/A,N/A,346.0,100.0
ba_000256.txt,98.0,107.0,91.5888,98.0,100.0
er_000256.txt,207.0,207.0,100.0,207.0,100.0
grid_000256.txt,223.0,224.0,99.5536,223.0,100.0
real_000256.txt,1.0,1.0,100.0,1.0,100.0
ws_000256.txt,280.0,N/A,N/A,280.0,100.0
ba_000257.txt,465.0,465.0,100.0,465.0,100.0
er_000257.txt,687.0,687.0,100.0,687.0,100.0
real_000257.txt,1423.0,1423.0,100.0,1489.0,95.5675
tree_000257.txt,0.0,0.0,100.0,0.0,100.0
ws_000257.txt,252.0,N/A,N/A,252.0,100.0
ba_000258.txt,32.0,32.0,100.0,32.0,100.0
er_000258.txt,624.0,624.0,100.0,624.0,100.0
grid_000258.txt,572.0,572.0,100.0,572.0,100.0
real_000258.txt,2.0,2.0,100.0,2.0,100.0
ws_000258.txt,256.0,N/A,N/A,256.0,100.0
ba_000259.txt,200.0,200.0,100.0,200.0,100.0
er_000259.txt,881.0,881.0,100.0,881.0,100.0
real_000259.txt,1162.0,1162.0,100.0,1175.0,98.8936
tree_000259.txt,0.0,0.0,100.0,0.0,100.0
ws_000259.txt,345.0,N/A,N/A,345.0,100.0
ba_000260.txt,682.0,682.0,100.0,682.0,100.0
er_000260.txt,32.0,32.0,100.0,32.0,100.0
grid_000260.txt,493.0,493.0,100.0,493.0,100.0
real_000260.txt,29.0,29.0,100.0,29.0,100.0
ws_000260.txt,277.0,N/A,N/A,277.0,100.0
ba_000261.txt,161.0,161.0,100.0,190.0,84.7368
er_000261.txt,61.0,61.0,100.0,61.0,100.0
real_000261.txt,2.0,2.0,100.0,2.0,100.0
tree_000261.txt,0.0,0.0,100.0,0.0,100.0
ws_000261.txt,226.0,N/A,N/A,226.0,100.0
ba_000262.txt,90.0,90.0,100.0,90.0,100.0
er_000262.txt,272.0,277.0,98.1949,272.0,100.0
grid_000262.txt,104.0,104.0,100.0,104.0,100.0
real_000262.txt,8.0,8.0,100.0,8.0,100.0
ws_000262.txt,144.0,N/A,N/A,144.0,100.0
ba_000263.txt,281.0,281.0,100.0,281.0,100.0
er_000263.txt,394.0,394.0,100.0,394.0,100.0
real_000263.txt,2.0,2.0,100.0,2.0,100.0
tree_000263.txt,0.0,0.0,100.0,0.0,100.0
ws_000263.txt,185.0,N/A,N/A,185.0,100.0
ba_000264.txt,326.0,326.0,100.0,326.0,100.0
er_000264.txt,478.0,478.0,100.0,478.0,100.0
grid_000264.txt,51.0,51.0,100.0,51.0,100.0
real_000264.txt,2.0,2.0,100.0,2.0,100.0
ws_000264.txt,429.0,N/A,N/A,429.0,100.0
ba_000265.txt,141.0,141.0,100.0,159.0,88.6792
er_000265.txt,774.0,774.0,100.0,774.0,100.0
real_000265.txt,1.0,1.0,100.0,1.0,100.0
tree_000265.txt,0.0,0.0,100.0,0.0,100.0
ws_000265.txt,266.0,N/A,N/A,266.0,100.0
ba_000266.txt,536.0,536.0,100.0,541.0,99.0758
er_000266.txt,646.0,646.0,100.0,646.0,100.0
grid_000266.txt,184.0,184.0,100.0,185.0,99.4595
real_000266.txt,13.0,13.0,100.0,13.0,100.0
ws_000266.txt,414.0,N/A,N/A,414.0,100.0
ba_000267.txt,283.0,283.0,100.0,283.0,100.0
er_000267.txt,750.0,750.0,100.0,750.0,100.0
real_000267.txt,13.0,13.0,100.0,13.0,100.0
tree_000267.txt,0.0,0.0,100.0,0.0,100.0
ws_000267.txt,336.0,N/A,N/A,336.0,100.0
ba_000268.txt,229.0,233.0,98.2833,229.0,100.0
er_000268.txt,625.0,625.0,100.0,625.0,100.0
grid_000268.txt,226.0,226.0,100.0,226.0,100.0
real_000268.txt,10.0,10.0,100.0,10.0,100.0
ws_000268.txt,454.0,N/A,N/A,454.0,100.0
ba_000269.txt,132.0,132.0,100.0,133.0,99.2481
er_000269.txt,432.0,432.0,100.0,432.0,100.0
real_000269.txt,8.0,8.0,100.0,8.0,100.0
tree_000269.txt,0.0,0.0,100.0,0.0,100.0
ws_000269.txt,125.0,N/A,N/A,125.0,100.0
ba_000270.txt,55.0,55.0,100.0,55.0,100.0
er_000270.txt,773.0,773.0,100.0,773.0,100.0
grid_000270.txt,437.0,439.0,99.5444,437.0,100.0
real_000270.txt,15.0,15.0,100.0,15.0,100.0
ws_000270.txt,100.0,N/A,N/A,100.0,100.0
ba_000271.txt,372.0,372.0,100.0,372.0,100.0
er_000271.txt,591.0,591.0,100.0,591.0,100.0
real_000271.txt,1669.0,1682.0,99.2271,1669.0,100.0
tree_000271.txt,0.0,0.0,100.0,0.0,100.0
ws_000271.txt,413.0,N/A,N/A,413.0,100.0
ba_000272.txt,36.0,36.0,100.0,38.0,94.7368
er_000272.txt,626.0,626.0,100.0,626.0,100.0
grid_000272.txt,717.0,718.0,99.8607,717.0,100.0
real_000272.txt,1283.0,1283.0,100.0,1329.0,96.5388
ws_000272.txt,402.0,N/A,N/A,402.0,100.0
ba_000273.txt,226.0,226.0,100.0,226.0,100.0
er_000273.txt,403.0,403.0,100.0,403.0,100.0
real_000273.txt,1789.0,1789.0,100.0,1791.0,99.8883
tree_000273.txt,0.0,0.0,100.0,0.0,100.0
ws_000273.txt,112.0,N/A,N/A,112.0,100.0
ba_000274.txt,34.0,35.0,97.1429,34.0,100.0
er_000274.txt,642.0,642.0,100.0,642.0,100.0
grid_000274.txt,176.0,177.0,99.435,176.0,100.0
real_000274.txt,15.0,15.0,100.0,15.0,100.0
ws_000274.txt,168.0,N/A,N/A,168.0,100.0
ba_000275.txt,38.0,38.0,100.0,38.0,100.0
er_000275.txt,686.0,686.0,100.0,686.0,100.0
real_000275.txt,10.0,10.0,100.0,10.0,100.0
tree_000275.txt,0.0,0.0,100.0,0.0,100.0
ws_000275.txt,310.0,N/A,N/A,310.0,100.0
ba_000276.txt,53.0,53.0,100.0,53.0,100.0
er_000276.txt,174.0,174.0,100.0,174.0,100.0
grid_000276.txt,434.0,434.0,100.0,435.0,99.7701
real_000276.txt,4.0,4.0,100.0,4.0,100.0
ws_000276.txt,159.0,N/A,N/A,159.0,100.0
ba_000277.txt,60.0,60.0,100.0,61.0,98.3607
er_000277.txt,629.0,629.0,100.0,629.0,100.0
real_000277.txt,1.0,1.0,100.0,1.0,100.0
tree_000277.txt,0.0,0.0,100.0,0.0,100.0
ws_000277.txt,153.0,N/A,N/A,153.0,100.0
ba_000278.txt,329.0,329.0,100.0,329.0,100.0
er_000278.txt,846.0,846.0,100.0,846.0,100.0
grid_000278.txt,149.0,149.0,100.0,149.0,100.0
real_000278.txt,1153.0,1155.0,99.8268,1153.0,100.0
ws_000278.txt,456.0,N/A,N/A,456.0,100.0
ba_000279.txt,86.0,86.0,100.0,86.0,100.0
er_000279.txt,390.0,390.0,100.0,390.0,100.0
real_000279.txt,437.0,437.0,100.0,445.0,98.2022
tree_000279.txt,0.0,0.0,100.0,0.0,100.0
ws_000279.txt,156.0,N/A,N/A,156.0,100.0
ba_000280.txt,364.0,364.0,100.0,364.0,100.0
er_000280.txt,884.0,884.0,100.0,884.0,100.0
grid_000280.txt,653.0,653.0,100.0,653.0,100.0
real_000280.txt,13.0,13.0,100.0,13.0,100.0
ws_000280.txt,295.0,N/A,N/A,295.0,100.0
ba_000281.txt,290.0,290.0,100.0,290.0,100.0
er_000281.txt,409.0,409.0,100.0,409.0,100.0
real_000281.txt,934.0,939.0,99.4675,934.0,100.0
tree_000281.txt,0.0,0.0,100.0,0.0,100.0
ws_000281.txt,250.0,N/A,N/A,250.0,100.0
ba_000282.txt,195.0,195.0,100.0,200.0,97.5
er_000282.txt,465.0,465.0,100.0,465.0,100.0
grid_000282.txt,160.0,160.0,100.0,161.0,99.3789
real_000282.txt,979.0,986.0,99.2901,979.0,100.0
ws_000282.txt,310.0,N/A,N/A,310.0,100.0
ba_000283.txt,704.0,704.0,100.0,704.0,100.0
er_000283.txt,664.0,664.0,100.0,664.0,100.0
real_000283.txt,13.0,13.0,100.0,13.0,100.0
tree_000283.txt,0.0,0.0,100.0,0.0,100.0
ws_000283.txt,151.0,N/A,N/A,151.0,100.0
ba_000284.txt,331.0,331.0,100.0,331.0,100.0
er_000284.txt,833.0,833.0,100.0,833.0,100.0
grid_000284.txt,197.0,197.0,100.0,197.0,100.0
real_000284.txt,8.0,8.0,100.0,8.0,100.0
ws_000284.txt,276.0,N/A,N/A,276.0,100.0
ba_000285.txt,387.0,387.0,100.0,387.0,100.0
er_000285.txt,525.0,525.0,100.0,525.0,100.0
real_000285.txt,1378.0,1401.0,98.3583,1378.0,100.0
tree_000285.txt,0.0,0.0,100.0,0.0,100.0
ws_000285.txt,61.0,N/A,N/A,61.0,100.0
ba_000286.txt,428.0,428.0,100.0,428.0,100.0
er_000286.txt,149.0,149.0,100.0,149.0,100.0
grid_000286.txt,178.0,178.0,100.0,178.0,100.0
real_000286.txt,1338.0,1338.0,100.0,1427.0,93.7631
ws_000286.txt,314.0,N/A,N/A,314.0,100.0
ba_000287.txt,40.0,40.0,100.0,40.0,100.0
er_000287.txt,267.0,267.0,100.0,267.0,100.0
real_000287.txt,11.0,11.0,100.0,11.0,100.0
tree_000287.txt,0.0,0.0,100.0,0.0,100.0
ws_000287.txt,57.0,N/A,N/A,57.0,100.0
ba_000288.txt,180.0,180.0,100.0,180.0,100.0
er_000288.txt,805.0,805.0,100.0,805.0,100.0
grid_000288.txt,494.0,494.0,100.0,496.0,99.5968
real_000288.txt,67.0,67.0,100.0,67.0,100.0
ws_000288.txt,198.0,N/A,N/A,198.0,100.0
ba_000289.txt,419.0,419.0,100.0,419.0,100.0
er_000289.txt,167.0,167.0,100.0,167.0,100.0
real_000289.txt,1.0,1.0,100.0,1.0,100.0
tree_000289.txt,0.0,0.0,100.0,0.0,100.0
ws_000289.txt,273.0,N/A,N/A,273.0,100.0
ba_000290.txt,22.0,22.0,100.0,22.0,100.0
er_000290.txt,750.0,750.0,100.0,750.0,100.0
grid_000290.txt,489.0,490.0,99.7959,489.0,100.0
real_000290.txt,10.0,10.0,100.0,10.0,100.0
ws_000290.txt,117.0,N/A,N/A,117.0,100.0
ba_000291.txt,148.0,148.0,100.0,172.0,86.0465
er_000291.txt,512.0,512.0,100.0,512.0,100.0
real_000291.txt,2.0,2.0,100.0,2.0,100.0
tree_000291.txt,0.0,0.0,100.0,0.0,100.0
ws_000291.txt,171.0,N/A,N/A,171.0,100.0
ba_000292.txt,433.0,433.0,100.0,433.0,100.0
er_000292.txt,95.0,95.0,100.0,95.0,100.0
grid_000292.txt,223.0,223.0,100.0,223.0,100.0
real_000292.txt,1.0,1.0,100.0,1.0,100.0
ws_000292.txt,118.0,N/A,N/A,118.0,100.0
ba_000293.txt,447.0,449.0,99.5546,447.0,100.0
er_000293.txt,55.0,55.0,100.0,55.0,100.0
real_000293.txt,7.0,7.0,100.0,7.0,100.0
tree_000293.txt,0.0,0.0,100.0,0.0,100.0
ws_000293.txt,45.0,N/A,N/A,45.0,100.0
ba_000294.txt,358.0,358.0,100.0,358.0,100.0
er_000294.txt,404.0,404.0,100.0,404.0,100.0
grid_000294.txt,413.0,413.0,100.0,413.0,100.0
real_000294.txt,1976.0,2023.0,97.6767,1976.0,100.0
ws_000294.txt,213.0,N/A,N/A,213.0,100.0
ba_000295.txt,112.0,112.0,100.0,114.0,98.2456
er_000295.txt,387.0,387.0,100.0,387.0,100.0
real_000295.txt,1.0,1.0,100.0,1.0,100.0
tree_000295.txt,0.0,0.0,100.0,0.0,100.0
ws_000295.txt,421.0,N/A,N/A,421.0,100.0
ba_000296.txt,166.0,166.0,100.0,188.0,88.2979
er_000296.txt,570.0,570.0,100.0,570.0,100.0
grid_000296.txt,328.0,329.0,99.696,328.0,100.0
real_000296.txt,9.0,9.0,100.0,9.0,100.0
ws_000296.txt,451.0,N/A,N/A,451.0,100.0
ba_000297.txt,187.0,187.0,100.0,188.0,99.4681
er_000297.txt,393.0,393.0,100.0,393.0,100.0
real_000297.txt,915.0,916.0,99.8908,915.0,100.0
tree_000297.txt,0.0,0.0,100.0,0.0,100.0
ws_000297.txt,55.0,N/A,N/A,55.0,100.0
ba_000298.txt,335.0,335.0,100.0,335.0,100.0
er_000298.txt,735.0,735.0,100.0,735.0,100.0
grid_000298.txt,353.0,354.0,99.7175,353.0,100.0
real_000298.txt,8.0,8.0,100.0,8.0,100.0
ws_000298.txt,60.0,N/A,N/A,60.0,100.0
ba_000299.txt,349.0,349.0,100.0,349.0,100.0
er_000299.txt,433.0,433.0,100.0,433.0,100.0
real_000299.txt,1.0,1.0,100.0,1.0,100.0
tree_000299.txt,0.0,0.0,100.0,0.0,100.0
ws_000299.txt,110.0,N/A,N/A,110.0,100.0
ba_000300.txt,468.0,468.0,100.0,468.0,100.0
er_000300.txt,177.0,177.0,100.0,177.0,100.0
grid_000300.txt,145.0,146.0,99.3151,145.0,100.0
real_000300.txt,2.0,2.0,100.0,2.0,100.0
ws_000300.txt,444.0,N/A,N/A,444.0,100.0
ba_000301.txt,149.0,149.0,100.0,158.0,94.3038
er_000301.txt,853.0,853.0,100.0,853.0,100.0
real_000301.txt,9.0,9.0,100.0,9.0,100.0
tree_000301.txt,0.0,0.0,100.0,0.0,100.0
ws_000301.txt,255.0,N/A,N/A,255.0,100.0
ba_000302.txt,252.0,252.0,100.0,252.0,100.0
er_000302.txt,720.0,720.0,100.0,720.0,100.0
grid_000302.txt,100.0,102.0,98.0392,100.0,100.0
real_000302.txt,11.0,11.0,100.0,11.0,100.0
ws_000302.txt,136.0,N/A,N/A,136.0,100.0
ba_000303.txt,210.0,210.0,100.0,210.0,100.0
er_000303.txt,233.0,236.0,98.7288,233.0,100.0
real_000303.txt,7.0,7.0,100.0,7.0,100.0
tree_000303.txt,0.0,0.0,100.0,0.0,100.0
ws_000303.txt,106.0,N/A,N/A,106.0,100.0
ba_000304.txt,99.0,99.0,100.0,99.0,100.0
er_000304.txt,15.0,15.0,100.0,15.0,100.0
grid_000304.txt,74.0,74.0,100.0,74.0,100.0
real_000304.txt,29.0,29.0,100.0,29.0,100.0
ws_000304.txt,106.0,N/A,N/A,106.0,100.0
ba_000305.txt,39.0,39.0,100.0,39.0,100.0
er_000305.txt,851.0,851.0,100.0,851.0,100.0
real_000305.txt,871.0,871.0,100.0,874.0,99.6568
tree_000305.txt,0.0,0.0,100.0,0.0,100.0
ws_000305.txt,77.0,N/A,N/A,77.0,100.0
ba_000306.txt,116.0,116.0,100.0,116.0,100.0
er_000306.txt,807.0,807.0,100.0,807.0,100.0
grid_000306.txt,368.0,368.0,100.0,368.0,100.0
real_000306.txt,2.0,2.0,100.0,2.0,100.0
ws_000306.txt,259.0,N/A,N/A,259.0,100.0
ba_000307.txt,133.0,133.0,100.0,133.0,100.0
er_000307.txt,69.0,69.0,100.0,71.0,97.1831
real_000307.txt,1.0,1.0,100.0,1.0,100.0
tree_000307.txt,0.0,0.0,100.0,0.0,100.0
ws_000307.txt,128.0,N/A,N/A,128.0,100.0
ba_000308.txt,507.0,507.0,100.0,507.0,100.0
er_000308.txt,404.0,404.0,100.0,404.0,100.0
grid_000308.txt,570.0,570.0,100.0,571.0,99.8249
real_000308.txt,1.0,1.0,100.0,1.0,100.0
ws_000308.txt,406.0,N/A,N/A,406.0,100.0
ba_000309.txt,214.0,214.0,100.0,214.0,100.0
er_000309.txt,452.0,452.0,100.0,452.0,100.0
real_000309.txt,1148.0,1148.0,100.0,1231.0,93.2575
tree_000309.txt,0.0,0.0,100.0,0.0,100.0
ws_000309.txt,367.0,N/A,N/A,367.0,100.0
ba_000310.txt,414.0,414.0,100.0,414.0,100.0
er_000310.txt,408.0,408.0,100.0,408.0,100.0
grid_000310.txt,210.0,210.0,100.0,210.0,100.0
real_000310.txt,29.0,29.0,100.0,29.0,100.0
ws_000310.txt,81.0,N/A,N/A,81.0,100.0
ba_000311.txt,162.0,162.0,100.0,162.0,100.0
er_000311.txt,159.0,159.0,100.0,159.0,100.0
real_000311.txt,8.0,8.0,100.0,8.0,100.0
tree_000311.txt,0.0,0.0,100.0,0.0,100.0
ws_000311.txt,229.0,N/A,N/A,229.0,100.0
ba_000312.txt,380.0,380.0,100.0,380.0,100.0
er_000312.txt,716.0,716.0,100.0,716.0,100.0
grid_000312.txt,214.0,214.0,100.0,214.0,100.0
real_000312.txt,1623.0,1623.0,100.0,1659.0,97.83
ws_000312.txt,231.0,N/A,N/A,231.0,100.0
ba_000313.txt,311.0,311.0,100.0,311.0,100.0
er_000313.txt,334.0,334.0,100.0,334.0,100.0
real_000313.txt,13.0,13.0,100.0,13.0,100.0
tree_000313.txt,0.0,0.0,100.0,0.0,100.0
ws_000313.txt,324.0,N/A,N/A,324.0,100.0
ba_000314.txt,15.0,16.0,93.75,15.0,100.0
er_000314.txt,16.0,16.0,100.0,16.0,100.0
grid_000314.txt,381.0,382.0,99.7382,381.0,100.0
real_000314.txt,1501.0,1501.0,100.0,1508.0,99.5358
ws_000314.txt,371.0,N/A,N/A,371.0,100.0
ba_000315.txt,91.0,91.0,100.0,91.0,100.0
er_000315.txt,128.0,128.0,100.0,128.0,100.0
real_000315.txt,2.0,2.0,100.0,2.0,100.0
tree_000315.txt,0.0,0.0,100.0,0.0,100.0
ws_000315.txt,434.0,N/A,N/A,434.0,100.0
ba_000316.txt,147.0,147.0,100.0,166.0,88.5542
er_000316.txt,759.0,759.0,100.0,759.0,100.0
grid_000316.txt,235.0,235.0,100.0,236.0,99.5763
real_000316.txt,8.0,8.0,100.0,8.0,100.0
ws_000316.txt,157.0,N/A,N/A,157.0,100.0
ba_000317.txt,334.0,334.0,100.0,334.0,100.0
er_000317.txt,680.0,680.0,100.0,680.0,100.0
real_000317.txt,9.0,9.0,100.0,9.0,100.0
tree_000317.txt,0.0,0.0,100.0,0.0,100.0
ws_000317.txt,213.0,N/A,N/A,213.0,100.0
ba_000318.txt,272.0,272.0,100.0,272.0,100.0
er_000318.txt,140.0,140.0,100.0,140.0,100.0
grid_000318.txt,169.0,170.0,99.4118,169.0,100.0
real_000318.txt,10.0,10.0,100.0,10.0,100.0
ws_000318.txt,159.0,N/A,N/A,159.0,100.0
ba_000319.txt,58.0,58.0,100.0,58.0,100.0
er_000319.txt,526.0,526.0,100.0,526.0,100.0
real_000319.txt,2396.0,2396.0,100.0,2439.0,98.237
tree_000319.txt,0.0,0.0,100.0,0.0,100.0
ws_000319.txt,85.0,N/A,N/A,85.0,100.0
ba_000320.txt,343.0,343.0,100.0,343.0,100.0
er_000320.txt,691.0,691.0,100.0,691.0,100.0
grid_000320.txt,483.0,483.0,100.0,484.0,99.7934
real_000320.txt,1127.0,1128.0,99.9113,1127.0,100.0
ws_000320.txt,156.0,N/A,N/A,156.0,100.0
ba_000321.txt,160.0,160.0,100.0,173.0,92.4855
er_000321.txt,325.0,325.0,100.0,325.0,100.0
real_000321.txt,15.0,15.0,100.0,15.0,100.0
tree_000321.txt,0.0,0.0,100.0,0.0,100.0
ws_000321.txt,269.0,N/A,N/A,269.0,100.0
ba_000322.txt,268.0,268.0,100.0,268.0,100.0
er_000322.txt,360.0,360.0,100.0,360.0,100.0
grid_000322.txt,261.0,261.0,100.0,261.0,100.0
real_000322.txt,2389.0,2389.0,100.0,2437.0,98.0304
ws_000322.txt,171.0,N/A,N/A,171.0,100.0
ba_000323.txt,338.0,338.0,100.0,338.0,100.0
er_000323.txt,782.0,782.0,100.0,782.0,100.0
real_000323.txt,582.0,584.0,99.6575,582.0,100.0
tree_000323.txt,0.0,0.0,100.0,0.0,100.0
ws_000323.txt,163.0,N/A,N/A,163.0,100.0
ba_000324.txt,554.0,554.0,100.0,554.0,100.0
er_000324.txt,37.0,37.0,100.0,37.0,100.0
grid_000324.txt,97.0,97.0,100.0,97.0,100.0
real_000324.txt,7.0,7.0,100.0,7.0,100.0
ws_000324.txt,331.0,N/A,N/A,331.0,100.0
ba_000325.txt,285.0,285.0,100.0,285.0,100.0
er_000325.txt,327.0,334.0,97.9042,327.0,100.0
real_000325.txt,13.0,13.0,100.0,13.0,100.0
tree_000325.txt,0.0,0.0,100.0,0.0,100.0
ws_000325.txt,399.0,N/A,N/A,399.0,100.0
ba_000326.txt,77.0,77.0,100.0,78.0,98.7179
er_000326.txt,344.0,346.0,99.422,344.0,100.0
grid_000326.txt,277.0,279.0,99.2832,277.0,100.0
real_000326.txt,1020.0,1030.0,99.0291,1020.0,100.0
ws_000326.txt,287.0,N/A,N/A,287.0,100.0
ba_000327.txt,130.0,130.0,100.0,130.0,100.0
er_000327.txt,111.0,111.0,100.0,111.0,100.0
real_000327.txt,2.0,2.0,100.0,2.0,100.0
tree_000327.txt,0.0,0.0,100.0,0.0,100.0
ws_000327.txt,75.0,N/A,N/A,75.0,100.0
ba_000328.txt,133.0,133.0,100.0,137.0,97.0803
er_000328.txt,866.0,866.0,100.0,866.0,100.0
grid_000328.txt,329.0,329.0,100.0,330.0,99.697
real_000328.txt,8.0,8.0,100.0,8.0,100.0
ws_000328.txt,329.0,N/A,N/A,329.0,100.0
ba_000329.txt,515.0,515.0,100.0,515.0,100.0
er_000329.txt,25.0,25.0,100.0,25.0,100.0
real_000329.txt,597.0,597.0,100.0,599.0,99.6661
tree_000329.txt,0.0,0.0,100.0,0.0,100.0
ws_000329.txt,201.0,N/A,N/A,201.0,100.0
ba_000330.txt,100.0,102.0,98.0392,100.0,100.0
er_000330.txt,876.0,876.0,100.0,876.0,100.0
grid_000330.txt,162.0,162.0,100.0,166.0,97.5904
real_000330.txt,1.0,1.0,100.0,1.0,100.0
ws_000330.txt,396.0,N/A,N/A,396.0,100.0
ba_000331.txt,203.0,203.0,100.0,205.0,99.0244
er_000331.txt,608.0,608.0,100.0,608.0,100.0
real_000331.txt,11.0,11.0,100.0,11.0,100.0
tree_000331.txt,0.0,0.0,100.0,0.0,100.0
ws_000331.txt,79.0,N/A,N/A,79.0,100.0
ba_000332.txt,384.0,384.0,100.0,384.0,100.0
er_000332.txt,786.0,786.0,100.0,786.0,100.0
grid_000332.txt,134.0,134.0,100.0,135.0,99.2593
real_000332.txt,1.0,1.0,100.0,1.0,100.0
ws_000332.txt,210.0,N/A,N/A,210.0,100.0
ba_000333.txt,115.0,119.0,96.6387,115.0,100.0
er_000333.txt,312.0,312.0,100.0,312.0,100.0
real_000333.txt,15.0,15.0,100.0,15.0,100.0
tree_000333.txt,0.0,0.0,100.0,0.0,100.0
ws_000333.txt,390.0,N/A,N/A,390.0,100.0
ba_000334.txt,53.0,53.0,100.0,53.0,100.0
er_000334.txt,185.0,185.0,100.0,185.0,100.0
grid_000334.txt,196.0,196.0,100.0,196.0,100.0
real_000334.txt,2.0,2.0,100.0,2.0,100.0
ws_000334.txt,291.0,N/A,N/A,291.0,100.0
ba_000335.txt,627.0,627.0,100.0,627.0,100.0
er_000335.txt,70.0,70.0,100.0,70.0,100.0
real_000335.txt,15.0,15.0,100.0,15.0,100.0
tree_000335.txt,0.0,0.0,100.0,0.0,100.0
ws_000335.txt,273.0,N/A,N/A,273.0,100.0
ba_000336.txt,694.0,694.0,100.0,694.0,100.0
er_000336.txt,618.0,618.0,100.0,618.0,100.0
grid_000336.txt,271.0,271.0,100.0,272.0,99.6324
real_000336.txt,259.0,259.0,100.0,268.0,96.6418
ws_000336.txt,75.0,N/A,N/A,75.0,100.0
ba_000337.txt,217.0,226.0,96.0177,217.0,100.0
er_000337.txt,407.0,407.0,100.0,407.0,100.0
real_000337.txt,7.0,7.0,100.0,7.0,100.0
tree_000337.txt,0.0,0.0,100.0,0.0,100.0
ws_000337.txt,115.0,N/A,N/A,115.0,100.0
ba_000338.txt,533.0,533.0,100.0,533.0,100.0
er_000338.txt,25.0,25.0,100.0,25.0,100.0
grid_000338.txt,273.0,273.0,100.0,274.0,99.635
real_000338.txt,9.0,9.0,100.0,9.0,100.0
ws_000338.txt,395.0,N/A,N/A,395.0,100.0
ba_000339.txt,353.0,353.0,100.0,353.0,100.0
er_000339.txt,489.0,489.0,100.0,489.0,100.0
real_000339.txt,8.0,8.0,100.0,8.0,100.0
tree_000339.txt,0.0,0.0,100.0,0.0,100.0
ws_000339.txt,176.0,N/A,N/A,176.0,100.0
ba_000340.txt,307.0,307.0,100.0,307.0,100.0
er_000340.txt,539.0,539.0,100.0,539.0,100.0
grid_000340.txt,148.0,148.0,100.0,148.0,100.0
real_000340.txt,807.0,807.0,100.0,811.0,99.5068
ws_000340.txt,104.0,N/A,N/A,104.0,100.0
ba_000341.txt,103.0,104.0,99.0385,103.0,100.0
er_000341.txt,115.0,115.0,100.0,115.0,100.0
real_000341.txt,7.0,7.0,100.0,7.0,100.0
tree_000341.txt,0.0,0.0,100.0,0.0,100.0
ws_000341.txt,216.0,N/A,N/A,216.0,100.0
ba_000342.txt,391.0,391.0,100.0,391.0,100.0
er_000342.txt,270.0,275.0,98.1818,270.0,100.0
grid_000342.txt,663.0,663.0,100.0,665.0,99.6992
real_000342.txt,7.0,7.0,100.0,7.0,100.0
ws_000342.txt,419.0,N/A,N/A,419.0,100.0
ba_000343.txt,215.0,215.0,100.0,220.0,97.7273
er_000343.txt,178.0,178.0,100.0,178.0,100.0
real_000343.txt,13.0,13.0,100.0,13.0,100.0
tree_000343.txt,0.0,0.0,100.0,0.0,100.0
ws_000343.txt,277.0,N/A,N/A,277.0,100.0
ba_000344.txt,189.0,189.0,100.0,189.0,100.0
er_000344.txt,234.0,234.0,100.0,234.0,100.0
grid_000344.txt,424.0,424.0,100.0,425.0,99.7647
real_000344.txt,1.0,1.0,100.0,1.0,100.0
ws_000344.txt,469.0,N/A,N/A,469.0,100.0
ba_000345.txt,316.0,316.0,100.0,316.0,100.0
er_000345.txt,377.0,377.0,100.0,377.0,100.0
real_000345.txt,4.0,4.0,100.0,4.0,100.0
tree_000345.txt,0.0,0.0,100.0,0.0,100.0
ws_000345.txt,451.0,N/A,N/A,451.0,100.0
ba_000346.txt,109.0,109.0,100.0,109.0,100.0
er_000346.txt,467.0,467.0,100.0,467.0,100.0
grid_000346.txt,223.0,224.0,99.5536,223.0,100.0
real_000346.txt,455.0,455.0,100.0,459.0,99.1285
ws_000346.txt,340.0,N/A,N/A,340.0,100.0
ba_000347.txt,458.0,458.0,100.0,458.0,100.0
er_000347.txt,729.0,729.0,100.0,729.0,100.0
real_000347.txt,220.0,226.0,97.3451,220.0,100.0
tree_000347.txt,0.0,0.0,100.0,0.0,100.0
ws_000347.txt,292.0,N/A,N/A,292.0,100.0
ba_000348.txt,102.0,102.0,100.0,102.0,100.0
er_000348.txt,95.0,100.0,95.0,95.0,100.0
grid_000348.txt,168.0,171.0,98.2456,168.0,100.0
real_000348.txt,505.0,522.0,96.7433,505.0,100.0
ws_000348.txt,117.0,N/A,N/A,117.0,100.0
ba_000349.txt,200.0,200.0,100.0,200.0,100.0
er_000349.txt,753.0,753.0,100.0,753.0,100.0
real_000349.txt,2.0,2.0,100.0,2.0,100.0
tree_000349.txt,0.0,0.0,100.0,0.0,100.0
ws_000349.txt,237.0,N/A,N/A,237.0,100.0
ba_000350.txt,96.0,96.0,100.0,96.0,100.0
er_000350.txt,474.0,474.0,100.0,474.0,100.0
grid_000350.txt,714.0,715.0,99.8601,714.0,100.0
real_000350.txt,10.0,10.0,100.0,10.0,100.0
ws_000350.txt,434.0,N/A,N/A,434.0,100.0
ba_000351.txt,81.0,81.0,100.0,81.0,100.0
er_000351.txt,374.0,374.0,100.0,374.0,100.0
real_000351.txt,1.0,1.0,100.0,1.0,100.0
tree_000351.txt,0.0,0.0,100.0,0.0,100.0
ws_000351.txt,249.0,N/A,N/A,249.0,100.0
ba_000352.txt,185.0,189.0,97.8836,185.0,100.0
er_000352.txt,595.0,595.0,100.0,595.0,100.0
grid_000352.txt,371.0,372.0,99.7312,371.0,100.0
real_000352.txt,736.0,761.0,96.7148,736.0,100.0
ws_000352.txt,391.0,N/A,N/A,391.0,100.0
ba_000353.txt,157.0,157.0,100.0,157.0,100.0
er_000353.txt,123.0,123.0,100.0,123.0,100.0
real_000353.txt,11.0,11.0,100.0,11.0,100.0
tree_000353.txt,0.0,0.0,100.0,0.0,100.0
ws_000353.txt,188.0,N/A,N/A,188.0,100.0
ba_000354.txt,195.0,195.0,100.0,224.0,87.0536
er_000354.txt,126.0,126.0,100.0,126.0,100.0
grid_000354.txt,128.0,128.0,100.0,129.0,99.2248
real_000354.txt,9.0,9.0,100.0,9.0,100.0
ws_000354.txt,60.0,N/A,N/A,60.0,100.0
ba_000355.txt,267.0,267.0,100.0,267.0,100.0
er_000355.txt,293.0,297.0,98.6532,293.0,100.0
real_000355.txt,1266.0,1266.0,100.0,1307.0,96.863
tree_000355.txt,0.0,0.0,100.0,0.0,100.0
ws_000355.txt,104.0,N/A,N/A,104.0,100.0
ba_000356.txt,239.0,239.0,100.0,239.0,100.0
er_000356.txt,627.0,627.0,100.0,627.0,100.0
grid_000356.txt,57.0,57.0,100.0,57.0,100.0
real_000356.txt,2.0,2.0,100.0,2.0,100.0
ws_000356.txt,284.0,N/A,N/A,284.0,100.0
ba_000357.txt,179.0,179.0,100.0,191.0,93.7173
er_000357.txt,573.0,573.0,100.0,573.0,100.0
real_000357.txt,2.0,2.0,100.0,2.0,100.0
tree_000357.txt,0.0,0.0,100.0,0.0,100.0
ws_000357.txt,433.0,N/A,N/A,433.0,100.0
ba_000358.txt,419.0,419.0,100.0,419.0,100.0
er_000358.txt,401.0,401.0,100.0,401.0,100.0
grid_000358.txt,437.0,439.0,99.5444,437.0,100.0
real_000358.txt,687.0,707.0,97.1711,687.0,100.0
ws_000358.txt,232.0,N/A,N/A,232.0,100.0
ba_000359.txt,239.0,239.0,100.0,243.0,98.3539
er_000359.txt,936.0,936.0,100.0,936.0,100.0
real_000359.txt,10.0,10.0,100.0,10.0,100.0
tree_000359.txt,0.0,0.0,100.0,0.0,100.0
ws_000359.txt,240.0,N/A,N/A,240.0,100.0
ba_000360.txt,223.0,223.0,100.0,224.0,99.5536
er_000360.txt,896.0,896.0,100.0,896.0,100.0
grid_000360.txt,163.0,164.0,99.3902,163.0,100.0
real_000360.txt,3239.0,3239.0,100.0,3261.0,99.3254
ws_000360.txt,428.0,N/A,N/A,428.0,100.0
ba_000361.txt,197.0,197.0,100.0,201.0,98.01
er_000361.txt,350.0,350.0,100.0,350.0,100.0
real_000361.txt,264.0,264.0,100.0,267.0,98.8764
tree_000361.txt,0.0,0.0,100.0,0.0,100.0
ws_000361.txt,407.0,N/A,N/A,407.0,100.0
ba_000362.txt,336.0,336.0,100.0,357.0,94.1176
er_000362.txt,462.0,462.0,100.0,462.0,100.0
grid_000362.txt,88.0,89.0,98.8764,88.0,100.0
real_000362.txt,215.0,215.0,100.0,218.0,98.6239
ws_000362.txt,273.0,N/A,N/A,273.0,100.0
ba_000363.txt,170.0,170.0,100.0,181.0,93.9227
er_000363.txt,882.0,882.0,100.0,882.0,100.0
real_000363.txt,9.0,9.0,100.0,9.0,100.0
tree_000363.txt,0.0,0.0,100.0,0.0,100.0
ws_000363.txt,171.0,N/A,N/A,171.0,100.0
ba_000364.txt,175.0,175.0,100.0,176.0,99.4318
er_000364.txt,250.0,253.0,98.8142,250.0,100.0
grid_000364.txt,318.0,318.0,100.0,318.0,100.0
real_000364.txt,2.0,2.0,100.0,2.0,100.0
ws_000364.txt,209.0,N/A,N/A,209.0,100.0
ba_000365.txt,427.0,427.0,100.0,427.0,100.0
er_000365.txt,869.0,869.0,100.0,869.0,100.0
real_000365.txt,2596.0,2596.0,100.0,2671.0,97.1921
tree_000365.txt,0.0,0.0,100.0,0.0,100.0
ws_000365.txt,407.0,N/A,N/A,407.0,100.0
ba_000366.txt,464.0,464.0,100.0,464.0,100.0
er_000366.txt,882.0,882.0,100.0,882.0,100.0
grid_000366.txt,249.0,249.0,100.0,251.0,99.2032
real_000366.txt,2.0,2.0,100.0,2.0,100.0
ws_000366.txt,311.0,N/A,N/A,311.0,100.0
ba_000367.txt,92.0,96.0,95.8333,92.0,100.0
er_000367.txt,265.0,266.0,99.6241,265.0,100.0
real_000367.txt,1.0,1.0,100.0,1.0,100.0
tree_000367.txt,0.0,0.0,100.0,0.0,100.0
ws_000367.txt,434.0,N/A,N/A,434.0,100.0
ba_000368.txt,204.0,204.0,100.0,205.0,99.5122
er_000368.txt,482.0,482.0,100.0,482.0,100.0
grid_000368.txt,252.0,253.0,99.6047,252.0,100.0
real_000368.txt,852.0,852.0,100.0,855.0,99.6491
ws_000368.txt,358.0,N/A,N/A,358.0,100.0
ba_000369.txt,543.0,543.0,100.0,543.0,100.0
er_000369.txt,390.0,390.0,100.0,390.0,100.0
real_000369.txt,2405.0,2405.0,100.0,2532.0,94.9842
tree_000369.txt,0.0,0.0,100.0,0.0,100.0
ws_000369.txt,269.0,N/A,N/A,269.0,100.0
ba_000370.txt,273.0,273.0,100.0,273.0,100.0
er_000370.txt,232.0,232.0,100.0,232.0,100.0
grid_000370.txt,314.0,314.0,100.0,314.0,100.0
real_000370.txt,13.0,13.0,100.0,13.0,100.0
ws_000370.txt,238.0,N/A,N/A,238.0,100.0
ba_000371.txt,167.0,167.0,100.0,167.0,100.0
er_000371.txt,585.0,585.0,100.0,585.0,100.0
real_000371.txt,199.0,199.0,100.0,210.0,94.7619
tree_000371.txt,0.0,0.0,100.0,0.0,100.0
ws_000371.txt,192.0,N/A,N/A,192.0,100.0
ba_000372.txt,393.0,393.0,100.0,393.0,100.0
er_000372.txt,62.0,62.0,100.0,62.0,100.0
grid_000372.txt,536.0,538.0,99.6283,536.0,100.0
real_000372.txt,1486.0,1498.0,99.1989,1486.0,100.0
ws_000372.txt,300.0,N/A,N/A,300.0,100.0
ba_000373.txt,184.0,184.0,100.0,204.0,90.1961
er_000373.txt,93.0,93.0,100.0,93.0,100.0
real_000373.txt,11.0,11.0,100.0,11.0,100.0
tree_000373.txt,0.0,0.0,100.0,0.0,100.0
ws_000373.txt,197.0,N/A,N/A,197.0,100.0
ba_000374.txt,103.0,104.0,99.0385,103.0,100.0
er_000374.txt,70.0,70.0,100.0,70.0,100.0
grid_000374.txt,320.0,320.0,100.0,321.0,99.6885
real_000374.txt,1.0,1.0,100.0,1.0,100.0
ws_000374.txt,307.0,N/A,N/A,307.0,100.0
ba_000375.txt,439.0,439.0,100.0,439.0,100.0
er_000375.txt,839.0,839.0,100.0,839.0,100.0
real_000375.txt,3499.0,3499.0,100.0,3662.0,95.5489
tree_000375.txt,0.0,0.0,100.0,0.0,100.0
ws_000375.txt,181.0,N/A,N/A,181.0,100.0
ba_000376.txt,695.0,695.0,100.0,695.0,100.0
er_000376.txt,221.0,223.0,99.1031,221.0,100.0
grid_000376.txt,50.0,50.0,100.0,50.0,100.0
real_000376.txt,7.0,7.0,100.0,7.0,100.0
ws_000376.txt,279.0,N/A,N/A,279.0,100.0
ba_000377.txt,123.0,123.0,100.0,123.0,100.0
er_000377.txt,523.0,523.0,100.0,523.0,100.0
real_000377.txt,182.0,185.0,98.3784,182.0,100.0
tree_000377.txt,0.0,0.0,100.0,0.0,100.0
ws_000377.txt,260.0,N/A,N/A,260.0,100.0
ba_000378.txt,556.0,556.0,100.0,556.0,100.0
er_000378.txt,650.0,650.0,100.0,650.0,100.0
grid_000378.txt,399.0,400.0,99.75,399.0,100.0
real_000378.txt,2.0,2.0,100.0,2.0,100.0
ws_000378.txt,327.0,N/A,N/A,327.0,100.0
ba_000379.txt,165.0,165.0,100.0,173.0,95.3757
er_000379.txt,210.0,211.0,99.5261,210.0,100.0
real_000379.txt,13.0,13.0,100.0,13.0,100.0
tree_000379.txt,0.0,0.0,100.0,0.0,100.0
ws_000379.txt,261.0,N/A,N/A,261.0,100.0
ba_000380.txt,539.0,539.0,100.0,539.0,100.0
er_000380.txt,940.0,942.0,99.7877,940.0,100.0
grid_000380.txt,617.0,617.0,100.0,617.0,100.0
real_000380.txt,4.0,4.0,100.0,4.0,100.0
ws_000380.txt,145.0,N/A,N/A,145.0,100.0
ba_000381.txt,49.0,49.0,100.0,49.0,100.0
er_000381.txt,277.0,280.0,98.9286,277.0,100.0
real_000381.txt,1266.0,1271.0,99.6066,1266.0,100.0
tree_000381.txt,0.0,0.0,100.0,0.0,100.0
ws_000381.txt,297.0,N/A,N/A,297.0,100.0
ba_000382.txt,191.0,191.0,100.0,197.0,96.9543
er_000382.txt,274.0,278.0,98.5612,274.0,100.0
grid_000382.txt,505.0,505.0,100.0,505.0,100.0
real_000382.txt,1.0,1.0,100.0,1.0,100.0
ws_000382.txt,426.0,N/A,N/A,426.0,100.0
ba_000383.txt,129.0,129.0,100.0,129.0,100.0
er_000383.txt,255.0,256.0,99.6094,255.0,100.0
real_000383.txt,8.0,8.0,100.0,8.0,100.0
tree_000383.txt,0.0,0.0,100.0,0.0,100.0
ws_000383.txt,238.0,N/A,N/A,238.0,100.0
ba_000384.txt,15.0,15.0,100.0,15.0,100.0
er_000384.txt,801.0,801.0,100.0,801.0,100.0
grid_000384.txt,544.0,544.0,100.0,544.0,100.0
real_000384.txt,818.0,818.0,100.0,827.0,98.9117
ws_000384.txt,66.0,N/A,N/A,66.0,100.0
ba_000385.txt,449.0,449.0,100.0,449.0,100.0
er_000385.txt,759.0,759.0,100.0,759.0,100.0
real_000385.txt,1.0,1.0,100.0,1.0,100.0
tree_000385.txt,0.0,0.0,100.0,0.0,100.0
ws_000385.txt,355.0,N/A,N/A,355.0,100.0
ba_000386.txt,156.0,156.0,100.0,168.0,92.8571
er_000386.txt,194.0,194.0,100.0,194.0,100.0
grid_000386.txt,673.0,673.0,100.0,674.0,99.8516
real_000386.txt,7.0,7.0,100.0,7.0,100.0
ws_000386.txt,459.0,N/A,N/A,459.0,100.0
ba_000387.txt,505.0,505.0,100.0,505.0,100.0
er_000387.txt,581.0,581.0,100.0,581.0,100.0
real_000387.txt,29.0,29.0,100.0,29.0,100.0
tree_000387.txt,0.0,0.0,100.0,0.0,100.0
ws_000387.txt,450.0,N/A,N/A,450.0,100.0
ba_000388.txt,150.0,150.0,100.0,169.0,88.7574
er_000388.txt,269.0,269.0,100.0,269.0,100.0
grid_000388.txt,112.0,112.0,100.0,114.0,98.2456
real_000388.txt,130.0,139.0,93.5252,130.0,100.0
ws_000388.txt,135.0,N/A,N/A,135.0,100.0
ba_000389.txt,139.0,139.0,100.0,139.0,100.0
er_000389.txt,187.0,187.0,100.0,187.0,100.0
real_000389.txt,11.0,11.0,100.0,11.0,100.0
tree_000389.txt,0.0,0.0,100.0,0.0,100.0
ws_000389.txt,91.0,N/A,N/A,91.0,100.0
ba_000390.txt,622.0,622.0,100.0,622.0,100.0
er_000390.txt,794.0,794.0,100.0,794.0,100.0
grid_000390.txt,246.0,246.0,100.0,246.0,100.0
real_000390.txt,892.0,892.0,100.0,893.0,99.888
ws_000390.txt,447.0,N/A,N/A,447.0,100.0
ba_000391.txt,143.0,143.0,100.0,143.0,100.0
er_000391.txt,256.0,258.0,99.2248,256.0,100.0
real_000391.txt,2018.0,2018.0,100.0,2148.0,93.9479
tree_000391.txt,0.0,0.0,100.0,0.0,100.0
ws_000391.txt,268.0,N/A,N/A,268.0,100.0
ba_000392.txt,153.0,153.0,100.0,157.0,97.4522
er_000392.txt,551.0,551.0,100.0,551.0,100.0
grid_000392.txt,154.0,154.0,100.0,154.0,100.0
real_000392.txt,15.0,15.0,100.0,15.0,100.0
ws_000392.txt,382.0,N/A,N/A,382.0,100.0
ba_000393.txt,256.0,256.0,100.0,256.0,100.0
er_000393.txt,441.0,441.0,100.0,441.0,100.0
real_000393.txt,311.0,311.0,100.0,317.0,98.1073
tree_000393.txt,0.0,0.0,100.0,0.0,100.0
ws_000393.txt,387.0,N/A,N/A,387.0,100.0
ba_000394.txt,346.0,346.0,100.0,346.0,100.0
er_000394.txt,193.0,193.0,100.0,193.0,100.0
grid_000394.txt,137.0,137.0,100.0,137.0,100.0
real_000394.txt,1128.0,1128.0,100.0,1140.0,98.9474
ws_000394.txt,196.0,N/A,N/A,196.0,100.0
ba_000395.txt,404.0,404.0,100.0,404.0,100.0
er_000395.txt,885.0,885.0,100.0,885.0,100.0
real_000395.txt,1582.0,1582.0,100.0,1612.0,98.139
tree_000395.txt,0.0,0.0,100.0,0.0,100.0
ws_000395.txt,371.0,N/A,N/A,371.0,100.0
ba_000396.txt,710.0,710.0,100.0,710.0,100.0
er_000396.txt,798.0,798.0,100.0,798.0,100.0
grid_000396.txt,204.0,205.0,99.5122,204.0,100.0
real_000396.txt,1484.0,1487.0,99.7983,1484.0,100.0
ws_000396.txt,98.0,N/A,N/A,98.0,100.0
ba_000397.txt,325.0,325.0,100.0,325.0,100.0
er_000397.txt,697.0,697.0,100.0,697.0,100.0
real_000397.txt,3025.0,3025.0,100.0,3055.0,99.018
tree_000397.txt,0.0,0.0,100.0,0.0,100.0
ws_000397.txt,258.0,N/A,N/A,258.0,100.0
ba_000398.txt,450.0,450.0,100.0,450.0,100.0
er_000398.txt,801.0,801.0,100.0,801.0,100.0
grid_000398.txt,648.0,650.0,99.6923,648.0,100.0
real_000398.txt,7.0,7.0,100.0,7.0,100.0
ws_000398.txt,72.0,N/A,N/A,72.0,100.0
ba_000399.txt,166.0,166.0,100.0,192.0,86.4583
er_000399.txt,756.0,756.0,100.0,756.0,100.0
real_000399.txt,10.0,10.0,100.0,10.0,100.0
tree_000399.txt,0.0,0.0,100.0,0.0,100.0
ws_000399.txt,319.0,N/A,N/A,319.0,100.0
ba_000400.txt,290.0,290.0,100.0,290.0,100.0
er_000400.txt,96.0,96.0,100.0,96.0,100.0
grid_000400.txt,401.0,401.0,100.0,402.0,99.7512
real_000400.txt,2615.0,2615.0,100.0,2670.0,97.9401
ws_000400.txt,109.0,N/A,N/A,109.0,100.0
ba_000401.txt,222.0,222.0,100.0,222.0,100.0
er_000401.txt,934.0,934.0,100.0,934.0,100.0
real_000401.txt,3612.0,3612.0,100.0,3675.0,98.2857
tree_000401.txt,0.0,0.0,100.0,0.0,100.0
ws_000401.txt,451.0,N/A,N/A,451.0,100.0
ba_000402.txt,404.0,404.0,100.0,404.0,100.0
er_000402.txt,136.0,136.0,100.0,136.0,100.0
grid_000402.txt,178.0,180.0,98.8889,178.0,100.0
real_000402.txt,2.0,2.0,100.0,2.0,100.0
ws_000402.txt,404.0,N/A,N/A,404.0,100.0
ba_000403.txt,572.0,572.0,100.0,572.0,100.0
er_000403.txt,605.0,605.0,100.0,605.0,100.0
real_000403.txt,1323.0,1323.0,100.0,1347.0,98.2183
tree_000403.txt,0.0,0.0,100.0,0.0,100.0
ws_000403.txt,71.0,N/A,N/A,71.0,100.0
ba_000404.txt,191.0,193.0,98.9637,191.0,100.0
er_000404.txt,842.0,842.0,100.0,842.0,100.0
grid_000404.txt,268.0,268.0,100.0,268.0,100.0
real_000404.txt,4.0,4.0,100.0,4.0,100.0
ws_000404.txt,355.0,N/A,N/A,355.0,100.0
ba_000405.txt,221.0,221.0,100.0,221.0,100.0
er_000405.txt,290.0,290.0,100.0,290.0,100.0
real_000405.txt,29.0,29.0,100.0,29.0,100.0
tree_000405.txt,0.0,0.0,100.0,0.0,100.0
ws_000405.txt,457.0,N/A,N/A,457.0,100.0
ba_000406.txt,61.0,64.0,95.3125,61.0,100.0
er_000406.txt,373.0,373.0,100.0,373.0,100.0
grid_000406.txt,154.0,155.0,99.3548,154.0,100.0
real_000406.txt,2.0,2.0,100.0,2.0,100.0
ws_000406.txt,359.0,N/A,N/A,359.0,100.0
ba_000407.txt,486.0,486.0,100.0,486.0,100.0
er_000407.txt,392.0,392.0,100.0,392.0,100.0
real_000407.txt,7.0,7.0,100.0,7.0,100.0
tree_000407.txt,0.0,0.0,100.0,0.0,100.0
ws_000407.txt,90.0,N/A,N/A,90.0,100.0
ba_000408.txt,119.0,119.0,100.0,119.0,100.0
er_000408.txt,861.0,861.0,100.0,861.0,100.0
grid_000408.txt,126.0,126.0,100.0,126.0,100.0
real_000408.txt,57.0,57.0,100.0,60.0,95.0
ws_000408.txt,184.0,N/A,N/A,184.0,100.0
ba_000409.txt,388.0,388.0,100.0,388.0,100.0
er_000409.txt,109.0,109.0,100.0,109.0,100.0
real_000409.txt,29.0,29.0,100.0,29.0,100.0
tree_000409.txt,0.0,0.0,100.0,0.0,100.0
ws_000409.txt,181.0,N/A,N/A,181.0,100.0
ba_000410.txt,119.0,119.0,100.0,119.0,100.0
er_000410.txt,314.0,315.0,99.6825,314.0,100.0
grid_000410.txt,168.0,168.0,100.0,168.0,100.0
real_000410.txt,1.0,1.0,100.0,1.0,100.0
ws_000410.txt,171.0,N/A,N/A,171.0,100.0
ba_000411.txt,329.0,329.0,100.0,329.0,100.0
er_000411.txt,383.0,383.0,100.0,383.0,100.0
real_000411.txt,2.0,2.0,100.0,2.0,100.0
tree_000411.txt,0.0,0.0,100.0,0.0,100.0
ws_000411.txt,97.0,N/A,N/A,97.0,100.0
ba_000412.txt,33.0,33.0,100.0,33.0,100.0
er_000412.txt,82.0,82.0,100.0,82.0,100.0
grid_000412.txt,481.0,481.0,100.0,481.0,100.0
real_000412.txt,13.0,13.0,100.0,13.0,100.0
ws_000412.txt,193.0,N/A,N/A,193.0,100.0
ba_000413.txt,89.0,89.0,100.0,92.0,96.7391
er_000413.txt,372.0,372.0,100.0,372.0,100.0
real_000413.txt,2848.0,2848.0,100.0,2914.0,97.7351
tree_000413.txt,0.0,0.0,100.0,0.0,100.0
ws_000413.txt,391.0,N/A,N/A,391.0,100.0
ba_000414.txt,507.0,507.0,100.0,507.0,100.0
er_000414.txt,912.0,912.0,100.0,912.0,100.0
grid_000414.txt,318.0,318.0,100.0,318.0,100.0
real_000414.txt,9.0,9.0,100.0,9.0,100.0
ws_000414.txt,132.0,N/A,N/A,132.0,100.0
ba_000415.txt,64.0,64.0,100.0,64.0,100.0
er_000415.txt,946.0,946.0,100.0,946.0,100.0
real_000415.txt,4.0,4.0,100.0,4.0,100.0
tree_000415.txt,0.0,0.0,100.0,0.0,100.0
ws_000415.txt,300.0,N/A,N/A,300.0,100.0
ba_000416.txt,45.0,45.0,100.0,45.0,100.0
er_000416.txt,699.0,699.0,100.0,699.0,100.0
grid_000416.txt,186.0,186.0,100.0,188.0,98.9362
real_000416.txt,13.0,13.0,100.0,13.0,100.0
ws_000416.txt,463.0,N/A,N/A,463.0,100.0
ba_000417.txt,288.0,288.0,100.0,288.0,100.0
er_000417.txt,589.0,589.0,100.0,589.0,100.0
real_000417.txt,7.0,7.0,100.0,7.0,100.0
tree_000417.txt,0.0,0.0,100.0,0.0,100.0
ws_000417.txt,445.0,N/A,N/A,445.0,100.0
ba_000418.txt,337.0,337.0,100.0,337.0,100.0
er_000418.txt,125.0,125.0,100.0,125.0,100.0
grid_000418.txt,73.0,73.0,100.0,74.0,98.6486
real_000418.txt,2604.0,2604.0,100.0,2905.0,89.6386
ws_000418.txt,275.0,N/A,N/A,275.0,100.0
ba_000419.txt,347.0,347.0,100.0,347.0,100.0
er_000419.txt,673.0,673.0,100.0,673.0,100.0
real_000419.txt,1.0,1.0,100.0,1.0,100.0
tree_000419.txt,0.0,0.0,100.0,0.0,100.0
ws_000419.txt,88.0,N/A,N/A,88.0,100.0
ba_000420.txt,270.0,270.0,100.0,270.0,100.0
er_000420.txt,772.0,772.0,100.0,772.0,100.0
grid_000420.txt,66.0,66.0,100.0,67.0,98.5075
real_000420.txt,4.0,4.0,100.0,4.0,100.0
ws_000420.txt,258.0,N/A,N/A,258.0,100.0
ba_000421.txt,390.0,390.0,100.0,390.0,100.0
er_000421.txt,418.0,418.0,100.0,418.0,100.0
real_000421.txt,8.0,8.0,100.0,8.0,100.0
tree_000421.txt,0.0,0.0,100.0,0.0,100.0
ws_000421.txt,137.0,N/A,N/A,137.0,100.0
ba_000422.txt,197.0,197.0,100.0,198.0,99.4949
er_000422.txt,820.0,820.0,100.0,820.0,100.0
grid_000422.txt,584.0,584.0,100.0,585.0,99.8291
real_000422.txt,9.0,9.0,100.0,9.0,100.0
ws_000422.txt,245.0,N/A,N/A,245.0,100.0
ba_000423.txt,617.0,617.0,100.0,617.0,100.0
er_000423.txt,419.0,419.0,100.0,419.0,100.0
real_000423.txt,10.0,10.0,100.0,10.0,100.0
tree_000423.txt,0.0,0.0,100.0,0.0,100.0
ws_000423.txt,285.0,N/A,N/A,285.0,100.0
ba_000424.txt,318.0,318.0,100.0,318.0,100.0
er_000424.txt,839.0,839.0,100.0,839.0,100.0
grid_000424.txt,218.0,218.0,100.0,218.0,100.0
real_000424.txt,1711.0,1730.0,98.9017,1711.0,100.0
ws_000424.txt,300.0,N/A,N/A,300.0,100.0
ba_000425.txt,132.0,132.0,100.0,145.0,91.0345
er_000425.txt,495.0,495.0,100.0,495.0,100.0
real_000425.txt,15.0,15.0,100.0,15.0,100.0
tree_000425.txt,0.0,0.0,100.0,0.0,100.0
ws_000425.txt,118.0,N/A,N/A,118.0,100.0
ba_000426.txt,47.0,47.0,100.0,47.0,100.0
er_000426.txt,684.0,684.0,100.0,684.0,100.0
grid_000426.txt,121.0,122.0,99.1803,121.0,100.0
real_000426.txt,3980.0,3980.0,100.0,4038.0,98.5636
ws_000426.txt,209.0,N/A,N/A,209.0,100.0
ba_000427.txt,76.0,76.0,100.0,76.0,100.0
er_000427.txt,583.0,583.0,100.0,583.0,100.0
real_000427.txt,9.0,9.0,100.0,9.0,100.0
tree_000427.txt,0.0,0.0,100.0,0.0,100.0
ws_000427.txt,394.0,N/A,N/A,394.0,100.0
ba_000428.txt,316.0,316.0,100.0,316.0,100.0
er_000428.txt,733.0,733.0,100.0,733.0,100.0
grid_000428.txt,363.0,364.0,99.7253,363.0,100.0
real_000428.txt,15.0,15.0,100.0,15.0,100.0
ws_000428.txt,89.0,N/A,N/A,89.0,100.0
ba_000429.txt,526.0,526.0,100.0,526.0,100.0
er_000429.txt,568.0,568.0,100.0,568.0,100.0
real_000429.txt,1205.0,1205.0,100.0,1210.0,99.5868
tree_000429.txt,0.0,0.0,100.0,0.0,100.0
ws_000429.txt,190.0,N/A,N/A,190.0,100.0
ba_000430.txt,763.0,763.0,100.0,763.0,100.0
er_000430.txt,547.0,547.0,100.0,547.0,100.0
grid_000430.txt,417.0,417.0,100.0,417.0,100.0
real_000430.txt,317.0,317.0,100.0,339.0,93.5103
ws_000430.txt,218.0,N/A,N/A,218.0,100.0
ba_000431.txt,225.0,225.0,100.0,225.0,100.0
er_000431.txt,426.0,426.0,100.0,426.0,100.0
real_000431.txt,3478.0,3478.0,100.0,3568.0,97.4776
tree_000431.txt,0.0,0.0,100.0,0.0,100.0
ws_000431.txt,469.0,N/A,N/A,469.0,100.0
ba_000432.txt,379.0,379.0,100.0,379.0,100.0
er_000432.txt,311.0,311.0,100.0,311.0,100.0
grid_000432.txt,266.0,267.0,99.6255,266.0,100.0
real_000432.txt,29.0,29.0,100.0,29.0,100.0
ws_000432.txt,271.0,N/A,N/A,271.0,100.0
ba_000433.txt,101.0,101.0,100.0,104.0,97.1154
er_000433.txt,490.0,490.0,100.0,490.0,100.0
real_000433.txt,1368.0,1396.0,97.9943,1368.0,100.0
tree_000433.txt,0.0,0.0,100.0,0.0,100.0
ws_000433.txt,432.0,N/A,N/A,432.0,100.0
ba_000434.txt,71.0,71.0,100.0,71.0,100.0
er_000434.txt,418.0,418.0,100.0,418.0,100.0
grid_000434.txt,382.0,382.0,100.0,382.0,100.0
real_000434.txt,9.0,9.0,100.0,9.0,100.0
ws_000434.txt,92.0,N/A,N/A,92.0,100.0
ba_000435.txt,195.0,195.0,100.0,196.0,99.4898
er_000435.txt,57.0,57.0,100.0,57.0,100.0
real_000435.txt,1411.0,1411.0,100.0,1414.0,99.7878
tree_000435.txt,0.0,0.0,100.0,0.0,100.0
ws_000435.txt,260.0,N/A,N/A,260.0,100.0
ba_000436.txt,418.0,418.0,100.0,418.0,100.0
er_000436.txt,869.0,869.0,100.0,869.0,100.0
grid_000436.txt,394.0,395.0,99.7468,394.0,100.0
real_000436.txt,1187.0,1187.0,100.0,1210.0,98.0992
ws_000436.txt,162.0,N/A,N/A,162.0,100.0
ba_000437.txt,48.0,48.0,100.0,48.0,100.0
er_000437.txt,13.0,13.0,100.0,13.0,100.0
real_000437.txt,2.0,2.0,100.0,2.0,100.0
tree_000437.txt,0.0,0.0,100.0,0.0,100.0
ws_000437.txt,420.0,N/A,N/A,420.0,100.0
ba_000438.txt,30.0,31.0,96.7742,30.0,100.0
er_000438.txt,195.0,195.0,100.0,195.0,100.0
grid_000438.txt,503.0,503.0,100.0,504.0,99.8016
real_000438.txt,7.0,7.0,100.0,7.0,100.0
ws_000438.txt,187.0,N/A,N/A,187.0,100.0
ba_000439.txt,205.0,205.0,100.0,220.0,93.1818
er_000439.txt,836.0,836.0,100.0,836.0,100.0
real_000439.txt,13.0,13.0,100.0,13.0,100.0
tree_000439.txt,0.0,0.0,100.0,0.0,100.0
ws_000439.txt,82.0,N/A,N/A,82.0,100.0
ba_000440.txt,236.0,236.0,100.0,236.0,100.0
er_000440.txt,805.0,805.0,100.0,805.0,100.0
grid_000440.txt,52.0,52.0,100.0,52.0,100.0
real_000440.txt,4.0,4.0,100.0,4.0,100.0
ws_000440.txt,77.0,N/A,N/A,77.0,100.0
ba_000441.txt,181.0,181.0,100.0,181.0,100.0
er_000441.txt,493.0,493.0,100.0,493.0,100.0
real_000441.txt,10.0,10.0,100.0,10.0,100.0
tree_000441.txt,0.0,0.0,100.0,0.0,100.0
ws_000441.txt,350.0,N/A,N/A,350.0,100.0
ba_000442.txt,66.0,66.0,100.0,69.0,95.6522
er_000442.txt,462.0,462.0,100.0,462.0,100.0
grid_000442.txt,149.0,149.0,100.0,150.0,99.3333
real_000442.txt,670.0,670.0,100.0,670.0,100.0
ws_000442.txt,51.0,N/A,N/A,51.0,100.0
ba_000443.txt,292.0,292.0,100.0,292.0,100.0
er_000443.txt,81.0,81.0,100.0,81.0,100.0
real_000443.txt,1.0,1.0,100.0,1.0,100.0
tree_000443.txt,0.0,0.0,100.0,0.0,100.0
ws_000443.txt,444.0,N/A,N/A,444.0,100.0
ba_000444.txt,209.0,209.0,100.0,218.0,95.8716
er_000444.txt,263.0,265.0,99.2453,263.0,100.0
grid_000444.txt,120.0,120.0,100.0,122.0,98.3607
real_000444.txt,543.0,543.0,100.0,546.0,99.4505
ws_000444.txt,87.0,N/A,N/A,87.0,100.0
ba_000445.txt,323.0,323.0,100.0,323.0,100.0
er_000445.txt,923.0,923.0,100.0,923.0,100.0
real_000445.txt,1499.0,1499.0,100.0,1510.0,99.2715
tree_000445.txt,0.0,0.0,100.0,0.0,100.0
ws_000445.txt,116.0,N/A,N/A,116.0,100.0
ba_000446.txt,539.0,539.0,100.0,539.0,100.0
er_000446.txt,222.0,226.0,98.2301,222.0,100.0
grid_000446.txt,246.0,246.0,100.0,246.0,100.0
real_000446.txt,2.0,2.0,100.0,2.0,100.0
ws_000446.txt,461.0,N/A,N/A,461.0,100.0
ba_000447.txt,164.0,164.0,100.0,171.0,95.9064
er_000447.txt,450.0,450.0,100.0,450.0,100.0
real_000447.txt,8.0,8.0,100.0,8.0,100.0
tree_000447.txt,0.0,0.0,100.0,0.0,100.0
ws_000447.txt,273.0,N/A,N/A,273.0,100.0
ba_000448.txt,102.0,102.0,100.0,106.0,96.2264
er_000448.txt,676.0,676.0,100.0,676.0,100.0
grid_000448.txt,69.0,69.0,100.0,69.0,100.0
real_000448.txt,668.0,668.0,100.0,679.0,98.38
ws_000448.txt,301.0,N/A,N/A,301.0,100.0
ba_000449.txt,313.0,313.0,100.0,313.0,100.0
er_000449.txt,246.0,246.0,100.0,246.0,100.0
real_000449.txt,9.0,9.0,100.0,9.0,100.0
tree_000449.txt,0.0,0.0,100.0,0.0,100.0
ws_000449.txt,258.0,N/A,N/A,258.0,100.0
ba_000450.txt,446.0,446.0,100.0,446.0,100.0
er_000450.txt,368.0,368.0,100.0,368.0,100.0
grid_000450.txt,206.0,206.0,100.0,206.0,100.0
real_000450.txt,10.0,10.0,100.0,10.0,100.0
ws_000450.txt,149.0,N/A,N/A,149.0,100.0
ba_000451.txt,145.0,145.0,100.0,145.0,100.0
er_000451.txt,273.0,273.0,100.0,273.0,100.0
real_000451.txt,344.0,344.0,100.0,345.0,99.7101
tree_000451.txt,0.0,0.0,100.0,0.0,100.0
ba_000452.txt,397.0,397.0,100.0,397.0,100.0
er_000452.txt,479.0,480.0,99.7917,479.0,100.0
grid_000452.txt,223.0,224.0,99.5536,223.0,100.0
real_000452.txt,7.0,7.0,100.0,7.0,100.0
ba_000453.txt,417.0,417.0,100.0,417.0,100.0
er_000453.txt,402.0,402.0,100.0,402.0,100.0
real_000453.txt,9.0,9.0,100.0,9.0,100.0
tree_000453.txt,0.0,0.0,100.0,0.0,100.0
ba_000454.txt,21.0,21.0,100.0,22.0,95.4545
er_000454.txt,145.0,145.0,100.0,145.0,100.0
grid_000454.txt,277.0,277.0,100.0,277.0,100.0
real_000454.txt,1528.0,1533.0,99.6738,1528.0,100.0
ba_000455.txt,425.0,425.0,100.0,425.0,100.0
er_000455.txt,84.0,84.0,100.0,84.0,100.0
real_000455.txt,13.0,13.0,100.0,13.0,100.0
tree_000455.txt,0.0,0.0,100.0,0.0,100.0
ba_000456.txt,492.0,492.0,100.0,492.0,100.0
er_000456.txt,330.0,330.0,100.0,330.0,100.0
grid_000456.txt,378.0,378.0,100.0,379.0,99.7361
real_000456.txt,29.0,29.0,100.0,29.0,100.0
ba_000457.txt,293.0,293.0,100.0,293.0,100.0
er_000457.txt,411.0,411.0,100.0,411.0,100.0
real_000457.txt,29.0,29.0,100.0,29.0,100.0
tree_000457.txt,0.0,0.0,100.0,0.0,100.0
ba_000458.txt,422.0,422.0,100.0,422.0,100.0
er_000458.txt,539.0,539.0,100.0,539.0,100.0
grid_000458.txt,361.0,363.0,99.449,361.0,100.0
real_000458.txt,1.0,1.0,100.0,1.0,100.0
ba_000459.txt,268.0,268.0,100.0,268.0,100.0
er_000459.txt,834.0,834.0,100.0,834.0,100.0
real_000459.txt,2.0,2.0,100.0,2.0,100.0
tree_000459.txt,0.0,0.0,100.0,0.0,100.0
ba_000460.txt,574.0,574.0,100.0,574.0,100.0
er_000460.txt,76.0,76.0,100.0,76.0,100.0
grid_000460.txt,654.0,654.0,100.0,656.0,99.6951
real_000460.txt,8.0,8.0,100.0,8.0,100.0
ba_000461.txt,24.0,24.0,100.0,24.0,100.0
er_000461.txt,36.0,36.0,100.0,38.0,94.7368
real_000461.txt,2575.0,2575.0,100.0,2818.0,91.3769
tree_000461.txt,0.0,0.0,100.0,0.0,100.0
ba_000462.txt,647.0,647.0,100.0,647.0,100.0
er_000462.txt,403.0,403.0,100.0,403.0,100.0
grid_000462.txt,221.0,221.0,100.0,221.0,100.0
real_000462.txt,10.0,10.0,100.0,10.0,100.0
ba_000463.txt,396.0,396.0,100.0,396.0,100.0
er_000463.txt,916.0,916.0,100.0,916.0,100.0
real_000463.txt,11.0,11.0,100.0,11.0,100.0
tree_000463.txt,0.0,0.0,100.0,0.0,100.0
ba_000464.txt,38.0,38.0,100.0,38.0,100.0
er_000464.txt,870.0,870.0,100.0,870.0,100.0
grid_000464.txt,182.0,182.0,100.0,184.0,98.913
real_000464.txt,4.0,4.0,100.0,4.0,100.0
ba_000465.txt,334.0,334.0,100.0,334.0,100.0
er_000465.txt,76.0,76.0,100.0,76.0,100.0
real_000465.txt,738.0,738.0,100.0,740.0,99.7297
tree_000465.txt,0.0,0.0,100.0,0.0,100.0
ba_000466.txt,431.0,431.0,100.0,431.0,100.0
er_000466.txt,164.0,164.0,100.0,164.0,100.0
grid_000466.txt,515.0,517.0,99.6132,515.0,100.0
real_000466.txt,8.0,8.0,100.0,8.0,100.0
ba_000467.txt,58.0,58.0,100.0,58.0,100.0
er_000467.txt,511.0,511.0,100.0,511.0,100.0
real_000467.txt,1117.0,1118.0,99.9106,1117.0,100.0
tree_000467.txt,0.0,0.0,100.0,0.0,100.0
ba_000468.txt,321.0,321.0,100.0,321.0,100.0
er_000468.txt,277.0,282.0,98.227,277.0,100.0
grid_000468.txt,610.0,610.0,100.0,610.0,100.0
real_000468.txt,2.0,2.0,100.0,2.0,100.0
ba_000469.txt,137.0,137.0,100.0,148.0,92.5676
er_000469.txt,624.0,624.0,100.0,624.0,100.0
real_000469.txt,633.0,633.0,100.0,633.0,100.0
tree_000469.txt,0.0,0.0,100.0,0.0,100.0
ba_000470.txt,158.0,158.0,100.0,159.0,99.3711
er_000470.txt,421.0,421.0,100.0,421.0,100.0
grid_000470.txt,142.0,142.0,100.0,142.0,100.0
real_000470.txt,10.0,10.0,100.0,10.0,100.0
ba_000471.txt,522.0,522.0,100.0,522.0,100.0
er_000471.txt,153.0,153.0,100.0,153.0,100.0
real_000471.txt,2.0,2.0,100.0,2.0,100.0
tree_000471.txt,0.0,0.0,100.0,0.0,100.0
ba_000472.txt,186.0,186.0,100.0,186.0,100.0
er_000472.txt,52.0,52.0,100.0,52.0,100.0
grid_000472.txt,346.0,347.0,99.7118,346.0,100.0
real_000472.txt,10.0,10.0,100.0,10.0,100.0
ba_000473.txt,201.0,201.0,100.0,201.0,100.0
er_000473.txt,443.0,443.0,100.0,443.0,100.0
real_000473.txt,13.0,13.0,100.0,13.0,100.0
tree_000473.txt,0.0,0.0,100.0,0.0,100.0
ba_000474.txt,569.0,569.0,100.0,569.0,100.0
er_000474.txt,61.0,61.0,100.0,61.0,100.0
grid_000474.txt,243.0,243.0,100.0,244.0,99.5902
real_000474.txt,1283.0,1306.0,98.2389,1283.0,100.0
ba_000475.txt,292.0,292.0,100.0,292.0,100.0
er_000475.txt,751.0,751.0,100.0,751.0,100.0
real_000475.txt,1397.0,1397.0,100.0,1406.0,99.3599
tree_000475.txt,0.0,0.0,100.0,0.0,100.0
ba_000476.txt,195.0,195.0,100.0,197.0,98.9848
er_000476.txt,902.0,902.0,100.0,902.0,100.0
grid_000476.txt,74.0,74.0,100.0,75.0,98.6667
real_000476.txt,2.0,2.0,100.0,2.0,100.0
ba_000477.txt,25.0,25.0,100.0,25.0,100.0
er_000477.txt,750.0,750.0,100.0,750.0,100.0
real_000477.txt,4.0,4.0,100.0,4.0,100.0
tree_000477.txt,0.0,0.0,100.0,0.0,100.0
ba_000478.txt,222.0,222.0,100.0,224.0,99.1071
er_000478.txt,781.0,781.0,100.0,781.0,100.0
grid_000478.txt,692.0,692.0,100.0,692.0,100.0
real_000478.txt,812.0,812.0,100.0,815.0,99.6319
ba_000479.txt,507.0,507.0,100.0,507.0,100.0
er_000479.txt,73.0,73.0,100.0,73.0,100.0
real_000479.txt,11.0,11.0,100.0,11.0,100.0
tree_000479.txt,0.0,0.0,100.0,0.0,100.0
ba_000480.txt,573.0,573.0,100.0,573.0,100.0
er_000480.txt,290.0,290.0,100.0,290.0,100.0
grid_000480.txt,386.0,386.0,100.0,388.0,99.4845
real_000480.txt,1.0,1.0,100.0,1.0,100.0
ba_000481.txt,683.0,683.0,100.0,683.0,100.0
er_000481.txt,242.0,242.0,100.0,242.0,100.0
real_000481.txt,788.0,800.0,98.5,788.0,100.0
tree_000481.txt,0.0,0.0,100.0,0.0,100.0
ba_000482.txt,226.0,226.0,100.0,239.0,94.5607
er_000482.txt,179.0,179.0,100.0,179.0,100.0
grid_000482.txt,355.0,355.0,100.0,359.0,98.8858
real_000482.txt,15.0,15.0,100.0,15.0,100.0
ba_000483.txt,212.0,212.0,100.0,227.0,93.3921
er_000483.txt,160.0,160.0,100.0,160.0,100.0
real_000483.txt,2395.0,2395.0,100.0,2552.0,93.848
tree_000483.txt,0.0,0.0,100.0,0.0,100.0
ba_000484.txt,109.0,109.0,100.0,109.0,100.0
er_000484.txt,548.0,548.0,100.0,548.0,100.0
grid_000484.txt,505.0,505.0,100.0,505.0,100.0
real_000484.txt,2.0,2.0,100.0,2.0,100.0
ba_000485.txt,521.0,521.0,100.0,521.0,100.0
er_000485.txt,245.0,245.0,100.0,245.0,100.0
real_000485.txt,9.0,9.0,100.0,9.0,100.0
tree_000485.txt,0.0,0.0,100.0,0.0,100.0
ba_000486.txt,417.0,417.0,100.0,417.0,100.0
er_000486.txt,263.0,263.0,100.0,263.0,100.0
grid_000486.txt,266.0,266.0,100.0,266.0,100.0
real_000486.txt,2123.0,2123.0,100.0,2284.0,92.951
ba_000487.txt,131.0,131.0,100.0,143.0,91.6084
er_000487.txt,907.0,907.0,100.0,907.0,100.0
real_000487.txt,2.0,2.0,100.0,2.0,100.0
tree_000487.txt,0.0,0.0,100.0,0.0,100.0
ba_000488.txt,558.0,558.0,100.0,558.0,100.0
er_000488.txt,280.0,280.0,100.0,280.0,100.0
grid_000488.txt,183.0,184.0,99.4565,183.0,100.0
real_000488.txt,10.0,10.0,100.0,10.0,100.0
ba_000489.txt,111.0,111.0,100.0,115.0,96.5217
er_000489.txt,764.0,764.0,100.0,764.0,100.0
real_000489.txt,8.0,8.0,100.0,8.0,100.0
tree_000489.txt,0.0,0.0,100.0,0.0,100.0
ba_000490.txt,706.0,706.0,100.0,706.0,100.0
er_000490.txt,26.0,26.0,100.0,26.0,100.0
grid_000490.txt,184.0,186.0,98.9247,184.0,100.0
real_000490.txt,4.0,4.0,100.0,4.0,100.0
ba_000491.txt,670.0,676.0,99.1124,670.0,100.0
er_000491.txt,723.0,723.0,100.0,723.0,100.0
real_000491.txt,1.0,1.0,100.0,1.0,100.0
tree_000491.txt,0.0,0.0,100.0,0.0,100.0
ba_000492.txt,134.0,134.0,100.0,136.0,98.5294
er_000492.txt,731.0,731.0,100.0,731.0,100.0
grid_000492.txt,818.0,818.0,100.0,818.0,100.0
real_000492.txt,11.0,11.0,100.0,11.0,100.0
ba_000493.txt,75.0,75.0,100.0,75.0,100.0
er_000493.txt,904.0,904.0,100.0,904.0,100.0
real_000493.txt,606.0,610.0,99.3443,606.0,100.0
tree_000493.txt,0.0,0.0,100.0,0.0,100.0
ba_000494.txt,58.0,60.0,96.6667,58.0,100.0
er_000494.txt,340.0,340.0,100.0,340.0,100.0
grid_000494.txt,115.0,115.0,100.0,115.0,100.0
real_000494.txt,29.0,29.0,100.0,29.0,100.0
ba_000495.txt,129.0,129.0,100.0,129.0,100.0
er_000495.txt,583.0,583.0,100.0,583.0,100.0
real_000495.txt,15.0,15.0,100.0,15.0,100.0
tree_000495.txt,0.0,0.0,100.0,0.0,100.0
ba_000496.txt,234.0,234.0,100.0,239.0,97.9079
er_000496.txt,104.0,104.0,100.0,104.0,100.0
grid_000496.txt,351.0,351.0,100.0,351.0,100.0
real_000496.txt,10.0,10.0,100.0,10.0,100.0
ba_000497.txt,118.0,118.0,100.0,120.0,98.3333
er_000497.txt,847.0,847.0,100.0,847.0,100.0
real_000497.txt,1384.0,1384.0,100.0,1475.0,93.8305
tree_000497.txt,0.0,0.0,100.0,0.0,100.0
ba_000498.txt,380.0,380.0,100.0,380.0,100.0
er_000498.txt,911.0,911.0,100.0,911.0,100.0
grid_000498.txt,148.0,148.0,100.0,148.0,100.0
real_000498.txt,11.0,11.0,100.0,11.0,100.0
ba_000499.txt,177.0,177.0,100.0,197.0,89.8477
er_000499.txt,911.0,911.0,100.0,911.0,100.0
real_000499.txt,29.0,29.0,100.0,29.0,100.0
tree_000499.txt,0.0,0.0,100.0,0.0,100.0
ba_000500.txt,621.0,621.0,100.0,621.0,100.0
er_000500.txt,312.0,317.0,98.4227,312.0,100.0
grid_000500.txt,426.0,426.0,100.0,426.0,100.0
real_000500.txt,1.0,1.0,100.0,1.0,100.0
ba_000501.txt,460.0,460.0,100.0,460.0,100.0
er_000501.txt,549.0,549.0,100.0,549.0,100.0
real_000501.txt,8.0,8.0,100.0,8.0,100.0
tree_000501.txt,0.0,0.0,100.0,0.0,100.0
ba_000502.txt,403.0,403.0,100.0,403.0,100.0
er_000502.txt,743.0,743.0,100.0,743.0,100.0
grid_000502.txt,107.0,107.0,100.0,107.0,100.0
real_000502.txt,2170.0,2170.0,100.0,2295.0,94.5534
ba_000503.txt,301.0,301.0,100.0,311.0,96.7846
er_000503.txt,57.0,57.0,100.0,57.0,100.0
real_000503.txt,2071.0,2071.0,100.0,2149.0,96.3704
tree_000503.txt,0.0,0.0,100.0,0.0,100.0
ba_000504.txt,570.0,570.0,100.0,570.0,100.0
er_000504.txt,714.0,714.0,100.0,714.0,100.0
grid_000504.txt,484.0,484.0,100.0,486.0,99.5885
real_000504.txt,4069.0,4069.0,100.0,4128.0,98.5707
ba_000505.txt,465.0,465.0,100.0,465.0,100.0
er_000505.txt,722.0,722.0,100.0,722.0,100.0
real_000505.txt,751.0,751.0,100.0,769.0,97.6593
tree_000505.txt,0.0,0.0,100.0,0.0,100.0
ba_000506.txt,87.0,90.0,96.6667,87.0,100.0
er_000506.txt,776.0,776.0,100.0,776.0,100.0
grid_000506.txt,241.0,242.0,99.5868,241.0,100.0
real_000506.txt,4.0,4.0,100.0,4.0,100.0
ba_000507.txt,412.0,412.0,100.0,412.0,100.0
er_000507.txt,579.0,579.0,100.0,579.0,100.0
real_000507.txt,4.0,4.0,100.0,4.0,100.0
tree_000507.txt,0.0,0.0,100.0,0.0,100.0
ba_000508.txt,434.0,434.0,100.0,434.0,100.0
er_000508.txt,236.0,237.0,99.5781,236.0,100.0
grid_000508.txt,258.0,260.0,99.2308,258.0,100.0
real_000508.txt,29.0,29.0,100.0,29.0,100.0
ba_000509.txt,186.0,186.0,100.0,191.0,97.3822
er_000509.txt,408.0,408.0,100.0,408.0,100.0
real_000509.txt,2.0,2.0,100.0,2.0,100.0
tree_000509.txt,0.0,0.0,100.0,0.0,100.0
ba_000510.txt,506.0,506.0,100.0,506.0,100.0
er_000510.txt,668.0,668.0,100.0,668.0,100.0
grid_000510.txt,426.0,426.0,100.0,426.0,100.0
real_000510.txt,29.0,29.0,100.0,29.0,100.0
ba_000511.txt,171.0,171.0,100.0,174.0,98.2759
er_000511.txt,292.0,297.0,98.3165,292.0,100.0
real_000511.txt,2.0,2.0,100.0,2.0,100.0
tree_000511.txt,0.0,0.0,100.0,0.0,100.0
ba_000512.txt,291.0,291.0,100.0,291.0,100.0
er_000512.txt,419.0,419.0,100.0,419.0,100.0
grid_000512.txt,300.0,300.0,100.0,302.0,99.3377
real_000512.txt,1264.0,1264.0,100.0,1267.0,99.7632
ba_000513.txt,595.0,595.0,100.0,595.0,100.0
er_000513.txt,647.0,647.0,100.0,647.0,100.0
real_000513.txt,15.0,15.0,100.0,15.0,100.0
tree_000513.txt,0.0,0.0,100.0,0.0,100.0
ba_000514.txt,343.0,343.0,100.0,343.0,100.0
er_000514.txt,693.0,693.0,100.0,693.0,100.0
grid_000514.txt,558.0,559.0,99.8211,558.0,100.0
real_000514.txt,9.0,9.0,100.0,9.0,100.0
ba_000515.txt,547.0,547.0,100.0,547.0,100.0
er_000515.txt,829.0,829.0,100.0,829.0,100.0
real_000515.txt,13.0,13.0,100.0,13.0,100.0
tree_000515.txt,0.0,0.0,100.0,0.0,100.0
ba_000516.txt,119.0,119.0,100.0,124.0,95.9677
er_000516.txt,768.0,768.0,100.0,768.0,100.0
grid_000516.txt,596.0,597.0,99.8325,596.0,100.0
real_000516.txt,7.0,7.0,100.0,7.0,100.0
ba_000517.txt,80.0,80.0,100.0,80.0,100.0
er_000517.txt,228.0,228.0,100.0,228.0,100.0
real_000517.txt,2.0,2.0,100.0,2.0,100.0
tree_000517.txt,0.0,0.0,100.0,0.0,100.0
ba_000518.txt,40.0,40.0,100.0,40.0,100.0
er_000518.txt,715.0,715.0,100.0,715.0,100.0
grid_000518.txt,92.0,93.0,98.9247,92.0,100.0
real_000518.txt,7.0,7.0,100.0,7.0,100.0
ba_000519.txt,313.0,313.0,100.0,313.0,100.0
er_000519.txt,724.0,724.0,100.0,724.0,100.0
real_000519.txt,15.0,15.0,100.0,15.0,100.0
tree_000519.txt,0.0,0.0,100.0,0.0,100.0
ba_000520.txt,171.0,171.0,100.0,180.0,95.0
er_000520.txt,389.0,389.0,100.0,389.0,100.0
grid_000520.txt,36.0,36.0,100.0,36.0,100.0
real_000520.txt,867.0,867.0,100.0,873.0,99.3127
ba_000521.txt,231.0,239.0,96.6527,231.0,100.0
er_000521.txt,325.0,325.0,100.0,325.0,100.0
real_000521.txt,1268.0,1268.0,100.0,1271.0,99.764
tree_000521.txt,0.0,0.0,100.0,0.0,100.0
ba_000522.txt,495.0,495.0,100.0,495.0,100.0
er_000522.txt,530.0,530.0,100.0,530.0,100.0
grid_000522.txt,181.0,181.0,100.0,181.0,100.0
real_000522.txt,1.0,1.0,100.0,1.0,100.0
ba_000523.txt,77.0,78.0,98.7179,77.0,100.0
er_000523.txt,553.0,553.0,100.0,553.0,100.0
real_000523.txt,2.0,2.0,100.0,2.0,100.0
tree_000523.txt,0.0,0.0,100.0,0.0,100.0
ba_000524.txt,723.0,723.0,100.0,723.0,100.0
er_000524.txt,350.0,350.0,100.0,350.0,100.0
grid_000524.txt,112.0,112.0,100.0,112.0,100.0
real_000524.txt,2.0,2.0,100.0,2.0,100.0
ba_000525.txt,148.0,148.0,100.0,163.0,90.7975
er_000525.txt,442.0,442.0,100.0,442.0,100.0
real_000525.txt,2860.0,2860.0,100.0,2871.0,99.6169
tree_000525.txt,0.0,0.0,100.0,0.0,100.0
ba_000526.txt,139.0,139.0,100.0,139.0,100.0
er_000526.txt,283.0,285.0,99.2982,283.0,100.0
grid_000526.txt,246.0,246.0,100.0,246.0,100.0
real_000526.txt,29.0,29.0,100.0,29.0,100.0
ba_000527.txt,103.0,103.0,100.0,103.0,100.0
er_000527.txt,80.0,80.0,100.0,80.0,100.0
real_000527.txt,11.0,11.0,100.0,11.0,100.0
tree_000527.txt,0.0,0.0,100.0,0.0,100.0
ba_000528.txt,44.0,44.0,100.0,45.0,97.7778
er_000528.txt,558.0,558.0,100.0,558.0,100.0
grid_000528.txt,604.0,604.0,100.0,604.0,100.0
real_000528.txt,1.0,1.0,100.0,1.0,100.0
ba_000529.txt,552.0,552.0,100.0,552.0,100.0
er_000529.txt,84.0,84.0,100.0,84.0,100.0
real_000529.txt,795.0,795.0,100.0,800.0,99.375
tree_000529.txt,0.0,0.0,100.0,0.0,100.0
ba_000530.txt,98.0,98.0,100.0,98.0,100.0
er_000530.txt,66.0,66.0,100.0,66.0,100.0
grid_000530.txt,173.0,173.0,100.0,175.0,98.8571
real_000530.txt,11.0,11.0,100.0,11.0,100.0
ba_000531.txt,262.0,262.0,100.0,262.0,100.0
er_000531.txt,19.0,19.0,100.0,19.0,100.0
real_000531.txt,2021.0,2021.0,100.0,2031.0,99.5076
tree_000531.txt,0.0,0.0,100.0,0.0,100.0
ba_000532.txt,247.0,247.0,100.0,247.0,100.0
er_000532.txt,740.0,740.0,100.0,740.0,100.0
grid_000532.txt,280.0,281.0,99.6441,280.0,100.0
real_000532.txt,10.0,10.0,100.0,10.0,100.0
ba_000533.txt,87.0,87.0,100.0,87.0,100.0
er_000533.txt,213.0,216.0,98.6111,213.0,100.0
real_000533.txt,4.0,4.0,100.0,4.0,100.0
tree_000533.txt,0.0,0.0,100.0,0.0,100.0
ba_000534.txt,195.0,195.0,100.0,215.0,90.6977
er_000534.txt,229.0,230.0,99.5652,229.0,100.0
grid_000534.txt,78.0,80.0,97.5,78.0,100.0
real_000534.txt,1037.0,1052.0,98.5741,1037.0,100.0
ba_000535.txt,65.0,65.0,100.0,65.0,100.0
er_000535.txt,445.0,445.0,100.0,445.0,100.0
real_000535.txt,4017.0,4017.0,100.0,4098.0,98.0234
tree_000535.txt,0.0,0.0,100.0,0.0,100.0
ba_000536.txt,62.0,62.0,100.0,62.0,100.0
er_000536.txt,382.0,382.0,100.0,382.0,100.0
grid_000536.txt,218.0,219.0,99.5434,218.0,100.0
real_000536.txt,3336.0,3336.0,100.0,3387.0,98.4942
ba_000537.txt,97.0,97.0,100.0,97.0,100.0
er_000537.txt,810.0,810.0,100.0,810.0,100.0
real_000537.txt,50.0,52.0,96.1538,50.0,100.0
tree_000537.txt,0.0,0.0,100.0,0.0,100.0
ba_000538.txt,211.0,211.0,100.0,211.0,100.0
er_000538.txt,576.0,576.0,100.0,576.0,100.0
grid_000538.txt,186.0,186.0,100.0,186.0,100.0
real_000538.txt,1545.0,1545.0,100.0,1545.0,100.0
ba_000539.txt,238.0,238.0,100.0,238.0,100.0
er_000539.txt,673.0,674.0,99.8516,673.0,100.0
real_000539.txt,8.0,8.0,100.0,8.0,100.0
tree_000539.txt,0.0,0.0,100.0,0.0,100.0
ba_000540.txt,188.0,188.0,100.0,188.0,100.0
er_000540.txt,154.0,154.0,100.0,154.0,100.0
grid_000540.txt,122.0,122.0,100.0,123.0,99.187
real_000540.txt,4.0,4.0,100.0,4.0,100.0
ba_000541.txt,264.0,264.0,100.0,264.0,100.0
er_000541.txt,36.0,36.0,100.0,36.0,100.0
real_000541.txt,4.0,4.0,100.0,4.0,100.0
tree_000541.txt,0.0,0.0,100.0,0.0,100.0
ba_000542.txt,121.0,121.0,100.0,121.0,100.0
er_000542.txt,945.0,947.0,99.7888,945.0,100.0
grid_000542.txt,206.0,206.0,100.0,206.0,100.0
real_000542.txt,824.0,824.0,100.0,825.0,99.8788
ba_000543.txt,107.0,111.0,96.3964,107.0,100.0
er_000543.txt,588.0,588.0,100.0,588.0,100.0
real_000543.txt,29.0,29.0,100.0,29.0,100.0
tree_000543.txt,0.0,0.0,100.0,0.0,100.0
ba_000544.txt,465.0,465.0,100.0,465.0,100.0
er_000544.txt,127.0,127.0,100.0,127.0,100.0
grid_000544.txt,388.0,388.0,100.0,388.0,100.0
real_000544.txt,987.0,988.0,99.8988,987.0,100.0
ba_000545.txt,136.0,136.0,100.0,136.0,100.0
er_000545.txt,183.0,183.0,100.0,183.0,100.0
real_000545.txt,11.0,11.0,100.0,11.0,100.0
tree_000545.txt,0.0,0.0,100.0,0.0,100.0
ba_000546.txt,190.0,190.0,100.0,191.0,99.4764
er_000546.txt,747.0,747.0,100.0,747.0,100.0
grid_000546.txt,352.0,352.0,100.0,352.0,100.0
real_000546.txt,29.0,29.0,100.0,29.0,100.0
ba_000547.txt,518.0,518.0,100.0,518.0,100.0
er_000547.txt,396.0,396.0,100.0,396.0,100.0
real_000547.txt,668.0,684.0,97.6608,668.0,100.0
tree_000547.txt,0.0,0.0,100.0,0.0,100.0
ba_000548.txt,164.0,164.0,100.0,191.0,85.8639
er_000548.txt,687.0,687.0,100.0,687.0,100.0
grid_000548.txt,335.0,335.0,100.0,335.0,100.0
real_000548.txt,362.0,366.0,98.9071,362.0,100.0
ba_000549.txt,94.0,94.0,100.0,94.0,100.0
er_000549.txt,803.0,803.0,100.0,803.0,100.0
real_000549.txt,2.0,2.0,100.0,2.0,100.0
tree_000549.txt,0.0,0.0,100.0,0.0,100.0
ba_000550.txt,306.0,306.0,100.0,306.0,100.0
er_000550.txt,922.0,922.0,100.0,922.0,100.0
grid_000550.txt,100.0,101.0,99.0099,100.0,100.0
real_000550.txt,1445.0,1449.0,99.7239,1445.0,100.0
ba_000551.txt,47.0,48.0,97.9167,47.0,100.0
er_000551.txt,17.0,17.0,100.0,17.0,100.0
real_000551.txt,1.0,1.0,100.0,1.0,100.0
tree_000551.txt,0.0,0.0,100.0,0.0,100.0
ba_000552.txt,367.0,367.0,100.0,367.0,100.0
er_000552.txt,309.0,310.0,99.6774,309.0,100.0
grid_000552.txt,376.0,376.0,100.0,378.0,99.4709
real_000552.txt,15.0,15.0,100.0,15.0,100.0
ba_000553.txt,526.0,526.0,100.0,526.0,100.0
er_000553.txt,104.0,104.0,100.0,104.0,100.0
real_000553.txt,1.0,1.0,100.0,1.0,100.0
tree_000553.txt,0.0,0.0,100.0,0.0,100.0
ba_000554.txt,438.0,438.0,100.0,438.0,100.0
er_000554.txt,296.0,301.0,98.3389,296.0,100.0
grid_000554.txt,51.0,51.0,100.0,52.0,98.0769
real_000554.txt,29.0,29.0,100.0,29.0,100.0
ba_000555.txt,152.0,152.0,100.0,167.0,91.018
er_000555.txt,44.0,44.0,100.0,44.0,100.0
real_000555.txt,136.0,136.0,100.0,137.0,99.2701
tree_000555.txt,0.0,0.0,100.0,0.0,100.0
ba_000556.txt,221.0,221.0,100.0,221.0,100.0
er_000556.txt,180.0,180.0,100.0,180.0,100.0
grid_000556.txt,653.0,653.0,100.0,653.0,100.0
real_000556.txt,8.0,8.0,100.0,8.0,100.0
ba_000557.txt,87.0,87.0,100.0,91.0,95.6044
er_000557.txt,115.0,115.0,100.0,115.0,100.0
real_000557.txt,955.0,989.0,96.5622,955.0,100.0
tree_000557.txt,0.0,0.0,100.0,0.0,100.0
ba_000558.txt,141.0,141.0,100.0,150.0,94.0
er_000558.txt,70.0,70.0,100.0,70.0,100.0
grid_000558.txt,472.0,475.0,99.3684,472.0,100.0
real_000558.txt,3481.0,3481.0,100.0,3693.0,94.2594
ba_000559.txt,604.0,604.0,100.0,604.0,100.0
er_000559.txt,368.0,368.0,100.0,368.0,100.0
real_000559.txt,1.0,1.0,100.0,1.0,100.0
tree_000559.txt,0.0,0.0,100.0,0.0,100.0
ba_000560.txt,157.0,157.0,100.0,157.0,100.0
er_000560.txt,797.0,797.0,100.0,797.0,100.0
grid_000560.txt,436.0,436.0,100.0,436.0,100.0
real_000560.txt,11.0,11.0,100.0,11.0,100.0
ba_000561.txt,475.0,480.0,98.9583,475.0,100.0
er_000561.txt,540.0,541.0,99.8152,540.0,100.0
real_000561.txt,3988.0,3988.0,100.0,4044.0,98.6152
tree_000561.txt,0.0,0.0,100.0,0.0,100.0
ba_000562.txt,54.0,54.0,100.0,57.0,94.7368
er_000562.txt,789.0,789.0,100.0,789.0,100.0
grid_000562.txt,144.0,144.0,100.0,145.0,99.3103
real_000562.txt,13.0,13.0,100.0,13.0,100.0
ba_000563.txt,176.0,176.0,100.0,182.0,96.7033
er_000563.txt,841.0,841.0,100.0,841.0,100.0
real_000563.txt,3713.0,3713.0,100.0,3779.0,98.2535
tree_000563.txt,0.0,0.0,100.0,0.0,100.0
ba_000564.txt,92.0,94.0,97.8723,92.0,100.0
er_000564.txt,56.0,56.0,100.0,56.0,100.0
grid_000564.txt,476.0,476.0,100.0,476.0,100.0
real_000564.txt,3166.0,3166.0,100.0,3307.0,95.7363
ba_000565.txt,187.0,187.0,100.0,198.0,94.4444
er_000565.txt,94.0,94.0,100.0,94.0,100.0
real_000565.txt,8.0,8.0,100.0,8.0,100.0
tree_000565.txt,0.0,0.0,100.0,0.0,100.0
ba_000566.txt,236.0,236.0,100.0,236.0,100.0
er_000566.txt,512.0,512.0,100.0,512.0,100.0
grid_000566.txt,152.0,152.0,100.0,152.0,100.0
real_000566.txt,1.0,1.0,100.0,1.0,100.0
ba_000567.txt,402.0,402.0,100.0,402.0,100.0
er_000567.txt,658.0,658.0,100.0,658.0,100.0
real_000567.txt,1482.0,1491.0,99.3964,1482.0,100.0
tree_000567.txt,0.0,0.0,100.0,0.0,100.0
ba_000568.txt,507.0,507.0,100.0,507.0,100.0
er_000568.txt,886.0,886.0,100.0,886.0,100.0
grid_000568.txt,505.0,506.0,99.8024,505.0,100.0
real_000568.txt,15.0,15.0,100.0,15.0,100.0
ba_000569.txt,112.0,112.0,100.0,112.0,100.0
er_000569.txt,409.0,409.0,100.0,409.0,100.0
real_000569.txt,46.0,46.0,100.0,47.0,97.8723
tree_000569.txt,0.0,0.0,100.0,0.0,100.0
ba_000570.txt,584.0,584.0,100.0,584.0,100.0
er_000570.txt,585.0,585.0,100.0,585.0,100.0
grid_000570.txt,372.0,375.0,99.2,372.0,100.0
real_000570.txt,29.0,29.0,100.0,29.0,100.0
ba_000571.txt,18.0,18.0,100.0,18.0,100.0
er_000571.txt,532.0,532.0,100.0,532.0,100.0
real_000571.txt,2611.0,2611.0,100.0,2703.0,96.5964
tree_000571.txt,0.0,0.0,100.0,0.0,100.0
ba_000572.txt,134.0,134.0,100.0,134.0,100.0
er_000572.txt,40.0,40.0,100.0,42.0,95.2381
grid_000572.txt,143.0,143.0,100.0,144.0,99.3056
real_000572.txt,2382.0,2382.0,100.0,2441.0,97.583
ba_000573.txt,367.0,367.0,100.0,367.0,100.0
er_000573.txt,746.0,746.0,100.0,746.0,100.0
real_000573.txt,1264.0,1279.0,98.8272,1264.0,100.0
tree_000573.txt,0.0,0.0,100.0,0.0,100.0
ba_000574.txt,58.0,61.0,95.082,58.0,100.0
er_000574.txt,410.0,410.0,100.0,410.0,100.0
grid_000574.txt,43.0,43.0,100.0,45.0,95.5556
real_000574.txt,9.0,9.0,100.0,9.0,100.0
ba_000575.txt,250.0,250.0,100.0,250.0,100.0
er_000575.txt,67.0,67.0,100.0,67.0,100.0
real_000575.txt,2.0,2.0,100.0,2.0,100.0
tree_000575.txt,0.0,0.0,100.0,0.0,100.0
ba_000576.txt,389.0,389.0,100.0,389.0,100.0
er_000576.txt,778.0,778.0,100.0,778.0,100.0
grid_000576.txt,453.0,454.0,99.7797,453.0,100.0
real_000576.txt,9.0,9.0,100.0,9.0,100.0
ba_000577.txt,150.0,150.0,100.0,166.0,90.3614
er_000577.txt,151.0,151.0,100.0,151.0,100.0
real_000577.txt,1251.0,1252.0,99.9201,1251.0,100.0
tree_000577.txt,0.0,0.0,100.0,0.0,100.0
ba_000578.txt,123.0,123.0,100.0,123.0,100.0
er_000578.txt,917.0,917.0,100.0,917.0,100.0
grid_000578.txt,225.0,225.0,100.0,226.0,99.5575
real_000578.txt,756.0,756.0,100.0,773.0,97.8008
ba_000579.txt,183.0,183.0,100.0,195.0,93.8462
er_000579.txt,925.0,925.0,100.0,925.0,100.0
real_000579.txt,1079.0,1079.0,100.0,1083.0,99.6307
tree_000579.txt,0.0,0.0,100.0,0.0,100.0
ba_000580.txt,529.0,529.0,100.0,529.0,100.0
er_000580.txt,125.0,125.0,100.0,125.0,100.0
grid_000580.txt,129.0,129.0,100.0,129.0,100.0
real_000580.txt,1.0,1.0,100.0,1.0,100.0
ba_000581.txt,384.0,384.0,100.0,384.0,100.0
er_000581.txt,79.0,79.0,100.0,79.0,100.0
real_000581.txt,2.0,2.0,100.0,2.0,100.0
tree_000581.txt,0.0,0.0,100.0,0.0,100.0
ba_000582.txt,548.0,548.0,100.0,548.0,100.0
er_000582.txt,429.0,429.0,100.0,429.0,100.0
grid_000582.txt,226.0,226.0,100.0,227.0,99.5595
real_000582.txt,1701.0,1701.0,100.0,1762.0,96.538
ba_000583.txt,69.0,69.0,100.0,73.0,94.5205
er_000583.txt,918.0,918.0,100.0,918.0,100.0
real_000583.txt,2.0,2.0,100.0,2.0,100.0
tree_000583.txt,0.0,0.0,100.0,0.0,100.0
ba_000584.txt,180.0,180.0,100.0,180.0,100.0
er_000584.txt,96.0,96.0,100.0,96.0,100.0
grid_000584.txt,137.0,138.0,99.2754,137.0,100.0
real_000584.txt,1397.0,1397.0,100.0,1406.0,99.3599
ba_000585.txt,124.0,124.0,100.0,124.0,100.0
er_000585.txt,137.0,137.0,100.0,137.0,100.0
real_000585.txt,599.0,599.0,100.0,603.0,99.3367
tree_000585.txt,0.0,0.0,100.0,0.0,100.0
ba_000586.txt,316.0,316.0,100.0,316.0,100.0
er_000586.txt,575.0,575.0,100.0,575.0,100.0
grid_000586.txt,176.0,176.0,100.0,176.0,100.0
real_000586.txt,893.0,893.0,100.0,893.0,100.0
ba_000587.txt,50.0,52.0,96.1538,50.0,100.0
er_000587.txt,791.0,791.0,100.0,791.0,100.0
real_000587.txt,10.0,10.0,100.0,10.0,100.0
tree_000587.txt,0.0,0.0,100.0,0.0,100.0
ba_000588.txt,311.0,311.0,100.0,311.0,100.0
er_000588.txt,527.0,528.0,99.8106,527.0,100.0
grid_000588.txt,530.0,530.0,100.0,532.0,99.6241
real_000588.txt,3303.0,3303.0,100.0,3367.0,98.0992
ba_000589.txt,88.0,88.0,100.0,88.0,100.0
er_000589.txt,69.0,69.0,100.0,69.0,100.0
real_000589.txt,452.0,452.0,100.0,460.0,98.2609
tree_000589.txt,0.0,0.0,100.0,0.0,100.0
ba_000590.txt,345.0,345.0,100.0,345.0,100.0
er_000590.txt,585.0,585.0,100.0,585.0,100.0
grid_000590.txt,675.0,675.0,100.0,675.0,100.0
real_000590.txt,2.0,2.0,100.0,2.0,100.0
ba_000591.txt,71.0,71.0,100.0,73.0,97.2603
er_000591.txt,179.0,179.0,100.0,179.0,100.0
real_000591.txt,8.0,8.0,100.0,8.0,100.0
tree_000591.txt,0.0,0.0,100.0,0.0,100.0
ba_000592.txt,49.0,49.0,100.0,50.0,98.0
er_000592.txt,434.0,434.0,100.0,434.0,100.0
grid_000592.txt,278.0,279.0,99.6416,278.0,100.0
real_000592.txt,2571.0,2571.0,100.0,2626.0,97.9056
ba_000593.txt,543.0,543.0,100.0,543.0,100.0
er_000593.txt,251.0,254.0,98.8189,251.0,100.0
real_000593.txt,2872.0,2872.0,100.0,2924.0,98.2216
tree_000593.txt,0.0,0.0,100.0,0.0,100.0
ba_000594.txt,160.0,160.0,100.0,176.0,90.9091
er_000594.txt,285.0,285.0,100.0,285.0,100.0
grid_000594.txt,452.0,453.0,99.7792,452.0,100.0
real_000594.txt,9.0,9.0,100.0,9.0,100.0
ba_000595.txt,383.0,383.0,100.0,383.0,100.0
er_000595.txt,248.0,248.0,100.0,248.0,100.0
real_000595.txt,29.0,29.0,100.0,29.0,100.0
tree_000595.txt,0.0,0.0,100.0,0.0,100.0
ba_000596.txt,508.0,508.0,100.0,508.0,100.0
er_000596.txt,866.0,866.0,100.0,866.0,100.0
grid_000596.txt,78.0,79.0,98.7342,78.0,100.0
real_000596.txt,70.0,70.0,100.0,70.0,100.0
ba_000597.txt,577.0,577.0,100.0,577.0,100.0
er_000597.txt,385.0,385.0,100.0,385.0,100.0
real_000597.txt,1.0,1.0,100.0,1.0,100.0
tree_000597.txt,0.0,0.0,100.0,0.0,100.0
ba_000598.txt,615.0,615.0,100.0,615.0,100.0
er_000598.txt,493.0,493.0,100.0,493.0,100.0
grid_000598.txt,723.0,724.0,99.8619,723.0,100.0
real_000598.txt,11.0,11.0,100.0,11.0,100.0
ba_000599.txt,643.0,643.0,100.0,643.0,100.0
er_000599.txt,678.0,678.0,100.0,678.0,100.0
real_000599.txt,2.0,2.0,100.0,2.0,100.0
tree_000599.txt,0.0,0.0,100.0,0.0,100.0
ba_000600.txt,501.0,501.0,100.0,501.0,100.0
er_000600.txt,532.0,532.0,100.0,532.0,100.0
grid_000600.txt,137.0,137.0,100.0,138.0,99.2754
real_000600.txt,2.0,2.0,100.0,2.0,100.0
ba_000601.txt,362.0,362.0,100.0,362.0,100.0
er_000601.txt,767.0,767.0,100.0,767.0,100.0
real_000601.txt,2.0,2.0,100.0,2.0,100.0
tree_000601.txt,0.0,0.0,100.0,0.0,100.0
ba_000602.txt,195.0,195.0,100.0,195.0,100.0
er_000602.txt,258.0,260.0,99.2308,258.0,100.0
grid_000602.txt,197.0,197.0,100.0,197.0,100.0
real_000602.txt,952.0,952.0,100.0,960.0,99.1667
ba_000603.txt,80.0,80.0,100.0,83.0,96.3855
er_000603.txt,451.0,451.0,100.0,451.0,100.0
real_000603.txt,1.0,1.0,100.0,1.0,100.0
tree_000603.txt,0.0,0.0,100.0,0.0,100.0
ba_000604.txt,184.0,184.0,100.0,191.0,96.3351
er_000604.txt,238.0,238.0,100.0,238.0,100.0
grid_000604.txt,300.0,301.0,99.6678,300.0,100.0
real_000604.txt,2.0,2.0,100.0,2.0,100.0
ba_000605.txt,57.0,57.0,100.0,60.0,95.0
er_000605.txt,802.0,802.0,100.0,802.0,100.0
real_000605.txt,10.0,10.0,100.0,10.0,100.0
tree_000605.txt,0.0,0.0,100.0,0.0,100.0
ba_000606.txt,108.0,108.0,100.0,108.0,100.0
er_000606.txt,81.0,81.0,100.0,81.0,100.0
grid_000606.txt,134.0,134.0,100.0,135.0,99.2593
real_000606.txt,3353.0,3353.0,100.0,3455.0,97.0478
ba_000607.txt,598.0,598.0,100.0,598.0,100.0
er_000607.txt,850.0,850.0,100.0,850.0,100.0
real_000607.txt,10.0,10.0,100.0,10.0,100.0
tree_000607.txt,0.0,0.0,100.0,0.0,100.0
ba_000608.txt,185.0,185.0,100.0,185.0,100.0
er_000608.txt,77.0,77.0,100.0,77.0,100.0
grid_000608.txt,280.0,280.0,100.0,282.0,99.2908
real_000608.txt,275.0,275.0,100.0,290.0,94.8276
ba_000609.txt,414.0,414.0,100.0,414.0,100.0
er_000609.txt,669.0,669.0,100.0,669.0,100.0
real_000609.txt,186.0,186.0,100.0,203.0,91.6256
tree_000609.txt,0.0,0.0,100.0,0.0,100.0
ba_000610.txt,182.0,182.0,100.0,183.0,99.4536
er_000610.txt,771.0,771.0,100.0,771.0,100.0
grid_000610.txt,147.0,147.0,100.0,148.0,99.3243
real_000610.txt,802.0,802.0,100.0,805.0,99.6273
ba_000611.txt,34.0,34.0,100.0,35.0,97.1429
er_000611.txt,72.0,72.0,100.0,72.0,100.0
real_000611.txt,1579.0,1579.0,100.0,1713.0,92.1775
tree_000611.txt,0.0,0.0,100.0,0.0,100.0
ba_000612.txt,191.0,191.0,100.0,191.0,100.0
er_000612.txt,117.0,117.0,100.0,117.0,100.0
grid_000612.txt,174.0,176.0,98.8636,174.0,100.0
real_000612.txt,759.0,759.0,100.0,778.0,97.5578
ba_000613.txt,157.0,157.0,100.0,198.0,79.2929
er_000613.txt,269.0,272.0,98.8971,269.0,100.0
real_000613.txt,692.0,700.0,98.8571,692.0,100.0
tree_000613.txt,0.0,0.0,100.0,0.0,100.0
ba_000614.txt,432.0,432.0,100.0,432.0,100.0
er_000614.txt,94.0,94.0,100.0,94.0,100.0
grid_000614.txt,422.0,422.0,100.0,422.0,100.0
real_000614.txt,4.0,4.0,100.0,4.0,100.0
ba_000615.txt,148.0,148.0,100.0,151.0,98.0132
er_000615.txt,201.0,201.0,100.0,201.0,100.0
real_000615.txt,2.0,2.0,100.0,2.0,100.0
tree_000615.txt,0.0,0.0,100.0,0.0,100.0
ba_000616.txt,76.0,76.0,100.0,76.0,100.0
er_000616.txt,609.0,609.0,100.0,609.0,100.0
grid_000616.txt,95.0,95.0,100.0,96.0,98.9583
real_000616.txt,2.0,2.0,100.0,2.0,100.0
ba_000617.txt,135.0,135.0,100.0,142.0,95.0704
er_000617.txt,816.0,816.0,100.0,816.0,100.0
real_000617.txt,8.0,8.0,100.0,8.0,100.0
tree_000617.txt,0.0,0.0,100.0,0.0,100.0
ba_000618.txt,319.0,319.0,100.0,319.0,100.0
er_000618.txt,98.0,98.0,100.0,98.0,100.0
grid_000618.txt,59.0,60.0,98.3333,59.0,100.0
real_000618.txt,2.0,2.0,100.0,2.0,100.0
ba_000619.txt,369.0,369.0,100.0,369.0,100.0
er_000619.txt,473.0,473.0,100.0,473.0,100.0
real_000619.txt,585.0,585.0,100.0,586.0,99.8294
tree_000619.txt,0.0,0.0,100.0,0.0,100.0
ba_000620.txt,353.0,353.0,100.0,353.0,100.0
er_000620.txt,735.0,735.0,100.0,735.0,100.0
grid_000620.txt,88.0,88.0,100.0,88.0,100.0
real_000620.txt,735.0,735.0,100.0,746.0,98.5255
ba_000621.txt,292.0,292.0,100.0,292.0,100.0
er_000621.txt,266.0,268.0,99.2537,266.0,100.0
real_000621.txt,15.0,15.0,100.0,15.0,100.0
tree_000621.txt,0.0,0.0,100.0,0.0,100.0
ba_000622.txt,163.0,163.0,100.0,183.0,89.071
er_000622.txt,412.0,412.0,100.0,412.0,100.0
grid_000622.txt,381.0,382.0,99.7382,381.0,100.0
real_000622.txt,10.0,10.0,100.0,10.0,100.0
ba_000623.txt,195.0,195.0,100.0,195.0,100.0
er_000623.txt,105.0,105.0,100.0,105.0,100.0
real_000623.txt,114.0,114.0,100.0,114.0,100.0
tree_000623.txt,0.0,0.0,100.0,0.0,100.0
ba_000624.txt,462.0,462.0,100.0,462.0,100.0
er_000624.txt,148.0,148.0,100.0,148.0,100.0
grid_000624.txt,193.0,193.0,100.0,193.0,100.0
real_000624.txt,9.0,9.0,100.0,9.0,100.0
ba_000625.txt,165.0,166.0,99.3976,165.0,100.0
er_000625.txt,626.0,626.0,100.0,626.0,100.0
real_000625.txt,15.0,15.0,100.0,15.0,100.0
tree_000625.txt,0.0,0.0,100.0,0.0,100.0
ba_000626.txt,82.0,82.0,100.0,82.0,100.0
er_000626.txt,488.0,488.0,100.0,488.0,100.0
grid_000626.txt,717.0,718.0,99.8607,717.0,100.0
real_000626.txt,29.0,29.0,100.0,29.0,100.0
ba_000627.txt,636.0,636.0,100.0,636.0,100.0
er_000627.txt,285.0,286.0,99.6503,285.0,100.0
real_000627.txt,1801.0,1801.0,100.0,1809.0,99.5578
tree_000627.txt,0.0,0.0,100.0,0.0,100.0
ba_000628.txt,40.0,40.0,100.0,40.0,100.0
er_000628.txt,634.0,634.0,100.0,634.0,100.0
grid_000628.txt,429.0,430.0,99.7674,429.0,100.0
real_000628.txt,2430.0,2430.0,100.0,2498.0,97.2778
ba_000629.txt,402.0,402.0,100.0,402.0,100.0
er_000629.txt,322.0,322.0,100.0,322.0,100.0
real_000629.txt,4.0,4.0,100.0,4.0,100.0
tree_000629.txt,0.0,0.0,100.0,0.0,100.0
ba_000630.txt,107.0,107.0,100.0,107.0,100.0
er_000630.txt,820.0,820.0,100.0,820.0,100.0
grid_000630.txt,92.0,92.0,100.0,93.0,98.9247
real_000630.txt,70.0,72.0,97.2222,70.0,100.0
ba_000631.txt,380.0,380.0,100.0,380.0,100.0
er_000631.txt,171.0,171.0,100.0,171.0,100.0
real_000631.txt,65.0,65.0,100.0,66.0,98.4848
tree_000631.txt,0.0,0.0,100.0,0.0,100.0
ba_000632.txt,35.0,35.0,100.0,37.0,94.5946
er_000632.txt,52.0,54.0,96.2963,52.0,100.0
grid_000632.txt,446.0,447.0,99.7763,446.0,100.0
real_000632.txt,1.0,1.0,100.0,1.0,100.0
ba_000633.txt,108.0,108.0,100.0,108.0,100.0
er_000633.txt,139.0,139.0,100.0,139.0,100.0
real_000633.txt,15.0,15.0,100.0,15.0,100.0
tree_000633.txt,0.0,0.0,100.0,0.0,100.0
ba_000634.txt,140.0,140.0,100.0,140.0,100.0
er_000634.txt,62.0,62.0,100.0,62.0,100.0
grid_000634.txt,152.0,152.0,100.0,152.0,100.0
real_000634.txt,9.0,9.0,100.0,9.0,100.0
ba_000635.txt,108.0,108.0,100.0,108.0,100.0
er_000635.txt,864.0,864.0,100.0,864.0,100.0
real_000635.txt,1455.0,1465.0,99.3174,1455.0,100.0
tree_000635.txt,0.0,0.0,100.0,0.0,100.0
ba_000636.txt,272.0,272.0,100.0,272.0,100.0
er_000636.txt,581.0,581.0,100.0,581.0,100.0
grid_000636.txt,453.0,453.0,100.0,454.0,99.7797
real_000636.txt,1.0,1.0,100.0,1.0,100.0
ba_000637.txt,76.0,76.0,100.0,76.0,100.0
er_000637.txt,193.0,193.0,100.0,193.0,100.0
real_000637.txt,10.0,10.0,100.0,10.0,100.0
tree_000637.txt,0.0,0.0,100.0,0.0,100.0
ba_000638.txt,460.0,460.0,100.0,460.0,100.0
er_000638.txt,169.0,169.0,100.0,169.0,100.0
grid_000638.txt,103.0,103.0,100.0,103.0,100.0
real_000638.txt,9.0,9.0,100.0,9.0,100.0
ba_000639.txt,208.0,208.0,100.0,208.0,100.0
er_000639.txt,447.0,447.0,100.0,447.0,100.0
real_000639.txt,7.0,7.0,100.0,7.0,100.0
tree_000639.txt,0.0,0.0,100.0,0.0,100.0
ba_000640.txt,146.0,146.0,100.0,146.0,100.0
er_000640.txt,372.0,372.0,100.0,372.0,100.0
grid_000640.txt,236.0,236.0,100.0,237.0,99.5781
real_000640.txt,29.0,29.0,100.0,29.0,100.0
ba_000641.txt,130.0,130.0,100.0,135.0,96.2963
er_000641.txt,203.0,203.0,100.0,203.0,100.0
real_000641.txt,1472.0,1472.0,100.0,1473.0,99.9321
tree_000641.txt,0.0,0.0,100.0,0.0,100.0
ba_000642.txt,116.0,116.0,100.0,116.0,100.0
er_000642.txt,788.0,788.0,100.0,788.0,100.0
grid_000642.txt,58.0,58.0,100.0,59.0,98.3051
real_000642.txt,2694.0,2694.0,100.0,2795.0,96.3864
ba_000643.txt,235.0,235.0,100.0,235.0,100.0
er_000643.txt,358.0,358.0,100.0,358.0,100.0
real_000643.txt,1.0,1.0,100.0,1.0,100.0
tree_000643.txt,0.0,0.0,100.0,0.0,100.0
ba_000644.txt,184.0,184.0,100.0,184.0,100.0
er_000644.txt,491.0,491.0,100.0,491.0,100.0
grid_000644.txt,130.0,130.0,100.0,130.0,100.0
real_000644.txt,10.0,10.0,100.0,10.0,100.0
ba_000645.txt,534.0,534.0,100.0,534.0,100.0
er_000645.txt,878.0,878.0,100.0,878.0,100.0
real_000645.txt,15.0,15.0,100.0,15.0,100.0
tree_000645.txt,0.0,0.0,100.0,0.0,100.0
ba_000646.txt,580.0,580.0,100.0,580.0,100.0
er_000646.txt,694.0,694.0,100.0,694.0,100.0
grid_000646.txt,596.0,597.0,99.8325,596.0,100.0
real_000646.txt,710.0,710.0,100.0,719.0,98.7483
ba_000647.txt,106.0,106.0,100.0,106.0,100.0
er_000647.txt,394.0,394.0,100.0,394.0,100.0
real_000647.txt,9.0,9.0,100.0,9.0,100.0
tree_000647.txt,0.0,0.0,100.0,0.0,100.0
ba_000648.txt,152.0,152.0,100.0,152.0,100.0
er_000648.txt,681.0,681.0,100.0,681.0,100.0
grid_000648.txt,103.0,104.0,99.0385,103.0,100.0
real_000648.txt,2.0,2.0,100.0,2.0,100.0
ba_000649.txt,585.0,585.0,100.0,585.0,100.0
er_000649.txt,457.0,457.0,100.0,457.0,100.0
real_000649.txt,1.0,1.0,100.0,1.0,100.0
tree_000649.txt,0.0,0.0,100.0,0.0,100.0
ba_000650.txt,60.0,60.0,100.0,62.0,96.7742
er_000650.txt,200.0,200.0,100.0,200.0,100.0
grid_000650.txt,339.0,339.0,100.0,339.0,100.0
real_000650.txt,1127.0,1127.0,100.0,1127.0,100.0
ba_000651.txt,82.0,82.0,100.0,82.0,100.0
er_000651.txt,439.0,439.0,100.0,439.0,100.0
real_000651.txt,2.0,2.0,100.0,2.0,100.0
tree_000651.txt,0.0,0.0,100.0,0.0,100.0
ba_000652.txt,303.0,303.0,100.0,303.0,100.0
er_000652.txt,30.0,30.0,100.0,30.0,100.0
grid_000652.txt,254.0,254.0,100.0,254.0,100.0
real_000652.txt,1256.0,1257.0,99.9204,1256.0,100.0
ba_000653.txt,118.0,118.0,100.0,118.0,100.0
er_000653.txt,26.0,27.0,96.2963,26.0,100.0
real_000653.txt,892.0,892.0,100.0,896.0,99.5536
tree_000653.txt,0.0,0.0,100.0,0.0,100.0
ba_000654.txt,93.0,93.0,100.0,93.0,100.0
er_000654.txt,555.0,555.0,100.0,555.0,100.0
grid_000654.txt,372.0,376.0,98.9362,372.0,100.0
real_000654.txt,15.0,15.0,100.0,15.0,100.0
ba_000655.txt,123.0,123.0,100.0,123.0,100.0
er_000655.txt,573.0,573.0,100.0,573.0,100.0
real_000655.txt,3392.0,3392.0,100.0,3481.0,97.4433
tree_000655.txt,0.0,0.0,100.0,0.0,100.0
ba_000656.txt,525.0,525.0,100.0,525.0,100.0
er_000656.txt,281.0,281.0,100.0,281.0,100.0
grid_000656.txt,87.0,87.0,100.0,88.0,98.8636
real_000656.txt,2.0,2.0,100.0,2.0,100.0
ba_000657.txt,497.0,497.0,100.0,497.0,100.0
er_000657.txt,469.0,469.0,100.0,469.0,100.0
real_000657.txt,13.0,13.0,100.0,13.0,100.0
tree_000657.txt,0.0,0.0,100.0,0.0,100.0
ba_000658.txt,495.0,495.0,100.0,495.0,100.0
er_000658.txt,524.0,524.0,100.0,524.0,100.0
grid_000658.txt,192.0,192.0,100.0,193.0,99.4819
real_000658.txt,3387.0,3387.0,100.0,3488.0,97.1044
ba_000659.txt,63.0,65.0,96.9231,63.0,100.0
er_000659.txt,666.0,666.0,100.0,666.0,100.0
real_000659.txt,9.0,9.0,100.0,9.0,100.0
tree_000659.txt,0.0,0.0,100.0,0.0,100.0
ba_000660.txt,556.0,556.0,100.0,556.0,100.0
er_000660.txt,54.0,54.0,100.0,54.0,100.0
grid_000660.txt,259.0,260.0,99.6154,259.0,100.0
real_000660.txt,2.0,2.0,100.0,2.0,100.0
ba_000661.txt,307.0,307.0,100.0,307.0,100.0
er_000661.txt,248.0,252.0,98.4127,248.0,100.0
real_000661.txt,2.0,2.0,100.0,2.0,100.0
tree_000661.txt,0.0,0.0,100.0,0.0,100.0
ba_000662.txt,513.0,513.0,100.0,513.0,100.0
er_000662.txt,664.0,665.0,99.8496,664.0,100.0
grid_000662.txt,190.0,190.0,100.0,191.0,99.4764
real_000662.txt,2007.0,2007.0,100.0,2096.0,95.7538
ba_000663.txt,269.0,269.0,100.0,269.0,100.0
er_000663.txt,872.0,873.0,99.8855,872.0,100.0
real_000663.txt,15.0,15.0,100.0,15.0,100.0
tree_000663.txt,0.0,0.0,100.0,0.0,100.0
ba_000664.txt,409.0,409.0,100.0,409.0,100.0
er_000664.txt,872.0,872.0,100.0,872.0,100.0
grid_000664.txt,147.0,150.0,98.0,147.0,100.0
real_000664.txt,4.0,4.0,100.0,4.0,100.0
ba_000665.txt,279.0,279.0,100.0,279.0,100.0
er_000665.txt,426.0,426.0,100.0,426.0,100.0
real_000665.txt,1759.0,1761.0,99.8864,1759.0,100.0
tree_000665.txt,0.0,0.0,100.0,0.0,100.0
ba_000666.txt,384.0,393.0,97.7099,384.0,100.0
er_000666.txt,133.0,133.0,100.0,133.0,100.0
grid_000666.txt,502.0,502.0,100.0,503.0,99.8012
real_000666.txt,1299.0,1299.0,100.0,1302.0,99.7696
ba_000667.txt,194.0,194.0,100.0,194.0,100.0
er_000667.txt,806.0,806.0,100.0,806.0,100.0
real_000667.txt,141.0,149.0,94.6309,141.0,100.0
tree_000667.txt,0.0,0.0,100.0,0.0,100.0
ba_000668.txt,203.0,203.0,100.0,203.0,100.0
er_000668.txt,518.0,518.0,100.0,518.0,100.0
grid_000668.txt,146.0,146.0,100.0,146.0,100.0
real_000668.txt,8.0,8.0,100.0,8.0,100.0
ba_000669.txt,135.0,135.0,100.0,154.0,87.6623
er_000669.txt,248.0,248.0,100.0,248.0,100.0
real_000669.txt,8.0,8.0,100.0,8.0,100.0
tree_000669.txt,0.0,0.0,100.0,0.0,100.0
ba_000670.txt,285.0,285.0,100.0,285.0,100.0
er_000670.txt,736.0,736.0,100.0,736.0,100.0
grid_000670.txt,473.0,478.0,98.954,473.0,100.0
real_000670.txt,11.0,11.0,100.0,11.0,100.0
ba_000671.txt,389.0,389.0,100.0,389.0,100.0
er_000671.txt,649.0,649.0,100.0,649.0,100.0
real_000671.txt,7.0,7.0,100.0,7.0,100.0
tree_000671.txt,0.0,0.0,100.0,0.0,100.0
ba_000672.txt,162.0,162.0,100.0,169.0,95.858
er_000672.txt,72.0,72.0,100.0,72.0,100.0
grid_000672.txt,225.0,225.0,100.0,226.0,99.5575
real_000672.txt,8.0,8.0,100.0,8.0,100.0
ba_000673.txt,67.0,67.0,100.0,68.0,98.5294
er_000673.txt,236.0,237.0,99.5781,236.0,100.0
real_000673.txt,1231.0,1256.0,98.0096,1231.0,100.0
tree_000673.txt,0.0,0.0,100.0,0.0,100.0
ba_000674.txt,199.0,199.0,100.0,199.0,100.0
er_000674.txt,422.0,422.0,100.0,422.0,100.0
grid_000674.txt,181.0,181.0,100.0,181.0,100.0
real_000674.txt,1077.0,1089.0,98.8981,1077.0,100.0
ba_000675.txt,527.0,527.0,100.0,527.0,100.0
er_000675.txt,263.0,264.0,99.6212,263.0,100.0
real_000675.txt,4.0,4.0,100.0,4.0,100.0
tree_000675.txt,0.0,0.0,100.0,0.0,100.0
ba_000676.txt,536.0,536.0,100.0,536.0,100.0
er_000676.txt,187.0,187.0,100.0,187.0,100.0
grid_000676.txt,235.0,235.0,100.0,236.0,99.5763
real_000676.txt,1945.0,1945.0,100.0,2019.0,96.3348
ba_000677.txt,722.0,722.0,100.0,722.0,100.0
er_000677.txt,934.0,934.0,100.0,934.0,100.0
real_000677.txt,4.0,4.0,100.0,4.0,100.0
tree_000677.txt,0.0,0.0,100.0,0.0,100.0
ba_000678.txt,553.0,553.0,100.0,553.0,100.0
er_000678.txt,384.0,384.0,100.0,384.0,100.0
grid_000678.txt,105.0,108.0,97.2222,105.0,100.0
real_000678.txt,511.0,511.0,100.0,514.0,99.4163
ba_000679.txt,310.0,310.0,100.0,310.0,100.0
er_000679.txt,208.0,208.0,100.0,208.0,100.0
real_000679.txt,1.0,1.0,100.0,1.0,100.0
tree_000679.txt,0.0,0.0,100.0,0.0,100.0
ba_000680.txt,229.0,229.0,100.0,229.0,100.0
er_000680.txt,390.0,390.0,100.0,390.0,100.0
grid_000680.txt,185.0,185.0,100.0,186.0,99.4624
real_000680.txt,1.0,1.0,100.0,1.0,100.0
ba_000681.txt,162.0,162.0,100.0,215.0,75.3488
er_000681.txt,476.0,476.0,100.0,476.0,100.0
real_000681.txt,168.0,177.0,94.9153,168.0,100.0
tree_000681.txt,0.0,0.0,100.0,0.0,100.0
ba_000682.txt,421.0,421.0,100.0,421.0,100.0
er_000682.txt,778.0,778.0,100.0,778.0,100.0
grid_000682.txt,48.0,48.0,100.0,48.0,100.0
real_000682.txt,2846.0,2846.0,100.0,2954.0,96.3439
ba_000683.txt,540.0,540.0,100.0,540.0,100.0
er_000683.txt,581.0,581.0,100.0,581.0,100.0
real_000683.txt,237.0,237.0,100.0,241.0,98.3402
tree_000683.txt,0.0,0.0,100.0,0.0,100.0
ba_000684.txt,230.0,230.0,100.0,230.0,100.0
er_000684.txt,272.0,274.0,99.2701,272.0,100.0
grid_000684.txt,474.0,476.0,99.5798,474.0,100.0
real_000684.txt,15.0,15.0,100.0,15.0,100.0
ba_000685.txt,95.0,95.0,100.0,101.0,94.0594
er_000685.txt,849.0,849.0,100.0,849.0,100.0
real_000685.txt,7.0,7.0,100.0,7.0,100.0
tree_000685.txt,0.0,0.0,100.0,0.0,100.0
ba_000686.txt,500.0,500.0,100.0,500.0,100.0
er_000686.txt,291.0,291.0,100.0,291.0,100.0
grid_000686.txt,360.0,360.0,100.0,360.0,100.0
real_000686.txt,1848.0,1857.0,99.5153,1848.0,100.0
ba_000687.txt,28.0,28.0,100.0,29.0,96.5517
er_000687.txt,934.0,934.0,100.0,934.0,100.0
real_000687.txt,4.0,4.0,100.0,4.0,100.0
tree_000687.txt,0.0,0.0,100.0,0.0,100.0
ba_000688.txt,644.0,644.0,100.0,644.0,100.0
er_000688.txt,73.0,73.0,100.0,73.0,100.0
grid_000688.txt,163.0,164.0,99.3902,163.0,100.0
real_000688.txt,9.0,9.0,100.0,9.0,100.0
ba_000689.txt,526.0,526.0,100.0,526.0,100.0
er_000689.txt,29.0,29.0,100.0,29.0,100.0
real_000689.txt,9.0,9.0,100.0,9.0,100.0
tree_000689.txt,0.0,0.0,100.0,0.0,100.0
ba_000690.txt,407.0,433.0,93.9954,407.0,100.0
er_000690.txt,483.0,483.0,100.0,483.0,100.0
grid_000690.txt,88.0,88.0,100.0,88.0,100.0
real_000690.txt,8.0,8.0,100.0,8.0,100.0
ba_000691.txt,174.0,174.0,100.0,174.0,100.0
er_000691.txt,34.0,35.0,97.1429,34.0,100.0
real_000691.txt,8.0,8.0,100.0,8.0,100.0
tree_000691.txt,0.0,0.0,100.0,0.0,100.0
ba_000692.txt,275.0,275.0,100.0,275.0,100.0
er_000692.txt,178.0,178.0,100.0,178.0,100.0
grid_000692.txt,245.0,245.0,100.0,245.0,100.0
real_000692.txt,853.0,867.0,98.3852,853.0,100.0
ba_000693.txt,128.0,128.0,100.0,134.0,95.5224
er_000693.txt,469.0,469.0,100.0,469.0,100.0
real_000693.txt,1.0,1.0,100.0,1.0,100.0
tree_000693.txt,0.0,0.0,100.0,0.0,100.0
ba_000694.txt,324.0,324.0,100.0,324.0,100.0
er_000694.txt,423.0,423.0,100.0,423.0,100.0
grid_000694.txt,369.0,369.0,100.0,369.0,100.0
real_000694.txt,4.0,4.0,100.0,4.0,100.0
ba_000695.txt,599.0,599.0,100.0,599.0,100.0
er_000695.txt,847.0,847.0,100.0,847.0,100.0
real_000695.txt,15.0,15.0,100.0,15.0,100.0
tree_000695.txt,0.0,0.0,100.0,0.0,100.0
ba_000696.txt,541.0,541.0,100.0,541.0,100.0
er_000696.txt,864.0,864.0,100.0,864.0,100.0
grid_000696.txt,68.0,68.0,100.0,68.0,100.0
real_000696.txt,9.0,9.0,100.0,9.0,100.0
ba_000697.txt,291.0,291.0,100.0,291.0,100.0
er_000697.txt,573.0,573.0,100.0,573.0,100.0
real_000697.txt,3928.0,3928.0,100.0,4062.0,96.7011
tree_000697.txt,0.0,0.0,100.0,0.0,100.0
ba_000698.txt,435.0,435.0,100.0,435.0,100.0
er_000698.txt,165.0,165.0,100.0,165.0,100.0
grid_000698.txt,185.0,185.0,100.0,186.0,99.4624
real_000698.txt,1.0,1.0,100.0,1.0,100.0
ba_000699.txt,69.0,69.0,100.0,70.0,98.5714
er_000699.txt,748.0,748.0,100.0,748.0,100.0
real_000699.txt,2.0,2.0,100.0,2.0,100.0
tree_000699.txt,0.0,0.0,100.0,0.0,100.0
ba_000700.txt,168.0,168.0,100.0,191.0,87.9581
er_000700.txt,143.0,143.0,100.0,143.0,100.0
grid_000700.txt,814.0,814.0,100.0,814.0,100.0
real_000700.txt,1.0,1.0,100.0,1.0,100.0
ba_000701.txt,214.0,214.0,100.0,217.0,98.6175
er_000701.txt,933.0,933.0,100.0,933.0,100.0
real_000701.txt,685.0,685.0,100.0,691.0,99.1317
tree_000701.txt,0.0,0.0,100.0,0.0,100.0
ba_000702.txt,66.0,66.0,100.0,66.0,100.0
er_000702.txt,817.0,817.0,100.0,817.0,100.0
grid_000702.txt,352.0,352.0,100.0,352.0,100.0
real_000702.txt,9.0,9.0,100.0,9.0,100.0
ba_000703.txt,61.0,62.0,98.3871,61.0,100.0
er_000703.txt,931.0,932.0,99.8927,931.0,100.0
real_000703.txt,1497.0,1501.0,99.7335,1497.0,100.0
tree_000703.txt,0.0,0.0,100.0,0.0,100.0
ba_000704.txt,342.0,342.0,100.0,342.0,100.0
er_000704.txt,272.0,276.0,98.5507,272.0,100.0
grid_000704.txt,339.0,339.0,100.0,339.0,100.0
real_000704.txt,29.0,29.0,100.0,29.0,100.0
ba_000705.txt,44.0,44.0,100.0,44.0,100.0
er_000705.txt,438.0,438.0,100.0,438.0,100.0
real_000705.txt,15.0,15.0,100.0,15.0,100.0
tree_000705.txt,0.0,0.0,100.0,0.0,100.0
ba_000706.txt,239.0,239.0,100.0,239.0,100.0
er_000706.txt,695.0,695.0,100.0,695.0,100.0
grid_000706.txt,428.0,428.0,100.0,428.0,100.0
real_000706.txt,15.0,15.0,100.0,15.0,100.0
ba_000707.txt,619.0,619.0,100.0,619.0,100.0
er_000707.txt,627.0,627.0,100.0,627.0,100.0
real_000707.txt,4.0,4.0,100.0,4.0,100.0
tree_000707.txt,0.0,0.0,100.0,0.0,100.0
ba_000708.txt,109.0,109.0,100.0,109.0,100.0
er_000708.txt,411.0,411.0,100.0,411.0,100.0
grid_000708.txt,116.0,116.0,100.0,116.0,100.0
real_000708.txt,13.0,13.0,100.0,13.0,100.0
ba_000709.txt,493.0,493.0,100.0,493.0,100.0
er_000709.txt,280.0,284.0,98.5915,280.0,100.0
real_000709.txt,2.0,2.0,100.0,2.0,100.0
tree_000709.txt,0.0,0.0,100.0,0.0,100.0
ba_000710.txt,400.0,400.0,100.0,400.0,100.0
er_000710.txt,76.0,76.0,100.0,76.0,100.0
grid_000710.txt,291.0,291.0,100.0,293.0,99.3174
real_000710.txt,1885.0,1885.0,100.0,2070.0,91.0628
ba_000711.txt,502.0,502.0,100.0,502.0,100.0
er_000711.txt,476.0,476.0,100.0,476.0,100.0
real_000711.txt,11.0,11.0,100.0,11.0,100.0
tree_000711.txt,0.0,0.0,100.0,0.0,100.0
ba_000712.txt,169.0,169.0,100.0,173.0,97.6879
er_000712.txt,20.0,20.0,100.0,20.0,100.0
grid_000712.txt,251.0,253.0,99.2095,251.0,100.0
real_000712.txt,13.0,13.0,100.0,13.0,100.0
ba_000713.txt,36.0,36.0,100.0,36.0,100.0
er_000713.txt,777.0,777.0,100.0,777.0,100.0
real_000713.txt,2200.0,2200.0,100.0,2336.0,94.1781
tree_000713.txt,0.0,0.0,100.0,0.0,100.0
ba_000714.txt,368.0,368.0,100.0,368.0,100.0
er_000714.txt,498.0,498.0,100.0,498.0,100.0
grid_000714.txt,232.0,232.0,100.0,232.0,100.0
real_000714.txt,29.0,29.0,100.0,29.0,100.0
ba_000715.txt,231.0,231.0,100.0,240.0,96.25
er_000715.txt,742.0,742.0,100.0,742.0,100.0
real_000715.txt,184.0,187.0,98.3957,184.0,100.0
tree_000715.txt,0.0,0.0,100.0,0.0,100.0
ba_000716.txt,165.0,165.0,100.0,165.0,100.0
er_000716.txt,75.0,75.0,100.0,75.0,100.0
grid_000716.txt,702.0,703.0,99.8578,702.0,100.0
real_000716.txt,2173.0,2173.0,100.0,2255.0,96.3636
ba_000717.txt,639.0,639.0,100.0,639.0,100.0
er_000717.txt,49.0,49.0,100.0,50.0,98.0
real_000717.txt,15.0,15.0,100.0,15.0,100.0
tree_000717.txt,0.0,0.0,100.0,0.0,100.0
ba_000718.txt,106.0,106.0,100.0,106.0,100.0
er_000718.txt,565.0,565.0,100.0,565.0,100.0
grid_000718.txt,444.0,444.0,100.0,444.0,100.0
real_000718.txt,1397.0,1397.0,100.0,1406.0,99.3599
ba_000719.txt,314.0,314.0,100.0,328.0,95.7317
er_000719.txt,934.0,934.0,100.0,934.0,100.0
real_000719.txt,29.0,29.0,100.0,29.0,100.0
tree_000719.txt,0.0,0.0,100.0,0.0,100.0
ba_000720.txt,220.0,220.0,100.0,239.0,92.0502
er_000720.txt,110.0,110.0,100.0,110.0,100.0
grid_000720.txt,147.0,147.0,100.0,148.0,99.3243
real_000720.txt,3566.0,3566.0,100.0,3734.0,95.5008
ba_000721.txt,548.0,548.0,100.0,548.0,100.0
er_000721.txt,257.0,258.0,99.6124,257.0,100.0
real_000721.txt,4.0,4.0,100.0,4.0,100.0
tree_000721.txt,0.0,0.0,100.0,0.0,100.0
ba_000722.txt,433.0,433.0,100.0,433.0,100.0
er_000722.txt,478.0,478.0,100.0,478.0,100.0
grid_000722.txt,156.0,156.0,100.0,156.0,100.0
real_000722.txt,3666.0,3666.0,100.0,3762.0,97.4482
ba_000723.txt,387.0,387.0,100.0,387.0,100.0
er_000723.txt,370.0,370.0,100.0,370.0,100.0
real_000723.txt,29.0,29.0,100.0,29.0,100.0
tree_000723.txt,0.0,0.0,100.0,0.0,100.0
ba_000724.txt,339.0,339.0,100.0,339.0,100.0
er_000724.txt,455.0,455.0,100.0,455.0,100.0
grid_000724.txt,347.0,347.0,100.0,347.0,100.0
real_000724.txt,1.0,1.0,100.0,1.0,100.0
ba_000725.txt,149.0,149.0,100.0,159.0,93.7107
er_000725.txt,345.0,345.0,100.0,345.0,100.0
real_000725.txt,15.0,15.0,100.0,15.0,100.0
tree_000725.txt,0.0,0.0,100.0,0.0,100.0
ba_000726.txt,325.0,325.0,100.0,325.0,100.0
er_000726.txt,351.0,351.0,100.0,351.0,100.0
grid_000726.txt,48.0,48.0,100.0,48.0,100.0
real_000726.txt,29.0,29.0,100.0,29.0,100.0
ba_000727.txt,282.0,282.0,100.0,282.0,100.0
er_000727.txt,82.0,82.0,100.0,83.0,98.7952
real_000727.txt,15.0,15.0,100.0,15.0,100.0
tree_000727.txt,0.0,0.0,100.0,0.0,100.0
ba_000728.txt,99.0,99.0,100.0,99.0,100.0
er_000728.txt,158.0,158.0,100.0,158.0,100.0
grid_000728.txt,149.0,149.0,100.0,149.0,100.0
real_000728.txt,29.0,29.0,100.0,29.0,100.0
ba_000729.txt,360.0,360.0,100.0,360.0,100.0
er_000729.txt,317.0,317.0,100.0,317.0,100.0
real_000729.txt,8.0,8.0,100.0,8.0,100.0
tree_000729.txt,0.0,0.0,100.0,0.0,100.0
ba_000730.txt,339.0,339.0,100.0,339.0,100.0
er_000730.txt,889.0,889.0,100.0,889.0,100.0
grid_000730.txt,236.0,236.0,100.0,237.0,99.5781
real_000730.txt,4.0,4.0,100.0,4.0,100.0
ba_000731.txt,206.0,206.0,100.0,215.0,95.814
er_000731.txt,124.0,124.0,100.0,124.0,100.0
real_000731.txt,1402.0,1413.0,99.2215,1402.0,100.0
tree_000731.txt,0.0,0.0,100.0,0.0,100.0
ba_000732.txt,546.0,546.0,100.0,546.0,100.0
er_000732.txt,87.0,87.0,100.0,87.0,100.0
grid_000732.txt,149.0,149.0,100.0,149.0,100.0
real_000732.txt,13.0,13.0,100.0,13.0,100.0
ba_000733.txt,739.0,739.0,100.0,739.0,100.0
er_000733.txt,345.0,346.0,99.711,345.0,100.0
real_000733.txt,9.0,9.0,100.0,9.0,100.0
tree_000733.txt,0.0,0.0,100.0,0.0,100.0
ba_000734.txt,174.0,174.0,100.0,174.0,100.0
er_000734.txt,400.0,400.0,100.0,400.0,100.0
grid_000734.txt,218.0,219.0,99.5434,218.0,100.0
real_000734.txt,625.0,625.0,100.0,625.0,100.0
ba_000735.txt,95.0,95.0,100.0,95.0,100.0
er_000735.txt,151.0,151.0,100.0,151.0,100.0
real_000735.txt,3027.0,3027.0,100.0,3099.0,97.6767
tree_000735.txt,0.0,0.0,100.0,0.0,100.0
ba_000736.txt,132.0,132.0,100.0,132.0,100.0
er_000736.txt,230.0,230.0,100.0,230.0,100.0
grid_000736.txt,100.0,100.0,100.0,100.0,100.0
real_000736.txt,4.0,4.0,100.0,4.0,100.0
ba_000737.txt,90.0,90.0,100.0,91.0,98.9011
er_000737.txt,623.0,623.0,100.0,623.0,100.0
real_000737.txt,10.0,10.0,100.0,10.0,100.0
tree_000737.txt,0.0,0.0,100.0,0.0,100.0
ba_000738.txt,87.0,87.0,100.0,87.0,100.0
er_000738.txt,796.0,796.0,100.0,796.0,100.0
grid_000738.txt,182.0,182.0,100.0,184.0,98.913
real_000738.txt,2.0,2.0,100.0,2.0,100.0
ba_000739.txt,175.0,175.0,100.0,175.0,100.0
er_000739.txt,724.0,724.0,100.0,724.0,100.0
real_000739.txt,1.0,1.0,100.0,1.0,100.0
tree_000739.txt,0.0,0.0,100.0,0.0,100.0
ba_000740.txt,384.0,384.0,100.0,384.0,100.0
er_000740.txt,542.0,542.0,100.0,542.0,100.0
grid_000740.txt,309.0,309.0,100.0,309.0,100.0
real_000740.txt,7.0,7.0,100.0,7.0,100.0
ba_000741.txt,424.0,424.0,100.0,424.0,100.0
er_000741.txt,484.0,484.0,100.0,484.0,100.0
real_000741.txt,1565.0,1565.0,100.0,1578.0,99.1762
tree_000741.txt,0.0,0.0,100.0,0.0,100.0
ba_000742.txt,541.0,541.0,100.0,541.0,100.0
er_000742.txt,507.0,507.0,100.0,507.0,100.0
grid_000742.txt,127.0,127.0,100.0,130.0,97.6923
real_000742.txt,779.0,779.0,100.0,780.0,99.8718
ba_000743.txt,576.0,576.0,100.0,576.0,100.0
er_000743.txt,91.0,91.0,100.0,91.0,100.0
real_000743.txt,1473.0,1480.0,99.527,1473.0,100.0
tree_000743.txt,0.0,0.0,100.0,0.0,100.0
ba_000744.txt,211.0,211.0,100.0,243.0,86.8313
er_000744.txt,877.0,877.0,100.0,877.0,100.0
grid_000744.txt,171.0,171.0,100.0,172.0,99.4186
real_000744.txt,444.0,444.0,100.0,444.0,100.0
ba_000745.txt,416.0,416.0,100.0,416.0,100.0
er_000745.txt,701.0,701.0,100.0,701.0,100.0
real_000745.txt,1137.0,1137.0,100.0,1138.0,99.9121
tree_000745.txt,0.0,0.0,100.0,0.0,100.0
ba_000746.txt,440.0,440.0,100.0,451.0,97.561
er_000746.txt,596.0,596.0,100.0,596.0,100.0
grid_000746.txt,282.0,282.0,100.0,283.0,99.6466
real_000746.txt,811.0,819.0,99.0232,811.0,100.0
ba_000747.txt,225.0,225.0,100.0,225.0,100.0
er_000747.txt,223.0,223.0,100.0,223.0,100.0
real_000747.txt,1.0,1.0,100.0,1.0,100.0
tree_000747.txt,0.0,0.0,100.0,0.0,100.0
ba_000748.txt,544.0,544.0,100.0,544.0,100.0
er_000748.txt,103.0,103.0,100.0,103.0,100.0
grid_000748.txt,498.0,498.0,100.0,500.0,99.6
real_000748.txt,2.0,2.0,100.0,2.0,100.0
ba_000749.txt,544.0,544.0,100.0,544.0,100.0
er_000749.txt,127.0,127.0,100.0,127.0,100.0
real_000749.txt,1070.0,1083.0,98.7996,1070.0,100.0
tree_000749.txt,0.0,0.0,100.0,0.0,100.0
ba_000750.txt,120.0,120.0,100.0,125.0,96.0
er_000750.txt,789.0,789.0,100.0,789.0,100.0
grid_000750.txt,152.0,153.0,99.3464,152.0,100.0
real_000750.txt,10.0,10.0,100.0,10.0,100.0
ba_000751.txt,130.0,130.0,100.0,130.0,100.0
er_000751.txt,180.0,180.0,100.0,180.0,100.0
real_000751.txt,4.0,4.0,100.0,4.0,100.0
tree_000751.txt,0.0,0.0,100.0,0.0,100.0
ba_000752.txt,194.0,194.0,100.0,213.0,91.0798
er_000752.txt,509.0,509.0,100.0,509.0,100.0
grid_000752.txt,186.0,186.0,100.0,187.0,99.4652
real_000752.txt,10.0,10.0,100.0,10.0,100.0
ba_000753.txt,312.0,312.0,100.0,312.0,100.0
er_000753.txt,566.0,566.0,100.0,566.0,100.0
real_000753.txt,13.0,13.0,100.0,13.0,100.0
tree_000753.txt,0.0,0.0,100.0,0.0,100.0
ba_000754.txt,335.0,335.0,100.0,335.0,100.0
er_000754.txt,247.0,251.0,98.4064,247.0,100.0
grid_000754.txt,402.0,402.0,100.0,403.0,99.7519
real_000754.txt,2167.0,2167.0,100.0,2236.0,96.9141
ba_000755.txt,66.0,66.0,100.0,70.0,94.2857
er_000755.txt,251.0,254.0,98.8189,251.0,100.0
real_000755.txt,698.0,698.0,100.0,698.0,100.0
tree_000755.txt,0.0,0.0,100.0,0.0,100.0
ba_000756.txt,213.0,213.0,100.0,219.0,97.2603
er_000756.txt,586.0,586.0,100.0,586.0,100.0
grid_000756.txt,797.0,797.0,100.0,797.0,100.0
real_000756.txt,8.0,8.0,100.0,8.0,100.0
ba_000757.txt,125.0,125.0,100.0,125.0,100.0
er_000757.txt,129.0,129.0,100.0,129.0,100.0
real_000757.txt,2.0,2.0,100.0,2.0,100.0
tree_000757.txt,0.0,0.0,100.0,0.0,100.0
ba_000758.txt,299.0,299.0,100.0,299.0,100.0
er_000758.txt,398.0,398.0,100.0,398.0,100.0
grid_000758.txt,379.0,380.0,99.7368,379.0,100.0
real_000758.txt,9.0,9.0,100.0,9.0,100.0
ba_000759.txt,229.0,229.0,100.0,231.0,99.1342
er_000759.txt,256.0,257.0,99.6109,256.0,100.0
real_000759.txt,1.0,1.0,100.0,1.0,100.0
tree_000759.txt,0.0,0.0,100.0,0.0,100.0
ba_000760.txt,79.0,79.0,100.0,79.0,100.0
er_000760.txt,162.0,162.0,100.0,162.0,100.0
grid_000760.txt,256.0,256.0,100.0,256.0,100.0
real_000760.txt,11.0,11.0,100.0,11.0,100.0
ba_000761.txt,147.0,147.0,100.0,159.0,92.4528
er_000761.txt,337.0,340.0,99.1176,337.0,100.0
real_000761.txt,9.0,9.0,100.0,9.0,100.0
tree_000761.txt,0.0,0.0,100.0,0.0,100.0
ba_000762.txt,399.0,399.0,100.0,399.0,100.0
er_000762.txt,882.0,882.0,100.0,882.0,100.0
grid_000762.txt,171.0,172.0,99.4186,171.0,100.0
real_000762.txt,598.0,598.0,100.0,613.0,97.553
ba_000763.txt,356.0,356.0,100.0,356.0,100.0
er_000763.txt,889.0,889.0,100.0,889.0,100.0
real_000763.txt,13.0,13.0,100.0,13.0,100.0
tree_000763.txt,0.0,0.0,100.0,0.0,100.0
ba_000764.txt,151.0,151.0,100.0,189.0,79.8942
er_000764.txt,207.0,207.0,100.0,207.0,100.0
grid_000764.txt,112.0,112.0,100.0,112.0,100.0
real_000764.txt,7.0,7.0,100.0,7.0,100.0
ba_000765.txt,130.0,130.0,100.0,136.0,95.5882
er_000765.txt,194.0,194.0,100.0,194.0,100.0
real_000765.txt,1100.0,1105.0,99.5475,1100.0,100.0
tree_000765.txt,0.0,0.0,100.0,0.0,100.0
ba_000766.txt,260.0,260.0,100.0,260.0,100.0
er_000766.txt,469.0,469.0,100.0,469.0,100.0
grid_000766.txt,90.0,91.0,98.9011,90.0,100.0
real_000766.txt,3893.0,3893.0,100.0,4090.0,95.1834
ba_000767.txt,504.0,504.0,100.0,504.0,100.0
er_000767.txt,640.0,640.0,100.0,640.0,100.0
real_000767.txt,1547.0,1547.0,100.0,1553.0,99.6137
tree_000767.txt,0.0,0.0,100.0,0.0,100.0
ba_000768.txt,354.0,354.0,100.0,354.0,100.0
er_000768.txt,231.0,233.0,99.1416,231.0,100.0
grid_000768.txt,44.0,44.0,100.0,44.0,100.0
real_000768.txt,1.0,1.0,100.0,1.0,100.0
ba_000769.txt,60.0,60.0,100.0,60.0,100.0
er_000769.txt,551.0,551.0,100.0,551.0,100.0
real_000769.txt,1330.0,1332.0,99.8498,1330.0,100.0
tree_000769.txt,0.0,0.0,100.0,0.0,100.0
ba_000770.txt,557.0,557.0,100.0,557.0,100.0
er_000770.txt,422.0,422.0,100.0,422.0,100.0
grid_000770.txt,95.0,95.0,100.0,96.0,98.9583
real_000770.txt,7.0,7.0,100.0,7.0,100.0
ba_000771.txt,210.0,210.0,100.0,232.0,90.5172
er_000771.txt,838.0,838.0,100.0,838.0,100.0
real_000771.txt,3752.0,3752.0,100.0,3877.0,96.7759
tree_000771.txt,0.0,0.0,100.0,0.0,100.0
ba_000772.txt,58.0,58.0,100.0,58.0,100.0
er_000772.txt,876.0,876.0,100.0,876.0,100.0
grid_000772.txt,685.0,685.0,100.0,685.0,100.0
real_000772.txt,7.0,7.0,100.0,7.0,100.0
ba_000773.txt,119.0,119.0,100.0,119.0,100.0
er_000773.txt,649.0,649.0,100.0,649.0,100.0
real_000773.txt,11.0,11.0,100.0,11.0,100.0
tree_000773.txt,0.0,0.0,100.0,0.0,100.0
ba_000774.txt,348.0,348.0,100.0,348.0,100.0
er_000774.txt,97.0,97.0,100.0,97.0,100.0
grid_000774.txt,202.0,202.0,100.0,202.0,100.0
real_000774.txt,9.0,9.0,100.0,9.0,100.0
ba_000775.txt,138.0,138.0,100.0,138.0,100.0
er_000775.txt,476.0,476.0,100.0,476.0,100.0
real_000775.txt,10.0,10.0,100.0,10.0,100.0
tree_000775.txt,0.0,0.0,100.0,0.0,100.0
ba_000776.txt,52.0,52.0,100.0,53.0,98.1132
er_000776.txt,688.0,688.0,100.0,688.0,100.0
grid_000776.txt,236.0,236.0,100.0,236.0,100.0
real_000776.txt,2.0,2.0,100.0,2.0,100.0
ba_000777.txt,492.0,492.0,100.0,492.0,100.0
er_000777.txt,386.0,386.0,100.0,386.0,100.0
real_000777.txt,15.0,15.0,100.0,15.0,100.0
tree_000777.txt,0.0,0.0,100.0,0.0,100.0
ba_000778.txt,415.0,415.0,100.0,415.0,100.0
er_000778.txt,613.0,613.0,100.0,613.0,100.0
grid_000778.txt,141.0,141.0,100.0,142.0,99.2958
real_000778.txt,8.0,8.0,100.0,8.0,100.0
ba_000779.txt,356.0,356.0,100.0,356.0,100.0
er_000779.txt,106.0,106.0,100.0,106.0,100.0
real_000779.txt,3890.0,3890.0,100.0,3966.0,98.0837
tree_000779.txt,0.0,0.0,100.0,0.0,100.0
ba_000780.txt,563.0,563.0,100.0,563.0,100.0
er_000780.txt,914.0,914.0,100.0,914.0,100.0
grid_000780.txt,518.0,518.0,100.0,518.0,100.0
real_000780.txt,2.0,2.0,100.0,2.0,100.0
ba_000781.txt,580.0,580.0,100.0,580.0,100.0
er_000781.txt,40.0,40.0,100.0,40.0,100.0
real_000781.txt,1251.0,1282.0,97.5819,1251.0,100.0
tree_000781.txt,0.0,0.0,100.0,0.0,100.0
ba_000782.txt,299.0,299.0,100.0,299.0,100.0
er_000782.txt,695.0,695.0,100.0,695.0,100.0
grid_000782.txt,814.0,814.0,100.0,814.0,100.0
real_000782.txt,2.0,2.0,100.0,2.0,100.0
ba_000783.txt,382.0,382.0,100.0,382.0,100.0
er_000783.txt,115.0,115.0,100.0,115.0,100.0
real_000783.txt,15.0,15.0,100.0,15.0,100.0
tree_000783.txt,0.0,0.0,100.0,0.0,100.0
ba_000784.txt,352.0,352.0,100.0,352.0,100.0
er_000784.txt,198.0,198.0,100.0,198.0,100.0
grid_000784.txt,380.0,381.0,99.7375,380.0,100.0
real_000784.txt,10.0,10.0,100.0,10.0,100.0
ba_000785.txt,300.0,300.0,100.0,300.0,100.0
er_000785.txt,911.0,911.0,100.0,911.0,100.0
real_000785.txt,15.0,15.0,100.0,15.0,100.0
tree_000785.txt,0.0,0.0,100.0,0.0,100.0
ba_000786.txt,281.0,281.0,100.0,281.0,100.0
er_000786.txt,627.0,627.0,100.0,627.0,100.0
grid_000786.txt,198.0,198.0,100.0,198.0,100.0
real_000786.txt,10.0,10.0,100.0,10.0,100.0
ba_000787.txt,220.0,220.0,100.0,220.0,100.0
er_000787.txt,689.0,689.0,100.0,689.0,100.0
real_000787.txt,7.0,7.0,100.0,7.0,100.0
tree_000787.txt,0.0,0.0,100.0,0.0,100.0
ba_000788.txt,365.0,365.0,100.0,365.0,100.0
er_000788.txt,452.0,452.0,100.0,452.0,100.0
grid_000788.txt,86.0,86.0,100.0,86.0,100.0
real_000788.txt,1397.0,1397.0,100.0,1406.0,99.3599
ba_000789.txt,494.0,494.0,100.0,494.0,100.0
er_000789.txt,67.0,67.0,100.0,67.0,100.0
real_000789.txt,384.0,384.0,100.0,390.0,98.4615
tree_000789.txt,0.0,0.0,100.0,0.0,100.0
ba_000790.txt,112.0,116.0,96.5517,112.0,100.0
er_000790.txt,188.0,188.0,100.0,188.0,100.0
grid_000790.txt,427.0,427.0,100.0,427.0,100.0
real_000790.txt,792.0,801.0,98.8764,792.0,100.0
ba_000791.txt,88.0,88.0,100.0,90.0,97.7778
er_000791.txt,149.0,149.0,100.0,149.0,100.0
real_000791.txt,13.0,13.0,100.0,13.0,100.0
tree_000791.txt,0.0,0.0,100.0,0.0,100.0
ba_000792.txt,291.0,291.0,100.0,291.0,100.0
er_000792.txt,319.0,319.0,100.0,319.0,100.0
grid_000792.txt,173.0,173.0,100.0,174.0,99.4253
real_000792.txt,9.0,9.0,100.0,9.0,100.0
ba_000793.txt,508.0,508.0,100.0,508.0,100.0
er_000793.txt,619.0,619.0,100.0,619.0,100.0
real_000793.txt,15.0,15.0,100.0,15.0,100.0
tree_000793.txt,0.0,0.0,100.0,0.0,100.0
ba_000794.txt,189.0,192.0,98.4375,189.0,100.0
er_000794.txt,372.0,372.0,100.0,372.0,100.0
grid_000794.txt,63.0,63.0,100.0,64.0,98.4375
real_000794.txt,8.0,8.0,100.0,8.0,100.0
ba_000795.txt,75.0,75.0,100.0,75.0,100.0
er_000795.txt,417.0,417.0,100.0,417.0,100.0
real_000795.txt,1863.0,1876.0,99.307,1863.0,100.0
tree_000795.txt,0.0,0.0,100.0,0.0,100.0
ba_000796.txt,121.0,121.0,100.0,121.0,100.0
er_000796.txt,458.0,458.0,100.0,458.0,100.0
grid_000796.txt,332.0,332.0,100.0,334.0,99.4012
real_000796.txt,15.0,15.0,100.0,15.0,100.0
ba_000797.txt,441.0,441.0,100.0,441.0,100.0
er_000797.txt,754.0,754.0,100.0,754.0,100.0
real_000797.txt,218.0,218.0,100.0,244.0,89.3443
tree_000797.txt,0.0,0.0,100.0,0.0,100.0
ba_000798.txt,355.0,355.0,100.0,355.0,100.0
er_000798.txt,515.0,515.0,100.0,515.0,100.0
grid_000798.txt,227.0,227.0,100.0,227.0,100.0
real_000798.txt,2897.0,2897.0,100.0,3159.0,91.7062
ba_000799.txt,28.0,28.0,100.0,30.0,93.3333
er_000799.txt,356.0,357.0,99.7199,356.0,100.0
real_000799.txt,2081.0,2087.0,99.7125,2081.0,100.0
tree_000799.txt,0.0,0.0,100.0,0.0,100.0
ba_000800.txt,206.0,208.0,99.0385,206.0,100.0
er_000800.txt,875.0,875.0,100.0,875.0,100.0
grid_000800.txt,440.0,440.0,100.0,440.0,100.0
real_000800.txt,1.0,1.0,100.0,1.0,100.0
ba_000801.txt,525.0,525.0,100.0,525.0,100.0
er_000801.txt,177.0,177.0,100.0,177.0,100.0
real_000801.txt,2969.0,2969.0,100.0,3080.0,96.3961
tree_000801.txt,0.0,0.0,100.0,0.0,100.0
ba_000802.txt,178.0,178.0,100.0,178.0,100.0
er_000802.txt,625.0,625.0,100.0,625.0,100.0
grid_000802.txt,624.0,624.0,100.0,624.0,100.0
real_000802.txt,7.0,7.0,100.0,7.0,100.0
ba_000803.txt,91.0,91.0,100.0,93.0,97.8495
er_000803.txt,565.0,565.0,100.0,565.0,100.0
real_000803.txt,1.0,1.0,100.0,1.0,100.0
tree_000803.txt,0.0,0.0,100.0,0.0,100.0
ba_000804.txt,50.0,51.0,98.0392,50.0,100.0
er_000804.txt,23.0,24.0,95.8333,23.0,100.0
grid_000804.txt,313.0,314.0,99.6815,313.0,100.0
real_000804.txt,10.0,10.0,100.0,10.0,100.0
ba_000805.txt,352.0,352.0,100.0,352.0,100.0
er_000805.txt,524.0,524.0,100.0,524.0,100.0
real_000805.txt,2328.0,2328.0,100.0,2469.0,94.2892
tree_000805.txt,0.0,0.0,100.0,0.0,100.0
ba_000806.txt,30.0,30.0,100.0,30.0,100.0
er_000806.txt,507.0,507.0,100.0,507.0,100.0
grid_000806.txt,380.0,381.0,99.7375,380.0,100.0
real_000806.txt,4.0,4.0,100.0,4.0,100.0
ba_000807.txt,243.0,245.0,99.1837,243.0,100.0
er_000807.txt,663.0,663.0,100.0,663.0,100.0
real_000807.txt,2.0,2.0,100.0,2.0,100.0
tree_000807.txt,0.0,0.0,100.0,0.0,100.0
ba_000808.txt,469.0,469.0,100.0,469.0,100.0
er_000808.txt,77.0,77.0,100.0,77.0,100.0
grid_000808.txt,124.0,124.0,100.0,125.0,99.2
real_000808.txt,13.0,13.0,100.0,13.0,100.0
ba_000809.txt,222.0,222.0,100.0,222.0,100.0
er_000809.txt,516.0,516.0,100.0,516.0,100.0
real_000809.txt,4.0,4.0,100.0,4.0,100.0
tree_000809.txt,0.0,0.0,100.0,0.0,100.0
ba_000810.txt,25.0,25.0,100.0,27.0,92.5926
er_000810.txt,822.0,822.0,100.0,822.0,100.0
grid_000810.txt,427.0,427.0,100.0,427.0,100.0
real_000810.txt,675.0,676.0,99.8521,675.0,100.0
ba_000811.txt,401.0,401.0,100.0,401.0,100.0
er_000811.txt,567.0,567.0,100.0,567.0,100.0
real_000811.txt,3625.0,3625.0,100.0,3757.0,96.4866
tree_000811.txt,0.0,0.0,100.0,0.0,100.0
ba_000812.txt,350.0,350.0,100.0,350.0,100.0
er_000812.txt,205.0,205.0,100.0,205.0,100.0
grid_000812.txt,281.0,282.0,99.6454,281.0,100.0
real_000812.txt,29.0,29.0,100.0,29.0,100.0
ba_000813.txt,245.0,245.0,100.0,245.0,100.0
er_000813.txt,534.0,534.0,100.0,534.0,100.0
real_000813.txt,376.0,376.0,100.0,381.0,98.6877
tree_000813.txt,0.0,0.0,100.0,0.0,100.0
ba_000814.txt,199.0,199.0,100.0,222.0,89.6396
er_000814.txt,482.0,482.0,100.0,482.0,100.0
grid_000814.txt,214.0,214.0,100.0,214.0,100.0
real_000814.txt,10.0,10.0,100.0,10.0,100.0
ba_000815.txt,77.0,77.0,100.0,80.0,96.25
er_000815.txt,888.0,888.0,100.0,888.0,100.0
real_000815.txt,1872.0,1872.0,100.0,1883.0,99.4158
tree_000815.txt,0.0,0.0,100.0,0.0,100.0
ba_000816.txt,135.0,135.0,100.0,139.0,97.1223
er_000816.txt,730.0,730.0,100.0,730.0,100.0
grid_000816.txt,499.0,500.0,99.8,499.0,100.0
real_000816.txt,8.0,8.0,100.0,8.0,100.0
ba_000817.txt,296.0,296.0,100.0,296.0,100.0
er_000817.txt,769.0,769.0,100.0,769.0,100.0
real_000817.txt,4.0,4.0,100.0,4.0,100.0
tree_000817.txt,0.0,0.0,100.0,0.0,100.0
ba_000818.txt,556.0,556.0,100.0,556.0,100.0
er_000818.txt,48.0,48.0,100.0,48.0,100.0
grid_000818.txt,286.0,286.0,100.0,286.0,100.0
real_000818.txt,1551.0,1562.0,99.2958,1551.0,100.0
ba_000819.txt,334.0,334.0,100.0,334.0,100.0
er_000819.txt,806.0,806.0,100.0,806.0,100.0
real_000819.txt,29.0,29.0,100.0,29.0,100.0
tree_000819.txt,0.0,0.0,100.0,0.0,100.0
ba_000820.txt,252.0,252.0,100.0,252.0,100.0
er_000820.txt,446.0,446.0,100.0,446.0,100.0
grid_000820.txt,268.0,270.0,99.2593,268.0,100.0
real_000820.txt,29.0,29.0,100.0,29.0,100.0
ba_000821.txt,631.0,631.0,100.0,631.0,100.0
er_000821.txt,506.0,506.0,100.0,506.0,100.0
real_000821.txt,1706.0,1706.0,100.0,1789.0,95.3605
tree_000821.txt,0.0,0.0,100.0,0.0,100.0
ba_000822.txt,188.0,188.0,100.0,202.0,93.0693
er_000822.txt,294.0,295.0,99.661,294.0,100.0
grid_000822.txt,118.0,118.0,100.0,118.0,100.0
real_000822.txt,108.0,109.0,99.0826,108.0,100.0
ba_000823.txt,354.0,354.0,100.0,354.0,100.0
er_000823.txt,708.0,708.0,100.0,708.0,100.0
real_000823.txt,114.0,115.0,99.1304,114.0,100.0
tree_000823.txt,0.0,0.0,100.0,0.0,100.0
ba_000824.txt,237.0,237.0,100.0,237.0,100.0
er_000824.txt,178.0,178.0,100.0,178.0,100.0
grid_000824.txt,355.0,355.0,100.0,359.0,98.8858
real_000824.txt,1397.0,1397.0,100.0,1406.0,99.3599
ba_000825.txt,203.0,203.0,100.0,206.0,98.5437
er_000825.txt,746.0,746.0,100.0,746.0,100.0
real_000825.txt,2869.0,2869.0,100.0,3102.0,92.4887
tree_000825.txt,0.0,0.0,100.0,0.0,100.0
ba_000826.txt,660.0,660.0,100.0,660.0,100.0
er_000826.txt,623.0,623.0,100.0,623.0,100.0
grid_000826.txt,270.0,271.0,99.631,270.0,100.0
real_000826.txt,15.0,15.0,100.0,15.0,100.0
ba_000827.txt,319.0,319.0,100.0,319.0,100.0
er_000827.txt,501.0,501.0,100.0,501.0,100.0
real_000827.txt,3437.0,3437.0,100.0,3541.0,97.063
tree_000827.txt,0.0,0.0,100.0,0.0,100.0
ba_000828.txt,439.0,439.0,100.0,439.0,100.0
er_000828.txt,159.0,159.0,100.0,159.0,100.0
grid_000828.txt,360.0,360.0,100.0,360.0,100.0
real_000828.txt,266.0,269.0,98.8848,266.0,100.0
ba_000829.txt,111.0,111.0,100.0,111.0,100.0
er_000829.txt,124.0,124.0,100.0,124.0,100.0
real_000829.txt,1257.0,1257.0,100.0,1340.0,93.806
tree_000829.txt,0.0,0.0,100.0,0.0,100.0
ba_000830.txt,247.0,247.0,100.0,247.0,100.0
er_000830.txt,72.0,72.0,100.0,72.0,100.0
grid_000830.txt,116.0,116.0,100.0,116.0,100.0
real_000830.txt,356.0,356.0,100.0,361.0,98.615
ba_000831.txt,157.0,157.0,100.0,176.0,89.2045
er_000831.txt,234.0,237.0,98.7342,234.0,100.0
real_000831.txt,532.0,533.0,99.8124,532.0,100.0
tree_000831.txt,0.0,0.0,100.0,0.0,100.0
ba_000832.txt,75.0,75.0,100.0,76.0,98.6842
er_000832.txt,53.0,53.0,100.0,53.0,100.0
grid_000832.txt,154.0,155.0,99.3548,154.0,100.0
real_000832.txt,1.0,1.0,100.0,1.0,100.0
ba_000833.txt,169.0,169.0,100.0,169.0,100.0
er_000833.txt,108.0,108.0,100.0,108.0,100.0
real_000833.txt,11.0,11.0,100.0,11.0,100.0
tree_000833.txt,0.0,0.0,100.0,0.0,100.0
ba_000834.txt,72.0,72.0,100.0,73.0,98.6301
er_000834.txt,357.0,358.0,99.7207,357.0,100.0
grid_000834.txt,76.0,76.0,100.0,77.0,98.7013
real_000834.txt,2.0,2.0,100.0,2.0,100.0
ba_000835.txt,418.0,418.0,100.0,418.0,100.0
er_000835.txt,41.0,41.0,100.0,41.0,100.0
real_000835.txt,8.0,8.0,100.0,8.0,100.0
tree_000835.txt,0.0,0.0,100.0,0.0,100.0
ba_000836.txt,138.0,138.0,100.0,138.0,100.0
er_000836.txt,730.0,730.0,100.0,730.0,100.0
grid_000836.txt,204.0,204.0,100.0,204.0,100.0
real_000836.txt,1.0,1.0,100.0,1.0,100.0
ba_000837.txt,417.0,417.0,100.0,417.0,100.0
er_000837.txt,361.0,361.0,100.0,361.0,100.0
real_000837.txt,11.0,11.0,100.0,11.0,100.0
tree_000837.txt,0.0,0.0,100.0,0.0,100.0
ba_000838.txt,528.0,528.0,100.0,528.0,100.0
er_000838.txt,586.0,586.0,100.0,586.0,100.0
grid_000838.txt,504.0,506.0,99.6047,504.0,100.0
real_000838.txt,10.0,10.0,100.0,10.0,100.0
ba_000839.txt,103.0,103.0,100.0,103.0,100.0
er_000839.txt,364.0,364.0,100.0,364.0,100.0
real_000839.txt,4078.0,4078.0,100.0,4230.0,96.4066
tree_000839.txt,0.0,0.0,100.0,0.0,100.0
ba_000840.txt,220.0,220.0,100.0,244.0,90.1639
er_000840.txt,253.0,253.0,100.0,253.0,100.0
grid_000840.txt,244.0,244.0,100.0,244.0,100.0
real_000840.txt,2.0,2.0,100.0,2.0,100.0
ba_000841.txt,118.0,118.0,100.0,118.0,100.0
er_000841.txt,382.0,382.0,100.0,382.0,100.0
real_000841.txt,2032.0,2032.0,100.0,2097.0,96.9003
tree_000841.txt,0.0,0.0,100.0,0.0,100.0
ba_000842.txt,340.0,340.0,100.0,340.0,100.0
er_000842.txt,593.0,593.0,100.0,593.0,100.0
grid_000842.txt,314.0,316.0,99.3671,314.0,100.0
real_000842.txt,2760.0,2760.0,100.0,2975.0,92.7731
ba_000843.txt,186.0,186.0,100.0,198.0,93.9394
er_000843.txt,189.0,189.0,100.0,189.0,100.0
real_000843.txt,13.0,13.0,100.0,13.0,100.0
tree_000843.txt,0.0,0.0,100.0,0.0,100.0
ba_000844.txt,520.0,520.0,100.0,520.0,100.0
er_000844.txt,857.0,857.0,100.0,857.0,100.0
grid_000844.txt,105.0,108.0,97.2222,105.0,100.0
real_000844.txt,2.0,2.0,100.0,2.0,100.0
ba_000845.txt,219.0,219.0,100.0,219.0,100.0
er_000845.txt,28.0,28.0,100.0,29.0,96.5517
real_000845.txt,175.0,186.0,94.086,175.0,100.0
tree_000845.txt,0.0,0.0,100.0,0.0,100.0
ba_000846.txt,63.0,65.0,96.9231,63.0,100.0
er_000846.txt,71.0,71.0,100.0,71.0,100.0
grid_000846.txt,464.0,467.0,99.3576,464.0,100.0
real_000846.txt,7.0,7.0,100.0,7.0,100.0
ba_000847.txt,601.0,601.0,100.0,601.0,100.0
er_000847.txt,933.0,934.0,99.8929,933.0,100.0
real_000847.txt,879.0,890.0,98.764,879.0,100.0
tree_000847.txt,0.0,0.0,100.0,0.0,100.0
ba_000848.txt,57.0,57.0,100.0,58.0,98.2759
er_000848.txt,859.0,859.0,100.0,859.0,100.0
grid_000848.txt,333.0,333.0,100.0,334.0,99.7006
real_000848.txt,13.0,13.0,100.0,13.0,100.0
ba_000849.txt,556.0,556.0,100.0,556.0,100.0
er_000849.txt,285.0,287.0,99.3031,285.0,100.0
real_000849.txt,704.0,705.0,99.8582,704.0,100.0
tree_000849.txt,0.0,0.0,100.0,0.0,100.0
ba_000850.txt,524.0,524.0,100.0,524.0,100.0
er_000850.txt,45.0,45.0,100.0,45.0,100.0
grid_000850.txt,232.0,232.0,100.0,233.0,99.5708
real_000850.txt,13.0,13.0,100.0,13.0,100.0
ba_000851.txt,361.0,361.0,100.0,361.0,100.0
er_000851.txt,476.0,476.0,100.0,476.0,100.0
real_000851.txt,685.0,686.0,99.8542,685.0,100.0
tree_000851.txt,0.0,0.0,100.0,0.0,100.0
ba_000852.txt,58.0,58.0,100.0,60.0,96.6667
er_000852.txt,135.0,135.0,100.0,135.0,100.0
grid_000852.txt,580.0,580.0,100.0,580.0,100.0
real_000852.txt,1.0,1.0,100.0,1.0,100.0
ba_000853.txt,560.0,560.0,100.0,560.0,100.0
er_000853.txt,955.0,957.0,99.791,955.0,100.0
real_000853.txt,9.0,9.0,100.0,9.0,100.0
tree_000853.txt,0.0,0.0,100.0,0.0,100.0
ba_000854.txt,197.0,197.0,100.0,212.0,92.9245
er_000854.txt,858.0,858.0,100.0,858.0,100.0
grid_000854.txt,153.0,153.0,100.0,153.0,100.0
real_000854.txt,713.0,713.0,100.0,739.0,96.4817
ba_000855.txt,99.0,99.0,100.0,99.0,100.0
er_000855.txt,844.0,844.0,100.0,844.0,100.0
real_000855.txt,11.0,11.0,100.0,11.0,100.0
tree_000855.txt,0.0,0.0,100.0,0.0,100.0
ba_000856.txt,22.0,22.0,100.0,23.0,95.6522
er_000856.txt,737.0,737.0,100.0,737.0,100.0
grid_000856.txt,126.0,127.0,99.2126,126.0,100.0
real_000856.txt,29.0,29.0,100.0,29.0,100.0
ba_000857.txt,25.0,25.0,100.0,25.0,100.0
er_000857.txt,555.0,555.0,100.0,555.0,100.0
real_000857.txt,13.0,13.0,100.0,13.0,100.0
tree_000857.txt,0.0,0.0,100.0,0.0,100.0
ba_000858.txt,496.0,496.0,100.0,496.0,100.0
er_000858.txt,318.0,323.0,98.452,318.0,100.0
grid_000858.txt,292.0,292.0,100.0,292.0,100.0
real_000858.txt,1397.0,1397.0,100.0,1406.0,99.3599
ba_000859.txt,71.0,71.0,100.0,71.0,100.0
er_000859.txt,615.0,615.0,100.0,615.0,100.0
real_000859.txt,3787.0,3787.0,100.0,3916.0,96.7058
tree_000859.txt,0.0,0.0,100.0,0.0,100.0
ba_000860.txt,417.0,417.0,100.0,417.0,100.0
er_000860.txt,345.0,345.0,100.0,345.0,100.0
grid_000860.txt,188.0,189.0,99.4709,188.0,100.0
real_000860.txt,1.0,1.0,100.0,1.0,100.0
ba_000861.txt,35.0,36.0,97.2222,35.0,100.0
er_000861.txt,442.0,442.0,100.0,442.0,100.0
real_000861.txt,15.0,15.0,100.0,15.0,100.0
tree_000861.txt,0.0,0.0,100.0,0.0,100.0
ba_000862.txt,575.0,575.0,100.0,575.0,100.0
er_000862.txt,770.0,770.0,100.0,770.0,100.0
grid_000862.txt,153.0,153.0,100.0,153.0,100.0
real_000862.txt,15.0,15.0,100.0,15.0,100.0
ba_000863.txt,14.0,14.0,100.0,15.0,93.3333
er_000863.txt,49.0,52.0,94.2308,49.0,100.0
real_000863.txt,2.0,2.0,100.0,2.0,100.0
tree_000863.txt,0.0,0.0,100.0,0.0,100.0
ba_000864.txt,303.0,303.0,100.0,303.0,100.0
er_000864.txt,689.0,689.0,100.0,689.0,100.0
grid_000864.txt,196.0,196.0,100.0,197.0,99.4924
real_000864.txt,4.0,4.0,100.0,4.0,100.0
ba_000865.txt,308.0,308.0,100.0,308.0,100.0
er_000865.txt,358.0,358.0,100.0,358.0,100.0
real_000865.txt,4.0,4.0,100.0,4.0,100.0
tree_000865.txt,0.0,0.0,100.0,0.0,100.0
ba_000866.txt,104.0,108.0,96.2963,104.0,100.0
er_000866.txt,57.0,57.0,100.0,57.0,100.0
grid_000866.txt,269.0,269.0,100.0,269.0,100.0
real_000866.txt,2.0,2.0,100.0,2.0,100.0
ba_000867.txt,364.0,364.0,100.0,364.0,100.0
er_000867.txt,185.0,185.0,100.0,185.0,100.0
real_000867.txt,337.0,337.0,100.0,348.0,96.8391
tree_000867.txt,0.0,0.0,100.0,0.0,100.0
ba_000868.txt,375.0,375.0,100.0,375.0,100.0
er_000868.txt,704.0,704.0,100.0,704.0,100.0
grid_000868.txt,473.0,473.0,100.0,474.0,99.789
real_000868.txt,1.0,1.0,100.0,1.0,100.0
ba_000869.txt,89.0,93.0,95.6989,89.0,100.0
er_000869.txt,320.0,320.0,100.0,320.0,100.0
real_000869.txt,224.0,224.0,100.0,252.0,88.8889
tree_000869.txt,0.0,0.0,100.0,0.0,100.0
ba_000870.txt,26.0,26.0,100.0,26.0,100.0
er_000870.txt,175.0,175.0,100.0,175.0,100.0
grid_000870.txt,144.0,145.0,99.3103,144.0,100.0
real_000870.txt,8.0,8.0,100.0,8.0,100.0
ba_000871.txt,49.0,49.0,100.0,49.0,100.0
er_000871.txt,332.0,332.0,100.0,332.0,100.0
real_000871.txt,29.0,29.0,100.0,29.0,100.0
tree_000871.txt,0.0,0.0,100.0,0.0,100.0
ba_000872.txt,388.0,388.0,100.0,388.0,100.0
er_000872.txt,819.0,819.0,100.0,819.0,100.0
grid_000872.txt,326.0,326.0,100.0,326.0,100.0
real_000872.txt,2104.0,2104.0,100.0,2227.0,94.4769
ba_000873.txt,416.0,416.0,100.0,416.0,100.0
er_000873.txt,252.0,253.0,99.6047,252.0,100.0
real_000873.txt,13.0,13.0,100.0,13.0,100.0
tree_000873.txt,0.0,0.0,100.0,0.0,100.0
ba_000874.txt,187.0,187.0,100.0,188.0,99.4681
er_000874.txt,872.0,872.0,100.0,872.0,100.0
grid_000874.txt,178.0,180.0,98.8889,178.0,100.0
real_000874.txt,9.0,9.0,100.0,9.0,100.0
ba_000875.txt,232.0,232.0,100.0,233.0,99.5708
er_000875.txt,614.0,614.0,100.0,614.0,100.0
real_000875.txt,4.0,4.0,100.0,4.0,100.0
tree_000875.txt,0.0,0.0,100.0,0.0,100.0
ba_000876.txt,286.0,286.0,100.0,286.0,100.0
er_000876.txt,924.0,924.0,100.0,924.0,100.0
grid_000876.txt,124.0,126.0,98.4127,124.0,100.0
real_000876.txt,1661.0,1671.0,99.4016,1661.0,100.0
ba_000877.txt,14.0,14.0,100.0,14.0,100.0
er_000877.txt,768.0,768.0,100.0,768.0,100.0
real_000877.txt,1.0,1.0,100.0,1.0,100.0
tree_000877.txt,0.0,0.0,100.0,0.0,100.0
ba_000878.txt,94.0,94.0,100.0,94.0,100.0
er_000878.txt,867.0,867.0,100.0,867.0,100.0
grid_000878.txt,475.0,476.0,99.7899,475.0,100.0
real_000878.txt,4.0,4.0,100.0,4.0,100.0
ba_000879.txt,325.0,325.0,100.0,325.0,100.0
er_000879.txt,793.0,793.0,100.0,793.0,100.0
real_000879.txt,288.0,288.0,100.0,302.0,95.3642
tree_000879.txt,0.0,0.0,100.0,0.0,100.0
ba_000880.txt,405.0,405.0,100.0,405.0,100.0
er_000880.txt,377.0,377.0,100.0,377.0,100.0
grid_000880.txt,257.0,257.0,100.0,257.0,100.0
real_000880.txt,13.0,13.0,100.0,13.0,100.0
ba_000881.txt,628.0,628.0,100.0,628.0,100.0
er_000881.txt,939.0,940.0,99.8936,939.0,100.0
real_000881.txt,8.0,8.0,100.0,8.0,100.0
tree_000881.txt,0.0,0.0,100.0,0.0,100.0
ba_000882.txt,491.0,491.0,100.0,491.0,100.0
er_000882.txt,105.0,105.0,100.0,105.0,100.0
grid_000882.txt,256.0,256.0,100.0,257.0,99.6109
real_000882.txt,1461.0,1461.0,100.0,1469.0,99.4554
ba_000883.txt,82.0,82.0,100.0,84.0,97.619
er_000883.txt,289.0,289.0,100.0,289.0,100.0
real_000883.txt,15.0,15.0,100.0,15.0,100.0
tree_000883.txt,0.0,0.0,100.0,0.0,100.0
ba_000884.txt,291.0,291.0,100.0,291.0,100.0
er_000884.txt,55.0,55.0,100.0,55.0,100.0
grid_000884.txt,296.0,296.0,100.0,296.0,100.0
real_000884.txt,10.0,10.0,100.0,10.0,100.0
ba_000885.txt,431.0,431.0,100.0,431.0,100.0
er_000885.txt,353.0,353.0,100.0,353.0,100.0
real_000885.txt,1.0,1.0,100.0,1.0,100.0
tree_000885.txt,0.0,0.0,100.0,0.0,100.0
ba_000886.txt,55.0,55.0,100.0,58.0,94.8276
er_000886.txt,516.0,516.0,100.0,516.0,100.0
grid_000886.txt,493.0,493.0,100.0,493.0,100.0
real_000886.txt,612.0,626.0,97.7636,612.0,100.0
ba_000887.txt,435.0,435.0,100.0,435.0,100.0
er_000887.txt,790.0,790.0,100.0,790.0,100.0
real_000887.txt,8.0,8.0,100.0,8.0,100.0
tree_000887.txt,0.0,0.0,100.0,0.0,100.0
ba_000888.txt,86.0,88.0,97.7273,86.0,100.0
er_000888.txt,431.0,431.0,100.0,431.0,100.0
grid_000888.txt,395.0,395.0,100.0,395.0,100.0
real_000888.txt,99.0,100.0,99.0,99.0,100.0
ba_000889.txt,162.0,162.0,100.0,182.0,89.011
er_000889.txt,448.0,448.0,100.0,448.0,100.0
real_000889.txt,7.0,7.0,100.0,7.0,100.0
tree_000889.txt,0.0,0.0,100.0,0.0,100.0
ba_000890.txt,85.0,85.0,100.0,85.0,100.0
er_000890.txt,294.0,294.0,100.0,294.0,100.0
grid_000890.txt,166.0,166.0,100.0,166.0,100.0
real_000890.txt,15.0,15.0,100.0,15.0,100.0
ba_000891.txt,456.0,456.0,100.0,456.0,100.0
er_000891.txt,492.0,492.0,100.0,492.0,100.0
real_000891.txt,1191.0,1191.0,100.0,1193.0,99.8324
tree_000891.txt,0.0,0.0,100.0,0.0,100.0
ba_000892.txt,140.0,140.0,100.0,146.0,95.8904
er_000892.txt,834.0,834.0,100.0,834.0,100.0
grid_000892.txt,277.0,279.0,99.2832,277.0,100.0
real_000892.txt,1513.0,1523.0,99.3434,1513.0,100.0
ba_000893.txt,32.0,33.0,96.9697,32.0,100.0
er_000893.txt,620.0,620.0,100.0,620.0,100.0
real_000893.txt,3691.0,3691.0,100.0,3766.0,98.0085
tree_000893.txt,0.0,0.0,100.0,0.0,100.0
ba_000894.txt,94.0,94.0,100.0,100.0,94.0
er_000894.txt,184.0,184.0,100.0,184.0,100.0
grid_000894.txt,151.0,152.0,99.3421,151.0,100.0
real_000894.txt,29.0,29.0,100.0,29.0,100.0
ba_000895.txt,71.0,71.0,100.0,71.0,100.0
er_000895.txt,512.0,512.0,100.0,512.0,100.0
real_000895.txt,147.0,147.0,100.0,150.0,98.0
tree_000895.txt,0.0,0.0,100.0,0.0,100.0
ba_000896.txt,125.0,125.0,100.0,125.0,100.0
er_000896.txt,161.0,161.0,100.0,161.0,100.0
grid_000896.txt,266.0,266.0,100.0,266.0,100.0
real_000896.txt,15.0,15.0,100.0,15.0,100.0
ba_000897.txt,163.0,163.0,100.0,163.0,100.0
er_000897.txt,371.0,371.0,100.0,371.0,100.0
real_000897.txt,54.0,54.0,100.0,55.0,98.1818
tree_000897.txt,0.0,0.0,100.0,0.0,100.0
ba_000898.txt,119.0,119.0,100.0,121.0,98.3471
er_000898.txt,404.0,404.0,100.0,404.0,100.0
grid_000898.txt,223.0,224.0,99.5536,223.0,100.0
real_000898.txt,4.0,4.0,100.0,4.0,100.0
ba_000899.txt,89.0,89.0,100.0,89.0,100.0
er_000899.txt,608.0,608.0,100.0,608.0,100.0
real_000899.txt,2187.0,2187.0,100.0,2209.0,99.0041
tree_000899.txt,0.0,0.0,100.0,0.0,100.0
ba_000900.txt,273.0,273.0,100.0,273.0,100.0
er_000900.txt,533.0,535.0,99.6262,533.0,100.0
grid_000900.txt,153.0,153.0,100.0,153.0,100.0
real_000900.txt,4.0,4.0,100.0,4.0,100.0
ba_000901.txt,262.0,262.0,100.0,262.0,100.0
er_000901.txt,269.0,271.0,99.262,269.0,100.0
real_000901.txt,8.0,8.0,100.0,8.0,100.0
tree_000901.txt,0.0,0.0,100.0,0.0,100.0
ba_000902.txt,545.0,545.0,100.0,545.0,100.0
er_000902.txt,815.0,815.0,100.0,815.0,100.0
grid_000902.txt,119.0,121.0,98.3471,119.0,100.0
real_000902.txt,4138.0,4138.0,100.0,4260.0,97.1362
ba_000903.txt,142.0,142.0,100.0,144.0,98.6111
er_000903.txt,90.0,90.0,100.0,90.0,100.0
real_000903.txt,9.0,9.0,100.0,9.0,100.0
tree_000903.txt,0.0,0.0,100.0,0.0,100.0
ba_000904.txt,128.0,128.0,100.0,132.0,96.9697
er_000904.txt,441.0,441.0,100.0,441.0,100.0
grid_000904.txt,103.0,104.0,99.0385,103.0,100.0
real_000904.txt,13.0,13.0,100.0,13.0,100.0
ba_000905.txt,511.0,511.0,100.0,511.0,100.0
er_000905.txt,699.0,699.0,100.0,699.0,100.0
real_000905.txt,2.0,2.0,100.0,2.0,100.0
tree_000905.txt,0.0,0.0,100.0,0.0,100.0
ba_000906.txt,145.0,145.0,100.0,165.0,87.8788
er_000906.txt,547.0,547.0,100.0,547.0,100.0
grid_000906.txt,120.0,120.0,100.0,121.0,99.1736
real_000906.txt,9.0,9.0,100.0,9.0,100.0
ba_000907.txt,273.0,273.0,100.0,273.0,100.0
er_000907.txt,479.0,479.0,100.0,479.0,100.0
real_000907.txt,516.0,517.0,99.8066,516.0,100.0
tree_000907.txt,0.0,0.0,100.0,0.0,100.0
ba_000908.txt,417.0,417.0,100.0,417.0,100.0
er_000908.txt,629.0,629.0,100.0,629.0,100.0
grid_000908.txt,166.0,166.0,100.0,166.0,100.0
real_000908.txt,11.0,11.0,100.0,11.0,100.0
ba_000909.txt,472.0,472.0,100.0,472.0,100.0
er_000909.txt,486.0,486.0,100.0,486.0,100.0
real_000909.txt,3549.0,3549.0,100.0,3714.0,95.5574
tree_000909.txt,0.0,0.0,100.0,0.0,100.0
ba_000910.txt,98.0,98.0,100.0,102.0,96.0784
er_000910.txt,418.0,418.0,100.0,418.0,100.0
grid_000910.txt,89.0,89.0,100.0,89.0,100.0
real_000910.txt,805.0,805.0,100.0,806.0,99.8759
ba_000911.txt,339.0,339.0,100.0,339.0,100.0
er_000911.txt,268.0,271.0,98.893,268.0,100.0
real_000911.txt,2.0,2.0,100.0,2.0,100.0
tree_000911.txt,0.0,0.0,100.0,0.0,100.0
ba_000912.txt,221.0,221.0,100.0,221.0,100.0
er_000912.txt,486.0,486.0,100.0,486.0,100.0
grid_000912.txt,321.0,321.0,100.0,321.0,100.0
real_000912.txt,444.0,450.0,98.6667,444.0,100.0
ba_000913.txt,345.0,345.0,100.0,345.0,100.0
er_000913.txt,469.0,469.0,100.0,469.0,100.0
real_000913.txt,1.0,1.0,100.0,1.0,100.0
tree_000913.txt,0.0,0.0,100.0,0.0,100.0
ba_000914.txt,642.0,642.0,100.0,642.0,100.0
er_000914.txt,870.0,870.0,100.0,870.0,100.0
grid_000914.txt,321.0,321.0,100.0,321.0,100.0
real_000914.txt,29.0,29.0,100.0,29.0,100.0
ba_000915.txt,330.0,330.0,100.0,330.0,100.0
er_000915.txt,72.0,72.0,100.0,72.0,100.0
real_000915.txt,1.0,1.0,100.0,1.0,100.0
tree_000915.txt,0.0,0.0,100.0,0.0,100.0
ba_000916.txt,413.0,413.0,100.0,424.0,97.4057
er_000916.txt,598.0,598.0,100.0,598.0,100.0
grid_000916.txt,659.0,659.0,100.0,659.0,100.0
real_000916.txt,15.0,15.0,100.0,15.0,100.0
ba_000917.txt,185.0,185.0,100.0,189.0,97.8836
er_000917.txt,70.0,70.0,100.0,70.0,100.0
real_000917.txt,29.0,29.0,100.0,29.0,100.0
tree_000917.txt,0.0,0.0,100.0,0.0,100.0
ba_000918.txt,497.0,497.0,100.0,497.0,100.0
er_000918.txt,130.0,130.0,100.0,130.0,100.0
grid_000918.txt,654.0,654.0,100.0,654.0,100.0
real_000918.txt,4.0,4.0,100.0,4.0,100.0
ba_000919.txt,238.0,238.0,100.0,238.0,100.0
er_000919.txt,224.0,224.0,100.0,224.0,100.0
real_000919.txt,9.0,9.0,100.0,9.0,100.0
tree_000919.txt,0.0,0.0,100.0,0.0,100.0
ba_000920.txt,78.0,78.0,100.0,78.0,100.0
er_000920.txt,147.0,147.0,100.0,147.0,100.0
grid_000920.txt,176.0,177.0,99.435,176.0,100.0
real_000920.txt,1.0,1.0,100.0,1.0,100.0
ba_000921.txt,258.0,258.0,100.0,258.0,100.0
er_000921.txt,127.0,127.0,100.0,127.0,100.0
real_000921.txt,3565.0,3565.0,100.0,3663.0,97.3246
tree_000921.txt,0.0,0.0,100.0,0.0,100.0
ba_000922.txt,745.0,745.0,100.0,745.0,100.0
er_000922.txt,508.0,508.0,100.0,508.0,100.0
grid_000922.txt,266.0,267.0,99.6255,266.0,100.0
real_000922.txt,13.0,13.0,100.0,13.0,100.0
ba_000923.txt,284.0,284.0,100.0,284.0,100.0
er_000923.txt,576.0,576.0,100.0,576.0,100.0
real_000923.txt,63.0,64.0,98.4375,63.0,100.0
tree_000923.txt,0.0,0.0,100.0,0.0,100.0
ba_000924.txt,405.0,405.0,100.0,405.0,100.0
er_000924.txt,423.0,423.0,100.0,423.0,100.0
grid_000924.txt,332.0,332.0,100.0,334.0,99.4012
real_000924.txt,1245.0,1254.0,99.2823,1245.0,100.0
ba_000925.txt,131.0,131.0,100.0,131.0,100.0
er_000925.txt,461.0,461.0,100.0,461.0,100.0
real_000925.txt,1215.0,1215.0,100.0,1280.0,94.9219
tree_000925.txt,0.0,0.0,100.0,0.0,100.0
ba_000926.txt,181.0,181.0,100.0,202.0,89.604
er_000926.txt,211.0,213.0,99.061,211.0,100.0
grid_000926.txt,329.0,329.0,100.0,330.0,99.697
real_000926.txt,13.0,13.0,100.0,13.0,100.0
ba_000927.txt,255.0,255.0,100.0,255.0,100.0
er_000927.txt,114.0,114.0,100.0,114.0,100.0
real_000927.txt,1.0,1.0,100.0,1.0,100.0
tree_000927.txt,0.0,0.0,100.0,0.0,100.0
ba_000928.txt,67.0,68.0,98.5294,67.0,100.0
er_000928.txt,263.0,266.0,98.8722,263.0,100.0
grid_000928.txt,346.0,348.0,99.4253,346.0,100.0
real_000928.txt,10.0,10.0,100.0,10.0,100.0
ba_000929.txt,133.0,133.0,100.0,154.0,86.3636
er_000929.txt,454.0,454.0,100.0,454.0,100.0
real_000929.txt,1325.0,1325.0,100.0,1327.0,99.8493
tree_000929.txt,0.0,0.0,100.0,0.0,100.0
ba_000930.txt,132.0,132.0,100.0,132.0,100.0
er_000930.txt,335.0,335.0,100.0,335.0,100.0
grid_000930.txt,166.0,166.0,100.0,166.0,100.0
real_000930.txt,879.0,889.0,98.8751,879.0,100.0
ba_000931.txt,598.0,601.0,99.5008,598.0,100.0
er_000931.txt,899.0,899.0,100.0,899.0,100.0
real_000931.txt,10.0,10.0,100.0,10.0,100.0
tree_000931.txt,0.0,0.0,100.0,0.0,100.0
ba_000932.txt,57.0,57.0,100.0,61.0,93.4426
er_000932.txt,675.0,675.0,100.0,675.0,100.0
grid_000932.txt,163.0,164.0,99.3902,163.0,100.0
real_000932.txt,15.0,15.0,100.0,15.0,100.0
ba_000933.txt,344.0,344.0,100.0,344.0,100.0
er_000933.txt,373.0,373.0,100.0,373.0,100.0
real_000933.txt,1.0,1.0,100.0,1.0,100.0
tree_000933.txt,0.0,0.0,100.0,0.0,100.0
ba_000934.txt,567.0,567.0,100.0,567.0,100.0
er_000934.txt,810.0,810.0,100.0,810.0,100.0
grid_000934.txt,515.0,516.0,99.8062,515.0,100.0
real_000934.txt,13.0,13.0,100.0,13.0,100.0
ba_000935.txt,392.0,392.0,100.0,392.0,100.0
er_000935.txt,106.0,106.0,100.0,106.0,100.0
real_000935.txt,1397.0,1397.0,100.0,1406.0,99.3599
tree_000935.txt,0.0,0.0,100.0,0.0,100.0
ba_000936.txt,528.0,528.0,100.0,528.0,100.0
er_000936.txt,358.0,360.0,99.4444,358.0,100.0
grid_000936.txt,435.0,435.0,100.0,435.0,100.0
real_000936.txt,617.0,617.0,100.0,620.0,99.5161
ba_000937.txt,190.0,190.0,100.0,191.0,99.4764
er_000937.txt,229.0,231.0,99.1342,229.0,100.0
real_000937.txt,1435.0,1446.0,99.2393,1435.0,100.0
tree_000937.txt,0.0,0.0,100.0,0.0,100.0
ba_000938.txt,117.0,117.0,100.0,118.0,99.1525
er_000938.txt,38.0,38.0,100.0,39.0,97.4359
grid_000938.txt,320.0,320.0,100.0,320.0,100.0
real_000938.txt,15.0,15.0,100.0,15.0,100.0
ba_000939.txt,240.0,240.0,100.0,240.0,100.0
er_000939.txt,720.0,720.0,100.0,720.0,100.0
real_000939.txt,29.0,29.0,100.0,29.0,100.0
tree_000939.txt,0.0,0.0,100.0,0.0,100.0
ba_000940.txt,89.0,89.0,100.0,89.0,100.0
er_000940.txt,248.0,248.0,100.0,248.0,100.0
grid_000940.txt,589.0,590.0,99.8305,589.0,100.0
real_000940.txt,1533.0,1545.0,99.2233,1533.0,100.0
ba_000941.txt,499.0,499.0,100.0,499.0,100.0
er_000941.txt,818.0,818.0,100.0,818.0,100.0
real_000941.txt,1502.0,1502.0,100.0,1518.0,98.946
tree_000941.txt,0.0,0.0,100.0,0.0,100.0
ba_000942.txt,386.0,386.0,100.0,386.0,100.0
er_000942.txt,747.0,747.0,100.0,747.0,100.0
grid_000942.txt,653.0,653.0,100.0,654.0,99.8471
real_000942.txt,2117.0,2117.0,100.0,2209.0,95.8352
ba_000943.txt,536.0,536.0,100.0,536.0,100.0
er_000943.txt,10.0,10.0,100.0,11.0,90.9091
real_000943.txt,2.0,2.0,100.0,2.0,100.0
tree_000943.txt,0.0,0.0,100.0,0.0,100.0
ba_000944.txt,203.0,205.0,99.0244,203.0,100.0
er_000944.txt,880.0,880.0,100.0,880.0,100.0
grid_000944.txt,134.0,134.0,100.0,134.0,100.0
real_000944.txt,2416.0,2416.0,100.0,2526.0,95.6453
ba_000945.txt,297.0,297.0,100.0,297.0,100.0
er_000945.txt,807.0,807.0,100.0,807.0,100.0
real_000945.txt,10.0,10.0,100.0,10.0,100.0
tree_000945.txt,0.0,0.0,100.0,0.0,100.0
ba_000946.txt,31.0,31.0,100.0,31.0,100.0
er_000946.txt,49.0,49.0,100.0,49.0,100.0
grid_000946.txt,196.0,196.0,100.0,197.0,99.4924
real_000946.txt,2350.0,2350.0,100.0,2498.0,94.0753
ba_000947.txt,701.0,701.0,100.0,701.0,100.0
er_000947.txt,909.0,909.0,100.0,909.0,100.0
real_000947.txt,2.0,2.0,100.0,2.0,100.0
tree_000947.txt,0.0,0.0,100.0,0.0,100.0
ba_000948.txt,574.0,574.0,100.0,574.0,100.0
er_000948.txt,906.0,906.0,100.0,906.0,100.0
grid_000948.txt,487.0,488.0,99.7951,487.0,100.0
real_000948.txt,1736.0,1736.0,100.0,1743.0,99.5984
ba_000949.txt,125.0,125.0,100.0,131.0,95.4198
er_000949.txt,299.0,303.0,98.6799,299.0,100.0
real_000949.txt,7.0,7.0,100.0,7.0,100.0
tree_000949.txt,0.0,0.0,100.0,0.0,100.0
ba_000950.txt,331.0,331.0,100.0,331.0,100.0
er_000950.txt,864.0,864.0,100.0,864.0,100.0
grid_000950.txt,481.0,481.0,100.0,481.0,100.0
real_000950.txt,3152.0,3152.0,100.0,3254.0,96.8654
ba_000951.txt,172.0,172.0,100.0,172.0,100.0
er_000951.txt,255.0,256.0,99.6094,255.0,100.0
real_000951.txt,13.0,13.0,100.0,13.0,100.0
tree_000951.txt,0.0,0.0,100.0,0.0,100.0
ba_000952.txt,126.0,126.0,100.0,126.0,100.0
er_000952.txt,167.0,167.0,100.0,167.0,100.0
grid_000952.txt,441.0,442.0,99.7738,441.0,100.0
real_000952.txt,1300.0,1300.0,100.0,1300.0,100.0
ba_000953.txt,60.0,60.0,100.0,60.0,100.0
er_000953.txt,99.0,99.0,100.0,99.0,100.0
real_000953.txt,11.0,11.0,100.0,11.0,100.0
tree_000953.txt,0.0,0.0,100.0,0.0,100.0
ba_000954.txt,219.0,219.0,100.0,225.0,97.3333
er_000954.txt,156.0,156.0,100.0,156.0,100.0
grid_000954.txt,671.0,671.0,100.0,671.0,100.0
real_000954.txt,9.0,9.0,100.0,9.0,100.0
ba_000955.txt,301.0,306.0,98.366,301.0,100.0
er_000955.txt,508.0,508.0,100.0,508.0,100.0
real_000955.txt,2253.0,2253.0,100.0,2308.0,97.617
tree_000955.txt,0.0,0.0,100.0,0.0,100.0
ba_000956.txt,66.0,66.0,100.0,66.0,100.0
er_000956.txt,197.0,197.0,100.0,197.0,100.0
grid_000956.txt,639.0,641.0,99.688,639.0,100.0
real_000956.txt,9.0,9.0,100.0,9.0,100.0
ba_000957.txt,630.0,630.0,100.0,630.0,100.0
er_000957.txt,169.0,169.0,100.0,169.0,100.0
real_000957.txt,2506.0,2506.0,100.0,2654.0,94.4235
tree_000957.txt,0.0,0.0,100.0,0.0,100.0
ba_000958.txt,540.0,540.0,100.0,540.0,100.0
er_000958.txt,698.0,698.0,100.0,698.0,100.0
grid_000958.txt,97.0,98.0,98.9796,97.0,100.0
real_000958.txt,10.0,10.0,100.0,10.0,100.0
ba_000959.txt,486.0,486.0,100.0,486.0,100.0
er_000959.txt,40.0,40.0,100.0,40.0,100.0
real_000959.txt,1.0,1.0,100.0,1.0,100.0
tree_000959.txt,0.0,0.0,100.0,0.0,100.0
ba_000960.txt,182.0,182.0,100.0,182.0,100.0
er_000960.txt,341.0,341.0,100.0,341.0,100.0
grid_000960.txt,94.0,94.0,100.0,96.0,97.9167
real_000960.txt,8.0,8.0,100.0,8.0,100.0
ba_000961.txt,225.0,225.0,100.0,225.0,100.0
er_000961.txt,701.0,701.0,100.0,701.0,100.0
real_000961.txt,1.0,1.0,100.0,1.0,100.0
tree_000961.txt,0.0,0.0,100.0,0.0,100.0
ba_000962.txt,243.0,243.0,100.0,249.0,97.5904
er_000962.txt,843.0,843.0,100.0,843.0,100.0
grid_000962.txt,394.0,395.0,99.7468,394.0,100.0
real_000962.txt,15.0,15.0,100.0,15.0,100.0
ba_000963.txt,27.0,27.0,100.0,27.0,100.0
er_000963.txt,827.0,827.0,100.0,827.0,100.0
real_000963.txt,2.0,2.0,100.0,2.0,100.0
tree_000963.txt,0.0,0.0,100.0,0.0,100.0
ba_000964.txt,72.0,72.0,100.0,72.0,100.0
er_000964.txt,899.0,899.0,100.0,899.0,100.0
grid_000964.txt,192.0,192.0,100.0,193.0,99.4819
real_000964.txt,1.0,1.0,100.0,1.0,100.0
ba_000965.txt,101.0,101.0,100.0,101.0,100.0
er_000965.txt,376.0,378.0,99.4709,376.0,100.0
real_000965.txt,15.0,15.0,100.0,15.0,100.0
tree_000965.txt,0.0,0.0,100.0,0.0,100.0
ba_000966.txt,230.0,230.0,100.0,230.0,100.0
er_000966.txt,178.0,178.0,100.0,178.0,100.0
grid_000966.txt,299.0,299.0,100.0,299.0,100.0
real_000966.txt,29.0,29.0,100.0,29.0,100.0
ba_000967.txt,433.0,433.0,100.0,433.0,100.0
er_000967.txt,557.0,557.0,100.0,557.0,100.0
real_000967.txt,953.0,967.0,98.5522,953.0,100.0
tree_000967.txt,0.0,0.0,100.0,0.0,100.0
ba_000968.txt,225.0,225.0,100.0,225.0,100.0
er_000968.txt,494.0,496.0,99.5968,494.0,100.0
grid_000968.txt,457.0,457.0,100.0,457.0,100.0
real_000968.txt,2375.0,2375.0,100.0,2463.0,96.4271
ba_000969.txt,465.0,465.0,100.0,465.0,100.0
er_000969.txt,565.0,565.0,100.0,565.0,100.0
real_000969.txt,15.0,15.0,100.0,15.0,100.0
tree_000969.txt,0.0,0.0,100.0,0.0,100.0
ba_000970.txt,78.0,78.0,100.0,78.0,100.0
er_000970.txt,537.0,537.0,100.0,537.0,100.0
grid_000970.txt,300.0,301.0,99.6678,300.0,100.0
real_000970.txt,1.0,1.0,100.0,1.0,100.0
ba_000971.txt,654.0,654.0,100.0,654.0,100.0
er_000971.txt,391.0,391.0,100.0,391.0,100.0
real_000971.txt,10.0,10.0,100.0,10.0,100.0
tree_000971.txt,0.0,0.0,100.0,0.0,100.0
ba_000972.txt,340.0,340.0,100.0,340.0,100.0
er_000972.txt,746.0,746.0,100.0,746.0,100.0
grid_000972.txt,293.0,293.0,100.0,295.0,99.322
real_000972.txt,318.0,318.0,100.0,320.0,99.375
ba_000973.txt,386.0,386.0,100.0,386.0,100.0
er_000973.txt,845.0,845.0,100.0,845.0,100.0
real_000973.txt,787.0,789.0,99.7465,787.0,100.0
tree_000973.txt,0.0,0.0,100.0,0.0,100.0
ba_000974.txt,340.0,340.0,100.0,340.0,100.0
er_000974.txt,40.0,40.0,100.0,41.0,97.561
grid_000974.txt,427.0,427.0,100.0,428.0,99.7664
real_000974.txt,4.0,4.0,100.0,4.0,100.0
ba_000975.txt,34.0,34.0,100.0,36.0,94.4444
er_000975.txt,35.0,35.0,100.0,35.0,100.0
real_000975.txt,4.0,4.0,100.0,4.0,100.0
tree_000975.txt,0.0,0.0,100.0,0.0,100.0
ba_000976.txt,130.0,130.0,100.0,130.0,100.0
er_000976.txt,805.0,805.0,100.0,805.0,100.0
grid_000976.txt,797.0,797.0,100.0,797.0,100.0
real_000976.txt,2175.0,2175.0,100.0,2298.0,94.6475
ba_000977.txt,36.0,36.0,100.0,36.0,100.0
er_000977.txt,767.0,767.0,100.0,767.0,100.0
real_000977.txt,11.0,11.0,100.0,11.0,100.0
tree_000977.txt,0.0,0.0,100.0,0.0,100.0
ba_000978.txt,282.0,282.0,100.0,282.0,100.0
er_000978.txt,638.0,638.0,100.0,638.0,100.0
grid_000978.txt,733.0,733.0,100.0,733.0,100.0
real_000978.txt,1.0,1.0,100.0,1.0,100.0
ba_000979.txt,350.0,350.0,100.0,350.0,100.0
er_000979.txt,886.0,886.0,100.0,886.0,100.0
real_000979.txt,1521.0,1521.0,100.0,1663.0,91.4612
tree_000979.txt,0.0,0.0,100.0,0.0,100.0
ba_000980.txt,82.0,82.0,100.0,88.0,93.1818
er_000980.txt,656.0,656.0,100.0,656.0,100.0
grid_000980.txt,171.0,171.0,100.0,171.0,100.0
real_000980.txt,946.0,947.0,99.8944,946.0,100.0
ba_000981.txt,282.0,282.0,100.0,282.0,100.0
er_000981.txt,952.0,952.0,100.0,952.0,100.0
real_000981.txt,8.0,8.0,100.0,8.0,100.0
tree_000981.txt,0.0,0.0,100.0,0.0,100.0
ba_000982.txt,145.0,145.0,100.0,145.0,100.0
er_000982.txt,538.0,538.0,100.0,538.0,100.0
grid_000982.txt,256.0,256.0,100.0,257.0,99.6109
real_000982.txt,529.0,532.0,99.4361,529.0,100.0
ba_000983.txt,689.0,689.0,100.0,689.0,100.0
er_000983.txt,711.0,711.0,100.0,711.0,100.0
real_000983.txt,9.0,9.0,100.0,9.0,100.0
tree_000983.txt,0.0,0.0,100.0,0.0,100.0
ba_000984.txt,418.0,418.0,100.0,418.0,100.0
er_000984.txt,295.0,295.0,100.0,295.0,100.0
grid_000984.txt,59.0,59.0,100.0,60.0,98.3333
real_000984.txt,11.0,11.0,100.0,11.0,100.0
ba_000985.txt,99.0,99.0,100.0,99.0,100.0
er_000985.txt,68.0,68.0,100.0,68.0,100.0
real_000985.txt,380.0,380.0,100.0,392.0,96.9388
tree_000985.txt,0.0,0.0,100.0,0.0,100.0
ba_000986.txt,98.0,98.0,100.0,98.0,100.0
er_000986.txt,79.0,79.0,100.0,79.0,100.0
grid_000986.txt,201.0,201.0,100.0,202.0,99.505
real_000986.txt,1987.0,1987.0,100.0,2055.0,96.691
ba_000987.txt,251.0,251.0,100.0,251.0,100.0
er_000987.txt,196.0,196.0,100.0,196.0,100.0
real_000987.txt,7.0,7.0,100.0,7.0,100.0
tree_000987.txt,0.0,0.0,100.0,0.0,100.0
ba_000988.txt,103.0,103.0,100.0,103.0,100.0
er_000988.txt,554.0,554.0,100.0,554.0,100.0
grid_000988.txt,343.0,345.0,99.4203,343.0,100.0
real_000988.txt,7.0,7.0,100.0,7.0,100.0
ba_000989.txt,439.0,439.0,100.0,439.0,100.0
er_000989.txt,549.0,549.0,100.0,549.0,100.0
real_000989.txt,1544.0,1552.0,99.4845,1544.0,100.0
tree_000989.txt,0.0,0.0,100.0,0.0,100.0
ba_000990.txt,160.0,160.0,100.0,160.0,100.0
er_000990.txt,187.0,187.0,100.0,187.0,100.0
grid_000990.txt,266.0,266.0,100.0,266.0,100.0
real_000990.txt,1644.0,1644.0,100.0,1666.0,98.6795
ba_000991.txt,222.0,222.0,100.0,224.0,99.1071
er_000991.txt,851.0,851.0,100.0,851.0,100.0
real_000991.txt,1397.0,1397.0,100.0,1406.0,99.3599
tree_000991.txt,0.0,0.0,100.0,0.0,100.0
ba_000992.txt,74.0,74.0,100.0,74.0,100.0
er_000992.txt,737.0,737.0,100.0,737.0,100.0
grid_000992.txt,524.0,524.0,100.0,525.0,99.8095
real_000992.txt,98.0,102.0,96.0784,98.0,100.0
ba_000993.txt,119.0,119.0,100.0,122.0,97.541
er_000993.txt,905.0,905.0,100.0,905.0,100.0
real_000993.txt,13.0,13.0,100.0,13.0,100.0
tree_000993.txt,0.0,0.0,100.0,0.0,100.0
ba_000994.txt,89.0,89.0,100.0,89.0,100.0
er_000994.txt,700.0,700.0,100.0,700.0,100.0
grid_000994.txt,95.0,95.0,100.0,95.0,100.0
real_000994.txt,424.0,424.0,100.0,425.0,99.7647
ba_000995.txt,318.0,318.0,100.0,318.0,100.0
er_000995.txt,402.0,402.0,100.0,402.0,100.0
real_000995.txt,13.0,13.0,100.0,13.0,100.0
tree_000995.txt,0.0,0.0,100.0,0.0,100.0
ba_000996.txt,164.0,164.0,100.0,164.0,100.0
er_000996.txt,78.0,78.0,100.0,78.0,100.0
grid_000996.txt,166.0,166.0,100.0,167.0,99.4012
real_000996.txt,8.0,8.0,100.0,8.0,100.0
ba_000997.txt,432.0,432.0,100.0,432.0,100.0
er_000997.txt,816.0,816.0,100.0,816.0,100.0
real_000997.txt,1.0,1.0,100.0,1.0,100.0
tree_000997.txt,0.0,0.0,100.0,0.0,100.0
ba_000998.txt,675.0,675.0,100.0,675.0,100.0
er_000998.txt,50.0,50.0,100.0,50.0,100.0
grid_000998.txt,122.0,122.0,100.0,123.0,99.187
real_000998.txt,1223.0,1226.0,99.7553,1223.0,100.0
ba_000999.txt,402.0,402.0,100.0,402.0,100.0
er_000999.txt,37.0,38.0,97.3684,37.0,100.0
real_000999.txt,29.0,29.0,100.0,29.0,100.0
tree_000999.txt,0.0,0.0,100.0,0.0,100.0
ba_001000.txt,59.0,59.0,100.0,60.0,98.3333
er_001000.txt,950.0,950.0,100.0,950.0,100.0
grid_001000.txt,107.0,107.0,100.0,107.0,100.0
real_001000.txt,2.0,2.0,100.0,2.0,100.0
ba_001001.txt,136.0,136.0,100.0,136.0,100.0
er_001001.txt,73.0,73.0,100.0,76.0,96.0526
real_001001.txt,1114.0,1116.0,99.8208,1114.0,100.0
tree_001001.txt,0.0,0.0,100.0,0.0,100.0
ba_001002.txt,186.0,186.0,100.0,207.0,89.8551
er_001002.txt,698.0,698.0,100.0,698.0,100.0
grid_001002.txt,169.0,169.0,100.0,169.0,100.0
real_001002.txt,4.0,4.0,100.0,4.0,100.0
ba_001003.txt,103.0,103.0,100.0,103.0,100.0
er_001003.txt,288.0,292.0,98.6301,288.0,100.0
real_001003.txt,8.0,8.0,100.0,8.0,100.0
tree_001003.txt,0.0,0.0,100.0,0.0,100.0
ba_001004.txt,110.0,110.0,100.0,113.0,97.3451
er_001004.txt,528.0,528.0,100.0,528.0,100.0
grid_001004.txt,257.0,257.0,100.0,257.0,100.0
real_001004.txt,10.0,10.0,100.0,10.0,100.0
ba_001005.txt,66.0,66.0,100.0,66.0,100.0
er_001005.txt,910.0,910.0,100.0,910.0,100.0
real_001005.txt,1.0,1.0,100.0,1.0,100.0
tree_001005.txt,0.0,0.0,100.0,0.0,100.0
ba_001006.txt,51.0,51.0,100.0,51.0,100.0
er_001006.txt,653.0,653.0,100.0,653.0,100.0
grid_001006.txt,347.0,347.0,100.0,347.0,100.0
real_001006.txt,9.0,9.0,100.0,9.0,100.0
ba_001007.txt,198.0,198.0,100.0,198.0,100.0
er_001007.txt,407.0,407.0,100.0,407.0,100.0
real_001007.txt,1852.0,1860.0,99.5699,1852.0,100.0
tree_001007.txt,0.0,0.0,100.0,0.0,100.0
ba_001008.txt,193.0,193.0,100.0,196.0,98.4694
er_001008.txt,282.0,282.0,100.0,282.0,100.0
grid_001008.txt,214.0,214.0,100.0,214.0,100.0
real_001008.txt,4.0,4.0,100.0,4.0,100.0
ba_001009.txt,375.0,375.0,100.0,375.0,100.0
er_001009.txt,421.0,421.0,100.0,421.0,100.0
real_001009.txt,1387.0,1389.0,99.856,1387.0,100.0
tree_001009.txt,0.0,0.0,100.0,0.0,100.0
ba_001010.txt,251.0,251.0,100.0,251.0,100.0
er_001010.txt,656.0,656.0,100.0,656.0,100.0
grid_001010.txt,296.0,296.0,100.0,296.0,100.0
real_001010.txt,2.0,2.0,100.0,2.0,100.0
ba_001011.txt,49.0,49.0,100.0,49.0,100.0
er_001011.txt,558.0,558.0,100.0,558.0,100.0
real_001011.txt,105.0,105.0,100.0,111.0,94.5946
tree_001011.txt,0.0,0.0,100.0,0.0,100.0
ba_001012.txt,407.0,407.0,100.0,407.0,100.0
er_001012.txt,773.0,773.0,100.0,773.0,100.0
grid_001012.txt,107.0,107.0,100.0,107.0,100.0
real_001012.txt,29.0,29.0,100.0,29.0,100.0
ba_001013.txt,268.0,268.0,100.0,268.0,100.0
er_001013.txt,24.0,24.0,100.0,24.0,100.0
real_001013.txt,8.0,8.0,100.0,8.0,100.0
tree_001013.txt,0.0,0.0,100.0,0.0,100.0
ba_001014.txt,99.0,99.0,100.0,99.0,100.0
er_001014.txt,839.0,839.0,100.0,839.0,100.0
grid_001014.txt,453.0,454.0,99.7797,453.0,100.0
real_001014.txt,377.0,385.0,97.9221,377.0,100.0
ba_001015.txt,83.0,83.0,100.0,84.0,98.8095
er_001015.txt,333.0,333.0,100.0,333.0,100.0
real_001015.txt,10.0,10.0,100.0,10.0,100.0
tree_001015.txt,0.0,0.0,100.0,0.0,100.0
ba_001016.txt,246.0,246.0,100.0,246.0,100.0
er_001016.txt,577.0,577.0,100.0,577.0,100.0
grid_001016.txt,171.0,172.0,99.4186,171.0,100.0
real_001016.txt,7.0,7.0,100.0,7.0,100.0
ba_001017.txt,387.0,387.0,100.0,387.0,100.0
er_001017.txt,162.0,162.0,100.0,162.0,100.0
real_001017.txt,1095.0,1104.0,99.1848,1095.0,100.0
tree_001017.txt,0.0,0.0,100.0,0.0,100.0
ba_001018.txt,129.0,129.0,100.0,129.0,100.0
er_001018.txt,687.0,687.0,100.0,687.0,100.0
grid_001018.txt,395.0,396.0,99.7475,395.0,100.0
real_001018.txt,15.0,15.0,100.0,15.0,100.0
ba_001019.txt,341.0,341.0,100.0,341.0,100.0
er_001019.txt,765.0,765.0,100.0,765.0,100.0
real_001019.txt,13.0,13.0,100.0,13.0,100.0
tree_001019.txt,0.0,0.0,100.0,0.0,100.0
ba_001020.txt,134.0,138.0,97.1014,134.0,100.0
er_001020.txt,101.0,101.0,100.0,101.0,100.0
grid_001020.txt,221.0,221.0,100.0,221.0,100.0
real_001020.txt,2.0,2.0,100.0,2.0,100.0
ba_001021.txt,162.0,162.0,100.0,162.0,100.0
er_001021.txt,43.0,43.0,100.0,43.0,100.0
real_001021.txt,2.0,2.0,100.0,2.0,100.0
tree_001021.txt,0.0,0.0,100.0,0.0,100.0
ba_001022.txt,113.0,113.0,100.0,113.0,100.0
er_001022.txt,64.0,64.0,100.0,64.0,100.0
grid_001022.txt,455.0,455.0,100.0,457.0,99.5624
real_001022.txt,2.0,2.0,100.0,2.0,100.0
ba_001023.txt,668.0,668.0,100.0,668.0,100.0
er_001023.txt,653.0,653.0,100.0,653.0,100.0
real_001023.txt,10.0,10.0,100.0,10.0,100.0
tree_001023.txt,0.0,0.0,100.0,0.0,100.0
ba_001024.txt,71.0,71.0,100.0,71.0,100.0
er_001024.txt,62.0,62.0,100.0,62.0,100.0
grid_001024.txt,95.0,96.0,98.9583,95.0,100.0
real_001024.txt,2.0,2.0,100.0,2.0,100.0
ba_001025.txt,207.0,207.0,100.0,209.0,99.0431
er_001025.txt,247.0,247.0,100.0,247.0,100.0
real_001025.txt,29.0,29.0,100.0,29.0,100.0
tree_001025.txt,0.0,0.0,100.0,0.0,100.0
ba_001026.txt,125.0,125.0,100.0,135.0,92.5926
er_001026.txt,634.0,634.0,100.0,634.0,100.0
grid_001026.txt,348.0,350.0,99.4286,348.0,100.0
real_001026.txt,9.0,9.0,100.0,9.0,100.0
ba_001027.txt,177.0,177.0,100.0,177.0,100.0
er_001027.txt,954.0,954.0,100.0,954.0,100.0
real_001027.txt,1921.0,1921.0,100.0,2023.0,94.958
tree_001027.txt,0.0,0.0,100.0,0.0,100.0
ba_001028.txt,109.0,110.0,99.0909,109.0,100.0
er_001028.txt,60.0,60.0,100.0,60.0,100.0
grid_001028.txt,553.0,553.0,100.0,554.0,99.8195
real_001028.txt,4.0,4.0,100.0,4.0,100.0
ba_001029.txt,146.0,146.0,100.0,154.0,94.8052
er_001029.txt,200.0,200.0,100.0,200.0,100.0
real_001029.txt,1137.0,1149.0,98.9556,1137.0,100.0
tree_001029.txt,0.0,0.0,100.0,0.0,100.0
ba_001030.txt,683.0,683.0,100.0,683.0,100.0
er_001030.txt,631.0,631.0,100.0,631.0,100.0
grid_001030.txt,236.0,236.0,100.0,237.0,99.5781
real_001030.txt,4.0,4.0,100.0,4.0,100.0
ba_001031.txt,524.0,524.0,100.0,524.0,100.0
er_001031.txt,695.0,695.0,100.0,695.0,100.0
real_001031.txt,1.0,1.0,100.0,1.0,100.0
tree_001031.txt,0.0,0.0,100.0,0.0,100.0
ba_001032.txt,331.0,331.0,100.0,331.0,100.0
er_001032.txt,63.0,63.0,100.0,63.0,100.0
grid_001032.txt,164.0,164.0,100.0,164.0,100.0
real_001032.txt,1.0,1.0,100.0,1.0,100.0
ba_001033.txt,437.0,437.0,100.0,437.0,100.0
er_001033.txt,553.0,553.0,100.0,553.0,100.0
real_001033.txt,4.0,4.0,100.0,4.0,100.0
tree_001033.txt,0.0,0.0,100.0,0.0,100.0
ba_001034.txt,169.0,169.0,100.0,199.0,84.9246
er_001034.txt,529.0,529.0,100.0,529.0,100.0
grid_001034.txt,224.0,225.0,99.5556,224.0,100.0
real_001034.txt,9.0,9.0,100.0,9.0,100.0
ba_001035.txt,197.0,197.0,100.0,197.0,100.0
er_001035.txt,387.0,387.0,100.0,387.0,100.0
real_001035.txt,8.0,8.0,100.0,8.0,100.0
tree_001035.txt,0.0,0.0,100.0,0.0,100.0
ba_001036.txt,231.0,231.0,100.0,231.0,100.0
er_001036.txt,401.0,401.0,100.0,401.0,100.0
grid_001036.txt,371.0,372.0,99.7312,371.0,100.0
real_001036.txt,2997.0,2997.0,100.0,3057.0,98.0373
ba_001037.txt,273.0,273.0,100.0,273.0,100.0
er_001037.txt,367.0,367.0,100.0,367.0,100.0
real_001037.txt,7.0,7.0,100.0,7.0,100.0
tree_001037.txt,0.0,0.0,100.0,0.0,100.0
ba_001038.txt,393.0,393.0,100.0,393.0,100.0
er_001038.txt,93.0,93.0,100.0,93.0,100.0
grid_001038.txt,229.0,230.0,99.5652,229.0,100.0
real_001038.txt,2.0,2.0,100.0,2.0,100.0
ba_001039.txt,165.0,165.0,100.0,174.0,94.8276
er_001039.txt,363.0,363.0,100.0,363.0,100.0
real_001039.txt,963.0,969.0,99.3808,963.0,100.0
tree_001039.txt,0.0,0.0,100.0,0.0,100.0
ba_001040.txt,613.0,613.0,100.0,613.0,100.0
er_001040.txt,24.0,24.0,100.0,25.0,96.0
grid_001040.txt,449.0,449.0,100.0,449.0,100.0
real_001040.txt,2.0,2.0,100.0,2.0,100.0
ba_001041.txt,436.0,436.0,100.0,487.0,89.5277
er_001041.txt,730.0,730.0,100.0,730.0,100.0
real_001041.txt,8.0,8.0,100.0,8.0,100.0
tree_001041.txt,0.0,0.0,100.0,0.0,100.0
ba_001042.txt,44.0,44.0,100.0,45.0,97.7778
er_001042.txt,646.0,646.0,100.0,646.0,100.0
grid_001042.txt,36.0,36.0,100.0,36.0,100.0
real_001042.txt,8.0,8.0,100.0,8.0,100.0
ba_001043.txt,253.0,253.0,100.0,253.0,100.0
er_001043.txt,258.0,258.0,100.0,258.0,100.0
real_001043.txt,11.0,11.0,100.0,11.0,100.0
tree_001043.txt,0.0,0.0,100.0,0.0,100.0
ba_001044.txt,20.0,22.0,90.9091,20.0,100.0
er_001044.txt,352.0,352.0,100.0,352.0,100.0
grid_001044.txt,557.0,557.0,100.0,558.0,99.8208
real_001044.txt,1.0,1.0,100.0,1.0,100.0
ba_001045.txt,69.0,69.0,100.0,69.0,100.0
er_001045.txt,66.0,66.0,100.0,66.0,100.0
real_001045.txt,651.0,651.0,100.0,655.0,99.3893
tree_001045.txt,0.0,0.0,100.0,0.0,100.0
ba_001046.txt,125.0,125.0,100.0,125.0,100.0
er_001046.txt,121.0,121.0,100.0,121.0,100.0
grid_001046.txt,160.0,160.0,100.0,160.0,100.0
real_001046.txt,259.0,259.0,100.0,259.0,100.0
ba_001047.txt,707.0,707.0,100.0,707.0,100.0
er_001047.txt,791.0,791.0,100.0,791.0,100.0
real_001047.txt,348.0,348.0,100.0,355.0,98.0282
tree_001047.txt,0.0,0.0,100.0,0.0,100.0
ba_001048.txt,50.0,50.0,100.0,50.0,100.0
er_001048.txt,893.0,893.0,100.0,893.0,100.0
grid_001048.txt,217.0,217.0,100.0,217.0,100.0
real_001048.txt,97.0,97.0,100.0,101.0,96.0396
ba_001049.txt,316.0,316.0,100.0,316.0,100.0
er_001049.txt,127.0,127.0,100.0,127.0,100.0
real_001049.txt,10.0,10.0,100.0,10.0,100.0
tree_001049.txt,0.0,0.0,100.0,0.0,100.0
ba_001050.txt,232.0,232.0,100.0,233.0,99.5708
er_001050.txt,475.0,475.0,100.0,475.0,100.0
grid_001050.txt,435.0,435.0,100.0,435.0,100.0
real_001050.txt,547.0,547.0,100.0,555.0,98.5586
ba_001051.txt,453.0,453.0,100.0,453.0,100.0
er_001051.txt,711.0,711.0,100.0,711.0,100.0
real_001051.txt,10.0,10.0,100.0,10.0,100.0
tree_001051.txt,0.0,0.0,100.0,0.0,100.0
ba_001052.txt,119.0,119.0,100.0,122.0,97.541
er_001052.txt,321.0,321.0,100.0,321.0,100.0
grid_001052.txt,92.0,92.0,100.0,92.0,100.0
real_001052.txt,224.0,224.0,100.0,235.0,95.3191
ba_001053.txt,589.0,589.0,100.0,589.0,100.0
er_001053.txt,139.0,139.0,100.0,139.0,100.0
real_001053.txt,1328.0,1328.0,100.0,1331.0,99.7746
tree_001053.txt,0.0,0.0,100.0,0.0,100.0
ba_001054.txt,153.0,153.0,100.0,153.0,100.0
er_001054.txt,167.0,167.0,100.0,167.0,100.0
grid_001054.txt,33.0,33.0,100.0,33.0,100.0
real_001054.txt,7.0,7.0,100.0,7.0,100.0
ba_001055.txt,48.0,48.0,100.0,48.0,100.0
er_001055.txt,51.0,51.0,100.0,51.0,100.0
real_001055.txt,2.0,2.0,100.0,2.0,100.0
tree_001055.txt,0.0,0.0,100.0,0.0,100.0
ba_001056.txt,286.0,286.0,100.0,286.0,100.0
er_001056.txt,603.0,603.0,100.0,603.0,100.0
grid_001056.txt,200.0,200.0,100.0,200.0,100.0
real_001056.txt,2.0,2.0,100.0,2.0,100.0
ba_001057.txt,351.0,352.0,99.7159,351.0,100.0
er_001057.txt,837.0,837.0,100.0,837.0,100.0
real_001057.txt,8.0,8.0,100.0,8.0,100.0
tree_001057.txt,0.0,0.0,100.0,0.0,100.0
ba_001058.txt,378.0,378.0,100.0,378.0,100.0
er_001058.txt,653.0,653.0,100.0,653.0,100.0
grid_001058.txt,156.0,156.0,100.0,156.0,100.0
real_001058.txt,981.0,999.0,98.1982,981.0,100.0
ba_001059.txt,195.0,195.0,100.0,195.0,100.0
er_001059.txt,748.0,748.0,100.0,748.0,100.0
real_001059.txt,1679.0,1679.0,100.0,1768.0,94.9661
tree_001059.txt,0.0,0.0,100.0,0.0,100.0
ba_001060.txt,431.0,431.0,100.0,431.0,100.0
er_001060.txt,102.0,102.0,100.0,102.0,100.0
grid_001060.txt,116.0,116.0,100.0,116.0,100.0
real_001060.txt,672.0,672.0,100.0,676.0,99.4083
ba_001061.txt,156.0,156.0,100.0,168.0,92.8571
er_001061.txt,347.0,347.0,100.0,347.0,100.0
real_001061.txt,78.0,80.0,97.5,78.0,100.0
tree_001061.txt,0.0,0.0,100.0,0.0,100.0
ba_001062.txt,139.0,139.0,100.0,153.0,90.8497
er_001062.txt,805.0,805.0,100.0,805.0,100.0
grid_001062.txt,113.0,114.0,99.1228,113.0,100.0
real_001062.txt,13.0,13.0,100.0,13.0,100.0
ba_001063.txt,191.0,191.0,100.0,191.0,100.0
er_001063.txt,660.0,660.0,100.0,660.0,100.0
real_001063.txt,1376.0,1376.0,100.0,1376.0,100.0
tree_001063.txt,0.0,0.0,100.0,0.0,100.0
ba_001064.txt,51.0,52.0,98.0769,51.0,100.0
er_001064.txt,485.0,485.0,100.0,485.0,100.0
grid_001064.txt,232.0,232.0,100.0,232.0,100.0
real_001064.txt,530.0,530.0,100.0,547.0,96.8921
ba_001065.txt,353.0,353.0,100.0,353.0,100.0
er_001065.txt,548.0,548.0,100.0,548.0,100.0
real_001065.txt,2536.0,2536.0,100.0,2594.0,97.7641
tree_001065.txt,0.0,0.0,100.0,0.0,100.0
ba_001066.txt,476.0,476.0,100.0,476.0,100.0
er_001066.txt,426.0,426.0,100.0,426.0,100.0
grid_001066.txt,192.0,194.0,98.9691,192.0,100.0
real_001066.txt,7.0,7.0,100.0,7.0,100.0
ba_001067.txt,31.0,31.0,100.0,31.0,100.0
er_001067.txt,116.0,116.0,100.0,116.0,100.0
real_001067.txt,11.0,11.0,100.0,11.0,100.0
tree_001067.txt,0.0,0.0,100.0,0.0,100.0
ba_001068.txt,66.0,66.0,100.0,70.0,94.2857
er_001068.txt,217.0,217.0,100.0,217.0,100.0
grid_001068.txt,134.0,136.0,98.5294,134.0,100.0
real_001068.txt,11.0,11.0,100.0,11.0,100.0
ba_001069.txt,376.0,376.0,100.0,376.0,100.0
er_001069.txt,382.0,382.0,100.0,382.0,100.0
real_001069.txt,4.0,4.0,100.0,4.0,100.0
tree_001069.txt,0.0,0.0,100.0,0.0,100.0
ba_001070.txt,115.0,115.0,100.0,117.0,98.2906
er_001070.txt,843.0,843.0,100.0,843.0,100.0
grid_001070.txt,770.0,770.0,100.0,770.0,100.0
real_001070.txt,4176.0,4176.0,100.0,4321.0,96.6443
ba_001071.txt,446.0,446.0,100.0,446.0,100.0
er_001071.txt,614.0,614.0,100.0,614.0,100.0
real_001071.txt,15.0,15.0,100.0,15.0,100.0
tree_001071.txt,0.0,0.0,100.0,0.0,100.0
ba_001072.txt,37.0,37.0,100.0,37.0,100.0
er_001072.txt,532.0,532.0,100.0,532.0,100.0
grid_001072.txt,453.0,454.0,99.7797,453.0,100.0
real_001072.txt,2.0,2.0,100.0,2.0,100.0
ba_001073.txt,253.0,253.0,100.0,253.0,100.0
er_001073.txt,333.0,333.0,100.0,333.0,100.0
real_001073.txt,10.0,10.0,100.0,10.0,100.0
tree_001073.txt,0.0,0.0,100.0,0.0,100.0
ba_001074.txt,79.0,79.0,100.0,79.0,100.0
er_001074.txt,157.0,157.0,100.0,157.0,100.0
grid_001074.txt,134.0,134.0,100.0,134.0,100.0
real_001074.txt,3512.0,3512.0,100.0,3604.0,97.4473
ba_001075.txt,216.0,216.0,100.0,222.0,97.2973
er_001075.txt,233.0,233.0,100.0,233.0,100.0
real_001075.txt,1058.0,1058.0,100.0,1068.0,99.0637
tree_001075.txt,0.0,0.0,100.0,0.0,100.0
ba_001076.txt,112.0,112.0,100.0,112.0,100.0
er_001076.txt,648.0,648.0,100.0,648.0,100.0
grid_001076.txt,354.0,356.0,99.4382,354.0,100.0
real_001076.txt,2.0,2.0,100.0,2.0,100.0
ba_001077.txt,173.0,173.0,100.0,189.0,91.5344
er_001077.txt,459.0,459.0,100.0,459.0,100.0
real_001077.txt,7.0,7.0,100.0,7.0,100.0
tree_001077.txt,0.0,0.0,100.0,0.0,100.0
ba_001078.txt,202.0,202.0,100.0,202.0,100.0
er_001078.txt,638.0,638.0,100.0,638.0,100.0
grid_001078.txt,194.0,194.0,100.0,194.0,100.0
real_001078.txt,9.0,9.0,100.0,9.0,100.0
ba_001079.txt,399.0,399.0,100.0,399.0,100.0
er_001079.txt,797.0,797.0,100.0,797.0,100.0
real_001079.txt,676.0,676.0,100.0,693.0,97.5469
tree_001079.txt,0.0,0.0,100.0,0.0,100.0
ba_001080.txt,206.0,206.0,100.0,206.0,100.0
er_001080.txt,177.0,177.0,100.0,177.0,100.0
grid_001080.txt,305.0,305.0,100.0,306.0,99.6732
real_001080.txt,1.0,1.0,100.0,1.0,100.0
ba_001081.txt,41.0,41.0,100.0,41.0,100.0
er_001081.txt,63.0,63.0,100.0,63.0,100.0
real_001081.txt,7.0,7.0,100.0,7.0,100.0
tree_001081.txt,0.0,0.0,100.0,0.0,100.0
ba_001082.txt,116.0,116.0,100.0,117.0,99.1453
er_001082.txt,641.0,641.0,100.0,641.0,100.0
grid_001082.txt,155.0,155.0,100.0,157.0,98.7261
real_001082.txt,9.0,9.0,100.0,9.0,100.0
ba_001083.txt,161.0,161.0,100.0,228.0,70.614
er_001083.txt,139.0,139.0,100.0,139.0,100.0
real_001083.txt,1310.0,1310.0,100.0,1325.0,98.8679
tree_001083.txt,0.0,0.0,100.0,0.0,100.0
ba_001084.txt,192.0,192.0,100.0,208.0,92.3077
er_001084.txt,271.0,271.0,100.0,271.0,100.0
grid_001084.txt,101.0,101.0,100.0,101.0,100.0
real_001084.txt,13.0,13.0,100.0,13.0,100.0
ba_001085.txt,72.0,72.0,100.0,72.0,100.0
er_001085.txt,565.0,565.0,100.0,565.0,100.0
real_001085.txt,10.0,10.0,100.0,10.0,100.0
tree_001085.txt,0.0,0.0,100.0,0.0,100.0
ba_001086.txt,402.0,402.0,100.0,402.0,100.0
er_001086.txt,141.0,141.0,100.0,141.0,100.0
grid_001086.txt,596.0,597.0,99.8325,596.0,100.0
real_001086.txt,2.0,2.0,100.0,2.0,100.0
ba_001087.txt,463.0,463.0,100.0,463.0,100.0
er_001087.txt,116.0,116.0,100.0,116.0,100.0
real_001087.txt,2.0,2.0,100.0,2.0,100.0
tree_001087.txt,0.0,0.0,100.0,0.0,100.0
ba_001088.txt,586.0,586.0,100.0,586.0,100.0
er_001088.txt,539.0,539.0,100.0,539.0,100.0
grid_001088.txt,381.0,382.0,99.7382,381.0,100.0
real_001088.txt,4.0,4.0,100.0,4.0,100.0
ba_001089.txt,397.0,397.0,100.0,397.0,100.0
er_001089.txt,193.0,193.0,100.0,193.0,100.0
real_001089.txt,29.0,29.0,100.0,29.0,100.0
tree_001089.txt,0.0,0.0,100.0,0.0,100.0
ba_001090.txt,104.0,105.0,99.0476,104.0,100.0
er_001090.txt,146.0,146.0,100.0,146.0,100.0
grid_001090.txt,589.0,589.0,100.0,590.0,99.8305
real_001090.txt,1843.0,1843.0,100.0,1927.0,95.6409
ba_001091.txt,106.0,106.0,100.0,107.0,99.0654
er_001091.txt,764.0,764.0,100.0,764.0,100.0
real_001091.txt,11.0,11.0,100.0,11.0,100.0
tree_001091.txt,0.0,0.0,100.0,0.0,100.0
ba_001092.txt,552.0,552.0,100.0,552.0,100.0
er_001092.txt,813.0,813.0,100.0,813.0,100.0
grid_001092.txt,137.0,137.0,100.0,138.0,99.2754
real_001092.txt,4.0,4.0,100.0,4.0,100.0
ba_001093.txt,210.0,210.0,100.0,237.0,88.6076
er_001093.txt,748.0,748.0,100.0,748.0,100.0
real_001093.txt,141.0,141.0,100.0,142.0,99.2958
tree_001093.txt,0.0,0.0,100.0,0.0,100.0
ba_001094.txt,346.0,346.0,100.0,346.0,100.0
er_001094.txt,868.0,868.0,100.0,868.0,100.0
grid_001094.txt,194.0,194.0,100.0,194.0,100.0
real_001094.txt,10.0,10.0,100.0,10.0,100.0
ba_001095.txt,299.0,299.0,100.0,299.0,100.0
er_001095.txt,663.0,663.0,100.0,663.0,100.0
real_001095.txt,29.0,29.0,100.0,29.0,100.0
tree_001095.txt,0.0,0.0,100.0,0.0,100.0
ba_001096.txt,436.0,436.0,100.0,436.0,100.0
er_001096.txt,629.0,629.0,100.0,629.0,100.0
grid_001096.txt,196.0,196.0,100.0,196.0,100.0
real_001096.txt,29.0,29.0,100.0,29.0,100.0
ba_001097.txt,136.0,136.0,100.0,136.0,100.0
er_001097.txt,482.0,482.0,100.0,482.0,100.0
real_001097.txt,11.0,11.0,100.0,11.0,100.0
tree_001097.txt,0.0,0.0,100.0,0.0,100.0
ba_001098.txt,363.0,363.0,100.0,363.0,100.0
er_001098.txt,187.0,187.0,100.0,187.0,100.0
grid_001098.txt,201.0,201.0,100.0,202.0,99.505
real_001098.txt,2.0,2.0,100.0,2.0,100.0
ba_001099.txt,496.0,496.0,100.0,496.0,100.0
er_001099.txt,643.0,643.0,100.0,643.0,100.0
real_001099.txt,2448.0,2448.0,100.0,2724.0,89.8678
tree_001099.txt,0.0,0.0,100.0,0.0,100.0
ba_001100.txt,144.0,144.0,100.0,162.0,88.8889
er_001100.txt,23.0,24.0,95.8333,23.0,100.0
grid_001100.txt,251.0,252.0,99.6032,251.0,100.0
real_001100.txt,29.0,29.0,100.0,29.0,100.0
ba_001101.txt,162.0,162.0,100.0,164.0,98.7805
er_001101.txt,778.0,778.0,100.0,778.0,100.0
real_001101.txt,1760.0,1760.0,100.0,1773.0,99.2668
tree_001101.txt,0.0,0.0,100.0,0.0,100.0
ba_001102.txt,671.0,671.0,100.0,671.0,100.0
er_001102.txt,92.0,92.0,100.0,92.0,100.0
grid_001102.txt,701.0,701.0,100.0,701.0,100.0
real_001102.txt,9.0,9.0,100.0,9.0,100.0
ba_001103.txt,93.0,93.0,100.0,93.0,100.0
er_001103.txt,387.0,387.0,100.0,387.0,100.0
real_001103.txt,2.0,2.0,100.0,2.0,100.0
tree_001103.txt,0.0,0.0,100.0,0.0,100.0
ba_001104.txt,131.0,131.0,100.0,131.0,100.0
er_001104.txt,425.0,425.0,100.0,425.0,100.0
grid_001104.txt,100.0,100.0,100.0,100.0,100.0
real_001104.txt,15.0,15.0,100.0,15.0,100.0
ba_001105.txt,430.0,430.0,100.0,430.0,100.0
er_001105.txt,143.0,143.0,100.0,143.0,100.0
real_001105.txt,1708.0,1712.0,99.7664,1708.0,100.0
tree_001105.txt,0.0,0.0,100.0,0.0,100.0
ba_001106.txt,286.0,286.0,100.0,286.0,100.0
er_001106.txt,488.0,488.0,100.0,488.0,100.0
grid_001106.txt,435.0,435.0,100.0,435.0,100.0
real_001106.txt,2.0,2.0,100.0,2.0,100.0
ba_001107.txt,335.0,335.0,100.0,335.0,100.0
er_001107.txt,644.0,644.0,100.0,644.0,100.0
real_001107.txt,2.0,2.0,100.0,2.0,100.0
tree_001107.txt,0.0,0.0,100.0,0.0,100.0
ba_001108.txt,206.0,206.0,100.0,228.0,90.3509
er_001108.txt,572.0,572.0,100.0,572.0,100.0
grid_001108.txt,235.0,237.0,99.1561,235.0,100.0
real_001108.txt,9.0,9.0,100.0,9.0,100.0
ba_001109.txt,394.0,394.0,100.0,394.0,100.0
er_001109.txt,169.0,169.0,100.0,169.0,100.0
real_001109.txt,156.0,160.0,97.5,156.0,100.0
tree_001109.txt,0.0,0.0,100.0,0.0,100.0
ba_001110.txt,204.0,204.0,100.0,235.0,86.8085
er_001110.txt,63.0,63.0,100.0,63.0,100.0
grid_001110.txt,214.0,214.0,100.0,214.0,100.0
real_001110.txt,1397.0,1397.0,100.0,1406.0,99.3599
ba_001111.txt,262.0,262.0,100.0,262.0,100.0
er_001111.txt,700.0,700.0,100.0,700.0,100.0
real_001111.txt,11.0,11.0,100.0,11.0,100.0
tree_001111.txt,0.0,0.0,100.0,0.0,100.0
ba_001112.txt,40.0,42.0,95.2381,40.0,100.0
er_001112.txt,828.0,828.0,100.0,828.0,100.0
grid_001112.txt,50.0,50.0,100.0,50.0,100.0
real_001112.txt,15.0,15.0,100.0,15.0,100.0
ba_001113.txt,130.0,130.0,100.0,131.0,99.2366
er_001113.txt,328.0,328.0,100.0,328.0,100.0
real_001113.txt,2.0,2.0,100.0,2.0,100.0
tree_001113.txt,0.0,0.0,100.0,0.0,100.0
ba_001114.txt,74.0,74.0,100.0,74.0,100.0
er_001114.txt,192.0,192.0,100.0,192.0,100.0
grid_001114.txt,417.0,417.0,100.0,417.0,100.0
real_001114.txt,29.0,29.0,100.0,29.0,100.0
ba_001115.txt,325.0,325.0,100.0,325.0,100.0
er_001115.txt,253.0,253.0,100.0,253.0,100.0
real_001115.txt,1937.0,1939.0,99.8969,1937.0,100.0
tree_001115.txt,0.0,0.0,100.0,0.0,100.0
ba_001116.txt,147.0,147.0,100.0,147.0,100.0
er_001116.txt,511.0,511.0,100.0,511.0,100.0
grid_001116.txt,166.0,166.0,100.0,166.0,100.0
real_001116.txt,13.0,13.0,100.0,13.0,100.0
ba_001117.txt,91.0,91.0,100.0,93.0,97.8495
er_001117.txt,227.0,227.0,100.0,227.0,100.0
real_001117.txt,8.0,8.0,100.0,8.0,100.0
tree_001117.txt,0.0,0.0,100.0,0.0,100.0
ba_001118.txt,519.0,519.0,100.0,519.0,100.0
er_001118.txt,143.0,143.0,100.0,143.0,100.0
grid_001118.txt,279.0,279.0,100.0,281.0,99.2883
real_001118.txt,2810.0,2810.0,100.0,2940.0,95.5782
ba_001119.txt,172.0,172.0,100.0,185.0,92.973
er_001119.txt,203.0,203.0,100.0,203.0,100.0
real_001119.txt,2.0,2.0,100.0,2.0,100.0
tree_001119.txt,0.0,0.0,100.0,0.0,100.0
ba_001120.txt,158.0,158.0,100.0,200.0,79.0
er_001120.txt,600.0,600.0,100.0,600.0,100.0
grid_001120.txt,133.0,134.0,99.2537,133.0,100.0
real_001120.txt,15.0,15.0,100.0,15.0,100.0
ba_001121.txt,134.0,134.0,100.0,134.0,100.0
er_001121.txt,550.0,550.0,100.0,550.0,100.0
real_001121.txt,11.0,11.0,100.0,11.0,100.0
tree_001121.txt,0.0,0.0,100.0,0.0,100.0
ba_001122.txt,278.0,278.0,100.0,278.0,100.0
er_001122.txt,666.0,666.0,100.0,666.0,100.0
grid_001122.txt,188.0,188.0,100.0,188.0,100.0
real_001122.txt,29.0,29.0,100.0,29.0,100.0
ba_001123.txt,21.0,21.0,100.0,21.0,100.0
er_001123.txt,907.0,907.0,100.0,907.0,100.0
real_001123.txt,11.0,11.0,100.0,11.0,100.0
tree_001123.txt,0.0,0.0,100.0,0.0,100.0
ba_001124.txt,302.0,302.0,100.0,302.0,100.0
er_001124.txt,334.0,334.0,100.0,334.0,100.0
grid_001124.txt,600.0,600.0,100.0,600.0,100.0
real_001124.txt,9.0,9.0,100.0,9.0,100.0
ba_001125.txt,255.0,255.0,100.0,255.0,100.0
er_001125.txt,616.0,616.0,100.0,616.0,100.0
real_001125.txt,1801.0,1809.0,99.5578,1801.0,100.0
tree_001125.txt,0.0,0.0,100.0,0.0,100.0
ba_001126.txt,40.0,40.0,100.0,40.0,100.0
er_001126.txt,161.0,161.0,100.0,161.0,100.0
grid_001126.txt,209.0,209.0,100.0,210.0,99.5238
real_001126.txt,1069.0,1069.0,100.0,1070.0,99.9065
ba_001127.txt,473.0,473.0,100.0,473.0,100.0
er_001127.txt,923.0,923.0,100.0,923.0,100.0
real_001127.txt,10.0,10.0,100.0,10.0,100.0
tree_001127.txt,0.0,0.0,100.0,0.0,100.0
ba_001128.txt,227.0,227.0,100.0,227.0,100.0
er_001128.txt,794.0,794.0,100.0,794.0,100.0
grid_001128.txt,177.0,177.0,100.0,178.0,99.4382
real_001128.txt,964.0,979.0,98.4678,964.0,100.0
ba_001129.txt,98.0,98.0,100.0,98.0,100.0
er_001129.txt,297.0,297.0,100.0,297.0,100.0
real_001129.txt,1.0,1.0,100.0,1.0,100.0
tree_001129.txt,0.0,0.0,100.0,0.0,100.0
ba_001130.txt,364.0,364.0,100.0,364.0,100.0
er_001130.txt,312.0,312.0,100.0,312.0,100.0
grid_001130.txt,622.0,622.0,100.0,622.0,100.0
real_001130.txt,8.0,8.0,100.0,8.0,100.0
ba_001131.txt,34.0,36.0,94.4444,34.0,100.0
er_001131.txt,38.0,38.0,100.0,39.0,97.4359
real_001131.txt,3186.0,3186.0,100.0,3274.0,97.3122
tree_001131.txt,0.0,0.0,100.0,0.0,100.0
ba_001132.txt,654.0,654.0,100.0,654.0,100.0
er_001132.txt,189.0,189.0,100.0,189.0,100.0
grid_001132.txt,184.0,184.0,100.0,184.0,100.0
real_001132.txt,9.0,9.0,100.0,9.0,100.0
ba_001133.txt,441.0,441.0,100.0,441.0,100.0
er_001133.txt,522.0,522.0,100.0,522.0,100.0
real_001133.txt,1260.0,1260.0,100.0,1262.0,99.8415
tree_001133.txt,0.0,0.0,100.0,0.0,100.0
ba_001134.txt,127.0,127.0,100.0,131.0,96.9466
er_001134.txt,247.0,247.0,100.0,247.0,100.0
grid_001134.txt,56.0,56.0,100.0,57.0,98.2456
real_001134.txt,7.0,7.0,100.0,7.0,100.0
ba_001135.txt,461.0,461.0,100.0,461.0,100.0
er_001135.txt,449.0,449.0,100.0,449.0,100.0
real_001135.txt,8.0,8.0,100.0,8.0,100.0
tree_001135.txt,0.0,0.0,100.0,0.0,100.0
ba_001136.txt,209.0,209.0,100.0,213.0,98.1221
er_001136.txt,187.0,187.0,100.0,187.0,100.0
grid_001136.txt,186.0,186.0,100.0,187.0,99.4652
real_001136.txt,1789.0,1789.0,100.0,1797.0,99.5548
ba_001137.txt,360.0,360.0,100.0,360.0,100.0
er_001137.txt,327.0,327.0,100.0,327.0,100.0
real_001137.txt,4.0,4.0,100.0,4.0,100.0
tree_001137.txt,0.0,0.0,100.0,0.0,100.0
ba_001138.txt,253.0,253.0,100.0,253.0,100.0
er_001138.txt,56.0,56.0,100.0,56.0,100.0
grid_001138.txt,100.0,100.0,100.0,100.0,100.0
real_001138.txt,1019.0,1019.0,100.0,1033.0,98.6447
ba_001139.txt,50.0,50.0,100.0,50.0,100.0
er_001139.txt,35.0,35.0,100.0,35.0,100.0
real_001139.txt,224.0,228.0,98.2456,224.0,100.0
tree_001139.txt,0.0,0.0,100.0,0.0,100.0
ba_001140.txt,81.0,82.0,98.7805,81.0,100.0
er_001140.txt,905.0,905.0,100.0,905.0,100.0
grid_001140.txt,133.0,133.0,100.0,134.0,99.2537
real_001140.txt,7.0,7.0,100.0,7.0,100.0
ba_001141.txt,694.0,694.0,100.0,694.0,100.0
er_001141.txt,713.0,713.0,100.0,713.0,100.0
real_001141.txt,404.0,404.0,100.0,409.0,98.7775
tree_001141.txt,0.0,0.0,100.0,0.0,100.0
ba_001142.txt,206.0,211.0,97.6303,206.0,100.0
er_001142.txt,747.0,747.0,100.0,747.0,100.0
grid_001142.txt,57.0,57.0,100.0,57.0,100.0
real_001142.txt,10.0,10.0,100.0,10.0,100.0
ba_001143.txt,448.0,448.0,100.0,448.0,100.0
er_001143.txt,166.0,166.0,100.0,166.0,100.0
real_001143.txt,1.0,1.0,100.0,1.0,100.0
tree_001143.txt,0.0,0.0,100.0,0.0,100.0
ba_001144.txt,304.0,304.0,100.0,304.0,100.0
er_001144.txt,400.0,400.0,100.0,400.0,100.0
grid_001144.txt,178.0,180.0,98.8889,178.0,100.0
real_001144.txt,10.0,10.0,100.0,10.0,100.0
ba_001145.txt,445.0,445.0,100.0,445.0,100.0
er_001145.txt,443.0,443.0,100.0,443.0,100.0
real_001145.txt,13.0,13.0,100.0,13.0,100.0
tree_001145.txt,0.0,0.0,100.0,0.0,100.0
ba_001146.txt,118.0,118.0,100.0,118.0,100.0
er_001146.txt,909.0,909.0,100.0,909.0,100.0
grid_001146.txt,166.0,166.0,100.0,167.0,99.4012
real_001146.txt,8.0,8.0,100.0,8.0,100.0
ba_001147.txt,361.0,361.0,100.0,361.0,100.0
er_001147.txt,347.0,347.0,100.0,347.0,100.0
real_001147.txt,966.0,971.0,99.4851,966.0,100.0
tree_001147.txt,0.0,0.0,100.0,0.0,100.0
ba_001148.txt,108.0,108.0,100.0,108.0,100.0
er_001148.txt,16.0,16.0,100.0,17.0,94.1176
grid_001148.txt,398.0,398.0,100.0,399.0,99.7494
real_001148.txt,4.0,4.0,100.0,4.0,100.0
ba_001149.txt,30.0,30.0,100.0,30.0,100.0
er_001149.txt,63.0,63.0,100.0,63.0,100.0
real_001149.txt,231.0,231.0,100.0,236.0,97.8814
tree_001149.txt,0.0,0.0,100.0,0.0,100.0
ba_001150.txt,720.0,720.0,100.0,720.0,100.0
er_001150.txt,202.0,202.0,100.0,202.0,100.0
grid_001150.txt,572.0,572.0,100.0,574.0,99.6516
real_001150.txt,2.0,2.0,100.0,2.0,100.0
ba_001151.txt,347.0,347.0,100.0,347.0,100.0
er_001151.txt,61.0,61.0,100.0,61.0,100.0
real_001151.txt,11.0,11.0,100.0,11.0,100.0
tree_001151.txt,0.0,0.0,100.0,0.0,100.0
ba_001152.txt,114.0,117.0,97.4359,114.0,100.0
er_001152.txt,305.0,305.0,100.0,305.0,100.0
grid_001152.txt,361.0,363.0,99.449,361.0,100.0
real_001152.txt,2.0,2.0,100.0,2.0,100.0
ba_001153.txt,580.0,580.0,100.0,580.0,100.0
er_001153.txt,678.0,678.0,100.0,678.0,100.0
real_001153.txt,3407.0,3407.0,100.0,3572.0,95.3807
tree_001153.txt,0.0,0.0,100.0,0.0,100.0
ba_001154.txt,43.0,43.0,100.0,44.0,97.7273
er_001154.txt,736.0,736.0,100.0,736.0,100.0
grid_001154.txt,110.0,111.0,99.0991,110.0,100.0
real_001154.txt,11.0,11.0,100.0,11.0,100.0
ba_001155.txt,670.0,670.0,100.0,670.0,100.0
er_001155.txt,92.0,92.0,100.0,92.0,100.0
real_001155.txt,1362.0,1362.0,100.0,1367.0,99.6342
tree_001155.txt,0.0,0.0,100.0,0.0,100.0
ba_001156.txt,418.0,418.0,100.0,418.0,100.0
er_001156.txt,236.0,236.0,100.0,236.0,100.0
grid_001156.txt,390.0,391.0,99.7442,390.0,100.0
real_001156.txt,9.0,9.0,100.0,9.0,100.0
ba_001157.txt,409.0,409.0,100.0,409.0,100.0
er_001157.txt,412.0,412.0,100.0,412.0,100.0
real_001157.txt,768.0,794.0,96.7254,768.0,100.0
tree_001157.txt,0.0,0.0,100.0,0.0,100.0
ba_001158.txt,100.0,100.0,100.0,102.0,98.0392
er_001158.txt,540.0,540.0,100.0,540.0,100.0
grid_001158.txt,592.0,592.0,100.0,592.0,100.0
real_001158.txt,10.0,10.0,100.0,10.0,100.0
ba_001159.txt,57.0,57.0,100.0,57.0,100.0
er_001159.txt,76.0,76.0,100.0,76.0,100.0
real_001159.txt,833.0,842.0,98.9311,833.0,100.0
tree_001159.txt,0.0,0.0,100.0,0.0,100.0
ba_001160.txt,382.0,385.0,99.2208,382.0,100.0
er_001160.txt,548.0,548.0,100.0,548.0,100.0
grid_001160.txt,466.0,467.0,99.7859,466.0,100.0
real_001160.txt,1204.0,1204.0,100.0,1204.0,100.0
ba_001161.txt,310.0,310.0,100.0,310.0,100.0
er_001161.txt,731.0,731.0,100.0,731.0,100.0
real_001161.txt,2.0,2.0,100.0,2.0,100.0
tree_001161.txt,0.0,0.0,100.0,0.0,100.0
ba_001162.txt,88.0,88.0,100.0,88.0,100.0
er_001162.txt,121.0,121.0,100.0,121.0,100.0
grid_001162.txt,258.0,260.0,99.2308,258.0,100.0
real_001162.txt,29.0,29.0,100.0,29.0,100.0
ba_001163.txt,197.0,197.0,100.0,200.0,98.5
er_001163.txt,60.0,60.0,100.0,60.0,100.0
real_001163.txt,13.0,13.0,100.0,13.0,100.0
tree_001163.txt,0.0,0.0,100.0,0.0,100.0
ba_001164.txt,329.0,329.0,100.0,329.0,100.0
er_001164.txt,779.0,779.0,100.0,779.0,100.0
grid_001164.txt,515.0,516.0,99.8062,515.0,100.0
real_001164.txt,1759.0,1759.0,100.0,1874.0,93.8634
ba_001165.txt,535.0,535.0,100.0,535.0,100.0
er_001165.txt,121.0,121.0,100.0,121.0,100.0
real_001165.txt,2830.0,2830.0,100.0,2938.0,96.324
tree_001165.txt,0.0,0.0,100.0,0.0,100.0
ba_001166.txt,674.0,674.0,100.0,674.0,100.0
er_001166.txt,551.0,551.0,100.0,551.0,100.0
grid_001166.txt,94.0,94.0,100.0,96.0,97.9167
real_001166.txt,1004.0,1021.0,98.335,1004.0,100.0
ba_001167.txt,439.0,439.0,100.0,439.0,100.0
er_001167.txt,391.0,391.0,100.0,391.0,100.0
real_001167.txt,13.0,13.0,100.0,13.0,100.0
tree_001167.txt,0.0,0.0,100.0,0.0,100.0
ba_001168.txt,457.0,457.0,100.0,457.0,100.0
er_001168.txt,455.0,455.0,100.0,455.0,100.0
grid_001168.txt,56.0,56.0,100.0,56.0,100.0
real_001168.txt,1397.0,1397.0,100.0,1406.0,99.3599
ba_001169.txt,234.0,236.0,99.1525,234.0,100.0
er_001169.txt,589.0,589.0,100.0,589.0,100.0
real_001169.txt,9.0,9.0,100.0,9.0,100.0
tree_001169.txt,0.0,0.0,100.0,0.0,100.0
ba_001170.txt,148.0,148.0,100.0,148.0,100.0
er_001170.txt,101.0,101.0,100.0,101.0,100.0
grid_001170.txt,382.0,382.0,100.0,382.0,100.0
real_001170.txt,1.0,1.0,100.0,1.0,100.0
ba_001171.txt,28.0,28.0,100.0,30.0,93.3333
er_001171.txt,930.0,930.0,100.0,930.0,100.0
real_001171.txt,1.0,1.0,100.0,1.0,100.0
tree_001171.txt,0.0,0.0,100.0,0.0,100.0
ba_001172.txt,281.0,281.0,100.0,281.0,100.0
er_001172.txt,803.0,803.0,100.0,803.0,100.0
grid_001172.txt,116.0,117.0,99.1453,116.0,100.0
real_001172.txt,2162.0,2162.0,100.0,2342.0,92.3143
ba_001173.txt,111.0,111.0,100.0,112.0,99.1071
er_001173.txt,341.0,342.0,99.7076,341.0,100.0
real_001173.txt,1.0,1.0,100.0,1.0,100.0
tree_001173.txt,0.0,0.0,100.0,0.0,100.0
ba_001174.txt,70.0,70.0,100.0,70.0,100.0
er_001174.txt,912.0,912.0,100.0,912.0,100.0
grid_001174.txt,248.0,249.0,99.5984,248.0,100.0
real_001174.txt,29.0,29.0,100.0,29.0,100.0
ba_001175.txt,324.0,324.0,100.0,324.0,100.0
er_001175.txt,843.0,843.0,100.0,843.0,100.0
real_001175.txt,2.0,2.0,100.0,2.0,100.0
tree_001175.txt,0.0,0.0,100.0,0.0,100.0
ba_001176.txt,151.0,151.0,100.0,154.0,98.0519
er_001176.txt,442.0,442.0,100.0,442.0,100.0
grid_001176.txt,201.0,201.0,100.0,202.0,99.505
real_001176.txt,11.0,11.0,100.0,11.0,100.0
ba_001177.txt,445.0,445.0,100.0,445.0,100.0
er_001177.txt,117.0,117.0,100.0,117.0,100.0
real_001177.txt,3809.0,3809.0,100.0,3981.0,95.6795
tree_001177.txt,0.0,0.0,100.0,0.0,100.0
ba_001178.txt,89.0,89.0,100.0,89.0,100.0
er_001178.txt,130.0,130.0,100.0,130.0,100.0
grid_001178.txt,171.0,171.0,100.0,172.0,99.4186
real_001178.txt,4.0,4.0,100.0,4.0,100.0
ba_001179.txt,485.0,485.0,100.0,485.0,100.0
er_001179.txt,237.0,237.0,100.0,237.0,100.0
real_001179.txt,1586.0,1588.0,99.8741,1586.0,100.0
tree_001179.txt,0.0,0.0,100.0,0.0,100.0
ba_001180.txt,65.0,65.0,100.0,65.0,100.0
er_001180.txt,484.0,484.0,100.0,484.0,100.0
grid_001180.txt,148.0,149.0,99.3289,148.0,100.0
real_001180.txt,29.0,29.0,100.0,29.0,100.0
ba_001181.txt,222.0,222.0,100.0,222.0,100.0
er_001181.txt,103.0,103.0,100.0,103.0,100.0
real_001181.txt,774.0,775.0,99.871,774.0,100.0
tree_001181.txt,0.0,0.0,100.0,0.0,100.0
ba_001182.txt,85.0,85.0,100.0,86.0,98.8372
er_001182.txt,841.0,841.0,100.0,841.0,100.0
grid_001182.txt,425.0,425.0,100.0,426.0,99.7653
real_001182.txt,10.0,10.0,100.0,10.0,100.0
ba_001183.txt,419.0,419.0,100.0,419.0,100.0
er_001183.txt,604.0,604.0,100.0,604.0,100.0
real_001183.txt,10.0,10.0,100.0,10.0,100.0
tree_001183.txt,0.0,0.0,100.0,0.0,100.0
ba_001184.txt,33.0,33.0,100.0,34.0,97.0588
er_001184.txt,360.0,360.0,100.0,360.0,100.0
grid_001184.txt,144.0,144.0,100.0,144.0,100.0
real_001184.txt,8.0,8.0,100.0,8.0,100.0
ba_001185.txt,407.0,407.0,100.0,407.0,100.0
er_001185.txt,258.0,258.0,100.0,258.0,100.0
real_001185.txt,2.0,2.0,100.0,2.0,100.0
tree_001185.txt,0.0,0.0,100.0,0.0,100.0
ba_001186.txt,101.0,101.0,100.0,106.0,95.283
er_001186.txt,746.0,746.0,100.0,746.0,100.0
grid_001186.txt,179.0,179.0,100.0,179.0,100.0
real_001186.txt,8.0,8.0,100.0,8.0,100.0
ba_001187.txt,303.0,303.0,100.0,303.0,100.0
er_001187.txt,330.0,330.0,100.0,330.0,100.0
real_001187.txt,2134.0,2134.0,100.0,2267.0,94.1332
tree_001187.txt,0.0,0.0,100.0,0.0,100.0
ba_001188.txt,286.0,286.0,100.0,286.0,100.0
er_001188.txt,516.0,516.0,100.0,516.0,100.0
grid_001188.txt,288.0,289.0,99.654,288.0,100.0
real_001188.txt,13.0,13.0,100.0,13.0,100.0
ba_001189.txt,687.0,687.0,100.0,687.0,100.0
er_001189.txt,52.0,52.0,100.0,52.0,100.0
real_001189.txt,1.0,1.0,100.0,1.0,100.0
tree_001189.txt,0.0,0.0,100.0,0.0,100.0
ba_001190.txt,352.0,352.0,100.0,352.0,100.0
er_001190.txt,670.0,670.0,100.0,670.0,100.0
grid_001190.txt,178.0,178.0,100.0,178.0,100.0
real_001190.txt,2.0,2.0,100.0,2.0,100.0
ba_001191.txt,332.0,332.0,100.0,332.0,100.0
er_001191.txt,501.0,501.0,100.0,501.0,100.0
real_001191.txt,1253.0,1264.0,99.1297,1253.0,100.0
tree_001191.txt,0.0,0.0,100.0,0.0,100.0
ba_001192.txt,339.0,339.0,100.0,339.0,100.0
er_001192.txt,71.0,74.0,95.9459,71.0,100.0
grid_001192.txt,243.0,243.0,100.0,244.0,99.5902
real_001192.txt,13.0,13.0,100.0,13.0,100.0
ba_001193.txt,569.0,569.0,100.0,569.0,100.0
er_001193.txt,540.0,542.0,99.631,540.0,100.0
real_001193.txt,1921.0,1923.0,99.896,1921.0,100.0
tree_001193.txt,0.0,0.0,100.0,0.0,100.0
ba_001194.txt,118.0,118.0,100.0,118.0,100.0
er_001194.txt,583.0,583.0,100.0,583.0,100.0
grid_001194.txt,242.0,242.0,100.0,242.0,100.0
real_001194.txt,2484.0,2484.0,100.0,2667.0,93.1384
ba_001195.txt,205.0,205.0,100.0,205.0,100.0
er_001195.txt,741.0,741.0,100.0,741.0,100.0
real_001195.txt,7.0,7.0,100.0,7.0,100.0
tree_001195.txt,0.0,0.0,100.0,0.0,100.0
ba_001196.txt,370.0,370.0,100.0,370.0,100.0
er_001196.txt,648.0,648.0,100.0,648.0,100.0
grid_001196.txt,365.0,365.0,100.0,368.0,99.1848
real_001196.txt,1011.0,1011.0,100.0,1013.0,99.8026
ba_001197.txt,544.0,544.0,100.0,544.0,100.0
er_001197.txt,194.0,194.0,100.0,194.0,100.0
real_001197.txt,1.0,1.0,100.0,1.0,100.0
tree_001197.txt,0.0,0.0,100.0,0.0,100.0
ba_001198.txt,548.0,548.0,100.0,548.0,100.0
er_001198.txt,906.0,906.0,100.0,906.0,100.0
grid_001198.txt,161.0,161.0,100.0,162.0,99.3827
real_001198.txt,489.0,489.0,100.0,497.0,98.3903
ba_001199.txt,428.0,428.0,100.0,428.0,100.0
er_001199.txt,91.0,91.0,100.0,91.0,100.0
real_001199.txt,13.0,13.0,100.0,13.0,100.0
tree_001199.txt,0.0,0.0,100.0,0.0,100.0
ba_001200.txt,506.0,506.0,100.0,506.0,100.0
er_001200.txt,210.0,210.0,100.0,210.0,100.0
grid_001200.txt,269.0,269.0,100.0,270.0,99.6296
real_001200.txt,7.0,7.0,100.0,7.0,100.0
ba_001201.txt,17.0,17.0,100.0,17.0,100.0
er_001201.txt,41.0,43.0,95.3488,41.0,100.0
real_001201.txt,15.0,15.0,100.0,15.0,100.0
tree_001201.txt,0.0,0.0,100.0,0.0,100.0
ba_001202.txt,244.0,244.0,100.0,244.0,100.0
er_001202.txt,500.0,500.0,100.0,500.0,100.0
grid_001202.txt,293.0,293.0,100.0,295.0,99.322
real_001202.txt,10.0,10.0,100.0,10.0,100.0
ba_001203.txt,151.0,151.0,100.0,151.0,100.0
er_001203.txt,131.0,131.0,100.0,131.0,100.0
real_001203.txt,1626.0,1632.0,99.6324,1626.0,100.0
tree_001203.txt,0.0,0.0,100.0,0.0,100.0
ba_001204.txt,134.0,134.0,100.0,135.0,99.2593
er_001204.txt,819.0,819.0,100.0,819.0,100.0
grid_001204.txt,43.0,43.0,100.0,45.0,95.5556
real_001204.txt,4.0,4.0,100.0,4.0,100.0
ba_001205.txt,61.0,61.0,100.0,61.0,100.0
er_001205.txt,243.0,244.0,99.5902,243.0,100.0
real_001205.txt,843.0,858.0,98.2517,843.0,100.0
tree_001205.txt,0.0,0.0,100.0,0.0,100.0
ba_001206.txt,594.0,594.0,100.0,594.0,100.0
er_001206.txt,484.0,484.0,100.0,484.0,100.0
grid_001206.txt,127.0,127.0,100.0,128.0,99.2188
real_001206.txt,15.0,15.0,100.0,15.0,100.0
ba_001207.txt,47.0,48.0,97.9167,47.0,100.0
er_001207.txt,793.0,793.0,100.0,793.0,100.0
real_001207.txt,8.0,8.0,100.0,8.0,100.0
tree_001207.txt,0.0,0.0,100.0,0.0,100.0
ba_001208.txt,371.0,371.0,100.0,371.0,100.0
er_001208.txt,163.0,163.0,100.0,163.0,100.0
grid_001208.txt,458.0,458.0,100.0,460.0,99.5652
real_001208.txt,29.0,29.0,100.0,29.0,100.0
ba_001209.txt,290.0,290.0,100.0,290.0,100.0
er_001209.txt,113.0,113.0,100.0,113.0,100.0
real_001209.txt,1.0,1.0,100.0,1.0,100.0
tree_001209.txt,0.0,0.0,100.0,0.0,100.0
ba_001210.txt,175.0,175.0,100.0,176.0,99.4318
er_001210.txt,90.0,90.0,100.0,90.0,100.0
grid_001210.txt,390.0,391.0,99.7442,390.0,100.0
real_001210.txt,8.0,8.0,100.0,8.0,100.0
ba_001211.txt,22.0,22.0,100.0,23.0,95.6522
er_001211.txt,545.0,545.0,100.0,545.0,100.0
real_001211.txt,1.0,1.0,100.0,1.0,100.0
tree_001211.txt,0.0,0.0,100.0,0.0,100.0
ba_001212.txt,249.0,249.0,100.0,278.0,89.5683
er_001212.txt,469.0,469.0,100.0,469.0,100.0
grid_001212.txt,324.0,324.0,100.0,324.0,100.0
real_001212.txt,13.0,13.0,100.0,13.0,100.0
ba_001213.txt,728.0,728.0,100.0,728.0,100.0
er_001213.txt,411.0,411.0,100.0,411.0,100.0
real_001213.txt,1397.0,1397.0,100.0,1406.0,99.3599
tree_001213.txt,0.0,0.0,100.0,0.0,100.0
ba_001214.txt,419.0,419.0,100.0,419.0,100.0
er_001214.txt,633.0,633.0,100.0,633.0,100.0
grid_001214.txt,90.0,90.0,100.0,91.0,98.9011
real_001214.txt,9.0,9.0,100.0,9.0,100.0
ba_001215.txt,724.0,724.0,100.0,724.0,100.0
er_001215.txt,119.0,119.0,100.0,119.0,100.0
real_001215.txt,1.0,1.0,100.0,1.0,100.0
tree_001215.txt,0.0,0.0,100.0,0.0,100.0
ba_001216.txt,320.0,320.0,100.0,320.0,100.0
er_001216.txt,504.0,504.0,100.0,504.0,100.0
grid_001216.txt,266.0,266.0,100.0,266.0,100.0
real_001216.txt,1807.0,1807.0,100.0,1872.0,96.5278
ba_001217.txt,56.0,57.0,98.2456,56.0,100.0
er_001217.txt,537.0,537.0,100.0,537.0,100.0
real_001217.txt,1.0,1.0,100.0,1.0,100.0
tree_001217.txt,0.0,0.0,100.0,0.0,100.0
ba_001218.txt,185.0,185.0,100.0,185.0,100.0
er_001218.txt,250.0,250.0,100.0,250.0,100.0
grid_001218.txt,472.0,472.0,100.0,474.0,99.5781
real_001218.txt,3735.0,3735.0,100.0,3748.0,99.6531
ba_001219.txt,91.0,91.0,100.0,91.0,100.0
er_001219.txt,867.0,867.0,100.0,867.0,100.0
real_001219.txt,7.0,7.0,100.0,7.0,100.0
tree_001219.txt,0.0,0.0,100.0,0.0,100.0
ba_001220.txt,156.0,156.0,100.0,161.0,96.8944
er_001220.txt,223.0,223.0,100.0,223.0,100.0
grid_001220.txt,351.0,351.0,100.0,351.0,100.0
real_001220.txt,1.0,1.0,100.0,1.0,100.0
ba_001221.txt,427.0,427.0,100.0,427.0,100.0
er_001221.txt,867.0,867.0,100.0,867.0,100.0
real_001221.txt,11.0,11.0,100.0,11.0,100.0
tree_001221.txt,0.0,0.0,100.0,0.0,100.0
ba_001222.txt,147.0,147.0,100.0,154.0,95.4545
er_001222.txt,130.0,130.0,100.0,130.0,100.0
grid_001222.txt,193.0,193.0,100.0,193.0,100.0
real_001222.txt,2164.0,2164.0,100.0,2356.0,91.8506
ba_001223.txt,481.0,481.0,100.0,481.0,100.0
er_001223.txt,486.0,486.0,100.0,486.0,100.0
real_001223.txt,4.0,4.0,100.0,4.0,100.0
tree_001223.txt,0.0,0.0,100.0,0.0,100.0
ba_001224.txt,176.0,178.0,98.8764,176.0,100.0
er_001224.txt,56.0,56.0,100.0,56.0,100.0
grid_001224.txt,240.0,242.0,99.1736,240.0,100.0
real_001224.txt,1814.0,1826.0,99.3428,1814.0,100.0
ba_001225.txt,270.0,270.0,100.0,270.0,100.0
er_001225.txt,122.0,122.0,100.0,122.0,100.0
real_001225.txt,2185.0,2185.0,100.0,2244.0,97.3708
tree_001225.txt,0.0,0.0,100.0,0.0,100.0
ba_001226.txt,407.0,407.0,100.0,407.0,100.0
er_001226.txt,247.0,249.0,99.1968,247.0,100.0
grid_001226.txt,138.0,139.0,99.2806,138.0,100.0
real_001226.txt,1.0,1.0,100.0,1.0,100.0
ba_001227.txt,189.0,189.0,100.0,209.0,90.4306
er_001227.txt,756.0,756.0,100.0,756.0,100.0
real_001227.txt,1330.0,1333.0,99.7749,1330.0,100.0
tree_001227.txt,0.0,0.0,100.0,0.0,100.0
ba_001228.txt,50.0,50.0,100.0,50.0,100.0
er_001228.txt,328.0,328.0,100.0,328.0,100.0
grid_001228.txt,87.0,87.0,100.0,88.0,98.8636
real_001228.txt,1741.0,1741.0,100.0,1747.0,99.6566
ba_001229.txt,547.0,547.0,100.0,547.0,100.0
er_001229.txt,539.0,539.0,100.0,539.0,100.0
real_001229.txt,29.0,29.0,100.0,29.0,100.0
tree_001229.txt,0.0,0.0,100.0,0.0,100.0
ba_001230.txt,284.0,284.0,100.0,284.0,100.0
er_001230.txt,867.0,867.0,100.0,867.0,100.0
grid_001230.txt,225.0,225.0,100.0,226.0,99.5575
real_001230.txt,8.0,8.0,100.0,8.0,100.0
ba_001231.txt,711.0,711.0,100.0,711.0,100.0
er_001231.txt,360.0,360.0,100.0,360.0,100.0
real_001231.txt,1.0,1.0,100.0,1.0,100.0
tree_001231.txt,0.0,0.0,100.0,0.0,100.0
ba_001232.txt,372.0,372.0,100.0,372.0,100.0
er_001232.txt,686.0,686.0,100.0,686.0,100.0
grid_001232.txt,337.0,337.0,100.0,337.0,100.0
real_001232.txt,29.0,29.0,100.0,29.0,100.0
ba_001233.txt,99.0,99.0,100.0,101.0,98.0198
er_001233.txt,184.0,184.0,100.0,184.0,100.0
real_001233.txt,10.0,10.0,100.0,10.0,100.0
tree_001233.txt,0.0,0.0,100.0,0.0,100.0
ba_001234.txt,376.0,376.0,100.0,376.0,100.0
er_001234.txt,689.0,689.0,100.0,689.0,100.0
grid_001234.txt,518.0,518.0,100.0,518.0,100.0
real_001234.txt,29.0,29.0,100.0,29.0,100.0
ba_001235.txt,346.0,346.0,100.0,346.0,100.0
er_001235.txt,604.0,604.0,100.0,604.0,100.0
real_001235.txt,1275.0,1294.0,98.5317,1275.0,100.0
tree_001235.txt,0.0,0.0,100.0,0.0,100.0
ba_001236.txt,677.0,677.0,100.0,677.0,100.0
er_001236.txt,70.0,70.0,100.0,70.0,100.0
grid_001236.txt,260.0,261.0,99.6169,260.0,100.0
real_001236.txt,29.0,29.0,100.0,29.0,100.0
ba_001237.txt,171.0,171.0,100.0,171.0,100.0
er_001237.txt,145.0,145.0,100.0,145.0,100.0
real_001237.txt,1963.0,1968.0,99.7459,1963.0,100.0
tree_001237.txt,0.0,0.0,100.0,0.0,100.0
ba_001238.txt,432.0,432.0,100.0,432.0,100.0
er_001238.txt,239.0,239.0,100.0,239.0,100.0
grid_001238.txt,533.0,534.0,99.8127,533.0,100.0
real_001238.txt,10.0,10.0,100.0,10.0,100.0
ba_001239.txt,52.0,52.0,100.0,52.0,100.0
er_001239.txt,674.0,674.0,100.0,674.0,100.0
real_001239.txt,3553.0,3553.0,100.0,3660.0,97.0765
tree_001239.txt,0.0,0.0,100.0,0.0,100.0
ba_001240.txt,591.0,591.0,100.0,591.0,100.0
er_001240.txt,294.0,296.0,99.3243,294.0,100.0
grid_001240.txt,96.0,97.0,98.9691,96.0,100.0
real_001240.txt,11.0,11.0,100.0,11.0,100.0
ba_001241.txt,14.0,14.0,100.0,14.0,100.0
er_001241.txt,682.0,682.0,100.0,682.0,100.0
real_001241.txt,332.0,332.0,100.0,332.0,100.0
tree_001241.txt,0.0,0.0,100.0,0.0,100.0
ba_001242.txt,171.0,171.0,100.0,173.0,98.8439
er_001242.txt,207.0,207.0,100.0,207.0,100.0
grid_001242.txt,634.0,634.0,100.0,635.0,99.8425
real_001242.txt,29.0,29.0,100.0,29.0,100.0
ba_001243.txt,34.0,34.0,100.0,34.0,100.0
er_001243.txt,579.0,579.0,100.0,579.0,100.0
real_001243.txt,1.0,1.0,100.0,1.0,100.0
tree_001243.txt,0.0,0.0,100.0,0.0,100.0
ba_001244.txt,345.0,345.0,100.0,345.0,100.0
er_001244.txt,705.0,705.0,100.0,705.0,100.0
grid_001244.txt,205.0,205.0,100.0,205.0,100.0
real_001244.txt,8.0,8.0,100.0,8.0,100.0
ba_001245.txt,523.0,523.0,100.0,523.0,100.0
er_001245.txt,204.0,204.0,100.0,204.0,100.0
real_001245.txt,978.0,985.0,99.2893,978.0,100.0
tree_001245.txt,0.0,0.0,100.0,0.0,100.0
ba_001246.txt,432.0,432.0,100.0,432.0,100.0
er_001246.txt,531.0,531.0,100.0,531.0,100.0
grid_001246.txt,203.0,204.0,99.5098,203.0,100.0
real_001246.txt,8.0,8.0,100.0,8.0,100.0
ba_001247.txt,122.0,122.0,100.0,122.0,100.0
er_001247.txt,152.0,152.0,100.0,152.0,100.0
real_001247.txt,1320.0,1320.0,100.0,1337.0,98.7285
tree_001247.txt,0.0,0.0,100.0,0.0,100.0
ba_001248.txt,102.0,102.0,100.0,102.0,100.0
er_001248.txt,795.0,795.0,100.0,795.0,100.0
grid_001248.txt,193.0,193.0,100.0,193.0,100.0
real_001248.txt,4.0,4.0,100.0,4.0,100.0
ba_001249.txt,209.0,209.0,100.0,234.0,89.3162
er_001249.txt,690.0,690.0,100.0,690.0,100.0
real_001249.txt,13.0,13.0,100.0,13.0,100.0
tree_001249.txt,0.0,0.0,100.0,0.0,100.0
ba_001250.txt,74.0,74.0,100.0,74.0,100.0
er_001250.txt,455.0,455.0,100.0,455.0,100.0
grid_001250.txt,354.0,356.0,99.4382,354.0,100.0
real_001250.txt,13.0,13.0,100.0,13.0,100.0
ba_001251.txt,104.0,104.0,100.0,104.0,100.0
er_001251.txt,166.0,166.0,100.0,166.0,100.0
real_001251.txt,7.0,7.0,100.0,7.0,100.0
tree_001251.txt,0.0,0.0,100.0,0.0,100.0
ba_001252.txt,677.0,677.0,100.0,677.0,100.0
er_001252.txt,532.0,532.0,100.0,532.0,100.0
grid_001252.txt,422.0,423.0,99.7636,422.0,100.0
real_001252.txt,705.0,705.0,100.0,705.0,100.0
ba_001253.txt,245.0,245.0,100.0,245.0,100.0
er_001253.txt,222.0,222.0,100.0,222.0,100.0
real_001253.txt,29.0,29.0,100.0,29.0,100.0
tree_001253.txt,0.0,0.0,100.0,0.0,100.0
ba_001254.txt,566.0,566.0,100.0,568.0,99.6479
er_001254.txt,102.0,102.0,100.0,102.0,100.0
grid_001254.txt,267.0,267.0,100.0,269.0,99.2565
real_001254.txt,823.0,826.0,99.6368,823.0,100.0
ba_001255.txt,325.0,325.0,100.0,325.0,100.0
er_001255.txt,242.0,242.0,100.0,242.0,100.0
real_001255.txt,13.0,13.0,100.0,13.0,100.0
tree_001255.txt,0.0,0.0,100.0,0.0,100.0
ba_001256.txt,319.0,319.0,100.0,319.0,100.0
er_001256.txt,274.0,274.0,100.0,274.0,100.0
grid_001256.txt,340.0,341.0,99.7067,340.0,100.0
real_001256.txt,29.0,29.0,100.0,29.0,100.0
ba_001257.txt,145.0,145.0,100.0,158.0,91.7722
er_001257.txt,66.0,66.0,100.0,66.0,100.0
real_001257.txt,515.0,515.0,100.0,519.0,99.2293
tree_001257.txt,0.0,0.0,100.0,0.0,100.0
ba_001258.txt,322.0,322.0,100.0,322.0,100.0
er_001258.txt,335.0,335.0,100.0,335.0,100.0
grid_001258.txt,86.0,87.0,98.8506,86.0,100.0
real_001258.txt,7.0,7.0,100.0,7.0,100.0
ba_001259.txt,330.0,330.0,100.0,330.0,100.0
er_001259.txt,102.0,102.0,100.0,102.0,100.0
real_001259.txt,9.0,9.0,100.0,9.0,100.0
tree_001259.txt,0.0,0.0,100.0,0.0,100.0
ba_001260.txt,441.0,441.0,100.0,441.0,100.0
er_001260.txt,918.0,918.0,100.0,918.0,100.0
grid_001260.txt,68.0,68.0,100.0,70.0,97.1429
real_001260.txt,2606.0,2606.0,100.0,2690.0,96.8773
ba_001261.txt,184.0,184.0,100.0,189.0,97.3545
er_001261.txt,606.0,606.0,100.0,606.0,100.0
real_001261.txt,2.0,2.0,100.0,2.0,100.0
tree_001261.txt,0.0,0.0,100.0,0.0,100.0
ba_001262.txt,126.0,126.0,100.0,137.0,91.9708
er_001262.txt,362.0,362.0,100.0,362.0,100.0
grid_001262.txt,413.0,413.0,100.0,413.0,100.0
real_001262.txt,4.0,4.0,100.0,4.0,100.0
ba_001263.txt,190.0,190.0,100.0,190.0,100.0
er_001263.txt,749.0,749.0,100.0,749.0,100.0
real_001263.txt,3644.0,3644.0,100.0,3755.0,97.0439
tree_001263.txt,0.0,0.0,100.0,0.0,100.0
ba_001264.txt,403.0,403.0,100.0,403.0,100.0
er_001264.txt,90.0,90.0,100.0,90.0,100.0
grid_001264.txt,220.0,220.0,100.0,220.0,100.0
real_001264.txt,2.0,2.0,100.0,2.0,100.0
ba_001265.txt,299.0,299.0,100.0,299.0,100.0
er_001265.txt,504.0,504.0,100.0,504.0,100.0
real_001265.txt,1.0,1.0,100.0,1.0,100.0
tree_001265.txt,0.0,0.0,100.0,0.0,100.0
ba_001266.txt,560.0,560.0,100.0,560.0,100.0
er_001266.txt,183.0,183.0,100.0,183.0,100.0
grid_001266.txt,396.0,396.0,100.0,396.0,100.0
real_001266.txt,15.0,15.0,100.0,15.0,100.0
ba_001267.txt,286.0,286.0,100.0,286.0,100.0
er_001267.txt,187.0,187.0,100.0,187.0,100.0
real_001267.txt,15.0,15.0,100.0,15.0,100.0
tree_001267.txt,0.0,0.0,100.0,0.0,100.0
ba_001268.txt,446.0,446.0,100.0,446.0,100.0
er_001268.txt,605.0,605.0,100.0,605.0,100.0
grid_001268.txt,353.0,354.0,99.7175,353.0,100.0
real_001268.txt,79.0,81.0,97.5309,79.0,100.0
ba_001269.txt,162.0,162.0,100.0,182.0,89.011
er_001269.txt,114.0,114.0,100.0,114.0,100.0
real_001269.txt,11.0,11.0,100.0,11.0,100.0
tree_001269.txt,0.0,0.0,100.0,0.0,100.0
ba_001270.txt,258.0,258.0,100.0,258.0,100.0
er_001270.txt,804.0,804.0,100.0,804.0,100.0
grid_001270.txt,81.0,82.0,98.7805,81.0,100.0
real_001270.txt,29.0,29.0,100.0,29.0,100.0
ba_001271.txt,311.0,311.0,100.0,311.0,100.0
er_001271.txt,378.0,378.0,100.0,378.0,100.0
real_001271.txt,15.0,15.0,100.0,15.0,100.0
tree_001271.txt,0.0,0.0,100.0,0.0,100.0
ba_001272.txt,549.0,556.0,98.741,549.0,100.0
er_001272.txt,369.0,369.0,100.0,369.0,100.0
grid_001272.txt,231.0,231.0,100.0,231.0,100.0
real_001272.txt,9.0,9.0,100.0,9.0,100.0
ba_001273.txt,699.0,699.0,100.0,699.0,100.0
er_001273.txt,553.0,553.0,100.0,553.0,100.0
real_001273.txt,1.0,1.0,100.0,1.0,100.0
tree_001273.txt,0.0,0.0,100.0,0.0,100.0
ba_001274.txt,75.0,77.0,97.4026,75.0,100.0
er_001274.txt,88.0,88.0,100.0,88.0,100.0
grid_001274.txt,110.0,111.0,99.0991,110.0,100.0
real_001274.txt,29.0,29.0,100.0,29.0,100.0
ba_001275.txt,112.0,112.0,100.0,124.0,90.3226
er_001275.txt,449.0,449.0,100.0,449.0,100.0
real_001275.txt,10.0,10.0,100.0,10.0,100.0
tree_001275.txt,0.0,0.0,100.0,0.0,100.0
ba_001276.txt,383.0,383.0,100.0,383.0,100.0
er_001276.txt,192.0,192.0,100.0,192.0,100.0
grid_001276.txt,770.0,770.0,100.0,770.0,100.0
real_001276.txt,1064.0,1064.0,100.0,1064.0,100.0
ba_001277.txt,74.0,74.0,100.0,76.0,97.3684
er_001277.txt,583.0,583.0,100.0,583.0,100.0
real_001277.txt,11.0,11.0,100.0,11.0,100.0
tree_001277.txt,0.0,0.0,100.0,0.0,100.0
ba_001278.txt,200.0,200.0,100.0,220.0,90.9091
er_001278.txt,161.0,161.0,100.0,161.0,100.0
grid_001278.txt,222.0,223.0,99.5516,222.0,100.0
real_001278.txt,11.0,11.0,100.0,11.0,100.0
ba_001279.txt,240.0,240.0,100.0,240.0,100.0
er_001279.txt,239.0,239.0,100.0,239.0,100.0
real_001279.txt,1240.0,1240.0,100.0,1241.0,99.9194
tree_001279.txt,0.0,0.0,100.0,0.0,100.0
ba_001280.txt,397.0,397.0,100.0,397.0,100.0
er_001280.txt,864.0,864.0,100.0,864.0,100.0
grid_001280.txt,133.0,133.0,100.0,134.0,99.2537
real_001280.txt,7.0,7.0,100.0,7.0,100.0
ba_001281.txt,66.0,66.0,100.0,70.0,94.2857
er_001281.txt,374.0,374.0,100.0,374.0,100.0
real_001281.txt,3014.0,3014.0,100.0,3225.0,93.4574
tree_001281.txt,0.0,0.0,100.0,0.0,100.0
ba_001282.txt,169.0,169.0,100.0,176.0,96.0227
er_001282.txt,911.0,911.0,100.0,911.0,100.0
grid_001282.txt,201.0,201.0,100.0,201.0,100.0
real_001282.txt,11.0,11.0,100.0,11.0,100.0
ba_001283.txt,400.0,400.0,100.0,400.0,100.0
er_001283.txt,834.0,834.0,100.0,834.0,100.0
real_001283.txt,2083.0,2083.0,100.0,2205.0,94.4671
tree_001283.txt,0.0,0.0,100.0,0.0,100.0
ba_001284.txt,417.0,417.0,100.0,417.0,100.0
er_001284.txt,637.0,637.0,100.0,637.0,100.0
grid_001284.txt,220.0,220.0,100.0,220.0,100.0
real_001284.txt,29.0,29.0,100.0,29.0,100.0
ba_001285.txt,131.0,131.0,100.0,131.0,100.0
er_001285.txt,464.0,464.0,100.0,464.0,100.0
real_001285.txt,1677.0,1683.0,99.6435,1677.0,100.0
tree_001285.txt,0.0,0.0,100.0,0.0,100.0
ba_001286.txt,92.0,92.0,100.0,92.0,100.0
er_001286.txt,724.0,724.0,100.0,724.0,100.0
grid_001286.txt,240.0,240.0,100.0,240.0,100.0
real_001286.txt,2101.0,2101.0,100.0,2177.0,96.509
ba_001287.txt,96.0,96.0,100.0,96.0,100.0
er_001287.txt,427.0,427.0,100.0,427.0,100.0
real_001287.txt,2.0,2.0,100.0,2.0,100.0
tree_001287.txt,0.0,0.0,100.0,0.0,100.0
ba_001288.txt,124.0,124.0,100.0,135.0,91.8519
er_001288.txt,159.0,159.0,100.0,159.0,100.0
grid_001288.txt,587.0,588.0,99.8299,587.0,100.0
real_001288.txt,1.0,1.0,100.0,1.0,100.0
ba_001289.txt,26.0,28.0,92.8571,26.0,100.0
er_001289.txt,332.0,332.0,100.0,332.0,100.0
real_001289.txt,3255.0,3255.0,100.0,3311.0,98.3087
tree_001289.txt,0.0,0.0,100.0,0.0,100.0
ba_001290.txt,194.0,194.0,100.0,194.0,100.0
er_001290.txt,166.0,166.0,100.0,166.0,100.0
grid_001290.txt,572.0,572.0,100.0,573.0,99.8255
real_001290.txt,11.0,11.0,100.0,11.0,100.0
ba_001291.txt,126.0,130.0,96.9231,126.0,100.0
er_001291.txt,460.0,460.0,100.0,460.0,100.0
real_001291.txt,15.0,15.0,100.0,15.0,100.0
tree_001291.txt,0.0,0.0,100.0,0.0,100.0
ba_001292.txt,380.0,380.0,100.0,380.0,100.0
er_001292.txt,954.0,954.0,100.0,954.0,100.0
grid_001292.txt,100.0,101.0,99.0099,100.0,100.0
real_001292.txt,4.0,4.0,100.0,4.0,100.0
ba_001293.txt,81.0,81.0,100.0,81.0,100.0
er_001293.txt,303.0,303.0,100.0,303.0,100.0
real_001293.txt,1325.0,1325.0,100.0,1326.0,99.9246
tree_001293.txt,0.0,0.0,100.0,0.0,100.0
ba_001294.txt,135.0,135.0,100.0,135.0,100.0
er_001294.txt,44.0,44.0,100.0,44.0,100.0
grid_001294.txt,472.0,475.0,99.3684,472.0,100.0
real_001294.txt,8.0,8.0,100.0,8.0,100.0
ba_001295.txt,80.0,80.0,100.0,80.0,100.0
er_001295.txt,902.0,902.0,100.0,902.0,100.0
real_001295.txt,8.0,8.0,100.0,8.0,100.0
tree_001295.txt,0.0,0.0,100.0,0.0,100.0
ba_001296.txt,71.0,71.0,100.0,71.0,100.0
er_001296.txt,532.0,532.0,100.0,532.0,100.0
grid_001296.txt,539.0,539.0,100.0,539.0,100.0
real_001296.txt,2.0,2.0,100.0,2.0,100.0
ba_001297.txt,732.0,732.0,100.0,732.0,100.0
er_001297.txt,389.0,389.0,100.0,389.0,100.0
real_001297.txt,2.0,2.0,100.0,2.0,100.0
tree_001297.txt,0.0,0.0,100.0,0.0,100.0
ba_001298.txt,215.0,237.0,90.7173,215.0,100.0
er_001298.txt,444.0,444.0,100.0,444.0,100.0
grid_001298.txt,95.0,95.0,100.0,95.0,100.0
real_001298.txt,1.0,1.0,100.0,1.0,100.0
ba_001299.txt,256.0,256.0,100.0,256.0,100.0
er_001299.txt,142.0,142.0,100.0,142.0,100.0
real_001299.txt,2.0,2.0,100.0,2.0,100.0
tree_001299.txt,0.0,0.0,100.0,0.0,100.0
ba_001300.txt,202.0,202.0,100.0,202.0,100.0
er_001300.txt,771.0,771.0,100.0,771.0,100.0
grid_001300.txt,408.0,409.0,99.7555,408.0,100.0
real_001300.txt,503.0,503.0,100.0,517.0,97.2921
ba_001301.txt,336.0,336.0,100.0,336.0,100.0
er_001301.txt,362.0,362.0,100.0,362.0,100.0
real_001301.txt,1359.0,1359.0,100.0,1374.0,98.9083
tree_001301.txt,0.0,0.0,100.0,0.0,100.0
ba_001302.txt,411.0,411.0,100.0,411.0,100.0
er_001302.txt,735.0,735.0,100.0,735.0,100.0
grid_001302.txt,43.0,43.0,100.0,43.0,100.0
real_001302.txt,10.0,10.0,100.0,10.0,100.0
ba_001303.txt,131.0,131.0,100.0,131.0,100.0
er_001303.txt,324.0,324.0,100.0,324.0,100.0
real_001303.txt,13.0,13.0,100.0,13.0,100.0
tree_001303.txt,0.0,0.0,100.0,0.0,100.0
ba_001304.txt,423.0,423.0,100.0,423.0,100.0
er_001304.txt,285.0,285.0,100.0,285.0,100.0
grid_001304.txt,118.0,118.0,100.0,118.0,100.0
real_001304.txt,1942.0,1947.0,99.7432,1942.0,100.0
ba_001305.txt,372.0,372.0,100.0,372.0,100.0
er_001305.txt,873.0,873.0,100.0,873.0,100.0
real_001305.txt,2.0,2.0,100.0,2.0,100.0
tree_001305.txt,0.0,0.0,100.0,0.0,100.0
ba_001306.txt,84.0,84.0,100.0,84.0,100.0
er_001306.txt,17.0,17.0,100.0,18.0,94.4444
grid_001306.txt,282.0,282.0,100.0,283.0,99.6466
real_001306.txt,13.0,13.0,100.0,13.0,100.0
ba_001307.txt,664.0,664.0,100.0,664.0,100.0
er_001307.txt,208.0,208.0,100.0,208.0,100.0
real_001307.txt,1102.0,1117.0,98.6571,1102.0,100.0
tree_001307.txt,0.0,0.0,100.0,0.0,100.0
ba_001308.txt,32.0,32.0,100.0,32.0,100.0
er_001308.txt,523.0,523.0,100.0,523.0,100.0
grid_001308.txt,134.0,134.0,100.0,135.0,99.2593
real_001308.txt,2.0,2.0,100.0,2.0,100.0
ba_001309.txt,306.0,306.0,100.0,306.0,100.0
er_001309.txt,620.0,620.0,100.0,620.0,100.0
real_001309.txt,15.0,15.0,100.0,15.0,100.0
tree_001309.txt,0.0,0.0,100.0,0.0,100.0
ba_001310.txt,141.0,141.0,100.0,145.0,97.2414
er_001310.txt,730.0,730.0,100.0,730.0,100.0
grid_001310.txt,661.0,661.0,100.0,661.0,100.0
real_001310.txt,1642.0,1642.0,100.0,1666.0,98.5594
ba_001311.txt,393.0,393.0,100.0,393.0,100.0
er_001311.txt,726.0,726.0,100.0,726.0,100.0
real_001311.txt,29.0,29.0,100.0,29.0,100.0
tree_001311.txt,0.0,0.0,100.0,0.0,100.0
ba_001312.txt,228.0,228.0,100.0,228.0,100.0
er_001312.txt,157.0,157.0,100.0,157.0,100.0
grid_001312.txt,119.0,120.0,99.1667,119.0,100.0
real_001312.txt,1.0,1.0,100.0,1.0,100.0
ba_001313.txt,537.0,537.0,100.0,537.0,100.0
er_001313.txt,568.0,568.0,100.0,568.0,100.0
real_001313.txt,11.0,11.0,100.0,11.0,100.0
tree_001313.txt,0.0,0.0,100.0,0.0,100.0
ba_001314.txt,104.0,104.0,100.0,104.0,100.0
er_001314.txt,863.0,863.0,100.0,863.0,100.0
grid_001314.txt,208.0,208.0,100.0,208.0,100.0
real_001314.txt,11.0,11.0,100.0,11.0,100.0
ba_001315.txt,259.0,259.0,100.0,259.0,100.0
er_001315.txt,588.0,588.0,100.0,588.0,100.0
real_001315.txt,11.0,11.0,100.0,11.0,100.0
tree_001315.txt,0.0,0.0,100.0,0.0,100.0
ba_001316.txt,680.0,680.0,100.0,680.0,100.0
er_001316.txt,100.0,100.0,100.0,100.0,100.0
grid_001316.txt,485.0,485.0,100.0,487.0,99.5893
real_001316.txt,29.0,29.0,100.0,29.0,100.0
ba_001317.txt,79.0,85.0,92.9412,79.0,100.0
er_001317.txt,466.0,466.0,100.0,466.0,100.0
real_001317.txt,4.0,4.0,100.0,4.0,100.0
tree_001317.txt,0.0,0.0,100.0,0.0,100.0
ba_001318.txt,296.0,296.0,100.0,296.0,100.0
er_001318.txt,477.0,477.0,100.0,477.0,100.0
grid_001318.txt,300.0,300.0,100.0,302.0,99.3377
real_001318.txt,15.0,15.0,100.0,15.0,100.0
ba_001319.txt,402.0,402.0,100.0,402.0,100.0
er_001319.txt,740.0,740.0,100.0,740.0,100.0
real_001319.txt,1.0,1.0,100.0,1.0,100.0
tree_001319.txt,0.0,0.0,100.0,0.0,100.0
ba_001320.txt,203.0,203.0,100.0,210.0,96.6667
er_001320.txt,734.0,734.0,100.0,734.0,100.0
grid_001320.txt,195.0,196.0,99.4898,195.0,100.0
real_001320.txt,3938.0,3938.0,100.0,4011.0,98.18
ba_001321.txt,137.0,137.0,100.0,137.0,100.0
er_001321.txt,264.0,264.0,100.0,264.0,100.0
real_001321.txt,2191.0,2191.0,100.0,2321.0,94.399
tree_001321.txt,0.0,0.0,100.0,0.0,100.0
ba_001322.txt,513.0,513.0,100.0,513.0,100.0
er_001322.txt,384.0,384.0,100.0,384.0,100.0
grid_001322.txt,687.0,688.0,99.8547,687.0,100.0
real_001322.txt,1098.0,1099.0,99.909,1098.0,100.0
ba_001323.txt,283.0,283.0,100.0,283.0,100.0
er_001323.txt,133.0,133.0,100.0,133.0,100.0
real_001323.txt,11.0,11.0,100.0,11.0,100.0
tree_001323.txt,0.0,0.0,100.0,0.0,100.0
ba_001324.txt,487.0,487.0,100.0,487.0,100.0
er_001324.txt,852.0,852.0,100.0,852.0,100.0
grid_001324.txt,481.0,481.0,100.0,481.0,100.0
real_001324.txt,4.0,4.0,100.0,4.0,100.0
ba_001325.txt,337.0,337.0,100.0,337.0,100.0
er_001325.txt,501.0,501.0,100.0,501.0,100.0
real_001325.txt,431.0,444.0,97.0721,431.0,100.0
tree_001325.txt,0.0,0.0,100.0,0.0,100.0
ba_001326.txt,340.0,340.0,100.0,340.0,100.0
er_001326.txt,398.0,398.0,100.0,398.0,100.0
grid_001326.txt,48.0,48.0,100.0,48.0,100.0
real_001326.txt,1207.0,1255.0,96.1753,1207.0,100.0
ba_001327.txt,531.0,531.0,100.0,531.0,100.0
er_001327.txt,102.0,102.0,100.0,102.0,100.0
real_001327.txt,1126.0,1126.0,100.0,1126.0,100.0
tree_001327.txt,0.0,0.0,100.0,0.0,100.0
ba_001328.txt,192.0,192.0,100.0,192.0,100.0
er_001328.txt,564.0,564.0,100.0,564.0,100.0
grid_001328.txt,223.0,223.0,100.0,223.0,100.0
real_001328.txt,1.0,1.0,100.0,1.0,100.0
ba_001329.txt,144.0,144.0,100.0,148.0,97.2973
er_001329.txt,812.0,812.0,100.0,812.0,100.0
real_001329.txt,777.0,777.0,100.0,785.0,98.9809
tree_001329.txt,0.0,0.0,100.0,0.0,100.0
ba_001330.txt,91.0,91.0,100.0,91.0,100.0
er_001330.txt,357.0,357.0,100.0,357.0,100.0
grid_001330.txt,368.0,368.0,100.0,368.0,100.0
real_001330.txt,128.0,129.0,99.2248,128.0,100.0
ba_001331.txt,379.0,379.0,100.0,379.0,100.0
er_001331.txt,511.0,511.0,100.0,511.0,100.0
real_001331.txt,4.0,4.0,100.0,4.0,100.0
tree_001331.txt,0.0,0.0,100.0,0.0,100.0
ba_001332.txt,423.0,423.0,100.0,423.0,100.0
er_001332.txt,431.0,431.0,100.0,431.0,100.0
grid_001332.txt,507.0,507.0,100.0,509.0,99.6071
real_001332.txt,1.0,1.0,100.0,1.0,100.0
ba_001333.txt,497.0,497.0,100.0,497.0,100.0
er_001333.txt,343.0,343.0,100.0,343.0,100.0
real_001333.txt,9.0,9.0,100.0,9.0,100.0
tree_001333.txt,0.0,0.0,100.0,0.0,100.0
ba_001334.txt,289.0,289.0,100.0,289.0,100.0
er_001334.txt,673.0,673.0,100.0,673.0,100.0
grid_001334.txt,43.0,43.0,100.0,43.0,100.0
real_001334.txt,4117.0,4117.0,100.0,4198.0,98.0705
ba_001335.txt,447.0,447.0,100.0,447.0,100.0
er_001335.txt,858.0,858.0,100.0,858.0,100.0
real_001335.txt,2.0,2.0,100.0,2.0,100.0
tree_001335.txt,0.0,0.0,100.0,0.0,100.0
ba_001336.txt,234.0,234.0,100.0,234.0,100.0
er_001336.txt,857.0,857.0,100.0,857.0,100.0
grid_001336.txt,445.0,445.0,100.0,446.0,99.7758
real_001336.txt,1364.0,1399.0,97.4982,1364.0,100.0
ba_001337.txt,256.0,256.0,100.0,256.0,100.0
er_001337.txt,753.0,753.0,100.0,753.0,100.0
real_001337.txt,29.0,29.0,100.0,29.0,100.0
tree_001337.txt,0.0,0.0,100.0,0.0,100.0
ba_001338.txt,262.0,262.0,100.0,262.0,100.0
er_001338.txt,590.0,590.0,100.0,590.0,100.0
grid_001338.txt,142.0,142.0,100.0,142.0,100.0
real_001338.txt,7.0,7.0,100.0,7.0,100.0
ba_001339.txt,52.0,52.0,100.0,52.0,100.0
er_001339.txt,137.0,137.0,100.0,137.0,100.0
real_001339.txt,1892.0,1892.0,100.0,1956.0,96.728
tree_001339.txt,0.0,0.0,100.0,0.0,100.0
ba_001340.txt,469.0,474.0,98.9451,469.0,100.0
er_001340.txt,175.0,175.0,100.0,175.0,100.0
grid_001340.txt,196.0,196.0,100.0,196.0,100.0
real_001340.txt,8.0,8.0,100.0,8.0,100.0
ba_001341.txt,563.0,563.0,100.0,563.0,100.0
er_001341.txt,485.0,485.0,100.0,485.0,100.0
real_001341.txt,1.0,1.0,100.0,1.0,100.0
tree_001341.txt,0.0,0.0,100.0,0.0,100.0
ba_001342.txt,716.0,716.0,100.0,716.0,100.0
er_001342.txt,366.0,366.0,100.0,366.0,100.0
grid_001342.txt,554.0,554.0,100.0,556.0,99.6403
real_001342.txt,29.0,29.0,100.0,29.0,100.0
ba_001343.txt,107.0,107.0,100.0,107.0,100.0
er_001343.txt,551.0,551.0,100.0,551.0,100.0
real_001343.txt,10.0,10.0,100.0,10.0,100.0
tree_001343.txt,0.0,0.0,100.0,0.0,100.0
ba_001344.txt,187.0,187.0,100.0,194.0,96.3918
er_001344.txt,782.0,782.0,100.0,782.0,100.0
grid_001344.txt,170.0,170.0,100.0,170.0,100.0
real_001344.txt,11.0,11.0,100.0,11.0,100.0
ba_001345.txt,399.0,399.0,100.0,399.0,100.0
er_001345.txt,929.0,929.0,100.0,929.0,100.0
real_001345.txt,810.0,810.0,100.0,815.0,99.3865
tree_001345.txt,0.0,0.0,100.0,0.0,100.0
ba_001346.txt,174.0,174.0,100.0,184.0,94.5652
er_001346.txt,242.0,242.0,100.0,242.0,100.0
grid_001346.txt,591.0,591.0,100.0,591.0,100.0
real_001346.txt,2.0,2.0,100.0,2.0,100.0
ba_001347.txt,167.0,167.0,100.0,176.0,94.8864
er_001347.txt,713.0,713.0,100.0,713.0,100.0
real_001347.txt,4233.0,4233.0,100.0,4265.0,99.2497
tree_001347.txt,0.0,0.0,100.0,0.0,100.0
ba_001348.txt,544.0,544.0,100.0,544.0,100.0
er_001348.txt,940.0,940.0,100.0,940.0,100.0
grid_001348.txt,137.0,137.0,100.0,138.0,99.2754
real_001348.txt,800.0,800.0,100.0,800.0,100.0
ba_001349.txt,200.0,200.0,100.0,202.0,99.0099
er_001349.txt,223.0,223.0,100.0,223.0,100.0
real_001349.txt,2.0,2.0,100.0,2.0,100.0
tree_001349.txt,0.0,0.0,100.0,0.0,100.0
ba_001350.txt,382.0,382.0,100.0,382.0,100.0
er_001350.txt,113.0,113.0,100.0,113.0,100.0
grid_001350.txt,361.0,363.0,99.449,361.0,100.0
real_001350.txt,8.0,8.0,100.0,8.0,100.0
ba_001351.txt,211.0,211.0,100.0,211.0,100.0
er_001351.txt,846.0,846.0,100.0,846.0,100.0
real_001351.txt,9.0,9.0,100.0,9.0,100.0
tree_001351.txt,0.0,0.0,100.0,0.0,100.0
ba_001352.txt,34.0,34.0,100.0,34.0,100.0
er_001352.txt,244.0,244.0,100.0,244.0,100.0
grid_001352.txt,111.0,112.0,99.1071,111.0,100.0
real_001352.txt,11.0,11.0,100.0,11.0,100.0
ba_001353.txt,200.0,200.0,100.0,200.0,100.0
er_001353.txt,459.0,459.0,100.0,459.0,100.0
real_001353.txt,9.0,9.0,100.0,9.0,100.0
tree_001353.txt,0.0,0.0,100.0,0.0,100.0
ba_001354.txt,105.0,105.0,100.0,105.0,100.0
er_001354.txt,680.0,680.0,100.0,680.0,100.0
grid_001354.txt,108.0,108.0,100.0,108.0,100.0
real_001354.txt,1394.0,1397.0,99.7853,1394.0,100.0
ba_001355.txt,201.0,201.0,100.0,207.0,97.1014
er_001355.txt,656.0,656.0,100.0,656.0,100.0
real_001355.txt,1.0,1.0,100.0,1.0,100.0
tree_001355.txt,0.0,0.0,100.0,0.0,100.0
ba_001356.txt,445.0,445.0,100.0,445.0,100.0
er_001356.txt,381.0,381.0,100.0,381.0,100.0
grid_001356.txt,188.0,188.0,100.0,188.0,100.0
real_001356.txt,1972.0,1975.0,99.8481,1972.0,100.0
ba_001357.txt,593.0,593.0,100.0,593.0,100.0
er_001357.txt,483.0,483.0,100.0,483.0,100.0
real_001357.txt,8.0,8.0,100.0,8.0,100.0
tree_001357.txt,0.0,0.0,100.0,0.0,100.0
ba_001358.txt,207.0,207.0,100.0,207.0,100.0
er_001358.txt,333.0,333.0,100.0,333.0,100.0
grid_001358.txt,337.0,337.0,100.0,338.0,99.7041
real_001358.txt,1.0,1.0,100.0,1.0,100.0
ba_001359.txt,53.0,53.0,100.0,53.0,100.0
er_001359.txt,760.0,760.0,100.0,760.0,100.0
real_001359.txt,1363.0,1383.0,98.5539,1363.0,100.0
tree_001359.txt,0.0,0.0,100.0,0.0,100.0
ba_001360.txt,352.0,369.0,95.393,352.0,100.0
er_001360.txt,251.0,251.0,100.0,251.0,100.0
grid_001360.txt,654.0,654.0,100.0,654.0,100.0
real_001360.txt,470.0,471.0,99.7877,470.0,100.0
ba_001361.txt,75.0,75.0,100.0,78.0,96.1538
er_001361.txt,336.0,336.0,100.0,336.0,100.0
real_001361.txt,1.0,1.0,100.0,1.0,100.0
tree_001361.txt,0.0,0.0,100.0,0.0,100.0
ba_001362.txt,546.0,546.0,100.0,546.0,100.0
er_001362.txt,226.0,226.0,100.0,226.0,100.0
grid_001362.txt,206.0,206.0,100.0,206.0,100.0
real_001362.txt,11.0,11.0,100.0,11.0,100.0
ba_001363.txt,180.0,180.0,100.0,194.0,92.7835
er_001363.txt,366.0,366.0,100.0,366.0,100.0
real_001363.txt,7.0,7.0,100.0,7.0,100.0
tree_001363.txt,0.0,0.0,100.0,0.0,100.0
ba_001364.txt,46.0,46.0,100.0,48.0,95.8333
er_001364.txt,194.0,194.0,100.0,194.0,100.0
grid_001364.txt,91.0,91.0,100.0,91.0,100.0
real_001364.txt,2.0,2.0,100.0,2.0,100.0
ba_001365.txt,465.0,465.0,100.0,465.0,100.0
er_001365.txt,112.0,112.0,100.0,112.0,100.0
real_001365.txt,2.0,2.0,100.0,2.0,100.0
tree_001365.txt,0.0,0.0,100.0,0.0,100.0
ba_001366.txt,262.0,262.0,100.0,262.0,100.0
er_001366.txt,888.0,888.0,100.0,888.0,100.0
grid_001366.txt,216.0,217.0,99.5392,216.0,100.0
real_001366.txt,8.0,8.0,100.0,8.0,100.0
ba_001367.txt,397.0,397.0,100.0,397.0,100.0
er_001367.txt,600.0,600.0,100.0,600.0,100.0
real_001367.txt,1.0,1.0,100.0,1.0,100.0
tree_001367.txt,0.0,0.0,100.0,0.0,100.0
ba_001368.txt,434.0,434.0,100.0,434.0,100.0
er_001368.txt,733.0,733.0,100.0,733.0,100.0
grid_001368.txt,149.0,149.0,100.0,150.0,99.3333
real_001368.txt,1397.0,1397.0,100.0,1406.0,99.3599
ba_001369.txt,141.0,141.0,100.0,141.0,100.0
er_001369.txt,353.0,353.0,100.0,353.0,100.0
real_001369.txt,2096.0,2096.0,100.0,2160.0,97.037
tree_001369.txt,0.0,0.0,100.0,0.0,100.0
ba_001370.txt,321.0,321.0,100.0,321.0,100.0
er_001370.txt,294.0,294.0,100.0,294.0,100.0
grid_001370.txt,538.0,538.0,100.0,539.0,99.8145
real_001370.txt,1023.0,1023.0,100.0,1025.0,99.8049
ba_001371.txt,296.0,296.0,100.0,296.0,100.0
er_001371.txt,892.0,892.0,100.0,892.0,100.0
real_001371.txt,3273.0,3273.0,100.0,3344.0,97.8768
tree_001371.txt,0.0,0.0,100.0,0.0,100.0
ba_001372.txt,365.0,365.0,100.0,365.0,100.0
er_001372.txt,849.0,849.0,100.0,849.0,100.0
grid_001372.txt,148.0,148.0,100.0,148.0,100.0
real_001372.txt,11.0,11.0,100.0,11.0,100.0
ba_001373.txt,584.0,584.0,100.0,584.0,100.0
er_001373.txt,870.0,870.0,100.0,870.0,100.0
real_001373.txt,4.0,4.0,100.0,4.0,100.0
tree_001373.txt,0.0,0.0,100.0,0.0,100.0
ba_001374.txt,41.0,41.0,100.0,41.0,100.0
er_001374.txt,105.0,105.0,100.0,105.0,100.0
grid_001374.txt,308.0,308.0,100.0,311.0,99.0354
real_001374.txt,739.0,753.0,98.1408,739.0,100.0
ba_001375.txt,49.0,49.0,100.0,49.0,100.0
er_001375.txt,896.0,896.0,100.0,896.0,100.0
real_001375.txt,29.0,29.0,100.0,29.0,100.0
tree_001375.txt,0.0,0.0,100.0,0.0,100.0
ba_001376.txt,37.0,37.0,100.0,38.0,97.3684
er_001376.txt,79.0,79.0,100.0,79.0,100.0
grid_001376.txt,378.0,378.0,100.0,379.0,99.7361
real_001376.txt,1602.0,1616.0,99.1337,1602.0,100.0
ba_001377.txt,131.0,131.0,100.0,131.0,100.0
er_001377.txt,710.0,710.0,100.0,710.0,100.0
real_001377.txt,2.0,2.0,100.0,2.0,100.0
tree_001377.txt,0.0,0.0,100.0,0.0,100.0
ba_001378.txt,175.0,175.0,100.0,175.0,100.0
er_001378.txt,695.0,695.0,100.0,695.0,100.0
grid_001378.txt,422.0,422.0,100.0,424.0,99.5283
real_001378.txt,2.0,2.0,100.0,2.0,100.0
ba_001379.txt,343.0,343.0,100.0,343.0,100.0
er_001379.txt,484.0,484.0,100.0,484.0,100.0
real_001379.txt,10.0,10.0,100.0,10.0,100.0
tree_001379.txt,0.0,0.0,100.0,0.0,100.0
ba_001380.txt,87.0,87.0,100.0,87.0,100.0
er_001380.txt,897.0,897.0,100.0,897.0,100.0
grid_001380.txt,637.0,637.0,100.0,638.0,99.8433
real_001380.txt,750.0,755.0,99.3377,750.0,100.0
ba_001381.txt,325.0,325.0,100.0,325.0,100.0
er_001381.txt,740.0,740.0,100.0,740.0,100.0
real_001381.txt,7.0,7.0,100.0,7.0,100.0
tree_001381.txt,0.0,0.0,100.0,0.0,100.0
ba_001382.txt,147.0,147.0,100.0,152.0,96.7105
er_001382.txt,196.0,196.0,100.0,196.0,100.0
grid_001382.txt,256.0,256.0,100.0,257.0,99.6109
real_001382.txt,1.0,1.0,100.0,1.0,100.0
ba_001383.txt,25.0,25.0,100.0,25.0,100.0
er_001383.txt,823.0,823.0,100.0,823.0,100.0
real_001383.txt,1.0,1.0,100.0,1.0,100.0
tree_001383.txt,0.0,0.0,100.0,0.0,100.0
ba_001384.txt,22.0,23.0,95.6522,22.0,100.0
er_001384.txt,128.0,128.0,100.0,128.0,100.0
grid_001384.txt,305.0,306.0,99.6732,305.0,100.0
real_001384.txt,974.0,974.0,100.0,981.0,99.2864
ba_001385.txt,262.0,262.0,100.0,262.0,100.0
er_001385.txt,51.0,51.0,100.0,51.0,100.0
real_001385.txt,1.0,1.0,100.0,1.0,100.0
tree_001385.txt,0.0,0.0,100.0,0.0,100.0
ba_001386.txt,220.0,225.0,97.7778,220.0,100.0
er_001386.txt,732.0,732.0,100.0,732.0,100.0
grid_001386.txt,74.0,75.0,98.6667,74.0,100.0
real_001386.txt,10.0,10.0,100.0,10.0,100.0
ba_001387.txt,28.0,28.0,100.0,28.0,100.0
er_001387.txt,64.0,64.0,100.0,64.0,100.0
real_001387.txt,29.0,29.0,100.0,29.0,100.0
tree_001387.txt,0.0,0.0,100.0,0.0,100.0
ba_001388.txt,330.0,330.0,100.0,330.0,100.0
er_001388.txt,493.0,493.0,100.0,493.0,100.0
grid_001388.txt,297.0,297.0,100.0,298.0,99.6644
real_001388.txt,1728.0,1728.0,100.0,1737.0,99.4819
ba_001389.txt,211.0,211.0,100.0,215.0,98.1395
er_001389.txt,505.0,505.0,100.0,505.0,100.0
real_001389.txt,15.0,15.0,100.0,15.0,100.0
tree_001389.txt,0.0,0.0,100.0,0.0,100.0
ba_001390.txt,380.0,380.0,100.0,380.0,100.0
er_001390.txt,605.0,605.0,100.0,605.0,100.0
grid_001390.txt,98.0,98.0,100.0,98.0,100.0
real_001390.txt,4.0,4.0,100.0,4.0,100.0
ba_001391.txt,617.0,617.0,100.0,617.0,100.0
er_001391.txt,919.0,919.0,100.0,919.0,100.0
real_001391.txt,10.0,10.0,100.0,10.0,100.0
tree_001391.txt,0.0,0.0,100.0,0.0,100.0
ba_001392.txt,55.0,55.0,100.0,55.0,100.0
er_001392.txt,307.0,307.0,100.0,307.0,100.0
grid_001392.txt,240.0,242.0,99.1736,240.0,100.0
real_001392.txt,9.0,9.0,100.0,9.0,100.0
ba_001393.txt,689.0,689.0,100.0,689.0,100.0
er_001393.txt,594.0,594.0,100.0,594.0,100.0
real_001393.txt,527.0,531.0,99.2467,527.0,100.0
tree_001393.txt,0.0,0.0,100.0,0.0,100.0
ba_001394.txt,305.0,305.0,100.0,305.0,100.0
er_001394.txt,114.0,114.0,100.0,114.0,100.0
grid_001394.txt,256.0,256.0,100.0,256.0,100.0
real_001394.txt,2.0,2.0,100.0,2.0,100.0
ba_001395.txt,140.0,140.0,100.0,140.0,100.0
er_001395.txt,226.0,226.0,100.0,226.0,100.0
real_001395.txt,1.0,1.0,100.0,1.0,100.0
tree_001395.txt,0.0,0.0,100.0,0.0,100.0
ba_001396.txt,402.0,402.0,100.0,402.0,100.0
er_001396.txt,119.0,119.0,100.0,119.0,100.0
grid_001396.txt,435.0,437.0,99.5423,435.0,100.0
real_001396.txt,29.0,29.0,100.0,29.0,100.0
ba_001397.txt,200.0,205.0,97.561,200.0,100.0
er_001397.txt,442.0,442.0,100.0,442.0,100.0
real_001397.txt,29.0,29.0,100.0,29.0,100.0
tree_001397.txt,0.0,0.0,100.0,0.0,100.0
ba_001398.txt,44.0,44.0,100.0,45.0,97.7778
er_001398.txt,513.0,513.0,100.0,513.0,100.0
grid_001398.txt,93.0,94.0,98.9362,93.0,100.0
real_001398.txt,13.0,13.0,100.0,13.0,100.0
ba_001399.txt,195.0,195.0,100.0,204.0,95.5882
er_001399.txt,339.0,339.0,100.0,339.0,100.0
real_001399.txt,29.0,29.0,100.0,29.0,100.0
tree_001399.txt,0.0,0.0,100.0,0.0,100.0
ba_001400.txt,472.0,472.0,100.0,472.0,100.0
er_001400.txt,600.0,600.0,100.0,600.0,100.0
grid_001400.txt,211.0,211.0,100.0,212.0,99.5283
real_001400.txt,4.0,4.0,100.0,4.0,100.0
ba_001401.txt,352.0,352.0,100.0,352.0,100.0
er_001401.txt,201.0,201.0,100.0,201.0,100.0
real_001401.txt,100.0,100.0,100.0,101.0,99.0099
tree_001401.txt,0.0,0.0,100.0,0.0,100.0
ba_001402.txt,520.0,520.0,100.0,520.0,100.0
er_001402.txt,389.0,389.0,100.0,389.0,100.0
grid_001402.txt,76.0,76.0,100.0,76.0,100.0
real_001402.txt,4.0,4.0,100.0,4.0,100.0
ba_001403.txt,403.0,403.0,100.0,403.0,100.0
er_001403.txt,241.0,241.0,100.0,241.0,100.0
real_001403.txt,4.0,4.0,100.0,4.0,100.0
tree_001403.txt,0.0,0.0,100.0,0.0,100.0
ba_001404.txt,129.0,129.0,100.0,144.0,89.5833
er_001404.txt,205.0,205.0,100.0,205.0,100.0
grid_001404.txt,222.0,223.0,99.5516,222.0,100.0
real_001404.txt,1.0,1.0,100.0,1.0,100.0
ba_001405.txt,378.0,378.0,100.0,378.0,100.0
er_001405.txt,543.0,543.0,100.0,543.0,100.0
real_001405.txt,763.0,763.0,100.0,767.0,99.4785
tree_001405.txt,0.0,0.0,100.0,0.0,100.0
ba_001406.txt,216.0,216.0,100.0,219.0,98.6301
er_001406.txt,633.0,633.0,100.0,633.0,100.0
grid_001406.txt,637.0,637.0,100.0,638.0,99.8433
real_001406.txt,10.0,10.0,100.0,10.0,100.0
ba_001407.txt,204.0,204.0,100.0,213.0,95.7746
er_001407.txt,407.0,407.0,100.0,407.0,100.0
real_001407.txt,7.0,7.0,100.0,7.0,100.0
tree_001407.txt,0.0,0.0,100.0,0.0,100.0
ba_001408.txt,505.0,505.0,100.0,505.0,100.0
er_001408.txt,256.0,256.0,100.0,256.0,100.0
grid_001408.txt,53.0,53.0,100.0,53.0,100.0
real_001408.txt,2.0,2.0,100.0,2.0,100.0
ba_001409.txt,598.0,598.0,100.0,598.0,100.0
er_001409.txt,803.0,803.0,100.0,803.0,100.0
real_001409.txt,1.0,1.0,100.0,1.0,100.0
tree_001409.txt,0.0,0.0,100.0,0.0,100.0
ba_001410.txt,350.0,350.0,100.0,350.0,100.0
er_001410.txt,814.0,814.0,100.0,814.0,100.0
grid_001410.txt,457.0,457.0,100.0,457.0,100.0
real_001410.txt,809.0,809.0,100.0,836.0,96.7703
ba_001411.txt,674.0,674.0,100.0,674.0,100.0
er_001411.txt,753.0,753.0,100.0,753.0,100.0
real_001411.txt,78.0,78.0,100.0,79.0,98.7342
tree_001411.txt,0.0,0.0,100.0,0.0,100.0
ba_001412.txt,371.0,371.0,100.0,371.0,100.0
er_001412.txt,18.0,19.0,94.7368,18.0,100.0
grid_001412.txt,335.0,335.0,100.0,335.0,100.0
real_001412.txt,8.0,8.0,100.0,8.0,100.0
ba_001413.txt,148.0,148.0,100.0,148.0,100.0
er_001413.txt,540.0,541.0,99.8152,540.0,100.0
real_001413.txt,3263.0,3263.0,100.0,3367.0,96.9112
tree_001413.txt,0.0,0.0,100.0,0.0,100.0
ba_001414.txt,132.0,132.0,100.0,132.0,100.0
er_001414.txt,633.0,633.0,100.0,633.0,100.0
grid_001414.txt,146.0,146.0,100.0,147.0,99.3197
real_001414.txt,2.0,2.0,100.0,2.0,100.0
ba_001415.txt,87.0,87.0,100.0,87.0,100.0
er_001415.txt,255.0,255.0,100.0,255.0,100.0
real_001415.txt,8.0,8.0,100.0,8.0,100.0
tree_001415.txt,0.0,0.0,100.0,0.0,100.0
ba_001416.txt,227.0,227.0,100.0,227.0,100.0
er_001416.txt,780.0,780.0,100.0,780.0,100.0
grid_001416.txt,337.0,337.0,100.0,337.0,100.0
real_001416.txt,11.0,11.0,100.0,11.0,100.0
ba_001417.txt,113.0,116.0,97.4138,113.0,100.0
er_001417.txt,383.0,383.0,100.0,383.0,100.0
real_001417.txt,4.0,4.0,100.0,4.0,100.0
tree_001417.txt,0.0,0.0,100.0,0.0,100.0
ba_001418.txt,82.0,82.0,100.0,82.0,100.0
er_001418.txt,333.0,333.0,100.0,333.0,100.0
grid_001418.txt,546.0,546.0,100.0,546.0,100.0
real_001418.txt,9.0,9.0,100.0,9.0,100.0
ba_001419.txt,364.0,364.0,100.0,364.0,100.0
er_001419.txt,456.0,456.0,100.0,456.0,100.0
real_001419.txt,2.0,2.0,100.0,2.0,100.0
tree_001419.txt,0.0,0.0,100.0,0.0,100.0
ba_001420.txt,70.0,71.0,98.5915,70.0,100.0
er_001420.txt,156.0,156.0,100.0,156.0,100.0
grid_001420.txt,278.0,279.0,99.6416,278.0,100.0
real_001420.txt,9.0,9.0,100.0,9.0,100.0
ba_001421.txt,318.0,318.0,100.0,318.0,100.0
er_001421.txt,561.0,561.0,100.0,561.0,100.0
real_001421.txt,3465.0,3465.0,100.0,3525.0,98.2979
tree_001421.txt,0.0,0.0,100.0,0.0,100.0
ba_001422.txt,121.0,121.0,100.0,125.0,96.8
er_001422.txt,215.0,215.0,100.0,215.0,100.0
grid_001422.txt,440.0,440.0,100.0,441.0,99.7732
real_001422.txt,2.0,2.0,100.0,2.0,100.0
ba_001423.txt,579.0,579.0,100.0,579.0,100.0
er_001423.txt,691.0,691.0,100.0,691.0,100.0
real_001423.txt,1326.0,1329.0,99.7743,1326.0,100.0
tree_001423.txt,0.0,0.0,100.0,0.0,100.0
ba_001424.txt,136.0,136.0,100.0,136.0,100.0
er_001424.txt,752.0,752.0,100.0,752.0,100.0
grid_001424.txt,427.0,428.0,99.7664,427.0,100.0
real_001424.txt,724.0,724.0,100.0,730.0,99.1781
ba_001425.txt,70.0,70.0,100.0,70.0,100.0
er_001425.txt,532.0,532.0,100.0,532.0,100.0
real_001425.txt,29.0,29.0,100.0,29.0,100.0
tree_001425.txt,0.0,0.0,100.0,0.0,100.0
ba_001426.txt,206.0,210.0,98.0952,206.0,100.0
er_001426.txt,789.0,789.0,100.0,789.0,100.0
grid_001426.txt,414.0,414.0,100.0,414.0,100.0
real_001426.txt,609.0,609.0,100.0,617.0,98.7034
ba_001427.txt,264.0,264.0,100.0,264.0,100.0
er_001427.txt,636.0,637.0,99.843,636.0,100.0
real_001427.txt,11.0,11.0,100.0,11.0,100.0
tree_001427.txt,0.0,0.0,100.0,0.0,100.0
ba_001428.txt,188.0,188.0,100.0,188.0,100.0
er_001428.txt,460.0,460.0,100.0,460.0,100.0
grid_001428.txt,97.0,97.0,100.0,97.0,100.0
real_001428.txt,8.0,8.0,100.0,8.0,100.0
ba_001429.txt,256.0,256.0,100.0,265.0,96.6038
er_001429.txt,178.0,178.0,100.0,178.0,100.0
real_001429.txt,32.0,32.0,100.0,32.0,100.0
tree_001429.txt,0.0,0.0,100.0,0.0,100.0
ba_001430.txt,528.0,528.0,100.0,528.0,100.0
er_001430.txt,323.0,323.0,100.0,323.0,100.0
grid_001430.txt,296.0,296.0,100.0,299.0,98.9967
real_001430.txt,1246.0,1248.0,99.8397,1246.0,100.0
ba_001431.txt,500.0,500.0,100.0,500.0,100.0
er_001431.txt,857.0,857.0,100.0,857.0,100.0
real_001431.txt,525.0,525.0,100.0,564.0,93.0851
tree_001431.txt,0.0,0.0,100.0,0.0,100.0
ba_001432.txt,247.0,247.0,100.0,247.0,100.0
er_001432.txt,50.0,51.0,98.0392,50.0,100.0
grid_001432.txt,171.0,171.0,100.0,171.0,100.0
real_001432.txt,9.0,9.0,100.0,9.0,100.0
ba_001433.txt,120.0,126.0,95.2381,120.0,100.0
er_001433.txt,531.0,531.0,100.0,531.0,100.0
real_001433.txt,2096.0,2096.0,100.0,2156.0,97.2171
tree_001433.txt,0.0,0.0,100.0,0.0,100.0
ba_001434.txt,370.0,370.0,100.0,370.0,100.0
er_001434.txt,826.0,826.0,100.0,826.0,100.0
grid_001434.txt,474.0,475.0,99.7895,474.0,100.0
real_001434.txt,1254.0,1254.0,100.0,1331.0,94.2149
ba_001435.txt,95.0,95.0,100.0,95.0,100.0
er_001435.txt,720.0,720.0,100.0,720.0,100.0
real_001435.txt,2557.0,2557.0,100.0,2613.0,97.8569
tree_001435.txt,0.0,0.0,100.0,0.0,100.0
ba_001436.txt,506.0,506.0,100.0,508.0,99.6063
er_001436.txt,44.0,44.0,100.0,46.0,95.6522
grid_001436.txt,144.0,144.0,100.0,144.0,100.0
real_001436.txt,2.0,2.0,100.0,2.0,100.0
ba_001437.txt,180.0,180.0,100.0,180.0,100.0
er_001437.txt,96.0,96.0,100.0,96.0,100.0
real_001437.txt,1.0,1.0,100.0,1.0,100.0
tree_001437.txt,0.0,0.0,100.0,0.0,100.0
ba_001438.txt,349.0,349.0,100.0,349.0,100.0
er_001438.txt,784.0,784.0,100.0,784.0,100.0
grid_001438.txt,277.0,277.0,100.0,277.0,100.0
real_001438.txt,496.0,498.0,99.5984,496.0,100.0
ba_001439.txt,100.0,106.0,94.3396,100.0,100.0
er_001439.txt,532.0,532.0,100.0,532.0,100.0
real_001439.txt,1.0,1.0,100.0,1.0,100.0
tree_001439.txt,0.0,0.0,100.0,0.0,100.0
ba_001440.txt,171.0,171.0,100.0,195.0,87.6923
er_001440.txt,833.0,833.0,100.0,833.0,100.0
grid_001440.txt,221.0,221.0,100.0,221.0,100.0
real_001440.txt,9.0,9.0,100.0,9.0,100.0
ba_001441.txt,351.0,351.0,100.0,351.0,100.0
er_001441.txt,447.0,447.0,100.0,447.0,100.0
real_001441.txt,1.0,1.0,100.0,1.0,100.0
tree_001441.txt,0.0,0.0,100.0,0.0,100.0
ba_001442.txt,47.0,47.0,100.0,47.0,100.0
er_001442.txt,150.0,150.0,100.0,150.0,100.0
grid_001442.txt,435.0,435.0,100.0,435.0,100.0
real_001442.txt,7.0,7.0,100.0,7.0,100.0
ba_001443.txt,497.0,497.0,100.0,497.0,100.0
er_001443.txt,588.0,588.0,100.0,588.0,100.0
real_001443.txt,263.0,263.0,100.0,272.0,96.6912
tree_001443.txt,0.0,0.0,100.0,0.0,100.0
ba_001444.txt,198.0,198.0,100.0,198.0,100.0
er_001444.txt,801.0,801.0,100.0,801.0,100.0
grid_001444.txt,168.0,168.0,100.0,168.0,100.0
real_001444.txt,4.0,4.0,100.0,4.0,100.0
ba_001445.txt,198.0,198.0,100.0,198.0,100.0
er_001445.txt,669.0,669.0,100.0,669.0,100.0
real_001445.txt,4.0,4.0,100.0,4.0,100.0
tree_001445.txt,0.0,0.0,100.0,0.0,100.0
ba_001446.txt,554.0,554.0,100.0,554.0,100.0
er_001446.txt,326.0,326.0,100.0,326.0,100.0
grid_001446.txt,600.0,601.0,99.8336,600.0,100.0
real_001446.txt,7.0,7.0,100.0,7.0,100.0
ba_001447.txt,193.0,193.0,100.0,193.0,100.0
er_001447.txt,682.0,682.0,100.0,682.0,100.0
real_001447.txt,29.0,29.0,100.0,29.0,100.0
tree_001447.txt,0.0,0.0,100.0,0.0,100.0
ba_001448.txt,390.0,390.0,100.0,390.0,100.0
er_001448.txt,649.0,650.0,99.8462,649.0,100.0
grid_001448.txt,43.0,43.0,100.0,43.0,100.0
real_001448.txt,1.0,1.0,100.0,1.0,100.0
ba_001449.txt,141.0,145.0,97.2414,141.0,100.0
er_001449.txt,839.0,839.0,100.0,839.0,100.0
real_001449.txt,2.0,2.0,100.0,2.0,100.0
tree_001449.txt,0.0,0.0,100.0,0.0,100.0
ba_001450.txt,451.0,451.0,100.0,451.0,100.0
er_001450.txt,647.0,647.0,100.0,647.0,100.0
grid_001450.txt,278.0,279.0,99.6416,278.0,100.0
real_001450.txt,3179.0,3179.0,100.0,3258.0,97.5752
ba_001451.txt,303.0,303.0,100.0,303.0,100.0
er_001451.txt,751.0,751.0,100.0,751.0,100.0
real_001451.txt,9.0,9.0,100.0,9.0,100.0
tree_001451.txt,0.0,0.0,100.0,0.0,100.0
ba_001452.txt,532.0,532.0,100.0,532.0,100.0
er_001452.txt,367.0,367.0,100.0,367.0,100.0
grid_001452.txt,408.0,408.0,100.0,408.0,100.0
real_001452.txt,1167.0,1167.0,100.0,1170.0,99.7436
ba_001453.txt,97.0,97.0,100.0,97.0,100.0
er_001453.txt,353.0,353.0,100.0,353.0,100.0
real_001453.txt,90.0,90.0,100.0,92.0,97.8261
tree_001453.txt,0.0,0.0,100.0,0.0,100.0
ba_001454.txt,342.0,352.0,97.1591,342.0,100.0
er_001454.txt,622.0,622.0,100.0,622.0,100.0
grid_001454.txt,288.0,289.0,99.654,288.0,100.0
real_001454.txt,1026.0,1026.0,100.0,1026.0,100.0
ba_001455.txt,498.0,498.0,100.0,498.0,100.0
er_001455.txt,89.0,89.0,100.0,89.0,100.0
real_001455.txt,9.0,9.0,100.0,9.0,100.0
tree_001455.txt,0.0,0.0,100.0,0.0,100.0
ba_001456.txt,171.0,171.0,100.0,172.0,99.4186
er_001456.txt,490.0,490.0,100.0,490.0,100.0
grid_001456.txt,107.0,107.0,100.0,108.0,99.0741
real_001456.txt,13.0,13.0,100.0,13.0,100.0
ba_001457.txt,327.0,327.0,100.0,327.0,100.0
er_001457.txt,729.0,729.0,100.0,729.0,100.0
real_001457.txt,2881.0,2881.0,100.0,2965.0,97.1669
tree_001457.txt,0.0,0.0,100.0,0.0,100.0
ba_001458.txt,141.0,141.0,100.0,141.0,100.0
er_001458.txt,596.0,596.0,100.0,596.0,100.0
grid_001458.txt,151.0,152.0,99.3421,151.0,100.0
real_001458.txt,1397.0,1397.0,100.0,1406.0,99.3599
ba_001459.txt,269.0,269.0,100.0,269.0,100.0
er_001459.txt,163.0,163.0,100.0,163.0,100.0
real_001459.txt,1024.0,1024.0,100.0,1025.0,99.9024
tree_001459.txt,0.0,0.0,100.0,0.0,100.0
ba_001460.txt,272.0,272.0,100.0,272.0,100.0
er_001460.txt,480.0,480.0,100.0,480.0,100.0
grid_001460.txt,556.0,556.0,100.0,557.0,99.8205
real_001460.txt,1.0,1.0,100.0,1.0,100.0
ba_001461.txt,196.0,196.0,100.0,210.0,93.3333
er_001461.txt,410.0,410.0,100.0,410.0,100.0
real_001461.txt,137.0,137.0,100.0,141.0,97.1631
tree_001461.txt,0.0,0.0,100.0,0.0,100.0
ba_001462.txt,378.0,378.0,100.0,378.0,100.0
er_001462.txt,744.0,744.0,100.0,744.0,100.0
grid_001462.txt,211.0,212.0,99.5283,211.0,100.0
real_001462.txt,10.0,10.0,100.0,10.0,100.0
ba_001463.txt,320.0,320.0,100.0,320.0,100.0
er_001463.txt,582.0,582.0,100.0,582.0,100.0
real_001463.txt,11.0,11.0,100.0,11.0,100.0
tree_001463.txt,0.0,0.0,100.0,0.0,100.0
ba_001464.txt,208.0,208.0,100.0,217.0,95.8525
er_001464.txt,227.0,227.0,100.0,227.0,100.0
grid_001464.txt,349.0,349.0,100.0,350.0,99.7143
real_001464.txt,15.0,15.0,100.0,15.0,100.0
ba_001465.txt,192.0,192.0,100.0,193.0,99.4819
er_001465.txt,694.0,694.0,100.0,694.0,100.0
real_001465.txt,9.0,9.0,100.0,9.0,100.0
tree_001465.txt,0.0,0.0,100.0,0.0,100.0
ba_001466.txt,163.0,163.0,100.0,189.0,86.2434
er_001466.txt,770.0,770.0,100.0,770.0,100.0
grid_001466.txt,318.0,320.0,99.375,318.0,100.0
real_001466.txt,2.0,2.0,100.0,2.0,100.0
ba_001467.txt,306.0,306.0,100.0,306.0,100.0
er_001467.txt,513.0,513.0,100.0,513.0,100.0
real_001467.txt,15.0,15.0,100.0,15.0,100.0
tree_001467.txt,0.0,0.0,100.0,0.0,100.0
ba_001468.txt,324.0,324.0,100.0,324.0,100.0
er_001468.txt,271.0,271.0,100.0,271.0,100.0
grid_001468.txt,98.0,98.0,100.0,98.0,100.0
real_001468.txt,1.0,1.0,100.0,1.0,100.0
ba_001469.txt,151.0,151.0,100.0,161.0,93.7888
er_001469.txt,235.0,235.0,100.0,235.0,100.0
real_001469.txt,8.0,8.0,100.0,8.0,100.0
tree_001469.txt,0.0,0.0,100.0,0.0,100.0
ba_001470.txt,536.0,536.0,100.0,536.0,100.0
er_001470.txt,122.0,122.0,100.0,122.0,100.0
grid_001470.txt,185.0,185.0,100.0,186.0,99.4624
real_001470.txt,1944.0,1944.0,100.0,2085.0,93.2374
ba_001471.txt,64.0,64.0,100.0,64.0,100.0
er_001471.txt,327.0,327.0,100.0,327.0,100.0
real_001471.txt,599.0,599.0,100.0,605.0,99.0083
tree_001471.txt,0.0,0.0,100.0,0.0,100.0
ba_001472.txt,57.0,60.0,95.0,57.0,100.0
er_001472.txt,117.0,117.0,100.0,117.0,100.0
grid_001472.txt,164.0,165.0,99.3939,164.0,100.0
real_001472.txt,1.0,1.0,100.0,1.0,100.0
ba_001473.txt,368.0,368.0,100.0,368.0,100.0
er_001473.txt,724.0,724.0,100.0,724.0,100.0
real_001473.txt,15.0,15.0,100.0,15.0,100.0
tree_001473.txt,0.0,0.0,100.0,0.0,100.0
ba_001474.txt,358.0,358.0,100.0,358.0,100.0
er_001474.txt,34.0,34.0,100.0,34.0,100.0
grid_001474.txt,202.0,202.0,100.0,202.0,100.0
real_001474.txt,1611.0,1611.0,100.0,1783.0,90.3533
ba_001475.txt,97.0,97.0,100.0,97.0,100.0
er_001475.txt,155.0,155.0,100.0,155.0,100.0
real_001475.txt,4.0,4.0,100.0,4.0,100.0
tree_001475.txt,0.0,0.0,100.0,0.0,100.0
ba_001476.txt,83.0,83.0,100.0,83.0,100.0
er_001476.txt,599.0,599.0,100.0,599.0,100.0
grid_001476.txt,241.0,242.0,99.5868,241.0,100.0
real_001476.txt,13.0,13.0,100.0,13.0,100.0
ba_001477.txt,428.0,428.0,100.0,428.0,100.0
er_001477.txt,24.0,24.0,100.0,24.0,100.0
real_001477.txt,1.0,1.0,100.0,1.0,100.0
tree_001477.txt,0.0,0.0,100.0,0.0,100.0
ba_001478.txt,353.0,353.0,100.0,353.0,100.0
er_001478.txt,925.0,925.0,100.0,925.0,100.0
grid_001478.txt,663.0,663.0,100.0,665.0,99.6992
real_001478.txt,13.0,13.0,100.0,13.0,100.0
ba_001479.txt,418.0,418.0,100.0,418.0,100.0
er_001479.txt,734.0,734.0,100.0,734.0,100.0
real_001479.txt,45.0,45.0,100.0,46.0,97.8261
tree_001479.txt,0.0,0.0,100.0,0.0,100.0
ba_001480.txt,126.0,126.0,100.0,127.0,99.2126
er_001480.txt,956.0,956.0,100.0,956.0,100.0
grid_001480.txt,201.0,201.0,100.0,202.0,99.505
real_001480.txt,1218.0,1218.0,100.0,1229.0,99.105
ba_001481.txt,489.0,489.0,100.0,489.0,100.0
er_001481.txt,482.0,482.0,100.0,482.0,100.0
real_001481.txt,8.0,8.0,100.0,8.0,100.0
tree_001481.txt,0.0,0.0,100.0,0.0,100.0
ba_001482.txt,537.0,537.0,100.0,537.0,100.0
er_001482.txt,131.0,131.0,100.0,131.0,100.0
grid_001482.txt,304.0,304.0,100.0,304.0,100.0
real_001482.txt,10.0,10.0,100.0,10.0,100.0
ba_001483.txt,294.0,294.0,100.0,294.0,100.0
er_001483.txt,255.0,255.0,100.0,255.0,100.0
real_001483.txt,305.0,305.0,100.0,309.0,98.7055
tree_001483.txt,0.0,0.0,100.0,0.0,100.0
ba_001484.txt,697.0,697.0,100.0,697.0,100.0
er_001484.txt,597.0,597.0,100.0,597.0,100.0
grid_001484.txt,672.0,672.0,100.0,673.0,99.8514
real_001484.txt,15.0,15.0,100.0,15.0,100.0
ba_001485.txt,153.0,153.0,100.0,153.0,100.0
er_001485.txt,160.0,160.0,100.0,160.0,100.0
real_001485.txt,2.0,2.0,100.0,2.0,100.0
tree_001485.txt,0.0,0.0,100.0,0.0,100.0
ba_001486.txt,141.0,141.0,100.0,153.0,92.1569
er_001486.txt,253.0,253.0,100.0,253.0,100.0
grid_001486.txt,602.0,602.0,100.0,605.0,99.5041
real_001486.txt,249.0,249.0,100.0,269.0,92.5651
ba_001487.txt,204.0,204.0,100.0,218.0,93.578
er_001487.txt,599.0,599.0,100.0,599.0,100.0
real_001487.txt,1840.0,1840.0,100.0,1882.0,97.7683
tree_001487.txt,0.0,0.0,100.0,0.0,100.0
ba_001488.txt,222.0,222.0,100.0,222.0,100.0
er_001488.txt,343.0,343.0,100.0,343.0,100.0
grid_001488.txt,332.0,334.0,99.4012,332.0,100.0
real_001488.txt,8.0,8.0,100.0,8.0,100.0
ba_001489.txt,112.0,112.0,100.0,112.0,100.0
er_001489.txt,827.0,827.0,100.0,827.0,100.0
real_001489.txt,4.0,4.0,100.0,4.0,100.0
tree_001489.txt,0.0,0.0,100.0,0.0,100.0
ba_001490.txt,541.0,541.0,100.0,541.0,100.0
er_001490.txt,697.0,697.0,100.0,697.0,100.0
grid_001490.txt,115.0,117.0,98.2906,115.0,100.0
real_001490.txt,29.0,29.0,100.0,29.0,100.0
ba_001491.txt,314.0,314.0,100.0,314.0,100.0
er_001491.txt,83.0,83.0,100.0,83.0,100.0
real_001491.txt,11.0,11.0,100.0,11.0,100.0
tree_001491.txt,0.0,0.0,100.0,0.0,100.0
ba_001492.txt,136.0,136.0,100.0,137.0,99.2701
er_001492.txt,638.0,638.0,100.0,638.0,100.0
grid_001492.txt,318.0,318.0,100.0,318.0,100.0
real_001492.txt,2.0,2.0,100.0,2.0,100.0
ba_001493.txt,30.0,30.0,100.0,32.0,93.75
er_001493.txt,942.0,942.0,100.0,942.0,100.0
real_001493.txt,29.0,29.0,100.0,29.0,100.0
tree_001493.txt,0.0,0.0,100.0,0.0,100.0
ba_001494.txt,139.0,139.0,100.0,147.0,94.5578
er_001494.txt,261.0,262.0,99.6183,261.0,100.0
grid_001494.txt,168.0,168.0,100.0,168.0,100.0
real_001494.txt,1.0,1.0,100.0,1.0,100.0
ba_001495.txt,599.0,599.0,100.0,599.0,100.0
er_001495.txt,621.0,621.0,100.0,621.0,100.0
real_001495.txt,7.0,7.0,100.0,7.0,100.0
tree_001495.txt,0.0,0.0,100.0,0.0,100.0
ba_001496.txt,193.0,193.0,100.0,193.0,100.0
er_001496.txt,356.0,356.0,100.0,356.0,100.0
grid_001496.txt,206.0,206.0,100.0,206.0,100.0
real_001496.txt,7.0,7.0,100.0,7.0,100.0
ba_001497.txt,23.0,23.0,100.0,23.0,100.0
er_001497.txt,552.0,552.0,100.0,552.0,100.0
real_001497.txt,11.0,11.0,100.0,11.0,100.0
tree_001497.txt,0.0,0.0,100.0,0.0,100.0
ba_001498.txt,474.0,474.0,100.0,474.0,100.0
er_001498.txt,431.0,431.0,100.0,431.0,100.0
grid_001498.txt,95.0,96.0,98.9583,95.0,100.0
real_001498.txt,11.0,11.0,100.0,11.0,100.0
ba_001499.txt,213.0,213.0,100.0,227.0,93.8326
er_001499.txt,808.0,808.0,100.0,808.0,100.0
real_001499.txt,29.0,29.0,100.0,29.0,100.0
tree_001499.txt,0.0,0.0,100.0,0.0,100.0
ba_001500.txt,108.0,108.0,100.0,108.0,100.0
er_001500.txt,809.0,809.0,100.0,809.0,100.0
grid_001500.txt,256.0,256.0,100.0,257.0,99.6109
real_001500.txt,7.0,7.0,100.0,7.0,100.0
ba_001501.txt,532.0,532.0,100.0,532.0,100.0
er_001501.txt,687.0,687.0,100.0,687.0,100.0
real_001501.txt,2105.0,2105.0,100.0,2296.0,91.6812
tree_001501.txt,0.0,0.0,100.0,0.0,100.0
ba_001502.txt,276.0,276.0,100.0,276.0,100.0
er_001502.txt,640.0,640.0,100.0,640.0,100.0
grid_001502.txt,208.0,210.0,99.0476,208.0,100.0
real_001502.txt,465.0,470.0,98.9362,465.0,100.0
ba_001503.txt,484.0,484.0,100.0,484.0,100.0
er_001503.txt,915.0,915.0,100.0,915.0,100.0
real_001503.txt,106.0,106.0,100.0,107.0,99.0654
tree_001503.txt,0.0,0.0,100.0,0.0,100.0
ba_001504.txt,390.0,390.0,100.0,390.0,100.0
er_001504.txt,579.0,579.0,100.0,579.0,100.0
grid_001504.txt,682.0,682.0,100.0,682.0,100.0
real_001504.txt,9.0,9.0,100.0,9.0,100.0
ba_001505.txt,155.0,155.0,100.0,165.0,93.9394
er_001505.txt,838.0,838.0,100.0,838.0,100.0
real_001505.txt,13.0,13.0,100.0,13.0,100.0
tree_001505.txt,0.0,0.0,100.0,0.0,100.0
ba_001506.txt,184.0,184.0,100.0,184.0,100.0
er_001506.txt,707.0,707.0,100.0,707.0,100.0
grid_001506.txt,230.0,230.0,100.0,232.0,99.1379
real_001506.txt,2.0,2.0,100.0,2.0,100.0
ba_001507.txt,78.0,78.0,100.0,78.0,100.0
er_001507.txt,649.0,649.0,100.0,649.0,100.0
real_001507.txt,8.0,8.0,100.0,8.0,100.0
tree_001507.txt,0.0,0.0,100.0,0.0,100.0
ba_001508.txt,69.0,69.0,100.0,74.0,93.2432
er_001508.txt,777.0,777.0,100.0,777.0,100.0
grid_001508.txt,282.0,282.0,100.0,283.0,99.6466
real_001508.txt,1267.0,1267.0,100.0,1270.0,99.7638
ba_001509.txt,595.0,595.0,100.0,595.0,100.0
er_001509.txt,402.0,402.0,100.0,402.0,100.0
real_001509.txt,11.0,11.0,100.0,11.0,100.0
tree_001509.txt,0.0,0.0,100.0,0.0,100.0
ba_001510.txt,79.0,79.0,100.0,79.0,100.0
er_001510.txt,413.0,413.0,100.0,413.0,100.0
grid_001510.txt,243.0,244.0,99.5902,243.0,100.0
real_001510.txt,2.0,2.0,100.0,2.0,100.0
ba_001511.txt,581.0,581.0,100.0,581.0,100.0
er_001511.txt,161.0,161.0,100.0,161.0,100.0
real_001511.txt,8.0,8.0,100.0,8.0,100.0
tree_001511.txt,0.0,0.0,100.0,0.0,100.0
ba_001512.txt,66.0,66.0,100.0,66.0,100.0
er_001512.txt,121.0,121.0,100.0,121.0,100.0
grid_001512.txt,675.0,675.0,100.0,675.0,100.0
real_001512.txt,13.0,13.0,100.0,13.0,100.0
ba_001513.txt,319.0,319.0,100.0,319.0,100.0
er_001513.txt,608.0,608.0,100.0,608.0,100.0
real_001513.txt,13.0,13.0,100.0,13.0,100.0
tree_001513.txt,0.0,0.0,100.0,0.0,100.0
ba_001514.txt,95.0,97.0,97.9381,95.0,100.0
er_001514.txt,504.0,504.0,100.0,504.0,100.0
grid_001514.txt,421.0,421.0,100.0,421.0,100.0
real_001514.txt,1.0,1.0,100.0,1.0,100.0
ba_001515.txt,81.0,81.0,100.0,81.0,100.0
er_001515.txt,223.0,223.0,100.0,223.0,100.0
real_001515.txt,11.0,11.0,100.0,11.0,100.0
tree_001515.txt,0.0,0.0,100.0,0.0,100.0
ba_001516.txt,502.0,502.0,100.0,502.0,100.0
er_001516.txt,741.0,741.0,100.0,741.0,100.0
grid_001516.txt,437.0,439.0,99.5444,437.0,100.0
real_001516.txt,8.0,8.0,100.0,8.0,100.0
ba_001517.txt,473.0,473.0,100.0,473.0,100.0
er_001517.txt,335.0,335.0,100.0,335.0,100.0
real_001517.txt,2.0,2.0,100.0,2.0,100.0
tree_001517.txt,0.0,0.0,100.0,0.0,100.0
ba_001518.txt,144.0,144.0,100.0,162.0,88.8889
er_001518.txt,46.0,46.0,100.0,46.0,100.0
grid_001518.txt,266.0,267.0,99.6255,266.0,100.0
real_001518.txt,88.0,95.0,92.6316,88.0,100.0
ba_001519.txt,393.0,393.0,100.0,393.0,100.0
er_001519.txt,639.0,639.0,100.0,639.0,100.0
real_001519.txt,29.0,29.0,100.0,29.0,100.0
tree_001519.txt,0.0,0.0,100.0,0.0,100.0
ba_001520.txt,144.0,144.0,100.0,152.0,94.7368
er_001520.txt,324.0,325.0,99.6923,324.0,100.0
grid_001520.txt,685.0,685.0,100.0,685.0,100.0
real_001520.txt,13.0,13.0,100.0,13.0,100.0
ba_001521.txt,282.0,282.0,100.0,282.0,100.0
er_001521.txt,880.0,880.0,100.0,880.0,100.0
real_001521.txt,9.0,9.0,100.0,9.0,100.0
tree_001521.txt,0.0,0.0,100.0,0.0,100.0
ba_001522.txt,555.0,555.0,100.0,555.0,100.0
er_001522.txt,713.0,713.0,100.0,713.0,100.0
grid_001522.txt,147.0,147.0,100.0,148.0,99.3243
real_001522.txt,1335.0,1335.0,100.0,1345.0,99.2565
ba_001523.txt,367.0,367.0,100.0,367.0,100.0
er_001523.txt,386.0,386.0,100.0,386.0,100.0
real_001523.txt,1.0,1.0,100.0,1.0,100.0
tree_001523.txt,0.0,0.0,100.0,0.0,100.0
ba_001524.txt,91.0,91.0,100.0,91.0,100.0
er_001524.txt,686.0,686.0,100.0,686.0,100.0
grid_001524.txt,82.0,83.0,98.7952,82.0,100.0
real_001524.txt,315.0,315.0,100.0,320.0,98.4375
ba_001525.txt,413.0,413.0,100.0,413.0,100.0
er_001525.txt,50.0,50.0,100.0,50.0,100.0
real_001525.txt,7.0,7.0,100.0,7.0,100.0
tree_001525.txt,0.0,0.0,100.0,0.0,100.0
ba_001526.txt,449.0,449.0,100.0,449.0,100.0
er_001526.txt,59.0,59.0,100.0,61.0,96.7213
grid_001526.txt,337.0,337.0,100.0,337.0,100.0
real_001526.txt,2.0,2.0,100.0,2.0,100.0
ba_001527.txt,409.0,409.0,100.0,409.0,100.0
er_001527.txt,332.0,332.0,100.0,332.0,100.0
real_001527.txt,3376.0,3376.0,100.0,3450.0,97.8551
tree_001527.txt,0.0,0.0,100.0,0.0,100.0
ba_001528.txt,286.0,286.0,100.0,286.0,100.0
er_001528.txt,595.0,595.0,100.0,595.0,100.0
grid_001528.txt,299.0,299.0,100.0,299.0,100.0
real_001528.txt,1635.0,1652.0,98.9709,1635.0,100.0
ba_001529.txt,611.0,611.0,100.0,611.0,100.0
er_001529.txt,282.0,282.0,100.0,282.0,100.0
real_001529.txt,291.0,291.0,100.0,296.0,98.3108
tree_001529.txt,0.0,0.0,100.0,0.0,100.0
ba_001530.txt,499.0,499.0,100.0,499.0,100.0
er_001530.txt,87.0,87.0,100.0,87.0,100.0
grid_001530.txt,313.0,314.0,99.6815,313.0,100.0
real_001530.txt,1316.0,1334.0,98.6507,1316.0,100.0
ba_001531.txt,520.0,520.0,100.0,520.0,100.0
er_001531.txt,638.0,638.0,100.0,638.0,100.0
real_001531.txt,2.0,2.0,100.0,2.0,100.0
tree_001531.txt,0.0,0.0,100.0,0.0,100.0
ba_001532.txt,20.0,20.0,100.0,20.0,100.0
er_001532.txt,500.0,500.0,100.0,500.0,100.0
grid_001532.txt,119.0,121.0,98.3471,119.0,100.0
real_001532.txt,1.0,1.0,100.0,1.0,100.0
ba_001533.txt,273.0,273.0,100.0,273.0,100.0
er_001533.txt,236.0,236.0,100.0,236.0,100.0
real_001533.txt,2014.0,2032.0,99.1142,2014.0,100.0
tree_001533.txt,0.0,0.0,100.0,0.0,100.0
ba_001534.txt,96.0,96.0,100.0,96.0,100.0
er_001534.txt,322.0,322.0,100.0,322.0,100.0
grid_001534.txt,54.0,54.0,100.0,54.0,100.0
real_001534.txt,877.0,878.0,99.8861,877.0,100.0
ba_001535.txt,365.0,365.0,100.0,365.0,100.0
er_001535.txt,204.0,204.0,100.0,204.0,100.0
real_001535.txt,2.0,2.0,100.0,2.0,100.0
tree_001535.txt,0.0,0.0,100.0,0.0,100.0
ba_001536.txt,247.0,247.0,100.0,247.0,100.0
er_001536.txt,380.0,380.0,100.0,380.0,100.0
grid_001536.txt,438.0,438.0,100.0,438.0,100.0
real_001536.txt,1556.0,1556.0,100.0,1599.0,97.3108
ba_001537.txt,20.0,20.0,100.0,20.0,100.0
er_001537.txt,785.0,785.0,100.0,785.0,100.0
real_001537.txt,10.0,10.0,100.0,10.0,100.0
tree_001537.txt,0.0,0.0,100.0,0.0,100.0
ba_001538.txt,168.0,168.0,100.0,171.0,98.2456
er_001538.txt,774.0,774.0,100.0,774.0,100.0
grid_001538.txt,226.0,226.0,100.0,226.0,100.0
real_001538.txt,3916.0,3916.0,100.0,4016.0,97.51
ba_001539.txt,136.0,136.0,100.0,138.0,98.5507
er_001539.txt,657.0,657.0,100.0,657.0,100.0
real_001539.txt,578.0,578.0,100.0,580.0,99.6552
tree_001539.txt,0.0,0.0,100.0,0.0,100.0
ba_001540.txt,410.0,410.0,100.0,410.0,100.0
er_001540.txt,302.0,302.0,100.0,302.0,100.0
grid_001540.txt,338.0,338.0,100.0,338.0,100.0
real_001540.txt,1429.0,1442.0,99.0985,1429.0,100.0
ba_001541.txt,105.0,105.0,100.0,105.0,100.0
er_001541.txt,127.0,127.0,100.0,127.0,100.0
real_001541.txt,3239.0,3239.0,100.0,3357.0,96.485
tree_001541.txt,0.0,0.0,100.0,0.0,100.0
ba_001542.txt,102.0,102.0,100.0,102.0,100.0
er_001542.txt,767.0,767.0,100.0,767.0,100.0
grid_001542.txt,331.0,333.0,99.3994,331.0,100.0
real_001542.txt,1476.0,1476.0,100.0,1613.0,91.5065
ba_001543.txt,89.0,89.0,100.0,93.0,95.6989
er_001543.txt,770.0,770.0,100.0,770.0,100.0
real_001543.txt,9.0,9.0,100.0,9.0,100.0
tree_001543.txt,0.0,0.0,100.0,0.0,100.0
ba_001544.txt,544.0,544.0,100.0,544.0,100.0
er_001544.txt,187.0,187.0,100.0,187.0,100.0
grid_001544.txt,717.0,718.0,99.8607,717.0,100.0
real_001544.txt,2.0,2.0,100.0,2.0,100.0
ba_001545.txt,111.0,111.0,100.0,113.0,98.2301
er_001545.txt,136.0,136.0,100.0,136.0,100.0
real_001545.txt,1455.0,1455.0,100.0,1458.0,99.7942
tree_001545.txt,0.0,0.0,100.0,0.0,100.0
ba_001546.txt,229.0,229.0,100.0,229.0,100.0
er_001546.txt,52.0,52.0,100.0,52.0,100.0
grid_001546.txt,101.0,101.0,100.0,101.0,100.0
real_001546.txt,11.0,11.0,100.0,11.0,100.0
ba_001547.txt,307.0,307.0,100.0,307.0,100.0
er_001547.txt,836.0,836.0,100.0,836.0,100.0
real_001547.txt,1466.0,1474.0,99.4573,1466.0,100.0
tree_001547.txt,0.0,0.0,100.0,0.0,100.0
ba_001548.txt,450.0,450.0,100.0,450.0,100.0
er_001548.txt,577.0,577.0,100.0,577.0,100.0
grid_001548.txt,642.0,643.0,99.8445,642.0,100.0
real_001548.txt,1.0,1.0,100.0,1.0,100.0
ba_001549.txt,275.0,275.0,100.0,275.0,100.0
er_001549.txt,100.0,100.0,100.0,100.0,100.0
real_001549.txt,11.0,11.0,100.0,11.0,100.0
tree_001549.txt,0.0,0.0,100.0,0.0,100.0
ba_001550.txt,28.0,28.0,100.0,29.0,96.5517
er_001550.txt,48.0,48.0,100.0,48.0,100.0
grid_001550.txt,186.0,186.0,100.0,187.0,99.4652
real_001550.txt,10.0,10.0,100.0,10.0,100.0
ba_001551.txt,599.0,599.0,100.0,599.0,100.0
er_001551.txt,581.0,581.0,100.0,581.0,100.0
real_001551.txt,2.0,2.0,100.0,2.0,100.0
tree_001551.txt,0.0,0.0,100.0,0.0,100.0
ba_001552.txt,402.0,402.0,100.0,402.0,100.0
er_001552.txt,26.0,27.0,96.2963,26.0,100.0
grid_001552.txt,282.0,282.0,100.0,282.0,100.0
real_001552.txt,1517.0,1524.0,99.5407,1517.0,100.0
ba_001553.txt,346.0,346.0,100.0,346.0,100.0
er_001553.txt,711.0,711.0,100.0,711.0,100.0
real_001553.txt,1.0,1.0,100.0,1.0,100.0
tree_001553.txt,0.0,0.0,100.0,0.0,100.0
ba_001554.txt,43.0,43.0,100.0,43.0,100.0
er_001554.txt,511.0,511.0,100.0,511.0,100.0
grid_001554.txt,584.0,584.0,100.0,585.0,99.8291
real_001554.txt,15.0,15.0,100.0,15.0,100.0
ba_001555.txt,170.0,170.0,100.0,170.0,100.0
er_001555.txt,789.0,789.0,100.0,789.0,100.0
real_001555.txt,4.0,4.0,100.0,4.0,100.0
tree_001555.txt,0.0,0.0,100.0,0.0,100.0
ba_001556.txt,78.0,81.0,96.2963,78.0,100.0
er_001556.txt,34.0,34.0,100.0,35.0,97.1429
grid_001556.txt,306.0,306.0,100.0,309.0,99.0291
real_001556.txt,2.0,2.0,100.0,2.0,100.0
ba_001557.txt,72.0,72.0,100.0,72.0,100.0
er_001557.txt,337.0,337.0,100.0,337.0,100.0
real_001557.txt,13.0,13.0,100.0,13.0,100.0
tree_001557.txt,0.0,0.0,100.0,0.0,100.0
ba_001558.txt,542.0,542.0,100.0,542.0,100.0
er_001558.txt,404.0,404.0,100.0,404.0,100.0
grid_001558.txt,101.0,101.0,100.0,102.0,99.0196
real_001558.txt,1.0,1.0,100.0,1.0,100.0
ba_001559.txt,35.0,35.0,100.0,35.0,100.0
er_001559.txt,386.0,386.0,100.0,386.0,100.0
real_001559.txt,1.0,1.0,100.0,1.0,100.0
tree_001559.txt,0.0,0.0,100.0,0.0,100.0
ba_001560.txt,553.0,553.0,100.0,553.0,100.0
er_001560.txt,522.0,522.0,100.0,522.0,100.0
grid_001560.txt,124.0,124.0,100.0,126.0,98.4127
real_001560.txt,10.0,10.0,100.0,10.0,100.0
ba_001561.txt,57.0,57.0,100.0,57.0,100.0
er_001561.txt,470.0,470.0,100.0,470.0,100.0
real_001561.txt,561.0,561.0,100.0,561.0,100.0
tree_001561.txt,0.0,0.0,100.0,0.0,100.0
ba_001562.txt,435.0,435.0,100.0,435.0,100.0
er_001562.txt,948.0,948.0,100.0,948.0,100.0
grid_001562.txt,369.0,369.0,100.0,369.0,100.0
real_001562.txt,2.0,2.0,100.0,2.0,100.0
ba_001563.txt,94.0,94.0,100.0,98.0,95.9184
er_001563.txt,834.0,834.0,100.0,834.0,100.0
real_001563.txt,4113.0,4113.0,100.0,4224.0,97.3722
tree_001563.txt,0.0,0.0,100.0,0.0,100.0
ba_001564.txt,353.0,353.0,100.0,353.0,100.0
er_001564.txt,758.0,758.0,100.0,758.0,100.0
grid_001564.txt,168.0,168.0,100.0,168.0,100.0
real_001564.txt,4.0,4.0,100.0,4.0,100.0
ba_001565.txt,260.0,260.0,100.0,260.0,100.0
er_001565.txt,939.0,939.0,100.0,939.0,100.0
real_001565.txt,1.0,1.0,100.0,1.0,100.0
tree_001565.txt,0.0,0.0,100.0,0.0,100.0
ba_001566.txt,292.0,292.0,100.0,292.0,100.0
er_001566.txt,644.0,644.0,100.0,644.0,100.0
grid_001566.txt,410.0,410.0,100.0,412.0,99.5146
real_001566.txt,29.0,29.0,100.0,29.0,100.0
ba_001567.txt,92.0,92.0,100.0,92.0,100.0
er_001567.txt,742.0,742.0,100.0,742.0,100.0
real_001567.txt,15.0,15.0,100.0,15.0,100.0
tree_001567.txt,0.0,0.0,100.0,0.0,100.0
ba_001568.txt,41.0,41.0,100.0,41.0,100.0
er_001568.txt,212.0,212.0,100.0,212.0,100.0
grid_001568.txt,103.0,103.0,100.0,105.0,98.0952
real_001568.txt,2.0,2.0,100.0,2.0,100.0
ba_001569.txt,81.0,81.0,100.0,83.0,97.5904
er_001569.txt,47.0,47.0,100.0,47.0,100.0
real_001569.txt,15.0,15.0,100.0,15.0,100.0
tree_001569.txt,0.0,0.0,100.0,0.0,100.0
ba_001570.txt,151.0,151.0,100.0,153.0,98.6928
er_001570.txt,544.0,544.0,100.0,544.0,100.0
grid_001570.txt,161.0,161.0,100.0,161.0,100.0
real_001570.txt,13.0,13.0,100.0,13.0,100.0
ba_001571.txt,389.0,389.0,100.0,389.0,100.0
er_001571.txt,112.0,112.0,100.0,112.0,100.0
real_001571.txt,13.0,13.0,100.0,13.0,100.0
tree_001571.txt,0.0,0.0,100.0,0.0,100.0
ba_001572.txt,93.0,93.0,100.0,93.0,100.0
er_001572.txt,15.0,15.0,100.0,15.0,100.0
grid_001572.txt,411.0,413.0,99.5157,411.0,100.0
real_001572.txt,15.0,15.0,100.0,15.0,100.0
ba_001573.txt,153.0,153.0,100.0,162.0,94.4444
er_001573.txt,75.0,75.0,100.0,75.0,100.0
real_001573.txt,1.0,1.0,100.0,1.0,100.0
tree_001573.txt,0.0,0.0,100.0,0.0,100.0
ba_001574.txt,247.0,247.0,100.0,251.0,98.4064
er_001574.txt,550.0,550.0,100.0,550.0,100.0
grid_001574.txt,332.0,334.0,99.4012,332.0,100.0
real_001574.txt,15.0,15.0,100.0,15.0,100.0
ba_001575.txt,146.0,146.0,100.0,146.0,100.0
er_001575.txt,406.0,406.0,100.0,406.0,100.0
real_001575.txt,2549.0,2549.0,100.0,2668.0,95.5397
tree_001575.txt,0.0,0.0,100.0,0.0,100.0
ba_001576.txt,174.0,174.0,100.0,179.0,97.2067
er_001576.txt,611.0,611.0,100.0,611.0,100.0
grid_001576.txt,214.0,214.0,100.0,214.0,100.0
real_001576.txt,2.0,2.0,100.0,2.0,100.0
ba_001577.txt,166.0,166.0,100.0,195.0,85.1282
er_001577.txt,480.0,480.0,100.0,480.0,100.0
real_001577.txt,7.0,7.0,100.0,7.0,100.0
tree_001577.txt,0.0,0.0,100.0,0.0,100.0
ba_001578.txt,540.0,540.0,100.0,540.0,100.0
er_001578.txt,412.0,412.0,100.0,412.0,100.0
grid_001578.txt,228.0,229.0,99.5633,228.0,100.0
real_001578.txt,515.0,515.0,100.0,516.0,99.8062
ba_001579.txt,317.0,317.0,100.0,317.0,100.0
er_001579.txt,723.0,723.0,100.0,723.0,100.0
real_001579.txt,13.0,13.0,100.0,13.0,100.0
tree_001579.txt,0.0,0.0,100.0,0.0,100.0
ba_001580.txt,188.0,188.0,100.0,188.0,100.0
er_001580.txt,484.0,484.0,100.0,484.0,100.0
grid_001580.txt,167.0,167.0,100.0,168.0,99.4048
real_001580.txt,7.0,7.0,100.0,7.0,100.0
ba_001581.txt,130.0,130.0,100.0,130.0,100.0
er_001581.txt,534.0,534.0,100.0,534.0,100.0
real_001581.txt,2.0,2.0,100.0,2.0,100.0
tree_001581.txt,0.0,0.0,100.0,0.0,100.0
ba_001582.txt,395.0,395.0,100.0,395.0,100.0
er_001582.txt,730.0,730.0,100.0,730.0,100.0
grid_001582.txt,192.0,192.0,100.0,193.0,99.4819
real_001582.txt,10.0,10.0,100.0,10.0,100.0
ba_001583.txt,46.0,46.0,100.0,46.0,100.0
er_001583.txt,456.0,456.0,100.0,456.0,100.0
real_001583.txt,10.0,10.0,100.0,10.0,100.0
tree_001583.txt,0.0,0.0,100.0,0.0,100.0
ba_001584.txt,90.0,90.0,100.0,90.0,100.0
er_001584.txt,202.0,202.0,100.0,202.0,100.0
grid_001584.txt,242.0,242.0,100.0,242.0,100.0
real_001584.txt,2676.0,2676.0,100.0,2732.0,97.9502
ba_001585.txt,99.0,99.0,100.0,99.0,100.0
er_001585.txt,307.0,307.0,100.0,307.0,100.0
real_001585.txt,8.0,8.0,100.0,8.0,100.0
tree_001585.txt,0.0,0.0,100.0,0.0,100.0
ba_001586.txt,169.0,169.0,100.0,180.0,93.8889
er_001586.txt,928.0,928.0,100.0,928.0,100.0
grid_001586.txt,319.0,319.0,100.0,319.0,100.0
real_001586.txt,1361.0,1361.0,100.0,1378.0,98.7663
ba_001587.txt,234.0,234.0,100.0,234.0,100.0
er_001587.txt,111.0,111.0,100.0,111.0,100.0
real_001587.txt,13.0,13.0,100.0,13.0,100.0
tree_001587.txt,0.0,0.0,100.0,0.0,100.0
ba_001588.txt,116.0,116.0,100.0,116.0,100.0
er_001588.txt,886.0,886.0,100.0,886.0,100.0
grid_001588.txt,153.0,155.0,98.7097,153.0,100.0
real_001588.txt,7.0,7.0,100.0,7.0,100.0
ba_001589.txt,442.0,442.0,100.0,442.0,100.0
er_001589.txt,220.0,220.0,100.0,220.0,100.0
real_001589.txt,1035.0,1035.0,100.0,1046.0,98.9484
tree_001589.txt,0.0,0.0,100.0,0.0,100.0
ba_001590.txt,151.0,151.0,100.0,151.0,100.0
er_001590.txt,526.0,526.0,100.0,526.0,100.0
grid_001590.txt,323.0,324.0,99.6914,323.0,100.0
real_001590.txt,1.0,1.0,100.0,1.0,100.0
ba_001591.txt,482.0,482.0,100.0,482.0,100.0
er_001591.txt,931.0,931.0,100.0,931.0,100.0
real_001591.txt,2.0,2.0,100.0,2.0,100.0
tree_001591.txt,0.0,0.0,100.0,0.0,100.0
ba_001592.txt,93.0,93.0,100.0,95.0,97.8947
er_001592.txt,504.0,504.0,100.0,504.0,100.0
grid_001592.txt,98.0,98.0,100.0,98.0,100.0
real_001592.txt,4.0,4.0,100.0,4.0,100.0
ba_001593.txt,72.0,73.0,98.6301,72.0,100.0
er_001593.txt,529.0,529.0,100.0,529.0,100.0
real_001593.txt,9.0,9.0,100.0,9.0,100.0
tree_001593.txt,0.0,0.0,100.0,0.0,100.0
ba_001594.txt,244.0,244.0,100.0,244.0,100.0
er_001594.txt,239.0,239.0,100.0,239.0,100.0
grid_001594.txt,596.0,597.0,99.8325,596.0,100.0
real_001594.txt,10.0,10.0,100.0,10.0,100.0
ba_001595.txt,89.0,89.0,100.0,90.0,98.8889
er_001595.txt,484.0,484.0,100.0,484.0,100.0
real_001595.txt,10.0,10.0,100.0,10.0,100.0
tree_001595.txt,0.0,0.0,100.0,0.0,100.0
ba_001596.txt,121.0,121.0,100.0,127.0,95.2756
er_001596.txt,65.0,65.0,100.0,65.0,100.0
grid_001596.txt,43.0,43.0,100.0,45.0,95.5556
real_001596.txt,10.0,10.0,100.0,10.0,100.0
ba_001597.txt,164.0,164.0,100.0,164.0,100.0
er_001597.txt,42.0,42.0,100.0,42.0,100.0
real_001597.txt,886.0,895.0,98.9944,886.0,100.0
tree_001597.txt,0.0,0.0,100.0,0.0,100.0
ba_001598.txt,158.0,158.0,100.0,166.0,95.1807
er_001598.txt,316.0,316.0,100.0,316.0,100.0
grid_001598.txt,124.0,124.0,100.0,125.0,99.2
real_001598.txt,1.0,1.0,100.0,1.0,100.0
ba_001599.txt,359.0,359.0,100.0,359.0,100.0
er_001599.txt,150.0,150.0,100.0,150.0,100.0
real_001599.txt,13.0,13.0,100.0,13.0,100.0
tree_001599.txt,0.0,0.0,100.0,0.0,100.0
ba_001600.txt,307.0,307.0,100.0,307.0,100.0
er_001600.txt,893.0,893.0,100.0,893.0,100.0
grid_001600.txt,211.0,212.0,99.5283,211.0,100.0
real_001600.txt,11.0,11.0,100.0,11.0,100.0
ba_001601.txt,150.0,150.0,100.0,150.0,100.0
er_001601.txt,602.0,602.0,100.0,602.0,100.0
real_001601.txt,1.0,1.0,100.0,1.0,100.0
tree_001601.txt,0.0,0.0,100.0,0.0,100.0
ba_001602.txt,346.0,346.0,100.0,346.0,100.0
er_001602.txt,845.0,845.0,100.0,845.0,100.0
grid_001602.txt,79.0,79.0,100.0,79.0,100.0
real_001602.txt,15.0,15.0,100.0,15.0,100.0
ba_001603.txt,192.0,192.0,100.0,195.0,98.4615
er_001603.txt,501.0,501.0,100.0,501.0,100.0
real_001603.txt,2.0,2.0,100.0,2.0,100.0
tree_001603.txt,0.0,0.0,100.0,0.0,100.0
ba_001604.txt,100.0,100.0,100.0,100.0,100.0
er_001604.txt,490.0,490.0,100.0,490.0,100.0
grid_001604.txt,180.0,180.0,100.0,180.0,100.0
real_001604.txt,2217.0,2217.0,100.0,2338.0,94.8246
ba_001605.txt,296.0,296.0,100.0,296.0,100.0
er_001605.txt,276.0,276.0,100.0,276.0,100.0
real_001605.txt,3751.0,3751.0,100.0,3922.0,95.64
tree_001605.txt,0.0,0.0,100.0,0.0,100.0
ba_001606.txt,147.0,147.0,100.0,147.0,100.0
er_001606.txt,613.0,613.0,100.0,613.0,100.0
grid_001606.txt,216.0,216.0,100.0,216.0,100.0
real_001606.txt,7.0,7.0,100.0,7.0,100.0
ba_001607.txt,437.0,437.0,100.0,437.0,100.0
er_001607.txt,702.0,702.0,100.0,702.0,100.0
real_001607.txt,4.0,4.0,100.0,4.0,100.0
tree_001607.txt,0.0,0.0,100.0,0.0,100.0
ba_001608.txt,104.0,104.0,100.0,104.0,100.0
er_001608.txt,71.0,71.0,100.0,71.0,100.0
grid_001608.txt,507.0,508.0,99.8031,507.0,100.0
real_001608.txt,11.0,11.0,100.0,11.0,100.0
ba_001609.txt,98.0,98.0,100.0,99.0,98.9899
er_001609.txt,95.0,95.0,100.0,95.0,100.0
real_001609.txt,10.0,10.0,100.0,10.0,100.0
tree_001609.txt,0.0,0.0,100.0,0.0,100.0
ba_001610.txt,47.0,49.0,95.9184,47.0,100.0
er_001610.txt,398.0,398.0,100.0,398.0,100.0
grid_001610.txt,126.0,126.0,100.0,127.0,99.2126
real_001610.txt,1675.0,1675.0,100.0,1704.0,98.2981
ba_001611.txt,422.0,422.0,100.0,422.0,100.0
er_001611.txt,853.0,853.0,100.0,853.0,100.0
real_001611.txt,29.0,29.0,100.0,29.0,100.0
tree_001611.txt,0.0,0.0,100.0,0.0,100.0
ba_001612.txt,169.0,169.0,100.0,169.0,100.0
er_001612.txt,369.0,369.0,100.0,369.0,100.0
grid_001612.txt,376.0,376.0,100.0,376.0,100.0
real_001612.txt,7.0,7.0,100.0,7.0,100.0
ba_001613.txt,112.0,115.0,97.3913,112.0,100.0
er_001613.txt,460.0,460.0,100.0,460.0,100.0
real_001613.txt,4.0,4.0,100.0,4.0,100.0
tree_001613.txt,0.0,0.0,100.0,0.0,100.0
ba_001614.txt,232.0,232.0,100.0,237.0,97.8903
er_001614.txt,941.0,941.0,100.0,941.0,100.0
grid_001614.txt,79.0,79.0,100.0,79.0,100.0
real_001614.txt,1374.0,1377.0,99.7821,1374.0,100.0
ba_001615.txt,427.0,427.0,100.0,427.0,100.0
er_001615.txt,948.0,948.0,100.0,948.0,100.0
real_001615.txt,2.0,2.0,100.0,2.0,100.0
tree_001615.txt,0.0,0.0,100.0,0.0,100.0
ba_001616.txt,195.0,195.0,100.0,195.0,100.0
er_001616.txt,418.0,418.0,100.0,418.0,100.0
grid_001616.txt,87.0,87.0,100.0,87.0,100.0
real_001616.txt,1331.0,1331.0,100.0,1334.0,99.7751
ba_001617.txt,451.0,451.0,100.0,451.0,100.0
er_001617.txt,508.0,508.0,100.0,508.0,100.0
real_001617.txt,29.0,29.0,100.0,29.0,100.0
tree_001617.txt,0.0,0.0,100.0,0.0,100.0
ba_001618.txt,42.0,42.0,100.0,42.0,100.0
er_001618.txt,450.0,450.0,100.0,450.0,100.0
grid_001618.txt,258.0,259.0,99.6139,258.0,100.0
real_001618.txt,11.0,11.0,100.0,11.0,100.0
ba_001619.txt,206.0,206.0,100.0,206.0,100.0
er_001619.txt,86.0,86.0,100.0,86.0,100.0
real_001619.txt,10.0,10.0,100.0,10.0,100.0
tree_001619.txt,0.0,0.0,100.0,0.0,100.0
ba_001620.txt,383.0,383.0,100.0,383.0,100.0
er_001620.txt,315.0,315.0,100.0,315.0,100.0
grid_001620.txt,260.0,260.0,100.0,261.0,99.6169
real_001620.txt,29.0,29.0,100.0,29.0,100.0
ba_001621.txt,163.0,163.0,100.0,163.0,100.0
er_001621.txt,322.0,322.0,100.0,322.0,100.0
real_001621.txt,2145.0,2145.0,100.0,2158.0,99.3976
tree_001621.txt,0.0,0.0,100.0,0.0,100.0
ba_001622.txt,501.0,501.0,100.0,501.0,100.0
er_001622.txt,271.0,271.0,100.0,271.0,100.0
grid_001622.txt,353.0,354.0,99.7175,353.0,100.0
real_001622.txt,8.0,8.0,100.0,8.0,100.0
ba_001623.txt,376.0,376.0,100.0,376.0,100.0
er_001623.txt,325.0,325.0,100.0,325.0,100.0
real_001623.txt,1.0,1.0,100.0,1.0,100.0
tree_001623.txt,0.0,0.0,100.0,0.0,100.0
ba_001624.txt,139.0,139.0,100.0,139.0,100.0
er_001624.txt,556.0,556.0,100.0,556.0,100.0
grid_001624.txt,328.0,330.0,99.3939,328.0,100.0
real_001624.txt,988.0,994.0,99.3964,988.0,100.0
ba_001625.txt,357.0,357.0,100.0,357.0,100.0
er_001625.txt,46.0,46.0,100.0,46.0,100.0
real_001625.txt,1397.0,1397.0,100.0,1406.0,99.3599
tree_001625.txt,0.0,0.0,100.0,0.0,100.0
ba_001626.txt,44.0,45.0,97.7778,44.0,100.0
er_001626.txt,260.0,260.0,100.0,260.0,100.0
grid_001626.txt,178.0,178.0,100.0,178.0,100.0
real_001626.txt,1.0,1.0,100.0,1.0,100.0
ba_001627.txt,216.0,216.0,100.0,218.0,99.0826
er_001627.txt,726.0,726.0,100.0,726.0,100.0
real_001627.txt,10.0,10.0,100.0,10.0,100.0
tree_001627.txt,0.0,0.0,100.0,0.0,100.0
ba_001628.txt,390.0,390.0,100.0,390.0,100.0
er_001628.txt,825.0,825.0,100.0,825.0,100.0
grid_001628.txt,285.0,285.0,100.0,285.0,100.0
real_001628.txt,2.0,2.0,100.0,2.0,100.0
ba_001629.txt,211.0,211.0,100.0,211.0,100.0
er_001629.txt,713.0,713.0,100.0,713.0,100.0
real_001629.txt,15.0,15.0,100.0,15.0,100.0
tree_001629.txt,0.0,0.0,100.0,0.0,100.0
ba_001630.txt,207.0,207.0,100.0,207.0,100.0
er_001630.txt,546.0,546.0,100.0,546.0,100.0
grid_001630.txt,568.0,568.0,100.0,568.0,100.0
real_001630.txt,98.0,98.0,100.0,101.0,97.0297
ba_001631.txt,129.0,129.0,100.0,129.0,100.0
er_001631.txt,326.0,326.0,100.0,326.0,100.0
real_001631.txt,2950.0,2950.0,100.0,3006.0,98.1371
tree_001631.txt,0.0,0.0,100.0,0.0,100.0
ba_001632.txt,239.0,239.0,100.0,239.0,100.0
er_001632.txt,313.0,313.0,100.0,313.0,100.0
grid_001632.txt,453.0,453.0,100.0,453.0,100.0
real_001632.txt,29.0,29.0,100.0,29.0,100.0
ba_001633.txt,86.0,86.0,100.0,87.0,98.8506
er_001633.txt,939.0,939.0,100.0,939.0,100.0
real_001633.txt,11.0,11.0,100.0,11.0,100.0
tree_001633.txt,0.0,0.0,100.0,0.0,100.0
ba_001634.txt,245.0,245.0,100.0,245.0,100.0
er_001634.txt,319.0,319.0,100.0,319.0,100.0
grid_001634.txt,146.0,146.0,100.0,146.0,100.0
real_001634.txt,3821.0,3821.0,100.0,3906.0,97.8239
ba_001635.txt,421.0,421.0,100.0,421.0,100.0
er_001635.txt,50.0,50.0,100.0,50.0,100.0
real_001635.txt,29.0,29.0,100.0,29.0,100.0
tree_001635.txt,0.0,0.0,100.0,0.0,100.0
ba_001636.txt,149.0,149.0,100.0,149.0,100.0
er_001636.txt,781.0,781.0,100.0,781.0,100.0
grid_001636.txt,86.0,86.0,100.0,86.0,100.0
real_001636.txt,15.0,15.0,100.0,15.0,100.0
ba_001637.txt,124.0,124.0,100.0,124.0,100.0
er_001637.txt,343.0,343.0,100.0,343.0,100.0
real_001637.txt,416.0,416.0,100.0,424.0,98.1132
tree_001637.txt,0.0,0.0,100.0,0.0,100.0
ba_001638.txt,556.0,556.0,100.0,556.0,100.0
er_001638.txt,597.0,597.0,100.0,597.0,100.0
grid_001638.txt,50.0,50.0,100.0,50.0,100.0
real_001638.txt,15.0,15.0,100.0,15.0,100.0
ba_001639.txt,195.0,195.0,100.0,203.0,96.0591
er_001639.txt,936.0,936.0,100.0,936.0,100.0
real_001639.txt,1.0,1.0,100.0,1.0,100.0
tree_001639.txt,0.0,0.0,100.0,0.0,100.0
ba_001640.txt,96.0,96.0,100.0,96.0,100.0
er_001640.txt,755.0,755.0,100.0,755.0,100.0
grid_001640.txt,151.0,151.0,100.0,152.0,99.3421
real_001640.txt,446.0,446.0,100.0,457.0,97.593
ba_001641.txt,501.0,501.0,100.0,501.0,100.0
er_001641.txt,92.0,92.0,100.0,92.0,100.0
real_001641.txt,157.0,157.0,100.0,169.0,92.8994
tree_001641.txt,0.0,0.0,100.0,0.0,100.0
ba_001642.txt,162.0,162.0,100.0,162.0,100.0
er_001642.txt,391.0,391.0,100.0,391.0,100.0
grid_001642.txt,440.0,440.0,100.0,441.0,99.7732
real_001642.txt,1117.0,1117.0,100.0,1124.0,99.3772
ba_001643.txt,152.0,152.0,100.0,190.0,80.0
er_001643.txt,648.0,648.0,100.0,648.0,100.0
real_001643.txt,1.0,1.0,100.0,1.0,100.0
tree_001643.txt,0.0,0.0,100.0,0.0,100.0
ba_001644.txt,607.0,607.0,100.0,607.0,100.0
er_001644.txt,636.0,636.0,100.0,636.0,100.0
grid_001644.txt,200.0,200.0,100.0,200.0,100.0
real_001644.txt,13.0,13.0,100.0,13.0,100.0
ba_001645.txt,64.0,64.0,100.0,64.0,100.0
er_001645.txt,306.0,306.0,100.0,306.0,100.0
real_001645.txt,668.0,668.0,100.0,668.0,100.0
tree_001645.txt,0.0,0.0,100.0,0.0,100.0
ba_001646.txt,306.0,306.0,100.0,306.0,100.0
er_001646.txt,700.0,700.0,100.0,700.0,100.0
grid_001646.txt,137.0,138.0,99.2754,137.0,100.0
real_001646.txt,11.0,11.0,100.0,11.0,100.0
ba_001647.txt,144.0,144.0,100.0,159.0,90.566
er_001647.txt,304.0,304.0,100.0,304.0,100.0
real_001647.txt,13.0,13.0,100.0,13.0,100.0
tree_001647.txt,0.0,0.0,100.0,0.0,100.0
ba_001648.txt,650.0,650.0,100.0,650.0,100.0
er_001648.txt,524.0,524.0,100.0,524.0,100.0
grid_001648.txt,230.0,230.0,100.0,232.0,99.1379
real_001648.txt,10.0,10.0,100.0,10.0,100.0
ba_001649.txt,682.0,682.0,100.0,682.0,100.0
er_001649.txt,209.0,209.0,100.0,209.0,100.0
real_001649.txt,1192.0,1192.0,100.0,1222.0,97.545
tree_001649.txt,0.0,0.0,100.0,0.0,100.0
ba_001650.txt,52.0,52.0,100.0,53.0,98.1132
er_001650.txt,218.0,218.0,100.0,218.0,100.0
grid_001650.txt,83.0,83.0,100.0,83.0,100.0
real_001650.txt,11.0,11.0,100.0,11.0,100.0
ba_001651.txt,651.0,651.0,100.0,651.0,100.0
er_001651.txt,213.0,213.0,100.0,213.0,100.0
real_001651.txt,29.0,29.0,100.0,29.0,100.0
tree_001651.txt,0.0,0.0,100.0,0.0,100.0
ba_001652.txt,171.0,171.0,100.0,171.0,100.0
er_001652.txt,423.0,423.0,100.0,423.0,100.0
grid_001652.txt,611.0,611.0,100.0,612.0,99.8366
real_001652.txt,4035.0,4035.0,100.0,4134.0,97.6052
ba_001653.txt,486.0,486.0,100.0,486.0,100.0
er_001653.txt,413.0,413.0,100.0,413.0,100.0
real_001653.txt,1112.0,1112.0,100.0,1114.0,99.8205
tree_001653.txt,0.0,0.0,100.0,0.0,100.0
ba_001654.txt,212.0,212.0,100.0,243.0,87.2428
er_001654.txt,480.0,480.0,100.0,480.0,100.0
grid_001654.txt,158.0,158.0,100.0,158.0,100.0
real_001654.txt,29.0,29.0,100.0,29.0,100.0
ba_001655.txt,20.0,21.0,95.2381,20.0,100.0
er_001655.txt,23.0,23.0,100.0,23.0,100.0
real_001655.txt,29.0,29.0,100.0,29.0,100.0
tree_001655.txt,0.0,0.0,100.0,0.0,100.0
ba_001656.txt,105.0,105.0,100.0,106.0,99.0566
er_001656.txt,902.0,902.0,100.0,902.0,100.0
grid_001656.txt,265.0,265.0,100.0,267.0,99.2509
real_001656.txt,8.0,8.0,100.0,8.0,100.0
ba_001657.txt,255.0,255.0,100.0,255.0,100.0
er_001657.txt,172.0,172.0,100.0,172.0,100.0
real_001657.txt,15.0,15.0,100.0,15.0,100.0
tree_001657.txt,0.0,0.0,100.0,0.0,100.0
ba_001658.txt,272.0,272.0,100.0,272.0,100.0
er_001658.txt,690.0,690.0,100.0,690.0,100.0
grid_001658.txt,565.0,565.0,100.0,565.0,100.0
real_001658.txt,10.0,10.0,100.0,10.0,100.0
ba_001659.txt,535.0,535.0,100.0,535.0,100.0
er_001659.txt,517.0,517.0,100.0,517.0,100.0
real_001659.txt,7.0,7.0,100.0,7.0,100.0
tree_001659.txt,0.0,0.0,100.0,0.0,100.0
ba_001660.txt,175.0,175.0,100.0,191.0,91.623
er_001660.txt,172.0,172.0,100.0,172.0,100.0
grid_001660.txt,126.0,127.0,99.2126,126.0,100.0
real_001660.txt,435.0,435.0,100.0,437.0,99.5423
ba_001661.txt,150.0,150.0,100.0,150.0,100.0
er_001661.txt,845.0,845.0,100.0,845.0,100.0
real_001661.txt,1352.0,1352.0,100.0,1374.0,98.3988
tree_001661.txt,0.0,0.0,100.0,0.0,100.0
ba_001662.txt,137.0,137.0,100.0,137.0,100.0
er_001662.txt,387.0,387.0,100.0,387.0,100.0
grid_001662.txt,451.0,454.0,99.3392,451.0,100.0
real_001662.txt,7.0,7.0,100.0,7.0,100.0
ba_001663.txt,97.0,97.0,100.0,98.0,98.9796
er_001663.txt,645.0,645.0,100.0,645.0,100.0
real_001663.txt,4.0,4.0,100.0,4.0,100.0
tree_001663.txt,0.0,0.0,100.0,0.0,100.0
ba_001664.txt,135.0,135.0,100.0,144.0,93.75
er_001664.txt,99.0,99.0,100.0,99.0,100.0
grid_001664.txt,70.0,70.0,100.0,71.0,98.5915
real_001664.txt,1397.0,1397.0,100.0,1406.0,99.3599
ba_001665.txt,86.0,86.0,100.0,86.0,100.0
er_001665.txt,766.0,766.0,100.0,766.0,100.0
real_001665.txt,2.0,2.0,100.0,2.0,100.0
tree_001665.txt,0.0,0.0,100.0,0.0,100.0
ba_001666.txt,426.0,426.0,100.0,426.0,100.0
er_001666.txt,875.0,875.0,100.0,875.0,100.0
grid_001666.txt,126.0,126.0,100.0,127.0,99.2126
real_001666.txt,1767.0,1776.0,99.4932,1767.0,100.0
ba_001667.txt,147.0,147.0,100.0,147.0,100.0
er_001667.txt,491.0,491.0,100.0,491.0,100.0
real_001667.txt,226.0,226.0,100.0,239.0,94.5607
tree_001667.txt,0.0,0.0,100.0,0.0,100.0
ba_001668.txt,103.0,104.0,99.0385,103.0,100.0
er_001668.txt,160.0,160.0,100.0,160.0,100.0
grid_001668.txt,250.0,250.0,100.0,251.0,99.6016
real_001668.txt,8.0,8.0,100.0,8.0,100.0
ba_001669.txt,76.0,76.0,100.0,76.0,100.0
er_001669.txt,864.0,864.0,100.0,864.0,100.0
real_001669.txt,429.0,429.0,100.0,436.0,98.3945
tree_001669.txt,0.0,0.0,100.0,0.0,100.0
ba_001670.txt,457.0,457.0,100.0,457.0,100.0
er_001670.txt,123.0,123.0,100.0,123.0,100.0
grid_001670.txt,74.0,74.0,100.0,75.0,98.6667
real_001670.txt,1.0,1.0,100.0,1.0,100.0
ba_001671.txt,309.0,309.0,100.0,309.0,100.0
er_001671.txt,458.0,458.0,100.0,458.0,100.0
real_001671.txt,4.0,4.0,100.0,4.0,100.0
tree_001671.txt,0.0,0.0,100.0,0.0,100.0
ba_001672.txt,422.0,422.0,100.0,422.0,100.0
er_001672.txt,211.0,211.0,100.0,211.0,100.0
grid_001672.txt,379.0,379.0,100.0,379.0,100.0
real_001672.txt,8.0,8.0,100.0,8.0,100.0
ba_001673.txt,340.0,340.0,100.0,340.0,100.0
er_001673.txt,660.0,660.0,100.0,660.0,100.0
real_001673.txt,29.0,29.0,100.0,29.0,100.0
tree_001673.txt,0.0,0.0,100.0,0.0,100.0
ba_001674.txt,118.0,119.0,99.1597,118.0,100.0
er_001674.txt,847.0,847.0,100.0,847.0,100.0
grid_001674.txt,186.0,186.0,100.0,187.0,99.4652
real_001674.txt,285.0,285.0,100.0,287.0,99.3031
ba_001675.txt,447.0,447.0,100.0,447.0,100.0
er_001675.txt,611.0,611.0,100.0,611.0,100.0
real_001675.txt,3569.0,3569.0,100.0,3676.0,97.0892
tree_001675.txt,0.0,0.0,100.0,0.0,100.0
ba_001676.txt,210.0,210.0,100.0,214.0,98.1308
er_001676.txt,173.0,173.0,100.0,173.0,100.0
grid_001676.txt,215.0,217.0,99.0783,215.0,100.0
real_001676.txt,29.0,29.0,100.0,29.0,100.0
ba_001677.txt,75.0,75.0,100.0,75.0,100.0
er_001677.txt,399.0,399.0,100.0,399.0,100.0
real_001677.txt,713.0,713.0,100.0,721.0,98.8904
tree_001677.txt,0.0,0.0,100.0,0.0,100.0
ba_001678.txt,143.0,143.0,100.0,160.0,89.375
er_001678.txt,268.0,268.0,100.0,272.0,98.5294
grid_001678.txt,134.0,134.0,100.0,134.0,100.0
real_001678.txt,2.0,2.0,100.0,2.0,100.0
ba_001679.txt,32.0,32.0,100.0,32.0,100.0
er_001679.txt,940.0,940.0,100.0,940.0,100.0
real_001679.txt,183.0,183.0,100.0,192.0,95.3125
tree_001679.txt,0.0,0.0,100.0,0.0,100.0
ba_001680.txt,258.0,258.0,100.0,258.0,100.0
er_001680.txt,353.0,353.0,100.0,353.0,100.0
grid_001680.txt,461.0,461.0,100.0,461.0,100.0
real_001680.txt,7.0,7.0,100.0,7.0,100.0
ba_001681.txt,265.0,265.0,100.0,265.0,100.0
er_001681.txt,631.0,631.0,100.0,631.0,100.0
real_001681.txt,13.0,13.0,100.0,13.0,100.0
tree_001681.txt,0.0,0.0,100.0,0.0,100.0
ba_001682.txt,360.0,360.0,100.0,360.0,100.0
er_001682.txt,704.0,704.0,100.0,704.0,100.0
grid_001682.txt,159.0,159.0,100.0,159.0,100.0
real_001682.txt,160.0,163.0,98.1595,160.0,100.0
ba_001683.txt,159.0,167.0,95.2096,159.0,100.0
er_001683.txt,502.0,502.0,100.0,502.0,100.0
real_001683.txt,8.0,8.0,100.0,8.0,100.0
tree_001683.txt,0.0,0.0,100.0,0.0,100.0
ba_001684.txt,483.0,489.0,98.773,483.0,100.0
er_001684.txt,222.0,222.0,100.0,224.0,99.1071
grid_001684.txt,676.0,677.0,99.8523,676.0,100.0
real_001684.txt,2.0,2.0,100.0,2.0,100.0
ba_001685.txt,308.0,308.0,100.0,308.0,100.0
er_001685.txt,405.0,405.0,100.0,405.0,100.0
real_001685.txt,827.0,836.0,98.9234,827.0,100.0
tree_001685.txt,0.0,0.0,100.0,0.0,100.0
ba_001686.txt,95.0,97.0,97.9381,95.0,100.0
er_001686.txt,532.0,532.0,100.0,532.0,100.0
grid_001686.txt,184.0,186.0,98.9247,184.0,100.0
real_001686.txt,1.0,1.0,100.0,1.0,100.0
ba_001687.txt,110.0,110.0,100.0,110.0,100.0
er_001687.txt,552.0,552.0,100.0,552.0,100.0
real_001687.txt,15.0,15.0,100.0,15.0,100.0
tree_001687.txt,0.0,0.0,100.0,0.0,100.0
ba_001688.txt,301.0,301.0,100.0,301.0,100.0
er_001688.txt,635.0,635.0,100.0,635.0,100.0
grid_001688.txt,255.0,255.0,100.0,256.0,99.6094
real_001688.txt,13.0,13.0,100.0,13.0,100.0
ba_001689.txt,367.0,367.0,100.0,367.0,100.0
er_001689.txt,902.0,902.0,100.0,904.0,99.7788
real_001689.txt,445.0,447.0,99.5526,445.0,100.0
tree_001689.txt,0.0,0.0,100.0,0.0,100.0
ba_001690.txt,363.0,363.0,100.0,363.0,100.0
er_001690.txt,87.0,87.0,100.0,87.0,100.0
grid_001690.txt,782.0,782.0,100.0,782.0,100.0
real_001690.txt,633.0,633.0,100.0,652.0,97.0859
ba_001691.txt,209.0,209.0,100.0,220.0,95.0
er_001691.txt,42.0,42.0,100.0,42.0,100.0
real_001691.txt,7.0,7.0,100.0,7.0,100.0
tree_001691.txt,0.0,0.0,100.0,0.0,100.0
ba_001692.txt,150.0,150.0,100.0,150.0,100.0
er_001692.txt,350.0,350.0,100.0,350.0,100.0
grid_001692.txt,168.0,168.0,100.0,169.0,99.4083
real_001692.txt,1.0,1.0,100.0,1.0,100.0
ba_001693.txt,191.0,191.0,100.0,191.0,100.0
er_001693.txt,146.0,146.0,100.0,146.0,100.0
real_001693.txt,8.0,8.0,100.0,8.0,100.0
tree_001693.txt,0.0,0.0,100.0,0.0,100.0
ba_001694.txt,201.0,206.0,97.5728,201.0,100.0
er_001694.txt,154.0,154.0,100.0,154.0,100.0
grid_001694.txt,146.0,146.0,100.0,147.0,99.3197
real_001694.txt,484.0,488.0,99.1803,484.0,100.0
ba_001695.txt,165.0,165.0,100.0,165.0,100.0
er_001695.txt,384.0,384.0,100.0,384.0,100.0
real_001695.txt,13.0,13.0,100.0,13.0,100.0
tree_001695.txt,0.0,0.0,100.0,0.0,100.0
ba_001696.txt,451.0,451.0,100.0,451.0,100.0
er_001696.txt,771.0,771.0,100.0,771.0,100.0
grid_001696.txt,223.0,224.0,99.5536,223.0,100.0
real_001696.txt,9.0,9.0,100.0,9.0,100.0
ba_001697.txt,175.0,175.0,100.0,186.0,94.086
er_001697.txt,543.0,543.0,100.0,543.0,100.0
real_001697.txt,13.0,13.0,100.0,13.0,100.0
tree_001697.txt,0.0,0.0,100.0,0.0,100.0
ba_001698.txt,167.0,167.0,100.0,194.0,86.0825
er_001698.txt,386.0,386.0,100.0,386.0,100.0
grid_001698.txt,129.0,129.0,100.0,129.0,100.0
real_001698.txt,11.0,11.0,100.0,11.0,100.0
ba_001699.txt,565.0,565.0,100.0,565.0,100.0
er_001699.txt,605.0,605.0,100.0,605.0,100.0
real_001699.txt,1663.0,1663.0,100.0,1673.0,99.4023
tree_001699.txt,0.0,0.0,100.0,0.0,100.0
ba_001700.txt,235.0,246.0,95.5285,235.0,100.0
er_001700.txt,268.0,268.0,100.0,268.0,100.0
grid_001700.txt,532.0,532.0,100.0,532.0,100.0
real_001700.txt,15.0,15.0,100.0,15.0,100.0
ba_001701.txt,66.0,66.0,100.0,68.0,97.0588
er_001701.txt,237.0,237.0,100.0,240.0,98.75
real_001701.txt,1540.0,1542.0,99.8703,1540.0,100.0
tree_001701.txt,0.0,0.0,100.0,0.0,100.0
ba_001702.txt,37.0,37.0,100.0,37.0,100.0
er_001702.txt,500.0,500.0,100.0,500.0,100.0
grid_001702.txt,292.0,292.0,100.0,292.0,100.0
real_001702.txt,10.0,10.0,100.0,10.0,100.0
ba_001703.txt,221.0,221.0,100.0,221.0,100.0
er_001703.txt,850.0,850.0,100.0,850.0,100.0
real_001703.txt,2.0,2.0,100.0,2.0,100.0
tree_001703.txt,0.0,0.0,100.0,0.0,100.0
ba_001704.txt,702.0,702.0,100.0,702.0,100.0
er_001704.txt,547.0,547.0,100.0,547.0,100.0
grid_001704.txt,296.0,296.0,100.0,296.0,100.0
real_001704.txt,4.0,4.0,100.0,4.0,100.0
ba_001705.txt,668.0,668.0,100.0,668.0,100.0
er_001705.txt,238.0,238.0,100.0,242.0,98.3471
real_001705.txt,8.0,8.0,100.0,8.0,100.0
tree_001705.txt,0.0,0.0,100.0,0.0,100.0
ba_001706.txt,135.0,135.0,100.0,146.0,92.4658
er_001706.txt,577.0,577.0,100.0,577.0,100.0
grid_001706.txt,243.0,244.0,99.5902,243.0,100.0
real_001706.txt,1.0,1.0,100.0,1.0,100.0
ba_001707.txt,225.0,225.0,100.0,235.0,95.7447
er_001707.txt,112.0,112.0,100.0,112.0,100.0
real_001707.txt,932.0,936.0,99.5726,932.0,100.0
tree_001707.txt,0.0,0.0,100.0,0.0,100.0
ba_001708.txt,72.0,72.0,100.0,72.0,100.0
er_001708.txt,518.0,518.0,100.0,518.0,100.0
grid_001708.txt,226.0,226.0,100.0,227.0,99.5595
real_001708.txt,2.0,2.0,100.0,2.0,100.0
ba_001709.txt,93.0,93.0,100.0,93.0,100.0
er_001709.txt,617.0,617.0,100.0,617.0,100.0
real_001709.txt,1.0,1.0,100.0,1.0,100.0
tree_001709.txt,0.0,0.0,100.0,0.0,100.0
ba_001710.txt,221.0,221.0,100.0,221.0,100.0
er_001710.txt,776.0,776.0,100.0,776.0,100.0
grid_001710.txt,222.0,222.0,100.0,222.0,100.0
real_001710.txt,29.0,29.0,100.0,29.0,100.0
ba_001711.txt,261.0,261.0,100.0,261.0,100.0
er_001711.txt,341.0,341.0,100.0,342.0,99.7076
real_001711.txt,371.0,371.0,100.0,371.0,100.0
tree_001711.txt,0.0,0.0,100.0,0.0,100.0
ba_001712.txt,386.0,386.0,100.0,386.0,100.0
er_001712.txt,461.0,461.0,100.0,461.0,100.0
grid_001712.txt,504.0,505.0,99.802,504.0,100.0
real_001712.txt,1354.0,1389.0,97.4802,1354.0,100.0
ba_001713.txt,691.0,691.0,100.0,691.0,100.0
er_001713.txt,807.0,807.0,100.0,807.0,100.0
real_001713.txt,2.0,2.0,100.0,2.0,100.0
tree_001713.txt,0.0,0.0,100.0,0.0,100.0
ba_001714.txt,220.0,220.0,100.0,222.0,99.0991
er_001714.txt,98.0,98.0,100.0,98.0,100.0
grid_001714.txt,352.0,352.0,100.0,354.0,99.435
real_001714.txt,7.0,7.0,100.0,7.0,100.0
ba_001715.txt,85.0,85.0,100.0,86.0,98.8372
er_001715.txt,324.0,324.0,100.0,324.0,100.0
real_001715.txt,1561.0,1561.0,100.0,1660.0,94.0361
tree_001715.txt,0.0,0.0,100.0,0.0,100.0
ba_001716.txt,346.0,346.0,100.0,346.0,100.0
er_001716.txt,234.0,234.0,100.0,234.0,100.0
grid_001716.txt,125.0,125.0,100.0,125.0,100.0
real_001716.txt,15.0,15.0,100.0,15.0,100.0
ba_001717.txt,279.0,279.0,100.0,279.0,100.0
er_001717.txt,313.0,313.0,100.0,313.0,100.0
real_001717.txt,1.0,1.0,100.0,1.0,100.0
tree_001717.txt,0.0,0.0,100.0,0.0,100.0
ba_001718.txt,347.0,347.0,100.0,347.0,100.0
er_001718.txt,86.0,86.0,100.0,86.0,100.0
grid_001718.txt,564.0,564.0,100.0,564.0,100.0
real_001718.txt,1343.0,1351.0,99.4078,1343.0,100.0
ba_001719.txt,206.0,206.0,100.0,207.0,99.5169
er_001719.txt,670.0,670.0,100.0,670.0,100.0
real_001719.txt,4.0,4.0,100.0,4.0,100.0
tree_001719.txt,0.0,0.0,100.0,0.0,100.0
ba_001720.txt,692.0,692.0,100.0,692.0,100.0
er_001720.txt,892.0,892.0,100.0,892.0,100.0
grid_001720.txt,273.0,274.0,99.635,273.0,100.0
real_001720.txt,7.0,7.0,100.0,7.0,100.0
ba_001721.txt,75.0,75.0,100.0,75.0,100.0
er_001721.txt,741.0,741.0,100.0,741.0,100.0
real_001721.txt,377.0,377.0,100.0,394.0,95.6853
tree_001721.txt,0.0,0.0,100.0,0.0,100.0
ba_001722.txt,163.0,163.0,100.0,163.0,100.0
er_001722.txt,860.0,860.0,100.0,860.0,100.0
grid_001722.txt,175.0,175.0,100.0,175.0,100.0
real_001722.txt,1.0,1.0,100.0,1.0,100.0
ba_001723.txt,55.0,55.0,100.0,57.0,96.4912
er_001723.txt,344.0,344.0,100.0,344.0,100.0
real_001723.txt,129.0,129.0,100.0,133.0,96.9925
tree_001723.txt,0.0,0.0,100.0,0.0,100.0
ba_001724.txt,141.0,141.0,100.0,141.0,100.0
er_001724.txt,375.0,375.0,100.0,375.0,100.0
grid_001724.txt,44.0,44.0,100.0,44.0,100.0
real_001724.txt,1662.0,1662.0,100.0,1702.0,97.6498
ba_001725.txt,104.0,104.0,100.0,104.0,100.0
er_001725.txt,802.0,802.0,100.0,802.0,100.0
real_001725.txt,8.0,8.0,100.0,8.0,100.0
tree_001725.txt,0.0,0.0,100.0,0.0,100.0
ba_001726.txt,335.0,335.0,100.0,335.0,100.0
er_001726.txt,930.0,930.0,100.0,930.0,100.0
grid_001726.txt,737.0,737.0,100.0,737.0,100.0
real_001726.txt,8.0,8.0,100.0,8.0,100.0
ba_001727.txt,73.0,76.0,96.0526,73.0,100.0
er_001727.txt,527.0,527.0,100.0,527.0,100.0
real_001727.txt,10.0,10.0,100.0,10.0,100.0
tree_001727.txt,0.0,0.0,100.0,0.0,100.0
ba_001728.txt,14.0,14.0,100.0,14.0,100.0
er_001728.txt,807.0,807.0,100.0,807.0,100.0
grid_001728.txt,622.0,622.0,100.0,622.0,100.0
real_001728.txt,15.0,15.0,100.0,15.0,100.0
ba_001729.txt,492.0,492.0,100.0,492.0,100.0
er_001729.txt,756.0,756.0,100.0,756.0,100.0
real_001729.txt,8.0,8.0,100.0,8.0,100.0
tree_001729.txt,0.0,0.0,100.0,0.0,100.0
ba_001730.txt,150.0,150.0,100.0,162.0,92.5926
er_001730.txt,20.0,20.0,100.0,20.0,100.0
grid_001730.txt,717.0,718.0,99.8607,717.0,100.0
real_001730.txt,13.0,13.0,100.0,13.0,100.0
ba_001731.txt,482.0,482.0,100.0,482.0,100.0
er_001731.txt,707.0,707.0,100.0,707.0,100.0
real_001731.txt,1.0,1.0,100.0,1.0,100.0
tree_001731.txt,0.0,0.0,100.0,0.0,100.0
ba_001732.txt,178.0,178.0,100.0,178.0,100.0
er_001732.txt,476.0,476.0,100.0,476.0,100.0
grid_001732.txt,752.0,752.0,100.0,752.0,100.0
real_001732.txt,881.0,881.0,100.0,884.0,99.6606
ba_001733.txt,350.0,350.0,100.0,350.0,100.0
er_001733.txt,723.0,723.0,100.0,723.0,100.0
real_001733.txt,15.0,15.0,100.0,15.0,100.0
tree_001733.txt,0.0,0.0,100.0,0.0,100.0
ba_001734.txt,451.0,452.0,99.7788,451.0,100.0
er_001734.txt,782.0,782.0,100.0,782.0,100.0
grid_001734.txt,292.0,292.0,100.0,292.0,100.0
real_001734.txt,8.0,8.0,100.0,8.0,100.0
ba_001735.txt,256.0,256.0,100.0,256.0,100.0
er_001735.txt,341.0,341.0,100.0,341.0,100.0
real_001735.txt,291.0,291.0,100.0,296.0,98.3108
tree_001735.txt,0.0,0.0,100.0,0.0,100.0
ba_001736.txt,142.0,143.0,99.3007,142.0,100.0
er_001736.txt,543.0,543.0,100.0,543.0,100.0
grid_001736.txt,166.0,166.0,100.0,166.0,100.0
real_001736.txt,15.0,15.0,100.0,15.0,100.0
ba_001737.txt,206.0,206.0,100.0,211.0,97.6303
er_001737.txt,878.0,878.0,100.0,878.0,100.0
real_001737.txt,966.0,966.0,100.0,977.0,98.8741
tree_001737.txt,0.0,0.0,100.0,0.0,100.0
ba_001738.txt,55.0,55.0,100.0,59.0,93.2203
er_001738.txt,320.0,320.0,100.0,320.0,100.0
grid_001738.txt,395.0,395.0,100.0,395.0,100.0
real_001738.txt,8.0,8.0,100.0,8.0,100.0
ba_001739.txt,258.0,258.0,100.0,258.0,100.0
er_001739.txt,805.0,805.0,100.0,805.0,100.0
real_001739.txt,3255.0,3255.0,100.0,3352.0,97.1062
tree_001739.txt,0.0,0.0,100.0,0.0,100.0
ba_001740.txt,210.0,213.0,98.5915,210.0,100.0
er_001740.txt,123.0,123.0,100.0,123.0,100.0
grid_001740.txt,786.0,787.0,99.8729,786.0,100.0
real_001740.txt,926.0,934.0,99.1435,926.0,100.0
ba_001741.txt,264.0,264.0,100.0,264.0,100.0
er_001741.txt,321.0,321.0,100.0,321.0,100.0
real_001741.txt,1230.0,1230.0,100.0,1230.0,100.0
tree_001741.txt,0.0,0.0,100.0,0.0,100.0
ba_001742.txt,147.0,147.0,100.0,147.0,100.0
er_001742.txt,829.0,829.0,100.0,829.0,100.0
grid_001742.txt,55.0,56.0,98.2143,55.0,100.0
real_001742.txt,1124.0,1128.0,99.6454,1124.0,100.0
ba_001743.txt,434.0,434.0,100.0,434.0,100.0
er_001743.txt,645.0,645.0,100.0,645.0,100.0
real_001743.txt,1068.0,1068.0,100.0,1068.0,100.0
tree_001743.txt,0.0,0.0,100.0,0.0,100.0
ba_001744.txt,304.0,306.0,99.3464,304.0,100.0
er_001744.txt,209.0,209.0,100.0,211.0,99.0521
grid_001744.txt,201.0,201.0,100.0,202.0,99.505
real_001744.txt,2167.0,2167.0,100.0,2370.0,91.4346
ba_001745.txt,316.0,316.0,100.0,316.0,100.0
er_001745.txt,104.0,104.0,100.0,104.0,100.0
real_001745.txt,9.0,9.0,100.0,9.0,100.0
tree_001745.txt,0.0,0.0,100.0,0.0,100.0
ba_001746.txt,480.0,480.0,100.0,480.0,100.0
er_001746.txt,411.0,411.0,100.0,411.0,100.0
grid_001746.txt,116.0,117.0,99.1453,116.0,100.0
real_001746.txt,2.0,2.0,100.0,2.0,100.0
ba_001747.txt,536.0,536.0,100.0,536.0,100.0
er_001747.txt,646.0,646.0,100.0,646.0,100.0
real_001747.txt,10.0,10.0,100.0,10.0,100.0
tree_001747.txt,0.0,0.0,100.0,0.0,100.0
ba_001748.txt,644.0,644.0,100.0,644.0,100.0
er_001748.txt,673.0,673.0,100.0,673.0,100.0
grid_001748.txt,286.0,286.0,100.0,286.0,100.0
real_001748.txt,1279.0,1281.0,99.8439,1279.0,100.0
ba_001749.txt,197.0,N/A,N/A,197.0,100.0
er_001749.txt,669.0,669.0,100.0,669.0,100.0
real_001749.txt,3448.0,3448.0,100.0,3513.0,98.1497
tree_001749.txt,0.0,0.0,100.0,0.0,100.0
ba_001750.txt,283.0,N/A,N/A,283.0,100.0
er_001750.txt,499.0,499.0,100.0,499.0,100.0
grid_001750.txt,113.0,114.0,99.1228,113.0,100.0
real_001750.txt,8.0,8.0,100.0,8.0,100.0
ba_001751.txt,45.0,N/A,N/A,45.0,100.0
er_001751.txt,496.0,496.0,100.0,496.0,100.0
real_001751.txt,13.0,13.0,100.0,13.0,100.0
tree_001751.txt,0.0,0.0,100.0,0.0,100.0
ba_001752.txt,449.0,N/A,N/A,449.0,100.0
er_001752.txt,728.0,728.0,100.0,728.0,100.0
grid_001752.txt,114.0,114.0,100.0,114.0,100.0
real_001752.txt,8.0,8.0,100.0,8.0,100.0
ba_001753.txt,346.0,N/A,N/A,346.0,100.0
er_001753.txt,302.0,302.0,100.0,302.0,100.0
real_001753.txt,3216.0,3216.0,100.0,3428.0,93.8156
tree_001753.txt,0.0,0.0,100.0,0.0,100.0
ba_001754.txt,25.0,N/A,N/A,25.0,100.0
er_001754.txt,538.0,538.0,100.0,538.0,100.0
grid_001754.txt,552.0,553.0,99.8192,552.0,100.0
real_001754.txt,2134.0,2134.0,100.0,2283.0,93.4735
ba_001755.txt,383.0,N/A,N/A,383.0,100.0
er_001755.txt,401.0,401.0,100.0,401.0,100.0
real_001755.txt,2.0,2.0,100.0,2.0,100.0
tree_001755.txt,0.0,0.0,100.0,0.0,100.0
ba_001756.txt,307.0,N/A,N/A,307.0,100.0
er_001756.txt,264.0,264.0,100.0,265.0,99.6226
grid_001756.txt,214.0,214.0,100.0,214.0,100.0
real_001756.txt,1162.0,1162.0,100.0,1168.0,99.4863
ba_001757.txt,170.0,N/A,N/A,170.0,100.0
er_001757.txt,540.0,540.0,100.0,540.0,100.0
real_001757.txt,11.0,11.0,100.0,11.0,100.0
tree_001757.txt,0.0,0.0,100.0,0.0,100.0
ba_001758.txt,112.0,N/A,N/A,112.0,100.0
er_001758.txt,396.0,396.0,100.0,397.0,99.7481
grid_001758.txt,118.0,118.0,100.0,118.0,100.0
real_001758.txt,2.0,2.0,100.0,2.0,100.0
ba_001759.txt,416.0,N/A,N/A,416.0,100.0
er_001759.txt,290.0,290.0,100.0,298.0,97.3154
real_001759.txt,2998.0,2998.0,100.0,3086.0,97.1484
tree_001759.txt,0.0,0.0,100.0,0.0,100.0
ba_001760.txt,233.0,N/A,N/A,233.0,100.0
er_001760.txt,718.0,718.0,100.0,718.0,100.0
grid_001760.txt,197.0,198.0,99.4949,197.0,100.0
real_001760.txt,1097.0,1097.0,100.0,1097.0,100.0
ba_001761.txt,69.0,N/A,N/A,69.0,100.0
er_001761.txt,721.0,721.0,100.0,721.0,100.0
real_001761.txt,4.0,4.0,100.0,4.0,100.0
tree_001761.txt,0.0,0.0,100.0,0.0,100.0
ba_001762.txt,102.0,N/A,N/A,102.0,100.0
er_001762.txt,611.0,611.0,100.0,611.0,100.0
grid_001762.txt,403.0,404.0,99.7525,403.0,100.0
real_001762.txt,1.0,1.0,100.0,1.0,100.0
ba_001763.txt,132.0,N/A,N/A,132.0,100.0
er_001763.txt,111.0,111.0,100.0,111.0,100.0
real_001763.txt,4.0,4.0,100.0,4.0,100.0
tree_001763.txt,0.0,0.0,100.0,0.0,100.0
ba_001764.txt,204.0,N/A,N/A,204.0,100.0
er_001764.txt,481.0,481.0,100.0,481.0,100.0
grid_001764.txt,235.0,235.0,100.0,236.0,99.5763
real_001764.txt,2.0,2.0,100.0,2.0,100.0
ba_001765.txt,409.0,N/A,N/A,409.0,100.0
er_001765.txt,678.0,678.0,100.0,678.0,100.0
real_001765.txt,2.0,2.0,100.0,2.0,100.0
tree_001765.txt,0.0,0.0,100.0,0.0,100.0
ba_001766.txt,25.0,N/A,N/A,25.0,100.0
er_001766.txt,907.0,907.0,100.0,907.0,100.0
grid_001766.txt,268.0,268.0,100.0,268.0,100.0
real_001766.txt,1165.0,1165.0,100.0,1166.0,99.9142
ba_001767.txt,217.0,N/A,N/A,217.0,100.0
er_001767.txt,208.0,208.0,100.0,209.0,99.5215
real_001767.txt,9.0,9.0,100.0,9.0,100.0
tree_001767.txt,0.0,0.0,100.0,0.0,100.0
ba_001768.txt,104.0,N/A,N/A,104.0,100.0
er_001768.txt,446.0,446.0,100.0,446.0,100.0
grid_001768.txt,202.0,202.0,100.0,202.0,100.0
real_001768.txt,8.0,8.0,100.0,8.0,100.0
ba_001769.txt,690.0,N/A,N/A,690.0,100.0
er_001769.txt,495.0,495.0,100.0,495.0,100.0
real_001769.txt,13.0,13.0,100.0,13.0,100.0
tree_001769.txt,0.0,0.0,100.0,0.0,100.0
ba_001770.txt,128.0,N/A,N/A,128.0,100.0
er_001770.txt,260.0,260.0,100.0,263.0,98.8593
grid_001770.txt,355.0,357.0,99.4398,355.0,100.0
real_001770.txt,9.0,9.0,100.0,9.0,100.0
ba_001771.txt,221.0,N/A,N/A,221.0,100.0
er_001771.txt,143.0,143.0,100.0,143.0,100.0
real_001771.txt,10.0,10.0,100.0,10.0,100.0
tree_001771.txt,0.0,0.0,100.0,0.0,100.0
ba_001772.txt,166.0,N/A,N/A,166.0,100.0
er_001772.txt,717.0,717.0,100.0,717.0,100.0
grid_001772.txt,622.0,622.0,100.0,622.0,100.0
real_001772.txt,15.0,15.0,100.0,15.0,100.0
ba_001773.txt,705.0,N/A,N/A,705.0,100.0
er_001773.txt,521.0,521.0,100.0,521.0,100.0
real_001773.txt,2.0,2.0,100.0,2.0,100.0
tree_001773.txt,0.0,0.0,100.0,0.0,100.0
ba_001774.txt,565.0,N/A,N/A,565.0,100.0
er_001774.txt,438.0,438.0,100.0,438.0,100.0
grid_001774.txt,753.0,753.0,100.0,754.0,99.8674
real_001774.txt,1.0,1.0,100.0,1.0,100.0
ba_001775.txt,89.0,N/A,N/A,89.0,100.0
er_001775.txt,806.0,806.0,100.0,806.0,100.0
real_001775.txt,13.0,13.0,100.0,13.0,100.0
tree_001775.txt,0.0,0.0,100.0,0.0,100.0
ba_001776.txt,54.0,N/A,N/A,54.0,100.0
er_001776.txt,463.0,463.0,100.0,463.0,100.0
grid_001776.txt,402.0,402.0,100.0,403.0,99.7519
real_001776.txt,1.0,1.0,100.0,1.0,100.0
ba_001777.txt,200.0,N/A,N/A,200.0,100.0
er_001777.txt,201.0,201.0,100.0,202.0,99.505
real_001777.txt,1.0,1.0,100.0,1.0,100.0
tree_001777.txt,0.0,0.0,100.0,0.0,100.0
ba_001778.txt,114.0,N/A,N/A,114.0,100.0
er_001778.txt,858.0,858.0,100.0,858.0,100.0
grid_001778.txt,91.0,92.0,98.913,91.0,100.0
real_001778.txt,7.0,7.0,100.0,7.0,100.0
ba_001779.txt,326.0,N/A,N/A,326.0,100.0
er_001779.txt,509.0,509.0,100.0,509.0,100.0
real_001779.txt,1106.0,1115.0,99.1928,1106.0,100.0
tree_001779.txt,0.0,0.0,100.0,0.0,100.0
ba_001780.txt,55.0,N/A,N/A,55.0,100.0
er_001780.txt,159.0,159.0,100.0,159.0,100.0
grid_001780.txt,300.0,300.0,100.0,300.0,100.0
real_001780.txt,7.0,7.0,100.0,7.0,100.0
ba_001781.txt,203.0,N/A,N/A,203.0,100.0
er_001781.txt,577.0,577.0,100.0,577.0,100.0
real_001781.txt,894.0,910.0,98.2418,894.0,100.0
tree_001781.txt,0.0,0.0,100.0,0.0,100.0
ba_001782.txt,205.0,N/A,N/A,205.0,100.0
er_001782.txt,209.0,209.0,100.0,211.0,99.0521
grid_001782.txt,344.0,346.0,99.422,344.0,100.0
real_001782.txt,11.0,11.0,100.0,11.0,100.0
ba_001783.txt,63.0,N/A,N/A,63.0,100.0
er_001783.txt,251.0,251.0,100.0,255.0,98.4314
real_001783.txt,8.0,8.0,100.0,8.0,100.0
tree_001783.txt,0.0,0.0,100.0,0.0,100.0
ba_001784.txt,123.0,N/A,N/A,123.0,100.0
er_001784.txt,579.0,579.0,100.0,579.0,100.0
grid_001784.txt,399.0,401.0,99.5012,399.0,100.0
real_001784.txt,13.0,13.0,100.0,13.0,100.0
ba_001785.txt,302.0,N/A,N/A,302.0,100.0
er_001785.txt,506.0,506.0,100.0,506.0,100.0
real_001785.txt,9.0,9.0,100.0,9.0,100.0
tree_001785.txt,0.0,0.0,100.0,0.0,100.0
ba_001786.txt,386.0,N/A,N/A,386.0,100.0
er_001786.txt,101.0,101.0,100.0,101.0,100.0
grid_001786.txt,145.0,145.0,100.0,145.0,100.0
real_001786.txt,2.0,2.0,100.0,2.0,100.0
ba_001787.txt,60.0,N/A,N/A,60.0,100.0
er_001787.txt,663.0,663.0,100.0,663.0,100.0
real_001787.txt,1581.0,1581.0,100.0,1600.0,98.8125
tree_001787.txt,0.0,0.0,100.0,0.0,100.0
ba_001788.txt,295.0,N/A,N/A,295.0,100.0
er_001788.txt,437.0,437.0,100.0,437.0,100.0
grid_001788.txt,498.0,498.0,100.0,500.0,99.6
real_001788.txt,4.0,4.0,100.0,4.0,100.0
ba_001789.txt,57.0,N/A,N/A,57.0,100.0
er_001789.txt,389.0,389.0,100.0,389.0,100.0
real_001789.txt,7.0,7.0,100.0,7.0,100.0
tree_001789.txt,0.0,0.0,100.0,0.0,100.0
ba_001790.txt,297.0,N/A,N/A,297.0,100.0
er_001790.txt,18.0,18.0,100.0,18.0,100.0
grid_001790.txt,557.0,557.0,100.0,558.0,99.8208
real_001790.txt,2080.0,2080.0,100.0,2192.0,94.8905
ba_001791.txt,372.0,N/A,N/A,372.0,100.0
er_001791.txt,600.0,600.0,100.0,600.0,100.0
real_001791.txt,133.0,133.0,100.0,135.0,98.5185
tree_001791.txt,0.0,0.0,100.0,0.0,100.0
ba_001792.txt,609.0,N/A,N/A,609.0,100.0
er_001792.txt,910.0,910.0,100.0,910.0,100.0
grid_001792.txt,310.0,311.0,99.6785,310.0,100.0
real_001792.txt,1.0,1.0,100.0,1.0,100.0
ba_001793.txt,59.0,N/A,N/A,59.0,100.0
er_001793.txt,282.0,282.0,100.0,282.0,100.0
real_001793.txt,2.0,2.0,100.0,2.0,100.0
tree_001793.txt,0.0,0.0,100.0,0.0,100.0
ba_001794.txt,29.0,N/A,N/A,29.0,100.0
er_001794.txt,51.0,51.0,100.0,51.0,100.0
grid_001794.txt,299.0,299.0,100.0,299.0,100.0
real_001794.txt,29.0,29.0,100.0,29.0,100.0
ba_001795.txt,76.0,N/A,N/A,76.0,100.0
er_001795.txt,696.0,696.0,100.0,696.0,100.0
real_001795.txt,1.0,1.0,100.0,1.0,100.0
tree_001795.txt,0.0,0.0,100.0,0.0,100.0
ba_001796.txt,39.0,N/A,N/A,39.0,100.0
er_001796.txt,448.0,448.0,100.0,448.0,100.0
grid_001796.txt,195.0,195.0,100.0,195.0,100.0
real_001796.txt,2136.0,2136.0,100.0,2217.0,96.3464
ba_001797.txt,534.0,N/A,N/A,534.0,100.0
er_001797.txt,250.0,250.0,100.0,253.0,98.8142
real_001797.txt,8.0,8.0,100.0,8.0,100.0
tree_001797.txt,0.0,0.0,100.0,0.0,100.0
ba_001798.txt,270.0,N/A,N/A,270.0,100.0
er_001798.txt,189.0,189.0,100.0,189.0,100.0
grid_001798.txt,277.0,277.0,100.0,277.0,100.0
real_001798.txt,9.0,9.0,100.0,9.0,100.0
ba_001799.txt,456.0,N/A,N/A,456.0,100.0
er_001799.txt,393.0,393.0,100.0,393.0,100.0
real_001799.txt,13.0,13.0,100.0,13.0,100.0
tree_001799.txt,0.0,0.0,100.0,0.0,100.0
ba_001800.txt,531.0,N/A,N/A,531.0,100.0
er_001800.txt,37.0,37.0,100.0,38.0,97.3684
grid_001800.txt,148.0,148.0,100.0,148.0,100.0
real_001800.txt,1.0,1.0,100.0,1.0,100.0
ba_001801.txt,663.0,N/A,N/A,663.0,100.0
er_001801.txt,272.0,272.0,100.0,274.0,99.2701
real_001801.txt,29.0,29.0,100.0,29.0,100.0
tree_001801.txt,0.0,0.0,100.0,0.0,100.0
ba_001802.txt,269.0,N/A,N/A,269.0,100.0
er_001802.txt,716.0,716.0,100.0,716.0,100.0
grid_001802.txt,565.0,565.0,100.0,565.0,100.0
real_001802.txt,1.0,1.0,100.0,1.0,100.0
ba_001803.txt,76.0,N/A,N/A,76.0,100.0
er_001803.txt,291.0,291.0,100.0,294.0,98.9796
real_001803.txt,9.0,9.0,100.0,9.0,100.0
tree_001803.txt,0.0,0.0,100.0,0.0,100.0
ba_001804.txt,265.0,N/A,N/A,265.0,100.0
er_001804.txt,109.0,109.0,100.0,109.0,100.0
grid_001804.txt,719.0,719.0,100.0,720.0,99.8611
real_001804.txt,11.0,11.0,100.0,11.0,100.0
ba_001805.txt,325.0,N/A,N/A,325.0,100.0
er_001805.txt,566.0,566.0,100.0,566.0,100.0
real_001805.txt,11.0,11.0,100.0,11.0,100.0
tree_001805.txt,0.0,0.0,100.0,0.0,100.0
ba_001806.txt,103.0,N/A,N/A,103.0,100.0
er_001806.txt,570.0,570.0,100.0,570.0,100.0
grid_001806.txt,225.0,225.0,100.0,226.0,99.5575
real_001806.txt,1.0,1.0,100.0,1.0,100.0
ba_001807.txt,197.0,N/A,N/A,197.0,100.0
er_001807.txt,704.0,704.0,100.0,704.0,100.0
real_001807.txt,9.0,9.0,100.0,9.0,100.0
tree_001807.txt,0.0,0.0,100.0,0.0,100.0
ba_001808.txt,234.0,N/A,N/A,234.0,100.0
er_001808.txt,265.0,265.0,100.0,265.0,100.0
grid_001808.txt,279.0,281.0,99.2883,279.0,100.0
real_001808.txt,2.0,2.0,100.0,2.0,100.0
ba_001809.txt,75.0,N/A,N/A,75.0,100.0
er_001809.txt,380.0,380.0,100.0,380.0,100.0
real_001809.txt,1.0,1.0,100.0,1.0,100.0
tree_001809.txt,0.0,0.0,100.0,0.0,100.0
ba_001810.txt,60.0,N/A,N/A,60.0,100.0
er_001810.txt,435.0,435.0,100.0,435.0,100.0
grid_001810.txt,180.0,181.0,99.4475,180.0,100.0
real_001810.txt,10.0,10.0,100.0,10.0,100.0
ba_001811.txt,103.0,N/A,N/A,103.0,100.0
er_001811.txt,515.0,515.0,100.0,516.0,99.8062
real_001811.txt,1659.0,1659.0,100.0,1678.0,98.8677
tree_001811.txt,0.0,0.0,100.0,0.0,100.0
ba_001812.txt,99.0,N/A,N/A,99.0,100.0
er_001812.txt,865.0,865.0,100.0,865.0,100.0
grid_001812.txt,226.0,226.0,100.0,226.0,100.0
real_001812.txt,3315.0,3315.0,100.0,3428.0,96.7036
ba_001813.txt,204.0,N/A,N/A,204.0,100.0
er_001813.txt,554.0,554.0,100.0,554.0,100.0
real_001813.txt,29.0,29.0,100.0,29.0,100.0
tree_001813.txt,0.0,0.0,100.0,0.0,100.0
ba_001814.txt,567.0,N/A,N/A,567.0,100.0
er_001814.txt,403.0,403.0,100.0,403.0,100.0
grid_001814.txt,97.0,97.0,100.0,97.0,100.0
real_001814.txt,15.0,15.0,100.0,15.0,100.0
ba_001815.txt,17.0,N/A,N/A,17.0,100.0
er_001815.txt,276.0,276.0,100.0,276.0,100.0
real_001815.txt,11.0,11.0,100.0,11.0,100.0
tree_001815.txt,0.0,0.0,100.0,0.0,100.0
ba_001816.txt,561.0,N/A,N/A,561.0,100.0
er_001816.txt,759.0,759.0,100.0,759.0,100.0
grid_001816.txt,224.0,225.0,99.5556,224.0,100.0
real_001816.txt,13.0,13.0,100.0,13.0,100.0
ba_001817.txt,503.0,N/A,N/A,503.0,100.0
er_001817.txt,35.0,35.0,100.0,35.0,100.0
real_001817.txt,4.0,4.0,100.0,4.0,100.0
tree_001817.txt,0.0,0.0,100.0,0.0,100.0
ba_001818.txt,54.0,N/A,N/A,54.0,100.0
er_001818.txt,368.0,368.0,100.0,368.0,100.0
grid_001818.txt,494.0,494.0,100.0,496.0,99.5968
real_001818.txt,954.0,954.0,100.0,960.0,99.375
ba_001819.txt,216.0,N/A,N/A,216.0,100.0
er_001819.txt,377.0,377.0,100.0,377.0,100.0
real_001819.txt,8.0,8.0,100.0,8.0,100.0
tree_001819.txt,0.0,0.0,100.0,0.0,100.0
ba_001820.txt,30.0,N/A,N/A,30.0,100.0
er_001820.txt,479.0,479.0,100.0,479.0,100.0
grid_001820.txt,108.0,109.0,99.0826,108.0,100.0
real_001820.txt,11.0,11.0,100.0,11.0,100.0
ba_001821.txt,122.0,N/A,N/A,122.0,100.0
er_001821.txt,847.0,847.0,100.0,847.0,100.0
real_001821.txt,1.0,1.0,100.0,1.0,100.0
tree_001821.txt,0.0,0.0,100.0,0.0,100.0
ba_001822.txt,580.0,N/A,N/A,580.0,100.0
er_001822.txt,379.0,379.0,100.0,379.0,100.0
grid_001822.txt,90.0,91.0,98.9011,90.0,100.0
real_001822.txt,1.0,1.0,100.0,1.0,100.0
ba_001823.txt,59.0,N/A,N/A,59.0,100.0
er_001823.txt,179.0,179.0,100.0,179.0,100.0
real_001823.txt,9.0,9.0,100.0,9.0,100.0
tree_001823.txt,0.0,0.0,100.0,0.0,100.0
ba_001824.txt,107.0,N/A,N/A,107.0,100.0
er_001824.txt,276.0,276.0,100.0,276.0,100.0
grid_001824.txt,148.0,148.0,100.0,148.0,100.0
real_001824.txt,2.0,2.0,100.0,2.0,100.0
ba_001825.txt,73.0,N/A,N/A,73.0,100.0
er_001825.txt,136.0,136.0,100.0,136.0,100.0
real_001825.txt,13.0,13.0,100.0,13.0,100.0
tree_001825.txt,0.0,0.0,100.0,0.0,100.0
ba_001826.txt,233.0,N/A,N/A,233.0,100.0
er_001826.txt,837.0,837.0,100.0,837.0,100.0
grid_001826.txt,156.0,156.0,100.0,157.0,99.3631
real_001826.txt,2633.0,2732.0,96.3763,2633.0,100.0
ba_001827.txt,137.0,N/A,N/A,137.0,100.0
er_001827.txt,252.0,252.0,100.0,254.0,99.2126
real_001827.txt,4.0,4.0,100.0,4.0,100.0
tree_001827.txt,0.0,0.0,100.0,0.0,100.0
ba_001828.txt,21.0,N/A,N/A,21.0,100.0
er_001828.txt,581.0,581.0,100.0,581.0,100.0
grid_001828.txt,221.0,221.0,100.0,221.0,100.0
real_001828.txt,1.0,1.0,100.0,1.0,100.0
ba_001829.txt,569.0,N/A,N/A,569.0,100.0
er_001829.txt,478.0,478.0,100.0,478.0,100.0
real_001829.txt,2.0,2.0,100.0,2.0,100.0
tree_001829.txt,0.0,0.0,100.0,0.0,100.0
ba_001830.txt,195.0,N/A,N/A,195.0,100.0
er_001830.txt,422.0,422.0,100.0,422.0,100.0
grid_001830.txt,306.0,306.0,100.0,307.0,99.6743
real_001830.txt,2.0,2.0,100.0,2.0,100.0
ba_001831.txt,238.0,N/A,N/A,238.0,100.0
er_001831.txt,388.0,388.0,100.0,388.0,100.0
real_001831.txt,1.0,1.0,100.0,1.0,100.0
tree_001831.txt,0.0,0.0,100.0,0.0,100.0
ba_001832.txt,582.0,N/A,N/A,582.0,100.0
er_001832.txt,158.0,158.0,100.0,158.0,100.0
grid_001832.txt,379.0,379.0,100.0,379.0,100.0
real_001832.txt,13.0,13.0,100.0,13.0,100.0
ba_001833.txt,401.0,N/A,N/A,401.0,100.0
er_001833.txt,278.0,278.0,100.0,281.0,98.9324
real_001833.txt,10.0,10.0,100.0,10.0,100.0
tree_001833.txt,0.0,0.0,100.0,0.0,100.0
ba_001834.txt,286.0,N/A,N/A,286.0,100.0
er_001834.txt,83.0,83.0,100.0,83.0,100.0
grid_001834.txt,473.0,473.0,100.0,474.0,99.789
real_001834.txt,15.0,15.0,100.0,15.0,100.0
ba_001835.txt,179.0,N/A,N/A,179.0,100.0
er_001835.txt,250.0,250.0,100.0,250.0,100.0
real_001835.txt,1300.0,1311.0,99.1609,1300.0,100.0
tree_001835.txt,0.0,0.0,100.0,0.0,100.0
ba_001836.txt,212.0,N/A,N/A,212.0,100.0
er_001836.txt,771.0,771.0,100.0,771.0,100.0
grid_001836.txt,130.0,130.0,100.0,130.0,100.0
real_001836.txt,541.0,541.0,100.0,554.0,97.6534
ba_001837.txt,324.0,N/A,N/A,324.0,100.0
er_001837.txt,591.0,591.0,100.0,591.0,100.0
real_001837.txt,8.0,8.0,100.0,8.0,100.0
tree_001837.txt,0.0,0.0,100.0,0.0,100.0
ba_001838.txt,479.0,N/A,N/A,479.0,100.0
er_001838.txt,800.0,800.0,100.0,800.0,100.0
grid_001838.txt,220.0,220.0,100.0,220.0,100.0
real_001838.txt,1065.0,1065.0,100.0,1066.0,99.9062
ba_001839.txt,551.0,N/A,N/A,551.0,100.0
er_001839.txt,807.0,807.0,100.0,807.0,100.0
real_001839.txt,7.0,7.0,100.0,7.0,100.0
tree_001839.txt,0.0,0.0,100.0,0.0,100.0
ba_001840.txt,468.0,N/A,N/A,468.0,100.0
er_001840.txt,641.0,641.0,100.0,641.0,100.0
grid_001840.txt,314.0,314.0,100.0,314.0,100.0
real_001840.txt,15.0,15.0,100.0,15.0,100.0
ba_001841.txt,186.0,N/A,N/A,186.0,100.0
er_001841.txt,269.0,269.0,100.0,272.0,98.8971
real_001841.txt,4.0,4.0,100.0,4.0,100.0
tree_001841.txt,0.0,0.0,100.0,0.0,100.0
ba_001842.txt,158.0,N/A,N/A,158.0,100.0
er_001842.txt,102.0,102.0,100.0,102.0,100.0
grid_001842.txt,685.0,687.0,99.7089,685.0,100.0
real_001842.txt,2.0,2.0,100.0,2.0,100.0
ba_001843.txt,240.0,N/A,N/A,240.0,100.0
er_001843.txt,88.0,88.0,100.0,88.0,100.0
real_001843.txt,691.0,691.0,100.0,691.0,100.0
tree_001843.txt,0.0,0.0,100.0,0.0,100.0
ba_001844.txt,221.0,N/A,N/A,221.0,100.0
er_001844.txt,27.0,27.0,100.0,27.0,100.0
grid_001844.txt,198.0,198.0,100.0,198.0,100.0
real_001844.txt,15.0,15.0,100.0,15.0,100.0
ba_001845.txt,196.0,N/A,N/A,196.0,100.0
er_001845.txt,59.0,59.0,100.0,59.0,100.0
real_001845.txt,9.0,9.0,100.0,9.0,100.0
tree_001845.txt,0.0,0.0,100.0,0.0,100.0
ba_001846.txt,62.0,N/A,N/A,62.0,100.0
er_001846.txt,146.0,146.0,100.0,146.0,100.0
grid_001846.txt,318.0,318.0,100.0,318.0,100.0
real_001846.txt,2.0,2.0,100.0,2.0,100.0
ba_001847.txt,348.0,N/A,N/A,348.0,100.0
er_001847.txt,739.0,739.0,100.0,739.0,100.0
real_001847.txt,10.0,10.0,100.0,10.0,100.0
tree_001847.txt,0.0,0.0,100.0,0.0,100.0
ba_001848.txt,367.0,N/A,N/A,367.0,100.0
er_001848.txt,786.0,786.0,100.0,786.0,100.0
grid_001848.txt,162.0,162.0,100.0,163.0,99.3865
real_001848.txt,15.0,15.0,100.0,15.0,100.0
ba_001849.txt,97.0,N/A,N/A,97.0,100.0
er_001849.txt,96.0,96.0,100.0,96.0,100.0
real_001849.txt,784.0,784.0,100.0,786.0,99.7455
tree_001849.txt,0.0,0.0,100.0,0.0,100.0
ba_001850.txt,111.0,N/A,N/A,111.0,100.0
er_001850.txt,768.0,768.0,100.0,768.0,100.0
grid_001850.txt,260.0,261.0,99.6169,260.0,100.0
real_001850.txt,8.0,8.0,100.0,8.0,100.0
ba_001851.txt,526.0,N/A,N/A,526.0,100.0
er_001851.txt,698.0,698.0,100.0,698.0,100.0
real_001851.txt,2.0,2.0,100.0,2.0,100.0
tree_001851.txt,0.0,0.0,100.0,0.0,100.0
ba_001852.txt,147.0,N/A,N/A,147.0,100.0
er_001852.txt,85.0,85.0,100.0,87.0,97.7011
grid_001852.txt,228.0,229.0,99.5633,228.0,100.0
real_001852.txt,7.0,7.0,100.0,7.0,100.0
ba_001853.txt,340.0,N/A,N/A,340.0,100.0
er_001853.txt,838.0,838.0,100.0,838.0,100.0
real_001853.txt,29.0,29.0,100.0,29.0,100.0
tree_001853.txt,0.0,0.0,100.0,0.0,100.0
ba_001854.txt,283.0,N/A,N/A,283.0,100.0
er_001854.txt,627.0,627.0,100.0,627.0,100.0
grid_001854.txt,282.0,282.0,100.0,283.0,99.6466
real_001854.txt,13.0,13.0,100.0,13.0,100.0
ba_001855.txt,546.0,N/A,N/A,546.0,100.0
er_001855.txt,141.0,141.0,100.0,141.0,100.0
real_001855.txt,1917.0,1917.0,100.0,1921.0,99.7918
tree_001855.txt,0.0,0.0,100.0,0.0,100.0
ba_001856.txt,74.0,N/A,N/A,74.0,100.0
er_001856.txt,857.0,857.0,100.0,857.0,100.0
grid_001856.txt,461.0,461.0,100.0,461.0,100.0
real_001856.txt,7.0,7.0,100.0,7.0,100.0
ba_001857.txt,329.0,N/A,N/A,329.0,100.0
er_001857.txt,520.0,520.0,100.0,520.0,100.0
real_001857.txt,1228.0,1228.0,100.0,1235.0,99.4332
tree_001857.txt,0.0,0.0,100.0,0.0,100.0
ba_001858.txt,143.0,N/A,N/A,143.0,100.0
er_001858.txt,238.0,238.0,100.0,240.0,99.1667
grid_001858.txt,176.0,177.0,99.435,176.0,100.0
real_001858.txt,1314.0,1314.0,100.0,1319.0,99.6209
ba_001859.txt,311.0,N/A,N/A,311.0,100.0
er_001859.txt,275.0,275.0,100.0,278.0,98.9209
real_001859.txt,960.0,960.0,100.0,976.0,98.3607
tree_001859.txt,0.0,0.0,100.0,0.0,100.0
ba_001860.txt,152.0,N/A,N/A,152.0,100.0
er_001860.txt,273.0,273.0,100.0,273.0,100.0
grid_001860.txt,119.0,119.0,100.0,120.0,99.1667
real_001860.txt,2.0,2.0,100.0,2.0,100.0
ba_001861.txt,232.0,N/A,N/A,232.0,100.0
er_001861.txt,571.0,571.0,100.0,571.0,100.0
real_001861.txt,2.0,2.0,100.0,2.0,100.0
tree_001861.txt,0.0,0.0,100.0,0.0,100.0
ba_001862.txt,641.0,N/A,N/A,641.0,100.0
er_001862.txt,604.0,604.0,100.0,604.0,100.0
grid_001862.txt,400.0,401.0,99.7506,400.0,100.0
real_001862.txt,276.0,276.0,100.0,289.0,95.5017
ba_001863.txt,103.0,N/A,N/A,103.0,100.0
er_001863.txt,719.0,719.0,100.0,719.0,100.0
real_001863.txt,565.0,565.0,100.0,570.0,99.1228
tree_001863.txt,0.0,0.0,100.0,0.0,100.0
ba_001864.txt,427.0,N/A,N/A,427.0,100.0
er_001864.txt,647.0,647.0,100.0,647.0,100.0
grid_001864.txt,71.0,71.0,100.0,72.0,98.6111
real_001864.txt,7.0,7.0,100.0,7.0,100.0
ba_001865.txt,516.0,N/A,N/A,516.0,100.0
er_001865.txt,317.0,317.0,100.0,319.0,99.373
real_001865.txt,2.0,2.0,100.0,2.0,100.0
tree_001865.txt,0.0,0.0,100.0,0.0,100.0
ba_001866.txt,216.0,N/A,N/A,216.0,100.0
er_001866.txt,506.0,506.0,100.0,506.0,100.0
grid_001866.txt,192.0,192.0,100.0,192.0,100.0
real_001866.txt,1178.0,1183.0,99.5773,1178.0,100.0
ba_001867.txt,674.0,N/A,N/A,674.0,100.0
er_001867.txt,447.0,447.0,100.0,447.0,100.0
real_001867.txt,8.0,8.0,100.0,8.0,100.0
tree_001867.txt,0.0,0.0,100.0,0.0,100.0
ba_001868.txt,562.0,N/A,N/A,562.0,100.0
er_001868.txt,365.0,365.0,100.0,365.0,100.0
grid_001868.txt,358.0,358.0,100.0,358.0,100.0
real_001868.txt,2971.0,3071.0,96.7437,2971.0,100.0
ba_001869.txt,137.0,N/A,N/A,137.0,100.0
er_001869.txt,434.0,434.0,100.0,434.0,100.0
real_001869.txt,9.0,9.0,100.0,9.0,100.0
tree_001869.txt,0.0,0.0,100.0,0.0,100.0
ba_001870.txt,88.0,N/A,N/A,88.0,100.0
er_001870.txt,619.0,619.0,100.0,619.0,100.0
grid_001870.txt,114.0,115.0,99.1304,114.0,100.0
real_001870.txt,1397.0,1397.0,100.0,1406.0,99.3599
ba_001871.txt,655.0,N/A,N/A,655.0,100.0
er_001871.txt,796.0,796.0,100.0,796.0,100.0
real_001871.txt,3184.0,3275.0,97.2214,3184.0,100.0
tree_001871.txt,0.0,0.0,100.0,0.0,100.0
ba_001872.txt,142.0,N/A,N/A,142.0,100.0
er_001872.txt,918.0,918.0,100.0,919.0,99.8912
grid_001872.txt,339.0,339.0,100.0,339.0,100.0
real_001872.txt,2.0,2.0,100.0,2.0,100.0
ba_001873.txt,446.0,N/A,N/A,446.0,100.0
er_001873.txt,86.0,86.0,100.0,86.0,100.0
real_001873.txt,4.0,4.0,100.0,4.0,100.0
tree_001873.txt,0.0,0.0,100.0,0.0,100.0
ba_001874.txt,68.0,N/A,N/A,68.0,100.0
er_001874.txt,750.0,750.0,100.0,750.0,100.0
grid_001874.txt,587.0,588.0,99.8299,587.0,100.0
real_001874.txt,1763.0,1779.0,99.1006,1763.0,100.0
ba_001875.txt,28.0,N/A,N/A,28.0,100.0
er_001875.txt,907.0,907.0,100.0,907.0,100.0
real_001875.txt,927.0,927.0,100.0,927.0,100.0
tree_001875.txt,0.0,0.0,100.0,0.0,100.0
ba_001876.txt,108.0,N/A,N/A,108.0,100.0
er_001876.txt,316.0,316.0,100.0,316.0,100.0
grid_001876.txt,375.0,375.0,100.0,375.0,100.0
real_001876.txt,1.0,1.0,100.0,1.0,100.0
ba_001877.txt,530.0,N/A,N/A,530.0,100.0
er_001877.txt,127.0,127.0,100.0,127.0,100.0
real_001877.txt,9.0,9.0,100.0,9.0,100.0
tree_001877.txt,0.0,0.0,100.0,0.0,100.0
ba_001878.txt,279.0,N/A,N/A,279.0,100.0
er_001878.txt,540.0,540.0,100.0,540.0,100.0
grid_001878.txt,121.0,121.0,100.0,121.0,100.0
real_001878.txt,2.0,2.0,100.0,2.0,100.0
ba_001879.txt,143.0,N/A,N/A,143.0,100.0
er_001879.txt,467.0,467.0,100.0,467.0,100.0
real_001879.txt,2959.0,3039.0,97.3676,2959.0,100.0
tree_001879.txt,0.0,0.0,100.0,0.0,100.0
ba_001880.txt,254.0,N/A,N/A,254.0,100.0
er_001880.txt,817.0,817.0,100.0,817.0,100.0
grid_001880.txt,235.0,237.0,99.1561,235.0,100.0
real_001880.txt,8.0,8.0,100.0,8.0,100.0
ba_001881.txt,245.0,N/A,N/A,245.0,100.0
er_001881.txt,913.0,913.0,100.0,915.0,99.7814
real_001881.txt,924.0,924.0,100.0,943.0,97.9852
tree_001881.txt,0.0,0.0,100.0,0.0,100.0
ba_001882.txt,225.0,N/A,N/A,225.0,100.0
er_001882.txt,261.0,261.0,100.0,261.0,100.0
grid_001882.txt,152.0,153.0,99.3464,152.0,100.0
real_001882.txt,15.0,15.0,100.0,15.0,100.0
ba_001883.txt,499.0,N/A,N/A,499.0,100.0
er_001883.txt,90.0,90.0,100.0,90.0,100.0
real_001883.txt,630.0,630.0,100.0,635.0,99.2126
tree_001883.txt,0.0,0.0,100.0,0.0,100.0
ba_001884.txt,303.0,N/A,N/A,303.0,100.0
er_001884.txt,73.0,73.0,100.0,73.0,100.0
grid_001884.txt,129.0,129.0,100.0,129.0,100.0
real_001884.txt,29.0,29.0,100.0,29.0,100.0
ba_001885.txt,405.0,N/A,N/A,405.0,100.0
er_001885.txt,129.0,129.0,100.0,129.0,100.0
real_001885.txt,4.0,4.0,100.0,4.0,100.0
tree_001885.txt,0.0,0.0,100.0,0.0,100.0
ba_001886.txt,145.0,N/A,N/A,145.0,100.0
er_001886.txt,856.0,856.0,100.0,856.0,100.0
grid_001886.txt,288.0,288.0,100.0,290.0,99.3103
real_001886.txt,29.0,29.0,100.0,29.0,100.0
ba_001887.txt,480.0,N/A,N/A,480.0,100.0
er_001887.txt,408.0,408.0,100.0,408.0,100.0
real_001887.txt,1397.0,1397.0,100.0,1406.0,99.3599
tree_001887.txt,0.0,0.0,100.0,0.0,100.0
ba_001888.txt,398.0,N/A,N/A,398.0,100.0
er_001888.txt,190.0,190.0,100.0,191.0,99.4764
grid_001888.txt,183.0,183.0,100.0,183.0,100.0
real_001888.txt,15.0,15.0,100.0,15.0,100.0
ba_001889.txt,326.0,N/A,N/A,326.0,100.0
er_001889.txt,295.0,295.0,100.0,295.0,100.0
real_001889.txt,15.0,15.0,100.0,15.0,100.0
tree_001889.txt,0.0,0.0,100.0,0.0,100.0
ba_001890.txt,637.0,N/A,N/A,637.0,100.0
er_001890.txt,19.0,19.0,100.0,19.0,100.0
grid_001890.txt,393.0,393.0,100.0,393.0,100.0
real_001890.txt,8.0,8.0,100.0,8.0,100.0
ba_001891.txt,49.0,N/A,N/A,49.0,100.0
er_001891.txt,156.0,156.0,100.0,156.0,100.0
real_001891.txt,1.0,1.0,100.0,1.0,100.0
tree_001891.txt,0.0,0.0,100.0,0.0,100.0
ba_001892.txt,307.0,N/A,N/A,307.0,100.0
er_001892.txt,492.0,492.0,100.0,492.0,100.0
grid_001892.txt,229.0,230.0,99.5652,229.0,100.0
real_001892.txt,4.0,4.0,100.0,4.0,100.0
ba_001893.txt,209.0,N/A,N/A,209.0,100.0
er_001893.txt,66.0,66.0,100.0,66.0,100.0
real_001893.txt,1397.0,1397.0,100.0,1406.0,99.3599
tree_001893.txt,0.0,0.0,100.0,0.0,100.0
ba_001894.txt,151.0,N/A,N/A,151.0,100.0
er_001894.txt,471.0,471.0,100.0,471.0,100.0
grid_001894.txt,250.0,250.0,100.0,250.0,100.0
real_001894.txt,3886.0,3976.0,97.7364,3886.0,100.0
ba_001895.txt,541.0,N/A,N/A,541.0,100.0
er_001895.txt,943.0,943.0,100.0,943.0,100.0
real_001895.txt,1632.0,1632.0,100.0,1666.0,97.9592
tree_001895.txt,0.0,0.0,100.0,0.0,100.0
ba_001896.txt,152.0,N/A,N/A,152.0,100.0
er_001896.txt,23.0,23.0,100.0,23.0,100.0
grid_001896.txt,189.0,189.0,100.0,189.0,100.0
real_001896.txt,3383.0,3392.0,99.7347,3383.0,100.0
ba_001897.txt,182.0,N/A,N/A,182.0,100.0
er_001897.txt,30.0,30.0,100.0,31.0,96.7742
real_001897.txt,1545.0,1570.0,98.4076,1545.0,100.0
tree_001897.txt,0.0,0.0,100.0,0.0,100.0
ba_001898.txt,375.0,N/A,N/A,375.0,100.0
er_001898.txt,571.0,571.0,100.0,571.0,100.0
grid_001898.txt,392.0,393.0,99.7455,392.0,100.0
real_001898.txt,1.0,1.0,100.0,1.0,100.0
ba_001899.txt,285.0,N/A,N/A,285.0,100.0
er_001899.txt,683.0,683.0,100.0,683.0,100.0
real_001899.txt,1.0,1.0,100.0,1.0,100.0
tree_001899.txt,0.0,0.0,100.0,0.0,100.0
ba_001900.txt,178.0,N/A,N/A,178.0,100.0
er_001900.txt,778.0,778.0,100.0,778.0,100.0
grid_001900.txt,202.0,202.0,100.0,202.0,100.0
real_001900.txt,111.0,111.0,100.0,113.0,98.2301
ba_001901.txt,26.0,N/A,N/A,26.0,100.0
er_001901.txt,286.0,286.0,100.0,290.0,98.6207
real_001901.txt,9.0,9.0,100.0,9.0,100.0
tree_001901.txt,0.0,0.0,100.0,0.0,100.0
ba_001902.txt,130.0,N/A,N/A,130.0,100.0
er_001902.txt,53.0,53.0,100.0,53.0,100.0
grid_001902.txt,463.0,463.0,100.0,463.0,100.0
real_001902.txt,13.0,13.0,100.0,13.0,100.0
ba_001903.txt,198.0,N/A,N/A,198.0,100.0
er_001903.txt,329.0,329.0,100.0,330.0,99.697
real_001903.txt,11.0,11.0,100.0,11.0,100.0
tree_001903.txt,0.0,0.0,100.0,0.0,100.0
ba_001904.txt,453.0,N/A,N/A,453.0,100.0
er_001904.txt,307.0,307.0,100.0,307.0,100.0
grid_001904.txt,96.0,97.0,98.9691,96.0,100.0
real_001904.txt,3155.0,3170.0,99.5268,3155.0,100.0
ba_001905.txt,39.0,N/A,N/A,39.0,100.0
er_001905.txt,678.0,678.0,100.0,679.0,99.8527
real_001905.txt,1039.0,1039.0,100.0,1043.0,99.6165
tree_001905.txt,0.0,0.0,100.0,0.0,100.0
ba_001906.txt,89.0,N/A,N/A,89.0,100.0
er_001906.txt,91.0,91.0,100.0,91.0,100.0
grid_001906.txt,281.0,281.0,100.0,282.0,99.6454
real_001906.txt,9.0,9.0,100.0,9.0,100.0
ba_001907.txt,429.0,N/A,N/A,429.0,100.0
er_001907.txt,231.0,231.0,100.0,231.0,100.0
real_001907.txt,112.0,113.0,99.115,112.0,100.0
tree_001907.txt,0.0,0.0,100.0,0.0,100.0
ba_001908.txt,177.0,N/A,N/A,177.0,100.0
er_001908.txt,77.0,77.0,100.0,77.0,100.0
grid_001908.txt,203.0,204.0,99.5098,203.0,100.0
real_001908.txt,9.0,9.0,100.0,9.0,100.0
ba_001909.txt,457.0,N/A,N/A,457.0,100.0
er_001909.txt,294.0,294.0,100.0,298.0,98.6577
real_001909.txt,8.0,8.0,100.0,8.0,100.0
tree_001909.txt,0.0,0.0,100.0,0.0,100.0
ba_001910.txt,487.0,N/A,N/A,487.0,100.0
er_001910.txt,68.0,68.0,100.0,68.0,100.0
grid_001910.txt,136.0,136.0,100.0,137.0,99.2701
real_001910.txt,2.0,2.0,100.0,2.0,100.0
ba_001911.txt,163.0,N/A,N/A,163.0,100.0
er_001911.txt,254.0,254.0,100.0,254.0,100.0
real_001911.txt,10.0,10.0,100.0,10.0,100.0
tree_001911.txt,0.0,0.0,100.0,0.0,100.0
ba_001912.txt,92.0,N/A,N/A,92.0,100.0
er_001912.txt,455.0,455.0,100.0,455.0,100.0
grid_001912.txt,490.0,490.0,100.0,490.0,100.0
real_001912.txt,1.0,1.0,100.0,1.0,100.0
ba_001913.txt,391.0,N/A,N/A,391.0,100.0
er_001913.txt,134.0,134.0,100.0,134.0,100.0
real_001913.txt,15.0,15.0,100.0,15.0,100.0
tree_001913.txt,0.0,0.0,100.0,0.0,100.0
ba_001914.txt,636.0,N/A,N/A,636.0,100.0
er_001914.txt,98.0,98.0,100.0,98.0,100.0
grid_001914.txt,334.0,334.0,100.0,334.0,100.0
real_001914.txt,10.0,10.0,100.0,10.0,100.0
ba_001915.txt,135.0,N/A,N/A,135.0,100.0
er_001915.txt,623.0,623.0,100.0,623.0,100.0
real_001915.txt,2.0,2.0,100.0,2.0,100.0
tree_001915.txt,0.0,0.0,100.0,0.0,100.0
ba_001916.txt,100.0,N/A,N/A,100.0,100.0
er_001916.txt,589.0,589.0,100.0,589.0,100.0
grid_001916.txt,183.0,183.0,100.0,185.0,98.9189
real_001916.txt,4.0,4.0,100.0,4.0,100.0
ba_001917.txt,300.0,N/A,N/A,300.0,100.0
er_001917.txt,855.0,855.0,100.0,855.0,100.0
real_001917.txt,982.0,982.0,100.0,988.0,99.3927
tree_001917.txt,0.0,0.0,100.0,0.0,100.0
ba_001918.txt,48.0,N/A,N/A,48.0,100.0
er_001918.txt,824.0,824.0,100.0,824.0,100.0
grid_001918.txt,209.0,209.0,100.0,210.0,99.5238
real_001918.txt,1397.0,1397.0,100.0,1406.0,99.3599
ba_001919.txt,586.0,N/A,N/A,586.0,100.0
er_001919.txt,668.0,668.0,100.0,668.0,100.0
real_001919.txt,9.0,9.0,100.0,9.0,100.0
tree_001919.txt,0.0,0.0,100.0,0.0,100.0
ba_001920.txt,96.0,N/A,N/A,96.0,100.0
er_001920.txt,68.0,68.0,100.0,68.0,100.0
grid_001920.txt,220.0,221.0,99.5475,220.0,100.0
real_001920.txt,8.0,8.0,100.0,8.0,100.0
ba_001921.txt,453.0,N/A,N/A,453.0,100.0
er_001921.txt,963.0,963.0,100.0,965.0,99.7927
real_001921.txt,9.0,9.0,100.0,9.0,100.0
tree_001921.txt,0.0,0.0,100.0,0.0,100.0
ba_001922.txt,496.0,N/A,N/A,496.0,100.0
er_001922.txt,370.0,370.0,100.0,370.0,100.0
grid_001922.txt,196.0,196.0,100.0,197.0,99.4924
real_001922.txt,1.0,1.0,100.0,1.0,100.0
ba_001923.txt,539.0,N/A,N/A,539.0,100.0
er_001923.txt,305.0,305.0,100.0,305.0,100.0
real_001923.txt,1.0,1.0,100.0,1.0,100.0
tree_001923.txt,0.0,0.0,100.0,0.0,100.0
ba_001924.txt,655.0,N/A,N/A,655.0,100.0
er_001924.txt,693.0,693.0,100.0,693.0,100.0
grid_001924.txt,237.0,237.0,100.0,237.0,100.0
real_001924.txt,29.0,29.0,100.0,29.0,100.0
ba_001925.txt,254.0,N/A,N/A,254.0,100.0
er_001925.txt,255.0,255.0,100.0,255.0,100.0
real_001925.txt,1033.0,1043.0,99.0412,1033.0,100.0
tree_001925.txt,0.0,0.0,100.0,0.0,100.0
ba_001926.txt,413.0,N/A,N/A,413.0,100.0
er_001926.txt,186.0,186.0,100.0,189.0,98.4127
grid_001926.txt,387.0,388.0,99.7423,387.0,100.0
real_001926.txt,11.0,11.0,100.0,11.0,100.0
ba_001927.txt,486.0,N/A,N/A,486.0,100.0
er_001927.txt,96.0,96.0,100.0,96.0,100.0
real_001927.txt,2.0,2.0,100.0,2.0,100.0
tree_001927.txt,0.0,0.0,100.0,0.0,100.0
ba_001928.txt,153.0,N/A,N/A,153.0,100.0
er_001928.txt,891.0,891.0,100.0,891.0,100.0
grid_001928.txt,178.0,178.0,100.0,178.0,100.0
real_001928.txt,854.0,854.0,100.0,858.0,99.5338
ba_001929.txt,219.0,N/A,N/A,219.0,100.0
er_001929.txt,626.0,626.0,100.0,626.0,100.0
real_001929.txt,29.0,29.0,100.0,29.0,100.0
tree_001929.txt,0.0,0.0,100.0,0.0,100.0
ba_001930.txt,168.0,N/A,N/A,168.0,100.0
er_001930.txt,368.0,368.0,100.0,368.0,100.0
grid_001930.txt,315.0,315.0,100.0,316.0,99.6835
real_001930.txt,2667.0,2681.0,99.4778,2667.0,100.0
ba_001931.txt,112.0,N/A,N/A,112.0,100.0
er_001931.txt,554.0,554.0,100.0,554.0,100.0
real_001931.txt,10.0,10.0,100.0,10.0,100.0
tree_001931.txt,0.0,0.0,100.0,0.0,100.0
ba_001932.txt,90.0,N/A,N/A,90.0,100.0
er_001932.txt,345.0,345.0,100.0,345.0,100.0
grid_001932.txt,169.0,170.0,99.4118,169.0,100.0
real_001932.txt,2403.0,2536.0,94.7555,2403.0,100.0
ba_001933.txt,255.0,N/A,N/A,255.0,100.0
er_001933.txt,446.0,446.0,100.0,446.0,100.0
real_001933.txt,2.0,2.0,100.0,2.0,100.0
tree_001933.txt,0.0,0.0,100.0,0.0,100.0
ba_001934.txt,41.0,N/A,N/A,41.0,100.0
er_001934.txt,530.0,530.0,100.0,530.0,100.0
grid_001934.txt,68.0,68.0,100.0,68.0,100.0
real_001934.txt,2.0,2.0,100.0,2.0,100.0
ba_001935.txt,90.0,N/A,N/A,90.0,100.0
er_001935.txt,773.0,773.0,100.0,773.0,100.0
real_001935.txt,2647.0,2755.0,96.0799,2647.0,100.0
tree_001935.txt,0.0,0.0,100.0,0.0,100.0
ba_001936.txt,182.0,N/A,N/A,182.0,100.0
er_001936.txt,99.0,99.0,100.0,99.0,100.0
grid_001936.txt,103.0,104.0,99.0385,103.0,100.0
real_001936.txt,8.0,8.0,100.0,8.0,100.0
ba_001937.txt,175.0,N/A,N/A,175.0,100.0
er_001937.txt,644.0,644.0,100.0,644.0,100.0
real_001937.txt,1.0,1.0,100.0,1.0,100.0
tree_001937.txt,0.0,0.0,100.0,0.0,100.0
ba_001938.txt,33.0,N/A,N/A,33.0,100.0
er_001938.txt,656.0,656.0,100.0,656.0,100.0
grid_001938.txt,97.0,97.0,100.0,97.0,100.0
real_001938.txt,2123.0,2197.0,96.6318,2123.0,100.0
ba_001939.txt,329.0,N/A,N/A,329.0,100.0
er_001939.txt,308.0,308.0,100.0,316.0,97.4684
real_001939.txt,2521.0,2636.0,95.6373,2521.0,100.0
tree_001939.txt,0.0,0.0,100.0,0.0,100.0
ba_001940.txt,253.0,N/A,N/A,253.0,100.0
er_001940.txt,287.0,287.0,100.0,290.0,98.9655
grid_001940.txt,408.0,408.0,100.0,408.0,100.0
real_001940.txt,1015.0,1015.0,100.0,1027.0,98.8315
ba_001941.txt,443.0,N/A,N/A,443.0,100.0
er_001941.txt,472.0,472.0,100.0,472.0,100.0
real_001941.txt,1054.0,1060.0,99.434,1054.0,100.0
tree_001941.txt,0.0,0.0,100.0,0.0,100.0
ba_001942.txt,288.0,N/A,N/A,288.0,100.0
er_001942.txt,853.0,853.0,100.0,853.0,100.0
grid_001942.txt,406.0,409.0,99.2665,406.0,100.0
real_001942.txt,13.0,13.0,100.0,13.0,100.0
ba_001943.txt,296.0,N/A,N/A,296.0,100.0
er_001943.txt,694.0,694.0,100.0,694.0,100.0
real_001943.txt,2.0,2.0,100.0,2.0,100.0
tree_001943.txt,0.0,0.0,100.0,0.0,100.0
ba_001944.txt,371.0,N/A,N/A,371.0,100.0
er_001944.txt,158.0,158.0,100.0,158.0,100.0
grid_001944.txt,368.0,368.0,100.0,368.0,100.0
real_001944.txt,1910.0,1958.0,97.5485,1910.0,100.0
ba_001945.txt,283.0,N/A,N/A,283.0,100.0
er_001945.txt,424.0,424.0,100.0,424.0,100.0
real_001945.txt,2.0,2.0,100.0,2.0,100.0
tree_001945.txt,0.0,0.0,100.0,0.0,100.0
ba_001946.txt,207.0,N/A,N/A,207.0,100.0
er_001946.txt,355.0,355.0,100.0,355.0,100.0
grid_001946.txt,125.0,125.0,100.0,126.0,99.2063
real_001946.txt,1503.0,1503.0,100.0,1543.0,97.4076
ba_001947.txt,544.0,N/A,N/A,544.0,100.0
er_001947.txt,218.0,218.0,100.0,222.0,98.1982
real_001947.txt,2.0,2.0,100.0,2.0,100.0
tree_001947.txt,0.0,0.0,100.0,0.0,100.0
ba_001948.txt,602.0,N/A,N/A,602.0,100.0
er_001948.txt,576.0,576.0,100.0,576.0,100.0
grid_001948.txt,109.0,109.0,100.0,109.0,100.0
real_001948.txt,1.0,1.0,100.0,1.0,100.0
ba_001949.txt,32.0,N/A,N/A,32.0,100.0
er_001949.txt,29.0,29.0,100.0,29.0,100.0
real_001949.txt,3588.0,3752.0,95.629,3588.0,100.0
tree_001949.txt,0.0,0.0,100.0,0.0,100.0
ba_001950.txt,163.0,N/A,N/A,163.0,100.0
er_001950.txt,956.0,956.0,100.0,957.0,99.8955
grid_001950.txt,685.0,686.0,99.8542,685.0,100.0
real_001950.txt,2.0,2.0,100.0,2.0,100.0
ba_001951.txt,582.0,N/A,N/A,582.0,100.0
er_001951.txt,206.0,206.0,100.0,206.0,100.0
real_001951.txt,8.0,8.0,100.0,8.0,100.0
tree_001951.txt,0.0,0.0,100.0,0.0,100.0
ba_001952.txt,116.0,N/A,N/A,116.0,100.0
er_001952.txt,379.0,379.0,100.0,379.0,100.0
grid_001952.txt,622.0,622.0,100.0,622.0,100.0
real_001952.txt,8.0,8.0,100.0,8.0,100.0
ba_001953.txt,15.0,N/A,N/A,15.0,100.0
er_001953.txt,631.0,631.0,100.0,631.0,100.0
real_001953.txt,9.0,9.0,100.0,9.0,100.0
tree_001953.txt,0.0,0.0,100.0,0.0,100.0
ba_001954.txt,84.0,N/A,N/A,84.0,100.0
er_001954.txt,168.0,168.0,100.0,168.0,100.0
grid_001954.txt,455.0,455.0,100.0,456.0,99.7807
real_001954.txt,1.0,1.0,100.0,1.0,100.0
ba_001955.txt,491.0,N/A,N/A,491.0,100.0
er_001955.txt,507.0,507.0,100.0,507.0,100.0
real_001955.txt,13.0,13.0,100.0,13.0,100.0
tree_001955.txt,0.0,0.0,100.0,0.0,100.0
ba_001956.txt,104.0,N/A,N/A,104.0,100.0
er_001956.txt,763.0,763.0,100.0,763.0,100.0
grid_001956.txt,203.0,204.0,99.5098,203.0,100.0
real_001956.txt,2749.0,2811.0,97.7944,2749.0,100.0
ba_001957.txt,472.0,N/A,N/A,472.0,100.0
er_001957.txt,529.0,529.0,100.0,529.0,100.0
real_001957.txt,1.0,1.0,100.0,1.0,100.0
tree_001957.txt,0.0,0.0,100.0,0.0,100.0
ba_001958.txt,257.0,N/A,N/A,257.0,100.0
er_001958.txt,365.0,365.0,100.0,365.0,100.0
grid_001958.txt,427.0,428.0,99.7664,427.0,100.0
real_001958.txt,250.0,254.0,98.4252,250.0,100.0
ba_001959.txt,59.0,N/A,N/A,59.0,100.0
er_001959.txt,119.0,119.0,100.0,119.0,100.0
real_001959.txt,29.0,29.0,100.0,29.0,100.0
tree_001959.txt,0.0,0.0,100.0,0.0,100.0
ba_001960.txt,93.0,N/A,N/A,93.0,100.0
er_001960.txt,175.0,175.0,100.0,175.0,100.0
grid_001960.txt,529.0,529.0,100.0,529.0,100.0
real_001960.txt,10.0,10.0,100.0,10.0,100.0
ba_001961.txt,171.0,N/A,N/A,171.0,100.0
er_001961.txt,411.0,411.0,100.0,411.0,100.0
real_001961.txt,1835.0,1835.0,100.0,1846.0,99.4041
tree_001961.txt,0.0,0.0,100.0,0.0,100.0
ba_001962.txt,438.0,N/A,N/A,438.0,100.0
er_001962.txt,89.0,89.0,100.0,89.0,100.0
grid_001962.txt,255.0,256.0,99.6094,255.0,100.0
real_001962.txt,2.0,2.0,100.0,2.0,100.0
ba_001963.txt,146.0,N/A,N/A,146.0,100.0
er_001963.txt,882.0,882.0,100.0,882.0,100.0
real_001963.txt,11.0,11.0,100.0,11.0,100.0
tree_001963.txt,0.0,0.0,100.0,0.0,100.0
ba_001964.txt,131.0,N/A,N/A,131.0,100.0
er_001964.txt,941.0,941.0,100.0,941.0,100.0
grid_001964.txt,103.0,103.0,100.0,105.0,98.0952
real_001964.txt,2.0,2.0,100.0,2.0,100.0
ba_001965.txt,92.0,N/A,N/A,92.0,100.0
er_001965.txt,909.0,909.0,100.0,909.0,100.0
real_001965.txt,11.0,11.0,100.0,11.0,100.0
tree_001965.txt,0.0,0.0,100.0,0.0,100.0
ba_001966.txt,136.0,N/A,N/A,136.0,100.0
er_001966.txt,581.0,581.0,100.0,581.0,100.0
grid_001966.txt,185.0,185.0,100.0,186.0,99.4624
real_001966.txt,400.0,401.0,99.7506,400.0,100.0
ba_001967.txt,158.0,N/A,N/A,158.0,100.0
er_001967.txt,766.0,766.0,100.0,766.0,100.0
real_001967.txt,1121.0,1121.0,100.0,1122.0,99.9109
tree_001967.txt,0.0,0.0,100.0,0.0,100.0
ba_001968.txt,668.0,N/A,N/A,668.0,100.0
er_001968.txt,341.0,341.0,100.0,341.0,100.0
grid_001968.txt,384.0,386.0,99.4819,384.0,100.0
real_001968.txt,8.0,8.0,100.0,8.0,100.0
ba_001969.txt,713.0,N/A,N/A,713.0,100.0
er_001969.txt,403.0,403.0,100.0,403.0,100.0
real_001969.txt,2068.0,2105.0,98.2423,2068.0,100.0
tree_001969.txt,0.0,0.0,100.0,0.0,100.0
ba_001970.txt,194.0,N/A,N/A,194.0,100.0
er_001970.txt,698.0,698.0,100.0,698.0,100.0
grid_001970.txt,234.0,235.0,99.5745,234.0,100.0
real_001970.txt,657.0,657.0,100.0,657.0,100.0
ba_001971.txt,530.0,N/A,N/A,530.0,100.0
er_001971.txt,158.0,158.0,100.0,158.0,100.0
real_001971.txt,312.0,312.0,100.0,314.0,99.3631
tree_001971.txt,0.0,0.0,100.0,0.0,100.0
ba_001972.txt,71.0,N/A,N/A,71.0,100.0
er_001972.txt,299.0,299.0,100.0,301.0,99.3355
grid_001972.txt,127.0,127.0,100.0,130.0,97.6923
real_001972.txt,8.0,8.0,100.0,8.0,100.0
ba_001973.txt,409.0,N/A,N/A,409.0,100.0
er_001973.txt,619.0,619.0,100.0,619.0,100.0
real_001973.txt,1.0,1.0,100.0,1.0,100.0
tree_001973.txt,0.0,0.0,100.0,0.0,100.0
ba_001974.txt,532.0,N/A,N/A,532.0,100.0
er_001974.txt,292.0,292.0,100.0,292.0,100.0
grid_001974.txt,161.0,162.0,99.3827,161.0,100.0
real_001974.txt,271.0,271.0,100.0,280.0,96.7857
ba_001975.txt,446.0,N/A,N/A,446.0,100.0
er_001975.txt,412.0,412.0,100.0,412.0,100.0
real_001975.txt,9.0,9.0,100.0,9.0,100.0
tree_001975.txt,0.0,0.0,100.0,0.0,100.0
ba_001976.txt,288.0,N/A,N/A,288.0,100.0
er_001976.txt,108.0,108.0,100.0,108.0,100.0
grid_001976.txt,390.0,390.0,100.0,390.0,100.0
real_001976.txt,2.0,2.0,100.0,2.0,100.0
ba_001977.txt,50.0,N/A,N/A,50.0,100.0
er_001977.txt,887.0,887.0,100.0,887.0,100.0
real_001977.txt,9.0,9.0,100.0,9.0,100.0
tree_001977.txt,0.0,0.0,100.0,0.0,100.0
ba_001978.txt,26.0,N/A,N/A,26.0,100.0
er_001978.txt,819.0,819.0,100.0,819.0,100.0
grid_001978.txt,570.0,570.0,100.0,571.0,99.8249
real_001978.txt,7.0,7.0,100.0,7.0,100.0
ba_001979.txt,316.0,N/A,N/A,316.0,100.0
er_001979.txt,807.0,807.0,100.0,807.0,100.0
real_001979.txt,401.0,401.0,100.0,417.0,96.1631
tree_001979.txt,0.0,0.0,100.0,0.0,100.0
ba_001980.txt,344.0,N/A,N/A,344.0,100.0
er_001980.txt,727.0,727.0,100.0,727.0,100.0
grid_001980.txt,362.0,365.0,99.1781,362.0,100.0
real_001980.txt,175.0,180.0,97.2222,175.0,100.0
ba_001981.txt,44.0,N/A,N/A,44.0,100.0
er_001981.txt,795.0,795.0,100.0,795.0,100.0
real_001981.txt,1571.0,1588.0,98.9295,1571.0,100.0
tree_001981.txt,0.0,0.0,100.0,0.0,100.0
ba_001982.txt,687.0,N/A,N/A,687.0,100.0
er_001982.txt,145.0,145.0,100.0,145.0,100.0
grid_001982.txt,435.0,435.0,100.0,435.0,100.0
real_001982.txt,8.0,8.0,100.0,8.0,100.0
ba_001983.txt,455.0,N/A,N/A,455.0,100.0
er_001983.txt,480.0,480.0,100.0,480.0,100.0
real_001983.txt,4.0,4.0,100.0,4.0,100.0
tree_001983.txt,0.0,0.0,100.0,0.0,100.0
ba_001984.txt,334.0,N/A,N/A,334.0,100.0
er_001984.txt,438.0,438.0,100.0,438.0,100.0
grid_001984.txt,572.0,572.0,100.0,572.0,100.0
real_001984.txt,1.0,1.0,100.0,1.0,100.0
ba_001985.txt,33.0,N/A,N/A,33.0,100.0
er_001985.txt,49.0,49.0,100.0,49.0,100.0
real_001985.txt,1434.0,1442.0,99.4452,1434.0,100.0
tree_001985.txt,0.0,0.0,100.0,0.0,100.0
ba_001986.txt,202.0,N/A,N/A,202.0,100.0
er_001986.txt,206.0,206.0,100.0,207.0,99.5169
grid_001986.txt,732.0,732.0,100.0,733.0,99.8636
real_001986.txt,9.0,9.0,100.0,9.0,100.0
ba_001987.txt,314.0,N/A,N/A,314.0,100.0
er_001987.txt,638.0,638.0,100.0,638.0,100.0
real_001987.txt,7.0,7.0,100.0,7.0,100.0
tree_001987.txt,0.0,0.0,100.0,0.0,100.0
ba_001988.txt,381.0,N/A,N/A,381.0,100.0
er_001988.txt,693.0,693.0,100.0,693.0,100.0
grid_001988.txt,271.0,271.0,100.0,272.0,99.6324
real_001988.txt,8.0,8.0,100.0,8.0,100.0
ba_001989.txt,39.0,N/A,N/A,39.0,100.0
er_001989.txt,273.0,273.0,100.0,276.0,98.913
real_001989.txt,29.0,29.0,100.0,29.0,100.0
tree_001989.txt,0.0,0.0,100.0,0.0,100.0
ba_001990.txt,591.0,N/A,N/A,591.0,100.0
er_001990.txt,796.0,796.0,100.0,796.0,100.0
grid_001990.txt,494.0,495.0,99.798,494.0,100.0
real_001990.txt,7.0,7.0,100.0,7.0,100.0
ba_001991.txt,209.0,N/A,N/A,209.0,100.0
er_001991.txt,700.0,700.0,100.0,700.0,100.0
real_001991.txt,2.0,2.0,100.0,2.0,100.0
tree_001991.txt,0.0,0.0,100.0,0.0,100.0
ba_001992.txt,392.0,N/A,N/A,392.0,100.0
er_001992.txt,183.0,183.0,100.0,183.0,100.0
grid_001992.txt,433.0,434.0,99.7696,433.0,100.0
real_001992.txt,7.0,7.0,100.0,7.0,100.0
ba_001993.txt,145.0,N/A,N/A,145.0,100.0
er_001993.txt,412.0,412.0,100.0,412.0,100.0
real_001993.txt,8.0,8.0,100.0,8.0,100.0
tree_001993.txt,0.0,0.0,100.0,0.0,100.0
ba_001994.txt,152.0,N/A,N/A,152.0,100.0
er_001994.txt,201.0,201.0,100.0,201.0,100.0
grid_001994.txt,192.0,192.0,100.0,193.0,99.4819
real_001994.txt,1.0,1.0,100.0,1.0,100.0
ba_001995.txt,161.0,N/A,N/A,161.0,100.0
er_001995.txt,550.0,550.0,100.0,550.0,100.0
real_001995.txt,15.0,15.0,100.0,15.0,100.0
tree_001995.txt,0.0,0.0,100.0,0.0,100.0
ba_001996.txt,129.0,N/A,N/A,129.0,100.0
er_001996.txt,883.0,883.0,100.0,883.0,100.0
grid_001996.txt,118.0,118.0,100.0,118.0,100.0
real_001996.txt,2.0,2.0,100.0,2.0,100.0
ba_001997.txt,266.0,N/A,N/A,266.0,100.0
er_001997.txt,497.0,497.0,100.0,497.0,100.0
real_001997.txt,13.0,13.0,100.0,13.0,100.0
tree_001997.txt,0.0,0.0,100.0,0.0,100.0
ba_001998.txt,98.0,N/A,N/A,98.0,100.0
er_001998.txt,856.0,856.0,100.0,856.0,100.0
grid_001998.txt,161.0,161.0,100.0,162.0,99.3827
real_001998.txt,2.0,2.0,100.0,2.0,100.0
ba_001999.txt,319.0,N/A,N/A,319.0,100.0
er_001999.txt,685.0,685.0,100.0,685.0,100.0
real_001999.txt,42.0,42.0,100.0,43.0,97.6744
tree_001999.txt,0.0,0.0,100.0,0.0,100.0
