file,n,m,FVS_size,runtime,validity,kernelization_time,gnn_candidate_time
grid_000000.txt,25,40,6,1.040989,True,8.9e-05,0.0
grid_000002.txt,20,31,5,0.003068,True,7.5e-05,0.0
grid_000004.txt,15,22,3,0.001315,True,4.6e-05,0.0
grid_000006.txt,20,31,5,0.003001,True,5.7e-05,0.0
grid_000008.txt,20,31,5,0.002999,True,5.5e-05,0.0
grid_000010.txt,18,27,4,0.001904,True,5.1e-05,0.0
grid_000012.txt,15,22,3,0.001311,True,4.7e-05,0.0
grid_000014.txt,16,24,4,0.001712,True,6.2e-05,0.0
grid_000016.txt,16,24,4,0.001664,True,4.9e-05,0.0
grid_000018.txt,15,22,3,0.001293,True,4.4e-05,0.0
grid_000020.txt,12,17,3,0.00088,True,3.7e-05,0.0
grid_000022.txt,15,22,3,0.001534,True,4.5e-05,0.0
grid_000024.txt,15,22,3,0.001347,True,5.1e-05,0.0
grid_000026.txt,20,31,5,0.002913,True,5.7e-05,0.0
grid_000028.txt,12,17,3,0.000825,True,3.9e-05,0.0
grid_000030.txt,18,27,4,0.001913,True,5.1e-05,0.0
grid_000032.txt,12,17,3,0.000877,True,3.7e-05,0.0
grid_000034.txt,18,27,4,0.001884,True,5.8e-05,0.0
grid_000036.txt,20,31,5,0.002973,True,5.6e-05,0.0
grid_000038.txt,25,40,6,0.00614,True,6.5e-05,0.0
grid_000040.txt,30,49,8,0.012953,True,8.2e-05,0.0
grid_000042.txt,16,24,4,0.001779,True,4.8e-05,0.0
grid_000044.txt,15,22,3,0.001284,True,5.1e-05,0.0
grid_000046.txt,20,31,5,0.003005,True,5.6e-05,0.0
grid_000048.txt,12,17,3,0.000797,True,3.6e-05,0.0
grid_000050.txt,24,38,6,0.004657,True,6.6e-05,0.0
grid_000052.txt,25,40,6,0.00606,True,6.8e-05,0.0
grid_000054.txt,18,27,4,0.001968,True,5.1e-05,0.0
grid_000056.txt,30,49,8,0.012859,True,7.9e-05,0.0
grid_000058.txt,16,24,4,0.001706,True,4.6e-05,0.0
grid_000060.txt,15,22,3,0.001307,True,5e-05,0.0
grid_000062.txt,24,38,6,0.004756,True,6.3e-05,0.0
grid_000064.txt,30,49,8,0.012798,True,8.7e-05,0.0
grid_000066.txt,15,22,3,0.001541,True,4.6e-05,0.0
grid_000068.txt,18,27,4,0.001907,True,4.9e-05,0.0
grid_000070.txt,30,49,8,0.013628,True,7.9e-05,0.0
grid_000072.txt,15,22,3,0.001347,True,4.6e-05,0.0
grid_000074.txt,12,17,3,0.000788,True,3.6e-05,0.0
grid_000076.txt,20,31,5,0.003126,True,7.2e-05,0.0
grid_000078.txt,12,17,3,0.000823,True,3.8e-05,0.0
grid_000080.txt,24,38,6,0.004601,True,8e-05,0.0
grid_000082.txt,16,24,4,0.001664,True,4.7e-05,0.0
grid_000084.txt,20,31,5,0.003049,True,6.8e-05,0.0
grid_000086.txt,12,17,3,0.000817,True,3.7e-05,0.0
grid_000088.txt,9,12,2,0.000436,True,2.9e-05,0.0
grid_000090.txt,30,49,8,0.013022,True,7.1e-05,0.0
grid_000092.txt,25,40,6,0.007571,True,7e-05,0.0
grid_000094.txt,12,17,3,0.000868,True,4e-05,0.0
grid_000096.txt,15,22,3,0.001383,True,4.5e-05,0.0
grid_000098.txt,12,17,3,0.000887,True,3.8e-05,0.0
grid_000100.txt,12,17,3,0.000851,True,9.3e-05,0.0
grid_000102.txt,30,49,8,0.013109,True,9.9e-05,0.0
grid_000104.txt,20,31,5,0.005152,True,6e-05,0.0
grid_000106.txt,24,38,6,0.006884,True,0.000214,0.0
grid_000108.txt,20,31,5,0.003588,True,6.1e-05,0.0
grid_000110.txt,15,22,3,0.001374,True,7.2e-05,0.0
grid_000112.txt,15,22,3,0.001391,True,7.5e-05,0.0
grid_000114.txt,20,31,5,0.0031,True,0.000103,0.0
grid_000116.txt,15,22,3,0.00166,True,7.5e-05,0.0
grid_000118.txt,24,38,6,0.004873,True,0.00012,0.0
grid_000120.txt,18,27,4,0.002068,True,0.000119,0.0
grid_000122.txt,18,27,4,0.002031,True,9.4e-05,0.0
grid_000124.txt,30,49,8,0.012914,True,0.000137,0.0
grid_000126.txt,24,38,6,0.004773,True,0.000125,0.0
grid_000128.txt,9,12,2,0.000463,True,5.3e-05,0.0
grid_000130.txt,30,49,8,0.01308,True,0.000131,0.0
grid_000132.txt,25,40,6,0.006134,True,0.000127,0.0
grid_000134.txt,25,40,6,0.006082,True,0.000136,0.0
grid_000136.txt,15,22,3,0.001604,True,7.9e-05,0.0
grid_000138.txt,24,38,6,0.004746,True,0.000134,0.0
grid_000140.txt,15,22,3,0.001405,True,8.8e-05,0.0
grid_000142.txt,20,31,5,0.003087,True,0.00012,0.0
grid_000144.txt,12,17,3,0.000932,True,0.0001,0.0
grid_000146.txt,18,27,4,0.002071,True,9.3e-05,0.0
grid_000148.txt,24,38,6,0.006353,True,0.001645,0.0
grid_000150.txt,30,49,8,0.013074,True,0.000142,0.0
grid_000152.txt,9,12,2,0.000513,True,9.2e-05,0.0
grid_000154.txt,12,17,3,0.000908,True,6.6e-05,0.0
grid_000156.txt,12,17,3,0.000928,True,6.6e-05,0.0
grid_000158.txt,18,27,4,0.002004,True,0.000102,0.0
grid_000160.txt,15,22,3,0.001701,True,7.2e-05,0.0
grid_000162.txt,24,38,6,0.004787,True,0.000123,0.0
grid_000164.txt,15,22,3,0.001367,True,7.8e-05,0.0
grid_000166.txt,25,40,6,0.006076,True,0.000123,0.0
grid_000168.txt,20,31,5,0.00301,True,0.000107,0.0
grid_000170.txt,12,17,3,0.000895,True,6.6e-05,0.0
grid_000172.txt,24,38,6,0.004715,True,0.000121,0.0
grid_000174.txt,30,49,8,0.01319,True,0.000168,0.0
grid_000176.txt,9,12,2,0.000497,True,7.2e-05,0.0
grid_000178.txt,9,12,2,0.000461,True,4.9e-05,0.0
grid_000180.txt,18,27,4,0.002017,True,9.3e-05,0.0
grid_000182.txt,9,12,2,0.000472,True,6.7e-05,0.0
grid_000184.txt,20,31,5,0.003088,True,0.000105,0.0
grid_000186.txt,12,17,3,0.000911,True,6.4e-05,0.0
grid_000188.txt,30,49,8,0.013269,True,0.000134,0.0
grid_000190.txt,9,12,2,0.000495,True,5.1e-05,0.0
grid_000192.txt,16,24,4,0.001918,True,8.2e-05,0.0
grid_000194.txt,12,17,3,0.001047,True,6.3e-05,0.0
grid_000196.txt,16,24,4,0.003054,True,8.1e-05,0.0
grid_000198.txt,18,27,4,0.002941,True,8.6e-05,0.0
grid_000200.txt,25,40,6,0.006151,True,7.2e-05,0.0
grid_000202.txt,25,40,6,0.006149,True,0.000142,0.0
grid_000204.txt,18,27,4,0.001874,True,5.2e-05,0.0
grid_000206.txt,20,31,5,0.00301,True,5.4e-05,0.0
grid_000208.txt,30,49,8,0.012704,True,7.9e-05,0.0
grid_000210.txt,25,40,6,0.005864,True,6.7e-05,0.0
grid_000212.txt,15,22,3,0.001599,True,4.4e-05,0.0
grid_000214.txt,24,38,6,0.005285,True,6.4e-05,0.0
grid_000216.txt,18,27,4,0.002452,True,0.000154,0.0
grid_000218.txt,30,49,8,0.012894,True,9.9e-05,0.0
grid_000220.txt,12,17,3,0.000837,True,4e-05,0.0
grid_000222.txt,25,40,6,0.00602,True,7.5e-05,0.0
grid_000224.txt,9,12,2,0.000401,True,3.1e-05,0.0
grid_000226.txt,24,38,6,0.004572,True,6.5e-05,0.0
grid_000228.txt,12,17,3,0.000829,True,3.7e-05,0.0
grid_000230.txt,18,27,4,0.001914,True,5.1e-05,0.0
grid_000232.txt,15,22,3,0.001572,True,4.4e-05,0.0
grid_000234.txt,24,38,6,0.004524,True,6.5e-05,0.0
grid_000236.txt,15,22,3,0.001535,True,4.5e-05,0.0
grid_000238.txt,20,31,5,0.002921,True,5.7e-05,0.0
grid_000240.txt,24,38,6,0.004577,True,6.5e-05,0.0
grid_000242.txt,15,22,3,0.00155,True,4.4e-05,0.0
grid_000244.txt,12,17,3,0.000815,True,3.6e-05,0.0
grid_000246.txt,20,31,5,0.003122,True,6.2e-05,0.0
grid_000248.txt,30,49,8,0.012997,True,8.3e-05,0.0
grid_000250.txt,16,24,4,0.001709,True,4.9e-05,0.0
grid_000252.txt,24,38,6,0.004513,True,6.5e-05,0.0
grid_000254.txt,20,31,5,0.002963,True,5.6e-05,0.0
grid_000256.txt,20,31,5,0.002933,True,5.6e-05,0.0
grid_000258.txt,12,17,3,0.000849,True,3.8e-05,0.0
grid_000260.txt,15,22,3,0.001521,True,4.4e-05,0.0
grid_000262.txt,30,49,8,0.012961,True,8.1e-05,0.0
grid_000264.txt,18,27,4,0.001834,True,6.3e-05,0.0
grid_000266.txt,12,17,3,0.000829,True,3.7e-05,0.0
grid_000268.txt,24,38,6,0.004618,True,6.4e-05,0.0
grid_000270.txt,20,31,5,0.002885,True,5.5e-05,0.0
grid_000272.txt,20,31,5,0.002923,True,5.7e-05,0.0
grid_000274.txt,25,40,6,0.005904,True,6.6e-05,0.0
grid_000276.txt,9,12,2,0.00038,True,3.1e-05,0.0
grid_000278.txt,20,31,5,0.002951,True,5.7e-05,0.0
grid_000280.txt,12,17,3,0.000815,True,3.8e-05,0.0
grid_000282.txt,12,17,3,0.000895,True,3.8e-05,0.0
grid_000284.txt,20,31,5,0.00296,True,5.9e-05,0.0
grid_000286.txt,25,40,6,0.008646,True,6.9e-05,0.0
grid_000288.txt,9,12,2,0.000474,True,3.5e-05,0.0
grid_000290.txt,12,17,3,0.000873,True,3.9e-05,0.0
grid_000292.txt,20,31,5,0.003076,True,5.8e-05,0.0
grid_000294.txt,15,22,3,0.001299,True,4.4e-05,0.0
grid_000296.txt,24,38,6,0.004701,True,7.3e-05,0.0
grid_000298.txt,20,31,5,0.003052,True,5.6e-05,0.0
grid_000300.txt,25,40,6,0.006042,True,6.8e-05,0.0
grid_000302.txt,16,24,4,0.001754,True,4.8e-05,0.0
grid_000304.txt,9,12,2,0.000395,True,3.1e-05,0.0
grid_000306.txt,20,31,5,0.00297,True,5.7e-05,0.0
grid_000308.txt,15,22,3,0.001641,True,0.000121,0.0
grid_000310.txt,9,12,2,0.000378,True,3.2e-05,0.0
grid_000312.txt,12,17,3,0.000824,True,3.7e-05,0.0
grid_000314.txt,25,40,6,0.006073,True,7e-05,0.0
grid_000316.txt,9,12,2,0.000389,True,3.1e-05,0.0
grid_000318.txt,18,27,4,0.001849,True,5.6e-05,0.0
grid_000320.txt,24,38,6,0.004732,True,6.3e-05,0.0
grid_000322.txt,12,17,3,0.000855,True,5.7e-05,0.0
grid_000324.txt,20,31,5,0.003043,True,5.7e-05,0.0
grid_000326.txt,16,24,4,0.001726,True,4.8e-05,0.0
grid_000328.txt,15,22,3,0.001312,True,4.6e-05,0.0
grid_000330.txt,15,22,3,0.001617,True,4.4e-05,0.0
grid_000332.txt,18,27,4,0.001886,True,5.2e-05,0.0
grid_000334.txt,18,27,4,0.001964,True,5.1e-05,0.0
grid_000336.txt,12,17,3,0.000842,True,3.7e-05,0.0
grid_000338.txt,12,17,3,0.00088,True,3.7e-05,0.0
grid_000340.txt,12,17,3,0.000824,True,3.8e-05,0.0
grid_000342.txt,30,49,8,0.013005,True,8.7e-05,0.0
grid_000344.txt,24,38,6,0.0046,True,6.9e-05,0.0
grid_000346.txt,20,31,5,0.003052,True,5.5e-05,0.0
grid_000348.txt,12,17,3,0.000819,True,3.8e-05,0.0
grid_000350.txt,15,22,3,0.0016,True,4.6e-05,0.0
grid_000352.txt,25,40,6,0.005909,True,6.9e-05,0.0
grid_000354.txt,16,24,4,0.001748,True,5e-05,0.0
grid_000356.txt,20,31,5,0.002957,True,6.8e-05,0.0
grid_000358.txt,12,17,3,0.000814,True,3.8e-05,0.0
grid_000360.txt,24,38,6,0.004761,True,6.6e-05,0.0
grid_000362.txt,15,22,3,0.001483,True,4.9e-05,0.0
grid_000364.txt,12,17,3,0.00088,True,3.6e-05,0.0
grid_000366.txt,15,22,3,0.001517,True,4.5e-05,0.0
grid_000368.txt,18,27,4,0.001981,True,5.2e-05,0.0
grid_000370.txt,30,49,8,0.012954,True,7.8e-05,0.0
grid_000372.txt,18,27,4,0.001863,True,6.7e-05,0.0
grid_000374.txt,12,17,3,0.00083,True,3.8e-05,0.0
grid_000376.txt,15,22,3,0.001592,True,4.5e-05,0.0
grid_000378.txt,18,27,4,0.002,True,0.000115,0.0
grid_000380.txt,16,24,4,0.001739,True,4.6e-05,0.0
grid_000382.txt,15,22,3,0.001337,True,4.5e-05,0.0
grid_000384.txt,15,22,3,0.001544,True,4.5e-05,0.0
grid_000386.txt,12,17,3,0.000871,True,0.000101,0.0
grid_000388.txt,12,17,3,0.000821,True,3.6e-05,0.0
grid_000390.txt,12,17,3,0.000887,True,3.6e-05,0.0
grid_000392.txt,18,27,4,0.001904,True,5.2e-05,0.0
grid_000394.txt,20,31,5,0.003058,True,5.6e-05,0.0
grid_000396.txt,20,31,5,0.003041,True,5.7e-05,0.0
grid_000398.txt,18,27,4,0.001969,True,5.1e-05,0.0
grid_000400.txt,18,27,4,0.001983,True,5.1e-05,0.0
grid_000402.txt,15,22,3,0.001283,True,4.3e-05,0.0
grid_000404.txt,20,31,5,0.003036,True,5.5e-05,0.0
grid_000406.txt,30,49,8,0.016722,True,8.1e-05,0.0
grid_000408.txt,30,49,8,0.012883,True,8.5e-05,0.0
grid_000410.txt,16,24,4,0.001684,True,4.8e-05,0.0
grid_000412.txt,12,17,3,0.000813,True,3.8e-05,0.0
grid_000414.txt,20,31,5,0.002903,True,5.6e-05,0.0
grid_000416.txt,30,49,8,0.012987,True,7.8e-05,0.0
grid_000418.txt,16,24,4,0.001681,True,5.1e-05,0.0
grid_000420.txt,16,24,4,0.001654,True,4.7e-05,0.0
grid_000422.txt,18,27,4,0.001952,True,5.2e-05,0.0
grid_000424.txt,12,17,3,0.000812,True,3.7e-05,0.0
grid_000426.txt,24,38,6,0.004504,True,6.5e-05,0.0
grid_000428.txt,20,31,5,0.002935,True,5.7e-05,0.0
grid_000430.txt,16,24,4,0.001663,True,4.6e-05,0.0
grid_000432.txt,20,31,5,0.002919,True,5.4e-05,0.0
grid_000434.txt,15,22,3,0.001499,True,4.6e-05,0.0
grid_000436.txt,16,24,4,0.001725,True,4.8e-05,0.0
grid_000438.txt,16,24,4,0.001587,True,4.6e-05,0.0
grid_000440.txt,25,40,6,0.005873,True,6.5e-05,0.0
grid_000442.txt,9,12,2,0.000362,True,3e-05,0.0
grid_000444.txt,20,31,5,0.003009,True,0.000121,0.0
grid_000446.txt,30,49,8,0.013031,True,8.1e-05,0.0
grid_000448.txt,24,38,6,0.004573,True,6.6e-05,0.0
grid_000450.txt,15,22,3,0.00129,True,4.4e-05,0.0
grid_000452.txt,20,31,5,0.002878,True,5.7e-05,0.0
grid_000454.txt,20,31,5,0.002929,True,5.4e-05,0.0
grid_000456.txt,9,12,2,0.000365,True,3e-05,0.0
grid_000458.txt,12,17,3,0.000809,True,3.8e-05,0.0
grid_000460.txt,12,17,3,0.000808,True,3.7e-05,0.0
grid_000462.txt,25,40,6,0.006103,True,0.000157,0.0
grid_000464.txt,18,27,4,0.001897,True,5.2e-05,0.0
grid_000466.txt,12,17,3,0.000848,True,3.8e-05,0.0
grid_000468.txt,15,22,3,0.001559,True,4.4e-05,0.0
grid_000470.txt,18,27,4,0.001883,True,5.2e-05,0.0
grid_000472.txt,15,22,3,0.001561,True,4.4e-05,0.0
grid_000474.txt,12,17,3,0.000815,True,3.7e-05,0.0
grid_000476.txt,20,31,5,0.002982,True,5.7e-05,0.0
grid_000478.txt,15,22,3,0.001279,True,4.4e-05,0.0
grid_000480.txt,20,31,5,0.002815,True,5.6e-05,0.0
grid_000482.txt,12,17,3,0.000822,True,3.7e-05,0.0
grid_000484.txt,12,17,3,0.000864,True,4.7e-05,0.0
grid_000486.txt,16,24,4,0.001727,True,4.7e-05,0.0
grid_000488.txt,18,27,4,0.001915,True,5.2e-05,0.0
grid_000490.txt,20,31,5,0.002928,True,5.7e-05,0.0
grid_000492.txt,15,22,3,0.001527,True,4.4e-05,0.0
grid_000494.txt,18,27,4,0.001942,True,5e-05,0.0
grid_000496.txt,12,17,3,0.000805,True,3.8e-05,0.0
grid_000498.txt,20,31,5,0.003069,True,5.4e-05,0.0
grid_000500.txt,24,38,6,0.004535,True,6.6e-05,0.0
grid_000502.txt,20,31,5,0.002859,True,5.4e-05,0.0
grid_000504.txt,24,38,6,0.004704,True,6.6e-05,0.0
grid_000506.txt,18,27,4,0.00248,True,5.1e-05,0.0
grid_000508.txt,18,27,4,0.002902,True,9.2e-05,0.0
grid_000510.txt,20,31,5,0.002915,True,0.000135,0.0
grid_000512.txt,9,12,2,0.00049,True,5.1e-05,0.0
grid_000514.txt,15,22,3,0.00144,True,7.9e-05,0.0
grid_000516.txt,15,22,3,0.001349,True,6.9e-05,0.0
grid_000518.txt,15,22,3,0.001604,True,8.8e-05,0.0
grid_000520.txt,30,49,8,0.012572,True,0.000123,0.0
grid_000522.txt,25,40,6,0.006198,True,0.000165,0.0
grid_000524.txt,25,40,6,0.006194,True,0.000117,0.0
grid_000526.txt,18,27,4,0.002072,True,9.2e-05,0.0
grid_000528.txt,20,31,5,0.00302,True,0.000109,0.0
grid_000530.txt,16,24,4,0.001778,True,0.000117,0.0
grid_000532.txt,15,22,3,0.001653,True,9.4e-05,0.0
grid_000534.txt,9,12,2,0.000436,True,4.9e-05,0.0
grid_000536.txt,25,40,6,0.006167,True,0.000137,0.0
grid_000538.txt,24,38,6,0.004754,True,0.000157,0.0
grid_000540.txt,20,31,5,0.003073,True,0.000105,0.0
grid_000542.txt,18,27,4,0.002012,True,9e-05,0.0
grid_000544.txt,15,22,3,0.001619,True,7.7e-05,0.0
grid_000546.txt,18,27,4,0.002026,True,9.3e-05,0.0
grid_000548.txt,9,12,2,0.000488,True,5e-05,0.0
grid_000550.txt,25,40,6,0.006174,True,0.000142,0.0
grid_000552.txt,15,22,3,0.001636,True,7.3e-05,0.0
grid_000554.txt,12,17,3,0.000902,True,6.5e-05,0.0
grid_000556.txt,12,17,3,0.000911,True,6.2e-05,0.0
grid_000558.txt,12,17,3,0.000942,True,6.2e-05,0.0
grid_000560.txt,12,17,3,0.00092,True,6.2e-05,0.0
grid_000562.txt,12,17,3,0.000928,True,6.3e-05,0.0
grid_000564.txt,16,24,4,0.001756,True,8.1e-05,0.0
grid_000566.txt,25,40,6,0.006622,True,0.000135,0.0
grid_000568.txt,20,31,5,0.003063,True,0.00011,0.0
grid_000570.txt,30,49,8,0.013148,True,0.000138,0.0
grid_000572.txt,15,22,3,0.001688,True,0.000122,0.0
grid_000574.txt,12,17,3,0.000904,True,6.5e-05,0.0
grid_000576.txt,9,12,2,0.000492,True,5.1e-05,0.0
grid_000578.txt,9,12,2,0.000405,True,4.6e-05,0.0
grid_000580.txt,15,22,3,0.001669,True,7.1e-05,0.0
grid_000582.txt,9,12,2,0.000476,True,5.2e-05,0.0
grid_000584.txt,30,49,8,0.013374,True,0.00016,0.0
grid_000586.txt,15,22,3,0.003025,True,9e-05,0.0
grid_000588.txt,24,38,6,0.004676,True,0.000112,0.0
grid_000590.txt,24,38,6,0.004919,True,0.000133,0.0
grid_000592.txt,15,22,3,0.00139,True,9e-05,0.0
grid_000594.txt,20,31,5,0.002976,True,5.9e-05,0.0
grid_000596.txt,20,31,5,0.003006,True,5.9e-05,0.0
grid_000598.txt,20,31,5,0.005345,True,6e-05,0.0
grid_000600.txt,15,22,3,0.002613,True,8.4e-05,0.0
grid_000602.txt,30,49,8,0.013264,True,8.6e-05,0.0
grid_000604.txt,20,31,5,0.003009,True,6e-05,0.0
grid_000606.txt,15,22,3,0.001538,True,4.7e-05,0.0
grid_000608.txt,9,12,2,0.000373,True,3e-05,0.0
grid_000610.txt,24,38,6,0.004731,True,8.7e-05,0.0
grid_000612.txt,9,12,2,0.000399,True,3.2e-05,0.0
grid_000614.txt,25,40,6,0.006189,True,0.000128,0.0
grid_000616.txt,24,38,6,0.004735,True,0.000126,0.0
grid_000618.txt,9,12,2,0.00048,True,5.2e-05,0.0
grid_000620.txt,30,49,8,0.013026,True,0.000137,0.0
grid_000622.txt,16,24,4,0.001813,True,8.4e-05,0.0
grid_000624.txt,9,12,2,0.000485,True,5.3e-05,0.0
grid_000626.txt,16,24,4,0.001782,True,8.6e-05,0.0
grid_000628.txt,15,22,3,0.001626,True,7.9e-05,0.0
grid_000630.txt,18,27,4,0.002168,True,9.4e-05,0.0
grid_000632.txt,20,31,5,0.003093,True,0.000111,0.0
grid_000634.txt,15,22,3,0.001386,True,7.7e-05,0.0
grid_000636.txt,12,17,3,0.000902,True,6.4e-05,0.0
grid_000638.txt,9,12,2,0.000478,True,8.7e-05,0.0
grid_000640.txt,12,17,3,0.000892,True,6.4e-05,0.0
grid_000642.txt,9,12,2,0.000458,True,5e-05,0.0
grid_000644.txt,20,31,5,0.003077,True,0.000107,0.0
grid_000646.txt,15,22,3,0.001404,True,8.9e-05,0.0
grid_000648.txt,12,17,3,0.000916,True,6.5e-05,0.0
grid_000650.txt,12,17,3,0.000902,True,6.5e-05,0.0
grid_000652.txt,25,40,6,0.006057,True,0.000118,0.0
grid_000654.txt,12,17,3,0.000886,True,6.6e-05,0.0
grid_000656.txt,18,27,4,0.001987,True,8.5e-05,0.0
grid_000658.txt,30,49,8,0.013029,True,0.000132,0.0
grid_000660.txt,15,22,3,0.001672,True,0.000104,0.0
grid_000662.txt,20,31,5,0.003068,True,0.000131,0.0
grid_000664.txt,24,38,6,0.004802,True,0.000117,0.0
grid_000666.txt,20,31,5,0.002988,True,0.000112,0.0
grid_000668.txt,24,38,6,0.004822,True,0.000122,0.0
grid_000670.txt,20,31,5,0.003068,True,0.000112,0.0
grid_000672.txt,15,22,3,0.001612,True,7.5e-05,0.0
grid_000674.txt,20,31,5,0.003021,True,0.000109,0.0
grid_000676.txt,12,17,3,0.000906,True,6.4e-05,0.0
grid_000678.txt,18,27,4,0.001983,True,9.4e-05,0.0
grid_000680.txt,25,40,6,0.006023,True,0.000139,0.0
grid_000682.txt,24,38,6,0.004655,True,0.00012,0.0
grid_000684.txt,25,40,6,0.00647,True,0.000116,0.0
grid_000686.txt,18,27,4,0.003094,True,9e-05,0.0
grid_000688.txt,15,22,3,0.002738,True,8.2e-05,0.0
grid_000690.txt,15,22,3,0.002239,True,7e-05,0.0
grid_000692.txt,12,17,3,0.001448,True,6.4e-05,0.0
grid_000694.txt,30,49,8,0.014148,True,0.000139,0.0
grid_000696.txt,12,17,3,0.000847,True,4.4e-05,0.0
grid_000698.txt,24,38,6,0.004691,True,6.7e-05,0.0
grid_000700.txt,16,24,4,0.001688,True,5e-05,0.0
grid_000702.txt,12,17,3,0.000808,True,4e-05,0.0
grid_000704.txt,12,17,3,0.00083,True,3.9e-05,0.0
grid_000706.txt,20,31,5,0.003005,True,5.6e-05,0.0
grid_000708.txt,20,31,5,0.003,True,5.7e-05,0.0
grid_000710.txt,12,17,3,0.000794,True,3.7e-05,0.0
grid_000712.txt,20,31,5,0.002971,True,6e-05,0.0
grid_000714.txt,24,38,6,0.004627,True,6.6e-05,0.0
grid_000716.txt,9,12,2,0.000387,True,3.2e-05,0.0
grid_000718.txt,12,17,3,0.000816,True,3.9e-05,0.0
grid_000720.txt,15,22,3,0.001658,True,4.4e-05,0.0
grid_000722.txt,12,17,3,0.000833,True,5.6e-05,0.0
grid_000724.txt,18,27,4,0.001915,True,5e-05,0.0
grid_000726.txt,25,40,6,0.006235,True,0.000151,0.0
grid_000728.txt,20,31,5,0.002965,True,5.9e-05,0.0
grid_000730.txt,24,38,6,0.004668,True,0.00012,0.0
grid_000732.txt,15,22,3,0.001583,True,4.6e-05,0.0
grid_000734.txt,30,49,8,0.012787,True,0.000101,0.0
grid_000736.txt,20,31,5,0.002999,True,5.9e-05,0.0
grid_000738.txt,9,12,2,0.000379,True,3.2e-05,0.0
grid_000740.txt,30,49,8,0.01284,True,8.1e-05,0.0
grid_000742.txt,24,38,6,0.004758,True,0.000131,0.0
grid_000744.txt,16,24,4,0.001781,True,8.3e-05,0.0
grid_000746.txt,24,38,6,0.004723,True,0.000162,0.0
grid_000748.txt,18,27,4,0.002007,True,9.5e-05,0.0
grid_000750.txt,18,27,4,0.002,True,9.4e-05,0.0
grid_000752.txt,16,24,4,0.001764,True,8.5e-05,0.0
grid_000754.txt,12,17,3,0.001192,True,8.9e-05,0.0
grid_000756.txt,20,31,5,0.003103,True,0.000111,0.0
grid_000758.txt,24,38,6,0.004658,True,0.000121,0.0
grid_000760.txt,12,17,3,0.000894,True,6.2e-05,0.0
grid_000762.txt,12,17,3,0.000943,True,6.5e-05,0.0
grid_000764.txt,25,40,6,0.006081,True,0.000119,0.0
grid_000766.txt,25,40,6,0.006323,True,0.000123,0.0
grid_000768.txt,12,17,3,0.000902,True,8.5e-05,0.0
grid_000770.txt,12,17,3,0.000911,True,6.4e-05,0.0
grid_000772.txt,18,27,4,0.002082,True,9.7e-05,0.0
grid_000774.txt,30,49,8,0.024878,True,0.000165,0.0
grid_000776.txt,15,22,3,0.001652,True,0.0001,0.0
grid_000778.txt,12,17,3,0.000867,True,9.5e-05,0.0
grid_000780.txt,15,22,3,0.001566,True,4.6e-05,0.0
grid_000782.txt,15,22,3,0.001349,True,4.5e-05,0.0
grid_000784.txt,12,17,3,0.000872,True,9e-05,0.0
grid_000786.txt,30,49,8,0.013011,True,8.4e-05,0.0
grid_000788.txt,25,40,6,0.006028,True,7.1e-05,0.0
grid_000790.txt,24,38,6,0.004636,True,6.8e-05,0.0
grid_000792.txt,12,17,3,0.000876,True,4e-05,0.0
grid_000794.txt,25,40,6,0.006227,True,6.6e-05,0.0
grid_000796.txt,30,49,8,0.0134,True,8.5e-05,0.0
grid_000798.txt,20,31,5,0.003025,True,0.000104,0.0
grid_000800.txt,20,31,5,0.00306,True,0.000106,0.0
grid_000802.txt,16,24,4,0.00179,True,8.8e-05,0.0
grid_000804.txt,12,17,3,0.000907,True,6.5e-05,0.0
grid_000806.txt,9,12,2,0.000494,True,5.4e-05,0.0
grid_000808.txt,12,17,3,0.000924,True,6.8e-05,0.0
grid_000810.txt,12,17,3,0.000939,True,6.6e-05,0.0
grid_000812.txt,20,31,5,0.003142,True,0.000104,0.0
grid_000814.txt,18,27,4,0.001995,True,9.1e-05,0.0
grid_000816.txt,18,27,4,0.00201,True,0.000112,0.0
grid_000818.txt,9,12,2,0.000466,True,4.7e-05,0.0
grid_000820.txt,30,49,8,0.013068,True,0.000141,0.0
grid_000822.txt,20,31,5,0.003039,True,0.0001,0.0
grid_000824.txt,25,40,6,0.00628,True,0.000132,0.0
grid_000826.txt,12,17,3,0.000891,True,7.5e-05,0.0
grid_000828.txt,20,31,5,0.002981,True,0.000109,0.0
grid_000830.txt,30,49,8,0.012951,True,0.00015,0.0
grid_000832.txt,12,17,3,0.00092,True,6.4e-05,0.0
grid_000834.txt,18,27,4,0.002033,True,0.000126,0.0
grid_000836.txt,20,31,5,0.003003,True,0.000109,0.0
grid_000838.txt,9,12,2,0.000461,True,4.9e-05,0.0
grid_000840.txt,15,22,3,0.001397,True,0.00011,0.0
grid_000842.txt,25,40,6,0.00617,True,0.000143,0.0
grid_000844.txt,20,31,5,0.003768,True,0.000111,0.0
grid_000846.txt,16,24,4,0.003283,True,0.000113,0.0
grid_000848.txt,25,40,6,0.006084,True,7.5e-05,0.0
grid_000850.txt,24,38,6,0.005315,True,6.7e-05,0.0
grid_000852.txt,20,31,5,0.002919,True,5.9e-05,0.0
grid_000854.txt,16,24,4,0.001699,True,5e-05,0.0
grid_000856.txt,24,38,6,0.004738,True,6.7e-05,0.0
grid_000858.txt,15,22,3,0.001524,True,4.5e-05,0.0
grid_000860.txt,16,24,4,0.001702,True,5.1e-05,0.0
grid_000862.txt,12,17,3,0.000806,True,5.6e-05,0.0
grid_000864.txt,12,17,3,0.000785,True,3.6e-05,0.0
grid_000866.txt,16,24,4,0.001714,True,5.4e-05,0.0
grid_000868.txt,15,22,3,0.001406,True,4.4e-05,0.0
grid_000870.txt,24,38,6,0.00464,True,6.4e-05,0.0
grid_000872.txt,18,27,4,0.001927,True,5.3e-05,0.0
grid_000874.txt,30,49,8,0.013113,True,9.1e-05,0.0
grid_000876.txt,20,31,5,0.003019,True,0.0001,0.0
grid_000878.txt,16,24,4,0.001676,True,4.9e-05,0.0
grid_000880.txt,20,31,5,0.002998,True,6.3e-05,0.0
grid_000882.txt,25,40,6,0.006225,True,0.000129,0.0
grid_000884.txt,16,24,4,0.001828,True,0.000116,0.0
grid_000886.txt,18,27,4,0.002009,True,9.5e-05,0.0
grid_000888.txt,30,49,8,0.013162,True,0.000163,0.0
grid_000890.txt,18,27,4,0.002011,True,9.7e-05,0.0
grid_000892.txt,20,31,5,0.003028,True,0.000119,0.0
grid_000894.txt,24,38,6,0.004774,True,0.000144,0.0
grid_000896.txt,9,12,2,0.000556,True,5.2e-05,0.0
grid_000898.txt,24,38,6,0.006401,True,0.000122,0.0
grid_000900.txt,30,49,8,0.017183,True,0.00013,0.0
grid_000902.txt,15,22,3,0.001445,True,8e-05,0.0
grid_000904.txt,25,40,6,0.009282,True,0.000128,0.0
grid_000906.txt,18,27,4,0.006373,True,0.000142,0.0
grid_000908.txt,25,40,6,0.007181,True,0.000154,0.0
grid_000910.txt,12,17,3,0.000918,True,4.3e-05,0.0
grid_000912.txt,9,12,2,0.000705,True,4.5e-05,0.0
grid_000914.txt,12,17,3,0.001512,True,7.2e-05,0.0
grid_000916.txt,12,17,3,0.001637,True,7.5e-05,0.0
grid_000918.txt,12,17,3,0.000894,True,4e-05,0.0
grid_000920.txt,15,22,3,0.001643,True,4.7e-05,0.0
grid_000922.txt,12,17,3,0.000839,True,3.9e-05,0.0
grid_000924.txt,18,27,4,0.001967,True,5.5e-05,0.0
grid_000926.txt,25,40,6,0.00781,True,7.2e-05,0.0
grid_000928.txt,15,22,3,0.001327,True,4.8e-05,0.0
grid_000930.txt,12,17,3,0.000882,True,4.1e-05,0.0
grid_000932.txt,20,31,5,0.002962,True,5.9e-05,0.0
grid_000934.txt,20,31,5,0.002931,True,5.8e-05,0.0
grid_000936.txt,20,31,5,0.002908,True,5.9e-05,0.0
grid_000938.txt,16,24,4,0.001696,True,4.7e-05,0.0
grid_000940.txt,15,22,3,0.001286,True,4.5e-05,0.0
grid_000942.txt,12,17,3,0.000792,True,3.6e-05,0.0
grid_000944.txt,9,12,2,0.0004,True,3.2e-05,0.0
grid_000946.txt,24,38,6,0.004485,True,6.5e-05,0.0
grid_000948.txt,9,12,2,0.000379,True,3e-05,0.0
grid_000950.txt,24,38,6,0.00483,True,8.5e-05,0.0
grid_000952.txt,12,17,3,0.000817,True,3.9e-05,0.0
grid_000954.txt,12,17,3,0.000818,True,3.9e-05,0.0
grid_000956.txt,25,40,6,0.005946,True,6.9e-05,0.0
grid_000958.txt,20,31,5,0.002914,True,5.6e-05,0.0
grid_000960.txt,30,49,8,0.013165,True,0.000169,0.0
grid_000962.txt,15,22,3,0.001407,True,8.3e-05,0.0
grid_000964.txt,20,31,5,0.003024,True,0.000133,0.0
grid_000966.txt,24,38,6,0.004699,True,0.00012,0.0
grid_000968.txt,25,40,6,0.009568,True,0.000125,0.0
grid_000970.txt,18,27,4,0.003833,True,0.000122,0.0
grid_000972.txt,16,24,4,0.002779,True,0.000102,0.0
grid_000974.txt,25,40,6,0.008429,True,0.000119,0.0
grid_000976.txt,18,27,4,0.004332,True,0.000146,0.0
grid_000978.txt,25,40,6,0.011255,True,0.000228,0.0
grid_000980.txt,12,17,3,0.00106,True,4.5e-05,0.0
grid_000982.txt,18,27,4,0.002179,True,6.6e-05,0.0
grid_000984.txt,18,27,4,0.003468,True,9.8e-05,0.0
grid_000986.txt,16,24,4,0.001775,True,5.3e-05,0.0
grid_000988.txt,20,31,5,0.003319,True,6e-05,0.0
grid_000990.txt,18,27,4,0.002363,True,9.1e-05,0.0
grid_000992.txt,18,27,4,0.003385,True,0.0001,0.0
grid_000994.txt,12,17,3,0.001896,True,0.000103,0.0
grid_000996.txt,15,22,3,0.002532,True,8.1e-05,0.0
grid_000998.txt,15,22,3,0.002198,True,0.000141,0.0
grid_001000.txt,12,17,3,0.001739,True,6.2e-05,0.0
grid_001002.txt,24,38,6,0.004871,True,7.1e-05,0.0
grid_001004.txt,15,22,3,0.00164,True,0.000109,0.0
grid_001006.txt,12,17,3,0.000879,True,4e-05,0.0
grid_001008.txt,12,17,3,0.00083,True,3.9e-05,0.0
grid_001010.txt,25,40,6,0.006079,True,7.3e-05,0.0
grid_001012.txt,9,12,2,0.000401,True,3.4e-05,0.0
grid_001014.txt,25,40,6,0.006136,True,7e-05,0.0
grid_001016.txt,18,27,4,0.001973,True,5.4e-05,0.0
grid_001018.txt,15,22,3,0.001522,True,4.6e-05,0.0
grid_001020.txt,20,31,5,0.00347,True,6e-05,0.0
grid_001022.txt,20,31,5,0.003,True,5.8e-05,0.0
grid_001024.txt,30,49,8,0.013105,True,8.2e-05,0.0
grid_001026.txt,20,31,5,0.003155,True,9.6e-05,0.0
grid_001028.txt,30,49,8,0.013063,True,0.000138,0.0
grid_001030.txt,30,49,8,0.012978,True,0.000141,0.0
grid_001032.txt,18,27,4,0.002022,True,9e-05,0.0
grid_001034.txt,20,31,5,0.003112,True,9.9e-05,0.0
grid_001036.txt,16,24,4,0.001834,True,8.2e-05,0.0
grid_001038.txt,24,38,6,0.004788,True,0.000117,0.0
grid_001040.txt,20,31,5,0.003158,True,0.000111,0.0
grid_001042.txt,16,24,4,0.001856,True,8.5e-05,0.0
grid_001044.txt,30,49,8,0.013119,True,0.000156,0.0
grid_001046.txt,25,40,6,0.00615,True,0.000124,0.0
grid_001048.txt,25,40,6,0.006456,True,0.000117,0.0
grid_001050.txt,30,49,8,0.014426,True,0.000142,0.0
grid_001052.txt,12,17,3,0.00093,True,6.6e-05,0.0
grid_001054.txt,9,12,2,0.00051,True,6.5e-05,0.0
grid_001056.txt,18,27,4,0.002038,True,9.2e-05,0.0
grid_001058.txt,15,22,3,0.00163,True,8.1e-05,0.0
grid_001060.txt,12,17,3,0.00092,True,6.6e-05,0.0
grid_001062.txt,12,17,3,0.000891,True,6.4e-05,0.0
grid_001064.txt,18,27,4,0.002073,True,9.6e-05,0.0
grid_001066.txt,18,27,4,0.002003,True,9.5e-05,0.0
grid_001068.txt,24,38,6,0.004762,True,0.000121,0.0
grid_001070.txt,12,17,3,0.000917,True,6.5e-05,0.0
grid_001072.txt,9,12,2,0.000506,True,4.7e-05,0.0
grid_001074.txt,20,31,5,0.00314,True,0.000103,0.0
grid_001076.txt,15,22,3,0.001363,True,7.8e-05,0.0
grid_001078.txt,30,49,8,0.013195,True,0.000128,0.0
grid_001080.txt,15,22,3,0.001387,True,8.2e-05,0.0
grid_001082.txt,20,31,5,0.003051,True,0.000105,0.0
grid_001084.txt,15,22,3,0.00165,True,7.7e-05,0.0
grid_001086.txt,12,17,3,0.000873,True,6.5e-05,0.0
grid_001088.txt,24,38,6,0.004796,True,0.000118,0.0
grid_001090.txt,15,22,3,0.001402,True,9.3e-05,0.0
grid_001092.txt,15,22,3,0.001566,True,7.1e-05,0.0
grid_001094.txt,25,40,6,0.006186,True,0.000142,0.0
grid_001096.txt,12,17,3,0.000943,True,6.5e-05,0.0
grid_001098.txt,24,38,6,0.004746,True,0.00012,0.0
grid_001100.txt,15,22,3,0.001603,True,7.3e-05,0.0
grid_001102.txt,9,12,2,0.000525,True,5.3e-05,0.0
grid_001104.txt,15,22,3,0.001329,True,7.4e-05,0.0
grid_001106.txt,24,38,6,0.004606,True,0.000112,0.0
grid_001108.txt,12,17,3,0.000951,True,8.3e-05,0.0
grid_001110.txt,9,12,2,0.000472,True,4.8e-05,0.0
grid_001112.txt,18,27,4,0.002363,True,9.6e-05,0.0
grid_001114.txt,16,24,4,0.001814,True,8.7e-05,0.0
grid_001116.txt,24,38,6,0.004699,True,0.000116,0.0
grid_001118.txt,20,31,5,0.003001,True,0.00011,0.0
grid_001120.txt,20,31,5,0.002989,True,0.00011,0.0
grid_001122.txt,20,31,5,0.003061,True,0.000112,0.0
grid_001124.txt,30,49,8,0.013046,True,0.00014,0.0
grid_001126.txt,15,22,3,0.001651,True,7.8e-05,0.0
grid_001128.txt,20,31,5,0.003028,True,9.3e-05,0.0
grid_001130.txt,9,12,2,0.000477,True,5.1e-05,0.0
grid_001132.txt,12,17,3,0.000928,True,8.6e-05,0.0
grid_001134.txt,24,38,6,0.004676,True,0.000114,0.0
grid_001136.txt,9,12,2,0.000464,True,5e-05,0.0
grid_001138.txt,30,49,8,0.018555,True,0.000137,0.0
grid_001140.txt,20,31,5,0.00381,True,0.000107,0.0
grid_001142.txt,24,38,6,0.004846,True,0.000119,0.0
grid_001144.txt,15,22,3,0.00163,True,7.3e-05,0.0
grid_001146.txt,18,27,4,0.002022,True,9.3e-05,0.0
grid_001148.txt,18,27,4,0.002042,True,0.000106,0.0
grid_001150.txt,20,31,5,0.003096,True,0.000105,0.0
grid_001152.txt,30,49,8,0.013134,True,0.000157,0.0
grid_001154.txt,9,12,2,0.000466,True,5.1e-05,0.0
grid_001156.txt,20,31,5,0.00317,True,0.000107,0.0
grid_001158.txt,16,24,4,0.00178,True,8.6e-05,0.0
grid_001160.txt,30,49,8,0.013132,True,0.000134,0.0
grid_001162.txt,24,38,6,0.004797,True,0.000118,0.0
grid_001164.txt,9,12,2,0.000456,True,4.9e-05,0.0
grid_001166.txt,12,17,3,0.000905,True,6.5e-05,0.0
grid_001168.txt,20,31,5,0.003126,True,0.000101,0.0
grid_001170.txt,12,17,3,0.000929,True,6.1e-05,0.0
grid_001172.txt,20,31,5,0.002958,True,0.000104,0.0
grid_001174.txt,20,31,5,0.002985,True,0.000108,0.0
grid_001176.txt,12,17,3,0.000904,True,6.4e-05,0.0
grid_001178.txt,20,31,5,0.003098,True,0.000109,0.0
grid_001180.txt,18,27,4,0.002071,True,9e-05,0.0
grid_001182.txt,15,22,3,0.001608,True,7.7e-05,0.0
grid_001184.txt,30,49,8,0.01296,True,0.000134,0.0
grid_001186.txt,18,27,4,0.002055,True,9.6e-05,0.0
grid_001188.txt,15,22,3,0.001632,True,7.9e-05,0.0
grid_001190.txt,15,22,3,0.001612,True,7.5e-05,0.0
grid_001192.txt,16,24,4,0.001799,True,0.00011,0.0
grid_001194.txt,15,22,3,0.001451,True,7.2e-05,0.0
grid_001196.txt,25,40,6,0.006241,True,0.000122,0.0
grid_001198.txt,30,49,8,0.013093,True,0.000133,0.0
grid_001200.txt,12,17,3,0.000918,True,6.4e-05,0.0
grid_001202.txt,20,31,5,0.00301,True,0.000109,0.0
grid_001204.txt,30,49,8,0.013672,True,0.000142,0.0
grid_001206.txt,20,31,5,0.003958,True,0.000105,0.0
grid_001208.txt,24,38,6,0.006679,True,0.00013,0.0
grid_001210.txt,20,31,5,0.003195,True,0.000112,0.0
grid_001212.txt,30,49,8,0.013263,True,0.000135,0.0
grid_001214.txt,16,24,4,0.001819,True,8.4e-05,0.0
grid_001216.txt,12,17,3,0.000928,True,6.6e-05,0.0
grid_001218.txt,18,27,4,0.002,True,8.8e-05,0.0
grid_001220.txt,9,12,2,0.000435,True,5e-05,0.0
grid_001222.txt,25,40,6,0.006138,True,0.000118,0.0
grid_001224.txt,18,27,4,0.002014,True,9.7e-05,0.0
grid_001226.txt,15,22,3,0.001375,True,7.5e-05,0.0
grid_001228.txt,24,38,6,0.004614,True,0.000129,0.0
grid_001230.txt,30,49,8,0.012887,True,0.000137,0.0
grid_001232.txt,18,27,4,0.002,True,9.2e-05,0.0
grid_001234.txt,12,17,3,0.000932,True,6.4e-05,0.0
grid_001236.txt,30,49,8,0.013236,True,0.00014,0.0
grid_001238.txt,20,31,5,0.003107,True,0.000146,0.0
grid_001240.txt,18,27,4,0.001892,True,5.2e-05,0.0
grid_001242.txt,20,31,5,0.002983,True,0.000133,0.0
grid_001244.txt,24,38,6,0.004702,True,6.6e-05,0.0
grid_001246.txt,20,31,5,0.003061,True,6.4e-05,0.0
grid_001248.txt,9,12,2,0.000387,True,3.2e-05,0.0
grid_001250.txt,20,31,5,0.002938,True,6e-05,0.0
grid_001252.txt,12,17,3,0.00083,True,4.1e-05,0.0
grid_001254.txt,20,31,5,0.002897,True,5.9e-05,0.0
grid_001256.txt,24,38,6,0.004973,True,6.6e-05,0.0
grid_001258.txt,9,12,2,0.000382,True,3.3e-05,0.0
grid_001260.txt,18,27,4,0.00193,True,5.3e-05,0.0
grid_001262.txt,12,17,3,0.000778,True,3.8e-05,0.0
grid_001264.txt,9,12,2,0.000397,True,3.2e-05,0.0
grid_001266.txt,15,22,3,0.001344,True,4.7e-05,0.0
grid_001268.txt,24,38,6,0.004721,True,6.6e-05,0.0
grid_001270.txt,24,38,6,0.005838,True,6.8e-05,0.0
grid_001272.txt,9,12,2,0.001305,True,8.7e-05,0.0
grid_001274.txt,16,24,4,0.006488,True,9.2e-05,0.0
grid_001276.txt,20,31,5,0.004748,True,0.000121,0.0
grid_001278.txt,15,22,3,0.001702,True,7.8e-05,0.0
grid_001280.txt,20,31,5,0.00532,True,0.000111,0.0
grid_001282.txt,15,22,3,0.004664,True,8e-05,0.0
grid_001284.txt,16,24,4,0.003906,True,9.3e-05,0.0
grid_001286.txt,16,24,4,0.004269,True,8.5e-05,0.0
grid_001288.txt,20,31,5,0.007634,True,0.000135,0.0
grid_001290.txt,9,12,2,0.00165,True,7.8e-05,0.0
grid_001292.txt,12,17,3,0.002335,True,9.8e-05,0.0
grid_001294.txt,20,31,5,0.007708,True,0.00018,0.0
grid_001296.txt,30,49,8,0.036887,True,0.000216,0.0
grid_001298.txt,15,22,3,0.005308,True,0.000148,0.0
grid_001300.txt,12,17,3,0.001449,True,0.000112,0.0
grid_001302.txt,25,40,6,0.006391,True,7.9e-05,0.0
grid_001304.txt,30,49,8,0.017356,True,8.9e-05,0.0
grid_001306.txt,15,22,3,0.001658,True,5.4e-05,0.0
grid_001308.txt,30,49,8,0.013848,True,8.8e-05,0.0
grid_001310.txt,20,31,5,0.003494,True,6.2e-05,0.0
grid_001312.txt,12,17,3,0.000882,True,4.1e-05,0.0
grid_001314.txt,20,31,5,0.002999,True,6e-05,0.0
grid_001316.txt,15,22,3,0.001317,True,4.4e-05,0.0
grid_001318.txt,16,24,4,0.001686,True,5e-05,0.0
grid_001320.txt,15,22,3,0.001312,True,4.8e-05,0.0
grid_001322.txt,16,24,4,0.001686,True,5.1e-05,0.0
grid_001324.txt,15,22,3,0.001543,True,4.6e-05,0.0
grid_001326.txt,12,17,3,0.000827,True,4e-05,0.0
grid_001328.txt,12,17,3,0.000854,True,5e-05,0.0
grid_001330.txt,20,31,5,0.00291,True,6.1e-05,0.0
grid_001332.txt,15,22,3,0.001325,True,5.5e-05,0.0
grid_001334.txt,16,24,4,0.002212,True,5e-05,0.0
grid_001336.txt,18,27,4,0.001996,True,5.5e-05,0.0
grid_001338.txt,24,38,6,0.004696,True,7e-05,0.0
grid_001340.txt,12,17,3,0.000815,True,3.9e-05,0.0
grid_001342.txt,15,22,3,0.001306,True,4.6e-05,0.0
grid_001344.txt,9,12,2,0.000345,True,2.9e-05,0.0
grid_001346.txt,9,12,2,0.000455,True,3.1e-05,0.0
grid_001348.txt,9,12,2,0.000388,True,3.1e-05,0.0
grid_001350.txt,30,49,8,0.013236,True,8.5e-05,0.0
grid_001352.txt,9,12,2,0.000392,True,3.8e-05,0.0
grid_001354.txt,20,31,5,0.002941,True,5.9e-05,0.0
grid_001356.txt,20,31,5,0.003019,True,5.9e-05,0.0
grid_001358.txt,16,24,4,0.001724,True,6.6e-05,0.0
grid_001360.txt,20,31,5,0.003079,True,0.000105,0.0
grid_001362.txt,9,12,2,0.000467,True,5.3e-05,0.0
grid_001364.txt,20,31,5,0.002973,True,0.000106,0.0
grid_001366.txt,25,40,6,0.006274,True,0.000151,0.0
grid_001368.txt,18,27,4,0.001992,True,9.5e-05,0.0
grid_001370.txt,24,38,6,0.004752,True,0.000123,0.0
grid_001372.txt,18,27,4,0.001996,True,9.4e-05,0.0
grid_001374.txt,12,17,3,0.000867,True,6.4e-05,0.0
grid_001376.txt,30,49,8,0.013681,True,0.000133,0.0
grid_001378.txt,9,12,2,0.000483,True,5.1e-05,0.0
grid_001380.txt,20,31,5,0.003054,True,0.000102,0.0
grid_001382.txt,15,22,3,0.00163,True,7.9e-05,0.0
grid_001384.txt,9,12,2,0.000467,True,4.9e-05,0.0
grid_001386.txt,30,49,8,0.012989,True,0.000134,0.0
grid_001388.txt,15,22,3,0.001419,True,8.9e-05,0.0
grid_001390.txt,30,49,8,0.016759,True,0.000129,0.0
grid_001392.txt,20,31,5,0.004631,True,0.000112,0.0
grid_001394.txt,18,27,4,0.002027,True,9.7e-05,0.0
grid_001396.txt,9,12,2,0.000448,True,5.1e-05,0.0
grid_001398.txt,12,17,3,0.000895,True,9.5e-05,0.0
grid_001400.txt,15,22,3,0.001649,True,7.6e-05,0.0
grid_001402.txt,16,24,4,0.001799,True,8.7e-05,0.0
grid_001404.txt,20,31,5,0.00308,True,0.000106,0.0
grid_001406.txt,30,49,8,0.013311,True,0.000134,0.0
grid_001408.txt,20,31,5,0.003128,True,0.000104,0.0
grid_001410.txt,24,38,6,0.00484,True,0.000119,0.0
grid_001412.txt,20,31,5,0.003096,True,0.000107,0.0
grid_001414.txt,16,24,4,0.00183,True,0.000108,0.0
grid_001416.txt,30,49,8,0.013105,True,0.000131,0.0
grid_001418.txt,12,17,3,0.00095,True,6.4e-05,0.0
grid_001420.txt,16,24,4,0.0019,True,8.5e-05,0.0
grid_001422.txt,12,17,3,0.000925,True,6.6e-05,0.0
grid_001424.txt,12,17,3,0.000911,True,6.4e-05,0.0
grid_001426.txt,9,12,2,0.000456,True,5e-05,0.0
grid_001428.txt,12,17,3,0.000895,True,9e-05,0.0
grid_001430.txt,12,17,3,0.000993,True,6.5e-05,0.0
grid_001432.txt,20,31,5,0.003055,True,0.000104,0.0
grid_001434.txt,12,17,3,0.00093,True,6.3e-05,0.0
grid_001436.txt,9,12,2,0.000455,True,5.3e-05,0.0
grid_001438.txt,12,17,3,0.000883,True,6.1e-05,0.0
grid_001440.txt,20,31,5,0.002976,True,0.000127,0.0
grid_001442.txt,12,17,3,0.000874,True,6.4e-05,0.0
grid_001444.txt,9,12,2,0.000477,True,4.7e-05,0.0
grid_001446.txt,15,22,3,0.001652,True,8.3e-05,0.0
grid_001448.txt,15,22,3,0.001452,True,0.000108,0.0
grid_001450.txt,20,31,5,0.003099,True,0.000108,0.0
grid_001452.txt,20,31,5,0.003027,True,0.000103,0.0
grid_001454.txt,24,38,6,0.004779,True,0.000118,0.0
grid_001456.txt,18,27,4,0.002012,True,9.3e-05,0.0
grid_001458.txt,15,22,3,0.001698,True,7.5e-05,0.0
grid_001460.txt,16,24,4,0.00183,True,8e-05,0.0
grid_001462.txt,20,31,5,0.003225,True,0.000133,0.0
grid_001464.txt,12,17,3,0.000923,True,6.3e-05,0.0
grid_001466.txt,15,22,3,0.001486,True,7.9e-05,0.0
grid_001468.txt,12,17,3,0.000943,True,6.8e-05,0.0
grid_001470.txt,30,49,8,0.012817,True,0.000144,0.0
grid_001472.txt,16,24,4,0.003029,True,9e-05,0.0
grid_001474.txt,15,22,3,0.001385,True,9.8e-05,0.0
grid_001476.txt,15,22,3,0.001394,True,7.7e-05,0.0
grid_001478.txt,9,12,2,0.000543,True,5.2e-05,0.0
grid_001480.txt,24,38,6,0.00472,True,0.000129,0.0
grid_001482.txt,20,31,5,0.003036,True,0.000108,0.0
grid_001484.txt,9,12,2,0.000524,True,8.7e-05,0.0
grid_001486.txt,24,38,6,0.004848,True,0.000113,0.0
grid_001488.txt,12,17,3,0.000956,True,6.2e-05,0.0
grid_001490.txt,20,31,5,0.003087,True,0.000108,0.0
grid_001492.txt,12,17,3,0.000902,True,6.2e-05,0.0
grid_001494.txt,18,27,4,0.002037,True,9.4e-05,0.0
grid_001496.txt,12,17,3,0.000807,True,4.9e-05,0.0
grid_001498.txt,12,17,3,0.000801,True,3.8e-05,0.0
grid_001500.txt,12,17,3,0.000831,True,4.4e-05,0.0
grid_001502.txt,18,27,4,0.001938,True,5.3e-05,0.0
grid_001504.txt,12,17,3,0.000865,True,3.8e-05,0.0
grid_001506.txt,12,17,3,0.000825,True,3.9e-05,0.0
grid_001508.txt,18,27,4,0.001985,True,5.2e-05,0.0
grid_001510.txt,12,17,3,0.000917,True,3.8e-05,0.0
grid_001512.txt,25,40,6,0.006131,True,7e-05,0.0
grid_001514.txt,12,17,3,0.000898,True,3.8e-05,0.0
grid_001516.txt,9,12,2,0.000417,True,3.2e-05,0.0
grid_001518.txt,20,31,5,0.003037,True,5.9e-05,0.0
grid_001520.txt,25,40,6,0.0062,True,6.9e-05,0.0
grid_001522.txt,20,31,5,0.003065,True,5.4e-05,0.0
grid_001524.txt,20,31,5,0.003023,True,5.7e-05,0.0
grid_001526.txt,24,38,6,0.004736,True,0.000124,0.0
grid_001528.txt,30,49,8,0.012972,True,8.4e-05,0.0
grid_001530.txt,20,31,5,0.003042,True,5.9e-05,0.0
grid_001532.txt,25,40,6,0.006091,True,0.00013,0.0
grid_001534.txt,16,24,4,0.001756,True,4.9e-05,0.0
grid_001536.txt,16,24,4,0.001766,True,4.9e-05,0.0
grid_001538.txt,12,17,3,0.000878,True,3.9e-05,0.0
grid_001540.txt,25,40,6,0.006654,True,6.8e-05,0.0
grid_001542.txt,24,38,6,0.004658,True,6.6e-05,0.0
grid_001544.txt,16,24,4,0.001746,True,4.8e-05,0.0
grid_001546.txt,30,49,8,0.013569,True,7.8e-05,0.0
grid_001548.txt,24,38,6,0.004656,True,6.7e-05,0.0
grid_001550.txt,20,31,5,0.002981,True,5.7e-05,0.0
grid_001552.txt,24,38,6,0.004611,True,6e-05,0.0
grid_001554.txt,12,17,3,0.00078,True,3.6e-05,0.0
grid_001556.txt,25,40,6,0.006155,True,6.7e-05,0.0
grid_001558.txt,20,31,5,0.002824,True,6.5e-05,0.0
grid_001560.txt,25,40,6,0.005969,True,7e-05,0.0
grid_001562.txt,24,38,6,0.004796,True,6.8e-05,0.0
grid_001564.txt,15,22,3,0.001481,True,4.5e-05,0.0
grid_001566.txt,16,24,4,0.001684,True,4.8e-05,0.0
grid_001568.txt,24,38,6,0.004634,True,6.4e-05,0.0
grid_001570.txt,18,27,4,0.001998,True,5.4e-05,0.0
grid_001572.txt,20,31,5,0.00299,True,6e-05,0.0
grid_001574.txt,30,49,8,0.013131,True,8.3e-05,0.0
grid_001576.txt,12,17,3,0.000899,True,6.3e-05,0.0
grid_001578.txt,15,22,3,0.00176,True,7.6e-05,0.0
grid_001580.txt,20,31,5,0.003102,True,0.00013,0.0
grid_001582.txt,20,31,5,0.003062,True,0.000106,0.0
grid_001584.txt,12,17,3,0.0009,True,6.4e-05,0.0
grid_001586.txt,25,40,6,0.006198,True,0.000121,0.0
grid_001588.txt,15,22,3,0.001627,True,7.7e-05,0.0
grid_001590.txt,12,17,3,0.000911,True,6.4e-05,0.0
grid_001592.txt,20,31,5,0.00319,True,0.000127,0.0
grid_001594.txt,12,17,3,0.000908,True,6.4e-05,0.0
grid_001596.txt,15,22,3,0.001672,True,7.7e-05,0.0
grid_001598.txt,16,24,4,0.001826,True,0.000109,0.0
grid_001600.txt,16,24,4,0.001773,True,8.4e-05,0.0
grid_001602.txt,20,31,5,0.003165,True,0.000102,0.0
grid_001604.txt,24,38,6,0.004766,True,0.000128,0.0
grid_001606.txt,30,49,8,0.014341,True,0.000133,0.0
grid_001608.txt,12,17,3,0.000935,True,6.3e-05,0.0
grid_001610.txt,25,40,6,0.00629,True,0.000116,0.0
grid_001612.txt,18,27,4,0.00216,True,9.3e-05,0.0
grid_001614.txt,20,31,5,0.005058,True,0.000114,0.0
grid_001616.txt,15,22,3,0.001487,True,7.6e-05,0.0
grid_001618.txt,25,40,6,0.006242,True,7.5e-05,0.0
grid_001620.txt,16,24,4,0.001687,True,4.9e-05,0.0
grid_001622.txt,15,22,3,0.00159,True,4.5e-05,0.0
grid_001624.txt,20,31,5,0.003061,True,5.4e-05,0.0
grid_001626.txt,30,49,8,0.013037,True,8.3e-05,0.0
grid_001628.txt,24,38,6,0.004704,True,7.1e-05,0.0
grid_001630.txt,9,12,2,0.000386,True,3.4e-05,0.0
grid_001632.txt,30,49,8,0.013198,True,8.2e-05,0.0
grid_001634.txt,12,17,3,0.000782,True,4e-05,0.0
grid_001636.txt,20,31,5,0.003036,True,5.8e-05,0.0
grid_001638.txt,15,22,3,0.002528,True,0.000118,0.0
grid_001640.txt,15,22,3,0.00164,True,4.7e-05,0.0
grid_001642.txt,24,38,6,0.00462,True,6.6e-05,0.0
grid_001644.txt,15,22,3,0.00155,True,4.6e-05,0.0
grid_001646.txt,30,49,8,0.013181,True,0.000139,0.0
grid_001648.txt,18,27,4,0.002037,True,5.8e-05,0.0
grid_001650.txt,18,27,4,0.001953,True,5.5e-05,0.0
grid_001652.txt,30,49,8,0.013244,True,9.2e-05,0.0
grid_001654.txt,9,12,2,0.000387,True,3.4e-05,0.0
grid_001656.txt,25,40,6,0.006178,True,0.000128,0.0
grid_001658.txt,16,24,4,0.001714,True,5.3e-05,0.0
grid_001660.txt,16,24,4,0.001772,True,9.4e-05,0.0
grid_001662.txt,20,31,5,0.002961,True,5.7e-05,0.0
grid_001664.txt,20,31,5,0.002971,True,5.7e-05,0.0
grid_001666.txt,15,22,3,0.00153,True,4.5e-05,0.0
grid_001668.txt,12,17,3,0.001881,True,3.9e-05,0.0
grid_001670.txt,9,12,2,0.000479,True,3.5e-05,0.0
grid_001672.txt,16,24,4,0.00189,True,5.2e-05,0.0
grid_001674.txt,18,27,4,0.002035,True,6.1e-05,0.0
grid_001676.txt,25,40,6,0.006027,True,7.5e-05,0.0
grid_001678.txt,16,24,4,0.001692,True,5.2e-05,0.0
grid_001680.txt,12,17,3,0.00083,True,3.8e-05,0.0
grid_001682.txt,24,38,6,0.004594,True,6.9e-05,0.0
grid_001684.txt,9,12,2,0.000488,True,4.2e-05,0.0
grid_001686.txt,24,38,6,0.004626,True,6.9e-05,0.0
grid_001688.txt,25,40,6,0.006144,True,7e-05,0.0
grid_001690.txt,18,27,4,0.001908,True,5.2e-05,0.0
grid_001692.txt,30,49,8,0.012933,True,8.3e-05,0.0
grid_001694.txt,25,40,6,0.006065,True,7.1e-05,0.0
grid_001696.txt,15,22,3,0.001316,True,4.6e-05,0.0
grid_001698.txt,18,27,4,0.0019,True,5.3e-05,0.0
grid_001700.txt,15,22,3,0.001547,True,4.8e-05,0.0
grid_001702.txt,24,38,6,0.004757,True,6.7e-05,0.0
grid_001704.txt,15,22,3,0.00222,True,0.000102,0.0
grid_001706.txt,30,49,8,0.012998,True,0.000168,0.0
grid_001708.txt,18,27,4,0.001933,True,5.6e-05,0.0
grid_001710.txt,15,22,3,0.001367,True,4.5e-05,0.0
grid_001712.txt,18,27,4,0.001967,True,5.3e-05,0.0
grid_001714.txt,15,22,3,0.00193,True,4.5e-05,0.0
grid_001716.txt,25,40,6,0.005994,True,7.2e-05,0.0
grid_001718.txt,18,27,4,0.002039,True,5.4e-05,0.0
grid_001720.txt,30,49,8,0.01322,True,9.1e-05,0.0
grid_001722.txt,15,22,3,0.001565,True,5e-05,0.0
grid_001724.txt,15,22,3,0.001563,True,4.3e-05,0.0
grid_001726.txt,16,24,4,0.001706,True,5.1e-05,0.0
grid_001728.txt,15,22,3,0.001335,True,4.9e-05,0.0
grid_001730.txt,12,17,3,0.000862,True,4.3e-05,0.0
grid_001732.txt,12,17,3,0.000841,True,4.2e-05,0.0
grid_001734.txt,16,24,4,0.001683,True,5.2e-05,0.0
grid_001736.txt,24,38,6,0.004839,True,7e-05,0.0
grid_001738.txt,12,17,3,0.001858,True,6.2e-05,0.0
grid_001740.txt,16,24,4,0.002543,True,8.6e-05,0.0
grid_001742.txt,16,24,4,0.001792,True,5.2e-05,0.0
grid_001744.txt,16,24,4,0.001831,True,4.9e-05,0.0
grid_001746.txt,12,17,3,0.000887,True,4.4e-05,0.0
grid_001748.txt,12,17,3,0.000864,True,9.6e-05,0.0
grid_001750.txt,20,31,5,0.003133,True,6.5e-05,0.0
grid_001752.txt,18,27,4,0.001999,True,5.4e-05,0.0
grid_001754.txt,18,27,4,0.001979,True,5.1e-05,0.0
grid_001756.txt,9,12,2,0.000386,True,3.3e-05,0.0
grid_001758.txt,20,31,5,0.003001,True,6e-05,0.0
grid_001760.txt,18,27,4,0.001932,True,5.5e-05,0.0
grid_001762.txt,20,31,5,0.003031,True,7.4e-05,0.0
grid_001764.txt,9,12,2,0.000389,True,3.4e-05,0.0
grid_001766.txt,16,24,4,0.001831,True,5.1e-05,0.0
grid_001768.txt,15,22,3,0.001611,True,4.7e-05,0.0
grid_001770.txt,20,31,5,0.00321,True,9.9e-05,0.0
grid_001772.txt,12,17,3,0.000847,True,3.9e-05,0.0
grid_001774.txt,30,49,8,0.013258,True,8.5e-05,0.0
grid_001776.txt,9,12,2,0.000411,True,3.6e-05,0.0
grid_001778.txt,30,49,8,0.013262,True,8.6e-05,0.0
grid_001780.txt,18,27,4,0.001992,True,5.8e-05,0.0
grid_001782.txt,18,27,4,0.001949,True,5.4e-05,0.0
grid_001784.txt,18,27,4,0.002005,True,5.5e-05,0.0
grid_001786.txt,30,49,8,0.013386,True,9.1e-05,0.0
grid_001788.txt,20,31,5,0.003165,True,5.7e-05,0.0
grid_001790.txt,15,22,3,0.001539,True,4.9e-05,0.0
grid_001792.txt,18,27,4,0.001968,True,5.4e-05,0.0
grid_001794.txt,20,31,5,0.003042,True,5.9e-05,0.0
grid_001796.txt,15,22,3,0.001599,True,5e-05,0.0
grid_001798.txt,20,31,5,0.003095,True,7e-05,0.0
grid_001800.txt,30,49,8,0.01302,True,8.3e-05,0.0
grid_001802.txt,18,27,4,0.002314,True,5.5e-05,0.0
grid_001804.txt,20,31,5,0.004935,True,0.000101,0.0
grid_001806.txt,20,31,5,0.003104,True,6.2e-05,0.0
grid_001808.txt,20,31,5,0.002971,True,5.8e-05,0.0
grid_001810.txt,16,24,4,0.001742,True,5e-05,0.0
grid_001812.txt,16,24,4,0.001667,True,4.8e-05,0.0
grid_001814.txt,16,24,4,0.001671,True,4.9e-05,0.0
grid_001816.txt,15,22,3,0.001355,True,4.6e-05,0.0
grid_001818.txt,16,24,4,0.001712,True,5e-05,0.0
grid_001820.txt,25,40,6,0.006062,True,9.3e-05,0.0
grid_001822.txt,25,40,6,0.006245,True,8.9e-05,0.0
grid_001824.txt,12,17,3,0.000807,True,4.1e-05,0.0
grid_001826.txt,12,17,3,0.000825,True,3.9e-05,0.0
grid_001828.txt,15,22,3,0.001537,True,6.3e-05,0.0
grid_001830.txt,25,40,6,0.006162,True,7.2e-05,0.0
grid_001832.txt,12,17,3,0.000903,True,3.9e-05,0.0
grid_001834.txt,25,40,6,0.006105,True,6.9e-05,0.0
grid_001836.txt,30,49,8,0.013239,True,8e-05,0.0
grid_001838.txt,20,31,5,0.003039,True,6.2e-05,0.0
grid_001840.txt,20,31,5,0.00328,True,5.8e-05,0.0
grid_001842.txt,30,49,8,0.013051,True,8.5e-05,0.0
grid_001844.txt,16,24,4,0.00171,True,5e-05,0.0
grid_001846.txt,15,22,3,0.001524,True,4.7e-05,0.0
grid_001848.txt,15,22,3,0.001537,True,4.5e-05,0.0
grid_001850.txt,25,40,6,0.006217,True,7e-05,0.0
grid_001852.txt,16,24,4,0.001776,True,5.1e-05,0.0
grid_001854.txt,15,22,3,0.001487,True,4.8e-05,0.0
grid_001856.txt,20,31,5,0.002919,True,6.1e-05,0.0
grid_001858.txt,12,17,3,0.000829,True,4e-05,0.0
grid_001860.txt,18,27,4,0.001955,True,5.4e-05,0.0
grid_001862.txt,12,17,3,0.000831,True,3.9e-05,0.0
grid_001864.txt,18,27,4,0.001952,True,0.000104,0.0
grid_001866.txt,12,17,3,0.00083,True,4e-05,0.0
grid_001868.txt,20,31,5,0.002973,True,6e-05,0.0
grid_001870.txt,12,17,3,0.001598,True,4.1e-05,0.0
grid_001872.txt,20,31,5,0.004063,True,0.000102,0.0
grid_001874.txt,20,31,5,0.002962,True,6.2e-05,0.0
grid_001876.txt,30,49,8,0.013598,True,8.3e-05,0.0
grid_001878.txt,18,27,4,0.001906,True,5.3e-05,0.0
grid_001880.txt,25,40,6,0.005997,True,7.1e-05,0.0
grid_001882.txt,18,27,4,0.001929,True,5.2e-05,0.0
grid_001884.txt,12,17,3,0.000798,True,3.9e-05,0.0
grid_001886.txt,20,31,5,0.002964,True,5.8e-05,0.0
grid_001888.txt,25,40,6,0.005999,True,6.9e-05,0.0
grid_001890.txt,25,40,6,0.006006,True,7e-05,0.0
grid_001892.txt,15,22,3,0.00153,True,4.8e-05,0.0
grid_001894.txt,20,31,5,0.00295,True,5.5e-05,0.0
grid_001896.txt,18,27,4,0.001835,True,8.5e-05,0.0
grid_001898.txt,9,12,2,0.000398,True,3.2e-05,0.0
grid_001900.txt,16,24,4,0.001693,True,4.8e-05,0.0
grid_001902.txt,15,22,3,0.001308,True,4.6e-05,0.0
grid_001904.txt,12,17,3,0.000797,True,3.8e-05,0.0
grid_001906.txt,18,27,4,0.001886,True,5.3e-05,0.0
grid_001908.txt,24,38,6,0.004477,True,6.2e-05,0.0
grid_001910.txt,30,49,8,0.012666,True,8.2e-05,0.0
grid_001912.txt,15,22,3,0.001578,True,3.9e-05,0.0
grid_001914.txt,15,22,3,0.001436,True,4.5e-05,0.0
grid_001916.txt,9,12,2,0.000516,True,3.3e-05,0.0
grid_001918.txt,24,38,6,0.004707,True,6.7e-05,0.0
grid_001920.txt,18,27,4,0.001943,True,5.6e-05,0.0
grid_001922.txt,15,22,3,0.001828,True,9.4e-05,0.0
grid_001924.txt,20,31,5,0.003045,True,5.7e-05,0.0
grid_001926.txt,20,31,5,0.002879,True,5.6e-05,0.0
grid_001928.txt,20,31,5,0.003023,True,5.8e-05,0.0
grid_001930.txt,12,17,3,0.000811,True,4e-05,0.0
grid_001932.txt,20,31,5,0.002954,True,7.2e-05,0.0
grid_001934.txt,18,27,4,0.001897,True,5.4e-05,0.0
grid_001936.txt,20,31,5,0.003391,True,5.8e-05,0.0
grid_001938.txt,25,40,6,0.006047,True,7.2e-05,0.0
grid_001940.txt,15,22,3,0.001568,True,4.7e-05,0.0
grid_001942.txt,15,22,3,0.00153,True,4.5e-05,0.0
grid_001944.txt,12,17,3,0.00082,True,3.8e-05,0.0
grid_001946.txt,12,17,3,0.000869,True,3.9e-05,0.0
grid_001948.txt,15,22,3,0.00163,True,4.4e-05,0.0
grid_001950.txt,25,40,6,0.006121,True,7.2e-05,0.0
grid_001952.txt,9,12,2,0.000346,True,3e-05,0.0
grid_001954.txt,12,17,3,0.000883,True,4.3e-05,0.0
grid_001956.txt,12,17,3,0.000833,True,5.7e-05,0.0
grid_001958.txt,30,49,8,0.012861,True,8.7e-05,0.0
grid_001960.txt,9,12,2,0.00037,True,3.2e-05,0.0
grid_001962.txt,18,27,4,0.001971,True,7.2e-05,0.0
grid_001964.txt,15,22,3,0.001303,True,4.7e-05,0.0
grid_001966.txt,12,17,3,0.000788,True,3.8e-05,0.0
grid_001968.txt,9,12,2,0.000371,True,3.1e-05,0.0
grid_001970.txt,12,17,3,0.00083,True,3.8e-05,0.0
grid_001972.txt,15,22,3,0.001641,True,9.4e-05,0.0
grid_001974.txt,20,31,5,0.002949,True,6e-05,0.0
grid_001976.txt,20,31,5,0.003117,True,6.2e-05,0.0
grid_001978.txt,20,31,5,0.002929,True,6.4e-05,0.0
grid_001980.txt,25,40,6,0.008397,True,7.3e-05,0.0
grid_001982.txt,12,17,3,0.000867,True,4.1e-05,0.0
grid_001984.txt,20,31,5,0.003005,True,6.7e-05,0.0
grid_001986.txt,25,40,6,0.006058,True,7.2e-05,0.0
grid_001988.txt,18,27,4,0.001925,True,7.2e-05,0.0
grid_001990.txt,12,17,3,0.000824,True,4e-05,0.0
grid_001992.txt,25,40,6,0.006,True,7e-05,0.0
grid_001994.txt,12,17,3,0.000843,True,4e-05,0.0
grid_001996.txt,15,22,3,0.001308,True,4.9e-05,0.0
grid_001998.txt,25,40,6,0.005991,True,7.1e-05,0.0
tree_000001.txt,17,16,0,4.3e-05,True,3.6e-05,0.0
tree_000003.txt,31,30,0,6e-05,True,5.4e-05,0.0
tree_000005.txt,30,29,0,5.5e-05,True,5e-05,0.0
tree_000007.txt,16,15,0,5.5e-05,True,3e-05,0.0
tree_000009.txt,35,34,0,6.7e-05,True,6e-05,0.0
tree_000011.txt,13,12,0,3.4e-05,True,2.8e-05,0.0
tree_000013.txt,17,16,0,3.9e-05,True,3.3e-05,0.0
tree_000015.txt,32,31,0,6.3e-05,True,5.7e-05,0.0
tree_000017.txt,22,21,0,0.000123,True,0.000114,0.0
tree_000019.txt,22,21,0,8.6e-05,True,7.5e-05,0.0
tree_000021.txt,22,21,0,8.3e-05,True,7.4e-05,0.0
tree_000023.txt,17,16,0,6.1e-05,True,5e-05,0.0
tree_000025.txt,26,25,0,8.3e-05,True,7.4e-05,0.0
tree_000027.txt,11,10,0,5.8e-05,True,3.3e-05,0.0
tree_000029.txt,21,20,0,7.1e-05,True,6.3e-05,0.0
tree_000031.txt,30,29,0,9.4e-05,True,8.6e-05,0.0
tree_000033.txt,31,30,0,0.0001,True,9.2e-05,0.0
tree_000035.txt,20,19,0,7e-05,True,6.2e-05,0.0
tree_000037.txt,20,19,0,7.1e-05,True,6.3e-05,0.0
tree_000039.txt,15,14,0,5.8e-05,True,5e-05,0.0
tree_000041.txt,23,22,0,7.9e-05,True,7.1e-05,0.0
tree_000043.txt,11,10,0,4.4e-05,True,3.7e-05,0.0
tree_000045.txt,25,24,0,8.2e-05,True,7.4e-05,0.0
tree_000047.txt,31,30,0,0.000109,True,0.000102,0.0
tree_000049.txt,35,34,0,0.000119,True,0.000111,0.0
tree_000051.txt,20,19,0,7e-05,True,6.2e-05,0.0
tree_000053.txt,20,19,0,7.1e-05,True,6.3e-05,0.0
tree_000055.txt,33,32,0,0.000105,True,9.8e-05,0.0
tree_000057.txt,29,28,0,9.1e-05,True,8.3e-05,0.0
tree_000059.txt,28,27,0,0.000101,True,9.3e-05,0.0
tree_000061.txt,33,32,0,0.000113,True,9.9e-05,0.0
tree_000063.txt,34,33,0,0.000157,True,0.000143,0.0
tree_000065.txt,32,31,0,0.000102,True,9.3e-05,0.0
tree_000067.txt,25,24,0,8.3e-05,True,7.5e-05,0.0
tree_000069.txt,17,16,0,5.8e-05,True,5.1e-05,0.0
tree_000071.txt,20,19,0,7e-05,True,6.2e-05,0.0
tree_000073.txt,15,14,0,5.3e-05,True,4.5e-05,0.0
tree_000075.txt,24,23,0,8.2e-05,True,7.5e-05,0.0
tree_000077.txt,34,33,0,0.000119,True,0.00011,0.0
tree_000079.txt,34,33,0,0.000142,True,0.000135,0.0
tree_000081.txt,23,22,0,8.1e-05,True,7.3e-05,0.0
tree_000083.txt,12,11,0,5e-05,True,4.2e-05,0.0
tree_000085.txt,32,31,0,0.000102,True,9.4e-05,0.0
tree_000087.txt,20,19,0,7e-05,True,6.2e-05,0.0
tree_000089.txt,10,9,0,4.4e-05,True,3.5e-05,0.0
tree_000091.txt,18,17,0,6.1e-05,True,5.2e-05,0.0
tree_000093.txt,20,19,0,7.7e-05,True,6.9e-05,0.0
tree_000095.txt,24,23,0,8.1e-05,True,7.2e-05,0.0
tree_000097.txt,23,22,0,8.3e-05,True,7.5e-05,0.0
tree_000099.txt,10,9,0,4.1e-05,True,3.2e-05,0.0
tree_000101.txt,12,11,0,5e-05,True,4.1e-05,0.0
tree_000103.txt,20,19,0,7e-05,True,6.2e-05,0.0
tree_000105.txt,16,15,0,7.1e-05,True,6.4e-05,0.0
tree_000107.txt,19,18,0,6.9e-05,True,6.2e-05,0.0
tree_000109.txt,35,34,0,0.000113,True,0.000106,0.0
tree_000111.txt,27,26,0,8.7e-05,True,7.9e-05,0.0
tree_000113.txt,18,17,0,6.5e-05,True,5.7e-05,0.0
tree_000115.txt,22,21,0,7.4e-05,True,6.5e-05,0.0
tree_000117.txt,22,21,0,7.7e-05,True,6.7e-05,0.0
tree_000119.txt,30,29,0,9.7e-05,True,8.9e-05,0.0
tree_000121.txt,13,12,0,5.1e-05,True,4.4e-05,0.0
tree_000123.txt,31,30,0,0.000103,True,9.5e-05,0.0
tree_000125.txt,19,18,0,7.2e-05,True,6.4e-05,0.0
tree_000127.txt,29,28,0,0.000126,True,0.000118,0.0
tree_000129.txt,21,20,0,7.5e-05,True,6.7e-05,0.0
tree_000131.txt,24,23,0,8.9e-05,True,8.2e-05,0.0
tree_000133.txt,15,14,0,5.9e-05,True,5.1e-05,0.0
tree_000135.txt,11,10,0,6e-05,True,5.3e-05,0.0
tree_000137.txt,28,27,0,9e-05,True,8.2e-05,0.0
tree_000139.txt,18,17,0,6.7e-05,True,5.9e-05,0.0
tree_000141.txt,14,13,0,5.4e-05,True,4.5e-05,0.0
tree_000143.txt,25,24,0,8.6e-05,True,7.7e-05,0.0
tree_000145.txt,35,34,0,0.0001,True,9.1e-05,0.0
tree_000147.txt,30,29,0,9.7e-05,True,8.9e-05,0.0
tree_000149.txt,13,12,0,5.1e-05,True,4.3e-05,0.0
tree_000151.txt,26,25,0,8.3e-05,True,7.5e-05,0.0
tree_000153.txt,15,14,0,5.7e-05,True,4.9e-05,0.0
tree_000155.txt,25,24,0,7.8e-05,True,7.1e-05,0.0
tree_000157.txt,35,34,0,0.000116,True,0.000104,0.0
tree_000159.txt,25,24,0,7.9e-05,True,7.1e-05,0.0
tree_000161.txt,31,30,0,0.000119,True,9.8e-05,0.0
tree_000163.txt,24,23,0,8.2e-05,True,7.3e-05,0.0
tree_000165.txt,16,15,0,5.7e-05,True,4.9e-05,0.0
tree_000167.txt,24,23,0,7.8e-05,True,7e-05,0.0
tree_000169.txt,27,26,0,8.8e-05,True,8.1e-05,0.0
tree_000171.txt,24,23,0,8.6e-05,True,7.7e-05,0.0
tree_000173.txt,21,20,0,7.1e-05,True,6.4e-05,0.0
tree_000175.txt,23,22,0,7.7e-05,True,6.9e-05,0.0
tree_000177.txt,11,10,0,4.3e-05,True,3.6e-05,0.0
tree_000179.txt,23,22,0,7.8e-05,True,7.1e-05,0.0
tree_000181.txt,28,27,0,7.6e-05,True,6.8e-05,0.0
tree_000183.txt,31,30,0,6e-05,True,5.4e-05,0.0
tree_000185.txt,26,25,0,5.4e-05,True,4.6e-05,0.0
tree_000187.txt,11,10,0,3e-05,True,2.4e-05,0.0
tree_000189.txt,26,25,0,5e-05,True,4.5e-05,0.0
tree_000191.txt,35,34,0,5.4e-05,True,4.9e-05,0.0
tree_000193.txt,10,9,0,2.8e-05,True,2.3e-05,0.0
tree_000195.txt,14,13,0,3.2e-05,True,2.7e-05,0.0
tree_000197.txt,12,11,0,2.9e-05,True,2.4e-05,0.0
tree_000199.txt,29,28,0,5e-05,True,4.5e-05,0.0
tree_000201.txt,29,28,0,5.1e-05,True,4.6e-05,0.0
tree_000203.txt,12,11,0,3.1e-05,True,2.5e-05,0.0
tree_000205.txt,26,25,0,4.9e-05,True,4.3e-05,0.0
tree_000207.txt,28,27,0,5.2e-05,True,4.7e-05,0.0
tree_000209.txt,11,10,0,2.9e-05,True,2.4e-05,0.0
tree_000211.txt,28,27,0,4.9e-05,True,4.4e-05,0.0
tree_000213.txt,23,22,0,4.5e-05,True,3.9e-05,0.0
tree_000215.txt,22,21,0,5.4e-05,True,4.8e-05,0.0
tree_000217.txt,16,15,0,4.5e-05,True,4e-05,0.0
tree_000219.txt,16,15,0,3.7e-05,True,3.2e-05,0.0
tree_000221.txt,20,19,0,4.6e-05,True,3.6e-05,0.0
tree_000223.txt,23,22,0,4.7e-05,True,4.1e-05,0.0
tree_000225.txt,20,19,0,4.3e-05,True,3.7e-05,0.0
tree_000227.txt,32,31,0,0.000112,True,0.000102,0.0
tree_000229.txt,14,13,0,3.6e-05,True,3e-05,0.0
tree_000231.txt,32,31,0,6.7e-05,True,6.1e-05,0.0
tree_000233.txt,12,11,0,3.1e-05,True,2.6e-05,0.0
tree_000235.txt,14,13,0,3.5e-05,True,3e-05,0.0
tree_000237.txt,13,12,0,3.3e-05,True,2.8e-05,0.0
tree_000239.txt,18,17,0,4.8e-05,True,4.3e-05,0.0
tree_000241.txt,17,16,0,4.3e-05,True,3.4e-05,0.0
tree_000243.txt,29,28,0,5.5e-05,True,4.9e-05,0.0
tree_000245.txt,29,28,0,5.3e-05,True,4.8e-05,0.0
tree_000247.txt,26,25,0,5e-05,True,4.4e-05,0.0
tree_000249.txt,19,18,0,4.1e-05,True,3.6e-05,0.0
tree_000251.txt,13,12,0,3.3e-05,True,2.7e-05,0.0
tree_000253.txt,27,26,0,5.3e-05,True,4.7e-05,0.0
tree_000255.txt,35,34,0,9.1e-05,True,8.4e-05,0.0
tree_000257.txt,33,32,0,6.2e-05,True,5.6e-05,0.0
tree_000259.txt,25,24,0,5e-05,True,4.4e-05,0.0
tree_000261.txt,16,15,0,3.8e-05,True,3.3e-05,0.0
tree_000263.txt,20,19,0,4e-05,True,3.5e-05,0.0
tree_000265.txt,35,34,0,6.2e-05,True,5.7e-05,0.0
tree_000267.txt,27,26,0,7.4e-05,True,6.7e-05,0.0
tree_000269.txt,26,25,0,0.000112,True,9e-05,0.0
tree_000271.txt,32,31,0,0.000135,True,0.000126,0.0
tree_000273.txt,30,29,0,0.000105,True,9.6e-05,0.0
tree_000275.txt,19,18,0,7.7e-05,True,6.9e-05,0.0
tree_000277.txt,29,28,0,0.000104,True,9.7e-05,0.0
tree_000279.txt,14,13,0,5.3e-05,True,4.6e-05,0.0
tree_000281.txt,32,31,0,0.000109,True,0.0001,0.0
tree_000283.txt,14,13,0,5.6e-05,True,4.9e-05,0.0
tree_000285.txt,10,9,0,4.4e-05,True,3.8e-05,0.0
tree_000287.txt,26,25,0,9e-05,True,8.2e-05,0.0
tree_000289.txt,24,23,0,7.2e-05,True,6.5e-05,0.0
tree_000291.txt,27,26,0,9e-05,True,8.3e-05,0.0
tree_000293.txt,16,15,0,5.8e-05,True,5e-05,0.0
tree_000295.txt,17,16,0,5.5e-05,True,4.7e-05,0.0
tree_000297.txt,29,28,0,0.000105,True,8.5e-05,0.0
tree_000299.txt,20,19,0,8.7e-05,True,7.3e-05,0.0
tree_000301.txt,34,33,0,0.000115,True,9.9e-05,0.0
tree_000303.txt,33,32,0,0.000122,True,0.000115,0.0
tree_000305.txt,32,31,0,0.000118,True,0.00011,0.0
tree_000307.txt,27,26,0,7.5e-05,True,6.8e-05,0.0
tree_000309.txt,15,14,0,5.7e-05,True,5e-05,0.0
tree_000311.txt,18,17,0,6.2e-05,True,5.4e-05,0.0
tree_000313.txt,35,34,0,0.000108,True,9.7e-05,0.0
tree_000315.txt,18,17,0,7.1e-05,True,6.3e-05,0.0
tree_000317.txt,15,14,0,5.8e-05,True,5e-05,0.0
tree_000319.txt,34,33,0,0.000107,True,0.0001,0.0
tree_000321.txt,29,28,0,0.000111,True,0.000102,0.0
tree_000323.txt,20,19,0,7.2e-05,True,6.4e-05,0.0
tree_000325.txt,34,33,0,0.000125,True,0.000116,0.0
tree_000327.txt,29,28,0,0.000102,True,9e-05,0.0
tree_000329.txt,30,29,0,0.000101,True,9.1e-05,0.0
tree_000331.txt,27,26,0,0.000102,True,9.5e-05,0.0
tree_000333.txt,34,33,0,0.000119,True,0.000112,0.0
tree_000335.txt,34,33,0,0.000112,True,0.000105,0.0
tree_000337.txt,30,29,0,0.000114,True,0.000107,0.0
tree_000339.txt,23,22,0,9.5e-05,True,8.6e-05,0.0
tree_000341.txt,25,24,0,8.7e-05,True,7.8e-05,0.0
tree_000343.txt,26,25,0,9e-05,True,8.2e-05,0.0
tree_000345.txt,23,22,0,8e-05,True,7.3e-05,0.0
tree_000347.txt,34,33,0,0.00014,True,0.000132,0.0
tree_000349.txt,15,14,0,5.9e-05,True,5.1e-05,0.0
tree_000351.txt,12,11,0,6.9e-05,True,6.1e-05,0.0
tree_000353.txt,25,24,0,7.4e-05,True,6.7e-05,0.0
tree_000355.txt,34,33,0,9.7e-05,True,8.9e-05,0.0
tree_000357.txt,13,12,0,5.3e-05,True,4.6e-05,0.0
tree_000359.txt,29,28,0,0.000108,True,9.5e-05,0.0
tree_000361.txt,15,14,0,5.9e-05,True,5.1e-05,0.0
tree_000363.txt,15,14,0,6e-05,True,5.2e-05,0.0
tree_000365.txt,10,9,0,4.5e-05,True,3.7e-05,0.0
tree_000367.txt,28,27,0,9.2e-05,True,8.4e-05,0.0
tree_000369.txt,17,16,0,6.5e-05,True,5.8e-05,0.0
tree_000371.txt,12,11,0,4.9e-05,True,4.1e-05,0.0
tree_000373.txt,22,21,0,9e-05,True,8.2e-05,0.0
tree_000375.txt,28,27,0,9.2e-05,True,8.5e-05,0.0
tree_000377.txt,12,11,0,7.3e-05,True,4.3e-05,0.0
tree_000379.txt,14,13,0,5.3e-05,True,4.5e-05,0.0
tree_000381.txt,35,34,0,0.000116,True,0.000108,0.0
tree_000383.txt,10,9,0,4.2e-05,True,3.4e-05,0.0
tree_000385.txt,24,23,0,9.5e-05,True,8.6e-05,0.0
tree_000387.txt,11,10,0,4.2e-05,True,3.4e-05,0.0
tree_000389.txt,31,30,0,0.000121,True,0.00011,0.0
tree_000391.txt,29,28,0,8.4e-05,True,7.7e-05,0.0
tree_000393.txt,21,20,0,6.8e-05,True,6.1e-05,0.0
tree_000395.txt,11,10,0,4.3e-05,True,3.6e-05,0.0
tree_000397.txt,30,29,0,9.4e-05,True,8.7e-05,0.0
tree_000399.txt,32,31,0,0.000104,True,9.2e-05,0.0
tree_000401.txt,26,25,0,8.1e-05,True,7.4e-05,0.0
tree_000403.txt,34,33,0,0.000116,True,0.000109,0.0
tree_000405.txt,12,11,0,6.2e-05,True,5.3e-05,0.0
tree_000407.txt,33,32,0,0.000107,True,0.0001,0.0
tree_000409.txt,20,19,0,7.1e-05,True,6.4e-05,0.0
tree_000411.txt,14,13,0,5.5e-05,True,4.7e-05,0.0
tree_000413.txt,20,19,0,7.9e-05,True,7.2e-05,0.0
tree_000415.txt,24,23,0,8.1e-05,True,7.4e-05,0.0
tree_000417.txt,15,14,0,5.6e-05,True,4.7e-05,0.0
tree_000419.txt,34,33,0,0.000111,True,0.000104,0.0
tree_000421.txt,31,30,0,0.000107,True,9.5e-05,0.0
tree_000423.txt,34,33,0,0.000108,True,0.000102,0.0
tree_000425.txt,31,30,0,0.000104,True,9.5e-05,0.0
tree_000427.txt,28,27,0,9.2e-05,True,8.4e-05,0.0
tree_000429.txt,14,13,0,5.4e-05,True,4.5e-05,0.0
tree_000431.txt,19,18,0,7.8e-05,True,6.9e-05,0.0
tree_000433.txt,26,25,0,8.9e-05,True,8e-05,0.0
tree_000435.txt,35,34,0,0.000116,True,0.000104,0.0
tree_000437.txt,33,32,0,0.000108,True,9.7e-05,0.0
tree_000439.txt,34,33,0,0.000108,True,0.0001,0.0
tree_000441.txt,23,22,0,7.8e-05,True,6.9e-05,0.0
tree_000443.txt,35,34,0,0.000104,True,9.7e-05,0.0
tree_000445.txt,23,22,0,7.3e-05,True,6.4e-05,0.0
tree_000447.txt,30,29,0,0.000116,True,0.000108,0.0
tree_000449.txt,31,30,0,9.9e-05,True,8.9e-05,0.0
tree_000451.txt,10,9,0,4.2e-05,True,3.4e-05,0.0
tree_000453.txt,33,32,0,0.000104,True,9.7e-05,0.0
tree_000455.txt,23,22,0,7.8e-05,True,7.2e-05,0.0
tree_000457.txt,14,13,0,5.2e-05,True,4.5e-05,0.0
tree_000459.txt,12,11,0,4.4e-05,True,3.8e-05,0.0
tree_000461.txt,20,19,0,6.8e-05,True,6e-05,0.0
tree_000463.txt,11,10,0,4.7e-05,True,3.8e-05,0.0
tree_000465.txt,19,18,0,6.8e-05,True,6e-05,0.0
tree_000467.txt,15,14,0,5.5e-05,True,4.7e-05,0.0
tree_000469.txt,16,15,0,5.4e-05,True,4.7e-05,0.0
tree_000471.txt,24,23,0,7.9e-05,True,7.1e-05,0.0
tree_000473.txt,13,12,0,5.2e-05,True,4.4e-05,0.0
tree_000475.txt,33,32,0,0.000132,True,0.000107,0.0
tree_000477.txt,24,23,0,7.9e-05,True,7.2e-05,0.0
tree_000479.txt,12,11,0,5.2e-05,True,4.4e-05,0.0
tree_000481.txt,27,26,0,9.6e-05,True,8.8e-05,0.0
tree_000483.txt,17,16,0,7.2e-05,True,6.4e-05,0.0
tree_000485.txt,19,18,0,6.6e-05,True,5.8e-05,0.0
tree_000487.txt,26,25,0,8e-05,True,7.3e-05,0.0
tree_000489.txt,34,33,0,0.000104,True,9.6e-05,0.0
tree_000491.txt,10,9,0,6.5e-05,True,5.6e-05,0.0
tree_000493.txt,19,18,0,6.1e-05,True,5.2e-05,0.0
tree_000495.txt,25,24,0,9.4e-05,True,8.4e-05,0.0
tree_000497.txt,14,13,0,8.6e-05,True,7.7e-05,0.0
tree_000499.txt,12,11,0,3.4e-05,True,2.7e-05,0.0
tree_000501.txt,12,11,0,3.3e-05,True,2.7e-05,0.0
tree_000503.txt,15,14,0,3.6e-05,True,3e-05,0.0
tree_000505.txt,14,13,0,3.4e-05,True,2.9e-05,0.0
tree_000507.txt,15,14,0,3.6e-05,True,3e-05,0.0
tree_000509.txt,14,13,0,3.1e-05,True,2.6e-05,0.0
tree_000511.txt,12,11,0,3.2e-05,True,2.6e-05,0.0
tree_000513.txt,18,17,0,3.8e-05,True,3.3e-05,0.0
tree_000515.txt,26,25,0,5e-05,True,4.4e-05,0.0
tree_000517.txt,28,27,0,5.4e-05,True,4.9e-05,0.0
tree_000519.txt,33,32,0,5.9e-05,True,5.3e-05,0.0
tree_000521.txt,33,32,0,6e-05,True,5.5e-05,0.0
tree_000523.txt,26,25,0,4.8e-05,True,4.3e-05,0.0
tree_000525.txt,35,34,0,5.8e-05,True,5.3e-05,0.0
tree_000527.txt,25,24,0,4.8e-05,True,4.2e-05,0.0
tree_000529.txt,22,21,0,4.6e-05,True,3.9e-05,0.0
tree_000531.txt,11,10,0,3.1e-05,True,2.5e-05,0.0
tree_000533.txt,18,17,0,6.6e-05,True,5.7e-05,0.0
tree_000535.txt,31,30,0,7.3e-05,True,6.6e-05,0.0
tree_000537.txt,10,9,0,3.3e-05,True,2.6e-05,0.0
tree_000539.txt,13,12,0,3.5e-05,True,2.9e-05,0.0
tree_000541.txt,25,24,0,5e-05,True,4.4e-05,0.0
tree_000543.txt,34,33,0,5.8e-05,True,5.3e-05,0.0
tree_000545.txt,13,12,0,3.6e-05,True,3.1e-05,0.0
tree_000547.txt,30,29,0,5.9e-05,True,5.2e-05,0.0
tree_000549.txt,15,14,0,5.1e-05,True,4.3e-05,0.0
tree_000551.txt,18,17,0,6.6e-05,True,5.7e-05,0.0
tree_000553.txt,12,11,0,5e-05,True,4.2e-05,0.0
tree_000555.txt,21,20,0,6.4e-05,True,5.5e-05,0.0
tree_000557.txt,24,23,0,8e-05,True,7.2e-05,0.0
tree_000559.txt,11,10,0,4.7e-05,True,3.8e-05,0.0
tree_000561.txt,31,30,0,0.000106,True,9.8e-05,0.0
tree_000563.txt,30,29,0,0.000113,True,0.000103,0.0
tree_000565.txt,30,29,0,9.5e-05,True,8.6e-05,0.0
tree_000567.txt,21,20,0,0.000103,True,9.4e-05,0.0
tree_000569.txt,23,22,0,7.9e-05,True,6.9e-05,0.0
tree_000571.txt,24,23,0,7.8e-05,True,6.9e-05,0.0
tree_000573.txt,23,22,0,9.7e-05,True,8.8e-05,0.0
tree_000575.txt,34,33,0,0.000104,True,9.6e-05,0.0
tree_000577.txt,23,22,0,7.9e-05,True,7e-05,0.0
tree_000579.txt,19,18,0,6.8e-05,True,6e-05,0.0
tree_000581.txt,21,20,0,7.2e-05,True,6.4e-05,0.0
tree_000583.txt,16,15,0,5.9e-05,True,5.1e-05,0.0
tree_000585.txt,31,30,0,0.000123,True,0.000105,0.0
tree_000587.txt,20,19,0,6.8e-05,True,5.9e-05,0.0
tree_000589.txt,18,17,0,6.4e-05,True,5.6e-05,0.0
tree_000591.txt,35,34,0,0.000103,True,9.5e-05,0.0
tree_000593.txt,28,27,0,0.000117,True,0.000109,0.0
tree_000595.txt,35,34,0,0.000111,True,9.9e-05,0.0
tree_000597.txt,35,34,0,0.000129,True,0.000121,0.0
tree_000599.txt,29,28,0,9.2e-05,True,8.4e-05,0.0
tree_000601.txt,31,30,0,9.5e-05,True,8.6e-05,0.0
tree_000603.txt,25,24,0,8.6e-05,True,7.8e-05,0.0
tree_000605.txt,33,32,0,0.000105,True,9.4e-05,0.0
tree_000607.txt,27,26,0,8.6e-05,True,7.6e-05,0.0
tree_000609.txt,29,28,0,9.4e-05,True,8.6e-05,0.0
tree_000611.txt,23,22,0,7.4e-05,True,6.6e-05,0.0
tree_000613.txt,13,12,0,5.2e-05,True,4.4e-05,0.0
tree_000615.txt,10,9,0,4.6e-05,True,3.9e-05,0.0
tree_000617.txt,12,11,0,7.5e-05,True,6.7e-05,0.0
tree_000619.txt,32,31,0,0.0001,True,9.3e-05,0.0
tree_000621.txt,22,21,0,7.9e-05,True,7e-05,0.0
tree_000623.txt,19,18,0,6.7e-05,True,6e-05,0.0
tree_000625.txt,16,15,0,7.5e-05,True,5e-05,0.0
tree_000627.txt,15,14,0,5.2e-05,True,4.4e-05,0.0
tree_000629.txt,20,19,0,7.4e-05,True,6.5e-05,0.0
tree_000631.txt,18,17,0,8e-05,True,7.2e-05,0.0
tree_000633.txt,20,19,0,6.8e-05,True,6e-05,0.0
tree_000635.txt,20,19,0,6.8e-05,True,6.1e-05,0.0
tree_000637.txt,34,33,0,0.00011,True,0.000103,0.0
tree_000639.txt,26,25,0,0.000109,True,0.000102,0.0
tree_000641.txt,23,22,0,7.6e-05,True,6.8e-05,0.0
tree_000643.txt,22,21,0,7.3e-05,True,6.5e-05,0.0
tree_000645.txt,27,26,0,8.9e-05,True,8e-05,0.0
tree_000647.txt,27,26,0,0.000109,True,0.000101,0.0
tree_000649.txt,25,24,0,8.5e-05,True,7.7e-05,0.0
tree_000651.txt,18,17,0,6.5e-05,True,5.8e-05,0.0
tree_000653.txt,14,13,0,5.4e-05,True,4.7e-05,0.0
tree_000655.txt,21,20,0,7.8e-05,True,7e-05,0.0
tree_000657.txt,11,10,0,4.9e-05,True,4.1e-05,0.0
tree_000659.txt,27,26,0,0.000117,True,0.00011,0.0
tree_000661.txt,33,32,0,0.000113,True,0.000105,0.0
tree_000663.txt,35,34,0,0.000115,True,0.000103,0.0
tree_000665.txt,10,9,0,4.9e-05,True,4e-05,0.0
tree_000667.txt,19,18,0,6.9e-05,True,6e-05,0.0
tree_000669.txt,12,11,0,5.2e-05,True,4.3e-05,0.0
tree_000671.txt,29,28,0,9.3e-05,True,8.5e-05,0.0
tree_000673.txt,16,15,0,5.9e-05,True,5.1e-05,0.0
tree_000675.txt,32,31,0,9.7e-05,True,8.9e-05,0.0
tree_000677.txt,15,14,0,5.8e-05,True,5e-05,0.0
tree_000679.txt,23,22,0,7.5e-05,True,6.7e-05,0.0
tree_000681.txt,26,25,0,8.1e-05,True,7.2e-05,0.0
tree_000683.txt,22,21,0,7.4e-05,True,6.5e-05,0.0
tree_000685.txt,15,14,0,7e-05,True,6.1e-05,0.0
tree_000687.txt,13,12,0,4.5e-05,True,3.7e-05,0.0
tree_000689.txt,21,20,0,7.7e-05,True,6.7e-05,0.0
tree_000691.txt,10,9,0,4.1e-05,True,3.3e-05,0.0
tree_000693.txt,21,20,0,7.3e-05,True,6.5e-05,0.0
tree_000695.txt,23,22,0,0.0001,True,9.2e-05,0.0
tree_000697.txt,11,10,0,6.7e-05,True,6e-05,0.0
tree_000699.txt,21,20,0,6.6e-05,True,5.8e-05,0.0
tree_000701.txt,26,25,0,8.5e-05,True,7.8e-05,0.0
tree_000703.txt,14,13,0,6.2e-05,True,5.4e-05,0.0
tree_000705.txt,20,19,0,7e-05,True,6e-05,0.0
tree_000707.txt,24,23,0,7.7e-05,True,6.8e-05,0.0
tree_000709.txt,32,31,0,0.000104,True,9.4e-05,0.0
tree_000711.txt,22,21,0,7.5e-05,True,6.7e-05,0.0
tree_000713.txt,30,29,0,9.9e-05,True,9.1e-05,0.0
tree_000715.txt,27,26,0,9.1e-05,True,8.3e-05,0.0
tree_000717.txt,20,19,0,8.1e-05,True,7.4e-05,0.0
tree_000719.txt,31,30,0,9.8e-05,True,9.1e-05,0.0
tree_000721.txt,21,20,0,7.8e-05,True,6.9e-05,0.0
tree_000723.txt,26,25,0,0.000136,True,0.000128,0.0
tree_000725.txt,27,26,0,9.3e-05,True,8.4e-05,0.0
tree_000727.txt,15,14,0,6e-05,True,5.3e-05,0.0
tree_000729.txt,33,32,0,0.000139,True,0.000112,0.0
tree_000731.txt,22,21,0,9.2e-05,True,8.5e-05,0.0
tree_000733.txt,31,30,0,0.00012,True,0.000113,0.0
tree_000735.txt,12,11,0,4.9e-05,True,4.2e-05,0.0
tree_000737.txt,35,34,0,0.000116,True,0.000109,0.0
tree_000739.txt,24,23,0,8.2e-05,True,7.5e-05,0.0
tree_000741.txt,12,11,0,5.7e-05,True,4.9e-05,0.0
tree_000743.txt,11,10,0,4.8e-05,True,4e-05,0.0
tree_000745.txt,22,21,0,7.6e-05,True,6.8e-05,0.0
tree_000747.txt,15,14,0,5.9e-05,True,5.1e-05,0.0
tree_000749.txt,14,13,0,5.1e-05,True,4.4e-05,0.0
tree_000751.txt,22,21,0,7.1e-05,True,6.3e-05,0.0
tree_000753.txt,13,12,0,8.4e-05,True,7.6e-05,0.0
tree_000755.txt,23,22,0,8.1e-05,True,7.3e-05,0.0
tree_000757.txt,28,27,0,0.000106,True,9.4e-05,0.0
tree_000759.txt,31,30,0,9.8e-05,True,9.2e-05,0.0
tree_000761.txt,13,12,0,5e-05,True,4.2e-05,0.0
tree_000763.txt,12,11,0,5.2e-05,True,4.4e-05,0.0
tree_000765.txt,17,16,0,6.2e-05,True,5.3e-05,0.0
tree_000767.txt,21,20,0,7e-05,True,6.3e-05,0.0
tree_000769.txt,32,31,0,0.000131,True,0.000124,0.0
tree_000771.txt,14,13,0,5.2e-05,True,4.5e-05,0.0
tree_000773.txt,26,25,0,0.000118,True,0.000111,0.0
tree_000775.txt,28,27,0,0.000119,True,0.000111,0.0
tree_000777.txt,25,24,0,8.6e-05,True,7.8e-05,0.0
tree_000779.txt,13,12,0,5.3e-05,True,4.5e-05,0.0
tree_000781.txt,22,21,0,7.6e-05,True,6.8e-05,0.0
tree_000783.txt,15,14,0,5.5e-05,True,4.6e-05,0.0
tree_000785.txt,21,20,0,7.6e-05,True,6.7e-05,0.0
tree_000787.txt,32,31,0,0.000122,True,0.000114,0.0
tree_000789.txt,31,30,0,0.000109,True,0.000102,0.0
tree_000791.txt,17,16,0,6.2e-05,True,5.5e-05,0.0
tree_000793.txt,10,9,0,4.5e-05,True,3.8e-05,0.0
tree_000795.txt,22,21,0,7.7e-05,True,7e-05,0.0
tree_000797.txt,10,9,0,3.8e-05,True,3.2e-05,0.0
tree_000799.txt,23,22,0,8.1e-05,True,7.3e-05,0.0
tree_000801.txt,25,24,0,8.5e-05,True,7.7e-05,0.0
tree_000803.txt,15,14,0,5.6e-05,True,4.8e-05,0.0
tree_000805.txt,29,28,0,0.000118,True,0.000111,0.0
tree_000807.txt,27,26,0,8.6e-05,True,7.8e-05,0.0
tree_000809.txt,30,29,0,6.1e-05,True,5.4e-05,0.0
tree_000811.txt,22,21,0,4.7e-05,True,4.1e-05,0.0
tree_000813.txt,28,27,0,5.3e-05,True,4.8e-05,0.0
tree_000815.txt,26,25,0,4.7e-05,True,4.2e-05,0.0
tree_000817.txt,20,19,0,4.3e-05,True,3.7e-05,0.0
tree_000819.txt,23,22,0,4.9e-05,True,4.2e-05,0.0
tree_000821.txt,24,23,0,5e-05,True,4.4e-05,0.0
tree_000823.txt,27,26,0,5e-05,True,4.4e-05,0.0
tree_000825.txt,13,12,0,3.3e-05,True,2.8e-05,0.0
tree_000827.txt,27,26,0,5.3e-05,True,4.8e-05,0.0
tree_000829.txt,24,23,0,4.7e-05,True,4.2e-05,0.0
tree_000831.txt,30,29,0,5.4e-05,True,4.8e-05,0.0
tree_000833.txt,17,16,0,3.9e-05,True,3.3e-05,0.0
tree_000835.txt,13,12,0,3.4e-05,True,2.8e-05,0.0
tree_000837.txt,30,29,0,5.5e-05,True,4.9e-05,0.0
tree_000839.txt,25,24,0,4.7e-05,True,4.2e-05,0.0
tree_000841.txt,26,25,0,4.9e-05,True,4.4e-05,0.0
tree_000843.txt,23,22,0,4.7e-05,True,4.2e-05,0.0
tree_000845.txt,31,30,0,6.9e-05,True,6.3e-05,0.0
tree_000847.txt,17,16,0,3.6e-05,True,3.1e-05,0.0
tree_000849.txt,14,13,0,3.4e-05,True,2.9e-05,0.0
tree_000851.txt,28,27,0,5.7e-05,True,5.1e-05,0.0
tree_000853.txt,23,22,0,4.6e-05,True,4e-05,0.0
tree_000855.txt,34,33,0,6.3e-05,True,5.8e-05,0.0
tree_000857.txt,13,12,0,3.4e-05,True,2.8e-05,0.0
tree_000859.txt,35,34,0,9.1e-05,True,8.5e-05,0.0
tree_000861.txt,19,18,0,4e-05,True,3.5e-05,0.0
tree_000863.txt,13,12,0,3.2e-05,True,2.7e-05,0.0
tree_000865.txt,31,30,0,5.6e-05,True,5.1e-05,0.0
tree_000867.txt,30,29,0,5.3e-05,True,4.7e-05,0.0
tree_000869.txt,35,34,0,6.1e-05,True,5.5e-05,0.0
tree_000871.txt,12,11,0,3.2e-05,True,2.6e-05,0.0
tree_000873.txt,30,29,0,5.5e-05,True,5e-05,0.0
tree_000875.txt,34,33,0,7.3e-05,True,6.7e-05,0.0
tree_000877.txt,34,33,0,6.1e-05,True,5.5e-05,0.0
tree_000879.txt,16,15,0,4e-05,True,3.5e-05,0.0
tree_000881.txt,19,18,0,3.9e-05,True,3.4e-05,0.0
tree_000883.txt,21,20,0,4.3e-05,True,3.8e-05,0.0
tree_000885.txt,16,15,0,3.3e-05,True,2.9e-05,0.0
tree_000887.txt,15,14,0,3.9e-05,True,3.2e-05,0.0
tree_000889.txt,30,29,0,5.5e-05,True,5e-05,0.0
tree_000891.txt,31,30,0,5e-05,True,4.5e-05,0.0
tree_000893.txt,22,21,0,4.3e-05,True,3.7e-05,0.0
tree_000895.txt,22,21,0,4.4e-05,True,3.8e-05,0.0
tree_000897.txt,11,10,0,3.2e-05,True,2.6e-05,0.0
tree_000899.txt,17,16,0,3.9e-05,True,3.3e-05,0.0
tree_000901.txt,14,13,0,3e-05,True,2.5e-05,0.0
tree_000903.txt,12,11,0,3.2e-05,True,2.7e-05,0.0
tree_000905.txt,19,18,0,4.4e-05,True,3.4e-05,0.0
tree_000907.txt,21,20,0,6e-05,True,5.5e-05,0.0
tree_000909.txt,28,27,0,7.5e-05,True,6.8e-05,0.0
tree_000911.txt,19,18,0,4.7e-05,True,4e-05,0.0
tree_000913.txt,30,29,0,6.3e-05,True,5.5e-05,0.0
tree_000915.txt,20,19,0,4.5e-05,True,3.9e-05,0.0
tree_000917.txt,16,15,0,3.5e-05,True,2.9e-05,0.0
tree_000919.txt,34,33,0,6.3e-05,True,5.8e-05,0.0
tree_000921.txt,25,24,0,4.8e-05,True,4.3e-05,0.0
tree_000923.txt,16,15,0,5.6e-05,True,5e-05,0.0
tree_000925.txt,23,22,0,4.6e-05,True,4.1e-05,0.0
tree_000927.txt,29,28,0,5.9e-05,True,5.2e-05,0.0
tree_000929.txt,11,10,0,3.2e-05,True,2.6e-05,0.0
tree_000931.txt,12,11,0,3.5e-05,True,2.9e-05,0.0
tree_000933.txt,13,12,0,3.4e-05,True,2.9e-05,0.0
tree_000935.txt,21,20,0,4.5e-05,True,4e-05,0.0
tree_000937.txt,19,18,0,5.2e-05,True,4.7e-05,0.0
tree_000939.txt,18,17,0,4.2e-05,True,3.6e-05,0.0
tree_000941.txt,30,29,0,6.8e-05,True,6.3e-05,0.0
tree_000943.txt,23,22,0,4.4e-05,True,3.9e-05,0.0
tree_000945.txt,34,33,0,5.8e-05,True,5.3e-05,0.0
tree_000947.txt,17,16,0,5.2e-05,True,4.5e-05,0.0
tree_000949.txt,23,22,0,5.9e-05,True,5.2e-05,0.0
tree_000951.txt,29,28,0,6.8e-05,True,6.2e-05,0.0
tree_000953.txt,26,25,0,5e-05,True,4.5e-05,0.0
tree_000955.txt,15,14,0,3.3e-05,True,2.7e-05,0.0
tree_000957.txt,22,21,0,4.1e-05,True,3.6e-05,0.0
tree_000959.txt,12,11,0,3e-05,True,2.5e-05,0.0
tree_000961.txt,27,26,0,4.3e-05,True,3.8e-05,0.0
tree_000963.txt,27,26,0,4.6e-05,True,4.1e-05,0.0
tree_000965.txt,20,19,0,4.5e-05,True,3.8e-05,0.0
tree_000967.txt,18,17,0,4.1e-05,True,3.5e-05,0.0
tree_000969.txt,32,31,0,5.8e-05,True,5.2e-05,0.0
tree_000971.txt,18,17,0,4.1e-05,True,3.5e-05,0.0
tree_000973.txt,17,16,0,3.6e-05,True,3.1e-05,0.0
tree_000975.txt,28,27,0,4.7e-05,True,4.2e-05,0.0
tree_000977.txt,30,29,0,4.6e-05,True,4.2e-05,0.0
tree_000979.txt,28,27,0,4.7e-05,True,4.3e-05,0.0
tree_000981.txt,16,15,0,4.7e-05,True,4.2e-05,0.0
tree_000983.txt,33,32,0,5.6e-05,True,5.1e-05,0.0
tree_000985.txt,30,29,0,5.7e-05,True,5.1e-05,0.0
tree_000987.txt,11,10,0,2.9e-05,True,2.3e-05,0.0
tree_000989.txt,24,23,0,6.4e-05,True,5.8e-05,0.0
tree_000991.txt,19,18,0,4.1e-05,True,3.5e-05,0.0
tree_000993.txt,17,16,0,4.3e-05,True,3.8e-05,0.0
tree_000995.txt,27,26,0,5.2e-05,True,4.6e-05,0.0
tree_000997.txt,15,14,0,4.6e-05,True,4e-05,0.0
tree_000999.txt,25,24,0,4.6e-05,True,4.1e-05,0.0
tree_001001.txt,29,28,0,5.1e-05,True,4.6e-05,0.0
tree_001003.txt,30,29,0,5.7e-05,True,5.1e-05,0.0
tree_001005.txt,27,26,0,4.9e-05,True,4.4e-05,0.0
tree_001007.txt,22,21,0,6.1e-05,True,5.4e-05,0.0
tree_001009.txt,29,28,0,9.7e-05,True,8.9e-05,0.0
tree_001011.txt,25,24,0,4.7e-05,True,4.1e-05,0.0
tree_001013.txt,17,16,0,3.9e-05,True,3.4e-05,0.0
tree_001015.txt,29,28,0,5.7e-05,True,5.2e-05,0.0
tree_001017.txt,35,34,0,7e-05,True,6.5e-05,0.0
tree_001019.txt,27,26,0,5.4e-05,True,4.8e-05,0.0
tree_001021.txt,33,32,0,5.3e-05,True,4.8e-05,0.0
tree_001023.txt,16,15,0,3.4e-05,True,2.8e-05,0.0
tree_001025.txt,23,22,0,4.4e-05,True,3.9e-05,0.0
tree_001027.txt,18,17,0,3.5e-05,True,3e-05,0.0
tree_001029.txt,29,28,0,5.3e-05,True,4.8e-05,0.0
tree_001031.txt,20,19,0,3.7e-05,True,3.2e-05,0.0
tree_001033.txt,21,20,0,3.8e-05,True,3.3e-05,0.0
tree_001035.txt,24,23,0,4.8e-05,True,4.2e-05,0.0
tree_001037.txt,12,11,0,3.3e-05,True,2.7e-05,0.0
tree_001039.txt,33,32,0,5.6e-05,True,5.1e-05,0.0
tree_001041.txt,23,22,0,4.4e-05,True,3.9e-05,0.0
tree_001043.txt,16,15,0,4e-05,True,3.5e-05,0.0
tree_001045.txt,17,16,0,3.8e-05,True,3.2e-05,0.0
tree_001047.txt,30,29,0,5.5e-05,True,4.9e-05,0.0
tree_001049.txt,13,12,0,8.6e-05,True,7.9e-05,0.0
tree_001051.txt,27,26,0,5.6e-05,True,5e-05,0.0
tree_001053.txt,14,13,0,3.2e-05,True,2.7e-05,0.0
tree_001055.txt,12,11,0,3.3e-05,True,2.8e-05,0.0
tree_001057.txt,11,10,0,2.9e-05,True,2.4e-05,0.0
tree_001059.txt,28,27,0,7.3e-05,True,6.8e-05,0.0
tree_001061.txt,12,11,0,3.1e-05,True,2.6e-05,0.0
tree_001063.txt,25,24,0,4.8e-05,True,4.3e-05,0.0
tree_001065.txt,33,32,0,5.8e-05,True,5.2e-05,0.0
tree_001067.txt,23,22,0,4.5e-05,True,4e-05,0.0
tree_001069.txt,32,31,0,5.9e-05,True,5.3e-05,0.0
tree_001071.txt,32,31,0,5.5e-05,True,4.9e-05,0.0
tree_001073.txt,24,23,0,4.8e-05,True,4.2e-05,0.0
tree_001075.txt,26,25,0,4.9e-05,True,4.3e-05,0.0
tree_001077.txt,31,30,0,5.7e-05,True,5.1e-05,0.0
tree_001079.txt,24,23,0,4.5e-05,True,4e-05,0.0
tree_001081.txt,34,33,0,7.4e-05,True,6.7e-05,0.0
tree_001083.txt,27,26,0,4.9e-05,True,4.3e-05,0.0
tree_001085.txt,31,30,0,5.7e-05,True,5.1e-05,0.0
tree_001087.txt,14,13,0,3.1e-05,True,2.6e-05,0.0
tree_001089.txt,20,19,0,4.1e-05,True,3.5e-05,0.0
tree_001091.txt,19,18,0,4.1e-05,True,3.5e-05,0.0
tree_001093.txt,33,32,0,5.8e-05,True,5.3e-05,0.0
tree_001095.txt,20,19,0,4e-05,True,3.5e-05,0.0
tree_001097.txt,22,21,0,4.4e-05,True,3.9e-05,0.0
tree_001099.txt,24,23,0,4.5e-05,True,4e-05,0.0
tree_001101.txt,22,21,0,8.9e-05,True,8.2e-05,0.0
tree_001103.txt,30,29,0,8.3e-05,True,7.7e-05,0.0
tree_001105.txt,32,31,0,5.6e-05,True,5e-05,0.0
tree_001107.txt,20,19,0,4.1e-05,True,3.6e-05,0.0
tree_001109.txt,23,22,0,4.7e-05,True,4.1e-05,0.0
tree_001111.txt,25,24,0,4.6e-05,True,4.1e-05,0.0
tree_001113.txt,25,24,0,4.9e-05,True,4.3e-05,0.0
tree_001115.txt,34,33,0,5.9e-05,True,5.3e-05,0.0
tree_001117.txt,33,32,0,5.4e-05,True,4.9e-05,0.0
tree_001119.txt,19,18,0,3.9e-05,True,3.3e-05,0.0
tree_001121.txt,31,30,0,6.8e-05,True,6.3e-05,0.0
tree_001123.txt,21,20,0,4.3e-05,True,3.7e-05,0.0
tree_001125.txt,30,29,0,5.4e-05,True,4.8e-05,0.0
tree_001127.txt,27,26,0,5.1e-05,True,4.6e-05,0.0
tree_001129.txt,21,20,0,4.2e-05,True,3.7e-05,0.0
tree_001131.txt,33,32,0,5.9e-05,True,5.4e-05,0.0
tree_001133.txt,23,22,0,4.7e-05,True,4.2e-05,0.0
tree_001135.txt,19,18,0,4e-05,True,3.4e-05,0.0
tree_001137.txt,23,22,0,4.4e-05,True,3.8e-05,0.0
tree_001139.txt,29,28,0,5.3e-05,True,4.8e-05,0.0
tree_001141.txt,17,16,0,3.6e-05,True,3.1e-05,0.0
tree_001143.txt,10,9,0,3.1e-05,True,2.5e-05,0.0
tree_001145.txt,23,22,0,4.9e-05,True,4.3e-05,0.0
tree_001147.txt,29,28,0,5.6e-05,True,5e-05,0.0
tree_001149.txt,20,19,0,4.2e-05,True,3.7e-05,0.0
tree_001151.txt,29,28,0,7.1e-05,True,5.1e-05,0.0
tree_001153.txt,26,25,0,5e-05,True,4.4e-05,0.0
tree_001155.txt,32,31,0,5.7e-05,True,5.2e-05,0.0
tree_001157.txt,28,27,0,5.4e-05,True,4.8e-05,0.0
tree_001159.txt,28,27,0,5.5e-05,True,4.8e-05,0.0
tree_001161.txt,13,12,0,3.5e-05,True,2.8e-05,0.0
tree_001163.txt,17,16,0,4.3e-05,True,3.6e-05,0.0
tree_001165.txt,15,14,0,3.8e-05,True,3.1e-05,0.0
tree_001167.txt,34,33,0,6e-05,True,5.4e-05,0.0
tree_001169.txt,28,27,0,5.1e-05,True,4.6e-05,0.0
tree_001171.txt,18,17,0,3.6e-05,True,3.1e-05,0.0
tree_001173.txt,27,26,0,4.9e-05,True,4.4e-05,0.0
tree_001175.txt,22,21,0,4.5e-05,True,3.9e-05,0.0
tree_001177.txt,24,23,0,4.8e-05,True,4.1e-05,0.0
tree_001179.txt,14,13,0,3.2e-05,True,2.7e-05,0.0
tree_001181.txt,19,18,0,4.3e-05,True,3.7e-05,0.0
tree_001183.txt,10,9,0,3.2e-05,True,2.6e-05,0.0
tree_001185.txt,26,25,0,5.6e-05,True,4.8e-05,0.0
tree_001187.txt,11,10,0,3.2e-05,True,2.6e-05,0.0
tree_001189.txt,22,21,0,4.3e-05,True,3.7e-05,0.0
tree_001191.txt,34,33,0,7.2e-05,True,6.7e-05,0.0
tree_001193.txt,28,27,0,0.000103,True,9.5e-05,0.0
tree_001195.txt,30,29,0,0.00011,True,9.6e-05,0.0
tree_001197.txt,25,24,0,5.5e-05,True,4.8e-05,0.0
tree_001199.txt,35,34,0,6.6e-05,True,6e-05,0.0
tree_001201.txt,34,33,0,6.1e-05,True,5.5e-05,0.0
tree_001203.txt,14,13,0,3.5e-05,True,3e-05,0.0
tree_001205.txt,19,18,0,4.2e-05,True,3.6e-05,0.0
tree_001207.txt,23,22,0,5e-05,True,4.3e-05,0.0
tree_001209.txt,17,16,0,4.1e-05,True,3.4e-05,0.0
tree_001211.txt,31,30,0,5.9e-05,True,5.3e-05,0.0
tree_001213.txt,35,34,0,6.2e-05,True,5.6e-05,0.0
tree_001215.txt,32,31,0,5.8e-05,True,5.2e-05,0.0
tree_001217.txt,12,11,0,3.1e-05,True,2.5e-05,0.0
tree_001219.txt,35,34,0,6.5e-05,True,6e-05,0.0
tree_001221.txt,31,30,0,5.8e-05,True,5.2e-05,0.0
tree_001223.txt,27,26,0,5.4e-05,True,4.8e-05,0.0
tree_001225.txt,31,30,0,6.5e-05,True,5.9e-05,0.0
tree_001227.txt,16,15,0,4e-05,True,3.4e-05,0.0
tree_001229.txt,14,13,0,3.6e-05,True,3e-05,0.0
tree_001231.txt,25,24,0,4.8e-05,True,4.2e-05,0.0
tree_001233.txt,15,14,0,3.8e-05,True,3.2e-05,0.0
tree_001235.txt,34,33,0,7.2e-05,True,6.5e-05,0.0
tree_001237.txt,18,17,0,8.1e-05,True,3.3e-05,0.0
tree_001239.txt,32,31,0,0.000133,True,0.000126,0.0
tree_001241.txt,29,28,0,5.8e-05,True,5.1e-05,0.0
tree_001243.txt,14,13,0,3.9e-05,True,3.2e-05,0.0
tree_001245.txt,22,21,0,5e-05,True,4.2e-05,0.0
tree_001247.txt,28,27,0,5.6e-05,True,4.9e-05,0.0
tree_001249.txt,22,21,0,4.7e-05,True,4e-05,0.0
tree_001251.txt,32,31,0,6.1e-05,True,5.5e-05,0.0
tree_001253.txt,17,16,0,3.8e-05,True,3.2e-05,0.0
tree_001255.txt,28,27,0,5.6e-05,True,4.9e-05,0.0
tree_001257.txt,25,24,0,5e-05,True,4.4e-05,0.0
tree_001259.txt,23,22,0,5e-05,True,4.4e-05,0.0
tree_001261.txt,22,21,0,4.7e-05,True,4.1e-05,0.0
tree_001263.txt,21,20,0,5.8e-05,True,5.1e-05,0.0
tree_001265.txt,30,29,0,7.1e-05,True,6.5e-05,0.0
tree_001267.txt,26,25,0,5.2e-05,True,4.6e-05,0.0
tree_001269.txt,25,24,0,4.8e-05,True,4.3e-05,0.0
tree_001271.txt,25,24,0,6.8e-05,True,6.2e-05,0.0
tree_001273.txt,26,25,0,5.1e-05,True,4.5e-05,0.0
tree_001275.txt,31,30,0,5.8e-05,True,5.3e-05,0.0
tree_001277.txt,31,30,0,0.000103,True,9.5e-05,0.0
tree_001279.txt,29,28,0,6e-05,True,5.3e-05,0.0
tree_001281.txt,31,30,0,6.1e-05,True,5.4e-05,0.0
tree_001283.txt,33,32,0,6.1e-05,True,5.5e-05,0.0
tree_001285.txt,31,30,0,5.7e-05,True,5.2e-05,0.0
tree_001287.txt,23,22,0,4.7e-05,True,4.2e-05,0.0
tree_001289.txt,20,19,0,4.2e-05,True,3.7e-05,0.0
tree_001291.txt,10,9,0,2.8e-05,True,2.2e-05,0.0
tree_001293.txt,12,11,0,3.3e-05,True,2.7e-05,0.0
tree_001295.txt,13,12,0,3.3e-05,True,2.8e-05,0.0
tree_001297.txt,14,13,0,3.4e-05,True,2.9e-05,0.0
tree_001299.txt,13,12,0,3e-05,True,2.5e-05,0.0
tree_001301.txt,14,13,0,4.5e-05,True,2.8e-05,0.0
tree_001303.txt,22,21,0,4.4e-05,True,3.8e-05,0.0
tree_001305.txt,30,29,0,5.3e-05,True,4.7e-05,0.0
tree_001307.txt,26,25,0,5e-05,True,4.4e-05,0.0
tree_001309.txt,24,23,0,4.5e-05,True,4e-05,0.0
tree_001311.txt,21,20,0,4.3e-05,True,3.7e-05,0.0
tree_001313.txt,22,21,0,4.4e-05,True,3.9e-05,0.0
tree_001315.txt,23,22,0,4.7e-05,True,4.1e-05,0.0
tree_001317.txt,12,11,0,3.1e-05,True,2.6e-05,0.0
tree_001319.txt,33,32,0,6.4e-05,True,5.9e-05,0.0
tree_001321.txt,22,21,0,4.7e-05,True,4.1e-05,0.0
tree_001323.txt,26,25,0,5.5e-05,True,4.4e-05,0.0
tree_001325.txt,11,10,0,3e-05,True,2.3e-05,0.0
tree_001327.txt,21,20,0,5.3e-05,True,4.1e-05,0.0
tree_001329.txt,35,34,0,0.000139,True,0.000132,0.0
tree_001331.txt,14,13,0,3.6e-05,True,2.9e-05,0.0
tree_001333.txt,13,12,0,3.6e-05,True,2.9e-05,0.0
tree_001335.txt,22,21,0,4.6e-05,True,4e-05,0.0
tree_001337.txt,17,16,0,3.8e-05,True,3.2e-05,0.0
tree_001339.txt,27,26,0,5.3e-05,True,4.7e-05,0.0
tree_001341.txt,23,22,0,4.7e-05,True,4.2e-05,0.0
tree_001343.txt,24,23,0,4.8e-05,True,4.2e-05,0.0
tree_001345.txt,18,17,0,3.5e-05,True,3e-05,0.0
tree_001347.txt,31,30,0,7.4e-05,True,6.7e-05,0.0
tree_001349.txt,18,17,0,4.1e-05,True,3.4e-05,0.0
tree_001351.txt,25,24,0,4.7e-05,True,4.2e-05,0.0
tree_001353.txt,24,23,0,4.3e-05,True,3.8e-05,0.0
tree_001355.txt,26,25,0,4.9e-05,True,4.4e-05,0.0
tree_001357.txt,15,14,0,3.4e-05,True,2.9e-05,0.0
tree_001359.txt,28,27,0,6.4e-05,True,5.9e-05,0.0
tree_001361.txt,11,10,0,2.9e-05,True,2.4e-05,0.0
tree_001363.txt,24,23,0,4.5e-05,True,4.1e-05,0.0
tree_001365.txt,32,31,0,0.000114,True,0.000107,0.0
tree_001367.txt,24,23,0,5.3e-05,True,4.6e-05,0.0
tree_001369.txt,33,32,0,6.5e-05,True,5.7e-05,0.0
tree_001371.txt,25,24,0,6.3e-05,True,5.6e-05,0.0
tree_001373.txt,28,27,0,5.8e-05,True,5.1e-05,0.0
tree_001375.txt,27,26,0,5.4e-05,True,4.7e-05,0.0
tree_001377.txt,34,33,0,6.1e-05,True,5.4e-05,0.0
tree_001379.txt,17,16,0,4e-05,True,3.5e-05,0.0
tree_001381.txt,14,13,0,3.6e-05,True,3e-05,0.0
tree_001383.txt,12,11,0,3.2e-05,True,2.6e-05,0.0
tree_001385.txt,27,26,0,5e-05,True,4.4e-05,0.0
tree_001387.txt,19,18,0,4.7e-05,True,4.2e-05,0.0
tree_001389.txt,26,25,0,5.1e-05,True,4.5e-05,0.0
tree_001391.txt,23,22,0,4.9e-05,True,4.3e-05,0.0
tree_001393.txt,32,31,0,8.2e-05,True,7.4e-05,0.0
tree_001395.txt,33,32,0,8e-05,True,7.4e-05,0.0
tree_001397.txt,24,23,0,5.2e-05,True,4.5e-05,0.0
tree_001399.txt,18,17,0,3.9e-05,True,3.3e-05,0.0
tree_001401.txt,13,12,0,3.6e-05,True,2.9e-05,0.0
tree_001403.txt,20,19,0,4.4e-05,True,3.8e-05,0.0
tree_001405.txt,10,9,0,2.9e-05,True,2.3e-05,0.0
tree_001407.txt,27,26,0,5.5e-05,True,4.9e-05,0.0
tree_001409.txt,12,11,0,3.4e-05,True,2.8e-05,0.0
tree_001411.txt,35,34,0,6.6e-05,True,5.9e-05,0.0
tree_001413.txt,33,32,0,6.5e-05,True,5.8e-05,0.0
tree_001415.txt,27,26,0,6e-05,True,5.3e-05,0.0
tree_001417.txt,19,18,0,4.7e-05,True,4e-05,0.0
tree_001419.txt,24,23,0,5.2e-05,True,4.5e-05,0.0
tree_001421.txt,33,32,0,7.8e-05,True,7.1e-05,0.0
tree_001423.txt,25,24,0,5.2e-05,True,4.5e-05,0.0
tree_001425.txt,23,22,0,5.1e-05,True,4.3e-05,0.0
tree_001427.txt,23,22,0,5.2e-05,True,4.5e-05,0.0
tree_001429.txt,20,19,0,4.9e-05,True,4.1e-05,0.0
tree_001431.txt,12,11,0,6.9e-05,True,4.4e-05,0.0
tree_001433.txt,16,15,0,4.1e-05,True,3.3e-05,0.0
tree_001435.txt,31,30,0,6.2e-05,True,5.5e-05,0.0
tree_001437.txt,26,25,0,5.1e-05,True,4.5e-05,0.0
tree_001439.txt,35,34,0,8.1e-05,True,7.4e-05,0.0
tree_001441.txt,11,10,0,4e-05,True,3.3e-05,0.0
tree_001443.txt,29,28,0,5.9e-05,True,5.2e-05,0.0
tree_001445.txt,24,23,0,5.3e-05,True,4.6e-05,0.0
tree_001447.txt,20,19,0,7.3e-05,True,6.4e-05,0.0
tree_001449.txt,28,27,0,0.000113,True,0.000101,0.0
tree_001451.txt,24,23,0,6.2e-05,True,5.2e-05,0.0
tree_001453.txt,31,30,0,6.7e-05,True,5.8e-05,0.0
tree_001455.txt,22,21,0,5.4e-05,True,4.5e-05,0.0
tree_001457.txt,18,17,0,4.9e-05,True,4e-05,0.0
tree_001459.txt,13,12,0,4.2e-05,True,3.3e-05,0.0
tree_001461.txt,15,14,0,4.7e-05,True,3.7e-05,0.0
tree_001463.txt,31,30,0,6.6e-05,True,5.7e-05,0.0
tree_001465.txt,33,32,0,8.6e-05,True,7.8e-05,0.0
tree_001467.txt,14,13,0,4.1e-05,True,3.3e-05,0.0
tree_001469.txt,28,27,0,5.9e-05,True,5.1e-05,0.0
tree_001471.txt,26,25,0,6e-05,True,5.1e-05,0.0
tree_001473.txt,12,11,0,3.7e-05,True,2.9e-05,0.0
tree_001475.txt,14,13,0,4.2e-05,True,3.3e-05,0.0
tree_001477.txt,26,25,0,6e-05,True,5.1e-05,0.0
tree_001479.txt,21,20,0,8.2e-05,True,7.1e-05,0.0
tree_001481.txt,29,28,0,6.8e-05,True,5.9e-05,0.0
tree_001483.txt,21,20,0,5.5e-05,True,4.7e-05,0.0
tree_001485.txt,22,21,0,5.5e-05,True,4.7e-05,0.0
tree_001487.txt,25,24,0,5.8e-05,True,4.8e-05,0.0
tree_001489.txt,15,14,0,4.4e-05,True,3.5e-05,0.0
tree_001491.txt,29,28,0,6.4e-05,True,5.6e-05,0.0
tree_001493.txt,20,19,0,4.7e-05,True,3.8e-05,0.0
tree_001495.txt,31,30,0,6.3e-05,True,5.4e-05,0.0
tree_001497.txt,16,15,0,4.5e-05,True,3.6e-05,0.0
tree_001499.txt,27,26,0,6e-05,True,5e-05,0.0
tree_001501.txt,35,34,0,7.1e-05,True,6.2e-05,0.0
tree_001503.txt,10,9,0,3.6e-05,True,2.8e-05,0.0
tree_001505.txt,33,32,0,6.9e-05,True,5.9e-05,0.0
tree_001507.txt,29,28,0,6.6e-05,True,5.6e-05,0.0
tree_001509.txt,23,22,0,6e-05,True,4.9e-05,0.0
tree_001511.txt,30,29,0,7.4e-05,True,6.3e-05,0.0
tree_001513.txt,32,31,0,7.5e-05,True,6.5e-05,0.0
tree_001515.txt,21,20,0,5.6e-05,True,4.5e-05,0.0
tree_001517.txt,27,26,0,6.2e-05,True,5.3e-05,0.0
tree_001519.txt,21,20,0,5.3e-05,True,4.5e-05,0.0
tree_001521.txt,21,20,0,5.1e-05,True,4.2e-05,0.0
tree_001523.txt,14,13,0,4.4e-05,True,3.5e-05,0.0
tree_001525.txt,27,26,0,9.5e-05,True,8.5e-05,0.0
tree_001527.txt,15,14,0,8.8e-05,True,7.4e-05,0.0
tree_001529.txt,23,22,0,0.000132,True,0.000121,0.0
tree_001531.txt,10,9,0,4e-05,True,3e-05,0.0
tree_001533.txt,17,16,0,6e-05,True,5.1e-05,0.0
tree_001535.txt,19,18,0,5e-05,True,4.1e-05,0.0
tree_001537.txt,33,32,0,8.1e-05,True,7.2e-05,0.0
tree_001539.txt,20,19,0,4.9e-05,True,4.1e-05,0.0
tree_001541.txt,11,10,0,3.6e-05,True,2.8e-05,0.0
tree_001543.txt,22,21,0,5.1e-05,True,4.2e-05,0.0
tree_001545.txt,35,34,0,6.8e-05,True,6.1e-05,0.0
tree_001547.txt,12,11,0,3.7e-05,True,3e-05,0.0
tree_001549.txt,13,12,0,4e-05,True,3.2e-05,0.0
tree_001551.txt,12,11,0,3.7e-05,True,3e-05,0.0
tree_001553.txt,23,22,0,5.3e-05,True,4.5e-05,0.0
tree_001555.txt,18,17,0,4.6e-05,True,3.9e-05,0.0
tree_001557.txt,18,17,0,4.9e-05,True,4e-05,0.0
tree_001559.txt,25,24,0,5.6e-05,True,4.8e-05,0.0
tree_001561.txt,27,26,0,5.8e-05,True,5e-05,0.0
tree_001563.txt,27,26,0,5.8e-05,True,5e-05,0.0
tree_001565.txt,26,25,0,5.6e-05,True,4.9e-05,0.0
tree_001567.txt,17,16,0,4.3e-05,True,3.6e-05,0.0
tree_001569.txt,18,17,0,4.5e-05,True,3.7e-05,0.0
tree_001571.txt,28,27,0,7.4e-05,True,6.5e-05,0.0
tree_001573.txt,19,18,0,4.7e-05,True,3.9e-05,0.0
tree_001575.txt,32,31,0,6.6e-05,True,5.8e-05,0.0
tree_001577.txt,14,13,0,4.2e-05,True,3.4e-05,0.0
tree_001579.txt,12,11,0,3.8e-05,True,3.1e-05,0.0
tree_001581.txt,19,18,0,4.9e-05,True,4.1e-05,0.0
tree_001583.txt,20,19,0,4.9e-05,True,4.2e-05,0.0
tree_001585.txt,15,14,0,4.1e-05,True,3.4e-05,0.0
tree_001587.txt,26,25,0,5.8e-05,True,5e-05,0.0
tree_001589.txt,25,24,0,7.8e-05,True,7e-05,0.0
tree_001591.txt,32,31,0,6.6e-05,True,5.9e-05,0.0
tree_001593.txt,22,21,0,4.9e-05,True,4.1e-05,0.0
tree_001595.txt,16,15,0,4.1e-05,True,3.4e-05,0.0
tree_001597.txt,24,23,0,5e-05,True,4.3e-05,0.0
tree_001599.txt,24,23,0,5e-05,True,4.3e-05,0.0
tree_001601.txt,16,15,0,4.2e-05,True,3.4e-05,0.0
tree_001603.txt,32,31,0,0.0001,True,9e-05,0.0
tree_001605.txt,11,10,0,6.3e-05,True,5.1e-05,0.0
tree_001607.txt,25,24,0,5.9e-05,True,5.1e-05,0.0
tree_001609.txt,24,23,0,6e-05,True,4.5e-05,0.0
tree_001611.txt,32,31,0,7.2e-05,True,6.5e-05,0.0
tree_001613.txt,29,28,0,5.8e-05,True,5.1e-05,0.0
tree_001615.txt,21,20,0,4.6e-05,True,3.9e-05,0.0
tree_001617.txt,29,28,0,6.1e-05,True,5.4e-05,0.0
tree_001619.txt,22,21,0,4.7e-05,True,4.1e-05,0.0
tree_001621.txt,22,21,0,4.7e-05,True,4.1e-05,0.0
tree_001623.txt,13,12,0,3.7e-05,True,2.9e-05,0.0
tree_001625.txt,12,11,0,3.4e-05,True,2.8e-05,0.0
tree_001627.txt,34,33,0,6.4e-05,True,5.7e-05,0.0
tree_001629.txt,35,34,0,6.6e-05,True,6e-05,0.0
tree_001631.txt,22,21,0,4.8e-05,True,4e-05,0.0
tree_001633.txt,34,33,0,6.2e-05,True,5.6e-05,0.0
tree_001635.txt,18,17,0,4.1e-05,True,3.4e-05,0.0
tree_001637.txt,28,27,0,5.5e-05,True,4.9e-05,0.0
tree_001639.txt,30,29,0,5.7e-05,True,5.1e-05,0.0
tree_001641.txt,20,19,0,4.3e-05,True,3.7e-05,0.0
tree_001643.txt,28,27,0,5.3e-05,True,4.7e-05,0.0
tree_001645.txt,28,27,0,7.2e-05,True,6.6e-05,0.0
tree_001647.txt,32,31,0,6e-05,True,5.3e-05,0.0
tree_001649.txt,27,26,0,5.3e-05,True,4.6e-05,0.0
tree_001651.txt,11,10,0,8e-05,True,6.9e-05,0.0
tree_001653.txt,10,9,0,7.6e-05,True,6.2e-05,0.0
tree_001655.txt,26,25,0,6.4e-05,True,5.3e-05,0.0
tree_001657.txt,33,32,0,7.1e-05,True,6.2e-05,0.0
tree_001659.txt,20,19,0,0.000115,True,0.000104,0.0
tree_001661.txt,13,12,0,8.1e-05,True,7e-05,0.0
tree_001663.txt,21,20,0,5.5e-05,True,4.6e-05,0.0
tree_001665.txt,29,28,0,6.3e-05,True,5.5e-05,0.0
tree_001667.txt,33,32,0,0.000101,True,9.3e-05,0.0
tree_001669.txt,23,22,0,5.6e-05,True,4.7e-05,0.0
tree_001671.txt,29,28,0,6.3e-05,True,5.5e-05,0.0
tree_001673.txt,29,28,0,0.000122,True,0.000111,0.0
tree_001675.txt,33,32,0,0.000184,True,0.000158,0.0
tree_001677.txt,22,21,0,7.3e-05,True,6.2e-05,0.0
tree_001679.txt,17,16,0,6.4e-05,True,5.1e-05,0.0
tree_001681.txt,35,34,0,0.000106,True,9.4e-05,0.0
tree_001683.txt,35,34,0,0.000107,True,9.5e-05,0.0
tree_001685.txt,24,23,0,8.2e-05,True,6.9e-05,0.0
tree_001687.txt,28,27,0,9.1e-05,True,7.8e-05,0.0
tree_001689.txt,28,27,0,8.8e-05,True,7.5e-05,0.0
tree_001691.txt,28,27,0,0.000117,True,0.000105,0.0
tree_001693.txt,10,9,0,5.2e-05,True,3.9e-05,0.0
tree_001695.txt,33,32,0,0.000107,True,9.5e-05,0.0
tree_001697.txt,12,11,0,5.3e-05,True,4e-05,0.0
tree_001699.txt,27,26,0,9.2e-05,True,7.9e-05,0.0
tree_001701.txt,15,14,0,6.8e-05,True,5.6e-05,0.0
tree_001703.txt,11,10,0,5.2e-05,True,4e-05,0.0
tree_001705.txt,30,29,0,0.000126,True,0.000101,0.0
tree_001707.txt,26,25,0,8.3e-05,True,7.2e-05,0.0
tree_001709.txt,21,20,0,7.6e-05,True,6.3e-05,0.0
tree_001711.txt,10,9,0,7e-05,True,5.8e-05,0.0
tree_001713.txt,16,15,0,6.3e-05,True,5.1e-05,0.0
tree_001715.txt,25,24,0,9.3e-05,True,8.1e-05,0.0
tree_001717.txt,21,20,0,7.1e-05,True,5.8e-05,0.0
tree_001719.txt,15,14,0,6e-05,True,4.8e-05,0.0
tree_001721.txt,12,11,0,5.2e-05,True,4.1e-05,0.0
tree_001723.txt,14,13,0,5.7e-05,True,4.6e-05,0.0
tree_001725.txt,21,20,0,7.9e-05,True,6.6e-05,0.0
tree_001727.txt,33,32,0,0.000133,True,0.000122,0.0
tree_001729.txt,12,11,0,4.9e-05,True,3.9e-05,0.0
tree_001731.txt,31,30,0,0.000106,True,9.5e-05,0.0
tree_001733.txt,21,20,0,7.2e-05,True,6.1e-05,0.0
tree_001735.txt,24,23,0,8.5e-05,True,7.2e-05,0.0
tree_001737.txt,14,13,0,5.3e-05,True,4.3e-05,0.0
tree_001739.txt,21,20,0,6.9e-05,True,5.9e-05,0.0
tree_001741.txt,13,12,0,5e-05,True,4e-05,0.0
tree_001743.txt,24,23,0,8.3e-05,True,7.1e-05,0.0
tree_001745.txt,29,28,0,0.000109,True,9.7e-05,0.0
tree_001747.txt,16,15,0,7.1e-05,True,6e-05,0.0
tree_001749.txt,18,17,0,7.3e-05,True,6e-05,0.0
tree_001751.txt,32,31,0,0.000102,True,9e-05,0.0
tree_001753.txt,19,18,0,7.2e-05,True,6e-05,0.0
tree_001755.txt,11,10,0,5.1e-05,True,4e-05,0.0
tree_001757.txt,19,18,0,6.3e-05,True,5.1e-05,0.0
tree_001759.txt,22,21,0,7.1e-05,True,6.1e-05,0.0
tree_001761.txt,25,24,0,0.000128,True,0.000114,0.0
tree_001763.txt,12,11,0,5e-05,True,4e-05,0.0
tree_001765.txt,22,21,0,7.1e-05,True,6e-05,0.0
tree_001767.txt,21,20,0,7.2e-05,True,6e-05,0.0
tree_001769.txt,10,9,0,4.6e-05,True,3.5e-05,0.0
tree_001771.txt,33,32,0,0.000107,True,9.5e-05,0.0
tree_001773.txt,29,28,0,9.7e-05,True,8.4e-05,0.0
tree_001775.txt,16,15,0,6e-05,True,4.8e-05,0.0
tree_001777.txt,18,17,0,6.3e-05,True,5.2e-05,0.0
tree_001779.txt,24,23,0,8e-05,True,6.9e-05,0.0
tree_001781.txt,32,31,0,0.000127,True,0.000117,0.0
tree_001783.txt,24,23,0,8.1e-05,True,7e-05,0.0
tree_001785.txt,33,32,0,0.000106,True,9.6e-05,0.0
tree_001787.txt,30,29,0,9.5e-05,True,8.5e-05,0.0
tree_001789.txt,34,33,0,0.000103,True,9.3e-05,0.0
tree_001791.txt,25,24,0,8.3e-05,True,7.2e-05,0.0
tree_001793.txt,20,19,0,7.7e-05,True,6.5e-05,0.0
tree_001795.txt,34,33,0,0.000108,True,9.6e-05,0.0
tree_001797.txt,32,31,0,0.000122,True,0.000109,0.0
tree_001799.txt,22,21,0,7.8e-05,True,6.5e-05,0.0
tree_001801.txt,13,12,0,5.3e-05,True,4.1e-05,0.0
tree_001803.txt,34,33,0,0.000111,True,9.9e-05,0.0
tree_001805.txt,30,29,0,0.000104,True,8.9e-05,0.0
tree_001807.txt,21,20,0,7.4e-05,True,6.2e-05,0.0
tree_001809.txt,19,18,0,6.7e-05,True,5.5e-05,0.0
tree_001811.txt,12,11,0,5.2e-05,True,4e-05,0.0
tree_001813.txt,25,24,0,0.000104,True,9.1e-05,0.0
tree_001815.txt,24,23,0,7.9e-05,True,6.6e-05,0.0
tree_001817.txt,30,29,0,0.000126,True,0.000113,0.0
tree_001819.txt,33,32,0,0.00011,True,9.7e-05,0.0
tree_001821.txt,23,22,0,8e-05,True,7e-05,0.0
tree_001823.txt,13,12,0,6e-05,True,4.6e-05,0.0
tree_001825.txt,20,19,0,7.2e-05,True,5.9e-05,0.0
tree_001827.txt,16,15,0,6.1e-05,True,4.9e-05,0.0
tree_001829.txt,23,22,0,7.7e-05,True,6.4e-05,0.0
tree_001831.txt,20,19,0,7.1e-05,True,6e-05,0.0
tree_001833.txt,35,34,0,0.000139,True,0.000125,0.0
tree_001835.txt,14,13,0,5.9e-05,True,4.7e-05,0.0
tree_001837.txt,28,27,0,0.000104,True,9.1e-05,0.0
tree_001839.txt,29,28,0,0.000124,True,0.000111,0.0
tree_001841.txt,19,18,0,7.1e-05,True,5.7e-05,0.0
tree_001843.txt,11,10,0,5e-05,True,3.8e-05,0.0
tree_001845.txt,23,22,0,9.2e-05,True,7.7e-05,0.0
tree_001847.txt,16,15,0,6.4e-05,True,5.1e-05,0.0
tree_001849.txt,22,21,0,7.8e-05,True,6.3e-05,0.0
tree_001851.txt,27,26,0,8.4e-05,True,7e-05,0.0
tree_001853.txt,26,25,0,8.6e-05,True,7.2e-05,0.0
tree_001855.txt,15,14,0,7e-05,True,5.5e-05,0.0
tree_001857.txt,24,23,0,7.7e-05,True,6.4e-05,0.0
tree_001859.txt,17,16,0,6.9e-05,True,5.6e-05,0.0
tree_001861.txt,31,30,0,9.5e-05,True,8.1e-05,0.0
tree_001863.txt,23,22,0,0.00015,True,0.000112,0.0
tree_001865.txt,26,25,0,8.8e-05,True,7.4e-05,0.0
tree_001867.txt,14,13,0,5.6e-05,True,4.2e-05,0.0
tree_001869.txt,16,15,0,6.3e-05,True,5e-05,0.0
tree_001871.txt,12,11,0,8.5e-05,True,7.2e-05,0.0
tree_001873.txt,28,27,0,0.000124,True,0.000109,0.0
tree_001875.txt,33,32,0,0.000104,True,9e-05,0.0
tree_001877.txt,19,18,0,0.000118,True,0.000107,0.0
tree_001879.txt,24,23,0,8.1e-05,True,6.6e-05,0.0
tree_001881.txt,13,12,0,5.7e-05,True,4.3e-05,0.0
tree_001883.txt,26,25,0,0.000105,True,9.1e-05,0.0
tree_001885.txt,26,25,0,9.8e-05,True,8.3e-05,0.0
tree_001887.txt,31,30,0,0.000104,True,8.8e-05,0.0
tree_001889.txt,20,19,0,7.2e-05,True,5.9e-05,0.0
tree_001891.txt,28,27,0,0.000108,True,9.5e-05,0.0
tree_001893.txt,29,28,0,9.2e-05,True,7.7e-05,0.0
tree_001895.txt,15,14,0,5.6e-05,True,4.3e-05,0.0
tree_001897.txt,13,12,0,5.7e-05,True,4.4e-05,0.0
tree_001899.txt,14,13,0,5.8e-05,True,4.6e-05,0.0
tree_001901.txt,16,15,0,9.6e-05,True,8.4e-05,0.0
tree_001903.txt,18,17,0,5.5e-05,True,4.5e-05,0.0
tree_001905.txt,12,11,0,4.2e-05,True,3.3e-05,0.0
tree_001907.txt,28,27,0,6.9e-05,True,5.9e-05,0.0
tree_001909.txt,29,28,0,6.9e-05,True,5.9e-05,0.0
tree_001911.txt,28,27,0,8.8e-05,True,7.4e-05,0.0
tree_001913.txt,13,12,0,6e-05,True,4.6e-05,0.0
tree_001915.txt,15,14,0,0.000104,True,8.6e-05,0.0
tree_001917.txt,23,22,0,0.000125,True,0.000114,0.0
tree_001919.txt,22,21,0,5.7e-05,True,4.7e-05,0.0
tree_001921.txt,19,18,0,5.2e-05,True,4.3e-05,0.0
tree_001923.txt,10,9,0,4.1e-05,True,3.1e-05,0.0
tree_001925.txt,18,17,0,4.9e-05,True,4e-05,0.0
tree_001927.txt,21,20,0,0.000114,True,0.000101,0.0
tree_001929.txt,27,26,0,0.000118,True,0.000104,0.0
tree_001931.txt,33,32,0,0.000121,True,0.000106,0.0
tree_001933.txt,14,13,0,5.8e-05,True,4.5e-05,0.0
tree_001935.txt,31,30,0,0.000122,True,0.000108,0.0
tree_001937.txt,23,22,0,7.8e-05,True,6.5e-05,0.0
tree_001939.txt,16,15,0,6.6e-05,True,5.3e-05,0.0
tree_001941.txt,29,28,0,0.000123,True,0.00011,0.0
tree_001943.txt,23,22,0,8e-05,True,7e-05,0.0
tree_001945.txt,21,20,0,7.9e-05,True,6.7e-05,0.0
tree_001947.txt,32,31,0,0.000122,True,0.000108,0.0
tree_001949.txt,26,25,0,8.5e-05,True,7.1e-05,0.0
tree_001951.txt,11,10,0,7.7e-05,True,6.5e-05,0.0
tree_001953.txt,33,32,0,7.4e-05,True,6.4e-05,0.0
tree_001955.txt,21,20,0,5.5e-05,True,4.6e-05,0.0
tree_001957.txt,31,30,0,9.8e-05,True,8.3e-05,0.0
tree_001959.txt,16,15,0,7e-05,True,5.6e-05,0.0
tree_001961.txt,24,23,0,8.3e-05,True,7e-05,0.0
tree_001963.txt,15,14,0,6e-05,True,4.9e-05,0.0
tree_001965.txt,10,9,0,5.3e-05,True,4e-05,0.0
tree_001967.txt,23,22,0,0.000136,True,0.000124,0.0
tree_001969.txt,11,10,0,5.2e-05,True,3.9e-05,0.0
tree_001971.txt,34,33,0,0.000124,True,9.9e-05,0.0
tree_001973.txt,16,15,0,5.7e-05,True,4.7e-05,0.0
tree_001975.txt,35,34,0,0.000191,True,0.000179,0.0
tree_001977.txt,35,34,0,7.4e-05,True,6.5e-05,0.0
tree_001979.txt,25,24,0,6.1e-05,True,5.2e-05,0.0
tree_001981.txt,17,16,0,7e-05,True,5.6e-05,0.0
tree_001983.txt,25,24,0,0.0001,True,8.6e-05,0.0
tree_001985.txt,25,24,0,8.8e-05,True,7.5e-05,0.0
tree_001987.txt,27,26,0,8.3e-05,True,7.1e-05,0.0
tree_001989.txt,16,15,0,6.3e-05,True,5.1e-05,0.0
tree_001991.txt,25,24,0,8.1e-05,True,7e-05,0.0
tree_001993.txt,20,19,0,7e-05,True,5.8e-05,0.0
tree_001995.txt,12,11,0,5.3e-05,True,4.1e-05,0.0
tree_001997.txt,22,21,0,0.000138,True,0.000126,0.0
tree_001999.txt,25,24,0,9.8e-05,True,8.1e-05,0.0
er_000000.txt,23,85,11,0.026854,True,0.000187,0.0
er_000001.txt,19,70,9,0.012686,True,0.000104,0.0
er_000002.txt,18,46,7,0.00566,True,9e-05,0.0
er_000003.txt,30,178,18,0.089257,True,0.000229,0.0
er_000004.txt,23,90,12,0.035089,True,0.000124,0.0
er_000005.txt,20,55,8,0.008385,True,0.000104,0.0
er_000006.txt,29,141,16,0.080274,True,0.000197,0.0
er_000007.txt,13,38,6,0.004341,True,8.7e-05,0.0
er_000008.txt,20,73,9,0.013233,True,0.000198,0.0
er_000009.txt,29,108,14,0.047576,True,0.000161,0.0
er_000010.txt,11,15,2,0.000696,True,4.1e-05,0.0
er_000011.txt,13,14,2,0.000586,True,3.9e-05,0.0
er_000012.txt,26,110,14,0.045233,True,0.000148,0.0
er_000013.txt,18,46,6,0.005241,True,8.5e-05,0.0
er_000014.txt,19,66,9,0.012389,True,9e-05,0.0
er_000015.txt,26,45,6,0.004723,True,9.1e-05,0.0
er_000016.txt,28,109,14,0.044644,True,0.000178,0.0
er_000017.txt,18,22,4,0.001507,True,5.9e-05,0.0
er_000018.txt,24,21,2,0.000538,True,6.2e-05,0.0
er_000019.txt,17,31,4,0.002673,True,6.9e-05,0.0
er_000020.txt,20,42,6,0.00652,True,7.6e-05,0.0
er_000021.txt,17,41,6,0.004622,True,7.1e-05,0.0
er_000022.txt,24,84,11,0.025292,True,0.000133,0.0
er_000023.txt,14,8,0,4.4e-05,True,3.4e-05,0.0
er_000024.txt,30,80,10,0.02471,True,0.000157,0.0
er_000025.txt,10,17,3,0.001169,True,5e-05,0.0
er_000026.txt,26,101,11,0.034455,True,0.000136,0.0
er_000027.txt,19,28,3,0.00135,True,7.9e-05,0.0
er_000028.txt,16,29,4,0.002209,True,6.1e-05,0.0
er_000029.txt,11,5,0,3.3e-05,True,2.5e-05,0.0
er_000030.txt,23,59,9,0.01649,True,9.6e-05,0.0
er_000031.txt,25,77,9,0.024153,True,0.000171,0.0
er_000032.txt,28,107,15,0.047359,True,0.000141,0.0
er_000033.txt,15,13,1,0.000327,True,4.3e-05,0.0
er_000034.txt,22,68,9,0.018544,True,9.7e-05,0.0
er_000035.txt,12,36,5,0.004293,True,8.6e-05,0.0
er_000036.txt,14,16,2,0.000741,True,6.6e-05,0.0
er_000037.txt,12,21,3,0.001358,True,7.6e-05,0.0
er_000038.txt,23,53,7,0.012529,True,0.000144,0.0
er_000039.txt,21,61,8,0.009583,True,0.00015,0.0
er_000040.txt,29,69,9,0.024951,True,0.000182,0.0
er_000041.txt,24,57,6,0.007198,True,0.000182,0.0
er_000042.txt,16,33,5,0.003243,True,0.000107,0.0
er_000043.txt,22,79,10,0.022663,True,0.000156,0.0
er_000044.txt,13,24,3,0.001754,True,0.000111,0.0
er_000045.txt,16,37,5,0.003517,True,0.000106,0.0
er_000046.txt,17,36,6,0.004111,True,0.000116,0.0
er_000047.txt,27,124,15,0.058043,True,0.000238,0.0
er_000048.txt,16,29,4,0.002726,True,0.000112,0.0
er_000049.txt,17,24,3,0.00142,True,8.4e-05,0.0
er_000050.txt,23,48,6,0.004765,True,0.000135,0.0
er_000051.txt,17,14,1,0.000227,True,6.1e-05,0.0
er_000052.txt,17,45,6,0.005313,True,0.000105,0.0
er_000053.txt,19,61,9,0.009937,True,0.000132,0.0
er_000054.txt,12,23,4,0.001674,True,7.7e-05,0.0
er_000055.txt,15,24,3,0.001392,True,8e-05,0.0
er_000056.txt,20,58,8,0.008564,True,0.000137,0.0
er_000057.txt,22,83,11,0.026294,True,0.000163,0.0
er_000058.txt,17,43,7,0.005985,True,0.000129,0.0
er_000059.txt,22,64,8,0.017552,True,0.00014,0.0
er_000060.txt,15,29,5,0.002675,True,9.3e-05,0.0
er_000061.txt,23,66,9,0.01203,True,0.000114,0.0
er_000062.txt,16,28,4,0.001919,True,5.5e-05,0.0
er_000063.txt,30,137,15,0.078502,True,0.000199,0.0
er_000064.txt,16,45,6,0.005797,True,7.1e-05,0.0
er_000065.txt,24,48,6,0.006247,True,8.2e-05,0.0
er_000066.txt,20,43,6,0.004808,True,6.6e-05,0.0
er_000067.txt,13,31,5,0.002888,True,5.2e-05,0.0
er_000068.txt,21,85,11,0.018567,True,0.000119,0.0
er_000069.txt,18,57,7,0.009045,True,9.7e-05,0.0
er_000070.txt,17,20,2,0.000779,True,0.000131,0.0
er_000071.txt,10,17,3,0.001302,True,5e-05,0.0
er_000072.txt,20,33,5,0.003889,True,8.9e-05,0.0
er_000073.txt,17,60,8,0.014106,True,8.8e-05,0.0
er_000074.txt,28,48,6,0.006882,True,0.000101,0.0
er_000075.txt,10,14,2,0.000653,True,9.4e-05,0.0
er_000076.txt,10,11,1,0.000337,True,4.1e-05,0.0
er_000077.txt,25,84,10,0.031874,True,0.000127,0.0
er_000078.txt,28,112,14,0.066184,True,0.000155,0.0
er_000079.txt,27,39,5,0.00282,True,9.1e-05,0.0
er_000080.txt,13,18,2,0.000894,True,5e-05,0.0
er_000081.txt,12,9,1,0.000278,True,3.9e-05,0.0
er_000082.txt,13,25,4,0.002355,True,5e-05,0.0
er_000083.txt,10,3,0,3.1e-05,True,2.4e-05,0.0
er_000084.txt,30,61,8,0.016119,True,0.000105,0.0
er_000085.txt,17,35,5,0.003971,True,9e-05,0.0
er_000086.txt,23,75,12,0.029338,True,0.000102,0.0
er_000087.txt,16,33,5,0.00309,True,7e-05,0.0
er_000088.txt,21,83,11,0.018379,True,0.000147,0.0
er_000089.txt,27,89,11,0.031784,True,0.000146,0.0
er_000090.txt,28,117,14,0.054056,True,0.000161,0.0
er_000091.txt,11,19,3,0.001183,True,7.1e-05,0.0
er_000092.txt,25,37,4,0.00269,True,8.7e-05,0.0
er_000093.txt,21,24,2,0.000812,True,5.5e-05,0.0
er_000094.txt,30,155,18,0.085722,True,0.000194,0.0
er_000095.txt,27,69,9,0.01823,True,0.000183,0.0
er_000096.txt,28,138,15,0.064647,True,0.000188,0.0
er_000097.txt,10,13,2,0.000458,True,5.4e-05,0.0
er_000098.txt,17,18,2,0.00063,True,4.9e-05,0.0
er_000099.txt,19,57,8,0.008313,True,0.000109,0.0
er_000100.txt,27,87,10,0.045589,True,0.00015,0.0
er_000101.txt,11,19,3,0.001286,True,4.9e-05,0.0
er_000102.txt,29,73,10,0.030627,True,0.000126,0.0
er_000103.txt,21,27,3,0.001114,True,6.6e-05,0.0
er_000104.txt,19,38,5,0.003955,True,0.000111,0.0
er_000105.txt,18,42,6,0.004926,True,7.5e-05,0.0
er_000106.txt,28,76,10,0.027103,True,0.000131,0.0
er_000107.txt,24,39,5,0.003636,True,7.8e-05,0.0
er_000108.txt,15,31,4,0.002838,True,6.7e-05,0.0
er_000109.txt,21,20,1,0.000336,True,5e-05,0.0
er_000110.txt,20,64,8,0.010179,True,0.000107,0.0
er_000111.txt,22,107,13,0.041687,True,0.00014,0.0
er_000112.txt,26,124,15,0.084102,True,0.000247,0.0
er_000113.txt,16,13,1,0.000498,True,0.000107,0.0
er_000114.txt,30,85,12,0.032813,True,0.000156,0.0
er_000115.txt,10,9,1,0.000353,True,4.1e-05,0.0
er_000116.txt,11,7,0,3.5e-05,True,2.7e-05,0.0
er_000117.txt,25,116,13,0.060995,True,0.000186,0.0
er_000118.txt,21,86,10,0.01947,True,0.000183,0.0
er_000119.txt,22,75,9,0.013493,True,0.000114,0.0
er_000120.txt,16,28,5,0.002915,True,6.3e-05,0.0
er_000121.txt,21,82,11,0.018627,True,0.000113,0.0
er_000122.txt,14,33,4,0.003174,True,5.7e-05,0.0
er_000123.txt,23,76,10,0.025884,True,0.000112,0.0
er_000124.txt,21,75,10,0.015457,True,0.00011,0.0
er_000125.txt,23,41,6,0.004418,True,7.9e-05,0.0
er_000126.txt,15,21,3,0.001099,True,0.000125,0.0
er_000127.txt,11,18,3,0.001007,True,4.7e-05,0.0
er_000128.txt,19,15,1,0.000401,True,0.000137,0.0
er_000129.txt,30,56,6,0.005961,True,9.8e-05,0.0
er_000130.txt,16,48,7,0.006231,True,8e-05,0.0
er_000131.txt,13,34,6,0.004185,True,5.9e-05,0.0
er_000132.txt,30,125,15,0.061315,True,0.000161,0.0
er_000133.txt,20,70,9,0.012915,True,9.6e-05,0.0
er_000134.txt,29,108,12,0.04391,True,0.000145,0.0
er_000135.txt,24,31,3,0.001251,True,7.4e-05,0.0
er_000136.txt,18,54,8,0.00832,True,7.7e-05,0.0
er_000137.txt,18,15,1,0.000191,True,4.4e-05,0.0
er_000138.txt,26,130,14,0.066605,True,0.000195,0.0
er_000139.txt,14,26,4,0.003097,True,0.000154,0.0
er_000140.txt,12,24,3,0.001875,True,5.5e-05,0.0
er_000141.txt,19,22,2,0.000777,True,5.7e-05,0.0
er_000142.txt,23,88,11,0.031638,True,0.000211,0.0
er_000143.txt,22,97,12,0.036947,True,0.000184,0.0
er_000144.txt,14,25,4,0.001909,True,8.9e-05,0.0
er_000145.txt,20,30,3,0.001719,True,0.000119,0.0
er_000146.txt,28,143,17,0.082835,True,0.000236,0.0
er_000147.txt,11,16,2,0.000911,True,6.2e-05,0.0
er_000148.txt,29,110,14,0.046668,True,0.00022,0.0
er_000149.txt,20,51,8,0.008242,True,0.000136,0.0
er_000150.txt,11,20,4,0.001636,True,7.4e-05,0.0
er_000151.txt,10,17,3,0.001053,True,6e-05,0.0
er_000152.txt,18,27,4,0.002139,True,0.000102,0.0
er_000153.txt,16,15,1,0.000377,True,8.7e-05,0.0
er_000154.txt,19,41,6,0.005111,True,0.000126,0.0
er_000155.txt,12,28,4,0.002531,True,9.1e-05,0.0
er_000156.txt,28,127,13,0.083373,True,0.000254,0.0
er_000157.txt,27,48,7,0.006295,True,0.00016,0.0
er_000158.txt,26,73,9,0.022393,True,0.000181,0.0
er_000159.txt,16,8,1,0.000314,True,4.7e-05,0.0
er_000160.txt,10,17,2,0.000864,True,7.1e-05,0.0
er_000161.txt,10,5,0,4.2e-05,True,3.1e-05,0.0
er_000162.txt,23,48,6,0.005309,True,0.000158,0.0
er_000163.txt,28,108,13,0.055744,True,0.000193,0.0
er_000164.txt,27,105,13,0.050616,True,0.00046,0.0
er_000165.txt,18,46,6,0.005675,True,9e-05,0.0
er_000166.txt,16,26,3,0.001559,True,6.1e-05,0.0
er_000167.txt,23,92,11,0.035858,True,0.000125,0.0
er_000168.txt,12,21,3,0.001085,True,5.2e-05,0.0
er_000169.txt,18,37,6,0.004087,True,7.6e-05,0.0
er_000170.txt,10,4,0,3.3e-05,True,2.4e-05,0.0
er_000171.txt,18,57,7,0.008392,True,8.1e-05,0.0
er_000172.txt,10,16,2,0.000786,True,4e-05,0.0
er_000173.txt,25,31,3,0.000975,True,6.8e-05,0.0
er_000174.txt,16,18,2,0.000638,True,4.7e-05,0.0
er_000175.txt,25,45,6,0.005723,True,8.5e-05,0.0
er_000176.txt,22,79,11,0.032544,True,0.000125,0.0
er_000177.txt,26,40,4,0.003224,True,8.2e-05,0.0
er_000178.txt,11,3,0,3e-05,True,2.2e-05,0.0
er_000179.txt,27,88,13,0.033699,True,0.000152,0.0
er_000180.txt,20,62,9,0.010432,True,0.00011,0.0
er_000181.txt,26,98,12,0.03895,True,0.000208,0.0
er_000182.txt,17,44,6,0.004984,True,8.2e-05,0.0
er_000183.txt,30,159,17,0.100885,True,0.000221,0.0
er_000184.txt,27,40,4,0.002943,True,9.6e-05,0.0
er_000185.txt,29,100,13,0.041802,True,0.000141,0.0
er_000186.txt,25,28,4,0.001652,True,6.5e-05,0.0
er_000187.txt,16,21,2,0.000758,True,5e-05,0.0
er_000188.txt,15,16,2,0.000417,True,4.4e-05,0.0
er_000189.txt,14,22,3,0.001218,True,4.9e-05,0.0
er_000190.txt,29,142,16,0.075955,True,0.000172,0.0
er_000191.txt,20,51,7,0.00719,True,9.1e-05,0.0
er_000192.txt,13,22,3,0.001587,True,0.000125,0.0
er_000193.txt,16,47,7,0.009948,True,7.2e-05,0.0
er_000194.txt,25,62,8,0.016171,True,0.000118,0.0
er_000195.txt,23,20,2,0.000415,True,5.4e-05,0.0
er_000196.txt,13,6,0,2.7e-05,True,2.2e-05,0.0
er_000197.txt,16,32,4,0.002396,True,6.2e-05,0.0
er_000198.txt,21,36,5,0.003853,True,7.2e-05,0.0
er_000199.txt,26,123,15,0.057549,True,0.000165,0.0
er_000200.txt,18,45,6,0.006053,True,9.1e-05,0.0
er_000201.txt,30,67,8,0.018269,True,0.000117,0.0
er_000202.txt,15,20,2,0.000921,True,5.8e-05,0.0
er_000203.txt,27,146,16,0.094254,True,0.000182,0.0
er_000204.txt,26,70,10,0.019687,True,0.000122,0.0
er_000205.txt,16,38,5,0.003714,True,8.2e-05,0.0
er_000206.txt,14,34,5,0.003173,True,7e-05,0.0
er_000207.txt,10,4,0,3.5e-05,True,2.5e-05,0.0
er_000208.txt,18,38,5,0.00341,True,8.1e-05,0.0
er_000209.txt,13,31,5,0.002976,True,6e-05,0.0
er_000210.txt,29,152,18,0.085356,True,0.000231,0.0
er_000211.txt,11,15,2,0.000587,True,4.9e-05,0.0
er_000212.txt,29,123,15,0.05464,True,0.000206,0.0
er_000213.txt,21,21,2,0.000698,True,5.8e-05,0.0
er_000214.txt,21,60,8,0.009578,True,9.8e-05,0.0
er_000215.txt,12,13,1,0.000307,True,3.8e-05,0.0
er_000216.txt,27,108,13,0.056771,True,0.000149,0.0
er_000217.txt,13,7,0,4.1e-05,True,3.1e-05,0.0
er_000218.txt,27,74,9,0.023123,True,0.000366,0.0
er_000219.txt,14,17,2,0.000715,True,6e-05,0.0
er_000220.txt,18,56,8,0.007935,True,8.1e-05,0.0
er_000221.txt,19,43,6,0.0046,True,8e-05,0.0
er_000222.txt,14,22,3,0.001297,True,5.7e-05,0.0
er_000223.txt,11,5,0,3.2e-05,True,2.4e-05,0.0
er_000224.txt,22,72,9,0.012224,True,0.000118,0.0
er_000225.txt,17,45,6,0.005671,True,0.000106,0.0
er_000226.txt,14,13,1,0.000264,True,4.3e-05,0.0
er_000227.txt,27,93,12,0.047184,True,0.00016,0.0
er_000228.txt,26,86,12,0.03394,True,0.000127,0.0
er_000229.txt,24,91,12,0.039422,True,0.000128,0.0
er_000230.txt,15,34,5,0.003114,True,7.4e-05,0.0
er_000231.txt,10,18,3,0.001081,True,6e-05,0.0
er_000232.txt,10,7,0,3.7e-05,True,2.9e-05,0.0
er_000233.txt,17,49,7,0.006138,True,7.6e-05,0.0
er_000234.txt,22,70,9,0.020978,True,0.000101,0.0
er_000235.txt,12,16,2,0.000512,True,4.9e-05,0.0
er_000236.txt,25,39,5,0.003219,True,8.3e-05,0.0
er_000237.txt,17,51,8,0.007578,True,7.7e-05,0.0
er_000238.txt,12,30,5,0.002927,True,7.3e-05,0.0
er_000239.txt,12,28,4,0.002246,True,5.8e-05,0.0
er_000240.txt,28,53,7,0.007198,True,0.000211,0.0
er_000241.txt,30,81,10,0.026864,True,0.000148,0.0
er_000242.txt,14,17,2,0.000778,True,5.1e-05,0.0
er_000243.txt,11,6,0,4e-05,True,3.1e-05,0.0
er_000244.txt,24,31,3,0.001994,True,7.6e-05,0.0
er_000245.txt,24,58,8,0.01641,True,0.000101,0.0
er_000246.txt,16,53,8,0.007518,True,8.7e-05,0.0
er_000247.txt,13,5,0,3.4e-05,True,2.5e-05,0.0
er_000248.txt,19,62,8,0.009522,True,9e-05,0.0
er_000249.txt,10,10,2,0.000363,True,3.6e-05,0.0
er_000250.txt,25,126,16,0.058251,True,0.000159,0.0
er_000251.txt,20,57,8,0.01139,True,0.000214,0.0
er_000252.txt,24,49,7,0.006275,True,9.6e-05,0.0
er_000253.txt,15,35,5,0.004006,True,5.9e-05,0.0
er_000254.txt,28,34,4,0.00182,True,9.7e-05,0.0
er_000255.txt,21,87,11,0.022445,True,0.000125,0.0
er_000256.txt,27,135,16,0.064856,True,0.000201,0.0
er_000257.txt,23,40,5,0.003891,True,0.000106,0.0
er_000258.txt,12,19,3,0.001435,True,5.8e-05,0.0
er_000259.txt,14,25,3,0.001568,True,5.9e-05,0.0
er_000260.txt,21,70,10,0.013433,True,0.000107,0.0
er_000261.txt,25,63,8,0.020743,True,0.000119,0.0
er_000262.txt,29,79,10,0.027618,True,0.000166,0.0
er_000263.txt,19,36,5,0.005524,True,0.000231,0.0
er_000264.txt,20,20,2,0.000525,True,5.7e-05,0.0
er_000265.txt,24,22,2,0.000487,True,5.9e-05,0.0
er_000266.txt,26,120,14,0.052121,True,0.000165,0.0
er_000267.txt,17,19,2,0.000729,True,0.000145,0.0
er_000268.txt,26,89,11,0.033849,True,0.00013,0.0
er_000269.txt,21,45,6,0.005407,True,9.1e-05,0.0
er_000270.txt,22,45,6,0.005482,True,8.9e-05,0.0
er_000271.txt,26,104,13,0.047271,True,0.000203,0.0
er_000272.txt,17,47,7,0.006648,True,0.000141,0.0
er_000273.txt,14,16,2,0.000785,True,6.3e-05,0.0
er_000274.txt,16,34,5,0.003556,True,0.000148,0.0
er_000275.txt,24,95,11,0.037911,True,0.000172,0.0
er_000276.txt,13,17,3,0.001098,True,0.000136,0.0
er_000277.txt,18,26,3,0.001595,True,9.3e-05,0.0
er_000278.txt,23,43,6,0.005271,True,0.00014,0.0
er_000279.txt,22,29,4,0.001743,True,0.000125,0.0
er_000280.txt,17,20,2,0.000854,True,8.4e-05,0.0
er_000281.txt,28,142,16,0.086484,True,0.000229,0.0
er_000282.txt,20,70,10,0.010828,True,0.000186,0.0
er_000283.txt,10,7,0,4.8e-05,True,3.7e-05,0.0
er_000284.txt,10,8,1,0.000246,True,4.4e-05,0.0
er_000285.txt,24,55,8,0.014055,True,0.000147,0.0
er_000286.txt,24,48,7,0.006403,True,0.000211,0.0
er_000287.txt,25,100,11,0.037526,True,0.000182,0.0
er_000288.txt,19,48,7,0.00668,True,0.000153,0.0
er_000289.txt,23,31,4,0.001997,True,0.000122,0.0
er_000290.txt,24,58,9,0.009771,True,0.000147,0.0
er_000291.txt,26,69,8,0.022728,True,0.000158,0.0
er_000292.txt,27,81,11,0.032281,True,0.000181,0.0
er_000293.txt,11,7,0,5.1e-05,True,3.9e-05,0.0
er_000294.txt,22,46,6,0.005625,True,0.000143,0.0
er_000295.txt,10,9,1,0.000251,True,4.6e-05,0.0
er_000296.txt,30,147,16,0.071335,True,0.000239,0.0
er_000297.txt,15,31,5,0.002779,True,9.7e-05,0.0
er_000298.txt,20,63,9,0.010427,True,0.00015,0.0
er_000299.txt,14,24,3,0.00141,True,8.1e-05,0.0
er_000300.txt,25,59,8,0.015981,True,0.000159,0.0
er_000301.txt,14,15,1,0.000376,True,5.9e-05,0.0
er_000302.txt,28,92,11,0.032248,True,0.000238,0.0
er_000303.txt,12,25,4,0.002008,True,8.3e-05,0.0
er_000304.txt,26,108,13,0.040402,True,0.000211,0.0
er_000305.txt,21,36,5,0.003314,True,0.000144,0.0
er_000306.txt,29,140,15,0.060657,True,0.000239,0.0
er_000307.txt,23,80,10,0.024196,True,0.000181,0.0
er_000308.txt,21,26,4,0.002294,True,9.7e-05,0.0
er_000309.txt,28,55,7,0.006833,True,0.000164,0.0
er_000310.txt,29,127,16,0.067204,True,0.00022,0.0
er_000311.txt,27,119,15,0.053368,True,0.000169,0.0
er_000312.txt,18,40,6,0.004203,True,7.3e-05,0.0
er_000313.txt,25,101,12,0.035113,True,0.000125,0.0
er_000314.txt,21,68,10,0.011759,True,9.6e-05,0.0
er_000315.txt,16,43,6,0.005158,True,6.2e-05,0.0
er_000316.txt,17,19,2,0.000376,True,4.3e-05,0.0
er_000317.txt,25,64,10,0.018968,True,9.9e-05,0.0
er_000318.txt,20,43,6,0.004706,True,7.4e-05,0.0
er_000319.txt,26,68,9,0.026785,True,0.000113,0.0
er_000320.txt,18,53,7,0.006895,True,0.000105,0.0
er_000321.txt,11,25,3,0.002032,True,4.9e-05,0.0
er_000322.txt,27,51,7,0.010178,True,9.6e-05,0.0
er_000323.txt,16,49,7,0.006122,True,6.9e-05,0.0
er_000324.txt,22,54,7,0.007409,True,8.7e-05,0.0
er_000325.txt,29,163,18,0.078808,True,0.000192,0.0
er_000326.txt,27,58,9,0.014779,True,9.9e-05,0.0
er_000327.txt,14,25,3,0.001574,True,5.4e-05,0.0
er_000328.txt,28,148,16,0.07363,True,0.000213,0.0
er_000329.txt,21,73,8,0.012062,True,0.000102,0.0
er_000330.txt,29,48,5,0.00347,True,9e-05,0.0
er_000331.txt,13,12,1,0.000257,True,3.8e-05,0.0
er_000332.txt,20,65,8,0.009815,True,8.5e-05,0.0
er_000333.txt,29,52,8,0.010269,True,0.000108,0.0
er_000334.txt,11,9,0,3.3e-05,True,2.7e-05,0.0
er_000335.txt,11,11,1,0.000182,True,3.6e-05,0.0
er_000336.txt,28,93,12,0.046098,True,0.000158,0.0
er_000337.txt,30,109,12,0.046922,True,0.000157,0.0
er_000338.txt,11,21,3,0.001524,True,5.4e-05,0.0
er_000339.txt,11,16,3,0.001044,True,4.3e-05,0.0
er_000340.txt,12,18,2,0.001076,True,5.1e-05,0.0
er_000341.txt,22,66,9,0.011256,True,0.000108,0.0
er_000342.txt,23,44,5,0.004297,True,8.3e-05,0.0
er_000343.txt,13,30,5,0.002858,True,6e-05,0.0
er_000344.txt,13,14,2,0.000726,True,4e-05,0.0
er_000345.txt,28,70,9,0.020293,True,0.000127,0.0
er_000346.txt,16,20,2,0.000556,True,5e-05,0.0
er_000347.txt,21,69,9,0.011457,True,9e-05,0.0
er_000348.txt,18,36,5,0.003262,True,6.9e-05,0.0
er_000349.txt,30,181,19,0.107643,True,0.000232,0.0
er_000350.txt,24,102,11,0.036843,True,0.000133,0.0
er_000351.txt,30,151,17,0.092131,True,0.000183,0.0
er_000352.txt,20,42,6,0.004625,True,8.6e-05,0.0
er_000353.txt,16,24,4,0.001382,True,5.4e-05,0.0
er_000354.txt,10,4,0,2.9e-05,True,2.1e-05,0.0
er_000355.txt,27,62,8,0.016779,True,0.000103,0.0
er_000356.txt,21,73,9,0.013774,True,0.000112,0.0
er_000357.txt,28,75,9,0.021486,True,0.000149,0.0
er_000358.txt,11,5,0,3.4e-05,True,2.5e-05,0.0
er_000359.txt,21,72,9,0.012279,True,0.000103,0.0
er_000360.txt,19,55,8,0.008202,True,7.8e-05,0.0
er_000361.txt,21,73,10,0.012928,True,9.7e-05,0.0
er_000362.txt,13,18,3,0.001021,True,4.5e-05,0.0
er_000363.txt,25,84,11,0.028057,True,0.000116,0.0
er_000364.txt,12,22,3,0.001484,True,5.3e-05,0.0
er_000365.txt,20,42,6,0.004716,True,8.3e-05,0.0
er_000366.txt,26,44,5,0.003931,True,8.2e-05,0.0
er_000367.txt,30,83,11,0.029308,True,0.000129,0.0
er_000368.txt,15,13,1,0.000261,True,4e-05,0.0
er_000369.txt,19,43,6,0.005081,True,7.9e-05,0.0
er_000370.txt,11,13,2,0.000619,True,3.9e-05,0.0
er_000371.txt,26,120,14,0.051513,True,0.000143,0.0
er_000372.txt,20,17,1,0.000336,True,5e-05,0.0
er_000373.txt,18,48,6,0.006247,True,7.9e-05,0.0
er_000374.txt,27,102,12,0.046748,True,0.000197,0.0
er_000375.txt,12,29,4,0.002253,True,5.6e-05,0.0
er_000376.txt,30,119,14,0.067678,True,0.000178,0.0
er_000377.txt,11,12,1,0.00028,True,4e-05,0.0
er_000378.txt,19,67,8,0.011099,True,9e-05,0.0
er_000379.txt,19,13,1,0.000409,True,4.7e-05,0.0
er_000380.txt,25,44,6,0.004065,True,9e-05,0.0
er_000381.txt,21,59,9,0.009997,True,9.5e-05,0.0
er_000382.txt,26,114,13,0.046208,True,0.000217,0.0
er_000383.txt,24,92,10,0.028487,True,0.000133,0.0
er_000384.txt,13,12,2,0.000306,True,4e-05,0.0
er_000385.txt,27,58,7,0.014626,True,0.000114,0.0
er_000386.txt,16,9,0,4.5e-05,True,3.5e-05,0.0
er_000387.txt,28,95,12,0.0375,True,0.000146,0.0
er_000388.txt,27,36,3,0.001616,True,7.9e-05,0.0
er_000389.txt,19,42,6,0.005302,True,6.5e-05,0.0
er_000390.txt,22,53,7,0.00678,True,9.8e-05,0.0
er_000391.txt,28,34,3,0.001383,True,8.8e-05,0.0
er_000392.txt,20,16,1,0.000187,True,4.1e-05,0.0
er_000393.txt,24,38,5,0.003118,True,0.000127,0.0
er_000394.txt,25,85,11,0.027327,True,0.000131,0.0
er_000395.txt,16,23,4,0.001657,True,6e-05,0.0
er_000396.txt,29,88,12,0.042989,True,0.000123,0.0
er_000397.txt,21,60,9,0.010215,True,0.000128,0.0
er_000398.txt,19,38,5,0.00375,True,8.1e-05,0.0
er_000399.txt,17,19,2,0.000633,True,5.1e-05,0.0
er_000400.txt,17,34,5,0.002712,True,6.3e-05,0.0
er_000401.txt,23,63,9,0.020368,True,9.9e-05,0.0
er_000402.txt,14,30,4,0.002729,True,5.4e-05,0.0
er_000403.txt,12,7,0,3.3e-05,True,2.5e-05,0.0
er_000404.txt,11,9,1,0.000169,True,3.1e-05,0.0
er_000405.txt,15,28,5,0.002643,True,6.3e-05,0.0
er_000406.txt,22,29,4,0.002148,True,6.1e-05,0.0
er_000407.txt,17,40,6,0.004557,True,7e-05,0.0
er_000408.txt,26,100,12,0.036468,True,0.000143,0.0
er_000409.txt,25,50,7,0.009855,True,9.9e-05,0.0
er_000410.txt,30,116,14,0.058023,True,0.000173,0.0
er_000411.txt,13,25,3,0.001788,True,5.9e-05,0.0
er_000412.txt,10,12,2,0.000329,True,3.9e-05,0.0
er_000413.txt,15,13,2,0.00039,True,4.6e-05,0.0
er_000414.txt,17,21,2,0.000984,True,8.2e-05,0.0
er_000415.txt,23,107,12,0.038498,True,0.000137,0.0
er_000416.txt,22,86,11,0.029721,True,0.000117,0.0
er_000417.txt,26,94,11,0.036986,True,0.000147,0.0
er_000418.txt,11,17,3,0.00117,True,5e-05,0.0
er_000419.txt,25,35,4,0.002308,True,7.2e-05,0.0
er_000420.txt,23,57,9,0.016504,True,8.7e-05,0.0
er_000421.txt,22,62,8,0.016629,True,8.5e-05,0.0
er_000422.txt,10,11,1,0.000275,True,3.5e-05,0.0
er_000423.txt,20,78,11,0.017038,True,0.000221,0.0
er_000424.txt,15,36,5,0.003767,True,7.7e-05,0.0
er_000425.txt,21,42,6,0.004565,True,7.9e-05,0.0
er_000426.txt,12,17,2,0.00077,True,4.3e-05,0.0
er_000427.txt,10,12,2,0.000462,True,4.6e-05,0.0
er_000428.txt,22,83,11,0.027189,True,0.000118,0.0
er_000429.txt,16,12,1,0.000188,True,4.3e-05,0.0
er_000430.txt,17,15,1,0.000245,True,4.6e-05,0.0
er_000431.txt,23,103,12,0.043052,True,0.000131,0.0
er_000432.txt,18,53,8,0.008434,True,8.2e-05,0.0
er_000433.txt,18,43,7,0.005789,True,0.000141,0.0
er_000434.txt,11,13,2,0.000292,True,3.7e-05,0.0
er_000435.txt,18,23,2,0.000851,True,5e-05,0.0
er_000436.txt,13,12,1,0.000166,True,3.5e-05,0.0
er_000437.txt,23,89,11,0.031225,True,0.000166,0.0
er_000438.txt,27,80,10,0.027201,True,0.000152,0.0
er_000439.txt,23,55,7,0.007773,True,0.000153,0.0
er_000440.txt,11,17,2,0.000776,True,4.8e-05,0.0
er_000441.txt,18,48,7,0.006789,True,7.2e-05,0.0
er_000442.txt,25,92,12,0.032853,True,0.000138,0.0
er_000443.txt,24,75,10,0.024538,True,0.000118,0.0
er_000444.txt,22,59,8,0.009206,True,0.000102,0.0
er_000445.txt,14,16,1,0.000333,True,4.4e-05,0.0
er_000446.txt,19,53,8,0.009557,True,8.1e-05,0.0
er_000447.txt,20,46,6,0.005592,True,8.5e-05,0.0
er_000448.txt,29,81,11,0.027933,True,0.000135,0.0
er_000449.txt,25,54,8,0.013139,True,0.000106,0.0
er_000450.txt,26,85,11,0.028187,True,0.000125,0.0
er_000451.txt,10,9,1,0.000182,True,3.3e-05,0.0
er_000452.txt,23,43,6,0.004282,True,7.6e-05,0.0
er_000453.txt,22,46,6,0.004702,True,8e-05,0.0
er_000454.txt,24,96,11,0.033391,True,0.000127,0.0
er_000455.txt,19,27,4,0.001882,True,6.6e-05,0.0
er_000456.txt,28,155,17,0.09632,True,0.000196,0.0
er_000457.txt,22,61,9,0.016885,True,9.3e-05,0.0
er_000458.txt,23,24,2,0.000516,True,7.1e-05,0.0
er_000459.txt,15,37,5,0.003131,True,6.6e-05,0.0
er_000460.txt,20,54,7,0.008073,True,9.7e-05,0.0
er_000461.txt,12,25,4,0.002066,True,5e-05,0.0
er_000462.txt,23,81,10,0.026508,True,0.000106,0.0
er_000463.txt,22,64,9,0.019142,True,0.0001,0.0
er_000464.txt,18,61,9,0.009925,True,8.3e-05,0.0
er_000465.txt,14,8,0,3.4e-05,True,2.6e-05,0.0
er_000466.txt,11,11,1,0.000188,True,5.2e-05,0.0
er_000467.txt,23,67,8,0.016904,True,0.000111,0.0
er_000468.txt,13,24,4,0.001571,True,4.9e-05,0.0
er_000469.txt,21,57,7,0.007428,True,9e-05,0.0
er_000470.txt,19,62,8,0.012413,True,0.000127,0.0
er_000471.txt,14,16,2,0.000717,True,4.7e-05,0.0
er_000472.txt,24,68,10,0.021398,True,9.2e-05,0.0
er_000473.txt,28,39,4,0.002592,True,8.6e-05,0.0
er_000474.txt,13,24,4,0.00196,True,5.1e-05,0.0
er_000475.txt,12,25,4,0.002021,True,5e-05,0.0
er_000476.txt,27,89,12,0.033435,True,0.000165,0.0
er_000477.txt,15,29,4,0.002155,True,6e-05,0.0
er_000478.txt,13,8,0,4.1e-05,True,3.3e-05,0.0
er_000479.txt,16,21,2,0.000898,True,7.8e-05,0.0
er_000480.txt,24,73,9,0.02234,True,0.000132,0.0
er_000481.txt,17,23,3,0.001451,True,6.2e-05,0.0
er_000482.txt,29,47,5,0.003253,True,8.9e-05,0.0
er_000483.txt,27,93,11,0.037057,True,0.000158,0.0
er_000484.txt,22,55,8,0.007793,True,9.8e-05,0.0
er_000485.txt,17,24,3,0.001204,True,5.4e-05,0.0
er_000486.txt,10,5,0,2.8e-05,True,2.2e-05,0.0
er_000487.txt,30,63,8,0.016099,True,0.000138,0.0
er_000488.txt,23,69,10,0.020323,True,0.000103,0.0
er_000489.txt,20,48,8,0.006911,True,8.5e-05,0.0
er_000490.txt,23,34,3,0.001974,True,8.9e-05,0.0
er_000491.txt,19,38,5,0.003395,True,7.2e-05,0.0
er_000492.txt,30,102,14,0.045058,True,0.000159,0.0
er_000493.txt,28,136,17,0.066455,True,0.000171,0.0
er_000494.txt,19,66,8,0.009982,True,0.000101,0.0
er_000495.txt,27,38,4,0.002292,True,0.000129,0.0
er_000496.txt,14,31,5,0.002843,True,6.4e-05,0.0
er_000497.txt,26,135,15,0.061201,True,0.000162,0.0
er_000498.txt,14,10,1,0.00019,True,4e-05,0.0
er_000499.txt,21,78,10,0.014029,True,0.000111,0.0
er_000500.txt,16,23,3,0.001157,True,5.8e-05,0.0
er_000501.txt,14,27,3,0.001953,True,6.1e-05,0.0
er_000502.txt,20,32,4,0.002078,True,6.6e-05,0.0
er_000503.txt,26,52,7,0.008529,True,8.9e-05,0.0
er_000504.txt,21,80,11,0.014434,True,0.000111,0.0
er_000505.txt,26,51,6,0.006819,True,9e-05,0.0
er_000506.txt,12,13,1,0.000256,True,3.6e-05,0.0
er_000507.txt,15,32,5,0.003105,True,6.4e-05,0.0
er_000508.txt,13,11,1,0.000186,True,3.5e-05,0.0
er_000509.txt,26,106,13,0.042945,True,0.000131,0.0
er_000510.txt,13,17,1,0.000687,True,5.9e-05,0.0
er_000511.txt,27,94,12,0.040069,True,0.000143,0.0
er_000512.txt,27,123,14,0.05385,True,0.000156,0.0
er_000513.txt,11,23,3,0.001575,True,5.6e-05,0.0
er_000514.txt,18,57,8,0.008556,True,0.000119,0.0
er_000515.txt,30,128,15,0.059605,True,0.000167,0.0
er_000516.txt,17,14,1,0.00019,True,4.4e-05,0.0
er_000517.txt,26,69,10,0.023352,True,9.6e-05,0.0
er_000518.txt,15,38,5,0.003728,True,6.8e-05,0.0
er_000519.txt,22,63,9,0.009848,True,9.7e-05,0.0
er_000520.txt,19,54,8,0.007664,True,8.2e-05,0.0
er_000521.txt,23,63,9,0.009949,True,9.9e-05,0.0
er_000522.txt,26,46,5,0.004384,True,0.000101,0.0
er_000523.txt,20,49,6,0.006252,True,8.3e-05,0.0
er_000524.txt,13,15,2,0.000409,True,4e-05,0.0
er_000525.txt,26,121,15,0.049725,True,0.000248,0.0
er_000526.txt,21,65,8,0.010017,True,8.8e-05,0.0
er_000527.txt,19,69,9,0.0119,True,0.000104,0.0
er_000528.txt,23,79,11,0.026261,True,0.000123,0.0
er_000529.txt,26,52,7,0.0108,True,9.3e-05,0.0
er_000530.txt,17,59,9,0.009582,True,9.7e-05,0.0
er_000531.txt,13,21,3,0.000964,True,4.6e-05,0.0
er_000532.txt,13,27,5,0.002582,True,4.6e-05,0.0
er_000533.txt,13,30,5,0.002943,True,5.7e-05,0.0
er_000534.txt,30,139,17,0.073139,True,0.000188,0.0
er_000535.txt,15,30,4,0.002193,True,6.7e-05,0.0
er_000536.txt,13,24,3,0.002007,True,7.1e-05,0.0
er_000537.txt,11,11,1,0.000258,True,3.6e-05,0.0
er_000538.txt,25,95,12,0.032425,True,0.000142,0.0
er_000539.txt,15,39,6,0.004476,True,8.1e-05,0.0
er_000540.txt,30,110,14,0.050947,True,0.000185,0.0
er_000541.txt,23,27,3,0.000877,True,7e-05,0.0
er_000542.txt,13,36,5,0.003515,True,5.7e-05,0.0
er_000543.txt,30,165,19,0.086625,True,0.000214,0.0
er_000544.txt,19,56,8,0.00788,True,0.000115,0.0
er_000545.txt,29,107,13,0.040443,True,0.000143,0.0
er_000546.txt,22,29,4,0.001798,True,6.6e-05,0.0
er_000547.txt,11,20,3,0.001242,True,4.8e-05,0.0
er_000548.txt,30,133,16,0.063063,True,0.000192,0.0
er_000549.txt,26,50,7,0.009361,True,0.0001,0.0
er_000550.txt,18,17,1,0.000271,True,4.7e-05,0.0
er_000551.txt,30,88,12,0.034703,True,0.000141,0.0
er_000552.txt,19,63,10,0.011639,True,8.5e-05,0.0
er_000553.txt,15,14,1,0.000172,True,4e-05,0.0
er_000554.txt,18,22,3,0.000925,True,5.8e-05,0.0
er_000555.txt,22,80,11,0.025226,True,0.000107,0.0
er_000556.txt,12,20,3,0.000938,True,4.6e-05,0.0
er_000557.txt,29,60,8,0.015683,True,9.8e-05,0.0
er_000558.txt,10,6,0,4.6e-05,True,3.9e-05,0.0
er_000559.txt,14,21,3,0.001087,True,4.4e-05,0.0
er_000560.txt,24,91,12,0.032313,True,0.000117,0.0
er_000561.txt,23,78,11,0.023871,True,0.000128,0.0
er_000562.txt,21,84,11,0.01773,True,0.000103,0.0
er_000563.txt,22,75,10,0.021244,True,9.7e-05,0.0
er_000564.txt,17,38,5,0.004104,True,7.2e-05,0.0
er_000565.txt,15,27,4,0.00235,True,7.7e-05,0.0
er_000566.txt,21,26,3,0.000915,True,5.3e-05,0.0
er_000567.txt,28,82,10,0.027986,True,0.000206,0.0
er_000568.txt,27,53,7,0.006417,True,0.00011,0.0
er_000569.txt,22,72,11,0.0226,True,0.000128,0.0
er_000570.txt,17,21,2,0.000819,True,5.2e-05,0.0
er_000571.txt,17,28,3,0.001754,True,6e-05,0.0
er_000572.txt,25,48,7,0.006716,True,8.6e-05,0.0
er_000573.txt,30,153,17,0.083089,True,0.000196,0.0
er_000574.txt,15,29,4,0.00259,True,0.000134,0.0
er_000575.txt,15,16,2,0.001394,True,0.000104,0.0
er_000576.txt,23,74,10,0.043607,True,0.000192,0.0
er_000577.txt,22,60,8,0.009413,True,0.000108,0.0
er_000578.txt,12,22,4,0.001641,True,5.6e-05,0.0
er_000579.txt,25,107,14,0.042032,True,0.000176,0.0
er_000580.txt,13,26,4,0.002103,True,7.4e-05,0.0
er_000581.txt,18,26,4,0.001845,True,8.4e-05,0.0
er_000582.txt,15,35,3,0.002657,True,8.5e-05,0.0
er_000583.txt,29,124,13,0.053759,True,0.000179,0.0
er_000584.txt,27,41,5,0.00328,True,8.4e-05,0.0
er_000585.txt,12,23,3,0.00167,True,5.7e-05,0.0
er_000586.txt,22,86,11,0.028573,True,0.000118,0.0
er_000587.txt,14,28,4,0.002148,True,6.8e-05,0.0
er_000588.txt,28,138,15,0.062641,True,0.000167,0.0
er_000589.txt,10,8,0,3.9e-05,True,3e-05,0.0
er_000590.txt,15,43,6,0.00522,True,7.3e-05,0.0
er_000591.txt,29,118,14,0.050118,True,0.000159,0.0
er_000592.txt,27,90,11,0.036887,True,0.000142,0.0
er_000593.txt,25,91,12,0.045859,True,0.000142,0.0
er_000594.txt,17,47,7,0.00602,True,6.6e-05,0.0
er_000595.txt,10,7,0,3.3e-05,True,2.6e-05,0.0
er_000596.txt,19,56,8,0.009481,True,8.1e-05,0.0
er_000597.txt,18,35,6,0.004,True,6.8e-05,0.0
er_000598.txt,26,29,3,0.000908,True,6.3e-05,0.0
er_000599.txt,19,52,8,0.008106,True,7.4e-05,0.0
er_000600.txt,28,56,8,0.01476,True,0.00013,0.0
er_000601.txt,10,18,4,0.001066,True,4.2e-05,0.0
er_000602.txt,19,35,5,0.003745,True,6.9e-05,0.0
er_000603.txt,23,54,8,0.008132,True,0.00011,0.0
er_000604.txt,30,150,16,0.096296,True,0.000204,0.0
er_000605.txt,25,39,5,0.003063,True,9.6e-05,0.0
er_000606.txt,30,67,8,0.019478,True,0.000128,0.0
er_000607.txt,17,36,5,0.003607,True,6.7e-05,0.0
er_000608.txt,25,49,6,0.006394,True,8.6e-05,0.0
er_000609.txt,30,165,17,0.084724,True,0.00025,0.0
er_000610.txt,20,51,8,0.006993,True,9.5e-05,0.0
er_000611.txt,13,17,2,0.000758,True,4.4e-05,0.0
er_000612.txt,11,10,1,0.000161,True,3.3e-05,0.0
er_000613.txt,22,59,9,0.014338,True,0.000106,0.0
er_000614.txt,18,25,3,0.001503,True,5.7e-05,0.0
er_000615.txt,26,115,14,0.042336,True,0.000164,0.0
er_000616.txt,29,151,18,0.078966,True,0.000192,0.0
er_000617.txt,17,17,2,0.000397,True,5.3e-05,0.0
er_000618.txt,29,113,14,0.048002,True,0.000207,0.0
er_000619.txt,15,29,4,0.002505,True,7.1e-05,0.0
er_000620.txt,21,37,5,0.00329,True,7.5e-05,0.0
er_000621.txt,17,31,5,0.003054,True,5.9e-05,0.0
er_000622.txt,18,36,5,0.003903,True,7.2e-05,0.0
er_000623.txt,23,65,8,0.017472,True,9.6e-05,0.0
er_000624.txt,21,33,4,0.002473,True,7.1e-05,0.0
er_000625.txt,22,42,5,0.003835,True,8.1e-05,0.0
er_000626.txt,13,21,3,0.001086,True,5.2e-05,0.0
er_000627.txt,21,51,6,0.006227,True,9.1e-05,0.0
er_000628.txt,10,7,1,0.000162,True,3.1e-05,0.0
er_000629.txt,26,60,8,0.017958,True,0.00011,0.0
er_000630.txt,26,85,11,0.030678,True,0.00021,0.0
er_000631.txt,13,9,0,5.9e-05,True,4.6e-05,0.0
er_000632.txt,19,22,3,0.001437,True,8.7e-05,0.0
er_000633.txt,21,38,6,0.003949,True,0.000124,0.0
er_000634.txt,16,38,6,0.00568,True,0.000102,0.0
er_000635.txt,12,17,3,0.001037,True,6.5e-05,0.0
er_000636.txt,17,23,3,0.001341,True,8.1e-05,0.0
er_000637.txt,14,20,2,0.001126,True,7.2e-05,0.0
er_000638.txt,13,20,3,0.001233,True,9.2e-05,0.0
er_000639.txt,26,107,13,0.05456,True,0.000203,0.0
er_000640.txt,22,30,4,0.002385,True,0.000119,0.0
er_000641.txt,12,20,3,0.001473,True,6.9e-05,0.0
er_000642.txt,21,46,7,0.00626,True,0.000133,0.0
er_000643.txt,11,10,1,0.00035,True,4.6e-05,0.0
er_000644.txt,24,81,11,0.028271,True,0.000163,0.0
er_000645.txt,12,8,0,4.6e-05,True,3.5e-05,0.0
er_000646.txt,12,16,2,0.000611,True,6e-05,0.0
er_000647.txt,28,117,14,0.058039,True,0.000233,0.0
er_000648.txt,16,18,1,0.000441,True,9.4e-05,0.0
er_000649.txt,20,35,5,0.003167,True,0.00014,0.0
er_000650.txt,14,43,6,0.005512,True,0.000105,0.0
er_000651.txt,28,73,10,0.019533,True,0.00068,0.0
er_000652.txt,27,74,10,0.022511,True,0.000218,0.0
er_000653.txt,27,75,11,0.025557,True,0.000182,0.0
er_000654.txt,26,130,14,0.053358,True,0.000207,0.0
er_000655.txt,11,5,0,3.9e-05,True,3e-05,0.0
er_000656.txt,25,77,10,0.025017,True,0.000154,0.0
er_000657.txt,11,16,3,0.000661,True,0.000106,0.0
er_000658.txt,22,70,9,0.012646,True,0.000166,0.0
er_000659.txt,18,36,5,0.003291,True,8.3e-05,0.0
er_000660.txt,10,16,3,0.00091,True,4.1e-05,0.0
er_000661.txt,14,19,2,0.000791,True,4.6e-05,0.0
er_000662.txt,19,20,2,0.000596,True,5.4e-05,0.0
er_000663.txt,14,27,4,0.002421,True,0.000103,0.0
er_000664.txt,10,16,2,0.000734,True,3.8e-05,0.0
er_000665.txt,24,83,11,0.026335,True,0.000127,0.0
er_000666.txt,25,100,12,0.037116,True,0.000131,0.0
er_000667.txt,12,17,2,0.000831,True,5.2e-05,0.0
er_000668.txt,26,94,12,0.037528,True,0.000186,0.0
er_000669.txt,22,49,6,0.006653,True,0.00015,0.0
er_000670.txt,26,73,10,0.023821,True,0.000132,0.0
er_000671.txt,21,18,1,0.000328,True,5.2e-05,0.0
er_000672.txt,22,80,11,0.015741,True,0.000139,0.0
er_000673.txt,30,144,16,0.069369,True,0.000183,0.0
er_000674.txt,27,89,11,0.032558,True,0.000133,0.0
er_000675.txt,14,25,4,0.002253,True,6.2e-05,0.0
er_000676.txt,25,66,9,0.018066,True,0.000115,0.0
er_000677.txt,27,46,6,0.004877,True,9.5e-05,0.0
er_000678.txt,27,126,15,0.062152,True,0.000159,0.0
er_000679.txt,27,156,16,0.074859,True,0.000214,0.0
er_000680.txt,22,54,7,0.010487,True,9.9e-05,0.0
er_000681.txt,11,10,1,0.000175,True,3.4e-05,0.0
er_000682.txt,20,31,4,0.002206,True,6.5e-05,0.0
er_000683.txt,17,28,4,0.002099,True,6.5e-05,0.0
er_000684.txt,30,104,13,0.039341,True,0.000162,0.0
er_000685.txt,26,102,13,0.040348,True,0.000133,0.0
er_000686.txt,29,126,15,0.075482,True,0.000192,0.0
er_000687.txt,22,78,10,0.02333,True,0.000125,0.0
er_000688.txt,28,85,12,0.031773,True,0.000152,0.0
er_000689.txt,26,33,3,0.001631,True,7.3e-05,0.0
er_000690.txt,16,20,3,0.000952,True,4.8e-05,0.0
er_000691.txt,13,24,3,0.001425,True,5e-05,0.0
er_000692.txt,29,59,7,0.01474,True,0.000121,0.0
er_000693.txt,25,60,9,0.015409,True,0.000102,0.0
er_000694.txt,19,34,4,0.003223,True,8.8e-05,0.0
er_000695.txt,23,37,5,0.004045,True,7.2e-05,0.0
er_000696.txt,30,136,17,0.069062,True,0.000162,0.0
er_000697.txt,13,9,0,4e-05,True,3.1e-05,0.0
er_000698.txt,18,50,7,0.007054,True,7.6e-05,0.0
er_000699.txt,15,24,4,0.001875,True,5.5e-05,0.0
er_000700.txt,21,58,8,0.008676,True,0.000109,0.0
er_000701.txt,29,37,4,0.002232,True,7.5e-05,0.0
er_000702.txt,16,11,1,0.00017,True,3.8e-05,0.0
er_000703.txt,13,32,6,0.003526,True,6.6e-05,0.0
er_000704.txt,28,43,5,0.00363,True,8.4e-05,0.0
er_000705.txt,12,5,0,3.4e-05,True,2.6e-05,0.0
er_000706.txt,22,35,4,0.002275,True,8.5e-05,0.0
er_000707.txt,23,95,12,0.033273,True,0.000124,0.0
er_000708.txt,26,109,13,0.047505,True,0.000135,0.0
er_000709.txt,21,65,8,0.009717,True,9.8e-05,0.0
er_000710.txt,11,22,3,0.001473,True,5.2e-05,0.0
er_000711.txt,11,20,2,0.000899,True,4.3e-05,0.0
er_000712.txt,10,11,2,0.000475,True,3.5e-05,0.0
er_000713.txt,18,52,8,0.007256,True,8e-05,0.0
er_000714.txt,18,31,4,0.002359,True,6.3e-05,0.0
er_000715.txt,28,44,4,0.0036,True,8.8e-05,0.0
er_000716.txt,23,85,12,0.028952,True,0.000119,0.0
er_000717.txt,27,78,10,0.024124,True,0.000166,0.0
er_000718.txt,30,110,15,0.046717,True,0.000189,0.0
er_000719.txt,15,23,2,0.001062,True,5.7e-05,0.0
er_000720.txt,30,49,5,0.005605,True,0.00011,0.0
er_000721.txt,29,44,5,0.003737,True,0.000104,0.0
er_000722.txt,24,61,9,0.009661,True,0.000118,0.0
er_000723.txt,25,38,4,0.002969,True,8.9e-05,0.0
er_000724.txt,23,26,2,0.00069,True,7.6e-05,0.0
er_000725.txt,25,44,6,0.004877,True,0.00011,0.0
er_000726.txt,26,75,10,0.023407,True,0.000118,0.0
er_000727.txt,25,38,5,0.003016,True,0.000189,0.0
er_000728.txt,10,13,2,0.000489,True,3.5e-05,0.0
er_000729.txt,16,19,2,0.000609,True,4.7e-05,0.0
er_000730.txt,10,8,0,3.3e-05,True,2.5e-05,0.0
er_000731.txt,28,119,16,0.050757,True,0.000168,0.0
er_000732.txt,23,86,12,0.029986,True,0.000151,0.0
er_000733.txt,30,80,11,0.024774,True,0.000142,0.0
er_000734.txt,18,51,7,0.00684,True,9.6e-05,0.0
er_000735.txt,11,9,1,0.000166,True,3.4e-05,0.0
er_000736.txt,28,114,13,0.044842,True,0.00014,0.0
er_000737.txt,22,36,4,0.002503,True,7.5e-05,0.0
er_000738.txt,29,82,10,0.026388,True,0.00013,0.0
er_000739.txt,24,84,11,0.026751,True,0.000115,0.0
er_000740.txt,11,4,0,3.4e-05,True,2.6e-05,0.0
er_000741.txt,14,31,5,0.003128,True,5.9e-05,0.0
er_000742.txt,18,40,6,0.004338,True,7.4e-05,0.0
er_000743.txt,12,20,3,0.001097,True,4.8e-05,0.0
er_000744.txt,16,36,5,0.003379,True,6.5e-05,0.0
er_000745.txt,28,123,15,0.069471,True,0.000164,0.0
er_000746.txt,15,15,1,0.000188,True,4.4e-05,0.0
er_000747.txt,12,2,0,2.8e-05,True,2.1e-05,0.0
er_000748.txt,18,55,7,0.007267,True,8e-05,0.0
er_000749.txt,28,60,8,0.016138,True,0.000106,0.0
er_000750.txt,26,105,13,0.04296,True,0.000136,0.0
er_000751.txt,27,100,13,0.039786,True,0.000142,0.0
er_000752.txt,30,150,16,0.091531,True,0.000208,0.0
er_000753.txt,24,67,9,0.019413,True,0.000121,0.0
er_000754.txt,26,93,13,0.038242,True,0.000128,0.0
er_000755.txt,14,26,4,0.002059,True,6.7e-05,0.0
er_000756.txt,30,90,12,0.041298,True,0.000178,0.0
er_000757.txt,20,35,4,0.002962,True,7.6e-05,0.0
er_000758.txt,20,29,3,0.001493,True,6.9e-05,0.0
er_000759.txt,21,48,7,0.006803,True,0.000158,0.0
er_000760.txt,13,33,5,0.003055,True,6.4e-05,0.0
er_000761.txt,13,29,4,0.002564,True,6.3e-05,0.0
er_000762.txt,24,81,11,0.028532,True,0.000121,0.0
er_000763.txt,26,85,11,0.028891,True,0.00014,0.0
er_000764.txt,14,19,3,0.000882,True,5.3e-05,0.0
er_000765.txt,11,13,2,0.000542,True,3.9e-05,0.0
er_000766.txt,23,67,9,0.01875,True,0.000116,0.0
er_000767.txt,27,48,7,0.00642,True,9.9e-05,0.0
er_000768.txt,19,19,2,0.000469,True,5.3e-05,0.0
er_000769.txt,26,73,10,0.022138,True,0.000135,0.0
er_000770.txt,18,30,4,0.002024,True,0.000111,0.0
er_000771.txt,23,103,12,0.038264,True,0.000129,0.0
er_000772.txt,17,32,5,0.002672,True,6.5e-05,0.0
er_000773.txt,13,19,3,0.000962,True,8.1e-05,0.0
er_000774.txt,29,63,8,0.015178,True,0.000118,0.0
er_000775.txt,23,76,10,0.022805,True,0.000125,0.0
er_000776.txt,10,12,1,0.000394,True,3.7e-05,0.0
er_000777.txt,12,20,3,0.001315,True,5e-05,0.0
er_000778.txt,29,138,15,0.071995,True,0.000172,0.0
er_000779.txt,28,127,16,0.057453,True,0.000172,0.0
er_000780.txt,12,30,4,0.002646,True,6.2e-05,0.0
er_000781.txt,13,13,2,0.00066,True,3.6e-05,0.0
er_000782.txt,18,48,7,0.005908,True,8.1e-05,0.0
er_000783.txt,20,76,9,0.013685,True,0.0001,0.0
er_000784.txt,27,90,12,0.033408,True,0.000126,0.0
er_000785.txt,29,68,10,0.020067,True,0.000126,0.0
er_000786.txt,23,105,13,0.038797,True,0.000132,0.0
er_000787.txt,20,51,7,0.008384,True,8.9e-05,0.0
er_000788.txt,20,13,1,0.000179,True,4.2e-05,0.0
er_000789.txt,10,15,2,0.00082,True,3.8e-05,0.0
er_000790.txt,11,6,0,3.3e-05,True,2.6e-05,0.0
er_000791.txt,11,5,0,3e-05,True,2.4e-05,0.0
er_000792.txt,20,59,8,0.009177,True,8.6e-05,0.0
er_000793.txt,20,44,6,0.005265,True,7.8e-05,0.0
er_000794.txt,14,26,4,0.002254,True,5.8e-05,0.0
er_000795.txt,21,64,8,0.010073,True,9.7e-05,0.0
er_000796.txt,18,11,0,4.6e-05,True,3.7e-05,0.0
er_000797.txt,25,76,10,0.024509,True,0.000125,0.0
er_000798.txt,19,57,8,0.008983,True,8.3e-05,0.0
er_000799.txt,28,70,8,0.022565,True,0.000134,0.0
er_000800.txt,28,114,14,0.059102,True,0.000178,0.0
er_000801.txt,16,37,6,0.004156,True,7.6e-05,0.0
er_000802.txt,18,33,5,0.003265,True,7.1e-05,0.0
er_000803.txt,20,74,10,0.013422,True,0.000103,0.0
er_000804.txt,24,47,6,0.005279,True,9.6e-05,0.0
er_000805.txt,10,3,0,3.3e-05,True,2.4e-05,0.0
er_000806.txt,27,148,16,0.087361,True,0.000257,0.0
er_000807.txt,20,34,5,0.003158,True,7.6e-05,0.0
er_000808.txt,30,160,18,0.094761,True,0.000216,0.0
er_000809.txt,21,37,4,0.003051,True,0.000165,0.0
er_000810.txt,23,55,8,0.013282,True,9.8e-05,0.0
er_000811.txt,28,92,13,0.037281,True,0.000124,0.0
er_000812.txt,13,14,1,0.000369,True,4.3e-05,0.0
er_000813.txt,22,88,11,0.028935,True,0.000107,0.0
er_000814.txt,12,17,2,0.000812,True,6.7e-05,0.0
er_000815.txt,11,14,2,0.000452,True,3.9e-05,0.0
er_000816.txt,23,22,2,0.000494,True,6.4e-05,0.0
er_000817.txt,22,24,3,0.000865,True,6.3e-05,0.0
er_000818.txt,10,17,3,0.001417,True,3.9e-05,0.0
er_000819.txt,22,41,6,0.00457,True,8e-05,0.0
er_000820.txt,25,99,12,0.038166,True,0.000146,0.0
er_000821.txt,18,27,3,0.001544,True,7.7e-05,0.0
er_000822.txt,21,79,10,0.016437,True,0.000111,0.0
er_000823.txt,24,31,3,0.00146,True,7.3e-05,0.0
er_000824.txt,26,108,14,0.052475,True,0.000207,0.0
er_000825.txt,13,22,3,0.001449,True,5.8e-05,0.0
er_000826.txt,15,22,3,0.001022,True,5.6e-05,0.0
er_000827.txt,10,11,1,0.000422,True,3.8e-05,0.0
er_000828.txt,11,17,3,0.001053,True,4.3e-05,0.0
er_000829.txt,10,13,2,0.000593,True,3.9e-05,0.0
er_000830.txt,18,18,2,0.00055,True,0.000113,0.0
er_000831.txt,29,155,18,0.081771,True,0.000203,0.0
er_000832.txt,14,27,5,0.002429,True,7.9e-05,0.0
er_000833.txt,21,49,7,0.007382,True,0.000106,0.0
er_000834.txt,11,14,2,0.000612,True,3.9e-05,0.0
er_000835.txt,12,25,4,0.001924,True,5.4e-05,0.0
er_000836.txt,11,13,2,0.000543,True,3.5e-05,0.0
er_000837.txt,20,64,9,0.01041,True,0.000102,0.0
er_000838.txt,22,39,5,0.004229,True,7.2e-05,0.0
er_000839.txt,21,48,7,0.007353,True,8.7e-05,0.0
er_000840.txt,10,8,1,0.000174,True,3.4e-05,0.0
er_000841.txt,27,126,14,0.051168,True,0.000177,0.0
er_000842.txt,29,104,14,0.046563,True,0.00015,0.0
er_000843.txt,25,75,10,0.024178,True,0.000103,0.0
er_000844.txt,17,56,8,0.008503,True,0.00016,0.0
er_000845.txt,16,35,4,0.003106,True,6.5e-05,0.0
er_000846.txt,20,47,7,0.006266,True,0.000103,0.0
er_000847.txt,17,41,6,0.004618,True,6.7e-05,0.0
er_000848.txt,21,82,10,0.017537,True,0.000114,0.0
er_000849.txt,29,81,11,0.02931,True,0.000143,0.0
er_000850.txt,12,30,5,0.0028,True,5.9e-05,0.0
er_000851.txt,13,19,2,0.000803,True,4.8e-05,0.0
er_000852.txt,12,17,2,0.000736,True,3.7e-05,0.0
er_000853.txt,22,64,8,0.011348,True,0.000116,0.0
er_000854.txt,30,111,14,0.044815,True,0.000168,0.0
er_000855.txt,22,81,11,0.027635,True,0.000114,0.0
er_000856.txt,29,92,12,0.032494,True,0.000127,0.0
er_000857.txt,28,158,17,0.087002,True,0.000206,0.0
er_000858.txt,27,131,16,0.058671,True,0.000216,0.0
er_000859.txt,22,14,0,5.7e-05,True,4.6e-05,0.0
er_000860.txt,27,33,3,0.001313,True,7.6e-05,0.0
er_000861.txt,17,34,5,0.002901,True,7e-05,0.0
er_000862.txt,22,49,6,0.005932,True,8.4e-05,0.0
er_000863.txt,12,25,4,0.002199,True,5.2e-05,0.0
er_000864.txt,27,105,13,0.052497,True,0.000125,0.0
er_000865.txt,18,66,9,0.010279,True,9.9e-05,0.0
er_000866.txt,28,130,15,0.059765,True,0.000168,0.0
er_000867.txt,26,87,12,0.029401,True,0.000145,0.0
er_000868.txt,14,10,1,0.000182,True,3.9e-05,0.0
er_000869.txt,19,63,9,0.010436,True,7.9e-05,0.0
er_000870.txt,22,61,9,0.017636,True,9e-05,0.0
er_000871.txt,11,13,2,0.000414,True,3.8e-05,0.0
er_000872.txt,20,62,9,0.009993,True,9.4e-05,0.0
er_000873.txt,25,76,11,0.025125,True,0.000101,0.0
er_000874.txt,11,12,2,0.000437,True,4.2e-05,0.0
er_000875.txt,17,51,7,0.007134,True,7.7e-05,0.0
er_000876.txt,11,25,4,0.00223,True,4.5e-05,0.0
er_000877.txt,18,40,6,0.005304,True,7.2e-05,0.0
er_000878.txt,16,37,5,0.004047,True,7.1e-05,0.0
er_000879.txt,10,5,0,3.2e-05,True,2.5e-05,0.0
er_000880.txt,18,32,5,0.002712,True,7e-05,0.0
er_000881.txt,20,52,7,0.006992,True,8e-05,0.0
er_000882.txt,19,72,9,0.013278,True,9.8e-05,0.0
er_000883.txt,29,71,9,0.020975,True,0.000141,0.0
er_000884.txt,12,8,0,4e-05,True,3e-05,0.0
er_000885.txt,21,72,9,0.012247,True,0.000117,0.0
er_000886.txt,10,12,1,0.000332,True,3.9e-05,0.0
er_000887.txt,15,15,1,0.000178,True,4e-05,0.0
er_000888.txt,22,94,11,0.032105,True,0.000131,0.0
er_000889.txt,17,47,7,0.006236,True,0.000118,0.0
er_000890.txt,22,60,9,0.010571,True,0.000101,0.0
er_000891.txt,24,69,10,0.021043,True,0.000119,0.0
er_000892.txt,22,88,11,0.028516,True,0.000144,0.0
er_000893.txt,26,87,11,0.030141,True,0.000125,0.0
er_000894.txt,27,80,11,0.028422,True,0.000123,0.0
er_000895.txt,20,38,6,0.004268,True,7.8e-05,0.0
er_000896.txt,11,20,3,0.00133,True,4.4e-05,0.0
er_000897.txt,11,14,2,0.000471,True,4.7e-05,0.0
er_000898.txt,23,34,4,0.002239,True,8e-05,0.0
er_000899.txt,22,81,10,0.02541,True,0.000178,0.0
er_000900.txt,27,51,8,0.007342,True,0.000119,0.0
er_000901.txt,24,34,3,0.001935,True,6.9e-05,0.0
er_000902.txt,16,38,6,0.004305,True,9.1e-05,0.0
er_000903.txt,24,101,11,0.041377,True,0.000131,0.0
er_000904.txt,22,46,6,0.005169,True,8.7e-05,0.0
er_000905.txt,11,22,4,0.00167,True,4.9e-05,0.0
er_000906.txt,14,38,6,0.004174,True,7e-05,0.0
er_000907.txt,18,17,1,0.00017,True,4.2e-05,0.0
er_000908.txt,10,6,0,3.2e-05,True,2.4e-05,0.0
er_000909.txt,22,66,10,0.011162,True,0.000114,0.0
er_000910.txt,10,10,1,0.000254,True,3.4e-05,0.0
er_000911.txt,17,25,3,0.001292,True,7.9e-05,0.0
er_000912.txt,30,135,17,0.066572,True,0.000272,0.0
er_000913.txt,21,43,6,0.006233,True,9.1e-05,0.0
er_000914.txt,21,48,7,0.006811,True,8.6e-05,0.0
er_000915.txt,12,12,2,0.000333,True,3.6e-05,0.0
er_000916.txt,27,53,7,0.006995,True,0.000154,0.0
er_000917.txt,26,99,12,0.03476,True,0.000139,0.0
er_000918.txt,28,136,16,0.061883,True,0.000166,0.0
er_000919.txt,11,8,0,3.8e-05,True,2.9e-05,0.0
er_000920.txt,30,141,16,0.06627,True,0.000172,0.0
er_000921.txt,20,61,9,0.00987,True,8.8e-05,0.0
er_000922.txt,11,4,0,3.1e-05,True,2.3e-05,0.0
er_000923.txt,17,35,5,0.003277,True,6.6e-05,0.0
er_000924.txt,25,75,11,0.024528,True,0.000101,0.0
er_000925.txt,30,121,15,0.051473,True,0.000159,0.0
er_000926.txt,24,31,4,0.001948,True,7.8e-05,0.0
er_000927.txt,30,131,14,0.067805,True,0.000193,0.0
er_000928.txt,13,25,4,0.002103,True,5.9e-05,0.0
er_000929.txt,23,32,4,0.002203,True,6.7e-05,0.0
er_000930.txt,30,84,11,0.034009,True,0.000141,0.0
er_000931.txt,11,12,1,0.000484,True,4.5e-05,0.0
er_000932.txt,15,26,4,0.001719,True,6.5e-05,0.0
er_000933.txt,12,21,3,0.001514,True,5e-05,0.0
er_000934.txt,14,24,4,0.002027,True,5.7e-05,0.0
er_000935.txt,11,4,0,7.9e-05,True,6.3e-05,0.0
er_000936.txt,25,69,10,0.020843,True,0.000223,0.0
er_000937.txt,21,87,11,0.01935,True,0.000121,0.0
er_000938.txt,16,17,2,0.000419,True,4.3e-05,0.0
er_000939.txt,10,16,2,0.000619,True,4.1e-05,0.0
er_000940.txt,12,8,0,3.6e-05,True,2.7e-05,0.0
er_000941.txt,30,48,6,0.004777,True,0.000107,0.0
er_000942.txt,25,41,4,0.00311,True,8.5e-05,0.0
er_000943.txt,25,50,7,0.007088,True,8.6e-05,0.0
er_000944.txt,28,50,7,0.00645,True,0.000101,0.0
er_000945.txt,24,94,13,0.035635,True,0.000135,0.0
er_000946.txt,25,65,9,0.01751,True,0.00011,0.0
er_000947.txt,18,13,1,0.000182,True,4.1e-05,0.0
er_000948.txt,22,53,6,0.00685,True,9.3e-05,0.0
er_000949.txt,28,53,7,0.011526,True,9.9e-05,0.0
er_000950.txt,27,154,17,0.071878,True,0.000217,0.0
er_000951.txt,23,101,13,0.035124,True,0.000133,0.0
er_000952.txt,29,50,6,0.005042,True,0.00011,0.0
er_000953.txt,26,95,12,0.035176,True,0.000123,0.0
er_000954.txt,21,46,7,0.00608,True,8.7e-05,0.0
er_000955.txt,22,63,9,0.01021,True,0.000116,0.0
er_000956.txt,20,25,3,0.001347,True,6e-05,0.0
er_000957.txt,24,107,13,0.040856,True,0.000124,0.0
er_000958.txt,24,67,8,0.018635,True,0.000109,0.0
er_000959.txt,15,18,2,0.000653,True,4.3e-05,0.0
er_000960.txt,20,37,5,0.003365,True,8.6e-05,0.0
er_000961.txt,14,25,3,0.001909,True,5.2e-05,0.0
er_000962.txt,15,10,0,3.9e-05,True,3.1e-05,0.0
er_000963.txt,12,16,2,0.000711,True,4.1e-05,0.0
er_000964.txt,28,44,5,0.003835,True,0.000121,0.0
er_000965.txt,29,77,10,0.023615,True,0.00013,0.0
er_000966.txt,18,55,8,0.008191,True,8e-05,0.0
er_000967.txt,13,25,4,0.001758,True,6.1e-05,0.0
er_000968.txt,20,81,10,0.016167,True,0.000124,0.0
er_000969.txt,29,83,11,0.037917,True,0.000126,0.0
er_000970.txt,28,117,14,0.05882,True,0.000166,0.0
er_000971.txt,21,92,11,0.019466,True,0.000131,0.0
er_000972.txt,23,60,8,0.010022,True,0.000102,0.0
er_000973.txt,28,122,14,0.0534,True,0.00018,0.0
er_000974.txt,30,89,12,0.033472,True,0.000148,0.0
er_000975.txt,21,23,2,0.000652,True,6.1e-05,0.0
er_000976.txt,29,108,13,0.045003,True,0.000153,0.0
er_000977.txt,11,19,3,0.001415,True,5.3e-05,0.0
er_000978.txt,29,106,14,0.046333,True,0.000156,0.0
er_000979.txt,22,41,6,0.003943,True,8.3e-05,0.0
er_000980.txt,29,42,5,0.004102,True,8.3e-05,0.0
er_000981.txt,20,67,9,0.012107,True,9.3e-05,0.0
er_000982.txt,24,75,10,0.024195,True,0.00012,0.0
er_000983.txt,28,74,11,0.022348,True,0.000137,0.0
er_000984.txt,15,13,1,0.000293,True,4.3e-05,0.0
er_000985.txt,12,13,2,0.000383,True,5.7e-05,0.0
er_000986.txt,13,28,4,0.002363,True,8.1e-05,0.0
er_000987.txt,18,19,2,0.000312,True,4.4e-05,0.0
er_000988.txt,30,144,16,0.081093,True,0.000199,0.0
er_000989.txt,29,127,15,0.055101,True,0.000182,0.0
er_000990.txt,14,31,5,0.003098,True,6.7e-05,0.0
er_000991.txt,26,87,11,0.026684,True,0.000158,0.0
er_000992.txt,26,45,6,0.004458,True,8.9e-05,0.0
er_000993.txt,10,14,2,0.000618,True,3.7e-05,0.0
er_000994.txt,29,59,8,0.016999,True,0.000105,0.0
er_000995.txt,29,58,7,0.013169,True,9.5e-05,0.0
er_000996.txt,11,15,2,0.000621,True,3.9e-05,0.0
er_000997.txt,29,99,12,0.041167,True,0.000162,0.0
er_000998.txt,29,162,16,0.075271,True,0.000212,0.0
er_000999.txt,15,14,1,0.000254,True,4.5e-05,0.0
er_001000.txt,29,104,13,0.052908,True,0.000147,0.0
er_001001.txt,24,71,10,0.019731,True,0.000105,0.0
er_001002.txt,23,29,3,0.002585,True,7.4e-05,0.0
er_001003.txt,17,47,7,0.006185,True,7.8e-05,0.0
er_001004.txt,28,139,15,0.112312,True,0.000428,0.0
er_001005.txt,10,12,1,0.000354,True,4.2e-05,0.0
er_001006.txt,26,126,15,0.058275,True,0.000195,0.0
er_001007.txt,18,12,1,0.0003,True,6.3e-05,0.0
er_001008.txt,23,44,5,0.004049,True,8.8e-05,0.0
er_001009.txt,26,109,13,0.045854,True,0.00015,0.0
er_001010.txt,15,16,2,0.000405,True,5.3e-05,0.0
er_001011.txt,14,13,0,4.4e-05,True,3.5e-05,0.0
er_001012.txt,22,88,11,0.028928,True,0.000121,0.0
er_001013.txt,22,84,10,0.026972,True,0.000122,0.0
er_001014.txt,21,56,8,0.008157,True,0.000118,0.0
er_001015.txt,15,8,0,4e-05,True,3.1e-05,0.0
er_001016.txt,12,19,3,0.001211,True,6.3e-05,0.0
er_001017.txt,25,94,12,0.033742,True,0.00014,0.0
er_001018.txt,23,100,12,0.037513,True,0.000145,0.0
er_001019.txt,28,126,15,0.079537,True,0.000231,0.0
er_001020.txt,10,19,3,0.001267,True,6.9e-05,0.0
er_001021.txt,28,112,14,0.04494,True,0.000168,0.0
er_001022.txt,11,21,3,0.00128,True,0.000111,0.0
er_001023.txt,19,30,4,0.00212,True,6.8e-05,0.0
er_001024.txt,30,148,17,0.082494,True,0.000184,0.0
er_001025.txt,24,74,10,0.022944,True,0.000136,0.0
er_001026.txt,21,53,6,0.006649,True,9e-05,0.0
er_001027.txt,18,54,7,0.006875,True,9.2e-05,0.0
er_001028.txt,26,64,9,0.016179,True,0.000105,0.0
er_001029.txt,10,14,2,0.000676,True,4e-05,0.0
er_001030.txt,18,55,7,0.007688,True,7.5e-05,0.0
er_001031.txt,19,24,3,0.001316,True,5.3e-05,0.0
er_001032.txt,13,21,3,0.000959,True,6.5e-05,0.0
er_001033.txt,30,45,5,0.00465,True,0.000103,0.0
er_001034.txt,26,47,7,0.010369,True,7.9e-05,0.0
er_001035.txt,28,48,6,0.004404,True,9.3e-05,0.0
er_001036.txt,26,109,11,0.048333,True,0.000157,0.0
er_001037.txt,16,24,3,0.001642,True,6.5e-05,0.0
er_001038.txt,19,25,3,0.001245,True,7.6e-05,0.0
er_001039.txt,18,22,3,0.001005,True,5.9e-05,0.0
er_001040.txt,30,157,17,0.081143,True,0.000229,0.0
er_001041.txt,29,163,18,0.075547,True,0.000233,0.0
er_001042.txt,25,64,9,0.019568,True,0.000115,0.0
er_001043.txt,15,23,3,0.001491,True,5.9e-05,0.0
er_001044.txt,27,111,14,0.04494,True,0.000154,0.0
er_001045.txt,22,54,7,0.006978,True,9.8e-05,0.0
er_001046.txt,27,98,13,0.037921,True,0.000136,0.0
er_001047.txt,26,79,10,0.027411,True,0.000118,0.0
er_001048.txt,30,158,18,0.083034,True,0.000222,0.0
er_001049.txt,26,138,15,0.083044,True,0.000174,0.0
er_001050.txt,13,25,4,0.0023,True,5.8e-05,0.0
er_001051.txt,19,13,0,4.5e-05,True,3.6e-05,0.0
er_001052.txt,13,11,2,0.000558,True,3.7e-05,0.0
er_001053.txt,24,106,12,0.040138,True,0.000135,0.0
er_001054.txt,19,28,4,0.002124,True,7.8e-05,0.0
er_001055.txt,25,64,9,0.018437,True,0.000111,0.0
er_001056.txt,22,18,0,5.3e-05,True,4.3e-05,0.0
er_001057.txt,16,50,7,0.006073,True,0.000102,0.0
er_001058.txt,28,42,5,0.003824,True,9.6e-05,0.0
er_001059.txt,19,49,7,0.006338,True,9.1e-05,0.0
er_001060.txt,14,26,3,0.001835,True,7.6e-05,0.0
er_001061.txt,22,39,5,0.003703,True,7.9e-05,0.0
er_001062.txt,11,19,3,0.001146,True,4.5e-05,0.0
er_001063.txt,12,14,2,0.000592,True,4e-05,0.0
er_001064.txt,19,63,9,0.010856,True,0.000151,0.0
er_001065.txt,19,35,5,0.004028,True,6.9e-05,0.0
er_001066.txt,19,35,5,0.003479,True,6.8e-05,0.0
er_001067.txt,17,20,1,0.00062,True,6.6e-05,0.0
er_001068.txt,26,30,3,0.001132,True,7.3e-05,0.0
er_001069.txt,12,15,2,0.000571,True,5.3e-05,0.0
er_001070.txt,23,73,11,0.022932,True,0.000102,0.0
er_001071.txt,20,42,6,0.004719,True,9e-05,0.0
er_001072.txt,25,83,10,0.023969,True,0.00013,0.0
er_001073.txt,19,29,4,0.002359,True,5.9e-05,0.0
er_001074.txt,13,11,1,0.000176,True,3.6e-05,0.0
er_001075.txt,23,90,12,0.030296,True,0.000126,0.0
er_001076.txt,22,80,10,0.025242,True,0.000168,0.0
er_001077.txt,12,16,2,0.000502,True,4.8e-05,0.0
er_001078.txt,10,9,1,0.000266,True,3.7e-05,0.0
er_001079.txt,11,18,3,0.001206,True,4.8e-05,0.0
er_001080.txt,12,14,2,0.000532,True,4.8e-05,0.0
er_001081.txt,19,55,8,0.00899,True,8.3e-05,0.0
er_001082.txt,21,60,8,0.010261,True,8.3e-05,0.0
er_001083.txt,14,13,2,0.000566,True,4e-05,0.0
er_001084.txt,28,80,10,0.025685,True,0.000166,0.0
er_001085.txt,16,33,5,0.003233,True,8.9e-05,0.0
er_001086.txt,11,4,0,4.1e-05,True,3e-05,0.0
er_001087.txt,19,35,5,0.002852,True,9.3e-05,0.0
er_001088.txt,28,51,7,0.005897,True,9.7e-05,0.0
er_001089.txt,20,60,8,0.010592,True,8.5e-05,0.0
er_001090.txt,24,96,12,0.032568,True,0.000139,0.0
er_001091.txt,18,41,5,0.004405,True,7.9e-05,0.0
er_001092.txt,26,129,14,0.055831,True,0.000162,0.0
er_001093.txt,21,40,5,0.003573,True,8.7e-05,0.0
er_001094.txt,27,80,11,0.027155,True,0.000146,0.0
er_001095.txt,15,41,6,0.004482,True,8e-05,0.0
er_001096.txt,23,77,9,0.022242,True,0.000124,0.0
er_001097.txt,10,15,2,0.000913,True,4.6e-05,0.0
er_001098.txt,13,28,5,0.002721,True,6.4e-05,0.0
er_001099.txt,13,17,3,0.000733,True,4.6e-05,0.0
er_001100.txt,27,72,9,0.020995,True,0.000129,0.0
er_001101.txt,25,108,14,0.04,True,0.000146,0.0
er_001102.txt,24,60,9,0.015355,True,0.000108,0.0
er_001103.txt,14,25,4,0.001987,True,6.7e-05,0.0
er_001104.txt,20,71,9,0.012728,True,0.000101,0.0
er_001105.txt,15,30,4,0.002341,True,6.7e-05,0.0
er_001106.txt,11,14,2,0.000483,True,5.6e-05,0.0
er_001107.txt,21,52,7,0.007178,True,9e-05,0.0
er_001108.txt,18,56,7,0.008357,True,8.7e-05,0.0
er_001109.txt,30,84,10,0.034768,True,0.000154,0.0
er_001110.txt,25,67,9,0.024689,True,0.000113,0.0
er_001111.txt,11,17,2,0.000792,True,4.5e-05,0.0
er_001112.txt,28,44,6,0.005251,True,0.000111,0.0
er_001113.txt,14,14,1,0.000324,True,4e-05,0.0
er_001114.txt,24,48,6,0.00691,True,0.000104,0.0
er_001115.txt,16,24,3,0.001311,True,5.7e-05,0.0
er_001116.txt,14,39,6,0.005107,True,0.000122,0.0
er_001117.txt,27,42,5,0.003613,True,8.8e-05,0.0
er_001118.txt,10,11,1,0.00026,True,3.6e-05,0.0
er_001119.txt,14,25,3,0.001856,True,0.000102,0.0
er_001120.txt,22,66,9,0.010296,True,0.000123,0.0
er_001121.txt,22,83,11,0.025653,True,0.000121,0.0
er_001122.txt,13,11,1,0.000453,True,4.7e-05,0.0
er_001123.txt,17,45,5,0.00507,True,7.9e-05,0.0
er_001124.txt,14,12,1,0.000188,True,4.1e-05,0.0
er_001125.txt,18,22,3,0.000888,True,6.5e-05,0.0
er_001126.txt,30,49,6,0.009315,True,9.6e-05,0.0
er_001127.txt,10,18,3,0.001144,True,0.000128,0.0
er_001128.txt,28,141,16,0.068208,True,0.000257,0.0
er_001129.txt,19,55,7,0.007491,True,0.00011,0.0
er_001130.txt,24,31,3,0.001463,True,7.3e-05,0.0
er_001131.txt,17,40,6,0.004866,True,7.2e-05,0.0
er_001132.txt,11,8,0,4.1e-05,True,3.1e-05,0.0
er_001133.txt,22,62,8,0.016346,True,0.000111,0.0
er_001134.txt,29,53,6,0.006242,True,0.000102,0.0
er_001135.txt,16,49,7,0.007088,True,0.000205,0.0
er_001136.txt,17,39,6,0.004441,True,7.4e-05,0.0
er_001137.txt,28,42,5,0.006055,True,9.1e-05,0.0
er_001138.txt,20,29,4,0.001729,True,7.3e-05,0.0
er_001139.txt,25,73,9,0.022358,True,0.000121,0.0
er_001140.txt,24,57,8,0.00954,True,0.00011,0.0
er_001141.txt,20,66,9,0.011314,True,9.9e-05,0.0
er_001142.txt,22,75,10,0.02361,True,0.000107,0.0
er_001143.txt,27,71,10,0.023357,True,0.000111,0.0
er_001144.txt,11,15,2,0.000817,True,4.8e-05,0.0
er_001145.txt,13,31,5,0.002899,True,6.4e-05,0.0
er_001146.txt,15,29,5,0.002694,True,6.5e-05,0.0
er_001147.txt,15,21,2,0.001146,True,5.9e-05,0.0
er_001148.txt,16,31,4,0.002322,True,7e-05,0.0
er_001149.txt,19,50,7,0.006615,True,0.000116,0.0
er_001150.txt,28,110,14,0.062434,True,0.000166,0.0
er_001151.txt,10,5,0,3.7e-05,True,2.8e-05,0.0
er_001152.txt,26,89,12,0.033151,True,0.000155,0.0
er_001153.txt,12,21,3,0.001358,True,5.4e-05,0.0
er_001154.txt,29,136,15,0.062626,True,0.000191,0.0
er_001155.txt,16,37,6,0.004249,True,8.9e-05,0.0
er_001156.txt,12,17,3,0.001258,True,4.2e-05,0.0
er_001157.txt,20,34,5,0.003292,True,6.6e-05,0.0
er_001158.txt,26,69,9,0.01978,True,0.000134,0.0
er_001159.txt,22,69,9,0.021346,True,0.000107,0.0
er_001160.txt,18,28,3,0.00162,True,6.3e-05,0.0
er_001161.txt,22,43,6,0.004608,True,8.4e-05,0.0
er_001162.txt,30,152,18,0.08132,True,0.000297,0.0
er_001163.txt,25,56,8,0.015519,True,0.000108,0.0
er_001164.txt,10,13,1,0.000417,True,4.1e-05,0.0
er_001165.txt,18,18,2,0.000535,True,4.5e-05,0.0
er_001166.txt,14,29,4,0.002748,True,4.9e-05,0.0
er_001167.txt,29,64,8,0.015932,True,0.000107,0.0
er_001168.txt,13,17,2,0.000767,True,4.9e-05,0.0
er_001169.txt,11,12,1,0.00056,True,5.1e-05,0.0
er_001170.txt,27,113,14,0.056855,True,0.000182,0.0
er_001171.txt,10,21,3,0.00157,True,4.5e-05,0.0
er_001172.txt,18,19,2,0.000519,True,5.3e-05,0.0
er_001173.txt,14,11,2,0.000385,True,0.000116,0.0
er_001174.txt,21,56,8,0.008188,True,0.000109,0.0
er_001175.txt,11,16,2,0.001504,True,6.9e-05,0.0
er_001176.txt,18,47,6,0.005533,True,8.2e-05,0.0
er_001177.txt,11,9,0,3.3e-05,True,2.6e-05,0.0
er_001178.txt,16,23,3,0.001109,True,5.1e-05,0.0
er_001179.txt,29,148,16,0.075676,True,0.000193,0.0
er_001180.txt,25,70,9,0.020368,True,0.000125,0.0
er_001181.txt,16,52,7,0.006617,True,8.3e-05,0.0
er_001182.txt,12,22,3,0.001583,True,5.3e-05,0.0
er_001183.txt,11,13,2,0.000476,True,4.3e-05,0.0
er_001184.txt,30,114,14,0.051693,True,0.000313,0.0
er_001185.txt,30,116,14,0.062512,True,0.000165,0.0
er_001186.txt,23,38,4,0.003034,True,8.4e-05,0.0
er_001187.txt,21,23,2,0.00043,True,6e-05,0.0
er_001188.txt,20,62,9,0.010564,True,9.7e-05,0.0
er_001189.txt,30,80,10,0.031206,True,0.000277,0.0
er_001190.txt,27,112,14,0.045363,True,0.000161,0.0
er_001191.txt,10,9,2,0.000323,True,4e-05,0.0
er_001192.txt,13,24,4,0.002042,True,5.6e-05,0.0
er_001193.txt,23,52,8,0.007553,True,8.8e-05,0.0
er_001194.txt,25,112,13,0.041114,True,0.000145,0.0
er_001195.txt,21,62,10,0.010997,True,8.8e-05,0.0
er_001196.txt,27,45,5,0.004269,True,8.5e-05,0.0
er_001197.txt,17,39,6,0.004536,True,7e-05,0.0
er_001198.txt,24,100,12,0.033192,True,0.000193,0.0
er_001199.txt,21,22,2,0.000432,True,5.4e-05,0.0
er_001200.txt,24,37,4,0.002702,True,7.1e-05,0.0
er_001201.txt,24,70,9,0.012235,True,0.000112,0.0
er_001202.txt,13,17,2,0.000806,True,4.2e-05,0.0
er_001203.txt,21,60,8,0.010195,True,8.5e-05,0.0
er_001204.txt,30,153,17,0.078287,True,0.00021,0.0
er_001205.txt,28,140,16,0.067687,True,0.000185,0.0
er_001206.txt,22,33,4,0.002606,True,7.3e-05,0.0
er_001207.txt,25,30,4,0.002143,True,7.3e-05,0.0
er_001208.txt,29,129,16,0.059108,True,0.000227,0.0
er_001209.txt,12,21,4,0.001608,True,7e-05,0.0
er_001210.txt,18,35,5,0.003164,True,7.1e-05,0.0
er_001211.txt,13,11,1,0.000348,True,4.1e-05,0.0
er_001212.txt,19,32,4,0.002626,True,7.5e-05,0.0
er_001213.txt,17,30,4,0.001968,True,6.5e-05,0.0
er_001214.txt,24,66,9,0.022681,True,0.000109,0.0
er_001215.txt,22,87,11,0.028417,True,0.000135,0.0
er_001216.txt,26,35,3,0.0018,True,8.2e-05,0.0
er_001217.txt,27,93,12,0.035938,True,0.00013,0.0
er_001218.txt,28,150,17,0.075144,True,0.000225,0.0
er_001219.txt,19,61,8,0.009805,True,0.000103,0.0
er_001220.txt,14,31,4,0.002592,True,6.4e-05,0.0
er_001221.txt,27,38,4,0.002517,True,7.6e-05,0.0
er_001222.txt,19,38,6,0.004467,True,7.5e-05,0.0
er_001223.txt,17,12,1,0.000198,True,4.2e-05,0.0
er_001224.txt,10,17,3,0.00113,True,5e-05,0.0
er_001225.txt,18,56,8,0.008025,True,8.6e-05,0.0
er_001226.txt,29,92,13,0.034594,True,0.000153,0.0
er_001227.txt,28,88,12,0.041123,True,0.000152,0.0
er_001228.txt,30,107,14,0.044085,True,0.000145,0.0
er_001229.txt,17,47,6,0.005696,True,8.7e-05,0.0
er_001230.txt,14,18,2,0.000632,True,5.1e-05,0.0
er_001231.txt,27,47,5,0.003856,True,0.000101,0.0
er_001232.txt,23,102,13,0.038707,True,0.000133,0.0
er_001233.txt,15,13,2,0.000405,True,4.4e-05,0.0
er_001234.txt,26,58,8,0.014343,True,0.000101,0.0
er_001235.txt,16,42,6,0.006881,True,6.5e-05,0.0
er_001236.txt,19,34,4,0.002778,True,7.2e-05,0.0
er_001237.txt,11,19,3,0.001272,True,4.4e-05,0.0
er_001238.txt,23,45,7,0.005161,True,8.1e-05,0.0
er_001239.txt,11,21,3,0.00155,True,4.8e-05,0.0
er_001240.txt,30,115,14,0.050044,True,0.000186,0.0
er_001241.txt,24,67,9,0.019952,True,9.9e-05,0.0
er_001242.txt,12,27,4,0.002187,True,6e-05,0.0
er_001243.txt,26,96,12,0.032837,True,0.000151,0.0
er_001244.txt,23,25,2,0.000517,True,5.5e-05,0.0
er_001245.txt,26,44,6,0.004353,True,8.3e-05,0.0
er_001246.txt,14,33,5,0.003151,True,5.3e-05,0.0
er_001247.txt,14,18,3,0.000849,True,4.2e-05,0.0
er_001248.txt,13,28,4,0.002431,True,5.2e-05,0.0
er_001249.txt,11,19,4,0.001378,True,4.2e-05,0.0
er_001250.txt,22,43,6,0.005168,True,8e-05,0.0
er_001251.txt,29,149,17,0.083282,True,0.000174,0.0
er_001252.txt,23,84,11,0.027923,True,0.000123,0.0
er_001253.txt,20,46,6,0.005214,True,9e-05,0.0
er_001254.txt,26,57,8,0.01288,True,9.9e-05,0.0
er_001255.txt,15,15,2,0.000418,True,4.1e-05,0.0
er_001256.txt,17,36,6,0.003927,True,8.2e-05,0.0
er_001257.txt,22,25,2,0.000893,True,5.5e-05,0.0
er_001258.txt,19,52,7,0.006837,True,8.4e-05,0.0
er_001259.txt,12,27,4,0.002107,True,7.2e-05,0.0
er_001260.txt,10,11,2,0.000453,True,3.5e-05,0.0
er_001261.txt,23,88,11,0.030143,True,0.000119,0.0
er_001262.txt,14,34,6,0.003591,True,5.8e-05,0.0
er_001263.txt,21,95,12,0.020673,True,0.000124,0.0
er_001264.txt,30,111,14,0.046299,True,0.000146,0.0
er_001265.txt,14,24,4,0.002061,True,5.7e-05,0.0
er_001266.txt,27,151,16,0.073351,True,0.000209,0.0
er_001267.txt,13,11,1,0.00021,True,3.8e-05,0.0
er_001268.txt,23,35,4,0.002302,True,8.7e-05,0.0
er_001269.txt,25,54,8,0.014225,True,0.00012,0.0
er_001270.txt,22,78,10,0.024319,True,0.000184,0.0
er_001271.txt,12,7,0,3.9e-05,True,3e-05,0.0
er_001272.txt,13,22,3,0.001291,True,5.1e-05,0.0
er_001273.txt,15,35,5,0.004649,True,8.8e-05,0.0
er_001274.txt,13,9,1,0.000184,True,3.2e-05,0.0
er_001275.txt,20,67,9,0.01038,True,0.000103,0.0
er_001276.txt,19,50,7,0.006407,True,8.8e-05,0.0
er_001277.txt,14,32,5,0.002993,True,6.1e-05,0.0
er_001278.txt,19,30,3,0.001825,True,6.2e-05,0.0
er_001279.txt,17,29,4,0.002445,True,6.9e-05,0.0
er_001280.txt,27,50,6,0.006213,True,0.000107,0.0
er_001281.txt,26,111,13,0.042871,True,0.000147,0.0
er_001282.txt,21,74,11,0.014299,True,0.00013,0.0
er_001283.txt,25,41,5,0.004141,True,8.1e-05,0.0
er_001284.txt,24,54,7,0.008455,True,9.5e-05,0.0
er_001285.txt,24,44,6,0.004661,True,9e-05,0.0
er_001286.txt,13,14,2,0.000448,True,3.8e-05,0.0
er_001287.txt,24,87,10,0.037091,True,0.000119,0.0
er_001288.txt,28,141,17,0.070999,True,0.00019,0.0
er_001289.txt,16,18,1,0.000589,True,4.9e-05,0.0
er_001290.txt,14,26,4,0.002246,True,8.8e-05,0.0
er_001291.txt,18,35,5,0.003198,True,0.000154,0.0
er_001292.txt,21,27,4,0.0017,True,9.7e-05,0.0
er_001293.txt,21,34,3,0.002,True,0.000112,0.0
er_001294.txt,11,16,2,0.000632,True,5.8e-05,0.0
er_001295.txt,23,81,10,0.024348,True,0.000182,0.0
er_001296.txt,30,97,12,0.036607,True,0.000189,0.0
er_001297.txt,29,105,13,0.040343,True,0.000202,0.0
er_001298.txt,14,35,5,0.003425,True,0.000107,0.0
er_001299.txt,17,47,6,0.006508,True,0.000123,0.0
er_001300.txt,26,55,7,0.011965,True,0.000157,0.0
er_001301.txt,13,23,3,0.001441,True,9e-05,0.0
er_001302.txt,26,74,10,0.02376,True,0.000158,0.0
er_001303.txt,22,70,11,0.022442,True,0.000153,0.0
er_001304.txt,12,13,2,0.000684,True,6.2e-05,0.0
er_001305.txt,21,77,10,0.014243,True,0.000195,0.0
er_001306.txt,11,5,0,5.1e-05,True,3.8e-05,0.0
er_001307.txt,17,32,5,0.00321,True,9.9e-05,0.0
er_001308.txt,21,64,8,0.010725,True,0.000187,0.0
er_001309.txt,23,79,10,0.025378,True,0.000176,0.0
er_001310.txt,13,29,4,0.002566,True,8.4e-05,0.0
er_001311.txt,27,105,14,0.047039,True,0.000205,0.0
er_001312.txt,11,18,3,0.001044,True,6.5e-05,0.0
er_001313.txt,25,79,11,0.0286,True,0.000191,0.0
er_001314.txt,11,18,2,0.001052,True,7e-05,0.0
er_001315.txt,28,107,14,0.042245,True,0.000235,0.0
er_001316.txt,11,13,2,0.000536,True,5.7e-05,0.0
er_001317.txt,26,61,7,0.014797,True,0.000162,0.0
er_001318.txt,15,25,4,0.001964,True,9.2e-05,0.0
er_001319.txt,12,23,4,0.001662,True,8e-05,0.0
er_001320.txt,25,56,8,0.007753,True,0.000145,0.0
er_001321.txt,15,14,1,0.000373,True,6.1e-05,0.0
er_001322.txt,26,59,8,0.015507,True,0.000197,0.0
er_001323.txt,28,164,17,0.081107,True,0.000252,0.0
er_001324.txt,29,51,6,0.006864,True,0.000171,0.0
er_001325.txt,25,57,7,0.013207,True,0.000177,0.0
er_001326.txt,25,38,4,0.002838,True,0.000121,0.0
er_001327.txt,10,15,2,0.000779,True,5.7e-05,0.0
er_001328.txt,11,14,2,0.000727,True,5.7e-05,0.0
er_001329.txt,22,88,11,0.035607,True,0.000195,0.0
er_001330.txt,15,22,3,0.001358,True,7.7e-05,0.0
er_001331.txt,27,149,17,0.072598,True,0.000251,0.0
er_001332.txt,12,13,2,0.000677,True,5.7e-05,0.0
er_001333.txt,22,59,9,0.009376,True,0.000162,0.0
er_001334.txt,28,123,14,0.056627,True,0.000205,0.0
er_001335.txt,24,38,5,0.003286,True,0.000153,0.0
er_001336.txt,29,80,11,0.026822,True,0.000193,0.0
er_001337.txt,27,122,14,0.047827,True,0.000215,0.0
er_001338.txt,11,11,1,0.000346,True,5.5e-05,0.0
er_001339.txt,21,33,5,0.002675,True,0.000114,0.0
er_001340.txt,16,15,2,0.00069,True,6.4e-05,0.0
er_001341.txt,27,61,8,0.01639,True,0.000155,0.0
er_001342.txt,22,81,10,0.015007,True,0.000181,0.0
er_001343.txt,13,13,1,0.000334,True,6.3e-05,0.0
er_001344.txt,10,20,3,0.00171,True,8.7e-05,0.0
er_001345.txt,18,55,7,0.007228,True,7.9e-05,0.0
er_001346.txt,11,9,0,3.7e-05,True,2.9e-05,0.0
er_001347.txt,22,45,7,0.005714,True,9.7e-05,0.0
er_001348.txt,27,131,15,0.060934,True,0.000176,0.0
er_001349.txt,26,93,12,0.036337,True,0.000126,0.0
er_001350.txt,29,136,15,0.079243,True,0.000185,0.0
er_001351.txt,18,48,7,0.006609,True,0.0001,0.0
er_001352.txt,24,87,11,0.029979,True,0.000141,0.0
er_001353.txt,29,157,17,0.087353,True,0.000203,0.0
er_001354.txt,15,35,5,0.003353,True,7.2e-05,0.0
er_001355.txt,28,154,16,0.073693,True,0.000209,0.0
er_001356.txt,22,31,4,0.001562,True,7.8e-05,0.0
er_001357.txt,16,28,4,0.001988,True,6.1e-05,0.0
er_001358.txt,22,24,2,0.000751,True,5.7e-05,0.0
er_001359.txt,27,85,11,0.030253,True,0.000115,0.0
er_001360.txt,26,115,14,0.053911,True,0.00014,0.0
er_001361.txt,10,13,2,0.000646,True,4.3e-05,0.0
er_001362.txt,18,47,7,0.006112,True,7e-05,0.0
er_001363.txt,12,23,4,0.00178,True,5.4e-05,0.0
er_001364.txt,11,23,4,0.00177,True,4.3e-05,0.0
er_001365.txt,15,17,3,0.000944,True,4.1e-05,0.0
er_001366.txt,17,37,5,0.003749,True,7.1e-05,0.0
er_001367.txt,23,27,3,0.001277,True,6e-05,0.0
er_001368.txt,27,99,13,0.0412,True,0.000151,0.0
er_001369.txt,29,74,10,0.025653,True,0.000136,0.0
er_001370.txt,14,13,1,0.000321,True,5.5e-05,0.0
er_001371.txt,19,70,10,0.012487,True,0.000112,0.0
er_001372.txt,10,5,0,3e-05,True,2.2e-05,0.0
er_001373.txt,19,41,5,0.004086,True,7.9e-05,0.0
er_001374.txt,27,88,11,0.032912,True,0.000122,0.0
er_001375.txt,10,3,0,7.6e-05,True,6.5e-05,0.0
er_001376.txt,18,25,3,0.001457,True,5.6e-05,0.0
er_001377.txt,15,28,4,0.002286,True,5.4e-05,0.0
er_001378.txt,19,29,3,0.001808,True,5.9e-05,0.0
er_001379.txt,19,22,3,0.000959,True,5e-05,0.0
er_001380.txt,27,100,13,0.05064,True,0.000183,0.0
er_001381.txt,25,56,7,0.008863,True,0.000161,0.0
er_001382.txt,19,20,2,0.000653,True,5e-05,0.0
er_001383.txt,12,23,4,0.002009,True,5.1e-05,0.0
er_001384.txt,11,12,2,0.000532,True,3.5e-05,0.0
er_001385.txt,28,57,8,0.012155,True,0.000176,0.0
er_001386.txt,28,49,6,0.005177,True,0.000117,0.0
er_001387.txt,22,53,7,0.007384,True,9.3e-05,0.0
er_001388.txt,25,127,15,0.053961,True,0.000263,0.0
er_001389.txt,25,102,13,0.042552,True,0.000145,0.0
er_001390.txt,13,31,5,0.00318,True,6.7e-05,0.0
er_001391.txt,21,65,10,0.011183,True,0.0001,0.0
er_001392.txt,18,25,3,0.001475,True,6.1e-05,0.0
er_001393.txt,19,17,1,0.000283,True,4.9e-05,0.0
er_001394.txt,20,32,4,0.002259,True,7e-05,0.0
er_001395.txt,15,21,3,0.001252,True,5.9e-05,0.0
er_001396.txt,10,12,1,0.000316,True,3.5e-05,0.0
er_001397.txt,20,64,9,0.01063,True,9.6e-05,0.0
er_001398.txt,10,10,2,0.000373,True,3.4e-05,0.0
er_001399.txt,15,32,5,0.002731,True,7.1e-05,0.0
er_001400.txt,11,14,2,0.000687,True,4.4e-05,0.0
er_001401.txt,16,38,6,0.003991,True,7.3e-05,0.0
er_001402.txt,24,79,10,0.028332,True,0.000111,0.0
er_001403.txt,20,31,4,0.00263,True,7.7e-05,0.0
er_001404.txt,16,14,1,0.000391,True,7.3e-05,0.0
er_001405.txt,24,112,12,0.038542,True,0.000144,0.0
er_001406.txt,26,36,4,0.002437,True,0.000103,0.0
er_001407.txt,20,61,9,0.009769,True,8.9e-05,0.0
er_001408.txt,15,17,2,0.000671,True,5.3e-05,0.0
er_001409.txt,15,24,4,0.002401,True,9.2e-05,0.0
er_001410.txt,26,90,12,0.036255,True,0.000142,0.0
er_001411.txt,29,142,17,0.067151,True,0.000202,0.0
er_001412.txt,17,46,6,0.005006,True,0.00012,0.0
er_001413.txt,26,114,14,0.046631,True,0.000181,0.0
er_001414.txt,11,15,2,0.000665,True,5.6e-05,0.0
er_001415.txt,11,16,2,0.000735,True,8.7e-05,0.0
er_001416.txt,19,30,4,0.001784,True,0.000104,0.0
er_001417.txt,25,52,7,0.006755,True,0.000144,0.0
er_001418.txt,23,52,8,0.007518,True,0.00014,0.0
er_001419.txt,18,66,9,0.010822,True,0.000136,0.0
er_001420.txt,26,130,14,0.054298,True,0.000232,0.0
er_001421.txt,25,84,11,0.028831,True,0.0002,0.0
er_001422.txt,24,114,13,0.043868,True,0.000205,0.0
er_001423.txt,17,33,5,0.003299,True,0.000131,0.0
er_001424.txt,22,13,2,0.000482,True,8.6e-05,0.0
er_001425.txt,15,38,5,0.003999,True,0.00016,0.0
er_001426.txt,25,74,10,0.020085,True,0.000183,0.0
er_001427.txt,23,63,8,0.012597,True,0.000166,0.0
er_001428.txt,17,33,4,0.00455,True,0.000117,0.0
er_001429.txt,16,32,4,0.003016,True,7.5e-05,0.0
er_001430.txt,19,28,4,0.002987,True,0.000143,0.0
er_001431.txt,21,42,6,0.004536,True,0.000141,0.0
er_001432.txt,14,14,2,0.000701,True,5.9e-05,0.0
er_001433.txt,18,49,7,0.006409,True,0.000128,0.0
er_001434.txt,18,43,7,0.006477,True,0.000147,0.0
er_001435.txt,23,60,9,0.017342,True,0.00015,0.0
er_001436.txt,16,22,3,0.001101,True,7.9e-05,0.0
er_001437.txt,30,140,16,0.090619,True,0.000282,0.0
er_001438.txt,29,99,14,0.042134,True,0.000202,0.0
er_001439.txt,13,30,4,0.002419,True,9.9e-05,0.0
er_001440.txt,19,37,5,0.00418,True,0.000127,0.0
er_001441.txt,13,29,5,0.002609,True,9.4e-05,0.0
er_001442.txt,22,43,6,0.004842,True,0.00014,0.0
er_001443.txt,17,60,8,0.009695,True,0.000145,0.0
er_001444.txt,13,25,4,0.002213,True,9.4e-05,0.0
er_001445.txt,17,24,3,0.001321,True,8.1e-05,0.0
er_001446.txt,30,140,16,0.071965,True,0.000233,0.0
er_001447.txt,29,69,9,0.022085,True,0.000176,0.0
er_001448.txt,14,24,4,0.002295,True,0.000122,0.0
er_001449.txt,16,21,2,0.000795,True,7.3e-05,0.0
er_001450.txt,22,67,9,0.020296,True,0.000143,0.0
er_001451.txt,25,70,9,0.019152,True,0.000172,0.0
er_001452.txt,28,94,12,0.040972,True,0.000236,0.0
er_001453.txt,28,138,16,0.065825,True,0.000248,0.0
er_001454.txt,19,29,4,0.002279,True,0.00012,0.0
er_001455.txt,20,19,1,0.000369,True,9.8e-05,0.0
er_001456.txt,20,50,8,0.007556,True,0.000168,0.0
er_001457.txt,18,42,6,0.004141,True,0.000127,0.0
er_001458.txt,25,33,4,0.002117,True,0.00016,0.0
er_001459.txt,10,10,1,0.000257,True,4.5e-05,0.0
er_001460.txt,25,78,9,0.021798,True,0.00018,0.0
er_001461.txt,14,25,4,0.002073,True,0.000126,0.0
er_001462.txt,19,47,6,0.005755,True,0.000125,0.0
er_001463.txt,16,21,2,0.001156,True,8.8e-05,0.0
er_001464.txt,27,122,15,0.055579,True,0.000214,0.0
er_001465.txt,16,14,2,0.000517,True,6e-05,0.0
er_001466.txt,22,43,7,0.005436,True,0.000138,0.0
er_001467.txt,22,38,5,0.003571,True,0.000128,0.0
er_001468.txt,27,76,10,0.02374,True,0.000179,0.0
er_001469.txt,18,46,7,0.006047,True,0.000143,0.0
er_001470.txt,10,10,1,0.000273,True,4.6e-05,0.0
er_001471.txt,27,91,11,0.031631,True,0.000187,0.0
er_001472.txt,18,34,5,0.003006,True,0.000123,0.0
er_001473.txt,24,107,12,0.038904,True,0.000231,0.0
er_001474.txt,26,66,9,0.02024,True,0.00018,0.0
er_001475.txt,30,72,10,0.021504,True,0.000177,0.0
er_001476.txt,21,35,4,0.002756,True,0.000126,0.0
er_001477.txt,29,98,13,0.039508,True,0.000215,0.0
er_001478.txt,26,117,14,0.051344,True,0.000213,0.0
er_001479.txt,20,34,4,0.002875,True,0.000125,0.0
er_001480.txt,26,51,7,0.009792,True,0.000151,0.0
er_001481.txt,19,18,2,0.000626,True,7.6e-05,0.0
er_001482.txt,17,16,3,0.000894,True,6.1e-05,0.0
er_001483.txt,13,20,3,0.001277,True,7.5e-05,0.0
er_001484.txt,14,24,4,0.00215,True,8.6e-05,0.0
er_001485.txt,26,114,13,0.04353,True,0.000197,0.0
er_001486.txt,15,31,4,0.00249,True,0.000103,0.0
er_001487.txt,16,40,6,0.004483,True,0.000128,0.0
er_001488.txt,21,72,9,0.015403,True,0.000165,0.0
er_001489.txt,20,57,8,0.008874,True,0.000137,0.0
er_001490.txt,29,79,11,0.024763,True,0.000192,0.0
er_001491.txt,29,94,13,0.038837,True,0.000183,0.0
er_001492.txt,11,26,4,0.002113,True,8.6e-05,0.0
er_001493.txt,18,39,6,0.004661,True,0.00012,0.0
er_001494.txt,22,80,10,0.02432,True,0.000163,0.0
er_001495.txt,13,23,4,0.002169,True,0.000106,0.0
er_001496.txt,24,79,10,0.025325,True,0.000186,0.0
er_001497.txt,25,108,13,0.0405,True,0.000203,0.0
er_001498.txt,21,43,4,0.004103,True,0.000135,0.0
er_001499.txt,17,65,9,0.010361,True,0.000139,0.0
er_001500.txt,19,53,8,0.00909,True,0.00016,0.0
er_001501.txt,26,104,12,0.038777,True,0.000186,0.0
er_001502.txt,11,13,1,0.000404,True,6.7e-05,0.0
er_001503.txt,20,49,7,0.007246,True,0.000178,0.0
er_001504.txt,14,39,6,0.004566,True,0.000105,0.0
er_001505.txt,12,20,3,0.001422,True,7.4e-05,0.0
er_001506.txt,24,51,7,0.007134,True,0.000143,0.0
er_001507.txt,27,87,12,0.036476,True,0.000196,0.0
er_001508.txt,22,39,5,0.003276,True,0.000126,0.0
er_001509.txt,23,31,3,0.001614,True,0.00011,0.0
er_001510.txt,10,15,2,0.00074,True,5.9e-05,0.0
er_001511.txt,18,54,7,0.008682,True,0.000131,0.0
er_001512.txt,30,71,10,0.022883,True,0.000203,0.0
er_001513.txt,15,11,0,5.7e-05,True,4.5e-05,0.0
er_001514.txt,14,20,3,0.001057,True,7.8e-05,0.0
er_001515.txt,21,54,8,0.008098,True,0.000163,0.0
er_001516.txt,12,27,4,0.002559,True,8e-05,0.0
er_001517.txt,20,19,1,0.000367,True,7.1e-05,0.0
er_001518.txt,10,13,2,0.000683,True,5.5e-05,0.0
er_001519.txt,12,19,2,0.001105,True,6.7e-05,0.0
er_001520.txt,16,37,5,0.00348,True,0.000119,0.0
er_001521.txt,11,16,2,0.000683,True,6e-05,0.0
er_001522.txt,25,108,14,0.045718,True,0.000196,0.0
er_001523.txt,15,23,3,0.001718,True,9.8e-05,0.0
er_001524.txt,15,20,2,0.000953,True,7.3e-05,0.0
er_001525.txt,25,70,9,0.02087,True,0.000199,0.0
er_001526.txt,30,172,18,0.090963,True,0.000286,0.0
er_001527.txt,12,13,2,0.000629,True,5.9e-05,0.0
er_001528.txt,10,19,3,0.001494,True,6.9e-05,0.0
er_001529.txt,18,40,6,0.004629,True,0.000127,0.0
er_001530.txt,24,39,5,0.003204,True,0.000127,0.0
er_001531.txt,16,16,1,0.000342,True,6.5e-05,0.0
er_001532.txt,23,109,13,0.038944,True,0.000248,0.0
er_001533.txt,26,58,8,0.01504,True,0.00017,0.0
er_001534.txt,11,15,2,0.000721,True,6e-05,0.0
er_001535.txt,13,34,6,0.003614,True,0.0001,0.0
er_001536.txt,23,36,4,0.002996,True,0.000135,0.0
er_001537.txt,14,19,2,0.000833,True,7.1e-05,0.0
er_001538.txt,18,55,7,0.007916,True,0.000161,0.0
er_001539.txt,18,67,10,0.011345,True,0.000147,0.0
er_001540.txt,20,75,9,0.013883,True,0.000167,0.0
er_001541.txt,15,28,4,0.002139,True,9.4e-05,0.0
er_001542.txt,13,28,4,0.002451,True,9.6e-05,0.0
er_001543.txt,22,90,11,0.030342,True,0.0002,0.0
er_001544.txt,17,27,3,0.00178,True,8.9e-05,0.0
er_001545.txt,27,120,14,0.051636,True,0.000236,0.0
er_001546.txt,15,21,2,0.001037,True,7.9e-05,0.0
er_001547.txt,30,40,4,0.00234,True,0.000154,0.0
er_001548.txt,22,74,9,0.023342,True,0.000165,0.0
er_001549.txt,26,123,14,0.050845,True,0.000229,0.0
er_001550.txt,15,22,3,0.001482,True,7.7e-05,0.0
er_001551.txt,29,105,12,0.0526,True,0.00026,0.0
er_001552.txt,26,36,4,0.002225,True,0.000159,0.0
er_001553.txt,26,59,8,0.016003,True,0.000158,0.0
er_001554.txt,19,28,3,0.001727,True,0.000115,0.0
er_001555.txt,22,62,8,0.017135,True,0.000138,0.0
er_001556.txt,16,12,1,0.000247,True,5.2e-05,0.0
er_001557.txt,19,66,9,0.011063,True,0.000166,0.0
er_001558.txt,10,11,1,0.000337,True,4.8e-05,0.0
er_001559.txt,30,72,10,0.022757,True,0.000182,0.0
er_001560.txt,21,63,8,0.009041,True,0.000165,0.0
er_001561.txt,24,83,10,0.026504,True,0.000205,0.0
er_001562.txt,26,124,15,0.056687,True,0.000238,0.0
er_001563.txt,25,33,3,0.001973,True,0.000146,0.0
er_001564.txt,16,54,8,0.007497,True,0.000176,0.0
er_001565.txt,24,98,13,0.038248,True,0.000223,0.0
er_001566.txt,23,74,10,0.02231,True,0.000184,0.0
er_001567.txt,17,24,3,0.00143,True,8.5e-05,0.0
er_001568.txt,24,67,10,0.02116,True,0.000157,0.0
er_001569.txt,26,129,15,0.054609,True,0.000224,0.0
er_001570.txt,21,22,3,0.000941,True,0.000122,0.0
er_001571.txt,27,45,5,0.003928,True,0.000183,0.0
er_001572.txt,11,12,2,0.000681,True,9.6e-05,0.0
er_001573.txt,15,14,1,0.00044,True,5.5e-05,0.0
er_001574.txt,29,125,15,0.055874,True,0.000206,0.0
er_001575.txt,21,76,10,0.014213,True,0.000177,0.0
er_001576.txt,14,23,3,0.001447,True,8.1e-05,0.0
er_001577.txt,18,30,4,0.002448,True,0.000104,0.0
er_001578.txt,15,17,1,0.000449,True,6.1e-05,0.0
er_001579.txt,13,28,4,0.002614,True,9.9e-05,0.0
er_001580.txt,16,24,3,0.001331,True,8.7e-05,0.0
er_001581.txt,12,10,1,0.00024,True,4.6e-05,0.0
er_001582.txt,24,99,12,0.03548,True,0.000197,0.0
er_001583.txt,14,30,5,0.002923,True,0.000122,0.0
er_001584.txt,12,14,2,0.00088,True,6.8e-05,0.0
er_001585.txt,17,42,6,0.005251,True,0.000114,0.0
er_001586.txt,22,42,4,0.003782,True,0.000126,0.0
er_001587.txt,19,36,5,0.003337,True,0.00012,0.0
er_001588.txt,17,38,5,0.004086,True,0.000107,0.0
er_001589.txt,27,44,5,0.004161,True,0.000151,0.0
er_001590.txt,15,33,5,0.00361,True,8e-05,0.0
er_001591.txt,24,77,11,0.02347,True,0.000177,0.0
er_001592.txt,11,8,1,0.000236,True,4.2e-05,0.0
er_001593.txt,11,10,1,0.000367,True,6.1e-05,0.0
er_001594.txt,26,41,5,0.003479,True,0.000118,0.0
er_001595.txt,14,35,5,0.003569,True,0.000106,0.0
er_001596.txt,19,68,9,0.011668,True,0.000162,0.0
er_001597.txt,10,7,0,6.4e-05,True,5.3e-05,0.0
er_001598.txt,12,15,2,0.000608,True,7.8e-05,0.0
er_001599.txt,20,38,6,0.004019,True,0.000124,0.0
er_001600.txt,10,11,1,0.000421,True,6.4e-05,0.0
er_001601.txt,28,135,15,0.060969,True,0.000215,0.0
er_001602.txt,24,72,10,0.020762,True,0.000172,0.0
er_001603.txt,14,25,4,0.002379,True,8e-05,0.0
er_001604.txt,12,29,4,0.002607,True,7.4e-05,0.0
er_001605.txt,27,94,12,0.035052,True,0.000185,0.0
er_001606.txt,28,89,12,0.035671,True,0.000236,0.0
er_001607.txt,27,128,15,0.05813,True,0.000221,0.0
er_001608.txt,20,19,2,0.000475,True,8.2e-05,0.0
er_001609.txt,13,4,0,4.8e-05,True,3.6e-05,0.0
er_001610.txt,11,10,1,0.000341,True,5e-05,0.0
er_001611.txt,14,26,4,0.001902,True,5.9e-05,0.0
er_001612.txt,28,83,12,0.031412,True,0.00012,0.0
er_001613.txt,13,25,4,0.002408,True,6.2e-05,0.0
er_001614.txt,23,28,2,0.001069,True,6.9e-05,0.0
er_001615.txt,10,5,0,3.7e-05,True,2.7e-05,0.0
er_001616.txt,27,70,9,0.021884,True,0.000125,0.0
er_001617.txt,14,14,2,0.000461,True,4.8e-05,0.0
er_001618.txt,24,43,6,0.004576,True,8.6e-05,0.0
er_001619.txt,18,63,8,0.009742,True,9.2e-05,0.0
er_001620.txt,29,158,17,0.077192,True,0.000196,0.0
er_001621.txt,28,129,15,0.058494,True,0.000181,0.0
er_001622.txt,12,9,1,0.000359,True,6.3e-05,0.0
er_001623.txt,15,25,3,0.001418,True,7.9e-05,0.0
er_001624.txt,16,42,6,0.004709,True,9e-05,0.0
er_001625.txt,18,55,8,0.007818,True,0.000102,0.0
er_001626.txt,27,105,13,0.041849,True,0.000161,0.0
er_001627.txt,24,107,13,0.039241,True,0.000148,0.0
er_001628.txt,16,18,2,0.000654,True,5.3e-05,0.0
er_001629.txt,12,24,4,0.001765,True,5.6e-05,0.0
er_001630.txt,25,87,11,0.02941,True,0.000157,0.0
er_001631.txt,29,161,17,0.108053,True,0.000212,0.0
er_001632.txt,18,39,6,0.004323,True,8.6e-05,0.0
er_001633.txt,11,22,3,0.001673,True,5.3e-05,0.0
er_001634.txt,27,89,12,0.032625,True,0.000119,0.0
er_001635.txt,25,52,8,0.013177,True,9.5e-05,0.0
er_001636.txt,15,7,0,4.2e-05,True,3.2e-05,0.0
er_001637.txt,12,19,3,0.001235,True,5e-05,0.0
er_001638.txt,11,9,0,3.6e-05,True,2.8e-05,0.0
er_001639.txt,10,17,3,0.000901,True,4.2e-05,0.0
er_001640.txt,16,7,0,4e-05,True,3.3e-05,0.0
er_001641.txt,19,47,7,0.006882,True,7.5e-05,0.0
er_001642.txt,30,88,12,0.031912,True,0.00014,0.0
er_001643.txt,12,6,0,6.6e-05,True,5.4e-05,0.0
er_001644.txt,19,26,3,0.001859,True,6.3e-05,0.0
er_001645.txt,14,27,4,0.002303,True,6.5e-05,0.0
er_001646.txt,18,61,8,0.009956,True,8.8e-05,0.0
er_001647.txt,19,56,7,0.008383,True,8.4e-05,0.0
er_001648.txt,18,51,8,0.00842,True,8.5e-05,0.0
er_001649.txt,18,43,7,0.005797,True,7.8e-05,0.0
er_001650.txt,29,104,12,0.040204,True,0.000162,0.0
er_001651.txt,13,13,2,0.000575,True,4.5e-05,0.0
er_001652.txt,12,26,4,0.001887,True,6.2e-05,0.0
er_001653.txt,30,113,15,0.053923,True,0.000172,0.0
er_001654.txt,13,22,3,0.001403,True,5.9e-05,0.0
er_001655.txt,20,71,9,0.011924,True,0.000105,0.0
er_001656.txt,26,107,14,0.044862,True,0.000144,0.0
er_001657.txt,29,69,10,0.022867,True,0.000147,0.0
er_001658.txt,20,81,10,0.016367,True,0.000131,0.0
er_001659.txt,24,52,7,0.006829,True,9.4e-05,0.0
er_001660.txt,23,33,4,0.002409,True,7.1e-05,0.0
er_001661.txt,19,66,9,0.011249,True,0.000108,0.0
er_001662.txt,23,45,6,0.004796,True,8.3e-05,0.0
er_001663.txt,22,45,6,0.005386,True,7.8e-05,0.0
er_001664.txt,30,70,8,0.018302,True,0.000147,0.0
er_001665.txt,10,12,2,0.000503,True,3.8e-05,0.0
er_001666.txt,12,19,2,0.000857,True,4.2e-05,0.0
er_001667.txt,18,51,8,0.008065,True,7.4e-05,0.0
er_001668.txt,13,22,3,0.001151,True,6.8e-05,0.0
er_001669.txt,19,48,7,0.006129,True,8.8e-05,0.0
er_001670.txt,19,62,9,0.010219,True,8.5e-05,0.0
er_001671.txt,11,17,3,0.001095,True,4.6e-05,0.0
er_001672.txt,24,51,7,0.006973,True,0.000113,0.0
er_001673.txt,16,16,1,0.000351,True,4.5e-05,0.0
er_001674.txt,22,28,3,0.001357,True,6.5e-05,0.0
er_001675.txt,15,27,3,0.001947,True,5.6e-05,0.0
er_001676.txt,22,71,9,0.024238,True,9.8e-05,0.0
er_001677.txt,16,35,5,0.003173,True,7.1e-05,0.0
er_001678.txt,21,48,7,0.006348,True,0.000138,0.0
er_001679.txt,17,47,7,0.006887,True,7e-05,0.0
er_001680.txt,29,51,6,0.006084,True,9.4e-05,0.0
er_001681.txt,28,115,13,0.047353,True,0.000158,0.0
er_001682.txt,11,16,2,0.000914,True,4.7e-05,0.0
er_001683.txt,30,175,19,0.095233,True,0.000337,0.0
er_001684.txt,28,129,15,0.058822,True,0.000164,0.0
er_001685.txt,22,82,10,0.026022,True,0.000134,0.0
er_001686.txt,25,126,14,0.049123,True,0.000162,0.0
er_001687.txt,15,23,3,0.001403,True,6.1e-05,0.0
er_001688.txt,20,22,2,0.000523,True,6.2e-05,0.0
er_001689.txt,17,33,5,0.003112,True,7.3e-05,0.0
er_001690.txt,15,43,6,0.004961,True,7.9e-05,0.0
er_001691.txt,30,117,14,0.048556,True,0.000151,0.0
er_001692.txt,27,64,9,0.016933,True,0.000133,0.0
er_001693.txt,11,11,1,0.000277,True,4.4e-05,0.0
er_001694.txt,27,109,13,0.042631,True,0.000171,0.0
er_001695.txt,14,32,5,0.003156,True,0.000127,0.0
er_001696.txt,12,24,4,0.001879,True,5.7e-05,0.0
er_001697.txt,13,29,5,0.002863,True,6.2e-05,0.0
er_001698.txt,19,44,6,0.005825,True,8.4e-05,0.0
er_001699.txt,21,67,9,0.010337,True,0.000115,0.0
er_001700.txt,12,14,2,0.000667,True,4.6e-05,0.0
er_001701.txt,27,92,12,0.035052,True,0.000133,0.0
er_001702.txt,17,29,3,0.001968,True,9.8e-05,0.0
er_001703.txt,27,56,7,0.012798,True,0.000102,0.0
er_001704.txt,19,33,4,0.002614,True,7.6e-05,0.0
er_001705.txt,30,77,10,0.025701,True,0.000128,0.0
er_001706.txt,17,25,3,0.001558,True,5.8e-05,0.0
er_001707.txt,21,48,8,0.007484,True,0.000107,0.0
er_001708.txt,22,54,8,0.014888,True,8e-05,0.0
er_001709.txt,14,30,4,0.002746,True,5.2e-05,0.0
er_001710.txt,13,18,2,0.000685,True,5.1e-05,0.0
er_001711.txt,28,62,9,0.024202,True,0.000121,0.0
er_001712.txt,24,35,4,0.002312,True,7.6e-05,0.0
er_001713.txt,24,47,6,0.005166,True,8.7e-05,0.0
er_001714.txt,20,42,6,0.005912,True,8.6e-05,0.0
er_001715.txt,25,72,10,0.020841,True,0.000103,0.0
er_001716.txt,15,36,5,0.003415,True,7.3e-05,0.0
er_001717.txt,17,25,3,0.001441,True,6e-05,0.0
er_001718.txt,20,18,2,0.000432,True,5.1e-05,0.0
er_001719.txt,17,30,5,0.00265,True,6.5e-05,0.0
er_001720.txt,22,71,10,0.012458,True,0.000109,0.0
er_001721.txt,19,43,6,0.005178,True,8e-05,0.0
er_001722.txt,17,41,5,0.004376,True,7.2e-05,0.0
er_001723.txt,19,38,6,0.004742,True,7.5e-05,0.0
er_001724.txt,12,28,5,0.002582,True,4.9e-05,0.0
er_001725.txt,19,42,7,0.005625,True,7.7e-05,0.0
er_001726.txt,12,6,0,3.5e-05,True,2.7e-05,0.0
er_001727.txt,28,48,6,0.005051,True,8.6e-05,0.0
er_001728.txt,10,4,0,2.6e-05,True,2e-05,0.0
er_001729.txt,27,129,14,0.062617,True,0.000212,0.0
er_001730.txt,29,89,13,0.034512,True,0.000146,0.0
er_001731.txt,22,69,9,0.011533,True,0.000118,0.0
er_001732.txt,10,22,3,0.001642,True,4.7e-05,0.0
er_001733.txt,28,85,11,0.029576,True,0.000129,0.0
er_001734.txt,17,30,4,0.00218,True,8.4e-05,0.0
er_001735.txt,30,143,16,0.072053,True,0.000202,0.0
er_001736.txt,27,64,9,0.009608,True,0.000187,0.0
er_001737.txt,15,22,3,0.001195,True,7.6e-05,0.0
er_001738.txt,23,61,8,0.015892,True,0.000111,0.0
er_001739.txt,27,39,4,0.002304,True,8.8e-05,0.0
er_001740.txt,30,139,16,0.067706,True,0.000202,0.0
er_001741.txt,11,27,4,0.002331,True,6e-05,0.0
er_001742.txt,14,30,5,0.002904,True,6.8e-05,0.0
er_001743.txt,12,19,3,0.001235,True,5.2e-05,0.0
er_001744.txt,11,25,4,0.002365,True,5e-05,0.0
er_001745.txt,13,26,5,0.002358,True,6.2e-05,0.0
er_001746.txt,18,59,9,0.009509,True,9.8e-05,0.0
er_001747.txt,24,40,5,0.003465,True,9.8e-05,0.0
er_001748.txt,15,33,5,0.003064,True,8.6e-05,0.0
er_001749.txt,14,31,4,0.002665,True,5.9e-05,0.0
er_001750.txt,12,17,2,0.000719,True,4.6e-05,0.0
er_001751.txt,27,104,14,0.044733,True,0.000158,0.0
er_001752.txt,21,46,6,0.004593,True,8.7e-05,0.0
er_001753.txt,20,42,6,0.004961,True,8.1e-05,0.0
er_001754.txt,19,46,5,0.005318,True,8.3e-05,0.0
er_001755.txt,20,56,8,0.008252,True,9.2e-05,0.0
er_001756.txt,10,18,3,0.001001,True,4.4e-05,0.0
er_001757.txt,12,15,2,0.000587,True,4.4e-05,0.0
er_001758.txt,17,18,2,0.000655,True,5.1e-05,0.0
er_001759.txt,20,72,9,0.01655,True,0.0001,0.0
er_001760.txt,23,100,13,0.036996,True,0.000133,0.0
er_001761.txt,25,78,11,0.02688,True,0.000121,0.0
er_001762.txt,22,33,4,0.002866,True,7.5e-05,0.0
er_001763.txt,13,18,3,0.000957,True,5e-05,0.0
er_001764.txt,18,18,2,0.000562,True,6.1e-05,0.0
er_001765.txt,10,15,2,0.000902,True,4.5e-05,0.0
er_001766.txt,22,44,7,0.005493,True,8.4e-05,0.0
er_001767.txt,21,31,5,0.002538,True,5.9e-05,0.0
er_001768.txt,27,61,8,0.014219,True,0.000103,0.0
er_001769.txt,18,44,6,0.005135,True,7.8e-05,0.0
er_001770.txt,18,42,6,0.00475,True,7.7e-05,0.0
er_001771.txt,11,9,1,0.000256,True,3.6e-05,0.0
er_001772.txt,22,37,5,0.003147,True,7.3e-05,0.0
er_001773.txt,28,151,17,0.073494,True,0.000185,0.0
er_001774.txt,24,71,10,0.02075,True,0.00013,0.0
er_001775.txt,24,37,4,0.00262,True,8.1e-05,0.0
er_001776.txt,30,128,16,0.063263,True,0.000242,0.0
er_001777.txt,15,19,2,0.000668,True,5.9e-05,0.0
er_001778.txt,12,21,3,0.001324,True,5.4e-05,0.0
er_001779.txt,12,21,3,0.001305,True,5e-05,0.0
er_001780.txt,23,28,3,0.00128,True,8e-05,0.0
er_001781.txt,22,73,10,0.022868,True,0.000163,0.0
er_001782.txt,27,99,13,0.038367,True,0.000167,0.0
er_001783.txt,18,38,6,0.006265,True,7.9e-05,0.0
er_001784.txt,30,101,14,0.053524,True,0.00014,0.0
er_001785.txt,24,110,13,0.041059,True,0.000148,0.0
er_001786.txt,27,53,6,0.009009,True,0.000106,0.0
er_001787.txt,29,71,10,0.025879,True,0.00015,0.0
er_001788.txt,27,83,11,0.027303,True,0.000229,0.0
er_001789.txt,17,40,6,0.004386,True,8.9e-05,0.0
er_001790.txt,20,63,10,0.010702,True,0.000101,0.0
er_001791.txt,25,101,12,0.038886,True,0.000144,0.0
er_001792.txt,28,83,11,0.036718,True,0.000173,0.0
er_001793.txt,12,7,0,3.9e-05,True,2.9e-05,0.0
er_001794.txt,22,104,12,0.037976,True,0.00015,0.0
er_001795.txt,12,13,1,0.000281,True,4.3e-05,0.0
er_001796.txt,23,60,8,0.016683,True,0.000105,0.0
er_001797.txt,29,67,8,0.017127,True,0.000121,0.0
er_001798.txt,15,37,5,0.003782,True,0.000158,0.0
er_001799.txt,25,66,10,0.0202,True,9.2e-05,0.0
er_001800.txt,24,83,11,0.028614,True,0.000125,0.0
er_001801.txt,28,133,16,0.060553,True,0.00018,0.0
er_001802.txt,28,123,16,0.055157,True,0.000196,0.0
er_001803.txt,30,65,9,0.019866,True,0.000124,0.0
er_001804.txt,23,25,2,0.000809,True,8.2e-05,0.0
er_001805.txt,29,121,16,0.054166,True,0.000163,0.0
er_001806.txt,17,13,1,0.000422,True,9.7e-05,0.0
er_001807.txt,12,25,4,0.002091,True,6.2e-05,0.0
er_001808.txt,26,85,11,0.028741,True,0.000153,0.0
er_001809.txt,14,15,2,0.000421,True,4.8e-05,0.0
er_001810.txt,29,64,9,0.021149,True,0.000126,0.0
er_001811.txt,10,8,1,0.000175,True,3.4e-05,0.0
er_001812.txt,16,19,2,0.000792,True,5.2e-05,0.0
er_001813.txt,14,29,4,0.002342,True,6.7e-05,0.0
er_001814.txt,25,58,8,0.008132,True,0.000105,0.0
er_001815.txt,12,21,3,0.001488,True,5.7e-05,0.0
er_001816.txt,26,126,15,0.06159,True,0.000165,0.0
er_001817.txt,23,83,11,0.0306,True,0.000135,0.0
er_001818.txt,19,34,5,0.003031,True,7.6e-05,0.0
er_001819.txt,21,34,5,0.002977,True,7.4e-05,0.0
er_001820.txt,26,97,13,0.039109,True,0.000139,0.0
er_001821.txt,19,18,1,0.000216,True,6.7e-05,0.0
er_001822.txt,15,24,4,0.001833,True,6.1e-05,0.0
er_001823.txt,29,110,13,0.056642,True,0.000165,0.0
er_001824.txt,20,27,4,0.001175,True,6.4e-05,0.0
er_001825.txt,21,44,6,0.005392,True,8.8e-05,0.0
er_001826.txt,29,166,16,0.108727,True,0.000224,0.0
er_001827.txt,14,13,2,0.000636,True,4.7e-05,0.0
er_001828.txt,27,87,10,0.0292,True,0.000193,0.0
er_001829.txt,19,17,1,0.00033,True,7e-05,0.0
er_001830.txt,26,99,12,0.036572,True,0.000135,0.0
er_001831.txt,28,148,16,0.070018,True,0.000184,0.0
er_001832.txt,16,37,6,0.00453,True,7.8e-05,0.0
er_001833.txt,26,66,9,0.02717,True,0.000176,0.0
er_001834.txt,26,47,7,0.006003,True,9.4e-05,0.0
er_001835.txt,20,40,6,0.005306,True,6.8e-05,0.0
er_001836.txt,19,43,7,0.005185,True,9.8e-05,0.0
er_001837.txt,20,50,7,0.007252,True,0.000116,0.0
er_001838.txt,13,22,3,0.001326,True,5.3e-05,0.0
er_001839.txt,28,73,10,0.022357,True,0.000129,0.0
er_001840.txt,12,16,2,0.000689,True,0.000108,0.0
er_001841.txt,19,54,8,0.007694,True,9.3e-05,0.0
er_001842.txt,13,32,5,0.002909,True,6.9e-05,0.0
er_001843.txt,26,62,9,0.016936,True,0.000211,0.0
er_001844.txt,21,60,9,0.012137,True,0.000183,0.0
er_001845.txt,17,40,5,0.006977,True,8.7e-05,0.0
er_001846.txt,26,88,11,0.040845,True,0.000148,0.0
er_001847.txt,22,31,3,0.001893,True,7.8e-05,0.0
er_001848.txt,24,47,5,0.004645,True,9.1e-05,0.0
er_001849.txt,25,50,7,0.006621,True,9.1e-05,0.0
er_001850.txt,25,38,5,0.003158,True,8.5e-05,0.0
er_001851.txt,19,52,8,0.007755,True,8.3e-05,0.0
er_001852.txt,20,40,6,0.004622,True,9.1e-05,0.0
er_001853.txt,24,28,3,0.002355,True,0.000139,0.0
er_001854.txt,22,76,10,0.022968,True,0.000111,0.0
er_001855.txt,29,155,17,0.076877,True,0.000203,0.0
er_001856.txt,10,9,1,0.000197,True,4e-05,0.0
er_001857.txt,30,134,16,0.063251,True,0.000209,0.0
er_001858.txt,11,13,1,0.00046,True,4.4e-05,0.0
er_001859.txt,21,80,11,0.015973,True,0.000113,0.0
er_001860.txt,25,63,8,0.020688,True,0.00011,0.0
er_001861.txt,14,26,4,0.002073,True,6.5e-05,0.0
er_001862.txt,10,18,2,0.00108,True,4.5e-05,0.0
er_001863.txt,13,23,3,0.00157,True,4.9e-05,0.0
er_001864.txt,15,11,1,0.00032,True,3.9e-05,0.0
er_001865.txt,14,11,2,0.00037,True,3.9e-05,0.0
er_001866.txt,25,118,14,0.045947,True,0.000264,0.0
er_001867.txt,18,17,3,0.000819,True,5.4e-05,0.0
er_001868.txt,16,15,2,0.000859,True,4.7e-05,0.0
er_001869.txt,11,14,2,0.000591,True,5.7e-05,0.0
er_001870.txt,11,16,3,0.000842,True,6.5e-05,0.0
er_001871.txt,15,34,5,0.003186,True,0.000106,0.0
er_001872.txt,25,67,9,0.022934,True,0.00018,0.0
er_001873.txt,25,59,7,0.016125,True,0.000205,0.0
er_001874.txt,10,15,3,0.000894,True,5.8e-05,0.0
er_001875.txt,26,119,14,0.050249,True,0.000207,0.0
er_001876.txt,27,76,10,0.024188,True,0.000181,0.0
er_001877.txt,15,15,1,0.000412,True,6.2e-05,0.0
er_001878.txt,14,13,2,0.000648,True,5.2e-05,0.0
er_001879.txt,30,108,14,0.04915,True,0.000213,0.0
er_001880.txt,25,107,13,0.03874,True,0.000205,0.0
er_001881.txt,26,31,3,0.001347,True,6.8e-05,0.0
er_001882.txt,28,53,7,0.011778,True,0.000111,0.0
er_001883.txt,29,82,12,0.031387,True,0.000119,0.0
er_001884.txt,26,99,12,0.044133,True,0.000131,0.0
er_001885.txt,18,37,6,0.004105,True,7.8e-05,0.0
er_001886.txt,21,25,3,0.001214,True,5.9e-05,0.0
er_001887.txt,26,56,6,0.006229,True,9.5e-05,0.0
er_001888.txt,11,10,1,0.000182,True,3.6e-05,0.0
er_001889.txt,27,68,9,0.024906,True,0.000112,0.0
er_001890.txt,21,74,10,0.012821,True,0.000101,0.0
er_001891.txt,22,70,10,0.013534,True,0.00012,0.0
er_001892.txt,13,24,3,0.001565,True,6.5e-05,0.0
er_001893.txt,29,53,7,0.009924,True,0.000117,0.0
er_001894.txt,24,38,5,0.004942,True,8.4e-05,0.0
er_001895.txt,17,53,8,0.007904,True,0.000102,0.0
er_001896.txt,14,20,3,0.001253,True,5.5e-05,0.0
er_001897.txt,16,43,6,0.006036,True,7.1e-05,0.0
er_001898.txt,11,6,0,3.7e-05,True,2.8e-05,0.0
er_001899.txt,22,41,6,0.004872,True,9.6e-05,0.0
er_001900.txt,25,105,14,0.040007,True,0.000143,0.0
er_001901.txt,12,26,4,0.001988,True,6.2e-05,0.0
er_001902.txt,12,19,3,0.000773,True,4.4e-05,0.0
er_001903.txt,25,113,13,0.040696,True,0.000137,0.0
er_001904.txt,17,39,6,0.004483,True,8.4e-05,0.0
er_001905.txt,19,60,9,0.010301,True,8.1e-05,0.0
er_001906.txt,23,93,13,0.037124,True,0.000129,0.0
er_001907.txt,14,27,4,0.00225,True,8e-05,0.0
er_001908.txt,29,150,17,0.087106,True,0.000234,0.0
er_001909.txt,16,13,1,0.000339,True,6.6e-05,0.0
er_001910.txt,21,35,5,0.003912,True,7.2e-05,0.0
er_001911.txt,17,48,6,0.006364,True,8.9e-05,0.0
er_001912.txt,11,22,3,0.00136,True,5e-05,0.0
er_001913.txt,18,41,6,0.005278,True,7.5e-05,0.0
er_001914.txt,12,8,0,4e-05,True,3e-05,0.0
er_001915.txt,25,81,10,0.02769,True,0.000207,0.0
er_001916.txt,25,65,9,0.0192,True,0.000177,0.0
er_001917.txt,23,65,9,0.010731,True,0.000109,0.0
er_001918.txt,16,39,6,0.004025,True,6.3e-05,0.0
er_001919.txt,10,20,4,0.001565,True,4.2e-05,0.0
er_001920.txt,16,50,7,0.007006,True,7.4e-05,0.0
er_001921.txt,28,65,8,0.014545,True,0.000122,0.0
er_001922.txt,27,127,14,0.051542,True,0.000176,0.0
er_001923.txt,27,38,5,0.003391,True,7.8e-05,0.0
er_001924.txt,27,47,6,0.005274,True,9e-05,0.0
er_001925.txt,19,70,10,0.01272,True,9.7e-05,0.0
er_001926.txt,11,20,3,0.00133,True,5.1e-05,0.0
er_001927.txt,20,34,4,0.002649,True,0.000145,0.0
er_001928.txt,19,22,3,0.000847,True,5.3e-05,0.0
er_001929.txt,16,48,7,0.005677,True,8.5e-05,0.0
er_001930.txt,24,48,7,0.005655,True,9.1e-05,0.0
er_001931.txt,15,20,3,0.001369,True,5.6e-05,0.0
er_001932.txt,12,19,2,0.000949,True,4.9e-05,0.0
er_001933.txt,15,36,5,0.003273,True,6.6e-05,0.0
er_001934.txt,16,51,7,0.006746,True,7.3e-05,0.0
er_001935.txt,24,47,6,0.005609,True,0.00015,0.0
er_001936.txt,11,25,4,0.002203,True,4.6e-05,0.0
er_001937.txt,25,97,12,0.042982,True,0.000159,0.0
er_001938.txt,25,83,11,0.031348,True,0.000124,0.0
er_001939.txt,20,39,6,0.004203,True,8.1e-05,0.0
er_001940.txt,30,83,11,0.040289,True,0.00015,0.0
er_001941.txt,18,21,3,0.000888,True,6.1e-05,0.0
er_001942.txt,28,86,11,0.030324,True,0.00017,0.0
er_001943.txt,20,38,5,0.003491,True,8e-05,0.0
er_001944.txt,30,116,13,0.04981,True,0.00018,0.0
er_001945.txt,26,109,14,0.043574,True,0.000152,0.0
er_001946.txt,25,41,4,0.003101,True,8.9e-05,0.0
er_001947.txt,22,89,11,0.034156,True,0.00012,0.0
er_001948.txt,29,162,17,0.109492,True,0.000268,0.0
er_001949.txt,27,49,7,0.005723,True,0.000109,0.0
er_001950.txt,14,22,3,0.001345,True,5.1e-05,0.0
er_001951.txt,16,17,2,0.000564,True,4.7e-05,0.0
er_001952.txt,30,126,15,0.057923,True,0.000147,0.0
er_001953.txt,28,127,15,0.07649,True,0.000163,0.0
er_001954.txt,20,36,5,0.003294,True,7.1e-05,0.0
er_001955.txt,12,5,0,3.3e-05,True,2.5e-05,0.0
er_001956.txt,26,84,10,0.027241,True,0.000215,0.0
er_001957.txt,11,16,3,0.001085,True,4.5e-05,0.0
er_001958.txt,18,32,5,0.003002,True,6.5e-05,0.0
er_001959.txt,21,56,8,0.008797,True,0.000153,0.0
er_001960.txt,19,54,8,0.008923,True,7.7e-05,0.0
er_001961.txt,15,14,2,0.000477,True,4.3e-05,0.0
er_001962.txt,21,58,9,0.008788,True,9.3e-05,0.0
er_001963.txt,22,24,1,0.00056,True,5.2e-05,0.0
er_001964.txt,28,88,12,0.031658,True,0.000155,0.0
er_001965.txt,24,53,7,0.011997,True,0.000102,0.0
er_001966.txt,11,13,2,0.00057,True,4.3e-05,0.0
er_001967.txt,28,62,8,0.020926,True,0.000117,0.0
er_001968.txt,19,64,9,0.012003,True,0.000102,0.0
er_001969.txt,30,114,13,0.053642,True,0.000202,0.0
er_001970.txt,26,88,11,0.032257,True,0.000163,0.0
er_001971.txt,12,15,2,0.000803,True,4.9e-05,0.0
er_001972.txt,15,24,3,0.001706,True,6.4e-05,0.0
er_001973.txt,26,61,7,0.013509,True,0.000117,0.0
er_001974.txt,22,84,12,0.028941,True,0.000186,0.0
er_001975.txt,28,56,7,0.007228,True,0.000122,0.0
er_001976.txt,27,64,10,0.02041,True,0.000114,0.0
er_001977.txt,24,70,9,0.019092,True,0.000111,0.0
er_001978.txt,22,30,3,0.001351,True,6.9e-05,0.0
er_001979.txt,25,78,11,0.026902,True,0.000131,0.0
er_001980.txt,11,16,3,0.000854,True,6.5e-05,0.0
er_001981.txt,17,31,4,0.002859,True,5.9e-05,0.0
er_001982.txt,23,53,7,0.006818,True,0.000112,0.0
er_001983.txt,16,19,1,0.000418,True,4.5e-05,0.0
er_001984.txt,13,14,1,0.000411,True,3.8e-05,0.0
er_001985.txt,15,27,4,0.001801,True,5.7e-05,0.0
er_001986.txt,22,85,11,0.034487,True,0.000163,0.0
er_001987.txt,26,126,14,0.052085,True,0.000219,0.0
er_001988.txt,22,33,4,0.002802,True,0.000113,0.0
er_001989.txt,30,148,18,0.078137,True,0.00024,0.0
er_001990.txt,11,6,0,5e-05,True,3.8e-05,0.0
er_001991.txt,11,18,3,0.001091,True,6.3e-05,0.0
er_001992.txt,10,4,0,4e-05,True,3.1e-05,0.0
er_001993.txt,15,44,6,0.004629,True,0.000133,0.0
er_001994.txt,22,21,1,0.000238,True,6.3e-05,0.0
er_001995.txt,19,71,10,0.012893,True,0.000149,0.0
er_001996.txt,24,51,7,0.008072,True,0.000146,0.0
er_001997.txt,23,23,2,0.00061,True,0.000117,0.0
er_001998.txt,30,41,4,0.002319,True,0.000145,0.0
er_001999.txt,12,22,3,0.001623,True,0.0001,0.0
real_000000.txt,17,71,7,0.010185,True,0.000139,0.0
real_000001.txt,25,46,10,0.012767,True,0.000129,0.0
real_000002.txt,31,71,6,0.017773,True,0.000215,0.0
real_000003.txt,15,25,3,0.001595,True,8.9e-05,0.0
real_000004.txt,31,77,7,0.019369,True,0.000203,0.0
real_000005.txt,14,24,5,0.002528,True,6.6e-05,0.0
real_000006.txt,15,20,2,0.000796,True,7.7e-05,0.0
real_000007.txt,25,62,7,0.015247,True,0.000179,0.0
real_000008.txt,13,14,1,0.000312,True,5.4e-05,0.0
real_000009.txt,17,58,6,0.007074,True,0.000143,0.0
real_000010.txt,16,28,6,0.003401,True,8.3e-05,0.0
real_000011.txt,15,20,2,0.000801,True,7.9e-05,0.0
real_000012.txt,24,34,1,0.001355,True,0.000138,0.0
real_000013.txt,11,32,4,0.002495,True,9.5e-05,0.0
real_000014.txt,21,46,4,0.00505,True,0.000121,0.0
real_000015.txt,31,50,6,0.010487,True,0.000171,0.0
real_000016.txt,28,52,8,0.013981,True,0.00015,0.0
real_000017.txt,30,86,14,0.039628,True,0.000231,0.0
real_000018.txt,17,33,6,0.00404,True,9.4e-05,0.0
real_000019.txt,13,14,1,0.000385,True,6e-05,0.0
real_000020.txt,20,36,6,0.004833,True,0.000115,0.0
real_000021.txt,10,17,4,0.001375,True,5.2e-05,0.0
real_000022.txt,13,14,1,0.000349,True,6.2e-05,0.0
real_000023.txt,12,19,4,0.001734,True,7.9e-05,0.0
real_000024.txt,23,52,9,0.014858,True,0.000137,0.0
real_000025.txt,13,23,4,0.002135,True,0.000117,0.0
real_000026.txt,16,33,3,0.002726,True,0.000108,0.0
real_000027.txt,15,20,2,0.000805,True,7.8e-05,0.0
real_000028.txt,13,16,3,0.000716,True,6.3e-05,0.0
real_000029.txt,32,466,29,0.198903,True,0.0007,0.0
real_000030.txt,31,86,10,0.029856,True,0.000236,0.0
real_000031.txt,13,14,1,0.000353,True,6.1e-05,0.0
real_000032.txt,23,51,8,0.014238,True,0.000143,0.0
real_000033.txt,22,46,4,0.004103,True,0.000158,0.0
real_000034.txt,11,18,2,0.001178,True,6.3e-05,0.0
real_000035.txt,17,25,3,0.001899,True,8.1e-05,0.0
real_000036.txt,10,10,1,0.000249,True,4.2e-05,0.0
real_000037.txt,17,37,6,0.004951,True,0.000108,0.0
real_000038.txt,14,24,3,0.001403,True,8.3e-05,0.0
real_000039.txt,19,37,2,0.002262,True,0.000123,0.0
real_000040.txt,35,78,15,0.037496,True,0.000172,0.0
real_000041.txt,17,19,2,0.000531,True,7.7e-05,0.0
real_000042.txt,13,14,1,0.000343,True,5.8e-05,0.0
real_000043.txt,26,38,2,0.001916,True,0.000125,0.0
real_000044.txt,11,18,4,0.001447,True,5.2e-05,0.0
real_000045.txt,27,50,6,0.009803,True,0.000151,0.0
real_000046.txt,14,22,4,0.002052,True,8e-05,0.0
real_000047.txt,10,17,2,0.000915,True,6.1e-05,0.0
real_000048.txt,10,10,1,0.000252,True,4.5e-05,0.0
real_000049.txt,15,16,1,0.000415,True,5.5e-05,0.0
real_000050.txt,23,62,7,0.016532,True,0.000141,0.0
real_000051.txt,10,14,2,0.000694,True,5.8e-05,0.0
real_000052.txt,19,28,3,0.002005,True,9.4e-05,0.0
real_000053.txt,12,13,1,0.000312,True,5.5e-05,0.0
real_000054.txt,33,69,9,0.021295,True,0.000206,0.0
real_000055.txt,16,42,6,0.004617,True,0.000159,0.0
real_000056.txt,25,114,9,0.033129,True,0.000224,0.0
real_000057.txt,29,112,9,0.036649,True,0.000221,0.0
real_000058.txt,12,22,3,0.002032,True,6.1e-05,0.0
real_000059.txt,23,51,8,0.014246,True,0.00014,0.0
real_000060.txt,28,76,8,0.022069,True,0.000214,0.0
real_000061.txt,10,17,4,0.001467,True,5.5e-05,0.0
real_000062.txt,11,21,3,0.001845,True,7.4e-05,0.0
real_000063.txt,13,24,5,0.002545,True,7.4e-05,0.0
real_000064.txt,13,14,1,0.0004,True,5.8e-05,0.0
real_000065.txt,14,28,5,0.002558,True,0.000132,0.0
real_000066.txt,21,50,7,0.007305,True,0.000133,0.0
real_000067.txt,23,51,8,0.014099,True,0.000139,0.0
real_000068.txt,32,73,6,0.017433,True,0.000162,0.0
real_000069.txt,27,46,9,0.013201,True,0.000124,0.0
real_000070.txt,15,20,2,0.000774,True,8.4e-05,0.0
real_000071.txt,10,13,2,0.000524,True,5.4e-05,0.0
real_000072.txt,10,9,0,4.6e-05,True,3.4e-05,0.0
real_000073.txt,35,88,5,0.019089,True,0.000259,0.0
real_000074.txt,22,53,7,0.007329,True,0.000149,0.0
real_000075.txt,13,27,4,0.002288,True,6.6e-05,0.0
real_000076.txt,35,393,27,0.231497,True,0.000523,0.0
real_000077.txt,13,14,1,0.000281,True,4.5e-05,0.0
real_000078.txt,16,23,1,0.000761,True,5.5e-05,0.0
real_000079.txt,29,46,2,0.00302,True,8.2e-05,0.0
real_000080.txt,26,64,6,0.013183,True,0.000106,0.0
real_000081.txt,17,28,5,0.002566,True,8.2e-05,0.0
real_000082.txt,12,30,5,0.002795,True,5.2e-05,0.0
real_000083.txt,11,17,3,0.000705,True,8e-05,0.0
real_000084.txt,15,25,5,0.002495,True,5.4e-05,0.0
real_000085.txt,10,17,4,0.001397,True,3.5e-05,0.0
real_000086.txt,29,42,4,0.00666,True,9.4e-05,0.0
real_000087.txt,25,46,5,0.004432,True,9.6e-05,0.0
real_000088.txt,23,118,10,0.033738,True,0.000163,0.0
real_000089.txt,23,53,6,0.00593,True,0.000134,0.0
real_000090.txt,11,12,1,0.000317,True,5.1e-05,0.0
real_000091.txt,15,20,2,0.000915,True,7.9e-05,0.0
real_000092.txt,13,21,2,0.001138,True,6.9e-05,0.0
real_000093.txt,10,16,3,0.001073,True,6.2e-05,0.0
real_000094.txt,14,17,2,0.000577,True,6.2e-05,0.0
real_000095.txt,13,14,1,0.00033,True,5.9e-05,0.0
real_000096.txt,22,143,11,0.045925,True,0.000212,0.0
real_000097.txt,13,14,1,0.000378,True,6.2e-05,0.0
real_000098.txt,17,31,7,0.004277,True,9e-05,0.0
real_000099.txt,13,14,1,0.000347,True,6.3e-05,0.0
real_000100.txt,23,51,8,0.014828,True,0.000142,0.0
real_000101.txt,10,14,2,0.000708,True,6.2e-05,0.0
real_000102.txt,27,46,9,0.013499,True,0.000121,0.0
real_000103.txt,22,47,3,0.004259,True,0.000171,0.0
real_000104.txt,10,17,4,0.001546,True,5.1e-05,0.0
real_000105.txt,15,30,5,0.003373,True,8.7e-05,0.0
real_000106.txt,18,59,10,0.010037,True,0.000162,0.0
real_000107.txt,19,41,5,0.005438,True,0.000141,0.0
real_000108.txt,10,17,4,0.001473,True,7.1e-05,0.0
real_000109.txt,32,89,11,0.032551,True,0.000224,0.0
real_000110.txt,15,20,2,0.000908,True,0.000158,0.0
real_000111.txt,10,17,4,0.001452,True,6e-05,0.0
real_000112.txt,22,48,5,0.005063,True,0.000141,0.0
real_000113.txt,32,78,8,0.020889,True,0.000185,0.0
real_000114.txt,15,16,1,0.000345,True,5.5e-05,0.0
real_000115.txt,17,35,7,0.004879,True,9.4e-05,0.0
real_000116.txt,13,14,1,0.00035,True,5.9e-05,0.0
real_000117.txt,16,29,6,0.003183,True,9.5e-05,0.0
real_000118.txt,22,53,8,0.007654,True,0.000142,0.0
real_000119.txt,13,14,1,0.000358,True,5.7e-05,0.0
real_000120.txt,20,31,5,0.002753,True,0.000158,0.0
real_000121.txt,26,103,11,0.029982,True,0.000211,0.0
real_000122.txt,14,21,4,0.001946,True,6.5e-05,0.0
real_000123.txt,10,26,4,0.002304,True,7.6e-05,0.0
real_000124.txt,23,51,8,0.014255,True,0.000126,0.0
real_000125.txt,15,20,2,0.000815,True,7.6e-05,0.0
real_000126.txt,21,37,8,0.006078,True,0.000106,0.0
real_000127.txt,30,53,5,0.008891,True,0.000154,0.0
real_000128.txt,17,19,2,0.000541,True,7.6e-05,0.0
real_000129.txt,25,46,10,0.013747,True,0.000146,0.0
real_000130.txt,11,14,2,0.00061,True,5.5e-05,0.0
real_000131.txt,32,135,13,0.071998,True,0.000274,0.0
real_000132.txt,13,14,1,0.000344,True,4.4e-05,0.0
real_000133.txt,10,17,4,0.001376,True,3.6e-05,0.0
real_000134.txt,15,20,2,0.00076,True,5.2e-05,0.0
real_000135.txt,18,41,7,0.005079,True,8.6e-05,0.0
real_000136.txt,17,35,4,0.003207,True,6.7e-05,0.0
real_000137.txt,13,14,1,0.000281,True,4.1e-05,0.0
real_000138.txt,10,13,3,0.00072,True,3.6e-05,0.0
real_000139.txt,15,81,11,0.011042,True,9.6e-05,0.0
real_000140.txt,24,53,7,0.006784,True,9.1e-05,0.0
real_000141.txt,17,19,2,0.000437,True,4.8e-05,0.0
real_000142.txt,13,14,1,0.000355,True,4.2e-05,0.0
real_000143.txt,25,48,6,0.005635,True,8.7e-05,0.0
real_000144.txt,18,66,6,0.008071,True,8.5e-05,0.0
real_000145.txt,23,84,10,0.023476,True,0.000134,0.0
real_000146.txt,13,14,1,0.000283,True,4.3e-05,0.0
real_000147.txt,29,75,10,0.020771,True,0.000138,0.0
real_000148.txt,26,48,8,0.010966,True,0.00013,0.0
real_000149.txt,11,18,2,0.001039,True,4.7e-05,0.0
real_000150.txt,21,37,5,0.003905,True,9.3e-05,0.0
real_000151.txt,27,59,10,0.02032,True,0.000121,0.0
real_000152.txt,10,18,4,0.001391,True,4.7e-05,0.0
real_000153.txt,15,23,4,0.002005,True,5.9e-05,0.0
real_000154.txt,34,236,18,0.136086,True,0.000287,0.0
real_000155.txt,33,117,16,0.049947,True,0.000177,0.0
real_000156.txt,15,22,1,0.000843,True,5.6e-05,0.0
real_000157.txt,13,14,1,0.000281,True,4.4e-05,0.0
real_000158.txt,26,47,3,0.003476,True,8.6e-05,0.0
real_000159.txt,10,17,4,0.001424,True,4.2e-05,0.0
real_000160.txt,27,46,9,0.013494,True,0.0001,0.0
real_000161.txt,17,35,4,0.002887,True,7.8e-05,0.0
real_000162.txt,15,20,2,0.000794,True,5.9e-05,0.0
real_000163.txt,10,17,4,0.001407,True,4.3e-05,0.0
real_000164.txt,11,22,3,0.001476,True,5.8e-05,0.0
real_000165.txt,12,21,4,0.001575,True,5.7e-05,0.0
real_000166.txt,20,32,5,0.003245,True,7.6e-05,0.0
real_000167.txt,13,14,1,0.00028,True,4.6e-05,0.0
real_000168.txt,32,70,12,0.027437,True,0.000108,0.0
real_000169.txt,16,60,8,0.007847,True,0.000108,0.0
real_000170.txt,28,103,11,0.034914,True,0.000139,0.0
real_000171.txt,17,29,5,0.002925,True,6.2e-05,0.0
real_000172.txt,10,17,4,0.001396,True,3.5e-05,0.0
real_000173.txt,14,21,3,0.001024,True,5e-05,0.0
real_000174.txt,17,34,6,0.004413,True,5.9e-05,0.0
real_000175.txt,13,14,1,0.000265,True,4.1e-05,0.0
real_000176.txt,27,46,9,0.014016,True,7.9e-05,0.0
real_000177.txt,23,51,8,0.014162,True,8.2e-05,0.0
real_000178.txt,15,20,2,0.000791,True,4.9e-05,0.0
real_000179.txt,30,69,7,0.018265,True,0.000112,0.0
real_000180.txt,32,89,11,0.031471,True,0.000144,0.0
real_000181.txt,30,87,8,0.027308,True,0.000175,0.0
real_000182.txt,27,46,9,0.012941,True,7.5e-05,0.0
real_000183.txt,15,24,3,0.001517,True,5.4e-05,0.0
real_000184.txt,23,101,11,0.032941,True,0.000138,0.0
real_000185.txt,25,46,10,0.012946,True,8.1e-05,0.0
real_000186.txt,32,89,11,0.032204,True,0.000154,0.0
real_000187.txt,18,32,4,0.002439,True,6.9e-05,0.0
real_000188.txt,15,28,6,0.00315,True,5.6e-05,0.0
real_000189.txt,22,49,8,0.014186,True,8.2e-05,0.0
real_000190.txt,14,38,6,0.004313,True,7.4e-05,0.0
real_000191.txt,16,29,3,0.001913,True,6.1e-05,0.0
real_000192.txt,18,54,7,0.007481,True,8.3e-05,0.0
real_000193.txt,16,26,2,0.001741,True,6.2e-05,0.0
real_000194.txt,16,26,4,0.002157,True,6.3e-05,0.0
real_000195.txt,23,51,8,0.014478,True,8.6e-05,0.0
real_000196.txt,10,17,4,0.001429,True,4.1e-05,0.0
real_000197.txt,11,18,4,0.001791,True,4.2e-05,0.0
real_000198.txt,14,31,6,0.00358,True,5.7e-05,0.0
real_000199.txt,13,14,1,0.00028,True,4.5e-05,0.0
real_000200.txt,22,29,3,0.001281,True,6.1e-05,0.0
real_000201.txt,32,89,11,0.032386,True,0.000165,0.0
real_000202.txt,15,51,7,0.006332,True,8.8e-05,0.0
real_000203.txt,18,27,2,0.001503,True,6.1e-05,0.0
real_000204.txt,23,51,8,0.014648,True,0.000151,0.0
real_000205.txt,12,22,3,0.001659,True,5.7e-05,0.0
real_000206.txt,11,18,3,0.001272,True,4.2e-05,0.0
real_000207.txt,29,125,10,0.040409,True,0.000224,0.0
real_000208.txt,18,51,5,0.005417,True,0.000111,0.0
real_000209.txt,13,14,1,0.000288,True,4.8e-05,0.0
real_000210.txt,11,12,1,0.000284,True,4.3e-05,0.0
real_000211.txt,23,51,8,0.014202,True,9.2e-05,0.0
real_000212.txt,15,19,3,0.000995,True,5.1e-05,0.0
real_000213.txt,34,76,11,0.024732,True,0.000142,0.0
real_000214.txt,15,20,2,0.00073,True,5.2e-05,0.0
real_000215.txt,25,57,8,0.014623,True,0.000101,0.0
real_000216.txt,26,63,6,0.014441,True,0.000103,0.0
real_000217.txt,13,14,1,0.000294,True,4.3e-05,0.0
real_000218.txt,18,36,4,0.002991,True,8.2e-05,0.0
real_000219.txt,13,14,1,0.000294,True,5.6e-05,0.0
real_000220.txt,31,123,16,0.052829,True,0.000179,0.0
real_000221.txt,12,19,3,0.001538,True,4.8e-05,0.0
real_000222.txt,23,41,9,0.010785,True,8e-05,0.0
real_000223.txt,17,29,4,0.002441,True,6.4e-05,0.0
real_000224.txt,24,65,9,0.016348,True,0.000103,0.0
real_000225.txt,32,74,7,0.020501,True,0.000123,0.0
real_000226.txt,15,27,4,0.001884,True,5.7e-05,0.0
real_000227.txt,19,22,3,0.001051,True,5.2e-05,0.0
real_000228.txt,13,14,1,0.000254,True,3.9e-05,0.0
real_000229.txt,14,25,3,0.001766,True,5.2e-05,0.0
real_000230.txt,30,55,7,0.016411,True,0.000109,0.0
real_000231.txt,15,37,5,0.003568,True,5.9e-05,0.0
real_000232.txt,15,28,3,0.00205,True,5.8e-05,0.0
real_000233.txt,28,130,14,0.050963,True,0.000193,0.0
real_000234.txt,13,21,3,0.001096,True,4.9e-05,0.0
real_000235.txt,10,17,4,0.001283,True,3.5e-05,0.0
real_000236.txt,13,14,1,0.000265,True,4.2e-05,0.0
real_000237.txt,20,30,4,0.002115,True,6.1e-05,0.0
real_000238.txt,34,82,8,0.021199,True,0.000133,0.0
real_000239.txt,10,17,4,0.001346,True,4.3e-05,0.0
real_000240.txt,28,71,7,0.016686,True,0.000131,0.0
real_000241.txt,19,86,10,0.01428,True,0.000151,0.0
real_000242.txt,30,55,9,0.016284,True,0.000103,0.0
real_000243.txt,12,18,3,0.001126,True,4.4e-05,0.0
real_000244.txt,17,19,2,0.000472,True,5.1e-05,0.0
real_000245.txt,23,33,2,0.001637,True,6.9e-05,0.0
real_000246.txt,27,45,5,0.004423,True,9.9e-05,0.0
real_000247.txt,18,30,4,0.002694,True,6.5e-05,0.0
real_000248.txt,25,46,10,0.013734,True,7.7e-05,0.0
real_000249.txt,19,58,6,0.007294,True,9.3e-05,0.0
real_000250.txt,15,20,2,0.000745,True,5.6e-05,0.0
real_000251.txt,27,63,5,0.015613,True,0.000124,0.0
real_000252.txt,27,59,10,0.02015,True,9.6e-05,0.0
real_000253.txt,27,97,12,0.033513,True,0.000177,0.0
real_000254.txt,23,41,6,0.008801,True,8.8e-05,0.0
real_000255.txt,32,89,11,0.032304,True,0.000157,0.0
real_000256.txt,16,56,7,0.00789,True,8.3e-05,0.0
real_000257.txt,18,24,3,0.001363,True,5.5e-05,0.0
real_000258.txt,13,14,1,0.000269,True,4.2e-05,0.0
real_000259.txt,17,39,5,0.003955,True,9.2e-05,0.0
real_000260.txt,10,17,4,0.001324,True,3.6e-05,0.0
real_000261.txt,25,46,10,0.013593,True,7.4e-05,0.0
real_000262.txt,16,26,4,0.001945,True,6.2e-05,0.0
real_000263.txt,10,17,4,0.001332,True,3.7e-05,0.0
real_000264.txt,20,35,5,0.003362,True,7.6e-05,0.0
real_000265.txt,27,45,3,0.003045,True,8.1e-05,0.0
real_000266.txt,22,48,8,0.011535,True,7.2e-05,0.0
real_000267.txt,19,78,9,0.012938,True,0.000101,0.0
real_000268.txt,15,17,2,0.000523,True,0.000109,0.0
real_000269.txt,35,104,11,0.038305,True,0.00016,0.0
real_000270.txt,20,31,5,0.002608,True,7.5e-05,0.0
real_000271.txt,17,19,2,0.000497,True,5.6e-05,0.0
real_000272.txt,19,59,7,0.008224,True,0.0001,0.0
real_000273.txt,27,53,7,0.006322,True,0.00011,0.0
real_000274.txt,14,25,3,0.001573,True,0.000103,0.0
real_000275.txt,23,47,5,0.004487,True,8.2e-05,0.0
real_000276.txt,30,168,17,0.083271,True,0.000237,0.0
real_000277.txt,13,14,1,0.000297,True,5.3e-05,0.0
real_000278.txt,10,27,4,0.002507,True,8.8e-05,0.0
real_000279.txt,15,20,2,0.000688,True,5.5e-05,0.0
real_000280.txt,12,26,5,0.002872,True,6e-05,0.0
real_000281.txt,24,40,8,0.009146,True,6.8e-05,0.0
real_000282.txt,32,75,7,0.019103,True,0.000139,0.0
real_000283.txt,10,12,2,0.000553,True,4.5e-05,0.0
real_000284.txt,23,51,8,0.014165,True,9.3e-05,0.0
real_000285.txt,28,136,10,0.058506,True,0.000173,0.0
real_000286.txt,28,63,7,0.020815,True,0.000222,0.0
real_000287.txt,25,58,9,0.010206,True,0.000112,0.0
real_000288.txt,13,21,4,0.001948,True,5.1e-05,0.0
real_000289.txt,16,24,3,0.001201,True,6.3e-05,0.0
real_000290.txt,27,55,11,0.021241,True,0.000104,0.0
real_000291.txt,13,14,1,0.000327,True,4.5e-05,0.0
real_000292.txt,12,27,4,0.002176,True,6.1e-05,0.0
real_000293.txt,17,19,2,0.000471,True,5.5e-05,0.0
real_000294.txt,20,32,6,0.003977,True,8.8e-05,0.0
real_000295.txt,23,51,8,0.015069,True,8.7e-05,0.0
real_000296.txt,26,49,8,0.006865,True,0.000115,0.0
real_000297.txt,23,51,8,0.014085,True,8.4e-05,0.0
real_000298.txt,27,65,6,0.017448,True,0.000117,0.0
real_000299.txt,32,69,13,0.029596,True,0.000187,0.0
real_000300.txt,17,19,2,0.000546,True,5.9e-05,0.0
real_000301.txt,10,17,4,0.001366,True,4.1e-05,0.0
real_000302.txt,26,60,8,0.016706,True,0.000115,0.0
real_000303.txt,13,14,1,0.000302,True,5.4e-05,0.0
real_000304.txt,13,22,2,0.001264,True,5.3e-05,0.0
real_000305.txt,15,28,4,0.002238,True,9.9e-05,0.0
real_000306.txt,29,53,7,0.011748,True,9.5e-05,0.0
real_000307.txt,21,35,6,0.005074,True,6.4e-05,0.0
real_000308.txt,17,35,7,0.004916,True,5.9e-05,0.0
real_000309.txt,30,62,12,0.023473,True,0.000131,0.0
real_000310.txt,11,34,5,0.002931,True,5.6e-05,0.0
real_000311.txt,13,14,1,0.000347,True,4.7e-05,0.0
real_000312.txt,23,46,7,0.006368,True,8.8e-05,0.0
real_000313.txt,16,33,4,0.002981,True,0.000135,0.0
real_000314.txt,30,53,9,0.013611,True,0.0001,0.0
real_000315.txt,16,29,6,0.003182,True,6.1e-05,0.0
real_000316.txt,16,29,6,0.003638,True,5.7e-05,0.0
real_000317.txt,24,39,4,0.003551,True,8e-05,0.0
real_000318.txt,25,46,10,0.013653,True,7.7e-05,0.0
real_000319.txt,21,70,11,0.012944,True,0.000107,0.0
real_000320.txt,26,84,11,0.01327,True,0.00016,0.0
real_000321.txt,12,27,5,0.002659,True,4.9e-05,0.0
real_000322.txt,23,51,8,0.014139,True,7.2e-05,0.0
real_000323.txt,12,24,3,0.00153,True,5.7e-05,0.0
real_000324.txt,35,73,7,0.01614,True,0.000133,0.0
real_000325.txt,10,15,2,0.000795,True,4.1e-05,0.0
real_000326.txt,16,49,7,0.006363,True,8.5e-05,0.0
real_000327.txt,15,34,5,0.003042,True,0.000115,0.0
real_000328.txt,23,51,8,0.014088,True,8.4e-05,0.0
real_000329.txt,16,24,3,0.001089,True,5.3e-05,0.0
real_000330.txt,23,53,6,0.006294,True,9.1e-05,0.0
real_000331.txt,13,14,1,0.000336,True,9.5e-05,0.0
real_000332.txt,16,37,5,0.003953,True,7.2e-05,0.0
real_000333.txt,35,172,13,0.085138,True,0.000237,0.0
real_000334.txt,17,19,2,0.000554,True,0.000125,0.0
real_000335.txt,30,93,13,0.034158,True,0.000228,0.0
real_000336.txt,24,43,7,0.005838,True,9.4e-05,0.0
real_000337.txt,28,60,6,0.014352,True,0.000112,0.0
real_000338.txt,24,135,12,0.047116,True,0.00019,0.0
real_000339.txt,33,59,11,0.021841,True,0.000108,0.0
real_000340.txt,15,20,2,0.000805,True,5.6e-05,0.0
real_000341.txt,29,302,21,0.171545,True,0.000367,0.0
real_000342.txt,23,51,8,0.014014,True,0.000104,0.0
real_000343.txt,13,14,1,0.000296,True,4.4e-05,0.0
real_000344.txt,13,14,1,0.000289,True,4.8e-05,0.0
real_000345.txt,15,20,2,0.000724,True,5.2e-05,0.0
real_000346.txt,16,29,2,0.001871,True,5.6e-05,0.0
real_000347.txt,33,99,12,0.037433,True,0.000183,0.0
real_000348.txt,23,76,10,0.012517,True,0.000113,0.0
real_000349.txt,32,116,9,0.037113,True,0.000193,0.0
real_000350.txt,18,33,7,0.00504,True,6.1e-05,0.0
real_000351.txt,22,90,10,0.027472,True,0.000121,0.0
real_000352.txt,10,38,6,0.003272,True,5.7e-05,0.0
real_000353.txt,17,31,4,0.002532,True,6.7e-05,0.0
real_000354.txt,32,146,16,0.071669,True,0.000214,0.0
real_000355.txt,10,17,4,0.001287,True,3.6e-05,0.0
real_000356.txt,15,20,2,0.000701,True,5.8e-05,0.0
real_000357.txt,35,138,17,0.072962,True,0.000205,0.0
real_000358.txt,15,20,2,0.000695,True,5.2e-05,0.0
real_000359.txt,10,10,1,0.000193,True,5.4e-05,0.0
real_000360.txt,15,30,5,0.0039,True,0.000119,0.0
real_000361.txt,10,15,2,0.00062,True,3.7e-05,0.0
real_000362.txt,13,14,1,0.000387,True,6e-05,0.0
real_000363.txt,13,14,1,0.000269,True,4.2e-05,0.0
real_000364.txt,10,17,4,0.001375,True,5.1e-05,0.0
real_000365.txt,26,41,3,0.003523,True,8.8e-05,0.0
real_000366.txt,16,28,6,0.003594,True,5.3e-05,0.0
real_000367.txt,18,57,8,0.007985,True,0.000107,0.0
real_000368.txt,20,65,6,0.008774,True,0.000102,0.0
real_000369.txt,24,204,17,0.093187,True,0.000352,0.0
real_000370.txt,10,16,4,0.001641,True,4.4e-05,0.0
real_000371.txt,11,16,2,0.000787,True,4.6e-05,0.0
real_000372.txt,30,85,11,0.028258,True,0.000163,0.0
real_000373.txt,25,46,10,0.014938,True,7.8e-05,0.0
real_000374.txt,10,17,4,0.001381,True,4e-05,0.0
real_000375.txt,14,24,3,0.002062,True,5.1e-05,0.0
real_000376.txt,19,42,6,0.00555,True,8.2e-05,0.0
real_000377.txt,17,28,6,0.003397,True,5.3e-05,0.0
real_000378.txt,23,43,7,0.006169,True,0.000101,0.0
real_000379.txt,25,56,6,0.011775,True,9.9e-05,0.0
real_000380.txt,13,25,4,0.002439,True,7.8e-05,0.0
real_000381.txt,31,54,9,0.016732,True,0.000146,0.0
real_000382.txt,31,80,9,0.021643,True,0.000187,0.0
real_000383.txt,13,26,3,0.001971,True,9.1e-05,0.0
real_000384.txt,23,51,8,0.014321,True,0.000129,0.0
real_000385.txt,10,17,4,0.001445,True,5.5e-05,0.0
real_000386.txt,23,38,7,0.007921,True,0.000123,0.0
real_000387.txt,12,19,4,0.001731,True,5.7e-05,0.0
real_000388.txt,13,25,2,0.001662,True,9e-05,0.0
real_000389.txt,26,48,8,0.01147,True,0.000142,0.0
real_000390.txt,12,28,4,0.002284,True,0.000116,0.0
real_000391.txt,27,46,9,0.013976,True,0.000113,0.0
real_000392.txt,26,190,19,0.077571,True,0.000243,0.0
real_000393.txt,28,71,7,0.016562,True,0.000175,0.0
real_000394.txt,13,14,1,0.000375,True,5.5e-05,0.0
real_000395.txt,24,70,10,0.011778,True,0.000157,0.0
real_000396.txt,13,14,1,0.000321,True,5.6e-05,0.0
real_000397.txt,31,71,6,0.017729,True,0.000158,0.0
real_000398.txt,16,35,3,0.002565,True,0.000101,0.0
real_000399.txt,15,35,4,0.003047,True,0.00011,0.0
real_000400.txt,13,14,1,0.000315,True,5.7e-05,0.0
real_000401.txt,32,52,3,0.003871,True,0.000152,0.0
real_000402.txt,17,19,2,0.000614,True,8.2e-05,0.0
real_000403.txt,16,29,6,0.003065,True,9.2e-05,0.0
real_000404.txt,10,17,4,0.002206,True,5.3e-05,0.0
real_000405.txt,10,17,4,0.001387,True,5e-05,0.0
real_000406.txt,33,91,8,0.028079,True,0.000201,0.0
real_000407.txt,35,146,17,0.075679,True,0.000289,0.0
real_000408.txt,17,19,2,0.000584,True,8e-05,0.0
real_000409.txt,19,43,4,0.004094,True,0.00014,0.0
real_000410.txt,23,62,10,0.01843,True,0.000204,0.0
real_000411.txt,15,17,2,0.000586,True,7.4e-05,0.0
real_000412.txt,13,14,1,0.000401,True,6.1e-05,0.0
real_000413.txt,22,128,12,0.02663,True,0.000242,0.0
real_000414.txt,28,57,11,0.01899,True,0.000167,0.0
real_000415.txt,15,72,9,0.00996,True,0.000162,0.0
real_000416.txt,35,136,15,0.067923,True,0.000275,0.0
real_000417.txt,11,11,1,0.000292,True,5.3e-05,0.0
real_000418.txt,10,17,4,0.001428,True,5.4e-05,0.0
real_000419.txt,13,21,3,0.001631,True,6.6e-05,0.0
real_000420.txt,24,54,7,0.012927,True,0.000149,0.0
real_000421.txt,30,56,9,0.007301,True,0.000159,0.0
real_000422.txt,30,41,4,0.002784,True,0.000191,0.0
real_000423.txt,32,74,7,0.019966,True,0.000184,0.0
real_000424.txt,10,10,1,0.00027,True,4.9e-05,0.0
real_000425.txt,10,13,2,0.000631,True,5.8e-05,0.0
real_000426.txt,19,34,5,0.003379,True,0.000112,0.0
real_000427.txt,26,169,17,0.071008,True,0.000266,0.0
real_000428.txt,23,51,8,0.013463,True,0.000136,0.0
real_000429.txt,10,19,3,0.00139,True,6.8e-05,0.0
real_000430.txt,13,14,1,0.000337,True,6e-05,0.0
real_000431.txt,34,76,14,0.033724,True,0.000175,0.0
real_000432.txt,29,62,4,0.011513,True,0.000168,0.0
real_000433.txt,15,55,7,0.007129,True,0.00014,0.0
real_000434.txt,23,51,8,0.01377,True,0.000131,0.0
real_000435.txt,21,76,7,0.011891,True,0.000196,0.0
real_000436.txt,12,62,8,0.007053,True,0.000131,0.0
real_000437.txt,19,47,6,0.006097,True,0.000165,0.0
real_000438.txt,25,28,2,0.000703,True,8.9e-05,0.0
real_000439.txt,13,14,1,0.000322,True,5.9e-05,0.0
real_000440.txt,25,79,11,0.028466,True,0.000188,0.0
real_000441.txt,27,46,9,0.012645,True,0.00016,0.0
real_000442.txt,31,53,3,0.004073,True,0.00018,0.0
real_000443.txt,13,14,1,0.000402,True,6e-05,0.0
real_000444.txt,27,46,9,0.013214,True,0.000131,0.0
real_000445.txt,21,39,4,0.003534,True,0.000125,0.0
real_000446.txt,22,51,7,0.006837,True,0.000133,0.0
real_000447.txt,20,157,13,0.035978,True,0.000273,0.0
real_000448.txt,13,14,1,0.000357,True,6.2e-05,0.0
real_000449.txt,10,17,4,0.001436,True,5.5e-05,0.0
real_000450.txt,13,14,1,0.000334,True,6.6e-05,0.0
real_000451.txt,12,12,1,0.00027,True,4.8e-05,0.0
real_000452.txt,18,56,7,0.007783,True,0.000158,0.0
real_000453.txt,22,75,11,0.023955,True,0.000166,0.0
real_000454.txt,18,30,3,0.001828,True,0.000112,0.0
real_000455.txt,20,66,8,0.010509,True,0.000153,0.0
real_000456.txt,13,14,1,0.000366,True,6.6e-05,0.0
real_000457.txt,13,14,1,0.000351,True,6.1e-05,0.0
real_000458.txt,35,152,20,0.083875,True,0.000354,0.0
real_000459.txt,10,22,4,0.001855,True,7.1e-05,0.0
real_000460.txt,13,14,1,0.000394,True,6.2e-05,0.0
real_000461.txt,17,24,4,0.001721,True,8.3e-05,0.0
real_000462.txt,10,17,4,0.001464,True,4.9e-05,0.0
real_000463.txt,12,28,4,0.002215,True,9.2e-05,0.0
real_000464.txt,11,25,5,0.002107,True,8.2e-05,0.0
real_000465.txt,17,31,6,0.00448,True,0.000117,0.0
real_000466.txt,22,39,5,0.003675,True,0.00013,0.0
real_000467.txt,32,53,5,0.010523,True,0.000159,0.0
real_000468.txt,11,12,1,0.000356,True,5.4e-05,0.0
real_000469.txt,16,25,5,0.003049,True,7.6e-05,0.0
real_000470.txt,26,77,10,0.022473,True,0.000179,0.0
real_000471.txt,32,57,10,0.019664,True,0.000162,0.0
real_000472.txt,11,22,4,0.00221,True,6.8e-05,0.0
real_000473.txt,22,36,7,0.007408,True,9.1e-05,0.0
real_000474.txt,13,14,1,0.000388,True,6.5e-05,0.0
real_000475.txt,16,33,5,0.003557,True,0.000123,0.0
real_000476.txt,16,31,5,0.002956,True,0.0001,0.0
real_000477.txt,28,65,6,0.016305,True,0.000154,0.0
real_000478.txt,31,154,13,0.065055,True,0.000258,0.0
real_000479.txt,18,34,4,0.002742,True,0.000114,0.0
real_000480.txt,27,57,9,0.018093,True,0.000156,0.0
real_000481.txt,18,58,6,0.00677,True,0.000134,0.0
real_000482.txt,31,136,15,0.077402,True,0.000257,0.0
real_000483.txt,17,19,2,0.000599,True,8.1e-05,0.0
real_000484.txt,28,73,8,0.018038,True,0.000178,0.0
real_000485.txt,13,25,4,0.001536,True,0.000122,0.0
real_000486.txt,24,49,6,0.005285,True,0.000132,0.0
real_000487.txt,32,79,11,0.025343,True,0.000195,0.0
real_000488.txt,23,57,6,0.007256,True,0.000154,0.0
real_000489.txt,17,76,9,0.010289,True,0.000162,0.0
real_000490.txt,13,14,1,0.000368,True,6.4e-05,0.0
real_000491.txt,20,35,7,0.005441,True,0.000118,0.0
real_000492.txt,18,59,8,0.009387,True,0.000151,0.0
real_000493.txt,14,26,4,0.002038,True,5.7e-05,0.0
real_000494.txt,30,56,8,0.015911,True,0.000163,0.0
real_000495.txt,30,58,6,0.016121,True,0.000123,0.0
real_000496.txt,26,43,4,0.003614,True,9.1e-05,0.0
real_000497.txt,17,19,2,0.000486,True,5.6e-05,0.0
real_000498.txt,32,89,11,0.032518,True,0.000163,0.0
real_000499.txt,16,33,5,0.003551,True,6.7e-05,0.0
real_000500.txt,23,37,7,0.008839,True,7.5e-05,0.0
real_000501.txt,29,133,13,0.073123,True,0.000176,0.0
real_000502.txt,18,29,5,0.002931,True,7.7e-05,0.0
real_000503.txt,35,64,12,0.025196,True,0.000114,0.0
real_000504.txt,18,28,3,0.00208,True,7.2e-05,0.0
real_000505.txt,35,91,8,0.024308,True,0.000155,0.0
real_000506.txt,15,31,6,0.003582,True,6.9e-05,0.0
real_000507.txt,17,19,2,0.000475,True,5.6e-05,0.0
real_000508.txt,27,46,9,0.01379,True,8.6e-05,0.0
real_000509.txt,13,14,1,0.000293,True,4.9e-05,0.0
real_000510.txt,13,14,1,0.000303,True,5.1e-05,0.0
real_000511.txt,33,115,9,0.036854,True,0.000181,0.0
real_000512.txt,22,40,9,0.010966,True,7.6e-05,0.0
real_000513.txt,20,58,9,0.008234,True,0.000101,0.0
real_000514.txt,15,23,4,0.001913,True,6e-05,0.0
real_000515.txt,34,95,10,0.031362,True,0.00018,0.0
real_000516.txt,15,20,2,0.000743,True,5.8e-05,0.0
real_000517.txt,15,20,2,0.000747,True,6.3e-05,0.0
real_000518.txt,13,14,1,0.000281,True,4.6e-05,0.0
real_000519.txt,13,14,1,0.000276,True,4.4e-05,0.0
real_000520.txt,17,37,6,0.004804,True,6.5e-05,0.0
real_000521.txt,11,13,2,0.000313,True,3.8e-05,0.0
real_000522.txt,14,17,1,0.000562,True,4.8e-05,0.0
real_000523.txt,14,21,3,0.001678,True,5.4e-05,0.0
real_000524.txt,29,61,12,0.022247,True,9.4e-05,0.0
real_000525.txt,30,69,8,0.019892,True,0.000123,0.0
real_000526.txt,34,78,7,0.020621,True,0.000131,0.0
real_000527.txt,27,46,9,0.013417,True,7.5e-05,0.0
real_000528.txt,13,14,1,0.000271,True,4.2e-05,0.0
real_000529.txt,16,47,6,0.004834,True,7.7e-05,0.0
real_000530.txt,10,21,3,0.001129,True,4.8e-05,0.0
real_000531.txt,28,80,10,0.024358,True,0.00015,0.0
real_000532.txt,13,14,1,0.000292,True,4.7e-05,0.0
real_000533.txt,13,18,2,0.00082,True,5.4e-05,0.0
real_000534.txt,25,46,10,0.013591,True,8.1e-05,0.0
real_000535.txt,23,51,8,0.013957,True,9.7e-05,0.0
real_000536.txt,13,14,1,0.000282,True,4.5e-05,0.0
real_000537.txt,25,46,10,0.013392,True,8.4e-05,0.0
real_000538.txt,26,45,7,0.006326,True,9.9e-05,0.0
real_000539.txt,14,36,5,0.0032,True,7e-05,0.0
real_000540.txt,20,36,4,0.002499,True,7.5e-05,0.0
real_000541.txt,11,17,2,0.000936,True,4.9e-05,0.0
real_000542.txt,18,29,5,0.003149,True,6e-05,0.0
real_000543.txt,21,101,12,0.02484,True,0.000162,0.0
real_000544.txt,35,135,14,0.065442,True,0.00021,0.0
real_000545.txt,30,62,12,0.024212,True,0.0001,0.0
real_000546.txt,19,43,6,0.005218,True,8.2e-05,0.0
real_000547.txt,28,68,7,0.018949,True,0.000121,0.0
real_000548.txt,25,46,10,0.012936,True,8.4e-05,0.0
real_000549.txt,17,19,2,0.000535,True,5.7e-05,0.0
real_000550.txt,16,34,5,0.003765,True,7.2e-05,0.0
real_000551.txt,29,60,12,0.022451,True,0.000106,0.0
real_000552.txt,16,33,5,0.003562,True,5.9e-05,0.0
real_000553.txt,34,64,8,0.017203,True,0.00012,0.0
real_000554.txt,13,14,1,0.000286,True,4.5e-05,0.0
real_000555.txt,27,46,9,0.01363,True,8e-05,0.0
real_000556.txt,15,29,3,0.002054,True,6.3e-05,0.0
real_000557.txt,17,19,2,0.000554,True,5.7e-05,0.0
real_000558.txt,10,17,4,0.001395,True,3.9e-05,0.0
real_000559.txt,14,47,5,0.004892,True,7e-05,0.0
real_000560.txt,17,19,2,0.000474,True,5.8e-05,0.0
real_000561.txt,10,15,2,0.000948,True,4e-05,0.0
real_000562.txt,17,19,2,0.000499,True,5.4e-05,0.0
real_000563.txt,34,78,7,0.020163,True,0.000201,0.0
real_000564.txt,23,51,8,0.013783,True,8.2e-05,0.0
real_000565.txt,27,170,19,0.080527,True,0.000215,0.0
real_000566.txt,22,37,4,0.003444,True,8.1e-05,0.0
real_000567.txt,10,17,4,0.001354,True,3.8e-05,0.0
real_000568.txt,10,17,4,0.001501,True,4.1e-05,0.0
real_000569.txt,25,46,10,0.013658,True,7.4e-05,0.0
real_000570.txt,20,42,7,0.006737,True,7e-05,0.0
real_000571.txt,25,46,10,0.013369,True,8.5e-05,0.0
real_000572.txt,25,46,10,0.013691,True,7.3e-05,0.0
real_000573.txt,30,332,22,0.221396,True,0.000384,0.0
real_000574.txt,24,36,4,0.003341,True,8.4e-05,0.0
real_000575.txt,13,14,1,0.000289,True,4.4e-05,0.0
real_000576.txt,13,14,1,0.000286,True,4.6e-05,0.0
real_000577.txt,28,174,17,0.077981,True,0.000328,0.0
real_000578.txt,22,28,1,0.001068,True,6.6e-05,0.0
real_000579.txt,18,39,4,0.003862,True,8e-05,0.0
real_000580.txt,10,17,4,0.001344,True,4.2e-05,0.0
real_000581.txt,29,56,7,0.013883,True,0.00011,0.0
real_000582.txt,18,33,3,0.002394,True,6.8e-05,0.0
real_000583.txt,22,62,9,0.009832,True,0.000104,0.0
real_000584.txt,13,24,2,0.001615,True,5.1e-05,0.0
real_000585.txt,32,89,11,0.032393,True,0.000165,0.0
real_000586.txt,27,46,9,0.013505,True,9.3e-05,0.0
real_000587.txt,16,32,2,0.001993,True,6.7e-05,0.0
real_000588.txt,34,87,12,0.039752,True,0.000149,0.0
real_000589.txt,25,55,4,0.006147,True,9.7e-05,0.0
real_000590.txt,10,16,3,0.001067,True,3.9e-05,0.0
real_000591.txt,25,46,10,0.013837,True,8.3e-05,0.0
real_000592.txt,33,113,17,0.048497,True,0.000189,0.0
real_000593.txt,12,20,4,0.00163,True,5.1e-05,0.0
real_000594.txt,22,66,11,0.011874,True,0.000111,0.0
real_000595.txt,27,41,5,0.003914,True,9.8e-05,0.0
real_000596.txt,27,56,7,0.00727,True,0.000101,0.0
real_000597.txt,30,48,5,0.007879,True,9.4e-05,0.0
real_000598.txt,31,66,11,0.02037,True,0.000177,0.0
real_000599.txt,23,51,8,0.01454,True,8.4e-05,0.0
real_000600.txt,15,40,8,0.005049,True,7.7e-05,0.0
real_000601.txt,11,18,3,0.001129,True,4.6e-05,0.0
real_000602.txt,12,25,4,0.001964,True,5.5e-05,0.0
real_000603.txt,23,51,8,0.014104,True,9.6e-05,0.0
real_000604.txt,13,14,1,0.000315,True,4.3e-05,0.0
real_000605.txt,10,10,1,0.000189,True,3.3e-05,0.0
real_000606.txt,13,14,1,0.000286,True,4.5e-05,0.0
real_000607.txt,32,255,20,0.160949,True,0.000304,0.0
real_000608.txt,12,12,1,0.000182,True,3.8e-05,0.0
real_000609.txt,12,21,5,0.002118,True,4.8e-05,0.0
real_000610.txt,10,16,3,0.001071,True,4.4e-05,0.0
real_000611.txt,30,134,15,0.060807,True,0.000189,0.0
real_000612.txt,16,28,3,0.001837,True,6.3e-05,0.0
real_000613.txt,27,98,10,0.033357,True,0.000171,0.0
real_000614.txt,33,74,9,0.024215,True,0.000149,0.0
real_000615.txt,14,23,2,0.001303,True,6.2e-05,0.0
real_000616.txt,34,118,9,0.040756,True,0.00018,0.0
real_000617.txt,10,11,1,0.000291,True,4.4e-05,0.0
real_000618.txt,25,46,10,0.013264,True,0.000103,0.0
real_000619.txt,10,16,3,0.00107,True,5.1e-05,0.0
real_000620.txt,22,37,7,0.008474,True,6.9e-05,0.0
real_000621.txt,15,20,2,0.000754,True,6.1e-05,0.0
real_000622.txt,28,65,7,0.018075,True,0.000118,0.0
real_000623.txt,14,27,4,0.002463,True,5.5e-05,0.0
real_000624.txt,24,45,6,0.005673,True,9.3e-05,0.0
real_000625.txt,15,60,8,0.008913,True,8.2e-05,0.0
real_000626.txt,13,14,1,0.000283,True,4.9e-05,0.0
real_000627.txt,13,14,1,0.000332,True,6.1e-05,0.0
real_000628.txt,13,14,1,0.000304,True,4.6e-05,0.0
real_000629.txt,22,48,4,0.004644,True,8.9e-05,0.0
real_000630.txt,12,22,3,0.001671,True,4.7e-05,0.0
real_000631.txt,23,61,7,0.015946,True,0.000195,0.0
real_000632.txt,13,14,1,0.000307,True,4.8e-05,0.0
real_000633.txt,17,31,7,0.004344,True,6.2e-05,0.0
real_000634.txt,29,54,8,0.014027,True,0.000104,0.0
real_000635.txt,22,61,6,0.006557,True,9.7e-05,0.0
real_000636.txt,19,33,2,0.001793,True,6.6e-05,0.0
real_000637.txt,16,17,1,0.000287,True,6.4e-05,0.0
real_000638.txt,32,67,9,0.01839,True,0.000115,0.0
real_000639.txt,21,66,9,0.011482,True,9.6e-05,0.0
real_000640.txt,27,74,9,0.021743,True,0.000133,0.0
real_000641.txt,11,26,5,0.001828,True,5.3e-05,0.0
real_000642.txt,23,51,8,0.014092,True,8e-05,0.0
real_000643.txt,18,57,8,0.00801,True,8.8e-05,0.0
real_000644.txt,16,18,2,0.000606,True,4.7e-05,0.0
real_000645.txt,15,22,3,0.001095,True,5.6e-05,0.0
real_000646.txt,13,14,1,0.00028,True,4.2e-05,0.0
real_000647.txt,16,33,3,0.002971,True,0.000206,0.0
real_000648.txt,10,10,1,0.000213,True,3.2e-05,0.0
real_000649.txt,28,52,8,0.013901,True,9.7e-05,0.0
real_000650.txt,20,51,7,0.006545,True,8.3e-05,0.0
real_000651.txt,14,31,4,0.00262,True,6e-05,0.0
real_000652.txt,11,18,2,0.000909,True,4.4e-05,0.0
real_000653.txt,33,80,7,0.024782,True,0.000139,0.0
real_000654.txt,13,14,1,0.000275,True,4.3e-05,0.0
real_000655.txt,13,14,1,0.000276,True,4.4e-05,0.0
real_000656.txt,27,39,4,0.002368,True,9.6e-05,0.0
real_000657.txt,31,67,12,0.027285,True,0.000103,0.0
real_000658.txt,14,19,2,0.0009,True,5.6e-05,0.0
real_000659.txt,17,19,2,0.000536,True,0.000117,0.0
real_000660.txt,32,139,13,0.056507,True,0.000275,0.0
real_000661.txt,14,50,6,0.005348,True,0.000115,0.0
real_000662.txt,13,14,1,0.000371,True,4.9e-05,0.0
real_000663.txt,10,17,4,0.001384,True,4.1e-05,0.0
real_000664.txt,13,18,2,0.000894,True,4.9e-05,0.0
real_000665.txt,29,187,14,0.082827,True,0.000263,0.0
real_000666.txt,21,39,4,0.003223,True,8.2e-05,0.0
real_000667.txt,15,34,6,0.003862,True,7.3e-05,0.0
real_000668.txt,14,63,8,0.008321,True,8.4e-05,0.0
real_000669.txt,33,52,8,0.01029,True,0.000121,0.0
real_000670.txt,26,72,10,0.022371,True,0.000121,0.0
real_000671.txt,31,73,7,0.019364,True,0.000158,0.0
real_000672.txt,17,19,2,0.000468,True,5.3e-05,0.0
real_000673.txt,22,45,4,0.006006,True,8.6e-05,0.0
real_000674.txt,13,14,1,0.000278,True,4.3e-05,0.0
real_000675.txt,23,92,9,0.02892,True,0.000121,0.0
real_000676.txt,23,38,7,0.007565,True,7.6e-05,0.0
real_000677.txt,35,107,13,0.041789,True,0.000254,0.0
real_000678.txt,10,16,4,0.001611,True,0.0001,0.0
real_000679.txt,34,134,14,0.060324,True,0.000278,0.0
real_000680.txt,10,17,4,0.001443,True,4.5e-05,0.0
real_000681.txt,19,34,3,0.003036,True,7.8e-05,0.0
real_000682.txt,17,19,2,0.000747,True,5.3e-05,0.0
real_000683.txt,16,23,3,0.001265,True,6.5e-05,0.0
real_000684.txt,12,18,1,0.000803,True,4.7e-05,0.0
real_000685.txt,26,57,10,0.020905,True,9.1e-05,0.0
real_000686.txt,10,15,2,0.000741,True,4.6e-05,0.0
real_000687.txt,10,17,4,0.001409,True,4.3e-05,0.0
real_000688.txt,17,19,2,0.000963,True,0.0001,0.0
real_000689.txt,13,14,1,0.000363,True,4.9e-05,0.0
real_000690.txt,20,42,4,0.003885,True,9.1e-05,0.0
real_000691.txt,22,129,15,0.028717,True,0.000171,0.0
real_000692.txt,25,112,9,0.036847,True,0.000166,0.0
real_000693.txt,12,23,3,0.001651,True,6e-05,0.0
real_000694.txt,10,36,5,0.003275,True,5.9e-05,0.0
real_000695.txt,14,16,2,0.000474,True,4.5e-05,0.0
real_000696.txt,23,51,8,0.014903,True,8.3e-05,0.0
real_000697.txt,11,29,4,0.00257,True,0.000106,0.0
real_000698.txt,29,84,11,0.042943,True,0.000385,0.0
real_000699.txt,28,72,10,0.024076,True,0.000218,0.0
real_000700.txt,20,63,9,0.008105,True,0.000136,0.0
real_000701.txt,20,166,16,0.035621,True,0.00023,0.0
real_000702.txt,27,46,9,0.013409,True,8.4e-05,0.0
real_000703.txt,23,115,12,0.040488,True,0.000168,0.0
real_000704.txt,10,10,1,0.000253,True,7.9e-05,0.0
real_000705.txt,13,14,1,0.000285,True,4.8e-05,0.0
real_000706.txt,24,77,7,0.018617,True,0.000217,0.0
real_000707.txt,33,76,7,0.023213,True,0.00013,0.0
real_000708.txt,32,48,3,0.002693,True,9.6e-05,0.0
real_000709.txt,13,14,1,0.000295,True,5.7e-05,0.0
real_000710.txt,10,17,4,0.001454,True,4.3e-05,0.0
real_000711.txt,24,136,15,0.050656,True,0.000193,0.0
real_000712.txt,13,14,1,0.000312,True,6.2e-05,0.0
real_000713.txt,26,43,8,0.011425,True,7.9e-05,0.0
real_000714.txt,18,35,6,0.003841,True,7e-05,0.0
real_000715.txt,13,31,3,0.002373,True,6.2e-05,0.0
real_000716.txt,16,34,6,0.004105,True,5.8e-05,0.0
real_000717.txt,31,85,10,0.026562,True,0.00014,0.0
real_000718.txt,22,48,8,0.011235,True,7.5e-05,0.0
real_000719.txt,25,46,10,0.013222,True,7.7e-05,0.0
real_000720.txt,29,54,7,0.01532,True,0.000102,0.0
real_000721.txt,17,19,2,0.000545,True,5.4e-05,0.0
real_000722.txt,17,19,2,0.000454,True,5.2e-05,0.0
real_000723.txt,10,17,4,0.001288,True,3.4e-05,0.0
real_000724.txt,25,46,10,0.013275,True,8.8e-05,0.0
real_000725.txt,11,21,4,0.001665,True,4.6e-05,0.0
real_000726.txt,17,28,6,0.003556,True,6.8e-05,0.0
real_000727.txt,13,14,1,0.00033,True,4.2e-05,0.0
real_000728.txt,24,43,9,0.011525,True,7.4e-05,0.0
real_000729.txt,27,46,9,0.013703,True,9.6e-05,0.0
real_000730.txt,10,15,4,0.001267,True,3.2e-05,0.0
real_000731.txt,14,31,4,0.002987,True,5.1e-05,0.0
real_000732.txt,12,22,4,0.001899,True,4.1e-05,0.0
real_000733.txt,23,38,7,0.007703,True,8.9e-05,0.0
real_000734.txt,14,24,4,0.002111,True,9.8e-05,0.0
real_000735.txt,17,37,6,0.004371,True,7.1e-05,0.0
real_000736.txt,32,153,15,0.075593,True,0.000222,0.0
real_000737.txt,29,86,7,0.025068,True,0.000145,0.0
real_000738.txt,13,14,1,0.000298,True,4.9e-05,0.0
real_000739.txt,19,38,2,0.002924,True,7.9e-05,0.0
real_000740.txt,10,14,2,0.000829,True,4.5e-05,0.0
real_000741.txt,21,37,8,0.006101,True,6.7e-05,0.0
real_000742.txt,12,42,6,0.004048,True,7.5e-05,0.0
real_000743.txt,35,77,14,0.034969,True,0.000139,0.0
real_000744.txt,22,48,8,0.011609,True,8.8e-05,0.0
real_000745.txt,12,31,4,0.002851,True,6e-05,0.0
real_000746.txt,18,26,4,0.001327,True,5.6e-05,0.0
real_000747.txt,19,89,11,0.016688,True,0.000134,0.0
real_000748.txt,31,66,7,0.01803,True,0.000116,0.0
real_000749.txt,13,14,1,0.000285,True,4.6e-05,0.0
real_000750.txt,17,19,2,0.00051,True,5.4e-05,0.0
real_000751.txt,28,90,10,0.029794,True,0.000197,0.0
real_000752.txt,34,62,8,0.015574,True,0.000141,0.0
real_000753.txt,10,17,2,0.001,True,4.9e-05,0.0
real_000754.txt,27,50,8,0.012694,True,9.9e-05,0.0
real_000755.txt,35,67,11,0.026057,True,0.000127,0.0
real_000756.txt,19,40,7,0.005621,True,6.7e-05,0.0
real_000757.txt,11,29,6,0.002764,True,5e-05,0.0
real_000758.txt,26,60,12,0.019758,True,0.000114,0.0
real_000759.txt,10,17,4,0.00134,True,3.9e-05,0.0
real_000760.txt,18,30,3,0.001718,True,6.5e-05,0.0
real_000761.txt,28,87,11,0.037693,True,0.000142,0.0
real_000762.txt,10,17,3,0.000953,True,4.7e-05,0.0
real_000763.txt,15,20,2,0.000921,True,5.5e-05,0.0
real_000764.txt,33,66,6,0.015763,True,0.000116,0.0
real_000765.txt,26,82,12,0.015146,True,0.000145,0.0
real_000766.txt,33,206,14,0.096616,True,0.000292,0.0
real_000767.txt,23,51,8,0.013611,True,8.5e-05,0.0
real_000768.txt,25,46,5,0.009996,True,8.7e-05,0.0
real_000769.txt,22,40,8,0.009008,True,6.8e-05,0.0
real_000770.txt,24,39,7,0.007579,True,8e-05,0.0
real_000771.txt,17,68,8,0.009993,True,8.9e-05,0.0
real_000772.txt,24,73,7,0.011813,True,0.000119,0.0
real_000773.txt,31,64,12,0.025445,True,9.2e-05,0.0
real_000774.txt,21,55,7,0.007049,True,9.2e-05,0.0
real_000775.txt,18,36,6,0.004696,True,6.3e-05,0.0
real_000776.txt,17,19,2,0.00046,True,5.2e-05,0.0
real_000777.txt,13,14,1,0.000268,True,4.4e-05,0.0
real_000778.txt,11,11,1,0.000251,True,3.6e-05,0.0
real_000779.txt,31,102,15,0.046026,True,0.000231,0.0
real_000780.txt,12,21,3,0.001441,True,7.3e-05,0.0
real_000781.txt,32,58,5,0.013323,True,0.000161,0.0
real_000782.txt,13,14,1,0.000293,True,4.6e-05,0.0
real_000783.txt,23,118,12,0.03881,True,0.00016,0.0
real_000784.txt,22,25,1,0.000514,True,5.6e-05,0.0
real_000785.txt,15,20,2,0.00077,True,5.9e-05,0.0
real_000786.txt,16,22,2,0.001062,True,5.7e-05,0.0
real_000787.txt,15,20,2,0.000763,True,5.4e-05,0.0
real_000788.txt,20,74,9,0.010792,True,0.000126,0.0
real_000789.txt,17,19,2,0.000495,True,5.6e-05,0.0
real_000790.txt,15,51,8,0.006931,True,0.0001,0.0
real_000791.txt,13,14,1,0.000281,True,4.6e-05,0.0
real_000792.txt,35,58,5,0.009851,True,0.00012,0.0
real_000793.txt,16,34,6,0.003888,True,9.5e-05,0.0
real_000794.txt,34,111,16,0.050992,True,0.000203,0.0
real_000795.txt,18,78,9,0.012484,True,0.00011,0.0
real_000796.txt,25,74,6,0.016491,True,0.000138,0.0
real_000797.txt,13,14,1,0.000296,True,4.3e-05,0.0
real_000798.txt,26,142,15,0.051547,True,0.000208,0.0
real_000799.txt,15,30,2,0.001916,True,5.2e-05,0.0
real_000800.txt,20,32,6,0.003857,True,6.8e-05,0.0
real_000801.txt,17,19,2,0.000496,True,5.3e-05,0.0
real_000802.txt,11,17,1,0.000887,True,4.1e-05,0.0
real_000803.txt,13,14,1,0.000266,True,4.2e-05,0.0
real_000804.txt,22,38,3,0.003753,True,7.4e-05,0.0
real_000805.txt,25,57,7,0.008812,True,0.00015,0.0
real_000806.txt,10,17,4,0.001436,True,3.8e-05,0.0
real_000807.txt,31,55,9,0.015272,True,9.8e-05,0.0
real_000808.txt,20,33,6,0.004508,True,6.1e-05,0.0
real_000809.txt,13,25,4,0.00163,True,5.2e-05,0.0
real_000810.txt,10,16,3,0.001182,True,0.000149,0.0
real_000811.txt,10,17,4,0.001361,True,3.7e-05,0.0
real_000812.txt,33,53,5,0.009378,True,0.000102,0.0
real_000813.txt,17,39,4,0.003169,True,8.2e-05,0.0
real_000814.txt,17,19,2,0.00054,True,5.3e-05,0.0
real_000815.txt,11,12,1,0.000374,True,3.9e-05,0.0
real_000816.txt,32,48,4,0.007219,True,8.7e-05,0.0
real_000817.txt,13,14,1,0.0004,True,4.4e-05,0.0
real_000818.txt,15,26,4,0.002077,True,7.6e-05,0.0
real_000819.txt,13,14,1,0.000297,True,6.5e-05,0.0
real_000820.txt,17,34,5,0.003631,True,9.8e-05,0.0
real_000821.txt,15,20,2,0.000803,True,5.3e-05,0.0
real_000822.txt,23,51,8,0.01389,True,8.4e-05,0.0
real_000823.txt,13,14,1,0.000275,True,4.2e-05,0.0
real_000824.txt,17,19,2,0.000493,True,6.5e-05,0.0
real_000825.txt,13,14,1,0.000266,True,4.2e-05,0.0
real_000826.txt,13,24,4,0.002042,True,0.00013,0.0
real_000827.txt,13,23,5,0.002265,True,5.1e-05,0.0
real_000828.txt,27,55,11,0.018772,True,0.000119,0.0
real_000829.txt,29,88,9,0.026226,True,0.000149,0.0
real_000830.txt,20,43,5,0.004746,True,0.000101,0.0
real_000831.txt,17,96,10,0.016386,True,0.000141,0.0
real_000832.txt,13,14,1,0.00029,True,4.8e-05,0.0
real_000833.txt,27,46,9,0.013636,True,8.7e-05,0.0
real_000834.txt,25,55,9,0.0164,True,0.000163,0.0
real_000835.txt,15,28,5,0.002966,True,6.6e-05,0.0
real_000836.txt,27,46,9,0.01348,True,0.000104,0.0
real_000837.txt,15,20,2,0.000718,True,5.8e-05,0.0
real_000838.txt,23,51,8,0.014609,True,8.9e-05,0.0
real_000839.txt,13,14,1,0.000406,True,5e-05,0.0
real_000840.txt,29,50,8,0.014174,True,0.000107,0.0
real_000841.txt,32,89,11,0.032812,True,0.00015,0.0
real_000842.txt,17,19,2,0.000481,True,5.9e-05,0.0
real_000843.txt,17,19,2,0.0005,True,5.8e-05,0.0
real_000844.txt,12,17,1,0.00095,True,5.1e-05,0.0
real_000845.txt,28,121,14,0.047814,True,0.000195,0.0
real_000846.txt,12,37,6,0.003651,True,6.4e-05,0.0
real_000847.txt,14,19,2,0.001085,True,0.000103,0.0
real_000848.txt,27,134,18,0.065077,True,0.000166,0.0
real_000849.txt,17,19,2,0.000467,True,5.1e-05,0.0
real_000850.txt,15,20,2,0.000777,True,0.000117,0.0
real_000851.txt,15,20,2,0.000773,True,5.6e-05,0.0
real_000852.txt,24,43,7,0.005319,True,8.6e-05,0.0
real_000853.txt,12,24,4,0.00139,True,5.7e-05,0.0
real_000854.txt,19,38,3,0.002332,True,7.3e-05,0.0
real_000855.txt,13,14,1,0.000275,True,4.4e-05,0.0
real_000856.txt,13,14,1,0.000278,True,4.3e-05,0.0
real_000857.txt,17,27,5,0.00318,True,0.000142,0.0
real_000858.txt,27,56,11,0.020533,True,9.1e-05,0.0
real_000859.txt,12,23,3,0.001742,True,4.6e-05,0.0
real_000860.txt,34,160,13,0.081501,True,0.00021,0.0
real_000861.txt,20,36,6,0.0042,True,7.5e-05,0.0
real_000862.txt,15,74,9,0.009235,True,0.000123,0.0
real_000863.txt,23,40,6,0.003874,True,7e-05,0.0
real_000864.txt,13,14,1,0.000362,True,4.2e-05,0.0
real_000865.txt,23,52,8,0.00636,True,8.9e-05,0.0
real_000866.txt,15,20,2,0.000736,True,5.5e-05,0.0
real_000867.txt,16,25,5,0.002891,True,5.1e-05,0.0
real_000868.txt,28,192,15,0.086081,True,0.000253,0.0
real_000869.txt,34,63,10,0.022953,True,0.000101,0.0
real_000870.txt,19,31,3,0.0022,True,7.4e-05,0.0
real_000871.txt,10,17,4,0.001483,True,4.1e-05,0.0
real_000872.txt,25,57,6,0.013184,True,0.000117,0.0
real_000873.txt,19,31,6,0.003905,True,6.6e-05,0.0
real_000874.txt,30,111,16,0.054262,True,0.000154,0.0
real_000875.txt,13,14,1,0.000287,True,4.7e-05,0.0
real_000876.txt,34,73,13,0.034534,True,0.000128,0.0
real_000877.txt,31,95,8,0.030543,True,0.000163,0.0
real_000878.txt,24,57,6,0.007143,True,0.0001,0.0
real_000879.txt,19,31,5,0.003258,True,7.1e-05,0.0
real_000880.txt,10,19,3,0.001197,True,5e-05,0.0
real_000881.txt,26,59,6,0.013699,True,0.000105,0.0
real_000882.txt,11,19,4,0.001605,True,4.4e-05,0.0
real_000883.txt,32,58,8,0.014495,True,0.000108,0.0
real_000884.txt,29,48,5,0.003651,True,9.1e-05,0.0
real_000885.txt,31,67,12,0.027134,True,0.000109,0.0
real_000886.txt,27,46,9,0.013159,True,7.8e-05,0.0
real_000887.txt,10,17,4,0.001482,True,4e-05,0.0
real_000888.txt,17,19,2,0.000501,True,6.2e-05,0.0
real_000889.txt,13,24,4,0.001877,True,5.3e-05,0.0
real_000890.txt,10,10,1,0.000269,True,3.3e-05,0.0
real_000891.txt,18,70,7,0.009247,True,9.8e-05,0.0
real_000892.txt,13,14,1,0.000363,True,4.4e-05,0.0
real_000893.txt,14,20,2,0.001191,True,6.2e-05,0.0
real_000894.txt,13,14,1,0.000284,True,4.6e-05,0.0
real_000895.txt,17,19,2,0.000504,True,5.7e-05,0.0
real_000896.txt,34,227,14,0.136134,True,0.000292,0.0
real_000897.txt,28,74,8,0.019015,True,0.000129,0.0
real_000898.txt,34,74,14,0.032667,True,0.00011,0.0
real_000899.txt,33,61,10,0.021341,True,0.000113,0.0
real_000900.txt,13,14,1,0.000283,True,5.7e-05,0.0
real_000901.txt,10,17,4,0.001372,True,3.8e-05,0.0
real_000902.txt,25,46,10,0.013476,True,7.5e-05,0.0
real_000903.txt,15,20,2,0.000716,True,5.3e-05,0.0
real_000904.txt,12,23,4,0.001946,True,4.7e-05,0.0
real_000905.txt,10,11,1,0.000394,True,3.4e-05,0.0
real_000906.txt,15,20,1,0.000865,True,5.3e-05,0.0
real_000907.txt,33,345,19,0.215245,True,0.000608,0.0
real_000908.txt,21,37,6,0.004956,True,8.3e-05,0.0
real_000909.txt,11,13,1,0.000428,True,5.8e-05,0.0
real_000910.txt,22,40,8,0.009583,True,0.000134,0.0
real_000911.txt,10,17,4,0.001434,True,5.5e-05,0.0
real_000912.txt,18,31,5,0.002749,True,0.000114,0.0
real_000913.txt,27,86,10,0.026707,True,0.000214,0.0
real_000914.txt,11,22,3,0.001453,True,7.9e-05,0.0
real_000915.txt,31,87,11,0.029132,True,0.000282,0.0
real_000916.txt,26,57,7,0.016037,True,0.000178,0.0
real_000917.txt,15,20,2,0.00082,True,7.9e-05,0.0
real_000918.txt,10,17,4,0.001437,True,5.2e-05,0.0
real_000919.txt,11,24,4,0.002077,True,6.9e-05,0.0
real_000920.txt,33,76,7,0.021143,True,0.00019,0.0
real_000921.txt,13,36,6,0.004047,True,0.000101,0.0
real_000922.txt,12,16,2,0.001192,True,5.5e-05,0.0
real_000923.txt,19,55,8,0.007802,True,0.000174,0.0
real_000924.txt,30,108,10,0.038126,True,0.000245,0.0
real_000925.txt,32,268,21,0.149287,True,0.000385,0.0
real_000926.txt,22,30,1,0.001531,True,0.000113,0.0
real_000927.txt,32,49,6,0.009434,True,0.000157,0.0
real_000928.txt,29,63,5,0.012138,True,0.00016,0.0
real_000929.txt,24,58,5,0.010972,True,0.000161,0.0
real_000930.txt,15,27,5,0.002874,True,8e-05,0.0
real_000931.txt,23,38,6,0.003957,True,0.000117,0.0
real_000932.txt,13,14,1,0.000346,True,5.7e-05,0.0
real_000933.txt,24,55,6,0.011669,True,0.000153,0.0
real_000934.txt,13,14,1,0.000373,True,6e-05,0.0
real_000935.txt,19,32,3,0.001932,True,9.9e-05,0.0
real_000936.txt,29,80,7,0.024151,True,0.000184,0.0
real_000937.txt,19,75,9,0.014006,True,0.000182,0.0
real_000938.txt,33,77,9,0.025352,True,0.00022,0.0
real_000939.txt,12,13,1,0.000367,True,5.7e-05,0.0
real_000940.txt,21,34,7,0.005074,True,9.2e-05,0.0
real_000941.txt,14,30,5,0.002292,True,9.2e-05,0.0
real_000942.txt,26,47,5,0.007687,True,0.000145,0.0
real_000943.txt,23,141,12,0.057587,True,0.000253,0.0
real_000944.txt,35,174,16,0.093035,True,0.000317,0.0
real_000945.txt,13,21,4,0.001946,True,9.8e-05,0.0
real_000946.txt,15,20,2,0.000787,True,7.6e-05,0.0
real_000947.txt,28,75,6,0.018507,True,0.000178,0.0
real_000948.txt,15,46,6,0.004539,True,0.000176,0.0
real_000949.txt,19,41,8,0.007165,True,0.000134,0.0
real_000950.txt,21,37,4,0.003754,True,0.000146,0.0
real_000951.txt,29,59,11,0.020975,True,0.000153,0.0
real_000952.txt,20,36,4,0.002908,True,0.000121,0.0
real_000953.txt,30,61,10,0.021226,True,0.00017,0.0
real_000954.txt,13,45,6,0.005061,True,0.000148,0.0
real_000955.txt,35,275,26,0.18391,True,0.000425,0.0
real_000956.txt,15,20,2,0.000853,True,7.7e-05,0.0
real_000957.txt,15,20,2,0.000824,True,7.7e-05,0.0
real_000958.txt,17,39,5,0.004848,True,0.000121,0.0
real_000959.txt,31,66,9,0.019913,True,0.000181,0.0
real_000960.txt,11,46,8,0.003766,True,0.000119,0.0
real_000961.txt,33,72,6,0.0163,True,0.000173,0.0
real_000962.txt,29,74,11,0.020761,True,0.000197,0.0
real_000963.txt,27,67,7,0.017887,True,0.000172,0.0
real_000964.txt,20,65,9,0.009612,True,0.00016,0.0
real_000965.txt,16,26,3,0.001682,True,8.2e-05,0.0
real_000966.txt,13,14,1,0.000382,True,5.7e-05,0.0
real_000967.txt,13,14,1,0.000348,True,5.7e-05,0.0
real_000968.txt,27,46,9,0.013745,True,0.000124,0.0
real_000969.txt,25,46,10,0.014188,True,0.000123,0.0
real_000970.txt,22,34,3,0.002424,True,0.000115,0.0
real_000971.txt,29,80,10,0.024217,True,0.000213,0.0
real_000972.txt,10,17,3,0.001208,True,6.1e-05,0.0
real_000973.txt,19,49,8,0.007628,True,0.000138,0.0
real_000974.txt,10,17,4,0.001435,True,5e-05,0.0
real_000975.txt,10,15,3,0.001279,True,5.5e-05,0.0
real_000976.txt,15,76,8,0.009995,True,0.000163,0.0
real_000977.txt,13,14,1,0.000371,True,6.2e-05,0.0
real_000978.txt,27,59,10,0.020073,True,0.000153,0.0
real_000979.txt,16,23,3,0.001048,True,7e-05,0.0
real_000980.txt,10,17,4,0.001426,True,5.5e-05,0.0
real_000981.txt,13,14,1,0.000344,True,6.9e-05,0.0
real_000982.txt,25,51,5,0.004013,True,0.000151,0.0
real_000983.txt,27,141,15,0.066709,True,0.000274,0.0
real_000984.txt,30,96,8,0.027687,True,0.000231,0.0
real_000985.txt,23,51,8,0.013967,True,0.000144,0.0
real_000986.txt,12,32,6,0.002051,True,0.000122,0.0
real_000987.txt,23,41,8,0.009405,True,0.00013,0.0
real_000988.txt,21,47,8,0.007109,True,0.000129,0.0
real_000989.txt,13,14,1,0.000361,True,6.1e-05,0.0
real_000990.txt,19,29,6,0.00392,True,8.3e-05,0.0
real_000991.txt,17,19,2,0.000566,True,7.3e-05,0.0
real_000992.txt,23,51,8,0.014466,True,0.000149,0.0
real_000993.txt,24,60,6,0.007713,True,0.000163,0.0
real_000994.txt,31,75,9,0.021881,True,0.000197,0.0
real_000995.txt,34,96,6,0.025706,True,0.000222,0.0
real_000996.txt,15,105,13,0.012536,True,0.000192,0.0
real_000997.txt,13,14,1,0.000342,True,6.2e-05,0.0
real_000998.txt,10,17,4,0.001406,True,5.3e-05,0.0
real_000999.txt,11,24,4,0.002319,True,7.2e-05,0.0
real_001000.txt,25,46,10,0.01347,True,0.000129,0.0
real_001001.txt,18,71,7,0.009252,True,0.000158,0.0
real_001002.txt,14,25,5,0.002821,True,7e-05,0.0
real_001003.txt,15,20,2,0.000871,True,7.7e-05,0.0
real_001004.txt,24,57,6,0.014013,True,0.000154,0.0
real_001005.txt,12,21,3,0.001428,True,7.7e-05,0.0
real_001006.txt,32,89,11,0.031857,True,0.000212,0.0
real_001007.txt,27,59,10,0.020263,True,0.000147,0.0
real_001008.txt,18,29,5,0.003331,True,8e-05,0.0
real_001009.txt,24,46,8,0.011419,True,0.000149,0.0
real_001010.txt,13,14,1,0.000367,True,7.7e-05,0.0
real_001011.txt,20,64,5,0.006379,True,0.00017,0.0
real_001012.txt,13,14,1,0.00034,True,5.9e-05,0.0
real_001013.txt,32,159,14,0.070961,True,0.000296,0.0
real_001014.txt,23,103,11,0.036027,True,0.000192,0.0
real_001015.txt,11,14,2,0.0008,True,5.8e-05,0.0
real_001016.txt,27,118,14,0.050311,True,0.000222,0.0
real_001017.txt,26,57,10,0.020991,True,0.000156,0.0
real_001018.txt,10,17,4,0.001521,True,5.6e-05,0.0
real_001019.txt,15,20,2,0.000862,True,8.7e-05,0.0
real_001020.txt,24,73,11,0.022039,True,0.000179,0.0
real_001021.txt,15,20,2,0.000869,True,8.2e-05,0.0
real_001022.txt,18,30,6,0.003877,True,8.3e-05,0.0
real_001023.txt,13,18,2,0.00093,True,7.1e-05,0.0
real_001024.txt,25,56,5,0.006269,True,0.000151,0.0
real_001025.txt,23,51,8,0.014117,True,0.000132,0.0
real_001026.txt,10,20,4,0.001747,True,9.5e-05,0.0
real_001027.txt,34,185,19,0.089791,True,0.000335,0.0
real_001028.txt,13,14,1,0.000402,True,6.5e-05,0.0
real_001029.txt,26,51,6,0.010055,True,0.000165,0.0
real_001030.txt,32,89,11,0.031814,True,0.000216,0.0
real_001031.txt,25,46,10,0.014251,True,0.000127,0.0
real_001032.txt,30,65,12,0.027091,True,0.000179,0.0
real_001033.txt,16,41,5,0.004431,True,0.000102,0.0
real_001034.txt,24,36,4,0.002777,True,0.000122,0.0
real_001035.txt,32,89,11,0.032129,True,0.000211,0.0
real_001036.txt,13,14,1,0.00037,True,6e-05,0.0
real_001037.txt,17,28,6,0.003482,True,8e-05,0.0
real_001038.txt,13,14,1,0.000337,True,6.5e-05,0.0
real_001039.txt,17,58,7,0.007048,True,0.000144,0.0
real_001040.txt,24,39,7,0.00803,True,0.000124,0.0
real_001041.txt,29,68,7,0.017166,True,0.000131,0.0
real_001042.txt,23,50,7,0.006897,True,0.000173,0.0
real_001043.txt,34,78,7,0.019723,True,0.000129,0.0
real_001044.txt,20,131,11,0.028598,True,0.000205,0.0
real_001045.txt,15,20,2,0.000746,True,5.1e-05,0.0
real_001046.txt,18,45,5,0.00484,True,8.1e-05,0.0
real_001047.txt,29,68,6,0.016336,True,0.00012,0.0
real_001048.txt,31,58,6,0.012549,True,0.000111,0.0
real_001049.txt,32,292,24,0.163049,True,0.000346,0.0
real_001050.txt,23,51,8,0.014885,True,0.0001,0.0
real_001051.txt,29,56,5,0.0059,True,0.000108,0.0
real_001052.txt,15,37,5,0.003508,True,7.1e-05,0.0
real_001053.txt,13,14,1,0.000309,True,4.8e-05,0.0
real_001054.txt,33,80,10,0.027497,True,0.000143,0.0
real_001055.txt,31,75,9,0.021076,True,0.000132,0.0
real_001056.txt,16,25,5,0.002708,True,6.8e-05,0.0
real_001057.txt,23,63,9,0.017774,True,0.000108,0.0
real_001058.txt,26,48,8,0.011027,True,0.00012,0.0
real_001059.txt,14,24,5,0.002537,True,4.6e-05,0.0
real_001060.txt,10,16,3,0.001114,True,3.5e-05,0.0
real_001061.txt,13,14,1,0.000335,True,5.2e-05,0.0
real_001062.txt,10,17,4,0.001466,True,5.8e-05,0.0
real_001063.txt,22,47,8,0.012243,True,0.000143,0.0
real_001064.txt,10,17,4,0.001374,True,4.1e-05,0.0
real_001065.txt,10,12,2,0.000387,True,3.7e-05,0.0
real_001066.txt,14,24,4,0.002056,True,5.8e-05,0.0
real_001067.txt,16,34,6,0.004002,True,6.7e-05,0.0
real_001068.txt,25,46,10,0.013966,True,8.3e-05,0.0
real_001069.txt,12,18,2,0.000812,True,4.8e-05,0.0
real_001070.txt,13,14,1,0.000315,True,5.5e-05,0.0
real_001071.txt,13,14,1,0.000387,True,0.000152,0.0
real_001072.txt,32,59,9,0.017627,True,0.000221,0.0
real_001073.txt,31,81,8,0.022383,True,0.000147,0.0
real_001074.txt,23,41,9,0.01104,True,8.2e-05,0.0
real_001075.txt,26,47,7,0.012726,True,0.000181,0.0
real_001076.txt,21,35,6,0.005201,True,6.4e-05,0.0
real_001077.txt,10,17,4,0.001283,True,3.7e-05,0.0
real_001078.txt,15,20,2,0.000686,True,5e-05,0.0
real_001079.txt,22,44,5,0.004486,True,7.9e-05,0.0
real_001080.txt,20,43,6,0.004861,True,7.8e-05,0.0
real_001081.txt,26,84,12,0.033628,True,0.000203,0.0
real_001082.txt,13,29,2,0.001919,True,7.7e-05,0.0
real_001083.txt,22,34,3,0.003235,True,0.000124,0.0
real_001084.txt,12,29,3,0.003818,True,0.000117,0.0
real_001085.txt,22,35,6,0.004091,True,0.000128,0.0
real_001086.txt,15,20,2,0.001466,True,0.000106,0.0
real_001087.txt,25,49,6,0.005487,True,0.000147,0.0
real_001088.txt,12,15,3,0.000921,True,9.4e-05,0.0
real_001089.txt,21,32,2,0.002191,True,0.000115,0.0
real_001090.txt,12,23,5,0.002528,True,0.0001,0.0
real_001091.txt,10,11,1,0.00039,True,5.6e-05,0.0
real_001092.txt,11,16,2,0.000722,True,6.5e-05,0.0
real_001093.txt,34,88,9,0.029626,True,0.000236,0.0
real_001094.txt,13,32,5,0.002976,True,0.000135,0.0
real_001095.txt,27,46,9,0.013817,True,0.000123,0.0
real_001096.txt,28,167,14,0.067964,True,0.000298,0.0
real_001097.txt,29,223,16,0.110004,True,0.000366,0.0
real_001098.txt,10,25,5,0.002336,True,7.2e-05,0.0
real_001099.txt,13,14,1,0.000379,True,6.1e-05,0.0
real_001100.txt,21,34,3,0.002892,True,0.000134,0.0
real_001101.txt,23,51,8,0.014317,True,0.000129,0.0
real_001102.txt,22,84,6,0.020347,True,0.000231,0.0
real_001103.txt,16,25,5,0.002967,True,8.4e-05,0.0
real_001104.txt,13,14,1,0.000331,True,5.6e-05,0.0
real_001105.txt,33,184,12,0.084607,True,0.000312,0.0
real_001106.txt,34,144,12,0.061126,True,0.000264,0.0
real_001107.txt,34,71,7,0.020797,True,0.000178,0.0
real_001108.txt,14,24,6,0.003068,True,7e-05,0.0
real_001109.txt,21,37,6,0.004203,True,0.000124,0.0
real_001110.txt,27,46,9,0.013784,True,0.000125,0.0
real_001111.txt,34,62,11,0.020679,True,0.000156,0.0
real_001112.txt,17,19,2,0.000537,True,7.5e-05,0.0
real_001113.txt,20,44,8,0.007263,True,0.00012,0.0
real_001114.txt,27,71,9,0.020756,True,0.000164,0.0
real_001115.txt,25,52,11,0.017116,True,0.00013,0.0
real_001116.txt,34,78,7,0.019805,True,0.000185,0.0
real_001117.txt,24,54,9,0.016689,True,0.000136,0.0
real_001118.txt,12,27,4,0.002214,True,8.7e-05,0.0
real_001119.txt,15,46,5,0.004676,True,0.000138,0.0
real_001120.txt,10,17,4,0.001414,True,5.2e-05,0.0
real_001121.txt,10,17,4,0.001453,True,7.9e-05,0.0
real_001122.txt,15,16,1,0.000409,True,6.3e-05,0.0
real_001123.txt,10,31,6,0.002834,True,8.2e-05,0.0
real_001124.txt,32,74,7,0.020125,True,0.00022,0.0
real_001125.txt,27,67,6,0.015735,True,0.000167,0.0
real_001126.txt,33,145,12,0.060314,True,0.00031,0.0
real_001127.txt,22,28,4,0.001333,True,8.9e-05,0.0
real_001128.txt,25,103,9,0.031645,True,0.000203,0.0
real_001129.txt,29,121,13,0.054348,True,0.000244,0.0
real_001130.txt,28,57,6,0.013288,True,0.000191,0.0
real_001131.txt,27,46,9,0.012623,True,0.000126,0.0
real_001132.txt,16,28,2,0.001782,True,9.9e-05,0.0
real_001133.txt,26,52,4,0.004974,True,0.000149,0.0
real_001134.txt,35,76,9,0.025467,True,0.000177,0.0
real_001135.txt,15,20,2,0.000814,True,7.5e-05,0.0
real_001136.txt,18,26,3,0.00174,True,0.000122,0.0
real_001137.txt,23,85,12,0.030488,True,0.000173,0.0
real_001138.txt,10,10,1,0.000286,True,4.7e-05,0.0
real_001139.txt,27,46,9,0.013224,True,0.000147,0.0
real_001140.txt,10,17,4,0.001487,True,5.2e-05,0.0
real_001141.txt,12,49,8,0.005781,True,0.000122,0.0
real_001142.txt,22,58,6,0.00783,True,0.000149,0.0
real_001143.txt,13,14,1,0.000375,True,5.8e-05,0.0
real_001144.txt,10,17,4,0.001435,True,5.3e-05,0.0
real_001145.txt,13,14,1,0.000343,True,5.6e-05,0.0
real_001146.txt,20,35,5,0.003436,True,0.000128,0.0
real_001147.txt,15,20,2,0.000742,True,7.3e-05,0.0
real_001148.txt,15,20,2,0.000699,True,8e-05,0.0
real_001149.txt,21,38,8,0.006256,True,0.000119,0.0
real_001150.txt,14,27,3,0.002142,True,9e-05,0.0
real_001151.txt,21,38,4,0.002888,True,0.000174,0.0
real_001152.txt,35,66,6,0.014936,True,0.000167,0.0
real_001153.txt,29,399,25,0.187825,True,0.000482,0.0
real_001154.txt,25,46,10,0.013121,True,0.000138,0.0
real_001155.txt,12,62,8,0.006355,True,0.000129,0.0
real_001156.txt,16,34,6,0.003998,True,0.000123,0.0
real_001157.txt,13,27,3,0.001903,True,8.9e-05,0.0
real_001158.txt,12,13,1,0.000379,True,8.2e-05,0.0
real_001159.txt,11,11,1,0.000262,True,5.1e-05,0.0
real_001160.txt,19,70,7,0.010572,True,0.000165,0.0
real_001161.txt,13,14,1,0.000367,True,6.3e-05,0.0
real_001162.txt,12,16,1,0.000954,True,6.7e-05,0.0
real_001163.txt,26,48,8,0.011403,True,0.000153,0.0
real_001164.txt,19,69,8,0.011457,True,0.000165,0.0
real_001165.txt,27,57,8,0.014565,True,0.000191,0.0
real_001166.txt,18,32,4,0.003906,True,0.000103,0.0
real_001167.txt,11,22,3,0.001746,True,6.9e-05,0.0
real_001168.txt,13,14,1,0.000382,True,8.2e-05,0.0
real_001169.txt,13,14,1,0.000338,True,5.8e-05,0.0
real_001170.txt,25,45,7,0.005903,True,0.000138,0.0
real_001171.txt,21,100,9,0.016913,True,0.000223,0.0
real_001172.txt,27,66,10,0.020433,True,0.000182,0.0
real_001173.txt,35,75,10,0.02258,True,0.000211,0.0
real_001174.txt,22,36,7,0.007407,True,0.000103,0.0
real_001175.txt,23,41,6,0.008526,True,0.000148,0.0
real_001176.txt,22,41,7,0.008768,True,0.000107,0.0
real_001177.txt,14,27,5,0.002678,True,8.1e-05,0.0
real_001178.txt,10,17,4,0.001466,True,4.9e-05,0.0
real_001179.txt,17,75,9,0.009476,True,0.000167,0.0
real_001180.txt,15,20,2,0.000838,True,7.9e-05,0.0
real_001181.txt,20,50,7,0.006948,True,0.000147,0.0
real_001182.txt,10,17,4,0.001404,True,5.4e-05,0.0
real_001183.txt,10,16,4,0.001557,True,5.4e-05,0.0
real_001184.txt,13,14,1,0.000347,True,5.8e-05,0.0
real_001185.txt,13,14,1,0.000392,True,6e-05,0.0
real_001186.txt,13,14,1,0.00035,True,5.7e-05,0.0
real_001187.txt,23,41,8,0.009226,True,0.000157,0.0
real_001188.txt,13,14,1,0.000346,True,5.9e-05,0.0
real_001189.txt,23,47,4,0.005142,True,0.000145,0.0
real_001190.txt,10,10,1,0.000252,True,4.5e-05,0.0
real_001191.txt,11,10,0,5.2e-05,True,4.1e-05,0.0
real_001192.txt,28,172,19,0.084153,True,0.000259,0.0
real_001193.txt,12,23,3,0.001897,True,7.5e-05,0.0
real_001194.txt,26,62,6,0.01303,True,0.000171,0.0
real_001195.txt,13,28,4,0.002175,True,8e-05,0.0
real_001196.txt,22,49,8,0.014297,True,0.000127,0.0
real_001197.txt,13,24,5,0.002426,True,7.5e-05,0.0
real_001198.txt,13,14,1,0.00038,True,5.7e-05,0.0
real_001199.txt,10,21,4,0.00192,True,6.1e-05,0.0
real_001200.txt,27,67,7,0.015264,True,0.000165,0.0
real_001201.txt,27,46,9,0.013028,True,0.000127,0.0
real_001202.txt,34,78,7,0.020715,True,0.000214,0.0
real_001203.txt,18,38,6,0.004947,True,0.000158,0.0
real_001204.txt,26,85,12,0.031738,True,0.000173,0.0
real_001205.txt,19,34,7,0.004336,True,9.5e-05,0.0
real_001206.txt,21,39,4,0.003904,True,0.000122,0.0
real_001207.txt,16,33,6,0.004002,True,9.8e-05,0.0
real_001208.txt,26,93,10,0.030886,True,0.000205,0.0
real_001209.txt,32,220,17,0.115977,True,0.000376,0.0
real_001210.txt,26,67,7,0.01552,True,0.000177,0.0
real_001211.txt,11,11,1,0.000305,True,6.1e-05,0.0
real_001212.txt,17,19,2,0.000598,True,7.7e-05,0.0
real_001213.txt,17,83,8,0.012554,True,0.000168,0.0
real_001214.txt,13,14,1,0.000377,True,6.5e-05,0.0
real_001215.txt,27,65,6,0.013918,True,0.000186,0.0
real_001216.txt,22,65,8,0.018652,True,0.000148,0.0
real_001217.txt,20,48,4,0.004994,True,0.000148,0.0
real_001218.txt,12,21,2,0.001305,True,9.4e-05,0.0
real_001219.txt,19,34,7,0.004977,True,0.000107,0.0
real_001220.txt,22,53,5,0.006172,True,0.000144,0.0
real_001221.txt,34,80,10,0.024978,True,0.000207,0.0
real_001222.txt,12,29,5,0.003014,True,0.000118,0.0
real_001223.txt,30,70,10,0.020456,True,0.00021,0.0
real_001224.txt,18,42,3,0.003548,True,0.000113,0.0
real_001225.txt,28,63,9,0.009381,True,0.000193,0.0
real_001226.txt,25,46,10,0.012818,True,0.000125,0.0
real_001227.txt,22,48,8,0.011886,True,0.000149,0.0
real_001228.txt,31,71,6,0.016679,True,0.000165,0.0
real_001229.txt,31,142,15,0.061712,True,0.000267,0.0
real_001230.txt,21,37,8,0.005844,True,0.000101,0.0
real_001231.txt,35,75,10,0.026135,True,0.000175,0.0
real_001232.txt,29,154,13,0.067869,True,0.000316,0.0
real_001233.txt,23,55,5,0.006318,True,0.000159,0.0
real_001234.txt,14,41,5,0.003712,True,0.00012,0.0
real_001235.txt,15,20,2,0.000809,True,8e-05,0.0
real_001236.txt,23,51,8,0.014066,True,0.000132,0.0
real_001237.txt,13,14,1,0.000448,True,6.2e-05,0.0
real_001238.txt,22,37,3,0.002608,True,0.000124,0.0
real_001239.txt,24,140,13,0.055315,True,0.00023,0.0
real_001240.txt,16,32,6,0.003526,True,0.000108,0.0
real_001241.txt,13,15,2,0.000422,True,5.3e-05,0.0
real_001242.txt,34,55,7,0.011779,True,0.000176,0.0
real_001243.txt,23,51,8,0.014371,True,0.00015,0.0
real_001244.txt,30,69,10,0.021905,True,0.000173,0.0
real_001245.txt,16,41,3,0.003308,True,0.00012,0.0
real_001246.txt,15,20,2,0.000903,True,8.3e-05,0.0
real_001247.txt,12,12,1,0.000265,True,5.6e-05,0.0
real_001248.txt,25,64,6,0.014736,True,0.00017,0.0
real_001249.txt,28,56,11,0.019265,True,0.000136,0.0
real_001250.txt,10,17,4,0.001503,True,5.4e-05,0.0
real_001251.txt,34,64,10,0.027507,True,0.000164,0.0
real_001252.txt,32,89,11,0.032247,True,0.000263,0.0
real_001253.txt,13,14,1,0.000401,True,6.4e-05,0.0
real_001254.txt,14,22,4,0.002161,True,7.9e-05,0.0
real_001255.txt,23,51,8,0.014107,True,0.000138,0.0
real_001256.txt,12,19,2,0.000885,True,6.9e-05,0.0
real_001257.txt,10,17,4,0.001452,True,5.4e-05,0.0
real_001258.txt,21,27,2,0.00145,True,0.000146,0.0
real_001259.txt,18,34,4,0.003004,True,0.000111,0.0
real_001260.txt,15,29,2,0.001688,True,6.5e-05,0.0
real_001261.txt,19,38,7,0.005461,True,7.6e-05,0.0
real_001262.txt,28,45,7,0.009053,True,0.000103,0.0
real_001263.txt,13,14,1,0.000284,True,4.5e-05,0.0
real_001264.txt,10,11,1,0.000299,True,3.7e-05,0.0
real_001265.txt,18,26,4,0.001477,True,5.5e-05,0.0
real_001266.txt,23,51,8,0.014268,True,0.000103,0.0
real_001267.txt,15,20,2,0.000782,True,0.000121,0.0
real_001268.txt,23,51,8,0.014657,True,8.1e-05,0.0
real_001269.txt,33,51,2,0.002822,True,9.5e-05,0.0
real_001270.txt,12,19,4,0.001593,True,6.3e-05,0.0
real_001271.txt,18,31,3,0.002257,True,6.7e-05,0.0
real_001272.txt,29,82,10,0.025299,True,0.000146,0.0
real_001273.txt,15,20,2,0.000783,True,5.5e-05,0.0
real_001274.txt,17,19,2,0.000529,True,5.5e-05,0.0
real_001275.txt,16,48,7,0.006102,True,0.000106,0.0
real_001276.txt,27,171,20,0.088995,True,0.000211,0.0
real_001277.txt,17,19,2,0.000492,True,6.6e-05,0.0
real_001278.txt,23,51,8,0.0141,True,8.7e-05,0.0
real_001279.txt,17,19,2,0.000487,True,5.8e-05,0.0
real_001280.txt,13,14,1,0.000291,True,4.4e-05,0.0
real_001281.txt,19,82,7,0.01362,True,0.000132,0.0
real_001282.txt,25,120,11,0.044091,True,0.000169,0.0
real_001283.txt,34,123,14,0.055396,True,0.000203,0.0
real_001284.txt,18,28,2,0.001952,True,7e-05,0.0
real_001285.txt,18,153,16,0.022174,True,0.000191,0.0
real_001286.txt,15,20,2,0.000817,True,5.4e-05,0.0
real_001287.txt,35,135,16,0.063563,True,0.000204,0.0
real_001288.txt,20,32,6,0.003785,True,6.9e-05,0.0
real_001289.txt,21,91,12,0.017126,True,0.000135,0.0
real_001290.txt,13,14,1,0.000247,True,4e-05,0.0
real_001291.txt,27,62,5,0.013074,True,0.000103,0.0
real_001292.txt,23,51,8,0.013744,True,8e-05,0.0
real_001293.txt,26,44,8,0.005714,True,0.000171,0.0
real_001294.txt,10,17,4,0.001357,True,3.7e-05,0.0
real_001295.txt,22,137,11,0.048921,True,0.000181,0.0
real_001296.txt,12,21,3,0.001272,True,5.4e-05,0.0
real_001297.txt,13,14,1,0.000279,True,4.4e-05,0.0
real_001298.txt,18,42,5,0.004076,True,9.5e-05,0.0
real_001299.txt,25,46,10,0.012979,True,8e-05,0.0
real_001300.txt,35,80,10,0.022687,True,0.000158,0.0
real_001301.txt,27,130,16,0.050849,True,0.000187,0.0
real_001302.txt,22,46,6,0.005496,True,8.1e-05,0.0
real_001303.txt,10,17,4,0.001326,True,4e-05,0.0
real_001304.txt,25,46,10,0.013356,True,7.4e-05,0.0
real_001305.txt,23,51,8,0.014417,True,8.3e-05,0.0
real_001306.txt,14,42,5,0.004403,True,0.000104,0.0
real_001307.txt,13,14,1,0.000357,True,5.9e-05,0.0
real_001308.txt,22,73,6,0.010765,True,0.000168,0.0
real_001309.txt,24,39,7,0.007785,True,0.000127,0.0
real_001310.txt,26,45,7,0.006371,True,0.000148,0.0
real_001311.txt,25,53,10,0.01783,True,0.000133,0.0
real_001312.txt,20,27,3,0.001738,True,0.000119,0.0
real_001313.txt,31,128,9,0.041539,True,0.000287,0.0
real_001314.txt,26,104,12,0.037893,True,0.000248,0.0
real_001315.txt,30,355,25,0.179154,True,0.000505,0.0
real_001316.txt,13,14,1,0.00045,True,6.3e-05,0.0
real_001317.txt,19,48,5,0.005718,True,0.000143,0.0
real_001318.txt,15,20,2,0.000881,True,7.9e-05,0.0
real_001319.txt,15,20,2,0.000837,True,8.4e-05,0.0
real_001320.txt,13,14,1,0.000373,True,7.3e-05,0.0
real_001321.txt,15,17,2,0.000681,True,6.5e-05,0.0
real_001322.txt,15,28,6,0.00324,True,8e-05,0.0
real_001323.txt,12,24,4,0.002202,True,7.2e-05,0.0
real_001324.txt,23,47,6,0.004703,True,0.000148,0.0
real_001325.txt,29,54,8,0.014244,True,0.000157,0.0
real_001326.txt,13,14,1,0.000346,True,6.2e-05,0.0
real_001327.txt,20,40,3,0.002507,True,0.000122,0.0
real_001328.txt,13,38,7,0.004507,True,9.6e-05,0.0
real_001329.txt,27,46,9,0.013163,True,0.00013,0.0
real_001330.txt,34,106,8,0.036858,True,0.000286,0.0
real_001331.txt,20,69,10,0.011502,True,0.000155,0.0
real_001332.txt,12,22,3,0.001722,True,7e-05,0.0
real_001333.txt,20,50,6,0.005898,True,0.000135,0.0
real_001334.txt,13,14,1,0.000334,True,5.6e-05,0.0
real_001335.txt,29,79,8,0.020351,True,0.000198,0.0
real_001336.txt,25,86,9,0.027296,True,0.000201,0.0
real_001337.txt,15,20,2,0.000797,True,7.7e-05,0.0
real_001338.txt,17,34,4,0.00298,True,0.000102,0.0
real_001339.txt,18,33,7,0.005037,True,8.8e-05,0.0
real_001340.txt,28,60,10,0.020705,True,0.000156,0.0
real_001341.txt,31,50,8,0.011101,True,0.000162,0.0
real_001342.txt,33,91,11,0.033364,True,0.000203,0.0
real_001343.txt,19,23,2,0.001053,True,7.4e-05,0.0
real_001344.txt,31,75,12,0.024273,True,0.000182,0.0
real_001345.txt,11,22,3,0.001685,True,7e-05,0.0
real_001346.txt,13,17,3,0.001239,True,7.3e-05,0.0
real_001347.txt,15,20,2,0.000884,True,9.3e-05,0.0
real_001348.txt,13,14,1,0.000355,True,6e-05,0.0
real_001349.txt,15,20,2,0.00084,True,7.6e-05,0.0
real_001350.txt,17,31,6,0.004519,True,0.00012,0.0
real_001351.txt,28,75,9,0.018625,True,0.000173,0.0
real_001352.txt,11,34,5,0.003274,True,8.1e-05,0.0
real_001353.txt,25,41,8,0.010913,True,0.000129,0.0
real_001354.txt,21,42,6,0.005475,True,0.000173,0.0
real_001355.txt,22,42,4,0.004505,True,0.000142,0.0
real_001356.txt,13,16,2,0.000668,True,6.2e-05,0.0
real_001357.txt,12,26,3,0.001714,True,8.7e-05,0.0
real_001358.txt,11,11,1,0.00025,True,4.8e-05,0.0
real_001359.txt,13,24,4,0.0021,True,8.4e-05,0.0
real_001360.txt,32,186,23,0.113339,True,0.000347,0.0
real_001361.txt,32,89,11,0.031549,True,0.000212,0.0
real_001362.txt,32,58,4,0.010734,True,0.000173,0.0
real_001363.txt,15,102,12,0.012823,True,0.00017,0.0
real_001364.txt,24,50,7,0.005957,True,0.000182,0.0
real_001365.txt,30,61,7,0.013158,True,0.000163,0.0
real_001366.txt,25,46,10,0.013206,True,0.000127,0.0
real_001367.txt,24,41,5,0.005299,True,0.000152,0.0
real_001368.txt,16,33,5,0.003688,True,8.3e-05,0.0
real_001369.txt,31,143,8,0.043877,True,0.000273,0.0
real_001370.txt,31,95,10,0.03571,True,0.000208,0.0
real_001371.txt,16,28,4,0.002207,True,0.000118,0.0
real_001372.txt,13,14,1,0.000358,True,7.2e-05,0.0
real_001373.txt,20,89,8,0.014689,True,0.000169,0.0
real_001374.txt,27,46,9,0.012879,True,0.000175,0.0
real_001375.txt,32,130,17,0.055009,True,0.000299,0.0
real_001376.txt,35,165,17,0.088545,True,0.000295,0.0
real_001377.txt,11,31,7,0.003412,True,8.2e-05,0.0
real_001378.txt,20,108,15,0.022351,True,0.000194,0.0
real_001379.txt,30,142,17,0.066054,True,0.000316,0.0
real_001380.txt,15,20,2,0.000833,True,0.000104,0.0
real_001381.txt,25,50,6,0.005406,True,0.000144,0.0
real_001382.txt,17,19,2,0.000579,True,0.000106,0.0
real_001383.txt,23,42,7,0.005827,True,0.000151,0.0
real_001384.txt,27,89,10,0.030687,True,0.000235,0.0
real_001385.txt,33,53,5,0.010167,True,0.000171,0.0
real_001386.txt,27,153,15,0.069599,True,0.000289,0.0
real_001387.txt,13,21,5,0.002155,True,6.7e-05,0.0
real_001388.txt,25,38,3,0.003496,True,0.000132,0.0
real_001389.txt,18,39,7,0.005109,True,0.000118,0.0
real_001390.txt,17,19,2,0.000587,True,8e-05,0.0
real_001391.txt,24,52,5,0.005721,True,0.000203,0.0
real_001392.txt,18,28,4,0.002078,True,0.000107,0.0
real_001393.txt,13,14,1,0.000406,True,5.8e-05,0.0
real_001394.txt,10,16,2,0.000839,True,5.9e-05,0.0
real_001395.txt,13,16,2,0.000668,True,6.2e-05,0.0
real_001396.txt,12,14,2,0.000394,True,5.2e-05,0.0
real_001397.txt,29,91,10,0.029835,True,0.000277,0.0
real_001398.txt,10,37,7,0.002685,True,9.9e-05,0.0
real_001399.txt,18,28,5,0.002506,True,9.6e-05,0.0
real_001400.txt,23,113,10,0.036327,True,0.000218,0.0
real_001401.txt,11,11,1,0.000264,True,5.1e-05,0.0
real_001402.txt,11,13,1,0.000505,True,5.4e-05,0.0
real_001403.txt,15,20,2,0.0008,True,7e-05,0.0
real_001404.txt,10,19,4,0.001452,True,5.9e-05,0.0
real_001405.txt,17,35,4,0.002642,True,0.000112,0.0
real_001406.txt,11,46,7,0.004915,True,0.000114,0.0
real_001407.txt,15,16,1,0.000338,True,6.5e-05,0.0
real_001408.txt,21,47,8,0.007987,True,0.000153,0.0
real_001409.txt,25,48,7,0.010036,True,0.000144,0.0
real_001410.txt,31,65,13,0.02796,True,0.000151,0.0
real_001411.txt,18,29,5,0.003462,True,8.6e-05,0.0
real_001412.txt,16,64,7,0.008663,True,0.000142,0.0
real_001413.txt,13,14,1,0.000397,True,5.8e-05,0.0
real_001414.txt,17,36,3,0.003502,True,0.000128,0.0
real_001415.txt,25,46,4,0.007565,True,0.000144,0.0
real_001416.txt,25,112,9,0.03464,True,0.000224,0.0
real_001417.txt,28,66,4,0.012314,True,0.000169,0.0
real_001418.txt,32,89,11,0.032367,True,0.000212,0.0
real_001419.txt,21,45,8,0.00762,True,0.000128,0.0
real_001420.txt,20,33,6,0.004729,True,9.4e-05,0.0
real_001421.txt,17,19,2,0.000591,True,8.1e-05,0.0
real_001422.txt,26,38,5,0.003546,True,0.000143,0.0
real_001423.txt,23,81,11,0.026255,True,0.000176,0.0
real_001424.txt,23,41,8,0.009437,True,0.000133,0.0
real_001425.txt,13,14,1,0.000526,True,5.8e-05,0.0
real_001426.txt,15,30,5,0.003309,True,8.5e-05,0.0
real_001427.txt,14,63,10,0.008744,True,0.000157,0.0
real_001428.txt,25,39,4,0.002863,True,0.00012,0.0
real_001429.txt,13,14,1,0.00037,True,5.9e-05,0.0
real_001430.txt,11,11,1,0.000258,True,4.7e-05,0.0
real_001431.txt,19,33,5,0.002685,True,0.000103,0.0
real_001432.txt,34,138,15,0.071039,True,0.000295,0.0
real_001433.txt,29,53,8,0.014121,True,0.000168,0.0
real_001434.txt,25,46,10,0.012972,True,0.000163,0.0
real_001435.txt,18,51,10,0.008579,True,0.000126,0.0
real_001436.txt,15,26,4,0.002196,True,8.8e-05,0.0
real_001437.txt,17,19,2,0.000542,True,9.1e-05,0.0
real_001438.txt,35,63,10,0.021389,True,0.00019,0.0
real_001439.txt,21,45,7,0.006899,True,0.000118,0.0
real_001440.txt,32,111,16,0.050983,True,0.000217,0.0
real_001441.txt,17,19,2,0.00057,True,7.8e-05,0.0
real_001442.txt,20,40,6,0.004657,True,0.000118,0.0
real_001443.txt,13,14,1,0.000385,True,6.1e-05,0.0
real_001444.txt,21,47,8,0.0071,True,0.000146,0.0
real_001445.txt,17,20,2,0.000579,True,7.1e-05,0.0
real_001446.txt,17,68,9,0.010637,True,0.000182,0.0
real_001447.txt,32,58,10,0.0183,True,0.000164,0.0
real_001448.txt,23,51,8,0.020014,True,0.000134,0.0
real_001449.txt,11,13,1,0.000499,True,7.1e-05,0.0
real_001450.txt,12,15,3,0.000982,True,7.5e-05,0.0
real_001451.txt,34,78,7,0.020058,True,0.000212,0.0
real_001452.txt,35,78,15,0.037653,True,0.00017,0.0
real_001453.txt,30,87,10,0.03013,True,0.000232,0.0
real_001454.txt,26,71,8,0.030998,True,0.000204,0.0
real_001455.txt,31,136,14,0.072364,True,0.000454,0.0
real_001456.txt,17,51,9,0.007482,True,0.000168,0.0
real_001457.txt,22,101,15,0.039581,True,0.000214,0.0
real_001458.txt,17,19,2,0.000574,True,8.1e-05,0.0
real_001459.txt,29,52,6,0.011334,True,0.000158,0.0
real_001460.txt,17,38,3,0.002981,True,0.000117,0.0
real_001461.txt,18,28,5,0.00304,True,9.8e-05,0.0
real_001462.txt,13,23,2,0.001461,True,8.4e-05,0.0
real_001463.txt,20,48,6,0.006324,True,0.000143,0.0
real_001464.txt,23,51,8,0.014329,True,0.000139,0.0
real_001465.txt,14,57,8,0.008165,True,0.000139,0.0
real_001466.txt,16,18,2,0.00056,True,7.3e-05,0.0
real_001467.txt,35,77,14,0.035292,True,0.000226,0.0
real_001468.txt,28,87,12,0.033797,True,0.00019,0.0
real_001469.txt,35,93,13,0.039097,True,0.000229,0.0
real_001470.txt,27,49,8,0.011583,True,0.000178,0.0
real_001471.txt,29,55,5,0.011554,True,0.000168,0.0
real_001472.txt,29,64,8,0.015872,True,0.000173,0.0
real_001473.txt,35,85,10,0.023628,True,0.000182,0.0
real_001474.txt,15,22,2,0.001405,True,8.1e-05,0.0
real_001475.txt,23,51,8,0.014151,True,0.000137,0.0
real_001476.txt,23,51,8,0.013889,True,0.000133,0.0
real_001477.txt,23,51,8,0.014056,True,0.000161,0.0
real_001478.txt,15,30,5,0.002967,True,8.9e-05,0.0
real_001479.txt,10,17,4,0.00146,True,5e-05,0.0
real_001480.txt,13,14,1,0.000335,True,5.9e-05,0.0
real_001481.txt,18,24,2,0.000869,True,8.2e-05,0.0
real_001482.txt,15,20,2,0.00079,True,7.5e-05,0.0
real_001483.txt,22,37,7,0.005297,True,0.000123,0.0
real_001484.txt,16,31,3,0.001607,True,9e-05,0.0
real_001485.txt,20,52,4,0.005387,True,0.000135,0.0
real_001486.txt,11,22,4,0.002006,True,6.5e-05,0.0
real_001487.txt,13,21,4,0.002015,True,6.6e-05,0.0
real_001488.txt,15,20,2,0.000792,True,7.8e-05,0.0
real_001489.txt,13,14,1,0.000329,True,6e-05,0.0
real_001490.txt,24,67,5,0.013245,True,0.000162,0.0
real_001491.txt,15,20,2,0.001183,True,7.2e-05,0.0
real_001492.txt,31,76,11,0.023804,True,0.000175,0.0
real_001493.txt,23,63,9,0.010727,True,0.000162,0.0
real_001494.txt,17,28,3,0.001924,True,9.2e-05,0.0
real_001495.txt,13,14,1,0.000341,True,6.2e-05,0.0
real_001496.txt,14,22,4,0.002159,True,8e-05,0.0
real_001497.txt,19,34,5,0.003312,True,0.000108,0.0
real_001498.txt,13,14,1,0.000375,True,5.8e-05,0.0
real_001499.txt,22,35,7,0.004884,True,0.000109,0.0
real_001500.txt,25,46,10,0.013459,True,0.000131,0.0
real_001501.txt,17,19,2,0.000629,True,7.2e-05,0.0
real_001502.txt,12,24,4,0.002166,True,7.4e-05,0.0
real_001503.txt,22,64,7,0.009429,True,0.000199,0.0
real_001504.txt,22,44,5,0.004589,True,0.000138,0.0
real_001505.txt,10,17,4,0.001456,True,5.6e-05,0.0
real_001506.txt,13,14,1,0.000381,True,6.3e-05,0.0
real_001507.txt,16,45,7,0.005169,True,0.000141,0.0
real_001508.txt,17,33,3,0.002404,True,0.000108,0.0
real_001509.txt,25,178,15,0.074329,True,0.000265,0.0
real_001510.txt,11,14,2,0.000561,True,6.1e-05,0.0
real_001511.txt,13,14,1,0.000364,True,6.2e-05,0.0
real_001512.txt,18,32,2,0.001935,True,0.000115,0.0
real_001513.txt,31,59,7,0.015522,True,0.000205,0.0
real_001514.txt,25,46,10,0.013324,True,0.000128,0.0
real_001515.txt,10,17,4,0.001446,True,7.5e-05,0.0
real_001516.txt,13,46,5,0.004667,True,0.000112,0.0
real_001517.txt,10,17,4,0.001414,True,5.2e-05,0.0
real_001518.txt,33,73,13,0.030515,True,0.000171,0.0
real_001519.txt,29,46,4,0.004395,True,0.00014,0.0
real_001520.txt,19,40,7,0.005753,True,0.000113,0.0
real_001521.txt,15,20,2,0.000815,True,9.4e-05,0.0
real_001522.txt,11,20,3,0.001402,True,7e-05,0.0
real_001523.txt,15,31,5,0.003224,True,0.000103,0.0
real_001524.txt,23,50,7,0.00636,True,0.000149,0.0
real_001525.txt,10,17,4,0.00148,True,5.1e-05,0.0
real_001526.txt,35,82,8,0.022752,True,0.000216,0.0
real_001527.txt,24,87,7,0.02265,True,0.000182,0.0
real_001528.txt,30,120,8,0.03583,True,0.000252,0.0
real_001529.txt,13,14,1,0.000346,True,6.4e-05,0.0
real_001530.txt,10,17,4,0.001326,True,5.2e-05,0.0
real_001531.txt,10,10,1,0.000251,True,4.9e-05,0.0
real_001532.txt,19,27,3,0.001381,True,8.5e-05,0.0
real_001533.txt,17,31,7,0.004496,True,0.000113,0.0
real_001534.txt,19,44,7,0.006297,True,0.000128,0.0
real_001535.txt,10,13,2,0.000568,True,5.5e-05,0.0
real_001536.txt,26,63,6,0.015466,True,0.000167,0.0
real_001537.txt,19,40,8,0.006338,True,0.000112,0.0
real_001538.txt,10,10,1,0.000245,True,4.6e-05,0.0
real_001539.txt,30,58,5,0.006059,True,0.00018,0.0
real_001540.txt,15,20,2,0.000799,True,7.3e-05,0.0
real_001541.txt,15,30,5,0.003072,True,8.1e-05,0.0
real_001542.txt,17,51,8,0.007716,True,0.000133,0.0
real_001543.txt,21,46,6,0.005484,True,0.00017,0.0
real_001544.txt,14,16,2,0.000557,True,7.2e-05,0.0
real_001545.txt,10,17,4,0.001414,True,5e-05,0.0
real_001546.txt,13,14,1,0.000374,True,8.4e-05,0.0
real_001547.txt,19,42,5,0.003997,True,0.000119,0.0
real_001548.txt,16,28,6,0.003221,True,9.3e-05,0.0
real_001549.txt,13,37,4,0.003309,True,0.000131,0.0
real_001550.txt,20,42,3,0.003726,True,0.000129,0.0
real_001551.txt,32,50,4,0.00753,True,0.00015,0.0
real_001552.txt,27,51,8,0.015137,True,0.000132,0.0
real_001553.txt,31,55,9,0.015158,True,0.000169,0.0
real_001554.txt,22,41,6,0.00534,True,0.000134,0.0
real_001555.txt,20,39,5,0.00389,True,0.000131,0.0
real_001556.txt,13,14,1,0.000406,True,6.2e-05,0.0
real_001557.txt,22,35,5,0.003348,True,0.000114,0.0
real_001558.txt,12,22,2,0.001384,True,7.6e-05,0.0
real_001559.txt,22,180,16,0.074041,True,0.00028,0.0
real_001560.txt,31,193,20,0.11755,True,0.000323,0.0
real_001561.txt,23,33,4,0.002455,True,0.00011,0.0
real_001562.txt,28,60,10,0.020114,True,0.000194,0.0
real_001563.txt,13,14,1,0.000373,True,6.2e-05,0.0
real_001564.txt,24,34,3,0.002817,True,0.000111,0.0
real_001565.txt,18,36,4,0.003155,True,0.000116,0.0
real_001566.txt,13,14,1,0.000329,True,5.8e-05,0.0
real_001567.txt,32,59,9,0.018637,True,0.000181,0.0
real_001568.txt,11,17,2,0.00092,True,6.7e-05,0.0
real_001569.txt,30,64,11,0.024214,True,0.00016,0.0
real_001570.txt,32,69,8,0.016749,True,0.000185,0.0
real_001571.txt,31,67,7,0.018541,True,0.000163,0.0
real_001572.txt,32,84,6,0.020344,True,0.000268,0.0
real_001573.txt,21,56,5,0.005822,True,0.000151,0.0
real_001574.txt,26,112,11,0.039796,True,0.000193,0.0
real_001575.txt,13,14,1,0.000383,True,6.3e-05,0.0
real_001576.txt,14,48,7,0.005484,True,0.000124,0.0
real_001577.txt,11,18,3,0.001227,True,6.5e-05,0.0
real_001578.txt,30,58,7,0.012743,True,0.000158,0.0
real_001579.txt,17,19,2,0.000564,True,7.5e-05,0.0
real_001580.txt,35,272,27,0.194665,True,0.000461,0.0
real_001581.txt,23,51,8,0.014338,True,0.000165,0.0
real_001582.txt,10,17,4,0.001451,True,5.6e-05,0.0
real_001583.txt,17,28,4,0.002322,True,0.000127,0.0
real_001584.txt,21,50,6,0.005988,True,0.000154,0.0
real_001585.txt,27,61,9,0.01065,True,0.000169,0.0
real_001586.txt,15,47,7,0.005832,True,0.000151,0.0
real_001587.txt,21,51,6,0.006708,True,0.000144,0.0
real_001588.txt,21,34,7,0.004974,True,9.5e-05,0.0
real_001589.txt,11,32,5,0.002719,True,9.5e-05,0.0
real_001590.txt,27,46,9,0.013533,True,0.000141,0.0
real_001591.txt,28,74,8,0.018283,True,0.000165,0.0
real_001592.txt,34,84,11,0.029002,True,0.000189,0.0
real_001593.txt,24,42,5,0.003181,True,0.000127,0.0
real_001594.txt,14,42,6,0.004434,True,0.000135,0.0
real_001595.txt,25,109,9,0.034161,True,0.00022,0.0
real_001596.txt,13,14,1,0.000361,True,6.2e-05,0.0
real_001597.txt,22,231,20,0.066585,True,0.000338,0.0
real_001598.txt,28,179,18,0.083735,True,0.000307,0.0
real_001599.txt,21,43,9,0.007178,True,0.000127,0.0
real_001600.txt,23,49,4,0.005116,True,0.000144,0.0
real_001601.txt,10,17,4,0.001459,True,5.4e-05,0.0
real_001602.txt,17,47,4,0.004908,True,0.000138,0.0
real_001603.txt,10,14,2,0.000946,True,5.1e-05,0.0
real_001604.txt,22,44,5,0.003733,True,0.000128,0.0
real_001605.txt,11,15,2,0.000722,True,5.5e-05,0.0
real_001606.txt,20,32,6,0.004417,True,0.000109,0.0
real_001607.txt,27,90,12,0.032166,True,0.000242,0.0
real_001608.txt,34,280,20,0.180277,True,0.000438,0.0
real_001609.txt,30,87,10,0.026416,True,0.000202,0.0
real_001610.txt,26,69,12,0.026085,True,0.000172,0.0
real_001611.txt,13,14,1,0.00036,True,6.3e-05,0.0
real_001612.txt,15,20,2,0.000821,True,7.7e-05,0.0
real_001613.txt,17,19,2,0.000593,True,7.5e-05,0.0
real_001614.txt,34,76,12,0.027821,True,0.000189,0.0
real_001615.txt,31,255,19,0.188107,True,0.000352,0.0
real_001616.txt,23,41,9,0.011046,True,0.000176,0.0
real_001617.txt,30,64,11,0.023586,True,0.00016,0.0
real_001618.txt,24,84,14,0.031656,True,0.000167,0.0
real_001619.txt,11,12,1,0.000421,True,6.6e-05,0.0
real_001620.txt,13,26,5,0.002654,True,7.7e-05,0.0
real_001621.txt,32,43,4,0.002791,True,0.000136,0.0
real_001622.txt,15,30,5,0.003369,True,0.000114,0.0
real_001623.txt,24,47,6,0.006505,True,0.000145,0.0
real_001624.txt,10,13,2,0.000633,True,5.1e-05,0.0
real_001625.txt,11,11,1,0.000268,True,4.5e-05,0.0
real_001626.txt,17,39,5,0.00413,True,0.000101,0.0
real_001627.txt,13,14,1,0.000331,True,5.9e-05,0.0
real_001628.txt,20,37,6,0.004135,True,0.000117,0.0
real_001629.txt,16,33,5,0.003541,True,9e-05,0.0
real_001630.txt,19,46,6,0.005857,True,0.000135,0.0
real_001631.txt,23,38,7,0.008082,True,0.000102,0.0
real_001632.txt,11,20,3,0.001699,True,6.3e-05,0.0
real_001633.txt,13,38,7,0.004323,True,0.000141,0.0
real_001634.txt,10,17,4,0.001439,True,5.5e-05,0.0
real_001635.txt,32,57,10,0.019311,True,0.000208,0.0
real_001636.txt,16,26,4,0.002148,True,0.000101,0.0
real_001637.txt,34,78,7,0.020295,True,0.000216,0.0
real_001638.txt,30,98,12,0.048916,True,0.000221,0.0
real_001639.txt,29,59,8,0.008259,True,0.000176,0.0
real_001640.txt,26,135,18,0.064183,True,0.000326,0.0
real_001641.txt,16,34,6,0.003988,True,0.000125,0.0
real_001642.txt,10,17,4,0.001485,True,5.5e-05,0.0
real_001643.txt,19,28,5,0.002016,True,0.000127,0.0
real_001644.txt,14,39,4,0.003436,True,0.000111,0.0
real_001645.txt,28,212,16,0.100647,True,0.000329,0.0
real_001646.txt,15,20,2,0.00081,True,0.000109,0.0
real_001647.txt,25,41,4,0.003207,True,0.000132,0.0
real_001648.txt,25,46,10,0.013327,True,0.000133,0.0
real_001649.txt,15,30,4,0.002911,True,9.1e-05,0.0
real_001650.txt,23,54,6,0.006639,True,0.000147,0.0
real_001651.txt,13,14,1,0.000345,True,6e-05,0.0
real_001652.txt,13,14,1,0.000314,True,5e-05,0.0
real_001653.txt,20,41,8,0.006013,True,0.000134,0.0
real_001654.txt,13,14,1,0.000368,True,6.4e-05,0.0
real_001655.txt,16,29,5,0.002946,True,0.000122,0.0
real_001656.txt,28,94,12,0.036688,True,0.000216,0.0
real_001657.txt,14,21,2,0.001058,True,7.5e-05,0.0
real_001658.txt,13,14,1,0.000344,True,6e-05,0.0
real_001659.txt,10,17,4,0.00143,True,5.4e-05,0.0
real_001660.txt,35,312,29,0.231409,True,0.000432,0.0
real_001661.txt,21,69,5,0.00778,True,0.000183,0.0
real_001662.txt,33,68,9,0.02067,True,0.000188,0.0
real_001663.txt,15,31,5,0.00341,True,0.000104,0.0
real_001664.txt,16,29,5,0.003141,True,0.000103,0.0
real_001665.txt,15,20,2,0.000803,True,8e-05,0.0
real_001666.txt,25,45,7,0.009646,True,0.000166,0.0
real_001667.txt,18,31,5,0.003034,True,9.6e-05,0.0
real_001668.txt,11,21,2,0.001255,True,7.6e-05,0.0
real_001669.txt,34,150,11,0.064558,True,0.000254,0.0
real_001670.txt,23,51,8,0.01433,True,0.000143,0.0
real_001671.txt,15,25,5,0.002915,True,9.2e-05,0.0
real_001672.txt,27,46,9,0.013866,True,0.000127,0.0
real_001673.txt,25,46,10,0.013646,True,0.000132,0.0
real_001674.txt,13,14,1,0.000403,True,6.4e-05,0.0
real_001675.txt,10,17,4,0.001468,True,5.6e-05,0.0
real_001676.txt,23,51,8,0.014068,True,0.000139,0.0
real_001677.txt,26,54,8,0.007875,True,0.000161,0.0
real_001678.txt,13,14,1,0.000389,True,5.8e-05,0.0
real_001679.txt,27,46,9,0.013604,True,0.000147,0.0
real_001680.txt,23,51,8,0.014082,True,0.000173,0.0
real_001681.txt,12,29,4,0.002698,True,0.000108,0.0
real_001682.txt,17,31,6,0.004413,True,9.1e-05,0.0
real_001683.txt,27,46,9,0.013155,True,0.000132,0.0
real_001684.txt,27,46,9,0.013399,True,0.000126,0.0
real_001685.txt,23,44,5,0.004903,True,0.000167,0.0
real_001686.txt,28,60,10,0.019757,True,0.000162,0.0
real_001687.txt,25,46,10,0.013185,True,0.000128,0.0
real_001688.txt,21,47,8,0.006834,True,0.000117,0.0
real_001689.txt,14,18,1,0.000839,True,6.7e-05,0.0
real_001690.txt,17,19,2,0.000544,True,7.6e-05,0.0
real_001691.txt,13,47,6,0.004861,True,0.000128,0.0
real_001692.txt,13,14,1,0.000346,True,5.6e-05,0.0
real_001693.txt,13,14,1,0.000351,True,5.9e-05,0.0
real_001694.txt,24,44,7,0.005998,True,0.000142,0.0
real_001695.txt,10,15,2,0.00084,True,5.7e-05,0.0
real_001696.txt,13,14,1,0.000374,True,6.3e-05,0.0
real_001697.txt,17,19,2,0.000541,True,8e-05,0.0
real_001698.txt,34,73,13,0.032522,True,0.000223,0.0
real_001699.txt,16,29,4,0.0025,True,0.000106,0.0
real_001700.txt,10,10,1,0.000244,True,4.4e-05,0.0
real_001701.txt,27,50,8,0.007096,True,0.000153,0.0
real_001702.txt,17,31,2,0.001885,True,9.7e-05,0.0
real_001703.txt,13,14,1,0.000386,True,6.3e-05,0.0
real_001704.txt,16,22,2,0.00106,True,7.3e-05,0.0
real_001705.txt,11,20,4,0.001609,True,6.1e-05,0.0
real_001706.txt,15,25,5,0.002557,True,8.4e-05,0.0
real_001707.txt,13,14,1,0.000358,True,6e-05,0.0
real_001708.txt,15,20,2,0.00082,True,0.000108,0.0
real_001709.txt,29,85,6,0.021795,True,0.000293,0.0
real_001710.txt,17,19,2,0.000557,True,8.7e-05,0.0
real_001711.txt,11,33,5,0.003152,True,0.00011,0.0
real_001712.txt,23,54,8,0.008339,True,0.00016,0.0
real_001713.txt,13,14,1,0.000441,True,6.3e-05,0.0
real_001714.txt,22,95,9,0.029069,True,0.000235,0.0
real_001715.txt,11,18,2,0.001179,True,6.7e-05,0.0
real_001716.txt,35,151,15,0.078331,True,0.000265,0.0
real_001717.txt,13,14,1,0.000374,True,6.1e-05,0.0
real_001718.txt,12,17,2,0.001141,True,0.000136,0.0
real_001719.txt,22,58,6,0.008641,True,0.000146,0.0
real_001720.txt,28,66,6,0.015447,True,0.000171,0.0
real_001721.txt,16,25,4,0.00207,True,8.8e-05,0.0
real_001722.txt,28,57,11,0.019037,True,0.000182,0.0
real_001723.txt,20,33,6,0.004624,True,9.4e-05,0.0
real_001724.txt,33,96,10,0.030207,True,0.000228,0.0
real_001725.txt,13,14,1,0.000368,True,6.5e-05,0.0
real_001726.txt,20,54,7,0.007097,True,0.000148,0.0
real_001727.txt,23,36,4,0.003111,True,0.000116,0.0
real_001728.txt,18,33,7,0.00512,True,0.000119,0.0
real_001729.txt,30,68,6,0.016771,True,0.000186,0.0
real_001730.txt,23,51,8,0.014045,True,0.000142,0.0
real_001731.txt,29,66,5,0.01349,True,0.000177,0.0
real_001732.txt,13,14,1,0.000369,True,6.3e-05,0.0
real_001733.txt,15,20,2,0.000837,True,7.8e-05,0.0
real_001734.txt,13,38,5,0.003562,True,0.00011,0.0
real_001735.txt,13,14,1,0.000339,True,5.8e-05,0.0
real_001736.txt,13,14,1,0.000352,True,6.1e-05,0.0
real_001737.txt,11,29,5,0.002892,True,7.6e-05,0.0
real_001738.txt,10,17,4,0.001408,True,5.4e-05,0.0
real_001739.txt,11,23,5,0.001939,True,7.5e-05,0.0
real_001740.txt,10,17,4,0.001383,True,5.1e-05,0.0
real_001741.txt,26,92,6,0.022554,True,0.000187,0.0
real_001742.txt,23,117,12,0.041733,True,0.000223,0.0
real_001743.txt,21,37,8,0.006095,True,0.000151,0.0
real_001744.txt,14,25,6,0.003158,True,7.8e-05,0.0
real_001745.txt,23,51,8,0.014309,True,0.00014,0.0
real_001746.txt,17,20,2,0.000874,True,7.8e-05,0.0
real_001747.txt,14,16,2,0.000584,True,9.7e-05,0.0
real_001748.txt,13,14,1,0.000349,True,6e-05,0.0
real_001749.txt,16,26,4,0.002321,True,0.000105,0.0
real_001750.txt,35,96,10,0.031523,True,0.000246,0.0
real_001751.txt,22,40,9,0.011129,True,0.000115,0.0
real_001752.txt,10,10,1,0.00034,True,4.5e-05,0.0
real_001753.txt,13,14,1,0.000355,True,6.4e-05,0.0
real_001754.txt,13,14,1,0.000369,True,6e-05,0.0
real_001755.txt,16,17,1,0.000267,True,4.8e-05,0.0
real_001756.txt,23,51,8,0.014329,True,9.1e-05,0.0
real_001757.txt,16,22,1,0.000874,True,5.6e-05,0.0
real_001758.txt,30,47,7,0.00513,True,9.5e-05,0.0
real_001759.txt,14,33,4,0.002861,True,7.4e-05,0.0
real_001760.txt,18,41,5,0.004313,True,8.2e-05,0.0
real_001761.txt,11,18,2,0.0008,True,5.1e-05,0.0
real_001762.txt,12,22,4,0.001912,True,9.3e-05,0.0
real_001763.txt,24,62,8,0.010218,True,0.000139,0.0
real_001764.txt,28,50,7,0.010539,True,0.00016,0.0
real_001765.txt,14,28,4,0.002528,True,7.1e-05,0.0
real_001766.txt,34,60,10,0.021435,True,0.000112,0.0
real_001767.txt,12,28,3,0.001951,True,5.7e-05,0.0
real_001768.txt,34,78,7,0.020333,True,0.000143,0.0
real_001769.txt,15,20,2,0.000745,True,5.7e-05,0.0
real_001770.txt,16,20,2,0.000716,True,5e-05,0.0
real_001771.txt,11,55,9,0.004855,True,7.3e-05,0.0
real_001772.txt,13,14,1,0.000278,True,4.4e-05,0.0
real_001773.txt,23,53,8,0.007996,True,0.000148,0.0
real_001774.txt,26,39,6,0.004137,True,7.5e-05,0.0
real_001775.txt,21,86,12,0.019878,True,0.00013,0.0
real_001776.txt,25,45,7,0.009153,True,0.000151,0.0
real_001777.txt,25,46,10,0.013244,True,7.6e-05,0.0
real_001778.txt,13,14,1,0.000374,True,6.2e-05,0.0
real_001779.txt,10,17,4,0.00135,True,5.4e-05,0.0
real_001780.txt,31,84,11,0.028195,True,0.000158,0.0
real_001781.txt,12,22,4,0.001876,True,4.4e-05,0.0
real_001782.txt,27,46,9,0.013255,True,7.9e-05,0.0
real_001783.txt,18,72,10,0.011764,True,0.000105,0.0
real_001784.txt,28,52,8,0.013541,True,9.6e-05,0.0
real_001785.txt,21,37,8,0.006025,True,8.2e-05,0.0
real_001786.txt,20,41,6,0.005516,True,7.2e-05,0.0
real_001787.txt,23,51,8,0.014384,True,0.000122,0.0
real_001788.txt,27,78,11,0.026757,True,0.000139,0.0
real_001789.txt,16,37,6,0.00444,True,7.3e-05,0.0
real_001790.txt,32,59,9,0.017458,True,0.000109,0.0
real_001791.txt,22,68,6,0.008724,True,0.000113,0.0
real_001792.txt,20,41,4,0.00373,True,7.8e-05,0.0
real_001793.txt,15,20,2,0.000746,True,5.8e-05,0.0
real_001794.txt,14,27,4,0.002437,True,0.000123,0.0
real_001795.txt,13,14,1,0.000354,True,4.9e-05,0.0
real_001796.txt,34,105,12,0.038155,True,0.000168,0.0
real_001797.txt,19,35,6,0.00423,True,7.6e-05,0.0
real_001798.txt,21,44,7,0.006287,True,8e-05,0.0
real_001799.txt,10,20,3,0.001609,True,4.5e-05,0.0
real_001800.txt,13,14,1,0.000359,True,4.9e-05,0.0
real_001801.txt,20,74,7,0.010458,True,0.00011,0.0
real_001802.txt,11,14,1,0.000582,True,4.4e-05,0.0
real_001803.txt,13,14,1,0.00031,True,4.5e-05,0.0
real_001804.txt,12,28,4,0.002373,True,7.6e-05,0.0
real_001805.txt,12,22,3,0.001375,True,5.4e-05,0.0
real_001806.txt,10,17,4,0.001427,True,4.3e-05,0.0
real_001807.txt,32,57,10,0.019738,True,0.000124,0.0
real_001808.txt,23,51,8,0.014435,True,8.6e-05,0.0
real_001809.txt,16,17,1,0.000271,True,5.2e-05,0.0
real_001810.txt,19,34,5,0.003508,True,8.6e-05,0.0
real_001811.txt,13,14,1,0.000339,True,4.4e-05,0.0
real_001812.txt,15,20,2,0.000723,True,8.2e-05,0.0
real_001813.txt,34,263,24,0.163241,True,0.000348,0.0
real_001814.txt,10,17,4,0.00142,True,4.1e-05,0.0
real_001815.txt,29,102,10,0.032389,True,0.00024,0.0
real_001816.txt,17,24,3,0.001141,True,6.2e-05,0.0
real_001817.txt,13,14,1,0.000288,True,4.7e-05,0.0
real_001818.txt,20,39,3,0.003233,True,7.9e-05,0.0
real_001819.txt,15,105,13,0.019638,True,0.000124,0.0
real_001820.txt,15,20,2,0.000854,True,8.1e-05,0.0
real_001821.txt,17,19,2,0.000576,True,0.000106,0.0
real_001822.txt,25,50,5,0.006385,True,0.000145,0.0
real_001823.txt,23,51,8,0.013866,True,8.6e-05,0.0
real_001824.txt,13,14,1,0.000358,True,5e-05,0.0
real_001825.txt,33,56,7,0.0144,True,0.000157,0.0
real_001826.txt,32,77,9,0.023213,True,0.00014,0.0
real_001827.txt,30,79,12,0.044201,True,0.000245,0.0
real_001828.txt,12,12,1,0.000325,True,5.6e-05,0.0
real_001829.txt,25,46,10,0.01345,True,0.000119,0.0
real_001830.txt,17,19,2,0.000558,True,8.9e-05,0.0
real_001831.txt,17,19,2,0.000569,True,7.8e-05,0.0
real_001832.txt,29,109,13,0.043106,True,0.000201,0.0
real_001833.txt,28,78,10,0.024143,True,0.000187,0.0
real_001834.txt,20,41,3,0.003793,True,0.000153,0.0
real_001835.txt,17,19,2,0.000544,True,7.6e-05,0.0
real_001836.txt,12,14,2,0.000441,True,5.4e-05,0.0
real_001837.txt,15,20,2,0.000827,True,7.1e-05,0.0
real_001838.txt,27,57,6,0.013196,True,0.000174,0.0
real_001839.txt,16,26,3,0.001779,True,0.000127,0.0
real_001840.txt,31,133,15,0.064805,True,0.000235,0.0
real_001841.txt,34,87,9,0.02356,True,0.000223,0.0
real_001842.txt,33,76,7,0.024461,True,0.000225,0.0
real_001843.txt,32,69,12,0.029032,True,0.000178,0.0
real_001844.txt,13,14,1,0.000346,True,5.9e-05,0.0
real_001845.txt,13,34,7,0.003981,True,0.000131,0.0
real_001846.txt,14,35,4,0.003159,True,0.000106,0.0
real_001847.txt,32,89,11,0.032863,True,0.000223,0.0
real_001848.txt,17,19,2,0.000567,True,8e-05,0.0
real_001849.txt,16,28,6,0.003664,True,8.3e-05,0.0
real_001850.txt,14,19,2,0.000902,True,7.1e-05,0.0
real_001851.txt,15,23,4,0.002349,True,6.7e-05,0.0
real_001852.txt,25,46,10,0.013493,True,0.00013,0.0
real_001853.txt,17,19,2,0.000556,True,7.5e-05,0.0
real_001854.txt,23,34,5,0.002508,True,0.000122,0.0
real_001855.txt,10,10,1,0.000302,True,7.6e-05,0.0
real_001856.txt,11,23,4,0.001921,True,6.7e-05,0.0
real_001857.txt,31,149,16,0.068643,True,0.000271,0.0
real_001858.txt,21,37,7,0.005961,True,0.000102,0.0
real_001859.txt,18,43,7,0.004891,True,7.9e-05,0.0
real_001860.txt,32,120,17,0.057154,True,0.00019,0.0
real_001861.txt,11,13,1,0.000481,True,4.5e-05,0.0
real_001862.txt,19,38,3,0.003445,True,8e-05,0.0
real_001863.txt,28,65,6,0.015671,True,0.000204,0.0
real_001864.txt,13,14,1,0.000362,True,4.9e-05,0.0
real_001865.txt,10,17,4,0.001418,True,4.1e-05,0.0
real_001866.txt,23,54,6,0.006954,True,0.000101,0.0
real_001867.txt,11,20,3,0.001474,True,5e-05,0.0
real_001868.txt,17,67,9,0.01137,True,9.9e-05,0.0
real_001869.txt,11,21,3,0.001395,True,5.6e-05,0.0
real_001870.txt,22,49,6,0.006259,True,9.7e-05,0.0
real_001871.txt,23,44,8,0.010352,True,7.7e-05,0.0
real_001872.txt,30,82,10,0.024141,True,0.000156,0.0
real_001873.txt,13,14,1,0.000303,True,4.5e-05,0.0
real_001874.txt,19,30,5,0.002614,True,7.3e-05,0.0
real_001875.txt,26,53,5,0.009769,True,0.000105,0.0
real_001876.txt,11,13,2,0.000319,True,4e-05,0.0
real_001877.txt,27,109,15,0.045893,True,0.000147,0.0
real_001878.txt,25,42,6,0.004946,True,8.9e-05,0.0
real_001879.txt,34,264,18,0.180791,True,0.000356,0.0
real_001880.txt,17,32,3,0.002111,True,7.6e-05,0.0
real_001881.txt,21,49,5,0.005533,True,9.5e-05,0.0
real_001882.txt,24,57,6,0.013514,True,0.000106,0.0
real_001883.txt,20,36,3,0.002312,True,7.6e-05,0.0
real_001884.txt,12,26,4,0.002223,True,5.2e-05,0.0
real_001885.txt,15,20,2,0.000724,True,5.7e-05,0.0
real_001886.txt,23,38,6,0.003873,True,9.8e-05,0.0
real_001887.txt,21,37,3,0.002916,True,7.7e-05,0.0
real_001888.txt,11,19,3,0.001252,True,4.4e-05,0.0
real_001889.txt,22,51,6,0.005975,True,0.000114,0.0
real_001890.txt,27,46,9,0.012935,True,8.8e-05,0.0
real_001891.txt,17,33,5,0.003007,True,7.5e-05,0.0
real_001892.txt,27,46,9,0.013455,True,7.6e-05,0.0
real_001893.txt,21,44,7,0.00606,True,7.6e-05,0.0
real_001894.txt,31,70,7,0.019388,True,0.000138,0.0
real_001895.txt,19,40,8,0.006301,True,8.7e-05,0.0
real_001896.txt,15,20,2,0.00071,True,5.6e-05,0.0
real_001897.txt,11,16,3,0.001162,True,4.5e-05,0.0
real_001898.txt,13,14,1,0.000289,True,4.7e-05,0.0
real_001899.txt,13,14,1,0.000274,True,4.4e-05,0.0
real_001900.txt,22,45,9,0.012813,True,8.4e-05,0.0
real_001901.txt,34,78,7,0.020091,True,0.000141,0.0
real_001902.txt,23,51,8,0.014408,True,9e-05,0.0
real_001903.txt,28,72,8,0.01751,True,0.00013,0.0
real_001904.txt,15,20,2,0.00081,True,5.5e-05,0.0
real_001905.txt,12,25,3,0.001714,True,8.2e-05,0.0
real_001906.txt,13,14,1,0.00031,True,6.9e-05,0.0
real_001907.txt,16,38,7,0.004641,True,0.000153,0.0
real_001908.txt,27,46,9,0.015263,True,8.4e-05,0.0
real_001909.txt,13,14,1,0.000288,True,4.9e-05,0.0
real_001910.txt,24,60,6,0.007706,True,0.000172,0.0
real_001911.txt,30,85,11,0.02869,True,0.00014,0.0
real_001912.txt,18,33,7,0.006623,True,6.6e-05,0.0
real_001913.txt,15,20,2,0.000784,True,6e-05,0.0
real_001914.txt,25,56,6,0.012759,True,0.000103,0.0
real_001915.txt,22,52,6,0.006662,True,0.0001,0.0
real_001916.txt,27,46,9,0.013357,True,8.3e-05,0.0
real_001917.txt,25,82,8,0.025269,True,0.000142,0.0
real_001918.txt,19,31,6,0.003682,True,6.1e-05,0.0
real_001919.txt,13,14,1,0.000277,True,4.5e-05,0.0
real_001920.txt,17,19,2,0.000482,True,5.4e-05,0.0
real_001921.txt,26,43,8,0.012054,True,7.5e-05,0.0
real_001922.txt,14,22,3,0.001152,True,6e-05,0.0
real_001923.txt,15,20,2,0.000732,True,5.7e-05,0.0
real_001924.txt,30,52,9,0.017101,True,0.000116,0.0
real_001925.txt,16,35,5,0.004353,True,0.000133,0.0
real_001926.txt,15,29,6,0.003707,True,0.000119,0.0
real_001927.txt,31,55,9,0.015314,True,0.000102,0.0
real_001928.txt,19,40,4,0.003553,True,9.4e-05,0.0
real_001929.txt,29,106,8,0.034216,True,0.000146,0.0
real_001930.txt,16,31,5,0.002892,True,6.6e-05,0.0
real_001931.txt,30,90,14,0.033513,True,0.000231,0.0
real_001932.txt,34,125,8,0.041261,True,0.000191,0.0
real_001933.txt,24,54,5,0.010308,True,9.7e-05,0.0
real_001934.txt,17,19,2,0.000471,True,5.6e-05,0.0
real_001935.txt,25,88,9,0.033603,True,0.000139,0.0
real_001936.txt,28,72,6,0.017645,True,0.000151,0.0
real_001937.txt,34,161,17,0.095858,True,0.00022,0.0
real_001938.txt,25,70,6,0.015272,True,0.000194,0.0
real_001939.txt,18,33,7,0.004867,True,8.3e-05,0.0
real_001940.txt,24,95,13,0.034999,True,0.00013,0.0
real_001941.txt,27,46,9,0.012778,True,0.000101,0.0
real_001942.txt,13,24,3,0.00162,True,6.4e-05,0.0
real_001943.txt,15,20,2,0.00072,True,6.1e-05,0.0
real_001944.txt,13,28,4,0.002506,True,5.8e-05,0.0
real_001945.txt,30,63,6,0.017729,True,0.000142,0.0
real_001946.txt,14,30,4,0.002574,True,7.4e-05,0.0
real_001947.txt,14,25,4,0.001553,True,6.4e-05,0.0
real_001948.txt,23,51,8,0.01438,True,8.9e-05,0.0
real_001949.txt,23,42,7,0.008534,True,9.1e-05,0.0
real_001950.txt,20,67,5,0.00786,True,9.8e-05,0.0
real_001951.txt,14,15,1,0.000275,True,4.7e-05,0.0
real_001952.txt,24,43,9,0.011668,True,7.2e-05,0.0
real_001953.txt,23,51,8,0.014396,True,8.2e-05,0.0
real_001954.txt,17,23,2,0.001388,True,5.5e-05,0.0
real_001955.txt,24,36,2,0.00288,True,7.8e-05,0.0
real_001956.txt,32,65,7,0.014379,True,0.000127,0.0
real_001957.txt,17,43,6,0.004966,True,7.2e-05,0.0
real_001958.txt,20,35,6,0.004114,True,7.8e-05,0.0
real_001959.txt,34,72,7,0.019072,True,0.000134,0.0
real_001960.txt,14,25,4,0.002408,True,4.9e-05,0.0
real_001961.txt,27,51,8,0.014789,True,8.1e-05,0.0
real_001962.txt,27,39,4,0.00252,True,0.000168,0.0
real_001963.txt,26,51,5,0.011859,True,0.000114,0.0
real_001964.txt,21,42,8,0.006229,True,9.7e-05,0.0
real_001965.txt,20,36,3,0.002414,True,7e-05,0.0
real_001966.txt,13,26,4,0.002001,True,5.5e-05,0.0
real_001967.txt,13,25,3,0.001424,True,7e-05,0.0
real_001968.txt,24,54,9,0.016457,True,9e-05,0.0
real_001969.txt,28,93,10,0.037943,True,0.000144,0.0
real_001970.txt,23,51,8,0.013897,True,8.9e-05,0.0
real_001971.txt,29,366,24,0.208357,True,0.000422,0.0
real_001972.txt,19,35,7,0.004761,True,0.000103,0.0
real_001973.txt,15,20,2,0.000816,True,7.8e-05,0.0
real_001974.txt,10,13,2,0.000677,True,5.8e-05,0.0
real_001975.txt,16,33,5,0.003633,True,9.5e-05,0.0
real_001976.txt,13,14,1,0.000382,True,6.2e-05,0.0
real_001977.txt,22,52,10,0.015124,True,0.000142,0.0
real_001978.txt,28,52,9,0.015704,True,0.000198,0.0
real_001979.txt,14,18,2,0.000811,True,6.6e-05,0.0
real_001980.txt,29,64,6,0.01394,True,0.000182,0.0
real_001981.txt,12,26,4,0.002357,True,7.2e-05,0.0
real_001982.txt,29,55,7,0.011752,True,0.000169,0.0
real_001983.txt,15,20,2,0.000832,True,8.9e-05,0.0
real_001984.txt,23,51,8,0.014014,True,0.000146,0.0
real_001985.txt,14,28,4,0.002511,True,9.6e-05,0.0
real_001986.txt,27,42,3,0.003105,True,0.000138,0.0
real_001987.txt,11,23,5,0.002062,True,6.4e-05,0.0
real_001988.txt,17,61,11,0.009857,True,0.00015,0.0
real_001989.txt,15,74,8,0.009106,True,0.000161,0.0
real_001990.txt,10,17,4,0.001421,True,5.3e-05,0.0
real_001991.txt,22,38,3,0.002383,True,0.000109,0.0
real_001992.txt,10,17,4,0.001469,True,5.4e-05,0.0
real_001993.txt,29,66,7,0.008731,True,0.000163,0.0
real_001994.txt,29,86,7,0.022802,True,0.000197,0.0
real_001995.txt,15,29,3,0.002154,True,9.7e-05,0.0
real_001996.txt,17,19,2,0.000566,True,7.3e-05,0.0
real_001997.txt,33,62,9,0.019778,True,0.000176,0.0
real_001998.txt,30,62,12,0.023841,True,0.000147,0.0
real_001999.txt,10,17,4,0.00156,True,5.2e-05,0.0
ba_000000.txt,19,34,3,0.002273,True,0.000147,0.0
ba_000001.txt,18,32,3,0.002347,True,0.000104,0.0
ba_000002.txt,19,34,4,0.0026,True,0.00014,0.0
ba_000003.txt,30,56,5,0.010503,True,0.000152,0.0
ba_000004.txt,34,64,5,0.01245,True,0.000165,0.0
ba_000005.txt,23,42,4,0.00418,True,0.000129,0.0
ba_000006.txt,21,38,4,0.003186,True,0.000133,0.0
ba_000007.txt,28,75,8,0.019098,True,0.000173,0.0
ba_000008.txt,33,62,4,0.011227,True,0.000187,0.0
ba_000009.txt,35,66,6,0.013609,True,0.000231,0.0
ba_000010.txt,27,72,8,0.019684,True,0.000174,0.0
ba_000011.txt,28,52,5,0.005209,True,0.000157,0.0
ba_000012.txt,23,60,5,0.013671,True,0.000142,0.0
ba_000013.txt,31,58,5,0.01023,True,0.000184,0.0
ba_000014.txt,21,54,6,0.009239,True,0.000139,0.0
ba_000015.txt,15,36,4,0.003638,True,9.2e-05,0.0
ba_000016.txt,28,52,4,0.00486,True,0.000218,0.0
ba_000017.txt,21,38,4,0.002999,True,0.0001,0.0
ba_000018.txt,34,64,5,0.005995,True,0.000137,0.0
ba_000019.txt,19,34,3,0.002389,True,8e-05,0.0
ba_000020.txt,16,28,4,0.00242,True,6.6e-05,0.0
ba_000021.txt,17,42,4,0.003978,True,7.7e-05,0.0
ba_000022.txt,28,52,4,0.00496,True,0.000103,0.0
ba_000023.txt,30,81,8,0.022898,True,0.000154,0.0
ba_000024.txt,22,40,3,0.00323,True,8.9e-05,0.0
ba_000025.txt,23,42,5,0.00427,True,8.4e-05,0.0
ba_000026.txt,30,56,5,0.01022,True,0.000109,0.0
ba_000027.txt,30,81,7,0.023893,True,0.000117,0.0
ba_000028.txt,30,56,4,0.004603,True,9.9e-05,0.0
ba_000029.txt,22,40,4,0.003062,True,7.9e-05,0.0
ba_000030.txt,26,48,3,0.003578,True,9.2e-05,0.0
ba_000031.txt,19,48,5,0.005127,True,7.3e-05,0.0
ba_000032.txt,25,46,4,0.003607,True,0.000122,0.0
ba_000033.txt,32,87,8,0.027876,True,0.000182,0.0
ba_000034.txt,26,69,8,0.018587,True,0.000137,0.0
ba_000035.txt,18,32,3,0.002639,True,0.000103,0.0
ba_000036.txt,35,66,5,0.012612,True,0.000123,0.0
ba_000037.txt,25,66,6,0.016425,True,0.0001,0.0
ba_000038.txt,22,40,4,0.003118,True,9.9e-05,0.0
ba_000039.txt,27,50,4,0.004859,True,9.6e-05,0.0
ba_000040.txt,31,84,8,0.026955,True,0.000124,0.0
ba_000041.txt,24,63,7,0.014165,True,0.000104,0.0
ba_000042.txt,22,40,3,0.002982,True,9e-05,0.0
ba_000043.txt,23,42,3,0.003588,True,8.2e-05,0.0
ba_000044.txt,35,66,4,0.016143,True,0.000136,0.0
ba_000045.txt,21,38,4,0.002872,True,8.3e-05,0.0
ba_000046.txt,32,60,4,0.009414,True,0.00011,0.0
ba_000047.txt,30,81,7,0.022221,True,0.000177,0.0
ba_000048.txt,28,52,5,0.005433,True,0.000114,0.0
ba_000049.txt,28,75,8,0.021285,True,0.000187,0.0
ba_000050.txt,27,50,4,0.007667,True,0.000161,0.0
ba_000051.txt,35,66,6,0.015072,True,0.000184,0.0
ba_000052.txt,19,48,5,0.005437,True,0.000146,0.0
ba_000053.txt,30,81,5,0.017689,True,0.000203,0.0
ba_000054.txt,25,66,7,0.018409,True,0.000174,0.0
ba_000055.txt,29,54,3,0.008046,True,0.000162,0.0
ba_000056.txt,20,51,6,0.006811,True,0.000123,0.0
ba_000057.txt,31,58,6,0.012457,True,0.000176,0.0
ba_000058.txt,25,66,8,0.016543,True,0.000159,0.0
ba_000059.txt,15,36,4,0.003152,True,9.5e-05,0.0
ba_000060.txt,24,44,4,0.004515,True,0.00013,0.0
ba_000061.txt,32,87,8,0.026861,True,0.0002,0.0
ba_000062.txt,23,60,9,0.016871,True,0.000152,0.0
ba_000063.txt,26,69,8,0.020604,True,0.000168,0.0
ba_000064.txt,22,57,5,0.007688,True,0.000153,0.0
ba_000065.txt,19,48,6,0.005986,True,0.000168,0.0
ba_000066.txt,30,56,4,0.008614,True,0.000155,0.0
ba_000067.txt,23,42,3,0.003865,True,0.000153,0.0
ba_000068.txt,16,28,3,0.001686,True,9.7e-05,0.0
ba_000069.txt,15,26,3,0.001801,True,0.000115,0.0
ba_000070.txt,16,28,3,0.002117,True,0.000118,0.0
ba_000071.txt,21,38,3,0.002794,True,0.000127,0.0
ba_000072.txt,25,46,4,0.004832,True,0.000154,0.0
ba_000073.txt,19,34,4,0.002919,True,0.000128,0.0
ba_000074.txt,31,84,9,0.02631,True,0.000202,0.0
ba_000075.txt,21,38,3,0.002565,True,0.000111,0.0
ba_000076.txt,15,36,4,0.003437,True,0.000137,0.0
ba_000077.txt,28,75,9,0.022384,True,0.000175,0.0
ba_000078.txt,22,40,4,0.003393,True,0.000166,0.0
ba_000079.txt,34,64,6,0.012169,True,0.000194,0.0
ba_000080.txt,24,44,3,0.003143,True,0.000139,0.0
ba_000081.txt,16,39,5,0.004316,True,9.9e-05,0.0
ba_000082.txt,17,42,5,0.004588,True,0.0001,0.0
ba_000083.txt,22,40,4,0.003535,True,0.000132,0.0
ba_000084.txt,28,75,6,0.018704,True,0.000159,0.0
ba_000085.txt,35,66,6,0.012694,True,0.000208,0.0
ba_000086.txt,24,63,7,0.015876,True,0.000156,0.0
ba_000087.txt,32,87,7,0.027581,True,0.000229,0.0
ba_000088.txt,32,87,9,0.03209,True,0.000198,0.0
ba_000089.txt,27,72,6,0.017044,True,0.000171,0.0
ba_000090.txt,23,60,6,0.012636,True,0.00016,0.0
ba_000091.txt,34,64,7,0.015598,True,0.000179,0.0
ba_000092.txt,29,54,5,0.00487,True,0.000159,0.0
ba_000093.txt,28,52,2,0.006672,True,0.000201,0.0
ba_000094.txt,22,40,3,0.002553,True,0.000132,0.0
ba_000095.txt,15,26,3,0.002006,True,9.6e-05,0.0
ba_000096.txt,20,36,3,0.002828,True,0.000121,0.0
ba_000097.txt,18,32,3,0.00203,True,0.000104,0.0
ba_000098.txt,21,38,3,0.002357,True,0.000131,0.0
ba_000099.txt,24,44,3,0.003601,True,0.000156,0.0
ba_000100.txt,29,54,4,0.004803,True,0.00017,0.0
ba_000101.txt,16,39,5,0.004324,True,0.000101,0.0
ba_000102.txt,29,78,7,0.024782,True,0.00017,0.0
ba_000103.txt,29,78,10,0.025891,True,0.000244,0.0
ba_000104.txt,16,39,5,0.003871,True,0.000102,0.0
ba_000105.txt,22,57,6,0.014151,True,0.000102,0.0
ba_000106.txt,25,46,5,0.005209,True,0.000178,0.0
ba_000107.txt,30,81,8,0.022037,True,0.000229,0.0
ba_000108.txt,19,48,5,0.005153,True,0.000144,0.0
ba_000109.txt,27,72,8,0.02025,True,0.000162,0.0
ba_000110.txt,30,81,7,0.023529,True,0.000174,0.0
ba_000111.txt,15,26,3,0.001467,True,8.6e-05,0.0
ba_000112.txt,35,96,9,0.039629,True,0.000225,0.0
ba_000113.txt,24,44,3,0.003668,True,9.9e-05,0.0
ba_000114.txt,18,32,3,0.002073,True,7.2e-05,0.0
ba_000115.txt,35,66,7,0.01416,True,0.000112,0.0
ba_000116.txt,31,84,7,0.024464,True,0.00021,0.0
ba_000117.txt,27,72,8,0.019125,True,0.000107,0.0
ba_000118.txt,16,28,2,0.001623,True,8.7e-05,0.0
ba_000119.txt,23,60,7,0.014309,True,9.5e-05,0.0
ba_000120.txt,16,39,4,0.00397,True,7.6e-05,0.0
ba_000121.txt,17,30,3,0.001946,True,6.5e-05,0.0
ba_000122.txt,24,63,7,0.015051,True,0.000107,0.0
ba_000123.txt,17,30,3,0.001986,True,7.2e-05,0.0
ba_000124.txt,25,66,6,0.014661,True,0.000121,0.0
ba_000125.txt,31,58,4,0.008536,True,0.000113,0.0
ba_000126.txt,30,81,8,0.026199,True,0.000121,0.0
ba_000127.txt,18,32,3,0.002366,True,7.7e-05,0.0
ba_000128.txt,16,28,3,0.001767,True,7.5e-05,0.0
ba_000129.txt,31,58,6,0.006098,True,0.000117,0.0
ba_000130.txt,21,54,4,0.0056,True,9.6e-05,0.0
ba_000131.txt,28,75,8,0.019804,True,0.000119,0.0
ba_000132.txt,20,51,5,0.006386,True,8.5e-05,0.0
ba_000133.txt,16,28,3,0.002057,True,9.2e-05,0.0
ba_000134.txt,27,50,4,0.00443,True,0.00011,0.0
ba_000135.txt,23,42,4,0.003335,True,9e-05,0.0
ba_000136.txt,15,26,3,0.001884,True,6.3e-05,0.0
ba_000137.txt,29,54,5,0.005224,True,0.000115,0.0
ba_000138.txt,22,57,7,0.010579,True,0.000105,0.0
ba_000139.txt,16,39,5,0.004138,True,7.2e-05,0.0
ba_000140.txt,28,52,4,0.004482,True,0.000105,0.0
ba_000141.txt,27,50,4,0.004828,True,0.000184,0.0
ba_000142.txt,34,64,6,0.01231,True,0.000138,0.0
ba_000143.txt,18,32,4,0.002554,True,7.4e-05,0.0
ba_000144.txt,25,46,4,0.003137,True,0.000109,0.0
ba_000145.txt,24,44,5,0.004222,True,8.9e-05,0.0
ba_000146.txt,26,48,6,0.005154,True,0.000107,0.0
ba_000147.txt,21,54,6,0.006893,True,9e-05,0.0
ba_000148.txt,30,56,5,0.008871,True,0.000112,0.0
ba_000149.txt,26,69,7,0.01694,True,0.000108,0.0
ba_000150.txt,27,50,5,0.005124,True,0.000112,0.0
ba_000151.txt,24,44,4,0.003323,True,0.0001,0.0
ba_000152.txt,26,48,5,0.004411,True,8.8e-05,0.0
ba_000153.txt,32,87,11,0.0307,True,0.000156,0.0
ba_000154.txt,28,75,7,0.020947,True,0.000119,0.0
ba_000155.txt,16,28,4,0.002042,True,6.4e-05,0.0
ba_000156.txt,19,48,5,0.005014,True,9.1e-05,0.0
ba_000157.txt,21,38,4,0.003186,True,7.9e-05,0.0
ba_000158.txt,27,72,7,0.019221,True,0.000119,0.0
ba_000159.txt,18,32,4,0.002672,True,6.8e-05,0.0
ba_000160.txt,20,51,5,0.00577,True,9.7e-05,0.0
ba_000161.txt,34,64,6,0.012858,True,0.000225,0.0
ba_000162.txt,20,36,3,0.003669,True,9.9e-05,0.0
ba_000163.txt,22,57,6,0.012093,True,0.000154,0.0
ba_000164.txt,21,54,5,0.006009,True,0.000137,0.0
ba_000165.txt,32,60,5,0.010609,True,0.000181,0.0
ba_000166.txt,35,96,9,0.031954,True,0.000202,0.0
ba_000167.txt,28,52,5,0.004837,True,0.000158,0.0
ba_000168.txt,29,78,7,0.022935,True,0.000183,0.0
ba_000169.txt,18,45,6,0.006068,True,0.000114,0.0
ba_000170.txt,19,48,6,0.006187,True,7.9e-05,0.0
ba_000171.txt,16,28,3,0.001595,True,7e-05,0.0
ba_000172.txt,25,46,6,0.005235,True,9.3e-05,0.0
ba_000173.txt,30,81,6,0.020791,True,0.000159,0.0
ba_000174.txt,26,69,8,0.020038,True,0.000149,0.0
ba_000175.txt,20,51,6,0.006082,True,0.000175,0.0
ba_000176.txt,31,84,8,0.030558,True,0.000128,0.0
ba_000177.txt,33,90,8,0.030056,True,0.000186,0.0
ba_000178.txt,22,57,5,0.006108,True,0.000104,0.0
ba_000179.txt,33,62,5,0.011416,True,0.000144,0.0
ba_000180.txt,30,81,8,0.032225,True,0.000115,0.0
ba_000181.txt,26,48,4,0.003914,True,9.2e-05,0.0
ba_000182.txt,22,40,4,0.003002,True,8.4e-05,0.0
ba_000183.txt,31,84,8,0.029065,True,0.000144,0.0
ba_000184.txt,32,87,7,0.026196,True,0.000154,0.0
ba_000185.txt,16,39,4,0.003641,True,8e-05,0.0
ba_000186.txt,22,40,4,0.003885,True,8.2e-05,0.0
ba_000187.txt,27,72,7,0.018355,True,0.000128,0.0
ba_000188.txt,25,66,5,0.015977,True,0.000103,0.0
ba_000189.txt,17,42,4,0.004469,True,0.000137,0.0
ba_000190.txt,28,75,8,0.021236,True,0.000163,0.0
ba_000191.txt,31,84,9,0.027283,True,0.000201,0.0
ba_000192.txt,33,90,8,0.028077,True,0.000201,0.0
ba_000193.txt,30,81,8,0.026898,True,0.000193,0.0
ba_000194.txt,33,62,4,0.012687,True,0.00022,0.0
ba_000195.txt,23,60,7,0.017541,True,0.000174,0.0
ba_000196.txt,24,63,5,0.012863,True,0.000164,0.0
ba_000197.txt,29,78,8,0.022958,True,0.000174,0.0
ba_000198.txt,19,34,3,0.002402,True,0.000134,0.0
ba_000199.txt,17,42,5,0.004981,True,0.000182,0.0
ba_000200.txt,22,40,5,0.003189,True,0.000164,0.0
ba_000201.txt,25,66,5,0.014308,True,0.000159,0.0
ba_000202.txt,22,57,8,0.014129,True,0.00015,0.0
ba_000203.txt,28,75,8,0.021862,True,0.000207,0.0
ba_000204.txt,20,36,4,0.002951,True,0.000113,0.0
ba_000205.txt,27,50,5,0.005012,True,0.000149,0.0
ba_000206.txt,24,44,4,0.004288,True,0.000127,0.0
ba_000207.txt,28,52,3,0.004067,True,0.000153,0.0
ba_000208.txt,18,32,2,0.002864,True,0.000116,0.0
ba_000209.txt,18,45,6,0.005217,True,0.000121,0.0
ba_000210.txt,26,69,7,0.018592,True,0.000172,0.0
ba_000211.txt,26,48,4,0.004142,True,0.000155,0.0
ba_000212.txt,35,66,6,0.013432,True,0.000216,0.0
ba_000213.txt,30,81,7,0.022962,True,0.000189,0.0
ba_000214.txt,22,40,4,0.003346,True,0.000129,0.0
ba_000215.txt,16,39,5,0.004111,True,9.8e-05,0.0
ba_000216.txt,29,78,9,0.022947,True,0.000185,0.0
ba_000217.txt,27,72,7,0.020845,True,0.000159,0.0
ba_000218.txt,30,56,5,0.009551,True,0.000179,0.0
ba_000219.txt,27,50,4,0.004798,True,0.000153,0.0
ba_000220.txt,15,36,5,0.003678,True,9.2e-05,0.0
ba_000221.txt,32,60,6,0.012542,True,0.000153,0.0
ba_000222.txt,34,64,5,0.013658,True,0.000162,0.0
ba_000223.txt,28,52,6,0.007075,True,0.000144,0.0
ba_000224.txt,18,45,5,0.004668,True,0.000156,0.0
ba_000225.txt,18,45,5,0.004574,True,0.000108,0.0
ba_000226.txt,26,48,5,0.00443,True,0.00014,0.0
ba_000227.txt,33,90,9,0.031648,True,0.000214,0.0
ba_000228.txt,29,78,8,0.026842,True,0.000196,0.0
ba_000229.txt,19,34,3,0.002239,True,0.000108,0.0
ba_000230.txt,23,60,5,0.012134,True,0.000138,0.0
ba_000231.txt,33,62,6,0.011118,True,0.000194,0.0
ba_000232.txt,35,96,9,0.034294,True,0.000255,0.0
ba_000233.txt,31,84,8,0.029414,True,0.000215,0.0
ba_000234.txt,29,78,7,0.020415,True,0.000184,0.0
ba_000235.txt,24,63,7,0.015416,True,0.000151,0.0
ba_000236.txt,17,30,3,0.00258,True,0.000105,0.0
ba_000237.txt,28,52,6,0.005791,True,0.000151,0.0
ba_000238.txt,30,81,8,0.023848,True,0.000201,0.0
ba_000239.txt,27,50,6,0.005772,True,0.000155,0.0
ba_000240.txt,35,96,10,0.034057,True,0.000191,0.0
ba_000241.txt,25,46,5,0.005152,True,0.000138,0.0
ba_000242.txt,32,87,8,0.027577,True,0.000177,0.0
ba_000243.txt,18,45,4,0.00447,True,0.000124,0.0
ba_000244.txt,22,40,4,0.002931,True,0.000128,0.0
ba_000245.txt,24,63,7,0.015278,True,0.000141,0.0
ba_000246.txt,28,75,6,0.019187,True,0.000166,0.0
ba_000247.txt,18,32,4,0.002677,True,0.0001,0.0
ba_000248.txt,26,48,4,0.004366,True,0.000159,0.0
ba_000249.txt,31,84,8,0.024171,True,0.000188,0.0
ba_000250.txt,30,56,5,0.009274,True,0.000156,0.0
ba_000251.txt,20,51,6,0.005771,True,0.000154,0.0
ba_000252.txt,34,64,5,0.00633,True,0.000182,0.0
ba_000253.txt,21,54,6,0.006467,True,0.000137,0.0
ba_000254.txt,20,51,6,0.007008,True,0.00013,0.0
ba_000255.txt,35,66,5,0.011114,True,0.00017,0.0
ba_000256.txt,28,75,7,0.02473,True,0.000194,0.0
ba_000257.txt,20,36,3,0.002894,True,0.00013,0.0
ba_000258.txt,28,75,7,0.021374,True,0.000157,0.0
ba_000259.txt,25,66,7,0.0175,True,0.000157,0.0
ba_000260.txt,34,93,9,0.037989,True,0.000189,0.0
ba_000261.txt,31,58,4,0.00813,True,0.000157,0.0
ba_000262.txt,34,93,9,0.034716,True,0.000209,0.0
ba_000263.txt,20,51,6,0.006561,True,0.000133,0.0
ba_000264.txt,32,87,9,0.02934,True,0.0002,0.0
ba_000265.txt,31,84,8,0.026611,True,0.000191,0.0
ba_000266.txt,26,48,5,0.004815,True,0.000166,0.0
ba_000267.txt,25,46,3,0.003712,True,0.000142,0.0
ba_000268.txt,35,66,6,0.013164,True,0.000195,0.0
ba_000269.txt,15,26,3,0.0017,True,9.4e-05,0.0
ba_000270.txt,21,54,6,0.006646,True,0.000141,0.0
ba_000271.txt,33,62,6,0.012698,True,0.000191,0.0
ba_000272.txt,33,62,5,0.006146,True,0.000175,0.0
ba_000273.txt,21,38,3,0.003031,True,0.000137,0.0
ba_000274.txt,19,48,6,0.006302,True,0.00015,0.0
ba_000275.txt,25,46,4,0.004283,True,0.00018,0.0
ba_000276.txt,16,28,3,0.002152,True,0.000101,0.0
ba_000277.txt,32,60,3,0.008947,True,0.000182,0.0
ba_000278.txt,34,93,9,0.030399,True,0.00018,0.0
ba_000279.txt,16,39,5,0.004486,True,0.000103,0.0
ba_000280.txt,22,40,4,0.003764,True,0.000125,0.0
ba_000281.txt,18,45,5,0.004284,True,0.000132,0.0
ba_000282.txt,28,75,7,0.018201,True,0.000183,0.0
ba_000283.txt,33,62,6,0.006337,True,0.00019,0.0
ba_000284.txt,33,62,5,0.012984,True,0.000172,0.0
ba_000285.txt,24,44,4,0.003402,True,0.000189,0.0
ba_000286.txt,18,45,6,0.005465,True,0.000132,0.0
ba_000287.txt,31,84,8,0.026251,True,0.00017,0.0
ba_000288.txt,19,34,4,0.002843,True,0.000112,0.0
ba_000289.txt,29,54,5,0.008779,True,0.000169,0.0
ba_000290.txt,15,36,5,0.003918,True,9.1e-05,0.0
ba_000291.txt,25,46,5,0.004535,True,0.000137,0.0
ba_000292.txt,21,54,6,0.006888,True,0.000167,0.0
ba_000293.txt,18,45,5,0.00492,True,0.000108,0.0
ba_000294.txt,18,32,3,0.001953,True,0.000102,0.0
ba_000295.txt,16,39,5,0.004474,True,0.000114,0.0
ba_000296.txt,24,63,6,0.013744,True,0.000162,0.0
ba_000297.txt,22,57,6,0.012747,True,0.000138,0.0
ba_000298.txt,33,62,6,0.013478,True,0.000173,0.0
ba_000299.txt,34,93,9,0.035219,True,0.000197,0.0
ba_000300.txt,17,42,5,0.005224,True,0.000127,0.0
ba_000301.txt,15,36,4,0.003204,True,7.7e-05,0.0
ba_000302.txt,34,64,5,0.013232,True,0.000122,0.0
ba_000303.txt,28,75,8,0.022045,True,0.000146,0.0
ba_000304.txt,30,81,9,0.026382,True,0.000123,0.0
ba_000305.txt,23,60,7,0.015716,True,9.7e-05,0.0
ba_000306.txt,28,75,8,0.020445,True,0.000126,0.0
ba_000307.txt,34,64,6,0.011786,True,0.000143,0.0
ba_000308.txt,15,26,3,0.00182,True,6.8e-05,0.0
ba_000309.txt,34,64,6,0.006786,True,0.000244,0.0
ba_000310.txt,16,28,4,0.002198,True,6.6e-05,0.0
ba_000311.txt,29,78,7,0.023086,True,0.000126,0.0
ba_000312.txt,30,56,4,0.009904,True,0.00013,0.0
ba_000313.txt,31,84,8,0.025101,True,0.000139,0.0
ba_000314.txt,23,60,7,0.013982,True,9.3e-05,0.0
ba_000315.txt,30,56,5,0.004849,True,0.000103,0.0
ba_000316.txt,31,84,9,0.031732,True,0.000135,0.0
ba_000317.txt,24,63,6,0.015082,True,0.000116,0.0
ba_000318.txt,32,60,5,0.011652,True,0.000109,0.0
ba_000319.txt,35,66,5,0.012075,True,0.000123,0.0
ba_000320.txt,23,42,4,0.003108,True,7.9e-05,0.0
ba_000321.txt,32,87,10,0.031025,True,0.00013,0.0
ba_000322.txt,27,72,8,0.019691,True,0.00015,0.0
ba_000323.txt,19,48,5,0.005166,True,0.000102,0.0
ba_000324.txt,19,34,4,0.002445,True,6.9e-05,0.0
ba_000325.txt,23,42,4,0.003351,True,0.000173,0.0
ba_000326.txt,34,93,9,0.029098,True,0.000127,0.0
ba_000327.txt,20,36,3,0.002286,True,8.2e-05,0.0
ba_000328.txt,33,90,10,0.032669,True,0.000121,0.0
ba_000329.txt,27,72,8,0.019385,True,0.000153,0.0
ba_000330.txt,34,64,5,0.010626,True,0.000137,0.0
ba_000331.txt,24,44,5,0.003751,True,8.7e-05,0.0
ba_000332.txt,23,60,5,0.011494,True,8.9e-05,0.0
ba_000333.txt,35,96,8,0.027966,True,0.000161,0.0
ba_000334.txt,28,75,7,0.018915,True,0.000157,0.0
ba_000335.txt,31,84,9,0.032263,True,0.000155,0.0
ba_000336.txt,21,38,2,0.002193,True,8.1e-05,0.0
ba_000337.txt,20,51,5,0.005971,True,7.7e-05,0.0
ba_000338.txt,22,40,4,0.003806,True,8.6e-05,0.0
ba_000339.txt,31,58,6,0.011268,True,0.000136,0.0
ba_000340.txt,19,34,3,0.00231,True,7.4e-05,0.0
ba_000341.txt,34,93,9,0.032307,True,0.000131,0.0
ba_000342.txt,23,60,5,0.012049,True,0.000154,0.0
ba_000343.txt,15,36,4,0.003322,True,6.7e-05,0.0
ba_000344.txt,32,60,6,0.011913,True,9.5e-05,0.0
ba_000345.txt,18,45,4,0.004272,True,7.5e-05,0.0
ba_000346.txt,23,60,7,0.012985,True,8.9e-05,0.0
ba_000347.txt,27,72,8,0.020714,True,0.000184,0.0
ba_000348.txt,23,42,5,0.004222,True,8.6e-05,0.0
ba_000349.txt,23,42,4,0.003284,True,8.5e-05,0.0
ba_000350.txt,31,84,8,0.025478,True,0.000205,0.0
ba_000351.txt,20,36,4,0.002422,True,7.3e-05,0.0
ba_000352.txt,28,52,4,0.004435,True,9.4e-05,0.0
ba_000353.txt,23,42,4,0.003351,True,7.8e-05,0.0
ba_000354.txt,29,78,9,0.022534,True,0.000108,0.0
ba_000355.txt,28,75,6,0.018801,True,0.000113,0.0
ba_000356.txt,20,51,6,0.006383,True,9.7e-05,0.0
ba_000357.txt,32,87,8,0.027341,True,0.000142,0.0
ba_000358.txt,18,32,3,0.002475,True,6.6e-05,0.0
ba_000359.txt,31,84,7,0.024058,True,0.000136,0.0
ba_000360.txt,18,45,5,0.004666,True,8.3e-05,0.0
ba_000361.txt,31,84,9,0.025038,True,0.000113,0.0
ba_000362.txt,23,60,5,0.011835,True,9.6e-05,0.0
ba_000363.txt,15,26,3,0.001944,True,5.6e-05,0.0
ba_000364.txt,29,54,4,0.004963,True,9.1e-05,0.0
ba_000365.txt,23,42,4,0.004638,True,0.000119,0.0
ba_000366.txt,17,42,6,0.004891,True,7.3e-05,0.0
ba_000367.txt,34,64,7,0.012033,True,0.0001,0.0
ba_000368.txt,34,64,5,0.011356,True,0.00011,0.0
ba_000369.txt,15,26,3,0.002034,True,6.3e-05,0.0
ba_000370.txt,17,42,4,0.003998,True,0.000125,0.0
ba_000371.txt,33,90,10,0.029928,True,0.000134,0.0
ba_000372.txt,15,26,3,0.001634,True,6.6e-05,0.0
ba_000373.txt,29,54,5,0.005446,True,0.000154,0.0
ba_000374.txt,31,84,9,0.02607,True,0.000124,0.0
ba_000375.txt,32,87,9,0.03109,True,0.00015,0.0
ba_000376.txt,33,90,8,0.030188,True,0.000131,0.0
ba_000377.txt,21,54,5,0.006714,True,0.000161,0.0
ba_000378.txt,29,78,7,0.025229,True,0.000131,0.0
ba_000379.txt,25,66,9,0.01875,True,0.00011,0.0
ba_000380.txt,16,39,4,0.003518,True,6.6e-05,0.0
ba_000381.txt,25,66,7,0.016738,True,9.8e-05,0.0
ba_000382.txt,21,38,4,0.004099,True,0.000126,0.0
ba_000383.txt,16,39,5,0.003763,True,0.0001,0.0
ba_000384.txt,27,50,5,0.004809,True,0.000154,0.0
ba_000385.txt,32,60,4,0.010449,True,0.000159,0.0
ba_000386.txt,25,46,4,0.004239,True,0.000123,0.0
ba_000387.txt,31,84,8,0.026134,True,0.000214,0.0
ba_000388.txt,20,36,4,0.003138,True,0.000109,0.0
ba_000389.txt,35,96,9,0.031748,True,0.00018,0.0
ba_000390.txt,20,36,3,0.002415,True,0.000115,0.0
ba_000391.txt,33,90,8,0.030225,True,0.000176,0.0
ba_000392.txt,31,58,4,0.005177,True,0.000163,0.0
ba_000393.txt,23,60,6,0.014223,True,0.000143,0.0
ba_000394.txt,16,39,4,0.003602,True,0.000175,0.0
ba_000395.txt,31,58,5,0.005793,True,0.000153,0.0
ba_000396.txt,23,42,4,0.003575,True,0.000132,0.0
ba_000397.txt,20,51,6,0.005529,True,0.000182,0.0
ba_000398.txt,34,93,9,0.03305,True,0.000181,0.0
ba_000399.txt,16,39,5,0.004001,True,9.6e-05,0.0
ba_000400.txt,34,93,8,0.032313,True,0.000212,0.0
ba_000401.txt,21,54,6,0.0066,True,0.000148,0.0
ba_000402.txt,34,64,6,0.006978,True,0.000167,0.0
ba_000403.txt,31,58,5,0.005117,True,0.000141,0.0
ba_000404.txt,29,54,4,0.004975,True,0.000172,0.0
ba_000405.txt,18,32,4,0.002401,True,0.000103,0.0
ba_000406.txt,31,84,8,0.026421,True,0.000227,0.0
ba_000407.txt,29,54,6,0.005825,True,0.000165,0.0
ba_000408.txt,23,60,6,0.014588,True,0.000151,0.0
ba_000409.txt,27,50,4,0.004364,True,0.000159,0.0
ba_000410.txt,17,42,5,0.004551,True,0.000101,0.0
ba_000411.txt,32,87,9,0.029504,True,0.000184,0.0
ba_000412.txt,32,60,5,0.004979,True,0.000168,0.0
ba_000413.txt,21,54,6,0.006728,True,0.000138,0.0
ba_000414.txt,31,84,9,0.027419,True,0.000178,0.0
ba_000415.txt,29,54,5,0.009046,True,0.000204,0.0
ba_000416.txt,17,30,2,0.001868,True,9.4e-05,0.0
ba_000417.txt,34,64,5,0.006141,True,0.000163,0.0
ba_000418.txt,16,39,5,0.003997,True,0.00011,0.0
ba_000419.txt,22,40,4,0.003579,True,0.000117,0.0
ba_000420.txt,21,54,6,0.00655,True,0.000122,0.0
ba_000421.txt,18,32,3,0.002368,True,0.000112,0.0
ba_000422.txt,33,90,9,0.032891,True,0.000176,0.0
ba_000423.txt,34,93,8,0.028328,True,0.000187,0.0
ba_000424.txt,23,42,4,0.003758,True,0.000126,0.0
ba_000425.txt,30,56,6,0.010217,True,0.000146,0.0
ba_000426.txt,15,26,3,0.001832,True,9.6e-05,0.0
ba_000427.txt,28,75,7,0.0198,True,0.000161,0.0
ba_000428.txt,28,75,7,0.020837,True,0.00017,0.0
ba_000429.txt,32,87,10,0.029713,True,0.000164,0.0
ba_000430.txt,17,42,6,0.005893,True,0.000124,0.0
ba_000431.txt,34,64,4,0.010771,True,0.000166,0.0
ba_000432.txt,32,87,8,0.030332,True,0.000168,0.0
ba_000433.txt,28,52,6,0.009114,True,0.000156,0.0
ba_000434.txt,28,75,8,0.021251,True,0.000177,0.0
ba_000435.txt,35,96,8,0.028972,True,0.000183,0.0
ba_000436.txt,21,54,6,0.006998,True,0.000138,0.0
ba_000437.txt,17,30,4,0.002838,True,9.8e-05,0.0
ba_000438.txt,26,69,7,0.018228,True,0.000146,0.0
ba_000439.txt,32,60,3,0.009021,True,0.000161,0.0
ba_000440.txt,18,45,5,0.004933,True,0.000132,0.0
ba_000441.txt,25,46,4,0.003872,True,0.000138,0.0
ba_000442.txt,33,90,10,0.031062,True,0.000206,0.0
ba_000443.txt,30,81,7,0.022456,True,0.000182,0.0
ba_000444.txt,23,42,4,0.003461,True,0.000139,0.0
ba_000445.txt,20,36,4,0.002705,True,0.000121,0.0
ba_000446.txt,31,58,7,0.006101,True,0.000159,0.0
ba_000447.txt,33,62,5,0.010782,True,0.000196,0.0
ba_000448.txt,21,38,4,0.003057,True,0.000132,0.0
ba_000449.txt,23,42,4,0.003518,True,0.000128,0.0
ba_000450.txt,23,42,3,0.003111,True,0.00014,0.0
ba_000451.txt,25,46,4,0.004351,True,0.000136,0.0
ba_000452.txt,25,66,6,0.015959,True,0.000178,0.0
ba_000453.txt,34,93,10,0.042142,True,0.000149,0.0
ba_000454.txt,17,30,3,0.00206,True,6.4e-05,0.0
ba_000455.txt,26,48,4,0.003772,True,0.000149,0.0
ba_000456.txt,35,66,6,0.014877,True,0.000168,0.0
ba_000457.txt,33,62,6,0.011188,True,0.000107,0.0
ba_000458.txt,22,57,7,0.013344,True,8.4e-05,0.0
ba_000459.txt,15,36,4,0.004326,True,7.1e-05,0.0
ba_000460.txt,21,54,4,0.005556,True,7.2e-05,0.0
ba_000461.txt,33,90,8,0.031559,True,0.000139,0.0
ba_000462.txt,34,93,8,0.026206,True,0.000125,0.0
ba_000463.txt,20,51,6,0.006128,True,8.6e-05,0.0
ba_000464.txt,25,46,3,0.003016,True,8.2e-05,0.0
ba_000465.txt,30,56,4,0.00454,True,0.000109,0.0
ba_000466.txt,31,58,5,0.005106,True,0.000201,0.0
ba_000467.txt,22,40,4,0.003106,True,6.9e-05,0.0
ba_000468.txt,28,52,5,0.004846,True,8.5e-05,0.0
ba_000469.txt,27,50,4,0.004629,True,0.000115,0.0
ba_000470.txt,23,60,6,0.012896,True,7.8e-05,0.0
ba_000471.txt,28,52,4,0.004294,True,8.5e-05,0.0
ba_000472.txt,18,45,5,0.004587,True,6.6e-05,0.0
ba_000473.txt,30,81,8,0.02511,True,0.000112,0.0
ba_000474.txt,17,30,3,0.001903,True,7.2e-05,0.0
ba_000475.txt,29,78,8,0.026024,True,0.000127,0.0
ba_000476.txt,30,56,6,0.009825,True,9.8e-05,0.0
ba_000477.txt,34,93,8,0.03165,True,0.000123,0.0
ba_000478.txt,16,28,4,0.002196,True,7.1e-05,0.0
ba_000479.txt,22,57,6,0.013331,True,8.8e-05,0.0
ba_000480.txt,27,72,8,0.017746,True,0.000112,0.0
ba_000481.txt,16,39,5,0.003669,True,7.2e-05,0.0
ba_000482.txt,22,57,6,0.012455,True,8.4e-05,0.0
ba_000483.txt,25,66,7,0.016077,True,0.000156,0.0
ba_000484.txt,31,84,8,0.024849,True,0.000189,0.0
ba_000485.txt,22,57,5,0.006651,True,0.000164,0.0
ba_000486.txt,21,38,5,0.003999,True,0.000126,0.0
ba_000487.txt,28,52,4,0.004614,True,0.000148,0.0
ba_000488.txt,21,54,5,0.006095,True,0.000148,0.0
ba_000489.txt,15,36,4,0.003069,True,0.000104,0.0
ba_000490.txt,24,63,7,0.021767,True,0.000191,0.0
ba_000491.txt,25,46,4,0.00425,True,0.000152,0.0
ba_000492.txt,31,58,5,0.009271,True,0.000159,0.0
ba_000493.txt,24,63,6,0.013086,True,0.000166,0.0
ba_000494.txt,23,60,7,0.015091,True,0.000138,0.0
ba_000495.txt,20,51,4,0.005121,True,0.000133,0.0
ba_000496.txt,25,46,5,0.003561,True,0.000134,0.0
ba_000497.txt,26,48,3,0.006367,True,0.000132,0.0
ba_000498.txt,15,36,5,0.003527,True,9.4e-05,0.0
ba_000499.txt,27,72,8,0.019916,True,0.000167,0.0
ba_000500.txt,30,56,4,0.008365,True,0.000137,0.0
ba_000501.txt,29,54,5,0.005269,True,0.000146,0.0
ba_000502.txt,21,38,3,0.003117,True,0.000137,0.0
ba_000503.txt,33,90,10,0.043803,True,0.000199,0.0
ba_000504.txt,35,96,9,0.034554,True,0.000212,0.0
ba_000505.txt,17,30,3,0.002044,True,9e-05,0.0
ba_000506.txt,16,28,3,0.00183,True,0.000104,0.0
ba_000507.txt,27,72,8,0.019545,True,0.000211,0.0
ba_000508.txt,23,42,4,0.004215,True,0.00012,0.0
ba_000509.txt,35,96,10,0.033991,True,0.000186,0.0
ba_000510.txt,17,42,5,0.004351,True,0.000112,0.0
ba_000511.txt,29,78,7,0.019373,True,0.000112,0.0
ba_000512.txt,33,90,9,0.03081,True,0.00022,0.0
ba_000513.txt,33,62,5,0.01119,True,0.00012,0.0
ba_000514.txt,18,32,4,0.002741,True,8.7e-05,0.0
ba_000515.txt,33,90,7,0.029103,True,0.000138,0.0
ba_000516.txt,31,84,8,0.026093,True,0.000126,0.0
ba_000517.txt,18,32,3,0.002293,True,7.3e-05,0.0
ba_000518.txt,30,81,8,0.023411,True,0.00012,0.0
ba_000519.txt,33,90,8,0.025855,True,0.000154,0.0
ba_000520.txt,31,58,5,0.009273,True,0.000112,0.0
ba_000521.txt,18,32,4,0.002506,True,7.1e-05,0.0
ba_000522.txt,35,96,10,0.034835,True,0.000139,0.0
ba_000523.txt,22,40,5,0.003627,True,8.2e-05,0.0
ba_000524.txt,28,52,4,0.005298,True,9.5e-05,0.0
ba_000525.txt,28,52,4,0.004292,True,0.000105,0.0
ba_000526.txt,22,57,6,0.011897,True,8.2e-05,0.0
ba_000527.txt,17,42,6,0.004763,True,6.9e-05,0.0
ba_000528.txt,26,69,8,0.019097,True,9.8e-05,0.0
ba_000529.txt,28,75,7,0.020406,True,0.000108,0.0
ba_000530.txt,23,42,4,0.003402,True,9.9e-05,0.0
ba_000531.txt,32,60,4,0.009991,True,0.000108,0.0
ba_000532.txt,28,75,7,0.018906,True,0.000172,0.0
ba_000533.txt,23,42,3,0.003023,True,9.2e-05,0.0
ba_000534.txt,24,44,5,0.003806,True,8.1e-05,0.0
ba_000535.txt,28,75,7,0.02064,True,0.000108,0.0
ba_000536.txt,34,93,10,0.031996,True,0.000129,0.0
ba_000537.txt,19,48,6,0.006286,True,0.000161,0.0
ba_000538.txt,22,40,3,0.002634,True,7.4e-05,0.0
ba_000539.txt,19,48,4,0.004254,True,7.7e-05,0.0
ba_000540.txt,26,48,3,0.003906,True,0.000105,0.0
ba_000541.txt,22,57,6,0.012236,True,7.8e-05,0.0
ba_000542.txt,28,52,5,0.004809,True,8.2e-05,0.0
ba_000543.txt,25,66,7,0.026259,True,0.00015,0.0
ba_000544.txt,21,38,2,0.004018,True,0.000141,0.0
ba_000545.txt,20,36,3,0.004661,True,0.000179,0.0
ba_000546.txt,33,90,8,0.040513,True,0.000224,0.0
ba_000547.txt,19,34,4,0.00354,True,0.000131,0.0
ba_000548.txt,17,30,3,0.002151,True,7.6e-05,0.0
ba_000549.txt,25,46,5,0.004087,True,9.6e-05,0.0
ba_000550.txt,24,63,7,0.015015,True,0.000117,0.0
ba_000551.txt,27,72,7,0.019197,True,0.00011,0.0
ba_000552.txt,26,48,4,0.00461,True,0.000152,0.0
ba_000553.txt,26,48,3,0.00344,True,9.2e-05,0.0
ba_000554.txt,33,90,7,0.027957,True,0.000125,0.0
ba_000555.txt,32,87,8,0.027359,True,0.000123,0.0
ba_000556.txt,23,42,4,0.003838,True,9.7e-05,0.0
ba_000557.txt,35,66,7,0.014677,True,0.00012,0.0
ba_000558.txt,25,46,3,0.003294,True,8.1e-05,0.0
ba_000559.txt,16,39,4,0.003527,True,5.6e-05,0.0
ba_000560.txt,29,78,9,0.021656,True,0.000156,0.0
ba_000561.txt,16,39,6,0.004283,True,6.2e-05,0.0
ba_000562.txt,22,40,4,0.003781,True,7.5e-05,0.0
ba_000563.txt,35,96,10,0.031842,True,0.000169,0.0
ba_000564.txt,30,56,6,0.005911,True,0.000104,0.0
ba_000565.txt,25,46,5,0.004812,True,0.000108,0.0
ba_000566.txt,35,96,9,0.032916,True,0.000134,0.0
ba_000567.txt,21,54,6,0.006976,True,7.6e-05,0.0
ba_000568.txt,16,39,4,0.003943,True,6.1e-05,0.0
ba_000569.txt,28,75,7,0.0189,True,0.000131,0.0
ba_000570.txt,15,36,4,0.002997,True,5.7e-05,0.0
ba_000571.txt,35,66,5,0.01228,True,0.000174,0.0
ba_000572.txt,31,84,7,0.026326,True,0.000151,0.0
ba_000573.txt,26,48,4,0.004121,True,0.000144,0.0
ba_000574.txt,24,44,5,0.003931,True,0.000124,0.0
ba_000575.txt,21,54,7,0.007444,True,0.000168,0.0
ba_000576.txt,35,66,4,0.011894,True,0.000181,0.0
ba_000577.txt,19,34,3,0.002318,True,0.000114,0.0
ba_000578.txt,33,62,4,0.011426,True,0.00018,0.0
ba_000579.txt,31,84,8,0.025,True,0.000241,0.0
ba_000580.txt,28,75,8,0.020664,True,0.000154,0.0
ba_000581.txt,21,38,3,0.002539,True,0.000131,0.0
ba_000582.txt,18,32,4,0.002416,True,0.000118,0.0
ba_000583.txt,28,75,7,0.018128,True,0.000161,0.0
ba_000584.txt,21,38,4,0.002574,True,0.000132,0.0
ba_000585.txt,32,60,6,0.006376,True,0.000159,0.0
ba_000586.txt,33,90,9,0.030667,True,0.000245,0.0
ba_000587.txt,17,30,3,0.002419,True,0.000104,0.0
ba_000588.txt,30,81,7,0.022472,True,0.000178,0.0
ba_000589.txt,26,69,7,0.018617,True,0.000148,0.0
ba_000590.txt,23,60,7,0.014446,True,0.000141,0.0
ba_000591.txt,16,39,5,0.003767,True,0.000111,0.0
ba_000592.txt,20,36,4,0.002959,True,0.000118,0.0
ba_000593.txt,30,81,6,0.01985,True,0.000153,0.0
ba_000594.txt,21,38,3,0.002666,True,0.000126,0.0
ba_000595.txt,29,78,8,0.021744,True,0.00018,0.0
ba_000596.txt,27,72,8,0.019089,True,0.000163,0.0
ba_000597.txt,35,66,6,0.012321,True,0.000152,0.0
ba_000598.txt,32,87,7,0.027477,True,0.000178,0.0
ba_000599.txt,31,58,4,0.005209,True,0.000156,0.0
ba_000600.txt,25,66,6,0.01546,True,0.000161,0.0
ba_000601.txt,31,58,4,0.009005,True,0.000151,0.0
ba_000602.txt,28,75,7,0.019959,True,0.000155,0.0
ba_000603.txt,18,45,6,0.005346,True,6.8e-05,0.0
ba_000604.txt,30,56,4,0.004831,True,9.5e-05,0.0
ba_000605.txt,32,87,9,0.028191,True,0.000143,0.0
ba_000606.txt,33,90,8,0.028073,True,0.00014,0.0
ba_000607.txt,30,56,6,0.010329,True,0.000142,0.0
ba_000608.txt,24,63,5,0.013741,True,7.9e-05,0.0
ba_000609.txt,35,96,10,0.034468,True,0.000125,0.0
ba_000610.txt,24,63,8,0.016279,True,0.000115,0.0
ba_000611.txt,29,78,9,0.025878,True,0.000129,0.0
ba_000612.txt,34,93,9,0.032714,True,0.000225,0.0
ba_000613.txt,32,60,6,0.011497,True,0.000128,0.0
ba_000614.txt,25,66,5,0.01416,True,0.000109,0.0
ba_000615.txt,25,46,3,0.003885,True,9.1e-05,0.0
ba_000616.txt,34,93,9,0.032056,True,0.00014,0.0
ba_000617.txt,34,64,5,0.011648,True,0.000132,0.0
ba_000618.txt,33,90,8,0.027909,True,0.000142,0.0
ba_000619.txt,16,28,3,0.001996,True,6e-05,0.0
ba_000620.txt,24,63,6,0.013314,True,0.000106,0.0
ba_000621.txt,31,84,7,0.023099,True,0.000148,0.0
ba_000622.txt,30,81,9,0.029353,True,0.000117,0.0
ba_000623.txt,34,64,4,0.0104,True,0.000118,0.0
ba_000624.txt,15,36,5,0.004033,True,6e-05,0.0
ba_000625.txt,30,81,9,0.024868,True,0.000131,0.0
ba_000626.txt,24,44,6,0.004367,True,8.2e-05,0.0
ba_000627.txt,24,44,5,0.003248,True,7.3e-05,0.0
ba_000628.txt,33,90,10,0.032809,True,0.000127,0.0
ba_000629.txt,16,39,5,0.004335,True,8.6e-05,0.0
ba_000630.txt,20,36,3,0.002625,True,6.5e-05,0.0
ba_000631.txt,30,56,5,0.005555,True,8.6e-05,0.0
ba_000632.txt,32,87,8,0.02952,True,0.000111,0.0
ba_000633.txt,34,64,4,0.012522,True,0.000109,0.0
ba_000634.txt,21,54,6,0.006367,True,9e-05,0.0
ba_000635.txt,24,44,4,0.003653,True,7.2e-05,0.0
ba_000636.txt,15,36,4,0.003472,True,7.3e-05,0.0
ba_000637.txt,24,63,7,0.015953,True,8.7e-05,0.0
ba_000638.txt,17,42,4,0.003716,True,6.1e-05,0.0
ba_000639.txt,18,32,4,0.002914,True,6.3e-05,0.0
ba_000640.txt,23,60,8,0.014173,True,0.0001,0.0
ba_000641.txt,29,78,8,0.021004,True,0.000146,0.0
ba_000642.txt,16,39,4,0.003122,True,7.4e-05,0.0
ba_000643.txt,19,34,3,0.00253,True,6.7e-05,0.0
ba_000644.txt,33,62,5,0.005907,True,0.000132,0.0
ba_000645.txt,22,57,6,0.013003,True,9e-05,0.0
ba_000646.txt,15,26,2,0.00189,True,7.6e-05,0.0
ba_000647.txt,31,58,4,0.004904,True,0.000124,0.0
ba_000648.txt,34,93,10,0.034343,True,0.000133,0.0
ba_000649.txt,28,75,7,0.019752,True,0.00014,0.0
ba_000650.txt,21,54,6,0.007641,True,0.000114,0.0
ba_000651.txt,26,69,7,0.020507,True,0.0001,0.0
ba_000652.txt,26,48,4,0.003938,True,9.7e-05,0.0
ba_000653.txt,35,96,9,0.030685,True,0.000204,0.0
ba_000654.txt,15,36,5,0.003833,True,6.8e-05,0.0
ba_000655.txt,19,48,5,0.005518,True,8e-05,0.0
ba_000656.txt,20,51,5,0.005869,True,8e-05,0.0
ba_000657.txt,27,72,8,0.02144,True,0.000102,0.0
ba_000658.txt,15,26,3,0.0018,True,6.3e-05,0.0
ba_000659.txt,29,54,5,0.004977,True,9.8e-05,0.0
ba_000660.txt,27,72,8,0.019867,True,9.3e-05,0.0
ba_000661.txt,23,60,6,0.013408,True,8.7e-05,0.0
ba_000662.txt,34,93,9,0.030437,True,0.000127,0.0
ba_000663.txt,23,60,7,0.013784,True,0.000103,0.0
ba_000664.txt,33,62,6,0.01237,True,0.000116,0.0
ba_000665.txt,34,64,4,0.010281,True,0.000119,0.0
ba_000666.txt,19,34,4,0.002472,True,6.8e-05,0.0
ba_000667.txt,27,72,6,0.01685,True,0.000101,0.0
ba_000668.txt,17,30,3,0.00213,True,9.6e-05,0.0
ba_000669.txt,31,84,8,0.025441,True,0.000162,0.0
ba_000670.txt,25,46,4,0.004246,True,0.000136,0.0
ba_000671.txt,35,96,7,0.029778,True,0.000185,0.0
ba_000672.txt,21,54,5,0.00574,True,0.00014,0.0
ba_000673.txt,35,96,9,0.029152,True,0.000206,0.0
ba_000674.txt,16,39,4,0.003451,True,0.00012,0.0
ba_000675.txt,30,81,9,0.023524,True,0.000165,0.0
ba_000676.txt,26,48,5,0.004803,True,0.000138,0.0
ba_000677.txt,18,32,3,0.002611,True,0.000104,0.0
ba_000678.txt,28,75,7,0.019044,True,0.000162,0.0
ba_000679.txt,30,56,4,0.008532,True,0.000177,0.0
ba_000680.txt,21,38,5,0.003399,True,0.000123,0.0
ba_000681.txt,27,50,4,0.004907,True,0.00014,0.0
ba_000682.txt,16,39,4,0.003493,True,9.5e-05,0.0
ba_000683.txt,34,64,6,0.010751,True,0.000175,0.0
ba_000684.txt,24,44,5,0.004864,True,0.000138,0.0
ba_000685.txt,27,72,9,0.019472,True,0.000159,0.0
ba_000686.txt,32,87,9,0.029831,True,0.000241,0.0
ba_000687.txt,15,26,2,0.001752,True,9.1e-05,0.0
ba_000688.txt,30,81,9,0.028136,True,0.000172,0.0
ba_000689.txt,28,75,7,0.018505,True,0.00019,0.0
ba_000690.txt,35,66,5,0.011982,True,0.000167,0.0
ba_000691.txt,32,60,5,0.005677,True,0.000141,0.0
ba_000692.txt,31,58,5,0.010275,True,0.000153,0.0
ba_000693.txt,15,26,3,0.001811,True,8.4e-05,0.0
ba_000694.txt,23,42,3,0.003408,True,0.000128,0.0
ba_000695.txt,26,69,5,0.01517,True,0.000153,0.0
ba_000696.txt,21,38,3,0.00257,True,0.000114,0.0
ba_000697.txt,25,46,5,0.004309,True,0.000161,0.0
ba_000698.txt,28,52,5,0.005486,True,0.000158,0.0
ba_000699.txt,33,62,5,0.010888,True,0.000237,0.0
ba_000700.txt,34,93,10,0.031719,True,0.000228,0.0
ba_000701.txt,17,30,3,0.002282,True,9.9e-05,0.0
ba_000702.txt,33,62,4,0.011188,True,0.00015,0.0
ba_000703.txt,26,69,6,0.018192,True,0.000146,0.0
ba_000704.txt,20,36,3,0.002444,True,0.000108,0.0
ba_000705.txt,19,48,6,0.006128,True,0.000139,0.0
ba_000706.txt,20,36,3,0.002234,True,0.000109,0.0
ba_000707.txt,19,48,5,0.005188,True,0.000117,0.0
ba_000708.txt,20,51,5,0.005935,True,0.00012,0.0
ba_000709.txt,17,42,6,0.004906,True,0.000104,0.0
ba_000710.txt,17,30,3,0.002109,True,0.0001,0.0
ba_000711.txt,29,78,7,0.02102,True,0.000172,0.0
ba_000712.txt,18,32,3,0.002721,True,0.000107,0.0
ba_000713.txt,34,93,8,0.035441,True,0.000229,0.0
ba_000714.txt,21,54,6,0.007095,True,0.000134,0.0
ba_000715.txt,32,87,10,0.029691,True,0.000202,0.0
ba_000716.txt,26,69,6,0.016272,True,0.000159,0.0
ba_000717.txt,17,30,3,0.002101,True,0.000112,0.0
ba_000718.txt,32,87,7,0.026933,True,0.000184,0.0
ba_000719.txt,22,40,4,0.003743,True,0.000132,0.0
ba_000720.txt,19,48,6,0.005977,True,0.000144,0.0
ba_000721.txt,18,32,3,0.002486,True,0.0001,0.0
ba_000722.txt,33,90,9,0.033439,True,0.00028,0.0
ba_000723.txt,15,36,3,0.00274,True,0.000119,0.0
ba_000724.txt,18,32,4,0.002558,True,0.00011,0.0
ba_000725.txt,33,90,9,0.0293,True,0.00023,0.0
ba_000726.txt,16,28,3,0.001775,True,7.9e-05,0.0
ba_000727.txt,30,56,4,0.004229,True,0.000165,0.0
ba_000728.txt,15,36,5,0.003782,True,0.000114,0.0
ba_000729.txt,32,87,10,0.033479,True,0.000212,0.0
ba_000730.txt,28,75,8,0.022068,True,0.000166,0.0
ba_000731.txt,24,63,7,0.016256,True,0.00016,0.0
ba_000732.txt,23,42,4,0.003952,True,0.000131,0.0
ba_000733.txt,16,28,3,0.001968,True,8.5e-05,0.0
ba_000734.txt,21,38,4,0.002901,True,0.000126,0.0
ba_000735.txt,33,90,10,0.033876,True,0.000205,0.0
ba_000736.txt,34,93,9,0.034782,True,0.000207,0.0
ba_000737.txt,28,75,8,0.02201,True,0.000196,0.0
ba_000738.txt,23,42,4,0.00361,True,0.000195,0.0
ba_000739.txt,34,93,10,0.036951,True,0.000224,0.0
ba_000740.txt,19,34,3,0.002609,True,0.000119,0.0
ba_000741.txt,20,51,6,0.006549,True,0.000142,0.0
ba_000742.txt,18,45,3,0.004172,True,0.00012,0.0
ba_000743.txt,19,48,6,0.006599,True,0.000129,0.0
ba_000744.txt,24,44,5,0.004098,True,0.00015,0.0
ba_000745.txt,32,87,8,0.033149,True,0.000212,0.0
ba_000746.txt,18,45,5,0.005167,True,0.000153,0.0
ba_000747.txt,35,96,8,0.034009,True,0.000203,0.0
ba_000748.txt,17,30,3,0.002346,True,0.000103,0.0
ba_000749.txt,30,56,6,0.006106,True,0.000162,0.0
ba_000750.txt,22,40,4,0.003252,True,0.000144,0.0
ba_000751.txt,33,62,6,0.013338,True,0.000175,0.0
ba_000752.txt,16,39,5,0.004162,True,0.000105,0.0
ba_000753.txt,31,84,9,0.028789,True,0.000235,0.0
ba_000754.txt,27,72,8,0.020098,True,0.00016,0.0
ba_000755.txt,27,72,7,0.019221,True,0.000161,0.0
ba_000756.txt,27,50,3,0.00408,True,0.000149,0.0
ba_000757.txt,25,46,4,0.003608,True,0.000129,0.0
ba_000758.txt,15,26,3,0.001877,True,8.4e-05,0.0
ba_000759.txt,22,57,6,0.0114,True,0.000125,0.0
ba_000760.txt,34,64,5,0.012251,True,0.000158,0.0
ba_000761.txt,33,62,5,0.012581,True,0.000176,0.0
ba_000762.txt,33,62,4,0.011306,True,0.000174,0.0
ba_000763.txt,29,78,8,0.021879,True,0.000159,0.0
ba_000764.txt,33,62,5,0.005428,True,0.000165,0.0
ba_000765.txt,34,93,8,0.030202,True,0.00017,0.0
ba_000766.txt,16,28,3,0.002123,True,9.9e-05,0.0
ba_000767.txt,21,38,4,0.003109,True,0.00013,0.0
ba_000768.txt,22,57,6,0.011981,True,0.000137,0.0
ba_000769.txt,26,48,4,0.004455,True,0.00015,0.0
ba_000770.txt,32,60,5,0.012792,True,0.000165,0.0
ba_000771.txt,19,48,6,0.005586,True,0.000128,0.0
ba_000772.txt,23,60,7,0.015627,True,0.000156,0.0
ba_000773.txt,25,66,7,0.015825,True,0.000163,0.0
ba_000774.txt,30,56,4,0.008583,True,0.000153,0.0
ba_000775.txt,16,39,5,0.004085,True,9.6e-05,0.0
ba_000776.txt,26,48,5,0.004977,True,0.000156,0.0
ba_000777.txt,20,51,7,0.007022,True,0.000122,0.0
ba_000778.txt,23,42,4,0.003163,True,0.000129,0.0
ba_000779.txt,20,36,4,0.003105,True,0.000167,0.0
ba_000780.txt,30,56,3,0.004296,True,0.000146,0.0
ba_000781.txt,26,48,4,0.007061,True,0.000133,0.0
ba_000782.txt,30,81,7,0.022149,True,0.000237,0.0
ba_000783.txt,18,32,3,0.002468,True,0.000126,0.0
ba_000784.txt,26,69,8,0.021464,True,0.000159,0.0
ba_000785.txt,15,36,4,0.003389,True,9.6e-05,0.0
ba_000786.txt,19,34,4,0.00286,True,0.000114,0.0
ba_000787.txt,29,78,7,0.019127,True,0.000171,0.0
ba_000788.txt,27,50,3,0.006698,True,0.000167,0.0
ba_000789.txt,23,42,4,0.003495,True,0.00014,0.0
ba_000790.txt,20,51,5,0.006447,True,0.000128,0.0
ba_000791.txt,20,36,3,0.002837,True,0.000124,0.0
ba_000792.txt,19,34,3,0.00236,True,0.000104,0.0
ba_000793.txt,17,30,4,0.002687,True,0.000105,0.0
ba_000794.txt,28,75,7,0.018366,True,0.000184,0.0
ba_000795.txt,35,66,4,0.012042,True,0.000202,0.0
ba_000796.txt,32,60,5,0.005316,True,0.000172,0.0
ba_000797.txt,30,56,5,0.008965,True,0.000166,0.0
ba_000798.txt,18,45,6,0.007129,True,0.000136,0.0
ba_000799.txt,23,42,4,0.00325,True,0.000132,0.0
ba_000800.txt,16,39,4,0.003503,True,0.000115,0.0
ba_000801.txt,19,48,6,0.006001,True,0.000122,0.0
ba_000802.txt,22,57,6,0.013437,True,0.000166,0.0
ba_000803.txt,23,60,7,0.014483,True,0.000152,0.0
ba_000804.txt,28,75,6,0.023368,True,0.000157,0.0
ba_000805.txt,31,58,5,0.010307,True,0.000159,0.0
ba_000806.txt,23,42,3,0.003066,True,0.000132,0.0
ba_000807.txt,19,48,5,0.005088,True,0.000112,0.0
ba_000808.txt,32,87,8,0.028734,True,0.00018,0.0
ba_000809.txt,35,96,9,0.035649,True,0.000194,0.0
ba_000810.txt,23,60,7,0.013257,True,0.000145,0.0
ba_000811.txt,28,75,7,0.019181,True,0.000257,0.0
ba_000812.txt,24,63,7,0.014936,True,0.000149,0.0
ba_000813.txt,35,96,10,0.032924,True,0.000201,0.0
ba_000814.txt,24,63,6,0.013967,True,0.000141,0.0
ba_000815.txt,15,26,2,0.001451,True,5.5e-05,0.0
ba_000816.txt,25,66,6,0.014275,True,0.000104,0.0
ba_000817.txt,24,63,7,0.015495,True,0.000124,0.0
ba_000818.txt,35,66,6,0.016413,True,0.000127,0.0
ba_000819.txt,26,69,6,0.016638,True,0.000106,0.0
ba_000820.txt,26,69,6,0.016435,True,0.000101,0.0
ba_000821.txt,18,32,3,0.002321,True,7.6e-05,0.0
ba_000822.txt,17,30,3,0.002046,True,6.9e-05,0.0
ba_000823.txt,20,36,3,0.002916,True,8.5e-05,0.0
ba_000824.txt,35,66,5,0.010824,True,0.000144,0.0
ba_000825.txt,22,57,6,0.013426,True,8.5e-05,0.0
ba_000826.txt,22,57,6,0.011889,True,9e-05,0.0
ba_000827.txt,18,45,5,0.005357,True,7.7e-05,0.0
ba_000828.txt,31,58,5,0.005125,True,0.000111,0.0
ba_000829.txt,19,34,3,0.002607,True,0.000136,0.0
ba_000830.txt,35,96,9,0.041102,True,0.000154,0.0
ba_000831.txt,32,87,8,0.028966,True,0.000167,0.0
ba_000832.txt,27,50,4,0.004793,True,0.000123,0.0
ba_000833.txt,29,54,5,0.005528,True,0.000101,0.0
ba_000834.txt,23,42,4,0.003322,True,8.1e-05,0.0
ba_000835.txt,29,78,8,0.022157,True,0.000112,0.0
ba_000836.txt,31,84,8,0.024247,True,0.000146,0.0
ba_000837.txt,22,57,7,0.013277,True,0.000106,0.0
ba_000838.txt,22,57,7,0.012912,True,0.000103,0.0
ba_000839.txt,33,90,9,0.029479,True,0.000147,0.0
ba_000840.txt,15,26,3,0.001504,True,5.5e-05,0.0
ba_000841.txt,32,87,9,0.028616,True,0.000122,0.0
ba_000842.txt,17,30,3,0.002066,True,6.2e-05,0.0
ba_000843.txt,17,30,3,0.001942,True,6.1e-05,0.0
ba_000844.txt,30,81,6,0.02133,True,0.000104,0.0
ba_000845.txt,24,44,3,0.003695,True,7.3e-05,0.0
ba_000846.txt,22,40,3,0.003022,True,8e-05,0.0
ba_000847.txt,30,56,5,0.008494,True,9.9e-05,0.0
ba_000848.txt,29,78,5,0.018251,True,0.000118,0.0
ba_000849.txt,33,90,8,0.030829,True,0.00015,0.0
ba_000850.txt,18,32,3,0.002708,True,8.2e-05,0.0
ba_000851.txt,23,60,6,0.012938,True,0.000187,0.0
ba_000852.txt,23,42,4,0.003485,True,9.2e-05,0.0
ba_000853.txt,23,42,4,0.003505,True,9e-05,0.0
ba_000854.txt,19,48,5,0.005065,True,7.8e-05,0.0
ba_000855.txt,15,26,2,0.001556,True,6.5e-05,0.0
ba_000856.txt,20,51,4,0.005321,True,9.5e-05,0.0
ba_000857.txt,25,46,5,0.004249,True,0.000152,0.0
ba_000858.txt,33,62,4,0.010641,True,0.000127,0.0
ba_000859.txt,19,34,3,0.002377,True,7.6e-05,0.0
ba_000860.txt,25,46,4,0.004537,True,0.000111,0.0
ba_000861.txt,22,40,4,0.003247,True,0.000126,0.0
ba_000862.txt,32,60,4,0.012192,True,0.000162,0.0
ba_000863.txt,19,34,3,0.0025,True,0.00011,0.0
ba_000864.txt,15,36,5,0.003544,True,9.3e-05,0.0
ba_000865.txt,24,63,6,0.014068,True,0.000143,0.0
ba_000866.txt,26,69,8,0.020731,True,0.00017,0.0
ba_000867.txt,21,38,4,0.003193,True,0.000127,0.0
ba_000868.txt,17,30,3,0.001943,True,9e-05,0.0
ba_000869.txt,30,81,7,0.022169,True,0.000183,0.0
ba_000870.txt,31,84,7,0.024558,True,0.000211,0.0
ba_000871.txt,16,28,3,0.001834,True,9.3e-05,0.0
ba_000872.txt,28,75,8,0.021263,True,0.000183,0.0
ba_000873.txt,35,66,5,0.014508,True,0.000189,0.0
ba_000874.txt,16,28,3,0.001963,True,0.000115,0.0
ba_000875.txt,32,87,8,0.030133,True,0.000165,0.0
ba_000876.txt,35,66,6,0.015133,True,0.000194,0.0
ba_000877.txt,33,62,6,0.017981,True,0.000188,0.0
ba_000878.txt,25,66,8,0.017753,True,0.000164,0.0
ba_000879.txt,20,51,5,0.005959,True,0.000146,0.0
ba_000880.txt,28,75,7,0.021851,True,0.000191,0.0
ba_000881.txt,17,30,3,0.002135,True,0.000101,0.0
ba_000882.txt,35,66,6,0.012017,True,0.000154,0.0
ba_000883.txt,19,34,4,0.003049,True,0.000114,0.0
ba_000884.txt,23,60,5,0.016126,True,0.000143,0.0
ba_000885.txt,29,78,9,0.03259,True,0.000172,0.0
ba_000886.txt,18,45,5,0.005717,True,0.000173,0.0
ba_000887.txt,33,90,10,0.033166,True,0.000195,0.0
ba_000888.txt,32,87,7,0.025865,True,0.000185,0.0
ba_000889.txt,35,66,4,0.01062,True,0.00019,0.0
ba_000890.txt,30,81,8,0.025685,True,0.000183,0.0
ba_000891.txt,24,44,4,0.004245,True,0.000173,0.0
ba_000892.txt,23,42,4,0.003572,True,0.000151,0.0
ba_000893.txt,23,60,6,0.013512,True,0.000159,0.0
ba_000894.txt,20,51,5,0.006125,True,0.000171,0.0
ba_000895.txt,35,66,6,0.011888,True,0.000178,0.0
ba_000896.txt,28,75,10,0.022654,True,0.000169,0.0
ba_000897.txt,25,46,4,0.004973,True,0.000144,0.0
ba_000898.txt,20,36,4,0.002703,True,0.000125,0.0
ba_000899.txt,19,34,2,0.002579,True,0.000125,0.0
ba_000900.txt,16,39,5,0.003883,True,0.000107,0.0
ba_000901.txt,25,66,6,0.016412,True,0.000136,0.0
ba_000902.txt,27,72,7,0.018475,True,0.000148,0.0
ba_000903.txt,27,72,7,0.017292,True,0.000177,0.0
ba_000904.txt,19,34,3,0.00254,True,0.000115,0.0
ba_000905.txt,33,90,9,0.030642,True,0.00021,0.0
ba_000906.txt,23,60,6,0.01364,True,0.000143,0.0
ba_000907.txt,19,34,3,0.002615,True,0.00012,0.0
ba_000908.txt,35,66,3,0.011965,True,0.000178,0.0
ba_000909.txt,16,39,5,0.003892,True,0.000124,0.0
ba_000910.txt,18,32,4,0.002136,True,0.000112,0.0
ba_000911.txt,34,93,8,0.030659,True,0.000177,0.0
ba_000912.txt,18,45,6,0.005862,True,0.000122,0.0
ba_000913.txt,34,64,4,0.013239,True,0.000157,0.0
ba_000914.txt,31,84,9,0.027919,True,0.000156,0.0
ba_000915.txt,24,63,7,0.015928,True,0.000145,0.0
ba_000916.txt,18,32,3,0.00241,True,0.000106,0.0
ba_000917.txt,20,51,6,0.00625,True,0.000136,0.0
ba_000918.txt,29,54,5,0.005314,True,0.000166,0.0
ba_000919.txt,34,93,9,0.032127,True,0.000221,0.0
ba_000920.txt,32,60,5,0.009849,True,0.000249,0.0
ba_000921.txt,29,78,7,0.021704,True,0.000173,0.0
ba_000922.txt,34,64,5,0.009976,True,0.000209,0.0
ba_000923.txt,35,96,11,0.03501,True,0.0002,0.0
ba_000924.txt,33,62,6,0.010669,True,0.000189,0.0
ba_000925.txt,21,38,3,0.002981,True,0.000124,0.0
ba_000926.txt,18,45,6,0.006921,True,0.000122,0.0
ba_000927.txt,30,56,4,0.005069,True,0.000166,0.0
ba_000928.txt,31,84,7,0.026923,True,0.000172,0.0
ba_000929.txt,29,54,4,0.004382,True,0.000196,0.0
ba_000930.txt,33,62,5,0.010167,True,0.000179,0.0
ba_000931.txt,15,36,5,0.003533,True,9.3e-05,0.0
ba_000932.txt,28,75,8,0.01977,True,0.000202,0.0
ba_000933.txt,29,78,7,0.020647,True,0.000197,0.0
ba_000934.txt,25,46,5,0.004249,True,0.000172,0.0
ba_000935.txt,24,44,4,0.003681,True,0.000141,0.0
ba_000936.txt,27,72,8,0.01911,True,0.00017,0.0
ba_000937.txt,30,81,9,0.024521,True,0.000205,0.0
ba_000938.txt,32,87,7,0.024827,True,0.000182,0.0
ba_000939.txt,16,39,4,0.003834,True,0.000137,0.0
ba_000940.txt,21,38,4,0.003048,True,0.000112,0.0
ba_000941.txt,26,48,3,0.003506,True,0.000144,0.0
ba_000942.txt,32,87,8,0.026762,True,0.000177,0.0
ba_000943.txt,19,34,3,0.002886,True,0.000125,0.0
ba_000944.txt,22,40,4,0.003743,True,0.000123,0.0
ba_000945.txt,26,69,6,0.017022,True,0.000149,0.0
ba_000946.txt,34,93,7,0.03275,True,0.000192,0.0
ba_000947.txt,18,45,5,0.005166,True,0.000129,0.0
ba_000948.txt,15,26,3,0.001854,True,8.4e-05,0.0
ba_000949.txt,21,54,6,0.007375,True,0.000129,0.0
ba_000950.txt,17,30,3,0.002149,True,0.000147,0.0
ba_000951.txt,23,60,6,0.015243,True,0.000147,0.0
ba_000952.txt,30,81,8,0.023819,True,0.000197,0.0
ba_000953.txt,18,32,3,0.002039,True,0.000105,0.0
ba_000954.txt,22,40,4,0.003258,True,0.000126,0.0
ba_000955.txt,15,36,3,0.003046,True,0.000106,0.0
ba_000956.txt,22,40,3,0.003384,True,0.00013,0.0
ba_000957.txt,28,75,8,0.021799,True,0.000163,0.0
ba_000958.txt,18,45,5,0.005214,True,0.00014,0.0
ba_000959.txt,17,30,3,0.0022,True,0.000102,0.0
ba_000960.txt,33,62,6,0.011183,True,0.000185,0.0
ba_000961.txt,31,58,6,0.01228,True,0.000166,0.0
ba_000962.txt,27,72,7,0.01713,True,0.000157,0.0
ba_000963.txt,33,62,4,0.008827,True,0.000164,0.0
ba_000964.txt,19,34,3,0.002501,True,0.000124,0.0
ba_000965.txt,15,36,5,0.003749,True,9.4e-05,0.0
ba_000966.txt,28,52,4,0.008233,True,0.000141,0.0
ba_000967.txt,24,63,6,0.014158,True,0.000162,0.0
ba_000968.txt,30,81,8,0.023157,True,0.000196,0.0
ba_000969.txt,25,46,5,0.00404,True,0.000136,0.0
ba_000970.txt,28,75,7,0.018674,True,0.000176,0.0
ba_000971.txt,20,51,6,0.006228,True,0.000149,0.0
ba_000972.txt,24,63,8,0.01586,True,0.000164,0.0
ba_000973.txt,19,34,3,0.002904,True,0.000113,0.0
ba_000974.txt,26,48,5,0.004228,True,0.000164,0.0
ba_000975.txt,20,36,4,0.003109,True,0.00012,0.0
ba_000976.txt,16,28,3,0.002043,True,0.000145,0.0
ba_000977.txt,33,62,6,0.01333,True,0.000158,0.0
ba_000978.txt,26,69,7,0.017713,True,0.000162,0.0
ba_000979.txt,24,63,8,0.017171,True,0.000168,0.0
ba_000980.txt,35,96,9,0.029402,True,0.00017,0.0
ba_000981.txt,16,39,4,0.003235,True,9e-05,0.0
ba_000982.txt,17,30,4,0.002349,True,0.00013,0.0
ba_000983.txt,23,60,5,0.012502,True,0.000123,0.0
ba_000984.txt,18,45,4,0.004517,True,0.000127,0.0
ba_000985.txt,31,58,4,0.009228,True,0.000219,0.0
ba_000986.txt,24,44,3,0.003391,True,0.000158,0.0
ba_000987.txt,24,63,7,0.015561,True,0.000143,0.0
ba_000988.txt,22,57,7,0.010047,True,0.000155,0.0
ba_000989.txt,34,64,6,0.015293,True,0.000174,0.0
ba_000990.txt,16,39,6,0.004336,True,0.000107,0.0
ba_000991.txt,19,48,5,0.005823,True,0.000128,0.0
ba_000992.txt,33,90,9,0.034237,True,0.000203,0.0
ba_000993.txt,30,56,5,0.009496,True,0.000109,0.0
ba_000994.txt,26,48,5,0.004019,True,0.000102,0.0
ba_000995.txt,22,40,3,0.00332,True,8.7e-05,0.0
ba_000996.txt,31,84,7,0.025874,True,0.00013,0.0
ba_000997.txt,24,44,4,0.003187,True,9.3e-05,0.0
ba_000998.txt,23,60,5,0.011826,True,0.000104,0.0
ba_000999.txt,34,64,6,0.013781,True,0.000116,0.0
ba_001000.txt,19,34,4,0.002656,True,7.3e-05,0.0
ba_001001.txt,33,62,5,0.01,True,0.000117,0.0
ba_001002.txt,26,48,4,0.004006,True,8.3e-05,0.0
ba_001003.txt,35,66,5,0.010978,True,0.000115,0.0
ba_001004.txt,22,40,3,0.003132,True,7.5e-05,0.0
ba_001005.txt,34,64,5,0.011388,True,0.000114,0.0
ba_001006.txt,26,48,5,0.00418,True,0.000148,0.0
ba_001007.txt,30,81,8,0.022436,True,0.000152,0.0
ba_001008.txt,15,26,3,0.001837,True,6.2e-05,0.0
ba_001009.txt,25,46,4,0.004628,True,8.6e-05,0.0
ba_001010.txt,31,58,5,0.009251,True,0.000125,0.0
ba_001011.txt,33,90,8,0.026627,True,0.000153,0.0
ba_001012.txt,26,48,4,0.004392,True,9.9e-05,0.0
ba_001013.txt,35,96,7,0.029851,True,0.000219,0.0
ba_001014.txt,33,62,5,0.01238,True,0.000105,0.0
ba_001015.txt,18,45,6,0.00502,True,7.3e-05,0.0
ba_001016.txt,27,72,9,0.021306,True,0.000151,0.0
ba_001017.txt,27,50,5,0.005175,True,9.3e-05,0.0
ba_001018.txt,22,57,7,0.013638,True,8e-05,0.0
ba_001019.txt,30,81,8,0.021839,True,0.000109,0.0
ba_001020.txt,35,96,8,0.029679,True,0.000163,0.0
ba_001021.txt,26,69,8,0.01767,True,0.000108,0.0
ba_001022.txt,34,93,9,0.03192,True,0.000153,0.0
ba_001023.txt,32,87,8,0.030619,True,0.000142,0.0
ba_001024.txt,17,30,2,0.001954,True,0.00011,0.0
ba_001025.txt,23,60,7,0.015026,True,9.5e-05,0.0
ba_001026.txt,20,36,3,0.002833,True,0.000136,0.0
ba_001027.txt,15,26,3,0.00183,True,6.2e-05,0.0
ba_001028.txt,22,40,4,0.003523,True,8.1e-05,0.0
ba_001029.txt,29,54,3,0.006748,True,0.000103,0.0
ba_001030.txt,34,64,7,0.011023,True,0.000112,0.0
ba_001031.txt,27,50,4,0.003751,True,8.9e-05,0.0
ba_001032.txt,15,26,3,0.001666,True,7.3e-05,0.0
ba_001033.txt,16,28,4,0.001944,True,5.8e-05,0.0
ba_001034.txt,33,62,6,0.006854,True,9.8e-05,0.0
ba_001035.txt,21,38,4,0.00328,True,7.5e-05,0.0
ba_001036.txt,23,60,4,0.012582,True,0.000104,0.0
ba_001037.txt,19,34,3,0.002347,True,6.5e-05,0.0
ba_001038.txt,15,26,2,0.001525,True,5.7e-05,0.0
ba_001039.txt,26,48,5,0.004108,True,8.3e-05,0.0
ba_001040.txt,29,78,9,0.023223,True,0.000139,0.0
ba_001041.txt,28,75,6,0.018769,True,0.000217,0.0
ba_001042.txt,29,54,4,0.005211,True,0.0001,0.0
ba_001043.txt,24,44,4,0.004215,True,8.3e-05,0.0
ba_001044.txt,20,36,3,0.002487,True,6.9e-05,0.0
ba_001045.txt,19,48,6,0.00644,True,7.1e-05,0.0
ba_001046.txt,19,34,4,0.002899,True,6.9e-05,0.0
ba_001047.txt,26,48,3,0.007298,True,9.2e-05,0.0
ba_001048.txt,16,39,4,0.003505,True,6.8e-05,0.0
ba_001049.txt,17,30,4,0.002502,True,6.4e-05,0.0
ba_001050.txt,16,39,4,0.003675,True,5.5e-05,0.0
ba_001051.txt,24,63,7,0.014979,True,0.000102,0.0
ba_001052.txt,30,56,5,0.008564,True,9.4e-05,0.0
ba_001053.txt,35,66,6,0.010382,True,0.00011,0.0
ba_001054.txt,25,66,5,0.013466,True,9.2e-05,0.0
ba_001055.txt,26,48,5,0.004074,True,8.7e-05,0.0
ba_001056.txt,17,42,6,0.00458,True,0.000222,0.0
ba_001057.txt,25,66,7,0.015318,True,0.000103,0.0
ba_001058.txt,31,58,5,0.009751,True,0.000116,0.0
ba_001059.txt,19,34,4,0.002627,True,0.000106,0.0
ba_001060.txt,30,56,5,0.005504,True,0.000105,0.0
ba_001061.txt,27,72,5,0.015794,True,0.000105,0.0
ba_001062.txt,19,48,6,0.005431,True,7.7e-05,0.0
ba_001063.txt,34,93,11,0.036827,True,0.000159,0.0
ba_001064.txt,29,54,5,0.004879,True,0.000104,0.0
ba_001065.txt,25,46,4,0.003814,True,0.000106,0.0
ba_001066.txt,32,60,5,0.010146,True,0.000115,0.0
ba_001067.txt,23,42,4,0.003467,True,8.5e-05,0.0
ba_001068.txt,30,81,8,0.023034,True,0.00014,0.0
ba_001069.txt,21,54,6,0.007126,True,0.000101,0.0
ba_001070.txt,35,66,6,0.012605,True,0.000183,0.0
ba_001071.txt,20,36,4,0.002434,True,8.8e-05,0.0
ba_001072.txt,21,54,7,0.007452,True,7.5e-05,0.0
ba_001073.txt,26,69,7,0.018585,True,0.000109,0.0
ba_001074.txt,16,28,3,0.001658,True,6.2e-05,0.0
ba_001075.txt,24,63,6,0.014948,True,0.000128,0.0
ba_001076.txt,16,39,6,0.004245,True,0.000116,0.0
ba_001077.txt,28,75,7,0.020083,True,0.000112,0.0
ba_001078.txt,28,52,4,0.00457,True,0.00011,0.0
ba_001079.txt,22,40,4,0.003282,True,9.6e-05,0.0
ba_001080.txt,18,32,3,0.002224,True,0.000103,0.0
ba_001081.txt,24,63,6,0.013947,True,9.3e-05,0.0
ba_001082.txt,31,58,5,0.005568,True,0.000166,0.0
ba_001083.txt,20,36,4,0.00272,True,7.1e-05,0.0
ba_001084.txt,15,26,2,0.001859,True,5.6e-05,0.0
ba_001085.txt,22,40,4,0.003212,True,9.4e-05,0.0
ba_001086.txt,30,56,5,0.00983,True,0.000115,0.0
ba_001087.txt,27,50,4,0.006,True,0.000103,0.0
ba_001088.txt,31,58,6,0.005728,True,0.00016,0.0
ba_001089.txt,31,58,5,0.009637,True,0.000113,0.0
ba_001090.txt,16,39,5,0.003745,True,6.3e-05,0.0
ba_001091.txt,20,36,4,0.002645,True,7e-05,0.0
ba_001092.txt,25,46,3,0.003808,True,8.1e-05,0.0
ba_001093.txt,25,66,7,0.01666,True,9.6e-05,0.0
ba_001094.txt,20,36,3,0.002898,True,9.1e-05,0.0
ba_001095.txt,30,56,5,0.009985,True,0.000118,0.0
ba_001096.txt,15,36,5,0.003565,True,7.5e-05,0.0
ba_001097.txt,28,52,5,0.004943,True,0.000101,0.0
ba_001098.txt,31,58,4,0.008994,True,0.000124,0.0
ba_001099.txt,25,46,5,0.004407,True,8.3e-05,0.0
ba_001100.txt,20,51,6,0.006422,True,7.6e-05,0.0
ba_001101.txt,19,48,5,0.006258,True,7.8e-05,0.0
ba_001102.txt,34,93,9,0.032671,True,0.00014,0.0
ba_001103.txt,31,58,6,0.006179,True,0.000113,0.0
ba_001104.txt,16,28,3,0.00201,True,6.7e-05,0.0
ba_001105.txt,28,52,6,0.005424,True,9.8e-05,0.0
ba_001106.txt,27,50,4,0.004626,True,9.6e-05,0.0
ba_001107.txt,30,56,4,0.00502,True,0.000101,0.0
ba_001108.txt,23,42,3,0.002739,True,8.1e-05,0.0
ba_001109.txt,21,54,7,0.007237,True,0.000115,0.0
ba_001110.txt,22,57,6,0.013372,True,0.000113,0.0
ba_001111.txt,34,64,6,0.012759,True,0.00013,0.0
ba_001112.txt,22,40,4,0.003214,True,8.2e-05,0.0
ba_001113.txt,35,96,9,0.029798,True,0.000221,0.0
ba_001114.txt,28,52,5,0.004512,True,0.000103,0.0
ba_001115.txt,16,28,3,0.002047,True,6.3e-05,0.0
ba_001116.txt,21,54,6,0.007024,True,0.000108,0.0
ba_001117.txt,23,42,4,0.003729,True,8.3e-05,0.0
ba_001118.txt,30,81,6,0.019947,True,0.000128,0.0
ba_001119.txt,33,90,8,0.02732,True,0.000149,0.0
ba_001120.txt,26,48,5,0.004503,True,8.5e-05,0.0
ba_001121.txt,33,90,9,0.03069,True,0.000143,0.0
ba_001122.txt,26,69,8,0.019466,True,9.6e-05,0.0
ba_001123.txt,21,54,6,0.007554,True,8.8e-05,0.0
ba_001124.txt,15,36,5,0.003648,True,5.5e-05,0.0
ba_001125.txt,17,30,2,0.002144,True,6.6e-05,0.0
ba_001126.txt,26,69,5,0.013339,True,0.000114,0.0
ba_001127.txt,31,84,10,0.032544,True,0.000146,0.0
ba_001128.txt,18,32,3,0.002303,True,0.000134,0.0
ba_001129.txt,28,52,3,0.004337,True,9.6e-05,0.0
ba_001130.txt,28,75,8,0.022361,True,0.000204,0.0
ba_001131.txt,24,44,5,0.00436,True,0.000102,0.0
ba_001132.txt,27,72,8,0.018748,True,0.000114,0.0
ba_001133.txt,18,32,3,0.002582,True,7.7e-05,0.0
ba_001134.txt,21,54,5,0.006065,True,8.9e-05,0.0
ba_001135.txt,33,90,9,0.027745,True,0.000133,0.0
ba_001136.txt,30,81,8,0.023667,True,0.000162,0.0
ba_001137.txt,16,39,5,0.004034,True,9.8e-05,0.0
ba_001138.txt,34,64,5,0.010449,True,0.000134,0.0
ba_001139.txt,20,51,5,0.006337,True,7.8e-05,0.0
ba_001140.txt,26,48,4,0.005033,True,0.000108,0.0
ba_001141.txt,27,72,8,0.019547,True,0.000119,0.0
ba_001142.txt,31,58,5,0.005477,True,0.000112,0.0
ba_001143.txt,29,54,5,0.008932,True,0.000128,0.0
ba_001144.txt,23,60,7,0.016979,True,9.5e-05,0.0
ba_001145.txt,34,93,10,0.032989,True,0.000136,0.0
ba_001146.txt,29,78,8,0.024013,True,0.000122,0.0
ba_001147.txt,25,46,5,0.003938,True,0.000137,0.0
ba_001148.txt,27,72,8,0.01882,True,0.000107,0.0
ba_001149.txt,16,39,4,0.003785,True,0.0001,0.0
ba_001150.txt,16,39,4,0.003571,True,0.000147,0.0
ba_001151.txt,35,66,4,0.010713,True,0.000149,0.0
ba_001152.txt,28,75,6,0.019238,True,0.000117,0.0
ba_001153.txt,25,66,7,0.017818,True,0.000167,0.0
ba_001154.txt,30,56,5,0.012685,True,0.000113,0.0
ba_001155.txt,33,62,5,0.011304,True,0.000118,0.0
ba_001156.txt,18,45,5,0.004778,True,8.1e-05,0.0
ba_001157.txt,21,38,3,0.003046,True,7.8e-05,0.0
ba_001158.txt,34,64,6,0.013357,True,0.000114,0.0
ba_001159.txt,18,32,3,0.002381,True,6.6e-05,0.0
ba_001160.txt,21,54,5,0.007908,True,0.000168,0.0
ba_001161.txt,32,60,6,0.010259,True,0.000113,0.0
ba_001162.txt,22,40,3,0.002891,True,8.2e-05,0.0
ba_001163.txt,28,75,7,0.019075,True,0.000129,0.0
ba_001164.txt,27,50,5,0.005362,True,0.000112,0.0
ba_001165.txt,27,50,4,0.008248,True,0.000105,0.0
ba_001166.txt,21,54,6,0.008249,True,0.000184,0.0
ba_001167.txt,19,48,5,0.005563,True,7.8e-05,0.0
ba_001168.txt,29,54,6,0.00588,True,0.000142,0.0
ba_001169.txt,18,32,3,0.002398,True,9.1e-05,0.0
ba_001170.txt,16,28,4,0.002014,True,6.8e-05,0.0
ba_001171.txt,29,54,5,0.004986,True,0.000105,0.0
ba_001172.txt,35,96,10,0.036807,True,0.000168,0.0
ba_001173.txt,19,34,3,0.002538,True,0.000112,0.0
ba_001174.txt,15,26,2,0.001522,True,8.2e-05,0.0
ba_001175.txt,23,42,3,0.003238,True,8.6e-05,0.0
ba_001176.txt,18,32,4,0.002647,True,7.2e-05,0.0
ba_001177.txt,20,36,3,0.002632,True,7.9e-05,0.0
ba_001178.txt,17,30,3,0.001812,True,6.9e-05,0.0
ba_001179.txt,28,52,5,0.005328,True,9.7e-05,0.0
ba_001180.txt,23,42,4,0.003404,True,0.000153,0.0
ba_001181.txt,16,39,5,0.003538,True,7e-05,0.0
ba_001182.txt,27,72,7,0.018111,True,0.000107,0.0
ba_001183.txt,29,54,4,0.004967,True,9.9e-05,0.0
ba_001184.txt,34,93,9,0.032602,True,0.000158,0.0
ba_001185.txt,16,39,6,0.004506,True,6.6e-05,0.0
ba_001186.txt,30,81,7,0.021579,True,0.000123,0.0
ba_001187.txt,16,28,2,0.001708,True,6.6e-05,0.0
ba_001188.txt,27,50,5,0.004916,True,0.00011,0.0
ba_001189.txt,26,69,8,0.023407,True,0.000115,0.0
ba_001190.txt,31,84,6,0.022276,True,0.000115,0.0
ba_001191.txt,26,69,5,0.015438,True,9.1e-05,0.0
ba_001192.txt,19,34,3,0.002079,True,6e-05,0.0
ba_001193.txt,25,46,4,0.00395,True,7.9e-05,0.0
ba_001194.txt,30,81,7,0.021614,True,0.000112,0.0
ba_001195.txt,32,60,6,0.006308,True,0.0001,0.0
ba_001196.txt,23,60,6,0.01196,True,8.7e-05,0.0
ba_001197.txt,18,32,4,0.002285,True,8.2e-05,0.0
ba_001198.txt,25,66,6,0.014636,True,8.9e-05,0.0
ba_001199.txt,28,52,5,0.004973,True,0.000101,0.0
ba_001200.txt,20,36,3,0.002583,True,7.7e-05,0.0
ba_001201.txt,22,40,3,0.002838,True,8.3e-05,0.0
ba_001202.txt,24,44,3,0.003188,True,0.000106,0.0
ba_001203.txt,30,81,8,0.024729,True,0.000125,0.0
ba_001204.txt,30,81,8,0.023667,True,0.000123,0.0
ba_001205.txt,28,75,7,0.019677,True,0.000192,0.0
ba_001206.txt,28,52,4,0.00464,True,0.00012,0.0
ba_001207.txt,18,45,5,0.004454,True,7.8e-05,0.0
ba_001208.txt,35,66,6,0.015868,True,0.000143,0.0
ba_001209.txt,18,32,4,0.002823,True,7.4e-05,0.0
ba_001210.txt,32,60,7,0.012636,True,0.000112,0.0
ba_001211.txt,31,58,4,0.009525,True,0.000109,0.0
ba_001212.txt,30,56,4,0.00909,True,0.000104,0.0
ba_001213.txt,22,57,6,0.007554,True,9.9e-05,0.0
ba_001214.txt,27,72,8,0.022982,True,0.000123,0.0
ba_001215.txt,15,36,4,0.003463,True,5.4e-05,0.0
ba_001216.txt,29,54,5,0.008807,True,0.000104,0.0
ba_001217.txt,23,60,7,0.014031,True,8.6e-05,0.0
ba_001218.txt,15,36,5,0.003309,True,8.1e-05,0.0
ba_001219.txt,27,50,5,0.004857,True,9.2e-05,0.0
ba_001220.txt,18,32,3,0.002288,True,6.9e-05,0.0
ba_001221.txt,30,56,4,0.004865,True,9.7e-05,0.0
ba_001222.txt,26,69,7,0.017802,True,0.000129,0.0
ba_001223.txt,19,48,6,0.006196,True,8.2e-05,0.0
ba_001224.txt,22,40,4,0.002524,True,9.6e-05,0.0
ba_001225.txt,32,87,9,0.029523,True,0.000123,0.0
ba_001226.txt,30,56,4,0.004994,True,0.000102,0.0
ba_001227.txt,31,58,4,0.005501,True,0.000146,0.0
ba_001228.txt,32,60,5,0.00539,True,0.000101,0.0
ba_001229.txt,33,90,6,0.026403,True,0.000107,0.0
ba_001230.txt,24,63,7,0.01563,True,0.0001,0.0
ba_001231.txt,23,60,6,0.013355,True,8.8e-05,0.0
ba_001232.txt,15,26,2,0.002341,True,7.3e-05,0.0
ba_001233.txt,18,45,4,0.007555,True,0.000175,0.0
ba_001234.txt,27,72,8,0.027117,True,0.000208,0.0
ba_001235.txt,21,38,3,0.00323,True,0.000127,0.0
ba_001236.txt,26,48,3,0.004152,True,0.000146,0.0
ba_001237.txt,31,58,5,0.005933,True,0.000167,0.0
ba_001238.txt,24,44,4,0.004347,True,0.000141,0.0
ba_001239.txt,28,52,5,0.005863,True,0.000154,0.0
ba_001240.txt,24,44,4,0.00411,True,0.000151,0.0
ba_001241.txt,22,40,5,0.003833,True,0.000129,0.0
ba_001242.txt,33,62,5,0.010394,True,0.000183,0.0
ba_001243.txt,25,46,4,0.006998,True,0.000153,0.0
ba_001244.txt,31,58,5,0.005356,True,0.00019,0.0
ba_001245.txt,27,50,4,0.004231,True,0.000154,0.0
ba_001246.txt,34,64,6,0.010911,True,0.000169,0.0
ba_001247.txt,20,36,4,0.003126,True,0.000115,0.0
ba_001248.txt,16,39,5,0.004052,True,0.000136,0.0
ba_001249.txt,19,34,4,0.00284,True,0.000113,0.0
ba_001250.txt,27,72,7,0.019088,True,0.000166,0.0
ba_001251.txt,25,46,5,0.005018,True,0.000134,0.0
ba_001252.txt,29,78,8,0.021787,True,0.000164,0.0
ba_001253.txt,23,42,3,0.003624,True,0.000131,0.0
ba_001254.txt,19,34,5,0.003387,True,0.00013,0.0
ba_001255.txt,23,60,8,0.016087,True,0.000156,0.0
ba_001256.txt,28,75,8,0.020053,True,0.000163,0.0
ba_001257.txt,29,54,4,0.004681,True,0.00015,0.0
ba_001258.txt,27,72,7,0.01948,True,0.000208,0.0
ba_001259.txt,20,36,4,0.00239,True,0.00013,0.0
ba_001260.txt,19,34,3,0.002677,True,0.000109,0.0
ba_001261.txt,15,36,5,0.003524,True,8.9e-05,0.0
ba_001262.txt,25,46,5,0.00511,True,0.00016,0.0
ba_001263.txt,17,30,3,0.00198,True,6.1e-05,0.0
ba_001264.txt,20,51,6,0.006196,True,8.3e-05,0.0
ba_001265.txt,33,90,8,0.02693,True,0.000109,0.0
ba_001266.txt,15,26,2,0.001405,True,7e-05,0.0
ba_001267.txt,28,75,7,0.02025,True,0.000161,0.0
ba_001268.txt,31,84,7,0.024702,True,0.000137,0.0
ba_001269.txt,21,54,6,0.006991,True,8e-05,0.0
ba_001270.txt,26,69,7,0.017719,True,9.3e-05,0.0
ba_001271.txt,19,34,4,0.002696,True,0.000163,0.0
ba_001272.txt,32,87,10,0.030433,True,0.000149,0.0
ba_001273.txt,24,63,6,0.014718,True,9.7e-05,0.0
ba_001274.txt,18,32,3,0.002625,True,7.4e-05,0.0
ba_001275.txt,16,28,2,0.001579,True,6.8e-05,0.0
ba_001276.txt,23,42,4,0.00297,True,0.000111,0.0
ba_001277.txt,20,51,6,0.008096,True,8.3e-05,0.0
ba_001278.txt,25,66,7,0.017894,True,0.000138,0.0
ba_001279.txt,16,28,3,0.001954,True,6.6e-05,0.0
ba_001280.txt,24,63,6,0.012752,True,0.000139,0.0
ba_001281.txt,26,48,5,0.004705,True,8.9e-05,0.0
ba_001282.txt,27,72,8,0.019025,True,0.000105,0.0
ba_001283.txt,28,75,8,0.020501,True,0.000119,0.0
ba_001284.txt,17,30,3,0.001758,True,6e-05,0.0
ba_001285.txt,34,64,6,0.012243,True,0.000113,0.0
ba_001286.txt,27,50,4,0.004529,True,0.00011,0.0
ba_001287.txt,15,36,5,0.003768,True,7.5e-05,0.0
ba_001288.txt,15,26,3,0.001826,True,5.3e-05,0.0
ba_001289.txt,22,40,5,0.003231,True,6.9e-05,0.0
ba_001290.txt,23,60,6,0.012519,True,8.9e-05,0.0
ba_001291.txt,25,46,5,0.00348,True,0.000108,0.0
ba_001292.txt,18,32,3,0.002816,True,6.6e-05,0.0
ba_001293.txt,17,42,5,0.004088,True,8.6e-05,0.0
ba_001294.txt,28,75,9,0.021229,True,0.000118,0.0
ba_001295.txt,27,72,7,0.019433,True,0.000113,0.0
ba_001296.txt,23,42,5,0.004022,True,9e-05,0.0
ba_001297.txt,24,44,2,0.00306,True,8.2e-05,0.0
ba_001298.txt,20,36,3,0.002189,True,6.9e-05,0.0
ba_001299.txt,34,64,6,0.006179,True,0.00011,0.0
ba_001300.txt,16,28,2,0.001527,True,7.7e-05,0.0
ba_001301.txt,15,36,5,0.003238,True,6e-05,0.0
ba_001302.txt,29,54,6,0.011296,True,9.7e-05,0.0
ba_001303.txt,29,78,9,0.022625,True,0.000123,0.0
ba_001304.txt,19,34,3,0.002307,True,0.000126,0.0
ba_001305.txt,24,44,3,0.003868,True,8.9e-05,0.0
ba_001306.txt,19,48,5,0.005241,True,0.000113,0.0
ba_001307.txt,21,38,5,0.003655,True,8e-05,0.0
ba_001308.txt,32,60,6,0.011179,True,0.000108,0.0
ba_001309.txt,33,90,8,0.027944,True,0.000145,0.0
ba_001310.txt,27,50,4,0.004738,True,9.4e-05,0.0
ba_001311.txt,23,42,4,0.003752,True,9.8e-05,0.0
ba_001312.txt,32,60,4,0.009082,True,0.000118,0.0
ba_001313.txt,15,36,5,0.00373,True,6.2e-05,0.0
ba_001314.txt,28,75,7,0.019855,True,0.000127,0.0
ba_001315.txt,21,54,5,0.007777,True,8.7e-05,0.0
ba_001316.txt,27,50,4,0.003757,True,9.7e-05,0.0
ba_001317.txt,29,78,8,0.021109,True,0.000177,0.0
ba_001318.txt,29,54,5,0.004859,True,9.4e-05,0.0
ba_001319.txt,18,32,4,0.002588,True,9.3e-05,0.0
ba_001320.txt,34,64,5,0.01147,True,0.000119,0.0
ba_001321.txt,20,51,6,0.006315,True,9.5e-05,0.0
ba_001322.txt,27,50,5,0.00863,True,0.000121,0.0
ba_001323.txt,15,26,2,0.001356,True,6.6e-05,0.0
ba_001324.txt,31,58,4,0.009165,True,0.000169,0.0
ba_001325.txt,30,81,7,0.024151,True,0.000127,0.0
ba_001326.txt,32,60,6,0.010689,True,0.000103,0.0
ba_001327.txt,22,57,7,0.013996,True,8.3e-05,0.0
ba_001328.txt,18,32,4,0.002379,True,6.7e-05,0.0
ba_001329.txt,21,54,5,0.005748,True,8.5e-05,0.0
ba_001330.txt,25,46,4,0.005323,True,9e-05,0.0
ba_001331.txt,17,42,5,0.004266,True,6.1e-05,0.0
ba_001332.txt,26,69,8,0.017928,True,0.000108,0.0
ba_001333.txt,15,26,3,0.001794,True,0.000112,0.0
ba_001334.txt,19,34,4,0.002682,True,6.8e-05,0.0
ba_001335.txt,22,40,4,0.003773,True,7.7e-05,0.0
ba_001336.txt,18,32,3,0.00227,True,6.2e-05,0.0
ba_001337.txt,27,72,7,0.017202,True,0.000106,0.0
ba_001338.txt,32,60,5,0.011861,True,0.000104,0.0
ba_001339.txt,24,63,7,0.015893,True,0.000105,0.0
ba_001340.txt,33,90,10,0.032793,True,0.000151,0.0
ba_001341.txt,29,54,4,0.009199,True,0.000105,0.0
ba_001342.txt,32,87,7,0.032453,True,0.000142,0.0
ba_001343.txt,15,36,4,0.003274,True,9.1e-05,0.0
ba_001344.txt,29,78,7,0.020917,True,0.00012,0.0
ba_001345.txt,33,62,6,0.013159,True,0.000121,0.0
ba_001346.txt,26,69,6,0.015683,True,0.000138,0.0
ba_001347.txt,17,30,4,0.002376,True,9e-05,0.0
ba_001348.txt,32,60,4,0.009063,True,0.00014,0.0
ba_001349.txt,28,52,4,0.004446,True,0.000106,0.0
ba_001350.txt,21,38,3,0.003338,True,8.2e-05,0.0
ba_001351.txt,30,81,8,0.022746,True,0.000218,0.0
ba_001352.txt,29,54,3,0.007247,True,0.000107,0.0
ba_001353.txt,24,63,6,0.013842,True,9.9e-05,0.0
ba_001354.txt,17,30,3,0.001929,True,6.9e-05,0.0
ba_001355.txt,25,66,6,0.015417,True,0.000108,0.0
ba_001356.txt,27,72,8,0.020312,True,0.000102,0.0
ba_001357.txt,16,28,4,0.001896,True,6.1e-05,0.0
ba_001358.txt,32,87,11,0.033247,True,0.000146,0.0
ba_001359.txt,28,52,4,0.007014,True,0.000105,0.0
ba_001360.txt,19,48,5,0.005255,True,9.6e-05,0.0
ba_001361.txt,20,36,4,0.003209,True,7.6e-05,0.0
ba_001362.txt,31,58,6,0.011257,True,0.000109,0.0
ba_001363.txt,21,38,4,0.003111,True,7.2e-05,0.0
ba_001364.txt,32,87,6,0.02279,True,0.000138,0.0
ba_001365.txt,27,50,4,0.007229,True,9e-05,0.0
ba_001366.txt,30,56,5,0.009335,True,9.1e-05,0.0
ba_001367.txt,35,96,9,0.030388,True,0.00015,0.0
ba_001368.txt,28,52,5,0.004861,True,9.3e-05,0.0
ba_001369.txt,18,32,3,0.002089,True,6.1e-05,0.0
ba_001370.txt,34,93,9,0.030498,True,0.000121,0.0
ba_001371.txt,22,40,4,0.003087,True,8.1e-05,0.0
ba_001372.txt,24,63,7,0.015996,True,8.2e-05,0.0
ba_001373.txt,32,87,8,0.026069,True,0.000153,0.0
ba_001374.txt,26,48,3,0.004079,True,0.000169,0.0
ba_001375.txt,22,57,7,0.018239,True,0.0001,0.0
ba_001376.txt,20,51,6,0.006119,True,7.5e-05,0.0
ba_001377.txt,25,66,6,0.015312,True,0.000188,0.0
ba_001378.txt,22,40,4,0.003436,True,8.2e-05,0.0
ba_001379.txt,18,32,4,0.002303,True,7.1e-05,0.0
ba_001380.txt,30,81,7,0.0229,True,0.000134,0.0
ba_001381.txt,20,51,5,0.006277,True,9.7e-05,0.0
ba_001382.txt,24,44,3,0.003509,True,9.1e-05,0.0
ba_001383.txt,22,57,6,0.012754,True,8.9e-05,0.0
ba_001384.txt,23,42,4,0.003533,True,8.9e-05,0.0
ba_001385.txt,29,78,9,0.028734,True,0.000209,0.0
ba_001386.txt,27,72,8,0.019784,True,0.000114,0.0
ba_001387.txt,25,66,7,0.016649,True,0.000115,0.0
ba_001388.txt,17,30,3,0.002008,True,6.7e-05,0.0
ba_001389.txt,23,42,4,0.003627,True,8e-05,0.0
ba_001390.txt,31,58,5,0.011383,True,0.000108,0.0
ba_001391.txt,30,81,9,0.026225,True,0.00012,0.0
ba_001392.txt,24,63,8,0.017177,True,9.1e-05,0.0
ba_001393.txt,30,81,9,0.025389,True,0.000123,0.0
ba_001394.txt,34,64,5,0.011375,True,0.000114,0.0
ba_001395.txt,28,52,4,0.00462,True,9e-05,0.0
ba_001396.txt,33,90,9,0.030177,True,0.000136,0.0
ba_001397.txt,26,48,2,0.003589,True,9e-05,0.0
ba_001398.txt,22,40,4,0.002682,True,7.9e-05,0.0
ba_001399.txt,23,42,5,0.003592,True,7.4e-05,0.0
ba_001400.txt,18,32,2,0.0021,True,6.1e-05,0.0
ba_001401.txt,30,56,4,0.007815,True,0.000133,0.0
ba_001402.txt,30,56,4,0.008263,True,0.000115,0.0
ba_001403.txt,31,58,5,0.009766,True,0.000164,0.0
ba_001404.txt,18,45,5,0.00452,True,6.1e-05,0.0
ba_001405.txt,32,60,4,0.010227,True,0.000111,0.0
ba_001406.txt,24,63,7,0.015366,True,0.000106,0.0
ba_001407.txt,31,84,8,0.026103,True,0.000135,0.0
ba_001408.txt,25,46,5,0.003658,True,9e-05,0.0
ba_001409.txt,30,81,8,0.024754,True,0.000122,0.0
ba_001410.txt,17,42,4,0.004307,True,0.000129,0.0
ba_001411.txt,25,46,4,0.003542,True,8.8e-05,0.0
ba_001412.txt,19,34,3,0.002836,True,7.4e-05,0.0
ba_001413.txt,30,56,6,0.006863,True,0.000108,0.0
ba_001414.txt,31,58,5,0.010562,True,0.000107,0.0
ba_001415.txt,34,64,5,0.012548,True,0.000113,0.0
ba_001416.txt,16,39,6,0.003956,True,7.8e-05,0.0
ba_001417.txt,17,30,2,0.001831,True,6.8e-05,0.0
ba_001418.txt,23,60,5,0.010623,True,9.1e-05,0.0
ba_001419.txt,32,87,7,0.025467,True,0.000157,0.0
ba_001420.txt,17,30,2,0.001814,True,6.4e-05,0.0
ba_001421.txt,28,75,6,0.016562,True,0.00011,0.0
ba_001422.txt,23,60,6,0.013544,True,0.000104,0.0
ba_001423.txt,33,62,7,0.016171,True,0.000151,0.0
ba_001424.txt,22,40,4,0.002829,True,9.7e-05,0.0
ba_001425.txt,33,90,9,0.028759,True,0.000117,0.0
ba_001426.txt,32,60,4,0.010007,True,0.000112,0.0
ba_001427.txt,29,54,4,0.00572,True,0.000106,0.0
ba_001428.txt,29,78,8,0.023159,True,0.000182,0.0
ba_001429.txt,32,87,10,0.028825,True,0.000125,0.0
ba_001430.txt,24,44,3,0.003288,True,9.8e-05,0.0
ba_001431.txt,24,44,4,0.003601,True,7.8e-05,0.0
ba_001432.txt,32,60,7,0.012706,True,0.000123,0.0
ba_001433.txt,35,66,4,0.009801,True,0.000196,0.0
ba_001434.txt,30,81,8,0.021632,True,0.000124,0.0
ba_001435.txt,28,52,5,0.005613,True,9.1e-05,0.0
ba_001436.txt,15,36,4,0.00336,True,5.8e-05,0.0
ba_001437.txt,18,45,5,0.005233,True,6.7e-05,0.0
ba_001438.txt,32,60,6,0.012866,True,0.000109,0.0
ba_001439.txt,21,38,4,0.003155,True,7.6e-05,0.0
ba_001440.txt,21,54,6,0.006443,True,0.000104,0.0
ba_001441.txt,25,66,8,0.01892,True,0.000109,0.0
ba_001442.txt,19,34,3,0.002062,True,7.1e-05,0.0
ba_001443.txt,34,93,7,0.028742,True,0.000139,0.0
ba_001444.txt,30,56,6,0.006769,True,0.000119,0.0
ba_001445.txt,31,58,6,0.010031,True,0.000107,0.0
ba_001446.txt,27,72,7,0.017732,True,0.000128,0.0
ba_001447.txt,16,28,3,0.001885,True,6.6e-05,0.0
ba_001448.txt,32,60,6,0.007076,True,0.00012,0.0
ba_001449.txt,33,90,7,0.026867,True,0.000162,0.0
ba_001450.txt,34,64,5,0.011464,True,0.000201,0.0
ba_001451.txt,24,44,4,0.00311,True,0.000104,0.0
ba_001452.txt,23,60,6,0.012415,True,9.1e-05,0.0
ba_001453.txt,21,38,3,0.002938,True,7.1e-05,0.0
ba_001454.txt,34,64,5,0.010765,True,0.000118,0.0
ba_001455.txt,27,50,4,0.004853,True,0.000107,0.0
ba_001456.txt,23,42,3,0.002525,True,7.7e-05,0.0
ba_001457.txt,28,75,8,0.020636,True,0.000172,0.0
ba_001458.txt,16,39,4,0.003645,True,6.5e-05,0.0
ba_001459.txt,26,48,4,0.004562,True,0.000149,0.0
ba_001460.txt,28,52,3,0.004032,True,0.000111,0.0
ba_001461.txt,24,63,6,0.015008,True,8.9e-05,0.0
ba_001462.txt,29,78,8,0.021872,True,0.000114,0.0
ba_001463.txt,16,28,2,0.001901,True,5.9e-05,0.0
ba_001464.txt,31,84,8,0.024875,True,0.000126,0.0
ba_001465.txt,20,51,6,0.005525,True,9.8e-05,0.0
ba_001466.txt,31,58,5,0.005737,True,0.0001,0.0
ba_001467.txt,34,93,8,0.029702,True,0.000138,0.0
ba_001468.txt,31,84,8,0.02396,True,0.000121,0.0
ba_001469.txt,23,60,7,0.013693,True,9.5e-05,0.0
ba_001470.txt,27,50,6,0.005442,True,8.4e-05,0.0
ba_001471.txt,23,60,6,0.012769,True,9.5e-05,0.0
ba_001472.txt,17,42,4,0.003976,True,7.4e-05,0.0
ba_001473.txt,34,93,8,0.034318,True,0.000151,0.0
ba_001474.txt,33,90,7,0.028291,True,0.000136,0.0
ba_001475.txt,20,36,3,0.002521,True,8.5e-05,0.0
ba_001476.txt,35,66,5,0.011885,True,0.000247,0.0
ba_001477.txt,27,72,7,0.018236,True,0.000107,0.0
ba_001478.txt,30,81,7,0.022267,True,0.000121,0.0
ba_001479.txt,16,39,5,0.004386,True,6.9e-05,0.0
ba_001480.txt,26,69,7,0.017542,True,0.00012,0.0
ba_001481.txt,33,62,5,0.011173,True,0.000133,0.0
ba_001482.txt,28,52,5,0.004875,True,0.00013,0.0
ba_001483.txt,18,32,4,0.002434,True,7.5e-05,0.0
ba_001484.txt,15,26,3,0.001726,True,6.3e-05,0.0
ba_001485.txt,30,56,5,0.005627,True,0.00011,0.0
ba_001486.txt,17,42,5,0.005039,True,0.000114,0.0
ba_001487.txt,23,60,7,0.013125,True,0.000108,0.0
ba_001488.txt,35,66,6,0.011275,True,0.000119,0.0
ba_001489.txt,32,87,9,0.029692,True,0.000128,0.0
ba_001490.txt,29,78,8,0.023117,True,0.000212,0.0
ba_001491.txt,20,36,4,0.002447,True,7.6e-05,0.0
ba_001492.txt,24,44,4,0.003368,True,8.3e-05,0.0
ba_001493.txt,35,66,6,0.012891,True,0.000125,0.0
ba_001494.txt,17,42,5,0.004576,True,8.6e-05,0.0
ba_001495.txt,23,42,4,0.003282,True,0.000136,0.0
ba_001496.txt,35,96,9,0.030338,True,0.000206,0.0
ba_001497.txt,21,54,6,0.007135,True,7.6e-05,0.0
ba_001498.txt,34,93,8,0.030672,True,0.000134,0.0
ba_001499.txt,26,48,4,0.00379,True,9.8e-05,0.0
ba_001500.txt,34,93,8,0.030637,True,0.000128,0.0
ba_001501.txt,20,51,6,0.007943,True,8.3e-05,0.0
ba_001502.txt,26,69,7,0.017313,True,9.8e-05,0.0
ba_001503.txt,20,51,5,0.005912,True,0.000108,0.0
ba_001504.txt,26,48,4,0.003999,True,8.9e-05,0.0
ba_001505.txt,29,78,9,0.025679,True,0.000131,0.0
ba_001506.txt,19,48,6,0.005884,True,9e-05,0.0
ba_001507.txt,15,26,4,0.001952,True,8.7e-05,0.0
ba_001508.txt,23,42,4,0.004906,True,0.00013,0.0
ba_001509.txt,22,57,6,0.012564,True,9.9e-05,0.0
ba_001510.txt,19,34,3,0.002095,True,7.8e-05,0.0
ba_001511.txt,28,75,9,0.021174,True,0.00013,0.0
ba_001512.txt,18,32,3,0.002138,True,8.2e-05,0.0
ba_001513.txt,18,45,5,0.004863,True,8.9e-05,0.0
ba_001514.txt,34,64,5,0.011644,True,0.000126,0.0
ba_001515.txt,26,69,7,0.018677,True,0.000106,0.0
ba_001516.txt,21,38,4,0.002949,True,8.4e-05,0.0
ba_001517.txt,24,44,4,0.003601,True,9.2e-05,0.0
ba_001518.txt,27,72,7,0.016917,True,0.000127,0.0
ba_001519.txt,20,36,4,0.002664,True,0.00014,0.0
ba_001520.txt,22,40,5,0.003234,True,8.4e-05,0.0
ba_001521.txt,32,60,5,0.011049,True,0.000112,0.0
ba_001522.txt,22,40,4,0.003224,True,8.8e-05,0.0
ba_001523.txt,27,72,7,0.017831,True,9.8e-05,0.0
ba_001524.txt,16,39,5,0.004037,True,6.4e-05,0.0
ba_001525.txt,32,60,4,0.00519,True,0.000106,0.0
ba_001526.txt,29,54,4,0.004495,True,0.000102,0.0
ba_001527.txt,30,81,8,0.021609,True,0.000137,0.0
ba_001528.txt,29,78,8,0.022608,True,0.000107,0.0
ba_001529.txt,20,36,2,0.001986,True,7.1e-05,0.0
ba_001530.txt,20,51,6,0.006531,True,0.000107,0.0
ba_001531.txt,33,62,4,0.011028,True,0.000109,0.0
ba_001532.txt,15,36,4,0.002931,True,5.8e-05,0.0
ba_001533.txt,32,60,6,0.011912,True,0.000105,0.0
ba_001534.txt,31,58,5,0.009878,True,9.2e-05,0.0
ba_001535.txt,21,54,5,0.006153,True,8e-05,0.0
ba_001536.txt,20,51,6,0.006056,True,8.7e-05,0.0
ba_001537.txt,22,57,5,0.011112,True,7.4e-05,0.0
ba_001538.txt,33,90,8,0.028551,True,0.000141,0.0
ba_001539.txt,26,48,4,0.004665,True,0.00012,0.0
ba_001540.txt,35,96,9,0.038435,True,0.000122,0.0
ba_001541.txt,31,84,9,0.025094,True,0.000127,0.0
ba_001542.txt,24,44,4,0.004231,True,8.4e-05,0.0
ba_001543.txt,32,60,5,0.010405,True,0.00019,0.0
ba_001544.txt,32,60,5,0.01089,True,0.000118,0.0
ba_001545.txt,23,42,4,0.003749,True,8.8e-05,0.0
ba_001546.txt,23,60,6,0.013551,True,9.3e-05,0.0
ba_001547.txt,27,50,5,0.008552,True,0.000114,0.0
ba_001548.txt,18,45,5,0.004494,True,7.2e-05,0.0
ba_001549.txt,24,63,7,0.016005,True,9.8e-05,0.0
ba_001550.txt,20,36,3,0.002231,True,0.000142,0.0
ba_001551.txt,31,58,6,0.005539,True,0.000109,0.0
ba_001552.txt,24,44,4,0.003375,True,8.8e-05,0.0
ba_001553.txt,24,63,6,0.014814,True,0.000106,0.0
ba_001554.txt,24,63,6,0.014454,True,9.3e-05,0.0
ba_001555.txt,31,84,7,0.025027,True,0.000154,0.0
ba_001556.txt,24,63,7,0.01516,True,9.6e-05,0.0
ba_001557.txt,28,75,7,0.019241,True,0.000147,0.0
ba_001558.txt,25,46,4,0.004493,True,9.9e-05,0.0
ba_001559.txt,16,28,3,0.001794,True,7.4e-05,0.0
ba_001560.txt,28,52,4,0.004171,True,9.5e-05,0.0
ba_001561.txt,20,51,5,0.006269,True,7.9e-05,0.0
ba_001562.txt,30,56,6,0.011465,True,0.000106,0.0
ba_001563.txt,16,39,4,0.003615,True,6.4e-05,0.0
ba_001564.txt,28,52,4,0.004378,True,0.000175,0.0
ba_001565.txt,17,30,3,0.002852,True,6.7e-05,0.0
ba_001566.txt,22,57,6,0.012953,True,8.7e-05,0.0
ba_001567.txt,22,40,3,0.002743,True,7.6e-05,0.0
ba_001568.txt,24,63,8,0.013723,True,0.000186,0.0
ba_001569.txt,31,84,8,0.025823,True,0.000121,0.0
ba_001570.txt,15,26,2,0.001537,True,5.3e-05,0.0
ba_001571.txt,17,30,3,0.002076,True,5.8e-05,0.0
ba_001572.txt,19,48,5,0.008844,True,0.000182,0.0
ba_001573.txt,29,78,9,0.034296,True,0.000286,0.0
ba_001574.txt,24,44,4,0.004042,True,9.4e-05,0.0
ba_001575.txt,31,84,9,0.026641,True,0.000151,0.0
ba_001576.txt,25,66,7,0.017124,True,9.5e-05,0.0
ba_001577.txt,28,75,7,0.019216,True,0.000112,0.0
ba_001578.txt,32,60,3,0.018056,True,0.000113,0.0
ba_001579.txt,33,90,9,0.028022,True,0.000165,0.0
ba_001580.txt,16,28,3,0.001988,True,6.8e-05,0.0
ba_001581.txt,19,34,4,0.002767,True,7.9e-05,0.0
ba_001582.txt,31,84,8,0.02625,True,0.000144,0.0
ba_001583.txt,31,58,3,0.004587,True,0.000125,0.0
ba_001584.txt,35,66,5,0.006327,True,0.0002,0.0
ba_001585.txt,19,48,4,0.004362,True,0.00014,0.0
ba_001586.txt,15,36,4,0.00301,True,7.4e-05,0.0
ba_001587.txt,35,96,9,0.034356,True,0.000195,0.0
ba_001588.txt,30,81,7,0.022108,True,0.000142,0.0
ba_001589.txt,16,28,3,0.001945,True,8.2e-05,0.0
ba_001590.txt,27,50,5,0.008412,True,0.000101,0.0
ba_001591.txt,21,38,4,0.003012,True,8.3e-05,0.0
ba_001592.txt,31,84,9,0.028175,True,0.000156,0.0
ba_001593.txt,22,40,4,0.003347,True,8.1e-05,0.0
ba_001594.txt,16,28,3,0.002128,True,6.8e-05,0.0
ba_001595.txt,27,72,7,0.018133,True,0.000121,0.0
ba_001596.txt,20,51,6,0.007044,True,7.3e-05,0.0
ba_001597.txt,25,46,4,0.003977,True,8.5e-05,0.0
ba_001598.txt,30,81,7,0.021185,True,0.000227,0.0
ba_001599.txt,25,46,4,0.004203,True,0.000116,0.0
ba_001600.txt,16,39,3,0.003161,True,8.8e-05,0.0
ba_001601.txt,30,56,4,0.009328,True,0.0001,0.0
ba_001602.txt,20,36,3,0.002549,True,7.1e-05,0.0
ba_001603.txt,29,78,8,0.021703,True,0.000128,0.0
ba_001604.txt,20,36,3,0.00265,True,7.7e-05,0.0
ba_001605.txt,31,84,8,0.025733,True,0.00013,0.0
ba_001606.txt,29,78,7,0.021395,True,0.000121,0.0
ba_001607.txt,17,30,3,0.002359,True,7.3e-05,0.0
ba_001608.txt,19,34,3,0.002505,True,7.5e-05,0.0
ba_001609.txt,27,72,8,0.023851,True,0.000115,0.0
ba_001610.txt,29,78,7,0.020116,True,0.000141,0.0
ba_001611.txt,24,63,6,0.014247,True,9.9e-05,0.0
ba_001612.txt,21,38,5,0.003246,True,7.8e-05,0.0
ba_001613.txt,20,36,3,0.002317,True,0.0001,0.0
ba_001614.txt,26,48,4,0.004444,True,9.7e-05,0.0
ba_001615.txt,23,42,4,0.003256,True,8.8e-05,0.0
ba_001616.txt,20,51,6,0.006133,True,9.1e-05,0.0
ba_001617.txt,31,58,6,0.005995,True,0.000134,0.0
ba_001618.txt,17,42,5,0.004509,True,8.5e-05,0.0
ba_001619.txt,27,72,6,0.017235,True,0.000105,0.0
ba_001620.txt,26,48,4,0.008305,True,9.4e-05,0.0
ba_001621.txt,29,78,7,0.020825,True,0.000111,0.0
ba_001622.txt,33,90,10,0.032193,True,0.000158,0.0
ba_001623.txt,21,54,7,0.007999,True,9.7e-05,0.0
ba_001624.txt,21,54,7,0.007422,True,8.5e-05,0.0
ba_001625.txt,29,54,3,0.004315,True,0.000171,0.0
ba_001626.txt,30,56,3,0.007973,True,0.000107,0.0
ba_001627.txt,19,48,5,0.004606,True,8.8e-05,0.0
ba_001628.txt,32,87,8,0.028762,True,0.000173,0.0
ba_001629.txt,21,54,5,0.00608,True,8.3e-05,0.0
ba_001630.txt,27,50,5,0.005762,True,0.000114,0.0
ba_001631.txt,28,75,6,0.018697,True,0.000121,0.0
ba_001632.txt,33,62,5,0.010585,True,0.000128,0.0
ba_001633.txt,19,48,5,0.005119,True,9e-05,0.0
ba_001634.txt,25,66,6,0.015602,True,0.000122,0.0
ba_001635.txt,18,45,5,0.005131,True,7.7e-05,0.0
ba_001636.txt,19,34,4,0.002597,True,8.1e-05,0.0
ba_001637.txt,26,69,6,0.017866,True,0.000125,0.0
ba_001638.txt,35,96,11,0.034959,True,0.000169,0.0
ba_001639.txt,25,66,7,0.016037,True,0.000124,0.0
ba_001640.txt,31,58,5,0.005954,True,0.000111,0.0
ba_001641.txt,16,39,5,0.004139,True,8.2e-05,0.0
ba_001642.txt,24,63,6,0.015881,True,9.9e-05,0.0
ba_001643.txt,18,45,5,0.004782,True,7.9e-05,0.0
ba_001644.txt,18,32,3,0.002458,True,7.9e-05,0.0
ba_001645.txt,21,38,4,0.00302,True,8.4e-05,0.0
ba_001646.txt,31,58,6,0.011153,True,0.000177,0.0
ba_001647.txt,24,63,7,0.015896,True,0.000107,0.0
ba_001648.txt,26,69,7,0.019422,True,0.000114,0.0
ba_001649.txt,15,26,2,0.001737,True,6.9e-05,0.0
ba_001650.txt,27,50,4,0.004654,True,0.000102,0.0
ba_001651.txt,18,45,5,0.005172,True,7.9e-05,0.0
ba_001652.txt,17,30,3,0.002586,True,6.8e-05,0.0
ba_001653.txt,21,38,4,0.002587,True,8.6e-05,0.0
ba_001654.txt,18,45,5,0.004694,True,0.000132,0.0
ba_001655.txt,31,84,8,0.026042,True,0.000148,0.0
ba_001656.txt,32,87,8,0.028202,True,0.000148,0.0
ba_001657.txt,15,26,3,0.001735,True,7.1e-05,0.0
ba_001658.txt,27,50,4,0.004717,True,9.9e-05,0.0
ba_001659.txt,34,93,9,0.028435,True,0.000197,0.0
ba_001660.txt,19,48,6,0.005987,True,7.8e-05,0.0
ba_001661.txt,20,51,5,0.005991,True,0.000156,0.0
ba_001662.txt,24,44,5,0.003556,True,0.000106,0.0
ba_001663.txt,23,60,6,0.013121,True,9.5e-05,0.0
ba_001664.txt,20,51,5,0.005547,True,9.6e-05,0.0
ba_001665.txt,27,72,8,0.018794,True,0.000115,0.0
ba_001666.txt,24,44,4,0.004216,True,9.2e-05,0.0
ba_001667.txt,30,56,5,0.009416,True,0.000176,0.0
ba_001668.txt,34,93,8,0.029141,True,0.000145,0.0
ba_001669.txt,30,81,8,0.023988,True,0.000133,0.0
ba_001670.txt,20,51,6,0.00786,True,0.000165,0.0
ba_001671.txt,35,66,6,0.012626,True,0.000127,0.0
ba_001672.txt,20,51,6,0.006214,True,9.6e-05,0.0
ba_001673.txt,28,52,4,0.004706,True,0.000118,0.0
ba_001674.txt,17,42,6,0.005279,True,0.000104,0.0
ba_001675.txt,21,54,6,0.006891,True,8.3e-05,0.0
ba_001676.txt,34,64,6,0.012691,True,0.000119,0.0
ba_001677.txt,15,36,4,0.003288,True,8e-05,0.0
ba_001678.txt,17,30,4,0.002064,True,7.5e-05,0.0
ba_001679.txt,25,66,7,0.017568,True,0.000104,0.0
ba_001680.txt,15,36,4,0.00369,True,0.000139,0.0
ba_001681.txt,32,87,9,0.028814,True,0.000137,0.0
ba_001682.txt,34,64,5,0.012197,True,0.000135,0.0
ba_001683.txt,21,38,4,0.003033,True,9.5e-05,0.0
ba_001684.txt,30,56,4,0.008616,True,0.000109,0.0
ba_001685.txt,18,32,3,0.002237,True,7.1e-05,0.0
ba_001686.txt,31,58,6,0.01263,True,0.000117,0.0
ba_001687.txt,32,60,4,0.010336,True,0.000113,0.0
ba_001688.txt,15,26,3,0.001777,True,6e-05,0.0
ba_001689.txt,22,40,4,0.002961,True,0.000135,0.0
ba_001690.txt,17,42,4,0.004382,True,7.1e-05,0.0
ba_001691.txt,29,54,4,0.005171,True,0.000109,0.0
ba_001692.txt,34,64,6,0.006954,True,0.000149,0.0
ba_001693.txt,33,90,8,0.027478,True,0.000126,0.0
ba_001694.txt,20,36,2,0.002537,True,7.5e-05,0.0
ba_001695.txt,25,66,8,0.018136,True,0.000101,0.0
ba_001696.txt,35,96,10,0.03267,True,0.000137,0.0
ba_001697.txt,24,63,6,0.013707,True,0.000114,0.0
ba_001698.txt,20,51,5,0.006228,True,8.3e-05,0.0
ba_001699.txt,28,52,4,0.003792,True,0.000105,0.0
ba_001700.txt,34,64,5,0.010225,True,0.000125,0.0
ba_001701.txt,35,66,6,0.012271,True,0.000122,0.0
ba_001702.txt,21,54,6,0.007246,True,8.1e-05,0.0
ba_001703.txt,30,56,5,0.009416,True,0.000157,0.0
ba_001704.txt,26,69,7,0.017755,True,0.000111,0.0
ba_001705.txt,17,42,6,0.005327,True,7.7e-05,0.0
ba_001706.txt,25,66,6,0.015335,True,0.000105,0.0
ba_001707.txt,33,62,4,0.005248,True,0.000118,0.0
ba_001708.txt,17,30,4,0.00212,True,7.7e-05,0.0
ba_001709.txt,32,87,8,0.027726,True,0.000157,0.0
ba_001710.txt,21,38,5,0.003365,True,8.4e-05,0.0
ba_001711.txt,19,34,4,0.002809,True,8.1e-05,0.0
ba_001712.txt,26,69,7,0.019946,True,0.000123,0.0
ba_001713.txt,24,63,7,0.015177,True,0.000127,0.0
ba_001714.txt,31,84,9,0.033039,True,0.000163,0.0
ba_001715.txt,32,60,5,0.010405,True,0.000115,0.0
ba_001716.txt,30,56,6,0.010524,True,0.000108,0.0
ba_001717.txt,34,64,6,0.012235,True,0.000135,0.0
ba_001718.txt,30,81,9,0.026453,True,0.00013,0.0
ba_001719.txt,20,36,4,0.00277,True,0.000149,0.0
ba_001720.txt,22,57,7,0.014667,True,8.8e-05,0.0
ba_001721.txt,17,30,4,0.002055,True,6.8e-05,0.0
ba_001722.txt,16,28,3,0.001978,True,7.9e-05,0.0
ba_001723.txt,19,34,3,0.002672,True,7.6e-05,0.0
ba_001724.txt,26,48,5,0.004238,True,9.1e-05,0.0
ba_001725.txt,27,50,5,0.004891,True,9.4e-05,0.0
ba_001726.txt,25,66,5,0.014433,True,0.000101,0.0
ba_001727.txt,27,72,7,0.018873,True,0.00012,0.0
ba_001728.txt,32,60,5,0.005018,True,0.00011,0.0
ba_001729.txt,19,34,2,0.002182,True,7.1e-05,0.0
ba_001730.txt,30,56,5,0.009031,True,9.8e-05,0.0
ba_001731.txt,33,90,9,0.028303,True,0.000189,0.0
ba_001732.txt,24,63,6,0.015486,True,0.000139,0.0
ba_001733.txt,25,66,7,0.017149,True,9.9e-05,0.0
ba_001734.txt,31,58,5,0.008855,True,0.000117,0.0
ba_001735.txt,15,26,3,0.001729,True,6.5e-05,0.0
ba_001736.txt,35,96,8,0.030873,True,0.00015,0.0
ba_001737.txt,31,84,9,0.0318,True,0.000126,0.0
ba_001738.txt,26,48,3,0.003887,True,0.000118,0.0
ba_001739.txt,35,96,9,0.034903,True,0.000141,0.0
ba_001740.txt,18,32,3,0.002245,True,8e-05,0.0
ba_001741.txt,27,50,4,0.007855,True,0.000105,0.0
ba_001742.txt,33,62,6,0.01155,True,0.000134,0.0
ba_001743.txt,17,30,3,0.00208,True,7.2e-05,0.0
ba_001744.txt,31,58,5,0.005681,True,0.000127,0.0
ba_001745.txt,22,57,6,0.011555,True,8.8e-05,0.0
ba_001746.txt,29,78,6,0.02296,True,0.000116,0.0
ba_001747.txt,30,81,9,0.02461,True,0.000126,0.0
ba_001748.txt,31,58,4,0.008024,True,0.000179,0.0
ba_001749.txt,15,26,3,0.001837,True,6.3e-05,0.0
ba_001750.txt,24,44,4,0.003861,True,0.000127,0.0
ba_001751.txt,34,64,5,0.010381,True,0.000181,0.0
ba_001752.txt,19,48,5,0.005605,True,8.4e-05,0.0
ba_001753.txt,25,66,6,0.014809,True,0.000129,0.0
ba_001754.txt,17,30,3,0.001967,True,6.8e-05,0.0
ba_001755.txt,16,28,3,0.001973,True,0.000119,0.0
ba_001756.txt,28,75,8,0.021245,True,0.000105,0.0
ba_001757.txt,16,28,4,0.002036,True,5.8e-05,0.0
ba_001758.txt,18,32,2,0.001744,True,6.6e-05,0.0
ba_001759.txt,34,64,6,0.014604,True,0.000176,0.0
ba_001760.txt,31,84,8,0.027718,True,0.000137,0.0
ba_001761.txt,30,81,7,0.021865,True,0.00014,0.0
ba_001762.txt,27,50,4,0.004304,True,0.000183,0.0
ba_001763.txt,18,32,3,0.002368,True,0.000112,0.0
ba_001764.txt,35,66,5,0.010529,True,0.000116,0.0
ba_001765.txt,25,66,6,0.015175,True,9.5e-05,0.0
ba_001766.txt,18,32,3,0.002239,True,8.8e-05,0.0
ba_001767.txt,23,60,6,0.01236,True,0.000186,0.0
ba_001768.txt,27,50,4,0.004694,True,0.00012,0.0
ba_001769.txt,26,48,5,0.004844,True,0.000117,0.0
ba_001770.txt,29,54,6,0.005669,True,0.0001,0.0
ba_001771.txt,26,48,5,0.004279,True,9.7e-05,0.0
ba_001772.txt,26,69,6,0.019193,True,0.000125,0.0
ba_001773.txt,15,26,2,0.001287,True,6.5e-05,0.0
ba_001774.txt,30,56,5,0.005127,True,0.000105,0.0
ba_001775.txt,31,84,8,0.024965,True,0.000139,0.0
ba_001776.txt,23,60,7,0.013474,True,9.6e-05,0.0
ba_001777.txt,34,64,6,0.013026,True,0.000116,0.0
ba_001778.txt,28,52,5,0.005119,True,9.8e-05,0.0
ba_001779.txt,21,54,7,0.01013,True,9.4e-05,0.0
ba_001780.txt,16,39,5,0.00403,True,7.4e-05,0.0
ba_001781.txt,35,96,9,0.034662,True,0.000185,0.0
ba_001782.txt,33,90,9,0.028749,True,0.000146,0.0
ba_001783.txt,28,52,5,0.004804,True,9.5e-05,0.0
ba_001784.txt,18,45,5,0.004982,True,0.000129,0.0
ba_001785.txt,28,52,6,0.006068,True,0.000107,0.0
ba_001786.txt,25,46,5,0.004798,True,0.000105,0.0
ba_001787.txt,24,63,7,0.015301,True,9.3e-05,0.0
ba_001788.txt,18,32,2,0.001954,True,6.6e-05,0.0
ba_001789.txt,34,64,6,0.011596,True,0.000111,0.0
ba_001790.txt,20,51,5,0.006158,True,7.4e-05,0.0
ba_001791.txt,18,32,4,0.00222,True,6.5e-05,0.0
ba_001792.txt,17,30,4,0.002296,True,6.5e-05,0.0
ba_001793.txt,33,90,8,0.029966,True,0.000192,0.0
ba_001794.txt,29,54,5,0.004994,True,9.9e-05,0.0
ba_001795.txt,31,84,9,0.024754,True,0.000127,0.0
ba_001796.txt,28,75,7,0.018956,True,0.000106,0.0
ba_001797.txt,34,64,6,0.011289,True,0.000133,0.0
ba_001798.txt,20,51,6,0.006245,True,8.5e-05,0.0
ba_001799.txt,22,40,4,0.003526,True,8.6e-05,0.0
ba_001800.txt,23,42,3,0.003235,True,9.2e-05,0.0
ba_001801.txt,33,62,6,0.011159,True,0.000134,0.0
ba_001802.txt,31,84,8,0.026695,True,0.000147,0.0
ba_001803.txt,19,48,5,0.00539,True,8.4e-05,0.0
ba_001804.txt,24,63,6,0.014098,True,0.0001,0.0
ba_001805.txt,26,69,8,0.020246,True,0.000113,0.0
ba_001806.txt,33,90,10,0.032854,True,0.000152,0.0
ba_001807.txt,31,58,6,0.009848,True,0.000174,0.0
ba_001808.txt,21,54,6,0.007163,True,0.000101,0.0
ba_001809.txt,30,56,4,0.0099,True,0.000116,0.0
ba_001810.txt,17,42,5,0.005039,True,7.9e-05,0.0
ba_001811.txt,22,40,4,0.00357,True,8.1e-05,0.0
ba_001812.txt,19,48,7,0.006537,True,9.1e-05,0.0
ba_001813.txt,23,60,5,0.011457,True,9.8e-05,0.0
ba_001814.txt,31,58,5,0.005143,True,0.000126,0.0
ba_001815.txt,29,78,8,0.023277,True,0.000122,0.0
ba_001816.txt,33,62,5,0.011558,True,0.000127,0.0
ba_001817.txt,27,50,3,0.006342,True,0.000139,0.0
ba_001818.txt,25,66,7,0.018468,True,0.000108,0.0
ba_001819.txt,18,45,5,0.004721,True,7.8e-05,0.0
ba_001820.txt,23,42,5,0.004315,True,9.1e-05,0.0
ba_001821.txt,31,84,8,0.027553,True,0.000206,0.0
ba_001822.txt,28,75,8,0.018417,True,0.000179,0.0
ba_001823.txt,31,58,5,0.005015,True,0.000112,0.0
ba_001824.txt,15,26,3,0.00168,True,6.2e-05,0.0
ba_001825.txt,35,96,9,0.031453,True,0.000187,0.0
ba_001826.txt,17,42,5,0.004686,True,7.5e-05,0.0
ba_001827.txt,30,81,8,0.02515,True,0.000161,0.0
ba_001828.txt,20,36,3,0.00228,True,9.4e-05,0.0
ba_001829.txt,35,96,9,0.032679,True,0.000141,0.0
ba_001830.txt,16,28,3,0.002068,True,8.7e-05,0.0
ba_001831.txt,25,66,7,0.015538,True,0.000118,0.0
ba_001832.txt,35,66,7,0.014972,True,0.000132,0.0
ba_001833.txt,32,87,8,0.028743,True,0.000123,0.0
ba_001834.txt,31,58,5,0.00598,True,0.000115,0.0
ba_001835.txt,17,42,6,0.004824,True,7.4e-05,0.0
ba_001836.txt,21,38,4,0.002937,True,9.4e-05,0.0
ba_001837.txt,25,66,7,0.017512,True,0.000107,0.0
ba_001838.txt,29,78,7,0.021948,True,0.000125,0.0
ba_001839.txt,24,44,4,0.004089,True,0.000109,0.0
ba_001840.txt,28,52,4,0.004825,True,0.000109,0.0
ba_001841.txt,18,32,4,0.002339,True,9.4e-05,0.0
ba_001842.txt,19,48,5,0.006472,True,8.2e-05,0.0
ba_001843.txt,28,52,5,0.005463,True,0.00012,0.0
ba_001844.txt,30,81,7,0.022081,True,0.000147,0.0
ba_001845.txt,29,78,8,0.02068,True,0.000233,0.0
ba_001846.txt,26,69,7,0.020832,True,0.000112,0.0
ba_001847.txt,33,62,6,0.012813,True,0.000124,0.0
ba_001848.txt,20,51,5,0.006381,True,8.4e-05,0.0
ba_001849.txt,34,93,10,0.034195,True,0.000155,0.0
ba_001850.txt,16,39,5,0.004372,True,8.3e-05,0.0
ba_001851.txt,27,50,4,0.004256,True,0.000115,0.0
ba_001852.txt,29,78,7,0.020563,True,0.000115,0.0
ba_001853.txt,22,57,6,0.00672,True,8.8e-05,0.0
ba_001854.txt,27,50,4,0.00369,True,8.2e-05,0.0
ba_001855.txt,15,36,4,0.003777,True,5.9e-05,0.0
ba_001856.txt,15,36,5,0.003883,True,6.8e-05,0.0
ba_001857.txt,19,34,4,0.002342,True,6.7e-05,0.0
ba_001858.txt,19,48,6,0.006325,True,7e-05,0.0
ba_001859.txt,25,46,4,0.004156,True,0.000141,0.0
ba_001860.txt,34,93,9,0.037769,True,0.000151,0.0
ba_001861.txt,18,45,5,0.004707,True,8.4e-05,0.0
ba_001862.txt,27,72,6,0.016436,True,0.000191,0.0
ba_001863.txt,19,34,4,0.00209,True,7.2e-05,0.0
ba_001864.txt,20,51,5,0.005473,True,8.1e-05,0.0
ba_001865.txt,15,26,3,0.002042,True,0.000105,0.0
ba_001866.txt,20,51,6,0.005919,True,8.1e-05,0.0
ba_001867.txt,24,44,5,0.003772,True,0.000101,0.0
ba_001868.txt,21,54,6,0.006817,True,0.000115,0.0
ba_001869.txt,31,84,7,0.025645,True,0.000144,0.0
ba_001870.txt,31,58,5,0.009139,True,0.00019,0.0
ba_001871.txt,24,63,8,0.017703,True,9.2e-05,0.0
ba_001872.txt,16,28,3,0.002393,True,6.7e-05,0.0
ba_001873.txt,27,50,4,0.004284,True,9.5e-05,0.0
ba_001874.txt,29,78,8,0.021673,True,0.00011,0.0
ba_001875.txt,33,90,9,0.028507,True,0.000123,0.0
ba_001876.txt,32,60,4,0.008687,True,0.00013,0.0
ba_001877.txt,33,90,8,0.029214,True,0.000129,0.0
ba_001878.txt,28,52,3,0.007163,True,0.000118,0.0
ba_001879.txt,28,75,6,0.018687,True,0.000111,0.0
ba_001880.txt,21,54,6,0.006851,True,8.5e-05,0.0
ba_001881.txt,26,69,8,0.017501,True,0.00016,0.0
ba_001882.txt,30,81,10,0.025662,True,0.000183,0.0
ba_001883.txt,27,72,5,0.017501,True,0.000114,0.0
ba_001884.txt,31,58,4,0.006,True,0.000104,0.0
ba_001885.txt,35,66,5,0.010885,True,0.000133,0.0
ba_001886.txt,33,90,8,0.027032,True,0.000131,0.0
ba_001887.txt,34,64,7,0.013672,True,0.000113,0.0
ba_001888.txt,26,69,6,0.01684,True,0.000122,0.0
ba_001889.txt,25,66,7,0.016715,True,9.6e-05,0.0
ba_001890.txt,30,81,9,0.032408,True,0.00024,0.0
ba_001891.txt,16,28,3,0.003332,True,0.0001,0.0
ba_001892.txt,17,42,4,0.004109,True,7.3e-05,0.0
ba_001893.txt,20,36,4,0.002872,True,0.000105,0.0
ba_001894.txt,15,36,5,0.003857,True,6.1e-05,0.0
ba_001895.txt,25,46,4,0.003502,True,8.6e-05,0.0
ba_001896.txt,26,48,4,0.004446,True,9.6e-05,0.0
ba_001897.txt,28,52,5,0.005233,True,0.000111,0.0
ba_001898.txt,23,60,6,0.012727,True,8.9e-05,0.0
ba_001899.txt,29,54,4,0.005083,True,9.9e-05,0.0
ba_001900.txt,25,66,7,0.016853,True,0.000161,0.0
ba_001901.txt,31,84,8,0.023821,True,0.000114,0.0
ba_001902.txt,16,28,3,0.002067,True,6.9e-05,0.0
ba_001903.txt,20,36,3,0.002763,True,7.4e-05,0.0
ba_001904.txt,19,34,3,0.002352,True,8.6e-05,0.0
ba_001905.txt,22,57,6,0.011938,True,0.000102,0.0
ba_001906.txt,17,42,5,0.003969,True,6.6e-05,0.0
ba_001907.txt,16,28,3,0.001962,True,6.3e-05,0.0
ba_001908.txt,35,96,9,0.044585,True,0.00018,0.0
ba_001909.txt,23,42,3,0.003164,True,8.2e-05,0.0
ba_001910.txt,21,38,5,0.003152,True,8.6e-05,0.0
ba_001911.txt,25,46,5,0.004094,True,8.6e-05,0.0
ba_001912.txt,31,58,5,0.009909,True,0.000104,0.0
ba_001913.txt,23,60,6,0.013456,True,8.9e-05,0.0
ba_001914.txt,26,48,4,0.004527,True,9e-05,0.0
ba_001915.txt,26,48,4,0.004559,True,8.7e-05,0.0
ba_001916.txt,18,45,5,0.005081,True,6.9e-05,0.0
ba_001917.txt,35,66,6,0.012119,True,0.000113,0.0
ba_001918.txt,35,66,7,0.007602,True,0.000112,0.0
ba_001919.txt,29,78,8,0.024385,True,0.000133,0.0
ba_001920.txt,26,69,8,0.01907,True,9.7e-05,0.0
ba_001921.txt,26,69,8,0.01994,True,0.000107,0.0
ba_001922.txt,33,62,5,0.011785,True,0.000126,0.0
ba_001923.txt,35,66,5,0.010304,True,0.000113,0.0
ba_001924.txt,28,75,7,0.020992,True,0.000143,0.0
ba_001925.txt,31,58,6,0.010028,True,0.000108,0.0
ba_001926.txt,35,96,10,0.038947,True,0.000139,0.0
ba_001927.txt,33,62,4,0.008887,True,0.00015,0.0
ba_001928.txt,29,78,8,0.02059,True,0.000176,0.0
ba_001929.txt,17,30,3,0.003052,True,0.000117,0.0
ba_001930.txt,26,48,4,0.004775,True,0.000108,0.0
ba_001931.txt,18,32,3,0.002044,True,7.3e-05,0.0
ba_001932.txt,21,38,4,0.003338,True,7.8e-05,0.0
ba_001933.txt,30,81,8,0.02594,True,0.000122,0.0
ba_001934.txt,34,93,9,0.030215,True,0.000161,0.0
ba_001935.txt,18,32,3,0.002582,True,7.5e-05,0.0
ba_001936.txt,19,48,6,0.005565,True,8.5e-05,0.0
ba_001937.txt,28,52,5,0.00499,True,9.1e-05,0.0
ba_001938.txt,24,63,8,0.017568,True,9.3e-05,0.0
ba_001939.txt,18,45,5,0.005103,True,7e-05,0.0
ba_001940.txt,19,34,3,0.002409,True,8.3e-05,0.0
ba_001941.txt,25,46,4,0.003536,True,8.5e-05,0.0
ba_001942.txt,17,30,4,0.002238,True,6.4e-05,0.0
ba_001943.txt,16,28,3,0.001753,True,6.5e-05,0.0
ba_001944.txt,27,50,5,0.004628,True,9.8e-05,0.0
ba_001945.txt,33,90,7,0.028893,True,0.000164,0.0
ba_001946.txt,19,48,6,0.007549,True,7.5e-05,0.0
ba_001947.txt,34,93,10,0.035455,True,0.000158,0.0
ba_001948.txt,24,63,6,0.014988,True,8.6e-05,0.0
ba_001949.txt,30,56,6,0.005759,True,0.000164,0.0
ba_001950.txt,27,50,4,0.004253,True,9.1e-05,0.0
ba_001951.txt,26,69,8,0.019341,True,0.000178,0.0
ba_001952.txt,26,48,4,0.004224,True,8.5e-05,0.0
ba_001953.txt,32,60,4,0.0086,True,0.000105,0.0
ba_001954.txt,33,62,4,0.012327,True,0.000182,0.0
ba_001955.txt,19,34,4,0.00305,True,8.1e-05,0.0
ba_001956.txt,30,81,8,0.024219,True,0.000122,0.0
ba_001957.txt,29,78,8,0.0233,True,0.000139,0.0
ba_001958.txt,19,48,6,0.006152,True,7.9e-05,0.0
ba_001959.txt,17,30,4,0.002053,True,7e-05,0.0
ba_001960.txt,16,39,4,0.003543,True,7.2e-05,0.0
ba_001961.txt,24,44,4,0.003604,True,9.5e-05,0.0
ba_001962.txt,25,46,6,0.005019,True,9.7e-05,0.0
ba_001963.txt,33,62,6,0.011309,True,0.000122,0.0
ba_001964.txt,19,34,3,0.002185,True,8.1e-05,0.0
ba_001965.txt,28,52,3,0.008257,True,0.000107,0.0
ba_001966.txt,18,45,5,0.00505,True,9.5e-05,0.0
ba_001967.txt,27,72,7,0.019656,True,0.000124,0.0
ba_001968.txt,26,69,8,0.018356,True,0.000108,0.0
ba_001969.txt,29,54,4,0.008055,True,0.000105,0.0
ba_001970.txt,19,34,4,0.00259,True,7.7e-05,0.0
ba_001971.txt,28,52,5,0.005123,True,0.000116,0.0
ba_001972.txt,25,46,4,0.004238,True,8.9e-05,0.0
ba_001973.txt,19,34,3,0.002639,True,6.9e-05,0.0
ba_001974.txt,17,30,2,0.001933,True,6.8e-05,0.0
ba_001975.txt,30,81,7,0.021506,True,0.000143,0.0
ba_001976.txt,17,42,5,0.004686,True,9.5e-05,0.0
ba_001977.txt,26,48,4,0.003788,True,9.5e-05,0.0
ba_001978.txt,33,90,10,0.03015,True,0.000134,0.0
ba_001979.txt,22,57,6,0.012718,True,8.7e-05,0.0
ba_001980.txt,20,51,7,0.007233,True,8e-05,0.0
ba_001981.txt,28,52,5,0.004595,True,0.00011,0.0
ba_001982.txt,26,48,3,0.00658,True,8.7e-05,0.0
ba_001983.txt,31,58,4,0.00514,True,0.000118,0.0
ba_001984.txt,35,96,9,0.032132,True,0.000135,0.0
ba_001985.txt,22,57,6,0.012581,True,0.000101,0.0
ba_001986.txt,24,44,4,0.003513,True,8e-05,0.0
ba_001987.txt,25,46,3,0.003952,True,8.6e-05,0.0
ba_001988.txt,28,52,4,0.004085,True,0.000151,0.0
ba_001989.txt,16,39,5,0.004142,True,6.5e-05,0.0
ba_001990.txt,20,36,4,0.002764,True,8.1e-05,0.0
ba_001991.txt,15,26,3,0.001788,True,0.000111,0.0
ba_001992.txt,24,63,8,0.014987,True,0.000121,0.0
ba_001993.txt,30,81,7,0.023872,True,0.000173,0.0
ba_001994.txt,24,63,5,0.013089,True,0.000119,0.0
ba_001995.txt,31,84,8,0.027482,True,0.000206,0.0
ba_001996.txt,31,58,4,0.009698,True,0.000119,0.0
ba_001997.txt,28,75,7,0.021613,True,0.000124,0.0
ba_001998.txt,33,90,8,0.030479,True,0.000142,0.0
ba_001999.txt,31,58,4,0.005499,True,0.000114,0.0
ws_000000.txt,16,32,6,0.003788,True,6.2e-05,0.0
ws_000001.txt,29,58,10,0.022712,True,8.7e-05,0.0
ws_000002.txt,20,40,7,0.005934,True,7.1e-05,0.0
ws_000003.txt,31,62,11,0.02374,True,9.4e-05,0.0
ws_000004.txt,28,56,10,0.019788,True,0.00016,0.0
ws_000005.txt,30,60,10,0.018891,True,9.9e-05,0.0
ws_000006.txt,33,66,11,0.029141,True,0.000129,0.0
ws_000007.txt,15,30,6,0.003368,True,5.8e-05,0.0
ws_000008.txt,16,32,6,0.004268,True,5.8e-05,0.0
ws_000009.txt,26,52,10,0.017897,True,8.5e-05,0.0
ws_000010.txt,24,48,9,0.014159,True,7.9e-05,0.0
ws_000011.txt,21,42,7,0.006071,True,6.6e-05,0.0
ws_000012.txt,23,46,8,0.011917,True,7.3e-05,0.0
ws_000013.txt,30,60,11,0.023832,True,0.000103,0.0
ws_000014.txt,33,66,11,0.025574,True,0.000105,0.0
ws_000015.txt,29,58,10,0.019933,True,9.1e-05,0.0
ws_000016.txt,29,58,10,0.019236,True,9.2e-05,0.0
ws_000017.txt,16,32,6,0.003895,True,6.7e-05,0.0
ws_000018.txt,18,36,7,0.005403,True,7.9e-05,0.0
ws_000019.txt,35,70,12,0.028435,True,0.000116,0.0
ws_000020.txt,28,56,10,0.019879,True,0.000107,0.0
ws_000021.txt,28,56,10,0.019093,True,0.000158,0.0
ws_000022.txt,17,34,6,0.004472,True,6.9e-05,0.0
ws_000023.txt,17,34,6,0.004147,True,6.7e-05,0.0
ws_000024.txt,25,50,9,0.015943,True,8.6e-05,0.0
ws_000025.txt,30,60,10,0.020901,True,0.000108,0.0
ws_000026.txt,16,32,6,0.003683,True,6.7e-05,0.0
ws_000027.txt,32,64,11,0.022609,True,0.000103,0.0
ws_000028.txt,32,64,11,0.023637,True,0.0001,0.0
ws_000029.txt,35,70,12,0.027795,True,0.00018,0.0
ws_000030.txt,31,62,10,0.023448,True,9.7e-05,0.0
ws_000031.txt,21,42,7,0.007072,True,7.4e-05,0.0
ws_000032.txt,31,62,11,0.021185,True,8.8e-05,0.0
ws_000033.txt,31,62,10,0.025074,True,9.7e-05,0.0
ws_000034.txt,27,54,9,0.018782,True,9.1e-05,0.0
ws_000035.txt,26,52,9,0.015646,True,0.000118,0.0
ws_000036.txt,35,70,11,0.024882,True,0.000124,0.0
ws_000037.txt,28,56,9,0.016265,True,0.000156,0.0
ws_000038.txt,29,58,10,0.018672,True,0.000106,0.0
ws_000039.txt,16,32,6,0.003673,True,0.000141,0.0
ws_000040.txt,18,36,6,0.004426,True,6.4e-05,0.0
ws_000041.txt,26,52,9,0.015546,True,9e-05,0.0
ws_000042.txt,33,66,12,0.02561,True,0.000106,0.0
ws_000043.txt,31,62,10,0.027558,True,0.000103,0.0
ws_000044.txt,25,50,8,0.01452,True,9.5e-05,0.0
ws_000045.txt,33,66,11,0.024151,True,0.000113,0.0
ws_000046.txt,28,56,10,0.01948,True,9.9e-05,0.0
ws_000047.txt,19,38,6,0.00546,True,0.000154,0.0
ws_000048.txt,23,46,9,0.013626,True,8.2e-05,0.0
ws_000049.txt,26,52,9,0.016457,True,0.000109,0.0
ws_000050.txt,20,40,7,0.006001,True,7.7e-05,0.0
ws_000051.txt,16,32,6,0.004137,True,6.2e-05,0.0
ws_000052.txt,28,56,10,0.018288,True,8.6e-05,0.0
ws_000053.txt,27,54,9,0.017429,True,8.6e-05,0.0
ws_000054.txt,30,60,10,0.018807,True,8.9e-05,0.0
ws_000055.txt,35,70,12,0.027667,True,0.000118,0.0
ws_000056.txt,25,50,9,0.014128,True,8.2e-05,0.0
ws_000057.txt,32,64,11,0.024341,True,9.8e-05,0.0
ws_000058.txt,29,58,10,0.019985,True,9e-05,0.0
ws_000059.txt,23,46,8,0.01243,True,7.7e-05,0.0
ws_000060.txt,18,36,6,0.00555,True,6.4e-05,0.0
ws_000061.txt,24,48,8,0.023026,True,7.6e-05,0.0
ws_000062.txt,21,42,6,0.005271,True,8.4e-05,0.0
ws_000063.txt,15,30,6,0.003294,True,5.3e-05,0.0
ws_000064.txt,30,60,10,0.021777,True,8.7e-05,0.0
ws_000065.txt,34,68,12,0.025258,True,0.000113,0.0
ws_000066.txt,21,42,7,0.005467,True,6.7e-05,0.0
ws_000067.txt,23,46,8,0.011673,True,0.000141,0.0
ws_000068.txt,25,50,8,0.014826,True,8e-05,0.0
ws_000069.txt,16,32,5,0.003347,True,5.4e-05,0.0
ws_000070.txt,35,70,12,0.025532,True,0.000136,0.0
ws_000071.txt,28,56,10,0.017588,True,0.000106,0.0
ws_000072.txt,24,48,9,0.014475,True,8.3e-05,0.0
ws_000073.txt,28,56,10,0.018708,True,9.2e-05,0.0
ws_000074.txt,31,62,10,0.022732,True,0.000104,0.0
ws_000075.txt,34,68,12,0.026065,True,0.000105,0.0
ws_000076.txt,35,70,12,0.02916,True,0.000113,0.0
ws_000077.txt,16,32,6,0.003591,True,6.4e-05,0.0
ws_000078.txt,20,40,8,0.006401,True,6.8e-05,0.0
ws_000079.txt,21,42,7,0.006113,True,7.1e-05,0.0
ws_000080.txt,22,44,8,0.011467,True,7.2e-05,0.0
ws_000081.txt,15,30,6,0.003122,True,5.2e-05,0.0
ws_000082.txt,17,34,6,0.004235,True,6e-05,0.0
ws_000083.txt,20,40,7,0.005392,True,6.3e-05,0.0
ws_000084.txt,25,50,8,0.01473,True,7.7e-05,0.0
ws_000085.txt,22,44,8,0.011334,True,7e-05,0.0
ws_000086.txt,15,30,6,0.003262,True,5.1e-05,0.0
ws_000087.txt,32,64,11,0.026507,True,0.000162,0.0
ws_000088.txt,24,48,8,0.014649,True,7.2e-05,0.0
ws_000089.txt,26,52,9,0.015695,True,8.6e-05,0.0
ws_000090.txt,27,54,9,0.016485,True,8.5e-05,0.0
ws_000091.txt,19,38,7,0.004974,True,6.2e-05,0.0
ws_000092.txt,35,70,13,0.031405,True,9.8e-05,0.0
ws_000093.txt,35,70,13,0.028637,True,0.000186,0.0
ws_000094.txt,24,48,8,0.012593,True,8.1e-05,0.0
ws_000095.txt,24,48,9,0.014142,True,0.000111,0.0
ws_000096.txt,24,48,8,0.012901,True,7.5e-05,0.0
ws_000097.txt,21,42,7,0.008661,True,8.1e-05,0.0
ws_000098.txt,32,64,11,0.028494,True,0.000141,0.0
ws_000099.txt,19,38,7,0.005351,True,6.3e-05,0.0
ws_000100.txt,15,30,5,0.00318,True,5.5e-05,0.0
ws_000101.txt,35,70,12,0.03089,True,0.000108,0.0
ws_000102.txt,27,54,9,0.016153,True,0.000103,0.0
ws_000103.txt,26,52,9,0.016688,True,0.000112,0.0
ws_000104.txt,16,32,5,0.003065,True,7.5e-05,0.0
ws_000105.txt,17,34,6,0.004215,True,7.2e-05,0.0
ws_000106.txt,31,62,11,0.022178,True,0.000115,0.0
ws_000107.txt,34,68,11,0.025667,True,0.00013,0.0
ws_000108.txt,17,34,6,0.00427,True,6.5e-05,0.0
ws_000109.txt,31,62,10,0.019667,True,0.000193,0.0
ws_000110.txt,34,68,11,0.025339,True,0.000117,0.0
ws_000111.txt,25,50,8,0.013913,True,8.2e-05,0.0
ws_000112.txt,17,34,6,0.004203,True,6.1e-05,0.0
ws_000113.txt,33,66,10,0.024867,True,0.000115,0.0
ws_000114.txt,16,32,6,0.00365,True,7.2e-05,0.0
ws_000115.txt,17,34,6,0.004036,True,6.2e-05,0.0
ws_000116.txt,28,56,10,0.020073,True,9.7e-05,0.0
ws_000117.txt,15,30,6,0.003389,True,5.6e-05,0.0
ws_000118.txt,34,68,12,0.024157,True,9.8e-05,0.0
ws_000119.txt,23,46,8,0.010941,True,0.000131,0.0
ws_000120.txt,20,40,7,0.005003,True,6.5e-05,0.0
ws_000121.txt,15,30,5,0.00317,True,5.7e-05,0.0
ws_000122.txt,25,50,8,0.012804,True,0.000149,0.0
ws_000123.txt,21,42,7,0.005884,True,7.2e-05,0.0
ws_000124.txt,30,60,10,0.019506,True,8.8e-05,0.0
ws_000125.txt,33,66,11,0.026393,True,9.9e-05,0.0
ws_000126.txt,33,66,12,0.026622,True,0.000116,0.0
ws_000127.txt,25,50,9,0.012962,True,9.5e-05,0.0
ws_000128.txt,20,40,7,0.005642,True,6.9e-05,0.0
ws_000129.txt,22,44,7,0.011409,True,7.2e-05,0.0
ws_000130.txt,18,36,6,0.005204,True,6.1e-05,0.0
ws_000131.txt,26,52,8,0.018908,True,0.00011,0.0
ws_000132.txt,18,36,7,0.00448,True,6.8e-05,0.0
ws_000133.txt,30,60,10,0.021336,True,0.000108,0.0
ws_000134.txt,15,30,5,0.003501,True,6.2e-05,0.0
ws_000135.txt,18,36,6,0.004171,True,7e-05,0.0
ws_000136.txt,18,36,6,0.004448,True,8e-05,0.0
ws_000137.txt,19,38,7,0.005652,True,7.2e-05,0.0
ws_000138.txt,32,64,11,0.022473,True,0.0001,0.0
ws_000139.txt,25,50,9,0.01561,True,8.1e-05,0.0
ws_000140.txt,16,32,6,0.003646,True,6.1e-05,0.0
ws_000141.txt,31,62,11,0.022725,True,0.000105,0.0
ws_000142.txt,20,40,6,0.006696,True,6.9e-05,0.0
ws_000143.txt,32,64,11,0.024942,True,0.000104,0.0
ws_000144.txt,30,60,10,0.018708,True,9.1e-05,0.0
ws_000145.txt,19,38,7,0.005636,True,9.5e-05,0.0
ws_000146.txt,28,56,10,0.018515,True,8.8e-05,0.0
ws_000147.txt,16,32,6,0.004179,True,5.8e-05,0.0
ws_000148.txt,27,54,10,0.019385,True,8.2e-05,0.0
ws_000149.txt,28,56,10,0.018533,True,0.000105,0.0
ws_000150.txt,23,46,8,0.010846,True,6.5e-05,0.0
ws_000151.txt,15,30,5,0.0028,True,5.3e-05,0.0
ws_000152.txt,35,70,13,0.028347,True,0.000102,0.0
ws_000153.txt,18,36,7,0.004922,True,6.1e-05,0.0
ws_000154.txt,19,38,7,0.005099,True,6e-05,0.0
ws_000155.txt,25,50,9,0.015785,True,7.3e-05,0.0
ws_000156.txt,23,46,8,0.010255,True,7e-05,0.0
ws_000157.txt,21,42,7,0.00548,True,6.3e-05,0.0
ws_000158.txt,35,70,12,0.027407,True,9.8e-05,0.0
ws_000159.txt,33,66,11,0.024544,True,0.000103,0.0
ws_000160.txt,34,68,11,0.025733,True,0.000197,0.0
ws_000161.txt,22,44,7,0.010992,True,0.000151,0.0
ws_000162.txt,23,46,8,0.010823,True,0.000117,0.0
ws_000163.txt,33,66,12,0.024785,True,0.000157,0.0
ws_000164.txt,18,36,6,0.00429,True,0.000128,0.0
ws_000165.txt,21,42,8,0.00668,True,0.000111,0.0
ws_000166.txt,31,62,10,0.024147,True,0.000161,0.0
ws_000167.txt,30,60,10,0.019905,True,0.000144,0.0
ws_000168.txt,31,62,11,0.024195,True,0.000148,0.0
ws_000169.txt,26,52,9,0.016517,True,0.000136,0.0
ws_000170.txt,22,44,8,0.011498,True,0.000108,0.0
ws_000171.txt,30,60,10,0.020216,True,0.000196,0.0
ws_000172.txt,29,58,10,0.021255,True,0.000146,0.0
ws_000173.txt,32,64,11,0.034393,True,0.000145,0.0
ws_000174.txt,31,62,10,0.020982,True,0.000173,0.0
ws_000175.txt,16,32,6,0.004222,True,8.7e-05,0.0
ws_000176.txt,29,58,11,0.019645,True,0.000141,0.0
ws_000177.txt,20,40,7,0.005889,True,9e-05,0.0
ws_000178.txt,19,38,8,0.005612,True,9.2e-05,0.0
ws_000179.txt,31,62,11,0.028352,True,0.000171,0.0
ws_000180.txt,31,62,11,0.028888,True,0.000101,0.0
ws_000181.txt,28,56,10,0.020986,True,0.000103,0.0
ws_000182.txt,26,52,9,0.016014,True,8.5e-05,0.0
ws_000183.txt,20,40,7,0.005503,True,6.9e-05,0.0
ws_000184.txt,21,42,7,0.006493,True,0.000139,0.0
ws_000185.txt,34,68,12,0.03532,True,0.000278,0.0
ws_000186.txt,18,36,7,0.004928,True,0.000105,0.0
ws_000187.txt,18,36,6,0.004267,True,0.000172,0.0
ws_000188.txt,30,60,10,0.021738,True,0.000159,0.0
ws_000189.txt,22,44,7,0.008704,True,0.000113,0.0
ws_000190.txt,23,46,8,0.013915,True,0.000119,0.0
ws_000191.txt,34,68,11,0.028833,True,0.000163,0.0
ws_000192.txt,17,34,6,0.004068,True,9.4e-05,0.0
ws_000193.txt,33,66,11,0.028212,True,0.000156,0.0
ws_000194.txt,35,70,12,0.027068,True,0.000209,0.0
ws_000195.txt,27,54,9,0.017957,True,0.00021,0.0
ws_000196.txt,27,54,9,0.016429,True,0.000174,0.0
ws_000197.txt,31,62,11,0.022588,True,0.00015,0.0
ws_000198.txt,17,34,6,0.003894,True,9e-05,0.0
ws_000199.txt,31,62,11,0.024672,True,0.000133,0.0
ws_000200.txt,27,54,10,0.01857,True,0.000135,0.0
ws_000201.txt,20,40,7,0.005957,True,9.7e-05,0.0
ws_000202.txt,16,32,6,0.003893,True,8.8e-05,0.0
ws_000203.txt,30,60,11,0.021296,True,0.000149,0.0
ws_000204.txt,30,60,11,0.021492,True,0.000161,0.0
ws_000205.txt,19,38,7,0.005404,True,8.2e-05,0.0
ws_000206.txt,29,58,10,0.019086,True,0.000131,0.0
ws_000207.txt,30,60,10,0.019192,True,0.000129,0.0
ws_000208.txt,26,52,9,0.016406,True,0.000155,0.0
ws_000209.txt,21,42,7,0.005993,True,0.000104,0.0
ws_000210.txt,30,60,11,0.020934,True,0.000138,0.0
ws_000211.txt,29,58,10,0.021528,True,0.000144,0.0
ws_000212.txt,22,44,8,0.012431,True,0.000125,0.0
ws_000213.txt,23,46,8,0.01237,True,0.000116,0.0
ws_000214.txt,33,66,12,0.025408,True,0.000149,0.0
ws_000215.txt,32,64,11,0.024752,True,0.000207,0.0
ws_000216.txt,26,52,8,0.020577,True,0.000133,0.0
ws_000217.txt,21,42,7,0.006492,True,0.000138,0.0
ws_000218.txt,16,32,6,0.003666,True,6e-05,0.0
ws_000219.txt,24,48,8,0.012339,True,0.000161,0.0
ws_000220.txt,30,60,10,0.020931,True,0.000105,0.0
ws_000221.txt,19,38,6,0.004444,True,6.3e-05,0.0
ws_000222.txt,32,64,11,0.024834,True,8.8e-05,0.0
ws_000223.txt,31,62,11,0.024224,True,9.7e-05,0.0
ws_000224.txt,19,38,7,0.005287,True,6.4e-05,0.0
ws_000225.txt,16,32,6,0.003577,True,5.3e-05,0.0
ws_000226.txt,33,66,12,0.024821,True,0.00011,0.0
ws_000227.txt,17,34,6,0.005237,True,6.1e-05,0.0
ws_000228.txt,35,70,11,0.027399,True,0.000124,0.0
ws_000229.txt,24,48,9,0.013088,True,8.3e-05,0.0
ws_000230.txt,32,64,11,0.023981,True,0.000108,0.0
ws_000231.txt,17,34,6,0.003915,True,9.1e-05,0.0
ws_000232.txt,27,54,9,0.016574,True,8.5e-05,0.0
ws_000233.txt,35,70,12,0.024729,True,0.000124,0.0
ws_000234.txt,32,64,11,0.030436,True,9.2e-05,0.0
ws_000235.txt,26,52,9,0.014796,True,7.7e-05,0.0
ws_000236.txt,26,52,9,0.018119,True,8e-05,0.0
ws_000237.txt,28,56,10,0.019129,True,9.1e-05,0.0
ws_000238.txt,27,54,10,0.018668,True,0.000117,0.0
ws_000239.txt,18,36,7,0.004301,True,6.2e-05,0.0
ws_000240.txt,21,42,8,0.006628,True,7.6e-05,0.0
ws_000241.txt,35,70,12,0.026467,True,0.000115,0.0
ws_000242.txt,25,50,9,0.015418,True,8.5e-05,0.0
ws_000243.txt,27,54,9,0.017288,True,9.4e-05,0.0
ws_000244.txt,23,46,8,0.011183,True,9.6e-05,0.0
ws_000245.txt,22,44,7,0.013705,True,8.7e-05,0.0
ws_000246.txt,28,56,10,0.01844,True,8.7e-05,0.0
ws_000247.txt,20,40,7,0.006235,True,6.4e-05,0.0
ws_000248.txt,31,62,10,0.026621,True,9.1e-05,0.0
ws_000249.txt,22,44,8,0.010457,True,7.7e-05,0.0
ws_000250.txt,17,34,6,0.004228,True,6.3e-05,0.0
ws_000251.txt,29,58,9,0.017411,True,9.4e-05,0.0
ws_000252.txt,25,50,8,0.014452,True,8.3e-05,0.0
ws_000253.txt,24,48,9,0.012526,True,7.4e-05,0.0
ws_000254.txt,16,32,6,0.003849,True,0.00012,0.0
ws_000255.txt,20,40,7,0.005561,True,7e-05,0.0
ws_000256.txt,27,54,9,0.015733,True,0.00015,0.0
ws_000257.txt,33,66,11,0.026046,True,0.000104,0.0
ws_000258.txt,26,52,9,0.015201,True,0.000119,0.0
ws_000259.txt,15,30,6,0.003499,True,0.000116,0.0
ws_000260.txt,16,32,6,0.004222,True,7.7e-05,0.0
ws_000261.txt,16,32,6,0.003695,True,5.4e-05,0.0
ws_000262.txt,28,56,10,0.019219,True,9.5e-05,0.0
ws_000263.txt,31,62,11,0.023218,True,9.2e-05,0.0
ws_000264.txt,20,40,7,0.005214,True,6.6e-05,0.0
ws_000265.txt,24,48,9,0.014569,True,7.3e-05,0.0
ws_000266.txt,17,34,6,0.004795,True,5.4e-05,0.0
ws_000267.txt,16,32,5,0.003426,True,5.8e-05,0.0
ws_000268.txt,17,34,6,0.004429,True,7.4e-05,0.0
ws_000269.txt,32,64,11,0.021433,True,0.000122,0.0
ws_000270.txt,18,36,6,0.004768,True,6.6e-05,0.0
ws_000271.txt,35,70,11,0.025073,True,0.000159,0.0
ws_000272.txt,27,54,8,0.015076,True,0.000106,0.0
ws_000273.txt,24,48,8,0.012043,True,8.4e-05,0.0
ws_000274.txt,23,46,8,0.011062,True,7.9e-05,0.0
ws_000275.txt,16,32,5,0.00373,True,0.000136,0.0
ws_000276.txt,34,68,10,0.024658,True,0.000144,0.0
ws_000277.txt,17,34,6,0.004386,True,6.7e-05,0.0
ws_000278.txt,28,56,9,0.025692,True,8.8e-05,0.0
ws_000279.txt,34,68,11,0.02241,True,0.000107,0.0
ws_000280.txt,18,36,6,0.004451,True,6.3e-05,0.0
ws_000281.txt,33,66,11,0.027159,True,9.6e-05,0.0
ws_000282.txt,28,56,10,0.019896,True,7.8e-05,0.0
ws_000283.txt,28,56,9,0.020379,True,8.4e-05,0.0
ws_000284.txt,29,58,10,0.019686,True,0.000166,0.0
ws_000285.txt,33,66,12,0.026445,True,0.000146,0.0
ws_000286.txt,24,48,9,0.013774,True,0.000115,0.0
ws_000287.txt,25,50,9,0.013854,True,8.2e-05,0.0
ws_000288.txt,20,40,7,0.005426,True,6.2e-05,0.0
ws_000289.txt,20,40,7,0.005907,True,6.3e-05,0.0
ws_000290.txt,25,50,9,0.01611,True,7.4e-05,0.0
ws_000291.txt,15,30,6,0.003582,True,5.4e-05,0.0
ws_000292.txt,21,42,7,0.007314,True,6.5e-05,0.0
ws_000293.txt,35,70,12,0.028734,True,9.4e-05,0.0
ws_000294.txt,32,64,10,0.028551,True,9.9e-05,0.0
ws_000295.txt,20,40,7,0.00574,True,6.4e-05,0.0
ws_000296.txt,20,40,7,0.005918,True,8e-05,0.0
ws_000297.txt,33,66,11,0.0295,True,0.000107,0.0
ws_000298.txt,26,52,9,0.017739,True,0.000109,0.0
ws_000299.txt,23,46,7,0.011329,True,9.8e-05,0.0
ws_000300.txt,27,54,10,0.020004,True,8.2e-05,0.0
ws_000301.txt,34,68,12,0.028068,True,0.00011,0.0
ws_000302.txt,26,52,9,0.018029,True,8.6e-05,0.0
ws_000303.txt,28,56,9,0.017492,True,9.3e-05,0.0
ws_000304.txt,34,68,12,0.02806,True,0.000109,0.0
ws_000305.txt,15,30,5,0.003837,True,0.000125,0.0
ws_000306.txt,30,60,10,0.020354,True,9.2e-05,0.0
ws_000307.txt,24,48,8,0.011872,True,0.000169,0.0
ws_000308.txt,26,52,9,0.015298,True,8.3e-05,0.0
ws_000309.txt,35,70,12,0.026594,True,0.000194,0.0
ws_000310.txt,34,68,11,0.026329,True,0.000116,0.0
ws_000311.txt,30,60,10,0.022969,True,9.1e-05,0.0
ws_000312.txt,25,50,9,0.013811,True,8.1e-05,0.0
ws_000313.txt,27,54,10,0.019518,True,8e-05,0.0
ws_000314.txt,35,70,11,0.023887,True,9.5e-05,0.0
ws_000315.txt,19,38,7,0.005265,True,6.7e-05,0.0
ws_000316.txt,27,54,10,0.01813,True,7.8e-05,0.0
ws_000317.txt,20,40,7,0.005369,True,6.6e-05,0.0
ws_000318.txt,28,56,9,0.016445,True,8.4e-05,0.0
ws_000319.txt,24,48,9,0.014255,True,7.6e-05,0.0
ws_000320.txt,22,44,8,0.006397,True,0.000151,0.0
ws_000321.txt,27,54,10,0.01852,True,9.3e-05,0.0
ws_000322.txt,30,60,11,0.023208,True,9.2e-05,0.0
ws_000323.txt,18,36,7,0.004998,True,8.5e-05,0.0
ws_000324.txt,21,42,8,0.007252,True,7.4e-05,0.0
ws_000325.txt,19,38,7,0.005387,True,8.5e-05,0.0
ws_000326.txt,24,48,8,0.011054,True,7.7e-05,0.0
ws_000327.txt,25,50,9,0.014935,True,8.1e-05,0.0
ws_000328.txt,22,44,9,0.013964,True,7.6e-05,0.0
ws_000329.txt,16,32,6,0.003849,True,6e-05,0.0
ws_000330.txt,15,30,6,0.004623,True,5.8e-05,0.0
ws_000331.txt,29,58,10,0.019662,True,9.1e-05,0.0
ws_000332.txt,34,68,11,0.031396,True,0.00012,0.0
ws_000333.txt,23,46,7,0.013448,True,7.3e-05,0.0
ws_000334.txt,24,48,8,0.014458,True,7.5e-05,0.0
ws_000335.txt,20,40,7,0.006048,True,6.5e-05,0.0
ws_000336.txt,27,54,9,0.017283,True,8e-05,0.0
ws_000337.txt,30,60,10,0.021659,True,0.000105,0.0
ws_000338.txt,28,56,10,0.021838,True,8.1e-05,0.0
ws_000339.txt,32,64,11,0.026617,True,0.000174,0.0
ws_000340.txt,30,60,9,0.017856,True,9.8e-05,0.0
ws_000341.txt,33,66,11,0.0235,True,0.000113,0.0
ws_000342.txt,31,62,10,0.023768,True,0.000104,0.0
ws_000343.txt,23,46,8,0.012735,True,6.6e-05,0.0
ws_000344.txt,17,34,6,0.004298,True,0.000107,0.0
ws_000345.txt,33,66,11,0.02637,True,0.000101,0.0
ws_000346.txt,33,66,12,0.026892,True,0.000143,0.0
ws_000347.txt,26,52,9,0.014954,True,8.3e-05,0.0
ws_000348.txt,22,44,8,0.010568,True,7e-05,0.0
ws_000349.txt,31,62,11,0.023254,True,0.000109,0.0
ws_000350.txt,17,34,6,0.004475,True,6.6e-05,0.0
ws_000351.txt,25,50,9,0.014516,True,8.6e-05,0.0
ws_000352.txt,20,40,7,0.006028,True,9.3e-05,0.0
ws_000353.txt,21,42,7,0.00693,True,7e-05,0.0
ws_000354.txt,23,46,8,0.012774,True,9.2e-05,0.0
ws_000355.txt,20,40,6,0.005992,True,0.000103,0.0
ws_000356.txt,17,34,6,0.00432,True,6.2e-05,0.0
ws_000357.txt,26,52,8,0.015638,True,0.000152,0.0
ws_000358.txt,21,42,7,0.006129,True,9.1e-05,0.0
ws_000359.txt,32,64,11,0.022077,True,0.000112,0.0
ws_000360.txt,30,60,11,0.022516,True,0.000109,0.0
ws_000361.txt,33,66,11,0.031078,True,0.000101,0.0
ws_000362.txt,29,58,10,0.018271,True,8.8e-05,0.0
ws_000363.txt,29,58,10,0.020395,True,8.2e-05,0.0
ws_000364.txt,35,70,12,0.02847,True,0.00013,0.0
ws_000365.txt,34,68,12,0.026142,True,0.000108,0.0
ws_000366.txt,31,62,11,0.023909,True,8.7e-05,0.0
ws_000367.txt,29,58,10,0.022172,True,0.000103,0.0
ws_000368.txt,31,62,11,0.025279,True,8.8e-05,0.0
ws_000369.txt,24,48,9,0.014538,True,9.2e-05,0.0
ws_000370.txt,18,36,6,0.004438,True,5.6e-05,0.0
ws_000371.txt,29,58,10,0.020684,True,8.7e-05,0.0
ws_000372.txt,20,40,6,0.004944,True,8.4e-05,0.0
ws_000373.txt,33,66,11,0.027065,True,9.3e-05,0.0
ws_000374.txt,20,40,7,0.006382,True,6.9e-05,0.0
ws_000375.txt,31,62,11,0.025105,True,8.9e-05,0.0
ws_000376.txt,21,42,7,0.005889,True,7.4e-05,0.0
ws_000377.txt,23,46,8,0.012811,True,9.6e-05,0.0
ws_000378.txt,21,42,7,0.006748,True,7.2e-05,0.0
ws_000379.txt,19,38,6,0.005176,True,7e-05,0.0
ws_000380.txt,18,36,6,0.004522,True,7e-05,0.0
ws_000381.txt,26,52,9,0.016572,True,8.8e-05,0.0
ws_000382.txt,28,56,10,0.019137,True,9.4e-05,0.0
ws_000383.txt,25,50,9,0.014758,True,9.1e-05,0.0
ws_000384.txt,29,58,10,0.019111,True,9.4e-05,0.0
ws_000385.txt,29,58,9,0.022718,True,9.4e-05,0.0
ws_000386.txt,20,40,7,0.007404,True,6.8e-05,0.0
ws_000387.txt,28,56,9,0.016022,True,8.7e-05,0.0
ws_000388.txt,25,50,8,0.013465,True,8.3e-05,0.0
ws_000389.txt,29,58,10,0.021564,True,8.7e-05,0.0
ws_000390.txt,34,68,12,0.026667,True,0.000106,0.0
ws_000391.txt,28,56,10,0.022005,True,8.6e-05,0.0
ws_000392.txt,25,50,9,0.015234,True,8.1e-05,0.0
ws_000393.txt,30,60,10,0.020538,True,9.5e-05,0.0
ws_000394.txt,28,56,10,0.018344,True,9.1e-05,0.0
ws_000395.txt,29,58,10,0.020679,True,0.000103,0.0
ws_000396.txt,32,64,10,0.02406,True,9.6e-05,0.0
ws_000397.txt,15,30,5,0.003231,True,5.4e-05,0.0
ws_000398.txt,34,68,11,0.027071,True,0.000124,0.0
ws_000399.txt,28,56,9,0.017107,True,9e-05,0.0
ws_000400.txt,27,54,9,0.019285,True,8.1e-05,0.0
ws_000401.txt,23,46,8,0.014091,True,7.9e-05,0.0
ws_000402.txt,30,60,10,0.023248,True,0.00017,0.0
ws_000403.txt,15,30,5,0.003587,True,5.9e-05,0.0
ws_000404.txt,27,54,10,0.018779,True,0.000106,0.0
ws_000405.txt,23,46,8,0.011152,True,8.2e-05,0.0
ws_000406.txt,24,48,8,0.012515,True,8.3e-05,0.0
ws_000407.txt,26,52,8,0.02145,True,9.3e-05,0.0
ws_000408.txt,27,54,9,0.019212,True,9.6e-05,0.0
ws_000409.txt,24,48,8,0.0143,True,0.000168,0.0
ws_000410.txt,24,48,9,0.012549,True,0.000137,0.0
ws_000411.txt,19,38,7,0.00574,True,7e-05,0.0
ws_000412.txt,33,66,10,0.022665,True,0.000104,0.0
ws_000413.txt,21,42,7,0.006253,True,7.1e-05,0.0
ws_000414.txt,21,42,8,0.006544,True,7.3e-05,0.0
ws_000415.txt,18,36,6,0.004857,True,6.3e-05,0.0
ws_000416.txt,33,66,12,0.026616,True,0.00017,0.0
ws_000417.txt,27,54,10,0.016921,True,0.000162,0.0
ws_000418.txt,20,40,6,0.005271,True,7.4e-05,0.0
ws_000419.txt,19,38,7,0.006466,True,7.2e-05,0.0
ws_000420.txt,27,54,9,0.016837,True,9.2e-05,0.0
ws_000421.txt,34,68,12,0.023707,True,9.5e-05,0.0
ws_000422.txt,20,40,7,0.00684,True,7.2e-05,0.0
ws_000423.txt,24,48,8,0.014359,True,7.6e-05,0.0
ws_000424.txt,22,44,8,0.011405,True,7.1e-05,0.0
ws_000425.txt,32,64,11,0.024531,True,0.000145,0.0
ws_000426.txt,18,36,6,0.004527,True,6.6e-05,0.0
ws_000427.txt,30,60,11,0.022434,True,0.000119,0.0
ws_000428.txt,35,70,12,0.028089,True,0.000116,0.0
ws_000429.txt,31,62,11,0.022698,True,9.5e-05,0.0
ws_000430.txt,16,32,6,0.004144,True,5.3e-05,0.0
ws_000431.txt,34,68,11,0.034883,True,9.9e-05,0.0
ws_000432.txt,28,56,10,0.021019,True,0.000135,0.0
ws_000433.txt,31,62,10,0.021474,True,9e-05,0.0
ws_000434.txt,29,58,10,0.022096,True,9.2e-05,0.0
ws_000435.txt,34,68,12,0.029264,True,0.000171,0.0
ws_000436.txt,19,38,7,0.005329,True,8.1e-05,0.0
ws_000437.txt,22,44,8,0.012046,True,0.000101,0.0
ws_000438.txt,35,70,12,0.026268,True,0.000149,0.0
ws_000439.txt,31,62,10,0.021525,True,9.5e-05,0.0
ws_000440.txt,19,38,7,0.005676,True,0.000117,0.0
ws_000441.txt,24,48,8,0.01291,True,0.0001,0.0
ws_000442.txt,25,50,9,0.015096,True,9e-05,0.0
ws_000443.txt,18,36,6,0.004552,True,5.6e-05,0.0
ws_000444.txt,15,30,5,0.002815,True,5.8e-05,0.0
ws_000445.txt,25,50,9,0.015894,True,8.2e-05,0.0
ws_000446.txt,21,42,7,0.005912,True,6.9e-05,0.0
ws_000447.txt,20,40,7,0.005436,True,6.9e-05,0.0
ws_000448.txt,19,38,6,0.004524,True,7.4e-05,0.0
ws_000449.txt,22,44,7,0.009447,True,7e-05,0.0
ws_000450.txt,24,48,9,0.016402,True,7.4e-05,0.0
ws_000451.txt,26,52,8,0.018037,True,8.1e-05,0.0
ws_000452.txt,21,42,7,0.006342,True,6.9e-05,0.0
ws_000453.txt,21,42,8,0.007109,True,6.4e-05,0.0
ws_000454.txt,27,54,9,0.023664,True,0.000141,0.0
ws_000455.txt,24,48,9,0.015314,True,0.000124,0.0
ws_000456.txt,28,56,10,0.024444,True,0.000135,0.0
ws_000457.txt,29,58,9,0.027619,True,0.000163,0.0
ws_000458.txt,22,44,8,0.012129,True,0.00012,0.0
ws_000459.txt,26,52,9,0.017637,True,0.000136,0.0
ws_000460.txt,25,50,9,0.014389,True,0.000146,0.0
ws_000461.txt,30,60,10,0.022043,True,0.000153,0.0
ws_000462.txt,22,44,9,0.013257,True,0.00015,0.0
ws_000463.txt,22,44,8,0.012079,True,0.00012,0.0
ws_000464.txt,28,56,10,0.022788,True,0.000135,0.0
ws_000465.txt,29,58,11,0.022412,True,0.000133,0.0
ws_000466.txt,22,44,8,0.010974,True,0.000108,0.0
ws_000467.txt,18,36,7,0.005096,True,9.3e-05,0.0
ws_000468.txt,25,50,9,0.015002,True,0.000141,0.0
ws_000469.txt,20,40,7,0.005764,True,0.0001,0.0
ws_000470.txt,26,52,9,0.015667,True,0.000124,0.0
ws_000471.txt,23,46,8,0.011117,True,0.000144,0.0
ws_000472.txt,30,60,11,0.022591,True,0.000142,0.0
ws_000473.txt,22,44,8,0.0115,True,0.000157,0.0
ws_000474.txt,20,40,7,0.005412,True,0.000108,0.0
ws_000475.txt,25,50,9,0.013753,True,0.000132,0.0
ws_000476.txt,35,70,12,0.030949,True,0.000163,0.0
ws_000477.txt,27,54,10,0.019116,True,0.000119,0.0
ws_000478.txt,20,40,7,0.006161,True,0.0001,0.0
ws_000479.txt,24,48,9,0.012518,True,0.00012,0.0
ws_000480.txt,35,70,12,0.025616,True,0.000165,0.0
ws_000481.txt,35,70,11,0.039237,True,0.000167,0.0
ws_000482.txt,32,64,11,0.025084,True,0.000155,0.0
ws_000483.txt,33,66,11,0.037432,True,0.000211,0.0
ws_000484.txt,29,58,10,0.021218,True,0.000154,0.0
ws_000485.txt,34,68,11,0.026684,True,0.000179,0.0
ws_000486.txt,26,52,10,0.017936,True,0.000152,0.0
ws_000487.txt,17,34,6,0.004238,True,9.1e-05,0.0
ws_000488.txt,21,42,8,0.006495,True,0.000144,0.0
ws_000489.txt,22,44,8,0.013135,True,0.00012,0.0
ws_000490.txt,25,50,9,0.015943,True,0.00013,0.0
ws_000491.txt,27,54,9,0.017893,True,0.000134,0.0
ws_000492.txt,24,48,9,0.015592,True,0.000121,0.0
ws_000493.txt,25,50,9,0.014757,True,0.000129,0.0
ws_000494.txt,15,30,5,0.002939,True,7.7e-05,0.0
ws_000495.txt,20,40,7,0.006206,True,0.000101,0.0
ws_000496.txt,21,42,6,0.005415,True,0.000131,0.0
ws_000497.txt,33,66,11,0.024507,True,0.000149,0.0
ws_000498.txt,25,50,8,0.016034,True,0.000134,0.0
ws_000499.txt,26,52,9,0.018547,True,0.00012,0.0
ws_000500.txt,21,42,7,0.0063,True,0.000134,0.0
ws_000501.txt,18,36,6,0.00412,True,0.000106,0.0
ws_000502.txt,23,46,8,0.011261,True,0.000123,0.0
ws_000503.txt,31,62,11,0.024554,True,0.000151,0.0
ws_000504.txt,17,34,6,0.004477,True,8.7e-05,0.0
ws_000505.txt,35,70,12,0.029749,True,0.00017,0.0
ws_000506.txt,33,66,11,0.02597,True,0.000158,0.0
ws_000507.txt,27,54,10,0.017221,True,0.000132,0.0
ws_000508.txt,25,50,9,0.014257,True,0.000131,0.0
ws_000509.txt,25,50,9,0.017226,True,0.000124,0.0
ws_000510.txt,32,64,12,0.030172,True,0.000157,0.0
ws_000511.txt,22,44,8,0.011968,True,0.000118,0.0
ws_000512.txt,34,68,11,0.024453,True,0.000177,0.0
ws_000513.txt,23,46,7,0.009925,True,0.000151,0.0
ws_000514.txt,25,50,9,0.015513,True,0.000151,0.0
ws_000515.txt,33,66,11,0.024723,True,0.000159,0.0
ws_000516.txt,28,56,10,0.01866,True,0.000148,0.0
ws_000517.txt,22,44,8,0.010224,True,7.6e-05,0.0
ws_000518.txt,28,56,10,0.018309,True,8.5e-05,0.0
ws_000519.txt,18,36,6,0.004618,True,9.8e-05,0.0
ws_000520.txt,31,62,11,0.026739,True,0.000159,0.0
ws_000521.txt,20,40,7,0.005607,True,0.000102,0.0
ws_000522.txt,31,62,11,0.025374,True,0.000189,0.0
ws_000523.txt,16,32,6,0.003989,True,8.8e-05,0.0
ws_000524.txt,32,64,11,0.022474,True,0.000173,0.0
ws_000525.txt,25,50,9,0.014034,True,0.000159,0.0
ws_000526.txt,28,56,10,0.019856,True,0.000144,0.0
ws_000527.txt,21,42,7,0.006512,True,0.000105,0.0
ws_000528.txt,26,52,9,0.015418,True,0.000145,0.0
ws_000529.txt,19,38,7,0.005018,True,0.00011,0.0
ws_000530.txt,16,32,6,0.004071,True,8.6e-05,0.0
ws_000531.txt,20,40,7,0.006429,True,0.000102,0.0
ws_000532.txt,22,44,8,0.011289,True,0.000127,0.0
ws_000533.txt,33,66,11,0.026152,True,0.000141,0.0
ws_000534.txt,16,32,6,0.003653,True,8.1e-05,0.0
ws_000535.txt,24,48,8,0.014123,True,0.000128,0.0
ws_000536.txt,21,42,8,0.006777,True,0.000109,0.0
ws_000537.txt,26,52,9,0.017399,True,0.000125,0.0
ws_000538.txt,21,42,8,0.007111,True,0.000151,0.0
ws_000539.txt,20,40,7,0.005572,True,0.000122,0.0
ws_000540.txt,20,40,7,0.005743,True,0.000109,0.0
ws_000541.txt,30,60,11,0.020161,True,0.000143,0.0
ws_000542.txt,29,58,10,0.020564,True,0.00015,0.0
ws_000543.txt,27,54,10,0.019202,True,0.000148,0.0
ws_000544.txt,18,36,7,0.004765,True,0.000113,0.0
ws_000545.txt,23,46,8,0.012634,True,0.000116,0.0
ws_000546.txt,23,46,8,0.011595,True,0.000118,0.0
ws_000547.txt,28,56,10,0.020964,True,0.000129,0.0
ws_000548.txt,27,54,9,0.017761,True,0.000164,0.0
ws_000549.txt,21,42,7,0.007393,True,0.000119,0.0
ws_000550.txt,32,64,11,0.024852,True,0.000161,0.0
ws_000551.txt,20,40,7,0.005715,True,8.9e-05,0.0
ws_000552.txt,25,50,8,0.012506,True,0.00014,0.0
ws_000553.txt,32,64,11,0.029587,True,0.000132,0.0
ws_000554.txt,33,66,11,0.022887,True,0.000206,0.0
ws_000555.txt,33,66,11,0.027639,True,0.000168,0.0
ws_000556.txt,19,38,7,0.00456,True,0.000127,0.0
ws_000557.txt,17,34,6,0.004059,True,7.7e-05,0.0
ws_000558.txt,35,70,12,0.029999,True,9.8e-05,0.0
ws_000559.txt,32,64,11,0.024296,True,9.1e-05,0.0
ws_000560.txt,17,34,7,0.005351,True,7.8e-05,0.0
ws_000561.txt,20,40,7,0.005414,True,0.000106,0.0
ws_000562.txt,21,42,7,0.006994,True,0.000117,0.0
ws_000563.txt,20,40,7,0.005618,True,0.000101,0.0
ws_000564.txt,22,44,8,0.007164,True,0.000148,0.0
ws_000565.txt,25,50,9,0.013126,True,0.000132,0.0
ws_000566.txt,22,44,7,0.010473,True,0.000123,0.0
ws_000567.txt,28,56,9,0.016811,True,0.000173,0.0
ws_000568.txt,26,52,9,0.014746,True,0.000114,0.0
ws_000569.txt,17,34,6,0.00403,True,6.2e-05,0.0
ws_000570.txt,35,70,12,0.029528,True,0.000128,0.0
ws_000571.txt,31,62,11,0.023025,True,0.000113,0.0
ws_000572.txt,19,38,7,0.00584,True,6.6e-05,0.0
ws_000573.txt,27,54,9,0.015518,True,8.8e-05,0.0
ws_000574.txt,33,66,11,0.023834,True,9.9e-05,0.0
ws_000575.txt,29,58,10,0.020219,True,0.000119,0.0
ws_000576.txt,22,44,8,0.010189,True,8.5e-05,0.0
ws_000577.txt,31,62,11,0.022904,True,0.0001,0.0
ws_000578.txt,31,62,10,0.025752,True,9.5e-05,0.0
ws_000579.txt,23,46,7,0.010865,True,7.5e-05,0.0
ws_000580.txt,16,32,6,0.003741,True,5.9e-05,0.0
ws_000581.txt,18,36,7,0.004821,True,6.1e-05,0.0
ws_000582.txt,32,64,11,0.023437,True,9.8e-05,0.0
ws_000583.txt,34,68,11,0.02446,True,0.000172,0.0
ws_000584.txt,21,42,7,0.006233,True,0.000114,0.0
ws_000585.txt,26,52,9,0.014789,True,0.000119,0.0
ws_000586.txt,34,68,12,0.027608,True,0.000153,0.0
ws_000587.txt,16,32,5,0.003798,True,8.8e-05,0.0
ws_000588.txt,16,32,6,0.004008,True,0.000115,0.0
ws_000589.txt,24,48,8,0.013824,True,0.000119,0.0
ws_000590.txt,26,52,9,0.017797,True,0.000135,0.0
ws_000591.txt,28,56,10,0.02032,True,0.000141,0.0
ws_000592.txt,24,48,8,0.013487,True,0.000127,0.0
ws_000593.txt,24,48,8,0.01236,True,0.000194,0.0
ws_000594.txt,20,40,7,0.00597,True,0.000149,0.0
ws_000595.txt,35,70,12,0.029134,True,0.000221,0.0
ws_000596.txt,31,62,11,0.024679,True,0.000159,0.0
ws_000597.txt,25,50,9,0.01542,True,0.000199,0.0
ws_000598.txt,21,42,8,0.007069,True,0.000106,0.0
ws_000599.txt,20,40,7,0.006217,True,0.000103,0.0
ws_000600.txt,18,36,6,0.00403,True,9.7e-05,0.0
ws_000601.txt,27,54,10,0.018129,True,0.000126,0.0
ws_000602.txt,27,54,9,0.016111,True,0.000136,0.0
ws_000603.txt,35,70,12,0.025566,True,0.000159,0.0
ws_000604.txt,23,46,9,0.011412,True,0.000109,0.0
ws_000605.txt,19,38,6,0.005473,True,0.000126,0.0
ws_000606.txt,18,36,6,0.004707,True,8.6e-05,0.0
ws_000607.txt,17,34,7,0.004842,True,8.1e-05,0.0
ws_000608.txt,35,70,12,0.025676,True,0.000194,0.0
ws_000609.txt,22,44,8,0.009753,True,0.000116,0.0
ws_000610.txt,26,52,9,0.015714,True,0.000122,0.0
ws_000611.txt,22,44,8,0.011511,True,0.000104,0.0
ws_000612.txt,17,34,6,0.004583,True,0.000103,0.0
ws_000613.txt,22,44,8,0.010591,True,0.000121,0.0
ws_000614.txt,27,54,9,0.01719,True,0.000139,0.0
ws_000615.txt,35,70,12,0.026792,True,0.000137,0.0
ws_000616.txt,18,36,6,0.006643,True,9.1e-05,0.0
ws_000617.txt,27,54,10,0.018553,True,0.000141,0.0
ws_000618.txt,26,52,9,0.016742,True,0.000152,0.0
ws_000619.txt,22,44,8,0.01103,True,0.000122,0.0
ws_000620.txt,31,62,11,0.022965,True,0.000168,0.0
ws_000621.txt,26,52,9,0.017362,True,0.000138,0.0
ws_000622.txt,16,32,6,0.003965,True,9e-05,0.0
ws_000623.txt,27,54,9,0.023419,True,0.000152,0.0
ws_000624.txt,18,36,6,0.005128,True,9.4e-05,0.0
ws_000625.txt,20,40,7,0.006273,True,0.00011,0.0
ws_000626.txt,30,60,10,0.019189,True,0.000188,0.0
ws_000627.txt,24,48,8,0.015715,True,0.000131,0.0
ws_000628.txt,25,50,9,0.015532,True,0.000141,0.0
ws_000629.txt,21,42,7,0.006234,True,0.000115,0.0
ws_000630.txt,18,36,6,0.005745,True,9.7e-05,0.0
ws_000631.txt,16,32,5,0.003382,True,9.2e-05,0.0
ws_000632.txt,19,38,7,0.005312,True,9.7e-05,0.0
ws_000633.txt,18,36,7,0.005246,True,9e-05,0.0
ws_000634.txt,30,60,10,0.023304,True,0.000146,0.0
ws_000635.txt,15,30,5,0.003391,True,7e-05,0.0
ws_000636.txt,34,68,11,0.022757,True,0.000175,0.0
ws_000637.txt,25,50,9,0.016996,True,0.000124,0.0
ws_000638.txt,21,42,7,0.00545,True,0.000103,0.0
ws_000639.txt,20,40,7,0.005374,True,0.000119,0.0
ws_000640.txt,18,36,7,0.005038,True,8.8e-05,0.0
ws_000641.txt,34,68,12,0.031966,True,0.000176,0.0
ws_000642.txt,15,30,5,0.002861,True,9.9e-05,0.0
ws_000643.txt,19,38,7,0.006978,True,0.000128,0.0
ws_000644.txt,29,58,10,0.019036,True,0.000103,0.0
ws_000645.txt,28,56,10,0.018973,True,8.3e-05,0.0
ws_000646.txt,28,56,10,0.019987,True,8.8e-05,0.0
ws_000647.txt,15,30,6,0.003093,True,8.4e-05,0.0
ws_000648.txt,19,38,6,0.005487,True,6.2e-05,0.0
ws_000649.txt,26,52,9,0.018098,True,0.000153,0.0
ws_000650.txt,32,64,11,0.028856,True,0.000128,0.0
ws_000651.txt,15,30,6,0.003594,True,7.7e-05,0.0
ws_000652.txt,15,30,6,0.003561,True,6.2e-05,0.0
ws_000653.txt,21,42,8,0.006788,True,7.6e-05,0.0
ws_000654.txt,15,30,5,0.003579,True,6e-05,0.0
ws_000655.txt,31,62,11,0.026054,True,0.000119,0.0
ws_000656.txt,15,30,6,0.003229,True,8e-05,0.0
ws_000657.txt,27,54,10,0.017758,True,9.4e-05,0.0
ws_000658.txt,15,30,6,0.003617,True,8.2e-05,0.0
ws_000659.txt,26,52,9,0.015042,True,9e-05,0.0
ws_000660.txt,26,52,9,0.017394,True,8.6e-05,0.0
ws_000661.txt,16,32,6,0.003828,True,7.6e-05,0.0
ws_000662.txt,21,42,7,0.006121,True,7.3e-05,0.0
ws_000663.txt,21,42,8,0.006646,True,8.6e-05,0.0
ws_000664.txt,31,62,10,0.030096,True,0.000116,0.0
ws_000665.txt,21,42,7,0.007291,True,0.000124,0.0
ws_000666.txt,24,48,8,0.014052,True,7.9e-05,0.0
ws_000667.txt,21,42,8,0.006769,True,7.7e-05,0.0
ws_000668.txt,29,58,9,0.018076,True,0.000148,0.0
ws_000669.txt,21,42,8,0.007257,True,8.3e-05,0.0
ws_000670.txt,15,30,6,0.003431,True,5.4e-05,0.0
ws_000671.txt,26,52,9,0.01509,True,7.7e-05,0.0
ws_000672.txt,18,36,7,0.004774,True,7.2e-05,0.0
ws_000673.txt,20,40,6,0.004861,True,6.8e-05,0.0
ws_000674.txt,33,66,12,0.025784,True,0.000101,0.0
ws_000675.txt,15,30,5,0.002954,True,5.9e-05,0.0
ws_000676.txt,32,64,10,0.023128,True,0.000103,0.0
ws_000677.txt,33,66,11,0.02802,True,0.000105,0.0
ws_000678.txt,27,54,9,0.016216,True,8.9e-05,0.0
ws_000679.txt,32,64,11,0.024483,True,0.000105,0.0
ws_000680.txt,19,38,7,0.005297,True,0.000133,0.0
ws_000681.txt,22,44,8,0.011604,True,8.4e-05,0.0
ws_000682.txt,22,44,7,0.011677,True,8.2e-05,0.0
ws_000683.txt,35,70,10,0.030288,True,0.000135,0.0
ws_000684.txt,25,50,9,0.01405,True,9.3e-05,0.0
ws_000685.txt,34,68,12,0.02973,True,0.000112,0.0
ws_000686.txt,32,64,11,0.025053,True,0.000105,0.0
ws_000687.txt,33,66,12,0.023961,True,0.000108,0.0
ws_000688.txt,31,62,11,0.024537,True,0.000103,0.0
ws_000689.txt,23,46,8,0.012097,True,8.3e-05,0.0
ws_000690.txt,24,48,8,0.012176,True,7.5e-05,0.0
ws_000691.txt,26,52,9,0.014833,True,8.3e-05,0.0
ws_000692.txt,29,58,10,0.018656,True,0.000105,0.0
ws_000693.txt,32,64,11,0.024229,True,0.000102,0.0
ws_000694.txt,23,46,8,0.010813,True,7.8e-05,0.0
ws_000695.txt,31,62,11,0.022494,True,9.4e-05,0.0
ws_000696.txt,23,46,8,0.013058,True,8.1e-05,0.0
ws_000697.txt,30,60,11,0.025854,True,9.5e-05,0.0
ws_000698.txt,31,62,11,0.023676,True,9.5e-05,0.0
ws_000699.txt,30,60,10,0.024341,True,0.000114,0.0
ws_000700.txt,17,34,6,0.004603,True,6e-05,0.0
ws_000701.txt,20,40,7,0.005424,True,6.9e-05,0.0
ws_000702.txt,23,46,8,0.012172,True,8.2e-05,0.0
ws_000703.txt,15,30,6,0.003626,True,0.000155,0.0
ws_000704.txt,28,56,10,0.019739,True,9.4e-05,0.0
ws_000705.txt,18,36,7,0.004957,True,8.6e-05,0.0
ws_000706.txt,15,30,5,0.003134,True,6.3e-05,0.0
ws_000707.txt,24,48,8,0.012517,True,8.5e-05,0.0
ws_000708.txt,28,56,9,0.019328,True,9.4e-05,0.0
ws_000709.txt,32,64,11,0.030396,True,0.000102,0.0
ws_000710.txt,20,40,7,0.005671,True,7.8e-05,0.0
ws_000711.txt,17,34,6,0.004134,True,6.5e-05,0.0
ws_000712.txt,34,68,12,0.025193,True,0.0001,0.0
ws_000713.txt,34,68,12,0.025531,True,0.000111,0.0
ws_000714.txt,15,30,6,0.003582,True,6.1e-05,0.0
ws_000715.txt,24,48,8,0.01194,True,8.1e-05,0.0
ws_000716.txt,35,70,12,0.029685,True,0.000112,0.0
ws_000717.txt,35,70,12,0.03211,True,0.000102,0.0
ws_000718.txt,24,48,8,0.012222,True,8.2e-05,0.0
ws_000719.txt,29,58,9,0.020487,True,0.000209,0.0
ws_000720.txt,17,34,6,0.004352,True,6.6e-05,0.0
ws_000721.txt,16,32,5,0.003372,True,5.9e-05,0.0
ws_000722.txt,15,30,5,0.002924,True,6.7e-05,0.0
ws_000723.txt,22,44,8,0.012356,True,8.1e-05,0.0
ws_000724.txt,16,32,6,0.003968,True,5.8e-05,0.0
ws_000725.txt,22,44,8,0.01114,True,7.7e-05,0.0
ws_000726.txt,28,56,10,0.020331,True,8.7e-05,0.0
ws_000727.txt,28,56,10,0.018133,True,0.000124,0.0
ws_000728.txt,22,44,8,0.011089,True,7.6e-05,0.0
ws_000729.txt,24,48,8,0.014487,True,0.000152,0.0
ws_000730.txt,30,60,10,0.033045,True,0.000198,0.0
ws_000731.txt,25,50,9,0.015192,True,0.000134,0.0
ws_000732.txt,34,68,12,0.028244,True,0.000188,0.0
ws_000733.txt,29,58,11,0.023737,True,0.00015,0.0
ws_000734.txt,17,34,6,0.003754,True,0.0001,0.0
ws_000735.txt,18,36,6,0.004916,True,0.000114,0.0
ws_000736.txt,35,70,12,0.02906,True,0.000188,0.0
ws_000737.txt,33,66,11,0.024408,True,0.000223,0.0
ws_000738.txt,25,50,9,0.014732,True,0.000135,0.0
ws_000739.txt,33,66,11,0.033057,True,0.000179,0.0
ws_000740.txt,29,58,10,0.018795,True,0.000138,0.0
ws_000741.txt,21,42,7,0.006681,True,0.000122,0.0
ws_000742.txt,22,44,8,0.011081,True,0.000116,0.0
ws_000743.txt,21,42,7,0.006795,True,0.000108,0.0
ws_000744.txt,29,58,10,0.018444,True,0.000146,0.0
ws_000745.txt,25,50,9,0.015988,True,0.000139,0.0
ws_000746.txt,18,36,7,0.005198,True,9.6e-05,0.0
ws_000747.txt,29,58,10,0.023186,True,0.000143,0.0
ws_000748.txt,22,44,8,0.011555,True,0.000119,0.0
ws_000749.txt,22,44,7,0.011321,True,0.000125,0.0
ws_000750.txt,25,50,9,0.014523,True,0.000164,0.0
ws_000751.txt,28,56,9,0.019036,True,0.000132,0.0
ws_000752.txt,33,66,12,0.023629,True,0.000163,0.0
ws_000753.txt,27,54,10,0.020141,True,0.000155,0.0
ws_000754.txt,26,52,9,0.0161,True,0.000141,0.0
ws_000755.txt,31,62,10,0.024264,True,0.000155,0.0
ws_000756.txt,18,36,6,0.005381,True,9e-05,0.0
ws_000757.txt,23,46,8,0.011221,True,0.000135,0.0
ws_000758.txt,33,66,11,0.025841,True,0.000162,0.0
ws_000759.txt,32,64,11,0.025905,True,0.000178,0.0
ws_000760.txt,20,40,7,0.005829,True,0.000105,0.0
ws_000761.txt,24,48,9,0.012098,True,0.000164,0.0
ws_000762.txt,32,64,11,0.024405,True,0.000167,0.0
ws_000763.txt,24,48,9,0.014513,True,0.000122,0.0
ws_000764.txt,19,38,7,0.005175,True,0.000102,0.0
ws_000765.txt,29,58,10,0.020291,True,0.000145,0.0
ws_000766.txt,33,66,11,0.023334,True,0.000189,0.0
ws_000767.txt,28,56,9,0.017763,True,0.000148,0.0
ws_000768.txt,22,44,8,0.010452,True,0.000105,0.0
ws_000769.txt,30,60,11,0.021797,True,0.000142,0.0
ws_000770.txt,19,38,6,0.005451,True,9.5e-05,0.0
ws_000771.txt,15,30,6,0.005156,True,8.5e-05,0.0
ws_000772.txt,17,34,6,0.003962,True,8.6e-05,0.0
ws_000773.txt,24,48,9,0.014541,True,0.000134,0.0
ws_000774.txt,34,68,12,0.02573,True,0.000144,0.0
ws_000775.txt,33,66,11,0.0222,True,0.000153,0.0
ws_000776.txt,28,56,9,0.016755,True,0.000133,0.0
ws_000777.txt,30,60,10,0.025884,True,0.000154,0.0
ws_000778.txt,34,68,12,0.025761,True,0.000158,0.0
ws_000779.txt,27,54,9,0.018346,True,0.000138,0.0
ws_000780.txt,23,46,8,0.012176,True,0.000129,0.0
ws_000781.txt,21,42,7,0.006514,True,0.000112,0.0
ws_000782.txt,18,36,6,0.004456,True,9.8e-05,0.0
ws_000783.txt,34,68,12,0.025392,True,0.000167,0.0
ws_000784.txt,29,58,10,0.020077,True,0.000164,0.0
ws_000785.txt,15,30,6,0.003683,True,0.000106,0.0
ws_000786.txt,23,46,8,0.011984,True,0.000175,0.0
ws_000787.txt,15,30,6,0.003561,True,0.0001,0.0
ws_000788.txt,22,44,8,0.012277,True,0.000116,0.0
ws_000789.txt,27,54,9,0.018689,True,0.000163,0.0
ws_000790.txt,22,44,7,0.009561,True,0.000153,0.0
ws_000791.txt,28,56,9,0.019245,True,0.000143,0.0
ws_000792.txt,25,50,9,0.014867,True,0.000158,0.0
ws_000793.txt,31,62,10,0.02285,True,0.000166,0.0
ws_000794.txt,18,36,6,0.004174,True,9.7e-05,0.0
ws_000795.txt,15,30,6,0.003191,True,8.2e-05,0.0
ws_000796.txt,34,68,12,0.0284,True,0.00015,0.0
ws_000797.txt,33,66,11,0.027765,True,0.000166,0.0
ws_000798.txt,17,34,7,0.005091,True,9.3e-05,0.0
ws_000799.txt,32,64,11,0.023323,True,0.000139,0.0
ws_000800.txt,20,40,7,0.005318,True,0.000102,0.0
ws_000801.txt,30,60,10,0.026845,True,0.000152,0.0
ws_000802.txt,22,44,7,0.010443,True,0.000136,0.0
ws_000803.txt,32,64,11,0.029473,True,0.000159,0.0
ws_000804.txt,17,34,6,0.005713,True,8.9e-05,0.0
ws_000805.txt,25,50,9,0.017164,True,0.000136,0.0
ws_000806.txt,34,68,11,0.030576,True,0.000182,0.0
ws_000807.txt,19,38,7,0.005342,True,0.000104,0.0
ws_000808.txt,25,50,9,0.016467,True,0.000117,0.0
ws_000809.txt,19,38,7,0.005827,True,0.000103,0.0
ws_000810.txt,22,44,8,0.011176,True,0.000121,0.0
ws_000811.txt,21,42,7,0.00547,True,0.00013,0.0
ws_000812.txt,19,38,6,0.005887,True,0.000105,0.0
ws_000813.txt,31,62,10,0.022033,True,0.000164,0.0
ws_000814.txt,33,66,11,0.022879,True,0.00017,0.0
ws_000815.txt,19,38,6,0.007172,True,0.000107,0.0
ws_000816.txt,29,58,10,0.019095,True,0.000181,0.0
ws_000817.txt,31,62,11,0.023302,True,0.000151,0.0
ws_000818.txt,29,58,9,0.020146,True,0.000165,0.0
ws_000819.txt,29,58,10,0.0176,True,0.00014,0.0
ws_000820.txt,15,30,5,0.003371,True,9e-05,0.0
ws_000821.txt,33,66,12,0.027061,True,0.000163,0.0
ws_000822.txt,25,50,9,0.015804,True,0.000121,0.0
ws_000823.txt,18,36,6,0.005227,True,0.000104,0.0
ws_000824.txt,18,36,6,0.005262,True,9.2e-05,0.0
ws_000825.txt,31,62,11,0.021118,True,0.000163,0.0
ws_000826.txt,23,46,8,0.01186,True,0.000123,0.0
ws_000827.txt,20,40,6,0.005393,True,0.000108,0.0
ws_000828.txt,20,40,7,0.006013,True,0.000148,0.0
ws_000829.txt,16,32,6,0.004198,True,0.000106,0.0
ws_000830.txt,20,40,7,0.006055,True,9.7e-05,0.0
ws_000831.txt,29,58,11,0.020462,True,0.000142,0.0
ws_000832.txt,24,48,8,0.011289,True,0.000159,0.0
ws_000833.txt,24,48,7,0.010788,True,0.000158,0.0
ws_000834.txt,21,42,7,0.005983,True,0.00011,0.0
ws_000835.txt,24,48,9,0.015898,True,0.000122,0.0
ws_000836.txt,21,42,7,0.005829,True,0.000119,0.0
ws_000837.txt,23,46,9,0.012848,True,0.000123,0.0
ws_000838.txt,23,46,8,0.012084,True,0.000103,0.0
ws_000839.txt,31,62,11,0.025994,True,0.000174,0.0
ws_000840.txt,30,60,10,0.022376,True,0.000145,0.0
ws_000841.txt,21,42,7,0.008374,True,0.000108,0.0
ws_000842.txt,32,64,11,0.02462,True,0.000158,0.0
ws_000843.txt,30,60,11,0.024326,True,0.000164,0.0
ws_000844.txt,20,40,7,0.00566,True,9.6e-05,0.0
ws_000845.txt,26,52,9,0.015291,True,0.000138,0.0
ws_000846.txt,25,50,8,0.013637,True,0.000124,0.0
ws_000847.txt,18,36,6,0.0052,True,0.0001,0.0
ws_000848.txt,20,40,7,0.005958,True,9.9e-05,0.0
ws_000849.txt,32,64,11,0.024493,True,0.000164,0.0
ws_000850.txt,23,46,8,0.009663,True,0.000126,0.0
ws_000851.txt,31,62,10,0.020988,True,0.000161,0.0
ws_000852.txt,22,44,7,0.016192,True,0.000114,0.0
ws_000853.txt,30,60,10,0.021649,True,0.000163,0.0
ws_000854.txt,29,58,10,0.019181,True,0.000149,0.0
ws_000855.txt,23,46,8,0.011274,True,0.000122,0.0
ws_000856.txt,34,68,12,0.02413,True,0.000164,0.0
ws_000857.txt,35,70,12,0.029074,True,0.000152,0.0
ws_000858.txt,24,48,8,0.017053,True,0.000127,0.0
ws_000859.txt,15,30,4,0.0025,True,6.7e-05,0.0
ws_000860.txt,30,60,11,0.023516,True,0.000144,0.0
ws_000861.txt,26,52,9,0.015091,True,0.000137,0.0
ws_000862.txt,25,50,8,0.013582,True,0.000141,0.0
ws_000863.txt,16,32,6,0.00451,True,8.2e-05,0.0
ws_000864.txt,26,52,9,0.015753,True,0.000153,0.0
ws_000865.txt,16,32,6,0.003973,True,9.3e-05,0.0
ws_000866.txt,18,36,6,0.004949,True,9.7e-05,0.0
ws_000867.txt,35,70,12,0.026003,True,0.000187,0.0
ws_000868.txt,34,68,12,0.026584,True,0.000178,0.0
ws_000869.txt,32,64,11,0.023851,True,0.000163,0.0
ws_000870.txt,20,40,7,0.006109,True,0.000138,0.0
ws_000871.txt,18,36,7,0.004535,True,0.00011,0.0
ws_000872.txt,35,70,12,0.028357,True,0.000181,0.0
ws_000873.txt,28,56,10,0.018975,True,0.00013,0.0
ws_000874.txt,32,64,11,0.02837,True,0.000148,0.0
ws_000875.txt,18,36,6,0.004158,True,0.00011,0.0
ws_000876.txt,21,42,8,0.005841,True,9.6e-05,0.0
ws_000877.txt,21,42,8,0.00738,True,0.000107,0.0
ws_000878.txt,32,64,11,0.024222,True,0.00015,0.0
ws_000879.txt,25,50,8,0.021456,True,0.000146,0.0
ws_000880.txt,16,32,6,0.003739,True,8.9e-05,0.0
ws_000881.txt,31,62,10,0.022219,True,0.000174,0.0
ws_000882.txt,16,32,6,0.004338,True,8.1e-05,0.0
ws_000883.txt,15,30,5,0.002956,True,8.6e-05,0.0
ws_000884.txt,17,34,6,0.004754,True,9e-05,0.0
ws_000885.txt,20,40,7,0.006439,True,0.000151,0.0
ws_000886.txt,15,30,5,0.002883,True,9.7e-05,0.0
ws_000887.txt,35,70,12,0.026608,True,0.000167,0.0
ws_000888.txt,15,30,5,0.003706,True,9e-05,0.0
ws_000889.txt,33,66,11,0.025714,True,0.000213,0.0
ws_000890.txt,34,68,12,0.026357,True,0.000172,0.0
ws_000891.txt,32,64,11,0.027754,True,0.000208,0.0
ws_000892.txt,23,46,8,0.011366,True,0.000125,0.0
ws_000893.txt,20,40,7,0.005691,True,0.000117,0.0
ws_000894.txt,27,54,10,0.018209,True,0.000138,0.0
ws_000895.txt,31,62,10,0.022841,True,0.00016,0.0
ws_000896.txt,24,48,8,0.012516,True,0.000134,0.0
ws_000897.txt,31,62,11,0.021874,True,0.00015,0.0
ws_000898.txt,21,42,8,0.00651,True,0.000104,0.0
ws_000899.txt,19,38,6,0.005081,True,0.000102,0.0
ws_000900.txt,25,50,9,0.015142,True,0.000129,0.0
ws_000901.txt,25,50,9,0.014012,True,0.000131,0.0
ws_000902.txt,30,60,11,0.022665,True,0.000151,0.0
ws_000903.txt,34,68,12,0.025428,True,0.000147,0.0
ws_000904.txt,31,62,10,0.022431,True,0.000148,0.0
ws_000905.txt,35,70,12,0.026783,True,0.000187,0.0
ws_000906.txt,23,46,8,0.012495,True,0.000167,0.0
ws_000907.txt,32,64,10,0.030181,True,0.000143,0.0
ws_000908.txt,25,50,10,0.017103,True,0.000127,0.0
ws_000909.txt,20,40,7,0.006053,True,0.000125,0.0
ws_000910.txt,16,32,6,0.004277,True,8.2e-05,0.0
ws_000911.txt,32,64,11,0.023783,True,0.000157,0.0
ws_000912.txt,23,46,8,0.011872,True,0.000115,0.0
ws_000913.txt,29,58,9,0.018689,True,0.000145,0.0
ws_000914.txt,21,42,8,0.006516,True,0.000109,0.0
ws_000915.txt,35,70,10,0.025088,True,0.00027,0.0
ws_000916.txt,27,54,9,0.018298,True,0.000199,0.0
ws_000917.txt,26,52,9,0.016095,True,0.000133,0.0
ws_000918.txt,15,30,5,0.003286,True,0.00013,0.0
ws_000919.txt,18,36,6,0.004382,True,0.000101,0.0
ws_000920.txt,27,54,9,0.018067,True,0.00015,0.0
ws_000921.txt,29,58,10,0.020458,True,0.000179,0.0
ws_000922.txt,33,66,11,0.026165,True,0.000155,0.0
ws_000923.txt,21,42,8,0.006364,True,0.000138,0.0
ws_000924.txt,16,32,6,0.003815,True,8.6e-05,0.0
ws_000925.txt,33,66,12,0.028953,True,0.000166,0.0
ws_000926.txt,35,70,12,0.029544,True,0.000146,0.0
ws_000927.txt,15,30,5,0.003138,True,8.5e-05,0.0
ws_000928.txt,20,40,7,0.005873,True,0.000105,0.0
ws_000929.txt,33,66,11,0.024474,True,0.000169,0.0
ws_000930.txt,31,62,10,0.021123,True,0.000156,0.0
ws_000931.txt,15,30,6,0.003712,True,8.7e-05,0.0
ws_000932.txt,18,36,7,0.005484,True,0.000113,0.0
ws_000933.txt,29,58,10,0.019553,True,8.9e-05,0.0
ws_000934.txt,21,42,7,0.006812,True,7.3e-05,0.0
ws_000935.txt,25,50,9,0.014738,True,7.7e-05,0.0
ws_000936.txt,31,62,10,0.02316,True,0.000116,0.0
ws_000937.txt,19,38,7,0.005593,True,8.8e-05,0.0
ws_000938.txt,20,40,7,0.00576,True,6.3e-05,0.0
ws_000939.txt,31,62,11,0.02082,True,0.000105,0.0
ws_000940.txt,33,66,11,0.027575,True,0.000105,0.0
ws_000941.txt,28,56,9,0.019859,True,8.6e-05,0.0
ws_000942.txt,24,48,8,0.012868,True,0.000101,0.0
ws_000943.txt,24,48,9,0.016203,True,0.000148,0.0
ws_000944.txt,25,50,8,0.015082,True,9.9e-05,0.0
ws_000945.txt,20,40,8,0.006452,True,7.3e-05,0.0
ws_000946.txt,23,46,7,0.011875,True,9.1e-05,0.0
ws_000947.txt,30,60,10,0.026425,True,0.000115,0.0
ws_000948.txt,16,32,6,0.003708,True,6.6e-05,0.0
ws_000949.txt,35,70,12,0.030098,True,0.00011,0.0
ws_000950.txt,28,56,9,0.016746,True,0.000103,0.0
ws_000951.txt,29,58,10,0.019391,True,0.000111,0.0
ws_000952.txt,25,50,8,0.014262,True,8.8e-05,0.0
ws_000953.txt,30,60,10,0.02247,True,9.8e-05,0.0
ws_000954.txt,15,30,6,0.003675,True,5.7e-05,0.0
ws_000955.txt,27,54,10,0.017714,True,8.5e-05,0.0
ws_000956.txt,17,34,5,0.003718,True,0.000137,0.0
ws_000957.txt,26,52,9,0.015481,True,8.8e-05,0.0
ws_000958.txt,30,60,11,0.023625,True,0.000114,0.0
ws_000959.txt,22,44,8,0.01083,True,0.000111,0.0
ws_000960.txt,28,56,10,0.02011,True,0.000131,0.0
ws_000961.txt,16,32,6,0.004084,True,8.7e-05,0.0
ws_000962.txt,19,38,7,0.006009,True,0.0001,0.0
ws_000963.txt,19,38,7,0.005499,True,0.000103,0.0
ws_000964.txt,22,44,8,0.006484,True,0.000142,0.0
ws_000965.txt,23,46,8,0.011803,True,0.000118,0.0
ws_000966.txt,23,46,8,0.010685,True,0.000106,0.0
ws_000967.txt,15,30,5,0.003002,True,6.7e-05,0.0
ws_000968.txt,25,50,9,0.015988,True,0.000143,0.0
ws_000969.txt,35,70,12,0.02648,True,0.00017,0.0
ws_000970.txt,21,42,7,0.006229,True,0.000118,0.0
ws_000971.txt,26,52,9,0.015312,True,0.000158,0.0
ws_000972.txt,22,44,7,0.008962,True,0.00012,0.0
ws_000973.txt,31,62,11,0.022835,True,0.000158,0.0
ws_000974.txt,27,54,9,0.016564,True,0.000146,0.0
ws_000975.txt,32,64,11,0.035872,True,0.00015,0.0
ws_000976.txt,29,58,10,0.018232,True,0.000145,0.0
ws_000977.txt,28,56,10,0.020607,True,0.000161,0.0
ws_000978.txt,25,50,8,0.020049,True,0.000154,0.0
ws_000979.txt,24,48,8,0.013632,True,0.000127,0.0
ws_000980.txt,35,70,13,0.028782,True,0.000195,0.0
ws_000981.txt,33,66,11,0.024465,True,0.000221,0.0
ws_000982.txt,22,44,8,0.011779,True,0.000108,0.0
ws_000983.txt,27,54,10,0.018749,True,0.00013,0.0
ws_000984.txt,29,58,10,0.019144,True,0.000144,0.0
ws_000985.txt,24,48,9,0.013031,True,0.000129,0.0
ws_000986.txt,22,44,8,0.011418,True,0.000121,0.0
ws_000987.txt,27,54,9,0.01663,True,0.000132,0.0
ws_000988.txt,33,66,11,0.026182,True,0.000169,0.0
ws_000989.txt,27,54,9,0.016627,True,0.00015,0.0
ws_000990.txt,24,48,9,0.013211,True,0.000144,0.0
ws_000991.txt,23,46,8,0.010665,True,0.000122,0.0
ws_000992.txt,22,44,8,0.010691,True,0.000116,0.0
ws_000993.txt,23,46,8,0.016568,True,0.000121,0.0
ws_000994.txt,24,48,8,0.022144,True,0.000138,0.0
ws_000995.txt,31,62,10,0.020342,True,0.000119,0.0
ws_000996.txt,27,54,9,0.018384,True,8.9e-05,0.0
ws_000997.txt,20,40,7,0.005463,True,7.3e-05,0.0
ws_000998.txt,17,34,6,0.00423,True,6.6e-05,0.0
ws_000999.txt,17,34,6,0.004046,True,6.3e-05,0.0
ws_001000.txt,26,52,9,0.018037,True,8.6e-05,0.0
ws_001001.txt,19,38,7,0.005357,True,7.5e-05,0.0
ws_001002.txt,32,64,11,0.024049,True,0.000114,0.0
ws_001003.txt,34,68,12,0.030359,True,0.000117,0.0
ws_001004.txt,16,32,6,0.003707,True,6.3e-05,0.0
ws_001005.txt,21,42,7,0.006273,True,7.6e-05,0.0
ws_001006.txt,20,40,7,0.00612,True,8.8e-05,0.0
ws_001007.txt,20,40,7,0.005437,True,8.5e-05,0.0
ws_001008.txt,26,52,8,0.013317,True,8.5e-05,0.0
ws_001009.txt,21,42,7,0.00591,True,7.1e-05,0.0
ws_001010.txt,26,52,9,0.015222,True,8.6e-05,0.0
ws_001011.txt,21,42,7,0.006238,True,0.000106,0.0
ws_001012.txt,17,34,6,0.004011,True,6.7e-05,0.0
ws_001013.txt,15,30,5,0.00311,True,5.9e-05,0.0
ws_001014.txt,21,42,7,0.006109,True,0.000113,0.0
ws_001015.txt,26,52,9,0.017799,True,9.3e-05,0.0
ws_001016.txt,30,60,10,0.023288,True,0.00012,0.0
ws_001017.txt,23,46,8,0.011706,True,7.4e-05,0.0
ws_001018.txt,33,66,11,0.024386,True,9.7e-05,0.0
ws_001019.txt,32,64,11,0.023949,True,0.000113,0.0
ws_001020.txt,22,44,8,0.01044,True,0.000104,0.0
ws_001021.txt,23,46,8,0.011355,True,0.000149,0.0
ws_001022.txt,22,44,8,0.006958,True,8.5e-05,0.0
ws_001023.txt,15,30,5,0.002878,True,5.8e-05,0.0
ws_001024.txt,31,62,10,0.023256,True,0.000112,0.0
ws_001025.txt,34,68,11,0.032484,True,0.00013,0.0
ws_001026.txt,21,42,7,0.006764,True,7.4e-05,0.0
ws_001027.txt,15,30,5,0.003726,True,6e-05,0.0
ws_001028.txt,27,54,10,0.019738,True,8.6e-05,0.0
ws_001029.txt,20,40,6,0.00617,True,7.2e-05,0.0
ws_001030.txt,16,32,6,0.003821,True,6e-05,0.0
ws_001031.txt,34,68,12,0.02526,True,0.000108,0.0
ws_001032.txt,24,48,9,0.015262,True,8.2e-05,0.0
ws_001033.txt,18,36,6,0.004733,True,0.000122,0.0
ws_001034.txt,18,36,7,0.00499,True,6.4e-05,0.0
ws_001035.txt,33,66,12,0.024274,True,0.000114,0.0
ws_001036.txt,18,36,6,0.004346,True,5.6e-05,0.0
ws_001037.txt,15,30,6,0.003068,True,5.6e-05,0.0
ws_001038.txt,26,52,9,0.015722,True,8.5e-05,0.0
ws_001039.txt,15,30,5,0.003581,True,5.6e-05,0.0
ws_001040.txt,15,30,6,0.003499,True,6.2e-05,0.0
ws_001041.txt,29,58,10,0.018714,True,0.000142,0.0
ws_001042.txt,33,66,11,0.025142,True,9.3e-05,0.0
ws_001043.txt,27,54,9,0.019536,True,9.2e-05,0.0
ws_001044.txt,17,34,6,0.003984,True,6.9e-05,0.0
ws_001045.txt,34,68,11,0.024505,True,0.000103,0.0
ws_001046.txt,20,40,7,0.005995,True,0.000128,0.0
ws_001047.txt,28,56,10,0.021005,True,9.1e-05,0.0
ws_001048.txt,28,56,10,0.01898,True,8.9e-05,0.0
ws_001049.txt,18,36,7,0.004806,True,0.000134,0.0
ws_001050.txt,17,34,6,0.004817,True,6.5e-05,0.0
ws_001051.txt,18,36,7,0.004964,True,7.4e-05,0.0
ws_001052.txt,19,38,6,0.006397,True,7.1e-05,0.0
ws_001053.txt,27,54,10,0.018775,True,9.3e-05,0.0
ws_001054.txt,25,50,9,0.017082,True,8.8e-05,0.0
ws_001055.txt,29,58,10,0.018156,True,0.000113,0.0
ws_001056.txt,25,50,9,0.015744,True,7.8e-05,0.0
ws_001057.txt,21,42,7,0.005703,True,7.7e-05,0.0
ws_001058.txt,19,38,6,0.005027,True,6.7e-05,0.0
ws_001059.txt,16,32,6,0.003884,True,6.3e-05,0.0
ws_001060.txt,22,44,8,0.011281,True,8.3e-05,0.0
ws_001061.txt,18,36,6,0.004244,True,6.9e-05,0.0
ws_001062.txt,31,62,11,0.02228,True,9.8e-05,0.0
ws_001063.txt,27,54,10,0.016849,True,0.000119,0.0
ws_001064.txt,31,62,11,0.024884,True,9.5e-05,0.0
ws_001065.txt,15,30,6,0.003748,True,5.7e-05,0.0
ws_001066.txt,16,32,5,0.0035,True,0.000131,0.0
ws_001067.txt,21,42,7,0.006132,True,7.7e-05,0.0
ws_001068.txt,21,42,7,0.006721,True,6.4e-05,0.0
ws_001069.txt,35,70,12,0.02884,True,0.000107,0.0
ws_001070.txt,16,32,6,0.003735,True,5.2e-05,0.0
ws_001071.txt,28,56,10,0.02126,True,9.4e-05,0.0
ws_001072.txt,23,46,8,0.014565,True,7e-05,0.0
ws_001073.txt,27,54,9,0.015038,True,8.3e-05,0.0
ws_001074.txt,16,32,5,0.003989,True,5.8e-05,0.0
ws_001075.txt,16,32,6,0.00366,True,0.000114,0.0
ws_001076.txt,23,46,8,0.011595,True,7.4e-05,0.0
ws_001077.txt,26,52,9,0.015114,True,7.9e-05,0.0
ws_001078.txt,30,60,11,0.022258,True,0.000106,0.0
ws_001079.txt,30,60,10,0.021064,True,9.8e-05,0.0
ws_001080.txt,23,46,8,0.013365,True,8.6e-05,0.0
ws_001081.txt,19,38,7,0.005192,True,7.8e-05,0.0
ws_001082.txt,32,64,10,0.022354,True,0.000119,0.0
ws_001083.txt,24,48,9,0.015136,True,0.000123,0.0
ws_001084.txt,23,46,8,0.012046,True,9.6e-05,0.0
ws_001085.txt,23,46,8,0.012729,True,7.7e-05,0.0
ws_001086.txt,21,42,7,0.006906,True,6.9e-05,0.0
ws_001087.txt,19,38,7,0.005281,True,6.8e-05,0.0
ws_001088.txt,23,46,9,0.013601,True,7.5e-05,0.0
ws_001089.txt,25,50,9,0.015065,True,8.1e-05,0.0
ws_001090.txt,34,68,12,0.024202,True,9.9e-05,0.0
ws_001091.txt,33,66,12,0.024425,True,0.000182,0.0
ws_001092.txt,32,64,10,0.034314,True,0.000137,0.0
ws_001093.txt,32,64,11,0.031029,True,9.6e-05,0.0
ws_001094.txt,32,64,11,0.026043,True,9.5e-05,0.0
ws_001095.txt,18,36,7,0.005517,True,5.9e-05,0.0
ws_001096.txt,26,52,9,0.017622,True,8.1e-05,0.0
ws_001097.txt,26,52,9,0.016564,True,0.000141,0.0
ws_001098.txt,34,68,12,0.025103,True,0.0001,0.0
ws_001099.txt,35,70,12,0.025945,True,9.7e-05,0.0
ws_001100.txt,15,30,6,0.003557,True,7.1e-05,0.0
ws_001101.txt,27,54,9,0.017645,True,9.4e-05,0.0
ws_001102.txt,33,66,11,0.023769,True,0.000166,0.0
ws_001103.txt,29,58,10,0.018707,True,9.5e-05,0.0
ws_001104.txt,31,62,10,0.028636,True,9.6e-05,0.0
ws_001105.txt,32,64,11,0.032931,True,0.000102,0.0
ws_001106.txt,31,62,10,0.021351,True,0.0001,0.0
ws_001107.txt,33,66,12,0.028021,True,9.8e-05,0.0
ws_001108.txt,20,40,7,0.005921,True,7.5e-05,0.0
ws_001109.txt,33,66,12,0.027011,True,0.000109,0.0
ws_001110.txt,23,46,8,0.010969,True,8e-05,0.0
ws_001111.txt,29,58,10,0.01968,True,9e-05,0.0
ws_001112.txt,20,40,7,0.005606,True,8.6e-05,0.0
ws_001113.txt,35,70,12,0.029292,True,0.000105,0.0
ws_001114.txt,23,46,8,0.013433,True,0.000112,0.0
ws_001115.txt,34,68,11,0.026025,True,0.000106,0.0
ws_001116.txt,20,40,7,0.005934,True,7e-05,0.0
ws_001117.txt,30,60,11,0.021596,True,0.000107,0.0
ws_001118.txt,15,30,5,0.002996,True,5.5e-05,0.0
ws_001119.txt,16,32,6,0.003396,True,5.7e-05,0.0
ws_001120.txt,35,70,12,0.030434,True,0.000105,0.0
ws_001121.txt,28,56,10,0.017668,True,8.8e-05,0.0
ws_001122.txt,34,68,12,0.024548,True,9.9e-05,0.0
ws_001123.txt,19,38,7,0.005651,True,5.9e-05,0.0
ws_001124.txt,23,46,8,0.011928,True,7.6e-05,0.0
ws_001125.txt,21,42,7,0.006659,True,8.8e-05,0.0
ws_001126.txt,21,42,7,0.006547,True,6.7e-05,0.0
ws_001127.txt,17,34,6,0.004775,True,9.9e-05,0.0
ws_001128.txt,27,54,9,0.01729,True,8.8e-05,0.0
ws_001129.txt,17,34,6,0.00397,True,6.4e-05,0.0
ws_001130.txt,33,66,12,0.026801,True,0.000121,0.0
ws_001131.txt,20,40,7,0.005969,True,6.9e-05,0.0
ws_001132.txt,16,32,6,0.003967,True,6.3e-05,0.0
ws_001133.txt,27,54,10,0.018671,True,9.2e-05,0.0
ws_001134.txt,28,56,10,0.018268,True,0.000105,0.0
ws_001135.txt,21,42,7,0.005626,True,7.1e-05,0.0
ws_001136.txt,15,30,5,0.002887,True,5.6e-05,0.0
ws_001137.txt,25,50,9,0.014854,True,8.1e-05,0.0
ws_001138.txt,28,56,10,0.019638,True,8.9e-05,0.0
ws_001139.txt,28,56,10,0.017597,True,8.3e-05,0.0
ws_001140.txt,27,54,9,0.018498,True,8e-05,0.0
ws_001141.txt,18,36,6,0.004604,True,6.2e-05,0.0
ws_001142.txt,35,70,11,0.032458,True,9.4e-05,0.0
ws_001143.txt,24,48,7,0.012,True,0.000147,0.0
ws_001144.txt,35,70,12,0.029133,True,0.000121,0.0
ws_001145.txt,30,60,10,0.021159,True,0.000109,0.0
ws_001146.txt,25,50,9,0.014297,True,8e-05,0.0
ws_001147.txt,31,62,11,0.022095,True,0.000104,0.0
ws_001148.txt,26,52,9,0.017377,True,7.8e-05,0.0
ws_001149.txt,16,32,5,0.003742,True,7e-05,0.0
ws_001150.txt,21,42,7,0.006183,True,6.8e-05,0.0
ws_001151.txt,24,48,9,0.013709,True,8.9e-05,0.0
ws_001152.txt,34,68,10,0.021072,True,0.000146,0.0
ws_001153.txt,17,34,6,0.004249,True,7.8e-05,0.0
ws_001154.txt,18,36,6,0.003983,True,6.1e-05,0.0
ws_001155.txt,34,68,11,0.027091,True,0.000166,0.0
ws_001156.txt,34,68,11,0.024814,True,0.000104,0.0
ws_001157.txt,20,40,7,0.006909,True,6.6e-05,0.0
ws_001158.txt,20,40,7,0.005879,True,7.2e-05,0.0
ws_001159.txt,29,58,10,0.023392,True,0.000117,0.0
ws_001160.txt,30,60,11,0.023535,True,0.000116,0.0
ws_001161.txt,20,40,8,0.006362,True,7.8e-05,0.0
ws_001162.txt,27,54,9,0.015292,True,9.7e-05,0.0
ws_001163.txt,30,60,10,0.017775,True,0.000194,0.0
ws_001164.txt,28,56,9,0.021518,True,9.9e-05,0.0
ws_001165.txt,21,42,7,0.008374,True,8.7e-05,0.0
ws_001166.txt,26,52,9,0.014111,True,0.000107,0.0
ws_001167.txt,18,36,7,0.004571,True,6.3e-05,0.0
ws_001168.txt,17,34,6,0.003829,True,6.8e-05,0.0
ws_001169.txt,23,46,8,0.010966,True,8.7e-05,0.0
ws_001170.txt,32,64,12,0.026715,True,9.9e-05,0.0
ws_001171.txt,34,68,12,0.028104,True,0.000116,0.0
ws_001172.txt,30,60,10,0.023666,True,9.8e-05,0.0
ws_001173.txt,32,64,11,0.023345,True,0.000103,0.0
ws_001174.txt,15,30,6,0.00342,True,6.1e-05,0.0
ws_001175.txt,34,68,12,0.024109,True,0.000128,0.0
ws_001176.txt,20,40,8,0.006327,True,6e-05,0.0
ws_001177.txt,15,30,5,0.003411,True,5.8e-05,0.0
ws_001178.txt,31,62,11,0.022696,True,0.00018,0.0
ws_001179.txt,16,32,6,0.004022,True,5.7e-05,0.0
ws_001180.txt,33,66,12,0.024695,True,0.000108,0.0
ws_001181.txt,23,46,8,0.009603,True,7.9e-05,0.0
ws_001182.txt,19,38,7,0.005038,True,6.5e-05,0.0
ws_001183.txt,24,48,9,0.014438,True,8.4e-05,0.0
ws_001184.txt,24,48,8,0.01535,True,0.000101,0.0
ws_001185.txt,18,36,7,0.004834,True,6.6e-05,0.0
ws_001186.txt,17,34,6,0.004085,True,6.4e-05,0.0
ws_001187.txt,35,70,12,0.030646,True,0.000124,0.0
ws_001188.txt,21,42,7,0.006136,True,0.000104,0.0
ws_001189.txt,34,68,12,0.025366,True,0.000111,0.0
ws_001190.txt,28,56,10,0.018231,True,8.5e-05,0.0
ws_001191.txt,30,60,10,0.024437,True,0.000118,0.0
ws_001192.txt,33,66,11,0.023314,True,0.000105,0.0
ws_001193.txt,26,52,10,0.018007,True,8.2e-05,0.0
ws_001194.txt,31,62,10,0.022784,True,9.5e-05,0.0
ws_001195.txt,32,64,11,0.02228,True,0.00013,0.0
ws_001196.txt,32,64,11,0.027039,True,9.7e-05,0.0
ws_001197.txt,15,30,5,0.00299,True,6.4e-05,0.0
ws_001198.txt,34,68,12,0.028013,True,0.00017,0.0
ws_001199.txt,32,64,11,0.022603,True,9.7e-05,0.0
ws_001200.txt,15,30,5,0.003741,True,7.1e-05,0.0
ws_001201.txt,33,66,11,0.023561,True,0.000164,0.0
ws_001202.txt,25,50,8,0.013084,True,8.4e-05,0.0
ws_001203.txt,28,56,10,0.020315,True,0.000101,0.0
ws_001204.txt,28,56,10,0.018672,True,9e-05,0.0
ws_001205.txt,24,48,9,0.013748,True,8.7e-05,0.0
ws_001206.txt,17,34,7,0.004792,True,8.5e-05,0.0
ws_001207.txt,17,34,6,0.004421,True,6.5e-05,0.0
ws_001208.txt,29,58,10,0.021002,True,9.7e-05,0.0
ws_001209.txt,24,48,8,0.013495,True,8.8e-05,0.0
ws_001210.txt,30,60,10,0.023377,True,9.8e-05,0.0
ws_001211.txt,28,56,9,0.020197,True,9e-05,0.0
ws_001212.txt,18,36,7,0.005421,True,6.8e-05,0.0
ws_001213.txt,18,36,6,0.005262,True,6.4e-05,0.0
ws_001214.txt,19,38,7,0.00507,True,7.2e-05,0.0
ws_001215.txt,30,60,10,0.023152,True,9.4e-05,0.0
ws_001216.txt,17,34,6,0.004452,True,6.5e-05,0.0
ws_001217.txt,30,60,10,0.021246,True,0.000148,0.0
ws_001218.txt,30,60,10,0.020164,True,0.000174,0.0
ws_001219.txt,18,36,7,0.004834,True,6e-05,0.0
ws_001220.txt,29,58,10,0.020587,True,8.6e-05,0.0
ws_001221.txt,27,54,10,0.018962,True,8.8e-05,0.0
ws_001222.txt,16,32,6,0.003887,True,5.8e-05,0.0
ws_001223.txt,32,64,11,0.024231,True,0.000104,0.0
ws_001224.txt,22,44,8,0.010561,True,6.8e-05,0.0
ws_001225.txt,19,38,6,0.004666,True,8e-05,0.0
ws_001226.txt,25,50,9,0.014949,True,7.3e-05,0.0
ws_001227.txt,25,50,9,0.01498,True,8.3e-05,0.0
ws_001228.txt,17,34,6,0.003955,True,5.8e-05,0.0
ws_001229.txt,27,54,9,0.01555,True,8e-05,0.0
ws_001230.txt,19,38,7,0.005461,True,6.4e-05,0.0
ws_001231.txt,30,60,10,0.023513,True,0.000158,0.0
ws_001232.txt,30,60,11,0.021248,True,9.5e-05,0.0
ws_001233.txt,21,42,7,0.006488,True,7.4e-05,0.0
ws_001234.txt,19,38,7,0.005275,True,0.000128,0.0
ws_001235.txt,31,62,10,0.022122,True,0.000111,0.0
ws_001236.txt,18,36,6,0.004495,True,6.5e-05,0.0
ws_001237.txt,24,48,9,0.014696,True,0.000141,0.0
ws_001238.txt,27,54,10,0.018957,True,8.8e-05,0.0
ws_001239.txt,18,36,7,0.004636,True,8.5e-05,0.0
ws_001240.txt,30,60,11,0.022984,True,9.4e-05,0.0
ws_001241.txt,35,70,12,0.029085,True,0.000132,0.0
ws_001242.txt,33,66,11,0.020239,True,0.000101,0.0
ws_001243.txt,15,30,6,0.002976,True,5.8e-05,0.0
ws_001244.txt,16,32,6,0.003679,True,5.7e-05,0.0
ws_001245.txt,30,60,10,0.022363,True,9.9e-05,0.0
ws_001246.txt,21,42,7,0.00714,True,6.8e-05,0.0
ws_001247.txt,29,58,10,0.018163,True,8.6e-05,0.0
ws_001248.txt,30,60,10,0.020117,True,9.8e-05,0.0
ws_001249.txt,33,66,11,0.023964,True,0.000114,0.0
ws_001250.txt,17,34,6,0.004056,True,6.1e-05,0.0
ws_001251.txt,16,32,6,0.00405,True,9.1e-05,0.0
ws_001252.txt,22,44,7,0.014784,True,0.000152,0.0
ws_001253.txt,26,52,8,0.016196,True,0.000109,0.0
ws_001254.txt,35,70,11,0.027834,True,0.000104,0.0
ws_001255.txt,25,50,9,0.01471,True,7.7e-05,0.0
ws_001256.txt,32,64,10,0.025694,True,9.8e-05,0.0
ws_001257.txt,20,40,7,0.010903,True,0.00012,0.0
ws_001258.txt,19,38,7,0.008524,True,7e-05,0.0
ws_001259.txt,32,64,11,0.022767,True,0.000172,0.0
ws_001260.txt,29,58,10,0.020474,True,0.000167,0.0
ws_001261.txt,16,32,6,0.004544,True,9.5e-05,0.0
ws_001262.txt,35,70,12,0.027912,True,0.0002,0.0
ws_001263.txt,33,66,10,0.021176,True,0.000169,0.0
ws_001264.txt,24,48,8,0.011923,True,0.000156,0.0
ws_001265.txt,31,62,10,0.021816,True,0.000145,0.0
ws_001266.txt,18,36,7,0.005105,True,7.7e-05,0.0
ws_001267.txt,34,68,12,0.026289,True,0.00015,0.0
ws_001268.txt,22,44,8,0.010635,True,0.000122,0.0
ws_001269.txt,34,68,11,0.023807,True,0.000158,0.0
ws_001270.txt,32,64,11,0.028016,True,0.000153,0.0
ws_001271.txt,32,64,11,0.021153,True,0.000133,0.0
ws_001272.txt,19,38,6,0.004942,True,9.7e-05,0.0
ws_001273.txt,33,66,12,0.022861,True,0.000252,0.0
ws_001274.txt,20,40,7,0.005843,True,0.000107,0.0
ws_001275.txt,23,46,8,0.011296,True,0.000127,0.0
ws_001276.txt,27,54,9,0.017369,True,0.000135,0.0
ws_001277.txt,21,42,7,0.006133,True,0.000106,0.0
ws_001278.txt,33,66,11,0.026115,True,0.000171,0.0
ws_001279.txt,32,64,11,0.024498,True,0.000145,0.0
ws_001280.txt,27,54,9,0.015101,True,0.000176,0.0
ws_001281.txt,30,60,10,0.023534,True,0.000154,0.0
ws_001282.txt,31,62,11,0.025931,True,0.00016,0.0
ws_001283.txt,30,60,11,0.023866,True,0.000162,0.0
ws_001284.txt,17,34,6,0.004252,True,9.4e-05,0.0
ws_001285.txt,27,54,9,0.016403,True,0.000138,0.0
ws_001286.txt,17,34,7,0.004764,True,9.4e-05,0.0
ws_001287.txt,33,66,11,0.024922,True,0.000202,0.0
ws_001288.txt,33,66,11,0.023801,True,0.00016,0.0
ws_001289.txt,34,68,12,0.028147,True,0.000181,0.0
ws_001290.txt,34,68,11,0.038348,True,0.000173,0.0
ws_001291.txt,22,44,8,0.010917,True,0.000139,0.0
ws_001292.txt,18,36,6,0.004435,True,9.7e-05,0.0
ws_001293.txt,32,64,11,0.023623,True,0.000151,0.0
ws_001294.txt,19,38,7,0.004492,True,0.0001,0.0
ws_001295.txt,20,40,7,0.00491,True,0.000125,0.0
ws_001296.txt,35,70,12,0.029958,True,0.000161,0.0
ws_001297.txt,15,30,6,0.003663,True,7.3e-05,0.0
ws_001298.txt,23,46,8,0.018861,True,0.000161,0.0
ws_001299.txt,26,52,9,0.016053,True,0.000139,0.0
ws_001300.txt,22,44,8,0.011097,True,0.000117,0.0
ws_001301.txt,23,46,9,0.012051,True,0.000119,0.0
ws_001302.txt,19,38,7,0.006045,True,0.000103,0.0
ws_001303.txt,18,36,6,0.004771,True,0.000125,0.0
ws_001304.txt,35,70,12,0.03052,True,0.000148,0.0
ws_001305.txt,16,32,6,0.004289,True,9.9e-05,0.0
ws_001306.txt,21,42,8,0.006383,True,0.0001,0.0
ws_001307.txt,26,52,9,0.017057,True,0.000136,0.0
ws_001308.txt,21,42,8,0.006853,True,0.000117,0.0
ws_001309.txt,35,70,13,0.03063,True,0.000179,0.0
ws_001310.txt,28,56,10,0.019764,True,0.000149,0.0
ws_001311.txt,17,34,6,0.00436,True,9.4e-05,0.0
ws_001312.txt,31,62,11,0.020895,True,0.000169,0.0
ws_001313.txt,15,30,5,0.00303,True,9e-05,0.0
ws_001314.txt,23,46,8,0.014223,True,0.000117,0.0
ws_001315.txt,24,48,9,0.012672,True,0.000124,0.0
ws_001316.txt,31,62,10,0.021876,True,0.000146,0.0
ws_001317.txt,18,36,6,0.004426,True,9.4e-05,0.0
ws_001318.txt,23,46,9,0.012485,True,0.00012,0.0
ws_001319.txt,31,62,10,0.024649,True,0.00015,0.0
ws_001320.txt,18,36,6,0.004673,True,8.3e-05,0.0
ws_001321.txt,18,36,7,0.005353,True,9.4e-05,0.0
ws_001322.txt,16,32,6,0.003927,True,0.000103,0.0
ws_001323.txt,24,48,8,0.011455,True,0.000127,0.0
ws_001324.txt,30,60,11,0.02154,True,0.000151,0.0
ws_001325.txt,34,68,11,0.023709,True,0.000201,0.0
ws_001326.txt,31,62,11,0.025616,True,0.000145,0.0
ws_001327.txt,28,56,10,0.018375,True,0.000164,0.0
ws_001328.txt,32,64,11,0.025979,True,0.000167,0.0
ws_001329.txt,35,70,12,0.027573,True,0.000143,0.0
ws_001330.txt,34,68,11,0.025454,True,0.000149,0.0
ws_001331.txt,28,56,10,0.022212,True,0.000141,0.0
ws_001332.txt,15,30,5,0.003104,True,8.3e-05,0.0
ws_001333.txt,20,40,7,0.006138,True,0.000133,0.0
ws_001334.txt,16,32,5,0.003537,True,8.9e-05,0.0
ws_001335.txt,35,70,12,0.028381,True,0.000185,0.0
ws_001336.txt,27,54,10,0.019291,True,0.000139,0.0
ws_001337.txt,34,68,12,0.025727,True,0.000175,0.0
ws_001338.txt,19,38,7,0.005201,True,0.000128,0.0
ws_001339.txt,17,34,7,0.004687,True,9e-05,0.0
ws_001340.txt,25,50,8,0.012424,True,0.00013,0.0
ws_001341.txt,20,40,7,0.005837,True,0.000108,0.0
ws_001342.txt,22,44,7,0.010636,True,0.00011,0.0
ws_001343.txt,17,34,5,0.005054,True,0.000108,0.0
ws_001344.txt,34,68,12,0.026555,True,0.000182,0.0
ws_001345.txt,31,62,10,0.01853,True,0.000161,0.0
ws_001346.txt,28,56,9,0.017347,True,0.000153,0.0
ws_001347.txt,21,42,7,0.005969,True,0.000112,0.0
ws_001348.txt,23,46,9,0.011991,True,6.8e-05,0.0
ws_001349.txt,31,62,10,0.021456,True,8.4e-05,0.0
ws_001350.txt,18,36,6,0.004567,True,6.3e-05,0.0
ws_001351.txt,17,34,6,0.003973,True,5.7e-05,0.0
ws_001352.txt,22,44,8,0.011323,True,6.9e-05,0.0
ws_001353.txt,23,46,8,0.011064,True,8.5e-05,0.0
ws_001354.txt,31,62,10,0.020267,True,0.000103,0.0
ws_001355.txt,15,30,5,0.003852,True,5.4e-05,0.0
ws_001356.txt,17,34,5,0.003214,True,0.000102,0.0
ws_001357.txt,22,44,8,0.011099,True,6.8e-05,0.0
ws_001358.txt,26,52,8,0.013947,True,8.2e-05,0.0
ws_001359.txt,23,46,8,0.01315,True,7.1e-05,0.0
ws_001360.txt,19,38,7,0.005245,True,6.5e-05,0.0
ws_001361.txt,21,42,8,0.006585,True,7.4e-05,0.0
ws_001362.txt,33,66,12,0.027172,True,0.000108,0.0
ws_001363.txt,28,56,10,0.019799,True,9.2e-05,0.0
ws_001364.txt,28,56,10,0.018463,True,9.2e-05,0.0
ws_001365.txt,26,52,8,0.015272,True,9.9e-05,0.0
ws_001366.txt,33,66,11,0.023081,True,0.000114,0.0
ws_001367.txt,25,50,9,0.0148,True,9.9e-05,0.0
ws_001368.txt,22,44,8,0.010661,True,7.4e-05,0.0
ws_001369.txt,35,70,11,0.026835,True,0.000119,0.0
ws_001370.txt,27,54,9,0.018279,True,8.8e-05,0.0
ws_001371.txt,23,46,8,0.010927,True,7.9e-05,0.0
ws_001372.txt,33,66,12,0.026567,True,0.000118,0.0
ws_001373.txt,20,40,7,0.006152,True,6.5e-05,0.0
ws_001374.txt,32,64,11,0.023287,True,9.4e-05,0.0
ws_001375.txt,26,52,9,0.021939,True,8e-05,0.0
ws_001376.txt,29,58,10,0.020872,True,9.2e-05,0.0
ws_001377.txt,18,36,7,0.005182,True,7.6e-05,0.0
ws_001378.txt,15,30,5,0.002665,True,8.7e-05,0.0
ws_001379.txt,28,56,10,0.018056,True,9e-05,0.0
ws_001380.txt,19,38,6,0.004894,True,7.4e-05,0.0
ws_001381.txt,22,44,7,0.010449,True,7.3e-05,0.0
ws_001382.txt,15,30,6,0.003277,True,5.2e-05,0.0
ws_001383.txt,26,52,8,0.016336,True,7.9e-05,0.0
ws_001384.txt,18,36,6,0.004705,True,0.000127,0.0
ws_001385.txt,17,34,6,0.004306,True,5.5e-05,0.0
ws_001386.txt,32,64,11,0.022446,True,9.1e-05,0.0
ws_001387.txt,25,50,9,0.016598,True,7.3e-05,0.0
ws_001388.txt,21,42,7,0.006607,True,7.6e-05,0.0
ws_001389.txt,15,30,5,0.003293,True,6.1e-05,0.0
ws_001390.txt,35,70,12,0.029257,True,0.000123,0.0
ws_001391.txt,16,32,6,0.004084,True,6.4e-05,0.0
ws_001392.txt,34,68,12,0.029547,True,0.000114,0.0
ws_001393.txt,21,42,7,0.006501,True,7.5e-05,0.0
ws_001394.txt,27,54,9,0.017968,True,9e-05,0.0
ws_001395.txt,26,52,9,0.01851,True,8.8e-05,0.0
ws_001396.txt,15,30,5,0.003687,True,7.6e-05,0.0
ws_001397.txt,24,48,8,0.017954,True,7.8e-05,0.0
ws_001398.txt,23,46,8,0.011721,True,7.7e-05,0.0
ws_001399.txt,26,52,8,0.019776,True,8.7e-05,0.0
ws_001400.txt,35,70,12,0.025808,True,0.000109,0.0
ws_001401.txt,26,52,9,0.0162,True,8.2e-05,0.0
ws_001402.txt,33,66,11,0.023745,True,0.000124,0.0
ws_001403.txt,34,68,12,0.027929,True,0.000122,0.0
ws_001404.txt,24,48,9,0.013386,True,8e-05,0.0
ws_001405.txt,21,42,7,0.006519,True,6.7e-05,0.0
ws_001406.txt,28,56,9,0.023043,True,0.000146,0.0
ws_001407.txt,34,68,12,0.026109,True,0.00011,0.0
ws_001408.txt,16,32,6,0.004515,True,5e-05,0.0
ws_001409.txt,23,46,8,0.011377,True,7.1e-05,0.0
ws_001410.txt,30,60,11,0.023393,True,9e-05,0.0
ws_001411.txt,29,58,11,0.019848,True,0.000111,0.0
ws_001412.txt,17,34,6,0.004144,True,6.9e-05,0.0
ws_001413.txt,23,46,8,0.012203,True,8.1e-05,0.0
ws_001414.txt,32,64,11,0.021796,True,0.000101,0.0
ws_001415.txt,23,46,8,0.011401,True,7.3e-05,0.0
ws_001416.txt,16,32,6,0.003695,True,5.8e-05,0.0
ws_001417.txt,35,70,12,0.025018,True,0.00014,0.0
ws_001418.txt,31,62,11,0.025186,True,9.9e-05,0.0
ws_001419.txt,15,30,5,0.003056,True,8e-05,0.0
ws_001420.txt,24,48,8,0.012125,True,8.5e-05,0.0
ws_001421.txt,31,62,11,0.025237,True,9.9e-05,0.0
ws_001422.txt,20,40,7,0.005867,True,6.7e-05,0.0
ws_001423.txt,21,42,7,0.006246,True,8e-05,0.0
ws_001424.txt,15,30,5,0.003246,True,7.5e-05,0.0
ws_001425.txt,33,66,11,0.023631,True,0.000125,0.0
ws_001426.txt,29,58,10,0.018321,True,8.2e-05,0.0
ws_001427.txt,30,60,11,0.024184,True,8.9e-05,0.0
ws_001428.txt,26,52,9,0.016623,True,9.9e-05,0.0
ws_001429.txt,25,50,9,0.016084,True,0.000171,0.0
ws_001430.txt,22,44,8,0.011004,True,7.3e-05,0.0
ws_001431.txt,34,68,11,0.021263,True,0.000156,0.0
ws_001432.txt,30,60,11,0.020758,True,9.1e-05,0.0
ws_001433.txt,28,56,9,0.020615,True,8.7e-05,0.0
ws_001434.txt,33,66,12,0.026306,True,0.000139,0.0
ws_001435.txt,17,34,6,0.004173,True,5.9e-05,0.0
ws_001436.txt,34,68,12,0.028518,True,9.7e-05,0.0
ws_001437.txt,28,56,10,0.02045,True,9.1e-05,0.0
ws_001438.txt,19,38,7,0.005335,True,7.3e-05,0.0
ws_001439.txt,16,32,6,0.004039,True,8.1e-05,0.0
ws_001440.txt,28,56,10,0.017268,True,9.7e-05,0.0
ws_001441.txt,27,54,10,0.018199,True,9.5e-05,0.0
ws_001442.txt,24,48,9,0.014642,True,8.5e-05,0.0
ws_001443.txt,22,44,7,0.009783,True,8e-05,0.0
ws_001444.txt,32,64,12,0.025937,True,0.000116,0.0
ws_001445.txt,35,70,12,0.028283,True,0.000108,0.0
ws_001446.txt,26,52,9,0.017943,True,8.6e-05,0.0
ws_001447.txt,19,38,7,0.005721,True,6.3e-05,0.0
ws_001448.txt,28,56,10,0.019331,True,9.9e-05,0.0
ws_001449.txt,29,58,10,0.019402,True,8.4e-05,0.0
ws_001450.txt,30,60,10,0.019972,True,9.2e-05,0.0
ws_001451.txt,15,30,6,0.004043,True,7.4e-05,0.0
ws_001452.txt,20,40,7,0.005971,True,0.000135,0.0
ws_001453.txt,20,40,7,0.005685,True,0.000105,0.0
ws_001454.txt,31,62,10,0.027138,True,0.000151,0.0
ws_001455.txt,15,30,6,0.003821,True,7.9e-05,0.0
ws_001456.txt,21,42,8,0.006479,True,0.000132,0.0
ws_001457.txt,22,44,8,0.012689,True,9.4e-05,0.0
ws_001458.txt,34,68,12,0.028795,True,0.000146,0.0
ws_001459.txt,35,70,12,0.025461,True,0.000171,0.0
ws_001460.txt,29,58,10,0.022118,True,0.000181,0.0
ws_001461.txt,34,68,11,0.022008,True,0.000236,0.0
ws_001462.txt,25,50,9,0.015164,True,0.00014,0.0
ws_001463.txt,23,46,8,0.012661,True,0.000121,0.0
ws_001464.txt,24,48,8,0.013117,True,0.000129,0.0
ws_001465.txt,21,42,8,0.007041,True,0.000104,0.0
ws_001466.txt,26,52,9,0.01578,True,0.000148,0.0
ws_001467.txt,18,36,7,0.005191,True,0.000127,0.0
ws_001468.txt,25,50,9,0.015817,True,0.000131,0.0
ws_001469.txt,33,66,11,0.023979,True,0.000204,0.0
ws_001470.txt,17,34,6,0.004058,True,0.000123,0.0
ws_001471.txt,31,62,11,0.023211,True,0.000151,0.0
ws_001472.txt,17,34,6,0.00417,True,0.000136,0.0
ws_001473.txt,20,40,7,0.006059,True,0.000105,0.0
ws_001474.txt,34,68,12,0.026857,True,0.000164,0.0
ws_001475.txt,15,30,5,0.003556,True,0.000138,0.0
ws_001476.txt,31,62,10,0.020745,True,0.000161,0.0
ws_001477.txt,18,36,7,0.004822,True,9.2e-05,0.0
ws_001478.txt,25,50,9,0.01506,True,0.000172,0.0
ws_001479.txt,35,70,13,0.027569,True,0.000165,0.0
ws_001480.txt,20,40,8,0.006564,True,0.000102,0.0
ws_001481.txt,30,60,11,0.024852,True,0.000133,0.0
ws_001482.txt,18,36,6,0.004411,True,8.9e-05,0.0
ws_001483.txt,28,56,9,0.017516,True,0.00014,0.0
ws_001484.txt,35,70,12,0.026436,True,0.00019,0.0
ws_001485.txt,29,58,10,0.019446,True,0.000144,0.0
ws_001486.txt,15,30,6,0.003785,True,8e-05,0.0
ws_001487.txt,18,36,6,0.004532,True,9.4e-05,0.0
ws_001488.txt,23,46,8,0.012901,True,0.000123,0.0
ws_001489.txt,29,58,10,0.020214,True,0.000143,0.0
ws_001490.txt,27,54,10,0.020524,True,0.000149,0.0
ws_001491.txt,33,66,11,0.025093,True,0.000186,0.0
ws_001492.txt,34,68,12,0.025269,True,0.000185,0.0
ws_001493.txt,29,58,10,0.019036,True,0.000152,0.0
ws_001494.txt,33,66,11,0.026548,True,0.000162,0.0
ws_001495.txt,20,40,7,0.006189,True,0.000106,0.0
ws_001496.txt,19,38,7,0.005292,True,9.7e-05,0.0
ws_001497.txt,23,46,8,0.011465,True,0.000122,0.0
ws_001498.txt,20,40,7,0.0064,True,9.9e-05,0.0
ws_001499.txt,34,68,11,0.023202,True,0.000165,0.0
ws_001500.txt,16,32,5,0.0038,True,7.2e-05,0.0
ws_001501.txt,28,56,9,0.01664,True,0.000145,0.0
ws_001502.txt,34,68,12,0.027385,True,0.000152,0.0
ws_001503.txt,35,70,12,0.029571,True,0.000155,0.0
ws_001504.txt,31,62,11,0.023243,True,0.00016,0.0
ws_001505.txt,29,58,10,0.022539,True,0.000133,0.0
ws_001506.txt,29,58,10,0.022178,True,0.000149,0.0
ws_001507.txt,28,56,9,0.018558,True,0.000131,0.0
ws_001508.txt,27,54,9,0.018106,True,0.000141,0.0
ws_001509.txt,30,60,10,0.021152,True,0.000128,0.0
ws_001510.txt,24,48,8,0.014124,True,0.000141,0.0
ws_001511.txt,35,70,12,0.035666,True,0.000188,0.0
ws_001512.txt,31,62,10,0.02051,True,0.000154,0.0
ws_001513.txt,23,46,8,0.010511,True,8.3e-05,0.0
ws_001514.txt,33,66,12,0.024915,True,0.000127,0.0
ws_001515.txt,30,60,10,0.022892,True,9.2e-05,0.0
ws_001516.txt,35,70,12,0.026851,True,0.000116,0.0
ws_001517.txt,26,52,9,0.017445,True,9.1e-05,0.0
ws_001518.txt,24,48,8,0.015235,True,7.9e-05,0.0
ws_001519.txt,26,52,9,0.016054,True,9.4e-05,0.0
ws_001520.txt,32,64,11,0.022975,True,0.000168,0.0
ws_001521.txt,24,48,8,0.012021,True,8.1e-05,0.0
ws_001522.txt,17,34,6,0.004254,True,9e-05,0.0
ws_001523.txt,25,50,9,0.015709,True,7.9e-05,0.0
ws_001524.txt,31,62,10,0.01729,True,0.000127,0.0
ws_001525.txt,33,66,10,0.024381,True,0.000116,0.0
ws_001526.txt,31,62,10,0.019543,True,8.9e-05,0.0
ws_001527.txt,23,46,7,0.010219,True,7.4e-05,0.0
ws_001528.txt,19,38,6,0.004918,True,8.5e-05,0.0
ws_001529.txt,16,32,5,0.003233,True,5.7e-05,0.0
ws_001530.txt,30,60,10,0.020462,True,0.000148,0.0
ws_001531.txt,26,52,9,0.016449,True,0.000131,0.0
ws_001532.txt,34,68,12,0.02465,True,0.000154,0.0
ws_001533.txt,33,66,11,0.026212,True,0.000143,0.0
ws_001534.txt,20,40,7,0.006633,True,8.9e-05,0.0
ws_001535.txt,17,34,6,0.004125,True,9.7e-05,0.0
ws_001536.txt,35,70,12,0.029668,True,0.000186,0.0
ws_001537.txt,30,60,10,0.021915,True,0.000162,0.0
ws_001538.txt,23,46,8,0.010987,True,0.00015,0.0
ws_001539.txt,22,44,8,0.012727,True,0.000118,0.0
ws_001540.txt,32,64,11,0.024905,True,0.000163,0.0
ws_001541.txt,34,68,13,0.030822,True,0.00017,0.0
ws_001542.txt,29,58,10,0.021595,True,0.000168,0.0
ws_001543.txt,17,34,6,0.003743,True,9.3e-05,0.0
ws_001544.txt,16,32,6,0.004121,True,0.000121,0.0
ws_001545.txt,24,48,8,0.013833,True,0.000128,0.0
ws_001546.txt,19,38,7,0.005598,True,9.9e-05,0.0
ws_001547.txt,18,36,6,0.004277,True,9.3e-05,0.0
ws_001548.txt,34,68,11,0.024755,True,0.000174,0.0
ws_001549.txt,25,50,8,0.012628,True,0.000129,0.0
ws_001550.txt,25,50,9,0.015369,True,0.000125,0.0
ws_001551.txt,26,52,9,0.015986,True,0.000142,0.0
ws_001552.txt,27,54,10,0.017167,True,0.000128,0.0
ws_001553.txt,35,70,12,0.027359,True,0.000143,0.0
ws_001554.txt,28,56,10,0.018063,True,0.000142,0.0
ws_001555.txt,26,52,9,0.016044,True,0.000124,0.0
ws_001556.txt,32,64,11,0.022206,True,0.000146,0.0
ws_001557.txt,34,68,11,0.025379,True,0.00015,0.0
ws_001558.txt,15,30,6,0.003695,True,8.7e-05,0.0
ws_001559.txt,33,66,12,0.025913,True,0.000157,0.0
ws_001560.txt,30,60,10,0.020228,True,0.000165,0.0
ws_001561.txt,31,62,11,0.023086,True,0.00015,0.0
ws_001562.txt,21,42,7,0.006777,True,0.000109,0.0
ws_001563.txt,27,54,9,0.016123,True,0.000158,0.0
ws_001564.txt,32,64,10,0.022976,True,0.00018,0.0
ws_001565.txt,28,56,10,0.01989,True,0.000144,0.0
ws_001566.txt,17,34,6,0.00498,True,9.4e-05,0.0
ws_001567.txt,23,46,8,0.013793,True,0.000131,0.0
ws_001568.txt,29,58,10,0.020706,True,0.000173,0.0
ws_001569.txt,30,60,11,0.021497,True,0.000177,0.0
ws_001570.txt,31,62,11,0.026224,True,0.000195,0.0
ws_001571.txt,33,66,11,0.021832,True,0.000155,0.0
ws_001572.txt,18,36,7,0.00455,True,9.5e-05,0.0
ws_001573.txt,16,32,6,0.003705,True,8.8e-05,0.0
ws_001574.txt,21,42,7,0.006457,True,0.000107,0.0
ws_001575.txt,19,38,6,0.004886,True,9.6e-05,0.0
ws_001576.txt,18,36,6,0.005473,True,0.000107,0.0
ws_001577.txt,19,38,7,0.004839,True,0.000143,0.0
ws_001578.txt,21,42,7,0.00551,True,0.000112,0.0
ws_001579.txt,34,68,12,0.025563,True,0.000157,0.0
ws_001580.txt,27,54,9,0.018471,True,0.000136,0.0
ws_001581.txt,22,44,8,0.010896,True,0.000137,0.0
ws_001582.txt,28,56,10,0.018925,True,0.00012,0.0
ws_001583.txt,18,36,7,0.004645,True,9.4e-05,0.0
ws_001584.txt,28,56,9,0.015933,True,0.000134,0.0
ws_001585.txt,25,50,9,0.016053,True,0.000127,0.0
ws_001586.txt,28,56,10,0.023458,True,0.000155,0.0
ws_001587.txt,25,50,9,0.01699,True,8.3e-05,0.0
ws_001588.txt,27,54,10,0.018295,True,9.1e-05,0.0
ws_001589.txt,35,70,12,0.025436,True,0.00018,0.0
ws_001590.txt,34,68,11,0.026069,True,0.000113,0.0
ws_001591.txt,29,58,11,0.022067,True,9.5e-05,0.0
ws_001592.txt,16,32,6,0.003438,True,6.2e-05,0.0
ws_001593.txt,30,60,10,0.023803,True,9.9e-05,0.0
ws_001594.txt,33,66,11,0.022159,True,0.00012,0.0
ws_001595.txt,21,42,6,0.004979,True,8.6e-05,0.0
ws_001596.txt,19,38,7,0.005204,True,7.2e-05,0.0
ws_001597.txt,21,42,8,0.00634,True,6.9e-05,0.0
ws_001598.txt,16,32,6,0.003459,True,5.7e-05,0.0
ws_001599.txt,29,58,10,0.021853,True,0.000104,0.0
ws_001600.txt,31,62,11,0.02475,True,9.4e-05,0.0
ws_001601.txt,32,64,11,0.024779,True,0.000115,0.0
ws_001602.txt,22,44,8,0.009325,True,9.5e-05,0.0
ws_001603.txt,19,38,7,0.004923,True,6.6e-05,0.0
ws_001604.txt,31,62,10,0.019431,True,0.000114,0.0
ws_001605.txt,20,40,7,0.006391,True,6.9e-05,0.0
ws_001606.txt,18,36,6,0.004621,True,7.4e-05,0.0
ws_001607.txt,25,50,8,0.013303,True,0.000101,0.0
ws_001608.txt,26,52,9,0.017093,True,8.1e-05,0.0
ws_001609.txt,30,60,10,0.018709,True,9.6e-05,0.0
ws_001610.txt,28,56,10,0.017821,True,8.8e-05,0.0
ws_001611.txt,16,32,6,0.003826,True,5.9e-05,0.0
ws_001612.txt,33,66,11,0.02256,True,0.000138,0.0
ws_001613.txt,31,62,10,0.020457,True,9.3e-05,0.0
ws_001614.txt,34,68,12,0.027876,True,0.000182,0.0
ws_001615.txt,27,54,9,0.017861,True,8.9e-05,0.0
ws_001616.txt,21,42,7,0.005997,True,7.4e-05,0.0
ws_001617.txt,15,30,5,0.003112,True,7.7e-05,0.0
ws_001618.txt,23,46,8,0.011143,True,9.5e-05,0.0
ws_001619.txt,28,56,10,0.021783,True,0.000105,0.0
ws_001620.txt,24,48,8,0.012619,True,8e-05,0.0
ws_001621.txt,23,46,7,0.010705,True,8.3e-05,0.0
ws_001622.txt,34,68,11,0.0266,True,0.000158,0.0
ws_001623.txt,20,40,7,0.005859,True,6.6e-05,0.0
ws_001624.txt,34,68,12,0.025907,True,0.000104,0.0
ws_001625.txt,24,48,8,0.011887,True,7e-05,0.0
ws_001626.txt,21,42,7,0.006265,True,7.1e-05,0.0
ws_001627.txt,31,62,11,0.022114,True,0.00011,0.0
ws_001628.txt,19,38,7,0.00477,True,6.5e-05,0.0
ws_001629.txt,20,40,7,0.006224,True,8.3e-05,0.0
ws_001630.txt,33,66,10,0.02841,True,0.000119,0.0
ws_001631.txt,29,58,11,0.021026,True,9.1e-05,0.0
ws_001632.txt,29,58,11,0.020217,True,0.000104,0.0
ws_001633.txt,19,38,7,0.005659,True,7.6e-05,0.0
ws_001634.txt,35,70,13,0.02655,True,0.000101,0.0
ws_001635.txt,29,58,10,0.019167,True,0.000128,0.0
ws_001636.txt,16,32,6,0.003556,True,6.1e-05,0.0
ws_001637.txt,34,68,12,0.025438,True,0.000101,0.0
ws_001638.txt,24,48,9,0.014674,True,9.2e-05,0.0
ws_001639.txt,22,44,8,0.010993,True,8.9e-05,0.0
ws_001640.txt,31,62,11,0.023736,True,9.8e-05,0.0
ws_001641.txt,20,40,7,0.006107,True,7.5e-05,0.0
ws_001642.txt,29,58,10,0.019557,True,9.8e-05,0.0
ws_001643.txt,25,50,9,0.013217,True,8.6e-05,0.0
ws_001644.txt,25,50,8,0.014648,True,0.000112,0.0
ws_001645.txt,33,66,12,0.024692,True,0.000124,0.0
ws_001646.txt,17,34,6,0.004379,True,6.4e-05,0.0
ws_001647.txt,27,54,10,0.019174,True,8.4e-05,0.0
ws_001648.txt,15,30,5,0.002989,True,6.8e-05,0.0
ws_001649.txt,28,56,9,0.017809,True,9.1e-05,0.0
ws_001650.txt,33,66,11,0.022736,True,0.000118,0.0
ws_001651.txt,34,68,12,0.029718,True,0.000173,0.0
ws_001652.txt,24,48,9,0.014096,True,7.9e-05,0.0
ws_001653.txt,21,42,7,0.005907,True,9.2e-05,0.0
ws_001654.txt,15,30,6,0.003206,True,5.5e-05,0.0
ws_001655.txt,31,62,11,0.023709,True,0.000121,0.0
ws_001656.txt,17,34,6,0.004223,True,6.7e-05,0.0
ws_001657.txt,27,54,9,0.018091,True,0.000119,0.0
ws_001658.txt,16,32,6,0.003974,True,6.1e-05,0.0
ws_001659.txt,30,60,10,0.021787,True,9.8e-05,0.0
ws_001660.txt,32,64,11,0.022267,True,0.000119,0.0
ws_001661.txt,15,30,5,0.003212,True,6.3e-05,0.0
ws_001662.txt,33,66,12,0.027262,True,0.000112,0.0
ws_001663.txt,20,40,7,0.005699,True,7.6e-05,0.0
ws_001664.txt,28,56,10,0.018507,True,0.00011,0.0
ws_001665.txt,20,40,7,0.005255,True,8.6e-05,0.0
ws_001666.txt,29,58,9,0.020833,True,9.6e-05,0.0
ws_001667.txt,33,66,11,0.027013,True,0.000222,0.0
ws_001668.txt,22,44,8,0.011909,True,8.7e-05,0.0
ws_001669.txt,25,50,8,0.014181,True,0.000185,0.0
ws_001670.txt,21,42,7,0.006298,True,0.000172,0.0
ws_001671.txt,34,68,11,0.025041,True,0.000136,0.0
ws_001672.txt,25,50,8,0.014433,True,0.000191,0.0
ws_001673.txt,34,68,12,0.028092,True,0.000125,0.0
ws_001674.txt,27,54,10,0.018322,True,9.2e-05,0.0
ws_001675.txt,30,60,10,0.023333,True,0.000102,0.0
ws_001676.txt,18,36,7,0.004939,True,0.000165,0.0
ws_001677.txt,34,68,12,0.02581,True,0.000137,0.0
ws_001678.txt,26,52,9,0.018057,True,9.2e-05,0.0
ws_001679.txt,26,52,10,0.018412,True,8.8e-05,0.0
ws_001680.txt,19,38,6,0.005568,True,9.2e-05,0.0
ws_001681.txt,31,62,10,0.020964,True,0.000111,0.0
ws_001682.txt,23,46,8,0.010554,True,0.0001,0.0
ws_001683.txt,22,44,7,0.010367,True,9.5e-05,0.0
ws_001684.txt,24,48,9,0.014055,True,9.7e-05,0.0
ws_001685.txt,34,68,12,0.028073,True,0.000111,0.0
ws_001686.txt,17,34,6,0.004714,True,7e-05,0.0
ws_001687.txt,33,66,11,0.024519,True,0.000108,0.0
ws_001688.txt,35,70,12,0.027092,True,0.000129,0.0
ws_001689.txt,28,56,10,0.018443,True,0.000107,0.0
ws_001690.txt,15,30,5,0.002717,True,6.3e-05,0.0
ws_001691.txt,26,52,9,0.01625,True,8.6e-05,0.0
ws_001692.txt,25,50,8,0.01439,True,0.000103,0.0
ws_001693.txt,31,62,11,0.026635,True,9.6e-05,0.0
ws_001694.txt,22,44,8,0.011498,True,7.6e-05,0.0
ws_001695.txt,20,40,7,0.005808,True,6.9e-05,0.0
ws_001696.txt,23,46,8,0.013197,True,7.5e-05,0.0
ws_001697.txt,30,60,11,0.022027,True,0.000102,0.0
ws_001698.txt,25,50,9,0.014813,True,9.4e-05,0.0
ws_001699.txt,20,40,7,0.006741,True,6.3e-05,0.0
ws_001700.txt,21,42,7,0.008267,True,7.2e-05,0.0
ws_001701.txt,27,54,10,0.019718,True,0.000106,0.0
ws_001702.txt,27,54,10,0.017655,True,8.3e-05,0.0
ws_001703.txt,19,38,7,0.005801,True,6.9e-05,0.0
ws_001704.txt,22,44,8,0.01283,True,7.3e-05,0.0
ws_001705.txt,23,46,8,0.012302,True,8.3e-05,0.0
ws_001706.txt,21,42,7,0.006099,True,7.1e-05,0.0
ws_001707.txt,22,44,7,0.010364,True,6.8e-05,0.0
ws_001708.txt,22,44,8,0.011977,True,8.6e-05,0.0
ws_001709.txt,28,56,9,0.018619,True,8.6e-05,0.0
ws_001710.txt,18,36,6,0.004048,True,6.1e-05,0.0
ws_001711.txt,35,70,12,0.026798,True,0.000102,0.0
ws_001712.txt,25,50,8,0.020477,True,0.000116,0.0
ws_001713.txt,27,54,9,0.015344,True,9.7e-05,0.0
ws_001714.txt,29,58,10,0.017755,True,9.4e-05,0.0
ws_001715.txt,33,66,10,0.022193,True,0.000147,0.0
ws_001716.txt,34,68,11,0.026533,True,0.000128,0.0
ws_001717.txt,25,50,9,0.015784,True,9.1e-05,0.0
ws_001718.txt,35,70,12,0.027163,True,0.000113,0.0
ws_001719.txt,35,70,13,0.028509,True,0.000113,0.0
ws_001720.txt,15,30,5,0.003439,True,6.6e-05,0.0
ws_001721.txt,32,64,11,0.02237,True,0.000113,0.0
ws_001722.txt,18,36,7,0.005527,True,7.2e-05,0.0
ws_001723.txt,17,34,6,0.006177,True,7e-05,0.0
ws_001724.txt,15,30,5,0.003065,True,6.4e-05,0.0
ws_001725.txt,25,50,9,0.01667,True,8.6e-05,0.0
ws_001726.txt,30,60,11,0.023511,True,9.7e-05,0.0
ws_001727.txt,21,42,7,0.008373,True,7.7e-05,0.0
ws_001728.txt,25,50,9,0.014107,True,8.2e-05,0.0
ws_001729.txt,29,58,11,0.025057,True,8.7e-05,0.0
ws_001730.txt,20,40,7,0.005657,True,7.1e-05,0.0
ws_001731.txt,35,70,11,0.03554,True,0.000104,0.0
ws_001732.txt,19,38,6,0.005541,True,6.9e-05,0.0
ws_001733.txt,25,50,10,0.015718,True,9.3e-05,0.0
ws_001734.txt,19,38,7,0.005632,True,8.6e-05,0.0
ws_001735.txt,17,34,6,0.004138,True,6.4e-05,0.0
ws_001736.txt,31,62,10,0.021898,True,0.0001,0.0
ws_001737.txt,33,66,11,0.021768,True,0.000126,0.0
ws_001738.txt,24,48,9,0.012009,True,9.6e-05,0.0
ws_001739.txt,32,64,11,0.024313,True,0.000104,0.0
ws_001740.txt,33,66,12,0.027307,True,0.000108,0.0
ws_001741.txt,20,40,7,0.005777,True,7.3e-05,0.0
ws_001742.txt,23,46,8,0.01353,True,8.1e-05,0.0
ws_001743.txt,20,40,7,0.006627,True,8.7e-05,0.0
ws_001744.txt,16,32,6,0.00389,True,6.3e-05,0.0
ws_001745.txt,27,54,9,0.016406,True,0.000126,0.0
ws_001746.txt,16,32,6,0.004022,True,9.1e-05,0.0
ws_001747.txt,15,30,5,0.003262,True,6e-05,0.0
ws_001748.txt,32,64,11,0.028311,True,0.000102,0.0
ws_001749.txt,34,68,11,0.024031,True,0.000129,0.0
ws_001750.txt,17,34,6,0.003931,True,6.5e-05,0.0
ws_001751.txt,27,54,9,0.018033,True,0.000106,0.0
ws_001752.txt,21,42,8,0.007763,True,7.1e-05,0.0
ws_001753.txt,21,42,8,0.007248,True,7.3e-05,0.0
ws_001754.txt,18,36,7,0.005365,True,0.000133,0.0
ws_001755.txt,34,68,12,0.033564,True,0.000237,0.0
ws_001756.txt,31,62,11,0.023349,True,0.0001,0.0
ws_001757.txt,29,58,9,0.019234,True,0.000164,0.0
ws_001758.txt,22,44,7,0.006036,True,8.5e-05,0.0
ws_001759.txt,31,62,10,0.021645,True,9.4e-05,0.0
ws_001760.txt,17,34,6,0.00769,True,7e-05,0.0
ws_001761.txt,29,58,10,0.027305,True,0.000169,0.0
ws_001762.txt,31,62,10,0.022902,True,0.000103,0.0
ws_001763.txt,27,54,10,0.018565,True,9.1e-05,0.0
ws_001764.txt,21,42,7,0.006645,True,0.000152,0.0
ws_001765.txt,20,40,6,0.004943,True,0.000121,0.0
ws_001766.txt,18,36,7,0.005043,True,7.2e-05,0.0
ws_001767.txt,25,50,9,0.014435,True,8.7e-05,0.0
ws_001768.txt,35,70,12,0.028982,True,0.000113,0.0
ws_001769.txt,25,50,8,0.015892,True,0.000104,0.0
ws_001770.txt,31,62,10,0.021888,True,9.9e-05,0.0
ws_001771.txt,30,60,10,0.019436,True,9.6e-05,0.0
ws_001772.txt,19,38,6,0.006143,True,8.3e-05,0.0
ws_001773.txt,17,34,6,0.004287,True,6.3e-05,0.0
ws_001774.txt,25,50,9,0.016388,True,0.000103,0.0
ws_001775.txt,21,42,7,0.006113,True,7.8e-05,0.0
ws_001776.txt,29,58,10,0.018727,True,0.000103,0.0
ws_001777.txt,32,64,11,0.027657,True,0.0001,0.0
ws_001778.txt,34,68,12,0.037011,True,0.0001,0.0
ws_001779.txt,32,64,11,0.028177,True,0.000117,0.0
ws_001780.txt,21,42,7,0.006535,True,7.7e-05,0.0
ws_001781.txt,28,56,9,0.016931,True,0.000187,0.0
ws_001782.txt,20,40,7,0.005824,True,7e-05,0.0
ws_001783.txt,15,30,5,0.003696,True,6e-05,0.0
ws_001784.txt,21,42,7,0.005935,True,7.1e-05,0.0
ws_001785.txt,25,50,9,0.01521,True,0.000129,0.0
ws_001786.txt,26,52,9,0.016359,True,8.9e-05,0.0
ws_001787.txt,30,60,11,0.022551,True,0.000114,0.0
ws_001788.txt,27,54,10,0.018926,True,0.000125,0.0
ws_001789.txt,32,64,11,0.023446,True,0.000155,0.0
ws_001790.txt,29,58,9,0.019365,True,0.000174,0.0
ws_001791.txt,24,48,8,0.012791,True,0.000128,0.0
ws_001792.txt,24,48,8,0.014909,True,0.000132,0.0
ws_001793.txt,30,60,10,0.023366,True,0.000163,0.0
ws_001794.txt,30,60,11,0.023016,True,0.000148,0.0
ws_001795.txt,27,54,9,0.016138,True,0.00014,0.0
ws_001796.txt,32,64,10,0.022264,True,0.000163,0.0
ws_001797.txt,35,70,12,0.027492,True,0.000186,0.0
ws_001798.txt,24,48,9,0.014723,True,0.000128,0.0
ws_001799.txt,32,64,11,0.023315,True,0.000184,0.0
ws_001800.txt,18,36,7,0.005178,True,9.7e-05,0.0
ws_001801.txt,32,64,11,0.022498,True,0.000157,0.0
ws_001802.txt,18,36,7,0.007058,True,9.8e-05,0.0
ws_001803.txt,31,62,11,0.021583,True,0.000142,0.0
ws_001804.txt,20,40,7,0.007131,True,0.000106,0.0
ws_001805.txt,29,58,9,0.018594,True,0.000144,0.0
ws_001806.txt,33,66,11,0.023294,True,0.000153,0.0
ws_001807.txt,25,50,8,0.019747,True,0.000131,0.0
ws_001808.txt,25,50,9,0.015419,True,0.000137,0.0
ws_001809.txt,35,70,12,0.028227,True,0.000198,0.0
ws_001810.txt,24,48,8,0.011909,True,0.000133,0.0
ws_001811.txt,35,70,12,0.027819,True,0.000171,0.0
ws_001812.txt,19,38,7,0.005072,True,0.000111,0.0
ws_001813.txt,32,64,11,0.031659,True,0.000157,0.0
ws_001814.txt,35,70,11,0.024902,True,0.00018,0.0
ws_001815.txt,22,44,8,0.011344,True,0.000118,0.0
ws_001816.txt,33,66,12,0.024648,True,0.000164,0.0
ws_001817.txt,20,40,7,0.005621,True,0.000112,0.0
ws_001818.txt,17,34,6,0.004154,True,9.1e-05,0.0
ws_001819.txt,30,60,10,0.019176,True,0.000202,0.0
ws_001820.txt,28,56,9,0.021118,True,0.000164,0.0
ws_001821.txt,33,66,12,0.025223,True,0.000179,0.0
ws_001822.txt,26,52,9,0.016179,True,0.000163,0.0
ws_001823.txt,26,52,9,0.017756,True,0.000136,0.0
ws_001824.txt,28,56,9,0.017359,True,0.00014,0.0
ws_001825.txt,24,48,8,0.013561,True,0.000123,0.0
ws_001826.txt,24,48,9,0.014238,True,0.000129,0.0
ws_001827.txt,20,40,8,0.006498,True,0.000146,0.0
ws_001828.txt,32,64,10,0.026628,True,0.000176,0.0
ws_001829.txt,29,58,10,0.022127,True,0.000127,0.0
ws_001830.txt,16,32,6,0.004196,True,0.000143,0.0
ws_001831.txt,15,30,6,0.003643,True,8.7e-05,0.0
ws_001832.txt,17,34,6,0.003972,True,9.1e-05,0.0
ws_001833.txt,32,64,11,0.026478,True,0.000172,0.0
ws_001834.txt,21,42,7,0.006799,True,0.000117,0.0
ws_001835.txt,22,44,8,0.010793,True,0.000132,0.0
ws_001836.txt,29,58,10,0.022049,True,0.000145,0.0
ws_001837.txt,19,38,6,0.005823,True,0.000103,0.0
ws_001838.txt,16,32,6,0.003995,True,9.9e-05,0.0
ws_001839.txt,17,34,6,0.004337,True,9.7e-05,0.0
ws_001840.txt,26,52,8,0.024625,True,0.000149,0.0
ws_001841.txt,15,30,5,0.003297,True,9.3e-05,0.0
ws_001842.txt,16,32,5,0.003495,True,0.00012,0.0
ws_001843.txt,19,38,6,0.005028,True,0.000104,0.0
ws_001844.txt,17,34,6,0.004264,True,9.8e-05,0.0
ws_001845.txt,24,48,8,0.012363,True,0.000134,0.0
ws_001846.txt,19,38,6,0.004795,True,0.000153,0.0
ws_001847.txt,30,60,10,0.020616,True,0.000172,0.0
ws_001848.txt,23,46,8,0.010551,True,0.0001,0.0
ws_001849.txt,23,46,8,0.01238,True,8.1e-05,0.0
ws_001850.txt,15,30,6,0.003429,True,5.6e-05,0.0
ws_001851.txt,28,56,9,0.019272,True,0.000113,0.0
ws_001852.txt,21,42,7,0.006597,True,8.5e-05,0.0
ws_001853.txt,18,36,6,0.003989,True,0.000115,0.0
ws_001854.txt,18,36,6,0.004014,True,8e-05,0.0
ws_001855.txt,15,30,5,0.003231,True,6.2e-05,0.0
ws_001856.txt,33,66,10,0.02152,True,0.000105,0.0
ws_001857.txt,18,36,6,0.004224,True,6e-05,0.0
ws_001858.txt,29,58,10,0.023522,True,8.9e-05,0.0
ws_001859.txt,18,36,6,0.004557,True,6.2e-05,0.0
ws_001860.txt,30,60,11,0.024677,True,8.5e-05,0.0
ws_001861.txt,19,38,6,0.006691,True,7.1e-05,0.0
ws_001862.txt,28,56,9,0.017302,True,9.4e-05,0.0
ws_001863.txt,25,50,9,0.015654,True,9.3e-05,0.0
ws_001864.txt,15,30,5,0.003175,True,8.6e-05,0.0
ws_001865.txt,33,66,12,0.027591,True,0.000144,0.0
ws_001866.txt,22,44,8,0.010629,True,9.7e-05,0.0
ws_001867.txt,22,44,8,0.011131,True,9.2e-05,0.0
ws_001868.txt,15,30,5,0.003378,True,5.8e-05,0.0
ws_001869.txt,19,38,7,0.005239,True,7.1e-05,0.0
ws_001870.txt,17,34,6,0.004361,True,6.7e-05,0.0
ws_001871.txt,18,36,7,0.005194,True,7.1e-05,0.0
ws_001872.txt,20,40,7,0.005812,True,7.1e-05,0.0
ws_001873.txt,19,38,7,0.005517,True,6.6e-05,0.0
ws_001874.txt,20,40,7,0.005989,True,7.1e-05,0.0
ws_001875.txt,32,64,11,0.027426,True,9.5e-05,0.0
ws_001876.txt,28,56,10,0.019091,True,8.9e-05,0.0
ws_001877.txt,21,42,8,0.006943,True,7.4e-05,0.0
ws_001878.txt,20,40,7,0.005661,True,7.4e-05,0.0
ws_001879.txt,29,58,10,0.020252,True,8.9e-05,0.0
ws_001880.txt,35,70,12,0.031459,True,0.000126,0.0
ws_001881.txt,17,34,6,0.004687,True,6.3e-05,0.0
ws_001882.txt,21,42,8,0.006925,True,8.9e-05,0.0
ws_001883.txt,31,62,11,0.023747,True,0.000114,0.0
ws_001884.txt,27,54,10,0.017934,True,9e-05,0.0
ws_001885.txt,24,48,9,0.013763,True,8.5e-05,0.0
ws_001886.txt,26,52,9,0.017639,True,9e-05,0.0
ws_001887.txt,23,46,8,0.011248,True,0.000165,0.0
ws_001888.txt,19,38,7,0.005205,True,7.4e-05,0.0
ws_001889.txt,35,70,11,0.024135,True,0.000131,0.0
ws_001890.txt,24,48,9,0.013146,True,0.000169,0.0
ws_001891.txt,29,58,10,0.022476,True,9.7e-05,0.0
ws_001892.txt,28,56,10,0.019061,True,8.9e-05,0.0
ws_001893.txt,26,52,9,0.016424,True,9.1e-05,0.0
ws_001894.txt,29,58,10,0.020098,True,0.000131,0.0
ws_001895.txt,16,32,6,0.004004,True,6e-05,0.0
ws_001896.txt,32,64,11,0.023881,True,0.000102,0.0
ws_001897.txt,25,50,8,0.014415,True,8.4e-05,0.0
ws_001898.txt,21,42,7,0.006234,True,7.4e-05,0.0
ws_001899.txt,28,56,10,0.018241,True,0.000106,0.0
ws_001900.txt,30,60,11,0.022157,True,0.000131,0.0
ws_001901.txt,15,30,6,0.003265,True,7.7e-05,0.0
ws_001902.txt,32,64,11,0.025441,True,9.9e-05,0.0
ws_001903.txt,34,68,12,0.024741,True,9.9e-05,0.0
ws_001904.txt,27,54,9,0.016002,True,9e-05,0.0
ws_001905.txt,18,36,6,0.004968,True,5.8e-05,0.0
ws_001906.txt,33,66,11,0.025393,True,0.000171,0.0
ws_001907.txt,28,56,9,0.017924,True,0.0001,0.0
ws_001908.txt,30,60,10,0.020629,True,0.00015,0.0
ws_001909.txt,15,30,6,0.003387,True,5.3e-05,0.0
ws_001910.txt,17,34,6,0.003937,True,6.4e-05,0.0
ws_001911.txt,29,58,9,0.019791,True,9.4e-05,0.0
ws_001912.txt,31,62,11,0.02499,True,0.000105,0.0
ws_001913.txt,30,60,10,0.021484,True,0.000104,0.0
ws_001914.txt,29,58,10,0.020486,True,9.3e-05,0.0
ws_001915.txt,29,58,8,0.019976,True,9.6e-05,0.0
ws_001916.txt,30,60,11,0.023994,True,9.1e-05,0.0
ws_001917.txt,29,58,10,0.019858,True,9.7e-05,0.0
ws_001918.txt,25,50,9,0.015771,True,8.6e-05,0.0
ws_001919.txt,32,64,11,0.025346,True,0.000103,0.0
ws_001920.txt,27,54,9,0.015376,True,9.2e-05,0.0
ws_001921.txt,26,52,9,0.024019,True,9.1e-05,0.0
ws_001922.txt,26,52,8,0.018063,True,8.7e-05,0.0
ws_001923.txt,24,48,7,0.011501,True,0.000156,0.0
ws_001924.txt,32,64,11,0.022829,True,0.000106,0.0
ws_001925.txt,27,54,9,0.020015,True,0.000109,0.0
ws_001926.txt,24,48,8,0.012278,True,8.1e-05,0.0
ws_001927.txt,22,44,8,0.011318,True,0.000143,0.0
ws_001928.txt,18,36,6,0.005624,True,0.000109,0.0
ws_001929.txt,17,34,6,0.004092,True,8.3e-05,0.0
ws_001930.txt,35,70,12,0.026116,True,0.000107,0.0
ws_001931.txt,33,66,12,0.022681,True,9.4e-05,0.0
ws_001932.txt,24,48,8,0.014462,True,7.7e-05,0.0
ws_001933.txt,23,46,8,0.011025,True,6.9e-05,0.0
ws_001934.txt,16,32,6,0.003564,True,6e-05,0.0
ws_001935.txt,26,52,8,0.015843,True,8.5e-05,0.0
ws_001936.txt,16,32,6,0.004242,True,6.5e-05,0.0
ws_001937.txt,23,46,8,0.012016,True,8.2e-05,0.0
ws_001938.txt,32,64,11,0.026334,True,0.000125,0.0
ws_001939.txt,19,38,7,0.005317,True,6.9e-05,0.0
ws_001940.txt,26,52,8,0.015653,True,0.000108,0.0
ws_001941.txt,22,44,8,0.01192,True,9.6e-05,0.0
ws_001942.txt,30,60,10,0.020801,True,0.000101,0.0
ws_001943.txt,16,32,6,0.003582,True,8.5e-05,0.0
ws_001944.txt,16,32,5,0.004106,True,6.2e-05,0.0
ws_001945.txt,31,62,10,0.020903,True,0.000115,0.0
ws_001946.txt,21,42,7,0.009613,True,7.4e-05,0.0
ws_001947.txt,17,34,6,0.004104,True,6e-05,0.0
ws_001948.txt,31,62,11,0.024137,True,9.5e-05,0.0
ws_001949.txt,33,66,12,0.027072,True,9.9e-05,0.0
ws_001950.txt,16,32,6,0.003868,True,6e-05,0.0
ws_001951.txt,26,52,9,0.017419,True,0.00012,0.0
ws_001952.txt,18,36,7,0.005192,True,6.2e-05,0.0
ws_001953.txt,35,70,12,0.027835,True,0.000122,0.0
ws_001954.txt,24,48,8,0.014857,True,9.4e-05,0.0
ws_001955.txt,26,52,8,0.015824,True,0.000186,0.0
ws_001956.txt,21,42,7,0.006006,True,6.6e-05,0.0
ws_001957.txt,24,48,8,0.015134,True,7.5e-05,0.0
ws_001958.txt,15,30,6,0.003135,True,5.7e-05,0.0
ws_001959.txt,29,58,9,0.028124,True,0.000102,0.0
ws_001960.txt,35,70,11,0.027431,True,0.00012,0.0
ws_001961.txt,23,46,8,0.011651,True,8.8e-05,0.0
ws_001962.txt,23,46,9,0.012808,True,9.6e-05,0.0
ws_001963.txt,23,46,7,0.010646,True,8.5e-05,0.0
ws_001964.txt,29,58,10,0.017865,True,9.5e-05,0.0
ws_001965.txt,20,40,7,0.005811,True,7.2e-05,0.0
ws_001966.txt,35,70,12,0.025809,True,0.00011,0.0
ws_001967.txt,18,36,7,0.004859,True,6.5e-05,0.0
ws_001968.txt,20,40,7,0.005663,True,7.3e-05,0.0
ws_001969.txt,25,50,9,0.015014,True,0.000111,0.0
ws_001970.txt,16,32,5,0.003866,True,6.6e-05,0.0
ws_001971.txt,20,40,7,0.005081,True,7.8e-05,0.0
ws_001972.txt,24,48,8,0.012691,True,8.6e-05,0.0
ws_001973.txt,31,62,10,0.020793,True,0.000119,0.0
ws_001974.txt,16,32,6,0.003861,True,5.5e-05,0.0
ws_001975.txt,17,34,6,0.003747,True,8.2e-05,0.0
ws_001976.txt,26,52,9,0.01697,True,0.000124,0.0
ws_001977.txt,35,70,13,0.03071,True,0.000117,0.0
ws_001978.txt,22,44,7,0.010227,True,8e-05,0.0
ws_001979.txt,26,52,8,0.015561,True,0.0001,0.0
ws_001980.txt,20,40,6,0.005086,True,7.4e-05,0.0
ws_001981.txt,27,54,10,0.018183,True,0.000104,0.0
ws_001982.txt,30,60,10,0.018425,True,0.000103,0.0
ws_001983.txt,15,30,4,0.002883,True,6.4e-05,0.0
ws_001984.txt,21,42,8,0.007205,True,6.7e-05,0.0
ws_001985.txt,18,36,6,0.005001,True,6.9e-05,0.0
ws_001986.txt,24,48,8,0.014431,True,0.000253,0.0
ws_001987.txt,20,40,7,0.006035,True,8.9e-05,0.0
ws_001988.txt,32,64,11,0.026304,True,0.000109,0.0
ws_001989.txt,22,44,8,0.01029,True,0.000176,0.0
ws_001990.txt,34,68,12,0.027379,True,0.000113,0.0
ws_001991.txt,23,46,8,0.012155,True,8.9e-05,0.0
ws_001992.txt,29,58,10,0.022238,True,0.0001,0.0
ws_001993.txt,30,60,10,0.020587,True,0.000121,0.0
ws_001994.txt,26,52,10,0.016868,True,9.2e-05,0.0
ws_001995.txt,18,36,7,0.005184,True,7e-05,0.0
ws_001996.txt,20,40,7,0.005628,True,7.5e-05,0.0
ws_001997.txt,22,44,7,0.009963,True,8.3e-05,0.0
ws_001998.txt,26,52,9,0.017918,True,0.00011,0.0
ws_001999.txt,32,64,11,0.024879,True,0.000107,0.0
