instance,optimal_fvs,directed_BST_exact_fvs,directed_BST_exact_score,directed_IC_exact_fvs,directed_IC_exact_score,directed_MA_exact_fvs,directed_MA_exact_score,directed_brute_force_fvs,directed_brute_force_score,directed_fvs_check_fvs,directed_fvs_check_score
dag_000000.txt,0.0,0.0,100.0,0.0,100.0,0.0,100.0,0.0,100.0,N/A,N/A
dgrid_000000.txt,1.0,1.0,100.0,1.0,100.0,1.0,100.0,1.0,100.0,N/A,N/A
ego_000000.txt,6.0,6.0,100.0,6.0,100.0,6.0,100.0,6.0,100.0,N/A,N/A
er_000000.txt,2.0,2.0,100.0,2.0,100.0,2.0,100.0,2.0,100.0,N/A,N/A
scale_free_000000.txt,1.0,1.0,100.0,1.0,100.0,1.0,100.0,1.0,100.0,N/A,N/A
dag_000001.txt,0.0,0.0,100.0,0.0,100.0,0.0,100.0,0.0,100.0,N/A,N/A
dgrid_000001.txt,0.0,0.0,100.0,0.0,100.0,0.0,100.0,0.0,100.0,N/A,N/A
ego_000001.txt,6.0,6.0,100.0,6.0,100.0,6.0,100.0,6.0,100.0,N/A,N/A
er_000001.txt,7.0,7.0,100.0,7.0,100.0,7.0,100.0,7.0,100.0,N/A,N/A
scale_free_000001.txt,1.0,1.0,100.0,1.0,100.0,1.0,100.0,1.0,100.0,N/A,N/A
dag_000002.txt,0.0,0.0,100.0,0.0,100.0,0.0,100.0,0.0,100.0,N/A,N/A
dgrid_000002.txt,2.0,2.0,100.0,2.0,100.0,2.0,100.0,2.0,100.0,N/A,N/A
ego_000002.txt,0.0,0.0,100.0,0.0,100.0,0.0,100.0,0.0,100.0,N/A,N/A
er_000002.txt,1.0,1.0,100.0,1.0,100.0,1.0,100.0,1.0,100.0,N/A,N/A
scale_free_000002.txt,1.0,1.0,100.0,1.0,100.0,1.0,100.0,1.0,100.0,N/A,N/A
dag_000003.txt,0.0,0.0,100.0,0.0,100.0,0.0,100.0,0.0,100.0,N/A,N/A
dgrid_000003.txt,1.0,1.0,100.0,1.0,100.0,1.0,100.0,1.0,100.0,N/A,N/A
ego_000003.txt,1.0,1.0,100.0,1.0,100.0,1.0,100.0,1.0,100.0,N/A,N/A
er_000003.txt,5.0,5.0,100.0,5.0,100.0,5.0,100.0,5.0,100.0,N/A,N/A
scale_free_000003.txt,1.0,1.0,100.0,1.0,100.0,1.0,100.0,1.0,100.0,N/A,N/A
dag_000004.txt,0.0,0.0,100.0,0.0,100.0,0.0,100.0,0.0,100.0,N/A,N/A
dgrid_000004.txt,2.0,2.0,100.0,2.0,100.0,2.0,100.0,2.0,100.0,N/A,N/A
ego_000004.txt,5.0,5.0,100.0,5.0,100.0,5.0,100.0,5.0,100.0,N/A,N/A
er_000004.txt,16.0,N/A,N/A,16.0,100.0,16.0,100.0,N/A,N/A,N/A,N/A
scale_free_000004.txt,1.0,1.0,100.0,1.0,100.0,1.0,100.0,1.0,100.0,N/A,N/A
dag_000005.txt,0.0,0.0,100.0,0.0,100.0,0.0,100.0,0.0,100.0,N/A,N/A
dgrid_000005.txt,4.0,4.0,100.0,4.0,100.0,4.0,100.0,4.0,100.0,N/A,N/A
ego_000005.txt,6.0,6.0,100.0,6.0,100.0,6.0,100.0,6.0,100.0,N/A,N/A
er_000005.txt,2.0,2.0,100.0,2.0,100.0,2.0,100.0,2.0,100.0,N/A,N/A
scale_free_000005.txt,1.0,1.0,100.0,1.0,100.0,1.0,100.0,1.0,100.0,N/A,N/A
dag_000006.txt,0.0,0.0,100.0,0.0,100.0,0.0,100.0,0.0,100.0,N/A,N/A
dgrid_000006.txt,1.0,1.0,100.0,1.0,100.0,1.0,100.0,1.0,100.0,N/A,N/A
ego_000006.txt,2.0,2.0,100.0,2.0,100.0,2.0,100.0,2.0,100.0,N/A,N/A
er_000006.txt,13.0,13.0,100.0,13.0,100.0,13.0,100.0,N/A,N/A,N/A,N/A
scale_free_000006.txt,2.0,2.0,100.0,2.0,100.0,2.0,100.0,2.0,100.0,N/A,N/A
dag_000007.txt,0.0,0.0,100.0,0.0,100.0,0.0,100.0,0.0,100.0,N/A,N/A
dgrid_000007.txt,2.0,2.0,100.0,2.0,100.0,2.0,100.0,2.0,100.0,N/A,N/A
ego_000007.txt,1.0,1.0,100.0,1.0,100.0,1.0,100.0,1.0,100.0,N/A,N/A
er_000007.txt,5.0,5.0,100.0,5.0,100.0,5.0,100.0,5.0,100.0,N/A,N/A
scale_free_000007.txt,1.0,1.0,100.0,1.0,100.0,1.0,100.0,1.0,100.0,N/A,N/A
dag_000008.txt,0.0,0.0,100.0,0.0,100.0,0.0,100.0,0.0,100.0,N/A,N/A
dgrid_000008.txt,4.0,4.0,100.0,4.0,100.0,4.0,100.0,4.0,100.0,N/A,N/A
ego_000008.txt,11.0,11.0,100.0,11.0,100.0,11.0,100.0,N/A,N/A,N/A,N/A
er_000008.txt,10.0,10.0,100.0,10.0,100.0,10.0,100.0,N/A,N/A,N/A,N/A
scale_free_000008.txt,1.0,1.0,100.0,1.0,100.0,1.0,100.0,1.0,100.0,N/A,N/A
dag_000009.txt,0.0,0.0,100.0,0.0,100.0,0.0,100.0,0.0,100.0,N/A,N/A
dgrid_000009.txt,1.0,1.0,100.0,1.0,100.0,1.0,100.0,1.0,100.0,N/A,N/A
ego_000009.txt,6.0,6.0,100.0,6.0,100.0,6.0,100.0,6.0,100.0,N/A,N/A
er_000009.txt,11.0,11.0,100.0,11.0,100.0,11.0,100.0,N/A,N/A,N/A,N/A
scale_free_000009.txt,1.0,1.0,100.0,1.0,100.0,1.0,100.0,1.0,100.0,N/A,N/A
dag_000010.txt,0.0,0.0,100.0,0.0,100.0,0.0,100.0,0.0,100.0,N/A,N/A
dgrid_000010.txt,1.0,1.0,100.0,1.0,100.0,1.0,100.0,1.0,100.0,N/A,N/A
ego_000010.txt,11.0,11.0,100.0,11.0,100.0,11.0,100.0,N/A,N/A,N/A,N/A
er_000010.txt,7.0,7.0,100.0,7.0,100.0,7.0,100.0,7.0,100.0,N/A,N/A
scale_free_000010.txt,1.0,1.0,100.0,1.0,100.0,1.0,100.0,1.0,100.0,N/A,N/A
dag_000011.txt,0.0,0.0,100.0,0.0,100.0,0.0,100.0,0.0,100.0,N/A,N/A
dgrid_000011.txt,5.0,5.0,100.0,5.0,100.0,5.0,100.0,5.0,100.0,N/A,N/A
ego_000011.txt,10.0,10.0,100.0,10.0,100.0,10.0,100.0,N/A,N/A,N/A,N/A
er_000011.txt,6.0,6.0,100.0,6.0,100.0,6.0,100.0,6.0,100.0,N/A,N/A
scale_free_000011.txt,1.0,1.0,100.0,1.0,100.0,1.0,100.0,1.0,100.0,N/A,N/A
dag_000012.txt,0.0,0.0,100.0,0.0,100.0,0.0,100.0,0.0,100.0,N/A,N/A
dgrid_000012.txt,5.0,5.0,100.0,5.0,100.0,5.0,100.0,5.0,100.0,N/A,N/A
ego_000012.txt,8.0,8.0,100.0,8.0,100.0,8.0,100.0,8.0,100.0,N/A,N/A
er_000012.txt,4.0,4.0,100.0,4.0,100.0,4.0,100.0,4.0,100.0,N/A,N/A
scale_free_000012.txt,1.0,1.0,100.0,1.0,100.0,1.0,100.0,1.0,100.0,N/A,N/A
dag_000013.txt,0.0,0.0,100.0,0.0,100.0,0.0,100.0,0.0,100.0,N/A,N/A
dgrid_000013.txt,4.0,4.0,100.0,4.0,100.0,4.0,100.0,4.0,100.0,N/A,N/A
ego_000013.txt,18.0,18.0,100.0,18.0,100.0,18.0,100.0,N/A,N/A,N/A,N/A
er_000013.txt,5.0,5.0,100.0,5.0,100.0,5.0,100.0,5.0,100.0,N/A,N/A
scale_free_000013.txt,1.0,1.0,100.0,1.0,100.0,1.0,100.0,1.0,100.0,N/A,N/A
dag_000014.txt,0.0,0.0,100.0,0.0,100.0,0.0,100.0,0.0,100.0,N/A,N/A
dgrid_000014.txt,2.0,2.0,100.0,2.0,100.0,2.0,100.0,2.0,100.0,N/A,N/A
ego_000014.txt,9.0,9.0,100.0,9.0,100.0,9.0,100.0,N/A,N/A,N/A,N/A
er_000014.txt,15.0,N/A,N/A,15.0,100.0,15.0,100.0,N/A,N/A,N/A,N/A
scale_free_000014.txt,1.0,1.0,100.0,1.0,100.0,1.0,100.0,1.0,100.0,N/A,N/A
dag_000015.txt,0.0,0.0,100.0,0.0,100.0,0.0,100.0,0.0,100.0,N/A,N/A
dgrid_000015.txt,3.0,3.0,100.0,3.0,100.0,3.0,100.0,3.0,100.0,N/A,N/A
ego_000015.txt,2.0,2.0,100.0,2.0,100.0,2.0,100.0,2.0,100.0,N/A,N/A
er_000015.txt,10.0,10.0,100.0,10.0,100.0,11.0,90.9091,N/A,N/A,N/A,N/A
scale_free_000015.txt,1.0,1.0,100.0,1.0,100.0,1.0,100.0,1.0,100.0,N/A,N/A
dag_000016.txt,0.0,0.0,100.0,0.0,100.0,0.0,100.0,0.0,100.0,N/A,N/A
dgrid_000016.txt,4.0,4.0,100.0,4.0,100.0,4.0,100.0,4.0,100.0,N/A,N/A
ego_000016.txt,8.0,8.0,100.0,8.0,100.0,8.0,100.0,N/A,N/A,N/A,N/A
er_000016.txt,5.0,5.0,100.0,5.0,100.0,5.0,100.0,5.0,100.0,N/A,N/A
scale_free_000016.txt,1.0,1.0,100.0,1.0,100.0,1.0,100.0,1.0,100.0,N/A,N/A
dag_000017.txt,0.0,0.0,100.0,0.0,100.0,0.0,100.0,0.0,100.0,N/A,N/A
dgrid_000017.txt,2.0,2.0,100.0,2.0,100.0,2.0,100.0,2.0,100.0,N/A,N/A
ego_000017.txt,8.0,8.0,100.0,8.0,100.0,8.0,100.0,N/A,N/A,N/A,N/A
er_000017.txt,6.0,6.0,100.0,6.0,100.0,6.0,100.0,6.0,100.0,N/A,N/A
scale_free_000017.txt,1.0,1.0,100.0,1.0,100.0,1.0,100.0,1.0,100.0,N/A,N/A
dag_000018.txt,0.0,0.0,100.0,0.0,100.0,0.0,100.0,0.0,100.0,N/A,N/A
dgrid_000018.txt,3.0,3.0,100.0,3.0,100.0,3.0,100.0,3.0,100.0,N/A,N/A
ego_000018.txt,8.0,8.0,100.0,8.0,100.0,8.0,100.0,N/A,N/A,N/A,N/A
er_000018.txt,14.0,N/A,N/A,14.0,100.0,14.0,100.0,N/A,N/A,N/A,N/A
scale_free_000018.txt,1.0,1.0,100.0,1.0,100.0,1.0,100.0,1.0,100.0,N/A,N/A
dag_000019.txt,0.0,0.0,100.0,0.0,100.0,0.0,100.0,0.0,100.0,N/A,N/A
dgrid_000019.txt,0.0,0.0,100.0,0.0,100.0,0.0,100.0,0.0,100.0,N/A,N/A
ego_000019.txt,15.0,15.0,100.0,15.0,100.0,15.0,100.0,N/A,N/A,N/A,N/A
er_000019.txt,12.0,N/A,N/A,12.0,100.0,12.0,100.0,N/A,N/A,N/A,N/A
scale_free_000019.txt,1.0,1.0,100.0,1.0,100.0,1.0,100.0,1.0,100.0,N/A,N/A
dag_000020.txt,0.0,0.0,100.0,0.0,100.0,0.0,100.0,0.0,100.0,N/A,N/A
dgrid_000020.txt,3.0,3.0,100.0,3.0,100.0,3.0,100.0,3.0,100.0,N/A,N/A
ego_000020.txt,4.0,4.0,100.0,4.0,100.0,4.0,100.0,4.0,100.0,N/A,N/A
er_000020.txt,6.0,6.0,100.0,6.0,100.0,6.0,100.0,6.0,100.0,N/A,N/A
scale_free_000020.txt,2.0,2.0,100.0,2.0,100.0,2.0,100.0,2.0,100.0,N/A,N/A
dag_000021.txt,0.0,0.0,100.0,0.0,100.0,0.0,100.0,0.0,100.0,N/A,N/A
dgrid_000021.txt,1.0,1.0,100.0,1.0,100.0,1.0,100.0,1.0,100.0,N/A,N/A
ego_000021.txt,3.0,3.0,100.0,3.0,100.0,3.0,100.0,3.0,100.0,N/A,N/A
er_000021.txt,8.0,8.0,100.0,8.0,100.0,8.0,100.0,N/A,N/A,N/A,N/A
scale_free_000021.txt,1.0,1.0,100.0,1.0,100.0,1.0,100.0,1.0,100.0,N/A,N/A
dag_000022.txt,0.0,0.0,100.0,0.0,100.0,0.0,100.0,0.0,100.0,N/A,N/A
dgrid_000022.txt,2.0,2.0,100.0,2.0,100.0,2.0,100.0,2.0,100.0,N/A,N/A
ego_000022.txt,10.0,10.0,100.0,10.0,100.0,10.0,100.0,N/A,N/A,N/A,N/A
er_000022.txt,18.0,N/A,N/A,18.0,100.0,18.0,100.0,N/A,N/A,N/A,N/A
scale_free_000022.txt,1.0,1.0,100.0,1.0,100.0,1.0,100.0,1.0,100.0,N/A,N/A
dag_000023.txt,0.0,0.0,100.0,0.0,100.0,0.0,100.0,0.0,100.0,N/A,N/A
dgrid_000023.txt,1.0,1.0,100.0,1.0,100.0,1.0,100.0,1.0,100.0,N/A,N/A
ego_000023.txt,0.0,0.0,100.0,0.0,100.0,0.0,100.0,0.0,100.0,N/A,N/A
er_000023.txt,11.0,11.0,100.0,11.0,100.0,12.0,91.6667,N/A,N/A,N/A,N/A
scale_free_000023.txt,1.0,1.0,100.0,1.0,100.0,1.0,100.0,1.0,100.0,N/A,N/A
dag_000024.txt,0.0,0.0,100.0,0.0,100.0,0.0,100.0,0.0,100.0,N/A,N/A
dgrid_000024.txt,4.0,4.0,100.0,4.0,100.0,4.0,100.0,4.0,100.0,N/A,N/A
ego_000024.txt,13.0,13.0,100.0,13.0,100.0,13.0,100.0,N/A,N/A,N/A,N/A
er_000024.txt,10.0,10.0,100.0,10.0,100.0,10.0,100.0,10.0,100.0,N/A,N/A
scale_free_000024.txt,1.0,1.0,100.0,1.0,100.0,1.0,100.0,1.0,100.0,N/A,N/A
dag_000025.txt,0.0,0.0,100.0,0.0,100.0,0.0,100.0,0.0,100.0,N/A,N/A
dgrid_000025.txt,3.0,3.0,100.0,3.0,100.0,3.0,100.0,3.0,100.0,N/A,N/A
ego_000025.txt,3.0,3.0,100.0,3.0,100.0,3.0,100.0,3.0,100.0,N/A,N/A
er_000025.txt,3.0,3.0,100.0,3.0,100.0,3.0,100.0,3.0,100.0,N/A,N/A
scale_free_000025.txt,1.0,1.0,100.0,1.0,100.0,1.0,100.0,1.0,100.0,N/A,N/A
dag_000026.txt,0.0,0.0,100.0,0.0,100.0,0.0,100.0,0.0,100.0,N/A,N/A
dgrid_000026.txt,3.0,3.0,100.0,3.0,100.0,3.0,100.0,3.0,100.0,N/A,N/A
ego_000026.txt,0.0,0.0,100.0,0.0,100.0,0.0,100.0,0.0,100.0,N/A,N/A
er_000026.txt,7.0,7.0,100.0,7.0,100.0,7.0,100.0,N/A,N/A,N/A,N/A
scale_free_000026.txt,1.0,1.0,100.0,1.0,100.0,1.0,100.0,1.0,100.0,N/A,N/A
dag_000027.txt,0.0,0.0,100.0,0.0,100.0,0.0,100.0,0.0,100.0,N/A,N/A
dgrid_000027.txt,2.0,2.0,100.0,2.0,100.0,2.0,100.0,2.0,100.0,N/A,N/A
ego_000027.txt,5.0,5.0,100.0,5.0,100.0,5.0,100.0,5.0,100.0,N/A,N/A
er_000027.txt,11.0,N/A,N/A,11.0,100.0,11.0,100.0,N/A,N/A,N/A,N/A
scale_free_000027.txt,2.0,2.0,100.0,2.0,100.0,2.0,100.0,2.0,100.0,N/A,N/A
dag_000028.txt,0.0,0.0,100.0,0.0,100.0,0.0,100.0,0.0,100.0,N/A,N/A
dgrid_000028.txt,1.0,1.0,100.0,1.0,100.0,1.0,100.0,1.0,100.0,N/A,N/A
ego_000028.txt,2.0,2.0,100.0,2.0,100.0,2.0,100.0,2.0,100.0,N/A,N/A
er_000028.txt,14.0,N/A,N/A,14.0,100.0,14.0,100.0,N/A,N/A,N/A,N/A
scale_free_000028.txt,1.0,1.0,100.0,1.0,100.0,1.0,100.0,1.0,100.0,N/A,N/A
dag_000029.txt,0.0,0.0,100.0,0.0,100.0,0.0,100.0,0.0,100.0,N/A,N/A
dgrid_000029.txt,2.0,2.0,100.0,2.0,100.0,2.0,100.0,2.0,100.0,N/A,N/A
ego_000029.txt,6.0,6.0,100.0,6.0,100.0,6.0,100.0,6.0,100.0,N/A,N/A
er_000029.txt,3.0,3.0,100.0,3.0,100.0,3.0,100.0,3.0,100.0,N/A,N/A
scale_free_000029.txt,2.0,2.0,100.0,2.0,100.0,2.0,100.0,2.0,100.0,N/A,N/A
dag_000030.txt,0.0,0.0,100.0,0.0,100.0,0.0,100.0,0.0,100.0,N/A,N/A
dgrid_000030.txt,1.0,1.0,100.0,1.0,100.0,1.0,100.0,1.0,100.0,N/A,N/A
ego_000030.txt,8.0,8.0,100.0,8.0,100.0,8.0,100.0,N/A,N/A,N/A,N/A
er_000030.txt,9.0,9.0,100.0,9.0,100.0,9.0,100.0,9.0,100.0,N/A,N/A
scale_free_000030.txt,1.0,1.0,100.0,1.0,100.0,1.0,100.0,1.0,100.0,N/A,N/A
dag_000031.txt,0.0,0.0,100.0,0.0,100.0,0.0,100.0,0.0,100.0,N/A,N/A
dgrid_000031.txt,3.0,3.0,100.0,3.0,100.0,3.0,100.0,3.0,100.0,N/A,N/A
ego_000031.txt,2.0,2.0,100.0,2.0,100.0,2.0,100.0,2.0,100.0,N/A,N/A
er_000031.txt,5.0,5.0,100.0,5.0,100.0,5.0,100.0,5.0,100.0,N/A,N/A
scale_free_000031.txt,1.0,1.0,100.0,1.0,100.0,1.0,100.0,1.0,100.0,N/A,N/A
dag_000032.txt,0.0,0.0,100.0,0.0,100.0,0.0,100.0,0.0,100.0,N/A,N/A
dgrid_000032.txt,1.0,1.0,100.0,1.0,100.0,1.0,100.0,1.0,100.0,N/A,N/A
ego_000032.txt,6.0,6.0,100.0,6.0,100.0,6.0,100.0,6.0,100.0,N/A,N/A
er_000032.txt,9.0,9.0,100.0,9.0,100.0,9.0,100.0,N/A,N/A,N/A,N/A
scale_free_000032.txt,1.0,1.0,100.0,1.0,100.0,1.0,100.0,1.0,100.0,N/A,N/A
dag_000033.txt,0.0,0.0,100.0,0.0,100.0,0.0,100.0,0.0,100.0,N/A,N/A
dgrid_000033.txt,1.0,1.0,100.0,1.0,100.0,1.0,100.0,1.0,100.0,N/A,N/A
ego_000033.txt,9.0,9.0,100.0,9.0,100.0,9.0,100.0,N/A,N/A,N/A,N/A
er_000033.txt,8.0,8.0,100.0,8.0,100.0,8.0,100.0,N/A,N/A,N/A,N/A
scale_free_000033.txt,1.0,1.0,100.0,1.0,100.0,1.0,100.0,1.0,100.0,N/A,N/A
dag_000034.txt,0.0,0.0,100.0,0.0,100.0,0.0,100.0,0.0,100.0,N/A,N/A
dgrid_000034.txt,1.0,1.0,100.0,1.0,100.0,1.0,100.0,1.0,100.0,N/A,N/A
ego_000034.txt,8.0,8.0,100.0,8.0,100.0,8.0,100.0,N/A,N/A,N/A,N/A
er_000034.txt,7.0,7.0,100.0,7.0,100.0,7.0,100.0,7.0,100.0,N/A,N/A
scale_free_000034.txt,1.0,1.0,100.0,1.0,100.0,1.0,100.0,1.0,100.0,N/A,N/A
dag_000035.txt,0.0,0.0,100.0,0.0,100.0,0.0,100.0,0.0,100.0,N/A,N/A
dgrid_000035.txt,6.0,6.0,100.0,6.0,100.0,6.0,100.0,N/A,N/A,N/A,N/A
ego_000035.txt,4.0,4.0,100.0,4.0,100.0,4.0,100.0,4.0,100.0,N/A,N/A
er_000035.txt,5.0,5.0,100.0,5.0,100.0,5.0,100.0,5.0,100.0,N/A,N/A
scale_free_000035.txt,2.0,2.0,100.0,2.0,100.0,2.0,100.0,2.0,100.0,N/A,N/A
dag_000036.txt,0.0,0.0,100.0,0.0,100.0,0.0,100.0,0.0,100.0,N/A,N/A
dgrid_000036.txt,1.0,1.0,100.0,1.0,100.0,1.0,100.0,1.0,100.0,N/A,N/A
ego_000036.txt,5.0,5.0,100.0,5.0,100.0,5.0,100.0,5.0,100.0,N/A,N/A
er_000036.txt,10.0,10.0,100.0,10.0,100.0,10.0,100.0,N/A,N/A,N/A,N/A
scale_free_000036.txt,2.0,2.0,100.0,2.0,100.0,2.0,100.0,2.0,100.0,N/A,N/A
dag_000037.txt,0.0,0.0,100.0,0.0,100.0,0.0,100.0,0.0,100.0,N/A,N/A
dgrid_000037.txt,5.0,5.0,100.0,5.0,100.0,5.0,100.0,5.0,100.0,N/A,N/A
ego_000037.txt,8.0,8.0,100.0,8.0,100.0,8.0,100.0,8.0,100.0,N/A,N/A
er_000037.txt,2.0,2.0,100.0,2.0,100.0,2.0,100.0,2.0,100.0,N/A,N/A
scale_free_000037.txt,1.0,1.0,100.0,1.0,100.0,1.0,100.0,1.0,100.0,N/A,N/A
dag_000038.txt,0.0,0.0,100.0,0.0,100.0,0.0,100.0,0.0,100.0,N/A,N/A
dgrid_000038.txt,4.0,4.0,100.0,4.0,100.0,4.0,100.0,4.0,100.0,N/A,N/A
ego_000038.txt,0.0,0.0,100.0,0.0,100.0,0.0,100.0,0.0,100.0,N/A,N/A
er_000038.txt,3.0,3.0,100.0,3.0,100.0,3.0,100.0,3.0,100.0,N/A,N/A
scale_free_000038.txt,2.0,2.0,100.0,2.0,100.0,2.0,100.0,2.0,100.0,N/A,N/A
dag_000039.txt,0.0,0.0,100.0,0.0,100.0,0.0,100.0,0.0,100.0,N/A,N/A
dgrid_000039.txt,1.0,1.0,100.0,1.0,100.0,1.0,100.0,1.0,100.0,N/A,N/A
ego_000039.txt,21.0,N/A,N/A,21.0,100.0,21.0,100.0,N/A,N/A,N/A,N/A
er_000039.txt,5.0,5.0,100.0,5.0,100.0,5.0,100.0,5.0,100.0,N/A,N/A
scale_free_000039.txt,1.0,1.0,100.0,1.0,100.0,1.0,100.0,1.0,100.0,N/A,N/A
dag_000040.txt,0.0,0.0,100.0,0.0,100.0,0.0,100.0,0.0,100.0,N/A,N/A
dgrid_000040.txt,1.0,1.0,100.0,1.0,100.0,1.0,100.0,1.0,100.0,N/A,N/A
ego_000040.txt,7.0,7.0,100.0,7.0,100.0,7.0,100.0,7.0,100.0,N/A,N/A
er_000040.txt,8.0,8.0,100.0,8.0,100.0,8.0,100.0,8.0,100.0,N/A,N/A
scale_free_000040.txt,1.0,1.0,100.0,1.0,100.0,1.0,100.0,1.0,100.0,N/A,N/A
dag_000041.txt,0.0,0.0,100.0,0.0,100.0,0.0,100.0,0.0,100.0,N/A,N/A
dgrid_000041.txt,1.0,1.0,100.0,1.0,100.0,1.0,100.0,1.0,100.0,N/A,N/A
ego_000041.txt,6.0,6.0,100.0,6.0,100.0,6.0,100.0,6.0,100.0,N/A,N/A
er_000041.txt,10.0,10.0,100.0,10.0,100.0,10.0,100.0,N/A,N/A,N/A,N/A
scale_free_000041.txt,1.0,1.0,100.0,1.0,100.0,1.0,100.0,1.0,100.0,N/A,N/A
dag_000042.txt,0.0,0.0,100.0,0.0,100.0,0.0,100.0,0.0,100.0,N/A,N/A
dgrid_000042.txt,3.0,3.0,100.0,3.0,100.0,3.0,100.0,3.0,100.0,N/A,N/A
ego_000042.txt,4.0,4.0,100.0,4.0,100.0,4.0,100.0,4.0,100.0,N/A,N/A
er_000042.txt,7.0,7.0,100.0,7.0,100.0,7.0,100.0,7.0,100.0,N/A,N/A
scale_free_000042.txt,1.0,1.0,100.0,1.0,100.0,1.0,100.0,1.0,100.0,N/A,N/A
dag_000043.txt,0.0,0.0,100.0,0.0,100.0,0.0,100.0,0.0,100.0,N/A,N/A
dgrid_000043.txt,3.0,3.0,100.0,3.0,100.0,3.0,100.0,3.0,100.0,N/A,N/A
ego_000043.txt,0.0,0.0,100.0,0.0,100.0,0.0,100.0,0.0,100.0,N/A,N/A
er_000043.txt,13.0,N/A,N/A,13.0,100.0,13.0,100.0,N/A,N/A,N/A,N/A
scale_free_000043.txt,1.0,1.0,100.0,1.0,100.0,1.0,100.0,1.0,100.0,N/A,N/A
dag_000044.txt,0.0,0.0,100.0,0.0,100.0,0.0,100.0,0.0,100.0,N/A,N/A
dgrid_000044.txt,1.0,1.0,100.0,1.0,100.0,1.0,100.0,1.0,100.0,N/A,N/A
ego_000044.txt,0.0,0.0,100.0,0.0,100.0,0.0,100.0,0.0,100.0,N/A,N/A
er_000044.txt,12.0,N/A,N/A,12.0,100.0,12.0,100.0,N/A,N/A,N/A,N/A
scale_free_000044.txt,2.0,2.0,100.0,2.0,100.0,2.0,100.0,2.0,100.0,N/A,N/A
dag_000045.txt,0.0,0.0,100.0,0.0,100.0,0.0,100.0,0.0,100.0,N/A,N/A
dgrid_000045.txt,2.0,2.0,100.0,2.0,100.0,2.0,100.0,2.0,100.0,N/A,N/A
ego_000045.txt,4.0,4.0,100.0,4.0,100.0,4.0,100.0,4.0,100.0,N/A,N/A
er_000045.txt,5.0,5.0,100.0,5.0,100.0,5.0,100.0,5.0,100.0,N/A,N/A
scale_free_000045.txt,2.0,2.0,100.0,2.0,100.0,2.0,100.0,2.0,100.0,N/A,N/A
dag_000046.txt,0.0,0.0,100.0,0.0,100.0,0.0,100.0,0.0,100.0,N/A,N/A
dgrid_000046.txt,2.0,2.0,100.0,2.0,100.0,2.0,100.0,2.0,100.0,N/A,N/A
ego_000046.txt,8.0,8.0,100.0,8.0,100.0,8.0,100.0,8.0,100.0,N/A,N/A
er_000046.txt,17.0,N/A,N/A,17.0,100.0,17.0,100.0,N/A,N/A,N/A,N/A
scale_free_000046.txt,1.0,1.0,100.0,1.0,100.0,1.0,100.0,1.0,100.0,N/A,N/A
dag_000047.txt,0.0,0.0,100.0,0.0,100.0,0.0,100.0,0.0,100.0,N/A,N/A
dgrid_000047.txt,2.0,2.0,100.0,2.0,100.0,2.0,100.0,2.0,100.0,N/A,N/A
ego_000047.txt,5.0,5.0,100.0,5.0,100.0,5.0,100.0,5.0,100.0,N/A,N/A
er_000047.txt,3.0,3.0,100.0,3.0,100.0,3.0,100.0,3.0,100.0,N/A,N/A
scale_free_000047.txt,1.0,1.0,100.0,1.0,100.0,1.0,100.0,1.0,100.0,N/A,N/A
dag_000048.txt,0.0,0.0,100.0,0.0,100.0,0.0,100.0,0.0,100.0,N/A,N/A
dgrid_000048.txt,1.0,1.0,100.0,1.0,100.0,1.0,100.0,1.0,100.0,N/A,N/A
ego_000048.txt,10.0,10.0,100.0,10.0,100.0,10.0,100.0,N/A,N/A,N/A,N/A
er_000048.txt,8.0,8.0,100.0,8.0,100.0,8.0,100.0,N/A,N/A,N/A,N/A
scale_free_000048.txt,1.0,1.0,100.0,1.0,100.0,1.0,100.0,1.0,100.0,N/A,N/A
dag_000049.txt,0.0,0.0,100.0,0.0,100.0,0.0,100.0,0.0,100.0,N/A,N/A
dgrid_000049.txt,4.0,4.0,100.0,4.0,100.0,4.0,100.0,4.0,100.0,N/A,N/A
ego_000049.txt,10.0,10.0,100.0,10.0,100.0,10.0,100.0,N/A,N/A,N/A,N/A
er_000049.txt,2.0,2.0,100.0,2.0,100.0,2.0,100.0,2.0,100.0,N/A,N/A
scale_free_000049.txt,1.0,1.0,100.0,1.0,100.0,1.0,100.0,1.0,100.0,N/A,N/A
dag_000050.txt,0.0,0.0,100.0,0.0,100.0,0.0,100.0,0.0,100.0,N/A,N/A
dgrid_000050.txt,1.0,1.0,100.0,1.0,100.0,1.0,100.0,1.0,100.0,N/A,N/A
ego_000050.txt,0.0,0.0,100.0,0.0,100.0,0.0,100.0,0.0,100.0,N/A,N/A
er_000050.txt,16.0,N/A,N/A,16.0,100.0,17.0,94.1176,N/A,N/A,N/A,N/A
scale_free_000050.txt,2.0,2.0,100.0,2.0,100.0,2.0,100.0,2.0,100.0,N/A,N/A
dag_000051.txt,0.0,0.0,100.0,0.0,100.0,0.0,100.0,0.0,100.0,N/A,N/A
dgrid_000051.txt,2.0,2.0,100.0,2.0,100.0,2.0,100.0,2.0,100.0,N/A,N/A
ego_000051.txt,2.0,2.0,100.0,2.0,100.0,2.0,100.0,2.0,100.0,N/A,N/A
er_000051.txt,5.0,5.0,100.0,5.0,100.0,5.0,100.0,5.0,100.0,N/A,N/A
scale_free_000051.txt,1.0,1.0,100.0,1.0,100.0,1.0,100.0,1.0,100.0,N/A,N/A
dag_000052.txt,0.0,0.0,100.0,0.0,100.0,0.0,100.0,0.0,100.0,N/A,N/A
dgrid_000052.txt,1.0,1.0,100.0,1.0,100.0,1.0,100.0,1.0,100.0,N/A,N/A
ego_000052.txt,4.0,4.0,100.0,4.0,100.0,4.0,100.0,4.0,100.0,N/A,N/A
er_000052.txt,17.0,N/A,N/A,17.0,100.0,17.0,100.0,N/A,N/A,N/A,N/A
scale_free_000052.txt,1.0,1.0,100.0,1.0,100.0,1.0,100.0,1.0,100.0,N/A,N/A
dag_000053.txt,0.0,0.0,100.0,0.0,100.0,0.0,100.0,0.0,100.0,N/A,N/A
dgrid_000053.txt,1.0,1.0,100.0,1.0,100.0,1.0,100.0,1.0,100.0,N/A,N/A
ego_000053.txt,0.0,0.0,100.0,0.0,100.0,0.0,100.0,0.0,100.0,N/A,N/A
er_000053.txt,15.0,N/A,N/A,15.0,100.0,15.0,100.0,N/A,N/A,N/A,N/A
scale_free_000053.txt,1.0,1.0,100.0,1.0,100.0,1.0,100.0,1.0,100.0,N/A,N/A
dag_000054.txt,0.0,0.0,100.0,0.0,100.0,0.0,100.0,0.0,100.0,N/A,N/A
dgrid_000054.txt,3.0,3.0,100.0,3.0,100.0,3.0,100.0,3.0,100.0,N/A,N/A
ego_000054.txt,10.0,10.0,100.0,10.0,100.0,10.0,100.0,N/A,N/A,N/A,N/A
er_000054.txt,4.0,4.0,100.0,4.0,100.0,4.0,100.0,4.0,100.0,N/A,N/A
scale_free_000054.txt,1.0,1.0,100.0,1.0,100.0,1.0,100.0,1.0,100.0,N/A,N/A
dag_000055.txt,0.0,0.0,100.0,0.0,100.0,0.0,100.0,0.0,100.0,N/A,N/A
dgrid_000055.txt,3.0,3.0,100.0,3.0,100.0,3.0,100.0,3.0,100.0,N/A,N/A
ego_000055.txt,9.0,9.0,100.0,9.0,100.0,9.0,100.0,N/A,N/A,N/A,N/A
er_000055.txt,14.0,N/A,N/A,14.0,100.0,14.0,100.0,N/A,N/A,N/A,N/A
scale_free_000055.txt,1.0,1.0,100.0,1.0,100.0,1.0,100.0,1.0,100.0,N/A,N/A
dag_000056.txt,0.0,0.0,100.0,0.0,100.0,0.0,100.0,0.0,100.0,N/A,N/A
dgrid_000056.txt,1.0,1.0,100.0,1.0,100.0,1.0,100.0,1.0,100.0,N/A,N/A
ego_000056.txt,1.0,1.0,100.0,1.0,100.0,1.0,100.0,1.0,100.0,N/A,N/A
er_000056.txt,6.0,6.0,100.0,6.0,100.0,6.0,100.0,6.0,100.0,N/A,N/A
scale_free_000056.txt,2.0,2.0,100.0,2.0,100.0,2.0,100.0,2.0,100.0,N/A,N/A
dag_000057.txt,0.0,0.0,100.0,0.0,100.0,0.0,100.0,0.0,100.0,N/A,N/A
dgrid_000057.txt,4.0,4.0,100.0,4.0,100.0,4.0,100.0,4.0,100.0,N/A,N/A
ego_000057.txt,9.0,9.0,100.0,9.0,100.0,9.0,100.0,9.0,100.0,N/A,N/A
er_000057.txt,12.0,12.0,100.0,12.0,100.0,13.0,92.3077,N/A,N/A,N/A,N/A
scale_free_000057.txt,2.0,2.0,100.0,2.0,100.0,2.0,100.0,2.0,100.0,N/A,N/A
dag_000058.txt,0.0,0.0,100.0,0.0,100.0,0.0,100.0,0.0,100.0,N/A,N/A
dgrid_000058.txt,3.0,3.0,100.0,3.0,100.0,3.0,100.0,3.0,100.0,N/A,N/A
ego_000058.txt,3.0,3.0,100.0,3.0,100.0,3.0,100.0,3.0,100.0,N/A,N/A
er_000058.txt,7.0,7.0,100.0,7.0,100.0,7.0,100.0,N/A,N/A,N/A,N/A
scale_free_000058.txt,1.0,1.0,100.0,1.0,100.0,1.0,100.0,1.0,100.0,N/A,N/A
dag_000059.txt,0.0,0.0,100.0,0.0,100.0,0.0,100.0,0.0,100.0,N/A,N/A
dgrid_000059.txt,2.0,2.0,100.0,2.0,100.0,2.0,100.0,2.0,100.0,N/A,N/A
ego_000059.txt,11.0,11.0,100.0,11.0,100.0,11.0,100.0,N/A,N/A,N/A,N/A
er_000059.txt,4.0,4.0,100.0,4.0,100.0,4.0,100.0,4.0,100.0,N/A,N/A
scale_free_000059.txt,1.0,1.0,100.0,1.0,100.0,1.0,100.0,1.0,100.0,N/A,N/A
dag_000060.txt,0.0,0.0,100.0,0.0,100.0,0.0,100.0,0.0,100.0,N/A,N/A
dgrid_000060.txt,5.0,5.0,100.0,5.0,100.0,5.0,100.0,5.0,100.0,N/A,N/A
ego_000060.txt,2.0,2.0,100.0,2.0,100.0,2.0,100.0,2.0,100.0,N/A,N/A
er_000060.txt,3.0,3.0,100.0,3.0,100.0,3.0,100.0,3.0,100.0,N/A,N/A
scale_free_000060.txt,1.0,1.0,100.0,1.0,100.0,1.0,100.0,1.0,100.0,N/A,N/A
dag_000061.txt,0.0,0.0,100.0,0.0,100.0,0.0,100.0,0.0,100.0,N/A,N/A
dgrid_000061.txt,4.0,4.0,100.0,4.0,100.0,4.0,100.0,4.0,100.0,N/A,N/A
ego_000061.txt,0.0,0.0,100.0,0.0,100.0,0.0,100.0,0.0,100.0,N/A,N/A
er_000061.txt,0.0,0.0,100.0,0.0,100.0,0.0,100.0,0.0,100.0,N/A,N/A
scale_free_000061.txt,2.0,2.0,100.0,2.0,100.0,2.0,100.0,2.0,100.0,N/A,N/A
dag_000062.txt,0.0,0.0,100.0,0.0,100.0,0.0,100.0,0.0,100.0,N/A,N/A
dgrid_000062.txt,4.0,4.0,100.0,4.0,100.0,4.0,100.0,4.0,100.0,N/A,N/A
ego_000062.txt,2.0,2.0,100.0,2.0,100.0,2.0,100.0,2.0,100.0,N/A,N/A
er_000062.txt,3.0,3.0,100.0,3.0,100.0,3.0,100.0,3.0,100.0,N/A,N/A
scale_free_000062.txt,1.0,1.0,100.0,1.0,100.0,1.0,100.0,1.0,100.0,N/A,N/A
dag_000063.txt,0.0,0.0,100.0,0.0,100.0,0.0,100.0,0.0,100.0,N/A,N/A
dgrid_000063.txt,2.0,2.0,100.0,2.0,100.0,2.0,100.0,2.0,100.0,N/A,N/A
ego_000063.txt,6.0,6.0,100.0,6.0,100.0,6.0,100.0,6.0,100.0,N/A,N/A
er_000063.txt,14.0,N/A,N/A,14.0,100.0,14.0,100.0,N/A,N/A,N/A,N/A
scale_free_000063.txt,1.0,1.0,100.0,1.0,100.0,1.0,100.0,1.0,100.0,N/A,N/A
dag_000064.txt,0.0,0.0,100.0,0.0,100.0,0.0,100.0,0.0,100.0,N/A,N/A
dgrid_000064.txt,1.0,1.0,100.0,1.0,100.0,1.0,100.0,1.0,100.0,N/A,N/A
ego_000064.txt,4.0,4.0,100.0,4.0,100.0,4.0,100.0,4.0,100.0,N/A,N/A
er_000064.txt,3.0,3.0,100.0,3.0,100.0,3.0,100.0,3.0,100.0,N/A,N/A
scale_free_000064.txt,2.0,2.0,100.0,2.0,100.0,2.0,100.0,2.0,100.0,N/A,N/A
dag_000065.txt,0.0,0.0,100.0,0.0,100.0,0.0,100.0,0.0,100.0,N/A,N/A
dgrid_000065.txt,2.0,2.0,100.0,2.0,100.0,2.0,100.0,2.0,100.0,N/A,N/A
ego_000065.txt,1.0,1.0,100.0,1.0,100.0,1.0,100.0,1.0,100.0,N/A,N/A
er_000065.txt,13.0,N/A,N/A,13.0,100.0,13.0,100.0,N/A,N/A,N/A,N/A
scale_free_000065.txt,1.0,1.0,100.0,1.0,100.0,1.0,100.0,1.0,100.0,N/A,N/A
dag_000066.txt,0.0,0.0,100.0,0.0,100.0,0.0,100.0,0.0,100.0,N/A,N/A
dgrid_000066.txt,1.0,1.0,100.0,1.0,100.0,1.0,100.0,1.0,100.0,N/A,N/A
ego_000066.txt,2.0,2.0,100.0,2.0,100.0,2.0,100.0,2.0,100.0,N/A,N/A
er_000066.txt,14.0,N/A,N/A,14.0,100.0,14.0,100.0,N/A,N/A,N/A,N/A
scale_free_000066.txt,2.0,2.0,100.0,2.0,100.0,2.0,100.0,2.0,100.0,N/A,N/A
dag_000067.txt,0.0,0.0,100.0,0.0,100.0,0.0,100.0,0.0,100.0,N/A,N/A
dgrid_000067.txt,3.0,3.0,100.0,3.0,100.0,3.0,100.0,3.0,100.0,N/A,N/A
ego_000067.txt,9.0,9.0,100.0,9.0,100.0,9.0,100.0,N/A,N/A,N/A,N/A
er_000067.txt,3.0,3.0,100.0,3.0,100.0,3.0,100.0,3.0,100.0,N/A,N/A
scale_free_000067.txt,1.0,1.0,100.0,1.0,100.0,1.0,100.0,1.0,100.0,N/A,N/A
dag_000068.txt,0.0,0.0,100.0,0.0,100.0,0.0,100.0,0.0,100.0,N/A,N/A
dgrid_000068.txt,0.0,0.0,100.0,0.0,100.0,0.0,100.0,0.0,100.0,N/A,N/A
ego_000068.txt,0.0,0.0,100.0,0.0,100.0,0.0,100.0,0.0,100.0,N/A,N/A
er_000068.txt,3.0,3.0,100.0,3.0,100.0,3.0,100.0,3.0,100.0,N/A,N/A
scale_free_000068.txt,1.0,1.0,100.0,1.0,100.0,1.0,100.0,1.0,100.0,N/A,N/A
dag_000069.txt,0.0,0.0,100.0,0.0,100.0,0.0,100.0,0.0,100.0,N/A,N/A
dgrid_000069.txt,1.0,1.0,100.0,1.0,100.0,1.0,100.0,1.0,100.0,N/A,N/A
ego_000069.txt,7.0,7.0,100.0,7.0,100.0,7.0,100.0,N/A,N/A,N/A,N/A
er_000069.txt,8.0,8.0,100.0,8.0,100.0,8.0,100.0,8.0,100.0,N/A,N/A
scale_free_000069.txt,1.0,1.0,100.0,1.0,100.0,1.0,100.0,1.0,100.0,N/A,N/A
dag_000070.txt,0.0,0.0,100.0,0.0,100.0,0.0,100.0,0.0,100.0,N/A,N/A
dgrid_000070.txt,4.0,4.0,100.0,4.0,100.0,4.0,100.0,4.0,100.0,N/A,N/A
ego_000070.txt,6.0,6.0,100.0,6.0,100.0,6.0,100.0,6.0,100.0,N/A,N/A
er_000070.txt,8.0,8.0,100.0,8.0,100.0,8.0,100.0,8.0,100.0,N/A,N/A
scale_free_000070.txt,2.0,2.0,100.0,2.0,100.0,2.0,100.0,2.0,100.0,N/A,N/A
dag_000071.txt,0.0,0.0,100.0,0.0,100.0,0.0,100.0,0.0,100.0,N/A,N/A
dgrid_000071.txt,4.0,4.0,100.0,4.0,100.0,4.0,100.0,4.0,100.0,N/A,N/A
ego_000071.txt,6.0,6.0,100.0,6.0,100.0,6.0,100.0,6.0,100.0,N/A,N/A
er_000071.txt,5.0,5.0,100.0,5.0,100.0,5.0,100.0,5.0,100.0,N/A,N/A
scale_free_000071.txt,1.0,1.0,100.0,1.0,100.0,1.0,100.0,1.0,100.0,N/A,N/A
dag_000072.txt,0.0,0.0,100.0,0.0,100.0,0.0,100.0,0.0,100.0,N/A,N/A
dgrid_000072.txt,3.0,3.0,100.0,3.0,100.0,3.0,100.0,3.0,100.0,N/A,N/A
ego_000072.txt,5.0,5.0,100.0,5.0,100.0,5.0,100.0,5.0,100.0,N/A,N/A
er_000072.txt,4.0,4.0,100.0,4.0,100.0,4.0,100.0,4.0,100.0,N/A,N/A
scale_free_000072.txt,1.0,1.0,100.0,1.0,100.0,1.0,100.0,1.0,100.0,N/A,N/A
dag_000073.txt,0.0,0.0,100.0,0.0,100.0,0.0,100.0,0.0,100.0,N/A,N/A
dgrid_000073.txt,1.0,1.0,100.0,1.0,100.0,1.0,100.0,1.0,100.0,N/A,N/A
ego_000073.txt,2.0,2.0,100.0,2.0,100.0,2.0,100.0,2.0,100.0,N/A,N/A
er_000073.txt,17.0,N/A,N/A,17.0,100.0,17.0,100.0,N/A,N/A,N/A,N/A
scale_free_000073.txt,1.0,1.0,100.0,1.0,100.0,1.0,100.0,1.0,100.0,N/A,N/A
dag_000074.txt,0.0,0.0,100.0,0.0,100.0,0.0,100.0,0.0,100.0,N/A,N/A
dgrid_000074.txt,2.0,2.0,100.0,2.0,100.0,2.0,100.0,2.0,100.0,N/A,N/A
ego_000074.txt,15.0,15.0,100.0,15.0,100.0,15.0,100.0,N/A,N/A,N/A,N/A
er_000074.txt,3.0,3.0,100.0,3.0,100.0,3.0,100.0,3.0,100.0,N/A,N/A
scale_free_000074.txt,1.0,1.0,100.0,1.0,100.0,1.0,100.0,1.0,100.0,N/A,N/A
dag_000075.txt,0.0,0.0,100.0,0.0,100.0,0.0,100.0,0.0,100.0,N/A,N/A
dgrid_000075.txt,4.0,4.0,100.0,4.0,100.0,4.0,100.0,4.0,100.0,N/A,N/A
ego_000075.txt,7.0,7.0,100.0,7.0,100.0,7.0,100.0,7.0,100.0,N/A,N/A
er_000075.txt,14.0,N/A,N/A,14.0,100.0,15.0,93.3333,N/A,N/A,N/A,N/A
scale_free_000075.txt,1.0,1.0,100.0,1.0,100.0,1.0,100.0,1.0,100.0,N/A,N/A
dag_000076.txt,0.0,0.0,100.0,0.0,100.0,0.0,100.0,0.0,100.0,N/A,N/A
dgrid_000076.txt,0.0,0.0,100.0,0.0,100.0,0.0,100.0,0.0,100.0,N/A,N/A
ego_000076.txt,10.0,10.0,100.0,10.0,100.0,10.0,100.0,N/A,N/A,N/A,N/A
er_000076.txt,5.0,5.0,100.0,5.0,100.0,5.0,100.0,5.0,100.0,N/A,N/A
scale_free_000076.txt,2.0,2.0,100.0,2.0,100.0,2.0,100.0,2.0,100.0,N/A,N/A
dag_000077.txt,0.0,0.0,100.0,0.0,100.0,0.0,100.0,0.0,100.0,N/A,N/A
dgrid_000077.txt,1.0,1.0,100.0,1.0,100.0,1.0,100.0,1.0,100.0,N/A,N/A
ego_000077.txt,6.0,6.0,100.0,6.0,100.0,6.0,100.0,6.0,100.0,N/A,N/A
er_000077.txt,8.0,8.0,100.0,8.0,100.0,8.0,100.0,8.0,100.0,N/A,N/A
scale_free_000077.txt,1.0,1.0,100.0,1.0,100.0,1.0,100.0,1.0,100.0,N/A,N/A
dag_000078.txt,0.0,0.0,100.0,0.0,100.0,0.0,100.0,0.0,100.0,N/A,N/A
dgrid_000078.txt,1.0,1.0,100.0,1.0,100.0,1.0,100.0,1.0,100.0,N/A,N/A
ego_000078.txt,8.0,8.0,100.0,8.0,100.0,8.0,100.0,8.0,100.0,N/A,N/A
er_000078.txt,15.0,N/A,N/A,15.0,100.0,15.0,100.0,N/A,N/A,N/A,N/A
scale_free_000078.txt,2.0,2.0,100.0,2.0,100.0,2.0,100.0,2.0,100.0,N/A,N/A
dag_000079.txt,0.0,0.0,100.0,0.0,100.0,0.0,100.0,0.0,100.0,N/A,N/A
dgrid_000079.txt,2.0,2.0,100.0,2.0,100.0,2.0,100.0,2.0,100.0,N/A,N/A
ego_000079.txt,4.0,4.0,100.0,4.0,100.0,4.0,100.0,4.0,100.0,N/A,N/A
er_000079.txt,4.0,4.0,100.0,4.0,100.0,4.0,100.0,4.0,100.0,N/A,N/A
scale_free_000079.txt,2.0,2.0,100.0,2.0,100.0,2.0,100.0,2.0,100.0,N/A,N/A
dag_000080.txt,0.0,0.0,100.0,0.0,100.0,0.0,100.0,0.0,100.0,N/A,N/A
dgrid_000080.txt,1.0,1.0,100.0,1.0,100.0,1.0,100.0,1.0,100.0,N/A,N/A
ego_000080.txt,10.0,10.0,100.0,10.0,100.0,10.0,100.0,N/A,N/A,N/A,N/A
er_000080.txt,4.0,4.0,100.0,4.0,100.0,4.0,100.0,4.0,100.0,N/A,N/A
scale_free_000080.txt,1.0,1.0,100.0,1.0,100.0,1.0,100.0,1.0,100.0,N/A,N/A
dag_000081.txt,0.0,0.0,100.0,0.0,100.0,0.0,100.0,0.0,100.0,N/A,N/A
dgrid_000081.txt,4.0,4.0,100.0,4.0,100.0,4.0,100.0,4.0,100.0,N/A,N/A
ego_000081.txt,0.0,0.0,100.0,0.0,100.0,0.0,100.0,0.0,100.0,N/A,N/A
er_000081.txt,8.0,8.0,100.0,8.0,100.0,8.0,100.0,N/A,N/A,N/A,N/A
scale_free_000081.txt,1.0,1.0,100.0,1.0,100.0,1.0,100.0,1.0,100.0,N/A,N/A
dag_000082.txt,0.0,0.0,100.0,0.0,100.0,0.0,100.0,0.0,100.0,N/A,N/A
dgrid_000082.txt,1.0,1.0,100.0,1.0,100.0,1.0,100.0,1.0,100.0,N/A,N/A
ego_000082.txt,2.0,2.0,100.0,2.0,100.0,2.0,100.0,2.0,100.0,N/A,N/A
er_000082.txt,2.0,2.0,100.0,2.0,100.0,2.0,100.0,2.0,100.0,N/A,N/A
scale_free_000082.txt,2.0,2.0,100.0,2.0,100.0,2.0,100.0,2.0,100.0,N/A,N/A
dag_000083.txt,0.0,0.0,100.0,0.0,100.0,0.0,100.0,0.0,100.0,N/A,N/A
dgrid_000083.txt,2.0,2.0,100.0,2.0,100.0,2.0,100.0,2.0,100.0,N/A,N/A
ego_000083.txt,6.0,6.0,100.0,6.0,100.0,6.0,100.0,6.0,100.0,N/A,N/A
er_000083.txt,6.0,6.0,100.0,6.0,100.0,6.0,100.0,6.0,100.0,N/A,N/A
scale_free_000083.txt,1.0,1.0,100.0,1.0,100.0,1.0,100.0,1.0,100.0,N/A,N/A
dag_000084.txt,0.0,0.0,100.0,0.0,100.0,0.0,100.0,0.0,100.0,N/A,N/A
dgrid_000084.txt,3.0,3.0,100.0,3.0,100.0,3.0,100.0,3.0,100.0,N/A,N/A
ego_000084.txt,1.0,1.0,100.0,1.0,100.0,1.0,100.0,1.0,100.0,N/A,N/A
er_000084.txt,1.0,1.0,100.0,1.0,100.0,1.0,100.0,1.0,100.0,N/A,N/A
scale_free_000084.txt,2.0,2.0,100.0,2.0,100.0,2.0,100.0,2.0,100.0,N/A,N/A
dag_000085.txt,0.0,0.0,100.0,0.0,100.0,0.0,100.0,0.0,100.0,N/A,N/A
dgrid_000085.txt,5.0,5.0,100.0,5.0,100.0,5.0,100.0,5.0,100.0,N/A,N/A
ego_000085.txt,0.0,0.0,100.0,0.0,100.0,0.0,100.0,0.0,100.0,N/A,N/A
er_000085.txt,5.0,5.0,100.0,5.0,100.0,5.0,100.0,5.0,100.0,N/A,N/A
scale_free_000085.txt,1.0,1.0,100.0,1.0,100.0,1.0,100.0,1.0,100.0,N/A,N/A
dag_000086.txt,0.0,0.0,100.0,0.0,100.0,0.0,100.0,0.0,100.0,N/A,N/A
dgrid_000086.txt,1.0,1.0,100.0,1.0,100.0,1.0,100.0,1.0,100.0,N/A,N/A
ego_000086.txt,10.0,10.0,100.0,10.0,100.0,10.0,100.0,10.0,100.0,N/A,N/A
er_000086.txt,14.0,N/A,N/A,14.0,100.0,14.0,100.0,N/A,N/A,N/A,N/A
scale_free_000086.txt,1.0,1.0,100.0,1.0,100.0,1.0,100.0,1.0,100.0,N/A,N/A
dag_000087.txt,0.0,0.0,100.0,0.0,100.0,0.0,100.0,0.0,100.0,N/A,N/A
dgrid_000087.txt,1.0,1.0,100.0,1.0,100.0,1.0,100.0,1.0,100.0,N/A,N/A
ego_000087.txt,10.0,10.0,100.0,10.0,100.0,10.0,100.0,N/A,N/A,N/A,N/A
er_000087.txt,7.0,7.0,100.0,7.0,100.0,7.0,100.0,7.0,100.0,N/A,N/A
scale_free_000087.txt,1.0,1.0,100.0,1.0,100.0,1.0,100.0,1.0,100.0,N/A,N/A
dag_000088.txt,0.0,0.0,100.0,0.0,100.0,0.0,100.0,0.0,100.0,N/A,N/A
dgrid_000088.txt,4.0,4.0,100.0,4.0,100.0,4.0,100.0,4.0,100.0,N/A,N/A
ego_000088.txt,4.0,4.0,100.0,4.0,100.0,4.0,100.0,4.0,100.0,N/A,N/A
er_000088.txt,5.0,5.0,100.0,5.0,100.0,5.0,100.0,5.0,100.0,N/A,N/A
scale_free_000088.txt,1.0,1.0,100.0,1.0,100.0,1.0,100.0,1.0,100.0,N/A,N/A
dag_000089.txt,0.0,0.0,100.0,0.0,100.0,0.0,100.0,0.0,100.0,N/A,N/A
dgrid_000089.txt,2.0,2.0,100.0,2.0,100.0,2.0,100.0,2.0,100.0,N/A,N/A
ego_000089.txt,4.0,4.0,100.0,4.0,100.0,4.0,100.0,4.0,100.0,N/A,N/A
er_000089.txt,11.0,N/A,N/A,11.0,100.0,11.0,100.0,N/A,N/A,N/A,N/A
scale_free_000089.txt,1.0,1.0,100.0,1.0,100.0,1.0,100.0,1.0,100.0,N/A,N/A
dag_000090.txt,0.0,0.0,100.0,0.0,100.0,0.0,100.0,0.0,100.0,N/A,N/A
dgrid_000090.txt,4.0,4.0,100.0,4.0,100.0,4.0,100.0,4.0,100.0,N/A,N/A
ego_000090.txt,2.0,2.0,100.0,2.0,100.0,2.0,100.0,2.0,100.0,N/A,N/A
er_000090.txt,5.0,5.0,100.0,5.0,100.0,5.0,100.0,5.0,100.0,N/A,N/A
scale_free_000090.txt,1.0,1.0,100.0,1.0,100.0,1.0,100.0,1.0,100.0,N/A,N/A
dag_000091.txt,0.0,0.0,100.0,0.0,100.0,0.0,100.0,0.0,100.0,N/A,N/A
dgrid_000091.txt,2.0,2.0,100.0,2.0,100.0,2.0,100.0,2.0,100.0,N/A,N/A
ego_000091.txt,9.0,9.0,100.0,9.0,100.0,9.0,100.0,N/A,N/A,N/A,N/A
er_000091.txt,6.0,6.0,100.0,6.0,100.0,6.0,100.0,6.0,100.0,N/A,N/A
scale_free_000091.txt,1.0,1.0,100.0,1.0,100.0,1.0,100.0,1.0,100.0,N/A,N/A
dag_000092.txt,0.0,0.0,100.0,0.0,100.0,0.0,100.0,0.0,100.0,N/A,N/A
dgrid_000092.txt,5.0,5.0,100.0,5.0,100.0,5.0,100.0,5.0,100.0,N/A,N/A
ego_000092.txt,13.0,13.0,100.0,13.0,100.0,13.0,100.0,N/A,N/A,N/A,N/A
er_000092.txt,5.0,5.0,100.0,5.0,100.0,5.0,100.0,5.0,100.0,N/A,N/A
scale_free_000092.txt,1.0,1.0,100.0,1.0,100.0,1.0,100.0,1.0,100.0,N/A,N/A
dag_000093.txt,0.0,0.0,100.0,0.0,100.0,0.0,100.0,0.0,100.0,N/A,N/A
dgrid_000093.txt,1.0,1.0,100.0,1.0,100.0,1.0,100.0,1.0,100.0,N/A,N/A
ego_000093.txt,0.0,0.0,100.0,0.0,100.0,0.0,100.0,0.0,100.0,N/A,N/A
er_000093.txt,9.0,9.0,100.0,9.0,100.0,9.0,100.0,N/A,N/A,N/A,N/A
scale_free_000093.txt,1.0,1.0,100.0,1.0,100.0,1.0,100.0,1.0,100.0,N/A,N/A
dag_000094.txt,0.0,0.0,100.0,0.0,100.0,0.0,100.0,0.0,100.0,N/A,N/A
dgrid_000094.txt,3.0,3.0,100.0,3.0,100.0,3.0,100.0,3.0,100.0,N/A,N/A
ego_000094.txt,0.0,0.0,100.0,0.0,100.0,0.0,100.0,0.0,100.0,N/A,N/A
er_000094.txt,6.0,6.0,100.0,6.0,100.0,6.0,100.0,6.0,100.0,N/A,N/A
scale_free_000094.txt,2.0,2.0,100.0,2.0,100.0,2.0,100.0,2.0,100.0,N/A,N/A
dag_000095.txt,0.0,0.0,100.0,0.0,100.0,0.0,100.0,0.0,100.0,N/A,N/A
dgrid_000095.txt,2.0,2.0,100.0,2.0,100.0,2.0,100.0,2.0,100.0,N/A,N/A
ego_000095.txt,0.0,0.0,100.0,0.0,100.0,0.0,100.0,0.0,100.0,N/A,N/A
er_000095.txt,6.0,6.0,100.0,6.0,100.0,6.0,100.0,6.0,100.0,N/A,N/A
scale_free_000095.txt,1.0,1.0,100.0,1.0,100.0,1.0,100.0,1.0,100.0,N/A,N/A
dag_000096.txt,0.0,0.0,100.0,0.0,100.0,0.0,100.0,0.0,100.0,N/A,N/A
dgrid_000096.txt,4.0,4.0,100.0,4.0,100.0,4.0,100.0,4.0,100.0,N/A,N/A
ego_000096.txt,0.0,0.0,100.0,0.0,100.0,0.0,100.0,0.0,100.0,N/A,N/A
er_000096.txt,6.0,6.0,100.0,6.0,100.0,6.0,100.0,6.0,100.0,N/A,N/A
scale_free_000096.txt,1.0,1.0,100.0,1.0,100.0,1.0,100.0,1.0,100.0,N/A,N/A
dag_000097.txt,0.0,0.0,100.0,0.0,100.0,0.0,100.0,0.0,100.0,N/A,N/A
dgrid_000097.txt,3.0,3.0,100.0,3.0,100.0,3.0,100.0,3.0,100.0,N/A,N/A
ego_000097.txt,0.0,0.0,100.0,0.0,100.0,0.0,100.0,0.0,100.0,N/A,N/A
er_000097.txt,4.0,4.0,100.0,4.0,100.0,4.0,100.0,4.0,100.0,N/A,N/A
scale_free_000097.txt,1.0,1.0,100.0,1.0,100.0,1.0,100.0,1.0,100.0,N/A,N/A
dag_000098.txt,0.0,0.0,100.0,0.0,100.0,0.0,100.0,0.0,100.0,N/A,N/A
dgrid_000098.txt,0.0,0.0,100.0,0.0,100.0,0.0,100.0,0.0,100.0,N/A,N/A
ego_000098.txt,0.0,0.0,100.0,0.0,100.0,0.0,100.0,0.0,100.0,N/A,N/A
er_000098.txt,10.0,10.0,100.0,10.0,100.0,10.0,100.0,10.0,100.0,N/A,N/A
scale_free_000098.txt,1.0,1.0,100.0,1.0,100.0,1.0,100.0,1.0,100.0,N/A,N/A
dag_000099.txt,0.0,0.0,100.0,0.0,100.0,0.0,100.0,0.0,100.0,N/A,N/A
dgrid_000099.txt,4.0,4.0,100.0,4.0,100.0,4.0,100.0,4.0,100.0,N/A,N/A
ego_000099.txt,7.0,7.0,100.0,7.0,100.0,7.0,100.0,7.0,100.0,N/A,N/A
er_000099.txt,5.0,5.0,100.0,5.0,100.0,5.0,100.0,5.0,100.0,N/A,N/A
scale_free_000099.txt,2.0,2.0,100.0,2.0,100.0,2.0,100.0,2.0,100.0,N/A,N/A
dag_000100.txt,0.0,0.0,100.0,0.0,100.0,0.0,100.0,0.0,100.0,N/A,N/A
dgrid_000100.txt,4.0,4.0,100.0,4.0,100.0,4.0,100.0,4.0,100.0,N/A,N/A
ego_000100.txt,1.0,1.0,100.0,1.0,100.0,1.0,100.0,1.0,100.0,N/A,N/A
er_000100.txt,2.0,2.0,100.0,2.0,100.0,2.0,100.0,2.0,100.0,N/A,N/A
scale_free_000100.txt,1.0,1.0,100.0,1.0,100.0,1.0,100.0,1.0,100.0,N/A,N/A
dag_000101.txt,0.0,0.0,100.0,0.0,100.0,0.0,100.0,0.0,100.0,N/A,N/A
dgrid_000101.txt,0.0,0.0,100.0,0.0,100.0,0.0,100.0,0.0,100.0,N/A,N/A
ego_000101.txt,2.0,2.0,100.0,2.0,100.0,2.0,100.0,2.0,100.0,N/A,N/A
er_000101.txt,4.0,4.0,100.0,4.0,100.0,4.0,100.0,4.0,100.0,N/A,N/A
scale_free_000101.txt,1.0,1.0,100.0,1.0,100.0,1.0,100.0,1.0,100.0,N/A,N/A
dag_000102.txt,0.0,0.0,100.0,0.0,100.0,0.0,100.0,0.0,100.0,N/A,N/A
dgrid_000102.txt,2.0,2.0,100.0,2.0,100.0,2.0,100.0,2.0,100.0,N/A,N/A
ego_000102.txt,7.0,7.0,100.0,7.0,100.0,7.0,100.0,7.0,100.0,N/A,N/A
er_000102.txt,14.0,N/A,N/A,14.0,100.0,14.0,100.0,N/A,N/A,N/A,N/A
scale_free_000102.txt,1.0,1.0,100.0,1.0,100.0,1.0,100.0,1.0,100.0,N/A,N/A
dag_000103.txt,0.0,0.0,100.0,0.0,100.0,0.0,100.0,0.0,100.0,N/A,N/A
dgrid_000103.txt,3.0,3.0,100.0,3.0,100.0,3.0,100.0,3.0,100.0,N/A,N/A
ego_000103.txt,7.0,7.0,100.0,7.0,100.0,7.0,100.0,N/A,N/A,N/A,N/A
er_000103.txt,5.0,5.0,100.0,5.0,100.0,5.0,100.0,5.0,100.0,N/A,N/A
scale_free_000103.txt,1.0,1.0,100.0,1.0,100.0,1.0,100.0,1.0,100.0,N/A,N/A
dag_000104.txt,0.0,0.0,100.0,0.0,100.0,0.0,100.0,0.0,100.0,N/A,N/A
dgrid_000104.txt,3.0,3.0,100.0,3.0,100.0,3.0,100.0,3.0,100.0,N/A,N/A
ego_000104.txt,6.0,6.0,100.0,6.0,100.0,6.0,100.0,6.0,100.0,N/A,N/A
er_000104.txt,17.0,N/A,N/A,17.0,100.0,17.0,100.0,N/A,N/A,N/A,N/A
scale_free_000104.txt,1.0,1.0,100.0,1.0,100.0,1.0,100.0,1.0,100.0,N/A,N/A
dag_000105.txt,0.0,0.0,100.0,0.0,100.0,0.0,100.0,0.0,100.0,N/A,N/A
dgrid_000105.txt,1.0,1.0,100.0,1.0,100.0,1.0,100.0,1.0,100.0,N/A,N/A
ego_000105.txt,1.0,1.0,100.0,1.0,100.0,1.0,100.0,1.0,100.0,N/A,N/A
er_000105.txt,2.0,2.0,100.0,2.0,100.0,2.0,100.0,2.0,100.0,N/A,N/A
scale_free_000105.txt,2.0,2.0,100.0,2.0,100.0,2.0,100.0,2.0,100.0,N/A,N/A
dag_000106.txt,0.0,0.0,100.0,0.0,100.0,0.0,100.0,0.0,100.0,N/A,N/A
dgrid_000106.txt,2.0,2.0,100.0,2.0,100.0,2.0,100.0,2.0,100.0,N/A,N/A
ego_000106.txt,14.0,14.0,100.0,14.0,100.0,14.0,100.0,N/A,N/A,N/A,N/A
er_000106.txt,6.0,6.0,100.0,6.0,100.0,6.0,100.0,6.0,100.0,N/A,N/A
scale_free_000106.txt,2.0,2.0,100.0,2.0,100.0,2.0,100.0,2.0,100.0,N/A,N/A
dag_000107.txt,0.0,0.0,100.0,0.0,100.0,0.0,100.0,0.0,100.0,N/A,N/A
dgrid_000107.txt,2.0,2.0,100.0,2.0,100.0,2.0,100.0,2.0,100.0,N/A,N/A
ego_000107.txt,0.0,0.0,100.0,0.0,100.0,0.0,100.0,0.0,100.0,N/A,N/A
er_000107.txt,11.0,11.0,100.0,11.0,100.0,11.0,100.0,N/A,N/A,N/A,N/A
scale_free_000107.txt,2.0,2.0,100.0,2.0,100.0,2.0,100.0,2.0,100.0,N/A,N/A
dag_000108.txt,0.0,0.0,100.0,0.0,100.0,0.0,100.0,0.0,100.0,N/A,N/A
dgrid_000108.txt,4.0,4.0,100.0,4.0,100.0,4.0,100.0,4.0,100.0,N/A,N/A
ego_000108.txt,11.0,11.0,100.0,11.0,100.0,11.0,100.0,N/A,N/A,N/A,N/A
er_000108.txt,17.0,N/A,N/A,17.0,100.0,18.0,94.4444,N/A,N/A,N/A,N/A
scale_free_000108.txt,1.0,1.0,100.0,1.0,100.0,1.0,100.0,1.0,100.0,N/A,N/A
dag_000109.txt,0.0,0.0,100.0,0.0,100.0,0.0,100.0,0.0,100.0,N/A,N/A
dgrid_000109.txt,1.0,1.0,100.0,1.0,100.0,1.0,100.0,1.0,100.0,N/A,N/A
ego_000109.txt,2.0,2.0,100.0,2.0,100.0,2.0,100.0,2.0,100.0,N/A,N/A
er_000109.txt,6.0,6.0,100.0,6.0,100.0,6.0,100.0,6.0,100.0,N/A,N/A
scale_free_000109.txt,2.0,2.0,100.0,2.0,100.0,2.0,100.0,2.0,100.0,N/A,N/A
dag_000110.txt,0.0,0.0,100.0,0.0,100.0,0.0,100.0,0.0,100.0,N/A,N/A
dgrid_000110.txt,5.0,5.0,100.0,5.0,100.0,5.0,100.0,5.0,100.0,N/A,N/A
ego_000110.txt,19.0,19.0,100.0,19.0,100.0,19.0,100.0,N/A,N/A,N/A,N/A
er_000110.txt,9.0,9.0,100.0,9.0,100.0,9.0,100.0,N/A,N/A,N/A,N/A
scale_free_000110.txt,1.0,1.0,100.0,1.0,100.0,1.0,100.0,1.0,100.0,N/A,N/A
dag_000111.txt,0.0,0.0,100.0,0.0,100.0,0.0,100.0,0.0,100.0,N/A,N/A
dgrid_000111.txt,3.0,3.0,100.0,3.0,100.0,3.0,100.0,3.0,100.0,N/A,N/A
ego_000111.txt,2.0,2.0,100.0,2.0,100.0,2.0,100.0,2.0,100.0,N/A,N/A
er_000111.txt,12.0,12.0,100.0,12.0,100.0,12.0,100.0,N/A,N/A,N/A,N/A
scale_free_000111.txt,1.0,1.0,100.0,1.0,100.0,1.0,100.0,1.0,100.0,N/A,N/A
dag_000112.txt,0.0,0.0,100.0,0.0,100.0,0.0,100.0,0.0,100.0,N/A,N/A
dgrid_000112.txt,0.0,0.0,100.0,0.0,100.0,0.0,100.0,0.0,100.0,N/A,N/A
ego_000112.txt,5.0,5.0,100.0,5.0,100.0,5.0,100.0,5.0,100.0,N/A,N/A
er_000112.txt,8.0,8.0,100.0,8.0,100.0,8.0,100.0,8.0,100.0,N/A,N/A
scale_free_000112.txt,1.0,1.0,100.0,1.0,100.0,1.0,100.0,1.0,100.0,N/A,N/A
dag_000113.txt,0.0,0.0,100.0,0.0,100.0,0.0,100.0,0.0,100.0,N/A,N/A
dgrid_000113.txt,4.0,4.0,100.0,4.0,100.0,4.0,100.0,4.0,100.0,N/A,N/A
ego_000113.txt,4.0,4.0,100.0,4.0,100.0,4.0,100.0,4.0,100.0,N/A,N/A
er_000113.txt,6.0,6.0,100.0,6.0,100.0,6.0,100.0,6.0,100.0,N/A,N/A
scale_free_000113.txt,1.0,1.0,100.0,1.0,100.0,1.0,100.0,1.0,100.0,N/A,N/A
dag_000114.txt,0.0,0.0,100.0,0.0,100.0,0.0,100.0,0.0,100.0,N/A,N/A
dgrid_000114.txt,3.0,3.0,100.0,3.0,100.0,3.0,100.0,3.0,100.0,N/A,N/A
ego_000114.txt,0.0,0.0,100.0,0.0,100.0,0.0,100.0,0.0,100.0,N/A,N/A
er_000114.txt,1.0,1.0,100.0,1.0,100.0,1.0,100.0,1.0,100.0,N/A,N/A
scale_free_000114.txt,1.0,1.0,100.0,1.0,100.0,1.0,100.0,1.0,100.0,N/A,N/A
dag_000115.txt,0.0,0.0,100.0,0.0,100.0,0.0,100.0,0.0,100.0,N/A,N/A
dgrid_000115.txt,1.0,1.0,100.0,1.0,100.0,1.0,100.0,1.0,100.0,N/A,N/A
ego_000115.txt,0.0,0.0,100.0,0.0,100.0,0.0,100.0,0.0,100.0,N/A,N/A
er_000115.txt,8.0,8.0,100.0,8.0,100.0,8.0,100.0,8.0,100.0,N/A,N/A
scale_free_000115.txt,2.0,2.0,100.0,2.0,100.0,2.0,100.0,2.0,100.0,N/A,N/A
dag_000116.txt,0.0,0.0,100.0,0.0,100.0,0.0,100.0,0.0,100.0,N/A,N/A
dgrid_000116.txt,1.0,1.0,100.0,1.0,100.0,1.0,100.0,1.0,100.0,N/A,N/A
ego_000116.txt,11.0,11.0,100.0,11.0,100.0,11.0,100.0,11.0,100.0,N/A,N/A
er_000116.txt,1.0,1.0,100.0,1.0,100.0,1.0,100.0,1.0,100.0,N/A,N/A
scale_free_000116.txt,1.0,1.0,100.0,1.0,100.0,1.0,100.0,1.0,100.0,N/A,N/A
dag_000117.txt,0.0,0.0,100.0,0.0,100.0,0.0,100.0,0.0,100.0,N/A,N/A
dgrid_000117.txt,3.0,3.0,100.0,3.0,100.0,3.0,100.0,3.0,100.0,N/A,N/A
ego_000117.txt,5.0,5.0,100.0,5.0,100.0,5.0,100.0,5.0,100.0,N/A,N/A
er_000117.txt,7.0,7.0,100.0,7.0,100.0,7.0,100.0,7.0,100.0,N/A,N/A
scale_free_000117.txt,2.0,2.0,100.0,2.0,100.0,2.0,100.0,2.0,100.0,N/A,N/A
dag_000118.txt,0.0,0.0,100.0,0.0,100.0,0.0,100.0,0.0,100.0,N/A,N/A
dgrid_000118.txt,3.0,3.0,100.0,3.0,100.0,3.0,100.0,3.0,100.0,N/A,N/A
ego_000118.txt,7.0,7.0,100.0,7.0,100.0,7.0,100.0,N/A,N/A,N/A,N/A
er_000118.txt,4.0,4.0,100.0,4.0,100.0,4.0,100.0,4.0,100.0,N/A,N/A
scale_free_000118.txt,1.0,1.0,100.0,1.0,100.0,1.0,100.0,1.0,100.0,N/A,N/A
dag_000119.txt,0.0,0.0,100.0,0.0,100.0,0.0,100.0,0.0,100.0,N/A,N/A
dgrid_000119.txt,4.0,4.0,100.0,4.0,100.0,4.0,100.0,4.0,100.0,N/A,N/A
ego_000119.txt,2.0,2.0,100.0,2.0,100.0,2.0,100.0,2.0,100.0,N/A,N/A
er_000119.txt,7.0,7.0,100.0,7.0,100.0,7.0,100.0,7.0,100.0,N/A,N/A
scale_free_000119.txt,1.0,1.0,100.0,1.0,100.0,1.0,100.0,1.0,100.0,N/A,N/A
dag_000120.txt,0.0,0.0,100.0,0.0,100.0,0.0,100.0,0.0,100.0,N/A,N/A
dgrid_000120.txt,2.0,2.0,100.0,2.0,100.0,2.0,100.0,2.0,100.0,N/A,N/A
ego_000120.txt,21.0,N/A,N/A,21.0,100.0,21.0,100.0,N/A,N/A,N/A,N/A
er_000120.txt,10.0,10.0,100.0,10.0,100.0,10.0,100.0,N/A,N/A,N/A,N/A
scale_free_000120.txt,1.0,1.0,100.0,1.0,100.0,1.0,100.0,1.0,100.0,N/A,N/A
dag_000121.txt,0.0,0.0,100.0,0.0,100.0,0.0,100.0,0.0,100.0,N/A,N/A
dgrid_000121.txt,2.0,2.0,100.0,2.0,100.0,2.0,100.0,2.0,100.0,N/A,N/A
ego_000121.txt,8.0,8.0,100.0,8.0,100.0,8.0,100.0,8.0,100.0,N/A,N/A
er_000121.txt,17.0,N/A,N/A,17.0,100.0,17.0,100.0,N/A,N/A,N/A,N/A
scale_free_000121.txt,1.0,1.0,100.0,1.0,100.0,1.0,100.0,1.0,100.0,N/A,N/A
dag_000122.txt,0.0,0.0,100.0,0.0,100.0,0.0,100.0,0.0,100.0,N/A,N/A
dgrid_000122.txt,1.0,1.0,100.0,1.0,100.0,1.0,100.0,1.0,100.0,N/A,N/A
ego_000122.txt,0.0,0.0,100.0,0.0,100.0,0.0,100.0,0.0,100.0,N/A,N/A
er_000122.txt,14.0,N/A,N/A,14.0,100.0,14.0,100.0,N/A,N/A,N/A,N/A
scale_free_000122.txt,1.0,1.0,100.0,1.0,100.0,1.0,100.0,1.0,100.0,N/A,N/A
dag_000123.txt,0.0,0.0,100.0,0.0,100.0,0.0,100.0,0.0,100.0,N/A,N/A
dgrid_000123.txt,4.0,4.0,100.0,4.0,100.0,4.0,100.0,4.0,100.0,N/A,N/A
ego_000123.txt,4.0,4.0,100.0,4.0,100.0,4.0,100.0,4.0,100.0,N/A,N/A
er_000123.txt,8.0,8.0,100.0,8.0,100.0,8.0,100.0,8.0,100.0,N/A,N/A
scale_free_000123.txt,1.0,1.0,100.0,1.0,100.0,1.0,100.0,1.0,100.0,N/A,N/A
dag_000124.txt,0.0,0.0,100.0,0.0,100.0,0.0,100.0,0.0,100.0,N/A,N/A
dgrid_000124.txt,1.0,1.0,100.0,1.0,100.0,1.0,100.0,1.0,100.0,N/A,N/A
ego_000124.txt,9.0,9.0,100.0,9.0,100.0,9.0,100.0,N/A,N/A,N/A,N/A
er_000124.txt,5.0,5.0,100.0,5.0,100.0,5.0,100.0,5.0,100.0,N/A,N/A
scale_free_000124.txt,1.0,1.0,100.0,1.0,100.0,1.0,100.0,1.0,100.0,N/A,N/A
dag_000125.txt,0.0,0.0,100.0,0.0,100.0,0.0,100.0,0.0,100.0,N/A,N/A
dgrid_000125.txt,5.0,5.0,100.0,5.0,100.0,5.0,100.0,5.0,100.0,N/A,N/A
ego_000125.txt,4.0,4.0,100.0,4.0,100.0,4.0,100.0,4.0,100.0,N/A,N/A
er_000125.txt,12.0,12.0,100.0,12.0,100.0,12.0,100.0,N/A,N/A,N/A,N/A
scale_free_000125.txt,1.0,1.0,100.0,1.0,100.0,1.0,100.0,1.0,100.0,N/A,N/A
dag_000126.txt,0.0,0.0,100.0,0.0,100.0,0.0,100.0,0.0,100.0,N/A,N/A
dgrid_000126.txt,5.0,5.0,100.0,5.0,100.0,5.0,100.0,5.0,100.0,N/A,N/A
ego_000126.txt,2.0,2.0,100.0,2.0,100.0,2.0,100.0,2.0,100.0,N/A,N/A
er_000126.txt,10.0,10.0,100.0,10.0,100.0,10.0,100.0,N/A,N/A,N/A,N/A
scale_free_000126.txt,1.0,1.0,100.0,1.0,100.0,1.0,100.0,1.0,100.0,N/A,N/A
dag_000127.txt,0.0,0.0,100.0,0.0,100.0,0.0,100.0,0.0,100.0,N/A,N/A
dgrid_000127.txt,0.0,0.0,100.0,0.0,100.0,0.0,100.0,0.0,100.0,N/A,N/A
ego_000127.txt,4.0,4.0,100.0,4.0,100.0,4.0,100.0,4.0,100.0,N/A,N/A
er_000127.txt,17.0,N/A,N/A,17.0,100.0,17.0,100.0,N/A,N/A,N/A,N/A
scale_free_000127.txt,1.0,1.0,100.0,1.0,100.0,1.0,100.0,1.0,100.0,N/A,N/A
dag_000128.txt,0.0,0.0,100.0,0.0,100.0,0.0,100.0,0.0,100.0,N/A,N/A
dgrid_000128.txt,0.0,0.0,100.0,0.0,100.0,0.0,100.0,0.0,100.0,N/A,N/A
ego_000128.txt,5.0,5.0,100.0,5.0,100.0,5.0,100.0,5.0,100.0,N/A,N/A
er_000128.txt,7.0,7.0,100.0,7.0,100.0,7.0,100.0,7.0,100.0,N/A,N/A
scale_free_000128.txt,1.0,1.0,100.0,1.0,100.0,1.0,100.0,1.0,100.0,N/A,N/A
dag_000129.txt,0.0,0.0,100.0,0.0,100.0,0.0,100.0,0.0,100.0,N/A,N/A
dgrid_000129.txt,2.0,2.0,100.0,2.0,100.0,2.0,100.0,2.0,100.0,N/A,N/A
ego_000129.txt,2.0,2.0,100.0,2.0,100.0,2.0,100.0,2.0,100.0,N/A,N/A
er_000129.txt,16.0,N/A,N/A,16.0,100.0,16.0,100.0,N/A,N/A,N/A,N/A
scale_free_000129.txt,1.0,1.0,100.0,1.0,100.0,1.0,100.0,1.0,100.0,N/A,N/A
dag_000130.txt,0.0,0.0,100.0,0.0,100.0,0.0,100.0,0.0,100.0,N/A,N/A
dgrid_000130.txt,2.0,2.0,100.0,2.0,100.0,2.0,100.0,2.0,100.0,N/A,N/A
ego_000130.txt,10.0,10.0,100.0,10.0,100.0,10.0,100.0,N/A,N/A,N/A,N/A
er_000130.txt,1.0,1.0,100.0,1.0,100.0,1.0,100.0,1.0,100.0,N/A,N/A
scale_free_000130.txt,1.0,1.0,100.0,1.0,100.0,1.0,100.0,1.0,100.0,N/A,N/A
dag_000131.txt,0.0,0.0,100.0,0.0,100.0,0.0,100.0,0.0,100.0,N/A,N/A
dgrid_000131.txt,1.0,1.0,100.0,1.0,100.0,1.0,100.0,1.0,100.0,N/A,N/A
ego_000131.txt,5.0,5.0,100.0,5.0,100.0,5.0,100.0,5.0,100.0,N/A,N/A
er_000131.txt,5.0,5.0,100.0,5.0,100.0,5.0,100.0,5.0,100.0,N/A,N/A
scale_free_000131.txt,1.0,1.0,100.0,1.0,100.0,1.0,100.0,1.0,100.0,N/A,N/A
dag_000132.txt,0.0,0.0,100.0,0.0,100.0,0.0,100.0,0.0,100.0,N/A,N/A
dgrid_000132.txt,3.0,3.0,100.0,3.0,100.0,3.0,100.0,3.0,100.0,N/A,N/A
ego_000132.txt,6.0,6.0,100.0,6.0,100.0,6.0,100.0,6.0,100.0,N/A,N/A
er_000132.txt,3.0,3.0,100.0,3.0,100.0,3.0,100.0,3.0,100.0,N/A,N/A
scale_free_000132.txt,1.0,1.0,100.0,1.0,100.0,1.0,100.0,1.0,100.0,N/A,N/A
dag_000133.txt,0.0,0.0,100.0,0.0,100.0,0.0,100.0,0.0,100.0,N/A,N/A
dgrid_000133.txt,0.0,0.0,100.0,0.0,100.0,0.0,100.0,0.0,100.0,N/A,N/A
ego_000133.txt,12.0,12.0,100.0,12.0,100.0,12.0,100.0,N/A,N/A,N/A,N/A
er_000133.txt,7.0,7.0,100.0,7.0,100.0,7.0,100.0,7.0,100.0,N/A,N/A
scale_free_000133.txt,2.0,2.0,100.0,2.0,100.0,2.0,100.0,2.0,100.0,N/A,N/A
dag_000134.txt,0.0,0.0,100.0,0.0,100.0,0.0,100.0,0.0,100.0,N/A,N/A
dgrid_000134.txt,2.0,2.0,100.0,2.0,100.0,2.0,100.0,2.0,100.0,N/A,N/A
ego_000134.txt,0.0,0.0,100.0,0.0,100.0,0.0,100.0,0.0,100.0,N/A,N/A
er_000134.txt,11.0,11.0,100.0,11.0,100.0,12.0,91.6667,N/A,N/A,N/A,N/A
scale_free_000134.txt,2.0,2.0,100.0,2.0,100.0,2.0,100.0,2.0,100.0,N/A,N/A
dag_000135.txt,0.0,0.0,100.0,0.0,100.0,0.0,100.0,0.0,100.0,N/A,N/A
dgrid_000135.txt,2.0,2.0,100.0,2.0,100.0,2.0,100.0,2.0,100.0,N/A,N/A
ego_000135.txt,3.0,3.0,100.0,3.0,100.0,3.0,100.0,3.0,100.0,N/A,N/A
er_000135.txt,14.0,N/A,N/A,14.0,100.0,14.0,100.0,N/A,N/A,N/A,N/A
scale_free_000135.txt,1.0,1.0,100.0,1.0,100.0,1.0,100.0,1.0,100.0,N/A,N/A
dag_000136.txt,0.0,0.0,100.0,0.0,100.0,0.0,100.0,0.0,100.0,N/A,N/A
dgrid_000136.txt,3.0,3.0,100.0,3.0,100.0,3.0,100.0,3.0,100.0,N/A,N/A
ego_000136.txt,5.0,5.0,100.0,5.0,100.0,5.0,100.0,5.0,100.0,N/A,N/A
er_000136.txt,10.0,N/A,N/A,10.0,100.0,10.0,100.0,N/A,N/A,N/A,N/A
scale_free_000136.txt,1.0,1.0,100.0,1.0,100.0,1.0,100.0,1.0,100.0,N/A,N/A
dag_000137.txt,0.0,0.0,100.0,0.0,100.0,0.0,100.0,0.0,100.0,N/A,N/A
dgrid_000137.txt,1.0,1.0,100.0,1.0,100.0,1.0,100.0,1.0,100.0,N/A,N/A
ego_000137.txt,0.0,0.0,100.0,0.0,100.0,0.0,100.0,0.0,100.0,N/A,N/A
er_000137.txt,11.0,11.0,100.0,11.0,100.0,11.0,100.0,N/A,N/A,N/A,N/A
scale_free_000137.txt,2.0,2.0,100.0,2.0,100.0,2.0,100.0,2.0,100.0,N/A,N/A
dag_000138.txt,0.0,0.0,100.0,0.0,100.0,0.0,100.0,0.0,100.0,N/A,N/A
dgrid_000138.txt,1.0,1.0,100.0,1.0,100.0,1.0,100.0,1.0,100.0,N/A,N/A
ego_000138.txt,13.0,13.0,100.0,13.0,100.0,13.0,100.0,N/A,N/A,N/A,N/A
er_000138.txt,8.0,8.0,100.0,8.0,100.0,8.0,100.0,N/A,N/A,N/A,N/A
scale_free_000138.txt,2.0,2.0,100.0,2.0,100.0,2.0,100.0,2.0,100.0,N/A,N/A
dag_000139.txt,0.0,0.0,100.0,0.0,100.0,0.0,100.0,0.0,100.0,N/A,N/A
dgrid_000139.txt,2.0,2.0,100.0,2.0,100.0,2.0,100.0,2.0,100.0,N/A,N/A
ego_000139.txt,5.0,5.0,100.0,5.0,100.0,5.0,100.0,5.0,100.0,N/A,N/A
er_000139.txt,14.0,N/A,N/A,14.0,100.0,14.0,100.0,N/A,N/A,N/A,N/A
scale_free_000139.txt,2.0,2.0,100.0,2.0,100.0,2.0,100.0,2.0,100.0,N/A,N/A
dag_000140.txt,0.0,0.0,100.0,0.0,100.0,0.0,100.0,0.0,100.0,N/A,N/A
dgrid_000140.txt,2.0,2.0,100.0,2.0,100.0,2.0,100.0,2.0,100.0,N/A,N/A
ego_000140.txt,7.0,7.0,100.0,7.0,100.0,7.0,100.0,7.0,100.0,N/A,N/A
er_000140.txt,18.0,N/A,N/A,18.0,100.0,18.0,100.0,N/A,N/A,N/A,N/A
scale_free_000140.txt,1.0,1.0,100.0,1.0,100.0,1.0,100.0,1.0,100.0,N/A,N/A
dag_000141.txt,0.0,0.0,100.0,0.0,100.0,0.0,100.0,0.0,100.0,N/A,N/A
dgrid_000141.txt,1.0,1.0,100.0,1.0,100.0,1.0,100.0,1.0,100.0,N/A,N/A
ego_000141.txt,3.0,3.0,100.0,3.0,100.0,3.0,100.0,3.0,100.0,N/A,N/A
er_000141.txt,21.0,N/A,N/A,21.0,100.0,21.0,100.0,N/A,N/A,N/A,N/A
scale_free_000141.txt,1.0,1.0,100.0,1.0,100.0,1.0,100.0,1.0,100.0,N/A,N/A
dag_000142.txt,0.0,0.0,100.0,0.0,100.0,0.0,100.0,0.0,100.0,N/A,N/A
dgrid_000142.txt,5.0,5.0,100.0,5.0,100.0,5.0,100.0,5.0,100.0,N/A,N/A
ego_000142.txt,2.0,2.0,100.0,2.0,100.0,2.0,100.0,2.0,100.0,N/A,N/A
er_000142.txt,9.0,9.0,100.0,9.0,100.0,9.0,100.0,N/A,N/A,N/A,N/A
scale_free_000142.txt,1.0,1.0,100.0,1.0,100.0,1.0,100.0,1.0,100.0,N/A,N/A
dag_000143.txt,0.0,0.0,100.0,0.0,100.0,0.0,100.0,0.0,100.0,N/A,N/A
dgrid_000143.txt,3.0,3.0,100.0,3.0,100.0,3.0,100.0,3.0,100.0,N/A,N/A
ego_000143.txt,6.0,6.0,100.0,6.0,100.0,6.0,100.0,6.0,100.0,N/A,N/A
er_000143.txt,3.0,3.0,100.0,3.0,100.0,3.0,100.0,3.0,100.0,N/A,N/A
scale_free_000143.txt,1.0,1.0,100.0,1.0,100.0,1.0,100.0,1.0,100.0,N/A,N/A
dag_000144.txt,0.0,0.0,100.0,0.0,100.0,0.0,100.0,0.0,100.0,N/A,N/A
dgrid_000144.txt,4.0,4.0,100.0,4.0,100.0,4.0,100.0,4.0,100.0,N/A,N/A
ego_000144.txt,5.0,5.0,100.0,5.0,100.0,5.0,100.0,5.0,100.0,N/A,N/A
er_000144.txt,6.0,6.0,100.0,6.0,100.0,6.0,100.0,6.0,100.0,N/A,N/A
scale_free_000144.txt,1.0,1.0,100.0,1.0,100.0,1.0,100.0,1.0,100.0,N/A,N/A
dag_000145.txt,0.0,0.0,100.0,0.0,100.0,0.0,100.0,0.0,100.0,N/A,N/A
dgrid_000145.txt,2.0,2.0,100.0,2.0,100.0,2.0,100.0,2.0,100.0,N/A,N/A
ego_000145.txt,4.0,4.0,100.0,4.0,100.0,4.0,100.0,4.0,100.0,N/A,N/A
er_000145.txt,16.0,N/A,N/A,16.0,100.0,17.0,94.1176,N/A,N/A,N/A,N/A
scale_free_000145.txt,2.0,2.0,100.0,2.0,100.0,2.0,100.0,2.0,100.0,N/A,N/A
dag_000146.txt,0.0,0.0,100.0,0.0,100.0,0.0,100.0,0.0,100.0,N/A,N/A
dgrid_000146.txt,3.0,3.0,100.0,3.0,100.0,3.0,100.0,3.0,100.0,N/A,N/A
ego_000146.txt,7.0,7.0,100.0,7.0,100.0,7.0,100.0,7.0,100.0,N/A,N/A
er_000146.txt,15.0,N/A,N/A,15.0,100.0,15.0,100.0,N/A,N/A,N/A,N/A
scale_free_000146.txt,2.0,2.0,100.0,2.0,100.0,2.0,100.0,2.0,100.0,N/A,N/A
dag_000147.txt,0.0,0.0,100.0,0.0,100.0,0.0,100.0,0.0,100.0,N/A,N/A
dgrid_000147.txt,1.0,1.0,100.0,1.0,100.0,1.0,100.0,1.0,100.0,N/A,N/A
ego_000147.txt,1.0,1.0,100.0,1.0,100.0,1.0,100.0,1.0,100.0,N/A,N/A
er_000147.txt,7.0,7.0,100.0,7.0,100.0,7.0,100.0,7.0,100.0,N/A,N/A
scale_free_000147.txt,1.0,1.0,100.0,1.0,100.0,1.0,100.0,1.0,100.0,N/A,N/A
dag_000148.txt,0.0,0.0,100.0,0.0,100.0,0.0,100.0,0.0,100.0,N/A,N/A
dgrid_000148.txt,1.0,1.0,100.0,1.0,100.0,1.0,100.0,1.0,100.0,N/A,N/A
ego_000148.txt,0.0,0.0,100.0,0.0,100.0,0.0,100.0,0.0,100.0,N/A,N/A
er_000148.txt,10.0,10.0,100.0,10.0,100.0,10.0,100.0,N/A,N/A,N/A,N/A
scale_free_000148.txt,1.0,1.0,100.0,1.0,100.0,1.0,100.0,1.0,100.0,N/A,N/A
dag_000149.txt,0.0,0.0,100.0,0.0,100.0,0.0,100.0,0.0,100.0,N/A,N/A
dgrid_000149.txt,3.0,3.0,100.0,3.0,100.0,3.0,100.0,3.0,100.0,N/A,N/A
ego_000149.txt,5.0,5.0,100.0,5.0,100.0,5.0,100.0,5.0,100.0,N/A,N/A
er_000149.txt,15.0,N/A,N/A,15.0,100.0,15.0,100.0,N/A,N/A,N/A,N/A
scale_free_000149.txt,1.0,1.0,100.0,1.0,100.0,1.0,100.0,1.0,100.0,N/A,N/A
dag_000150.txt,0.0,0.0,100.0,0.0,100.0,0.0,100.0,0.0,100.0,N/A,N/A
dgrid_000150.txt,0.0,0.0,100.0,0.0,100.0,0.0,100.0,0.0,100.0,N/A,N/A
ego_000150.txt,5.0,5.0,100.0,5.0,100.0,5.0,100.0,5.0,100.0,N/A,N/A
er_000150.txt,5.0,5.0,100.0,5.0,100.0,5.0,100.0,5.0,100.0,N/A,N/A
scale_free_000150.txt,1.0,1.0,100.0,1.0,100.0,1.0,100.0,1.0,100.0,N/A,N/A
dag_000151.txt,0.0,0.0,100.0,0.0,100.0,0.0,100.0,0.0,100.0,N/A,N/A
dgrid_000151.txt,1.0,1.0,100.0,1.0,100.0,1.0,100.0,1.0,100.0,N/A,N/A
ego_000151.txt,1.0,1.0,100.0,1.0,100.0,1.0,100.0,1.0,100.0,N/A,N/A
er_000151.txt,14.0,N/A,N/A,14.0,100.0,14.0,100.0,N/A,N/A,N/A,N/A
scale_free_000151.txt,1.0,1.0,100.0,1.0,100.0,1.0,100.0,1.0,100.0,N/A,N/A
dag_000152.txt,0.0,0.0,100.0,0.0,100.0,0.0,100.0,0.0,100.0,N/A,N/A
dgrid_000152.txt,4.0,4.0,100.0,4.0,100.0,4.0,100.0,4.0,100.0,N/A,N/A
ego_000152.txt,4.0,4.0,100.0,4.0,100.0,4.0,100.0,4.0,100.0,N/A,N/A
er_000152.txt,9.0,9.0,100.0,9.0,100.0,9.0,100.0,N/A,N/A,N/A,N/A
scale_free_000152.txt,3.0,3.0,100.0,3.0,100.0,3.0,100.0,3.0,100.0,N/A,N/A
dag_000153.txt,0.0,0.0,100.0,0.0,100.0,0.0,100.0,0.0,100.0,N/A,N/A
dgrid_000153.txt,5.0,5.0,100.0,5.0,100.0,5.0,100.0,5.0,100.0,N/A,N/A
ego_000153.txt,7.0,7.0,100.0,7.0,100.0,7.0,100.0,N/A,N/A,N/A,N/A
er_000153.txt,2.0,2.0,100.0,2.0,100.0,2.0,100.0,2.0,100.0,N/A,N/A
scale_free_000153.txt,1.0,1.0,100.0,1.0,100.0,1.0,100.0,1.0,100.0,N/A,N/A
dag_000154.txt,0.0,0.0,100.0,0.0,100.0,0.0,100.0,0.0,100.0,N/A,N/A
dgrid_000154.txt,4.0,4.0,100.0,4.0,100.0,4.0,100.0,4.0,100.0,N/A,N/A
ego_000154.txt,7.0,7.0,100.0,7.0,100.0,7.0,100.0,N/A,N/A,N/A,N/A
er_000154.txt,20.0,N/A,N/A,20.0,100.0,20.0,100.0,N/A,N/A,N/A,N/A
scale_free_000154.txt,1.0,1.0,100.0,1.0,100.0,1.0,100.0,1.0,100.0,N/A,N/A
dag_000155.txt,0.0,0.0,100.0,0.0,100.0,0.0,100.0,0.0,100.0,N/A,N/A
dgrid_000155.txt,1.0,1.0,100.0,1.0,100.0,1.0,100.0,1.0,100.0,N/A,N/A
ego_000155.txt,6.0,6.0,100.0,6.0,100.0,6.0,100.0,6.0,100.0,N/A,N/A
er_000155.txt,7.0,7.0,100.0,7.0,100.0,7.0,100.0,7.0,100.0,N/A,N/A
scale_free_000155.txt,1.0,1.0,100.0,1.0,100.0,1.0,100.0,1.0,100.0,N/A,N/A
dag_000156.txt,0.0,0.0,100.0,0.0,100.0,0.0,100.0,0.0,100.0,N/A,N/A
dgrid_000156.txt,2.0,2.0,100.0,2.0,100.0,2.0,100.0,2.0,100.0,N/A,N/A
ego_000156.txt,6.0,6.0,100.0,6.0,100.0,6.0,100.0,6.0,100.0,N/A,N/A
er_000156.txt,10.0,10.0,100.0,10.0,100.0,10.0,100.0,N/A,N/A,N/A,N/A
scale_free_000156.txt,1.0,1.0,100.0,1.0,100.0,1.0,100.0,1.0,100.0,N/A,N/A
dag_000157.txt,0.0,0.0,100.0,0.0,100.0,0.0,100.0,0.0,100.0,N/A,N/A
dgrid_000157.txt,1.0,1.0,100.0,1.0,100.0,1.0,100.0,1.0,100.0,N/A,N/A
ego_000157.txt,3.0,3.0,100.0,3.0,100.0,3.0,100.0,3.0,100.0,N/A,N/A
er_000157.txt,15.0,N/A,N/A,15.0,100.0,16.0,93.75,N/A,N/A,N/A,N/A
scale_free_000157.txt,1.0,1.0,100.0,1.0,100.0,1.0,100.0,1.0,100.0,N/A,N/A
dag_000158.txt,0.0,0.0,100.0,0.0,100.0,0.0,100.0,0.0,100.0,N/A,N/A
dgrid_000158.txt,2.0,2.0,100.0,2.0,100.0,2.0,100.0,2.0,100.0,N/A,N/A
ego_000158.txt,8.0,8.0,100.0,8.0,100.0,8.0,100.0,N/A,N/A,N/A,N/A
er_000158.txt,4.0,4.0,100.0,4.0,100.0,4.0,100.0,4.0,100.0,N/A,N/A
scale_free_000158.txt,1.0,1.0,100.0,1.0,100.0,1.0,100.0,1.0,100.0,N/A,N/A
dag_000159.txt,0.0,0.0,100.0,0.0,100.0,0.0,100.0,0.0,100.0,N/A,N/A
dgrid_000159.txt,2.0,2.0,100.0,2.0,100.0,2.0,100.0,2.0,100.0,N/A,N/A
ego_000159.txt,9.0,9.0,100.0,9.0,100.0,9.0,100.0,N/A,N/A,N/A,N/A
er_000159.txt,3.0,3.0,100.0,3.0,100.0,3.0,100.0,3.0,100.0,N/A,N/A
scale_free_000159.txt,1.0,1.0,100.0,1.0,100.0,1.0,100.0,1.0,100.0,N/A,N/A
dag_000160.txt,0.0,0.0,100.0,0.0,100.0,0.0,100.0,0.0,100.0,N/A,N/A
dgrid_000160.txt,2.0,2.0,100.0,2.0,100.0,2.0,100.0,2.0,100.0,N/A,N/A
ego_000160.txt,10.0,10.0,100.0,10.0,100.0,10.0,100.0,N/A,N/A,N/A,N/A
er_000160.txt,4.0,4.0,100.0,4.0,100.0,4.0,100.0,4.0,100.0,N/A,N/A
scale_free_000160.txt,2.0,2.0,100.0,2.0,100.0,2.0,100.0,2.0,100.0,N/A,N/A
dag_000161.txt,0.0,0.0,100.0,0.0,100.0,0.0,100.0,0.0,100.0,N/A,N/A
dgrid_000161.txt,2.0,2.0,100.0,2.0,100.0,2.0,100.0,2.0,100.0,N/A,N/A
ego_000161.txt,0.0,0.0,100.0,0.0,100.0,0.0,100.0,0.0,100.0,N/A,N/A
er_000161.txt,5.0,5.0,100.0,5.0,100.0,5.0,100.0,5.0,100.0,N/A,N/A
scale_free_000161.txt,1.0,1.0,100.0,1.0,100.0,1.0,100.0,1.0,100.0,N/A,N/A
dag_000162.txt,0.0,0.0,100.0,0.0,100.0,0.0,100.0,0.0,100.0,N/A,N/A
dgrid_000162.txt,3.0,3.0,100.0,3.0,100.0,3.0,100.0,3.0,100.0,N/A,N/A
ego_000162.txt,3.0,3.0,100.0,3.0,100.0,3.0,100.0,3.0,100.0,N/A,N/A
er_000162.txt,4.0,4.0,100.0,4.0,100.0,4.0,100.0,4.0,100.0,N/A,N/A
scale_free_000162.txt,1.0,1.0,100.0,1.0,100.0,1.0,100.0,1.0,100.0,N/A,N/A
dag_000163.txt,0.0,0.0,100.0,0.0,100.0,0.0,100.0,0.0,100.0,N/A,N/A
dgrid_000163.txt,2.0,2.0,100.0,2.0,100.0,2.0,100.0,2.0,100.0,N/A,N/A
ego_000163.txt,13.0,13.0,100.0,13.0,100.0,13.0,100.0,N/A,N/A,N/A,N/A
er_000163.txt,4.0,4.0,100.0,4.0,100.0,4.0,100.0,4.0,100.0,N/A,N/A
scale_free_000163.txt,1.0,1.0,100.0,1.0,100.0,1.0,100.0,1.0,100.0,N/A,N/A
dag_000164.txt,0.0,0.0,100.0,0.0,100.0,0.0,100.0,0.0,100.0,N/A,N/A
dgrid_000164.txt,1.0,1.0,100.0,1.0,100.0,1.0,100.0,1.0,100.0,N/A,N/A
ego_000164.txt,0.0,0.0,100.0,0.0,100.0,0.0,100.0,0.0,100.0,N/A,N/A
er_000164.txt,11.0,11.0,100.0,11.0,100.0,11.0,100.0,N/A,N/A,N/A,N/A
scale_free_000164.txt,1.0,1.0,100.0,1.0,100.0,1.0,100.0,1.0,100.0,N/A,N/A
dag_000165.txt,0.0,0.0,100.0,0.0,100.0,0.0,100.0,0.0,100.0,N/A,N/A
dgrid_000165.txt,4.0,4.0,100.0,4.0,100.0,4.0,100.0,4.0,100.0,N/A,N/A
ego_000165.txt,5.0,5.0,100.0,5.0,100.0,5.0,100.0,5.0,100.0,N/A,N/A
er_000165.txt,8.0,8.0,100.0,8.0,100.0,8.0,100.0,N/A,N/A,N/A,N/A
scale_free_000165.txt,1.0,1.0,100.0,1.0,100.0,1.0,100.0,1.0,100.0,N/A,N/A
dag_000166.txt,0.0,0.0,100.0,0.0,100.0,0.0,100.0,0.0,100.0,N/A,N/A
dgrid_000166.txt,6.0,6.0,100.0,6.0,100.0,6.0,100.0,N/A,N/A,N/A,N/A
ego_000166.txt,2.0,2.0,100.0,2.0,100.0,2.0,100.0,2.0,100.0,N/A,N/A
er_000166.txt,5.0,5.0,100.0,5.0,100.0,5.0,100.0,5.0,100.0,N/A,N/A
scale_free_000166.txt,2.0,2.0,100.0,2.0,100.0,2.0,100.0,2.0,100.0,N/A,N/A
dag_000167.txt,0.0,0.0,100.0,0.0,100.0,0.0,100.0,0.0,100.0,N/A,N/A
dgrid_000167.txt,0.0,0.0,100.0,0.0,100.0,0.0,100.0,0.0,100.0,N/A,N/A
ego_000167.txt,5.0,5.0,100.0,5.0,100.0,5.0,100.0,N/A,N/A,N/A,N/A
er_000167.txt,10.0,10.0,100.0,10.0,100.0,10.0,100.0,N/A,N/A,N/A,N/A
scale_free_000167.txt,1.0,1.0,100.0,1.0,100.0,1.0,100.0,1.0,100.0,N/A,N/A
dag_000168.txt,0.0,0.0,100.0,0.0,100.0,0.0,100.0,0.0,100.0,N/A,N/A
dgrid_000168.txt,4.0,4.0,100.0,4.0,100.0,4.0,100.0,4.0,100.0,N/A,N/A
ego_000168.txt,9.0,9.0,100.0,9.0,100.0,9.0,100.0,N/A,N/A,N/A,N/A
er_000168.txt,12.0,12.0,100.0,12.0,100.0,12.0,100.0,N/A,N/A,N/A,N/A
scale_free_000168.txt,1.0,1.0,100.0,1.0,100.0,1.0,100.0,1.0,100.0,N/A,N/A
dag_000169.txt,0.0,0.0,100.0,0.0,100.0,0.0,100.0,0.0,100.0,N/A,N/A
dgrid_000169.txt,3.0,3.0,100.0,3.0,100.0,3.0,100.0,3.0,100.0,N/A,N/A
ego_000169.txt,7.0,7.0,100.0,7.0,100.0,7.0,100.0,7.0,100.0,N/A,N/A
er_000169.txt,7.0,7.0,100.0,7.0,100.0,7.0,100.0,7.0,100.0,N/A,N/A
scale_free_000169.txt,1.0,1.0,100.0,1.0,100.0,1.0,100.0,1.0,100.0,N/A,N/A
dag_000170.txt,0.0,0.0,100.0,0.0,100.0,0.0,100.0,0.0,100.0,N/A,N/A
dgrid_000170.txt,3.0,3.0,100.0,3.0,100.0,3.0,100.0,3.0,100.0,N/A,N/A
ego_000170.txt,7.0,7.0,100.0,7.0,100.0,7.0,100.0,7.0,100.0,N/A,N/A
er_000170.txt,14.0,N/A,N/A,14.0,100.0,14.0,100.0,N/A,N/A,N/A,N/A
scale_free_000170.txt,2.0,2.0,100.0,2.0,100.0,2.0,100.0,2.0,100.0,N/A,N/A
dag_000171.txt,0.0,0.0,100.0,0.0,100.0,0.0,100.0,0.0,100.0,N/A,N/A
dgrid_000171.txt,2.0,2.0,100.0,2.0,100.0,2.0,100.0,2.0,100.0,N/A,N/A
ego_000171.txt,6.0,6.0,100.0,6.0,100.0,6.0,100.0,6.0,100.0,N/A,N/A
er_000171.txt,4.0,4.0,100.0,4.0,100.0,4.0,100.0,4.0,100.0,N/A,N/A
scale_free_000171.txt,1.0,1.0,100.0,1.0,100.0,1.0,100.0,1.0,100.0,N/A,N/A
dag_000172.txt,0.0,0.0,100.0,0.0,100.0,0.0,100.0,0.0,100.0,N/A,N/A
dgrid_000172.txt,2.0,2.0,100.0,2.0,100.0,2.0,100.0,2.0,100.0,N/A,N/A
ego_000172.txt,1.0,1.0,100.0,1.0,100.0,1.0,100.0,1.0,100.0,N/A,N/A
er_000172.txt,5.0,5.0,100.0,5.0,100.0,5.0,100.0,5.0,100.0,N/A,N/A
scale_free_000172.txt,1.0,1.0,100.0,1.0,100.0,1.0,100.0,1.0,100.0,N/A,N/A
dag_000173.txt,0.0,0.0,100.0,0.0,100.0,0.0,100.0,0.0,100.0,N/A,N/A
dgrid_000173.txt,2.0,2.0,100.0,2.0,100.0,2.0,100.0,2.0,100.0,N/A,N/A
ego_000173.txt,1.0,1.0,100.0,1.0,100.0,1.0,100.0,1.0,100.0,N/A,N/A
er_000173.txt,4.0,4.0,100.0,4.0,100.0,4.0,100.0,4.0,100.0,N/A,N/A
scale_free_000173.txt,1.0,1.0,100.0,1.0,100.0,1.0,100.0,1.0,100.0,N/A,N/A
dag_000174.txt,0.0,0.0,100.0,0.0,100.0,0.0,100.0,0.0,100.0,N/A,N/A
dgrid_000174.txt,5.0,5.0,100.0,5.0,100.0,5.0,100.0,5.0,100.0,N/A,N/A
ego_000174.txt,9.0,9.0,100.0,9.0,100.0,9.0,100.0,N/A,N/A,N/A,N/A
er_000174.txt,4.0,4.0,100.0,4.0,100.0,4.0,100.0,4.0,100.0,N/A,N/A
scale_free_000174.txt,1.0,1.0,100.0,1.0,100.0,1.0,100.0,1.0,100.0,N/A,N/A
dag_000175.txt,0.0,0.0,100.0,0.0,100.0,0.0,100.0,0.0,100.0,N/A,N/A
dgrid_000175.txt,0.0,0.0,100.0,0.0,100.0,0.0,100.0,0.0,100.0,N/A,N/A
ego_000175.txt,7.0,7.0,100.0,7.0,100.0,7.0,100.0,N/A,N/A,N/A,N/A
er_000175.txt,15.0,N/A,N/A,15.0,100.0,16.0,93.75,N/A,N/A,N/A,N/A
scale_free_000175.txt,2.0,2.0,100.0,2.0,100.0,2.0,100.0,2.0,100.0,N/A,N/A
dag_000176.txt,0.0,0.0,100.0,0.0,100.0,0.0,100.0,0.0,100.0,N/A,N/A
dgrid_000176.txt,1.0,1.0,100.0,1.0,100.0,1.0,100.0,1.0,100.0,N/A,N/A
ego_000176.txt,0.0,0.0,100.0,0.0,100.0,0.0,100.0,0.0,100.0,N/A,N/A
er_000176.txt,14.0,N/A,N/A,14.0,100.0,14.0,100.0,N/A,N/A,N/A,N/A
scale_free_000176.txt,1.0,1.0,100.0,1.0,100.0,1.0,100.0,1.0,100.0,N/A,N/A
dag_000177.txt,0.0,0.0,100.0,0.0,100.0,0.0,100.0,0.0,100.0,N/A,N/A
dgrid_000177.txt,3.0,3.0,100.0,3.0,100.0,3.0,100.0,3.0,100.0,N/A,N/A
ego_000177.txt,11.0,11.0,100.0,11.0,100.0,11.0,100.0,N/A,N/A,N/A,N/A
er_000177.txt,15.0,N/A,N/A,15.0,100.0,15.0,100.0,N/A,N/A,N/A,N/A
scale_free_000177.txt,1.0,1.0,100.0,1.0,100.0,1.0,100.0,1.0,100.0,N/A,N/A
dag_000178.txt,0.0,0.0,100.0,0.0,100.0,0.0,100.0,0.0,100.0,N/A,N/A
dgrid_000178.txt,2.0,2.0,100.0,2.0,100.0,2.0,100.0,2.0,100.0,N/A,N/A
ego_000178.txt,2.0,2.0,100.0,2.0,100.0,2.0,100.0,2.0,100.0,N/A,N/A
er_000178.txt,9.0,9.0,100.0,9.0,100.0,9.0,100.0,9.0,100.0,N/A,N/A
scale_free_000178.txt,2.0,2.0,100.0,2.0,100.0,2.0,100.0,2.0,100.0,N/A,N/A
dag_000179.txt,0.0,0.0,100.0,0.0,100.0,0.0,100.0,0.0,100.0,N/A,N/A
dgrid_000179.txt,3.0,3.0,100.0,3.0,100.0,3.0,100.0,3.0,100.0,N/A,N/A
ego_000179.txt,2.0,2.0,100.0,2.0,100.0,2.0,100.0,2.0,100.0,N/A,N/A
er_000179.txt,14.0,N/A,N/A,14.0,100.0,14.0,100.0,N/A,N/A,N/A,N/A
scale_free_000179.txt,2.0,2.0,100.0,2.0,100.0,2.0,100.0,2.0,100.0,N/A,N/A
dag_000180.txt,0.0,0.0,100.0,0.0,100.0,0.0,100.0,0.0,100.0,N/A,N/A
dgrid_000180.txt,1.0,1.0,100.0,1.0,100.0,1.0,100.0,1.0,100.0,N/A,N/A
ego_000180.txt,4.0,4.0,100.0,4.0,100.0,4.0,100.0,4.0,100.0,N/A,N/A
er_000180.txt,13.0,N/A,N/A,13.0,100.0,13.0,100.0,N/A,N/A,N/A,N/A
scale_free_000180.txt,2.0,2.0,100.0,2.0,100.0,2.0,100.0,2.0,100.0,N/A,N/A
dag_000181.txt,0.0,0.0,100.0,0.0,100.0,0.0,100.0,0.0,100.0,N/A,N/A
dgrid_000181.txt,1.0,1.0,100.0,1.0,100.0,1.0,100.0,1.0,100.0,N/A,N/A
ego_000181.txt,6.0,6.0,100.0,6.0,100.0,6.0,100.0,6.0,100.0,N/A,N/A
er_000181.txt,6.0,6.0,100.0,6.0,100.0,6.0,100.0,6.0,100.0,N/A,N/A
scale_free_000181.txt,1.0,1.0,100.0,1.0,100.0,1.0,100.0,1.0,100.0,N/A,N/A
dag_000182.txt,0.0,0.0,100.0,0.0,100.0,0.0,100.0,0.0,100.0,N/A,N/A
dgrid_000182.txt,3.0,3.0,100.0,3.0,100.0,3.0,100.0,3.0,100.0,N/A,N/A
ego_000182.txt,0.0,0.0,100.0,0.0,100.0,0.0,100.0,0.0,100.0,N/A,N/A
er_000182.txt,7.0,7.0,100.0,7.0,100.0,7.0,100.0,7.0,100.0,N/A,N/A
scale_free_000182.txt,1.0,1.0,100.0,1.0,100.0,1.0,100.0,1.0,100.0,N/A,N/A
dag_000183.txt,0.0,0.0,100.0,0.0,100.0,0.0,100.0,0.0,100.0,N/A,N/A
dgrid_000183.txt,1.0,1.0,100.0,1.0,100.0,1.0,100.0,1.0,100.0,N/A,N/A
ego_000183.txt,14.0,14.0,100.0,14.0,100.0,14.0,100.0,N/A,N/A,N/A,N/A
er_000183.txt,16.0,N/A,N/A,16.0,100.0,16.0,100.0,N/A,N/A,N/A,N/A
scale_free_000183.txt,2.0,2.0,100.0,2.0,100.0,2.0,100.0,2.0,100.0,N/A,N/A
dag_000184.txt,0.0,0.0,100.0,0.0,100.0,0.0,100.0,0.0,100.0,N/A,N/A
dgrid_000184.txt,3.0,3.0,100.0,3.0,100.0,3.0,100.0,3.0,100.0,N/A,N/A
ego_000184.txt,8.0,8.0,100.0,8.0,100.0,8.0,100.0,8.0,100.0,N/A,N/A
er_000184.txt,13.0,N/A,N/A,13.0,100.0,13.0,100.0,N/A,N/A,N/A,N/A
scale_free_000184.txt,1.0,1.0,100.0,1.0,100.0,1.0,100.0,1.0,100.0,N/A,N/A
dag_000185.txt,0.0,0.0,100.0,0.0,100.0,0.0,100.0,0.0,100.0,N/A,N/A
dgrid_000185.txt,1.0,1.0,100.0,1.0,100.0,1.0,100.0,1.0,100.0,N/A,N/A
ego_000185.txt,4.0,4.0,100.0,4.0,100.0,4.0,100.0,4.0,100.0,N/A,N/A
er_000185.txt,10.0,10.0,100.0,10.0,100.0,10.0,100.0,10.0,100.0,N/A,N/A
scale_free_000185.txt,1.0,1.0,100.0,1.0,100.0,1.0,100.0,1.0,100.0,N/A,N/A
dag_000186.txt,0.0,0.0,100.0,0.0,100.0,0.0,100.0,0.0,100.0,N/A,N/A
dgrid_000186.txt,6.0,6.0,100.0,6.0,100.0,6.0,100.0,N/A,N/A,N/A,N/A
ego_000186.txt,2.0,2.0,100.0,2.0,100.0,2.0,100.0,2.0,100.0,N/A,N/A
er_000186.txt,4.0,4.0,100.0,4.0,100.0,4.0,100.0,4.0,100.0,N/A,N/A
scale_free_000186.txt,2.0,2.0,100.0,2.0,100.0,2.0,100.0,2.0,100.0,N/A,N/A
dag_000187.txt,0.0,0.0,100.0,0.0,100.0,0.0,100.0,0.0,100.0,N/A,N/A
dgrid_000187.txt,1.0,1.0,100.0,1.0,100.0,1.0,100.0,1.0,100.0,N/A,N/A
ego_000187.txt,0.0,0.0,100.0,0.0,100.0,0.0,100.0,0.0,100.0,N/A,N/A
er_000187.txt,7.0,7.0,100.0,7.0,100.0,7.0,100.0,N/A,N/A,N/A,N/A
scale_free_000187.txt,1.0,1.0,100.0,1.0,100.0,1.0,100.0,1.0,100.0,N/A,N/A
dag_000188.txt,0.0,0.0,100.0,0.0,100.0,0.0,100.0,0.0,100.0,N/A,N/A
dgrid_000188.txt,4.0,4.0,100.0,4.0,100.0,4.0,100.0,4.0,100.0,N/A,N/A
ego_000188.txt,14.0,14.0,100.0,14.0,100.0,14.0,100.0,N/A,N/A,N/A,N/A
er_000188.txt,13.0,N/A,N/A,13.0,100.0,13.0,100.0,N/A,N/A,N/A,N/A
scale_free_000188.txt,1.0,1.0,100.0,1.0,100.0,1.0,100.0,1.0,100.0,N/A,N/A
dag_000189.txt,0.0,0.0,100.0,0.0,100.0,0.0,100.0,0.0,100.0,N/A,N/A
dgrid_000189.txt,5.0,5.0,100.0,5.0,100.0,5.0,100.0,5.0,100.0,N/A,N/A
ego_000189.txt,5.0,5.0,100.0,5.0,100.0,5.0,100.0,5.0,100.0,N/A,N/A
er_000189.txt,5.0,5.0,100.0,5.0,100.0,5.0,100.0,5.0,100.0,N/A,N/A
scale_free_000189.txt,1.0,1.0,100.0,1.0,100.0,1.0,100.0,1.0,100.0,N/A,N/A
dag_000190.txt,0.0,0.0,100.0,0.0,100.0,0.0,100.0,0.0,100.0,N/A,N/A
dgrid_000190.txt,1.0,1.0,100.0,1.0,100.0,1.0,100.0,1.0,100.0,N/A,N/A
ego_000190.txt,4.0,4.0,100.0,4.0,100.0,4.0,100.0,4.0,100.0,N/A,N/A
er_000190.txt,4.0,4.0,100.0,4.0,100.0,4.0,100.0,4.0,100.0,N/A,N/A
scale_free_000190.txt,1.0,1.0,100.0,1.0,100.0,1.0,100.0,1.0,100.0,N/A,N/A
dag_000191.txt,0.0,0.0,100.0,0.0,100.0,0.0,100.0,0.0,100.0,N/A,N/A
dgrid_000191.txt,0.0,0.0,100.0,0.0,100.0,0.0,100.0,0.0,100.0,N/A,N/A
ego_000191.txt,8.0,8.0,100.0,8.0,100.0,8.0,100.0,8.0,100.0,N/A,N/A
er_000191.txt,9.0,9.0,100.0,9.0,100.0,9.0,100.0,N/A,N/A,N/A,N/A
scale_free_000191.txt,1.0,1.0,100.0,1.0,100.0,1.0,100.0,1.0,100.0,N/A,N/A
dag_000192.txt,0.0,0.0,100.0,0.0,100.0,0.0,100.0,0.0,100.0,N/A,N/A
dgrid_000192.txt,2.0,2.0,100.0,2.0,100.0,2.0,100.0,2.0,100.0,N/A,N/A
ego_000192.txt,2.0,2.0,100.0,2.0,100.0,2.0,100.0,2.0,100.0,N/A,N/A
er_000192.txt,9.0,9.0,100.0,9.0,100.0,9.0,100.0,N/A,N/A,N/A,N/A
scale_free_000192.txt,2.0,2.0,100.0,2.0,100.0,2.0,100.0,2.0,100.0,N/A,N/A
dag_000193.txt,0.0,0.0,100.0,0.0,100.0,0.0,100.0,0.0,100.0,N/A,N/A
dgrid_000193.txt,1.0,1.0,100.0,1.0,100.0,1.0,100.0,1.0,100.0,N/A,N/A
ego_000193.txt,6.0,6.0,100.0,6.0,100.0,6.0,100.0,6.0,100.0,N/A,N/A
er_000193.txt,1.0,1.0,100.0,1.0,100.0,1.0,100.0,1.0,100.0,N/A,N/A
scale_free_000193.txt,1.0,1.0,100.0,1.0,100.0,1.0,100.0,1.0,100.0,N/A,N/A
dag_000194.txt,0.0,0.0,100.0,0.0,100.0,0.0,100.0,0.0,100.0,N/A,N/A
dgrid_000194.txt,3.0,3.0,100.0,3.0,100.0,3.0,100.0,3.0,100.0,N/A,N/A
ego_000194.txt,0.0,0.0,100.0,0.0,100.0,0.0,100.0,0.0,100.0,N/A,N/A
er_000194.txt,9.0,9.0,100.0,9.0,100.0,9.0,100.0,9.0,100.0,N/A,N/A
scale_free_000194.txt,1.0,1.0,100.0,1.0,100.0,1.0,100.0,1.0,100.0,N/A,N/A
dag_000195.txt,0.0,0.0,100.0,0.0,100.0,0.0,100.0,0.0,100.0,N/A,N/A
dgrid_000195.txt,3.0,3.0,100.0,3.0,100.0,3.0,100.0,3.0,100.0,N/A,N/A
ego_000195.txt,8.0,8.0,100.0,8.0,100.0,8.0,100.0,N/A,N/A,N/A,N/A
er_000195.txt,6.0,6.0,100.0,6.0,100.0,6.0,100.0,N/A,N/A,N/A,N/A
scale_free_000195.txt,1.0,1.0,100.0,1.0,100.0,1.0,100.0,1.0,100.0,N/A,N/A
dag_000196.txt,0.0,0.0,100.0,0.0,100.0,0.0,100.0,0.0,100.0,N/A,N/A
dgrid_000196.txt,0.0,0.0,100.0,0.0,100.0,0.0,100.0,0.0,100.0,N/A,N/A
ego_000196.txt,2.0,2.0,100.0,2.0,100.0,2.0,100.0,2.0,100.0,N/A,N/A
er_000196.txt,10.0,10.0,100.0,10.0,100.0,10.0,100.0,10.0,100.0,N/A,N/A
scale_free_000196.txt,1.0,1.0,100.0,1.0,100.0,1.0,100.0,1.0,100.0,N/A,N/A
dag_000197.txt,0.0,0.0,100.0,0.0,100.0,0.0,100.0,0.0,100.0,N/A,N/A
dgrid_000197.txt,2.0,2.0,100.0,2.0,100.0,2.0,100.0,2.0,100.0,N/A,N/A
ego_000197.txt,7.0,7.0,100.0,7.0,100.0,7.0,100.0,N/A,N/A,N/A,N/A
er_000197.txt,5.0,5.0,100.0,5.0,100.0,5.0,100.0,5.0,100.0,N/A,N/A
scale_free_000197.txt,1.0,1.0,100.0,1.0,100.0,1.0,100.0,1.0,100.0,N/A,N/A
dag_000198.txt,0.0,0.0,100.0,0.0,100.0,0.0,100.0,0.0,100.0,N/A,N/A
dgrid_000198.txt,5.0,5.0,100.0,5.0,100.0,5.0,100.0,5.0,100.0,N/A,N/A
ego_000198.txt,6.0,6.0,100.0,6.0,100.0,6.0,100.0,6.0,100.0,N/A,N/A
er_000198.txt,9.0,9.0,100.0,9.0,100.0,9.0,100.0,9.0,100.0,N/A,N/A
scale_free_000198.txt,1.0,1.0,100.0,1.0,100.0,1.0,100.0,1.0,100.0,N/A,N/A
dag_000199.txt,0.0,0.0,100.0,0.0,100.0,0.0,100.0,0.0,100.0,N/A,N/A
dgrid_000199.txt,0.0,0.0,100.0,0.0,100.0,0.0,100.0,0.0,100.0,N/A,N/A
ego_000199.txt,7.0,7.0,100.0,7.0,100.0,7.0,100.0,7.0,100.0,N/A,N/A
er_000199.txt,7.0,7.0,100.0,7.0,100.0,7.0,100.0,7.0,100.0,N/A,N/A
scale_free_000199.txt,1.0,1.0,100.0,1.0,100.0,1.0,100.0,1.0,100.0,N/A,N/A
dag_000200.txt,0.0,0.0,100.0,0.0,100.0,0.0,100.0,0.0,100.0,N/A,N/A
dgrid_000200.txt,0.0,0.0,100.0,0.0,100.0,0.0,100.0,0.0,100.0,N/A,N/A
ego_000200.txt,0.0,0.0,100.0,0.0,100.0,0.0,100.0,0.0,100.0,N/A,N/A
er_000200.txt,9.0,9.0,100.0,9.0,100.0,9.0,100.0,9.0,100.0,N/A,N/A
scale_free_000200.txt,1.0,1.0,100.0,1.0,100.0,1.0,100.0,1.0,100.0,N/A,N/A
dag_000201.txt,0.0,0.0,100.0,0.0,100.0,0.0,100.0,0.0,100.0,N/A,N/A
dgrid_000201.txt,4.0,4.0,100.0,4.0,100.0,4.0,100.0,4.0,100.0,N/A,N/A
ego_000201.txt,4.0,4.0,100.0,4.0,100.0,4.0,100.0,4.0,100.0,N/A,N/A
er_000201.txt,14.0,N/A,N/A,14.0,100.0,15.0,93.3333,N/A,N/A,N/A,N/A
scale_free_000201.txt,2.0,2.0,100.0,2.0,100.0,2.0,100.0,2.0,100.0,N/A,N/A
dag_000202.txt,0.0,0.0,100.0,0.0,100.0,0.0,100.0,0.0,100.0,N/A,N/A
dgrid_000202.txt,1.0,1.0,100.0,1.0,100.0,1.0,100.0,1.0,100.0,N/A,N/A
ego_000202.txt,2.0,2.0,100.0,2.0,100.0,2.0,100.0,2.0,100.0,N/A,N/A
er_000202.txt,3.0,3.0,100.0,3.0,100.0,3.0,100.0,3.0,100.0,N/A,N/A
scale_free_000202.txt,2.0,2.0,100.0,2.0,100.0,2.0,100.0,2.0,100.0,N/A,N/A
dag_000203.txt,0.0,0.0,100.0,0.0,100.0,0.0,100.0,0.0,100.0,N/A,N/A
dgrid_000203.txt,1.0,1.0,100.0,1.0,100.0,1.0,100.0,1.0,100.0,N/A,N/A
ego_000203.txt,4.0,4.0,100.0,4.0,100.0,4.0,100.0,4.0,100.0,N/A,N/A
er_000203.txt,10.0,10.0,100.0,10.0,100.0,10.0,100.0,N/A,N/A,N/A,N/A
scale_free_000203.txt,1.0,1.0,100.0,1.0,100.0,1.0,100.0,1.0,100.0,N/A,N/A
dag_000204.txt,0.0,0.0,100.0,0.0,100.0,0.0,100.0,0.0,100.0,N/A,N/A
dgrid_000204.txt,2.0,2.0,100.0,2.0,100.0,2.0,100.0,2.0,100.0,N/A,N/A
ego_000204.txt,0.0,0.0,100.0,0.0,100.0,0.0,100.0,0.0,100.0,N/A,N/A
er_000204.txt,10.0,N/A,N/A,10.0,100.0,10.0,100.0,N/A,N/A,N/A,N/A
scale_free_000204.txt,2.0,2.0,100.0,2.0,100.0,2.0,100.0,2.0,100.0,N/A,N/A
dag_000205.txt,0.0,0.0,100.0,0.0,100.0,0.0,100.0,0.0,100.0,N/A,N/A
dgrid_000205.txt,2.0,2.0,100.0,2.0,100.0,2.0,100.0,2.0,100.0,N/A,N/A
ego_000205.txt,5.0,5.0,100.0,5.0,100.0,5.0,100.0,5.0,100.0,N/A,N/A
er_000205.txt,11.0,N/A,N/A,11.0,100.0,11.0,100.0,N/A,N/A,N/A,N/A
scale_free_000205.txt,1.0,1.0,100.0,1.0,100.0,1.0,100.0,1.0,100.0,N/A,N/A
dag_000206.txt,0.0,0.0,100.0,0.0,100.0,0.0,100.0,0.0,100.0,N/A,N/A
dgrid_000206.txt,1.0,1.0,100.0,1.0,100.0,1.0,100.0,1.0,100.0,N/A,N/A
ego_000206.txt,2.0,2.0,100.0,2.0,100.0,2.0,100.0,2.0,100.0,N/A,N/A
er_000206.txt,12.0,N/A,N/A,12.0,100.0,13.0,92.3077,N/A,N/A,N/A,N/A
scale_free_000206.txt,1.0,1.0,100.0,1.0,100.0,1.0,100.0,1.0,100.0,N/A,N/A
dag_000207.txt,0.0,0.0,100.0,0.0,100.0,0.0,100.0,0.0,100.0,N/A,N/A
dgrid_000207.txt,4.0,4.0,100.0,4.0,100.0,4.0,100.0,4.0,100.0,N/A,N/A
ego_000207.txt,4.0,4.0,100.0,4.0,100.0,4.0,100.0,4.0,100.0,N/A,N/A
er_000207.txt,4.0,4.0,100.0,4.0,100.0,4.0,100.0,4.0,100.0,N/A,N/A
scale_free_000207.txt,1.0,1.0,100.0,1.0,100.0,1.0,100.0,1.0,100.0,N/A,N/A
dag_000208.txt,0.0,0.0,100.0,0.0,100.0,0.0,100.0,0.0,100.0,N/A,N/A
dgrid_000208.txt,2.0,2.0,100.0,2.0,100.0,2.0,100.0,2.0,100.0,N/A,N/A
ego_000208.txt,8.0,8.0,100.0,8.0,100.0,8.0,100.0,8.0,100.0,N/A,N/A
er_000208.txt,1.0,1.0,100.0,1.0,100.0,1.0,100.0,1.0,100.0,N/A,N/A
scale_free_000208.txt,1.0,1.0,100.0,1.0,100.0,1.0,100.0,1.0,100.0,N/A,N/A
dag_000209.txt,0.0,0.0,100.0,0.0,100.0,0.0,100.0,0.0,100.0,N/A,N/A
dgrid_000209.txt,1.0,1.0,100.0,1.0,100.0,1.0,100.0,1.0,100.0,N/A,N/A
ego_000209.txt,0.0,0.0,100.0,0.0,100.0,0.0,100.0,0.0,100.0,N/A,N/A
er_000209.txt,6.0,6.0,100.0,6.0,100.0,6.0,100.0,6.0,100.0,N/A,N/A
scale_free_000209.txt,1.0,1.0,100.0,1.0,100.0,1.0,100.0,1.0,100.0,N/A,N/A
dag_000210.txt,0.0,0.0,100.0,0.0,100.0,0.0,100.0,0.0,100.0,N/A,N/A
dgrid_000210.txt,3.0,3.0,100.0,3.0,100.0,3.0,100.0,3.0,100.0,N/A,N/A
ego_000210.txt,2.0,2.0,100.0,2.0,100.0,2.0,100.0,2.0,100.0,N/A,N/A
er_000210.txt,9.0,9.0,100.0,9.0,100.0,9.0,100.0,9.0,100.0,N/A,N/A
scale_free_000210.txt,1.0,1.0,100.0,1.0,100.0,1.0,100.0,1.0,100.0,N/A,N/A
dag_000211.txt,0.0,0.0,100.0,0.0,100.0,0.0,100.0,0.0,100.0,N/A,N/A
dgrid_000211.txt,1.0,1.0,100.0,1.0,100.0,1.0,100.0,1.0,100.0,N/A,N/A
ego_000211.txt,3.0,3.0,100.0,3.0,100.0,3.0,100.0,3.0,100.0,N/A,N/A
er_000211.txt,11.0,11.0,100.0,11.0,100.0,11.0,100.0,N/A,N/A,N/A,N/A
scale_free_000211.txt,1.0,1.0,100.0,1.0,100.0,1.0,100.0,1.0,100.0,N/A,N/A
dag_000212.txt,0.0,0.0,100.0,0.0,100.0,0.0,100.0,0.0,100.0,N/A,N/A
dgrid_000212.txt,4.0,4.0,100.0,4.0,100.0,4.0,100.0,4.0,100.0,N/A,N/A
ego_000212.txt,0.0,0.0,100.0,0.0,100.0,0.0,100.0,0.0,100.0,N/A,N/A
er_000212.txt,12.0,N/A,N/A,12.0,100.0,12.0,100.0,N/A,N/A,N/A,N/A
scale_free_000212.txt,2.0,2.0,100.0,2.0,100.0,2.0,100.0,2.0,100.0,N/A,N/A
dag_000213.txt,0.0,0.0,100.0,0.0,100.0,0.0,100.0,0.0,100.0,N/A,N/A
dgrid_000213.txt,4.0,4.0,100.0,4.0,100.0,4.0,100.0,4.0,100.0,N/A,N/A
ego_000213.txt,14.0,14.0,100.0,14.0,100.0,14.0,100.0,N/A,N/A,N/A,N/A
er_000213.txt,10.0,10.0,100.0,10.0,100.0,10.0,100.0,10.0,100.0,N/A,N/A
scale_free_000213.txt,1.0,1.0,100.0,1.0,100.0,1.0,100.0,1.0,100.0,N/A,N/A
dag_000214.txt,0.0,0.0,100.0,0.0,100.0,0.0,100.0,0.0,100.0,N/A,N/A
dgrid_000214.txt,1.0,1.0,100.0,1.0,100.0,1.0,100.0,1.0,100.0,N/A,N/A
ego_000214.txt,1.0,1.0,100.0,1.0,100.0,1.0,100.0,1.0,100.0,N/A,N/A
er_000214.txt,7.0,7.0,100.0,7.0,100.0,7.0,100.0,7.0,100.0,N/A,N/A
scale_free_000214.txt,1.0,1.0,100.0,1.0,100.0,1.0,100.0,1.0,100.0,N/A,N/A
dag_000215.txt,0.0,0.0,100.0,0.0,100.0,0.0,100.0,0.0,100.0,N/A,N/A
dgrid_000215.txt,2.0,2.0,100.0,2.0,100.0,2.0,100.0,2.0,100.0,N/A,N/A
ego_000215.txt,0.0,0.0,100.0,0.0,100.0,0.0,100.0,0.0,100.0,N/A,N/A
er_000215.txt,3.0,3.0,100.0,3.0,100.0,3.0,100.0,3.0,100.0,N/A,N/A
scale_free_000215.txt,1.0,1.0,100.0,1.0,100.0,1.0,100.0,1.0,100.0,N/A,N/A
dag_000216.txt,0.0,0.0,100.0,0.0,100.0,0.0,100.0,0.0,100.0,N/A,N/A
dgrid_000216.txt,2.0,2.0,100.0,2.0,100.0,2.0,100.0,2.0,100.0,N/A,N/A
ego_000216.txt,0.0,0.0,100.0,0.0,100.0,0.0,100.0,0.0,100.0,N/A,N/A
er_000216.txt,2.0,2.0,100.0,2.0,100.0,2.0,100.0,2.0,100.0,N/A,N/A
scale_free_000216.txt,2.0,2.0,100.0,2.0,100.0,2.0,100.0,2.0,100.0,N/A,N/A
dag_000217.txt,0.0,0.0,100.0,0.0,100.0,0.0,100.0,0.0,100.0,N/A,N/A
dgrid_000217.txt,1.0,1.0,100.0,1.0,100.0,1.0,100.0,1.0,100.0,N/A,N/A
ego_000217.txt,2.0,2.0,100.0,2.0,100.0,2.0,100.0,2.0,100.0,N/A,N/A
er_000217.txt,2.0,2.0,100.0,2.0,100.0,2.0,100.0,2.0,100.0,N/A,N/A
scale_free_000217.txt,2.0,2.0,100.0,2.0,100.0,2.0,100.0,2.0,100.0,N/A,N/A
dag_000218.txt,0.0,0.0,100.0,0.0,100.0,0.0,100.0,0.0,100.0,N/A,N/A
dgrid_000218.txt,1.0,1.0,100.0,1.0,100.0,1.0,100.0,1.0,100.0,N/A,N/A
ego_000218.txt,2.0,2.0,100.0,2.0,100.0,2.0,100.0,2.0,100.0,N/A,N/A
er_000218.txt,17.0,N/A,N/A,17.0,100.0,17.0,100.0,N/A,N/A,N/A,N/A
scale_free_000218.txt,1.0,1.0,100.0,1.0,100.0,1.0,100.0,1.0,100.0,N/A,N/A
dag_000219.txt,0.0,0.0,100.0,0.0,100.0,0.0,100.0,0.0,100.0,N/A,N/A
dgrid_000219.txt,1.0,1.0,100.0,1.0,100.0,1.0,100.0,1.0,100.0,N/A,N/A
ego_000219.txt,2.0,2.0,100.0,2.0,100.0,2.0,100.0,2.0,100.0,N/A,N/A
er_000219.txt,14.0,N/A,N/A,14.0,100.0,14.0,100.0,N/A,N/A,N/A,N/A
scale_free_000219.txt,1.0,1.0,100.0,1.0,100.0,1.0,100.0,1.0,100.0,N/A,N/A
dag_000220.txt,0.0,0.0,100.0,0.0,100.0,0.0,100.0,0.0,100.0,N/A,N/A
dgrid_000220.txt,3.0,3.0,100.0,3.0,100.0,3.0,100.0,3.0,100.0,N/A,N/A
ego_000220.txt,6.0,6.0,100.0,6.0,100.0,6.0,100.0,6.0,100.0,N/A,N/A
er_000220.txt,0.0,0.0,100.0,0.0,100.0,0.0,100.0,0.0,100.0,N/A,N/A
scale_free_000220.txt,2.0,2.0,100.0,2.0,100.0,2.0,100.0,2.0,100.0,N/A,N/A
dag_000221.txt,0.0,0.0,100.0,0.0,100.0,0.0,100.0,0.0,100.0,N/A,N/A
dgrid_000221.txt,3.0,3.0,100.0,3.0,100.0,3.0,100.0,3.0,100.0,N/A,N/A
ego_000221.txt,19.0,19.0,100.0,19.0,100.0,19.0,100.0,N/A,N/A,N/A,N/A
er_000221.txt,14.0,N/A,N/A,14.0,100.0,14.0,100.0,N/A,N/A,N/A,N/A
scale_free_000221.txt,1.0,1.0,100.0,1.0,100.0,1.0,100.0,1.0,100.0,N/A,N/A
dag_000222.txt,0.0,0.0,100.0,0.0,100.0,0.0,100.0,0.0,100.0,N/A,N/A
dgrid_000222.txt,4.0,4.0,100.0,4.0,100.0,4.0,100.0,4.0,100.0,N/A,N/A
ego_000222.txt,3.0,3.0,100.0,3.0,100.0,3.0,100.0,3.0,100.0,N/A,N/A
er_000222.txt,10.0,N/A,N/A,10.0,100.0,10.0,100.0,N/A,N/A,N/A,N/A
scale_free_000222.txt,1.0,1.0,100.0,1.0,100.0,1.0,100.0,1.0,100.0,N/A,N/A
dag_000223.txt,0.0,0.0,100.0,0.0,100.0,0.0,100.0,0.0,100.0,N/A,N/A
dgrid_000223.txt,3.0,3.0,100.0,3.0,100.0,3.0,100.0,3.0,100.0,N/A,N/A
ego_000223.txt,4.0,4.0,100.0,4.0,100.0,4.0,100.0,4.0,100.0,N/A,N/A
er_000223.txt,4.0,4.0,100.0,4.0,100.0,4.0,100.0,4.0,100.0,N/A,N/A
scale_free_000223.txt,1.0,1.0,100.0,1.0,100.0,1.0,100.0,1.0,100.0,N/A,N/A
dag_000224.txt,0.0,0.0,100.0,0.0,100.0,0.0,100.0,0.0,100.0,N/A,N/A
dgrid_000224.txt,4.0,4.0,100.0,4.0,100.0,4.0,100.0,4.0,100.0,N/A,N/A
ego_000224.txt,10.0,10.0,100.0,10.0,100.0,10.0,100.0,N/A,N/A,N/A,N/A
er_000224.txt,4.0,4.0,100.0,4.0,100.0,4.0,100.0,4.0,100.0,N/A,N/A
scale_free_000224.txt,1.0,1.0,100.0,1.0,100.0,1.0,100.0,1.0,100.0,N/A,N/A
dag_000225.txt,0.0,0.0,100.0,0.0,100.0,0.0,100.0,0.0,100.0,N/A,N/A
dgrid_000225.txt,4.0,4.0,100.0,4.0,100.0,4.0,100.0,4.0,100.0,N/A,N/A
ego_000225.txt,3.0,3.0,100.0,3.0,100.0,3.0,100.0,3.0,100.0,N/A,N/A
er_000225.txt,17.0,N/A,N/A,17.0,100.0,17.0,100.0,N/A,N/A,N/A,N/A
scale_free_000225.txt,1.0,1.0,100.0,1.0,100.0,1.0,100.0,1.0,100.0,N/A,N/A
dag_000226.txt,0.0,0.0,100.0,0.0,100.0,0.0,100.0,0.0,100.0,N/A,N/A
dgrid_000226.txt,2.0,2.0,100.0,2.0,100.0,2.0,100.0,2.0,100.0,N/A,N/A
ego_000226.txt,8.0,8.0,100.0,8.0,100.0,8.0,100.0,N/A,N/A,N/A,N/A
er_000226.txt,8.0,8.0,100.0,8.0,100.0,8.0,100.0,8.0,100.0,N/A,N/A
scale_free_000226.txt,2.0,2.0,100.0,2.0,100.0,2.0,100.0,2.0,100.0,N/A,N/A
dag_000227.txt,0.0,0.0,100.0,0.0,100.0,0.0,100.0,0.0,100.0,N/A,N/A
dgrid_000227.txt,1.0,1.0,100.0,1.0,100.0,1.0,100.0,1.0,100.0,N/A,N/A
ego_000227.txt,1.0,1.0,100.0,1.0,100.0,1.0,100.0,1.0,100.0,N/A,N/A
er_000227.txt,6.0,6.0,100.0,6.0,100.0,6.0,100.0,6.0,100.0,N/A,N/A
scale_free_000227.txt,2.0,2.0,100.0,2.0,100.0,2.0,100.0,2.0,100.0,N/A,N/A
dag_000228.txt,0.0,0.0,100.0,0.0,100.0,0.0,100.0,0.0,100.0,N/A,N/A
dgrid_000228.txt,0.0,0.0,100.0,0.0,100.0,0.0,100.0,0.0,100.0,N/A,N/A
ego_000228.txt,4.0,4.0,100.0,4.0,100.0,4.0,100.0,4.0,100.0,N/A,N/A
er_000228.txt,7.0,7.0,100.0,7.0,100.0,7.0,100.0,7.0,100.0,N/A,N/A
scale_free_000228.txt,1.0,1.0,100.0,1.0,100.0,1.0,100.0,1.0,100.0,N/A,N/A
dag_000229.txt,0.0,0.0,100.0,0.0,100.0,0.0,100.0,0.0,100.0,N/A,N/A
dgrid_000229.txt,3.0,3.0,100.0,3.0,100.0,3.0,100.0,3.0,100.0,N/A,N/A
ego_000229.txt,12.0,12.0,100.0,12.0,100.0,12.0,100.0,N/A,N/A,N/A,N/A
er_000229.txt,12.0,N/A,N/A,12.0,100.0,12.0,100.0,N/A,N/A,N/A,N/A
scale_free_000229.txt,1.0,1.0,100.0,1.0,100.0,1.0,100.0,1.0,100.0,N/A,N/A
dag_000230.txt,0.0,0.0,100.0,0.0,100.0,0.0,100.0,0.0,100.0,N/A,N/A
dgrid_000230.txt,1.0,1.0,100.0,1.0,100.0,1.0,100.0,1.0,100.0,N/A,N/A
ego_000230.txt,5.0,5.0,100.0,5.0,100.0,5.0,100.0,5.0,100.0,N/A,N/A
er_000230.txt,0.0,0.0,100.0,0.0,100.0,0.0,100.0,0.0,100.0,N/A,N/A
scale_free_000230.txt,2.0,2.0,100.0,2.0,100.0,2.0,100.0,2.0,100.0,N/A,N/A
dag_000231.txt,0.0,0.0,100.0,0.0,100.0,0.0,100.0,0.0,100.0,N/A,N/A
dgrid_000231.txt,4.0,4.0,100.0,4.0,100.0,4.0,100.0,4.0,100.0,N/A,N/A
ego_000231.txt,3.0,3.0,100.0,3.0,100.0,3.0,100.0,3.0,100.0,N/A,N/A
er_000231.txt,10.0,10.0,100.0,10.0,100.0,10.0,100.0,N/A,N/A,N/A,N/A
scale_free_000231.txt,1.0,1.0,100.0,1.0,100.0,1.0,100.0,1.0,100.0,N/A,N/A
dag_000232.txt,0.0,0.0,100.0,0.0,100.0,0.0,100.0,0.0,100.0,N/A,N/A
dgrid_000232.txt,3.0,3.0,100.0,3.0,100.0,3.0,100.0,3.0,100.0,N/A,N/A
ego_000232.txt,6.0,6.0,100.0,6.0,100.0,6.0,100.0,6.0,100.0,N/A,N/A
er_000232.txt,11.0,N/A,N/A,11.0,100.0,11.0,100.0,N/A,N/A,N/A,N/A
scale_free_000232.txt,1.0,1.0,100.0,1.0,100.0,1.0,100.0,1.0,100.0,N/A,N/A
dag_000233.txt,0.0,0.0,100.0,0.0,100.0,0.0,100.0,0.0,100.0,N/A,N/A
dgrid_000233.txt,2.0,2.0,100.0,2.0,100.0,2.0,100.0,2.0,100.0,N/A,N/A
ego_000233.txt,2.0,2.0,100.0,2.0,100.0,2.0,100.0,2.0,100.0,N/A,N/A
er_000233.txt,13.0,N/A,N/A,13.0,100.0,13.0,100.0,N/A,N/A,N/A,N/A
scale_free_000233.txt,1.0,1.0,100.0,1.0,100.0,1.0,100.0,1.0,100.0,N/A,N/A
dag_000234.txt,0.0,0.0,100.0,0.0,100.0,0.0,100.0,0.0,100.0,N/A,N/A
dgrid_000234.txt,1.0,1.0,100.0,1.0,100.0,1.0,100.0,1.0,100.0,N/A,N/A
ego_000234.txt,5.0,5.0,100.0,5.0,100.0,5.0,100.0,5.0,100.0,N/A,N/A
er_000234.txt,13.0,13.0,100.0,13.0,100.0,13.0,100.0,N/A,N/A,N/A,N/A
scale_free_000234.txt,1.0,1.0,100.0,1.0,100.0,1.0,100.0,1.0,100.0,N/A,N/A
dag_000235.txt,0.0,0.0,100.0,0.0,100.0,0.0,100.0,0.0,100.0,N/A,N/A
dgrid_000235.txt,1.0,1.0,100.0,1.0,100.0,1.0,100.0,1.0,100.0,N/A,N/A
ego_000235.txt,16.0,16.0,100.0,16.0,100.0,16.0,100.0,N/A,N/A,N/A,N/A
er_000235.txt,13.0,N/A,N/A,13.0,100.0,14.0,92.8571,N/A,N/A,N/A,N/A
scale_free_000235.txt,1.0,1.0,100.0,1.0,100.0,1.0,100.0,1.0,100.0,N/A,N/A
dag_000236.txt,0.0,0.0,100.0,0.0,100.0,0.0,100.0,0.0,100.0,N/A,N/A
dgrid_000236.txt,1.0,1.0,100.0,1.0,100.0,1.0,100.0,1.0,100.0,N/A,N/A
ego_000236.txt,8.0,8.0,100.0,8.0,100.0,8.0,100.0,N/A,N/A,N/A,N/A
er_000236.txt,4.0,4.0,100.0,4.0,100.0,4.0,100.0,4.0,100.0,N/A,N/A
scale_free_000236.txt,1.0,1.0,100.0,1.0,100.0,1.0,100.0,1.0,100.0,N/A,N/A
dag_000237.txt,0.0,0.0,100.0,0.0,100.0,0.0,100.0,0.0,100.0,N/A,N/A
dgrid_000237.txt,1.0,1.0,100.0,1.0,100.0,1.0,100.0,1.0,100.0,N/A,N/A
ego_000237.txt,14.0,14.0,100.0,14.0,100.0,14.0,100.0,N/A,N/A,N/A,N/A
er_000237.txt,19.0,N/A,N/A,19.0,100.0,19.0,100.0,N/A,N/A,N/A,N/A
scale_free_000237.txt,2.0,2.0,100.0,2.0,100.0,2.0,100.0,2.0,100.0,N/A,N/A
dag_000238.txt,0.0,0.0,100.0,0.0,100.0,0.0,100.0,0.0,100.0,N/A,N/A
dgrid_000238.txt,0.0,0.0,100.0,0.0,100.0,0.0,100.0,0.0,100.0,N/A,N/A
ego_000238.txt,5.0,5.0,100.0,5.0,100.0,5.0,100.0,5.0,100.0,N/A,N/A
er_000238.txt,7.0,7.0,100.0,7.0,100.0,7.0,100.0,7.0,100.0,N/A,N/A
scale_free_000238.txt,1.0,1.0,100.0,1.0,100.0,1.0,100.0,1.0,100.0,N/A,N/A
dag_000239.txt,0.0,0.0,100.0,0.0,100.0,0.0,100.0,0.0,100.0,N/A,N/A
dgrid_000239.txt,4.0,4.0,100.0,4.0,100.0,4.0,100.0,4.0,100.0,N/A,N/A
ego_000239.txt,3.0,3.0,100.0,3.0,100.0,3.0,100.0,3.0,100.0,N/A,N/A
er_000239.txt,4.0,4.0,100.0,4.0,100.0,4.0,100.0,4.0,100.0,N/A,N/A
scale_free_000239.txt,1.0,1.0,100.0,1.0,100.0,1.0,100.0,1.0,100.0,N/A,N/A
dag_000240.txt,0.0,0.0,100.0,0.0,100.0,0.0,100.0,0.0,100.0,N/A,N/A
dgrid_000240.txt,3.0,3.0,100.0,3.0,100.0,3.0,100.0,3.0,100.0,N/A,N/A
ego_000240.txt,3.0,3.0,100.0,3.0,100.0,3.0,100.0,3.0,100.0,N/A,N/A
er_000240.txt,17.0,N/A,N/A,17.0,100.0,17.0,100.0,N/A,N/A,N/A,N/A
scale_free_000240.txt,1.0,1.0,100.0,1.0,100.0,1.0,100.0,1.0,100.0,N/A,N/A
dag_000241.txt,0.0,0.0,100.0,0.0,100.0,0.0,100.0,0.0,100.0,N/A,N/A
dgrid_000241.txt,3.0,3.0,100.0,3.0,100.0,3.0,100.0,3.0,100.0,N/A,N/A
ego_000241.txt,0.0,0.0,100.0,0.0,100.0,0.0,100.0,0.0,100.0,N/A,N/A
er_000241.txt,8.0,8.0,100.0,8.0,100.0,8.0,100.0,8.0,100.0,N/A,N/A
scale_free_000241.txt,1.0,1.0,100.0,1.0,100.0,1.0,100.0,1.0,100.0,N/A,N/A
dag_000242.txt,0.0,0.0,100.0,0.0,100.0,0.0,100.0,0.0,100.0,N/A,N/A
dgrid_000242.txt,4.0,4.0,100.0,4.0,100.0,4.0,100.0,4.0,100.0,N/A,N/A
ego_000242.txt,4.0,4.0,100.0,4.0,100.0,4.0,100.0,4.0,100.0,N/A,N/A
er_000242.txt,5.0,5.0,100.0,5.0,100.0,5.0,100.0,5.0,100.0,N/A,N/A
scale_free_000242.txt,2.0,2.0,100.0,2.0,100.0,2.0,100.0,2.0,100.0,N/A,N/A
dag_000243.txt,0.0,0.0,100.0,0.0,100.0,0.0,100.0,0.0,100.0,N/A,N/A
dgrid_000243.txt,4.0,4.0,100.0,4.0,100.0,4.0,100.0,4.0,100.0,N/A,N/A
ego_000243.txt,6.0,6.0,100.0,6.0,100.0,6.0,100.0,6.0,100.0,N/A,N/A
er_000243.txt,3.0,3.0,100.0,3.0,100.0,3.0,100.0,3.0,100.0,N/A,N/A
scale_free_000243.txt,1.0,1.0,100.0,1.0,100.0,1.0,100.0,1.0,100.0,N/A,N/A
dag_000244.txt,0.0,0.0,100.0,0.0,100.0,0.0,100.0,0.0,100.0,N/A,N/A
dgrid_000244.txt,3.0,3.0,100.0,3.0,100.0,3.0,100.0,3.0,100.0,N/A,N/A
ego_000244.txt,4.0,4.0,100.0,4.0,100.0,4.0,100.0,4.0,100.0,N/A,N/A
er_000244.txt,17.0,N/A,N/A,17.0,100.0,17.0,100.0,N/A,N/A,N/A,N/A
scale_free_000244.txt,1.0,1.0,100.0,1.0,100.0,1.0,100.0,1.0,100.0,N/A,N/A
dag_000245.txt,0.0,0.0,100.0,0.0,100.0,0.0,100.0,0.0,100.0,N/A,N/A
dgrid_000245.txt,1.0,1.0,100.0,1.0,100.0,1.0,100.0,1.0,100.0,N/A,N/A
ego_000245.txt,2.0,2.0,100.0,2.0,100.0,2.0,100.0,2.0,100.0,N/A,N/A
er_000245.txt,18.0,N/A,N/A,18.0,100.0,18.0,100.0,N/A,N/A,N/A,N/A
scale_free_000245.txt,1.0,1.0,100.0,1.0,100.0,1.0,100.0,1.0,100.0,N/A,N/A
dag_000246.txt,0.0,0.0,100.0,0.0,100.0,0.0,100.0,0.0,100.0,N/A,N/A
dgrid_000246.txt,0.0,0.0,100.0,0.0,100.0,0.0,100.0,0.0,100.0,N/A,N/A
ego_000246.txt,9.0,9.0,100.0,9.0,100.0,9.0,100.0,9.0,100.0,N/A,N/A
er_000246.txt,6.0,6.0,100.0,6.0,100.0,6.0,100.0,6.0,100.0,N/A,N/A
scale_free_000246.txt,1.0,1.0,100.0,1.0,100.0,1.0,100.0,1.0,100.0,N/A,N/A
dag_000247.txt,0.0,0.0,100.0,0.0,100.0,0.0,100.0,0.0,100.0,N/A,N/A
dgrid_000247.txt,2.0,2.0,100.0,2.0,100.0,2.0,100.0,2.0,100.0,N/A,N/A
ego_000247.txt,1.0,1.0,100.0,1.0,100.0,1.0,100.0,1.0,100.0,N/A,N/A
er_000247.txt,5.0,5.0,100.0,5.0,100.0,5.0,100.0,5.0,100.0,N/A,N/A
scale_free_000247.txt,1.0,1.0,100.0,1.0,100.0,1.0,100.0,1.0,100.0,N/A,N/A
dag_000248.txt,0.0,0.0,100.0,0.0,100.0,0.0,100.0,0.0,100.0,N/A,N/A
dgrid_000248.txt,4.0,4.0,100.0,4.0,100.0,4.0,100.0,4.0,100.0,N/A,N/A
ego_000248.txt,6.0,6.0,100.0,6.0,100.0,6.0,100.0,6.0,100.0,N/A,N/A
er_000248.txt,4.0,4.0,100.0,4.0,100.0,4.0,100.0,4.0,100.0,N/A,N/A
scale_free_000248.txt,2.0,2.0,100.0,2.0,100.0,2.0,100.0,2.0,100.0,N/A,N/A
dag_000249.txt,0.0,0.0,100.0,0.0,100.0,0.0,100.0,0.0,100.0,N/A,N/A
dgrid_000249.txt,3.0,3.0,100.0,3.0,100.0,3.0,100.0,3.0,100.0,N/A,N/A
ego_000249.txt,1.0,1.0,100.0,1.0,100.0,1.0,100.0,1.0,100.0,N/A,N/A
er_000249.txt,9.0,9.0,100.0,9.0,100.0,9.0,100.0,9.0,100.0,N/A,N/A
scale_free_000249.txt,1.0,1.0,100.0,1.0,100.0,1.0,100.0,1.0,100.0,N/A,N/A
dag_000250.txt,0.0,0.0,100.0,0.0,100.0,0.0,100.0,0.0,100.0,N/A,N/A
dgrid_000250.txt,1.0,1.0,100.0,1.0,100.0,1.0,100.0,1.0,100.0,N/A,N/A
ego_000250.txt,5.0,5.0,100.0,5.0,100.0,5.0,100.0,5.0,100.0,N/A,N/A
er_000250.txt,12.0,12.0,100.0,12.0,100.0,12.0,100.0,N/A,N/A,N/A,N/A
scale_free_000250.txt,1.0,1.0,100.0,1.0,100.0,1.0,100.0,1.0,100.0,N/A,N/A
dag_000251.txt,0.0,0.0,100.0,0.0,100.0,0.0,100.0,0.0,100.0,N/A,N/A
dgrid_000251.txt,2.0,2.0,100.0,2.0,100.0,2.0,100.0,2.0,100.0,N/A,N/A
ego_000251.txt,0.0,0.0,100.0,0.0,100.0,0.0,100.0,0.0,100.0,N/A,N/A
er_000251.txt,6.0,6.0,100.0,6.0,100.0,6.0,100.0,6.0,100.0,N/A,N/A
scale_free_000251.txt,1.0,1.0,100.0,1.0,100.0,1.0,100.0,1.0,100.0,N/A,N/A
dag_000252.txt,0.0,0.0,100.0,0.0,100.0,0.0,100.0,0.0,100.0,N/A,N/A
dgrid_000252.txt,5.0,5.0,100.0,5.0,100.0,5.0,100.0,5.0,100.0,N/A,N/A
ego_000252.txt,1.0,1.0,100.0,1.0,100.0,1.0,100.0,1.0,100.0,N/A,N/A
er_000252.txt,3.0,3.0,100.0,3.0,100.0,3.0,100.0,3.0,100.0,N/A,N/A
scale_free_000252.txt,1.0,1.0,100.0,1.0,100.0,1.0,100.0,1.0,100.0,N/A,N/A
dag_000253.txt,0.0,0.0,100.0,0.0,100.0,0.0,100.0,0.0,100.0,N/A,N/A
dgrid_000253.txt,4.0,4.0,100.0,4.0,100.0,4.0,100.0,4.0,100.0,N/A,N/A
ego_000253.txt,8.0,8.0,100.0,8.0,100.0,8.0,100.0,8.0,100.0,N/A,N/A
er_000253.txt,10.0,10.0,100.0,10.0,100.0,10.0,100.0,10.0,100.0,N/A,N/A
scale_free_000253.txt,1.0,1.0,100.0,1.0,100.0,1.0,100.0,1.0,100.0,N/A,N/A
dag_000254.txt,0.0,0.0,100.0,0.0,100.0,0.0,100.0,0.0,100.0,N/A,N/A
dgrid_000254.txt,3.0,3.0,100.0,3.0,100.0,3.0,100.0,3.0,100.0,N/A,N/A
ego_000254.txt,2.0,2.0,100.0,2.0,100.0,2.0,100.0,2.0,100.0,N/A,N/A
er_000254.txt,11.0,11.0,100.0,11.0,100.0,11.0,100.0,N/A,N/A,N/A,N/A
scale_free_000254.txt,2.0,2.0,100.0,2.0,100.0,2.0,100.0,2.0,100.0,N/A,N/A
dag_000255.txt,0.0,0.0,100.0,0.0,100.0,0.0,100.0,0.0,100.0,N/A,N/A
dgrid_000255.txt,0.0,0.0,100.0,0.0,100.0,0.0,100.0,0.0,100.0,N/A,N/A
ego_000255.txt,8.0,8.0,100.0,8.0,100.0,8.0,100.0,N/A,N/A,N/A,N/A
er_000255.txt,2.0,2.0,100.0,2.0,100.0,2.0,100.0,2.0,100.0,N/A,N/A
scale_free_000255.txt,2.0,2.0,100.0,2.0,100.0,2.0,100.0,2.0,100.0,N/A,N/A
dag_000256.txt,0.0,0.0,100.0,0.0,100.0,0.0,100.0,0.0,100.0,N/A,N/A
dgrid_000256.txt,2.0,2.0,100.0,2.0,100.0,2.0,100.0,2.0,100.0,N/A,N/A
ego_000256.txt,5.0,5.0,100.0,5.0,100.0,5.0,100.0,5.0,100.0,N/A,N/A
er_000256.txt,4.0,4.0,100.0,4.0,100.0,4.0,100.0,4.0,100.0,N/A,N/A
scale_free_000256.txt,2.0,2.0,100.0,2.0,100.0,2.0,100.0,2.0,100.0,N/A,N/A
dag_000257.txt,0.0,0.0,100.0,0.0,100.0,0.0,100.0,0.0,100.0,N/A,N/A
dgrid_000257.txt,5.0,5.0,100.0,5.0,100.0,5.0,100.0,5.0,100.0,N/A,N/A
ego_000257.txt,1.0,1.0,100.0,1.0,100.0,1.0,100.0,1.0,100.0,N/A,N/A
er_000257.txt,12.0,12.0,100.0,12.0,100.0,13.0,92.3077,N/A,N/A,N/A,N/A
scale_free_000257.txt,1.0,1.0,100.0,1.0,100.0,1.0,100.0,1.0,100.0,N/A,N/A
dag_000258.txt,0.0,0.0,100.0,0.0,100.0,0.0,100.0,0.0,100.0,N/A,N/A
dgrid_000258.txt,2.0,2.0,100.0,2.0,100.0,2.0,100.0,2.0,100.0,N/A,N/A
ego_000258.txt,2.0,2.0,100.0,2.0,100.0,2.0,100.0,2.0,100.0,N/A,N/A
er_000258.txt,7.0,7.0,100.0,7.0,100.0,7.0,100.0,7.0,100.0,N/A,N/A
scale_free_000258.txt,1.0,1.0,100.0,1.0,100.0,1.0,100.0,1.0,100.0,N/A,N/A
dag_000259.txt,0.0,0.0,100.0,0.0,100.0,0.0,100.0,0.0,100.0,N/A,N/A
dgrid_000259.txt,1.0,1.0,100.0,1.0,100.0,1.0,100.0,1.0,100.0,N/A,N/A
ego_000259.txt,5.0,5.0,100.0,5.0,100.0,5.0,100.0,5.0,100.0,N/A,N/A
er_000259.txt,5.0,5.0,100.0,5.0,100.0,5.0,100.0,5.0,100.0,N/A,N/A
scale_free_000259.txt,2.0,2.0,100.0,2.0,100.0,2.0,100.0,2.0,100.0,N/A,N/A
dag_000260.txt,0.0,0.0,100.0,0.0,100.0,0.0,100.0,0.0,100.0,N/A,N/A
dgrid_000260.txt,1.0,1.0,100.0,1.0,100.0,1.0,100.0,1.0,100.0,N/A,N/A
ego_000260.txt,5.0,5.0,100.0,5.0,100.0,5.0,100.0,5.0,100.0,N/A,N/A
er_000260.txt,12.0,12.0,100.0,12.0,100.0,12.0,100.0,N/A,N/A,N/A,N/A
scale_free_000260.txt,2.0,2.0,100.0,2.0,100.0,2.0,100.0,2.0,100.0,N/A,N/A
dag_000261.txt,0.0,0.0,100.0,0.0,100.0,0.0,100.0,0.0,100.0,N/A,N/A
dgrid_000261.txt,5.0,5.0,100.0,5.0,100.0,5.0,100.0,5.0,100.0,N/A,N/A
ego_000261.txt,11.0,11.0,100.0,11.0,100.0,11.0,100.0,N/A,N/A,N/A,N/A
er_000261.txt,10.0,10.0,100.0,10.0,100.0,10.0,100.0,N/A,N/A,N/A,N/A
scale_free_000261.txt,1.0,1.0,100.0,1.0,100.0,1.0,100.0,1.0,100.0,N/A,N/A
dag_000262.txt,0.0,0.0,100.0,0.0,100.0,0.0,100.0,0.0,100.0,N/A,N/A
dgrid_000262.txt,1.0,1.0,100.0,1.0,100.0,1.0,100.0,1.0,100.0,N/A,N/A
ego_000262.txt,11.0,11.0,100.0,11.0,100.0,11.0,100.0,11.0,100.0,N/A,N/A
er_000262.txt,8.0,8.0,100.0,8.0,100.0,8.0,100.0,8.0,100.0,N/A,N/A
scale_free_000262.txt,2.0,2.0,100.0,2.0,100.0,2.0,100.0,2.0,100.0,N/A,N/A
dag_000263.txt,0.0,0.0,100.0,0.0,100.0,0.0,100.0,0.0,100.0,N/A,N/A
dgrid_000263.txt,6.0,6.0,100.0,6.0,100.0,6.0,100.0,N/A,N/A,N/A,N/A
ego_000263.txt,1.0,1.0,100.0,1.0,100.0,1.0,100.0,1.0,100.0,N/A,N/A
er_000263.txt,3.0,3.0,100.0,3.0,100.0,3.0,100.0,3.0,100.0,N/A,N/A
scale_free_000263.txt,1.0,1.0,100.0,1.0,100.0,1.0,100.0,1.0,100.0,N/A,N/A
dag_000264.txt,0.0,0.0,100.0,0.0,100.0,0.0,100.0,0.0,100.0,N/A,N/A
dgrid_000264.txt,1.0,1.0,100.0,1.0,100.0,1.0,100.0,1.0,100.0,N/A,N/A
ego_000264.txt,0.0,0.0,100.0,0.0,100.0,0.0,100.0,0.0,100.0,N/A,N/A
er_000264.txt,5.0,5.0,100.0,5.0,100.0,5.0,100.0,5.0,100.0,N/A,N/A
scale_free_000264.txt,2.0,2.0,100.0,2.0,100.0,2.0,100.0,2.0,100.0,N/A,N/A
dag_000265.txt,0.0,0.0,100.0,0.0,100.0,0.0,100.0,0.0,100.0,N/A,N/A
dgrid_000265.txt,2.0,2.0,100.0,2.0,100.0,2.0,100.0,2.0,100.0,N/A,N/A
ego_000265.txt,6.0,6.0,100.0,6.0,100.0,6.0,100.0,6.0,100.0,N/A,N/A
er_000265.txt,4.0,4.0,100.0,4.0,100.0,4.0,100.0,4.0,100.0,N/A,N/A
scale_free_000265.txt,1.0,1.0,100.0,1.0,100.0,1.0,100.0,1.0,100.0,N/A,N/A
dag_000266.txt,0.0,0.0,100.0,0.0,100.0,0.0,100.0,0.0,100.0,N/A,N/A
dgrid_000266.txt,3.0,3.0,100.0,3.0,100.0,3.0,100.0,3.0,100.0,N/A,N/A
ego_000266.txt,0.0,0.0,100.0,0.0,100.0,0.0,100.0,0.0,100.0,N/A,N/A
er_000266.txt,12.0,N/A,N/A,12.0,100.0,12.0,100.0,N/A,N/A,N/A,N/A
scale_free_000266.txt,1.0,1.0,100.0,1.0,100.0,1.0,100.0,1.0,100.0,N/A,N/A
dag_000267.txt,0.0,0.0,100.0,0.0,100.0,0.0,100.0,0.0,100.0,N/A,N/A
dgrid_000267.txt,4.0,4.0,100.0,4.0,100.0,4.0,100.0,4.0,100.0,N/A,N/A
ego_000267.txt,10.0,10.0,100.0,10.0,100.0,10.0,100.0,N/A,N/A,N/A,N/A
er_000267.txt,16.0,N/A,N/A,16.0,100.0,16.0,100.0,N/A,N/A,N/A,N/A
scale_free_000267.txt,1.0,1.0,100.0,1.0,100.0,1.0,100.0,1.0,100.0,N/A,N/A
dag_000268.txt,0.0,0.0,100.0,0.0,100.0,0.0,100.0,0.0,100.0,N/A,N/A
dgrid_000268.txt,2.0,2.0,100.0,2.0,100.0,2.0,100.0,2.0,100.0,N/A,N/A
ego_000268.txt,6.0,6.0,100.0,6.0,100.0,6.0,100.0,6.0,100.0,N/A,N/A
er_000268.txt,6.0,6.0,100.0,6.0,100.0,6.0,100.0,6.0,100.0,N/A,N/A
scale_free_000268.txt,2.0,2.0,100.0,2.0,100.0,2.0,100.0,2.0,100.0,N/A,N/A
dag_000269.txt,0.0,0.0,100.0,0.0,100.0,0.0,100.0,0.0,100.0,N/A,N/A
dgrid_000269.txt,1.0,1.0,100.0,1.0,100.0,1.0,100.0,1.0,100.0,N/A,N/A
ego_000269.txt,11.0,11.0,100.0,11.0,100.0,11.0,100.0,N/A,N/A,N/A,N/A
er_000269.txt,4.0,4.0,100.0,4.0,100.0,4.0,100.0,4.0,100.0,N/A,N/A
scale_free_000269.txt,1.0,1.0,100.0,1.0,100.0,1.0,100.0,1.0,100.0,N/A,N/A
dag_000270.txt,0.0,0.0,100.0,0.0,100.0,0.0,100.0,0.0,100.0,N/A,N/A
dgrid_000270.txt,2.0,2.0,100.0,2.0,100.0,2.0,100.0,2.0,100.0,N/A,N/A
ego_000270.txt,1.0,1.0,100.0,1.0,100.0,1.0,100.0,1.0,100.0,N/A,N/A
er_000270.txt,7.0,7.0,100.0,7.0,100.0,7.0,100.0,7.0,100.0,N/A,N/A
scale_free_000270.txt,1.0,1.0,100.0,1.0,100.0,1.0,100.0,1.0,100.0,N/A,N/A
dag_000271.txt,0.0,0.0,100.0,0.0,100.0,0.0,100.0,0.0,100.0,N/A,N/A
dgrid_000271.txt,2.0,2.0,100.0,2.0,100.0,2.0,100.0,2.0,100.0,N/A,N/A
ego_000271.txt,0.0,0.0,100.0,0.0,100.0,0.0,100.0,0.0,100.0,N/A,N/A
er_000271.txt,9.0,9.0,100.0,9.0,100.0,10.0,90.0,N/A,N/A,N/A,N/A
scale_free_000271.txt,1.0,1.0,100.0,1.0,100.0,1.0,100.0,1.0,100.0,N/A,N/A
dag_000272.txt,0.0,0.0,100.0,0.0,100.0,0.0,100.0,0.0,100.0,N/A,N/A
dgrid_000272.txt,0.0,0.0,100.0,0.0,100.0,0.0,100.0,0.0,100.0,N/A,N/A
ego_000272.txt,6.0,6.0,100.0,6.0,100.0,6.0,100.0,6.0,100.0,N/A,N/A
er_000272.txt,14.0,N/A,N/A,14.0,100.0,14.0,100.0,N/A,N/A,N/A,N/A
scale_free_000272.txt,1.0,1.0,100.0,1.0,100.0,1.0,100.0,1.0,100.0,N/A,N/A
dag_000273.txt,0.0,0.0,100.0,0.0,100.0,0.0,100.0,0.0,100.0,N/A,N/A
dgrid_000273.txt,2.0,2.0,100.0,2.0,100.0,2.0,100.0,2.0,100.0,N/A,N/A
ego_000273.txt,8.0,8.0,100.0,8.0,100.0,8.0,100.0,N/A,N/A,N/A,N/A
er_000273.txt,1.0,1.0,100.0,1.0,100.0,1.0,100.0,1.0,100.0,N/A,N/A
scale_free_000273.txt,1.0,1.0,100.0,1.0,100.0,1.0,100.0,1.0,100.0,N/A,N/A
dag_000274.txt,0.0,0.0,100.0,0.0,100.0,0.0,100.0,0.0,100.0,N/A,N/A
dgrid_000274.txt,1.0,1.0,100.0,1.0,100.0,1.0,100.0,1.0,100.0,N/A,N/A
ego_000274.txt,1.0,1.0,100.0,1.0,100.0,1.0,100.0,1.0,100.0,N/A,N/A
er_000274.txt,15.0,N/A,N/A,15.0,100.0,15.0,100.0,N/A,N/A,N/A,N/A
scale_free_000274.txt,1.0,1.0,100.0,1.0,100.0,1.0,100.0,1.0,100.0,N/A,N/A
dag_000275.txt,0.0,0.0,100.0,0.0,100.0,0.0,100.0,0.0,100.0,N/A,N/A
dgrid_000275.txt,1.0,1.0,100.0,1.0,100.0,1.0,100.0,1.0,100.0,N/A,N/A
ego_000275.txt,5.0,5.0,100.0,5.0,100.0,5.0,100.0,5.0,100.0,N/A,N/A
er_000275.txt,4.0,4.0,100.0,4.0,100.0,4.0,100.0,4.0,100.0,N/A,N/A
scale_free_000275.txt,1.0,1.0,100.0,1.0,100.0,1.0,100.0,1.0,100.0,N/A,N/A
dag_000276.txt,0.0,0.0,100.0,0.0,100.0,0.0,100.0,0.0,100.0,N/A,N/A
dgrid_000276.txt,1.0,1.0,100.0,1.0,100.0,1.0,100.0,1.0,100.0,N/A,N/A
ego_000276.txt,2.0,2.0,100.0,2.0,100.0,2.0,100.0,2.0,100.0,N/A,N/A
er_000276.txt,6.0,6.0,100.0,6.0,100.0,6.0,100.0,6.0,100.0,N/A,N/A
scale_free_000276.txt,1.0,1.0,100.0,1.0,100.0,1.0,100.0,1.0,100.0,N/A,N/A
dag_000277.txt,0.0,0.0,100.0,0.0,100.0,0.0,100.0,0.0,100.0,N/A,N/A
dgrid_000277.txt,4.0,4.0,100.0,4.0,100.0,4.0,100.0,4.0,100.0,N/A,N/A
ego_000277.txt,0.0,0.0,100.0,0.0,100.0,0.0,100.0,0.0,100.0,N/A,N/A
er_000277.txt,4.0,4.0,100.0,4.0,100.0,4.0,100.0,4.0,100.0,N/A,N/A
scale_free_000277.txt,2.0,2.0,100.0,2.0,100.0,2.0,100.0,2.0,100.0,N/A,N/A
dag_000278.txt,0.0,0.0,100.0,0.0,100.0,0.0,100.0,0.0,100.0,N/A,N/A
dgrid_000278.txt,3.0,3.0,100.0,3.0,100.0,3.0,100.0,3.0,100.0,N/A,N/A
ego_000278.txt,2.0,2.0,100.0,2.0,100.0,2.0,100.0,2.0,100.0,N/A,N/A
er_000278.txt,2.0,2.0,100.0,2.0,100.0,2.0,100.0,2.0,100.0,N/A,N/A
scale_free_000278.txt,1.0,1.0,100.0,1.0,100.0,1.0,100.0,1.0,100.0,N/A,N/A
dag_000279.txt,0.0,0.0,100.0,0.0,100.0,0.0,100.0,0.0,100.0,N/A,N/A
dgrid_000279.txt,1.0,1.0,100.0,1.0,100.0,1.0,100.0,1.0,100.0,N/A,N/A
ego_000279.txt,10.0,10.0,100.0,10.0,100.0,10.0,100.0,N/A,N/A,N/A,N/A
er_000279.txt,10.0,10.0,100.0,10.0,100.0,10.0,100.0,N/A,N/A,N/A,N/A
scale_free_000279.txt,2.0,2.0,100.0,2.0,100.0,2.0,100.0,2.0,100.0,N/A,N/A
dag_000280.txt,0.0,0.0,100.0,0.0,100.0,0.0,100.0,0.0,100.0,N/A,N/A
dgrid_000280.txt,1.0,1.0,100.0,1.0,100.0,1.0,100.0,1.0,100.0,N/A,N/A
ego_000280.txt,8.0,8.0,100.0,8.0,100.0,8.0,100.0,8.0,100.0,N/A,N/A
er_000280.txt,3.0,3.0,100.0,3.0,100.0,3.0,100.0,3.0,100.0,N/A,N/A
scale_free_000280.txt,1.0,1.0,100.0,1.0,100.0,1.0,100.0,1.0,100.0,N/A,N/A
dag_000281.txt,0.0,0.0,100.0,0.0,100.0,0.0,100.0,0.0,100.0,N/A,N/A
dgrid_000281.txt,2.0,2.0,100.0,2.0,100.0,2.0,100.0,2.0,100.0,N/A,N/A
ego_000281.txt,2.0,2.0,100.0,2.0,100.0,2.0,100.0,2.0,100.0,N/A,N/A
er_000281.txt,14.0,N/A,N/A,N/A,N/A,14.0,100.0,N/A,N/A,N/A,N/A
scale_free_000281.txt,1.0,1.0,100.0,1.0,100.0,1.0,100.0,1.0,100.0,N/A,N/A
dag_000282.txt,0.0,0.0,100.0,0.0,100.0,0.0,100.0,0.0,100.0,N/A,N/A
dgrid_000282.txt,1.0,1.0,100.0,1.0,100.0,1.0,100.0,1.0,100.0,N/A,N/A
ego_000282.txt,2.0,2.0,100.0,2.0,100.0,2.0,100.0,2.0,100.0,N/A,N/A
er_000282.txt,6.0,6.0,100.0,6.0,100.0,6.0,100.0,6.0,100.0,N/A,N/A
scale_free_000282.txt,1.0,1.0,100.0,1.0,100.0,1.0,100.0,1.0,100.0,N/A,N/A
dag_000283.txt,0.0,0.0,100.0,0.0,100.0,0.0,100.0,0.0,100.0,N/A,N/A
dgrid_000283.txt,3.0,3.0,100.0,3.0,100.0,3.0,100.0,3.0,100.0,N/A,N/A
ego_000283.txt,0.0,0.0,100.0,0.0,100.0,0.0,100.0,0.0,100.0,N/A,N/A
er_000283.txt,7.0,7.0,100.0,7.0,100.0,7.0,100.0,7.0,100.0,N/A,N/A
scale_free_000283.txt,2.0,2.0,100.0,2.0,100.0,2.0,100.0,2.0,100.0,N/A,N/A
dag_000284.txt,0.0,0.0,100.0,0.0,100.0,0.0,100.0,0.0,100.0,N/A,N/A
dgrid_000284.txt,2.0,2.0,100.0,2.0,100.0,2.0,100.0,2.0,100.0,N/A,N/A
ego_000284.txt,2.0,2.0,100.0,2.0,100.0,2.0,100.0,2.0,100.0,N/A,N/A
er_000284.txt,6.0,6.0,100.0,6.0,100.0,6.0,100.0,6.0,100.0,N/A,N/A
scale_free_000284.txt,1.0,1.0,100.0,1.0,100.0,1.0,100.0,1.0,100.0,N/A,N/A
dag_000285.txt,0.0,0.0,100.0,0.0,100.0,0.0,100.0,0.0,100.0,N/A,N/A
dgrid_000285.txt,3.0,3.0,100.0,3.0,100.0,3.0,100.0,3.0,100.0,N/A,N/A
ego_000285.txt,4.0,4.0,100.0,4.0,100.0,4.0,100.0,4.0,100.0,N/A,N/A
er_000285.txt,12.0,N/A,N/A,12.0,100.0,12.0,100.0,N/A,N/A,N/A,N/A
scale_free_000285.txt,1.0,1.0,100.0,1.0,100.0,1.0,100.0,1.0,100.0,N/A,N/A
dag_000286.txt,0.0,0.0,100.0,0.0,100.0,0.0,100.0,0.0,100.0,N/A,N/A
dgrid_000286.txt,1.0,1.0,100.0,1.0,100.0,1.0,100.0,1.0,100.0,N/A,N/A
ego_000286.txt,0.0,0.0,100.0,0.0,100.0,0.0,100.0,0.0,100.0,N/A,N/A
er_000286.txt,2.0,2.0,100.0,2.0,100.0,2.0,100.0,2.0,100.0,N/A,N/A
scale_free_000286.txt,1.0,1.0,100.0,1.0,100.0,1.0,100.0,1.0,100.0,N/A,N/A
dag_000287.txt,0.0,0.0,100.0,0.0,100.0,0.0,100.0,0.0,100.0,N/A,N/A
dgrid_000287.txt,2.0,2.0,100.0,2.0,100.0,2.0,100.0,2.0,100.0,N/A,N/A
ego_000287.txt,8.0,8.0,100.0,8.0,100.0,8.0,100.0,N/A,N/A,N/A,N/A
er_000287.txt,5.0,5.0,100.0,5.0,100.0,5.0,100.0,5.0,100.0,N/A,N/A
scale_free_000287.txt,1.0,1.0,100.0,1.0,100.0,1.0,100.0,1.0,100.0,N/A,N/A
dag_000288.txt,0.0,0.0,100.0,0.0,100.0,0.0,100.0,0.0,100.0,N/A,N/A
dgrid_000288.txt,4.0,4.0,100.0,4.0,100.0,4.0,100.0,4.0,100.0,N/A,N/A
ego_000288.txt,2.0,2.0,100.0,2.0,100.0,2.0,100.0,2.0,100.0,N/A,N/A
er_000288.txt,19.0,N/A,N/A,19.0,100.0,19.0,100.0,N/A,N/A,N/A,N/A
scale_free_000288.txt,2.0,2.0,100.0,2.0,100.0,2.0,100.0,2.0,100.0,N/A,N/A
dag_000289.txt,0.0,0.0,100.0,0.0,100.0,0.0,100.0,0.0,100.0,N/A,N/A
dgrid_000289.txt,0.0,0.0,100.0,0.0,100.0,0.0,100.0,0.0,100.0,N/A,N/A
ego_000289.txt,8.0,8.0,100.0,8.0,100.0,8.0,100.0,N/A,N/A,N/A,N/A
er_000289.txt,9.0,9.0,100.0,9.0,100.0,9.0,100.0,9.0,100.0,N/A,N/A
scale_free_000289.txt,1.0,1.0,100.0,1.0,100.0,1.0,100.0,1.0,100.0,N/A,N/A
dag_000290.txt,0.0,0.0,100.0,0.0,100.0,0.0,100.0,0.0,100.0,N/A,N/A
dgrid_000290.txt,3.0,3.0,100.0,3.0,100.0,3.0,100.0,3.0,100.0,N/A,N/A
ego_000290.txt,0.0,0.0,100.0,0.0,100.0,0.0,100.0,0.0,100.0,N/A,N/A
er_000290.txt,6.0,6.0,100.0,6.0,100.0,6.0,100.0,6.0,100.0,N/A,N/A
scale_free_000290.txt,2.0,2.0,100.0,2.0,100.0,2.0,100.0,2.0,100.0,N/A,N/A
dag_000291.txt,0.0,0.0,100.0,0.0,100.0,0.0,100.0,0.0,100.0,N/A,N/A
dgrid_000291.txt,3.0,3.0,100.0,3.0,100.0,3.0,100.0,3.0,100.0,N/A,N/A
ego_000291.txt,9.0,9.0,100.0,9.0,100.0,9.0,100.0,N/A,N/A,N/A,N/A
er_000291.txt,3.0,3.0,100.0,3.0,100.0,3.0,100.0,3.0,100.0,N/A,N/A
scale_free_000291.txt,1.0,1.0,100.0,1.0,100.0,1.0,100.0,1.0,100.0,N/A,N/A
dag_000292.txt,0.0,0.0,100.0,0.0,100.0,0.0,100.0,0.0,100.0,N/A,N/A
dgrid_000292.txt,1.0,1.0,100.0,1.0,100.0,1.0,100.0,1.0,100.0,N/A,N/A
ego_000292.txt,3.0,3.0,100.0,3.0,100.0,3.0,100.0,3.0,100.0,N/A,N/A
er_000292.txt,7.0,7.0,100.0,7.0,100.0,7.0,100.0,7.0,100.0,N/A,N/A
scale_free_000292.txt,1.0,1.0,100.0,1.0,100.0,1.0,100.0,1.0,100.0,N/A,N/A
dag_000293.txt,0.0,0.0,100.0,0.0,100.0,0.0,100.0,0.0,100.0,N/A,N/A
dgrid_000293.txt,1.0,1.0,100.0,1.0,100.0,1.0,100.0,1.0,100.0,N/A,N/A
ego_000293.txt,5.0,5.0,100.0,5.0,100.0,5.0,100.0,5.0,100.0,N/A,N/A
er_000293.txt,5.0,5.0,100.0,5.0,100.0,5.0,100.0,5.0,100.0,N/A,N/A
scale_free_000293.txt,1.0,1.0,100.0,1.0,100.0,1.0,100.0,1.0,100.0,N/A,N/A
dag_000294.txt,0.0,0.0,100.0,0.0,100.0,0.0,100.0,0.0,100.0,N/A,N/A
dgrid_000294.txt,4.0,4.0,100.0,4.0,100.0,4.0,100.0,4.0,100.0,N/A,N/A
ego_000294.txt,0.0,0.0,100.0,0.0,100.0,0.0,100.0,0.0,100.0,N/A,N/A
er_000294.txt,12.0,12.0,100.0,12.0,100.0,12.0,100.0,N/A,N/A,N/A,N/A
scale_free_000294.txt,1.0,1.0,100.0,1.0,100.0,1.0,100.0,1.0,100.0,N/A,N/A
dag_000295.txt,0.0,0.0,100.0,0.0,100.0,0.0,100.0,0.0,100.0,N/A,N/A
dgrid_000295.txt,3.0,3.0,100.0,3.0,100.0,3.0,100.0,3.0,100.0,N/A,N/A
ego_000295.txt,1.0,1.0,100.0,1.0,100.0,1.0,100.0,1.0,100.0,N/A,N/A
er_000295.txt,6.0,6.0,100.0,6.0,100.0,6.0,100.0,6.0,100.0,N/A,N/A
scale_free_000295.txt,2.0,2.0,100.0,2.0,100.0,2.0,100.0,2.0,100.0,N/A,N/A
dag_000296.txt,0.0,0.0,100.0,0.0,100.0,0.0,100.0,0.0,100.0,N/A,N/A
dgrid_000296.txt,1.0,1.0,100.0,1.0,100.0,1.0,100.0,1.0,100.0,N/A,N/A
ego_000296.txt,12.0,12.0,100.0,12.0,100.0,12.0,100.0,N/A,N/A,N/A,N/A
er_000296.txt,10.0,N/A,N/A,10.0,100.0,10.0,100.0,N/A,N/A,N/A,N/A
scale_free_000296.txt,1.0,1.0,100.0,1.0,100.0,1.0,100.0,1.0,100.0,N/A,N/A
dag_000297.txt,0.0,0.0,100.0,0.0,100.0,0.0,100.0,0.0,100.0,N/A,N/A
dgrid_000297.txt,0.0,0.0,100.0,0.0,100.0,0.0,100.0,0.0,100.0,N/A,N/A
ego_000297.txt,6.0,6.0,100.0,6.0,100.0,6.0,100.0,N/A,N/A,N/A,N/A
er_000297.txt,9.0,9.0,100.0,9.0,100.0,9.0,100.0,9.0,100.0,N/A,N/A
scale_free_000297.txt,1.0,1.0,100.0,1.0,100.0,1.0,100.0,1.0,100.0,N/A,N/A
dag_000298.txt,0.0,0.0,100.0,0.0,100.0,0.0,100.0,0.0,100.0,N/A,N/A
dgrid_000298.txt,3.0,3.0,100.0,3.0,100.0,3.0,100.0,3.0,100.0,N/A,N/A
ego_000298.txt,2.0,2.0,100.0,2.0,100.0,2.0,100.0,2.0,100.0,N/A,N/A
er_000298.txt,4.0,4.0,100.0,4.0,100.0,4.0,100.0,4.0,100.0,N/A,N/A
scale_free_000298.txt,2.0,2.0,100.0,2.0,100.0,2.0,100.0,2.0,100.0,N/A,N/A
dag_000299.txt,0.0,0.0,100.0,0.0,100.0,0.0,100.0,0.0,100.0,N/A,N/A
dgrid_000299.txt,2.0,2.0,100.0,2.0,100.0,2.0,100.0,2.0,100.0,N/A,N/A
ego_000299.txt,14.0,14.0,100.0,14.0,100.0,14.0,100.0,N/A,N/A,N/A,N/A
er_000299.txt,6.0,6.0,100.0,6.0,100.0,6.0,100.0,6.0,100.0,N/A,N/A
scale_free_000299.txt,1.0,1.0,100.0,1.0,100.0,1.0,100.0,1.0,100.0,N/A,N/A
dag_000300.txt,0.0,0.0,100.0,0.0,100.0,0.0,100.0,0.0,100.0,N/A,N/A
dgrid_000300.txt,2.0,2.0,100.0,2.0,100.0,2.0,100.0,2.0,100.0,N/A,N/A
ego_000300.txt,5.0,5.0,100.0,5.0,100.0,5.0,100.0,5.0,100.0,N/A,N/A
er_000300.txt,4.0,4.0,100.0,4.0,100.0,4.0,100.0,4.0,100.0,N/A,N/A
scale_free_000300.txt,2.0,2.0,100.0,2.0,100.0,2.0,100.0,2.0,100.0,N/A,N/A
dag_000301.txt,0.0,0.0,100.0,0.0,100.0,0.0,100.0,0.0,100.0,N/A,N/A
dgrid_000301.txt,4.0,4.0,100.0,4.0,100.0,4.0,100.0,4.0,100.0,N/A,N/A
ego_000301.txt,5.0,5.0,100.0,5.0,100.0,5.0,100.0,5.0,100.0,N/A,N/A
er_000301.txt,11.0,11.0,100.0,11.0,100.0,11.0,100.0,N/A,N/A,N/A,N/A
scale_free_000301.txt,1.0,1.0,100.0,1.0,100.0,1.0,100.0,1.0,100.0,N/A,N/A
dag_000302.txt,0.0,0.0,100.0,0.0,100.0,0.0,100.0,0.0,100.0,N/A,N/A
dgrid_000302.txt,0.0,0.0,100.0,0.0,100.0,0.0,100.0,0.0,100.0,N/A,N/A
ego_000302.txt,5.0,5.0,100.0,5.0,100.0,5.0,100.0,5.0,100.0,N/A,N/A
er_000302.txt,6.0,6.0,100.0,6.0,100.0,6.0,100.0,6.0,100.0,N/A,N/A
scale_free_000302.txt,1.0,1.0,100.0,1.0,100.0,1.0,100.0,1.0,100.0,N/A,N/A
dag_000303.txt,0.0,0.0,100.0,0.0,100.0,0.0,100.0,0.0,100.0,N/A,N/A
dgrid_000303.txt,3.0,3.0,100.0,3.0,100.0,3.0,100.0,3.0,100.0,N/A,N/A
ego_000303.txt,0.0,0.0,100.0,0.0,100.0,0.0,100.0,0.0,100.0,N/A,N/A
er_000303.txt,13.0,N/A,N/A,13.0,100.0,13.0,100.0,N/A,N/A,N/A,N/A
scale_free_000303.txt,1.0,1.0,100.0,1.0,100.0,1.0,100.0,1.0,100.0,N/A,N/A
dag_000304.txt,0.0,0.0,100.0,0.0,100.0,0.0,100.0,0.0,100.0,N/A,N/A
dgrid_000304.txt,5.0,5.0,100.0,5.0,100.0,5.0,100.0,5.0,100.0,N/A,N/A
ego_000304.txt,9.0,9.0,100.0,9.0,100.0,9.0,100.0,N/A,N/A,N/A,N/A
er_000304.txt,17.0,N/A,N/A,17.0,100.0,17.0,100.0,N/A,N/A,N/A,N/A
scale_free_000304.txt,1.0,1.0,100.0,1.0,100.0,1.0,100.0,1.0,100.0,N/A,N/A
dag_000305.txt,0.0,0.0,100.0,0.0,100.0,0.0,100.0,0.0,100.0,N/A,N/A
dgrid_000305.txt,2.0,2.0,100.0,2.0,100.0,2.0,100.0,2.0,100.0,N/A,N/A
ego_000305.txt,2.0,2.0,100.0,2.0,100.0,2.0,100.0,2.0,100.0,N/A,N/A
er_000305.txt,13.0,N/A,N/A,13.0,100.0,13.0,100.0,N/A,N/A,N/A,N/A
scale_free_000305.txt,1.0,1.0,100.0,1.0,100.0,1.0,100.0,1.0,100.0,N/A,N/A
dag_000306.txt,0.0,0.0,100.0,0.0,100.0,0.0,100.0,0.0,100.0,N/A,N/A
dgrid_000306.txt,2.0,2.0,100.0,2.0,100.0,2.0,100.0,2.0,100.0,N/A,N/A
ego_000306.txt,6.0,6.0,100.0,6.0,100.0,6.0,100.0,6.0,100.0,N/A,N/A
er_000306.txt,15.0,N/A,N/A,15.0,100.0,15.0,100.0,N/A,N/A,N/A,N/A
scale_free_000306.txt,2.0,2.0,100.0,2.0,100.0,2.0,100.0,2.0,100.0,N/A,N/A
dag_000307.txt,0.0,0.0,100.0,0.0,100.0,0.0,100.0,0.0,100.0,N/A,N/A
dgrid_000307.txt,1.0,1.0,100.0,1.0,100.0,1.0,100.0,1.0,100.0,N/A,N/A
ego_000307.txt,1.0,1.0,100.0,1.0,100.0,1.0,100.0,1.0,100.0,N/A,N/A
er_000307.txt,14.0,N/A,N/A,14.0,100.0,15.0,93.3333,N/A,N/A,N/A,N/A
scale_free_000307.txt,1.0,1.0,100.0,1.0,100.0,1.0,100.0,1.0,100.0,N/A,N/A
dag_000308.txt,0.0,0.0,100.0,0.0,100.0,0.0,100.0,0.0,100.0,N/A,N/A
dgrid_000308.txt,1.0,1.0,100.0,1.0,100.0,1.0,100.0,1.0,100.0,N/A,N/A
ego_000308.txt,5.0,5.0,100.0,5.0,100.0,5.0,100.0,5.0,100.0,N/A,N/A
er_000308.txt,10.0,10.0,100.0,10.0,100.0,10.0,100.0,N/A,N/A,N/A,N/A
scale_free_000308.txt,2.0,2.0,100.0,2.0,100.0,2.0,100.0,2.0,100.0,N/A,N/A
dag_000309.txt,0.0,0.0,100.0,0.0,100.0,0.0,100.0,0.0,100.0,N/A,N/A
dgrid_000309.txt,3.0,3.0,100.0,3.0,100.0,3.0,100.0,3.0,100.0,N/A,N/A
ego_000309.txt,2.0,2.0,100.0,2.0,100.0,2.0,100.0,2.0,100.0,N/A,N/A
er_000309.txt,4.0,4.0,100.0,4.0,100.0,4.0,100.0,4.0,100.0,N/A,N/A
scale_free_000309.txt,1.0,1.0,100.0,1.0,100.0,1.0,100.0,1.0,100.0,N/A,N/A
dag_000310.txt,0.0,0.0,100.0,0.0,100.0,0.0,100.0,0.0,100.0,N/A,N/A
dgrid_000310.txt,4.0,4.0,100.0,4.0,100.0,4.0,100.0,4.0,100.0,N/A,N/A
ego_000310.txt,14.0,14.0,100.0,14.0,100.0,14.0,100.0,N/A,N/A,N/A,N/A
er_000310.txt,4.0,4.0,100.0,4.0,100.0,4.0,100.0,4.0,100.0,N/A,N/A
scale_free_000310.txt,1.0,1.0,100.0,1.0,100.0,1.0,100.0,1.0,100.0,N/A,N/A
dag_000311.txt,0.0,0.0,100.0,0.0,100.0,0.0,100.0,0.0,100.0,N/A,N/A
dgrid_000311.txt,1.0,1.0,100.0,1.0,100.0,1.0,100.0,1.0,100.0,N/A,N/A
ego_000311.txt,10.0,10.0,100.0,10.0,100.0,10.0,100.0,N/A,N/A,N/A,N/A
er_000311.txt,13.0,N/A,N/A,13.0,100.0,13.0,100.0,N/A,N/A,N/A,N/A
scale_free_000311.txt,1.0,1.0,100.0,1.0,100.0,1.0,100.0,1.0,100.0,N/A,N/A
dag_000312.txt,0.0,0.0,100.0,0.0,100.0,0.0,100.0,0.0,100.0,N/A,N/A
dgrid_000312.txt,1.0,1.0,100.0,1.0,100.0,1.0,100.0,1.0,100.0,N/A,N/A
ego_000312.txt,0.0,0.0,100.0,0.0,100.0,0.0,100.0,0.0,100.0,N/A,N/A
er_000312.txt,6.0,6.0,100.0,6.0,100.0,6.0,100.0,6.0,100.0,N/A,N/A
scale_free_000312.txt,1.0,1.0,100.0,1.0,100.0,1.0,100.0,1.0,100.0,N/A,N/A
dag_000313.txt,0.0,0.0,100.0,0.0,100.0,0.0,100.0,0.0,100.0,N/A,N/A
dgrid_000313.txt,2.0,2.0,100.0,2.0,100.0,2.0,100.0,2.0,100.0,N/A,N/A
ego_000313.txt,0.0,0.0,100.0,0.0,100.0,0.0,100.0,0.0,100.0,N/A,N/A
er_000313.txt,6.0,6.0,100.0,6.0,100.0,6.0,100.0,6.0,100.0,N/A,N/A
scale_free_000313.txt,1.0,1.0,100.0,1.0,100.0,1.0,100.0,1.0,100.0,N/A,N/A
dag_000314.txt,0.0,0.0,100.0,0.0,100.0,0.0,100.0,0.0,100.0,N/A,N/A
dgrid_000314.txt,0.0,0.0,100.0,0.0,100.0,0.0,100.0,0.0,100.0,N/A,N/A
ego_000314.txt,4.0,4.0,100.0,4.0,100.0,4.0,100.0,4.0,100.0,N/A,N/A
er_000314.txt,8.0,8.0,100.0,8.0,100.0,8.0,100.0,8.0,100.0,N/A,N/A
scale_free_000314.txt,1.0,1.0,100.0,1.0,100.0,1.0,100.0,1.0,100.0,N/A,N/A
dag_000315.txt,0.0,0.0,100.0,0.0,100.0,0.0,100.0,0.0,100.0,N/A,N/A
dgrid_000315.txt,4.0,4.0,100.0,4.0,100.0,4.0,100.0,4.0,100.0,N/A,N/A
ego_000315.txt,0.0,0.0,100.0,0.0,100.0,0.0,100.0,0.0,100.0,N/A,N/A
er_000315.txt,10.0,10.0,100.0,10.0,100.0,10.0,100.0,N/A,N/A,N/A,N/A
scale_free_000315.txt,1.0,1.0,100.0,1.0,100.0,1.0,100.0,1.0,100.0,N/A,N/A
dag_000316.txt,0.0,0.0,100.0,0.0,100.0,0.0,100.0,0.0,100.0,N/A,N/A
dgrid_000316.txt,2.0,2.0,100.0,2.0,100.0,2.0,100.0,2.0,100.0,N/A,N/A
ego_000316.txt,9.0,9.0,100.0,9.0,100.0,9.0,100.0,N/A,N/A,N/A,N/A
er_000316.txt,5.0,5.0,100.0,5.0,100.0,5.0,100.0,5.0,100.0,N/A,N/A
scale_free_000316.txt,1.0,1.0,100.0,1.0,100.0,1.0,100.0,1.0,100.0,N/A,N/A
dag_000317.txt,0.0,0.0,100.0,0.0,100.0,0.0,100.0,0.0,100.0,N/A,N/A
dgrid_000317.txt,4.0,4.0,100.0,4.0,100.0,4.0,100.0,4.0,100.0,N/A,N/A
ego_000317.txt,3.0,3.0,100.0,3.0,100.0,3.0,100.0,3.0,100.0,N/A,N/A
er_000317.txt,1.0,1.0,100.0,1.0,100.0,1.0,100.0,1.0,100.0,N/A,N/A
scale_free_000317.txt,1.0,1.0,100.0,1.0,100.0,1.0,100.0,1.0,100.0,N/A,N/A
dag_000318.txt,0.0,0.0,100.0,0.0,100.0,0.0,100.0,0.0,100.0,N/A,N/A
dgrid_000318.txt,1.0,1.0,100.0,1.0,100.0,1.0,100.0,1.0,100.0,N/A,N/A
ego_000318.txt,0.0,0.0,100.0,0.0,100.0,0.0,100.0,0.0,100.0,N/A,N/A
er_000318.txt,14.0,N/A,N/A,14.0,100.0,14.0,100.0,N/A,N/A,N/A,N/A
scale_free_000318.txt,1.0,1.0,100.0,1.0,100.0,1.0,100.0,1.0,100.0,N/A,N/A
dag_000319.txt,0.0,0.0,100.0,0.0,100.0,0.0,100.0,0.0,100.0,N/A,N/A
dgrid_000319.txt,5.0,5.0,100.0,5.0,100.0,5.0,100.0,5.0,100.0,N/A,N/A
ego_000319.txt,3.0,3.0,100.0,3.0,100.0,3.0,100.0,3.0,100.0,N/A,N/A
er_000319.txt,5.0,5.0,100.0,5.0,100.0,5.0,100.0,5.0,100.0,N/A,N/A
scale_free_000319.txt,1.0,1.0,100.0,1.0,100.0,1.0,100.0,1.0,100.0,N/A,N/A
dag_000320.txt,0.0,0.0,100.0,0.0,100.0,0.0,100.0,0.0,100.0,N/A,N/A
dgrid_000320.txt,5.0,5.0,100.0,5.0,100.0,5.0,100.0,5.0,100.0,N/A,N/A
ego_000320.txt,0.0,0.0,100.0,0.0,100.0,0.0,100.0,0.0,100.0,N/A,N/A
er_000320.txt,11.0,N/A,N/A,11.0,100.0,11.0,100.0,N/A,N/A,N/A,N/A
scale_free_000320.txt,2.0,2.0,100.0,2.0,100.0,2.0,100.0,2.0,100.0,N/A,N/A
dag_000321.txt,0.0,0.0,100.0,0.0,100.0,0.0,100.0,0.0,100.0,N/A,N/A
dgrid_000321.txt,1.0,1.0,100.0,1.0,100.0,1.0,100.0,1.0,100.0,N/A,N/A
ego_000321.txt,4.0,4.0,100.0,4.0,100.0,4.0,100.0,4.0,100.0,N/A,N/A
er_000321.txt,5.0,5.0,100.0,5.0,100.0,5.0,100.0,5.0,100.0,N/A,N/A
scale_free_000321.txt,1.0,1.0,100.0,1.0,100.0,1.0,100.0,1.0,100.0,N/A,N/A
dag_000322.txt,0.0,0.0,100.0,0.0,100.0,0.0,100.0,0.0,100.0,N/A,N/A
dgrid_000322.txt,2.0,2.0,100.0,2.0,100.0,2.0,100.0,2.0,100.0,N/A,N/A
ego_000322.txt,0.0,0.0,100.0,0.0,100.0,0.0,100.0,0.0,100.0,N/A,N/A
er_000322.txt,2.0,2.0,100.0,2.0,100.0,2.0,100.0,2.0,100.0,N/A,N/A
scale_free_000322.txt,1.0,1.0,100.0,1.0,100.0,1.0,100.0,1.0,100.0,N/A,N/A
dag_000323.txt,0.0,0.0,100.0,0.0,100.0,0.0,100.0,0.0,100.0,N/A,N/A
dgrid_000323.txt,1.0,1.0,100.0,1.0,100.0,1.0,100.0,1.0,100.0,N/A,N/A
ego_000323.txt,16.0,16.0,100.0,16.0,100.0,16.0,100.0,N/A,N/A,N/A,N/A
er_000323.txt,11.0,11.0,100.0,11.0,100.0,11.0,100.0,N/A,N/A,N/A,N/A
scale_free_000323.txt,2.0,2.0,100.0,2.0,100.0,2.0,100.0,2.0,100.0,N/A,N/A
dag_000324.txt,0.0,0.0,100.0,0.0,100.0,0.0,100.0,0.0,100.0,N/A,N/A
dgrid_000324.txt,0.0,0.0,100.0,0.0,100.0,0.0,100.0,0.0,100.0,N/A,N/A
ego_000324.txt,7.0,7.0,100.0,7.0,100.0,7.0,100.0,7.0,100.0,N/A,N/A
er_000324.txt,10.0,10.0,100.0,10.0,100.0,10.0,100.0,N/A,N/A,N/A,N/A
scale_free_000324.txt,1.0,1.0,100.0,1.0,100.0,1.0,100.0,1.0,100.0,N/A,N/A
dag_000325.txt,0.0,0.0,100.0,0.0,100.0,0.0,100.0,0.0,100.0,N/A,N/A
dgrid_000325.txt,4.0,4.0,100.0,4.0,100.0,4.0,100.0,4.0,100.0,N/A,N/A
ego_000325.txt,9.0,9.0,100.0,9.0,100.0,9.0,100.0,N/A,N/A,N/A,N/A
er_000325.txt,8.0,8.0,100.0,8.0,100.0,8.0,100.0,N/A,N/A,N/A,N/A
scale_free_000325.txt,1.0,1.0,100.0,1.0,100.0,1.0,100.0,1.0,100.0,N/A,N/A
dag_000326.txt,0.0,0.0,100.0,0.0,100.0,0.0,100.0,0.0,100.0,N/A,N/A
dgrid_000326.txt,1.0,1.0,100.0,1.0,100.0,1.0,100.0,1.0,100.0,N/A,N/A
ego_000326.txt,7.0,7.0,100.0,7.0,100.0,7.0,100.0,7.0,100.0,N/A,N/A
er_000326.txt,3.0,3.0,100.0,3.0,100.0,3.0,100.0,3.0,100.0,N/A,N/A
scale_free_000326.txt,2.0,2.0,100.0,2.0,100.0,2.0,100.0,2.0,100.0,N/A,N/A
dag_000327.txt,0.0,0.0,100.0,0.0,100.0,0.0,100.0,0.0,100.0,N/A,N/A
dgrid_000327.txt,2.0,2.0,100.0,2.0,100.0,2.0,100.0,2.0,100.0,N/A,N/A
ego_000327.txt,4.0,4.0,100.0,4.0,100.0,4.0,100.0,4.0,100.0,N/A,N/A
er_000327.txt,8.0,8.0,100.0,8.0,100.0,8.0,100.0,8.0,100.0,N/A,N/A
scale_free_000327.txt,1.0,1.0,100.0,1.0,100.0,1.0,100.0,1.0,100.0,N/A,N/A
dag_000328.txt,0.0,0.0,100.0,0.0,100.0,0.0,100.0,0.0,100.0,N/A,N/A
dgrid_000328.txt,2.0,2.0,100.0,2.0,100.0,2.0,100.0,2.0,100.0,N/A,N/A
ego_000328.txt,5.0,5.0,100.0,5.0,100.0,5.0,100.0,5.0,100.0,N/A,N/A
er_000328.txt,4.0,4.0,100.0,4.0,100.0,4.0,100.0,4.0,100.0,N/A,N/A
scale_free_000328.txt,1.0,1.0,100.0,1.0,100.0,1.0,100.0,1.0,100.0,N/A,N/A
dag_000329.txt,0.0,0.0,100.0,0.0,100.0,0.0,100.0,0.0,100.0,N/A,N/A
dgrid_000329.txt,1.0,1.0,100.0,1.0,100.0,1.0,100.0,1.0,100.0,N/A,N/A
ego_000329.txt,0.0,0.0,100.0,0.0,100.0,0.0,100.0,0.0,100.0,N/A,N/A
er_000329.txt,15.0,N/A,N/A,15.0,100.0,15.0,100.0,N/A,N/A,N/A,N/A
scale_free_000329.txt,2.0,2.0,100.0,2.0,100.0,2.0,100.0,2.0,100.0,N/A,N/A
dag_000330.txt,0.0,0.0,100.0,0.0,100.0,0.0,100.0,0.0,100.0,N/A,N/A
dgrid_000330.txt,5.0,5.0,100.0,5.0,100.0,5.0,100.0,5.0,100.0,N/A,N/A
ego_000330.txt,6.0,6.0,100.0,6.0,100.0,6.0,100.0,6.0,100.0,N/A,N/A
er_000330.txt,7.0,7.0,100.0,7.0,100.0,7.0,100.0,7.0,100.0,N/A,N/A
scale_free_000330.txt,1.0,1.0,100.0,1.0,100.0,1.0,100.0,1.0,100.0,N/A,N/A
dag_000331.txt,0.0,0.0,100.0,0.0,100.0,0.0,100.0,0.0,100.0,N/A,N/A
dgrid_000331.txt,3.0,3.0,100.0,3.0,100.0,3.0,100.0,3.0,100.0,N/A,N/A
ego_000331.txt,4.0,4.0,100.0,4.0,100.0,4.0,100.0,4.0,100.0,N/A,N/A
er_000331.txt,1.0,1.0,100.0,1.0,100.0,1.0,100.0,1.0,100.0,N/A,N/A
scale_free_000331.txt,1.0,1.0,100.0,1.0,100.0,1.0,100.0,1.0,100.0,N/A,N/A
dag_000332.txt,0.0,0.0,100.0,0.0,100.0,0.0,100.0,0.0,100.0,N/A,N/A
dgrid_000332.txt,0.0,0.0,100.0,0.0,100.0,0.0,100.0,0.0,100.0,N/A,N/A
ego_000332.txt,2.0,2.0,100.0,2.0,100.0,2.0,100.0,2.0,100.0,N/A,N/A
er_000332.txt,12.0,N/A,N/A,12.0,100.0,12.0,100.0,N/A,N/A,N/A,N/A
scale_free_000332.txt,1.0,1.0,100.0,1.0,100.0,1.0,100.0,1.0,100.0,N/A,N/A
dag_000333.txt,0.0,0.0,100.0,0.0,100.0,0.0,100.0,0.0,100.0,N/A,N/A
dgrid_000333.txt,5.0,5.0,100.0,5.0,100.0,5.0,100.0,5.0,100.0,N/A,N/A
ego_000333.txt,6.0,6.0,100.0,6.0,100.0,6.0,100.0,N/A,N/A,N/A,N/A
er_000333.txt,8.0,8.0,100.0,8.0,100.0,8.0,100.0,N/A,N/A,N/A,N/A
scale_free_000333.txt,2.0,2.0,100.0,2.0,100.0,2.0,100.0,2.0,100.0,N/A,N/A
dag_000334.txt,0.0,0.0,100.0,0.0,100.0,0.0,100.0,0.0,100.0,N/A,N/A
dgrid_000334.txt,3.0,3.0,100.0,3.0,100.0,3.0,100.0,3.0,100.0,N/A,N/A
ego_000334.txt,4.0,4.0,100.0,4.0,100.0,4.0,100.0,4.0,100.0,N/A,N/A
er_000334.txt,7.0,7.0,100.0,7.0,100.0,7.0,100.0,7.0,100.0,N/A,N/A
scale_free_000334.txt,1.0,1.0,100.0,1.0,100.0,1.0,100.0,1.0,100.0,N/A,N/A
dag_000335.txt,0.0,0.0,100.0,0.0,100.0,0.0,100.0,0.0,100.0,N/A,N/A
dgrid_000335.txt,3.0,3.0,100.0,3.0,100.0,3.0,100.0,3.0,100.0,N/A,N/A
ego_000335.txt,0.0,0.0,100.0,0.0,100.0,0.0,100.0,0.0,100.0,N/A,N/A
er_000335.txt,7.0,7.0,100.0,7.0,100.0,7.0,100.0,7.0,100.0,N/A,N/A
scale_free_000335.txt,1.0,1.0,100.0,1.0,100.0,1.0,100.0,1.0,100.0,N/A,N/A
dag_000336.txt,0.0,0.0,100.0,0.0,100.0,0.0,100.0,0.0,100.0,N/A,N/A
dgrid_000336.txt,3.0,3.0,100.0,3.0,100.0,3.0,100.0,3.0,100.0,N/A,N/A
ego_000336.txt,3.0,3.0,100.0,3.0,100.0,3.0,100.0,3.0,100.0,N/A,N/A
er_000336.txt,8.0,8.0,100.0,8.0,100.0,8.0,100.0,8.0,100.0,N/A,N/A
scale_free_000336.txt,1.0,1.0,100.0,1.0,100.0,1.0,100.0,1.0,100.0,N/A,N/A
dag_000337.txt,0.0,0.0,100.0,0.0,100.0,0.0,100.0,0.0,100.0,N/A,N/A
dgrid_000337.txt,1.0,1.0,100.0,1.0,100.0,1.0,100.0,1.0,100.0,N/A,N/A
ego_000337.txt,5.0,5.0,100.0,5.0,100.0,5.0,100.0,5.0,100.0,N/A,N/A
er_000337.txt,6.0,6.0,100.0,6.0,100.0,6.0,100.0,6.0,100.0,N/A,N/A
scale_free_000337.txt,2.0,2.0,100.0,2.0,100.0,2.0,100.0,2.0,100.0,N/A,N/A
dag_000338.txt,0.0,0.0,100.0,0.0,100.0,0.0,100.0,0.0,100.0,N/A,N/A
dgrid_000338.txt,0.0,0.0,100.0,0.0,100.0,0.0,100.0,0.0,100.0,N/A,N/A
ego_000338.txt,6.0,6.0,100.0,6.0,100.0,6.0,100.0,6.0,100.0,N/A,N/A
er_000338.txt,7.0,7.0,100.0,7.0,100.0,7.0,100.0,7.0,100.0,N/A,N/A
scale_free_000338.txt,1.0,1.0,100.0,1.0,100.0,1.0,100.0,1.0,100.0,N/A,N/A
dag_000339.txt,0.0,0.0,100.0,0.0,100.0,0.0,100.0,0.0,100.0,N/A,N/A
dgrid_000339.txt,0.0,0.0,100.0,0.0,100.0,0.0,100.0,0.0,100.0,N/A,N/A
ego_000339.txt,8.0,8.0,100.0,8.0,100.0,8.0,100.0,8.0,100.0,N/A,N/A
er_000339.txt,7.0,7.0,100.0,7.0,100.0,7.0,100.0,7.0,100.0,N/A,N/A
scale_free_000339.txt,2.0,2.0,100.0,2.0,100.0,2.0,100.0,2.0,100.0,N/A,N/A
dag_000340.txt,0.0,0.0,100.0,0.0,100.0,0.0,100.0,0.0,100.0,N/A,N/A
dgrid_000340.txt,0.0,0.0,100.0,0.0,100.0,0.0,100.0,0.0,100.0,N/A,N/A
ego_000340.txt,3.0,3.0,100.0,3.0,100.0,3.0,100.0,3.0,100.0,N/A,N/A
er_000340.txt,10.0,10.0,100.0,10.0,100.0,10.0,100.0,N/A,N/A,N/A,N/A
scale_free_000340.txt,1.0,1.0,100.0,1.0,100.0,1.0,100.0,1.0,100.0,N/A,N/A
dag_000341.txt,0.0,0.0,100.0,0.0,100.0,0.0,100.0,0.0,100.0,N/A,N/A
dgrid_000341.txt,2.0,2.0,100.0,2.0,100.0,2.0,100.0,2.0,100.0,N/A,N/A
ego_000341.txt,0.0,0.0,100.0,0.0,100.0,0.0,100.0,0.0,100.0,N/A,N/A
er_000341.txt,1.0,1.0,100.0,1.0,100.0,1.0,100.0,1.0,100.0,N/A,N/A
scale_free_000341.txt,1.0,1.0,100.0,1.0,100.0,1.0,100.0,1.0,100.0,N/A,N/A
dag_000342.txt,0.0,0.0,100.0,0.0,100.0,0.0,100.0,0.0,100.0,N/A,N/A
dgrid_000342.txt,3.0,3.0,100.0,3.0,100.0,3.0,100.0,3.0,100.0,N/A,N/A
ego_000342.txt,0.0,0.0,100.0,0.0,100.0,0.0,100.0,0.0,100.0,N/A,N/A
er_000342.txt,7.0,7.0,100.0,7.0,100.0,7.0,100.0,7.0,100.0,N/A,N/A
scale_free_000342.txt,2.0,2.0,100.0,2.0,100.0,2.0,100.0,2.0,100.0,N/A,N/A
dag_000343.txt,0.0,0.0,100.0,0.0,100.0,0.0,100.0,0.0,100.0,N/A,N/A
dgrid_000343.txt,0.0,0.0,100.0,0.0,100.0,0.0,100.0,0.0,100.0,N/A,N/A
ego_000343.txt,1.0,1.0,100.0,1.0,100.0,1.0,100.0,1.0,100.0,N/A,N/A
er_000343.txt,15.0,N/A,N/A,15.0,100.0,15.0,100.0,N/A,N/A,N/A,N/A
scale_free_000343.txt,1.0,1.0,100.0,1.0,100.0,1.0,100.0,1.0,100.0,N/A,N/A
dag_000344.txt,0.0,0.0,100.0,0.0,100.0,0.0,100.0,0.0,100.0,N/A,N/A
dgrid_000344.txt,2.0,2.0,100.0,2.0,100.0,2.0,100.0,2.0,100.0,N/A,N/A
ego_000344.txt,0.0,0.0,100.0,0.0,100.0,0.0,100.0,0.0,100.0,N/A,N/A
er_000344.txt,9.0,9.0,100.0,9.0,100.0,9.0,100.0,9.0,100.0,N/A,N/A
scale_free_000344.txt,2.0,2.0,100.0,2.0,100.0,2.0,100.0,2.0,100.0,N/A,N/A
dag_000345.txt,0.0,0.0,100.0,0.0,100.0,0.0,100.0,0.0,100.0,N/A,N/A
dgrid_000345.txt,4.0,4.0,100.0,4.0,100.0,4.0,100.0,4.0,100.0,N/A,N/A
ego_000345.txt,4.0,4.0,100.0,4.0,100.0,4.0,100.0,4.0,100.0,N/A,N/A
er_000345.txt,0.0,0.0,100.0,0.0,100.0,0.0,100.0,0.0,100.0,N/A,N/A
scale_free_000345.txt,1.0,1.0,100.0,1.0,100.0,1.0,100.0,1.0,100.0,N/A,N/A
dag_000346.txt,0.0,0.0,100.0,0.0,100.0,0.0,100.0,0.0,100.0,N/A,N/A
dgrid_000346.txt,4.0,4.0,100.0,4.0,100.0,4.0,100.0,4.0,100.0,N/A,N/A
ego_000346.txt,10.0,10.0,100.0,10.0,100.0,10.0,100.0,N/A,N/A,N/A,N/A
er_000346.txt,9.0,9.0,100.0,9.0,100.0,9.0,100.0,9.0,100.0,N/A,N/A
scale_free_000346.txt,1.0,1.0,100.0,1.0,100.0,1.0,100.0,1.0,100.0,N/A,N/A
dag_000347.txt,0.0,0.0,100.0,0.0,100.0,0.0,100.0,0.0,100.0,N/A,N/A
dgrid_000347.txt,4.0,4.0,100.0,4.0,100.0,4.0,100.0,4.0,100.0,N/A,N/A
ego_000347.txt,9.0,9.0,100.0,9.0,100.0,9.0,100.0,N/A,N/A,N/A,N/A
er_000347.txt,9.0,9.0,100.0,9.0,100.0,9.0,100.0,9.0,100.0,N/A,N/A
scale_free_000347.txt,1.0,1.0,100.0,1.0,100.0,1.0,100.0,1.0,100.0,N/A,N/A
dag_000348.txt,0.0,0.0,100.0,0.0,100.0,0.0,100.0,0.0,100.0,N/A,N/A
dgrid_000348.txt,2.0,2.0,100.0,2.0,100.0,2.0,100.0,2.0,100.0,N/A,N/A
ego_000348.txt,4.0,4.0,100.0,4.0,100.0,4.0,100.0,4.0,100.0,N/A,N/A
er_000348.txt,6.0,6.0,100.0,6.0,100.0,6.0,100.0,6.0,100.0,N/A,N/A
scale_free_000348.txt,2.0,2.0,100.0,2.0,100.0,2.0,100.0,2.0,100.0,N/A,N/A
dag_000349.txt,0.0,0.0,100.0,0.0,100.0,0.0,100.0,0.0,100.0,N/A,N/A
dgrid_000349.txt,1.0,1.0,100.0,1.0,100.0,1.0,100.0,1.0,100.0,N/A,N/A
ego_000349.txt,9.0,9.0,100.0,9.0,100.0,9.0,100.0,N/A,N/A,N/A,N/A
er_000349.txt,10.0,10.0,100.0,10.0,100.0,10.0,100.0,N/A,N/A,N/A,N/A
scale_free_000349.txt,1.0,1.0,100.0,1.0,100.0,1.0,100.0,1.0,100.0,N/A,N/A
dag_000350.txt,0.0,0.0,100.0,0.0,100.0,0.0,100.0,0.0,100.0,N/A,N/A
dgrid_000350.txt,1.0,1.0,100.0,1.0,100.0,1.0,100.0,1.0,100.0,N/A,N/A
ego_000350.txt,5.0,5.0,100.0,5.0,100.0,5.0,100.0,5.0,100.0,N/A,N/A
er_000350.txt,3.0,3.0,100.0,3.0,100.0,3.0,100.0,3.0,100.0,N/A,N/A
scale_free_000350.txt,1.0,1.0,100.0,1.0,100.0,1.0,100.0,1.0,100.0,N/A,N/A
dag_000351.txt,0.0,0.0,100.0,0.0,100.0,0.0,100.0,0.0,100.0,N/A,N/A
dgrid_000351.txt,0.0,0.0,100.0,0.0,100.0,0.0,100.0,0.0,100.0,N/A,N/A
ego_000351.txt,6.0,6.0,100.0,6.0,100.0,6.0,100.0,6.0,100.0,N/A,N/A
er_000351.txt,5.0,5.0,100.0,5.0,100.0,5.0,100.0,5.0,100.0,N/A,N/A
scale_free_000351.txt,1.0,1.0,100.0,1.0,100.0,1.0,100.0,1.0,100.0,N/A,N/A
dag_000352.txt,0.0,0.0,100.0,0.0,100.0,0.0,100.0,0.0,100.0,N/A,N/A
dgrid_000352.txt,4.0,4.0,100.0,4.0,100.0,4.0,100.0,4.0,100.0,N/A,N/A
ego_000352.txt,2.0,2.0,100.0,2.0,100.0,2.0,100.0,2.0,100.0,N/A,N/A
er_000352.txt,6.0,6.0,100.0,6.0,100.0,6.0,100.0,6.0,100.0,N/A,N/A
scale_free_000352.txt,1.0,1.0,100.0,1.0,100.0,1.0,100.0,1.0,100.0,N/A,N/A
dag_000353.txt,0.0,0.0,100.0,0.0,100.0,0.0,100.0,0.0,100.0,N/A,N/A
dgrid_000353.txt,3.0,3.0,100.0,3.0,100.0,3.0,100.0,3.0,100.0,N/A,N/A
ego_000353.txt,4.0,4.0,100.0,4.0,100.0,4.0,100.0,4.0,100.0,N/A,N/A
er_000353.txt,6.0,6.0,100.0,6.0,100.0,6.0,100.0,6.0,100.0,N/A,N/A
scale_free_000353.txt,2.0,2.0,100.0,2.0,100.0,2.0,100.0,2.0,100.0,N/A,N/A
dag_000354.txt,0.0,0.0,100.0,0.0,100.0,0.0,100.0,0.0,100.0,N/A,N/A
dgrid_000354.txt,1.0,1.0,100.0,1.0,100.0,1.0,100.0,1.0,100.0,N/A,N/A
ego_000354.txt,11.0,11.0,100.0,11.0,100.0,11.0,100.0,N/A,N/A,N/A,N/A
er_000354.txt,2.0,2.0,100.0,2.0,100.0,2.0,100.0,2.0,100.0,N/A,N/A
scale_free_000354.txt,1.0,1.0,100.0,1.0,100.0,1.0,100.0,1.0,100.0,N/A,N/A
dag_000355.txt,0.0,0.0,100.0,0.0,100.0,0.0,100.0,0.0,100.0,N/A,N/A
dgrid_000355.txt,3.0,3.0,100.0,3.0,100.0,3.0,100.0,3.0,100.0,N/A,N/A
ego_000355.txt,0.0,0.0,100.0,0.0,100.0,0.0,100.0,0.0,100.0,N/A,N/A
er_000355.txt,17.0,N/A,N/A,17.0,100.0,17.0,100.0,N/A,N/A,N/A,N/A
scale_free_000355.txt,1.0,1.0,100.0,1.0,100.0,1.0,100.0,1.0,100.0,N/A,N/A
dag_000356.txt,0.0,0.0,100.0,0.0,100.0,0.0,100.0,0.0,100.0,N/A,N/A
dgrid_000356.txt,0.0,0.0,100.0,0.0,100.0,0.0,100.0,0.0,100.0,N/A,N/A
ego_000356.txt,6.0,6.0,100.0,6.0,100.0,6.0,100.0,6.0,100.0,N/A,N/A
er_000356.txt,0.0,0.0,100.0,0.0,100.0,0.0,100.0,0.0,100.0,N/A,N/A
scale_free_000356.txt,1.0,1.0,100.0,1.0,100.0,1.0,100.0,1.0,100.0,N/A,N/A
dag_000357.txt,0.0,0.0,100.0,0.0,100.0,0.0,100.0,0.0,100.0,N/A,N/A
dgrid_000357.txt,0.0,0.0,100.0,0.0,100.0,0.0,100.0,0.0,100.0,N/A,N/A
ego_000357.txt,12.0,12.0,100.0,12.0,100.0,12.0,100.0,N/A,N/A,N/A,N/A
er_000357.txt,17.0,N/A,N/A,17.0,100.0,17.0,100.0,N/A,N/A,N/A,N/A
scale_free_000357.txt,1.0,1.0,100.0,1.0,100.0,1.0,100.0,1.0,100.0,N/A,N/A
dag_000358.txt,0.0,0.0,100.0,0.0,100.0,0.0,100.0,0.0,100.0,N/A,N/A
dgrid_000358.txt,1.0,1.0,100.0,1.0,100.0,1.0,100.0,1.0,100.0,N/A,N/A
ego_000358.txt,0.0,0.0,100.0,0.0,100.0,0.0,100.0,0.0,100.0,N/A,N/A
er_000358.txt,8.0,8.0,100.0,8.0,100.0,8.0,100.0,8.0,100.0,N/A,N/A
scale_free_000358.txt,1.0,1.0,100.0,1.0,100.0,1.0,100.0,1.0,100.0,N/A,N/A
dag_000359.txt,0.0,0.0,100.0,0.0,100.0,0.0,100.0,0.0,100.0,N/A,N/A
dgrid_000359.txt,2.0,2.0,100.0,2.0,100.0,2.0,100.0,2.0,100.0,N/A,N/A
ego_000359.txt,3.0,3.0,100.0,3.0,100.0,3.0,100.0,3.0,100.0,N/A,N/A
er_000359.txt,7.0,7.0,100.0,7.0,100.0,7.0,100.0,N/A,N/A,N/A,N/A
scale_free_000359.txt,2.0,2.0,100.0,2.0,100.0,2.0,100.0,2.0,100.0,N/A,N/A
dag_000360.txt,0.0,0.0,100.0,0.0,100.0,0.0,100.0,0.0,100.0,N/A,N/A
dgrid_000360.txt,4.0,4.0,100.0,4.0,100.0,4.0,100.0,4.0,100.0,N/A,N/A
ego_000360.txt,0.0,0.0,100.0,0.0,100.0,0.0,100.0,0.0,100.0,N/A,N/A
er_000360.txt,4.0,4.0,100.0,4.0,100.0,4.0,100.0,4.0,100.0,N/A,N/A
scale_free_000360.txt,2.0,2.0,100.0,2.0,100.0,2.0,100.0,2.0,100.0,N/A,N/A
dag_000361.txt,0.0,0.0,100.0,0.0,100.0,0.0,100.0,0.0,100.0,N/A,N/A
dgrid_000361.txt,1.0,1.0,100.0,1.0,100.0,1.0,100.0,1.0,100.0,N/A,N/A
ego_000361.txt,0.0,0.0,100.0,0.0,100.0,0.0,100.0,0.0,100.0,N/A,N/A
er_000361.txt,13.0,N/A,N/A,13.0,100.0,13.0,100.0,N/A,N/A,N/A,N/A
scale_free_000361.txt,1.0,1.0,100.0,1.0,100.0,1.0,100.0,1.0,100.0,N/A,N/A
dag_000362.txt,0.0,0.0,100.0,0.0,100.0,0.0,100.0,0.0,100.0,N/A,N/A
dgrid_000362.txt,2.0,2.0,100.0,2.0,100.0,2.0,100.0,2.0,100.0,N/A,N/A
ego_000362.txt,6.0,6.0,100.0,6.0,100.0,6.0,100.0,6.0,100.0,N/A,N/A
er_000362.txt,9.0,9.0,100.0,9.0,100.0,9.0,100.0,9.0,100.0,N/A,N/A
scale_free_000362.txt,2.0,2.0,100.0,2.0,100.0,2.0,100.0,2.0,100.0,N/A,N/A
dag_000363.txt,0.0,0.0,100.0,0.0,100.0,0.0,100.0,0.0,100.0,N/A,N/A
dgrid_000363.txt,1.0,1.0,100.0,1.0,100.0,1.0,100.0,1.0,100.0,N/A,N/A
ego_000363.txt,10.0,10.0,100.0,10.0,100.0,10.0,100.0,N/A,N/A,N/A,N/A
er_000363.txt,12.0,N/A,N/A,12.0,100.0,13.0,92.3077,N/A,N/A,N/A,N/A
scale_free_000363.txt,2.0,2.0,100.0,2.0,100.0,2.0,100.0,2.0,100.0,N/A,N/A
dag_000364.txt,0.0,0.0,100.0,0.0,100.0,0.0,100.0,0.0,100.0,N/A,N/A
dgrid_000364.txt,5.0,5.0,100.0,5.0,100.0,5.0,100.0,5.0,100.0,N/A,N/A
ego_000364.txt,10.0,10.0,100.0,10.0,100.0,10.0,100.0,N/A,N/A,N/A,N/A
er_000364.txt,11.0,N/A,N/A,11.0,100.0,11.0,100.0,N/A,N/A,N/A,N/A
scale_free_000364.txt,1.0,1.0,100.0,1.0,100.0,1.0,100.0,1.0,100.0,N/A,N/A
dag_000365.txt,0.0,0.0,100.0,0.0,100.0,0.0,100.0,0.0,100.0,N/A,N/A
dgrid_000365.txt,3.0,3.0,100.0,3.0,100.0,3.0,100.0,3.0,100.0,N/A,N/A
ego_000365.txt,1.0,1.0,100.0,1.0,100.0,1.0,100.0,1.0,100.0,N/A,N/A
er_000365.txt,5.0,5.0,100.0,5.0,100.0,5.0,100.0,5.0,100.0,N/A,N/A
scale_free_000365.txt,1.0,1.0,100.0,1.0,100.0,1.0,100.0,1.0,100.0,N/A,N/A
dag_000366.txt,0.0,0.0,100.0,0.0,100.0,0.0,100.0,0.0,100.0,N/A,N/A
dgrid_000366.txt,3.0,3.0,100.0,3.0,100.0,3.0,100.0,3.0,100.0,N/A,N/A
ego_000366.txt,0.0,0.0,100.0,0.0,100.0,0.0,100.0,0.0,100.0,N/A,N/A
er_000366.txt,1.0,1.0,100.0,1.0,100.0,1.0,100.0,1.0,100.0,N/A,N/A
scale_free_000366.txt,1.0,1.0,100.0,1.0,100.0,1.0,100.0,1.0,100.0,N/A,N/A
dag_000367.txt,0.0,0.0,100.0,0.0,100.0,0.0,100.0,0.0,100.0,N/A,N/A
dgrid_000367.txt,4.0,4.0,100.0,4.0,100.0,4.0,100.0,4.0,100.0,N/A,N/A
ego_000367.txt,3.0,3.0,100.0,3.0,100.0,3.0,100.0,3.0,100.0,N/A,N/A
er_000367.txt,10.0,10.0,100.0,10.0,100.0,10.0,100.0,N/A,N/A,N/A,N/A
scale_free_000367.txt,1.0,1.0,100.0,1.0,100.0,1.0,100.0,1.0,100.0,N/A,N/A
dag_000368.txt,0.0,0.0,100.0,0.0,100.0,0.0,100.0,0.0,100.0,N/A,N/A
dgrid_000368.txt,3.0,3.0,100.0,3.0,100.0,3.0,100.0,3.0,100.0,N/A,N/A
ego_000368.txt,9.0,9.0,100.0,9.0,100.0,9.0,100.0,N/A,N/A,N/A,N/A
er_000368.txt,5.0,5.0,100.0,5.0,100.0,5.0,100.0,5.0,100.0,N/A,N/A
scale_free_000368.txt,1.0,1.0,100.0,1.0,100.0,1.0,100.0,1.0,100.0,N/A,N/A
dag_000369.txt,0.0,0.0,100.0,0.0,100.0,0.0,100.0,0.0,100.0,N/A,N/A
dgrid_000369.txt,0.0,0.0,100.0,0.0,100.0,0.0,100.0,0.0,100.0,N/A,N/A
ego_000369.txt,7.0,7.0,100.0,7.0,100.0,7.0,100.0,7.0,100.0,N/A,N/A
er_000369.txt,5.0,5.0,100.0,5.0,100.0,5.0,100.0,5.0,100.0,N/A,N/A
scale_free_000369.txt,1.0,1.0,100.0,1.0,100.0,1.0,100.0,1.0,100.0,N/A,N/A
dag_000370.txt,0.0,0.0,100.0,0.0,100.0,0.0,100.0,0.0,100.0,N/A,N/A
dgrid_000370.txt,1.0,1.0,100.0,1.0,100.0,1.0,100.0,1.0,100.0,N/A,N/A
ego_000370.txt,9.0,9.0,100.0,9.0,100.0,9.0,100.0,N/A,N/A,N/A,N/A
er_000370.txt,14.0,N/A,N/A,14.0,100.0,14.0,100.0,N/A,N/A,N/A,N/A
scale_free_000370.txt,2.0,2.0,100.0,2.0,100.0,2.0,100.0,2.0,100.0,N/A,N/A
dag_000371.txt,0.0,0.0,100.0,0.0,100.0,0.0,100.0,0.0,100.0,N/A,N/A
dgrid_000371.txt,5.0,5.0,100.0,5.0,100.0,5.0,100.0,5.0,100.0,N/A,N/A
ego_000371.txt,6.0,6.0,100.0,6.0,100.0,6.0,100.0,6.0,100.0,N/A,N/A
er_000371.txt,8.0,8.0,100.0,8.0,100.0,8.0,100.0,N/A,N/A,N/A,N/A
scale_free_000371.txt,1.0,1.0,100.0,1.0,100.0,1.0,100.0,1.0,100.0,N/A,N/A
dag_000372.txt,0.0,0.0,100.0,0.0,100.0,0.0,100.0,0.0,100.0,N/A,N/A
dgrid_000372.txt,0.0,0.0,100.0,0.0,100.0,0.0,100.0,0.0,100.0,N/A,N/A
ego_000372.txt,7.0,7.0,100.0,7.0,100.0,7.0,100.0,7.0,100.0,N/A,N/A
er_000372.txt,8.0,8.0,100.0,8.0,100.0,8.0,100.0,8.0,100.0,N/A,N/A
scale_free_000372.txt,1.0,1.0,100.0,1.0,100.0,1.0,100.0,1.0,100.0,N/A,N/A
dag_000373.txt,0.0,0.0,100.0,0.0,100.0,0.0,100.0,0.0,100.0,N/A,N/A
dgrid_000373.txt,2.0,2.0,100.0,2.0,100.0,2.0,100.0,2.0,100.0,N/A,N/A
ego_000373.txt,8.0,8.0,100.0,8.0,100.0,8.0,100.0,N/A,N/A,N/A,N/A
er_000373.txt,3.0,3.0,100.0,3.0,100.0,3.0,100.0,3.0,100.0,N/A,N/A
scale_free_000373.txt,2.0,2.0,100.0,2.0,100.0,2.0,100.0,2.0,100.0,N/A,N/A
dag_000374.txt,0.0,0.0,100.0,0.0,100.0,0.0,100.0,0.0,100.0,N/A,N/A
dgrid_000374.txt,5.0,5.0,100.0,5.0,100.0,5.0,100.0,5.0,100.0,N/A,N/A
ego_000374.txt,6.0,6.0,100.0,6.0,100.0,6.0,100.0,6.0,100.0,N/A,N/A
er_000374.txt,4.0,4.0,100.0,4.0,100.0,4.0,100.0,4.0,100.0,N/A,N/A
scale_free_000374.txt,1.0,1.0,100.0,1.0,100.0,1.0,100.0,1.0,100.0,N/A,N/A
dag_000375.txt,0.0,0.0,100.0,0.0,100.0,0.0,100.0,0.0,100.0,N/A,N/A
dgrid_000375.txt,0.0,0.0,100.0,0.0,100.0,0.0,100.0,0.0,100.0,N/A,N/A
ego_000375.txt,0.0,0.0,100.0,0.0,100.0,0.0,100.0,0.0,100.0,N/A,N/A
er_000375.txt,5.0,5.0,100.0,5.0,100.0,5.0,100.0,5.0,100.0,N/A,N/A
scale_free_000375.txt,2.0,2.0,100.0,2.0,100.0,2.0,100.0,2.0,100.0,N/A,N/A
dag_000376.txt,0.0,0.0,100.0,0.0,100.0,0.0,100.0,0.0,100.0,N/A,N/A
dgrid_000376.txt,1.0,1.0,100.0,1.0,100.0,1.0,100.0,1.0,100.0,N/A,N/A
ego_000376.txt,2.0,2.0,100.0,2.0,100.0,2.0,100.0,2.0,100.0,N/A,N/A
er_000376.txt,2.0,2.0,100.0,2.0,100.0,2.0,100.0,2.0,100.0,N/A,N/A
scale_free_000376.txt,2.0,2.0,100.0,2.0,100.0,2.0,100.0,2.0,100.0,N/A,N/A
dag_000377.txt,0.0,0.0,100.0,0.0,100.0,0.0,100.0,0.0,100.0,N/A,N/A
dgrid_000377.txt,2.0,2.0,100.0,2.0,100.0,2.0,100.0,2.0,100.0,N/A,N/A
ego_000377.txt,6.0,6.0,100.0,6.0,100.0,6.0,100.0,N/A,N/A,N/A,N/A
er_000377.txt,12.0,12.0,100.0,12.0,100.0,12.0,100.0,N/A,N/A,N/A,N/A
scale_free_000377.txt,1.0,1.0,100.0,1.0,100.0,1.0,100.0,1.0,100.0,N/A,N/A
dag_000378.txt,0.0,0.0,100.0,0.0,100.0,0.0,100.0,0.0,100.0,N/A,N/A
dgrid_000378.txt,3.0,3.0,100.0,3.0,100.0,3.0,100.0,3.0,100.0,N/A,N/A
ego_000378.txt,12.0,12.0,100.0,12.0,100.0,12.0,100.0,N/A,N/A,N/A,N/A
er_000378.txt,3.0,3.0,100.0,3.0,100.0,3.0,100.0,3.0,100.0,N/A,N/A
scale_free_000378.txt,1.0,1.0,100.0,1.0,100.0,1.0,100.0,1.0,100.0,N/A,N/A
dag_000379.txt,0.0,0.0,100.0,0.0,100.0,0.0,100.0,0.0,100.0,N/A,N/A
dgrid_000379.txt,2.0,2.0,100.0,2.0,100.0,2.0,100.0,2.0,100.0,N/A,N/A
ego_000379.txt,4.0,4.0,100.0,4.0,100.0,4.0,100.0,4.0,100.0,N/A,N/A
er_000379.txt,5.0,5.0,100.0,5.0,100.0,5.0,100.0,5.0,100.0,N/A,N/A
scale_free_000379.txt,1.0,1.0,100.0,1.0,100.0,1.0,100.0,1.0,100.0,N/A,N/A
dag_000380.txt,0.0,0.0,100.0,0.0,100.0,0.0,100.0,0.0,100.0,N/A,N/A
dgrid_000380.txt,2.0,2.0,100.0,2.0,100.0,2.0,100.0,2.0,100.0,N/A,N/A
ego_000380.txt,0.0,0.0,100.0,0.0,100.0,0.0,100.0,0.0,100.0,N/A,N/A
er_000380.txt,11.0,11.0,100.0,11.0,100.0,11.0,100.0,N/A,N/A,N/A,N/A
scale_free_000380.txt,2.0,2.0,100.0,2.0,100.0,2.0,100.0,2.0,100.0,N/A,N/A
dag_000381.txt,0.0,0.0,100.0,0.0,100.0,0.0,100.0,0.0,100.0,N/A,N/A
dgrid_000381.txt,3.0,3.0,100.0,3.0,100.0,3.0,100.0,3.0,100.0,N/A,N/A
ego_000381.txt,0.0,0.0,100.0,0.0,100.0,0.0,100.0,0.0,100.0,N/A,N/A
er_000381.txt,6.0,6.0,100.0,6.0,100.0,6.0,100.0,6.0,100.0,N/A,N/A
scale_free_000381.txt,1.0,1.0,100.0,1.0,100.0,1.0,100.0,1.0,100.0,N/A,N/A
dag_000382.txt,0.0,0.0,100.0,0.0,100.0,0.0,100.0,0.0,100.0,N/A,N/A
dgrid_000382.txt,2.0,2.0,100.0,2.0,100.0,2.0,100.0,2.0,100.0,N/A,N/A
ego_000382.txt,3.0,3.0,100.0,3.0,100.0,3.0,100.0,3.0,100.0,N/A,N/A
er_000382.txt,9.0,9.0,100.0,9.0,100.0,9.0,100.0,9.0,100.0,N/A,N/A
scale_free_000382.txt,1.0,1.0,100.0,1.0,100.0,1.0,100.0,1.0,100.0,N/A,N/A
dag_000383.txt,0.0,0.0,100.0,0.0,100.0,0.0,100.0,0.0,100.0,N/A,N/A
dgrid_000383.txt,4.0,4.0,100.0,4.0,100.0,4.0,100.0,4.0,100.0,N/A,N/A
ego_000383.txt,0.0,0.0,100.0,0.0,100.0,0.0,100.0,0.0,100.0,N/A,N/A
er_000383.txt,12.0,N/A,N/A,12.0,100.0,12.0,100.0,N/A,N/A,N/A,N/A
scale_free_000383.txt,2.0,2.0,100.0,2.0,100.0,2.0,100.0,2.0,100.0,N/A,N/A
dag_000384.txt,0.0,0.0,100.0,0.0,100.0,0.0,100.0,0.0,100.0,N/A,N/A
dgrid_000384.txt,2.0,2.0,100.0,2.0,100.0,2.0,100.0,2.0,100.0,N/A,N/A
ego_000384.txt,3.0,3.0,100.0,3.0,100.0,3.0,100.0,3.0,100.0,N/A,N/A
er_000384.txt,14.0,N/A,N/A,14.0,100.0,14.0,100.0,N/A,N/A,N/A,N/A
scale_free_000384.txt,1.0,1.0,100.0,1.0,100.0,1.0,100.0,1.0,100.0,N/A,N/A
dag_000385.txt,0.0,0.0,100.0,0.0,100.0,0.0,100.0,0.0,100.0,N/A,N/A
dgrid_000385.txt,4.0,4.0,100.0,4.0,100.0,4.0,100.0,4.0,100.0,N/A,N/A
ego_000385.txt,2.0,2.0,100.0,2.0,100.0,2.0,100.0,2.0,100.0,N/A,N/A
er_000385.txt,8.0,8.0,100.0,8.0,100.0,8.0,100.0,8.0,100.0,N/A,N/A
scale_free_000385.txt,1.0,1.0,100.0,1.0,100.0,1.0,100.0,1.0,100.0,N/A,N/A
dag_000386.txt,0.0,0.0,100.0,0.0,100.0,0.0,100.0,0.0,100.0,N/A,N/A
dgrid_000386.txt,4.0,4.0,100.0,4.0,100.0,4.0,100.0,4.0,100.0,N/A,N/A
ego_000386.txt,3.0,3.0,100.0,3.0,100.0,3.0,100.0,3.0,100.0,N/A,N/A
er_000386.txt,10.0,10.0,100.0,10.0,100.0,11.0,90.9091,N/A,N/A,N/A,N/A
scale_free_000386.txt,1.0,1.0,100.0,1.0,100.0,1.0,100.0,1.0,100.0,N/A,N/A
dag_000387.txt,0.0,0.0,100.0,0.0,100.0,0.0,100.0,0.0,100.0,N/A,N/A
dgrid_000387.txt,2.0,2.0,100.0,2.0,100.0,2.0,100.0,2.0,100.0,N/A,N/A
ego_000387.txt,10.0,10.0,100.0,10.0,100.0,10.0,100.0,N/A,N/A,N/A,N/A
er_000387.txt,8.0,8.0,100.0,8.0,100.0,8.0,100.0,8.0,100.0,N/A,N/A
scale_free_000387.txt,1.0,1.0,100.0,1.0,100.0,1.0,100.0,1.0,100.0,N/A,N/A
dag_000388.txt,0.0,0.0,100.0,0.0,100.0,0.0,100.0,0.0,100.0,N/A,N/A
dgrid_000388.txt,1.0,1.0,100.0,1.0,100.0,1.0,100.0,1.0,100.0,N/A,N/A
ego_000388.txt,5.0,5.0,100.0,5.0,100.0,5.0,100.0,5.0,100.0,N/A,N/A
er_000388.txt,4.0,4.0,100.0,4.0,100.0,4.0,100.0,4.0,100.0,N/A,N/A
scale_free_000388.txt,1.0,1.0,100.0,1.0,100.0,1.0,100.0,1.0,100.0,N/A,N/A
dag_000389.txt,0.0,0.0,100.0,0.0,100.0,0.0,100.0,0.0,100.0,N/A,N/A
dgrid_000389.txt,0.0,0.0,100.0,0.0,100.0,0.0,100.0,0.0,100.0,N/A,N/A
ego_000389.txt,4.0,4.0,100.0,4.0,100.0,4.0,100.0,4.0,100.0,N/A,N/A
er_000389.txt,7.0,7.0,100.0,7.0,100.0,7.0,100.0,N/A,N/A,N/A,N/A
scale_free_000389.txt,1.0,1.0,100.0,1.0,100.0,1.0,100.0,1.0,100.0,N/A,N/A
dag_000390.txt,0.0,0.0,100.0,0.0,100.0,0.0,100.0,0.0,100.0,N/A,N/A
dgrid_000390.txt,1.0,1.0,100.0,1.0,100.0,1.0,100.0,1.0,100.0,N/A,N/A
ego_000390.txt,18.0,18.0,100.0,18.0,100.0,18.0,100.0,N/A,N/A,N/A,N/A
er_000390.txt,1.0,1.0,100.0,1.0,100.0,1.0,100.0,1.0,100.0,N/A,N/A
scale_free_000390.txt,1.0,1.0,100.0,1.0,100.0,1.0,100.0,1.0,100.0,N/A,N/A
dag_000391.txt,0.0,0.0,100.0,0.0,100.0,0.0,100.0,0.0,100.0,N/A,N/A
dgrid_000391.txt,2.0,2.0,100.0,2.0,100.0,2.0,100.0,2.0,100.0,N/A,N/A
ego_000391.txt,9.0,9.0,100.0,9.0,100.0,9.0,100.0,N/A,N/A,N/A,N/A
er_000391.txt,3.0,3.0,100.0,3.0,100.0,3.0,100.0,3.0,100.0,N/A,N/A
scale_free_000391.txt,2.0,2.0,100.0,2.0,100.0,2.0,100.0,2.0,100.0,N/A,N/A
dag_000392.txt,0.0,0.0,100.0,0.0,100.0,0.0,100.0,0.0,100.0,N/A,N/A
dgrid_000392.txt,1.0,1.0,100.0,1.0,100.0,1.0,100.0,1.0,100.0,N/A,N/A
ego_000392.txt,5.0,5.0,100.0,5.0,100.0,5.0,100.0,5.0,100.0,N/A,N/A
er_000392.txt,11.0,N/A,N/A,11.0,100.0,11.0,100.0,N/A,N/A,N/A,N/A
scale_free_000392.txt,1.0,1.0,100.0,1.0,100.0,1.0,100.0,1.0,100.0,N/A,N/A
dag_000393.txt,0.0,0.0,100.0,0.0,100.0,0.0,100.0,0.0,100.0,N/A,N/A
dgrid_000393.txt,3.0,3.0,100.0,3.0,100.0,3.0,100.0,3.0,100.0,N/A,N/A
ego_000393.txt,4.0,4.0,100.0,4.0,100.0,4.0,100.0,4.0,100.0,N/A,N/A
er_000393.txt,12.0,12.0,100.0,12.0,100.0,12.0,100.0,N/A,N/A,N/A,N/A
scale_free_000393.txt,1.0,1.0,100.0,1.0,100.0,1.0,100.0,1.0,100.0,N/A,N/A
dag_000394.txt,0.0,0.0,100.0,0.0,100.0,0.0,100.0,0.0,100.0,N/A,N/A
dgrid_000394.txt,2.0,2.0,100.0,2.0,100.0,2.0,100.0,2.0,100.0,N/A,N/A
ego_000394.txt,1.0,1.0,100.0,1.0,100.0,1.0,100.0,1.0,100.0,N/A,N/A
er_000394.txt,8.0,8.0,100.0,8.0,100.0,8.0,100.0,N/A,N/A,N/A,N/A
scale_free_000394.txt,1.0,1.0,100.0,1.0,100.0,1.0,100.0,1.0,100.0,N/A,N/A
dag_000395.txt,0.0,0.0,100.0,0.0,100.0,0.0,100.0,0.0,100.0,N/A,N/A
dgrid_000395.txt,1.0,1.0,100.0,1.0,100.0,1.0,100.0,1.0,100.0,N/A,N/A
ego_000395.txt,13.0,13.0,100.0,13.0,100.0,13.0,100.0,N/A,N/A,N/A,N/A
er_000395.txt,13.0,N/A,N/A,13.0,100.0,13.0,100.0,N/A,N/A,N/A,N/A
scale_free_000395.txt,1.0,1.0,100.0,1.0,100.0,1.0,100.0,1.0,100.0,N/A,N/A
dag_000396.txt,0.0,0.0,100.0,0.0,100.0,0.0,100.0,0.0,100.0,N/A,N/A
dgrid_000396.txt,0.0,0.0,100.0,0.0,100.0,0.0,100.0,0.0,100.0,N/A,N/A
ego_000396.txt,13.0,13.0,100.0,13.0,100.0,13.0,100.0,N/A,N/A,N/A,N/A
er_000396.txt,12.0,12.0,100.0,12.0,100.0,12.0,100.0,N/A,N/A,N/A,N/A
scale_free_000396.txt,2.0,2.0,100.0,2.0,100.0,2.0,100.0,2.0,100.0,N/A,N/A
dag_000397.txt,0.0,0.0,100.0,0.0,100.0,0.0,100.0,0.0,100.0,N/A,N/A
dgrid_000397.txt,1.0,1.0,100.0,1.0,100.0,1.0,100.0,1.0,100.0,N/A,N/A
ego_000397.txt,11.0,11.0,100.0,11.0,100.0,11.0,100.0,N/A,N/A,N/A,N/A
er_000397.txt,8.0,8.0,100.0,8.0,100.0,8.0,100.0,8.0,100.0,N/A,N/A
scale_free_000397.txt,1.0,1.0,100.0,1.0,100.0,1.0,100.0,1.0,100.0,N/A,N/A
dag_000398.txt,0.0,0.0,100.0,0.0,100.0,0.0,100.0,0.0,100.0,N/A,N/A
dgrid_000398.txt,3.0,3.0,100.0,3.0,100.0,3.0,100.0,3.0,100.0,N/A,N/A
ego_000398.txt,0.0,0.0,100.0,0.0,100.0,0.0,100.0,0.0,100.0,N/A,N/A
er_000398.txt,11.0,N/A,N/A,11.0,100.0,11.0,100.0,N/A,N/A,N/A,N/A
scale_free_000398.txt,1.0,1.0,100.0,1.0,100.0,1.0,100.0,1.0,100.0,N/A,N/A
dag_000399.txt,0.0,0.0,100.0,0.0,100.0,0.0,100.0,0.0,100.0,N/A,N/A
dgrid_000399.txt,1.0,1.0,100.0,1.0,100.0,1.0,100.0,1.0,100.0,N/A,N/A
ego_000399.txt,7.0,7.0,100.0,7.0,100.0,7.0,100.0,7.0,100.0,N/A,N/A
er_000399.txt,16.0,N/A,N/A,16.0,100.0,16.0,100.0,N/A,N/A,N/A,N/A
scale_free_000399.txt,1.0,1.0,100.0,1.0,100.0,1.0,100.0,1.0,100.0,N/A,N/A
dag_000400.txt,0.0,0.0,100.0,0.0,100.0,0.0,100.0,0.0,100.0,N/A,N/A
dgrid_000400.txt,3.0,3.0,100.0,3.0,100.0,3.0,100.0,3.0,100.0,N/A,N/A
ego_000400.txt,2.0,2.0,100.0,2.0,100.0,2.0,100.0,2.0,100.0,N/A,N/A
er_000400.txt,9.0,9.0,100.0,9.0,100.0,9.0,100.0,N/A,N/A,N/A,N/A
scale_free_000400.txt,1.0,1.0,100.0,1.0,100.0,1.0,100.0,1.0,100.0,N/A,N/A
dag_000401.txt,0.0,0.0,100.0,0.0,100.0,0.0,100.0,0.0,100.0,N/A,N/A
dgrid_000401.txt,1.0,1.0,100.0,1.0,100.0,1.0,100.0,1.0,100.0,N/A,N/A
ego_000401.txt,3.0,3.0,100.0,3.0,100.0,3.0,100.0,3.0,100.0,N/A,N/A
er_000401.txt,6.0,6.0,100.0,6.0,100.0,6.0,100.0,6.0,100.0,N/A,N/A
scale_free_000401.txt,1.0,1.0,100.0,1.0,100.0,1.0,100.0,1.0,100.0,N/A,N/A
dag_000402.txt,0.0,0.0,100.0,0.0,100.0,0.0,100.0,0.0,100.0,N/A,N/A
dgrid_000402.txt,1.0,1.0,100.0,1.0,100.0,1.0,100.0,1.0,100.0,N/A,N/A
ego_000402.txt,12.0,12.0,100.0,12.0,100.0,12.0,100.0,N/A,N/A,N/A,N/A
er_000402.txt,7.0,7.0,100.0,7.0,100.0,7.0,100.0,7.0,100.0,N/A,N/A
scale_free_000402.txt,2.0,2.0,100.0,2.0,100.0,2.0,100.0,2.0,100.0,N/A,N/A
dag_000403.txt,0.0,0.0,100.0,0.0,100.0,0.0,100.0,0.0,100.0,N/A,N/A
dgrid_000403.txt,1.0,1.0,100.0,1.0,100.0,1.0,100.0,1.0,100.0,N/A,N/A
ego_000403.txt,5.0,5.0,100.0,5.0,100.0,5.0,100.0,5.0,100.0,N/A,N/A
er_000403.txt,6.0,6.0,100.0,6.0,100.0,6.0,100.0,6.0,100.0,N/A,N/A
scale_free_000403.txt,1.0,1.0,100.0,1.0,100.0,1.0,100.0,1.0,100.0,N/A,N/A
dag_000404.txt,0.0,0.0,100.0,0.0,100.0,0.0,100.0,0.0,100.0,N/A,N/A
dgrid_000404.txt,1.0,1.0,100.0,1.0,100.0,1.0,100.0,1.0,100.0,N/A,N/A
ego_000404.txt,4.0,4.0,100.0,4.0,100.0,4.0,100.0,4.0,100.0,N/A,N/A
er_000404.txt,6.0,6.0,100.0,6.0,100.0,6.0,100.0,6.0,100.0,N/A,N/A
scale_free_000404.txt,1.0,1.0,100.0,1.0,100.0,1.0,100.0,1.0,100.0,N/A,N/A
dag_000405.txt,0.0,0.0,100.0,0.0,100.0,0.0,100.0,0.0,100.0,N/A,N/A
dgrid_000405.txt,4.0,4.0,100.0,4.0,100.0,4.0,100.0,4.0,100.0,N/A,N/A
ego_000405.txt,3.0,3.0,100.0,3.0,100.0,3.0,100.0,3.0,100.0,N/A,N/A
er_000405.txt,10.0,10.0,100.0,10.0,100.0,10.0,100.0,N/A,N/A,N/A,N/A
scale_free_000405.txt,2.0,2.0,100.0,2.0,100.0,2.0,100.0,2.0,100.0,N/A,N/A
dag_000406.txt,0.0,0.0,100.0,0.0,100.0,0.0,100.0,0.0,100.0,N/A,N/A
dgrid_000406.txt,3.0,3.0,100.0,3.0,100.0,3.0,100.0,3.0,100.0,N/A,N/A
ego_000406.txt,2.0,2.0,100.0,2.0,100.0,2.0,100.0,2.0,100.0,N/A,N/A
er_000406.txt,18.0,N/A,N/A,18.0,100.0,18.0,100.0,N/A,N/A,N/A,N/A
scale_free_000406.txt,1.0,1.0,100.0,1.0,100.0,1.0,100.0,1.0,100.0,N/A,N/A
dag_000407.txt,0.0,0.0,100.0,0.0,100.0,0.0,100.0,0.0,100.0,N/A,N/A
dgrid_000407.txt,4.0,4.0,100.0,4.0,100.0,4.0,100.0,4.0,100.0,N/A,N/A
ego_000407.txt,3.0,3.0,100.0,3.0,100.0,3.0,100.0,3.0,100.0,N/A,N/A
er_000407.txt,9.0,9.0,100.0,9.0,100.0,9.0,100.0,N/A,N/A,N/A,N/A
scale_free_000407.txt,1.0,1.0,100.0,1.0,100.0,1.0,100.0,1.0,100.0,N/A,N/A
dag_000408.txt,0.0,0.0,100.0,0.0,100.0,0.0,100.0,0.0,100.0,N/A,N/A
dgrid_000408.txt,4.0,4.0,100.0,4.0,100.0,4.0,100.0,4.0,100.0,N/A,N/A
ego_000408.txt,1.0,1.0,100.0,1.0,100.0,1.0,100.0,1.0,100.0,N/A,N/A
er_000408.txt,12.0,N/A,N/A,12.0,100.0,12.0,100.0,N/A,N/A,N/A,N/A
scale_free_000408.txt,1.0,1.0,100.0,1.0,100.0,1.0,100.0,1.0,100.0,N/A,N/A
dag_000409.txt,0.0,0.0,100.0,0.0,100.0,0.0,100.0,0.0,100.0,N/A,N/A
dgrid_000409.txt,0.0,0.0,100.0,0.0,100.0,0.0,100.0,0.0,100.0,N/A,N/A
ego_000409.txt,2.0,2.0,100.0,2.0,100.0,2.0,100.0,2.0,100.0,N/A,N/A
er_000409.txt,4.0,4.0,100.0,4.0,100.0,4.0,100.0,4.0,100.0,N/A,N/A
scale_free_000409.txt,1.0,1.0,100.0,1.0,100.0,1.0,100.0,1.0,100.0,N/A,N/A
dag_000410.txt,0.0,0.0,100.0,0.0,100.0,0.0,100.0,0.0,100.0,N/A,N/A
dgrid_000410.txt,1.0,1.0,100.0,1.0,100.0,1.0,100.0,1.0,100.0,N/A,N/A
ego_000410.txt,9.0,9.0,100.0,9.0,100.0,9.0,100.0,N/A,N/A,N/A,N/A
er_000410.txt,10.0,10.0,100.0,10.0,100.0,10.0,100.0,N/A,N/A,N/A,N/A
scale_free_000410.txt,1.0,1.0,100.0,1.0,100.0,1.0,100.0,1.0,100.0,N/A,N/A
dag_000411.txt,0.0,0.0,100.0,0.0,100.0,0.0,100.0,0.0,100.0,N/A,N/A
dgrid_000411.txt,1.0,1.0,100.0,1.0,100.0,1.0,100.0,1.0,100.0,N/A,N/A
ego_000411.txt,9.0,9.0,100.0,9.0,100.0,9.0,100.0,N/A,N/A,N/A,N/A
er_000411.txt,9.0,9.0,100.0,9.0,100.0,9.0,100.0,9.0,100.0,N/A,N/A
scale_free_000411.txt,2.0,2.0,100.0,2.0,100.0,2.0,100.0,2.0,100.0,N/A,N/A
dag_000412.txt,0.0,0.0,100.0,0.0,100.0,0.0,100.0,0.0,100.0,N/A,N/A
dgrid_000412.txt,2.0,2.0,100.0,2.0,100.0,2.0,100.0,2.0,100.0,N/A,N/A
ego_000412.txt,1.0,1.0,100.0,1.0,100.0,1.0,100.0,1.0,100.0,N/A,N/A
er_000412.txt,5.0,5.0,100.0,5.0,100.0,5.0,100.0,5.0,100.0,N/A,N/A
scale_free_000412.txt,1.0,1.0,100.0,1.0,100.0,1.0,100.0,1.0,100.0,N/A,N/A
dag_000413.txt,0.0,0.0,100.0,0.0,100.0,0.0,100.0,0.0,100.0,N/A,N/A
dgrid_000413.txt,0.0,0.0,100.0,0.0,100.0,0.0,100.0,0.0,100.0,N/A,N/A
ego_000413.txt,17.0,17.0,100.0,17.0,100.0,17.0,100.0,N/A,N/A,N/A,N/A
er_000413.txt,3.0,3.0,100.0,3.0,100.0,3.0,100.0,3.0,100.0,N/A,N/A
scale_free_000413.txt,1.0,1.0,100.0,1.0,100.0,1.0,100.0,1.0,100.0,N/A,N/A
dag_000414.txt,0.0,0.0,100.0,0.0,100.0,0.0,100.0,0.0,100.0,N/A,N/A
dgrid_000414.txt,2.0,2.0,100.0,2.0,100.0,2.0,100.0,2.0,100.0,N/A,N/A
ego_000414.txt,7.0,7.0,100.0,7.0,100.0,7.0,100.0,N/A,N/A,N/A,N/A
er_000414.txt,6.0,6.0,100.0,6.0,100.0,6.0,100.0,6.0,100.0,N/A,N/A
scale_free_000414.txt,1.0,1.0,100.0,1.0,100.0,1.0,100.0,1.0,100.0,N/A,N/A
dag_000415.txt,0.0,0.0,100.0,0.0,100.0,0.0,100.0,0.0,100.0,N/A,N/A
dgrid_000415.txt,4.0,4.0,100.0,4.0,100.0,4.0,100.0,4.0,100.0,N/A,N/A
ego_000415.txt,0.0,0.0,100.0,0.0,100.0,0.0,100.0,0.0,100.0,N/A,N/A
er_000415.txt,4.0,4.0,100.0,4.0,100.0,4.0,100.0,4.0,100.0,N/A,N/A
scale_free_000415.txt,1.0,1.0,100.0,1.0,100.0,1.0,100.0,1.0,100.0,N/A,N/A
dag_000416.txt,0.0,0.0,100.0,0.0,100.0,0.0,100.0,0.0,100.0,N/A,N/A
dgrid_000416.txt,1.0,1.0,100.0,1.0,100.0,1.0,100.0,1.0,100.0,N/A,N/A
ego_000416.txt,0.0,0.0,100.0,0.0,100.0,0.0,100.0,0.0,100.0,N/A,N/A
er_000416.txt,8.0,8.0,100.0,8.0,100.0,8.0,100.0,8.0,100.0,N/A,N/A
scale_free_000416.txt,1.0,1.0,100.0,1.0,100.0,1.0,100.0,1.0,100.0,N/A,N/A
dag_000417.txt,0.0,0.0,100.0,0.0,100.0,0.0,100.0,0.0,100.0,N/A,N/A
dgrid_000417.txt,2.0,2.0,100.0,2.0,100.0,2.0,100.0,2.0,100.0,N/A,N/A
ego_000417.txt,1.0,1.0,100.0,1.0,100.0,1.0,100.0,1.0,100.0,N/A,N/A
er_000417.txt,9.0,9.0,100.0,9.0,100.0,9.0,100.0,9.0,100.0,N/A,N/A
scale_free_000417.txt,1.0,1.0,100.0,1.0,100.0,1.0,100.0,1.0,100.0,N/A,N/A
dag_000418.txt,0.0,0.0,100.0,0.0,100.0,0.0,100.0,0.0,100.0,N/A,N/A
dgrid_000418.txt,3.0,3.0,100.0,3.0,100.0,3.0,100.0,3.0,100.0,N/A,N/A
ego_000418.txt,10.0,10.0,100.0,10.0,100.0,10.0,100.0,N/A,N/A,N/A,N/A
er_000418.txt,18.0,N/A,N/A,18.0,100.0,19.0,94.7368,N/A,N/A,N/A,N/A
scale_free_000418.txt,2.0,2.0,100.0,2.0,100.0,2.0,100.0,2.0,100.0,N/A,N/A
dag_000419.txt,0.0,0.0,100.0,0.0,100.0,0.0,100.0,0.0,100.0,N/A,N/A
dgrid_000419.txt,2.0,2.0,100.0,2.0,100.0,2.0,100.0,2.0,100.0,N/A,N/A
ego_000419.txt,0.0,0.0,100.0,0.0,100.0,0.0,100.0,0.0,100.0,N/A,N/A
er_000419.txt,11.0,N/A,N/A,11.0,100.0,11.0,100.0,N/A,N/A,N/A,N/A
scale_free_000419.txt,2.0,2.0,100.0,2.0,100.0,2.0,100.0,2.0,100.0,N/A,N/A
dag_000420.txt,0.0,0.0,100.0,0.0,100.0,0.0,100.0,0.0,100.0,N/A,N/A
dgrid_000420.txt,1.0,1.0,100.0,1.0,100.0,1.0,100.0,1.0,100.0,N/A,N/A
ego_000420.txt,9.0,9.0,100.0,9.0,100.0,9.0,100.0,N/A,N/A,N/A,N/A
er_000420.txt,7.0,7.0,100.0,7.0,100.0,7.0,100.0,7.0,100.0,N/A,N/A
scale_free_000420.txt,1.0,1.0,100.0,1.0,100.0,1.0,100.0,1.0,100.0,N/A,N/A
dag_000421.txt,0.0,0.0,100.0,0.0,100.0,0.0,100.0,0.0,100.0,N/A,N/A
dgrid_000421.txt,2.0,2.0,100.0,2.0,100.0,2.0,100.0,2.0,100.0,N/A,N/A
ego_000421.txt,4.0,4.0,100.0,4.0,100.0,4.0,100.0,4.0,100.0,N/A,N/A
er_000421.txt,3.0,3.0,100.0,3.0,100.0,3.0,100.0,3.0,100.0,N/A,N/A
scale_free_000421.txt,1.0,1.0,100.0,1.0,100.0,1.0,100.0,1.0,100.0,N/A,N/A
dag_000422.txt,0.0,0.0,100.0,0.0,100.0,0.0,100.0,0.0,100.0,N/A,N/A
dgrid_000422.txt,3.0,3.0,100.0,3.0,100.0,3.0,100.0,3.0,100.0,N/A,N/A
ego_000422.txt,6.0,6.0,100.0,6.0,100.0,6.0,100.0,6.0,100.0,N/A,N/A
er_000422.txt,7.0,7.0,100.0,7.0,100.0,7.0,100.0,7.0,100.0,N/A,N/A
scale_free_000422.txt,2.0,2.0,100.0,2.0,100.0,2.0,100.0,2.0,100.0,N/A,N/A
dag_000423.txt,0.0,0.0,100.0,0.0,100.0,0.0,100.0,0.0,100.0,N/A,N/A
dgrid_000423.txt,3.0,3.0,100.0,3.0,100.0,3.0,100.0,3.0,100.0,N/A,N/A
ego_000423.txt,2.0,2.0,100.0,2.0,100.0,2.0,100.0,2.0,100.0,N/A,N/A
er_000423.txt,3.0,3.0,100.0,3.0,100.0,3.0,100.0,3.0,100.0,N/A,N/A
scale_free_000423.txt,1.0,1.0,100.0,1.0,100.0,1.0,100.0,1.0,100.0,N/A,N/A
dag_000424.txt,0.0,0.0,100.0,0.0,100.0,0.0,100.0,0.0,100.0,N/A,N/A
dgrid_000424.txt,3.0,3.0,100.0,3.0,100.0,3.0,100.0,3.0,100.0,N/A,N/A
ego_000424.txt,0.0,0.0,100.0,0.0,100.0,0.0,100.0,0.0,100.0,N/A,N/A
er_000424.txt,7.0,7.0,100.0,7.0,100.0,7.0,100.0,N/A,N/A,N/A,N/A
scale_free_000424.txt,1.0,1.0,100.0,1.0,100.0,1.0,100.0,1.0,100.0,N/A,N/A
dag_000425.txt,0.0,0.0,100.0,0.0,100.0,0.0,100.0,0.0,100.0,N/A,N/A
dgrid_000425.txt,3.0,3.0,100.0,3.0,100.0,3.0,100.0,3.0,100.0,N/A,N/A
ego_000425.txt,9.0,9.0,100.0,9.0,100.0,9.0,100.0,N/A,N/A,N/A,N/A
er_000425.txt,5.0,5.0,100.0,5.0,100.0,5.0,100.0,5.0,100.0,N/A,N/A
scale_free_000425.txt,1.0,1.0,100.0,1.0,100.0,1.0,100.0,1.0,100.0,N/A,N/A
dag_000426.txt,0.0,0.0,100.0,0.0,100.0,0.0,100.0,0.0,100.0,N/A,N/A
dgrid_000426.txt,4.0,4.0,100.0,4.0,100.0,4.0,100.0,4.0,100.0,N/A,N/A
ego_000426.txt,1.0,1.0,100.0,1.0,100.0,1.0,100.0,1.0,100.0,N/A,N/A
er_000426.txt,8.0,8.0,100.0,8.0,100.0,8.0,100.0,8.0,100.0,N/A,N/A
scale_free_000426.txt,1.0,1.0,100.0,1.0,100.0,1.0,100.0,1.0,100.0,N/A,N/A
dag_000427.txt,0.0,0.0,100.0,0.0,100.0,0.0,100.0,0.0,100.0,N/A,N/A
dgrid_000427.txt,1.0,1.0,100.0,1.0,100.0,1.0,100.0,1.0,100.0,N/A,N/A
ego_000427.txt,11.0,11.0,100.0,11.0,100.0,11.0,100.0,11.0,100.0,N/A,N/A
er_000427.txt,6.0,6.0,100.0,6.0,100.0,6.0,100.0,6.0,100.0,N/A,N/A
scale_free_000427.txt,2.0,2.0,100.0,2.0,100.0,2.0,100.0,2.0,100.0,N/A,N/A
dag_000428.txt,0.0,0.0,100.0,0.0,100.0,0.0,100.0,0.0,100.0,N/A,N/A
dgrid_000428.txt,2.0,2.0,100.0,2.0,100.0,2.0,100.0,2.0,100.0,N/A,N/A
ego_000428.txt,11.0,11.0,100.0,11.0,100.0,11.0,100.0,N/A,N/A,N/A,N/A
er_000428.txt,5.0,5.0,100.0,5.0,100.0,5.0,100.0,5.0,100.0,N/A,N/A
scale_free_000428.txt,2.0,2.0,100.0,2.0,100.0,2.0,100.0,2.0,100.0,N/A,N/A
dag_000429.txt,0.0,0.0,100.0,0.0,100.0,0.0,100.0,0.0,100.0,N/A,N/A
dgrid_000429.txt,1.0,1.0,100.0,1.0,100.0,1.0,100.0,1.0,100.0,N/A,N/A
ego_000429.txt,9.0,9.0,100.0,9.0,100.0,9.0,100.0,9.0,100.0,N/A,N/A
er_000429.txt,10.0,10.0,100.0,10.0,100.0,10.0,100.0,10.0,100.0,N/A,N/A
scale_free_000429.txt,1.0,1.0,100.0,1.0,100.0,1.0,100.0,1.0,100.0,N/A,N/A
dag_000430.txt,0.0,0.0,100.0,0.0,100.0,0.0,100.0,0.0,100.0,N/A,N/A
dgrid_000430.txt,2.0,2.0,100.0,2.0,100.0,2.0,100.0,2.0,100.0,N/A,N/A
ego_000430.txt,16.0,16.0,100.0,16.0,100.0,16.0,100.0,N/A,N/A,N/A,N/A
er_000430.txt,4.0,4.0,100.0,4.0,100.0,4.0,100.0,4.0,100.0,N/A,N/A
scale_free_000430.txt,1.0,1.0,100.0,1.0,100.0,1.0,100.0,1.0,100.0,N/A,N/A
dag_000431.txt,0.0,0.0,100.0,0.0,100.0,0.0,100.0,0.0,100.0,N/A,N/A
dgrid_000431.txt,4.0,4.0,100.0,4.0,100.0,4.0,100.0,4.0,100.0,N/A,N/A
ego_000431.txt,3.0,3.0,100.0,3.0,100.0,3.0,100.0,3.0,100.0,N/A,N/A
er_000431.txt,4.0,4.0,100.0,4.0,100.0,4.0,100.0,4.0,100.0,N/A,N/A
scale_free_000431.txt,1.0,1.0,100.0,1.0,100.0,1.0,100.0,1.0,100.0,N/A,N/A
dag_000432.txt,0.0,0.0,100.0,0.0,100.0,0.0,100.0,0.0,100.0,N/A,N/A
dgrid_000432.txt,1.0,1.0,100.0,1.0,100.0,1.0,100.0,1.0,100.0,N/A,N/A
ego_000432.txt,10.0,10.0,100.0,10.0,100.0,10.0,100.0,N/A,N/A,N/A,N/A
er_000432.txt,4.0,4.0,100.0,4.0,100.0,4.0,100.0,4.0,100.0,N/A,N/A
scale_free_000432.txt,1.0,1.0,100.0,1.0,100.0,1.0,100.0,1.0,100.0,N/A,N/A
dag_000433.txt,0.0,0.0,100.0,0.0,100.0,0.0,100.0,0.0,100.0,N/A,N/A
dgrid_000433.txt,3.0,3.0,100.0,3.0,100.0,3.0,100.0,3.0,100.0,N/A,N/A
ego_000433.txt,2.0,2.0,100.0,2.0,100.0,2.0,100.0,2.0,100.0,N/A,N/A
er_000433.txt,6.0,6.0,100.0,6.0,100.0,6.0,100.0,6.0,100.0,N/A,N/A
scale_free_000433.txt,1.0,1.0,100.0,1.0,100.0,1.0,100.0,1.0,100.0,N/A,N/A
dag_000434.txt,0.0,0.0,100.0,0.0,100.0,0.0,100.0,0.0,100.0,N/A,N/A
dgrid_000434.txt,5.0,5.0,100.0,5.0,100.0,5.0,100.0,5.0,100.0,N/A,N/A
ego_000434.txt,0.0,0.0,100.0,0.0,100.0,0.0,100.0,0.0,100.0,N/A,N/A
er_000434.txt,3.0,3.0,100.0,3.0,100.0,3.0,100.0,3.0,100.0,N/A,N/A
scale_free_000434.txt,1.0,1.0,100.0,1.0,100.0,1.0,100.0,1.0,100.0,N/A,N/A
dag_000435.txt,0.0,0.0,100.0,0.0,100.0,0.0,100.0,0.0,100.0,N/A,N/A
dgrid_000435.txt,5.0,5.0,100.0,5.0,100.0,5.0,100.0,5.0,100.0,N/A,N/A
ego_000435.txt,14.0,14.0,100.0,14.0,100.0,14.0,100.0,N/A,N/A,N/A,N/A
er_000435.txt,9.0,9.0,100.0,9.0,100.0,9.0,100.0,N/A,N/A,N/A,N/A
scale_free_000435.txt,1.0,1.0,100.0,1.0,100.0,1.0,100.0,1.0,100.0,N/A,N/A
dag_000436.txt,0.0,0.0,100.0,0.0,100.0,0.0,100.0,0.0,100.0,N/A,N/A
dgrid_000436.txt,5.0,5.0,100.0,5.0,100.0,5.0,100.0,5.0,100.0,N/A,N/A
ego_000436.txt,6.0,6.0,100.0,6.0,100.0,6.0,100.0,6.0,100.0,N/A,N/A
er_000436.txt,7.0,7.0,100.0,7.0,100.0,7.0,100.0,7.0,100.0,N/A,N/A
scale_free_000436.txt,2.0,2.0,100.0,2.0,100.0,2.0,100.0,2.0,100.0,N/A,N/A
dag_000437.txt,0.0,0.0,100.0,0.0,100.0,0.0,100.0,0.0,100.0,N/A,N/A
dgrid_000437.txt,1.0,1.0,100.0,1.0,100.0,1.0,100.0,1.0,100.0,N/A,N/A
ego_000437.txt,4.0,4.0,100.0,4.0,100.0,4.0,100.0,4.0,100.0,N/A,N/A
er_000437.txt,17.0,N/A,N/A,17.0,100.0,17.0,100.0,N/A,N/A,N/A,N/A
scale_free_000437.txt,1.0,1.0,100.0,1.0,100.0,1.0,100.0,1.0,100.0,N/A,N/A
dag_000438.txt,0.0,0.0,100.0,0.0,100.0,0.0,100.0,0.0,100.0,N/A,N/A
dgrid_000438.txt,4.0,4.0,100.0,4.0,100.0,4.0,100.0,4.0,100.0,N/A,N/A
ego_000438.txt,10.0,10.0,100.0,10.0,100.0,10.0,100.0,N/A,N/A,N/A,N/A
er_000438.txt,9.0,9.0,100.0,9.0,100.0,9.0,100.0,9.0,100.0,N/A,N/A
scale_free_000438.txt,1.0,1.0,100.0,1.0,100.0,1.0,100.0,1.0,100.0,N/A,N/A
dag_000439.txt,0.0,0.0,100.0,0.0,100.0,0.0,100.0,0.0,100.0,N/A,N/A
dgrid_000439.txt,0.0,0.0,100.0,0.0,100.0,0.0,100.0,0.0,100.0,N/A,N/A
ego_000439.txt,12.0,12.0,100.0,12.0,100.0,12.0,100.0,N/A,N/A,N/A,N/A
er_000439.txt,13.0,N/A,N/A,13.0,100.0,13.0,100.0,N/A,N/A,N/A,N/A
scale_free_000439.txt,1.0,1.0,100.0,1.0,100.0,1.0,100.0,1.0,100.0,N/A,N/A
dag_000440.txt,0.0,0.0,100.0,0.0,100.0,0.0,100.0,0.0,100.0,N/A,N/A
dgrid_000440.txt,4.0,4.0,100.0,4.0,100.0,4.0,100.0,4.0,100.0,N/A,N/A
ego_000440.txt,9.0,9.0,100.0,9.0,100.0,9.0,100.0,N/A,N/A,N/A,N/A
er_000440.txt,4.0,4.0,100.0,4.0,100.0,4.0,100.0,4.0,100.0,N/A,N/A
scale_free_000440.txt,2.0,2.0,100.0,2.0,100.0,2.0,100.0,2.0,100.0,N/A,N/A
dag_000441.txt,0.0,0.0,100.0,0.0,100.0,0.0,100.0,0.0,100.0,N/A,N/A
dgrid_000441.txt,1.0,1.0,100.0,1.0,100.0,1.0,100.0,1.0,100.0,N/A,N/A
ego_000441.txt,9.0,9.0,100.0,9.0,100.0,9.0,100.0,N/A,N/A,N/A,N/A
er_000441.txt,8.0,8.0,100.0,8.0,100.0,8.0,100.0,8.0,100.0,N/A,N/A
scale_free_000441.txt,2.0,2.0,100.0,2.0,100.0,2.0,100.0,2.0,100.0,N/A,N/A
dag_000442.txt,0.0,0.0,100.0,0.0,100.0,0.0,100.0,0.0,100.0,N/A,N/A
dgrid_000442.txt,2.0,2.0,100.0,2.0,100.0,2.0,100.0,2.0,100.0,N/A,N/A
ego_000442.txt,2.0,2.0,100.0,2.0,100.0,2.0,100.0,2.0,100.0,N/A,N/A
er_000442.txt,7.0,7.0,100.0,7.0,100.0,7.0,100.0,7.0,100.0,N/A,N/A
scale_free_000442.txt,2.0,2.0,100.0,2.0,100.0,2.0,100.0,2.0,100.0,N/A,N/A
dag_000443.txt,0.0,0.0,100.0,0.0,100.0,0.0,100.0,0.0,100.0,N/A,N/A
dgrid_000443.txt,3.0,3.0,100.0,3.0,100.0,3.0,100.0,3.0,100.0,N/A,N/A
ego_000443.txt,9.0,9.0,100.0,9.0,100.0,9.0,100.0,N/A,N/A,N/A,N/A
er_000443.txt,4.0,4.0,100.0,4.0,100.0,4.0,100.0,4.0,100.0,N/A,N/A
scale_free_000443.txt,1.0,1.0,100.0,1.0,100.0,1.0,100.0,1.0,100.0,N/A,N/A
dag_000444.txt,0.0,0.0,100.0,0.0,100.0,0.0,100.0,0.0,100.0,N/A,N/A
dgrid_000444.txt,2.0,2.0,100.0,2.0,100.0,2.0,100.0,2.0,100.0,N/A,N/A
ego_000444.txt,0.0,0.0,100.0,0.0,100.0,0.0,100.0,0.0,100.0,N/A,N/A
er_000444.txt,7.0,7.0,100.0,7.0,100.0,7.0,100.0,N/A,N/A,N/A,N/A
scale_free_000444.txt,1.0,1.0,100.0,1.0,100.0,1.0,100.0,1.0,100.0,N/A,N/A
dag_000445.txt,0.0,0.0,100.0,0.0,100.0,0.0,100.0,0.0,100.0,N/A,N/A
dgrid_000445.txt,1.0,1.0,100.0,1.0,100.0,1.0,100.0,1.0,100.0,N/A,N/A
ego_000445.txt,0.0,0.0,100.0,0.0,100.0,0.0,100.0,0.0,100.0,N/A,N/A
er_000445.txt,5.0,5.0,100.0,5.0,100.0,5.0,100.0,5.0,100.0,N/A,N/A
scale_free_000445.txt,1.0,1.0,100.0,1.0,100.0,1.0,100.0,1.0,100.0,N/A,N/A
dag_000446.txt,0.0,0.0,100.0,0.0,100.0,0.0,100.0,0.0,100.0,N/A,N/A
dgrid_000446.txt,1.0,1.0,100.0,1.0,100.0,1.0,100.0,1.0,100.0,N/A,N/A
ego_000446.txt,1.0,1.0,100.0,1.0,100.0,1.0,100.0,1.0,100.0,N/A,N/A
er_000446.txt,11.0,11.0,100.0,11.0,100.0,11.0,100.0,N/A,N/A,N/A,N/A
scale_free_000446.txt,2.0,2.0,100.0,2.0,100.0,2.0,100.0,2.0,100.0,N/A,N/A
dag_000447.txt,0.0,0.0,100.0,0.0,100.0,0.0,100.0,0.0,100.0,N/A,N/A
dgrid_000447.txt,0.0,0.0,100.0,0.0,100.0,0.0,100.0,0.0,100.0,N/A,N/A
ego_000447.txt,13.0,13.0,100.0,13.0,100.0,13.0,100.0,N/A,N/A,N/A,N/A
er_000447.txt,3.0,3.0,100.0,3.0,100.0,3.0,100.0,3.0,100.0,N/A,N/A
scale_free_000447.txt,1.0,1.0,100.0,1.0,100.0,1.0,100.0,1.0,100.0,N/A,N/A
dag_000448.txt,0.0,0.0,100.0,0.0,100.0,0.0,100.0,0.0,100.0,N/A,N/A
dgrid_000448.txt,1.0,1.0,100.0,1.0,100.0,1.0,100.0,1.0,100.0,N/A,N/A
ego_000448.txt,0.0,0.0,100.0,0.0,100.0,0.0,100.0,0.0,100.0,N/A,N/A
er_000448.txt,11.0,N/A,N/A,11.0,100.0,11.0,100.0,N/A,N/A,N/A,N/A
scale_free_000448.txt,1.0,1.0,100.0,1.0,100.0,1.0,100.0,1.0,100.0,N/A,N/A
dag_000449.txt,0.0,0.0,100.0,0.0,100.0,0.0,100.0,0.0,100.0,N/A,N/A
dgrid_000449.txt,4.0,4.0,100.0,4.0,100.0,4.0,100.0,4.0,100.0,N/A,N/A
ego_000449.txt,3.0,3.0,100.0,3.0,100.0,3.0,100.0,3.0,100.0,N/A,N/A
er_000449.txt,2.0,2.0,100.0,2.0,100.0,2.0,100.0,2.0,100.0,N/A,N/A
scale_free_000449.txt,2.0,2.0,100.0,2.0,100.0,2.0,100.0,2.0,100.0,N/A,N/A
dag_000450.txt,0.0,0.0,100.0,0.0,100.0,0.0,100.0,0.0,100.0,N/A,N/A
dgrid_000450.txt,3.0,3.0,100.0,3.0,100.0,3.0,100.0,3.0,100.0,N/A,N/A
ego_000450.txt,2.0,2.0,100.0,2.0,100.0,2.0,100.0,2.0,100.0,N/A,N/A
er_000450.txt,7.0,7.0,100.0,7.0,100.0,7.0,100.0,7.0,100.0,N/A,N/A
scale_free_000450.txt,1.0,1.0,100.0,1.0,100.0,1.0,100.0,1.0,100.0,N/A,N/A
dag_000451.txt,0.0,0.0,100.0,0.0,100.0,0.0,100.0,0.0,100.0,N/A,N/A
dgrid_000451.txt,4.0,4.0,100.0,4.0,100.0,4.0,100.0,4.0,100.0,N/A,N/A
ego_000451.txt,2.0,2.0,100.0,2.0,100.0,2.0,100.0,2.0,100.0,N/A,N/A
er_000451.txt,7.0,7.0,100.0,7.0,100.0,7.0,100.0,7.0,100.0,N/A,N/A
scale_free_000451.txt,1.0,1.0,100.0,1.0,100.0,1.0,100.0,1.0,100.0,N/A,N/A
dag_000452.txt,0.0,0.0,100.0,0.0,100.0,0.0,100.0,0.0,100.0,N/A,N/A
dgrid_000452.txt,1.0,1.0,100.0,1.0,100.0,1.0,100.0,1.0,100.0,N/A,N/A
ego_000452.txt,1.0,1.0,100.0,1.0,100.0,1.0,100.0,1.0,100.0,N/A,N/A
er_000452.txt,14.0,N/A,N/A,14.0,100.0,14.0,100.0,N/A,N/A,N/A,N/A
scale_free_000452.txt,1.0,1.0,100.0,1.0,100.0,1.0,100.0,1.0,100.0,N/A,N/A
dag_000453.txt,0.0,0.0,100.0,0.0,100.0,0.0,100.0,0.0,100.0,N/A,N/A
dgrid_000453.txt,1.0,1.0,100.0,1.0,100.0,1.0,100.0,1.0,100.0,N/A,N/A
ego_000453.txt,6.0,6.0,100.0,6.0,100.0,6.0,100.0,6.0,100.0,N/A,N/A
er_000453.txt,5.0,5.0,100.0,5.0,100.0,5.0,100.0,5.0,100.0,N/A,N/A
scale_free_000453.txt,1.0,1.0,100.0,1.0,100.0,1.0,100.0,1.0,100.0,N/A,N/A
dag_000454.txt,0.0,0.0,100.0,0.0,100.0,0.0,100.0,0.0,100.0,N/A,N/A
dgrid_000454.txt,0.0,0.0,100.0,0.0,100.0,0.0,100.0,0.0,100.0,N/A,N/A
ego_000454.txt,10.0,10.0,100.0,10.0,100.0,10.0,100.0,N/A,N/A,N/A,N/A
er_000454.txt,19.0,N/A,N/A,19.0,100.0,20.0,95.0,N/A,N/A,N/A,N/A
scale_free_000454.txt,2.0,2.0,100.0,2.0,100.0,2.0,100.0,2.0,100.0,N/A,N/A
dag_000455.txt,0.0,0.0,100.0,0.0,100.0,0.0,100.0,0.0,100.0,N/A,N/A
dgrid_000455.txt,5.0,5.0,100.0,5.0,100.0,5.0,100.0,5.0,100.0,N/A,N/A
ego_000455.txt,3.0,3.0,100.0,3.0,100.0,3.0,100.0,3.0,100.0,N/A,N/A
er_000455.txt,1.0,1.0,100.0,1.0,100.0,1.0,100.0,1.0,100.0,N/A,N/A
scale_free_000455.txt,1.0,1.0,100.0,1.0,100.0,1.0,100.0,1.0,100.0,N/A,N/A
dag_000456.txt,0.0,0.0,100.0,0.0,100.0,0.0,100.0,0.0,100.0,N/A,N/A
dgrid_000456.txt,2.0,2.0,100.0,2.0,100.0,2.0,100.0,2.0,100.0,N/A,N/A
ego_000456.txt,3.0,3.0,100.0,3.0,100.0,3.0,100.0,3.0,100.0,N/A,N/A
er_000456.txt,3.0,3.0,100.0,3.0,100.0,3.0,100.0,3.0,100.0,N/A,N/A
scale_free_000456.txt,1.0,1.0,100.0,1.0,100.0,1.0,100.0,1.0,100.0,N/A,N/A
dag_000457.txt,0.0,0.0,100.0,0.0,100.0,0.0,100.0,0.0,100.0,N/A,N/A
dgrid_000457.txt,0.0,0.0,100.0,0.0,100.0,0.0,100.0,0.0,100.0,N/A,N/A
ego_000457.txt,3.0,3.0,100.0,3.0,100.0,3.0,100.0,3.0,100.0,N/A,N/A
er_000457.txt,8.0,8.0,100.0,8.0,100.0,8.0,100.0,8.0,100.0,N/A,N/A
scale_free_000457.txt,2.0,2.0,100.0,2.0,100.0,2.0,100.0,2.0,100.0,N/A,N/A
dag_000458.txt,0.0,0.0,100.0,0.0,100.0,0.0,100.0,0.0,100.0,N/A,N/A
dgrid_000458.txt,2.0,2.0,100.0,2.0,100.0,2.0,100.0,2.0,100.0,N/A,N/A
ego_000458.txt,8.0,8.0,100.0,8.0,100.0,8.0,100.0,8.0,100.0,N/A,N/A
er_000458.txt,11.0,11.0,100.0,11.0,100.0,11.0,100.0,N/A,N/A,N/A,N/A
scale_free_000458.txt,3.0,3.0,100.0,3.0,100.0,3.0,100.0,3.0,100.0,N/A,N/A
dag_000459.txt,0.0,0.0,100.0,0.0,100.0,0.0,100.0,0.0,100.0,N/A,N/A
dgrid_000459.txt,1.0,1.0,100.0,1.0,100.0,1.0,100.0,1.0,100.0,N/A,N/A
ego_000459.txt,16.0,16.0,100.0,16.0,100.0,16.0,100.0,N/A,N/A,N/A,N/A
er_000459.txt,3.0,3.0,100.0,3.0,100.0,3.0,100.0,3.0,100.0,N/A,N/A
scale_free_000459.txt,1.0,1.0,100.0,1.0,100.0,1.0,100.0,1.0,100.0,N/A,N/A
dag_000460.txt,0.0,0.0,100.0,0.0,100.0,0.0,100.0,0.0,100.0,N/A,N/A
dgrid_000460.txt,4.0,4.0,100.0,4.0,100.0,4.0,100.0,4.0,100.0,N/A,N/A
ego_000460.txt,1.0,1.0,100.0,1.0,100.0,1.0,100.0,1.0,100.0,N/A,N/A
er_000460.txt,6.0,6.0,100.0,6.0,100.0,6.0,100.0,6.0,100.0,N/A,N/A
scale_free_000460.txt,2.0,2.0,100.0,2.0,100.0,2.0,100.0,2.0,100.0,N/A,N/A
dag_000461.txt,0.0,0.0,100.0,0.0,100.0,0.0,100.0,0.0,100.0,N/A,N/A
dgrid_000461.txt,2.0,2.0,100.0,2.0,100.0,2.0,100.0,2.0,100.0,N/A,N/A
ego_000461.txt,7.0,7.0,100.0,7.0,100.0,7.0,100.0,7.0,100.0,N/A,N/A
er_000461.txt,4.0,4.0,100.0,4.0,100.0,4.0,100.0,4.0,100.0,N/A,N/A
scale_free_000461.txt,2.0,2.0,100.0,2.0,100.0,2.0,100.0,2.0,100.0,N/A,N/A
dag_000462.txt,0.0,0.0,100.0,0.0,100.0,0.0,100.0,0.0,100.0,N/A,N/A
dgrid_000462.txt,1.0,1.0,100.0,1.0,100.0,1.0,100.0,1.0,100.0,N/A,N/A
ego_000462.txt,0.0,0.0,100.0,0.0,100.0,0.0,100.0,0.0,100.0,N/A,N/A
er_000462.txt,10.0,10.0,100.0,10.0,100.0,10.0,100.0,10.0,100.0,N/A,N/A
scale_free_000462.txt,1.0,1.0,100.0,1.0,100.0,1.0,100.0,1.0,100.0,N/A,N/A
dag_000463.txt,0.0,0.0,100.0,0.0,100.0,0.0,100.0,0.0,100.0,N/A,N/A
dgrid_000463.txt,1.0,1.0,100.0,1.0,100.0,1.0,100.0,1.0,100.0,N/A,N/A
ego_000463.txt,12.0,12.0,100.0,12.0,100.0,12.0,100.0,N/A,N/A,N/A,N/A
er_000463.txt,1.0,1.0,100.0,1.0,100.0,1.0,100.0,1.0,100.0,N/A,N/A
scale_free_000463.txt,1.0,1.0,100.0,1.0,100.0,1.0,100.0,1.0,100.0,N/A,N/A
dag_000464.txt,0.0,0.0,100.0,0.0,100.0,0.0,100.0,0.0,100.0,N/A,N/A
dgrid_000464.txt,0.0,0.0,100.0,0.0,100.0,0.0,100.0,0.0,100.0,N/A,N/A
ego_000464.txt,9.0,9.0,100.0,9.0,100.0,9.0,100.0,N/A,N/A,N/A,N/A
er_000464.txt,15.0,N/A,N/A,15.0,100.0,15.0,100.0,N/A,N/A,N/A,N/A
scale_free_000464.txt,1.0,1.0,100.0,1.0,100.0,1.0,100.0,1.0,100.0,N/A,N/A
dag_000465.txt,0.0,0.0,100.0,0.0,100.0,0.0,100.0,0.0,100.0,N/A,N/A
dgrid_000465.txt,2.0,2.0,100.0,2.0,100.0,2.0,100.0,2.0,100.0,N/A,N/A
ego_000465.txt,0.0,0.0,100.0,0.0,100.0,0.0,100.0,0.0,100.0,N/A,N/A
er_000465.txt,10.0,10.0,100.0,10.0,100.0,10.0,100.0,N/A,N/A,N/A,N/A
scale_free_000465.txt,2.0,2.0,100.0,2.0,100.0,2.0,100.0,2.0,100.0,N/A,N/A
dag_000466.txt,0.0,0.0,100.0,0.0,100.0,0.0,100.0,0.0,100.0,N/A,N/A
dgrid_000466.txt,1.0,1.0,100.0,1.0,100.0,1.0,100.0,1.0,100.0,N/A,N/A
ego_000466.txt,2.0,2.0,100.0,2.0,100.0,2.0,100.0,2.0,100.0,N/A,N/A
er_000466.txt,9.0,9.0,100.0,9.0,100.0,9.0,100.0,9.0,100.0,N/A,N/A
scale_free_000466.txt,1.0,1.0,100.0,1.0,100.0,1.0,100.0,1.0,100.0,N/A,N/A
dag_000467.txt,0.0,0.0,100.0,0.0,100.0,0.0,100.0,0.0,100.0,N/A,N/A
dgrid_000467.txt,2.0,2.0,100.0,2.0,100.0,2.0,100.0,2.0,100.0,N/A,N/A
ego_000467.txt,10.0,10.0,100.0,10.0,100.0,10.0,100.0,N/A,N/A,N/A,N/A
er_000467.txt,3.0,3.0,100.0,3.0,100.0,3.0,100.0,3.0,100.0,N/A,N/A
scale_free_000467.txt,1.0,1.0,100.0,1.0,100.0,1.0,100.0,1.0,100.0,N/A,N/A
dag_000468.txt,0.0,0.0,100.0,0.0,100.0,0.0,100.0,0.0,100.0,N/A,N/A
dgrid_000468.txt,3.0,3.0,100.0,3.0,100.0,3.0,100.0,3.0,100.0,N/A,N/A
ego_000468.txt,2.0,2.0,100.0,2.0,100.0,2.0,100.0,2.0,100.0,N/A,N/A
er_000468.txt,4.0,4.0,100.0,4.0,100.0,4.0,100.0,4.0,100.0,N/A,N/A
scale_free_000468.txt,1.0,1.0,100.0,1.0,100.0,1.0,100.0,1.0,100.0,N/A,N/A
dag_000469.txt,0.0,0.0,100.0,0.0,100.0,0.0,100.0,0.0,100.0,N/A,N/A
dgrid_000469.txt,0.0,0.0,100.0,0.0,100.0,0.0,100.0,0.0,100.0,N/A,N/A
ego_000469.txt,1.0,1.0,100.0,1.0,100.0,1.0,100.0,1.0,100.0,N/A,N/A
er_000469.txt,2.0,2.0,100.0,2.0,100.0,2.0,100.0,2.0,100.0,N/A,N/A
scale_free_000469.txt,2.0,2.0,100.0,2.0,100.0,2.0,100.0,2.0,100.0,N/A,N/A
dag_000470.txt,0.0,0.0,100.0,0.0,100.0,0.0,100.0,0.0,100.0,N/A,N/A
dgrid_000470.txt,3.0,3.0,100.0,3.0,100.0,3.0,100.0,3.0,100.0,N/A,N/A
ego_000470.txt,2.0,2.0,100.0,2.0,100.0,2.0,100.0,2.0,100.0,N/A,N/A
er_000470.txt,14.0,N/A,N/A,14.0,100.0,14.0,100.0,N/A,N/A,N/A,N/A
scale_free_000470.txt,1.0,1.0,100.0,1.0,100.0,1.0,100.0,1.0,100.0,N/A,N/A
dag_000471.txt,0.0,0.0,100.0,0.0,100.0,0.0,100.0,0.0,100.0,N/A,N/A
dgrid_000471.txt,5.0,5.0,100.0,5.0,100.0,5.0,100.0,5.0,100.0,N/A,N/A
ego_000471.txt,10.0,10.0,100.0,10.0,100.0,10.0,100.0,N/A,N/A,N/A,N/A
er_000471.txt,12.0,12.0,100.0,12.0,100.0,13.0,92.3077,N/A,N/A,N/A,N/A
scale_free_000471.txt,1.0,1.0,100.0,1.0,100.0,1.0,100.0,1.0,100.0,N/A,N/A
dag_000472.txt,0.0,0.0,100.0,0.0,100.0,0.0,100.0,0.0,100.0,N/A,N/A
dgrid_000472.txt,5.0,5.0,100.0,5.0,100.0,5.0,100.0,5.0,100.0,N/A,N/A
ego_000472.txt,0.0,0.0,100.0,0.0,100.0,0.0,100.0,0.0,100.0,N/A,N/A
er_000472.txt,0.0,0.0,100.0,0.0,100.0,0.0,100.0,0.0,100.0,N/A,N/A
scale_free_000472.txt,2.0,2.0,100.0,2.0,100.0,2.0,100.0,2.0,100.0,N/A,N/A
dag_000473.txt,0.0,0.0,100.0,0.0,100.0,0.0,100.0,0.0,100.0,N/A,N/A
dgrid_000473.txt,1.0,1.0,100.0,1.0,100.0,1.0,100.0,1.0,100.0,N/A,N/A
ego_000473.txt,1.0,1.0,100.0,1.0,100.0,1.0,100.0,1.0,100.0,N/A,N/A
er_000473.txt,9.0,9.0,100.0,9.0,100.0,9.0,100.0,N/A,N/A,N/A,N/A
scale_free_000473.txt,2.0,2.0,100.0,2.0,100.0,2.0,100.0,2.0,100.0,N/A,N/A
dag_000474.txt,0.0,0.0,100.0,0.0,100.0,0.0,100.0,0.0,100.0,N/A,N/A
dgrid_000474.txt,0.0,0.0,100.0,0.0,100.0,0.0,100.0,0.0,100.0,N/A,N/A
ego_000474.txt,2.0,2.0,100.0,2.0,100.0,2.0,100.0,2.0,100.0,N/A,N/A
er_000474.txt,12.0,N/A,N/A,12.0,100.0,12.0,100.0,N/A,N/A,N/A,N/A
scale_free_000474.txt,2.0,2.0,100.0,2.0,100.0,2.0,100.0,2.0,100.0,N/A,N/A
dag_000475.txt,0.0,0.0,100.0,0.0,100.0,0.0,100.0,0.0,100.0,N/A,N/A
dgrid_000475.txt,2.0,2.0,100.0,2.0,100.0,2.0,100.0,2.0,100.0,N/A,N/A
ego_000475.txt,3.0,3.0,100.0,3.0,100.0,3.0,100.0,3.0,100.0,N/A,N/A
er_000475.txt,8.0,8.0,100.0,8.0,100.0,8.0,100.0,N/A,N/A,N/A,N/A
scale_free_000475.txt,1.0,1.0,100.0,1.0,100.0,1.0,100.0,1.0,100.0,N/A,N/A
dag_000476.txt,0.0,0.0,100.0,0.0,100.0,0.0,100.0,0.0,100.0,N/A,N/A
dgrid_000476.txt,3.0,3.0,100.0,3.0,100.0,3.0,100.0,3.0,100.0,N/A,N/A
ego_000476.txt,7.0,7.0,100.0,7.0,100.0,7.0,100.0,7.0,100.0,N/A,N/A
er_000476.txt,3.0,3.0,100.0,3.0,100.0,3.0,100.0,3.0,100.0,N/A,N/A
scale_free_000476.txt,2.0,2.0,100.0,2.0,100.0,2.0,100.0,2.0,100.0,N/A,N/A
dag_000477.txt,0.0,0.0,100.0,0.0,100.0,0.0,100.0,0.0,100.0,N/A,N/A
dgrid_000477.txt,1.0,1.0,100.0,1.0,100.0,1.0,100.0,1.0,100.0,N/A,N/A
ego_000477.txt,5.0,5.0,100.0,5.0,100.0,5.0,100.0,5.0,100.0,N/A,N/A
er_000477.txt,9.0,9.0,100.0,9.0,100.0,9.0,100.0,9.0,100.0,N/A,N/A
scale_free_000477.txt,1.0,1.0,100.0,1.0,100.0,1.0,100.0,1.0,100.0,N/A,N/A
dag_000478.txt,0.0,0.0,100.0,0.0,100.0,0.0,100.0,0.0,100.0,N/A,N/A
dgrid_000478.txt,0.0,0.0,100.0,0.0,100.0,0.0,100.0,0.0,100.0,N/A,N/A
ego_000478.txt,6.0,6.0,100.0,6.0,100.0,6.0,100.0,6.0,100.0,N/A,N/A
er_000478.txt,7.0,7.0,100.0,7.0,100.0,7.0,100.0,7.0,100.0,N/A,N/A
scale_free_000478.txt,1.0,1.0,100.0,1.0,100.0,1.0,100.0,1.0,100.0,N/A,N/A
dag_000479.txt,0.0,0.0,100.0,0.0,100.0,0.0,100.0,0.0,100.0,N/A,N/A
dgrid_000479.txt,3.0,3.0,100.0,3.0,100.0,3.0,100.0,3.0,100.0,N/A,N/A
ego_000479.txt,12.0,12.0,100.0,12.0,100.0,12.0,100.0,N/A,N/A,N/A,N/A
er_000479.txt,5.0,5.0,100.0,5.0,100.0,5.0,100.0,5.0,100.0,N/A,N/A
scale_free_000479.txt,1.0,1.0,100.0,1.0,100.0,1.0,100.0,1.0,100.0,N/A,N/A
dag_000480.txt,0.0,0.0,100.0,0.0,100.0,0.0,100.0,0.0,100.0,N/A,N/A
dgrid_000480.txt,1.0,1.0,100.0,1.0,100.0,1.0,100.0,1.0,100.0,N/A,N/A
ego_000480.txt,6.0,6.0,100.0,6.0,100.0,6.0,100.0,6.0,100.0,N/A,N/A
er_000480.txt,10.0,10.0,100.0,10.0,100.0,10.0,100.0,N/A,N/A,N/A,N/A
scale_free_000480.txt,2.0,2.0,100.0,2.0,100.0,2.0,100.0,2.0,100.0,N/A,N/A
dag_000481.txt,0.0,0.0,100.0,0.0,100.0,0.0,100.0,0.0,100.0,N/A,N/A
dgrid_000481.txt,1.0,1.0,100.0,1.0,100.0,1.0,100.0,1.0,100.0,N/A,N/A
ego_000481.txt,2.0,2.0,100.0,2.0,100.0,2.0,100.0,2.0,100.0,N/A,N/A
er_000481.txt,4.0,4.0,100.0,4.0,100.0,4.0,100.0,4.0,100.0,N/A,N/A
scale_free_000481.txt,1.0,1.0,100.0,1.0,100.0,1.0,100.0,1.0,100.0,N/A,N/A
dag_000482.txt,0.0,0.0,100.0,0.0,100.0,0.0,100.0,0.0,100.0,N/A,N/A
dgrid_000482.txt,1.0,1.0,100.0,1.0,100.0,1.0,100.0,1.0,100.0,N/A,N/A
ego_000482.txt,0.0,0.0,100.0,0.0,100.0,0.0,100.0,0.0,100.0,N/A,N/A
er_000482.txt,6.0,6.0,100.0,6.0,100.0,6.0,100.0,6.0,100.0,N/A,N/A
scale_free_000482.txt,1.0,1.0,100.0,1.0,100.0,1.0,100.0,1.0,100.0,N/A,N/A
dag_000483.txt,0.0,0.0,100.0,0.0,100.0,0.0,100.0,0.0,100.0,N/A,N/A
dgrid_000483.txt,1.0,1.0,100.0,1.0,100.0,1.0,100.0,1.0,100.0,N/A,N/A
ego_000483.txt,1.0,1.0,100.0,1.0,100.0,1.0,100.0,1.0,100.0,N/A,N/A
er_000483.txt,5.0,5.0,100.0,5.0,100.0,5.0,100.0,5.0,100.0,N/A,N/A
scale_free_000483.txt,1.0,1.0,100.0,1.0,100.0,1.0,100.0,1.0,100.0,N/A,N/A
dag_000484.txt,0.0,0.0,100.0,0.0,100.0,0.0,100.0,0.0,100.0,N/A,N/A
dgrid_000484.txt,2.0,2.0,100.0,2.0,100.0,2.0,100.0,2.0,100.0,N/A,N/A
ego_000484.txt,9.0,9.0,100.0,9.0,100.0,9.0,100.0,N/A,N/A,N/A,N/A
er_000484.txt,5.0,5.0,100.0,5.0,100.0,5.0,100.0,5.0,100.0,N/A,N/A
scale_free_000484.txt,1.0,1.0,100.0,1.0,100.0,1.0,100.0,1.0,100.0,N/A,N/A
dag_000485.txt,0.0,0.0,100.0,0.0,100.0,0.0,100.0,0.0,100.0,N/A,N/A
dgrid_000485.txt,0.0,0.0,100.0,0.0,100.0,0.0,100.0,0.0,100.0,N/A,N/A
ego_000485.txt,4.0,4.0,100.0,4.0,100.0,4.0,100.0,4.0,100.0,N/A,N/A
er_000485.txt,11.0,11.0,100.0,11.0,100.0,11.0,100.0,N/A,N/A,N/A,N/A
scale_free_000485.txt,1.0,1.0,100.0,1.0,100.0,1.0,100.0,1.0,100.0,N/A,N/A
dag_000486.txt,0.0,0.0,100.0,0.0,100.0,0.0,100.0,0.0,100.0,N/A,N/A
dgrid_000486.txt,3.0,3.0,100.0,3.0,100.0,3.0,100.0,3.0,100.0,N/A,N/A
ego_000486.txt,4.0,4.0,100.0,4.0,100.0,4.0,100.0,4.0,100.0,N/A,N/A
er_000486.txt,7.0,7.0,100.0,7.0,100.0,7.0,100.0,7.0,100.0,N/A,N/A
scale_free_000486.txt,2.0,2.0,100.0,2.0,100.0,2.0,100.0,2.0,100.0,N/A,N/A
dag_000487.txt,0.0,0.0,100.0,0.0,100.0,0.0,100.0,0.0,100.0,N/A,N/A
dgrid_000487.txt,1.0,1.0,100.0,1.0,100.0,1.0,100.0,1.0,100.0,N/A,N/A
ego_000487.txt,0.0,0.0,100.0,0.0,100.0,0.0,100.0,0.0,100.0,N/A,N/A
er_000487.txt,9.0,9.0,100.0,9.0,100.0,9.0,100.0,N/A,N/A,N/A,N/A
scale_free_000487.txt,2.0,2.0,100.0,2.0,100.0,2.0,100.0,2.0,100.0,N/A,N/A
dag_000488.txt,0.0,0.0,100.0,0.0,100.0,0.0,100.0,0.0,100.0,N/A,N/A
dgrid_000488.txt,5.0,5.0,100.0,5.0,100.0,5.0,100.0,5.0,100.0,N/A,N/A
ego_000488.txt,7.0,7.0,100.0,7.0,100.0,7.0,100.0,N/A,N/A,N/A,N/A
er_000488.txt,4.0,4.0,100.0,4.0,100.0,4.0,100.0,4.0,100.0,N/A,N/A
scale_free_000488.txt,1.0,1.0,100.0,1.0,100.0,1.0,100.0,1.0,100.0,N/A,N/A
dag_000489.txt,0.0,0.0,100.0,0.0,100.0,0.0,100.0,0.0,100.0,N/A,N/A
dgrid_000489.txt,1.0,1.0,100.0,1.0,100.0,1.0,100.0,1.0,100.0,N/A,N/A
ego_000489.txt,4.0,4.0,100.0,4.0,100.0,4.0,100.0,4.0,100.0,N/A,N/A
er_000489.txt,9.0,9.0,100.0,9.0,100.0,9.0,100.0,N/A,N/A,N/A,N/A
scale_free_000489.txt,1.0,1.0,100.0,1.0,100.0,1.0,100.0,1.0,100.0,N/A,N/A
dag_000490.txt,0.0,0.0,100.0,0.0,100.0,0.0,100.0,0.0,100.0,N/A,N/A
dgrid_000490.txt,2.0,2.0,100.0,2.0,100.0,2.0,100.0,2.0,100.0,N/A,N/A
ego_000490.txt,0.0,0.0,100.0,0.0,100.0,0.0,100.0,0.0,100.0,N/A,N/A
er_000490.txt,16.0,N/A,N/A,16.0,100.0,16.0,100.0,N/A,N/A,N/A,N/A
scale_free_000490.txt,2.0,2.0,100.0,2.0,100.0,2.0,100.0,2.0,100.0,N/A,N/A
dag_000491.txt,0.0,0.0,100.0,0.0,100.0,0.0,100.0,0.0,100.0,N/A,N/A
dgrid_000491.txt,4.0,4.0,100.0,4.0,100.0,4.0,100.0,4.0,100.0,N/A,N/A
ego_000491.txt,7.0,7.0,100.0,7.0,100.0,7.0,100.0,7.0,100.0,N/A,N/A
er_000491.txt,17.0,N/A,N/A,17.0,100.0,18.0,94.4444,N/A,N/A,N/A,N/A
scale_free_000491.txt,1.0,1.0,100.0,1.0,100.0,1.0,100.0,1.0,100.0,N/A,N/A
dag_000492.txt,0.0,0.0,100.0,0.0,100.0,0.0,100.0,0.0,100.0,N/A,N/A
dgrid_000492.txt,3.0,3.0,100.0,3.0,100.0,3.0,100.0,3.0,100.0,N/A,N/A
ego_000492.txt,12.0,12.0,100.0,12.0,100.0,12.0,100.0,N/A,N/A,N/A,N/A
er_000492.txt,12.0,12.0,100.0,12.0,100.0,12.0,100.0,N/A,N/A,N/A,N/A
scale_free_000492.txt,1.0,1.0,100.0,1.0,100.0,1.0,100.0,1.0,100.0,N/A,N/A
dag_000493.txt,0.0,0.0,100.0,0.0,100.0,0.0,100.0,0.0,100.0,N/A,N/A
dgrid_000493.txt,3.0,3.0,100.0,3.0,100.0,3.0,100.0,3.0,100.0,N/A,N/A
ego_000493.txt,4.0,4.0,100.0,4.0,100.0,4.0,100.0,4.0,100.0,N/A,N/A
er_000493.txt,4.0,4.0,100.0,4.0,100.0,4.0,100.0,4.0,100.0,N/A,N/A
scale_free_000493.txt,2.0,2.0,100.0,2.0,100.0,2.0,100.0,2.0,100.0,N/A,N/A
dag_000494.txt,0.0,0.0,100.0,0.0,100.0,0.0,100.0,0.0,100.0,N/A,N/A
dgrid_000494.txt,4.0,4.0,100.0,4.0,100.0,4.0,100.0,4.0,100.0,N/A,N/A
ego_000494.txt,0.0,0.0,100.0,0.0,100.0,0.0,100.0,0.0,100.0,N/A,N/A
er_000494.txt,4.0,4.0,100.0,4.0,100.0,4.0,100.0,4.0,100.0,N/A,N/A
scale_free_000494.txt,1.0,1.0,100.0,1.0,100.0,1.0,100.0,1.0,100.0,N/A,N/A
dag_000495.txt,0.0,0.0,100.0,0.0,100.0,0.0,100.0,0.0,100.0,N/A,N/A
dgrid_000495.txt,2.0,2.0,100.0,2.0,100.0,2.0,100.0,2.0,100.0,N/A,N/A
ego_000495.txt,9.0,9.0,100.0,9.0,100.0,9.0,100.0,N/A,N/A,N/A,N/A
er_000495.txt,9.0,9.0,100.0,9.0,100.0,9.0,100.0,9.0,100.0,N/A,N/A
scale_free_000495.txt,1.0,1.0,100.0,1.0,100.0,1.0,100.0,1.0,100.0,N/A,N/A
dag_000496.txt,0.0,0.0,100.0,0.0,100.0,0.0,100.0,0.0,100.0,N/A,N/A
dgrid_000496.txt,3.0,3.0,100.0,3.0,100.0,3.0,100.0,3.0,100.0,N/A,N/A
ego_000496.txt,1.0,1.0,100.0,1.0,100.0,1.0,100.0,1.0,100.0,N/A,N/A
er_000496.txt,8.0,8.0,100.0,8.0,100.0,8.0,100.0,8.0,100.0,N/A,N/A
scale_free_000496.txt,1.0,1.0,100.0,1.0,100.0,1.0,100.0,1.0,100.0,N/A,N/A
dag_000497.txt,0.0,0.0,100.0,0.0,100.0,0.0,100.0,0.0,100.0,N/A,N/A
dgrid_000497.txt,2.0,2.0,100.0,2.0,100.0,2.0,100.0,2.0,100.0,N/A,N/A
ego_000497.txt,7.0,7.0,100.0,7.0,100.0,7.0,100.0,N/A,N/A,N/A,N/A
er_000497.txt,3.0,3.0,100.0,3.0,100.0,3.0,100.0,3.0,100.0,N/A,N/A
scale_free_000497.txt,1.0,1.0,100.0,1.0,100.0,1.0,100.0,1.0,100.0,N/A,N/A
dag_000498.txt,0.0,0.0,100.0,0.0,100.0,0.0,100.0,0.0,100.0,N/A,N/A
dgrid_000498.txt,1.0,1.0,100.0,1.0,100.0,1.0,100.0,1.0,100.0,N/A,N/A
ego_000498.txt,0.0,0.0,100.0,0.0,100.0,0.0,100.0,0.0,100.0,N/A,N/A
er_000498.txt,1.0,1.0,100.0,1.0,100.0,1.0,100.0,1.0,100.0,N/A,N/A
scale_free_000498.txt,1.0,1.0,100.0,1.0,100.0,1.0,100.0,1.0,100.0,N/A,N/A
dag_000499.txt,0.0,0.0,100.0,0.0,100.0,0.0,100.0,0.0,100.0,N/A,N/A
dgrid_000499.txt,2.0,2.0,100.0,2.0,100.0,2.0,100.0,2.0,100.0,N/A,N/A
ego_000499.txt,0.0,0.0,100.0,0.0,100.0,0.0,100.0,0.0,100.0,N/A,N/A
er_000499.txt,8.0,8.0,100.0,8.0,100.0,8.0,100.0,N/A,N/A,N/A,N/A
scale_free_000499.txt,2.0,2.0,100.0,2.0,100.0,2.0,100.0,2.0,100.0,N/A,N/A
dag_000500.txt,0.0,0.0,100.0,0.0,100.0,0.0,100.0,0.0,100.0,N/A,N/A
dgrid_000500.txt,2.0,2.0,100.0,2.0,100.0,2.0,100.0,2.0,100.0,N/A,N/A
ego_000500.txt,18.0,18.0,100.0,18.0,100.0,18.0,100.0,N/A,N/A,N/A,N/A
er_000500.txt,8.0,8.0,100.0,8.0,100.0,8.0,100.0,8.0,100.0,N/A,N/A
scale_free_000500.txt,1.0,1.0,100.0,1.0,100.0,1.0,100.0,1.0,100.0,N/A,N/A
dag_000501.txt,0.0,0.0,100.0,0.0,100.0,0.0,100.0,0.0,100.0,N/A,N/A
dgrid_000501.txt,7.0,7.0,100.0,7.0,100.0,7.0,100.0,N/A,N/A,N/A,N/A
ego_000501.txt,3.0,3.0,100.0,3.0,100.0,3.0,100.0,3.0,100.0,N/A,N/A
er_000501.txt,11.0,11.0,100.0,11.0,100.0,11.0,100.0,N/A,N/A,N/A,N/A
scale_free_000501.txt,2.0,2.0,100.0,2.0,100.0,2.0,100.0,2.0,100.0,N/A,N/A
dag_000502.txt,0.0,0.0,100.0,0.0,100.0,0.0,100.0,0.0,100.0,N/A,N/A
dgrid_000502.txt,3.0,3.0,100.0,3.0,100.0,3.0,100.0,3.0,100.0,N/A,N/A
ego_000502.txt,0.0,0.0,100.0,0.0,100.0,0.0,100.0,0.0,100.0,N/A,N/A
er_000502.txt,1.0,1.0,100.0,1.0,100.0,1.0,100.0,1.0,100.0,N/A,N/A
scale_free_000502.txt,2.0,2.0,100.0,2.0,100.0,2.0,100.0,2.0,100.0,N/A,N/A
dag_000503.txt,0.0,0.0,100.0,0.0,100.0,0.0,100.0,0.0,100.0,N/A,N/A
dgrid_000503.txt,5.0,5.0,100.0,5.0,100.0,5.0,100.0,5.0,100.0,N/A,N/A
ego_000503.txt,10.0,10.0,100.0,10.0,100.0,10.0,100.0,N/A,N/A,N/A,N/A
er_000503.txt,7.0,7.0,100.0,7.0,100.0,7.0,100.0,N/A,N/A,N/A,N/A
scale_free_000503.txt,1.0,1.0,100.0,1.0,100.0,1.0,100.0,1.0,100.0,N/A,N/A
dag_000504.txt,0.0,0.0,100.0,0.0,100.0,0.0,100.0,0.0,100.0,N/A,N/A
dgrid_000504.txt,0.0,0.0,100.0,0.0,100.0,0.0,100.0,0.0,100.0,N/A,N/A
ego_000504.txt,8.0,8.0,100.0,8.0,100.0,8.0,100.0,N/A,N/A,N/A,N/A
er_000504.txt,17.0,N/A,N/A,17.0,100.0,17.0,100.0,N/A,N/A,N/A,N/A
scale_free_000504.txt,1.0,1.0,100.0,1.0,100.0,1.0,100.0,1.0,100.0,N/A,N/A
dag_000505.txt,0.0,0.0,100.0,0.0,100.0,0.0,100.0,0.0,100.0,N/A,N/A
dgrid_000505.txt,2.0,2.0,100.0,2.0,100.0,2.0,100.0,2.0,100.0,N/A,N/A
ego_000505.txt,2.0,2.0,100.0,2.0,100.0,2.0,100.0,2.0,100.0,N/A,N/A
er_000505.txt,5.0,5.0,100.0,5.0,100.0,5.0,100.0,5.0,100.0,N/A,N/A
scale_free_000505.txt,2.0,2.0,100.0,2.0,100.0,2.0,100.0,2.0,100.0,N/A,N/A
dag_000506.txt,0.0,0.0,100.0,0.0,100.0,0.0,100.0,0.0,100.0,N/A,N/A
dgrid_000506.txt,1.0,1.0,100.0,1.0,100.0,1.0,100.0,1.0,100.0,N/A,N/A
ego_000506.txt,6.0,6.0,100.0,6.0,100.0,6.0,100.0,6.0,100.0,N/A,N/A
er_000506.txt,17.0,N/A,N/A,17.0,100.0,17.0,100.0,N/A,N/A,N/A,N/A
scale_free_000506.txt,1.0,1.0,100.0,1.0,100.0,1.0,100.0,1.0,100.0,N/A,N/A
dag_000507.txt,0.0,0.0,100.0,0.0,100.0,0.0,100.0,0.0,100.0,N/A,N/A
dgrid_000507.txt,1.0,1.0,100.0,1.0,100.0,1.0,100.0,1.0,100.0,N/A,N/A
ego_000507.txt,2.0,2.0,100.0,2.0,100.0,2.0,100.0,2.0,100.0,N/A,N/A
er_000507.txt,2.0,2.0,100.0,2.0,100.0,2.0,100.0,2.0,100.0,N/A,N/A
scale_free_000507.txt,1.0,1.0,100.0,1.0,100.0,1.0,100.0,1.0,100.0,N/A,N/A
dag_000508.txt,0.0,0.0,100.0,0.0,100.0,0.0,100.0,0.0,100.0,N/A,N/A
dgrid_000508.txt,1.0,1.0,100.0,1.0,100.0,1.0,100.0,1.0,100.0,N/A,N/A
ego_000508.txt,1.0,1.0,100.0,1.0,100.0,1.0,100.0,1.0,100.0,N/A,N/A
er_000508.txt,9.0,9.0,100.0,9.0,100.0,10.0,90.0,9.0,100.0,N/A,N/A
scale_free_000508.txt,3.0,3.0,100.0,3.0,100.0,3.0,100.0,3.0,100.0,N/A,N/A
dag_000509.txt,0.0,0.0,100.0,0.0,100.0,0.0,100.0,0.0,100.0,N/A,N/A
dgrid_000509.txt,5.0,5.0,100.0,5.0,100.0,5.0,100.0,5.0,100.0,N/A,N/A
ego_000509.txt,0.0,0.0,100.0,0.0,100.0,0.0,100.0,0.0,100.0,N/A,N/A
er_000509.txt,9.0,9.0,100.0,9.0,100.0,9.0,100.0,N/A,N/A,N/A,N/A
scale_free_000509.txt,1.0,1.0,100.0,1.0,100.0,1.0,100.0,1.0,100.0,N/A,N/A
dag_000510.txt,0.0,0.0,100.0,0.0,100.0,0.0,100.0,0.0,100.0,N/A,N/A
dgrid_000510.txt,1.0,1.0,100.0,1.0,100.0,1.0,100.0,1.0,100.0,N/A,N/A
ego_000510.txt,20.0,N/A,N/A,20.0,100.0,20.0,100.0,N/A,N/A,N/A,N/A
er_000510.txt,8.0,8.0,100.0,8.0,100.0,8.0,100.0,N/A,N/A,N/A,N/A
scale_free_000510.txt,1.0,1.0,100.0,1.0,100.0,1.0,100.0,1.0,100.0,N/A,N/A
dag_000511.txt,0.0,0.0,100.0,0.0,100.0,0.0,100.0,0.0,100.0,N/A,N/A
dgrid_000511.txt,2.0,2.0,100.0,2.0,100.0,2.0,100.0,2.0,100.0,N/A,N/A
ego_000511.txt,0.0,0.0,100.0,0.0,100.0,0.0,100.0,0.0,100.0,N/A,N/A
er_000511.txt,12.0,12.0,100.0,12.0,100.0,12.0,100.0,N/A,N/A,N/A,N/A
scale_free_000511.txt,1.0,1.0,100.0,1.0,100.0,1.0,100.0,1.0,100.0,N/A,N/A
dag_000512.txt,0.0,0.0,100.0,0.0,100.0,0.0,100.0,0.0,100.0,N/A,N/A
dgrid_000512.txt,5.0,5.0,100.0,5.0,100.0,5.0,100.0,5.0,100.0,N/A,N/A
ego_000512.txt,0.0,0.0,100.0,0.0,100.0,0.0,100.0,0.0,100.0,N/A,N/A
er_000512.txt,6.0,6.0,100.0,6.0,100.0,6.0,100.0,6.0,100.0,N/A,N/A
scale_free_000512.txt,1.0,1.0,100.0,1.0,100.0,1.0,100.0,1.0,100.0,N/A,N/A
dag_000513.txt,0.0,0.0,100.0,0.0,100.0,0.0,100.0,0.0,100.0,N/A,N/A
dgrid_000513.txt,1.0,1.0,100.0,1.0,100.0,1.0,100.0,1.0,100.0,N/A,N/A
ego_000513.txt,4.0,4.0,100.0,4.0,100.0,4.0,100.0,4.0,100.0,N/A,N/A
er_000513.txt,10.0,N/A,N/A,10.0,100.0,10.0,100.0,N/A,N/A,N/A,N/A
scale_free_000513.txt,2.0,2.0,100.0,2.0,100.0,2.0,100.0,2.0,100.0,N/A,N/A
dag_000514.txt,0.0,0.0,100.0,0.0,100.0,0.0,100.0,0.0,100.0,N/A,N/A
dgrid_000514.txt,1.0,1.0,100.0,1.0,100.0,1.0,100.0,1.0,100.0,N/A,N/A
ego_000514.txt,13.0,13.0,100.0,13.0,100.0,13.0,100.0,N/A,N/A,N/A,N/A
er_000514.txt,12.0,12.0,100.0,12.0,100.0,12.0,100.0,N/A,N/A,N/A,N/A
scale_free_000514.txt,2.0,2.0,100.0,2.0,100.0,2.0,100.0,2.0,100.0,N/A,N/A
dag_000515.txt,0.0,0.0,100.0,0.0,100.0,0.0,100.0,0.0,100.0,N/A,N/A
dgrid_000515.txt,2.0,2.0,100.0,2.0,100.0,2.0,100.0,2.0,100.0,N/A,N/A
ego_000515.txt,0.0,0.0,100.0,0.0,100.0,0.0,100.0,0.0,100.0,N/A,N/A
er_000515.txt,10.0,10.0,100.0,10.0,100.0,10.0,100.0,10.0,100.0,N/A,N/A
scale_free_000515.txt,1.0,1.0,100.0,1.0,100.0,1.0,100.0,1.0,100.0,N/A,N/A
dag_000516.txt,0.0,0.0,100.0,0.0,100.0,0.0,100.0,0.0,100.0,N/A,N/A
dgrid_000516.txt,2.0,2.0,100.0,2.0,100.0,2.0,100.0,2.0,100.0,N/A,N/A
ego_000516.txt,0.0,0.0,100.0,0.0,100.0,0.0,100.0,0.0,100.0,N/A,N/A
er_000516.txt,4.0,4.0,100.0,4.0,100.0,4.0,100.0,4.0,100.0,N/A,N/A
scale_free_000516.txt,2.0,2.0,100.0,2.0,100.0,2.0,100.0,2.0,100.0,N/A,N/A
dag_000517.txt,0.0,0.0,100.0,0.0,100.0,0.0,100.0,0.0,100.0,N/A,N/A
dgrid_000517.txt,5.0,5.0,100.0,5.0,100.0,5.0,100.0,5.0,100.0,N/A,N/A
ego_000517.txt,6.0,6.0,100.0,6.0,100.0,6.0,100.0,6.0,100.0,N/A,N/A
er_000517.txt,5.0,5.0,100.0,5.0,100.0,5.0,100.0,5.0,100.0,N/A,N/A
scale_free_000517.txt,2.0,2.0,100.0,2.0,100.0,2.0,100.0,2.0,100.0,N/A,N/A
dag_000518.txt,0.0,0.0,100.0,0.0,100.0,0.0,100.0,0.0,100.0,N/A,N/A
dgrid_000518.txt,2.0,2.0,100.0,2.0,100.0,2.0,100.0,2.0,100.0,N/A,N/A
ego_000518.txt,0.0,0.0,100.0,0.0,100.0,0.0,100.0,0.0,100.0,N/A,N/A
er_000518.txt,1.0,1.0,100.0,1.0,100.0,1.0,100.0,1.0,100.0,N/A,N/A
scale_free_000518.txt,1.0,1.0,100.0,1.0,100.0,1.0,100.0,1.0,100.0,N/A,N/A
dag_000519.txt,0.0,0.0,100.0,0.0,100.0,0.0,100.0,0.0,100.0,N/A,N/A
dgrid_000519.txt,2.0,2.0,100.0,2.0,100.0,2.0,100.0,2.0,100.0,N/A,N/A
ego_000519.txt,0.0,0.0,100.0,0.0,100.0,0.0,100.0,0.0,100.0,N/A,N/A
er_000519.txt,8.0,8.0,100.0,8.0,100.0,8.0,100.0,8.0,100.0,N/A,N/A
scale_free_000519.txt,1.0,1.0,100.0,1.0,100.0,1.0,100.0,1.0,100.0,N/A,N/A
dag_000520.txt,0.0,0.0,100.0,0.0,100.0,0.0,100.0,0.0,100.0,N/A,N/A
dgrid_000520.txt,2.0,2.0,100.0,2.0,100.0,2.0,100.0,2.0,100.0,N/A,N/A
ego_000520.txt,1.0,1.0,100.0,1.0,100.0,1.0,100.0,1.0,100.0,N/A,N/A
er_000520.txt,8.0,8.0,100.0,8.0,100.0,8.0,100.0,8.0,100.0,N/A,N/A
scale_free_000520.txt,2.0,2.0,100.0,2.0,100.0,2.0,100.0,2.0,100.0,N/A,N/A
dag_000521.txt,0.0,0.0,100.0,0.0,100.0,0.0,100.0,0.0,100.0,N/A,N/A
dgrid_000521.txt,3.0,3.0,100.0,3.0,100.0,3.0,100.0,3.0,100.0,N/A,N/A
ego_000521.txt,2.0,2.0,100.0,2.0,100.0,2.0,100.0,2.0,100.0,N/A,N/A
er_000521.txt,12.0,N/A,N/A,12.0,100.0,12.0,100.0,N/A,N/A,N/A,N/A
scale_free_000521.txt,2.0,2.0,100.0,2.0,100.0,2.0,100.0,2.0,100.0,N/A,N/A
dag_000522.txt,0.0,0.0,100.0,0.0,100.0,0.0,100.0,0.0,100.0,N/A,N/A
dgrid_000522.txt,4.0,4.0,100.0,4.0,100.0,4.0,100.0,4.0,100.0,N/A,N/A
ego_000522.txt,0.0,0.0,100.0,0.0,100.0,0.0,100.0,0.0,100.0,N/A,N/A
er_000522.txt,10.0,10.0,100.0,10.0,100.0,10.0,100.0,N/A,N/A,N/A,N/A
scale_free_000522.txt,2.0,2.0,100.0,2.0,100.0,2.0,100.0,2.0,100.0,N/A,N/A
dag_000523.txt,0.0,0.0,100.0,0.0,100.0,0.0,100.0,0.0,100.0,N/A,N/A
dgrid_000523.txt,3.0,3.0,100.0,3.0,100.0,3.0,100.0,3.0,100.0,N/A,N/A
ego_000523.txt,0.0,0.0,100.0,0.0,100.0,0.0,100.0,0.0,100.0,N/A,N/A
er_000523.txt,12.0,N/A,N/A,12.0,100.0,12.0,100.0,N/A,N/A,N/A,N/A
scale_free_000523.txt,2.0,2.0,100.0,2.0,100.0,2.0,100.0,2.0,100.0,N/A,N/A
dag_000524.txt,0.0,0.0,100.0,0.0,100.0,0.0,100.0,0.0,100.0,N/A,N/A
dgrid_000524.txt,2.0,2.0,100.0,2.0,100.0,2.0,100.0,2.0,100.0,N/A,N/A
ego_000524.txt,8.0,8.0,100.0,8.0,100.0,8.0,100.0,N/A,N/A,N/A,N/A
er_000524.txt,4.0,4.0,100.0,4.0,100.0,4.0,100.0,4.0,100.0,N/A,N/A
scale_free_000524.txt,2.0,2.0,100.0,2.0,100.0,2.0,100.0,2.0,100.0,N/A,N/A
dag_000525.txt,0.0,0.0,100.0,0.0,100.0,0.0,100.0,0.0,100.0,N/A,N/A
dgrid_000525.txt,1.0,1.0,100.0,1.0,100.0,1.0,100.0,1.0,100.0,N/A,N/A
ego_000525.txt,4.0,4.0,100.0,4.0,100.0,4.0,100.0,4.0,100.0,N/A,N/A
er_000525.txt,4.0,4.0,100.0,4.0,100.0,4.0,100.0,4.0,100.0,N/A,N/A
scale_free_000525.txt,1.0,1.0,100.0,1.0,100.0,1.0,100.0,1.0,100.0,N/A,N/A
dag_000526.txt,0.0,0.0,100.0,0.0,100.0,0.0,100.0,0.0,100.0,N/A,N/A
dgrid_000526.txt,3.0,3.0,100.0,3.0,100.0,3.0,100.0,3.0,100.0,N/A,N/A
ego_000526.txt,4.0,4.0,100.0,4.0,100.0,4.0,100.0,4.0,100.0,N/A,N/A
er_000526.txt,7.0,7.0,100.0,7.0,100.0,7.0,100.0,7.0,100.0,N/A,N/A
scale_free_000526.txt,2.0,2.0,100.0,2.0,100.0,2.0,100.0,2.0,100.0,N/A,N/A
dag_000527.txt,0.0,0.0,100.0,0.0,100.0,0.0,100.0,0.0,100.0,N/A,N/A
dgrid_000527.txt,2.0,2.0,100.0,2.0,100.0,2.0,100.0,2.0,100.0,N/A,N/A
ego_000527.txt,10.0,10.0,100.0,10.0,100.0,10.0,100.0,N/A,N/A,N/A,N/A
er_000527.txt,8.0,8.0,100.0,8.0,100.0,8.0,100.0,8.0,100.0,N/A,N/A
scale_free_000527.txt,1.0,1.0,100.0,1.0,100.0,1.0,100.0,1.0,100.0,N/A,N/A
dag_000528.txt,0.0,0.0,100.0,0.0,100.0,0.0,100.0,0.0,100.0,N/A,N/A
dgrid_000528.txt,0.0,0.0,100.0,0.0,100.0,0.0,100.0,0.0,100.0,N/A,N/A
ego_000528.txt,13.0,13.0,100.0,13.0,100.0,13.0,100.0,N/A,N/A,N/A,N/A
er_000528.txt,7.0,7.0,100.0,7.0,100.0,7.0,100.0,7.0,100.0,N/A,N/A
scale_free_000528.txt,1.0,1.0,100.0,1.0,100.0,1.0,100.0,1.0,100.0,N/A,N/A
dag_000529.txt,0.0,0.0,100.0,0.0,100.0,0.0,100.0,0.0,100.0,N/A,N/A
dgrid_000529.txt,2.0,2.0,100.0,2.0,100.0,2.0,100.0,2.0,100.0,N/A,N/A
ego_000529.txt,4.0,4.0,100.0,4.0,100.0,4.0,100.0,4.0,100.0,N/A,N/A
er_000529.txt,10.0,10.0,100.0,10.0,100.0,10.0,100.0,N/A,N/A,N/A,N/A
scale_free_000529.txt,1.0,1.0,100.0,1.0,100.0,1.0,100.0,1.0,100.0,N/A,N/A
dag_000530.txt,0.0,0.0,100.0,0.0,100.0,0.0,100.0,0.0,100.0,N/A,N/A
dgrid_000530.txt,6.0,6.0,100.0,6.0,100.0,6.0,100.0,N/A,N/A,N/A,N/A
ego_000530.txt,0.0,0.0,100.0,0.0,100.0,0.0,100.0,0.0,100.0,N/A,N/A
er_000530.txt,6.0,6.0,100.0,6.0,100.0,6.0,100.0,6.0,100.0,N/A,N/A
scale_free_000530.txt,1.0,1.0,100.0,1.0,100.0,1.0,100.0,1.0,100.0,N/A,N/A
dag_000531.txt,0.0,0.0,100.0,0.0,100.0,0.0,100.0,0.0,100.0,N/A,N/A
dgrid_000531.txt,1.0,1.0,100.0,1.0,100.0,1.0,100.0,1.0,100.0,N/A,N/A
ego_000531.txt,7.0,7.0,100.0,7.0,100.0,7.0,100.0,7.0,100.0,N/A,N/A
er_000531.txt,5.0,5.0,100.0,5.0,100.0,5.0,100.0,5.0,100.0,N/A,N/A
scale_free_000531.txt,2.0,2.0,100.0,2.0,100.0,2.0,100.0,2.0,100.0,N/A,N/A
dag_000532.txt,0.0,0.0,100.0,0.0,100.0,0.0,100.0,0.0,100.0,N/A,N/A
dgrid_000532.txt,4.0,4.0,100.0,4.0,100.0,4.0,100.0,4.0,100.0,N/A,N/A
ego_000532.txt,0.0,0.0,100.0,0.0,100.0,0.0,100.0,0.0,100.0,N/A,N/A
er_000532.txt,5.0,5.0,100.0,5.0,100.0,5.0,100.0,5.0,100.0,N/A,N/A
scale_free_000532.txt,1.0,1.0,100.0,1.0,100.0,1.0,100.0,1.0,100.0,N/A,N/A
dag_000533.txt,0.0,0.0,100.0,0.0,100.0,0.0,100.0,0.0,100.0,N/A,N/A
dgrid_000533.txt,1.0,1.0,100.0,1.0,100.0,1.0,100.0,1.0,100.0,N/A,N/A
ego_000533.txt,3.0,3.0,100.0,3.0,100.0,3.0,100.0,3.0,100.0,N/A,N/A
er_000533.txt,12.0,12.0,100.0,12.0,100.0,12.0,100.0,N/A,N/A,N/A,N/A
scale_free_000533.txt,2.0,2.0,100.0,2.0,100.0,2.0,100.0,2.0,100.0,N/A,N/A
dag_000534.txt,0.0,0.0,100.0,0.0,100.0,0.0,100.0,0.0,100.0,N/A,N/A
dgrid_000534.txt,2.0,2.0,100.0,2.0,100.0,2.0,100.0,2.0,100.0,N/A,N/A
ego_000534.txt,0.0,0.0,100.0,0.0,100.0,0.0,100.0,0.0,100.0,N/A,N/A
er_000534.txt,8.0,8.0,100.0,8.0,100.0,8.0,100.0,8.0,100.0,N/A,N/A
scale_free_000534.txt,1.0,1.0,100.0,1.0,100.0,1.0,100.0,1.0,100.0,N/A,N/A
dag_000535.txt,0.0,0.0,100.0,0.0,100.0,0.0,100.0,0.0,100.0,N/A,N/A
dgrid_000535.txt,3.0,3.0,100.0,3.0,100.0,3.0,100.0,3.0,100.0,N/A,N/A
ego_000535.txt,0.0,0.0,100.0,0.0,100.0,0.0,100.0,0.0,100.0,N/A,N/A
er_000535.txt,10.0,10.0,100.0,10.0,100.0,10.0,100.0,10.0,100.0,N/A,N/A
scale_free_000535.txt,1.0,1.0,100.0,1.0,100.0,1.0,100.0,1.0,100.0,N/A,N/A
dag_000536.txt,0.0,0.0,100.0,0.0,100.0,0.0,100.0,0.0,100.0,N/A,N/A
dgrid_000536.txt,3.0,3.0,100.0,3.0,100.0,3.0,100.0,3.0,100.0,N/A,N/A
ego_000536.txt,6.0,6.0,100.0,6.0,100.0,6.0,100.0,6.0,100.0,N/A,N/A
er_000536.txt,11.0,11.0,100.0,11.0,100.0,11.0,100.0,N/A,N/A,N/A,N/A
scale_free_000536.txt,1.0,1.0,100.0,1.0,100.0,1.0,100.0,1.0,100.0,N/A,N/A
dag_000537.txt,0.0,0.0,100.0,0.0,100.0,0.0,100.0,0.0,100.0,N/A,N/A
dgrid_000537.txt,3.0,3.0,100.0,3.0,100.0,3.0,100.0,3.0,100.0,N/A,N/A
ego_000537.txt,3.0,3.0,100.0,3.0,100.0,3.0,100.0,3.0,100.0,N/A,N/A
er_000537.txt,10.0,10.0,100.0,10.0,100.0,10.0,100.0,N/A,N/A,N/A,N/A
scale_free_000537.txt,1.0,1.0,100.0,1.0,100.0,1.0,100.0,1.0,100.0,N/A,N/A
dag_000538.txt,0.0,0.0,100.0,0.0,100.0,0.0,100.0,0.0,100.0,N/A,N/A
dgrid_000538.txt,4.0,4.0,100.0,4.0,100.0,4.0,100.0,4.0,100.0,N/A,N/A
ego_000538.txt,2.0,2.0,100.0,2.0,100.0,2.0,100.0,2.0,100.0,N/A,N/A
er_000538.txt,9.0,9.0,100.0,9.0,100.0,9.0,100.0,9.0,100.0,N/A,N/A
scale_free_000538.txt,2.0,2.0,100.0,2.0,100.0,2.0,100.0,2.0,100.0,N/A,N/A
dag_000539.txt,0.0,0.0,100.0,0.0,100.0,0.0,100.0,0.0,100.0,N/A,N/A
dgrid_000539.txt,2.0,2.0,100.0,2.0,100.0,2.0,100.0,2.0,100.0,N/A,N/A
ego_000539.txt,9.0,9.0,100.0,9.0,100.0,9.0,100.0,9.0,100.0,N/A,N/A
er_000539.txt,1.0,1.0,100.0,1.0,100.0,1.0,100.0,1.0,100.0,N/A,N/A
scale_free_000539.txt,1.0,1.0,100.0,1.0,100.0,1.0,100.0,1.0,100.0,N/A,N/A
dag_000540.txt,0.0,0.0,100.0,0.0,100.0,0.0,100.0,0.0,100.0,N/A,N/A
dgrid_000540.txt,3.0,3.0,100.0,3.0,100.0,3.0,100.0,3.0,100.0,N/A,N/A
ego_000540.txt,0.0,0.0,100.0,0.0,100.0,0.0,100.0,0.0,100.0,N/A,N/A
er_000540.txt,5.0,5.0,100.0,5.0,100.0,5.0,100.0,5.0,100.0,N/A,N/A
scale_free_000540.txt,2.0,2.0,100.0,2.0,100.0,2.0,100.0,2.0,100.0,N/A,N/A
dag_000541.txt,0.0,0.0,100.0,0.0,100.0,0.0,100.0,0.0,100.0,N/A,N/A
dgrid_000541.txt,1.0,1.0,100.0,1.0,100.0,1.0,100.0,1.0,100.0,N/A,N/A
ego_000541.txt,10.0,10.0,100.0,10.0,100.0,10.0,100.0,N/A,N/A,N/A,N/A
er_000541.txt,5.0,5.0,100.0,5.0,100.0,5.0,100.0,5.0,100.0,N/A,N/A
scale_free_000541.txt,2.0,2.0,100.0,2.0,100.0,2.0,100.0,2.0,100.0,N/A,N/A
dag_000542.txt,0.0,0.0,100.0,0.0,100.0,0.0,100.0,0.0,100.0,N/A,N/A
dgrid_000542.txt,0.0,0.0,100.0,0.0,100.0,0.0,100.0,0.0,100.0,N/A,N/A
ego_000542.txt,0.0,0.0,100.0,0.0,100.0,0.0,100.0,0.0,100.0,N/A,N/A
er_000542.txt,2.0,2.0,100.0,2.0,100.0,2.0,100.0,2.0,100.0,N/A,N/A
scale_free_000542.txt,1.0,1.0,100.0,1.0,100.0,1.0,100.0,1.0,100.0,N/A,N/A
dag_000543.txt,0.0,0.0,100.0,0.0,100.0,0.0,100.0,0.0,100.0,N/A,N/A
dgrid_000543.txt,3.0,3.0,100.0,3.0,100.0,3.0,100.0,3.0,100.0,N/A,N/A
ego_000543.txt,3.0,3.0,100.0,3.0,100.0,3.0,100.0,3.0,100.0,N/A,N/A
er_000543.txt,2.0,2.0,100.0,2.0,100.0,2.0,100.0,2.0,100.0,N/A,N/A
scale_free_000543.txt,1.0,1.0,100.0,1.0,100.0,1.0,100.0,1.0,100.0,N/A,N/A
dag_000544.txt,0.0,0.0,100.0,0.0,100.0,0.0,100.0,0.0,100.0,N/A,N/A
dgrid_000544.txt,1.0,1.0,100.0,1.0,100.0,1.0,100.0,1.0,100.0,N/A,N/A
ego_000544.txt,9.0,9.0,100.0,9.0,100.0,9.0,100.0,N/A,N/A,N/A,N/A
er_000544.txt,12.0,12.0,100.0,12.0,100.0,12.0,100.0,N/A,N/A,N/A,N/A
scale_free_000544.txt,1.0,1.0,100.0,1.0,100.0,1.0,100.0,1.0,100.0,N/A,N/A
dag_000545.txt,0.0,0.0,100.0,0.0,100.0,0.0,100.0,0.0,100.0,N/A,N/A
dgrid_000545.txt,0.0,0.0,100.0,0.0,100.0,0.0,100.0,0.0,100.0,N/A,N/A
ego_000545.txt,2.0,2.0,100.0,2.0,100.0,2.0,100.0,2.0,100.0,N/A,N/A
er_000545.txt,12.0,12.0,100.0,12.0,100.0,12.0,100.0,N/A,N/A,N/A,N/A
scale_free_000545.txt,1.0,1.0,100.0,1.0,100.0,1.0,100.0,1.0,100.0,N/A,N/A
dag_000546.txt,0.0,0.0,100.0,0.0,100.0,0.0,100.0,0.0,100.0,N/A,N/A
dgrid_000546.txt,2.0,2.0,100.0,2.0,100.0,2.0,100.0,2.0,100.0,N/A,N/A
ego_000546.txt,0.0,0.0,100.0,0.0,100.0,0.0,100.0,0.0,100.0,N/A,N/A
er_000546.txt,1.0,1.0,100.0,1.0,100.0,1.0,100.0,1.0,100.0,N/A,N/A
scale_free_000546.txt,2.0,2.0,100.0,2.0,100.0,2.0,100.0,2.0,100.0,N/A,N/A
dag_000547.txt,0.0,0.0,100.0,0.0,100.0,0.0,100.0,0.0,100.0,N/A,N/A
dgrid_000547.txt,3.0,3.0,100.0,3.0,100.0,3.0,100.0,3.0,100.0,N/A,N/A
ego_000547.txt,8.0,8.0,100.0,8.0,100.0,8.0,100.0,N/A,N/A,N/A,N/A
er_000547.txt,14.0,N/A,N/A,14.0,100.0,14.0,100.0,N/A,N/A,N/A,N/A
scale_free_000547.txt,1.0,1.0,100.0,1.0,100.0,1.0,100.0,1.0,100.0,N/A,N/A
dag_000548.txt,0.0,0.0,100.0,0.0,100.0,0.0,100.0,0.0,100.0,N/A,N/A
dgrid_000548.txt,2.0,2.0,100.0,2.0,100.0,2.0,100.0,2.0,100.0,N/A,N/A
ego_000548.txt,11.0,11.0,100.0,11.0,100.0,11.0,100.0,N/A,N/A,N/A,N/A
er_000548.txt,2.0,2.0,100.0,2.0,100.0,2.0,100.0,2.0,100.0,N/A,N/A
scale_free_000548.txt,1.0,1.0,100.0,1.0,100.0,1.0,100.0,1.0,100.0,N/A,N/A
dag_000549.txt,0.0,0.0,100.0,0.0,100.0,0.0,100.0,0.0,100.0,N/A,N/A
dgrid_000549.txt,2.0,2.0,100.0,2.0,100.0,2.0,100.0,2.0,100.0,N/A,N/A
ego_000549.txt,17.0,17.0,100.0,17.0,100.0,17.0,100.0,N/A,N/A,N/A,N/A
er_000549.txt,15.0,N/A,N/A,15.0,100.0,15.0,100.0,N/A,N/A,N/A,N/A
scale_free_000549.txt,1.0,1.0,100.0,1.0,100.0,1.0,100.0,1.0,100.0,N/A,N/A
dag_000550.txt,0.0,0.0,100.0,0.0,100.0,0.0,100.0,0.0,100.0,N/A,N/A
dgrid_000550.txt,1.0,1.0,100.0,1.0,100.0,1.0,100.0,1.0,100.0,N/A,N/A
ego_000550.txt,3.0,3.0,100.0,3.0,100.0,3.0,100.0,3.0,100.0,N/A,N/A
er_000550.txt,4.0,4.0,100.0,4.0,100.0,4.0,100.0,4.0,100.0,N/A,N/A
scale_free_000550.txt,2.0,2.0,100.0,2.0,100.0,2.0,100.0,2.0,100.0,N/A,N/A
dag_000551.txt,0.0,0.0,100.0,0.0,100.0,0.0,100.0,0.0,100.0,N/A,N/A
dgrid_000551.txt,2.0,2.0,100.0,2.0,100.0,2.0,100.0,2.0,100.0,N/A,N/A
ego_000551.txt,3.0,3.0,100.0,3.0,100.0,3.0,100.0,3.0,100.0,N/A,N/A
er_000551.txt,6.0,6.0,100.0,6.0,100.0,6.0,100.0,6.0,100.0,N/A,N/A
scale_free_000551.txt,1.0,1.0,100.0,1.0,100.0,1.0,100.0,1.0,100.0,N/A,N/A
dag_000552.txt,0.0,0.0,100.0,0.0,100.0,0.0,100.0,0.0,100.0,N/A,N/A
dgrid_000552.txt,2.0,2.0,100.0,2.0,100.0,2.0,100.0,2.0,100.0,N/A,N/A
ego_000552.txt,13.0,13.0,100.0,13.0,100.0,13.0,100.0,N/A,N/A,N/A,N/A
er_000552.txt,17.0,N/A,N/A,17.0,100.0,17.0,100.0,N/A,N/A,N/A,N/A
scale_free_000552.txt,1.0,1.0,100.0,1.0,100.0,1.0,100.0,1.0,100.0,N/A,N/A
dag_000553.txt,0.0,0.0,100.0,0.0,100.0,0.0,100.0,0.0,100.0,N/A,N/A
dgrid_000553.txt,1.0,1.0,100.0,1.0,100.0,1.0,100.0,1.0,100.0,N/A,N/A
ego_000553.txt,8.0,8.0,100.0,8.0,100.0,8.0,100.0,8.0,100.0,N/A,N/A
er_000553.txt,5.0,5.0,100.0,5.0,100.0,5.0,100.0,5.0,100.0,N/A,N/A
scale_free_000553.txt,1.0,1.0,100.0,1.0,100.0,1.0,100.0,1.0,100.0,N/A,N/A
dag_000554.txt,0.0,0.0,100.0,0.0,100.0,0.0,100.0,0.0,100.0,N/A,N/A
dgrid_000554.txt,1.0,1.0,100.0,1.0,100.0,1.0,100.0,1.0,100.0,N/A,N/A
ego_000554.txt,0.0,0.0,100.0,0.0,100.0,0.0,100.0,0.0,100.0,N/A,N/A
er_000554.txt,7.0,7.0,100.0,7.0,100.0,7.0,100.0,7.0,100.0,N/A,N/A
scale_free_000554.txt,1.0,1.0,100.0,1.0,100.0,1.0,100.0,1.0,100.0,N/A,N/A
dag_000555.txt,0.0,0.0,100.0,0.0,100.0,0.0,100.0,0.0,100.0,N/A,N/A
dgrid_000555.txt,5.0,5.0,100.0,5.0,100.0,5.0,100.0,5.0,100.0,N/A,N/A
ego_000555.txt,5.0,5.0,100.0,5.0,100.0,5.0,100.0,5.0,100.0,N/A,N/A
er_000555.txt,11.0,11.0,100.0,11.0,100.0,11.0,100.0,11.0,100.0,N/A,N/A
scale_free_000555.txt,2.0,2.0,100.0,2.0,100.0,2.0,100.0,2.0,100.0,N/A,N/A
dag_000556.txt,0.0,0.0,100.0,0.0,100.0,0.0,100.0,0.0,100.0,N/A,N/A
dgrid_000556.txt,2.0,2.0,100.0,2.0,100.0,2.0,100.0,2.0,100.0,N/A,N/A
ego_000556.txt,2.0,2.0,100.0,2.0,100.0,2.0,100.0,2.0,100.0,N/A,N/A
er_000556.txt,1.0,1.0,100.0,1.0,100.0,1.0,100.0,1.0,100.0,N/A,N/A
scale_free_000556.txt,1.0,1.0,100.0,1.0,100.0,1.0,100.0,1.0,100.0,N/A,N/A
dag_000557.txt,0.0,0.0,100.0,0.0,100.0,0.0,100.0,0.0,100.0,N/A,N/A
dgrid_000557.txt,3.0,3.0,100.0,3.0,100.0,3.0,100.0,3.0,100.0,N/A,N/A
ego_000557.txt,0.0,0.0,100.0,0.0,100.0,0.0,100.0,0.0,100.0,N/A,N/A
er_000557.txt,13.0,N/A,N/A,13.0,100.0,13.0,100.0,N/A,N/A,N/A,N/A
scale_free_000557.txt,1.0,1.0,100.0,1.0,100.0,1.0,100.0,1.0,100.0,N/A,N/A
dag_000558.txt,0.0,0.0,100.0,0.0,100.0,0.0,100.0,0.0,100.0,N/A,N/A
dgrid_000558.txt,2.0,2.0,100.0,2.0,100.0,2.0,100.0,2.0,100.0,N/A,N/A
ego_000558.txt,2.0,2.0,100.0,2.0,100.0,2.0,100.0,2.0,100.0,N/A,N/A
er_000558.txt,10.0,10.0,100.0,10.0,100.0,11.0,90.9091,N/A,N/A,N/A,N/A
scale_free_000558.txt,1.0,1.0,100.0,1.0,100.0,1.0,100.0,1.0,100.0,N/A,N/A
dag_000559.txt,0.0,0.0,100.0,0.0,100.0,0.0,100.0,0.0,100.0,N/A,N/A
dgrid_000559.txt,5.0,5.0,100.0,5.0,100.0,5.0,100.0,5.0,100.0,N/A,N/A
ego_000559.txt,0.0,0.0,100.0,0.0,100.0,0.0,100.0,0.0,100.0,N/A,N/A
er_000559.txt,12.0,12.0,100.0,12.0,100.0,12.0,100.0,N/A,N/A,N/A,N/A
scale_free_000559.txt,1.0,1.0,100.0,1.0,100.0,1.0,100.0,1.0,100.0,N/A,N/A
dag_000560.txt,0.0,0.0,100.0,0.0,100.0,0.0,100.0,0.0,100.0,N/A,N/A
dgrid_000560.txt,3.0,3.0,100.0,3.0,100.0,3.0,100.0,3.0,100.0,N/A,N/A
ego_000560.txt,7.0,7.0,100.0,7.0,100.0,7.0,100.0,7.0,100.0,N/A,N/A
er_000560.txt,10.0,10.0,100.0,10.0,100.0,10.0,100.0,N/A,N/A,N/A,N/A
scale_free_000560.txt,2.0,2.0,100.0,2.0,100.0,2.0,100.0,2.0,100.0,N/A,N/A
dag_000561.txt,0.0,0.0,100.0,0.0,100.0,0.0,100.0,0.0,100.0,N/A,N/A
dgrid_000561.txt,3.0,3.0,100.0,3.0,100.0,3.0,100.0,3.0,100.0,N/A,N/A
ego_000561.txt,9.0,9.0,100.0,9.0,100.0,9.0,100.0,N/A,N/A,N/A,N/A
er_000561.txt,7.0,7.0,100.0,7.0,100.0,7.0,100.0,7.0,100.0,N/A,N/A
scale_free_000561.txt,1.0,1.0,100.0,1.0,100.0,1.0,100.0,1.0,100.0,N/A,N/A
dag_000562.txt,0.0,0.0,100.0,0.0,100.0,0.0,100.0,0.0,100.0,N/A,N/A
dgrid_000562.txt,3.0,3.0,100.0,3.0,100.0,3.0,100.0,3.0,100.0,N/A,N/A
ego_000562.txt,7.0,7.0,100.0,7.0,100.0,7.0,100.0,7.0,100.0,N/A,N/A
er_000562.txt,10.0,10.0,100.0,10.0,100.0,10.0,100.0,N/A,N/A,N/A,N/A
scale_free_000562.txt,1.0,1.0,100.0,1.0,100.0,1.0,100.0,1.0,100.0,N/A,N/A
dag_000563.txt,0.0,0.0,100.0,0.0,100.0,0.0,100.0,0.0,100.0,N/A,N/A
dgrid_000563.txt,1.0,1.0,100.0,1.0,100.0,1.0,100.0,1.0,100.0,N/A,N/A
ego_000563.txt,4.0,4.0,100.0,4.0,100.0,4.0,100.0,4.0,100.0,N/A,N/A
er_000563.txt,8.0,8.0,100.0,8.0,100.0,8.0,100.0,N/A,N/A,N/A,N/A
scale_free_000563.txt,2.0,2.0,100.0,2.0,100.0,2.0,100.0,2.0,100.0,N/A,N/A
dag_000564.txt,0.0,0.0,100.0,0.0,100.0,0.0,100.0,0.0,100.0,N/A,N/A
dgrid_000564.txt,4.0,4.0,100.0,4.0,100.0,4.0,100.0,4.0,100.0,N/A,N/A
ego_000564.txt,0.0,0.0,100.0,0.0,100.0,0.0,100.0,0.0,100.0,N/A,N/A
er_000564.txt,16.0,N/A,N/A,16.0,100.0,16.0,100.0,N/A,N/A,N/A,N/A
scale_free_000564.txt,1.0,1.0,100.0,1.0,100.0,1.0,100.0,1.0,100.0,N/A,N/A
dag_000565.txt,0.0,0.0,100.0,0.0,100.0,0.0,100.0,0.0,100.0,N/A,N/A
dgrid_000565.txt,2.0,2.0,100.0,2.0,100.0,2.0,100.0,2.0,100.0,N/A,N/A
ego_000565.txt,2.0,2.0,100.0,2.0,100.0,2.0,100.0,2.0,100.0,N/A,N/A
er_000565.txt,13.0,N/A,N/A,13.0,100.0,13.0,100.0,N/A,N/A,N/A,N/A
scale_free_000565.txt,1.0,1.0,100.0,1.0,100.0,1.0,100.0,1.0,100.0,N/A,N/A
dag_000566.txt,0.0,0.0,100.0,0.0,100.0,0.0,100.0,0.0,100.0,N/A,N/A
dgrid_000566.txt,4.0,4.0,100.0,4.0,100.0,4.0,100.0,4.0,100.0,N/A,N/A
ego_000566.txt,2.0,2.0,100.0,2.0,100.0,2.0,100.0,2.0,100.0,N/A,N/A
er_000566.txt,4.0,4.0,100.0,4.0,100.0,4.0,100.0,4.0,100.0,N/A,N/A
scale_free_000566.txt,1.0,1.0,100.0,1.0,100.0,1.0,100.0,1.0,100.0,N/A,N/A
dag_000567.txt,0.0,0.0,100.0,0.0,100.0,0.0,100.0,0.0,100.0,N/A,N/A
dgrid_000567.txt,4.0,4.0,100.0,4.0,100.0,4.0,100.0,4.0,100.0,N/A,N/A
ego_000567.txt,2.0,2.0,100.0,2.0,100.0,2.0,100.0,2.0,100.0,N/A,N/A
er_000567.txt,8.0,8.0,100.0,8.0,100.0,8.0,100.0,N/A,N/A,N/A,N/A
scale_free_000567.txt,1.0,1.0,100.0,1.0,100.0,1.0,100.0,1.0,100.0,N/A,N/A
dag_000568.txt,0.0,0.0,100.0,0.0,100.0,0.0,100.0,0.0,100.0,N/A,N/A
dgrid_000568.txt,2.0,2.0,100.0,2.0,100.0,2.0,100.0,2.0,100.0,N/A,N/A
ego_000568.txt,2.0,2.0,100.0,2.0,100.0,2.0,100.0,2.0,100.0,N/A,N/A
er_000568.txt,1.0,1.0,100.0,1.0,100.0,1.0,100.0,1.0,100.0,N/A,N/A
scale_free_000568.txt,2.0,2.0,100.0,2.0,100.0,2.0,100.0,2.0,100.0,N/A,N/A
dag_000569.txt,0.0,0.0,100.0,0.0,100.0,0.0,100.0,0.0,100.0,N/A,N/A
dgrid_000569.txt,7.0,7.0,100.0,7.0,100.0,7.0,100.0,N/A,N/A,N/A,N/A
ego_000569.txt,0.0,0.0,100.0,0.0,100.0,0.0,100.0,0.0,100.0,N/A,N/A
er_000569.txt,2.0,2.0,100.0,2.0,100.0,2.0,100.0,2.0,100.0,N/A,N/A
scale_free_000569.txt,2.0,2.0,100.0,2.0,100.0,2.0,100.0,2.0,100.0,N/A,N/A
dag_000570.txt,0.0,0.0,100.0,0.0,100.0,0.0,100.0,0.0,100.0,N/A,N/A
dgrid_000570.txt,1.0,1.0,100.0,1.0,100.0,1.0,100.0,1.0,100.0,N/A,N/A
ego_000570.txt,8.0,8.0,100.0,8.0,100.0,8.0,100.0,N/A,N/A,N/A,N/A
er_000570.txt,7.0,7.0,100.0,7.0,100.0,7.0,100.0,N/A,N/A,N/A,N/A
scale_free_000570.txt,1.0,1.0,100.0,1.0,100.0,1.0,100.0,1.0,100.0,N/A,N/A
dag_000571.txt,0.0,0.0,100.0,0.0,100.0,0.0,100.0,0.0,100.0,N/A,N/A
dgrid_000571.txt,0.0,0.0,100.0,0.0,100.0,0.0,100.0,0.0,100.0,N/A,N/A
ego_000571.txt,7.0,7.0,100.0,7.0,100.0,7.0,100.0,7.0,100.0,N/A,N/A
er_000571.txt,4.0,4.0,100.0,4.0,100.0,4.0,100.0,4.0,100.0,N/A,N/A
scale_free_000571.txt,1.0,1.0,100.0,1.0,100.0,1.0,100.0,1.0,100.0,N/A,N/A
dag_000572.txt,0.0,0.0,100.0,0.0,100.0,0.0,100.0,0.0,100.0,N/A,N/A
dgrid_000572.txt,2.0,2.0,100.0,2.0,100.0,2.0,100.0,2.0,100.0,N/A,N/A
ego_000572.txt,0.0,0.0,100.0,0.0,100.0,0.0,100.0,0.0,100.0,N/A,N/A
er_000572.txt,5.0,5.0,100.0,5.0,100.0,5.0,100.0,5.0,100.0,N/A,N/A
scale_free_000572.txt,1.0,1.0,100.0,1.0,100.0,1.0,100.0,1.0,100.0,N/A,N/A
dag_000573.txt,0.0,0.0,100.0,0.0,100.0,0.0,100.0,0.0,100.0,N/A,N/A
dgrid_000573.txt,0.0,0.0,100.0,0.0,100.0,0.0,100.0,0.0,100.0,N/A,N/A
ego_000573.txt,0.0,0.0,100.0,0.0,100.0,0.0,100.0,0.0,100.0,N/A,N/A
er_000573.txt,11.0,N/A,N/A,11.0,100.0,11.0,100.0,N/A,N/A,N/A,N/A
scale_free_000573.txt,1.0,1.0,100.0,1.0,100.0,1.0,100.0,1.0,100.0,N/A,N/A
dag_000574.txt,0.0,0.0,100.0,0.0,100.0,0.0,100.0,0.0,100.0,N/A,N/A
dgrid_000574.txt,2.0,2.0,100.0,2.0,100.0,2.0,100.0,2.0,100.0,N/A,N/A
ego_000574.txt,5.0,5.0,100.0,5.0,100.0,5.0,100.0,5.0,100.0,N/A,N/A
er_000574.txt,14.0,N/A,N/A,14.0,100.0,14.0,100.0,N/A,N/A,N/A,N/A
scale_free_000574.txt,1.0,1.0,100.0,1.0,100.0,1.0,100.0,1.0,100.0,N/A,N/A
dag_000575.txt,0.0,0.0,100.0,0.0,100.0,0.0,100.0,0.0,100.0,N/A,N/A
dgrid_000575.txt,1.0,1.0,100.0,1.0,100.0,1.0,100.0,1.0,100.0,N/A,N/A
ego_000575.txt,2.0,2.0,100.0,2.0,100.0,2.0,100.0,2.0,100.0,N/A,N/A
er_000575.txt,2.0,2.0,100.0,2.0,100.0,2.0,100.0,2.0,100.0,N/A,N/A
scale_free_000575.txt,1.0,1.0,100.0,1.0,100.0,1.0,100.0,1.0,100.0,N/A,N/A
dag_000576.txt,0.0,0.0,100.0,0.0,100.0,0.0,100.0,0.0,100.0,N/A,N/A
dgrid_000576.txt,1.0,1.0,100.0,1.0,100.0,1.0,100.0,1.0,100.0,N/A,N/A
ego_000576.txt,11.0,11.0,100.0,11.0,100.0,11.0,100.0,N/A,N/A,N/A,N/A
er_000576.txt,12.0,N/A,N/A,12.0,100.0,12.0,100.0,N/A,N/A,N/A,N/A
scale_free_000576.txt,2.0,2.0,100.0,2.0,100.0,2.0,100.0,2.0,100.0,N/A,N/A
dag_000577.txt,0.0,0.0,100.0,0.0,100.0,0.0,100.0,0.0,100.0,N/A,N/A
dgrid_000577.txt,0.0,0.0,100.0,0.0,100.0,0.0,100.0,0.0,100.0,N/A,N/A
ego_000577.txt,12.0,12.0,100.0,12.0,100.0,12.0,100.0,N/A,N/A,N/A,N/A
er_000577.txt,6.0,6.0,100.0,6.0,100.0,6.0,100.0,6.0,100.0,N/A,N/A
scale_free_000577.txt,1.0,1.0,100.0,1.0,100.0,1.0,100.0,1.0,100.0,N/A,N/A
dag_000578.txt,0.0,0.0,100.0,0.0,100.0,0.0,100.0,0.0,100.0,N/A,N/A
dgrid_000578.txt,0.0,0.0,100.0,0.0,100.0,0.0,100.0,0.0,100.0,N/A,N/A
ego_000578.txt,3.0,3.0,100.0,3.0,100.0,3.0,100.0,3.0,100.0,N/A,N/A
er_000578.txt,14.0,N/A,N/A,14.0,100.0,14.0,100.0,N/A,N/A,N/A,N/A
scale_free_000578.txt,1.0,1.0,100.0,1.0,100.0,1.0,100.0,1.0,100.0,N/A,N/A
dag_000579.txt,0.0,0.0,100.0,0.0,100.0,0.0,100.0,0.0,100.0,N/A,N/A
dgrid_000579.txt,2.0,2.0,100.0,2.0,100.0,2.0,100.0,2.0,100.0,N/A,N/A
ego_000579.txt,0.0,0.0,100.0,0.0,100.0,0.0,100.0,0.0,100.0,N/A,N/A
er_000579.txt,9.0,9.0,100.0,9.0,100.0,9.0,100.0,9.0,100.0,N/A,N/A
scale_free_000579.txt,2.0,2.0,100.0,2.0,100.0,2.0,100.0,2.0,100.0,N/A,N/A
dag_000580.txt,0.0,0.0,100.0,0.0,100.0,0.0,100.0,0.0,100.0,N/A,N/A
dgrid_000580.txt,2.0,2.0,100.0,2.0,100.0,2.0,100.0,2.0,100.0,N/A,N/A
ego_000580.txt,7.0,7.0,100.0,7.0,100.0,7.0,100.0,7.0,100.0,N/A,N/A
er_000580.txt,15.0,N/A,N/A,15.0,100.0,15.0,100.0,N/A,N/A,N/A,N/A
scale_free_000580.txt,2.0,2.0,100.0,2.0,100.0,2.0,100.0,2.0,100.0,N/A,N/A
dag_000581.txt,0.0,0.0,100.0,0.0,100.0,0.0,100.0,0.0,100.0,N/A,N/A
dgrid_000581.txt,2.0,2.0,100.0,2.0,100.0,2.0,100.0,2.0,100.0,N/A,N/A
ego_000581.txt,6.0,6.0,100.0,6.0,100.0,6.0,100.0,6.0,100.0,N/A,N/A
er_000581.txt,6.0,6.0,100.0,6.0,100.0,6.0,100.0,6.0,100.0,N/A,N/A
scale_free_000581.txt,2.0,2.0,100.0,2.0,100.0,2.0,100.0,2.0,100.0,N/A,N/A
dag_000582.txt,0.0,0.0,100.0,0.0,100.0,0.0,100.0,0.0,100.0,N/A,N/A
dgrid_000582.txt,5.0,5.0,100.0,5.0,100.0,5.0,100.0,5.0,100.0,N/A,N/A
ego_000582.txt,2.0,2.0,100.0,2.0,100.0,2.0,100.0,2.0,100.0,N/A,N/A
er_000582.txt,10.0,10.0,100.0,10.0,100.0,10.0,100.0,N/A,N/A,N/A,N/A
scale_free_000582.txt,1.0,1.0,100.0,1.0,100.0,1.0,100.0,1.0,100.0,N/A,N/A
dag_000583.txt,0.0,0.0,100.0,0.0,100.0,0.0,100.0,0.0,100.0,N/A,N/A
dgrid_000583.txt,4.0,4.0,100.0,4.0,100.0,4.0,100.0,4.0,100.0,N/A,N/A
ego_000583.txt,10.0,10.0,100.0,10.0,100.0,10.0,100.0,N/A,N/A,N/A,N/A
er_000583.txt,8.0,8.0,100.0,8.0,100.0,8.0,100.0,8.0,100.0,N/A,N/A
scale_free_000583.txt,1.0,1.0,100.0,1.0,100.0,1.0,100.0,1.0,100.0,N/A,N/A
dag_000584.txt,0.0,0.0,100.0,0.0,100.0,0.0,100.0,0.0,100.0,N/A,N/A
dgrid_000584.txt,4.0,4.0,100.0,4.0,100.0,4.0,100.0,4.0,100.0,N/A,N/A
ego_000584.txt,2.0,2.0,100.0,2.0,100.0,2.0,100.0,2.0,100.0,N/A,N/A
er_000584.txt,15.0,N/A,N/A,15.0,100.0,15.0,100.0,N/A,N/A,N/A,N/A
scale_free_000584.txt,1.0,1.0,100.0,1.0,100.0,1.0,100.0,1.0,100.0,N/A,N/A
dag_000585.txt,0.0,0.0,100.0,0.0,100.0,0.0,100.0,0.0,100.0,N/A,N/A
dgrid_000585.txt,0.0,0.0,100.0,0.0,100.0,0.0,100.0,0.0,100.0,N/A,N/A
ego_000585.txt,10.0,10.0,100.0,10.0,100.0,10.0,100.0,N/A,N/A,N/A,N/A
er_000585.txt,2.0,2.0,100.0,2.0,100.0,2.0,100.0,2.0,100.0,N/A,N/A
scale_free_000585.txt,2.0,2.0,100.0,2.0,100.0,2.0,100.0,2.0,100.0,N/A,N/A
dag_000586.txt,0.0,0.0,100.0,0.0,100.0,0.0,100.0,0.0,100.0,N/A,N/A
dgrid_000586.txt,4.0,4.0,100.0,4.0,100.0,4.0,100.0,4.0,100.0,N/A,N/A
ego_000586.txt,1.0,1.0,100.0,1.0,100.0,1.0,100.0,1.0,100.0,N/A,N/A
er_000586.txt,4.0,4.0,100.0,4.0,100.0,4.0,100.0,4.0,100.0,N/A,N/A
scale_free_000586.txt,1.0,1.0,100.0,1.0,100.0,1.0,100.0,1.0,100.0,N/A,N/A
dag_000587.txt,0.0,0.0,100.0,0.0,100.0,0.0,100.0,0.0,100.0,N/A,N/A
dgrid_000587.txt,1.0,1.0,100.0,1.0,100.0,1.0,100.0,1.0,100.0,N/A,N/A
ego_000587.txt,16.0,16.0,100.0,16.0,100.0,16.0,100.0,N/A,N/A,N/A,N/A
er_000587.txt,4.0,4.0,100.0,4.0,100.0,4.0,100.0,4.0,100.0,N/A,N/A
scale_free_000587.txt,2.0,2.0,100.0,2.0,100.0,2.0,100.0,2.0,100.0,N/A,N/A
dag_000588.txt,0.0,0.0,100.0,0.0,100.0,0.0,100.0,0.0,100.0,N/A,N/A
dgrid_000588.txt,1.0,1.0,100.0,1.0,100.0,1.0,100.0,1.0,100.0,N/A,N/A
ego_000588.txt,3.0,3.0,100.0,3.0,100.0,3.0,100.0,3.0,100.0,N/A,N/A
er_000588.txt,11.0,N/A,N/A,11.0,100.0,11.0,100.0,N/A,N/A,N/A,N/A
scale_free_000588.txt,2.0,2.0,100.0,2.0,100.0,2.0,100.0,2.0,100.0,N/A,N/A
dag_000589.txt,0.0,0.0,100.0,0.0,100.0,0.0,100.0,0.0,100.0,N/A,N/A
dgrid_000589.txt,4.0,4.0,100.0,4.0,100.0,4.0,100.0,4.0,100.0,N/A,N/A
ego_000589.txt,7.0,7.0,100.0,7.0,100.0,7.0,100.0,7.0,100.0,N/A,N/A
er_000589.txt,3.0,3.0,100.0,3.0,100.0,3.0,100.0,3.0,100.0,N/A,N/A
scale_free_000589.txt,2.0,2.0,100.0,2.0,100.0,2.0,100.0,2.0,100.0,N/A,N/A
dag_000590.txt,0.0,0.0,100.0,0.0,100.0,0.0,100.0,0.0,100.0,N/A,N/A
dgrid_000590.txt,3.0,3.0,100.0,3.0,100.0,3.0,100.0,3.0,100.0,N/A,N/A
ego_000590.txt,2.0,2.0,100.0,2.0,100.0,2.0,100.0,2.0,100.0,N/A,N/A
er_000590.txt,2.0,2.0,100.0,2.0,100.0,2.0,100.0,2.0,100.0,N/A,N/A
scale_free_000590.txt,1.0,1.0,100.0,1.0,100.0,1.0,100.0,1.0,100.0,N/A,N/A
dag_000591.txt,0.0,0.0,100.0,0.0,100.0,0.0,100.0,0.0,100.0,N/A,N/A
dgrid_000591.txt,1.0,1.0,100.0,1.0,100.0,1.0,100.0,1.0,100.0,N/A,N/A
ego_000591.txt,0.0,0.0,100.0,0.0,100.0,0.0,100.0,0.0,100.0,N/A,N/A
er_000591.txt,14.0,N/A,N/A,14.0,100.0,15.0,93.3333,N/A,N/A,N/A,N/A
scale_free_000591.txt,1.0,1.0,100.0,1.0,100.0,1.0,100.0,1.0,100.0,N/A,N/A
dag_000592.txt,0.0,0.0,100.0,0.0,100.0,0.0,100.0,0.0,100.0,N/A,N/A
dgrid_000592.txt,4.0,4.0,100.0,4.0,100.0,4.0,100.0,4.0,100.0,N/A,N/A
ego_000592.txt,7.0,7.0,100.0,7.0,100.0,7.0,100.0,N/A,N/A,N/A,N/A
er_000592.txt,2.0,2.0,100.0,2.0,100.0,2.0,100.0,2.0,100.0,N/A,N/A
scale_free_000592.txt,1.0,1.0,100.0,1.0,100.0,1.0,100.0,1.0,100.0,N/A,N/A
dag_000593.txt,0.0,0.0,100.0,0.0,100.0,0.0,100.0,0.0,100.0,N/A,N/A
dgrid_000593.txt,4.0,4.0,100.0,4.0,100.0,4.0,100.0,4.0,100.0,N/A,N/A
ego_000593.txt,5.0,5.0,100.0,5.0,100.0,5.0,100.0,5.0,100.0,N/A,N/A
er_000593.txt,9.0,9.0,100.0,9.0,100.0,9.0,100.0,9.0,100.0,N/A,N/A
scale_free_000593.txt,1.0,1.0,100.0,1.0,100.0,1.0,100.0,1.0,100.0,N/A,N/A
dag_000594.txt,0.0,0.0,100.0,0.0,100.0,0.0,100.0,0.0,100.0,N/A,N/A
dgrid_000594.txt,0.0,0.0,100.0,0.0,100.0,0.0,100.0,0.0,100.0,N/A,N/A
ego_000594.txt,8.0,8.0,100.0,8.0,100.0,8.0,100.0,N/A,N/A,N/A,N/A
er_000594.txt,7.0,7.0,100.0,7.0,100.0,7.0,100.0,7.0,100.0,N/A,N/A
scale_free_000594.txt,1.0,1.0,100.0,1.0,100.0,1.0,100.0,1.0,100.0,N/A,N/A
dag_000595.txt,0.0,0.0,100.0,0.0,100.0,0.0,100.0,0.0,100.0,N/A,N/A
dgrid_000595.txt,1.0,1.0,100.0,1.0,100.0,1.0,100.0,1.0,100.0,N/A,N/A
ego_000595.txt,8.0,8.0,100.0,8.0,100.0,8.0,100.0,N/A,N/A,N/A,N/A
er_000595.txt,4.0,4.0,100.0,4.0,100.0,4.0,100.0,4.0,100.0,N/A,N/A
scale_free_000595.txt,1.0,1.0,100.0,1.0,100.0,1.0,100.0,1.0,100.0,N/A,N/A
dag_000596.txt,0.0,0.0,100.0,0.0,100.0,0.0,100.0,0.0,100.0,N/A,N/A
dgrid_000596.txt,3.0,3.0,100.0,3.0,100.0,3.0,100.0,3.0,100.0,N/A,N/A
ego_000596.txt,2.0,2.0,100.0,2.0,100.0,2.0,100.0,2.0,100.0,N/A,N/A
er_000596.txt,8.0,8.0,100.0,8.0,100.0,8.0,100.0,N/A,N/A,N/A,N/A
scale_free_000596.txt,1.0,1.0,100.0,1.0,100.0,1.0,100.0,1.0,100.0,N/A,N/A
dag_000597.txt,0.0,0.0,100.0,0.0,100.0,0.0,100.0,0.0,100.0,N/A,N/A
dgrid_000597.txt,0.0,0.0,100.0,0.0,100.0,0.0,100.0,0.0,100.0,N/A,N/A
ego_000597.txt,15.0,15.0,100.0,15.0,100.0,15.0,100.0,N/A,N/A,N/A,N/A
er_000597.txt,11.0,11.0,100.0,11.0,100.0,11.0,100.0,N/A,N/A,N/A,N/A
scale_free_000597.txt,1.0,1.0,100.0,1.0,100.0,1.0,100.0,1.0,100.0,N/A,N/A
dag_000598.txt,0.0,0.0,100.0,0.0,100.0,0.0,100.0,0.0,100.0,N/A,N/A
dgrid_000598.txt,4.0,4.0,100.0,4.0,100.0,4.0,100.0,4.0,100.0,N/A,N/A
ego_000598.txt,12.0,12.0,100.0,12.0,100.0,12.0,100.0,N/A,N/A,N/A,N/A
er_000598.txt,7.0,7.0,100.0,7.0,100.0,7.0,100.0,7.0,100.0,N/A,N/A
scale_free_000598.txt,2.0,2.0,100.0,2.0,100.0,2.0,100.0,2.0,100.0,N/A,N/A
dag_000599.txt,0.0,0.0,100.0,0.0,100.0,0.0,100.0,0.0,100.0,N/A,N/A
dgrid_000599.txt,3.0,3.0,100.0,3.0,100.0,3.0,100.0,3.0,100.0,N/A,N/A
ego_000599.txt,0.0,0.0,100.0,0.0,100.0,0.0,100.0,0.0,100.0,N/A,N/A
er_000599.txt,15.0,N/A,N/A,15.0,100.0,16.0,93.75,N/A,N/A,N/A,N/A
scale_free_000599.txt,1.0,1.0,100.0,1.0,100.0,1.0,100.0,1.0,100.0,N/A,N/A
dag_000600.txt,0.0,0.0,100.0,0.0,100.0,0.0,100.0,0.0,100.0,N/A,N/A
dgrid_000600.txt,2.0,2.0,100.0,2.0,100.0,2.0,100.0,2.0,100.0,N/A,N/A
ego_000600.txt,1.0,1.0,100.0,1.0,100.0,1.0,100.0,1.0,100.0,N/A,N/A
er_000600.txt,8.0,8.0,100.0,8.0,100.0,8.0,100.0,N/A,N/A,N/A,N/A
scale_free_000600.txt,2.0,2.0,100.0,2.0,100.0,2.0,100.0,2.0,100.0,N/A,N/A
dag_000601.txt,0.0,0.0,100.0,0.0,100.0,0.0,100.0,0.0,100.0,N/A,N/A
dgrid_000601.txt,1.0,1.0,100.0,1.0,100.0,1.0,100.0,1.0,100.0,N/A,N/A
ego_000601.txt,2.0,2.0,100.0,2.0,100.0,2.0,100.0,2.0,100.0,N/A,N/A
er_000601.txt,7.0,7.0,100.0,7.0,100.0,7.0,100.0,7.0,100.0,N/A,N/A
scale_free_000601.txt,1.0,1.0,100.0,1.0,100.0,1.0,100.0,1.0,100.0,N/A,N/A
dag_000602.txt,0.0,0.0,100.0,0.0,100.0,0.0,100.0,0.0,100.0,N/A,N/A
dgrid_000602.txt,0.0,0.0,100.0,0.0,100.0,0.0,100.0,0.0,100.0,N/A,N/A
ego_000602.txt,0.0,0.0,100.0,0.0,100.0,0.0,100.0,0.0,100.0,N/A,N/A
er_000602.txt,8.0,8.0,100.0,8.0,100.0,8.0,100.0,8.0,100.0,N/A,N/A
scale_free_000602.txt,1.0,1.0,100.0,1.0,100.0,1.0,100.0,1.0,100.0,N/A,N/A
dag_000603.txt,0.0,0.0,100.0,0.0,100.0,0.0,100.0,0.0,100.0,N/A,N/A
dgrid_000603.txt,0.0,0.0,100.0,0.0,100.0,0.0,100.0,0.0,100.0,N/A,N/A
ego_000603.txt,5.0,5.0,100.0,5.0,100.0,5.0,100.0,5.0,100.0,N/A,N/A
er_000603.txt,14.0,N/A,N/A,14.0,100.0,14.0,100.0,N/A,N/A,N/A,N/A
scale_free_000603.txt,1.0,1.0,100.0,1.0,100.0,1.0,100.0,1.0,100.0,N/A,N/A
dag_000604.txt,0.0,0.0,100.0,0.0,100.0,0.0,100.0,0.0,100.0,N/A,N/A
dgrid_000604.txt,1.0,1.0,100.0,1.0,100.0,1.0,100.0,1.0,100.0,N/A,N/A
ego_000604.txt,6.0,6.0,100.0,6.0,100.0,6.0,100.0,6.0,100.0,N/A,N/A
er_000604.txt,15.0,N/A,N/A,15.0,100.0,15.0,100.0,N/A,N/A,N/A,N/A
scale_free_000604.txt,1.0,1.0,100.0,1.0,100.0,1.0,100.0,1.0,100.0,N/A,N/A
dag_000605.txt,0.0,0.0,100.0,0.0,100.0,0.0,100.0,0.0,100.0,N/A,N/A
dgrid_000605.txt,0.0,0.0,100.0,0.0,100.0,0.0,100.0,0.0,100.0,N/A,N/A
ego_000605.txt,5.0,5.0,100.0,5.0,100.0,5.0,100.0,5.0,100.0,N/A,N/A
er_000605.txt,5.0,5.0,100.0,5.0,100.0,5.0,100.0,5.0,100.0,N/A,N/A
scale_free_000605.txt,1.0,1.0,100.0,1.0,100.0,1.0,100.0,1.0,100.0,N/A,N/A
dag_000606.txt,0.0,0.0,100.0,0.0,100.0,0.0,100.0,0.0,100.0,N/A,N/A
dgrid_000606.txt,1.0,1.0,100.0,1.0,100.0,1.0,100.0,1.0,100.0,N/A,N/A
ego_000606.txt,0.0,0.0,100.0,0.0,100.0,0.0,100.0,0.0,100.0,N/A,N/A
er_000606.txt,5.0,5.0,100.0,5.0,100.0,5.0,100.0,5.0,100.0,N/A,N/A
scale_free_000606.txt,1.0,1.0,100.0,1.0,100.0,1.0,100.0,1.0,100.0,N/A,N/A
dag_000607.txt,0.0,0.0,100.0,0.0,100.0,0.0,100.0,0.0,100.0,N/A,N/A
dgrid_000607.txt,3.0,3.0,100.0,3.0,100.0,3.0,100.0,3.0,100.0,N/A,N/A
ego_000607.txt,13.0,13.0,100.0,13.0,100.0,13.0,100.0,N/A,N/A,N/A,N/A
er_000607.txt,17.0,N/A,N/A,17.0,100.0,17.0,100.0,N/A,N/A,N/A,N/A
scale_free_000607.txt,2.0,2.0,100.0,2.0,100.0,2.0,100.0,2.0,100.0,N/A,N/A
dag_000608.txt,0.0,0.0,100.0,0.0,100.0,0.0,100.0,0.0,100.0,N/A,N/A
dgrid_000608.txt,0.0,0.0,100.0,0.0,100.0,0.0,100.0,0.0,100.0,N/A,N/A
ego_000608.txt,9.0,9.0,100.0,9.0,100.0,9.0,100.0,N/A,N/A,N/A,N/A
er_000608.txt,6.0,6.0,100.0,6.0,100.0,6.0,100.0,6.0,100.0,N/A,N/A
scale_free_000608.txt,1.0,1.0,100.0,1.0,100.0,1.0,100.0,1.0,100.0,N/A,N/A
dag_000609.txt,0.0,0.0,100.0,0.0,100.0,0.0,100.0,0.0,100.0,N/A,N/A
dgrid_000609.txt,0.0,0.0,100.0,0.0,100.0,0.0,100.0,0.0,100.0,N/A,N/A
ego_000609.txt,14.0,14.0,100.0,14.0,100.0,14.0,100.0,N/A,N/A,N/A,N/A
er_000609.txt,5.0,5.0,100.0,5.0,100.0,5.0,100.0,5.0,100.0,N/A,N/A
scale_free_000609.txt,1.0,1.0,100.0,1.0,100.0,1.0,100.0,1.0,100.0,N/A,N/A
dag_000610.txt,0.0,0.0,100.0,0.0,100.0,0.0,100.0,0.0,100.0,N/A,N/A
dgrid_000610.txt,2.0,2.0,100.0,2.0,100.0,2.0,100.0,2.0,100.0,N/A,N/A
ego_000610.txt,6.0,6.0,100.0,6.0,100.0,6.0,100.0,N/A,N/A,N/A,N/A
er_000610.txt,4.0,4.0,100.0,4.0,100.0,4.0,100.0,4.0,100.0,N/A,N/A
scale_free_000610.txt,1.0,1.0,100.0,1.0,100.0,1.0,100.0,1.0,100.0,N/A,N/A
dag_000611.txt,0.0,0.0,100.0,0.0,100.0,0.0,100.0,0.0,100.0,N/A,N/A
dgrid_000611.txt,4.0,4.0,100.0,4.0,100.0,4.0,100.0,4.0,100.0,N/A,N/A
ego_000611.txt,3.0,3.0,100.0,3.0,100.0,3.0,100.0,3.0,100.0,N/A,N/A
er_000611.txt,2.0,2.0,100.0,2.0,100.0,2.0,100.0,2.0,100.0,N/A,N/A
scale_free_000611.txt,1.0,1.0,100.0,1.0,100.0,1.0,100.0,1.0,100.0,N/A,N/A
dag_000612.txt,0.0,0.0,100.0,0.0,100.0,0.0,100.0,0.0,100.0,N/A,N/A
dgrid_000612.txt,2.0,2.0,100.0,2.0,100.0,2.0,100.0,2.0,100.0,N/A,N/A
ego_000612.txt,6.0,6.0,100.0,6.0,100.0,6.0,100.0,6.0,100.0,N/A,N/A
er_000612.txt,17.0,N/A,N/A,17.0,100.0,17.0,100.0,N/A,N/A,N/A,N/A
scale_free_000612.txt,2.0,2.0,100.0,2.0,100.0,2.0,100.0,2.0,100.0,N/A,N/A
dag_000613.txt,0.0,0.0,100.0,0.0,100.0,0.0,100.0,0.0,100.0,N/A,N/A
dgrid_000613.txt,5.0,5.0,100.0,5.0,100.0,5.0,100.0,5.0,100.0,N/A,N/A
ego_000613.txt,0.0,0.0,100.0,0.0,100.0,0.0,100.0,0.0,100.0,N/A,N/A
er_000613.txt,5.0,5.0,100.0,5.0,100.0,5.0,100.0,5.0,100.0,N/A,N/A
scale_free_000613.txt,1.0,1.0,100.0,1.0,100.0,1.0,100.0,1.0,100.0,N/A,N/A
dag_000614.txt,0.0,0.0,100.0,0.0,100.0,0.0,100.0,0.0,100.0,N/A,N/A
dgrid_000614.txt,3.0,3.0,100.0,3.0,100.0,3.0,100.0,3.0,100.0,N/A,N/A
ego_000614.txt,1.0,1.0,100.0,1.0,100.0,1.0,100.0,1.0,100.0,N/A,N/A
er_000614.txt,8.0,8.0,100.0,8.0,100.0,8.0,100.0,8.0,100.0,N/A,N/A
scale_free_000614.txt,1.0,1.0,100.0,1.0,100.0,1.0,100.0,1.0,100.0,N/A,N/A
dag_000615.txt,0.0,0.0,100.0,0.0,100.0,0.0,100.0,0.0,100.0,N/A,N/A
dgrid_000615.txt,5.0,5.0,100.0,5.0,100.0,5.0,100.0,5.0,100.0,N/A,N/A
ego_000615.txt,12.0,12.0,100.0,12.0,100.0,12.0,100.0,N/A,N/A,N/A,N/A
er_000615.txt,7.0,7.0,100.0,7.0,100.0,7.0,100.0,7.0,100.0,N/A,N/A
scale_free_000615.txt,1.0,1.0,100.0,1.0,100.0,1.0,100.0,1.0,100.0,N/A,N/A
dag_000616.txt,0.0,0.0,100.0,0.0,100.0,0.0,100.0,0.0,100.0,N/A,N/A
dgrid_000616.txt,0.0,0.0,100.0,0.0,100.0,0.0,100.0,0.0,100.0,N/A,N/A
ego_000616.txt,1.0,1.0,100.0,1.0,100.0,1.0,100.0,1.0,100.0,N/A,N/A
er_000616.txt,14.0,N/A,N/A,14.0,100.0,14.0,100.0,N/A,N/A,N/A,N/A
scale_free_000616.txt,1.0,1.0,100.0,1.0,100.0,1.0,100.0,1.0,100.0,N/A,N/A
dag_000617.txt,0.0,0.0,100.0,0.0,100.0,0.0,100.0,0.0,100.0,N/A,N/A
dgrid_000617.txt,3.0,3.0,100.0,3.0,100.0,3.0,100.0,3.0,100.0,N/A,N/A
ego_000617.txt,0.0,0.0,100.0,0.0,100.0,0.0,100.0,0.0,100.0,N/A,N/A
er_000617.txt,11.0,N/A,N/A,11.0,100.0,11.0,100.0,N/A,N/A,N/A,N/A
scale_free_000617.txt,1.0,1.0,100.0,1.0,100.0,1.0,100.0,1.0,100.0,N/A,N/A
dag_000618.txt,0.0,0.0,100.0,0.0,100.0,0.0,100.0,0.0,100.0,N/A,N/A
dgrid_000618.txt,1.0,1.0,100.0,1.0,100.0,1.0,100.0,1.0,100.0,N/A,N/A
ego_000618.txt,13.0,13.0,100.0,13.0,100.0,13.0,100.0,N/A,N/A,N/A,N/A
er_000618.txt,16.0,N/A,N/A,16.0,100.0,16.0,100.0,N/A,N/A,N/A,N/A
scale_free_000618.txt,1.0,1.0,100.0,1.0,100.0,1.0,100.0,1.0,100.0,N/A,N/A
dag_000619.txt,0.0,0.0,100.0,0.0,100.0,0.0,100.0,0.0,100.0,N/A,N/A
dgrid_000619.txt,4.0,4.0,100.0,4.0,100.0,4.0,100.0,4.0,100.0,N/A,N/A
ego_000619.txt,5.0,5.0,100.0,5.0,100.0,5.0,100.0,5.0,100.0,N/A,N/A
er_000619.txt,5.0,5.0,100.0,5.0,100.0,5.0,100.0,5.0,100.0,N/A,N/A
scale_free_000619.txt,1.0,1.0,100.0,1.0,100.0,1.0,100.0,1.0,100.0,N/A,N/A
dag_000620.txt,0.0,0.0,100.0,0.0,100.0,0.0,100.0,0.0,100.0,N/A,N/A
dgrid_000620.txt,1.0,1.0,100.0,1.0,100.0,1.0,100.0,1.0,100.0,N/A,N/A
ego_000620.txt,8.0,8.0,100.0,8.0,100.0,8.0,100.0,8.0,100.0,N/A,N/A
er_000620.txt,5.0,5.0,100.0,5.0,100.0,5.0,100.0,5.0,100.0,N/A,N/A
scale_free_000620.txt,1.0,1.0,100.0,1.0,100.0,1.0,100.0,1.0,100.0,N/A,N/A
dag_000621.txt,0.0,0.0,100.0,0.0,100.0,0.0,100.0,0.0,100.0,N/A,N/A
dgrid_000621.txt,0.0,0.0,100.0,0.0,100.0,0.0,100.0,0.0,100.0,N/A,N/A
ego_000621.txt,5.0,5.0,100.0,5.0,100.0,5.0,100.0,5.0,100.0,N/A,N/A
er_000621.txt,8.0,8.0,100.0,8.0,100.0,8.0,100.0,8.0,100.0,N/A,N/A
scale_free_000621.txt,2.0,2.0,100.0,2.0,100.0,2.0,100.0,2.0,100.0,N/A,N/A
dag_000622.txt,0.0,0.0,100.0,0.0,100.0,0.0,100.0,0.0,100.0,N/A,N/A
dgrid_000622.txt,2.0,2.0,100.0,2.0,100.0,2.0,100.0,2.0,100.0,N/A,N/A
ego_000622.txt,10.0,10.0,100.0,10.0,100.0,10.0,100.0,N/A,N/A,N/A,N/A
er_000622.txt,4.0,4.0,100.0,4.0,100.0,4.0,100.0,4.0,100.0,N/A,N/A
scale_free_000622.txt,1.0,1.0,100.0,1.0,100.0,1.0,100.0,1.0,100.0,N/A,N/A
dag_000623.txt,0.0,0.0,100.0,0.0,100.0,0.0,100.0,0.0,100.0,N/A,N/A
dgrid_000623.txt,2.0,2.0,100.0,2.0,100.0,2.0,100.0,2.0,100.0,N/A,N/A
ego_000623.txt,0.0,0.0,100.0,0.0,100.0,0.0,100.0,0.0,100.0,N/A,N/A
er_000623.txt,8.0,8.0,100.0,8.0,100.0,8.0,100.0,N/A,N/A,N/A,N/A
scale_free_000623.txt,1.0,1.0,100.0,1.0,100.0,1.0,100.0,1.0,100.0,N/A,N/A
dag_000624.txt,0.0,0.0,100.0,0.0,100.0,0.0,100.0,0.0,100.0,N/A,N/A
dgrid_000624.txt,1.0,1.0,100.0,1.0,100.0,1.0,100.0,1.0,100.0,N/A,N/A
ego_000624.txt,1.0,1.0,100.0,1.0,100.0,1.0,100.0,1.0,100.0,N/A,N/A
er_000624.txt,2.0,2.0,100.0,2.0,100.0,2.0,100.0,2.0,100.0,N/A,N/A
scale_free_000624.txt,1.0,1.0,100.0,1.0,100.0,1.0,100.0,1.0,100.0,N/A,N/A
dag_000625.txt,0.0,0.0,100.0,0.0,100.0,0.0,100.0,0.0,100.0,N/A,N/A
dgrid_000625.txt,1.0,1.0,100.0,1.0,100.0,1.0,100.0,1.0,100.0,N/A,N/A
ego_000625.txt,13.0,13.0,100.0,13.0,100.0,13.0,100.0,N/A,N/A,N/A,N/A
er_000625.txt,11.0,11.0,100.0,11.0,100.0,11.0,100.0,N/A,N/A,N/A,N/A
scale_free_000625.txt,1.0,1.0,100.0,1.0,100.0,1.0,100.0,1.0,100.0,N/A,N/A
dag_000626.txt,0.0,0.0,100.0,0.0,100.0,0.0,100.0,0.0,100.0,N/A,N/A
dgrid_000626.txt,3.0,3.0,100.0,3.0,100.0,3.0,100.0,3.0,100.0,N/A,N/A
ego_000626.txt,8.0,8.0,100.0,8.0,100.0,8.0,100.0,N/A,N/A,N/A,N/A
er_000626.txt,1.0,1.0,100.0,1.0,100.0,1.0,100.0,1.0,100.0,N/A,N/A
scale_free_000626.txt,1.0,1.0,100.0,1.0,100.0,1.0,100.0,1.0,100.0,N/A,N/A
dag_000627.txt,0.0,0.0,100.0,0.0,100.0,0.0,100.0,0.0,100.0,N/A,N/A
dgrid_000627.txt,0.0,0.0,100.0,0.0,100.0,0.0,100.0,0.0,100.0,N/A,N/A
ego_000627.txt,10.0,10.0,100.0,10.0,100.0,10.0,100.0,10.0,100.0,N/A,N/A
er_000627.txt,9.0,9.0,100.0,9.0,100.0,9.0,100.0,9.0,100.0,N/A,N/A
scale_free_000627.txt,2.0,2.0,100.0,2.0,100.0,2.0,100.0,2.0,100.0,N/A,N/A
dag_000628.txt,0.0,0.0,100.0,0.0,100.0,0.0,100.0,0.0,100.0,N/A,N/A
dgrid_000628.txt,2.0,2.0,100.0,2.0,100.0,2.0,100.0,2.0,100.0,N/A,N/A
ego_000628.txt,3.0,3.0,100.0,3.0,100.0,3.0,100.0,3.0,100.0,N/A,N/A
er_000628.txt,9.0,9.0,100.0,9.0,100.0,9.0,100.0,9.0,100.0,N/A,N/A
scale_free_000628.txt,1.0,1.0,100.0,1.0,100.0,1.0,100.0,1.0,100.0,N/A,N/A
dag_000629.txt,0.0,0.0,100.0,0.0,100.0,0.0,100.0,0.0,100.0,N/A,N/A
dgrid_000629.txt,1.0,1.0,100.0,1.0,100.0,1.0,100.0,1.0,100.0,N/A,N/A
ego_000629.txt,7.0,7.0,100.0,7.0,100.0,7.0,100.0,7.0,100.0,N/A,N/A
er_000629.txt,11.0,11.0,100.0,11.0,100.0,11.0,100.0,N/A,N/A,N/A,N/A
scale_free_000629.txt,1.0,1.0,100.0,1.0,100.0,1.0,100.0,1.0,100.0,N/A,N/A
dag_000630.txt,0.0,0.0,100.0,0.0,100.0,0.0,100.0,0.0,100.0,N/A,N/A
dgrid_000630.txt,4.0,4.0,100.0,4.0,100.0,4.0,100.0,4.0,100.0,N/A,N/A
ego_000630.txt,8.0,8.0,100.0,8.0,100.0,8.0,100.0,N/A,N/A,N/A,N/A
er_000630.txt,2.0,2.0,100.0,2.0,100.0,2.0,100.0,2.0,100.0,N/A,N/A
scale_free_000630.txt,2.0,2.0,100.0,2.0,100.0,2.0,100.0,2.0,100.0,N/A,N/A
dag_000631.txt,0.0,0.0,100.0,0.0,100.0,0.0,100.0,0.0,100.0,N/A,N/A
dgrid_000631.txt,2.0,2.0,100.0,2.0,100.0,2.0,100.0,2.0,100.0,N/A,N/A
ego_000631.txt,8.0,8.0,100.0,8.0,100.0,8.0,100.0,8.0,100.0,N/A,N/A
er_000631.txt,18.0,N/A,N/A,18.0,100.0,18.0,100.0,N/A,N/A,N/A,N/A
scale_free_000631.txt,2.0,2.0,100.0,2.0,100.0,2.0,100.0,2.0,100.0,N/A,N/A
dag_000632.txt,0.0,0.0,100.0,0.0,100.0,0.0,100.0,0.0,100.0,N/A,N/A
dgrid_000632.txt,4.0,4.0,100.0,4.0,100.0,4.0,100.0,4.0,100.0,N/A,N/A
ego_000632.txt,6.0,6.0,100.0,6.0,100.0,6.0,100.0,6.0,100.0,N/A,N/A
er_000632.txt,15.0,N/A,N/A,15.0,100.0,15.0,100.0,N/A,N/A,N/A,N/A
scale_free_000632.txt,1.0,1.0,100.0,1.0,100.0,1.0,100.0,1.0,100.0,N/A,N/A
dag_000633.txt,0.0,0.0,100.0,0.0,100.0,0.0,100.0,0.0,100.0,N/A,N/A
dgrid_000633.txt,2.0,2.0,100.0,2.0,100.0,2.0,100.0,2.0,100.0,N/A,N/A
ego_000633.txt,9.0,9.0,100.0,9.0,100.0,9.0,100.0,N/A,N/A,N/A,N/A
er_000633.txt,7.0,7.0,100.0,7.0,100.0,7.0,100.0,7.0,100.0,N/A,N/A
scale_free_000633.txt,1.0,1.0,100.0,1.0,100.0,1.0,100.0,1.0,100.0,N/A,N/A
dag_000634.txt,0.0,0.0,100.0,0.0,100.0,0.0,100.0,0.0,100.0,N/A,N/A
dgrid_000634.txt,1.0,1.0,100.0,1.0,100.0,1.0,100.0,1.0,100.0,N/A,N/A
ego_000634.txt,3.0,3.0,100.0,3.0,100.0,3.0,100.0,3.0,100.0,N/A,N/A
er_000634.txt,19.0,N/A,N/A,19.0,100.0,19.0,100.0,N/A,N/A,N/A,N/A
scale_free_000634.txt,2.0,2.0,100.0,2.0,100.0,2.0,100.0,2.0,100.0,N/A,N/A
dag_000635.txt,0.0,0.0,100.0,0.0,100.0,0.0,100.0,0.0,100.0,N/A,N/A
dgrid_000635.txt,4.0,4.0,100.0,4.0,100.0,4.0,100.0,4.0,100.0,N/A,N/A
ego_000635.txt,5.0,5.0,100.0,5.0,100.0,5.0,100.0,5.0,100.0,N/A,N/A
er_000635.txt,10.0,10.0,100.0,10.0,100.0,10.0,100.0,N/A,N/A,N/A,N/A
scale_free_000635.txt,2.0,2.0,100.0,2.0,100.0,2.0,100.0,2.0,100.0,N/A,N/A
dag_000636.txt,0.0,0.0,100.0,0.0,100.0,0.0,100.0,0.0,100.0,N/A,N/A
dgrid_000636.txt,3.0,3.0,100.0,3.0,100.0,3.0,100.0,3.0,100.0,N/A,N/A
ego_000636.txt,9.0,9.0,100.0,9.0,100.0,9.0,100.0,N/A,N/A,N/A,N/A
er_000636.txt,3.0,3.0,100.0,3.0,100.0,3.0,100.0,3.0,100.0,N/A,N/A
scale_free_000636.txt,1.0,1.0,100.0,1.0,100.0,1.0,100.0,1.0,100.0,N/A,N/A
dag_000637.txt,0.0,0.0,100.0,0.0,100.0,0.0,100.0,0.0,100.0,N/A,N/A
dgrid_000637.txt,6.0,6.0,100.0,6.0,100.0,6.0,100.0,N/A,N/A,N/A,N/A
ego_000637.txt,0.0,0.0,100.0,0.0,100.0,0.0,100.0,0.0,100.0,N/A,N/A
er_000637.txt,4.0,4.0,100.0,4.0,100.0,4.0,100.0,4.0,100.0,N/A,N/A
scale_free_000637.txt,1.0,1.0,100.0,1.0,100.0,1.0,100.0,1.0,100.0,N/A,N/A
dag_000638.txt,0.0,0.0,100.0,0.0,100.0,0.0,100.0,0.0,100.0,N/A,N/A
dgrid_000638.txt,2.0,2.0,100.0,2.0,100.0,2.0,100.0,2.0,100.0,N/A,N/A
ego_000638.txt,0.0,0.0,100.0,0.0,100.0,0.0,100.0,0.0,100.0,N/A,N/A
er_000638.txt,3.0,3.0,100.0,3.0,100.0,3.0,100.0,3.0,100.0,N/A,N/A
scale_free_000638.txt,1.0,1.0,100.0,1.0,100.0,1.0,100.0,1.0,100.0,N/A,N/A
dag_000639.txt,0.0,0.0,100.0,0.0,100.0,0.0,100.0,0.0,100.0,N/A,N/A
dgrid_000639.txt,3.0,3.0,100.0,3.0,100.0,3.0,100.0,3.0,100.0,N/A,N/A
ego_000639.txt,8.0,8.0,100.0,8.0,100.0,8.0,100.0,N/A,N/A,N/A,N/A
er_000639.txt,9.0,9.0,100.0,9.0,100.0,9.0,100.0,N/A,N/A,N/A,N/A
scale_free_000639.txt,2.0,2.0,100.0,2.0,100.0,2.0,100.0,2.0,100.0,N/A,N/A
dag_000640.txt,0.0,0.0,100.0,0.0,100.0,0.0,100.0,0.0,100.0,N/A,N/A
dgrid_000640.txt,4.0,4.0,100.0,4.0,100.0,4.0,100.0,4.0,100.0,N/A,N/A
ego_000640.txt,15.0,15.0,100.0,15.0,100.0,15.0,100.0,N/A,N/A,N/A,N/A
er_000640.txt,5.0,5.0,100.0,5.0,100.0,5.0,100.0,5.0,100.0,N/A,N/A
scale_free_000640.txt,1.0,1.0,100.0,1.0,100.0,1.0,100.0,1.0,100.0,N/A,N/A
dag_000641.txt,0.0,0.0,100.0,0.0,100.0,0.0,100.0,0.0,100.0,N/A,N/A
dgrid_000641.txt,1.0,1.0,100.0,1.0,100.0,1.0,100.0,1.0,100.0,N/A,N/A
ego_000641.txt,9.0,9.0,100.0,9.0,100.0,9.0,100.0,N/A,N/A,N/A,N/A
er_000641.txt,12.0,N/A,N/A,12.0,100.0,12.0,100.0,N/A,N/A,N/A,N/A
scale_free_000641.txt,1.0,1.0,100.0,1.0,100.0,1.0,100.0,1.0,100.0,N/A,N/A
dag_000642.txt,0.0,0.0,100.0,0.0,100.0,0.0,100.0,0.0,100.0,N/A,N/A
dgrid_000642.txt,3.0,3.0,100.0,3.0,100.0,3.0,100.0,3.0,100.0,N/A,N/A
ego_000642.txt,11.0,11.0,100.0,11.0,100.0,11.0,100.0,N/A,N/A,N/A,N/A
er_000642.txt,9.0,9.0,100.0,9.0,100.0,9.0,100.0,9.0,100.0,N/A,N/A
scale_free_000642.txt,1.0,1.0,100.0,1.0,100.0,1.0,100.0,1.0,100.0,N/A,N/A
dag_000643.txt,0.0,0.0,100.0,0.0,100.0,0.0,100.0,0.0,100.0,N/A,N/A
dgrid_000643.txt,1.0,1.0,100.0,1.0,100.0,1.0,100.0,1.0,100.0,N/A,N/A
ego_000643.txt,4.0,4.0,100.0,4.0,100.0,4.0,100.0,4.0,100.0,N/A,N/A
er_000643.txt,3.0,3.0,100.0,3.0,100.0,3.0,100.0,3.0,100.0,N/A,N/A
scale_free_000643.txt,1.0,1.0,100.0,1.0,100.0,1.0,100.0,1.0,100.0,N/A,N/A
dag_000644.txt,0.0,0.0,100.0,0.0,100.0,0.0,100.0,0.0,100.0,N/A,N/A
dgrid_000644.txt,2.0,2.0,100.0,2.0,100.0,2.0,100.0,2.0,100.0,N/A,N/A
ego_000644.txt,4.0,4.0,100.0,4.0,100.0,4.0,100.0,4.0,100.0,N/A,N/A
er_000644.txt,9.0,9.0,100.0,9.0,100.0,9.0,100.0,N/A,N/A,N/A,N/A
scale_free_000644.txt,1.0,1.0,100.0,1.0,100.0,1.0,100.0,1.0,100.0,N/A,N/A
dag_000645.txt,0.0,0.0,100.0,0.0,100.0,0.0,100.0,0.0,100.0,N/A,N/A
dgrid_000645.txt,2.0,2.0,100.0,2.0,100.0,2.0,100.0,2.0,100.0,N/A,N/A
ego_000645.txt,16.0,N/A,N/A,16.0,100.0,16.0,100.0,N/A,N/A,N/A,N/A
er_000645.txt,2.0,2.0,100.0,2.0,100.0,2.0,100.0,2.0,100.0,N/A,N/A
scale_free_000645.txt,2.0,2.0,100.0,2.0,100.0,2.0,100.0,2.0,100.0,N/A,N/A
dag_000646.txt,0.0,0.0,100.0,0.0,100.0,0.0,100.0,0.0,100.0,N/A,N/A
dgrid_000646.txt,1.0,1.0,100.0,1.0,100.0,1.0,100.0,1.0,100.0,N/A,N/A
ego_000646.txt,0.0,0.0,100.0,0.0,100.0,0.0,100.0,0.0,100.0,N/A,N/A
er_000646.txt,8.0,8.0,100.0,8.0,100.0,8.0,100.0,8.0,100.0,N/A,N/A
scale_free_000646.txt,1.0,1.0,100.0,1.0,100.0,1.0,100.0,1.0,100.0,N/A,N/A
dag_000647.txt,0.0,0.0,100.0,0.0,100.0,0.0,100.0,0.0,100.0,N/A,N/A
dgrid_000647.txt,2.0,2.0,100.0,2.0,100.0,2.0,100.0,2.0,100.0,N/A,N/A
ego_000647.txt,4.0,4.0,100.0,4.0,100.0,4.0,100.0,4.0,100.0,N/A,N/A
er_000647.txt,4.0,4.0,100.0,4.0,100.0,4.0,100.0,4.0,100.0,N/A,N/A
scale_free_000647.txt,2.0,2.0,100.0,2.0,100.0,2.0,100.0,2.0,100.0,N/A,N/A
dag_000648.txt,0.0,0.0,100.0,0.0,100.0,0.0,100.0,0.0,100.0,N/A,N/A
dgrid_000648.txt,3.0,3.0,100.0,3.0,100.0,3.0,100.0,3.0,100.0,N/A,N/A
ego_000648.txt,8.0,8.0,100.0,8.0,100.0,8.0,100.0,N/A,N/A,N/A,N/A
er_000648.txt,11.0,11.0,100.0,11.0,100.0,11.0,100.0,N/A,N/A,N/A,N/A
scale_free_000648.txt,1.0,1.0,100.0,1.0,100.0,1.0,100.0,1.0,100.0,N/A,N/A
dag_000649.txt,0.0,0.0,100.0,0.0,100.0,0.0,100.0,0.0,100.0,N/A,N/A
dgrid_000649.txt,1.0,1.0,100.0,1.0,100.0,1.0,100.0,1.0,100.0,N/A,N/A
ego_000649.txt,17.0,17.0,100.0,17.0,100.0,17.0,100.0,N/A,N/A,N/A,N/A
er_000649.txt,11.0,N/A,N/A,11.0,100.0,11.0,100.0,11.0,100.0,N/A,N/A
scale_free_000649.txt,2.0,2.0,100.0,2.0,100.0,2.0,100.0,2.0,100.0,N/A,N/A
dag_000650.txt,0.0,0.0,100.0,0.0,100.0,0.0,100.0,0.0,100.0,N/A,N/A
dgrid_000650.txt,4.0,4.0,100.0,4.0,100.0,4.0,100.0,4.0,100.0,N/A,N/A
ego_000650.txt,2.0,2.0,100.0,2.0,100.0,2.0,100.0,2.0,100.0,N/A,N/A
er_000650.txt,9.0,9.0,100.0,9.0,100.0,9.0,100.0,N/A,N/A,N/A,N/A
scale_free_000650.txt,2.0,2.0,100.0,2.0,100.0,2.0,100.0,2.0,100.0,N/A,N/A
dag_000651.txt,0.0,0.0,100.0,0.0,100.0,0.0,100.0,0.0,100.0,N/A,N/A
dgrid_000651.txt,4.0,4.0,100.0,4.0,100.0,4.0,100.0,4.0,100.0,N/A,N/A
ego_000651.txt,2.0,2.0,100.0,2.0,100.0,2.0,100.0,2.0,100.0,N/A,N/A
er_000651.txt,5.0,5.0,100.0,5.0,100.0,5.0,100.0,5.0,100.0,N/A,N/A
scale_free_000651.txt,1.0,1.0,100.0,1.0,100.0,1.0,100.0,1.0,100.0,N/A,N/A
dag_000652.txt,0.0,0.0,100.0,0.0,100.0,0.0,100.0,0.0,100.0,N/A,N/A
dgrid_000652.txt,1.0,1.0,100.0,1.0,100.0,1.0,100.0,1.0,100.0,N/A,N/A
ego_000652.txt,2.0,2.0,100.0,2.0,100.0,2.0,100.0,2.0,100.0,N/A,N/A
er_000652.txt,1.0,1.0,100.0,1.0,100.0,1.0,100.0,1.0,100.0,N/A,N/A
scale_free_000652.txt,1.0,1.0,100.0,1.0,100.0,1.0,100.0,1.0,100.0,N/A,N/A
dag_000653.txt,0.0,0.0,100.0,0.0,100.0,0.0,100.0,0.0,100.0,N/A,N/A
dgrid_000653.txt,3.0,3.0,100.0,3.0,100.0,3.0,100.0,3.0,100.0,N/A,N/A
ego_000653.txt,10.0,10.0,100.0,10.0,100.0,10.0,100.0,N/A,N/A,N/A,N/A
er_000653.txt,6.0,6.0,100.0,6.0,100.0,6.0,100.0,6.0,100.0,N/A,N/A
scale_free_000653.txt,1.0,1.0,100.0,1.0,100.0,1.0,100.0,1.0,100.0,N/A,N/A
dag_000654.txt,0.0,0.0,100.0,0.0,100.0,0.0,100.0,0.0,100.0,N/A,N/A
dgrid_000654.txt,0.0,0.0,100.0,0.0,100.0,0.0,100.0,0.0,100.0,N/A,N/A
ego_000654.txt,9.0,9.0,100.0,9.0,100.0,9.0,100.0,N/A,N/A,N/A,N/A
er_000654.txt,5.0,5.0,100.0,5.0,100.0,5.0,100.0,5.0,100.0,N/A,N/A
scale_free_000654.txt,1.0,1.0,100.0,1.0,100.0,1.0,100.0,1.0,100.0,N/A,N/A
dag_000655.txt,0.0,0.0,100.0,0.0,100.0,0.0,100.0,0.0,100.0,N/A,N/A
dgrid_000655.txt,1.0,1.0,100.0,1.0,100.0,1.0,100.0,1.0,100.0,N/A,N/A
ego_000655.txt,6.0,6.0,100.0,6.0,100.0,6.0,100.0,6.0,100.0,N/A,N/A
er_000655.txt,1.0,1.0,100.0,1.0,100.0,1.0,100.0,1.0,100.0,N/A,N/A
scale_free_000655.txt,1.0,1.0,100.0,1.0,100.0,1.0,100.0,1.0,100.0,N/A,N/A
dag_000656.txt,0.0,0.0,100.0,0.0,100.0,0.0,100.0,0.0,100.0,N/A,N/A
dgrid_000656.txt,1.0,1.0,100.0,1.0,100.0,1.0,100.0,1.0,100.0,N/A,N/A
ego_000656.txt,8.0,8.0,100.0,8.0,100.0,8.0,100.0,8.0,100.0,N/A,N/A
er_000656.txt,8.0,8.0,100.0,8.0,100.0,8.0,100.0,8.0,100.0,N/A,N/A
scale_free_000656.txt,1.0,1.0,100.0,1.0,100.0,1.0,100.0,1.0,100.0,N/A,N/A
dag_000657.txt,0.0,0.0,100.0,0.0,100.0,0.0,100.0,0.0,100.0,N/A,N/A
dgrid_000657.txt,1.0,1.0,100.0,1.0,100.0,1.0,100.0,1.0,100.0,N/A,N/A
ego_000657.txt,9.0,9.0,100.0,9.0,100.0,9.0,100.0,N/A,N/A,N/A,N/A
er_000657.txt,16.0,N/A,N/A,16.0,100.0,16.0,100.0,N/A,N/A,N/A,N/A
scale_free_000657.txt,2.0,2.0,100.0,2.0,100.0,2.0,100.0,2.0,100.0,N/A,N/A
dag_000658.txt,0.0,0.0,100.0,0.0,100.0,0.0,100.0,0.0,100.0,N/A,N/A
dgrid_000658.txt,3.0,3.0,100.0,3.0,100.0,3.0,100.0,3.0,100.0,N/A,N/A
ego_000658.txt,8.0,8.0,100.0,8.0,100.0,8.0,100.0,N/A,N/A,N/A,N/A
er_000658.txt,5.0,5.0,100.0,5.0,100.0,5.0,100.0,5.0,100.0,N/A,N/A
scale_free_000658.txt,1.0,1.0,100.0,1.0,100.0,1.0,100.0,1.0,100.0,N/A,N/A
dag_000659.txt,0.0,0.0,100.0,0.0,100.0,0.0,100.0,0.0,100.0,N/A,N/A
dgrid_000659.txt,0.0,0.0,100.0,0.0,100.0,0.0,100.0,0.0,100.0,N/A,N/A
ego_000659.txt,0.0,0.0,100.0,0.0,100.0,0.0,100.0,0.0,100.0,N/A,N/A
er_000659.txt,7.0,7.0,100.0,7.0,100.0,7.0,100.0,7.0,100.0,N/A,N/A
scale_free_000659.txt,1.0,1.0,100.0,1.0,100.0,1.0,100.0,1.0,100.0,N/A,N/A
dag_000660.txt,0.0,0.0,100.0,0.0,100.0,0.0,100.0,0.0,100.0,N/A,N/A
dgrid_000660.txt,5.0,5.0,100.0,5.0,100.0,5.0,100.0,5.0,100.0,N/A,N/A
ego_000660.txt,9.0,9.0,100.0,9.0,100.0,9.0,100.0,N/A,N/A,N/A,N/A
er_000660.txt,10.0,10.0,100.0,10.0,100.0,10.0,100.0,N/A,N/A,N/A,N/A
scale_free_000660.txt,1.0,1.0,100.0,1.0,100.0,1.0,100.0,1.0,100.0,N/A,N/A
dag_000661.txt,0.0,0.0,100.0,0.0,100.0,0.0,100.0,0.0,100.0,N/A,N/A
dgrid_000661.txt,5.0,5.0,100.0,5.0,100.0,5.0,100.0,5.0,100.0,N/A,N/A
ego_000661.txt,6.0,6.0,100.0,6.0,100.0,6.0,100.0,6.0,100.0,N/A,N/A
er_000661.txt,6.0,6.0,100.0,6.0,100.0,6.0,100.0,6.0,100.0,N/A,N/A
scale_free_000661.txt,2.0,2.0,100.0,2.0,100.0,2.0,100.0,2.0,100.0,N/A,N/A
dag_000662.txt,0.0,0.0,100.0,0.0,100.0,0.0,100.0,0.0,100.0,N/A,N/A
dgrid_000662.txt,1.0,1.0,100.0,1.0,100.0,1.0,100.0,1.0,100.0,N/A,N/A
ego_000662.txt,6.0,6.0,100.0,6.0,100.0,6.0,100.0,6.0,100.0,N/A,N/A
er_000662.txt,6.0,6.0,100.0,6.0,100.0,6.0,100.0,6.0,100.0,N/A,N/A
scale_free_000662.txt,1.0,1.0,100.0,1.0,100.0,1.0,100.0,1.0,100.0,N/A,N/A
dag_000663.txt,0.0,0.0,100.0,0.0,100.0,0.0,100.0,0.0,100.0,N/A,N/A
dgrid_000663.txt,2.0,2.0,100.0,2.0,100.0,2.0,100.0,2.0,100.0,N/A,N/A
ego_000663.txt,5.0,5.0,100.0,5.0,100.0,5.0,100.0,5.0,100.0,N/A,N/A
er_000663.txt,15.0,N/A,N/A,15.0,100.0,15.0,100.0,N/A,N/A,N/A,N/A
scale_free_000663.txt,1.0,1.0,100.0,1.0,100.0,1.0,100.0,1.0,100.0,N/A,N/A
dag_000664.txt,0.0,0.0,100.0,0.0,100.0,0.0,100.0,0.0,100.0,N/A,N/A
dgrid_000664.txt,3.0,3.0,100.0,3.0,100.0,3.0,100.0,3.0,100.0,N/A,N/A
ego_000664.txt,0.0,0.0,100.0,0.0,100.0,0.0,100.0,0.0,100.0,N/A,N/A
er_000664.txt,10.0,10.0,100.0,10.0,100.0,10.0,100.0,N/A,N/A,N/A,N/A
scale_free_000664.txt,1.0,1.0,100.0,1.0,100.0,1.0,100.0,1.0,100.0,N/A,N/A
dag_000665.txt,0.0,0.0,100.0,0.0,100.0,0.0,100.0,0.0,100.0,N/A,N/A
dgrid_000665.txt,0.0,0.0,100.0,0.0,100.0,0.0,100.0,0.0,100.0,N/A,N/A
ego_000665.txt,0.0,0.0,100.0,0.0,100.0,0.0,100.0,0.0,100.0,N/A,N/A
er_000665.txt,7.0,7.0,100.0,7.0,100.0,7.0,100.0,7.0,100.0,N/A,N/A
scale_free_000665.txt,1.0,1.0,100.0,1.0,100.0,1.0,100.0,1.0,100.0,N/A,N/A
dag_000666.txt,0.0,0.0,100.0,0.0,100.0,0.0,100.0,0.0,100.0,N/A,N/A
dgrid_000666.txt,3.0,3.0,100.0,3.0,100.0,3.0,100.0,3.0,100.0,N/A,N/A
ego_000666.txt,6.0,6.0,100.0,6.0,100.0,6.0,100.0,6.0,100.0,N/A,N/A
er_000666.txt,7.0,7.0,100.0,7.0,100.0,7.0,100.0,7.0,100.0,N/A,N/A
scale_free_000666.txt,1.0,1.0,100.0,1.0,100.0,1.0,100.0,1.0,100.0,N/A,N/A
dag_000667.txt,0.0,0.0,100.0,0.0,100.0,0.0,100.0,0.0,100.0,N/A,N/A
dgrid_000667.txt,4.0,4.0,100.0,4.0,100.0,4.0,100.0,4.0,100.0,N/A,N/A
ego_000667.txt,2.0,2.0,100.0,2.0,100.0,2.0,100.0,2.0,100.0,N/A,N/A
er_000667.txt,10.0,10.0,100.0,10.0,100.0,10.0,100.0,10.0,100.0,N/A,N/A
scale_free_000667.txt,1.0,1.0,100.0,1.0,100.0,1.0,100.0,1.0,100.0,N/A,N/A
dag_000668.txt,0.0,0.0,100.0,0.0,100.0,0.0,100.0,0.0,100.0,N/A,N/A
dgrid_000668.txt,4.0,4.0,100.0,4.0,100.0,4.0,100.0,4.0,100.0,N/A,N/A
ego_000668.txt,13.0,13.0,100.0,13.0,100.0,13.0,100.0,N/A,N/A,N/A,N/A
er_000668.txt,11.0,11.0,100.0,11.0,100.0,11.0,100.0,N/A,N/A,N/A,N/A
scale_free_000668.txt,1.0,1.0,100.0,1.0,100.0,1.0,100.0,1.0,100.0,N/A,N/A
dag_000669.txt,0.0,0.0,100.0,0.0,100.0,0.0,100.0,0.0,100.0,N/A,N/A
dgrid_000669.txt,2.0,2.0,100.0,2.0,100.0,2.0,100.0,2.0,100.0,N/A,N/A
ego_000669.txt,1.0,1.0,100.0,1.0,100.0,1.0,100.0,1.0,100.0,N/A,N/A
er_000669.txt,2.0,2.0,100.0,2.0,100.0,2.0,100.0,2.0,100.0,N/A,N/A
scale_free_000669.txt,1.0,1.0,100.0,1.0,100.0,1.0,100.0,1.0,100.0,N/A,N/A
dag_000670.txt,0.0,0.0,100.0,0.0,100.0,0.0,100.0,0.0,100.0,N/A,N/A
dgrid_000670.txt,4.0,4.0,100.0,4.0,100.0,4.0,100.0,4.0,100.0,N/A,N/A
ego_000670.txt,13.0,13.0,100.0,13.0,100.0,13.0,100.0,N/A,N/A,N/A,N/A
er_000670.txt,10.0,10.0,100.0,10.0,100.0,10.0,100.0,10.0,100.0,N/A,N/A
scale_free_000670.txt,1.0,1.0,100.0,1.0,100.0,1.0,100.0,1.0,100.0,N/A,N/A
dag_000671.txt,0.0,0.0,100.0,0.0,100.0,0.0,100.0,0.0,100.0,N/A,N/A
dgrid_000671.txt,3.0,3.0,100.0,3.0,100.0,3.0,100.0,3.0,100.0,N/A,N/A
ego_000671.txt,5.0,5.0,100.0,5.0,100.0,5.0,100.0,5.0,100.0,N/A,N/A
er_000671.txt,1.0,1.0,100.0,1.0,100.0,1.0,100.0,1.0,100.0,N/A,N/A
scale_free_000671.txt,1.0,1.0,100.0,1.0,100.0,1.0,100.0,1.0,100.0,N/A,N/A
dag_000672.txt,0.0,0.0,100.0,0.0,100.0,0.0,100.0,0.0,100.0,N/A,N/A
dgrid_000672.txt,3.0,3.0,100.0,3.0,100.0,3.0,100.0,3.0,100.0,N/A,N/A
ego_000672.txt,0.0,0.0,100.0,0.0,100.0,0.0,100.0,0.0,100.0,N/A,N/A
er_000672.txt,9.0,9.0,100.0,9.0,100.0,9.0,100.0,9.0,100.0,N/A,N/A
scale_free_000672.txt,1.0,1.0,100.0,1.0,100.0,1.0,100.0,1.0,100.0,N/A,N/A
dag_000673.txt,0.0,0.0,100.0,0.0,100.0,0.0,100.0,0.0,100.0,N/A,N/A
dgrid_000673.txt,1.0,1.0,100.0,1.0,100.0,1.0,100.0,1.0,100.0,N/A,N/A
ego_000673.txt,5.0,5.0,100.0,5.0,100.0,5.0,100.0,5.0,100.0,N/A,N/A
er_000673.txt,1.0,1.0,100.0,1.0,100.0,1.0,100.0,1.0,100.0,N/A,N/A
scale_free_000673.txt,1.0,1.0,100.0,1.0,100.0,1.0,100.0,1.0,100.0,N/A,N/A
dag_000674.txt,0.0,0.0,100.0,0.0,100.0,0.0,100.0,0.0,100.0,N/A,N/A
dgrid_000674.txt,1.0,1.0,100.0,1.0,100.0,1.0,100.0,1.0,100.0,N/A,N/A
ego_000674.txt,0.0,0.0,100.0,0.0,100.0,0.0,100.0,0.0,100.0,N/A,N/A
er_000674.txt,5.0,5.0,100.0,5.0,100.0,5.0,100.0,5.0,100.0,N/A,N/A
scale_free_000674.txt,2.0,2.0,100.0,2.0,100.0,2.0,100.0,2.0,100.0,N/A,N/A
dag_000675.txt,0.0,0.0,100.0,0.0,100.0,0.0,100.0,0.0,100.0,N/A,N/A
dgrid_000675.txt,4.0,4.0,100.0,4.0,100.0,4.0,100.0,4.0,100.0,N/A,N/A
ego_000675.txt,4.0,4.0,100.0,4.0,100.0,4.0,100.0,4.0,100.0,N/A,N/A
er_000675.txt,2.0,2.0,100.0,2.0,100.0,2.0,100.0,2.0,100.0,N/A,N/A
scale_free_000675.txt,1.0,1.0,100.0,1.0,100.0,1.0,100.0,1.0,100.0,N/A,N/A
dag_000676.txt,0.0,0.0,100.0,0.0,100.0,0.0,100.0,0.0,100.0,N/A,N/A
dgrid_000676.txt,3.0,3.0,100.0,3.0,100.0,3.0,100.0,3.0,100.0,N/A,N/A
ego_000676.txt,8.0,8.0,100.0,8.0,100.0,8.0,100.0,N/A,N/A,N/A,N/A
er_000676.txt,3.0,3.0,100.0,3.0,100.0,3.0,100.0,3.0,100.0,N/A,N/A
scale_free_000676.txt,2.0,2.0,100.0,2.0,100.0,2.0,100.0,2.0,100.0,N/A,N/A
dag_000677.txt,0.0,0.0,100.0,0.0,100.0,0.0,100.0,0.0,100.0,N/A,N/A
dgrid_000677.txt,1.0,1.0,100.0,1.0,100.0,1.0,100.0,1.0,100.0,N/A,N/A
ego_000677.txt,4.0,4.0,100.0,4.0,100.0,4.0,100.0,4.0,100.0,N/A,N/A
er_000677.txt,7.0,7.0,100.0,7.0,100.0,7.0,100.0,7.0,100.0,N/A,N/A
scale_free_000677.txt,2.0,2.0,100.0,2.0,100.0,2.0,100.0,2.0,100.0,N/A,N/A
dag_000678.txt,0.0,0.0,100.0,0.0,100.0,0.0,100.0,0.0,100.0,N/A,N/A
dgrid_000678.txt,1.0,1.0,100.0,1.0,100.0,1.0,100.0,1.0,100.0,N/A,N/A
ego_000678.txt,5.0,5.0,100.0,5.0,100.0,5.0,100.0,5.0,100.0,N/A,N/A
er_000678.txt,3.0,3.0,100.0,3.0,100.0,3.0,100.0,3.0,100.0,N/A,N/A
scale_free_000678.txt,1.0,1.0,100.0,1.0,100.0,1.0,100.0,1.0,100.0,N/A,N/A
dag_000679.txt,0.0,0.0,100.0,0.0,100.0,0.0,100.0,0.0,100.0,N/A,N/A
dgrid_000679.txt,1.0,1.0,100.0,1.0,100.0,1.0,100.0,1.0,100.0,N/A,N/A
ego_000679.txt,0.0,0.0,100.0,0.0,100.0,0.0,100.0,0.0,100.0,N/A,N/A
er_000679.txt,5.0,5.0,100.0,5.0,100.0,5.0,100.0,5.0,100.0,N/A,N/A
scale_free_000679.txt,1.0,1.0,100.0,1.0,100.0,1.0,100.0,1.0,100.0,N/A,N/A
dag_000680.txt,0.0,0.0,100.0,0.0,100.0,0.0,100.0,0.0,100.0,N/A,N/A
dgrid_000680.txt,2.0,2.0,100.0,2.0,100.0,2.0,100.0,2.0,100.0,N/A,N/A
ego_000680.txt,4.0,4.0,100.0,4.0,100.0,4.0,100.0,4.0,100.0,N/A,N/A
er_000680.txt,6.0,6.0,100.0,6.0,100.0,6.0,100.0,6.0,100.0,N/A,N/A
scale_free_000680.txt,1.0,1.0,100.0,1.0,100.0,1.0,100.0,1.0,100.0,N/A,N/A
dag_000681.txt,0.0,0.0,100.0,0.0,100.0,0.0,100.0,0.0,100.0,N/A,N/A
dgrid_000681.txt,2.0,2.0,100.0,2.0,100.0,2.0,100.0,2.0,100.0,N/A,N/A
ego_000681.txt,8.0,8.0,100.0,8.0,100.0,8.0,100.0,8.0,100.0,N/A,N/A
er_000681.txt,7.0,7.0,100.0,7.0,100.0,7.0,100.0,7.0,100.0,N/A,N/A
scale_free_000681.txt,1.0,1.0,100.0,1.0,100.0,1.0,100.0,1.0,100.0,N/A,N/A
dag_000682.txt,0.0,0.0,100.0,0.0,100.0,0.0,100.0,0.0,100.0,N/A,N/A
dgrid_000682.txt,0.0,0.0,100.0,0.0,100.0,0.0,100.0,0.0,100.0,N/A,N/A
ego_000682.txt,6.0,6.0,100.0,6.0,100.0,6.0,100.0,6.0,100.0,N/A,N/A
er_000682.txt,4.0,4.0,100.0,4.0,100.0,4.0,100.0,4.0,100.0,N/A,N/A
scale_free_000682.txt,1.0,1.0,100.0,1.0,100.0,1.0,100.0,1.0,100.0,N/A,N/A
dag_000683.txt,0.0,0.0,100.0,0.0,100.0,0.0,100.0,0.0,100.0,N/A,N/A
dgrid_000683.txt,1.0,1.0,100.0,1.0,100.0,1.0,100.0,1.0,100.0,N/A,N/A
ego_000683.txt,15.0,15.0,100.0,15.0,100.0,15.0,100.0,N/A,N/A,N/A,N/A
er_000683.txt,3.0,3.0,100.0,3.0,100.0,3.0,100.0,3.0,100.0,N/A,N/A
scale_free_000683.txt,1.0,1.0,100.0,1.0,100.0,1.0,100.0,1.0,100.0,N/A,N/A
dag_000684.txt,0.0,0.0,100.0,0.0,100.0,0.0,100.0,0.0,100.0,N/A,N/A
dgrid_000684.txt,3.0,3.0,100.0,3.0,100.0,3.0,100.0,3.0,100.0,N/A,N/A
ego_000684.txt,4.0,4.0,100.0,4.0,100.0,4.0,100.0,4.0,100.0,N/A,N/A
er_000684.txt,7.0,7.0,100.0,7.0,100.0,7.0,100.0,N/A,N/A,N/A,N/A
scale_free_000684.txt,1.0,1.0,100.0,1.0,100.0,1.0,100.0,1.0,100.0,N/A,N/A
dag_000685.txt,0.0,0.0,100.0,0.0,100.0,0.0,100.0,0.0,100.0,N/A,N/A
dgrid_000685.txt,1.0,1.0,100.0,1.0,100.0,1.0,100.0,1.0,100.0,N/A,N/A
ego_000685.txt,4.0,4.0,100.0,4.0,100.0,4.0,100.0,4.0,100.0,N/A,N/A
er_000685.txt,15.0,N/A,N/A,15.0,100.0,15.0,100.0,N/A,N/A,N/A,N/A
scale_free_000685.txt,1.0,1.0,100.0,1.0,100.0,1.0,100.0,1.0,100.0,N/A,N/A
dag_000686.txt,0.0,0.0,100.0,0.0,100.0,0.0,100.0,0.0,100.0,N/A,N/A
dgrid_000686.txt,4.0,4.0,100.0,4.0,100.0,4.0,100.0,4.0,100.0,N/A,N/A
ego_000686.txt,10.0,10.0,100.0,10.0,100.0,10.0,100.0,N/A,N/A,N/A,N/A
er_000686.txt,16.0,N/A,N/A,16.0,100.0,16.0,100.0,N/A,N/A,N/A,N/A
scale_free_000686.txt,2.0,2.0,100.0,2.0,100.0,2.0,100.0,2.0,100.0,N/A,N/A
dag_000687.txt,0.0,0.0,100.0,0.0,100.0,0.0,100.0,0.0,100.0,N/A,N/A
dgrid_000687.txt,3.0,3.0,100.0,3.0,100.0,3.0,100.0,3.0,100.0,N/A,N/A
ego_000687.txt,6.0,6.0,100.0,6.0,100.0,6.0,100.0,6.0,100.0,N/A,N/A
er_000687.txt,3.0,3.0,100.0,3.0,100.0,3.0,100.0,3.0,100.0,N/A,N/A
scale_free_000687.txt,1.0,1.0,100.0,1.0,100.0,1.0,100.0,1.0,100.0,N/A,N/A
dag_000688.txt,0.0,0.0,100.0,0.0,100.0,0.0,100.0,0.0,100.0,N/A,N/A
dgrid_000688.txt,1.0,1.0,100.0,1.0,100.0,1.0,100.0,1.0,100.0,N/A,N/A
ego_000688.txt,5.0,5.0,100.0,5.0,100.0,5.0,100.0,5.0,100.0,N/A,N/A
er_000688.txt,3.0,3.0,100.0,3.0,100.0,3.0,100.0,3.0,100.0,N/A,N/A
scale_free_000688.txt,1.0,1.0,100.0,1.0,100.0,1.0,100.0,1.0,100.0,N/A,N/A
dag_000689.txt,0.0,0.0,100.0,0.0,100.0,0.0,100.0,0.0,100.0,N/A,N/A
dgrid_000689.txt,1.0,1.0,100.0,1.0,100.0,1.0,100.0,1.0,100.0,N/A,N/A
ego_000689.txt,2.0,2.0,100.0,2.0,100.0,2.0,100.0,2.0,100.0,N/A,N/A
er_000689.txt,12.0,12.0,100.0,12.0,100.0,12.0,100.0,N/A,N/A,N/A,N/A
scale_free_000689.txt,1.0,1.0,100.0,1.0,100.0,1.0,100.0,1.0,100.0,N/A,N/A
dag_000690.txt,0.0,0.0,100.0,0.0,100.0,0.0,100.0,0.0,100.0,N/A,N/A
dgrid_000690.txt,1.0,1.0,100.0,1.0,100.0,1.0,100.0,1.0,100.0,N/A,N/A
ego_000690.txt,2.0,2.0,100.0,2.0,100.0,2.0,100.0,2.0,100.0,N/A,N/A
er_000690.txt,14.0,N/A,N/A,14.0,100.0,14.0,100.0,N/A,N/A,N/A,N/A
scale_free_000690.txt,1.0,1.0,100.0,1.0,100.0,1.0,100.0,1.0,100.0,N/A,N/A
dag_000691.txt,0.0,0.0,100.0,0.0,100.0,0.0,100.0,0.0,100.0,N/A,N/A
dgrid_000691.txt,0.0,0.0,100.0,0.0,100.0,0.0,100.0,0.0,100.0,N/A,N/A
ego_000691.txt,8.0,8.0,100.0,8.0,100.0,8.0,100.0,8.0,100.0,N/A,N/A
er_000691.txt,0.0,0.0,100.0,0.0,100.0,0.0,100.0,0.0,100.0,N/A,N/A
scale_free_000691.txt,1.0,1.0,100.0,1.0,100.0,1.0,100.0,1.0,100.0,N/A,N/A
dag_000692.txt,0.0,0.0,100.0,0.0,100.0,0.0,100.0,0.0,100.0,N/A,N/A
dgrid_000692.txt,0.0,0.0,100.0,0.0,100.0,0.0,100.0,0.0,100.0,N/A,N/A
ego_000692.txt,4.0,4.0,100.0,4.0,100.0,4.0,100.0,4.0,100.0,N/A,N/A
er_000692.txt,18.0,N/A,N/A,18.0,100.0,18.0,100.0,N/A,N/A,N/A,N/A
scale_free_000692.txt,1.0,1.0,100.0,1.0,100.0,1.0,100.0,1.0,100.0,N/A,N/A
dag_000693.txt,0.0,0.0,100.0,0.0,100.0,0.0,100.0,0.0,100.0,N/A,N/A
dgrid_000693.txt,4.0,4.0,100.0,4.0,100.0,4.0,100.0,4.0,100.0,N/A,N/A
ego_000693.txt,6.0,6.0,100.0,6.0,100.0,6.0,100.0,6.0,100.0,N/A,N/A
er_000693.txt,6.0,6.0,100.0,6.0,100.0,6.0,100.0,6.0,100.0,N/A,N/A
scale_free_000693.txt,2.0,2.0,100.0,2.0,100.0,2.0,100.0,2.0,100.0,N/A,N/A
dag_000694.txt,0.0,0.0,100.0,0.0,100.0,0.0,100.0,0.0,100.0,N/A,N/A
dgrid_000694.txt,0.0,0.0,100.0,0.0,100.0,0.0,100.0,0.0,100.0,N/A,N/A
ego_000694.txt,0.0,0.0,100.0,0.0,100.0,0.0,100.0,0.0,100.0,N/A,N/A
er_000694.txt,12.0,12.0,100.0,12.0,100.0,12.0,100.0,N/A,N/A,N/A,N/A
scale_free_000694.txt,1.0,1.0,100.0,1.0,100.0,1.0,100.0,1.0,100.0,N/A,N/A
dag_000695.txt,0.0,0.0,100.0,0.0,100.0,0.0,100.0,0.0,100.0,N/A,N/A
dgrid_000695.txt,5.0,5.0,100.0,5.0,100.0,5.0,100.0,5.0,100.0,N/A,N/A
ego_000695.txt,0.0,0.0,100.0,0.0,100.0,0.0,100.0,0.0,100.0,N/A,N/A
er_000695.txt,11.0,N/A,N/A,11.0,100.0,12.0,91.6667,N/A,N/A,N/A,N/A
scale_free_000695.txt,1.0,1.0,100.0,1.0,100.0,1.0,100.0,1.0,100.0,N/A,N/A
dag_000696.txt,0.0,0.0,100.0,0.0,100.0,0.0,100.0,0.0,100.0,N/A,N/A
dgrid_000696.txt,2.0,2.0,100.0,2.0,100.0,2.0,100.0,2.0,100.0,N/A,N/A
ego_000696.txt,0.0,0.0,100.0,0.0,100.0,0.0,100.0,0.0,100.0,N/A,N/A
er_000696.txt,11.0,11.0,100.0,11.0,100.0,11.0,100.0,N/A,N/A,N/A,N/A
scale_free_000696.txt,2.0,2.0,100.0,2.0,100.0,2.0,100.0,2.0,100.0,N/A,N/A
dag_000697.txt,0.0,0.0,100.0,0.0,100.0,0.0,100.0,0.0,100.0,N/A,N/A
dgrid_000697.txt,3.0,3.0,100.0,3.0,100.0,3.0,100.0,3.0,100.0,N/A,N/A
ego_000697.txt,3.0,3.0,100.0,3.0,100.0,3.0,100.0,3.0,100.0,N/A,N/A
er_000697.txt,8.0,8.0,100.0,8.0,100.0,8.0,100.0,8.0,100.0,N/A,N/A
scale_free_000697.txt,1.0,1.0,100.0,1.0,100.0,1.0,100.0,1.0,100.0,N/A,N/A
dag_000698.txt,0.0,0.0,100.0,0.0,100.0,0.0,100.0,0.0,100.0,N/A,N/A
dgrid_000698.txt,2.0,2.0,100.0,2.0,100.0,2.0,100.0,2.0,100.0,N/A,N/A
ego_000698.txt,2.0,2.0,100.0,2.0,100.0,2.0,100.0,2.0,100.0,N/A,N/A
er_000698.txt,14.0,N/A,N/A,14.0,100.0,14.0,100.0,N/A,N/A,N/A,N/A
scale_free_000698.txt,2.0,2.0,100.0,2.0,100.0,2.0,100.0,2.0,100.0,N/A,N/A
dag_000699.txt,0.0,0.0,100.0,0.0,100.0,0.0,100.0,0.0,100.0,N/A,N/A
dgrid_000699.txt,0.0,0.0,100.0,0.0,100.0,0.0,100.0,0.0,100.0,N/A,N/A
ego_000699.txt,3.0,3.0,100.0,3.0,100.0,3.0,100.0,3.0,100.0,N/A,N/A
er_000699.txt,12.0,N/A,N/A,12.0,100.0,12.0,100.0,N/A,N/A,N/A,N/A
scale_free_000699.txt,1.0,1.0,100.0,1.0,100.0,1.0,100.0,1.0,100.0,N/A,N/A
dag_000700.txt,0.0,0.0,100.0,0.0,100.0,0.0,100.0,0.0,100.0,N/A,N/A
dgrid_000700.txt,2.0,2.0,100.0,2.0,100.0,2.0,100.0,2.0,100.0,N/A,N/A
ego_000700.txt,4.0,4.0,100.0,4.0,100.0,4.0,100.0,4.0,100.0,N/A,N/A
er_000700.txt,4.0,4.0,100.0,4.0,100.0,4.0,100.0,4.0,100.0,N/A,N/A
scale_free_000700.txt,2.0,2.0,100.0,2.0,100.0,2.0,100.0,2.0,100.0,N/A,N/A
dag_000701.txt,0.0,0.0,100.0,0.0,100.0,0.0,100.0,0.0,100.0,N/A,N/A
dgrid_000701.txt,1.0,1.0,100.0,1.0,100.0,1.0,100.0,1.0,100.0,N/A,N/A
ego_000701.txt,2.0,2.0,100.0,2.0,100.0,2.0,100.0,2.0,100.0,N/A,N/A
er_000701.txt,4.0,4.0,100.0,4.0,100.0,4.0,100.0,4.0,100.0,N/A,N/A
scale_free_000701.txt,1.0,1.0,100.0,1.0,100.0,1.0,100.0,1.0,100.0,N/A,N/A
dag_000702.txt,0.0,0.0,100.0,0.0,100.0,0.0,100.0,0.0,100.0,N/A,N/A
dgrid_000702.txt,1.0,1.0,100.0,1.0,100.0,1.0,100.0,1.0,100.0,N/A,N/A
ego_000702.txt,5.0,5.0,100.0,5.0,100.0,5.0,100.0,5.0,100.0,N/A,N/A
er_000702.txt,6.0,6.0,100.0,6.0,100.0,6.0,100.0,6.0,100.0,N/A,N/A
scale_free_000702.txt,3.0,3.0,100.0,3.0,100.0,3.0,100.0,3.0,100.0,N/A,N/A
dag_000703.txt,0.0,0.0,100.0,0.0,100.0,0.0,100.0,0.0,100.0,N/A,N/A
dgrid_000703.txt,4.0,4.0,100.0,4.0,100.0,4.0,100.0,4.0,100.0,N/A,N/A
ego_000703.txt,4.0,4.0,100.0,4.0,100.0,4.0,100.0,4.0,100.0,N/A,N/A
er_000703.txt,9.0,9.0,100.0,9.0,100.0,9.0,100.0,N/A,N/A,N/A,N/A
scale_free_000703.txt,1.0,1.0,100.0,1.0,100.0,1.0,100.0,1.0,100.0,N/A,N/A
dag_000704.txt,0.0,0.0,100.0,0.0,100.0,0.0,100.0,0.0,100.0,N/A,N/A
dgrid_000704.txt,4.0,4.0,100.0,4.0,100.0,4.0,100.0,4.0,100.0,N/A,N/A
ego_000704.txt,4.0,4.0,100.0,4.0,100.0,4.0,100.0,4.0,100.0,N/A,N/A
er_000704.txt,8.0,8.0,100.0,8.0,100.0,8.0,100.0,8.0,100.0,N/A,N/A
scale_free_000704.txt,2.0,2.0,100.0,2.0,100.0,2.0,100.0,2.0,100.0,N/A,N/A
dag_000705.txt,0.0,0.0,100.0,0.0,100.0,0.0,100.0,0.0,100.0,N/A,N/A
dgrid_000705.txt,5.0,5.0,100.0,5.0,100.0,5.0,100.0,5.0,100.0,N/A,N/A
ego_000705.txt,0.0,0.0,100.0,0.0,100.0,0.0,100.0,0.0,100.0,N/A,N/A
er_000705.txt,11.0,11.0,100.0,11.0,100.0,11.0,100.0,N/A,N/A,N/A,N/A
scale_free_000705.txt,1.0,1.0,100.0,1.0,100.0,1.0,100.0,1.0,100.0,N/A,N/A
dag_000706.txt,0.0,0.0,100.0,0.0,100.0,0.0,100.0,0.0,100.0,N/A,N/A
dgrid_000706.txt,2.0,2.0,100.0,2.0,100.0,2.0,100.0,2.0,100.0,N/A,N/A
ego_000706.txt,10.0,10.0,100.0,10.0,100.0,10.0,100.0,N/A,N/A,N/A,N/A
er_000706.txt,4.0,4.0,100.0,4.0,100.0,4.0,100.0,4.0,100.0,N/A,N/A
scale_free_000706.txt,1.0,1.0,100.0,1.0,100.0,1.0,100.0,1.0,100.0,N/A,N/A
dag_000707.txt,0.0,0.0,100.0,0.0,100.0,0.0,100.0,0.0,100.0,N/A,N/A
dgrid_000707.txt,3.0,3.0,100.0,3.0,100.0,3.0,100.0,3.0,100.0,N/A,N/A
ego_000707.txt,0.0,0.0,100.0,0.0,100.0,0.0,100.0,0.0,100.0,N/A,N/A
er_000707.txt,12.0,12.0,100.0,12.0,100.0,12.0,100.0,N/A,N/A,N/A,N/A
scale_free_000707.txt,2.0,2.0,100.0,2.0,100.0,2.0,100.0,2.0,100.0,N/A,N/A
dag_000708.txt,0.0,0.0,100.0,0.0,100.0,0.0,100.0,0.0,100.0,N/A,N/A
dgrid_000708.txt,1.0,1.0,100.0,1.0,100.0,1.0,100.0,1.0,100.0,N/A,N/A
ego_000708.txt,7.0,7.0,100.0,7.0,100.0,7.0,100.0,N/A,N/A,N/A,N/A
er_000708.txt,6.0,6.0,100.0,6.0,100.0,6.0,100.0,6.0,100.0,N/A,N/A
scale_free_000708.txt,1.0,1.0,100.0,1.0,100.0,1.0,100.0,1.0,100.0,N/A,N/A
dag_000709.txt,0.0,0.0,100.0,0.0,100.0,0.0,100.0,0.0,100.0,N/A,N/A
dgrid_000709.txt,1.0,1.0,100.0,1.0,100.0,1.0,100.0,1.0,100.0,N/A,N/A
ego_000709.txt,2.0,2.0,100.0,2.0,100.0,2.0,100.0,2.0,100.0,N/A,N/A
er_000709.txt,2.0,2.0,100.0,2.0,100.0,2.0,100.0,2.0,100.0,N/A,N/A
scale_free_000709.txt,1.0,1.0,100.0,1.0,100.0,1.0,100.0,1.0,100.0,N/A,N/A
dag_000710.txt,0.0,0.0,100.0,0.0,100.0,0.0,100.0,0.0,100.0,N/A,N/A
dgrid_000710.txt,5.0,5.0,100.0,5.0,100.0,5.0,100.0,5.0,100.0,N/A,N/A
ego_000710.txt,2.0,2.0,100.0,2.0,100.0,2.0,100.0,2.0,100.0,N/A,N/A
er_000710.txt,6.0,6.0,100.0,6.0,100.0,6.0,100.0,6.0,100.0,N/A,N/A
scale_free_000710.txt,1.0,1.0,100.0,1.0,100.0,1.0,100.0,1.0,100.0,N/A,N/A
dag_000711.txt,0.0,0.0,100.0,0.0,100.0,0.0,100.0,0.0,100.0,N/A,N/A
dgrid_000711.txt,2.0,2.0,100.0,2.0,100.0,2.0,100.0,2.0,100.0,N/A,N/A
ego_000711.txt,6.0,6.0,100.0,6.0,100.0,6.0,100.0,6.0,100.0,N/A,N/A
er_000711.txt,9.0,9.0,100.0,9.0,100.0,9.0,100.0,9.0,100.0,N/A,N/A
scale_free_000711.txt,2.0,2.0,100.0,2.0,100.0,2.0,100.0,2.0,100.0,N/A,N/A
dag_000712.txt,0.0,0.0,100.0,0.0,100.0,0.0,100.0,0.0,100.0,N/A,N/A
dgrid_000712.txt,4.0,4.0,100.0,4.0,100.0,4.0,100.0,4.0,100.0,N/A,N/A
ego_000712.txt,2.0,2.0,100.0,2.0,100.0,2.0,100.0,2.0,100.0,N/A,N/A
er_000712.txt,5.0,5.0,100.0,5.0,100.0,5.0,100.0,5.0,100.0,N/A,N/A
scale_free_000712.txt,2.0,2.0,100.0,2.0,100.0,2.0,100.0,2.0,100.0,N/A,N/A
dag_000713.txt,0.0,0.0,100.0,0.0,100.0,0.0,100.0,0.0,100.0,N/A,N/A
dgrid_000713.txt,3.0,3.0,100.0,3.0,100.0,3.0,100.0,3.0,100.0,N/A,N/A
ego_000713.txt,10.0,10.0,100.0,10.0,100.0,10.0,100.0,N/A,N/A,N/A,N/A
er_000713.txt,12.0,N/A,N/A,12.0,100.0,13.0,92.3077,N/A,N/A,N/A,N/A
scale_free_000713.txt,2.0,2.0,100.0,2.0,100.0,2.0,100.0,2.0,100.0,N/A,N/A
dag_000714.txt,0.0,0.0,100.0,0.0,100.0,0.0,100.0,0.0,100.0,N/A,N/A
dgrid_000714.txt,0.0,0.0,100.0,0.0,100.0,0.0,100.0,0.0,100.0,N/A,N/A
ego_000714.txt,7.0,7.0,100.0,7.0,100.0,7.0,100.0,7.0,100.0,N/A,N/A
er_000714.txt,10.0,10.0,100.0,10.0,100.0,10.0,100.0,10.0,100.0,N/A,N/A
scale_free_000714.txt,1.0,1.0,100.0,1.0,100.0,1.0,100.0,1.0,100.0,N/A,N/A
dag_000715.txt,0.0,0.0,100.0,0.0,100.0,0.0,100.0,0.0,100.0,N/A,N/A
dgrid_000715.txt,0.0,0.0,100.0,0.0,100.0,0.0,100.0,0.0,100.0,N/A,N/A
ego_000715.txt,4.0,4.0,100.0,4.0,100.0,4.0,100.0,4.0,100.0,N/A,N/A
er_000715.txt,9.0,9.0,100.0,9.0,100.0,9.0,100.0,N/A,N/A,N/A,N/A
scale_free_000715.txt,1.0,1.0,100.0,1.0,100.0,1.0,100.0,1.0,100.0,N/A,N/A
dag_000716.txt,0.0,0.0,100.0,0.0,100.0,0.0,100.0,0.0,100.0,N/A,N/A
dgrid_000716.txt,5.0,5.0,100.0,5.0,100.0,5.0,100.0,5.0,100.0,N/A,N/A
ego_000716.txt,6.0,6.0,100.0,6.0,100.0,6.0,100.0,6.0,100.0,N/A,N/A
er_000716.txt,4.0,4.0,100.0,4.0,100.0,4.0,100.0,4.0,100.0,N/A,N/A
scale_free_000716.txt,1.0,1.0,100.0,1.0,100.0,1.0,100.0,1.0,100.0,N/A,N/A
dag_000717.txt,0.0,0.0,100.0,0.0,100.0,0.0,100.0,0.0,100.0,N/A,N/A
dgrid_000717.txt,2.0,2.0,100.0,2.0,100.0,2.0,100.0,2.0,100.0,N/A,N/A
ego_000717.txt,2.0,2.0,100.0,2.0,100.0,2.0,100.0,2.0,100.0,N/A,N/A
er_000717.txt,10.0,10.0,100.0,10.0,100.0,10.0,100.0,N/A,N/A,N/A,N/A
scale_free_000717.txt,1.0,1.0,100.0,1.0,100.0,1.0,100.0,1.0,100.0,N/A,N/A
dag_000718.txt,0.0,0.0,100.0,0.0,100.0,0.0,100.0,0.0,100.0,N/A,N/A
dgrid_000718.txt,6.0,6.0,100.0,6.0,100.0,6.0,100.0,N/A,N/A,N/A,N/A
ego_000718.txt,2.0,2.0,100.0,2.0,100.0,2.0,100.0,2.0,100.0,N/A,N/A
er_000718.txt,12.0,12.0,100.0,12.0,100.0,12.0,100.0,N/A,N/A,N/A,N/A
scale_free_000718.txt,1.0,1.0,100.0,1.0,100.0,1.0,100.0,1.0,100.0,N/A,N/A
dag_000719.txt,0.0,0.0,100.0,0.0,100.0,0.0,100.0,0.0,100.0,N/A,N/A
dgrid_000719.txt,1.0,1.0,100.0,1.0,100.0,1.0,100.0,1.0,100.0,N/A,N/A
ego_000719.txt,1.0,1.0,100.0,1.0,100.0,1.0,100.0,1.0,100.0,N/A,N/A
er_000719.txt,8.0,8.0,100.0,8.0,100.0,8.0,100.0,8.0,100.0,N/A,N/A
scale_free_000719.txt,1.0,1.0,100.0,1.0,100.0,1.0,100.0,1.0,100.0,N/A,N/A
dag_000720.txt,0.0,0.0,100.0,0.0,100.0,0.0,100.0,0.0,100.0,N/A,N/A
dgrid_000720.txt,0.0,0.0,100.0,0.0,100.0,0.0,100.0,0.0,100.0,N/A,N/A
ego_000720.txt,10.0,10.0,100.0,10.0,100.0,10.0,100.0,N/A,N/A,N/A,N/A
er_000720.txt,13.0,N/A,N/A,13.0,100.0,13.0,100.0,N/A,N/A,N/A,N/A
scale_free_000720.txt,2.0,2.0,100.0,2.0,100.0,2.0,100.0,2.0,100.0,N/A,N/A
dag_000721.txt,0.0,0.0,100.0,0.0,100.0,0.0,100.0,0.0,100.0,N/A,N/A
dgrid_000721.txt,4.0,4.0,100.0,4.0,100.0,4.0,100.0,4.0,100.0,N/A,N/A
ego_000721.txt,4.0,4.0,100.0,4.0,100.0,4.0,100.0,4.0,100.0,N/A,N/A
er_000721.txt,6.0,6.0,100.0,6.0,100.0,6.0,100.0,6.0,100.0,N/A,N/A
scale_free_000721.txt,1.0,1.0,100.0,1.0,100.0,1.0,100.0,1.0,100.0,N/A,N/A
dag_000722.txt,0.0,0.0,100.0,0.0,100.0,0.0,100.0,0.0,100.0,N/A,N/A
dgrid_000722.txt,4.0,4.0,100.0,4.0,100.0,4.0,100.0,4.0,100.0,N/A,N/A
ego_000722.txt,17.0,17.0,100.0,17.0,100.0,17.0,100.0,N/A,N/A,N/A,N/A
er_000722.txt,5.0,5.0,100.0,5.0,100.0,5.0,100.0,5.0,100.0,N/A,N/A
scale_free_000722.txt,1.0,1.0,100.0,1.0,100.0,1.0,100.0,1.0,100.0,N/A,N/A
dag_000723.txt,0.0,0.0,100.0,0.0,100.0,0.0,100.0,0.0,100.0,N/A,N/A
dgrid_000723.txt,0.0,0.0,100.0,0.0,100.0,0.0,100.0,0.0,100.0,N/A,N/A
ego_000723.txt,9.0,9.0,100.0,9.0,100.0,9.0,100.0,N/A,N/A,N/A,N/A
er_000723.txt,4.0,4.0,100.0,4.0,100.0,4.0,100.0,4.0,100.0,N/A,N/A
scale_free_000723.txt,1.0,1.0,100.0,1.0,100.0,1.0,100.0,1.0,100.0,N/A,N/A
dag_000724.txt,0.0,0.0,100.0,0.0,100.0,0.0,100.0,0.0,100.0,N/A,N/A
dgrid_000724.txt,2.0,2.0,100.0,2.0,100.0,2.0,100.0,2.0,100.0,N/A,N/A
ego_000724.txt,3.0,3.0,100.0,3.0,100.0,3.0,100.0,3.0,100.0,N/A,N/A
er_000724.txt,5.0,5.0,100.0,5.0,100.0,5.0,100.0,5.0,100.0,N/A,N/A
scale_free_000724.txt,2.0,2.0,100.0,2.0,100.0,2.0,100.0,2.0,100.0,N/A,N/A
dag_000725.txt,0.0,0.0,100.0,0.0,100.0,0.0,100.0,0.0,100.0,N/A,N/A
dgrid_000725.txt,3.0,3.0,100.0,3.0,100.0,3.0,100.0,3.0,100.0,N/A,N/A
ego_000725.txt,13.0,13.0,100.0,13.0,100.0,13.0,100.0,N/A,N/A,N/A,N/A
er_000725.txt,5.0,5.0,100.0,5.0,100.0,5.0,100.0,5.0,100.0,N/A,N/A
scale_free_000725.txt,2.0,2.0,100.0,2.0,100.0,2.0,100.0,2.0,100.0,N/A,N/A
dag_000726.txt,0.0,0.0,100.0,0.0,100.0,0.0,100.0,0.0,100.0,N/A,N/A
dgrid_000726.txt,1.0,1.0,100.0,1.0,100.0,1.0,100.0,1.0,100.0,N/A,N/A
ego_000726.txt,9.0,9.0,100.0,9.0,100.0,9.0,100.0,N/A,N/A,N/A,N/A
er_000726.txt,14.0,N/A,N/A,14.0,100.0,14.0,100.0,N/A,N/A,N/A,N/A
scale_free_000726.txt,1.0,1.0,100.0,1.0,100.0,1.0,100.0,1.0,100.0,N/A,N/A
dag_000727.txt,0.0,0.0,100.0,0.0,100.0,0.0,100.0,0.0,100.0,N/A,N/A
dgrid_000727.txt,1.0,1.0,100.0,1.0,100.0,1.0,100.0,1.0,100.0,N/A,N/A
ego_000727.txt,8.0,8.0,100.0,8.0,100.0,8.0,100.0,N/A,N/A,N/A,N/A
er_000727.txt,9.0,9.0,100.0,9.0,100.0,9.0,100.0,9.0,100.0,N/A,N/A
scale_free_000727.txt,1.0,1.0,100.0,1.0,100.0,1.0,100.0,1.0,100.0,N/A,N/A
dag_000728.txt,0.0,0.0,100.0,0.0,100.0,0.0,100.0,0.0,100.0,N/A,N/A
dgrid_000728.txt,1.0,1.0,100.0,1.0,100.0,1.0,100.0,1.0,100.0,N/A,N/A
ego_000728.txt,9.0,9.0,100.0,9.0,100.0,9.0,100.0,N/A,N/A,N/A,N/A
er_000728.txt,14.0,N/A,N/A,14.0,100.0,14.0,100.0,N/A,N/A,N/A,N/A
scale_free_000728.txt,1.0,1.0,100.0,1.0,100.0,1.0,100.0,1.0,100.0,N/A,N/A
dag_000729.txt,0.0,0.0,100.0,0.0,100.0,0.0,100.0,0.0,100.0,N/A,N/A
dgrid_000729.txt,0.0,0.0,100.0,0.0,100.0,0.0,100.0,0.0,100.0,N/A,N/A
ego_000729.txt,11.0,11.0,100.0,11.0,100.0,11.0,100.0,N/A,N/A,N/A,N/A
er_000729.txt,13.0,N/A,N/A,13.0,100.0,13.0,100.0,N/A,N/A,N/A,N/A
scale_free_000729.txt,1.0,1.0,100.0,1.0,100.0,1.0,100.0,1.0,100.0,N/A,N/A
dag_000730.txt,0.0,0.0,100.0,0.0,100.0,0.0,100.0,0.0,100.0,N/A,N/A
dgrid_000730.txt,1.0,1.0,100.0,1.0,100.0,1.0,100.0,1.0,100.0,N/A,N/A
ego_000730.txt,6.0,6.0,100.0,6.0,100.0,6.0,100.0,6.0,100.0,N/A,N/A
er_000730.txt,6.0,6.0,100.0,6.0,100.0,7.0,85.7143,6.0,100.0,N/A,N/A
scale_free_000730.txt,1.0,1.0,100.0,1.0,100.0,1.0,100.0,1.0,100.0,N/A,N/A
dag_000731.txt,0.0,0.0,100.0,0.0,100.0,0.0,100.0,0.0,100.0,N/A,N/A
dgrid_000731.txt,2.0,2.0,100.0,2.0,100.0,2.0,100.0,2.0,100.0,N/A,N/A
ego_000731.txt,2.0,2.0,100.0,2.0,100.0,2.0,100.0,2.0,100.0,N/A,N/A
er_000731.txt,0.0,0.0,100.0,0.0,100.0,0.0,100.0,0.0,100.0,N/A,N/A
scale_free_000731.txt,1.0,1.0,100.0,1.0,100.0,1.0,100.0,1.0,100.0,N/A,N/A
dag_000732.txt,0.0,0.0,100.0,0.0,100.0,0.0,100.0,0.0,100.0,N/A,N/A
dgrid_000732.txt,0.0,0.0,100.0,0.0,100.0,0.0,100.0,0.0,100.0,N/A,N/A
ego_000732.txt,0.0,0.0,100.0,0.0,100.0,0.0,100.0,0.0,100.0,N/A,N/A
er_000732.txt,6.0,6.0,100.0,6.0,100.0,6.0,100.0,6.0,100.0,N/A,N/A
scale_free_000732.txt,1.0,1.0,100.0,1.0,100.0,1.0,100.0,1.0,100.0,N/A,N/A
dag_000733.txt,0.0,0.0,100.0,0.0,100.0,0.0,100.0,0.0,100.0,N/A,N/A
dgrid_000733.txt,7.0,7.0,100.0,7.0,100.0,7.0,100.0,N/A,N/A,N/A,N/A
ego_000733.txt,4.0,4.0,100.0,4.0,100.0,4.0,100.0,4.0,100.0,N/A,N/A
er_000733.txt,8.0,8.0,100.0,8.0,100.0,8.0,100.0,8.0,100.0,N/A,N/A
scale_free_000733.txt,1.0,1.0,100.0,1.0,100.0,1.0,100.0,1.0,100.0,N/A,N/A
dag_000734.txt,0.0,0.0,100.0,0.0,100.0,0.0,100.0,0.0,100.0,N/A,N/A
dgrid_000734.txt,1.0,1.0,100.0,1.0,100.0,1.0,100.0,1.0,100.0,N/A,N/A
ego_000734.txt,9.0,9.0,100.0,9.0,100.0,9.0,100.0,N/A,N/A,N/A,N/A
er_000734.txt,6.0,6.0,100.0,6.0,100.0,6.0,100.0,6.0,100.0,N/A,N/A
scale_free_000734.txt,2.0,2.0,100.0,2.0,100.0,2.0,100.0,2.0,100.0,N/A,N/A
dag_000735.txt,0.0,0.0,100.0,0.0,100.0,0.0,100.0,0.0,100.0,N/A,N/A
dgrid_000735.txt,1.0,1.0,100.0,1.0,100.0,1.0,100.0,1.0,100.0,N/A,N/A
ego_000735.txt,6.0,6.0,100.0,6.0,100.0,6.0,100.0,6.0,100.0,N/A,N/A
er_000735.txt,7.0,7.0,100.0,7.0,100.0,7.0,100.0,7.0,100.0,N/A,N/A
scale_free_000735.txt,1.0,1.0,100.0,1.0,100.0,1.0,100.0,1.0,100.0,N/A,N/A
dag_000736.txt,0.0,0.0,100.0,0.0,100.0,0.0,100.0,0.0,100.0,N/A,N/A
dgrid_000736.txt,0.0,0.0,100.0,0.0,100.0,0.0,100.0,0.0,100.0,N/A,N/A
ego_000736.txt,1.0,1.0,100.0,1.0,100.0,1.0,100.0,1.0,100.0,N/A,N/A
er_000736.txt,4.0,4.0,100.0,4.0,100.0,4.0,100.0,4.0,100.0,N/A,N/A
scale_free_000736.txt,1.0,1.0,100.0,1.0,100.0,1.0,100.0,1.0,100.0,N/A,N/A
dag_000737.txt,0.0,0.0,100.0,0.0,100.0,0.0,100.0,0.0,100.0,N/A,N/A
dgrid_000737.txt,3.0,3.0,100.0,3.0,100.0,3.0,100.0,3.0,100.0,N/A,N/A
ego_000737.txt,8.0,8.0,100.0,8.0,100.0,8.0,100.0,N/A,N/A,N/A,N/A
er_000737.txt,10.0,10.0,100.0,10.0,100.0,11.0,90.9091,N/A,N/A,N/A,N/A
scale_free_000737.txt,1.0,1.0,100.0,1.0,100.0,1.0,100.0,1.0,100.0,N/A,N/A
dag_000738.txt,0.0,0.0,100.0,0.0,100.0,0.0,100.0,0.0,100.0,N/A,N/A
dgrid_000738.txt,3.0,3.0,100.0,3.0,100.0,3.0,100.0,3.0,100.0,N/A,N/A
ego_000738.txt,0.0,0.0,100.0,0.0,100.0,0.0,100.0,0.0,100.0,N/A,N/A
er_000738.txt,4.0,4.0,100.0,4.0,100.0,4.0,100.0,4.0,100.0,N/A,N/A
scale_free_000738.txt,1.0,1.0,100.0,1.0,100.0,1.0,100.0,1.0,100.0,N/A,N/A
dag_000739.txt,0.0,0.0,100.0,0.0,100.0,0.0,100.0,0.0,100.0,N/A,N/A
dgrid_000739.txt,0.0,0.0,100.0,0.0,100.0,0.0,100.0,0.0,100.0,N/A,N/A
ego_000739.txt,2.0,2.0,100.0,2.0,100.0,2.0,100.0,2.0,100.0,N/A,N/A
er_000739.txt,15.0,N/A,N/A,15.0,100.0,15.0,100.0,N/A,N/A,N/A,N/A
scale_free_000739.txt,1.0,1.0,100.0,1.0,100.0,1.0,100.0,1.0,100.0,N/A,N/A
dag_000740.txt,0.0,0.0,100.0,0.0,100.0,0.0,100.0,0.0,100.0,N/A,N/A
dgrid_000740.txt,3.0,3.0,100.0,3.0,100.0,3.0,100.0,3.0,100.0,N/A,N/A
ego_000740.txt,7.0,7.0,100.0,7.0,100.0,7.0,100.0,7.0,100.0,N/A,N/A
er_000740.txt,10.0,N/A,N/A,10.0,100.0,10.0,100.0,N/A,N/A,N/A,N/A
scale_free_000740.txt,1.0,1.0,100.0,1.0,100.0,1.0,100.0,1.0,100.0,N/A,N/A
dag_000741.txt,0.0,0.0,100.0,0.0,100.0,0.0,100.0,0.0,100.0,N/A,N/A
dgrid_000741.txt,4.0,4.0,100.0,4.0,100.0,4.0,100.0,4.0,100.0,N/A,N/A
ego_000741.txt,6.0,6.0,100.0,6.0,100.0,6.0,100.0,6.0,100.0,N/A,N/A
er_000741.txt,1.0,1.0,100.0,1.0,100.0,1.0,100.0,1.0,100.0,N/A,N/A
scale_free_000741.txt,2.0,2.0,100.0,2.0,100.0,2.0,100.0,2.0,100.0,N/A,N/A
dag_000742.txt,0.0,0.0,100.0,0.0,100.0,0.0,100.0,0.0,100.0,N/A,N/A
dgrid_000742.txt,6.0,6.0,100.0,6.0,100.0,6.0,100.0,N/A,N/A,N/A,N/A
ego_000742.txt,4.0,4.0,100.0,4.0,100.0,4.0,100.0,4.0,100.0,N/A,N/A
er_000742.txt,6.0,6.0,100.0,6.0,100.0,6.0,100.0,6.0,100.0,N/A,N/A
scale_free_000742.txt,2.0,2.0,100.0,2.0,100.0,2.0,100.0,2.0,100.0,N/A,N/A
dag_000743.txt,0.0,0.0,100.0,0.0,100.0,0.0,100.0,0.0,100.0,N/A,N/A
dgrid_000743.txt,3.0,3.0,100.0,3.0,100.0,3.0,100.0,3.0,100.0,N/A,N/A
ego_000743.txt,8.0,8.0,100.0,8.0,100.0,8.0,100.0,8.0,100.0,N/A,N/A
er_000743.txt,17.0,N/A,N/A,17.0,100.0,18.0,94.4444,N/A,N/A,N/A,N/A
scale_free_000743.txt,2.0,2.0,100.0,2.0,100.0,2.0,100.0,2.0,100.0,N/A,N/A
dag_000744.txt,0.0,0.0,100.0,0.0,100.0,0.0,100.0,0.0,100.0,N/A,N/A
dgrid_000744.txt,4.0,4.0,100.0,4.0,100.0,4.0,100.0,4.0,100.0,N/A,N/A
ego_000744.txt,0.0,0.0,100.0,0.0,100.0,0.0,100.0,0.0,100.0,N/A,N/A
er_000744.txt,9.0,9.0,100.0,9.0,100.0,9.0,100.0,9.0,100.0,N/A,N/A
scale_free_000744.txt,2.0,2.0,100.0,2.0,100.0,2.0,100.0,2.0,100.0,N/A,N/A
dag_000745.txt,0.0,0.0,100.0,0.0,100.0,0.0,100.0,0.0,100.0,N/A,N/A
dgrid_000745.txt,2.0,2.0,100.0,2.0,100.0,2.0,100.0,2.0,100.0,N/A,N/A
ego_000745.txt,7.0,7.0,100.0,7.0,100.0,7.0,100.0,7.0,100.0,N/A,N/A
er_000745.txt,8.0,8.0,100.0,8.0,100.0,8.0,100.0,N/A,N/A,N/A,N/A
scale_free_000745.txt,1.0,1.0,100.0,1.0,100.0,1.0,100.0,1.0,100.0,N/A,N/A
dag_000746.txt,0.0,0.0,100.0,0.0,100.0,0.0,100.0,0.0,100.0,N/A,N/A
dgrid_000746.txt,3.0,3.0,100.0,3.0,100.0,3.0,100.0,3.0,100.0,N/A,N/A
ego_000746.txt,10.0,10.0,100.0,10.0,100.0,10.0,100.0,10.0,100.0,N/A,N/A
er_000746.txt,8.0,8.0,100.0,8.0,100.0,8.0,100.0,8.0,100.0,N/A,N/A
scale_free_000746.txt,2.0,2.0,100.0,2.0,100.0,2.0,100.0,2.0,100.0,N/A,N/A
dag_000747.txt,0.0,0.0,100.0,0.0,100.0,0.0,100.0,0.0,100.0,N/A,N/A
dgrid_000747.txt,1.0,1.0,100.0,1.0,100.0,1.0,100.0,1.0,100.0,N/A,N/A
ego_000747.txt,6.0,6.0,100.0,6.0,100.0,6.0,100.0,N/A,N/A,N/A,N/A
er_000747.txt,17.0,N/A,N/A,17.0,100.0,18.0,94.4444,N/A,N/A,N/A,N/A
scale_free_000747.txt,1.0,1.0,100.0,1.0,100.0,1.0,100.0,1.0,100.0,N/A,N/A
dag_000748.txt,0.0,0.0,100.0,0.0,100.0,0.0,100.0,0.0,100.0,N/A,N/A
dgrid_000748.txt,0.0,0.0,100.0,0.0,100.0,0.0,100.0,0.0,100.0,N/A,N/A
ego_000748.txt,4.0,4.0,100.0,4.0,100.0,4.0,100.0,4.0,100.0,N/A,N/A
er_000748.txt,2.0,2.0,100.0,2.0,100.0,2.0,100.0,2.0,100.0,N/A,N/A
scale_free_000748.txt,1.0,1.0,100.0,1.0,100.0,1.0,100.0,1.0,100.0,N/A,N/A
dag_000749.txt,0.0,0.0,100.0,0.0,100.0,0.0,100.0,0.0,100.0,N/A,N/A
dgrid_000749.txt,3.0,3.0,100.0,3.0,100.0,3.0,100.0,3.0,100.0,N/A,N/A
ego_000749.txt,10.0,10.0,100.0,10.0,100.0,10.0,100.0,10.0,100.0,N/A,N/A
er_000749.txt,9.0,9.0,100.0,9.0,100.0,9.0,100.0,N/A,N/A,N/A,N/A
scale_free_000749.txt,2.0,2.0,100.0,2.0,100.0,2.0,100.0,2.0,100.0,N/A,N/A
dag_000750.txt,0.0,0.0,100.0,0.0,100.0,0.0,100.0,0.0,100.0,N/A,N/A
dgrid_000750.txt,2.0,2.0,100.0,2.0,100.0,2.0,100.0,2.0,100.0,N/A,N/A
ego_000750.txt,10.0,10.0,100.0,10.0,100.0,10.0,100.0,N/A,N/A,N/A,N/A
er_000750.txt,8.0,8.0,100.0,8.0,100.0,8.0,100.0,N/A,N/A,N/A,N/A
scale_free_000750.txt,2.0,2.0,100.0,2.0,100.0,2.0,100.0,2.0,100.0,N/A,N/A
dag_000751.txt,0.0,0.0,100.0,0.0,100.0,0.0,100.0,0.0,100.0,N/A,N/A
dgrid_000751.txt,3.0,3.0,100.0,3.0,100.0,3.0,100.0,3.0,100.0,N/A,N/A
ego_000751.txt,3.0,3.0,100.0,3.0,100.0,3.0,100.0,3.0,100.0,N/A,N/A
er_000751.txt,7.0,7.0,100.0,7.0,100.0,7.0,100.0,7.0,100.0,N/A,N/A
scale_free_000751.txt,1.0,1.0,100.0,1.0,100.0,1.0,100.0,1.0,100.0,N/A,N/A
dag_000752.txt,0.0,0.0,100.0,0.0,100.0,0.0,100.0,0.0,100.0,N/A,N/A
dgrid_000752.txt,4.0,4.0,100.0,4.0,100.0,4.0,100.0,4.0,100.0,N/A,N/A
ego_000752.txt,11.0,11.0,100.0,11.0,100.0,11.0,100.0,11.0,100.0,N/A,N/A
er_000752.txt,12.0,N/A,N/A,12.0,100.0,12.0,100.0,N/A,N/A,N/A,N/A
scale_free_000752.txt,1.0,1.0,100.0,1.0,100.0,1.0,100.0,1.0,100.0,N/A,N/A
dag_000753.txt,0.0,0.0,100.0,0.0,100.0,0.0,100.0,0.0,100.0,N/A,N/A
dgrid_000753.txt,1.0,1.0,100.0,1.0,100.0,1.0,100.0,1.0,100.0,N/A,N/A
ego_000753.txt,12.0,12.0,100.0,12.0,100.0,12.0,100.0,N/A,N/A,N/A,N/A
er_000753.txt,8.0,8.0,100.0,8.0,100.0,8.0,100.0,N/A,N/A,N/A,N/A
scale_free_000753.txt,1.0,1.0,100.0,1.0,100.0,1.0,100.0,1.0,100.0,N/A,N/A
dag_000754.txt,0.0,0.0,100.0,0.0,100.0,0.0,100.0,0.0,100.0,N/A,N/A
dgrid_000754.txt,0.0,0.0,100.0,0.0,100.0,0.0,100.0,0.0,100.0,N/A,N/A
ego_000754.txt,0.0,0.0,100.0,0.0,100.0,0.0,100.0,0.0,100.0,N/A,N/A
er_000754.txt,9.0,9.0,100.0,9.0,100.0,9.0,100.0,9.0,100.0,N/A,N/A
scale_free_000754.txt,1.0,1.0,100.0,1.0,100.0,1.0,100.0,1.0,100.0,N/A,N/A
dag_000755.txt,0.0,0.0,100.0,0.0,100.0,0.0,100.0,0.0,100.0,N/A,N/A
dgrid_000755.txt,2.0,2.0,100.0,2.0,100.0,2.0,100.0,2.0,100.0,N/A,N/A
ego_000755.txt,0.0,0.0,100.0,0.0,100.0,0.0,100.0,0.0,100.0,N/A,N/A
er_000755.txt,9.0,9.0,100.0,9.0,100.0,9.0,100.0,9.0,100.0,N/A,N/A
scale_free_000755.txt,2.0,2.0,100.0,2.0,100.0,2.0,100.0,2.0,100.0,N/A,N/A
dag_000756.txt,0.0,0.0,100.0,0.0,100.0,0.0,100.0,0.0,100.0,N/A,N/A
dgrid_000756.txt,2.0,2.0,100.0,2.0,100.0,2.0,100.0,2.0,100.0,N/A,N/A
ego_000756.txt,9.0,9.0,100.0,9.0,100.0,9.0,100.0,N/A,N/A,N/A,N/A
er_000756.txt,9.0,9.0,100.0,9.0,100.0,9.0,100.0,9.0,100.0,N/A,N/A
scale_free_000756.txt,1.0,1.0,100.0,1.0,100.0,1.0,100.0,1.0,100.0,N/A,N/A
dag_000757.txt,0.0,0.0,100.0,0.0,100.0,0.0,100.0,0.0,100.0,N/A,N/A
dgrid_000757.txt,1.0,1.0,100.0,1.0,100.0,1.0,100.0,1.0,100.0,N/A,N/A
ego_000757.txt,5.0,5.0,100.0,5.0,100.0,5.0,100.0,5.0,100.0,N/A,N/A
er_000757.txt,10.0,10.0,100.0,10.0,100.0,10.0,100.0,N/A,N/A,N/A,N/A
scale_free_000757.txt,2.0,2.0,100.0,2.0,100.0,2.0,100.0,2.0,100.0,N/A,N/A
dag_000758.txt,0.0,0.0,100.0,0.0,100.0,0.0,100.0,0.0,100.0,N/A,N/A
dgrid_000758.txt,0.0,0.0,100.0,0.0,100.0,0.0,100.0,0.0,100.0,N/A,N/A
ego_000758.txt,15.0,15.0,100.0,15.0,100.0,15.0,100.0,N/A,N/A,N/A,N/A
er_000758.txt,2.0,2.0,100.0,2.0,100.0,2.0,100.0,2.0,100.0,N/A,N/A
scale_free_000758.txt,1.0,1.0,100.0,1.0,100.0,1.0,100.0,1.0,100.0,N/A,N/A
dag_000759.txt,0.0,0.0,100.0,0.0,100.0,0.0,100.0,0.0,100.0,N/A,N/A
dgrid_000759.txt,0.0,0.0,100.0,0.0,100.0,0.0,100.0,0.0,100.0,N/A,N/A
ego_000759.txt,13.0,13.0,100.0,13.0,100.0,13.0,100.0,N/A,N/A,N/A,N/A
er_000759.txt,6.0,6.0,100.0,6.0,100.0,6.0,100.0,6.0,100.0,N/A,N/A
scale_free_000759.txt,1.0,1.0,100.0,1.0,100.0,1.0,100.0,1.0,100.0,N/A,N/A
dag_000760.txt,0.0,0.0,100.0,0.0,100.0,0.0,100.0,0.0,100.0,N/A,N/A
dgrid_000760.txt,2.0,2.0,100.0,2.0,100.0,2.0,100.0,2.0,100.0,N/A,N/A
ego_000760.txt,2.0,2.0,100.0,2.0,100.0,2.0,100.0,2.0,100.0,N/A,N/A
er_000760.txt,7.0,7.0,100.0,7.0,100.0,7.0,100.0,7.0,100.0,N/A,N/A
scale_free_000760.txt,1.0,1.0,100.0,1.0,100.0,1.0,100.0,1.0,100.0,N/A,N/A
dag_000761.txt,0.0,0.0,100.0,0.0,100.0,0.0,100.0,0.0,100.0,N/A,N/A
dgrid_000761.txt,1.0,1.0,100.0,1.0,100.0,1.0,100.0,1.0,100.0,N/A,N/A
ego_000761.txt,0.0,0.0,100.0,0.0,100.0,0.0,100.0,0.0,100.0,N/A,N/A
er_000761.txt,14.0,N/A,N/A,14.0,100.0,14.0,100.0,N/A,N/A,N/A,N/A
scale_free_000761.txt,2.0,2.0,100.0,2.0,100.0,2.0,100.0,2.0,100.0,N/A,N/A
dag_000762.txt,0.0,0.0,100.0,0.0,100.0,0.0,100.0,0.0,100.0,N/A,N/A
dgrid_000762.txt,1.0,1.0,100.0,1.0,100.0,1.0,100.0,1.0,100.0,N/A,N/A
ego_000762.txt,5.0,5.0,100.0,5.0,100.0,5.0,100.0,5.0,100.0,N/A,N/A
er_000762.txt,7.0,7.0,100.0,7.0,100.0,7.0,100.0,7.0,100.0,N/A,N/A
scale_free_000762.txt,1.0,1.0,100.0,1.0,100.0,1.0,100.0,1.0,100.0,N/A,N/A
dag_000763.txt,0.0,0.0,100.0,0.0,100.0,0.0,100.0,0.0,100.0,N/A,N/A
dgrid_000763.txt,1.0,1.0,100.0,1.0,100.0,1.0,100.0,1.0,100.0,N/A,N/A
ego_000763.txt,0.0,0.0,100.0,0.0,100.0,0.0,100.0,0.0,100.0,N/A,N/A
er_000763.txt,3.0,3.0,100.0,3.0,100.0,3.0,100.0,3.0,100.0,N/A,N/A
scale_free_000763.txt,1.0,1.0,100.0,1.0,100.0,1.0,100.0,1.0,100.0,N/A,N/A
dag_000764.txt,0.0,0.0,100.0,0.0,100.0,0.0,100.0,0.0,100.0,N/A,N/A
dgrid_000764.txt,2.0,2.0,100.0,2.0,100.0,2.0,100.0,2.0,100.0,N/A,N/A
ego_000764.txt,6.0,6.0,100.0,6.0,100.0,6.0,100.0,6.0,100.0,N/A,N/A
er_000764.txt,11.0,N/A,N/A,11.0,100.0,11.0,100.0,N/A,N/A,N/A,N/A
scale_free_000764.txt,2.0,2.0,100.0,2.0,100.0,2.0,100.0,2.0,100.0,N/A,N/A
dag_000765.txt,0.0,0.0,100.0,0.0,100.0,0.0,100.0,0.0,100.0,N/A,N/A
dgrid_000765.txt,1.0,1.0,100.0,1.0,100.0,1.0,100.0,1.0,100.0,N/A,N/A
ego_000765.txt,0.0,0.0,100.0,0.0,100.0,0.0,100.0,0.0,100.0,N/A,N/A
er_000765.txt,3.0,3.0,100.0,3.0,100.0,3.0,100.0,3.0,100.0,N/A,N/A
scale_free_000765.txt,1.0,1.0,100.0,1.0,100.0,1.0,100.0,1.0,100.0,N/A,N/A
dag_000766.txt,0.0,0.0,100.0,0.0,100.0,0.0,100.0,0.0,100.0,N/A,N/A
dgrid_000766.txt,3.0,3.0,100.0,3.0,100.0,3.0,100.0,3.0,100.0,N/A,N/A
ego_000766.txt,1.0,1.0,100.0,1.0,100.0,1.0,100.0,1.0,100.0,N/A,N/A
er_000766.txt,11.0,11.0,100.0,11.0,100.0,11.0,100.0,11.0,100.0,N/A,N/A
scale_free_000766.txt,1.0,1.0,100.0,1.0,100.0,1.0,100.0,1.0,100.0,N/A,N/A
dag_000767.txt,0.0,0.0,100.0,0.0,100.0,0.0,100.0,0.0,100.0,N/A,N/A
dgrid_000767.txt,1.0,1.0,100.0,1.0,100.0,1.0,100.0,1.0,100.0,N/A,N/A
ego_000767.txt,4.0,4.0,100.0,4.0,100.0,4.0,100.0,4.0,100.0,N/A,N/A
er_000767.txt,17.0,N/A,N/A,17.0,100.0,18.0,94.4444,N/A,N/A,N/A,N/A
scale_free_000767.txt,1.0,1.0,100.0,1.0,100.0,1.0,100.0,1.0,100.0,N/A,N/A
dag_000768.txt,0.0,0.0,100.0,0.0,100.0,0.0,100.0,0.0,100.0,N/A,N/A
dgrid_000768.txt,4.0,4.0,100.0,4.0,100.0,4.0,100.0,4.0,100.0,N/A,N/A
ego_000768.txt,8.0,8.0,100.0,8.0,100.0,8.0,100.0,N/A,N/A,N/A,N/A
er_000768.txt,9.0,9.0,100.0,9.0,100.0,9.0,100.0,N/A,N/A,N/A,N/A
scale_free_000768.txt,1.0,1.0,100.0,1.0,100.0,1.0,100.0,1.0,100.0,N/A,N/A
dag_000769.txt,0.0,0.0,100.0,0.0,100.0,0.0,100.0,0.0,100.0,N/A,N/A
dgrid_000769.txt,2.0,2.0,100.0,2.0,100.0,2.0,100.0,2.0,100.0,N/A,N/A
ego_000769.txt,0.0,0.0,100.0,0.0,100.0,0.0,100.0,0.0,100.0,N/A,N/A
er_000769.txt,8.0,8.0,100.0,8.0,100.0,8.0,100.0,8.0,100.0,N/A,N/A
scale_free_000769.txt,1.0,1.0,100.0,1.0,100.0,1.0,100.0,1.0,100.0,N/A,N/A
dag_000770.txt,0.0,0.0,100.0,0.0,100.0,0.0,100.0,0.0,100.0,N/A,N/A
dgrid_000770.txt,2.0,2.0,100.0,2.0,100.0,2.0,100.0,2.0,100.0,N/A,N/A
ego_000770.txt,18.0,18.0,100.0,18.0,100.0,18.0,100.0,N/A,N/A,N/A,N/A
er_000770.txt,2.0,2.0,100.0,2.0,100.0,2.0,100.0,2.0,100.0,N/A,N/A
scale_free_000770.txt,1.0,1.0,100.0,1.0,100.0,1.0,100.0,1.0,100.0,N/A,N/A
dag_000771.txt,0.0,0.0,100.0,0.0,100.0,0.0,100.0,0.0,100.0,N/A,N/A
dgrid_000771.txt,2.0,2.0,100.0,2.0,100.0,2.0,100.0,2.0,100.0,N/A,N/A
ego_000771.txt,7.0,7.0,100.0,7.0,100.0,7.0,100.0,N/A,N/A,N/A,N/A
er_000771.txt,6.0,6.0,100.0,6.0,100.0,6.0,100.0,6.0,100.0,N/A,N/A
scale_free_000771.txt,1.0,1.0,100.0,1.0,100.0,1.0,100.0,1.0,100.0,N/A,N/A
dag_000772.txt,0.0,0.0,100.0,0.0,100.0,0.0,100.0,0.0,100.0,N/A,N/A
dgrid_000772.txt,0.0,0.0,100.0,0.0,100.0,0.0,100.0,0.0,100.0,N/A,N/A
ego_000772.txt,4.0,4.0,100.0,4.0,100.0,4.0,100.0,4.0,100.0,N/A,N/A
er_000772.txt,11.0,N/A,N/A,11.0,100.0,12.0,91.6667,N/A,N/A,N/A,N/A
scale_free_000772.txt,1.0,1.0,100.0,1.0,100.0,1.0,100.0,1.0,100.0,N/A,N/A
dag_000773.txt,0.0,0.0,100.0,0.0,100.0,0.0,100.0,0.0,100.0,N/A,N/A
dgrid_000773.txt,7.0,7.0,100.0,7.0,100.0,7.0,100.0,N/A,N/A,N/A,N/A
ego_000773.txt,2.0,2.0,100.0,2.0,100.0,2.0,100.0,2.0,100.0,N/A,N/A
er_000773.txt,12.0,12.0,100.0,12.0,100.0,12.0,100.0,N/A,N/A,N/A,N/A
scale_free_000773.txt,1.0,1.0,100.0,1.0,100.0,1.0,100.0,1.0,100.0,N/A,N/A
dag_000774.txt,0.0,0.0,100.0,0.0,100.0,0.0,100.0,0.0,100.0,N/A,N/A
dgrid_000774.txt,1.0,1.0,100.0,1.0,100.0,1.0,100.0,1.0,100.0,N/A,N/A
ego_000774.txt,2.0,2.0,100.0,2.0,100.0,2.0,100.0,2.0,100.0,N/A,N/A
er_000774.txt,12.0,N/A,N/A,12.0,100.0,12.0,100.0,N/A,N/A,N/A,N/A
scale_free_000774.txt,2.0,2.0,100.0,2.0,100.0,2.0,100.0,2.0,100.0,N/A,N/A
dag_000775.txt,0.0,0.0,100.0,0.0,100.0,0.0,100.0,0.0,100.0,N/A,N/A
dgrid_000775.txt,0.0,0.0,100.0,0.0,100.0,0.0,100.0,0.0,100.0,N/A,N/A
ego_000775.txt,2.0,2.0,100.0,2.0,100.0,2.0,100.0,2.0,100.0,N/A,N/A
er_000775.txt,19.0,N/A,N/A,19.0,100.0,19.0,100.0,N/A,N/A,N/A,N/A
scale_free_000775.txt,1.0,1.0,100.0,1.0,100.0,1.0,100.0,1.0,100.0,N/A,N/A
dag_000776.txt,0.0,0.0,100.0,0.0,100.0,0.0,100.0,0.0,100.0,N/A,N/A
dgrid_000776.txt,6.0,6.0,100.0,6.0,100.0,6.0,100.0,N/A,N/A,N/A,N/A
ego_000776.txt,3.0,3.0,100.0,3.0,100.0,3.0,100.0,3.0,100.0,N/A,N/A
er_000776.txt,4.0,4.0,100.0,4.0,100.0,4.0,100.0,4.0,100.0,N/A,N/A
scale_free_000776.txt,1.0,1.0,100.0,1.0,100.0,1.0,100.0,1.0,100.0,N/A,N/A
dag_000777.txt,0.0,0.0,100.0,0.0,100.0,0.0,100.0,0.0,100.0,N/A,N/A
dgrid_000777.txt,4.0,4.0,100.0,4.0,100.0,4.0,100.0,4.0,100.0,N/A,N/A
ego_000777.txt,2.0,2.0,100.0,2.0,100.0,2.0,100.0,2.0,100.0,N/A,N/A
er_000777.txt,7.0,7.0,100.0,7.0,100.0,7.0,100.0,7.0,100.0,N/A,N/A
scale_free_000777.txt,1.0,1.0,100.0,1.0,100.0,1.0,100.0,1.0,100.0,N/A,N/A
dag_000778.txt,0.0,0.0,100.0,0.0,100.0,0.0,100.0,0.0,100.0,N/A,N/A
dgrid_000778.txt,8.0,8.0,100.0,8.0,100.0,8.0,100.0,N/A,N/A,N/A,N/A
ego_000778.txt,2.0,2.0,100.0,2.0,100.0,2.0,100.0,2.0,100.0,N/A,N/A
er_000778.txt,10.0,10.0,100.0,10.0,100.0,10.0,100.0,10.0,100.0,N/A,N/A
scale_free_000778.txt,1.0,1.0,100.0,1.0,100.0,1.0,100.0,1.0,100.0,N/A,N/A
dag_000779.txt,0.0,0.0,100.0,0.0,100.0,0.0,100.0,0.0,100.0,N/A,N/A
dgrid_000779.txt,2.0,2.0,100.0,2.0,100.0,2.0,100.0,2.0,100.0,N/A,N/A
ego_000779.txt,3.0,3.0,100.0,3.0,100.0,3.0,100.0,3.0,100.0,N/A,N/A
er_000779.txt,14.0,N/A,N/A,14.0,100.0,14.0,100.0,N/A,N/A,N/A,N/A
scale_free_000779.txt,1.0,1.0,100.0,1.0,100.0,1.0,100.0,1.0,100.0,N/A,N/A
dag_000780.txt,0.0,0.0,100.0,0.0,100.0,0.0,100.0,0.0,100.0,N/A,N/A
dgrid_000780.txt,4.0,4.0,100.0,4.0,100.0,4.0,100.0,4.0,100.0,N/A,N/A
ego_000780.txt,8.0,8.0,100.0,8.0,100.0,8.0,100.0,N/A,N/A,N/A,N/A
er_000780.txt,4.0,4.0,100.0,4.0,100.0,4.0,100.0,4.0,100.0,N/A,N/A
scale_free_000780.txt,1.0,1.0,100.0,1.0,100.0,1.0,100.0,1.0,100.0,N/A,N/A
dag_000781.txt,0.0,0.0,100.0,0.0,100.0,0.0,100.0,0.0,100.0,N/A,N/A
dgrid_000781.txt,3.0,3.0,100.0,3.0,100.0,3.0,100.0,3.0,100.0,N/A,N/A
ego_000781.txt,6.0,6.0,100.0,6.0,100.0,6.0,100.0,6.0,100.0,N/A,N/A
er_000781.txt,1.0,1.0,100.0,1.0,100.0,1.0,100.0,1.0,100.0,N/A,N/A
scale_free_000781.txt,1.0,1.0,100.0,1.0,100.0,1.0,100.0,1.0,100.0,N/A,N/A
dag_000782.txt,0.0,0.0,100.0,0.0,100.0,0.0,100.0,0.0,100.0,N/A,N/A
dgrid_000782.txt,3.0,3.0,100.0,3.0,100.0,3.0,100.0,3.0,100.0,N/A,N/A
ego_000782.txt,0.0,0.0,100.0,0.0,100.0,0.0,100.0,0.0,100.0,N/A,N/A
er_000782.txt,5.0,5.0,100.0,5.0,100.0,5.0,100.0,5.0,100.0,N/A,N/A
scale_free_000782.txt,2.0,2.0,100.0,2.0,100.0,2.0,100.0,2.0,100.0,N/A,N/A
dag_000783.txt,0.0,0.0,100.0,0.0,100.0,0.0,100.0,0.0,100.0,N/A,N/A
dgrid_000783.txt,1.0,1.0,100.0,1.0,100.0,1.0,100.0,1.0,100.0,N/A,N/A
ego_000783.txt,0.0,0.0,100.0,0.0,100.0,0.0,100.0,0.0,100.0,N/A,N/A
er_000783.txt,9.0,9.0,100.0,9.0,100.0,9.0,100.0,N/A,N/A,N/A,N/A
scale_free_000783.txt,1.0,1.0,100.0,1.0,100.0,1.0,100.0,1.0,100.0,N/A,N/A
dag_000784.txt,0.0,0.0,100.0,0.0,100.0,0.0,100.0,0.0,100.0,N/A,N/A
dgrid_000784.txt,2.0,2.0,100.0,2.0,100.0,2.0,100.0,2.0,100.0,N/A,N/A
ego_000784.txt,1.0,1.0,100.0,1.0,100.0,1.0,100.0,1.0,100.0,N/A,N/A
er_000784.txt,6.0,6.0,100.0,6.0,100.0,6.0,100.0,6.0,100.0,N/A,N/A
scale_free_000784.txt,2.0,2.0,100.0,2.0,100.0,2.0,100.0,2.0,100.0,N/A,N/A
dag_000785.txt,0.0,0.0,100.0,0.0,100.0,0.0,100.0,0.0,100.0,N/A,N/A
dgrid_000785.txt,1.0,1.0,100.0,1.0,100.0,1.0,100.0,1.0,100.0,N/A,N/A
ego_000785.txt,2.0,2.0,100.0,2.0,100.0,2.0,100.0,2.0,100.0,N/A,N/A
er_000785.txt,3.0,3.0,100.0,3.0,100.0,3.0,100.0,3.0,100.0,N/A,N/A
scale_free_000785.txt,2.0,2.0,100.0,2.0,100.0,2.0,100.0,2.0,100.0,N/A,N/A
dag_000786.txt,0.0,0.0,100.0,0.0,100.0,0.0,100.0,0.0,100.0,N/A,N/A
dgrid_000786.txt,1.0,1.0,100.0,1.0,100.0,1.0,100.0,1.0,100.0,N/A,N/A
ego_000786.txt,10.0,10.0,100.0,10.0,100.0,10.0,100.0,N/A,N/A,N/A,N/A
er_000786.txt,6.0,6.0,100.0,6.0,100.0,6.0,100.0,6.0,100.0,N/A,N/A
scale_free_000786.txt,1.0,1.0,100.0,1.0,100.0,1.0,100.0,1.0,100.0,N/A,N/A
dag_000787.txt,0.0,0.0,100.0,0.0,100.0,0.0,100.0,0.0,100.0,N/A,N/A
dgrid_000787.txt,3.0,3.0,100.0,3.0,100.0,3.0,100.0,3.0,100.0,N/A,N/A
ego_000787.txt,0.0,0.0,100.0,0.0,100.0,0.0,100.0,0.0,100.0,N/A,N/A
er_000787.txt,6.0,6.0,100.0,6.0,100.0,6.0,100.0,6.0,100.0,N/A,N/A
scale_free_000787.txt,1.0,1.0,100.0,1.0,100.0,1.0,100.0,1.0,100.0,N/A,N/A
dag_000788.txt,0.0,0.0,100.0,0.0,100.0,0.0,100.0,0.0,100.0,N/A,N/A
dgrid_000788.txt,1.0,1.0,100.0,1.0,100.0,1.0,100.0,1.0,100.0,N/A,N/A
ego_000788.txt,3.0,3.0,100.0,3.0,100.0,3.0,100.0,3.0,100.0,N/A,N/A
er_000788.txt,3.0,3.0,100.0,3.0,100.0,3.0,100.0,3.0,100.0,N/A,N/A
scale_free_000788.txt,1.0,1.0,100.0,1.0,100.0,1.0,100.0,1.0,100.0,N/A,N/A
dag_000789.txt,0.0,0.0,100.0,0.0,100.0,0.0,100.0,0.0,100.0,N/A,N/A
dgrid_000789.txt,4.0,4.0,100.0,4.0,100.0,4.0,100.0,4.0,100.0,N/A,N/A
ego_000789.txt,0.0,0.0,100.0,0.0,100.0,0.0,100.0,0.0,100.0,N/A,N/A
er_000789.txt,16.0,N/A,N/A,16.0,100.0,16.0,100.0,N/A,N/A,N/A,N/A
scale_free_000789.txt,3.0,3.0,100.0,3.0,100.0,3.0,100.0,3.0,100.0,N/A,N/A
dag_000790.txt,0.0,0.0,100.0,0.0,100.0,0.0,100.0,0.0,100.0,N/A,N/A
dgrid_000790.txt,5.0,5.0,100.0,5.0,100.0,5.0,100.0,5.0,100.0,N/A,N/A
ego_000790.txt,0.0,0.0,100.0,0.0,100.0,0.0,100.0,0.0,100.0,N/A,N/A
er_000790.txt,6.0,6.0,100.0,6.0,100.0,6.0,100.0,6.0,100.0,N/A,N/A
scale_free_000790.txt,1.0,1.0,100.0,1.0,100.0,1.0,100.0,1.0,100.0,N/A,N/A
dag_000791.txt,0.0,0.0,100.0,0.0,100.0,0.0,100.0,0.0,100.0,N/A,N/A
dgrid_000791.txt,4.0,4.0,100.0,4.0,100.0,4.0,100.0,4.0,100.0,N/A,N/A
ego_000791.txt,5.0,5.0,100.0,5.0,100.0,5.0,100.0,5.0,100.0,N/A,N/A
er_000791.txt,8.0,8.0,100.0,8.0,100.0,8.0,100.0,N/A,N/A,N/A,N/A
scale_free_000791.txt,1.0,1.0,100.0,1.0,100.0,1.0,100.0,1.0,100.0,N/A,N/A
dag_000792.txt,0.0,0.0,100.0,0.0,100.0,0.0,100.0,0.0,100.0,N/A,N/A
dgrid_000792.txt,1.0,1.0,100.0,1.0,100.0,1.0,100.0,1.0,100.0,N/A,N/A
ego_000792.txt,0.0,0.0,100.0,0.0,100.0,0.0,100.0,0.0,100.0,N/A,N/A
er_000792.txt,9.0,9.0,100.0,9.0,100.0,9.0,100.0,N/A,N/A,N/A,N/A
scale_free_000792.txt,1.0,1.0,100.0,1.0,100.0,1.0,100.0,1.0,100.0,N/A,N/A
dag_000793.txt,0.0,0.0,100.0,0.0,100.0,0.0,100.0,0.0,100.0,N/A,N/A
dgrid_000793.txt,0.0,0.0,100.0,0.0,100.0,0.0,100.0,0.0,100.0,N/A,N/A
ego_000793.txt,1.0,1.0,100.0,1.0,100.0,1.0,100.0,1.0,100.0,N/A,N/A
er_000793.txt,10.0,10.0,100.0,10.0,100.0,10.0,100.0,N/A,N/A,N/A,N/A
scale_free_000793.txt,1.0,1.0,100.0,1.0,100.0,1.0,100.0,1.0,100.0,N/A,N/A
dag_000794.txt,0.0,0.0,100.0,0.0,100.0,0.0,100.0,0.0,100.0,N/A,N/A
dgrid_000794.txt,1.0,1.0,100.0,1.0,100.0,1.0,100.0,1.0,100.0,N/A,N/A
ego_000794.txt,2.0,2.0,100.0,2.0,100.0,2.0,100.0,2.0,100.0,N/A,N/A
er_000794.txt,11.0,11.0,100.0,11.0,100.0,11.0,100.0,N/A,N/A,N/A,N/A
scale_free_000794.txt,1.0,1.0,100.0,1.0,100.0,1.0,100.0,1.0,100.0,N/A,N/A
dag_000795.txt,0.0,0.0,100.0,0.0,100.0,0.0,100.0,0.0,100.0,N/A,N/A
dgrid_000795.txt,2.0,2.0,100.0,2.0,100.0,2.0,100.0,2.0,100.0,N/A,N/A
ego_000795.txt,5.0,5.0,100.0,5.0,100.0,5.0,100.0,5.0,100.0,N/A,N/A
er_000795.txt,5.0,5.0,100.0,5.0,100.0,5.0,100.0,5.0,100.0,N/A,N/A
scale_free_000795.txt,1.0,1.0,100.0,1.0,100.0,1.0,100.0,1.0,100.0,N/A,N/A
dag_000796.txt,0.0,0.0,100.0,0.0,100.0,0.0,100.0,0.0,100.0,N/A,N/A
dgrid_000796.txt,3.0,3.0,100.0,3.0,100.0,3.0,100.0,3.0,100.0,N/A,N/A
ego_000796.txt,0.0,0.0,100.0,0.0,100.0,0.0,100.0,0.0,100.0,N/A,N/A
er_000796.txt,6.0,6.0,100.0,6.0,100.0,6.0,100.0,6.0,100.0,N/A,N/A
scale_free_000796.txt,2.0,2.0,100.0,2.0,100.0,2.0,100.0,2.0,100.0,N/A,N/A
dag_000797.txt,0.0,0.0,100.0,0.0,100.0,0.0,100.0,0.0,100.0,N/A,N/A
dgrid_000797.txt,4.0,4.0,100.0,4.0,100.0,4.0,100.0,4.0,100.0,N/A,N/A
ego_000797.txt,3.0,3.0,100.0,3.0,100.0,3.0,100.0,3.0,100.0,N/A,N/A
er_000797.txt,10.0,10.0,100.0,10.0,100.0,10.0,100.0,10.0,100.0,N/A,N/A
scale_free_000797.txt,1.0,1.0,100.0,1.0,100.0,1.0,100.0,1.0,100.0,N/A,N/A
dag_000798.txt,0.0,0.0,100.0,0.0,100.0,0.0,100.0,0.0,100.0,N/A,N/A
dgrid_000798.txt,0.0,0.0,100.0,0.0,100.0,0.0,100.0,0.0,100.0,N/A,N/A
ego_000798.txt,4.0,4.0,100.0,4.0,100.0,4.0,100.0,4.0,100.0,N/A,N/A
er_000798.txt,8.0,8.0,100.0,8.0,100.0,8.0,100.0,8.0,100.0,N/A,N/A
scale_free_000798.txt,1.0,1.0,100.0,1.0,100.0,1.0,100.0,1.0,100.0,N/A,N/A
dag_000799.txt,0.0,0.0,100.0,0.0,100.0,0.0,100.0,0.0,100.0,N/A,N/A
dgrid_000799.txt,2.0,2.0,100.0,2.0,100.0,2.0,100.0,2.0,100.0,N/A,N/A
ego_000799.txt,4.0,4.0,100.0,4.0,100.0,4.0,100.0,4.0,100.0,N/A,N/A
er_000799.txt,5.0,5.0,100.0,5.0,100.0,5.0,100.0,5.0,100.0,N/A,N/A
scale_free_000799.txt,2.0,2.0,100.0,2.0,100.0,2.0,100.0,2.0,100.0,N/A,N/A
dag_000800.txt,0.0,0.0,100.0,0.0,100.0,0.0,100.0,0.0,100.0,N/A,N/A
dgrid_000800.txt,2.0,2.0,100.0,2.0,100.0,2.0,100.0,2.0,100.0,N/A,N/A
ego_000800.txt,2.0,2.0,100.0,2.0,100.0,2.0,100.0,2.0,100.0,N/A,N/A
er_000800.txt,9.0,9.0,100.0,9.0,100.0,9.0,100.0,N/A,N/A,N/A,N/A
scale_free_000800.txt,2.0,2.0,100.0,2.0,100.0,2.0,100.0,2.0,100.0,N/A,N/A
dag_000801.txt,0.0,0.0,100.0,0.0,100.0,0.0,100.0,0.0,100.0,N/A,N/A
dgrid_000801.txt,2.0,2.0,100.0,2.0,100.0,2.0,100.0,2.0,100.0,N/A,N/A
ego_000801.txt,2.0,2.0,100.0,2.0,100.0,2.0,100.0,2.0,100.0,N/A,N/A
er_000801.txt,9.0,9.0,100.0,9.0,100.0,9.0,100.0,9.0,100.0,N/A,N/A
scale_free_000801.txt,1.0,1.0,100.0,1.0,100.0,1.0,100.0,1.0,100.0,N/A,N/A
dag_000802.txt,0.0,0.0,100.0,0.0,100.0,0.0,100.0,0.0,100.0,N/A,N/A
dgrid_000802.txt,3.0,3.0,100.0,3.0,100.0,3.0,100.0,3.0,100.0,N/A,N/A
ego_000802.txt,3.0,3.0,100.0,3.0,100.0,3.0,100.0,3.0,100.0,N/A,N/A
er_000802.txt,2.0,2.0,100.0,2.0,100.0,2.0,100.0,2.0,100.0,N/A,N/A
scale_free_000802.txt,2.0,2.0,100.0,2.0,100.0,2.0,100.0,2.0,100.0,N/A,N/A
dag_000803.txt,0.0,0.0,100.0,0.0,100.0,0.0,100.0,0.0,100.0,N/A,N/A
dgrid_000803.txt,1.0,1.0,100.0,1.0,100.0,1.0,100.0,1.0,100.0,N/A,N/A
ego_000803.txt,2.0,2.0,100.0,2.0,100.0,2.0,100.0,2.0,100.0,N/A,N/A
er_000803.txt,7.0,7.0,100.0,7.0,100.0,7.0,100.0,7.0,100.0,N/A,N/A
scale_free_000803.txt,2.0,2.0,100.0,2.0,100.0,2.0,100.0,2.0,100.0,N/A,N/A
dag_000804.txt,0.0,0.0,100.0,0.0,100.0,0.0,100.0,0.0,100.0,N/A,N/A
dgrid_000804.txt,2.0,2.0,100.0,2.0,100.0,2.0,100.0,2.0,100.0,N/A,N/A
ego_000804.txt,14.0,14.0,100.0,14.0,100.0,14.0,100.0,N/A,N/A,N/A,N/A
er_000804.txt,10.0,10.0,100.0,10.0,100.0,10.0,100.0,N/A,N/A,N/A,N/A
scale_free_000804.txt,1.0,1.0,100.0,1.0,100.0,1.0,100.0,1.0,100.0,N/A,N/A
dag_000805.txt,0.0,0.0,100.0,0.0,100.0,0.0,100.0,0.0,100.0,N/A,N/A
dgrid_000805.txt,4.0,4.0,100.0,4.0,100.0,4.0,100.0,4.0,100.0,N/A,N/A
ego_000805.txt,6.0,6.0,100.0,6.0,100.0,6.0,100.0,6.0,100.0,N/A,N/A
er_000805.txt,6.0,6.0,100.0,6.0,100.0,6.0,100.0,6.0,100.0,N/A,N/A
scale_free_000805.txt,2.0,2.0,100.0,2.0,100.0,2.0,100.0,2.0,100.0,N/A,N/A
dag_000806.txt,0.0,0.0,100.0,0.0,100.0,0.0,100.0,0.0,100.0,N/A,N/A
dgrid_000806.txt,5.0,5.0,100.0,5.0,100.0,5.0,100.0,5.0,100.0,N/A,N/A
ego_000806.txt,1.0,1.0,100.0,1.0,100.0,1.0,100.0,1.0,100.0,N/A,N/A
er_000806.txt,0.0,0.0,100.0,0.0,100.0,0.0,100.0,0.0,100.0,N/A,N/A
scale_free_000806.txt,2.0,2.0,100.0,2.0,100.0,2.0,100.0,2.0,100.0,N/A,N/A
dag_000807.txt,0.0,0.0,100.0,0.0,100.0,0.0,100.0,0.0,100.0,N/A,N/A
dgrid_000807.txt,3.0,3.0,100.0,3.0,100.0,3.0,100.0,3.0,100.0,N/A,N/A
ego_000807.txt,1.0,1.0,100.0,1.0,100.0,1.0,100.0,1.0,100.0,N/A,N/A
er_000807.txt,8.0,8.0,100.0,8.0,100.0,8.0,100.0,8.0,100.0,N/A,N/A
scale_free_000807.txt,1.0,1.0,100.0,1.0,100.0,1.0,100.0,1.0,100.0,N/A,N/A
dag_000808.txt,0.0,0.0,100.0,0.0,100.0,0.0,100.0,0.0,100.0,N/A,N/A
dgrid_000808.txt,0.0,0.0,100.0,0.0,100.0,0.0,100.0,0.0,100.0,N/A,N/A
ego_000808.txt,0.0,0.0,100.0,0.0,100.0,0.0,100.0,0.0,100.0,N/A,N/A
er_000808.txt,6.0,6.0,100.0,6.0,100.0,6.0,100.0,6.0,100.0,N/A,N/A
scale_free_000808.txt,2.0,2.0,100.0,2.0,100.0,2.0,100.0,2.0,100.0,N/A,N/A
dag_000809.txt,0.0,0.0,100.0,0.0,100.0,0.0,100.0,0.0,100.0,N/A,N/A
dgrid_000809.txt,5.0,5.0,100.0,5.0,100.0,5.0,100.0,5.0,100.0,N/A,N/A
ego_000809.txt,5.0,5.0,100.0,5.0,100.0,5.0,100.0,5.0,100.0,N/A,N/A
er_000809.txt,12.0,N/A,N/A,12.0,100.0,12.0,100.0,N/A,N/A,N/A,N/A
scale_free_000809.txt,1.0,1.0,100.0,1.0,100.0,1.0,100.0,1.0,100.0,N/A,N/A
dag_000810.txt,0.0,0.0,100.0,0.0,100.0,0.0,100.0,0.0,100.0,N/A,N/A
dgrid_000810.txt,3.0,3.0,100.0,3.0,100.0,3.0,100.0,3.0,100.0,N/A,N/A
ego_000810.txt,2.0,2.0,100.0,2.0,100.0,2.0,100.0,2.0,100.0,N/A,N/A
er_000810.txt,4.0,4.0,100.0,4.0,100.0,4.0,100.0,4.0,100.0,N/A,N/A
scale_free_000810.txt,1.0,1.0,100.0,1.0,100.0,1.0,100.0,1.0,100.0,N/A,N/A
dag_000811.txt,0.0,0.0,100.0,0.0,100.0,0.0,100.0,0.0,100.0,N/A,N/A
dgrid_000811.txt,1.0,1.0,100.0,1.0,100.0,1.0,100.0,1.0,100.0,N/A,N/A
ego_000811.txt,0.0,0.0,100.0,0.0,100.0,0.0,100.0,0.0,100.0,N/A,N/A
er_000811.txt,14.0,N/A,N/A,14.0,100.0,14.0,100.0,N/A,N/A,N/A,N/A
scale_free_000811.txt,1.0,1.0,100.0,1.0,100.0,1.0,100.0,1.0,100.0,N/A,N/A
dag_000812.txt,0.0,0.0,100.0,0.0,100.0,0.0,100.0,0.0,100.0,N/A,N/A
dgrid_000812.txt,2.0,2.0,100.0,2.0,100.0,2.0,100.0,2.0,100.0,N/A,N/A
ego_000812.txt,3.0,3.0,100.0,3.0,100.0,3.0,100.0,3.0,100.0,N/A,N/A
er_000812.txt,14.0,N/A,N/A,14.0,100.0,14.0,100.0,N/A,N/A,N/A,N/A
scale_free_000812.txt,1.0,1.0,100.0,1.0,100.0,1.0,100.0,1.0,100.0,N/A,N/A
dag_000813.txt,0.0,0.0,100.0,0.0,100.0,0.0,100.0,0.0,100.0,N/A,N/A
dgrid_000813.txt,4.0,4.0,100.0,4.0,100.0,4.0,100.0,4.0,100.0,N/A,N/A
ego_000813.txt,5.0,5.0,100.0,5.0,100.0,5.0,100.0,5.0,100.0,N/A,N/A
er_000813.txt,2.0,2.0,100.0,2.0,100.0,2.0,100.0,2.0,100.0,N/A,N/A
scale_free_000813.txt,1.0,1.0,100.0,1.0,100.0,1.0,100.0,1.0,100.0,N/A,N/A
dag_000814.txt,0.0,0.0,100.0,0.0,100.0,0.0,100.0,0.0,100.0,N/A,N/A
dgrid_000814.txt,1.0,1.0,100.0,1.0,100.0,1.0,100.0,1.0,100.0,N/A,N/A
ego_000814.txt,9.0,9.0,100.0,9.0,100.0,9.0,100.0,N/A,N/A,N/A,N/A
er_000814.txt,6.0,6.0,100.0,6.0,100.0,6.0,100.0,6.0,100.0,N/A,N/A
scale_free_000814.txt,1.0,1.0,100.0,1.0,100.0,1.0,100.0,1.0,100.0,N/A,N/A
dag_000815.txt,0.0,0.0,100.0,0.0,100.0,0.0,100.0,0.0,100.0,N/A,N/A
dgrid_000815.txt,2.0,2.0,100.0,2.0,100.0,2.0,100.0,2.0,100.0,N/A,N/A
ego_000815.txt,2.0,2.0,100.0,2.0,100.0,2.0,100.0,2.0,100.0,N/A,N/A
er_000815.txt,11.0,11.0,100.0,11.0,100.0,11.0,100.0,N/A,N/A,N/A,N/A
scale_free_000815.txt,1.0,1.0,100.0,1.0,100.0,1.0,100.0,1.0,100.0,N/A,N/A
dag_000816.txt,0.0,0.0,100.0,0.0,100.0,0.0,100.0,0.0,100.0,N/A,N/A
dgrid_000816.txt,5.0,5.0,100.0,5.0,100.0,5.0,100.0,5.0,100.0,N/A,N/A
ego_000816.txt,7.0,7.0,100.0,7.0,100.0,7.0,100.0,7.0,100.0,N/A,N/A
er_000816.txt,5.0,5.0,100.0,5.0,100.0,5.0,100.0,5.0,100.0,N/A,N/A
scale_free_000816.txt,1.0,1.0,100.0,1.0,100.0,1.0,100.0,1.0,100.0,N/A,N/A
dag_000817.txt,0.0,0.0,100.0,0.0,100.0,0.0,100.0,0.0,100.0,N/A,N/A
dgrid_000817.txt,1.0,1.0,100.0,1.0,100.0,1.0,100.0,1.0,100.0,N/A,N/A
ego_000817.txt,0.0,0.0,100.0,0.0,100.0,0.0,100.0,0.0,100.0,N/A,N/A
er_000817.txt,2.0,2.0,100.0,2.0,100.0,2.0,100.0,2.0,100.0,N/A,N/A
scale_free_000817.txt,2.0,2.0,100.0,2.0,100.0,2.0,100.0,2.0,100.0,N/A,N/A
dag_000818.txt,0.0,0.0,100.0,0.0,100.0,0.0,100.0,0.0,100.0,N/A,N/A
dgrid_000818.txt,4.0,4.0,100.0,4.0,100.0,4.0,100.0,4.0,100.0,N/A,N/A
ego_000818.txt,2.0,2.0,100.0,2.0,100.0,2.0,100.0,2.0,100.0,N/A,N/A
er_000818.txt,12.0,12.0,100.0,12.0,100.0,12.0,100.0,N/A,N/A,N/A,N/A
scale_free_000818.txt,1.0,1.0,100.0,1.0,100.0,1.0,100.0,1.0,100.0,N/A,N/A
dag_000819.txt,0.0,0.0,100.0,0.0,100.0,0.0,100.0,0.0,100.0,N/A,N/A
dgrid_000819.txt,2.0,2.0,100.0,2.0,100.0,2.0,100.0,2.0,100.0,N/A,N/A
ego_000819.txt,6.0,6.0,100.0,6.0,100.0,6.0,100.0,6.0,100.0,N/A,N/A
er_000819.txt,11.0,11.0,100.0,11.0,100.0,11.0,100.0,N/A,N/A,N/A,N/A
scale_free_000819.txt,1.0,1.0,100.0,1.0,100.0,1.0,100.0,1.0,100.0,N/A,N/A
dag_000820.txt,0.0,0.0,100.0,0.0,100.0,0.0,100.0,0.0,100.0,N/A,N/A
dgrid_000820.txt,1.0,1.0,100.0,1.0,100.0,1.0,100.0,1.0,100.0,N/A,N/A
ego_000820.txt,13.0,13.0,100.0,13.0,100.0,13.0,100.0,N/A,N/A,N/A,N/A
er_000820.txt,13.0,13.0,100.0,13.0,100.0,13.0,100.0,N/A,N/A,N/A,N/A
scale_free_000820.txt,2.0,2.0,100.0,2.0,100.0,2.0,100.0,2.0,100.0,N/A,N/A
dag_000821.txt,0.0,0.0,100.0,0.0,100.0,0.0,100.0,0.0,100.0,N/A,N/A
dgrid_000821.txt,2.0,2.0,100.0,2.0,100.0,2.0,100.0,2.0,100.0,N/A,N/A
ego_000821.txt,4.0,4.0,100.0,4.0,100.0,4.0,100.0,4.0,100.0,N/A,N/A
er_000821.txt,13.0,13.0,100.0,13.0,100.0,13.0,100.0,N/A,N/A,N/A,N/A
scale_free_000821.txt,1.0,1.0,100.0,1.0,100.0,1.0,100.0,1.0,100.0,N/A,N/A
dag_000822.txt,0.0,0.0,100.0,0.0,100.0,0.0,100.0,0.0,100.0,N/A,N/A
dgrid_000822.txt,2.0,2.0,100.0,2.0,100.0,2.0,100.0,2.0,100.0,N/A,N/A
ego_000822.txt,4.0,4.0,100.0,4.0,100.0,4.0,100.0,4.0,100.0,N/A,N/A
er_000822.txt,3.0,3.0,100.0,3.0,100.0,3.0,100.0,3.0,100.0,N/A,N/A
scale_free_000822.txt,1.0,1.0,100.0,1.0,100.0,1.0,100.0,1.0,100.0,N/A,N/A
dag_000823.txt,0.0,0.0,100.0,0.0,100.0,0.0,100.0,0.0,100.0,N/A,N/A
dgrid_000823.txt,5.0,5.0,100.0,5.0,100.0,5.0,100.0,5.0,100.0,N/A,N/A
ego_000823.txt,5.0,5.0,100.0,5.0,100.0,5.0,100.0,5.0,100.0,N/A,N/A
er_000823.txt,3.0,3.0,100.0,3.0,100.0,3.0,100.0,3.0,100.0,N/A,N/A
scale_free_000823.txt,1.0,1.0,100.0,1.0,100.0,1.0,100.0,1.0,100.0,N/A,N/A
dag_000824.txt,0.0,0.0,100.0,0.0,100.0,0.0,100.0,0.0,100.0,N/A,N/A
dgrid_000824.txt,0.0,0.0,100.0,0.0,100.0,0.0,100.0,0.0,100.0,N/A,N/A
ego_000824.txt,1.0,1.0,100.0,1.0,100.0,1.0,100.0,1.0,100.0,N/A,N/A
er_000824.txt,9.0,9.0,100.0,9.0,100.0,9.0,100.0,N/A,N/A,N/A,N/A
scale_free_000824.txt,2.0,2.0,100.0,2.0,100.0,2.0,100.0,2.0,100.0,N/A,N/A
dag_000825.txt,0.0,0.0,100.0,0.0,100.0,0.0,100.0,0.0,100.0,N/A,N/A
dgrid_000825.txt,1.0,1.0,100.0,1.0,100.0,1.0,100.0,1.0,100.0,N/A,N/A
ego_000825.txt,2.0,2.0,100.0,2.0,100.0,2.0,100.0,2.0,100.0,N/A,N/A
er_000825.txt,5.0,5.0,100.0,5.0,100.0,5.0,100.0,5.0,100.0,N/A,N/A
scale_free_000825.txt,1.0,1.0,100.0,1.0,100.0,1.0,100.0,1.0,100.0,N/A,N/A
dag_000826.txt,0.0,0.0,100.0,0.0,100.0,0.0,100.0,0.0,100.0,N/A,N/A
dgrid_000826.txt,1.0,1.0,100.0,1.0,100.0,1.0,100.0,1.0,100.0,N/A,N/A
ego_000826.txt,9.0,9.0,100.0,9.0,100.0,9.0,100.0,N/A,N/A,N/A,N/A
er_000826.txt,12.0,12.0,100.0,12.0,100.0,12.0,100.0,N/A,N/A,N/A,N/A
scale_free_000826.txt,2.0,2.0,100.0,2.0,100.0,2.0,100.0,2.0,100.0,N/A,N/A
dag_000827.txt,0.0,0.0,100.0,0.0,100.0,0.0,100.0,0.0,100.0,N/A,N/A
dgrid_000827.txt,3.0,3.0,100.0,3.0,100.0,3.0,100.0,3.0,100.0,N/A,N/A
ego_000827.txt,2.0,2.0,100.0,2.0,100.0,2.0,100.0,2.0,100.0,N/A,N/A
er_000827.txt,3.0,3.0,100.0,3.0,100.0,3.0,100.0,3.0,100.0,N/A,N/A
scale_free_000827.txt,1.0,1.0,100.0,1.0,100.0,1.0,100.0,1.0,100.0,N/A,N/A
dag_000828.txt,0.0,0.0,100.0,0.0,100.0,0.0,100.0,0.0,100.0,N/A,N/A
dgrid_000828.txt,0.0,0.0,100.0,0.0,100.0,0.0,100.0,0.0,100.0,N/A,N/A
ego_000828.txt,16.0,16.0,100.0,16.0,100.0,16.0,100.0,N/A,N/A,N/A,N/A
er_000828.txt,3.0,3.0,100.0,3.0,100.0,3.0,100.0,3.0,100.0,N/A,N/A
scale_free_000828.txt,1.0,1.0,100.0,1.0,100.0,1.0,100.0,1.0,100.0,N/A,N/A
dag_000829.txt,0.0,0.0,100.0,0.0,100.0,0.0,100.0,0.0,100.0,N/A,N/A
dgrid_000829.txt,0.0,0.0,100.0,0.0,100.0,0.0,100.0,0.0,100.0,N/A,N/A
ego_000829.txt,0.0,0.0,100.0,0.0,100.0,0.0,100.0,0.0,100.0,N/A,N/A
er_000829.txt,6.0,6.0,100.0,6.0,100.0,6.0,100.0,6.0,100.0,N/A,N/A
scale_free_000829.txt,1.0,1.0,100.0,1.0,100.0,1.0,100.0,1.0,100.0,N/A,N/A
dag_000830.txt,0.0,0.0,100.0,0.0,100.0,0.0,100.0,0.0,100.0,N/A,N/A
dgrid_000830.txt,1.0,1.0,100.0,1.0,100.0,1.0,100.0,1.0,100.0,N/A,N/A
ego_000830.txt,5.0,5.0,100.0,5.0,100.0,5.0,100.0,5.0,100.0,N/A,N/A
er_000830.txt,10.0,10.0,100.0,10.0,100.0,10.0,100.0,10.0,100.0,N/A,N/A
scale_free_000830.txt,1.0,1.0,100.0,1.0,100.0,1.0,100.0,1.0,100.0,N/A,N/A
dag_000831.txt,0.0,0.0,100.0,0.0,100.0,0.0,100.0,0.0,100.0,N/A,N/A
dgrid_000831.txt,0.0,0.0,100.0,0.0,100.0,0.0,100.0,0.0,100.0,N/A,N/A
ego_000831.txt,6.0,6.0,100.0,6.0,100.0,6.0,100.0,6.0,100.0,N/A,N/A
er_000831.txt,5.0,5.0,100.0,5.0,100.0,5.0,100.0,5.0,100.0,N/A,N/A
scale_free_000831.txt,2.0,2.0,100.0,2.0,100.0,2.0,100.0,2.0,100.0,N/A,N/A
dag_000832.txt,0.0,0.0,100.0,0.0,100.0,0.0,100.0,0.0,100.0,N/A,N/A
dgrid_000832.txt,1.0,1.0,100.0,1.0,100.0,1.0,100.0,1.0,100.0,N/A,N/A
ego_000832.txt,8.0,8.0,100.0,8.0,100.0,8.0,100.0,N/A,N/A,N/A,N/A
er_000832.txt,8.0,8.0,100.0,8.0,100.0,8.0,100.0,8.0,100.0,N/A,N/A
scale_free_000832.txt,2.0,2.0,100.0,2.0,100.0,2.0,100.0,2.0,100.0,N/A,N/A
dag_000833.txt,0.0,0.0,100.0,0.0,100.0,0.0,100.0,0.0,100.0,N/A,N/A
dgrid_000833.txt,2.0,2.0,100.0,2.0,100.0,2.0,100.0,2.0,100.0,N/A,N/A
ego_000833.txt,5.0,5.0,100.0,5.0,100.0,5.0,100.0,5.0,100.0,N/A,N/A
er_000833.txt,14.0,N/A,N/A,14.0,100.0,14.0,100.0,N/A,N/A,N/A,N/A
scale_free_000833.txt,1.0,1.0,100.0,1.0,100.0,1.0,100.0,1.0,100.0,N/A,N/A
dag_000834.txt,0.0,0.0,100.0,0.0,100.0,0.0,100.0,0.0,100.0,N/A,N/A
dgrid_000834.txt,4.0,4.0,100.0,4.0,100.0,4.0,100.0,4.0,100.0,N/A,N/A
ego_000834.txt,0.0,0.0,100.0,0.0,100.0,0.0,100.0,0.0,100.0,N/A,N/A
er_000834.txt,3.0,3.0,100.0,3.0,100.0,3.0,100.0,3.0,100.0,N/A,N/A
scale_free_000834.txt,2.0,2.0,100.0,2.0,100.0,2.0,100.0,2.0,100.0,N/A,N/A
dag_000835.txt,0.0,0.0,100.0,0.0,100.0,0.0,100.0,0.0,100.0,N/A,N/A
dgrid_000835.txt,2.0,2.0,100.0,2.0,100.0,2.0,100.0,2.0,100.0,N/A,N/A
ego_000835.txt,2.0,2.0,100.0,2.0,100.0,2.0,100.0,2.0,100.0,N/A,N/A
er_000835.txt,8.0,8.0,100.0,8.0,100.0,8.0,100.0,8.0,100.0,N/A,N/A
scale_free_000835.txt,1.0,1.0,100.0,1.0,100.0,1.0,100.0,1.0,100.0,N/A,N/A
dag_000836.txt,0.0,0.0,100.0,0.0,100.0,0.0,100.0,0.0,100.0,N/A,N/A
dgrid_000836.txt,1.0,1.0,100.0,1.0,100.0,1.0,100.0,1.0,100.0,N/A,N/A
ego_000836.txt,1.0,1.0,100.0,1.0,100.0,1.0,100.0,1.0,100.0,N/A,N/A
er_000836.txt,2.0,2.0,100.0,2.0,100.0,2.0,100.0,2.0,100.0,N/A,N/A
scale_free_000836.txt,2.0,2.0,100.0,2.0,100.0,2.0,100.0,2.0,100.0,N/A,N/A
dag_000837.txt,0.0,0.0,100.0,0.0,100.0,0.0,100.0,0.0,100.0,N/A,N/A
dgrid_000837.txt,4.0,4.0,100.0,4.0,100.0,4.0,100.0,4.0,100.0,N/A,N/A
ego_000837.txt,1.0,1.0,100.0,1.0,100.0,1.0,100.0,1.0,100.0,N/A,N/A
er_000837.txt,5.0,5.0,100.0,5.0,100.0,5.0,100.0,5.0,100.0,N/A,N/A
scale_free_000837.txt,2.0,2.0,100.0,2.0,100.0,2.0,100.0,2.0,100.0,N/A,N/A
dag_000838.txt,0.0,0.0,100.0,0.0,100.0,0.0,100.0,0.0,100.0,N/A,N/A
dgrid_000838.txt,3.0,3.0,100.0,3.0,100.0,3.0,100.0,3.0,100.0,N/A,N/A
ego_000838.txt,4.0,4.0,100.0,4.0,100.0,4.0,100.0,4.0,100.0,N/A,N/A
er_000838.txt,11.0,N/A,N/A,11.0,100.0,11.0,100.0,N/A,N/A,N/A,N/A
scale_free_000838.txt,1.0,1.0,100.0,1.0,100.0,1.0,100.0,1.0,100.0,N/A,N/A
dag_000839.txt,0.0,0.0,100.0,0.0,100.0,0.0,100.0,0.0,100.0,N/A,N/A
dgrid_000839.txt,1.0,1.0,100.0,1.0,100.0,1.0,100.0,1.0,100.0,N/A,N/A
ego_000839.txt,2.0,2.0,100.0,2.0,100.0,2.0,100.0,2.0,100.0,N/A,N/A
er_000839.txt,11.0,11.0,100.0,11.0,100.0,11.0,100.0,N/A,N/A,N/A,N/A
scale_free_000839.txt,1.0,1.0,100.0,1.0,100.0,1.0,100.0,1.0,100.0,N/A,N/A
dag_000840.txt,0.0,0.0,100.0,0.0,100.0,0.0,100.0,0.0,100.0,N/A,N/A
dgrid_000840.txt,3.0,3.0,100.0,3.0,100.0,3.0,100.0,3.0,100.0,N/A,N/A
ego_000840.txt,5.0,5.0,100.0,5.0,100.0,5.0,100.0,5.0,100.0,N/A,N/A
er_000840.txt,9.0,9.0,100.0,9.0,100.0,9.0,100.0,9.0,100.0,N/A,N/A
scale_free_000840.txt,1.0,1.0,100.0,1.0,100.0,1.0,100.0,1.0,100.0,N/A,N/A
dag_000841.txt,0.0,0.0,100.0,0.0,100.0,0.0,100.0,0.0,100.0,N/A,N/A
dgrid_000841.txt,0.0,0.0,100.0,0.0,100.0,0.0,100.0,0.0,100.0,N/A,N/A
ego_000841.txt,6.0,6.0,100.0,6.0,100.0,6.0,100.0,6.0,100.0,N/A,N/A
er_000841.txt,7.0,7.0,100.0,7.0,100.0,7.0,100.0,7.0,100.0,N/A,N/A
scale_free_000841.txt,2.0,2.0,100.0,2.0,100.0,2.0,100.0,2.0,100.0,N/A,N/A
dag_000842.txt,0.0,0.0,100.0,0.0,100.0,0.0,100.0,0.0,100.0,N/A,N/A
dgrid_000842.txt,1.0,1.0,100.0,1.0,100.0,1.0,100.0,1.0,100.0,N/A,N/A
ego_000842.txt,3.0,3.0,100.0,3.0,100.0,3.0,100.0,3.0,100.0,N/A,N/A
er_000842.txt,3.0,3.0,100.0,3.0,100.0,3.0,100.0,3.0,100.0,N/A,N/A
scale_free_000842.txt,1.0,1.0,100.0,1.0,100.0,1.0,100.0,1.0,100.0,N/A,N/A
dag_000843.txt,0.0,0.0,100.0,0.0,100.0,0.0,100.0,0.0,100.0,N/A,N/A
dgrid_000843.txt,5.0,5.0,100.0,5.0,100.0,5.0,100.0,5.0,100.0,N/A,N/A
ego_000843.txt,3.0,3.0,100.0,3.0,100.0,3.0,100.0,3.0,100.0,N/A,N/A
er_000843.txt,6.0,6.0,100.0,6.0,100.0,6.0,100.0,6.0,100.0,N/A,N/A
scale_free_000843.txt,1.0,1.0,100.0,1.0,100.0,1.0,100.0,1.0,100.0,N/A,N/A
dag_000844.txt,0.0,0.0,100.0,0.0,100.0,0.0,100.0,0.0,100.0,N/A,N/A
dgrid_000844.txt,4.0,4.0,100.0,4.0,100.0,4.0,100.0,4.0,100.0,N/A,N/A
ego_000844.txt,10.0,10.0,100.0,10.0,100.0,10.0,100.0,N/A,N/A,N/A,N/A
er_000844.txt,5.0,5.0,100.0,5.0,100.0,5.0,100.0,5.0,100.0,N/A,N/A
scale_free_000844.txt,2.0,2.0,100.0,2.0,100.0,2.0,100.0,2.0,100.0,N/A,N/A
dag_000845.txt,0.0,0.0,100.0,0.0,100.0,0.0,100.0,0.0,100.0,N/A,N/A
dgrid_000845.txt,3.0,3.0,100.0,3.0,100.0,3.0,100.0,3.0,100.0,N/A,N/A
ego_000845.txt,5.0,5.0,100.0,5.0,100.0,5.0,100.0,5.0,100.0,N/A,N/A
er_000845.txt,10.0,10.0,100.0,10.0,100.0,10.0,100.0,N/A,N/A,N/A,N/A
scale_free_000845.txt,2.0,2.0,100.0,2.0,100.0,2.0,100.0,2.0,100.0,N/A,N/A
dag_000846.txt,0.0,0.0,100.0,0.0,100.0,0.0,100.0,0.0,100.0,N/A,N/A
dgrid_000846.txt,2.0,2.0,100.0,2.0,100.0,2.0,100.0,2.0,100.0,N/A,N/A
ego_000846.txt,6.0,6.0,100.0,6.0,100.0,6.0,100.0,6.0,100.0,N/A,N/A
er_000846.txt,18.0,N/A,N/A,18.0,100.0,18.0,100.0,N/A,N/A,N/A,N/A
scale_free_000846.txt,2.0,2.0,100.0,2.0,100.0,2.0,100.0,2.0,100.0,N/A,N/A
dag_000847.txt,0.0,0.0,100.0,0.0,100.0,0.0,100.0,0.0,100.0,N/A,N/A
dgrid_000847.txt,3.0,3.0,100.0,3.0,100.0,3.0,100.0,3.0,100.0,N/A,N/A
ego_000847.txt,0.0,0.0,100.0,0.0,100.0,0.0,100.0,0.0,100.0,N/A,N/A
er_000847.txt,6.0,6.0,100.0,6.0,100.0,6.0,100.0,6.0,100.0,N/A,N/A
scale_free_000847.txt,1.0,1.0,100.0,1.0,100.0,1.0,100.0,1.0,100.0,N/A,N/A
dag_000848.txt,0.0,0.0,100.0,0.0,100.0,0.0,100.0,0.0,100.0,N/A,N/A
dgrid_000848.txt,2.0,2.0,100.0,2.0,100.0,2.0,100.0,2.0,100.0,N/A,N/A
ego_000848.txt,11.0,11.0,100.0,11.0,100.0,11.0,100.0,11.0,100.0,N/A,N/A
er_000848.txt,11.0,11.0,100.0,11.0,100.0,11.0,100.0,N/A,N/A,N/A,N/A
scale_free_000848.txt,2.0,2.0,100.0,2.0,100.0,2.0,100.0,2.0,100.0,N/A,N/A
dag_000849.txt,0.0,0.0,100.0,0.0,100.0,0.0,100.0,0.0,100.0,N/A,N/A
dgrid_000849.txt,1.0,1.0,100.0,1.0,100.0,1.0,100.0,1.0,100.0,N/A,N/A
ego_000849.txt,12.0,12.0,100.0,12.0,100.0,12.0,100.0,N/A,N/A,N/A,N/A
er_000849.txt,7.0,7.0,100.0,7.0,100.0,7.0,100.0,7.0,100.0,N/A,N/A
scale_free_000849.txt,1.0,1.0,100.0,1.0,100.0,1.0,100.0,1.0,100.0,N/A,N/A
dag_000850.txt,0.0,0.0,100.0,0.0,100.0,0.0,100.0,0.0,100.0,N/A,N/A
dgrid_000850.txt,1.0,1.0,100.0,1.0,100.0,1.0,100.0,1.0,100.0,N/A,N/A
ego_000850.txt,10.0,10.0,100.0,10.0,100.0,10.0,100.0,10.0,100.0,N/A,N/A
er_000850.txt,9.0,9.0,100.0,9.0,100.0,9.0,100.0,9.0,100.0,N/A,N/A
scale_free_000850.txt,1.0,1.0,100.0,1.0,100.0,1.0,100.0,1.0,100.0,N/A,N/A
dag_000851.txt,0.0,0.0,100.0,0.0,100.0,0.0,100.0,0.0,100.0,N/A,N/A
dgrid_000851.txt,1.0,1.0,100.0,1.0,100.0,1.0,100.0,1.0,100.0,N/A,N/A
ego_000851.txt,0.0,0.0,100.0,0.0,100.0,0.0,100.0,0.0,100.0,N/A,N/A
er_000851.txt,3.0,3.0,100.0,3.0,100.0,3.0,100.0,3.0,100.0,N/A,N/A
scale_free_000851.txt,2.0,2.0,100.0,2.0,100.0,2.0,100.0,2.0,100.0,N/A,N/A
dag_000852.txt,0.0,0.0,100.0,0.0,100.0,0.0,100.0,0.0,100.0,N/A,N/A
dgrid_000852.txt,2.0,2.0,100.0,2.0,100.0,2.0,100.0,2.0,100.0,N/A,N/A
ego_000852.txt,6.0,6.0,100.0,6.0,100.0,6.0,100.0,6.0,100.0,N/A,N/A
er_000852.txt,2.0,2.0,100.0,2.0,100.0,2.0,100.0,2.0,100.0,N/A,N/A
scale_free_000852.txt,1.0,1.0,100.0,1.0,100.0,1.0,100.0,1.0,100.0,N/A,N/A
dag_000853.txt,0.0,0.0,100.0,0.0,100.0,0.0,100.0,0.0,100.0,N/A,N/A
dgrid_000853.txt,3.0,3.0,100.0,3.0,100.0,3.0,100.0,3.0,100.0,N/A,N/A
ego_000853.txt,10.0,10.0,100.0,10.0,100.0,10.0,100.0,N/A,N/A,N/A,N/A
er_000853.txt,5.0,5.0,100.0,5.0,100.0,5.0,100.0,5.0,100.0,N/A,N/A
scale_free_000853.txt,2.0,2.0,100.0,2.0,100.0,2.0,100.0,2.0,100.0,N/A,N/A
dag_000854.txt,0.0,0.0,100.0,0.0,100.0,0.0,100.0,0.0,100.0,N/A,N/A
dgrid_000854.txt,1.0,1.0,100.0,1.0,100.0,1.0,100.0,1.0,100.0,N/A,N/A
ego_000854.txt,8.0,8.0,100.0,8.0,100.0,8.0,100.0,N/A,N/A,N/A,N/A
er_000854.txt,4.0,4.0,100.0,4.0,100.0,4.0,100.0,4.0,100.0,N/A,N/A
scale_free_000854.txt,1.0,1.0,100.0,1.0,100.0,1.0,100.0,1.0,100.0,N/A,N/A
dag_000855.txt,0.0,0.0,100.0,0.0,100.0,0.0,100.0,0.0,100.0,N/A,N/A
dgrid_000855.txt,4.0,4.0,100.0,4.0,100.0,4.0,100.0,4.0,100.0,N/A,N/A
ego_000855.txt,0.0,0.0,100.0,0.0,100.0,0.0,100.0,0.0,100.0,N/A,N/A
er_000855.txt,6.0,6.0,100.0,6.0,100.0,6.0,100.0,6.0,100.0,N/A,N/A
scale_free_000855.txt,1.0,1.0,100.0,1.0,100.0,1.0,100.0,1.0,100.0,N/A,N/A
dag_000856.txt,0.0,0.0,100.0,0.0,100.0,0.0,100.0,0.0,100.0,N/A,N/A
dgrid_000856.txt,0.0,0.0,100.0,0.0,100.0,0.0,100.0,0.0,100.0,N/A,N/A
ego_000856.txt,1.0,1.0,100.0,1.0,100.0,1.0,100.0,1.0,100.0,N/A,N/A
er_000856.txt,9.0,9.0,100.0,9.0,100.0,9.0,100.0,N/A,N/A,N/A,N/A
scale_free_000856.txt,2.0,2.0,100.0,2.0,100.0,2.0,100.0,2.0,100.0,N/A,N/A
dag_000857.txt,0.0,0.0,100.0,0.0,100.0,0.0,100.0,0.0,100.0,N/A,N/A
dgrid_000857.txt,3.0,3.0,100.0,3.0,100.0,3.0,100.0,3.0,100.0,N/A,N/A
ego_000857.txt,13.0,13.0,100.0,13.0,100.0,13.0,100.0,N/A,N/A,N/A,N/A
er_000857.txt,12.0,N/A,N/A,12.0,100.0,12.0,100.0,N/A,N/A,N/A,N/A
scale_free_000857.txt,1.0,1.0,100.0,1.0,100.0,1.0,100.0,1.0,100.0,N/A,N/A
dag_000858.txt,0.0,0.0,100.0,0.0,100.0,0.0,100.0,0.0,100.0,N/A,N/A
dgrid_000858.txt,1.0,1.0,100.0,1.0,100.0,1.0,100.0,1.0,100.0,N/A,N/A
ego_000858.txt,7.0,7.0,100.0,7.0,100.0,7.0,100.0,N/A,N/A,N/A,N/A
er_000858.txt,2.0,2.0,100.0,2.0,100.0,2.0,100.0,2.0,100.0,N/A,N/A
scale_free_000858.txt,1.0,1.0,100.0,1.0,100.0,1.0,100.0,1.0,100.0,N/A,N/A
dag_000859.txt,0.0,0.0,100.0,0.0,100.0,0.0,100.0,0.0,100.0,N/A,N/A
dgrid_000859.txt,3.0,3.0,100.0,3.0,100.0,3.0,100.0,3.0,100.0,N/A,N/A
ego_000859.txt,3.0,3.0,100.0,3.0,100.0,3.0,100.0,3.0,100.0,N/A,N/A
er_000859.txt,6.0,6.0,100.0,6.0,100.0,6.0,100.0,6.0,100.0,N/A,N/A
scale_free_000859.txt,2.0,2.0,100.0,2.0,100.0,2.0,100.0,2.0,100.0,N/A,N/A
dag_000860.txt,0.0,0.0,100.0,0.0,100.0,0.0,100.0,0.0,100.0,N/A,N/A
dgrid_000860.txt,0.0,0.0,100.0,0.0,100.0,0.0,100.0,0.0,100.0,N/A,N/A
ego_000860.txt,10.0,10.0,100.0,10.0,100.0,10.0,100.0,N/A,N/A,N/A,N/A
er_000860.txt,11.0,11.0,100.0,11.0,100.0,11.0,100.0,N/A,N/A,N/A,N/A
scale_free_000860.txt,1.0,1.0,100.0,1.0,100.0,1.0,100.0,1.0,100.0,N/A,N/A
dag_000861.txt,0.0,0.0,100.0,0.0,100.0,0.0,100.0,0.0,100.0,N/A,N/A
dgrid_000861.txt,0.0,0.0,100.0,0.0,100.0,0.0,100.0,0.0,100.0,N/A,N/A
ego_000861.txt,0.0,0.0,100.0,0.0,100.0,0.0,100.0,0.0,100.0,N/A,N/A
er_000861.txt,9.0,9.0,100.0,9.0,100.0,9.0,100.0,N/A,N/A,N/A,N/A
scale_free_000861.txt,1.0,1.0,100.0,1.0,100.0,1.0,100.0,1.0,100.0,N/A,N/A
dag_000862.txt,0.0,0.0,100.0,0.0,100.0,0.0,100.0,0.0,100.0,N/A,N/A
dgrid_000862.txt,1.0,1.0,100.0,1.0,100.0,1.0,100.0,1.0,100.0,N/A,N/A
ego_000862.txt,3.0,3.0,100.0,3.0,100.0,3.0,100.0,3.0,100.0,N/A,N/A
er_000862.txt,13.0,13.0,100.0,13.0,100.0,13.0,100.0,N/A,N/A,N/A,N/A
scale_free_000862.txt,1.0,1.0,100.0,1.0,100.0,1.0,100.0,1.0,100.0,N/A,N/A
dag_000863.txt,0.0,0.0,100.0,0.0,100.0,0.0,100.0,0.0,100.0,N/A,N/A
dgrid_000863.txt,5.0,5.0,100.0,5.0,100.0,5.0,100.0,5.0,100.0,N/A,N/A
ego_000863.txt,7.0,7.0,100.0,7.0,100.0,7.0,100.0,7.0,100.0,N/A,N/A
er_000863.txt,12.0,N/A,N/A,12.0,100.0,12.0,100.0,N/A,N/A,N/A,N/A
scale_free_000863.txt,2.0,2.0,100.0,2.0,100.0,2.0,100.0,2.0,100.0,N/A,N/A
dag_000864.txt,0.0,0.0,100.0,0.0,100.0,0.0,100.0,0.0,100.0,N/A,N/A
dgrid_000864.txt,2.0,2.0,100.0,2.0,100.0,2.0,100.0,2.0,100.0,N/A,N/A
ego_000864.txt,8.0,8.0,100.0,8.0,100.0,8.0,100.0,N/A,N/A,N/A,N/A
er_000864.txt,8.0,8.0,100.0,8.0,100.0,8.0,100.0,8.0,100.0,N/A,N/A
scale_free_000864.txt,1.0,1.0,100.0,1.0,100.0,1.0,100.0,1.0,100.0,N/A,N/A
dag_000865.txt,0.0,0.0,100.0,0.0,100.0,0.0,100.0,0.0,100.0,N/A,N/A
dgrid_000865.txt,2.0,2.0,100.0,2.0,100.0,2.0,100.0,2.0,100.0,N/A,N/A
ego_000865.txt,4.0,4.0,100.0,4.0,100.0,4.0,100.0,4.0,100.0,N/A,N/A
er_000865.txt,6.0,6.0,100.0,6.0,100.0,6.0,100.0,6.0,100.0,N/A,N/A
scale_free_000865.txt,1.0,1.0,100.0,1.0,100.0,1.0,100.0,1.0,100.0,N/A,N/A
dag_000866.txt,0.0,0.0,100.0,0.0,100.0,0.0,100.0,0.0,100.0,N/A,N/A
dgrid_000866.txt,2.0,2.0,100.0,2.0,100.0,2.0,100.0,2.0,100.0,N/A,N/A
ego_000866.txt,13.0,13.0,100.0,13.0,100.0,13.0,100.0,N/A,N/A,N/A,N/A
er_000866.txt,10.0,10.0,100.0,10.0,100.0,11.0,90.9091,N/A,N/A,N/A,N/A
scale_free_000866.txt,1.0,1.0,100.0,1.0,100.0,1.0,100.0,1.0,100.0,N/A,N/A
dag_000867.txt,0.0,0.0,100.0,0.0,100.0,0.0,100.0,0.0,100.0,N/A,N/A
dgrid_000867.txt,1.0,1.0,100.0,1.0,100.0,1.0,100.0,1.0,100.0,N/A,N/A
ego_000867.txt,8.0,8.0,100.0,8.0,100.0,8.0,100.0,N/A,N/A,N/A,N/A
er_000867.txt,15.0,N/A,N/A,15.0,100.0,15.0,100.0,N/A,N/A,N/A,N/A
scale_free_000867.txt,2.0,2.0,100.0,2.0,100.0,2.0,100.0,2.0,100.0,N/A,N/A
dag_000868.txt,0.0,0.0,100.0,0.0,100.0,0.0,100.0,0.0,100.0,N/A,N/A
dgrid_000868.txt,2.0,2.0,100.0,2.0,100.0,2.0,100.0,2.0,100.0,N/A,N/A
ego_000868.txt,2.0,2.0,100.0,2.0,100.0,2.0,100.0,2.0,100.0,N/A,N/A
er_000868.txt,13.0,13.0,100.0,13.0,100.0,14.0,92.8571,N/A,N/A,N/A,N/A
scale_free_000868.txt,1.0,1.0,100.0,1.0,100.0,1.0,100.0,1.0,100.0,N/A,N/A
dag_000869.txt,0.0,0.0,100.0,0.0,100.0,0.0,100.0,0.0,100.0,N/A,N/A
dgrid_000869.txt,2.0,2.0,100.0,2.0,100.0,2.0,100.0,2.0,100.0,N/A,N/A
ego_000869.txt,1.0,1.0,100.0,1.0,100.0,1.0,100.0,1.0,100.0,N/A,N/A
er_000869.txt,2.0,2.0,100.0,2.0,100.0,2.0,100.0,2.0,100.0,N/A,N/A
scale_free_000869.txt,1.0,1.0,100.0,1.0,100.0,1.0,100.0,1.0,100.0,N/A,N/A
dag_000870.txt,0.0,0.0,100.0,0.0,100.0,0.0,100.0,0.0,100.0,N/A,N/A
dgrid_000870.txt,3.0,3.0,100.0,3.0,100.0,3.0,100.0,3.0,100.0,N/A,N/A
ego_000870.txt,2.0,2.0,100.0,2.0,100.0,2.0,100.0,2.0,100.0,N/A,N/A
er_000870.txt,7.0,7.0,100.0,7.0,100.0,7.0,100.0,7.0,100.0,N/A,N/A
scale_free_000870.txt,1.0,1.0,100.0,1.0,100.0,1.0,100.0,1.0,100.0,N/A,N/A
dag_000871.txt,0.0,0.0,100.0,0.0,100.0,0.0,100.0,0.0,100.0,N/A,N/A
dgrid_000871.txt,2.0,2.0,100.0,2.0,100.0,2.0,100.0,2.0,100.0,N/A,N/A
ego_000871.txt,3.0,3.0,100.0,3.0,100.0,3.0,100.0,3.0,100.0,N/A,N/A
er_000871.txt,9.0,9.0,100.0,9.0,100.0,9.0,100.0,9.0,100.0,N/A,N/A
scale_free_000871.txt,1.0,1.0,100.0,1.0,100.0,1.0,100.0,1.0,100.0,N/A,N/A
dag_000872.txt,0.0,0.0,100.0,0.0,100.0,0.0,100.0,0.0,100.0,N/A,N/A
dgrid_000872.txt,3.0,3.0,100.0,3.0,100.0,3.0,100.0,3.0,100.0,N/A,N/A
ego_000872.txt,0.0,0.0,100.0,0.0,100.0,0.0,100.0,0.0,100.0,N/A,N/A
er_000872.txt,9.0,9.0,100.0,9.0,100.0,9.0,100.0,N/A,N/A,N/A,N/A
scale_free_000872.txt,1.0,1.0,100.0,1.0,100.0,1.0,100.0,1.0,100.0,N/A,N/A
dag_000873.txt,0.0,0.0,100.0,0.0,100.0,0.0,100.0,0.0,100.0,N/A,N/A
dgrid_000873.txt,5.0,5.0,100.0,5.0,100.0,5.0,100.0,5.0,100.0,N/A,N/A
ego_000873.txt,9.0,9.0,100.0,9.0,100.0,9.0,100.0,N/A,N/A,N/A,N/A
er_000873.txt,3.0,3.0,100.0,3.0,100.0,3.0,100.0,3.0,100.0,N/A,N/A
scale_free_000873.txt,1.0,1.0,100.0,1.0,100.0,1.0,100.0,1.0,100.0,N/A,N/A
dag_000874.txt,0.0,0.0,100.0,0.0,100.0,0.0,100.0,0.0,100.0,N/A,N/A
dgrid_000874.txt,0.0,0.0,100.0,0.0,100.0,0.0,100.0,0.0,100.0,N/A,N/A
ego_000874.txt,10.0,10.0,100.0,10.0,100.0,10.0,100.0,N/A,N/A,N/A,N/A
er_000874.txt,9.0,9.0,100.0,9.0,100.0,9.0,100.0,N/A,N/A,N/A,N/A
scale_free_000874.txt,1.0,1.0,100.0,1.0,100.0,1.0,100.0,1.0,100.0,N/A,N/A
dag_000875.txt,0.0,0.0,100.0,0.0,100.0,0.0,100.0,0.0,100.0,N/A,N/A
dgrid_000875.txt,5.0,5.0,100.0,5.0,100.0,5.0,100.0,5.0,100.0,N/A,N/A
ego_000875.txt,11.0,11.0,100.0,11.0,100.0,11.0,100.0,N/A,N/A,N/A,N/A
er_000875.txt,13.0,N/A,N/A,13.0,100.0,13.0,100.0,N/A,N/A,N/A,N/A
scale_free_000875.txt,1.0,1.0,100.0,1.0,100.0,1.0,100.0,1.0,100.0,N/A,N/A
dag_000876.txt,0.0,0.0,100.0,0.0,100.0,0.0,100.0,0.0,100.0,N/A,N/A
dgrid_000876.txt,1.0,1.0,100.0,1.0,100.0,1.0,100.0,1.0,100.0,N/A,N/A
ego_000876.txt,3.0,3.0,100.0,3.0,100.0,3.0,100.0,3.0,100.0,N/A,N/A
er_000876.txt,14.0,N/A,N/A,14.0,100.0,15.0,93.3333,N/A,N/A,N/A,N/A
scale_free_000876.txt,1.0,1.0,100.0,1.0,100.0,1.0,100.0,1.0,100.0,N/A,N/A
dag_000877.txt,0.0,0.0,100.0,0.0,100.0,0.0,100.0,0.0,100.0,N/A,N/A
dgrid_000877.txt,0.0,0.0,100.0,0.0,100.0,0.0,100.0,0.0,100.0,N/A,N/A
ego_000877.txt,1.0,1.0,100.0,1.0,100.0,1.0,100.0,1.0,100.0,N/A,N/A
er_000877.txt,14.0,N/A,N/A,14.0,100.0,14.0,100.0,N/A,N/A,N/A,N/A
scale_free_000877.txt,1.0,1.0,100.0,1.0,100.0,1.0,100.0,1.0,100.0,N/A,N/A
dag_000878.txt,0.0,0.0,100.0,0.0,100.0,0.0,100.0,0.0,100.0,N/A,N/A
dgrid_000878.txt,3.0,3.0,100.0,3.0,100.0,3.0,100.0,3.0,100.0,N/A,N/A
ego_000878.txt,10.0,10.0,100.0,10.0,100.0,10.0,100.0,N/A,N/A,N/A,N/A
er_000878.txt,3.0,3.0,100.0,3.0,100.0,3.0,100.0,3.0,100.0,N/A,N/A
scale_free_000878.txt,1.0,1.0,100.0,1.0,100.0,1.0,100.0,1.0,100.0,N/A,N/A
dag_000879.txt,0.0,0.0,100.0,0.0,100.0,0.0,100.0,0.0,100.0,N/A,N/A
dgrid_000879.txt,2.0,2.0,100.0,2.0,100.0,2.0,100.0,2.0,100.0,N/A,N/A
ego_000879.txt,4.0,4.0,100.0,4.0,100.0,4.0,100.0,4.0,100.0,N/A,N/A
er_000879.txt,2.0,2.0,100.0,2.0,100.0,2.0,100.0,2.0,100.0,N/A,N/A
scale_free_000879.txt,1.0,1.0,100.0,1.0,100.0,1.0,100.0,1.0,100.0,N/A,N/A
dag_000880.txt,0.0,0.0,100.0,0.0,100.0,0.0,100.0,0.0,100.0,N/A,N/A
dgrid_000880.txt,1.0,1.0,100.0,1.0,100.0,1.0,100.0,1.0,100.0,N/A,N/A
ego_000880.txt,10.0,10.0,100.0,10.0,100.0,10.0,100.0,N/A,N/A,N/A,N/A
er_000880.txt,2.0,2.0,100.0,2.0,100.0,2.0,100.0,2.0,100.0,N/A,N/A
scale_free_000880.txt,1.0,1.0,100.0,1.0,100.0,1.0,100.0,1.0,100.0,N/A,N/A
dag_000881.txt,0.0,0.0,100.0,0.0,100.0,0.0,100.0,0.0,100.0,N/A,N/A
dgrid_000881.txt,1.0,1.0,100.0,1.0,100.0,1.0,100.0,1.0,100.0,N/A,N/A
ego_000881.txt,4.0,4.0,100.0,4.0,100.0,4.0,100.0,4.0,100.0,N/A,N/A
er_000881.txt,15.0,N/A,N/A,15.0,100.0,15.0,100.0,N/A,N/A,N/A,N/A
scale_free_000881.txt,2.0,2.0,100.0,2.0,100.0,2.0,100.0,2.0,100.0,N/A,N/A
dag_000882.txt,0.0,0.0,100.0,0.0,100.0,0.0,100.0,0.0,100.0,N/A,N/A
dgrid_000882.txt,1.0,1.0,100.0,1.0,100.0,1.0,100.0,1.0,100.0,N/A,N/A
ego_000882.txt,14.0,14.0,100.0,14.0,100.0,14.0,100.0,N/A,N/A,N/A,N/A
er_000882.txt,16.0,N/A,N/A,16.0,100.0,17.0,94.1176,N/A,N/A,N/A,N/A
scale_free_000882.txt,1.0,1.0,100.0,1.0,100.0,1.0,100.0,1.0,100.0,N/A,N/A
dag_000883.txt,0.0,0.0,100.0,0.0,100.0,0.0,100.0,0.0,100.0,N/A,N/A
dgrid_000883.txt,2.0,2.0,100.0,2.0,100.0,2.0,100.0,2.0,100.0,N/A,N/A
ego_000883.txt,9.0,9.0,100.0,9.0,100.0,9.0,100.0,N/A,N/A,N/A,N/A
er_000883.txt,5.0,5.0,100.0,5.0,100.0,5.0,100.0,5.0,100.0,N/A,N/A
scale_free_000883.txt,1.0,1.0,100.0,1.0,100.0,1.0,100.0,1.0,100.0,N/A,N/A
dag_000884.txt,0.0,0.0,100.0,0.0,100.0,0.0,100.0,0.0,100.0,N/A,N/A
dgrid_000884.txt,3.0,3.0,100.0,3.0,100.0,3.0,100.0,3.0,100.0,N/A,N/A
ego_000884.txt,3.0,3.0,100.0,3.0,100.0,3.0,100.0,3.0,100.0,N/A,N/A
er_000884.txt,0.0,0.0,100.0,0.0,100.0,0.0,100.0,0.0,100.0,N/A,N/A
scale_free_000884.txt,1.0,1.0,100.0,1.0,100.0,1.0,100.0,1.0,100.0,N/A,N/A
dag_000885.txt,0.0,0.0,100.0,0.0,100.0,0.0,100.0,0.0,100.0,N/A,N/A
dgrid_000885.txt,1.0,1.0,100.0,1.0,100.0,1.0,100.0,1.0,100.0,N/A,N/A
ego_000885.txt,8.0,8.0,100.0,8.0,100.0,8.0,100.0,N/A,N/A,N/A,N/A
er_000885.txt,11.0,11.0,100.0,11.0,100.0,11.0,100.0,N/A,N/A,N/A,N/A
scale_free_000885.txt,1.0,1.0,100.0,1.0,100.0,1.0,100.0,1.0,100.0,N/A,N/A
dag_000886.txt,0.0,0.0,100.0,0.0,100.0,0.0,100.0,0.0,100.0,N/A,N/A
dgrid_000886.txt,1.0,1.0,100.0,1.0,100.0,1.0,100.0,1.0,100.0,N/A,N/A
ego_000886.txt,6.0,6.0,100.0,6.0,100.0,6.0,100.0,6.0,100.0,N/A,N/A
er_000886.txt,8.0,8.0,100.0,8.0,100.0,8.0,100.0,8.0,100.0,N/A,N/A
scale_free_000886.txt,2.0,2.0,100.0,2.0,100.0,2.0,100.0,2.0,100.0,N/A,N/A
dag_000887.txt,0.0,0.0,100.0,0.0,100.0,0.0,100.0,0.0,100.0,N/A,N/A
dgrid_000887.txt,0.0,0.0,100.0,0.0,100.0,0.0,100.0,0.0,100.0,N/A,N/A
ego_000887.txt,0.0,0.0,100.0,0.0,100.0,0.0,100.0,0.0,100.0,N/A,N/A
er_000887.txt,6.0,6.0,100.0,6.0,100.0,6.0,100.0,6.0,100.0,N/A,N/A
scale_free_000887.txt,1.0,1.0,100.0,1.0,100.0,1.0,100.0,1.0,100.0,N/A,N/A
dag_000888.txt,0.0,0.0,100.0,0.0,100.0,0.0,100.0,0.0,100.0,N/A,N/A
dgrid_000888.txt,3.0,3.0,100.0,3.0,100.0,3.0,100.0,3.0,100.0,N/A,N/A
ego_000888.txt,3.0,3.0,100.0,3.0,100.0,3.0,100.0,3.0,100.0,N/A,N/A
er_000888.txt,10.0,10.0,100.0,10.0,100.0,10.0,100.0,N/A,N/A,N/A,N/A
scale_free_000888.txt,1.0,1.0,100.0,1.0,100.0,1.0,100.0,1.0,100.0,N/A,N/A
dag_000889.txt,0.0,0.0,100.0,0.0,100.0,0.0,100.0,0.0,100.0,N/A,N/A
dgrid_000889.txt,5.0,5.0,100.0,5.0,100.0,5.0,100.0,5.0,100.0,N/A,N/A
ego_000889.txt,0.0,0.0,100.0,0.0,100.0,0.0,100.0,0.0,100.0,N/A,N/A
er_000889.txt,3.0,3.0,100.0,3.0,100.0,3.0,100.0,3.0,100.0,N/A,N/A
scale_free_000889.txt,1.0,1.0,100.0,1.0,100.0,1.0,100.0,1.0,100.0,N/A,N/A
dag_000890.txt,0.0,0.0,100.0,0.0,100.0,0.0,100.0,0.0,100.0,N/A,N/A
dgrid_000890.txt,0.0,0.0,100.0,0.0,100.0,0.0,100.0,0.0,100.0,N/A,N/A
ego_000890.txt,2.0,2.0,100.0,2.0,100.0,2.0,100.0,2.0,100.0,N/A,N/A
er_000890.txt,7.0,7.0,100.0,7.0,100.0,7.0,100.0,7.0,100.0,N/A,N/A
scale_free_000890.txt,2.0,2.0,100.0,2.0,100.0,2.0,100.0,2.0,100.0,N/A,N/A
dag_000891.txt,0.0,0.0,100.0,0.0,100.0,0.0,100.0,0.0,100.0,N/A,N/A
dgrid_000891.txt,1.0,1.0,100.0,1.0,100.0,1.0,100.0,1.0,100.0,N/A,N/A
ego_000891.txt,18.0,18.0,100.0,18.0,100.0,18.0,100.0,N/A,N/A,N/A,N/A
er_000891.txt,13.0,13.0,100.0,13.0,100.0,13.0,100.0,N/A,N/A,N/A,N/A
scale_free_000891.txt,1.0,1.0,100.0,1.0,100.0,1.0,100.0,1.0,100.0,N/A,N/A
dag_000892.txt,0.0,0.0,100.0,0.0,100.0,0.0,100.0,0.0,100.0,N/A,N/A
dgrid_000892.txt,3.0,3.0,100.0,3.0,100.0,3.0,100.0,3.0,100.0,N/A,N/A
ego_000892.txt,9.0,9.0,100.0,9.0,100.0,9.0,100.0,N/A,N/A,N/A,N/A
er_000892.txt,11.0,11.0,100.0,11.0,100.0,11.0,100.0,N/A,N/A,N/A,N/A
scale_free_000892.txt,2.0,2.0,100.0,2.0,100.0,2.0,100.0,2.0,100.0,N/A,N/A
dag_000893.txt,0.0,0.0,100.0,0.0,100.0,0.0,100.0,0.0,100.0,N/A,N/A
dgrid_000893.txt,3.0,3.0,100.0,3.0,100.0,3.0,100.0,3.0,100.0,N/A,N/A
ego_000893.txt,1.0,1.0,100.0,1.0,100.0,1.0,100.0,1.0,100.0,N/A,N/A
er_000893.txt,1.0,1.0,100.0,1.0,100.0,1.0,100.0,1.0,100.0,N/A,N/A
scale_free_000893.txt,1.0,1.0,100.0,1.0,100.0,1.0,100.0,1.0,100.0,N/A,N/A
dag_000894.txt,0.0,0.0,100.0,0.0,100.0,0.0,100.0,0.0,100.0,N/A,N/A
dgrid_000894.txt,4.0,4.0,100.0,4.0,100.0,4.0,100.0,4.0,100.0,N/A,N/A
ego_000894.txt,0.0,0.0,100.0,0.0,100.0,0.0,100.0,0.0,100.0,N/A,N/A
er_000894.txt,7.0,7.0,100.0,7.0,100.0,7.0,100.0,7.0,100.0,N/A,N/A
scale_free_000894.txt,2.0,2.0,100.0,2.0,100.0,2.0,100.0,2.0,100.0,N/A,N/A
dag_000895.txt,0.0,0.0,100.0,0.0,100.0,0.0,100.0,0.0,100.0,N/A,N/A
dgrid_000895.txt,2.0,2.0,100.0,2.0,100.0,2.0,100.0,2.0,100.0,N/A,N/A
ego_000895.txt,8.0,8.0,100.0,8.0,100.0,8.0,100.0,N/A,N/A,N/A,N/A
er_000895.txt,3.0,3.0,100.0,3.0,100.0,3.0,100.0,3.0,100.0,N/A,N/A
scale_free_000895.txt,1.0,1.0,100.0,1.0,100.0,1.0,100.0,1.0,100.0,N/A,N/A
dag_000896.txt,0.0,0.0,100.0,0.0,100.0,0.0,100.0,0.0,100.0,N/A,N/A
dgrid_000896.txt,1.0,1.0,100.0,1.0,100.0,1.0,100.0,1.0,100.0,N/A,N/A
ego_000896.txt,3.0,3.0,100.0,3.0,100.0,3.0,100.0,3.0,100.0,N/A,N/A
er_000896.txt,2.0,2.0,100.0,2.0,100.0,2.0,100.0,2.0,100.0,N/A,N/A
scale_free_000896.txt,1.0,1.0,100.0,1.0,100.0,1.0,100.0,1.0,100.0,N/A,N/A
dag_000897.txt,0.0,0.0,100.0,0.0,100.0,0.0,100.0,0.0,100.0,N/A,N/A
dgrid_000897.txt,5.0,5.0,100.0,5.0,100.0,5.0,100.0,5.0,100.0,N/A,N/A
ego_000897.txt,0.0,0.0,100.0,0.0,100.0,0.0,100.0,0.0,100.0,N/A,N/A
er_000897.txt,16.0,N/A,N/A,16.0,100.0,16.0,100.0,N/A,N/A,N/A,N/A
scale_free_000897.txt,1.0,1.0,100.0,1.0,100.0,1.0,100.0,1.0,100.0,N/A,N/A
dag_000898.txt,0.0,0.0,100.0,0.0,100.0,0.0,100.0,0.0,100.0,N/A,N/A
dgrid_000898.txt,1.0,1.0,100.0,1.0,100.0,1.0,100.0,1.0,100.0,N/A,N/A
ego_000898.txt,4.0,4.0,100.0,4.0,100.0,4.0,100.0,4.0,100.0,N/A,N/A
er_000898.txt,12.0,N/A,N/A,12.0,100.0,13.0,92.3077,N/A,N/A,N/A,N/A
scale_free_000898.txt,2.0,2.0,100.0,2.0,100.0,2.0,100.0,2.0,100.0,N/A,N/A
dag_000899.txt,0.0,0.0,100.0,0.0,100.0,0.0,100.0,0.0,100.0,N/A,N/A
dgrid_000899.txt,5.0,5.0,100.0,5.0,100.0,5.0,100.0,5.0,100.0,N/A,N/A
ego_000899.txt,6.0,6.0,100.0,6.0,100.0,6.0,100.0,N/A,N/A,N/A,N/A
er_000899.txt,1.0,1.0,100.0,1.0,100.0,1.0,100.0,1.0,100.0,N/A,N/A
scale_free_000899.txt,1.0,1.0,100.0,1.0,100.0,1.0,100.0,1.0,100.0,N/A,N/A
dag_000900.txt,0.0,0.0,100.0,0.0,100.0,0.0,100.0,0.0,100.0,N/A,N/A
dgrid_000900.txt,3.0,3.0,100.0,3.0,100.0,3.0,100.0,3.0,100.0,N/A,N/A
ego_000900.txt,10.0,10.0,100.0,10.0,100.0,10.0,100.0,N/A,N/A,N/A,N/A
er_000900.txt,6.0,6.0,100.0,6.0,100.0,6.0,100.0,6.0,100.0,N/A,N/A
scale_free_000900.txt,2.0,2.0,100.0,2.0,100.0,2.0,100.0,2.0,100.0,N/A,N/A
dag_000901.txt,0.0,0.0,100.0,0.0,100.0,0.0,100.0,0.0,100.0,N/A,N/A
dgrid_000901.txt,3.0,3.0,100.0,3.0,100.0,3.0,100.0,3.0,100.0,N/A,N/A
ego_000901.txt,1.0,1.0,100.0,1.0,100.0,1.0,100.0,1.0,100.0,N/A,N/A
er_000901.txt,6.0,6.0,100.0,6.0,100.0,6.0,100.0,6.0,100.0,N/A,N/A
scale_free_000901.txt,1.0,1.0,100.0,1.0,100.0,1.0,100.0,1.0,100.0,N/A,N/A
dag_000902.txt,0.0,0.0,100.0,0.0,100.0,0.0,100.0,0.0,100.0,N/A,N/A
dgrid_000902.txt,2.0,2.0,100.0,2.0,100.0,2.0,100.0,2.0,100.0,N/A,N/A
ego_000902.txt,4.0,4.0,100.0,4.0,100.0,4.0,100.0,4.0,100.0,N/A,N/A
er_000902.txt,14.0,N/A,N/A,14.0,100.0,14.0,100.0,N/A,N/A,N/A,N/A
scale_free_000902.txt,1.0,1.0,100.0,1.0,100.0,1.0,100.0,1.0,100.0,N/A,N/A
dag_000903.txt,0.0,0.0,100.0,0.0,100.0,0.0,100.0,0.0,100.0,N/A,N/A
dgrid_000903.txt,1.0,1.0,100.0,1.0,100.0,1.0,100.0,1.0,100.0,N/A,N/A
ego_000903.txt,6.0,6.0,100.0,6.0,100.0,6.0,100.0,6.0,100.0,N/A,N/A
er_000903.txt,1.0,1.0,100.0,1.0,100.0,1.0,100.0,1.0,100.0,N/A,N/A
scale_free_000903.txt,1.0,1.0,100.0,1.0,100.0,1.0,100.0,1.0,100.0,N/A,N/A
dag_000904.txt,0.0,0.0,100.0,0.0,100.0,0.0,100.0,0.0,100.0,N/A,N/A
dgrid_000904.txt,0.0,0.0,100.0,0.0,100.0,0.0,100.0,0.0,100.0,N/A,N/A
ego_000904.txt,13.0,13.0,100.0,13.0,100.0,13.0,100.0,N/A,N/A,N/A,N/A
er_000904.txt,10.0,10.0,100.0,10.0,100.0,10.0,100.0,N/A,N/A,N/A,N/A
scale_free_000904.txt,1.0,1.0,100.0,1.0,100.0,1.0,100.0,1.0,100.0,N/A,N/A
dag_000905.txt,0.0,0.0,100.0,0.0,100.0,0.0,100.0,0.0,100.0,N/A,N/A
dgrid_000905.txt,3.0,3.0,100.0,3.0,100.0,3.0,100.0,3.0,100.0,N/A,N/A
ego_000905.txt,0.0,0.0,100.0,0.0,100.0,0.0,100.0,0.0,100.0,N/A,N/A
er_000905.txt,10.0,10.0,100.0,10.0,100.0,11.0,90.9091,N/A,N/A,N/A,N/A
scale_free_000905.txt,1.0,1.0,100.0,1.0,100.0,1.0,100.0,1.0,100.0,N/A,N/A
dag_000906.txt,0.0,0.0,100.0,0.0,100.0,0.0,100.0,0.0,100.0,N/A,N/A
dgrid_000906.txt,2.0,2.0,100.0,2.0,100.0,2.0,100.0,2.0,100.0,N/A,N/A
ego_000906.txt,9.0,9.0,100.0,9.0,100.0,9.0,100.0,N/A,N/A,N/A,N/A
er_000906.txt,3.0,3.0,100.0,3.0,100.0,3.0,100.0,3.0,100.0,N/A,N/A
scale_free_000906.txt,2.0,2.0,100.0,2.0,100.0,2.0,100.0,2.0,100.0,N/A,N/A
dag_000907.txt,0.0,0.0,100.0,0.0,100.0,0.0,100.0,0.0,100.0,N/A,N/A
dgrid_000907.txt,4.0,4.0,100.0,4.0,100.0,4.0,100.0,4.0,100.0,N/A,N/A
ego_000907.txt,2.0,2.0,100.0,2.0,100.0,2.0,100.0,2.0,100.0,N/A,N/A
er_000907.txt,12.0,N/A,N/A,12.0,100.0,12.0,100.0,N/A,N/A,N/A,N/A
scale_free_000907.txt,2.0,2.0,100.0,2.0,100.0,2.0,100.0,2.0,100.0,N/A,N/A
dag_000908.txt,0.0,0.0,100.0,0.0,100.0,0.0,100.0,0.0,100.0,N/A,N/A
dgrid_000908.txt,5.0,5.0,100.0,5.0,100.0,5.0,100.0,5.0,100.0,N/A,N/A
ego_000908.txt,2.0,2.0,100.0,2.0,100.0,2.0,100.0,2.0,100.0,N/A,N/A
er_000908.txt,8.0,8.0,100.0,8.0,100.0,8.0,100.0,N/A,N/A,N/A,N/A
scale_free_000908.txt,2.0,2.0,100.0,2.0,100.0,2.0,100.0,2.0,100.0,N/A,N/A
dag_000909.txt,0.0,0.0,100.0,0.0,100.0,0.0,100.0,0.0,100.0,N/A,N/A
dgrid_000909.txt,0.0,0.0,100.0,0.0,100.0,0.0,100.0,0.0,100.0,N/A,N/A
ego_000909.txt,4.0,4.0,100.0,4.0,100.0,4.0,100.0,4.0,100.0,N/A,N/A
er_000909.txt,12.0,N/A,N/A,12.0,100.0,12.0,100.0,N/A,N/A,N/A,N/A
scale_free_000909.txt,1.0,1.0,100.0,1.0,100.0,1.0,100.0,1.0,100.0,N/A,N/A
dag_000910.txt,0.0,0.0,100.0,0.0,100.0,0.0,100.0,0.0,100.0,N/A,N/A
dgrid_000910.txt,3.0,3.0,100.0,3.0,100.0,3.0,100.0,3.0,100.0,N/A,N/A
ego_000910.txt,1.0,1.0,100.0,1.0,100.0,1.0,100.0,1.0,100.0,N/A,N/A
er_000910.txt,16.0,N/A,N/A,16.0,100.0,16.0,100.0,N/A,N/A,N/A,N/A
scale_free_000910.txt,1.0,1.0,100.0,1.0,100.0,1.0,100.0,1.0,100.0,N/A,N/A
dag_000911.txt,0.0,0.0,100.0,0.0,100.0,0.0,100.0,0.0,100.0,N/A,N/A
dgrid_000911.txt,2.0,2.0,100.0,2.0,100.0,2.0,100.0,2.0,100.0,N/A,N/A
ego_000911.txt,0.0,0.0,100.0,0.0,100.0,0.0,100.0,0.0,100.0,N/A,N/A
er_000911.txt,8.0,8.0,100.0,8.0,100.0,8.0,100.0,8.0,100.0,N/A,N/A
scale_free_000911.txt,1.0,1.0,100.0,1.0,100.0,1.0,100.0,1.0,100.0,N/A,N/A
dag_000912.txt,0.0,0.0,100.0,0.0,100.0,0.0,100.0,0.0,100.0,N/A,N/A
dgrid_000912.txt,0.0,0.0,100.0,0.0,100.0,0.0,100.0,0.0,100.0,N/A,N/A
ego_000912.txt,12.0,12.0,100.0,12.0,100.0,12.0,100.0,N/A,N/A,N/A,N/A
er_000912.txt,5.0,5.0,100.0,5.0,100.0,5.0,100.0,5.0,100.0,N/A,N/A
scale_free_000912.txt,1.0,1.0,100.0,1.0,100.0,1.0,100.0,1.0,100.0,N/A,N/A
dag_000913.txt,0.0,0.0,100.0,0.0,100.0,0.0,100.0,0.0,100.0,N/A,N/A
dgrid_000913.txt,2.0,2.0,100.0,2.0,100.0,2.0,100.0,2.0,100.0,N/A,N/A
ego_000913.txt,3.0,3.0,100.0,3.0,100.0,3.0,100.0,3.0,100.0,N/A,N/A
er_000913.txt,3.0,3.0,100.0,3.0,100.0,3.0,100.0,3.0,100.0,N/A,N/A
scale_free_000913.txt,2.0,2.0,100.0,2.0,100.0,2.0,100.0,2.0,100.0,N/A,N/A
dag_000914.txt,0.0,0.0,100.0,0.0,100.0,0.0,100.0,0.0,100.0,N/A,N/A
dgrid_000914.txt,2.0,2.0,100.0,2.0,100.0,2.0,100.0,2.0,100.0,N/A,N/A
ego_000914.txt,0.0,0.0,100.0,0.0,100.0,0.0,100.0,0.0,100.0,N/A,N/A
er_000914.txt,10.0,N/A,N/A,10.0,100.0,10.0,100.0,N/A,N/A,N/A,N/A
scale_free_000914.txt,1.0,1.0,100.0,1.0,100.0,1.0,100.0,1.0,100.0,N/A,N/A
dag_000915.txt,0.0,0.0,100.0,0.0,100.0,0.0,100.0,0.0,100.0,N/A,N/A
dgrid_000915.txt,2.0,2.0,100.0,2.0,100.0,2.0,100.0,2.0,100.0,N/A,N/A
ego_000915.txt,2.0,2.0,100.0,2.0,100.0,2.0,100.0,2.0,100.0,N/A,N/A
er_000915.txt,14.0,N/A,N/A,14.0,100.0,14.0,100.0,N/A,N/A,N/A,N/A
scale_free_000915.txt,1.0,1.0,100.0,1.0,100.0,1.0,100.0,1.0,100.0,N/A,N/A
dag_000916.txt,0.0,0.0,100.0,0.0,100.0,0.0,100.0,0.0,100.0,N/A,N/A
dgrid_000916.txt,1.0,1.0,100.0,1.0,100.0,1.0,100.0,1.0,100.0,N/A,N/A
ego_000916.txt,4.0,4.0,100.0,4.0,100.0,4.0,100.0,4.0,100.0,N/A,N/A
er_000916.txt,6.0,6.0,100.0,6.0,100.0,6.0,100.0,6.0,100.0,N/A,N/A
scale_free_000916.txt,1.0,1.0,100.0,1.0,100.0,1.0,100.0,1.0,100.0,N/A,N/A
dag_000917.txt,0.0,0.0,100.0,0.0,100.0,0.0,100.0,0.0,100.0,N/A,N/A
dgrid_000917.txt,3.0,3.0,100.0,3.0,100.0,3.0,100.0,3.0,100.0,N/A,N/A
ego_000917.txt,0.0,0.0,100.0,0.0,100.0,0.0,100.0,0.0,100.0,N/A,N/A
er_000917.txt,5.0,5.0,100.0,5.0,100.0,5.0,100.0,5.0,100.0,N/A,N/A
scale_free_000917.txt,2.0,2.0,100.0,2.0,100.0,2.0,100.0,2.0,100.0,N/A,N/A
dag_000918.txt,0.0,0.0,100.0,0.0,100.0,0.0,100.0,0.0,100.0,N/A,N/A
dgrid_000918.txt,1.0,1.0,100.0,1.0,100.0,1.0,100.0,1.0,100.0,N/A,N/A
ego_000918.txt,1.0,1.0,100.0,1.0,100.0,1.0,100.0,1.0,100.0,N/A,N/A
er_000918.txt,5.0,5.0,100.0,5.0,100.0,5.0,100.0,5.0,100.0,N/A,N/A
scale_free_000918.txt,1.0,1.0,100.0,1.0,100.0,1.0,100.0,1.0,100.0,N/A,N/A
dag_000919.txt,0.0,0.0,100.0,0.0,100.0,0.0,100.0,0.0,100.0,N/A,N/A
dgrid_000919.txt,3.0,3.0,100.0,3.0,100.0,3.0,100.0,3.0,100.0,N/A,N/A
ego_000919.txt,15.0,15.0,100.0,15.0,100.0,15.0,100.0,N/A,N/A,N/A,N/A
er_000919.txt,2.0,2.0,100.0,2.0,100.0,2.0,100.0,2.0,100.0,N/A,N/A
scale_free_000919.txt,1.0,1.0,100.0,1.0,100.0,1.0,100.0,1.0,100.0,N/A,N/A
dag_000920.txt,0.0,0.0,100.0,0.0,100.0,0.0,100.0,0.0,100.0,N/A,N/A
dgrid_000920.txt,5.0,5.0,100.0,5.0,100.0,5.0,100.0,5.0,100.0,N/A,N/A
ego_000920.txt,3.0,3.0,100.0,3.0,100.0,3.0,100.0,3.0,100.0,N/A,N/A
er_000920.txt,5.0,5.0,100.0,5.0,100.0,5.0,100.0,5.0,100.0,N/A,N/A
scale_free_000920.txt,1.0,1.0,100.0,1.0,100.0,1.0,100.0,1.0,100.0,N/A,N/A
dag_000921.txt,0.0,0.0,100.0,0.0,100.0,0.0,100.0,0.0,100.0,N/A,N/A
dgrid_000921.txt,2.0,2.0,100.0,2.0,100.0,2.0,100.0,2.0,100.0,N/A,N/A
ego_000921.txt,2.0,2.0,100.0,2.0,100.0,2.0,100.0,2.0,100.0,N/A,N/A
er_000921.txt,8.0,8.0,100.0,8.0,100.0,8.0,100.0,8.0,100.0,N/A,N/A
scale_free_000921.txt,1.0,1.0,100.0,1.0,100.0,1.0,100.0,1.0,100.0,N/A,N/A
dag_000922.txt,0.0,0.0,100.0,0.0,100.0,0.0,100.0,0.0,100.0,N/A,N/A
dgrid_000922.txt,0.0,0.0,100.0,0.0,100.0,0.0,100.0,0.0,100.0,N/A,N/A
ego_000922.txt,2.0,2.0,100.0,2.0,100.0,2.0,100.0,2.0,100.0,N/A,N/A
er_000922.txt,5.0,5.0,100.0,5.0,100.0,5.0,100.0,5.0,100.0,N/A,N/A
scale_free_000922.txt,1.0,1.0,100.0,1.0,100.0,1.0,100.0,1.0,100.0,N/A,N/A
dag_000923.txt,0.0,0.0,100.0,0.0,100.0,0.0,100.0,0.0,100.0,N/A,N/A
dgrid_000923.txt,5.0,5.0,100.0,5.0,100.0,5.0,100.0,5.0,100.0,N/A,N/A
ego_000923.txt,10.0,10.0,100.0,10.0,100.0,10.0,100.0,N/A,N/A,N/A,N/A
er_000923.txt,5.0,5.0,100.0,5.0,100.0,5.0,100.0,5.0,100.0,N/A,N/A
scale_free_000923.txt,1.0,1.0,100.0,1.0,100.0,1.0,100.0,1.0,100.0,N/A,N/A
dag_000924.txt,0.0,0.0,100.0,0.0,100.0,0.0,100.0,0.0,100.0,N/A,N/A
dgrid_000924.txt,2.0,2.0,100.0,2.0,100.0,2.0,100.0,2.0,100.0,N/A,N/A
ego_000924.txt,1.0,1.0,100.0,1.0,100.0,1.0,100.0,1.0,100.0,N/A,N/A
er_000924.txt,9.0,9.0,100.0,9.0,100.0,9.0,100.0,N/A,N/A,N/A,N/A
scale_free_000924.txt,2.0,2.0,100.0,2.0,100.0,2.0,100.0,2.0,100.0,N/A,N/A
dag_000925.txt,0.0,0.0,100.0,0.0,100.0,0.0,100.0,0.0,100.0,N/A,N/A
dgrid_000925.txt,1.0,1.0,100.0,1.0,100.0,1.0,100.0,1.0,100.0,N/A,N/A
ego_000925.txt,1.0,1.0,100.0,1.0,100.0,1.0,100.0,1.0,100.0,N/A,N/A
er_000925.txt,16.0,N/A,N/A,16.0,100.0,16.0,100.0,N/A,N/A,N/A,N/A
scale_free_000925.txt,1.0,1.0,100.0,1.0,100.0,1.0,100.0,1.0,100.0,N/A,N/A
dag_000926.txt,0.0,0.0,100.0,0.0,100.0,0.0,100.0,0.0,100.0,N/A,N/A
dgrid_000926.txt,2.0,2.0,100.0,2.0,100.0,2.0,100.0,2.0,100.0,N/A,N/A
ego_000926.txt,7.0,7.0,100.0,7.0,100.0,7.0,100.0,7.0,100.0,N/A,N/A
er_000926.txt,11.0,11.0,100.0,11.0,100.0,11.0,100.0,N/A,N/A,N/A,N/A
scale_free_000926.txt,1.0,1.0,100.0,1.0,100.0,1.0,100.0,1.0,100.0,N/A,N/A
dag_000927.txt,0.0,0.0,100.0,0.0,100.0,0.0,100.0,0.0,100.0,N/A,N/A
dgrid_000927.txt,1.0,1.0,100.0,1.0,100.0,1.0,100.0,1.0,100.0,N/A,N/A
ego_000927.txt,2.0,2.0,100.0,2.0,100.0,2.0,100.0,2.0,100.0,N/A,N/A
er_000927.txt,13.0,N/A,N/A,13.0,100.0,13.0,100.0,N/A,N/A,N/A,N/A
scale_free_000927.txt,2.0,2.0,100.0,2.0,100.0,2.0,100.0,2.0,100.0,N/A,N/A
dag_000928.txt,0.0,0.0,100.0,0.0,100.0,0.0,100.0,0.0,100.0,N/A,N/A
dgrid_000928.txt,2.0,2.0,100.0,2.0,100.0,2.0,100.0,2.0,100.0,N/A,N/A
ego_000928.txt,0.0,0.0,100.0,0.0,100.0,0.0,100.0,0.0,100.0,N/A,N/A
er_000928.txt,9.0,9.0,100.0,9.0,100.0,9.0,100.0,N/A,N/A,N/A,N/A
scale_free_000928.txt,1.0,1.0,100.0,1.0,100.0,1.0,100.0,1.0,100.0,N/A,N/A
dag_000929.txt,0.0,0.0,100.0,0.0,100.0,0.0,100.0,0.0,100.0,N/A,N/A
dgrid_000929.txt,1.0,1.0,100.0,1.0,100.0,1.0,100.0,1.0,100.0,N/A,N/A
ego_000929.txt,9.0,9.0,100.0,9.0,100.0,9.0,100.0,N/A,N/A,N/A,N/A
er_000929.txt,19.0,N/A,N/A,19.0,100.0,19.0,100.0,N/A,N/A,N/A,N/A
scale_free_000929.txt,1.0,1.0,100.0,1.0,100.0,1.0,100.0,1.0,100.0,N/A,N/A
dag_000930.txt,0.0,0.0,100.0,0.0,100.0,0.0,100.0,0.0,100.0,N/A,N/A
dgrid_000930.txt,3.0,3.0,100.0,3.0,100.0,3.0,100.0,3.0,100.0,N/A,N/A
ego_000930.txt,2.0,2.0,100.0,2.0,100.0,2.0,100.0,2.0,100.0,N/A,N/A
er_000930.txt,15.0,N/A,N/A,15.0,100.0,15.0,100.0,N/A,N/A,N/A,N/A
scale_free_000930.txt,2.0,2.0,100.0,2.0,100.0,2.0,100.0,2.0,100.0,N/A,N/A
dag_000931.txt,0.0,0.0,100.0,0.0,100.0,0.0,100.0,0.0,100.0,N/A,N/A
dgrid_000931.txt,4.0,4.0,100.0,4.0,100.0,4.0,100.0,4.0,100.0,N/A,N/A
ego_000931.txt,9.0,9.0,100.0,9.0,100.0,9.0,100.0,9.0,100.0,N/A,N/A
er_000931.txt,2.0,2.0,100.0,2.0,100.0,2.0,100.0,2.0,100.0,N/A,N/A
scale_free_000931.txt,1.0,1.0,100.0,1.0,100.0,1.0,100.0,1.0,100.0,N/A,N/A
dag_000932.txt,0.0,0.0,100.0,0.0,100.0,0.0,100.0,0.0,100.0,N/A,N/A
dgrid_000932.txt,4.0,4.0,100.0,4.0,100.0,4.0,100.0,4.0,100.0,N/A,N/A
ego_000932.txt,6.0,6.0,100.0,6.0,100.0,6.0,100.0,6.0,100.0,N/A,N/A
er_000932.txt,10.0,10.0,100.0,10.0,100.0,10.0,100.0,10.0,100.0,N/A,N/A
scale_free_000932.txt,3.0,3.0,100.0,3.0,100.0,3.0,100.0,3.0,100.0,N/A,N/A
dag_000933.txt,0.0,0.0,100.0,0.0,100.0,0.0,100.0,0.0,100.0,N/A,N/A
dgrid_000933.txt,1.0,1.0,100.0,1.0,100.0,1.0,100.0,1.0,100.0,N/A,N/A
ego_000933.txt,0.0,0.0,100.0,0.0,100.0,0.0,100.0,0.0,100.0,N/A,N/A
er_000933.txt,2.0,2.0,100.0,2.0,100.0,2.0,100.0,2.0,100.0,N/A,N/A
scale_free_000933.txt,1.0,1.0,100.0,1.0,100.0,1.0,100.0,1.0,100.0,N/A,N/A
dag_000934.txt,0.0,0.0,100.0,0.0,100.0,0.0,100.0,0.0,100.0,N/A,N/A
dgrid_000934.txt,1.0,1.0,100.0,1.0,100.0,1.0,100.0,1.0,100.0,N/A,N/A
ego_000934.txt,8.0,8.0,100.0,8.0,100.0,8.0,100.0,8.0,100.0,N/A,N/A
er_000934.txt,9.0,9.0,100.0,9.0,100.0,9.0,100.0,N/A,N/A,N/A,N/A
scale_free_000934.txt,2.0,2.0,100.0,2.0,100.0,2.0,100.0,2.0,100.0,N/A,N/A
dag_000935.txt,0.0,0.0,100.0,0.0,100.0,0.0,100.0,0.0,100.0,N/A,N/A
dgrid_000935.txt,2.0,2.0,100.0,2.0,100.0,2.0,100.0,2.0,100.0,N/A,N/A
ego_000935.txt,1.0,1.0,100.0,1.0,100.0,1.0,100.0,1.0,100.0,N/A,N/A
er_000935.txt,13.0,N/A,N/A,13.0,100.0,13.0,100.0,N/A,N/A,N/A,N/A
scale_free_000935.txt,2.0,2.0,100.0,2.0,100.0,2.0,100.0,2.0,100.0,N/A,N/A
dag_000936.txt,0.0,0.0,100.0,0.0,100.0,0.0,100.0,0.0,100.0,N/A,N/A
dgrid_000936.txt,4.0,4.0,100.0,4.0,100.0,4.0,100.0,4.0,100.0,N/A,N/A
ego_000936.txt,4.0,4.0,100.0,4.0,100.0,4.0,100.0,4.0,100.0,N/A,N/A
er_000936.txt,3.0,3.0,100.0,3.0,100.0,3.0,100.0,3.0,100.0,N/A,N/A
scale_free_000936.txt,1.0,1.0,100.0,1.0,100.0,1.0,100.0,1.0,100.0,N/A,N/A
dag_000937.txt,0.0,0.0,100.0,0.0,100.0,0.0,100.0,0.0,100.0,N/A,N/A
dgrid_000937.txt,1.0,1.0,100.0,1.0,100.0,1.0,100.0,1.0,100.0,N/A,N/A
ego_000937.txt,3.0,3.0,100.0,3.0,100.0,3.0,100.0,3.0,100.0,N/A,N/A
er_000937.txt,11.0,N/A,N/A,11.0,100.0,11.0,100.0,N/A,N/A,N/A,N/A
scale_free_000937.txt,1.0,1.0,100.0,1.0,100.0,1.0,100.0,1.0,100.0,N/A,N/A
dag_000938.txt,0.0,0.0,100.0,0.0,100.0,0.0,100.0,0.0,100.0,N/A,N/A
dgrid_000938.txt,2.0,2.0,100.0,2.0,100.0,2.0,100.0,2.0,100.0,N/A,N/A
ego_000938.txt,0.0,0.0,100.0,0.0,100.0,0.0,100.0,0.0,100.0,N/A,N/A
er_000938.txt,3.0,3.0,100.0,3.0,100.0,3.0,100.0,3.0,100.0,N/A,N/A
scale_free_000938.txt,2.0,2.0,100.0,2.0,100.0,2.0,100.0,2.0,100.0,N/A,N/A
dag_000939.txt,0.0,0.0,100.0,0.0,100.0,0.0,100.0,0.0,100.0,N/A,N/A
dgrid_000939.txt,2.0,2.0,100.0,2.0,100.0,2.0,100.0,2.0,100.0,N/A,N/A
ego_000939.txt,1.0,1.0,100.0,1.0,100.0,1.0,100.0,1.0,100.0,N/A,N/A
er_000939.txt,6.0,6.0,100.0,6.0,100.0,6.0,100.0,6.0,100.0,N/A,N/A
scale_free_000939.txt,1.0,1.0,100.0,1.0,100.0,1.0,100.0,1.0,100.0,N/A,N/A
dag_000940.txt,0.0,0.0,100.0,0.0,100.0,0.0,100.0,0.0,100.0,N/A,N/A
dgrid_000940.txt,4.0,4.0,100.0,4.0,100.0,4.0,100.0,4.0,100.0,N/A,N/A
ego_000940.txt,1.0,1.0,100.0,1.0,100.0,1.0,100.0,1.0,100.0,N/A,N/A
er_000940.txt,9.0,9.0,100.0,9.0,100.0,9.0,100.0,N/A,N/A,N/A,N/A
scale_free_000940.txt,2.0,2.0,100.0,2.0,100.0,2.0,100.0,2.0,100.0,N/A,N/A
dag_000941.txt,0.0,0.0,100.0,0.0,100.0,0.0,100.0,0.0,100.0,N/A,N/A
dgrid_000941.txt,2.0,2.0,100.0,2.0,100.0,2.0,100.0,2.0,100.0,N/A,N/A
ego_000941.txt,4.0,4.0,100.0,4.0,100.0,4.0,100.0,4.0,100.0,N/A,N/A
er_000941.txt,17.0,N/A,N/A,17.0,100.0,17.0,100.0,N/A,N/A,N/A,N/A
scale_free_000941.txt,1.0,1.0,100.0,1.0,100.0,1.0,100.0,1.0,100.0,N/A,N/A
dag_000942.txt,0.0,0.0,100.0,0.0,100.0,0.0,100.0,0.0,100.0,N/A,N/A
dgrid_000942.txt,5.0,5.0,100.0,5.0,100.0,5.0,100.0,5.0,100.0,N/A,N/A
ego_000942.txt,0.0,0.0,100.0,0.0,100.0,0.0,100.0,0.0,100.0,N/A,N/A
er_000942.txt,15.0,N/A,N/A,15.0,100.0,15.0,100.0,N/A,N/A,N/A,N/A
scale_free_000942.txt,1.0,1.0,100.0,1.0,100.0,1.0,100.0,1.0,100.0,N/A,N/A
dag_000943.txt,0.0,0.0,100.0,0.0,100.0,0.0,100.0,0.0,100.0,N/A,N/A
dgrid_000943.txt,1.0,1.0,100.0,1.0,100.0,1.0,100.0,1.0,100.0,N/A,N/A
ego_000943.txt,5.0,5.0,100.0,5.0,100.0,5.0,100.0,5.0,100.0,N/A,N/A
er_000943.txt,7.0,7.0,100.0,7.0,100.0,7.0,100.0,7.0,100.0,N/A,N/A
scale_free_000943.txt,1.0,1.0,100.0,1.0,100.0,1.0,100.0,1.0,100.0,N/A,N/A
dag_000944.txt,0.0,0.0,100.0,0.0,100.0,0.0,100.0,0.0,100.0,N/A,N/A
dgrid_000944.txt,0.0,0.0,100.0,0.0,100.0,0.0,100.0,0.0,100.0,N/A,N/A
ego_000944.txt,10.0,10.0,100.0,10.0,100.0,10.0,100.0,N/A,N/A,N/A,N/A
er_000944.txt,16.0,N/A,N/A,16.0,100.0,16.0,100.0,N/A,N/A,N/A,N/A
scale_free_000944.txt,2.0,2.0,100.0,2.0,100.0,2.0,100.0,2.0,100.0,N/A,N/A
dag_000945.txt,0.0,0.0,100.0,0.0,100.0,0.0,100.0,0.0,100.0,N/A,N/A
dgrid_000945.txt,2.0,2.0,100.0,2.0,100.0,2.0,100.0,2.0,100.0,N/A,N/A
ego_000945.txt,8.0,8.0,100.0,8.0,100.0,8.0,100.0,8.0,100.0,N/A,N/A
er_000945.txt,2.0,2.0,100.0,2.0,100.0,2.0,100.0,2.0,100.0,N/A,N/A
scale_free_000945.txt,1.0,1.0,100.0,1.0,100.0,1.0,100.0,1.0,100.0,N/A,N/A
dag_000946.txt,0.0,0.0,100.0,0.0,100.0,0.0,100.0,0.0,100.0,N/A,N/A
dgrid_000946.txt,3.0,3.0,100.0,3.0,100.0,3.0,100.0,3.0,100.0,N/A,N/A
ego_000946.txt,7.0,7.0,100.0,7.0,100.0,7.0,100.0,7.0,100.0,N/A,N/A
er_000946.txt,12.0,12.0,100.0,12.0,100.0,12.0,100.0,N/A,N/A,N/A,N/A
scale_free_000946.txt,1.0,1.0,100.0,1.0,100.0,1.0,100.0,1.0,100.0,N/A,N/A
dag_000947.txt,0.0,0.0,100.0,0.0,100.0,0.0,100.0,0.0,100.0,N/A,N/A
dgrid_000947.txt,2.0,2.0,100.0,2.0,100.0,2.0,100.0,2.0,100.0,N/A,N/A
ego_000947.txt,0.0,0.0,100.0,0.0,100.0,0.0,100.0,0.0,100.0,N/A,N/A
er_000947.txt,11.0,N/A,N/A,11.0,100.0,11.0,100.0,N/A,N/A,N/A,N/A
scale_free_000947.txt,2.0,2.0,100.0,2.0,100.0,2.0,100.0,2.0,100.0,N/A,N/A
dag_000948.txt,0.0,0.0,100.0,0.0,100.0,0.0,100.0,0.0,100.0,N/A,N/A
dgrid_000948.txt,1.0,1.0,100.0,1.0,100.0,1.0,100.0,1.0,100.0,N/A,N/A
ego_000948.txt,7.0,7.0,100.0,7.0,100.0,7.0,100.0,7.0,100.0,N/A,N/A
er_000948.txt,6.0,6.0,100.0,6.0,100.0,6.0,100.0,6.0,100.0,N/A,N/A
scale_free_000948.txt,1.0,1.0,100.0,1.0,100.0,1.0,100.0,1.0,100.0,N/A,N/A
dag_000949.txt,0.0,0.0,100.0,0.0,100.0,0.0,100.0,0.0,100.0,N/A,N/A
dgrid_000949.txt,3.0,3.0,100.0,3.0,100.0,3.0,100.0,3.0,100.0,N/A,N/A
ego_000949.txt,10.0,10.0,100.0,10.0,100.0,10.0,100.0,N/A,N/A,N/A,N/A
er_000949.txt,12.0,N/A,N/A,12.0,100.0,12.0,100.0,N/A,N/A,N/A,N/A
scale_free_000949.txt,1.0,1.0,100.0,1.0,100.0,1.0,100.0,1.0,100.0,N/A,N/A
dag_000950.txt,0.0,0.0,100.0,0.0,100.0,0.0,100.0,0.0,100.0,N/A,N/A
dgrid_000950.txt,2.0,2.0,100.0,2.0,100.0,2.0,100.0,2.0,100.0,N/A,N/A
ego_000950.txt,4.0,4.0,100.0,4.0,100.0,4.0,100.0,4.0,100.0,N/A,N/A
er_000950.txt,1.0,1.0,100.0,1.0,100.0,1.0,100.0,1.0,100.0,N/A,N/A
scale_free_000950.txt,2.0,2.0,100.0,2.0,100.0,2.0,100.0,2.0,100.0,N/A,N/A
dag_000951.txt,0.0,0.0,100.0,0.0,100.0,0.0,100.0,0.0,100.0,N/A,N/A
dgrid_000951.txt,5.0,5.0,100.0,5.0,100.0,5.0,100.0,5.0,100.0,N/A,N/A
ego_000951.txt,2.0,2.0,100.0,2.0,100.0,2.0,100.0,2.0,100.0,N/A,N/A
er_000951.txt,8.0,8.0,100.0,8.0,100.0,8.0,100.0,N/A,N/A,N/A,N/A
scale_free_000951.txt,1.0,1.0,100.0,1.0,100.0,1.0,100.0,1.0,100.0,N/A,N/A
dag_000952.txt,0.0,0.0,100.0,0.0,100.0,0.0,100.0,0.0,100.0,N/A,N/A
dgrid_000952.txt,4.0,4.0,100.0,4.0,100.0,4.0,100.0,4.0,100.0,N/A,N/A
ego_000952.txt,5.0,5.0,100.0,5.0,100.0,5.0,100.0,5.0,100.0,N/A,N/A
er_000952.txt,1.0,1.0,100.0,1.0,100.0,1.0,100.0,1.0,100.0,N/A,N/A
scale_free_000952.txt,2.0,2.0,100.0,2.0,100.0,2.0,100.0,2.0,100.0,N/A,N/A
dag_000953.txt,0.0,0.0,100.0,0.0,100.0,0.0,100.0,0.0,100.0,N/A,N/A
dgrid_000953.txt,2.0,2.0,100.0,2.0,100.0,2.0,100.0,2.0,100.0,N/A,N/A
ego_000953.txt,5.0,5.0,100.0,5.0,100.0,5.0,100.0,5.0,100.0,N/A,N/A
er_000953.txt,8.0,8.0,100.0,8.0,100.0,8.0,100.0,8.0,100.0,N/A,N/A
scale_free_000953.txt,1.0,1.0,100.0,1.0,100.0,1.0,100.0,1.0,100.0,N/A,N/A
dag_000954.txt,0.0,0.0,100.0,0.0,100.0,0.0,100.0,0.0,100.0,N/A,N/A
dgrid_000954.txt,0.0,0.0,100.0,0.0,100.0,0.0,100.0,0.0,100.0,N/A,N/A
ego_000954.txt,6.0,6.0,100.0,6.0,100.0,6.0,100.0,6.0,100.0,N/A,N/A
er_000954.txt,5.0,5.0,100.0,5.0,100.0,5.0,100.0,5.0,100.0,N/A,N/A
scale_free_000954.txt,2.0,2.0,100.0,2.0,100.0,2.0,100.0,2.0,100.0,N/A,N/A
dag_000955.txt,0.0,0.0,100.0,0.0,100.0,0.0,100.0,0.0,100.0,N/A,N/A
dgrid_000955.txt,2.0,2.0,100.0,2.0,100.0,2.0,100.0,2.0,100.0,N/A,N/A
ego_000955.txt,7.0,7.0,100.0,7.0,100.0,7.0,100.0,N/A,N/A,N/A,N/A
er_000955.txt,11.0,11.0,100.0,11.0,100.0,12.0,91.6667,N/A,N/A,N/A,N/A
scale_free_000955.txt,1.0,1.0,100.0,1.0,100.0,1.0,100.0,1.0,100.0,N/A,N/A
dag_000956.txt,0.0,0.0,100.0,0.0,100.0,0.0,100.0,0.0,100.0,N/A,N/A
dgrid_000956.txt,2.0,2.0,100.0,2.0,100.0,2.0,100.0,2.0,100.0,N/A,N/A
ego_000956.txt,6.0,6.0,100.0,6.0,100.0,6.0,100.0,6.0,100.0,N/A,N/A
er_000956.txt,1.0,1.0,100.0,1.0,100.0,1.0,100.0,1.0,100.0,N/A,N/A
scale_free_000956.txt,2.0,2.0,100.0,2.0,100.0,2.0,100.0,2.0,100.0,N/A,N/A
dag_000957.txt,0.0,0.0,100.0,0.0,100.0,0.0,100.0,0.0,100.0,N/A,N/A
dgrid_000957.txt,2.0,2.0,100.0,2.0,100.0,2.0,100.0,2.0,100.0,N/A,N/A
ego_000957.txt,4.0,4.0,100.0,4.0,100.0,4.0,100.0,4.0,100.0,N/A,N/A
er_000957.txt,12.0,N/A,N/A,12.0,100.0,12.0,100.0,N/A,N/A,N/A,N/A
scale_free_000957.txt,1.0,1.0,100.0,1.0,100.0,1.0,100.0,1.0,100.0,N/A,N/A
dag_000958.txt,0.0,0.0,100.0,0.0,100.0,0.0,100.0,0.0,100.0,N/A,N/A
dgrid_000958.txt,2.0,2.0,100.0,2.0,100.0,2.0,100.0,2.0,100.0,N/A,N/A
ego_000958.txt,7.0,7.0,100.0,7.0,100.0,7.0,100.0,7.0,100.0,N/A,N/A
er_000958.txt,5.0,5.0,100.0,5.0,100.0,5.0,100.0,5.0,100.0,N/A,N/A
scale_free_000958.txt,1.0,1.0,100.0,1.0,100.0,1.0,100.0,1.0,100.0,N/A,N/A
dag_000959.txt,0.0,0.0,100.0,0.0,100.0,0.0,100.0,0.0,100.0,N/A,N/A
dgrid_000959.txt,5.0,5.0,100.0,5.0,100.0,5.0,100.0,5.0,100.0,N/A,N/A
ego_000959.txt,15.0,15.0,100.0,15.0,100.0,15.0,100.0,N/A,N/A,N/A,N/A
er_000959.txt,3.0,3.0,100.0,3.0,100.0,3.0,100.0,3.0,100.0,N/A,N/A
scale_free_000959.txt,2.0,2.0,100.0,2.0,100.0,2.0,100.0,2.0,100.0,N/A,N/A
dag_000960.txt,0.0,0.0,100.0,0.0,100.0,0.0,100.0,0.0,100.0,N/A,N/A
dgrid_000960.txt,5.0,5.0,100.0,5.0,100.0,5.0,100.0,5.0,100.0,N/A,N/A
ego_000960.txt,2.0,2.0,100.0,2.0,100.0,2.0,100.0,2.0,100.0,N/A,N/A
er_000960.txt,13.0,N/A,N/A,13.0,100.0,13.0,100.0,N/A,N/A,N/A,N/A
scale_free_000960.txt,1.0,1.0,100.0,1.0,100.0,1.0,100.0,1.0,100.0,N/A,N/A
dag_000961.txt,0.0,0.0,100.0,0.0,100.0,0.0,100.0,0.0,100.0,N/A,N/A
dgrid_000961.txt,4.0,4.0,100.0,4.0,100.0,4.0,100.0,4.0,100.0,N/A,N/A
ego_000961.txt,4.0,4.0,100.0,4.0,100.0,4.0,100.0,4.0,100.0,N/A,N/A
er_000961.txt,2.0,2.0,100.0,2.0,100.0,2.0,100.0,2.0,100.0,N/A,N/A
scale_free_000961.txt,1.0,1.0,100.0,1.0,100.0,1.0,100.0,1.0,100.0,N/A,N/A
dag_000962.txt,0.0,0.0,100.0,0.0,100.0,0.0,100.0,0.0,100.0,N/A,N/A
dgrid_000962.txt,1.0,1.0,100.0,1.0,100.0,1.0,100.0,1.0,100.0,N/A,N/A
ego_000962.txt,4.0,4.0,100.0,4.0,100.0,4.0,100.0,4.0,100.0,N/A,N/A
er_000962.txt,12.0,12.0,100.0,12.0,100.0,12.0,100.0,N/A,N/A,N/A,N/A
scale_free_000962.txt,1.0,1.0,100.0,1.0,100.0,1.0,100.0,1.0,100.0,N/A,N/A
dag_000963.txt,0.0,0.0,100.0,0.0,100.0,0.0,100.0,0.0,100.0,N/A,N/A
dgrid_000963.txt,3.0,3.0,100.0,3.0,100.0,3.0,100.0,3.0,100.0,N/A,N/A
ego_000963.txt,16.0,16.0,100.0,16.0,100.0,16.0,100.0,N/A,N/A,N/A,N/A
er_000963.txt,4.0,4.0,100.0,4.0,100.0,4.0,100.0,4.0,100.0,N/A,N/A
scale_free_000963.txt,2.0,2.0,100.0,2.0,100.0,2.0,100.0,2.0,100.0,N/A,N/A
dag_000964.txt,0.0,0.0,100.0,0.0,100.0,0.0,100.0,0.0,100.0,N/A,N/A
dgrid_000964.txt,1.0,1.0,100.0,1.0,100.0,1.0,100.0,1.0,100.0,N/A,N/A
ego_000964.txt,2.0,2.0,100.0,2.0,100.0,2.0,100.0,2.0,100.0,N/A,N/A
er_000964.txt,6.0,6.0,100.0,6.0,100.0,6.0,100.0,6.0,100.0,N/A,N/A
scale_free_000964.txt,1.0,1.0,100.0,1.0,100.0,1.0,100.0,1.0,100.0,N/A,N/A
dag_000965.txt,0.0,0.0,100.0,0.0,100.0,0.0,100.0,0.0,100.0,N/A,N/A
dgrid_000965.txt,1.0,1.0,100.0,1.0,100.0,1.0,100.0,1.0,100.0,N/A,N/A
ego_000965.txt,0.0,0.0,100.0,0.0,100.0,0.0,100.0,0.0,100.0,N/A,N/A
er_000965.txt,2.0,2.0,100.0,2.0,100.0,2.0,100.0,2.0,100.0,N/A,N/A
scale_free_000965.txt,2.0,2.0,100.0,2.0,100.0,2.0,100.0,2.0,100.0,N/A,N/A
dag_000966.txt,0.0,0.0,100.0,0.0,100.0,0.0,100.0,0.0,100.0,N/A,N/A
dgrid_000966.txt,0.0,0.0,100.0,0.0,100.0,0.0,100.0,0.0,100.0,N/A,N/A
ego_000966.txt,11.0,11.0,100.0,11.0,100.0,11.0,100.0,N/A,N/A,N/A,N/A
er_000966.txt,7.0,7.0,100.0,7.0,100.0,7.0,100.0,7.0,100.0,N/A,N/A
scale_free_000966.txt,1.0,1.0,100.0,1.0,100.0,1.0,100.0,1.0,100.0,N/A,N/A
dag_000967.txt,0.0,0.0,100.0,0.0,100.0,0.0,100.0,0.0,100.0,N/A,N/A
dgrid_000967.txt,0.0,0.0,100.0,0.0,100.0,0.0,100.0,0.0,100.0,N/A,N/A
ego_000967.txt,13.0,13.0,100.0,13.0,100.0,13.0,100.0,N/A,N/A,N/A,N/A
er_000967.txt,8.0,8.0,100.0,8.0,100.0,8.0,100.0,8.0,100.0,N/A,N/A
scale_free_000967.txt,2.0,2.0,100.0,2.0,100.0,2.0,100.0,2.0,100.0,N/A,N/A
dag_000968.txt,0.0,0.0,100.0,0.0,100.0,0.0,100.0,0.0,100.0,N/A,N/A
dgrid_000968.txt,0.0,0.0,100.0,0.0,100.0,0.0,100.0,0.0,100.0,N/A,N/A
ego_000968.txt,0.0,0.0,100.0,0.0,100.0,0.0,100.0,0.0,100.0,N/A,N/A
er_000968.txt,8.0,8.0,100.0,8.0,100.0,8.0,100.0,8.0,100.0,N/A,N/A
scale_free_000968.txt,1.0,1.0,100.0,1.0,100.0,1.0,100.0,1.0,100.0,N/A,N/A
dag_000969.txt,0.0,0.0,100.0,0.0,100.0,0.0,100.0,0.0,100.0,N/A,N/A
dgrid_000969.txt,1.0,1.0,100.0,1.0,100.0,1.0,100.0,1.0,100.0,N/A,N/A
ego_000969.txt,13.0,13.0,100.0,13.0,100.0,13.0,100.0,N/A,N/A,N/A,N/A
er_000969.txt,4.0,4.0,100.0,4.0,100.0,4.0,100.0,4.0,100.0,N/A,N/A
scale_free_000969.txt,2.0,2.0,100.0,2.0,100.0,2.0,100.0,2.0,100.0,N/A,N/A
dag_000970.txt,0.0,0.0,100.0,0.0,100.0,0.0,100.0,0.0,100.0,N/A,N/A
dgrid_000970.txt,4.0,4.0,100.0,4.0,100.0,4.0,100.0,4.0,100.0,N/A,N/A
ego_000970.txt,5.0,5.0,100.0,5.0,100.0,5.0,100.0,5.0,100.0,N/A,N/A
er_000970.txt,8.0,8.0,100.0,8.0,100.0,8.0,100.0,8.0,100.0,N/A,N/A
scale_free_000970.txt,1.0,1.0,100.0,1.0,100.0,1.0,100.0,1.0,100.0,N/A,N/A
dag_000971.txt,0.0,0.0,100.0,0.0,100.0,0.0,100.0,0.0,100.0,N/A,N/A
dgrid_000971.txt,5.0,5.0,100.0,5.0,100.0,5.0,100.0,5.0,100.0,N/A,N/A
ego_000971.txt,9.0,9.0,100.0,9.0,100.0,9.0,100.0,N/A,N/A,N/A,N/A
er_000971.txt,12.0,N/A,N/A,12.0,100.0,12.0,100.0,N/A,N/A,N/A,N/A
scale_free_000971.txt,1.0,1.0,100.0,1.0,100.0,1.0,100.0,1.0,100.0,N/A,N/A
dag_000972.txt,0.0,0.0,100.0,0.0,100.0,0.0,100.0,0.0,100.0,N/A,N/A
dgrid_000972.txt,1.0,1.0,100.0,1.0,100.0,1.0,100.0,1.0,100.0,N/A,N/A
ego_000972.txt,0.0,0.0,100.0,0.0,100.0,0.0,100.0,0.0,100.0,N/A,N/A
er_000972.txt,13.0,N/A,N/A,13.0,100.0,13.0,100.0,N/A,N/A,N/A,N/A
scale_free_000972.txt,1.0,1.0,100.0,1.0,100.0,1.0,100.0,1.0,100.0,N/A,N/A
dag_000973.txt,0.0,0.0,100.0,0.0,100.0,0.0,100.0,0.0,100.0,N/A,N/A
dgrid_000973.txt,1.0,1.0,100.0,1.0,100.0,1.0,100.0,1.0,100.0,N/A,N/A
ego_000973.txt,0.0,0.0,100.0,0.0,100.0,0.0,100.0,0.0,100.0,N/A,N/A
er_000973.txt,10.0,10.0,100.0,10.0,100.0,10.0,100.0,10.0,100.0,N/A,N/A
scale_free_000973.txt,1.0,1.0,100.0,1.0,100.0,1.0,100.0,1.0,100.0,N/A,N/A
dag_000974.txt,0.0,0.0,100.0,0.0,100.0,0.0,100.0,0.0,100.0,N/A,N/A
dgrid_000974.txt,1.0,1.0,100.0,1.0,100.0,1.0,100.0,1.0,100.0,N/A,N/A
ego_000974.txt,0.0,0.0,100.0,0.0,100.0,0.0,100.0,0.0,100.0,N/A,N/A
er_000974.txt,16.0,N/A,N/A,16.0,100.0,16.0,100.0,N/A,N/A,N/A,N/A
scale_free_000974.txt,1.0,1.0,100.0,1.0,100.0,1.0,100.0,1.0,100.0,N/A,N/A
dag_000975.txt,0.0,0.0,100.0,0.0,100.0,0.0,100.0,0.0,100.0,N/A,N/A
dgrid_000975.txt,1.0,1.0,100.0,1.0,100.0,1.0,100.0,1.0,100.0,N/A,N/A
ego_000975.txt,13.0,13.0,100.0,13.0,100.0,13.0,100.0,N/A,N/A,N/A,N/A
er_000975.txt,3.0,3.0,100.0,3.0,100.0,3.0,100.0,3.0,100.0,N/A,N/A
scale_free_000975.txt,1.0,1.0,100.0,1.0,100.0,1.0,100.0,1.0,100.0,N/A,N/A
dag_000976.txt,0.0,0.0,100.0,0.0,100.0,0.0,100.0,0.0,100.0,N/A,N/A
dgrid_000976.txt,5.0,5.0,100.0,5.0,100.0,5.0,100.0,5.0,100.0,N/A,N/A
ego_000976.txt,9.0,9.0,100.0,9.0,100.0,9.0,100.0,9.0,100.0,N/A,N/A
er_000976.txt,14.0,N/A,N/A,14.0,100.0,14.0,100.0,N/A,N/A,N/A,N/A
scale_free_000976.txt,1.0,1.0,100.0,1.0,100.0,1.0,100.0,1.0,100.0,N/A,N/A
dag_000977.txt,0.0,0.0,100.0,0.0,100.0,0.0,100.0,0.0,100.0,N/A,N/A
dgrid_000977.txt,2.0,2.0,100.0,2.0,100.0,2.0,100.0,2.0,100.0,N/A,N/A
ego_000977.txt,1.0,1.0,100.0,1.0,100.0,1.0,100.0,1.0,100.0,N/A,N/A
er_000977.txt,10.0,10.0,100.0,10.0,100.0,10.0,100.0,N/A,N/A,N/A,N/A
scale_free_000977.txt,2.0,2.0,100.0,2.0,100.0,2.0,100.0,2.0,100.0,N/A,N/A
dag_000978.txt,0.0,0.0,100.0,0.0,100.0,0.0,100.0,0.0,100.0,N/A,N/A
dgrid_000978.txt,1.0,1.0,100.0,1.0,100.0,1.0,100.0,1.0,100.0,N/A,N/A
ego_000978.txt,8.0,8.0,100.0,8.0,100.0,8.0,100.0,N/A,N/A,N/A,N/A
er_000978.txt,4.0,4.0,100.0,4.0,100.0,4.0,100.0,4.0,100.0,N/A,N/A
scale_free_000978.txt,1.0,1.0,100.0,1.0,100.0,1.0,100.0,1.0,100.0,N/A,N/A
dag_000979.txt,0.0,0.0,100.0,0.0,100.0,0.0,100.0,0.0,100.0,N/A,N/A
dgrid_000979.txt,1.0,1.0,100.0,1.0,100.0,1.0,100.0,1.0,100.0,N/A,N/A
ego_000979.txt,6.0,6.0,100.0,6.0,100.0,6.0,100.0,6.0,100.0,N/A,N/A
er_000979.txt,19.0,N/A,N/A,19.0,100.0,19.0,100.0,N/A,N/A,N/A,N/A
scale_free_000979.txt,1.0,1.0,100.0,1.0,100.0,1.0,100.0,1.0,100.0,N/A,N/A
dag_000980.txt,0.0,0.0,100.0,0.0,100.0,0.0,100.0,0.0,100.0,N/A,N/A
dgrid_000980.txt,3.0,3.0,100.0,3.0,100.0,3.0,100.0,3.0,100.0,N/A,N/A
ego_000980.txt,5.0,5.0,100.0,5.0,100.0,5.0,100.0,5.0,100.0,N/A,N/A
er_000980.txt,8.0,8.0,100.0,8.0,100.0,8.0,100.0,8.0,100.0,N/A,N/A
scale_free_000980.txt,1.0,1.0,100.0,1.0,100.0,1.0,100.0,1.0,100.0,N/A,N/A
dag_000981.txt,0.0,0.0,100.0,0.0,100.0,0.0,100.0,0.0,100.0,N/A,N/A
dgrid_000981.txt,1.0,1.0,100.0,1.0,100.0,1.0,100.0,1.0,100.0,N/A,N/A
ego_000981.txt,0.0,0.0,100.0,0.0,100.0,0.0,100.0,0.0,100.0,N/A,N/A
er_000981.txt,7.0,7.0,100.0,7.0,100.0,7.0,100.0,7.0,100.0,N/A,N/A
scale_free_000981.txt,1.0,1.0,100.0,1.0,100.0,1.0,100.0,1.0,100.0,N/A,N/A
dag_000982.txt,0.0,0.0,100.0,0.0,100.0,0.0,100.0,0.0,100.0,N/A,N/A
dgrid_000982.txt,1.0,1.0,100.0,1.0,100.0,1.0,100.0,1.0,100.0,N/A,N/A
ego_000982.txt,2.0,2.0,100.0,2.0,100.0,2.0,100.0,2.0,100.0,N/A,N/A
er_000982.txt,4.0,4.0,100.0,4.0,100.0,4.0,100.0,4.0,100.0,N/A,N/A
scale_free_000982.txt,2.0,2.0,100.0,2.0,100.0,2.0,100.0,2.0,100.0,N/A,N/A
dag_000983.txt,0.0,0.0,100.0,0.0,100.0,0.0,100.0,0.0,100.0,N/A,N/A
dgrid_000983.txt,7.0,7.0,100.0,7.0,100.0,7.0,100.0,N/A,N/A,N/A,N/A
ego_000983.txt,0.0,0.0,100.0,0.0,100.0,0.0,100.0,0.0,100.0,N/A,N/A
er_000983.txt,17.0,N/A,N/A,17.0,100.0,17.0,100.0,N/A,N/A,N/A,N/A
scale_free_000983.txt,2.0,2.0,100.0,2.0,100.0,2.0,100.0,2.0,100.0,N/A,N/A
dag_000984.txt,0.0,0.0,100.0,0.0,100.0,0.0,100.0,0.0,100.0,N/A,N/A
dgrid_000984.txt,2.0,2.0,100.0,2.0,100.0,2.0,100.0,2.0,100.0,N/A,N/A
ego_000984.txt,2.0,2.0,100.0,2.0,100.0,2.0,100.0,2.0,100.0,N/A,N/A
er_000984.txt,11.0,N/A,N/A,11.0,100.0,11.0,100.0,N/A,N/A,N/A,N/A
scale_free_000984.txt,1.0,1.0,100.0,1.0,100.0,1.0,100.0,1.0,100.0,N/A,N/A
dag_000985.txt,0.0,0.0,100.0,0.0,100.0,0.0,100.0,0.0,100.0,N/A,N/A
dgrid_000985.txt,2.0,2.0,100.0,2.0,100.0,2.0,100.0,2.0,100.0,N/A,N/A
ego_000985.txt,7.0,7.0,100.0,7.0,100.0,7.0,100.0,N/A,N/A,N/A,N/A
er_000985.txt,3.0,3.0,100.0,3.0,100.0,3.0,100.0,3.0,100.0,N/A,N/A
scale_free_000985.txt,1.0,1.0,100.0,1.0,100.0,1.0,100.0,1.0,100.0,N/A,N/A
dag_000986.txt,0.0,0.0,100.0,0.0,100.0,0.0,100.0,0.0,100.0,N/A,N/A
dgrid_000986.txt,2.0,2.0,100.0,2.0,100.0,2.0,100.0,2.0,100.0,N/A,N/A
ego_000986.txt,4.0,4.0,100.0,4.0,100.0,4.0,100.0,4.0,100.0,N/A,N/A
er_000986.txt,8.0,8.0,100.0,8.0,100.0,8.0,100.0,N/A,N/A,N/A,N/A
scale_free_000986.txt,1.0,1.0,100.0,1.0,100.0,1.0,100.0,1.0,100.0,N/A,N/A
dag_000987.txt,0.0,0.0,100.0,0.0,100.0,0.0,100.0,0.0,100.0,N/A,N/A
dgrid_000987.txt,5.0,5.0,100.0,5.0,100.0,5.0,100.0,5.0,100.0,N/A,N/A
ego_000987.txt,6.0,6.0,100.0,6.0,100.0,6.0,100.0,N/A,N/A,N/A,N/A
er_000987.txt,6.0,6.0,100.0,6.0,100.0,6.0,100.0,6.0,100.0,N/A,N/A
scale_free_000987.txt,1.0,1.0,100.0,1.0,100.0,1.0,100.0,1.0,100.0,N/A,N/A
dag_000988.txt,0.0,0.0,100.0,0.0,100.0,0.0,100.0,0.0,100.0,N/A,N/A
dgrid_000988.txt,0.0,0.0,100.0,0.0,100.0,0.0,100.0,0.0,100.0,N/A,N/A
ego_000988.txt,3.0,3.0,100.0,3.0,100.0,3.0,100.0,3.0,100.0,N/A,N/A
er_000988.txt,9.0,9.0,100.0,9.0,100.0,9.0,100.0,9.0,100.0,N/A,N/A
scale_free_000988.txt,1.0,1.0,100.0,1.0,100.0,1.0,100.0,1.0,100.0,N/A,N/A
dag_000989.txt,0.0,0.0,100.0,0.0,100.0,0.0,100.0,0.0,100.0,N/A,N/A
dgrid_000989.txt,1.0,1.0,100.0,1.0,100.0,1.0,100.0,1.0,100.0,N/A,N/A
ego_000989.txt,6.0,6.0,100.0,6.0,100.0,6.0,100.0,6.0,100.0,N/A,N/A
er_000989.txt,17.0,N/A,N/A,17.0,100.0,17.0,100.0,N/A,N/A,N/A,N/A
scale_free_000989.txt,1.0,1.0,100.0,1.0,100.0,1.0,100.0,1.0,100.0,N/A,N/A
dag_000990.txt,0.0,0.0,100.0,0.0,100.0,0.0,100.0,0.0,100.0,N/A,N/A
dgrid_000990.txt,3.0,3.0,100.0,3.0,100.0,3.0,100.0,3.0,100.0,N/A,N/A
ego_000990.txt,2.0,2.0,100.0,2.0,100.0,2.0,100.0,2.0,100.0,N/A,N/A
er_000990.txt,15.0,N/A,N/A,15.0,100.0,15.0,100.0,N/A,N/A,N/A,N/A
scale_free_000990.txt,2.0,2.0,100.0,2.0,100.0,2.0,100.0,2.0,100.0,N/A,N/A
dag_000991.txt,0.0,0.0,100.0,0.0,100.0,0.0,100.0,0.0,100.0,N/A,N/A
dgrid_000991.txt,4.0,4.0,100.0,4.0,100.0,4.0,100.0,4.0,100.0,N/A,N/A
ego_000991.txt,5.0,5.0,100.0,5.0,100.0,5.0,100.0,5.0,100.0,N/A,N/A
er_000991.txt,2.0,2.0,100.0,2.0,100.0,2.0,100.0,2.0,100.0,N/A,N/A
scale_free_000991.txt,2.0,2.0,100.0,2.0,100.0,2.0,100.0,2.0,100.0,N/A,N/A
dag_000992.txt,0.0,0.0,100.0,0.0,100.0,0.0,100.0,0.0,100.0,N/A,N/A
dgrid_000992.txt,3.0,3.0,100.0,3.0,100.0,3.0,100.0,3.0,100.0,N/A,N/A
ego_000992.txt,6.0,6.0,100.0,6.0,100.0,6.0,100.0,6.0,100.0,N/A,N/A
er_000992.txt,15.0,N/A,N/A,15.0,100.0,15.0,100.0,N/A,N/A,N/A,N/A
scale_free_000992.txt,1.0,1.0,100.0,1.0,100.0,1.0,100.0,1.0,100.0,N/A,N/A
dag_000993.txt,0.0,0.0,100.0,0.0,100.0,0.0,100.0,0.0,100.0,N/A,N/A
dgrid_000993.txt,0.0,0.0,100.0,0.0,100.0,0.0,100.0,0.0,100.0,N/A,N/A
ego_000993.txt,7.0,7.0,100.0,7.0,100.0,7.0,100.0,7.0,100.0,N/A,N/A
er_000993.txt,17.0,N/A,N/A,17.0,100.0,17.0,100.0,N/A,N/A,N/A,N/A
scale_free_000993.txt,2.0,2.0,100.0,2.0,100.0,2.0,100.0,2.0,100.0,N/A,N/A
dag_000994.txt,0.0,0.0,100.0,0.0,100.0,0.0,100.0,0.0,100.0,N/A,N/A
dgrid_000994.txt,1.0,1.0,100.0,1.0,100.0,1.0,100.0,1.0,100.0,N/A,N/A
ego_000994.txt,5.0,5.0,100.0,5.0,100.0,5.0,100.0,5.0,100.0,N/A,N/A
er_000994.txt,10.0,10.0,100.0,10.0,100.0,10.0,100.0,N/A,N/A,N/A,N/A
scale_free_000994.txt,1.0,1.0,100.0,1.0,100.0,1.0,100.0,1.0,100.0,N/A,N/A
dag_000995.txt,0.0,0.0,100.0,0.0,100.0,0.0,100.0,0.0,100.0,N/A,N/A
dgrid_000995.txt,3.0,3.0,100.0,3.0,100.0,3.0,100.0,3.0,100.0,N/A,N/A
ego_000995.txt,8.0,8.0,100.0,8.0,100.0,8.0,100.0,8.0,100.0,N/A,N/A
er_000995.txt,3.0,3.0,100.0,3.0,100.0,3.0,100.0,3.0,100.0,N/A,N/A
scale_free_000995.txt,1.0,1.0,100.0,1.0,100.0,1.0,100.0,1.0,100.0,N/A,N/A
dag_000996.txt,0.0,0.0,100.0,0.0,100.0,0.0,100.0,0.0,100.0,N/A,N/A
dgrid_000996.txt,3.0,3.0,100.0,3.0,100.0,3.0,100.0,3.0,100.0,N/A,N/A
ego_000996.txt,9.0,9.0,100.0,9.0,100.0,9.0,100.0,N/A,N/A,N/A,N/A
er_000996.txt,6.0,6.0,100.0,6.0,100.0,6.0,100.0,6.0,100.0,N/A,N/A
scale_free_000996.txt,1.0,1.0,100.0,1.0,100.0,1.0,100.0,1.0,100.0,N/A,N/A
dag_000997.txt,0.0,0.0,100.0,0.0,100.0,0.0,100.0,0.0,100.0,N/A,N/A
dgrid_000997.txt,6.0,6.0,100.0,6.0,100.0,6.0,100.0,N/A,N/A,N/A,N/A
ego_000997.txt,7.0,7.0,100.0,7.0,100.0,7.0,100.0,7.0,100.0,N/A,N/A
er_000997.txt,4.0,4.0,100.0,4.0,100.0,4.0,100.0,4.0,100.0,N/A,N/A
scale_free_000997.txt,1.0,1.0,100.0,1.0,100.0,1.0,100.0,1.0,100.0,N/A,N/A
dag_000998.txt,0.0,0.0,100.0,0.0,100.0,0.0,100.0,0.0,100.0,N/A,N/A
dgrid_000998.txt,6.0,6.0,100.0,6.0,100.0,6.0,100.0,N/A,N/A,N/A,N/A
ego_000998.txt,2.0,2.0,100.0,2.0,100.0,2.0,100.0,2.0,100.0,N/A,N/A
er_000998.txt,4.0,4.0,100.0,4.0,100.0,4.0,100.0,4.0,100.0,N/A,N/A
scale_free_000998.txt,1.0,1.0,100.0,1.0,100.0,1.0,100.0,1.0,100.0,N/A,N/A
dag_000999.txt,0.0,0.0,100.0,0.0,100.0,0.0,100.0,0.0,100.0,N/A,N/A
dgrid_000999.txt,1.0,1.0,100.0,1.0,100.0,1.0,100.0,1.0,100.0,N/A,N/A
ego_000999.txt,7.0,7.0,100.0,7.0,100.0,7.0,100.0,7.0,100.0,N/A,N/A
er_000999.txt,14.0,N/A,N/A,14.0,100.0,14.0,100.0,N/A,N/A,N/A,N/A
scale_free_000999.txt,1.0,1.0,100.0,1.0,100.0,1.0,100.0,1.0,100.0,N/A,N/A
dag_001000.txt,0.0,0.0,100.0,0.0,100.0,0.0,100.0,0.0,100.0,N/A,N/A
dgrid_001000.txt,3.0,3.0,100.0,3.0,100.0,3.0,100.0,3.0,100.0,N/A,N/A
ego_001000.txt,0.0,0.0,100.0,0.0,100.0,0.0,100.0,0.0,100.0,N/A,N/A
er_001000.txt,13.0,N/A,N/A,N/A,N/A,13.0,100.0,N/A,N/A,N/A,N/A
scale_free_001000.txt,1.0,1.0,100.0,1.0,100.0,1.0,100.0,1.0,100.0,N/A,N/A
dag_001001.txt,0.0,0.0,100.0,0.0,100.0,0.0,100.0,0.0,100.0,N/A,N/A
dgrid_001001.txt,4.0,4.0,100.0,4.0,100.0,4.0,100.0,4.0,100.0,N/A,N/A
ego_001001.txt,1.0,1.0,100.0,1.0,100.0,1.0,100.0,1.0,100.0,N/A,N/A
er_001001.txt,15.0,N/A,N/A,15.0,100.0,15.0,100.0,N/A,N/A,N/A,N/A
scale_free_001001.txt,1.0,1.0,100.0,1.0,100.0,1.0,100.0,1.0,100.0,N/A,N/A
dag_001002.txt,0.0,0.0,100.0,0.0,100.0,0.0,100.0,0.0,100.0,N/A,N/A
dgrid_001002.txt,1.0,1.0,100.0,1.0,100.0,1.0,100.0,1.0,100.0,N/A,N/A
ego_001002.txt,2.0,2.0,100.0,2.0,100.0,2.0,100.0,2.0,100.0,N/A,N/A
er_001002.txt,6.0,6.0,100.0,6.0,100.0,6.0,100.0,6.0,100.0,N/A,N/A
scale_free_001002.txt,1.0,1.0,100.0,1.0,100.0,1.0,100.0,1.0,100.0,N/A,N/A
dag_001003.txt,0.0,0.0,100.0,0.0,100.0,0.0,100.0,0.0,100.0,N/A,N/A
dgrid_001003.txt,1.0,1.0,100.0,1.0,100.0,1.0,100.0,1.0,100.0,N/A,N/A
ego_001003.txt,0.0,0.0,100.0,0.0,100.0,0.0,100.0,0.0,100.0,N/A,N/A
er_001003.txt,1.0,1.0,100.0,1.0,100.0,1.0,100.0,1.0,100.0,N/A,N/A
scale_free_001003.txt,1.0,1.0,100.0,1.0,100.0,1.0,100.0,1.0,100.0,N/A,N/A
dag_001004.txt,0.0,0.0,100.0,0.0,100.0,0.0,100.0,0.0,100.0,N/A,N/A
dgrid_001004.txt,5.0,5.0,100.0,5.0,100.0,5.0,100.0,5.0,100.0,N/A,N/A
ego_001004.txt,5.0,5.0,100.0,5.0,100.0,5.0,100.0,5.0,100.0,N/A,N/A
er_001004.txt,1.0,1.0,100.0,1.0,100.0,1.0,100.0,1.0,100.0,N/A,N/A
scale_free_001004.txt,1.0,1.0,100.0,1.0,100.0,1.0,100.0,1.0,100.0,N/A,N/A
dag_001005.txt,0.0,0.0,100.0,0.0,100.0,0.0,100.0,0.0,100.0,N/A,N/A
dgrid_001005.txt,3.0,3.0,100.0,3.0,100.0,3.0,100.0,3.0,100.0,N/A,N/A
ego_001005.txt,3.0,3.0,100.0,3.0,100.0,3.0,100.0,3.0,100.0,N/A,N/A
er_001005.txt,6.0,6.0,100.0,6.0,100.0,6.0,100.0,6.0,100.0,N/A,N/A
scale_free_001005.txt,1.0,1.0,100.0,1.0,100.0,1.0,100.0,1.0,100.0,N/A,N/A
dag_001006.txt,0.0,0.0,100.0,0.0,100.0,0.0,100.0,0.0,100.0,N/A,N/A
dgrid_001006.txt,3.0,3.0,100.0,3.0,100.0,3.0,100.0,3.0,100.0,N/A,N/A
ego_001006.txt,2.0,2.0,100.0,2.0,100.0,2.0,100.0,2.0,100.0,N/A,N/A
er_001006.txt,9.0,9.0,100.0,9.0,100.0,9.0,100.0,9.0,100.0,N/A,N/A
scale_free_001006.txt,2.0,2.0,100.0,2.0,100.0,2.0,100.0,2.0,100.0,N/A,N/A
dag_001007.txt,0.0,0.0,100.0,0.0,100.0,0.0,100.0,0.0,100.0,N/A,N/A
dgrid_001007.txt,3.0,3.0,100.0,3.0,100.0,3.0,100.0,3.0,100.0,N/A,N/A
ego_001007.txt,1.0,1.0,100.0,1.0,100.0,1.0,100.0,1.0,100.0,N/A,N/A
er_001007.txt,4.0,4.0,100.0,4.0,100.0,4.0,100.0,4.0,100.0,N/A,N/A
scale_free_001007.txt,1.0,1.0,100.0,1.0,100.0,1.0,100.0,1.0,100.0,N/A,N/A
dag_001008.txt,0.0,0.0,100.0,0.0,100.0,0.0,100.0,0.0,100.0,N/A,N/A
dgrid_001008.txt,4.0,4.0,100.0,4.0,100.0,4.0,100.0,4.0,100.0,N/A,N/A
ego_001008.txt,0.0,0.0,100.0,0.0,100.0,0.0,100.0,0.0,100.0,N/A,N/A
er_001008.txt,12.0,N/A,N/A,12.0,100.0,12.0,100.0,N/A,N/A,N/A,N/A
scale_free_001008.txt,1.0,1.0,100.0,1.0,100.0,1.0,100.0,1.0,100.0,N/A,N/A
dag_001009.txt,0.0,0.0,100.0,0.0,100.0,0.0,100.0,0.0,100.0,N/A,N/A
dgrid_001009.txt,4.0,4.0,100.0,4.0,100.0,4.0,100.0,4.0,100.0,N/A,N/A
ego_001009.txt,0.0,0.0,100.0,0.0,100.0,0.0,100.0,0.0,100.0,N/A,N/A
er_001009.txt,15.0,N/A,N/A,15.0,100.0,16.0,93.75,N/A,N/A,N/A,N/A
scale_free_001009.txt,1.0,1.0,100.0,1.0,100.0,1.0,100.0,1.0,100.0,N/A,N/A
dag_001010.txt,0.0,0.0,100.0,0.0,100.0,0.0,100.0,0.0,100.0,N/A,N/A
dgrid_001010.txt,6.0,6.0,100.0,6.0,100.0,6.0,100.0,N/A,N/A,N/A,N/A
ego_001010.txt,1.0,1.0,100.0,1.0,100.0,1.0,100.0,1.0,100.0,N/A,N/A
er_001010.txt,11.0,11.0,100.0,11.0,100.0,11.0,100.0,N/A,N/A,N/A,N/A
scale_free_001010.txt,2.0,2.0,100.0,2.0,100.0,2.0,100.0,2.0,100.0,N/A,N/A
dag_001011.txt,0.0,0.0,100.0,0.0,100.0,0.0,100.0,0.0,100.0,N/A,N/A
dgrid_001011.txt,0.0,0.0,100.0,0.0,100.0,0.0,100.0,0.0,100.0,N/A,N/A
ego_001011.txt,11.0,11.0,100.0,11.0,100.0,11.0,100.0,11.0,100.0,N/A,N/A
er_001011.txt,7.0,7.0,100.0,7.0,100.0,7.0,100.0,7.0,100.0,N/A,N/A
scale_free_001011.txt,2.0,2.0,100.0,2.0,100.0,2.0,100.0,2.0,100.0,N/A,N/A
dag_001012.txt,0.0,0.0,100.0,0.0,100.0,0.0,100.0,0.0,100.0,N/A,N/A
dgrid_001012.txt,2.0,2.0,100.0,2.0,100.0,2.0,100.0,2.0,100.0,N/A,N/A
ego_001012.txt,8.0,8.0,100.0,8.0,100.0,8.0,100.0,8.0,100.0,N/A,N/A
er_001012.txt,10.0,10.0,100.0,10.0,100.0,10.0,100.0,N/A,N/A,N/A,N/A
scale_free_001012.txt,1.0,1.0,100.0,1.0,100.0,1.0,100.0,1.0,100.0,N/A,N/A
dag_001013.txt,0.0,0.0,100.0,0.0,100.0,0.0,100.0,0.0,100.0,N/A,N/A
dgrid_001013.txt,2.0,2.0,100.0,2.0,100.0,2.0,100.0,2.0,100.0,N/A,N/A
ego_001013.txt,6.0,6.0,100.0,6.0,100.0,6.0,100.0,6.0,100.0,N/A,N/A
er_001013.txt,18.0,N/A,N/A,18.0,100.0,18.0,100.0,N/A,N/A,N/A,N/A
scale_free_001013.txt,1.0,1.0,100.0,1.0,100.0,1.0,100.0,1.0,100.0,N/A,N/A
dag_001014.txt,0.0,0.0,100.0,0.0,100.0,0.0,100.0,0.0,100.0,N/A,N/A
dgrid_001014.txt,0.0,0.0,100.0,0.0,100.0,0.0,100.0,0.0,100.0,N/A,N/A
ego_001014.txt,3.0,3.0,100.0,3.0,100.0,3.0,100.0,3.0,100.0,N/A,N/A
er_001014.txt,11.0,11.0,100.0,11.0,100.0,11.0,100.0,N/A,N/A,N/A,N/A
scale_free_001014.txt,1.0,1.0,100.0,1.0,100.0,1.0,100.0,1.0,100.0,N/A,N/A
dag_001015.txt,0.0,0.0,100.0,0.0,100.0,0.0,100.0,0.0,100.0,N/A,N/A
dgrid_001015.txt,2.0,2.0,100.0,2.0,100.0,2.0,100.0,2.0,100.0,N/A,N/A
ego_001015.txt,3.0,3.0,100.0,3.0,100.0,3.0,100.0,3.0,100.0,N/A,N/A
er_001015.txt,6.0,6.0,100.0,6.0,100.0,6.0,100.0,6.0,100.0,N/A,N/A
scale_free_001015.txt,1.0,1.0,100.0,1.0,100.0,1.0,100.0,1.0,100.0,N/A,N/A
dag_001016.txt,0.0,0.0,100.0,0.0,100.0,0.0,100.0,0.0,100.0,N/A,N/A
dgrid_001016.txt,2.0,2.0,100.0,2.0,100.0,2.0,100.0,2.0,100.0,N/A,N/A
ego_001016.txt,7.0,7.0,100.0,7.0,100.0,7.0,100.0,7.0,100.0,N/A,N/A
er_001016.txt,2.0,2.0,100.0,2.0,100.0,2.0,100.0,2.0,100.0,N/A,N/A
scale_free_001016.txt,2.0,2.0,100.0,2.0,100.0,2.0,100.0,2.0,100.0,N/A,N/A
dag_001017.txt,0.0,0.0,100.0,0.0,100.0,0.0,100.0,0.0,100.0,N/A,N/A
dgrid_001017.txt,6.0,6.0,100.0,6.0,100.0,6.0,100.0,N/A,N/A,N/A,N/A
ego_001017.txt,13.0,13.0,100.0,13.0,100.0,13.0,100.0,N/A,N/A,N/A,N/A
er_001017.txt,5.0,5.0,100.0,5.0,100.0,5.0,100.0,5.0,100.0,N/A,N/A
scale_free_001017.txt,1.0,1.0,100.0,1.0,100.0,1.0,100.0,1.0,100.0,N/A,N/A
dag_001018.txt,0.0,0.0,100.0,0.0,100.0,0.0,100.0,0.0,100.0,N/A,N/A
dgrid_001018.txt,2.0,2.0,100.0,2.0,100.0,2.0,100.0,2.0,100.0,N/A,N/A
ego_001018.txt,6.0,6.0,100.0,6.0,100.0,6.0,100.0,6.0,100.0,N/A,N/A
er_001018.txt,17.0,N/A,N/A,17.0,100.0,17.0,100.0,N/A,N/A,N/A,N/A
scale_free_001018.txt,1.0,1.0,100.0,1.0,100.0,1.0,100.0,1.0,100.0,N/A,N/A
dag_001019.txt,0.0,0.0,100.0,0.0,100.0,0.0,100.0,0.0,100.0,N/A,N/A
dgrid_001019.txt,3.0,3.0,100.0,3.0,100.0,3.0,100.0,3.0,100.0,N/A,N/A
ego_001019.txt,5.0,5.0,100.0,5.0,100.0,5.0,100.0,5.0,100.0,N/A,N/A
er_001019.txt,12.0,N/A,N/A,12.0,100.0,12.0,100.0,N/A,N/A,N/A,N/A
scale_free_001019.txt,1.0,1.0,100.0,1.0,100.0,1.0,100.0,1.0,100.0,N/A,N/A
dag_001020.txt,0.0,0.0,100.0,0.0,100.0,0.0,100.0,0.0,100.0,N/A,N/A
dgrid_001020.txt,3.0,3.0,100.0,3.0,100.0,3.0,100.0,3.0,100.0,N/A,N/A
ego_001020.txt,0.0,0.0,100.0,0.0,100.0,0.0,100.0,0.0,100.0,N/A,N/A
er_001020.txt,5.0,5.0,100.0,5.0,100.0,5.0,100.0,5.0,100.0,N/A,N/A
scale_free_001020.txt,1.0,1.0,100.0,1.0,100.0,1.0,100.0,1.0,100.0,N/A,N/A
dag_001021.txt,0.0,0.0,100.0,0.0,100.0,0.0,100.0,0.0,100.0,N/A,N/A
dgrid_001021.txt,2.0,2.0,100.0,2.0,100.0,2.0,100.0,2.0,100.0,N/A,N/A
ego_001021.txt,1.0,1.0,100.0,1.0,100.0,1.0,100.0,1.0,100.0,N/A,N/A
er_001021.txt,15.0,N/A,N/A,15.0,100.0,15.0,100.0,N/A,N/A,N/A,N/A
scale_free_001021.txt,1.0,1.0,100.0,1.0,100.0,1.0,100.0,1.0,100.0,N/A,N/A
dag_001022.txt,0.0,0.0,100.0,0.0,100.0,0.0,100.0,0.0,100.0,N/A,N/A
dgrid_001022.txt,4.0,4.0,100.0,4.0,100.0,4.0,100.0,4.0,100.0,N/A,N/A
ego_001022.txt,0.0,0.0,100.0,0.0,100.0,0.0,100.0,0.0,100.0,N/A,N/A
er_001022.txt,6.0,6.0,100.0,6.0,100.0,6.0,100.0,6.0,100.0,N/A,N/A
scale_free_001022.txt,1.0,1.0,100.0,1.0,100.0,1.0,100.0,1.0,100.0,N/A,N/A
dag_001023.txt,0.0,0.0,100.0,0.0,100.0,0.0,100.0,0.0,100.0,N/A,N/A
dgrid_001023.txt,1.0,1.0,100.0,1.0,100.0,1.0,100.0,1.0,100.0,N/A,N/A
ego_001023.txt,4.0,4.0,100.0,4.0,100.0,4.0,100.0,4.0,100.0,N/A,N/A
er_001023.txt,5.0,5.0,100.0,5.0,100.0,5.0,100.0,5.0,100.0,N/A,N/A
scale_free_001023.txt,1.0,1.0,100.0,1.0,100.0,1.0,100.0,1.0,100.0,N/A,N/A
dag_001024.txt,0.0,0.0,100.0,0.0,100.0,0.0,100.0,0.0,100.0,N/A,N/A
dgrid_001024.txt,1.0,1.0,100.0,1.0,100.0,1.0,100.0,1.0,100.0,N/A,N/A
ego_001024.txt,8.0,8.0,100.0,8.0,100.0,8.0,100.0,N/A,N/A,N/A,N/A
er_001024.txt,7.0,7.0,100.0,7.0,100.0,7.0,100.0,7.0,100.0,N/A,N/A
scale_free_001024.txt,1.0,1.0,100.0,1.0,100.0,1.0,100.0,1.0,100.0,N/A,N/A
dag_001025.txt,0.0,0.0,100.0,0.0,100.0,0.0,100.0,0.0,100.0,N/A,N/A
dgrid_001025.txt,4.0,4.0,100.0,4.0,100.0,4.0,100.0,4.0,100.0,N/A,N/A
ego_001025.txt,1.0,1.0,100.0,1.0,100.0,1.0,100.0,1.0,100.0,N/A,N/A
er_001025.txt,7.0,7.0,100.0,7.0,100.0,7.0,100.0,7.0,100.0,N/A,N/A
scale_free_001025.txt,1.0,1.0,100.0,1.0,100.0,1.0,100.0,1.0,100.0,N/A,N/A
dag_001026.txt,0.0,0.0,100.0,0.0,100.0,0.0,100.0,0.0,100.0,N/A,N/A
dgrid_001026.txt,5.0,5.0,100.0,5.0,100.0,5.0,100.0,5.0,100.0,N/A,N/A
ego_001026.txt,6.0,6.0,100.0,6.0,100.0,6.0,100.0,6.0,100.0,N/A,N/A
er_001026.txt,3.0,3.0,100.0,3.0,100.0,3.0,100.0,3.0,100.0,N/A,N/A
scale_free_001026.txt,1.0,1.0,100.0,1.0,100.0,1.0,100.0,1.0,100.0,N/A,N/A
dag_001027.txt,0.0,0.0,100.0,0.0,100.0,0.0,100.0,0.0,100.0,N/A,N/A
dgrid_001027.txt,2.0,2.0,100.0,2.0,100.0,2.0,100.0,2.0,100.0,N/A,N/A
ego_001027.txt,13.0,13.0,100.0,13.0,100.0,13.0,100.0,N/A,N/A,N/A,N/A
er_001027.txt,16.0,N/A,N/A,16.0,100.0,16.0,100.0,N/A,N/A,N/A,N/A
scale_free_001027.txt,1.0,1.0,100.0,1.0,100.0,1.0,100.0,1.0,100.0,N/A,N/A
dag_001028.txt,0.0,0.0,100.0,0.0,100.0,0.0,100.0,0.0,100.0,N/A,N/A
dgrid_001028.txt,2.0,2.0,100.0,2.0,100.0,2.0,100.0,2.0,100.0,N/A,N/A
ego_001028.txt,5.0,5.0,100.0,5.0,100.0,5.0,100.0,5.0,100.0,N/A,N/A
er_001028.txt,13.0,N/A,N/A,13.0,100.0,14.0,92.8571,N/A,N/A,N/A,N/A
scale_free_001028.txt,1.0,1.0,100.0,1.0,100.0,1.0,100.0,1.0,100.0,N/A,N/A
dag_001029.txt,0.0,0.0,100.0,0.0,100.0,0.0,100.0,0.0,100.0,N/A,N/A
dgrid_001029.txt,3.0,3.0,100.0,3.0,100.0,3.0,100.0,3.0,100.0,N/A,N/A
ego_001029.txt,1.0,1.0,100.0,1.0,100.0,1.0,100.0,1.0,100.0,N/A,N/A
er_001029.txt,1.0,1.0,100.0,1.0,100.0,1.0,100.0,1.0,100.0,N/A,N/A
scale_free_001029.txt,1.0,1.0,100.0,1.0,100.0,1.0,100.0,1.0,100.0,N/A,N/A
dag_001030.txt,0.0,0.0,100.0,0.0,100.0,0.0,100.0,0.0,100.0,N/A,N/A
dgrid_001030.txt,1.0,1.0,100.0,1.0,100.0,1.0,100.0,1.0,100.0,N/A,N/A
ego_001030.txt,4.0,4.0,100.0,4.0,100.0,4.0,100.0,4.0,100.0,N/A,N/A
er_001030.txt,17.0,N/A,N/A,17.0,100.0,17.0,100.0,N/A,N/A,N/A,N/A
scale_free_001030.txt,3.0,3.0,100.0,3.0,100.0,3.0,100.0,3.0,100.0,N/A,N/A
dag_001031.txt,0.0,0.0,100.0,0.0,100.0,0.0,100.0,0.0,100.0,N/A,N/A
dgrid_001031.txt,1.0,1.0,100.0,1.0,100.0,1.0,100.0,1.0,100.0,N/A,N/A
ego_001031.txt,1.0,1.0,100.0,1.0,100.0,1.0,100.0,1.0,100.0,N/A,N/A
er_001031.txt,5.0,5.0,100.0,5.0,100.0,5.0,100.0,5.0,100.0,N/A,N/A
scale_free_001031.txt,2.0,2.0,100.0,2.0,100.0,2.0,100.0,2.0,100.0,N/A,N/A
dag_001032.txt,0.0,0.0,100.0,0.0,100.0,0.0,100.0,0.0,100.0,N/A,N/A
dgrid_001032.txt,0.0,0.0,100.0,0.0,100.0,0.0,100.0,0.0,100.0,N/A,N/A
ego_001032.txt,6.0,6.0,100.0,6.0,100.0,6.0,100.0,6.0,100.0,N/A,N/A
er_001032.txt,10.0,10.0,100.0,10.0,100.0,10.0,100.0,10.0,100.0,N/A,N/A
scale_free_001032.txt,1.0,1.0,100.0,1.0,100.0,1.0,100.0,1.0,100.0,N/A,N/A
dag_001033.txt,0.0,0.0,100.0,0.0,100.0,0.0,100.0,0.0,100.0,N/A,N/A
dgrid_001033.txt,1.0,1.0,100.0,1.0,100.0,1.0,100.0,1.0,100.0,N/A,N/A
ego_001033.txt,5.0,5.0,100.0,5.0,100.0,5.0,100.0,5.0,100.0,N/A,N/A
er_001033.txt,6.0,6.0,100.0,6.0,100.0,6.0,100.0,6.0,100.0,N/A,N/A
scale_free_001033.txt,1.0,1.0,100.0,1.0,100.0,1.0,100.0,1.0,100.0,N/A,N/A
dag_001034.txt,0.0,0.0,100.0,0.0,100.0,0.0,100.0,0.0,100.0,N/A,N/A
dgrid_001034.txt,1.0,1.0,100.0,1.0,100.0,1.0,100.0,1.0,100.0,N/A,N/A
ego_001034.txt,2.0,2.0,100.0,2.0,100.0,2.0,100.0,2.0,100.0,N/A,N/A
er_001034.txt,5.0,5.0,100.0,5.0,100.0,5.0,100.0,5.0,100.0,N/A,N/A
scale_free_001034.txt,1.0,1.0,100.0,1.0,100.0,1.0,100.0,1.0,100.0,N/A,N/A
dag_001035.txt,0.0,0.0,100.0,0.0,100.0,0.0,100.0,0.0,100.0,N/A,N/A
dgrid_001035.txt,2.0,2.0,100.0,2.0,100.0,2.0,100.0,2.0,100.0,N/A,N/A
ego_001035.txt,7.0,7.0,100.0,7.0,100.0,7.0,100.0,N/A,N/A,N/A,N/A
er_001035.txt,15.0,N/A,N/A,15.0,100.0,15.0,100.0,N/A,N/A,N/A,N/A
scale_free_001035.txt,1.0,1.0,100.0,1.0,100.0,1.0,100.0,1.0,100.0,N/A,N/A
dag_001036.txt,0.0,0.0,100.0,0.0,100.0,0.0,100.0,0.0,100.0,N/A,N/A
dgrid_001036.txt,4.0,4.0,100.0,4.0,100.0,4.0,100.0,4.0,100.0,N/A,N/A
ego_001036.txt,0.0,0.0,100.0,0.0,100.0,0.0,100.0,0.0,100.0,N/A,N/A
er_001036.txt,2.0,2.0,100.0,2.0,100.0,2.0,100.0,2.0,100.0,N/A,N/A
scale_free_001036.txt,1.0,1.0,100.0,1.0,100.0,1.0,100.0,1.0,100.0,N/A,N/A
dag_001037.txt,0.0,0.0,100.0,0.0,100.0,0.0,100.0,0.0,100.0,N/A,N/A
dgrid_001037.txt,2.0,2.0,100.0,2.0,100.0,2.0,100.0,2.0,100.0,N/A,N/A
ego_001037.txt,1.0,1.0,100.0,1.0,100.0,1.0,100.0,1.0,100.0,N/A,N/A
er_001037.txt,13.0,N/A,N/A,13.0,100.0,13.0,100.0,N/A,N/A,N/A,N/A
scale_free_001037.txt,2.0,2.0,100.0,2.0,100.0,2.0,100.0,2.0,100.0,N/A,N/A
dag_001038.txt,0.0,0.0,100.0,0.0,100.0,0.0,100.0,0.0,100.0,N/A,N/A
dgrid_001038.txt,3.0,3.0,100.0,3.0,100.0,3.0,100.0,3.0,100.0,N/A,N/A
ego_001038.txt,13.0,13.0,100.0,13.0,100.0,13.0,100.0,N/A,N/A,N/A,N/A
er_001038.txt,3.0,3.0,100.0,3.0,100.0,3.0,100.0,3.0,100.0,N/A,N/A
scale_free_001038.txt,1.0,1.0,100.0,1.0,100.0,1.0,100.0,1.0,100.0,N/A,N/A
dag_001039.txt,0.0,0.0,100.0,0.0,100.0,0.0,100.0,0.0,100.0,N/A,N/A
dgrid_001039.txt,4.0,4.0,100.0,4.0,100.0,4.0,100.0,4.0,100.0,N/A,N/A
ego_001039.txt,4.0,4.0,100.0,4.0,100.0,4.0,100.0,4.0,100.0,N/A,N/A
er_001039.txt,3.0,3.0,100.0,3.0,100.0,3.0,100.0,3.0,100.0,N/A,N/A
scale_free_001039.txt,2.0,2.0,100.0,2.0,100.0,2.0,100.0,2.0,100.0,N/A,N/A
dag_001040.txt,0.0,0.0,100.0,0.0,100.0,0.0,100.0,0.0,100.0,N/A,N/A
dgrid_001040.txt,5.0,5.0,100.0,5.0,100.0,5.0,100.0,5.0,100.0,N/A,N/A
ego_001040.txt,3.0,3.0,100.0,3.0,100.0,3.0,100.0,3.0,100.0,N/A,N/A
er_001040.txt,11.0,11.0,100.0,11.0,100.0,11.0,100.0,N/A,N/A,N/A,N/A
scale_free_001040.txt,1.0,1.0,100.0,1.0,100.0,1.0,100.0,1.0,100.0,N/A,N/A
dag_001041.txt,0.0,0.0,100.0,0.0,100.0,0.0,100.0,0.0,100.0,N/A,N/A
dgrid_001041.txt,3.0,3.0,100.0,3.0,100.0,3.0,100.0,3.0,100.0,N/A,N/A
ego_001041.txt,10.0,10.0,100.0,10.0,100.0,10.0,100.0,N/A,N/A,N/A,N/A
er_001041.txt,12.0,N/A,N/A,12.0,100.0,12.0,100.0,N/A,N/A,N/A,N/A
scale_free_001041.txt,1.0,1.0,100.0,1.0,100.0,1.0,100.0,1.0,100.0,N/A,N/A
dag_001042.txt,0.0,0.0,100.0,0.0,100.0,0.0,100.0,0.0,100.0,N/A,N/A
dgrid_001042.txt,3.0,3.0,100.0,3.0,100.0,3.0,100.0,3.0,100.0,N/A,N/A
ego_001042.txt,1.0,1.0,100.0,1.0,100.0,1.0,100.0,1.0,100.0,N/A,N/A
er_001042.txt,13.0,N/A,N/A,13.0,100.0,13.0,100.0,N/A,N/A,N/A,N/A
scale_free_001042.txt,1.0,1.0,100.0,1.0,100.0,1.0,100.0,1.0,100.0,N/A,N/A
dag_001043.txt,0.0,0.0,100.0,0.0,100.0,0.0,100.0,0.0,100.0,N/A,N/A
dgrid_001043.txt,6.0,6.0,100.0,6.0,100.0,6.0,100.0,N/A,N/A,N/A,N/A
ego_001043.txt,0.0,0.0,100.0,0.0,100.0,0.0,100.0,0.0,100.0,N/A,N/A
er_001043.txt,15.0,N/A,N/A,15.0,100.0,15.0,100.0,N/A,N/A,N/A,N/A
scale_free_001043.txt,4.0,4.0,100.0,4.0,100.0,4.0,100.0,4.0,100.0,N/A,N/A
dag_001044.txt,0.0,0.0,100.0,0.0,100.0,0.0,100.0,0.0,100.0,N/A,N/A
dgrid_001044.txt,3.0,3.0,100.0,3.0,100.0,3.0,100.0,3.0,100.0,N/A,N/A
ego_001044.txt,12.0,12.0,100.0,12.0,100.0,12.0,100.0,12.0,100.0,N/A,N/A
er_001044.txt,10.0,10.0,100.0,10.0,100.0,10.0,100.0,10.0,100.0,N/A,N/A
scale_free_001044.txt,1.0,1.0,100.0,1.0,100.0,1.0,100.0,1.0,100.0,N/A,N/A
dag_001045.txt,0.0,0.0,100.0,0.0,100.0,0.0,100.0,0.0,100.0,N/A,N/A
dgrid_001045.txt,2.0,2.0,100.0,2.0,100.0,2.0,100.0,2.0,100.0,N/A,N/A
ego_001045.txt,4.0,4.0,100.0,4.0,100.0,4.0,100.0,4.0,100.0,N/A,N/A
er_001045.txt,9.0,N/A,N/A,9.0,100.0,9.0,100.0,N/A,N/A,N/A,N/A
scale_free_001045.txt,1.0,1.0,100.0,1.0,100.0,1.0,100.0,1.0,100.0,N/A,N/A
dag_001046.txt,0.0,0.0,100.0,0.0,100.0,0.0,100.0,0.0,100.0,N/A,N/A
dgrid_001046.txt,2.0,2.0,100.0,2.0,100.0,2.0,100.0,2.0,100.0,N/A,N/A
ego_001046.txt,3.0,3.0,100.0,3.0,100.0,3.0,100.0,3.0,100.0,N/A,N/A
er_001046.txt,3.0,3.0,100.0,3.0,100.0,3.0,100.0,3.0,100.0,N/A,N/A
scale_free_001046.txt,1.0,1.0,100.0,1.0,100.0,1.0,100.0,1.0,100.0,N/A,N/A
dag_001047.txt,0.0,0.0,100.0,0.0,100.0,0.0,100.0,0.0,100.0,N/A,N/A
dgrid_001047.txt,1.0,1.0,100.0,1.0,100.0,1.0,100.0,1.0,100.0,N/A,N/A
ego_001047.txt,15.0,15.0,100.0,15.0,100.0,15.0,100.0,N/A,N/A,N/A,N/A
er_001047.txt,10.0,10.0,100.0,10.0,100.0,10.0,100.0,N/A,N/A,N/A,N/A
scale_free_001047.txt,2.0,2.0,100.0,2.0,100.0,2.0,100.0,2.0,100.0,N/A,N/A
dag_001048.txt,0.0,0.0,100.0,0.0,100.0,0.0,100.0,0.0,100.0,N/A,N/A
dgrid_001048.txt,1.0,1.0,100.0,1.0,100.0,1.0,100.0,1.0,100.0,N/A,N/A
ego_001048.txt,5.0,5.0,100.0,5.0,100.0,5.0,100.0,5.0,100.0,N/A,N/A
er_001048.txt,14.0,N/A,N/A,14.0,100.0,14.0,100.0,N/A,N/A,N/A,N/A
scale_free_001048.txt,1.0,1.0,100.0,1.0,100.0,1.0,100.0,1.0,100.0,N/A,N/A
dag_001049.txt,0.0,0.0,100.0,0.0,100.0,0.0,100.0,0.0,100.0,N/A,N/A
dgrid_001049.txt,2.0,2.0,100.0,2.0,100.0,2.0,100.0,2.0,100.0,N/A,N/A
ego_001049.txt,7.0,7.0,100.0,7.0,100.0,7.0,100.0,N/A,N/A,N/A,N/A
er_001049.txt,10.0,10.0,100.0,10.0,100.0,11.0,90.9091,N/A,N/A,N/A,N/A
scale_free_001049.txt,1.0,1.0,100.0,1.0,100.0,1.0,100.0,1.0,100.0,N/A,N/A
dag_001050.txt,0.0,0.0,100.0,0.0,100.0,0.0,100.0,0.0,100.0,N/A,N/A
dgrid_001050.txt,1.0,1.0,100.0,1.0,100.0,1.0,100.0,1.0,100.0,N/A,N/A
ego_001050.txt,3.0,3.0,100.0,3.0,100.0,3.0,100.0,3.0,100.0,N/A,N/A
er_001050.txt,7.0,7.0,100.0,7.0,100.0,7.0,100.0,N/A,N/A,N/A,N/A
scale_free_001050.txt,1.0,1.0,100.0,1.0,100.0,1.0,100.0,1.0,100.0,N/A,N/A
dag_001051.txt,0.0,0.0,100.0,0.0,100.0,0.0,100.0,0.0,100.0,N/A,N/A
dgrid_001051.txt,2.0,2.0,100.0,2.0,100.0,2.0,100.0,2.0,100.0,N/A,N/A
ego_001051.txt,5.0,5.0,100.0,5.0,100.0,5.0,100.0,5.0,100.0,N/A,N/A
er_001051.txt,4.0,4.0,100.0,4.0,100.0,4.0,100.0,4.0,100.0,N/A,N/A
scale_free_001051.txt,1.0,1.0,100.0,1.0,100.0,1.0,100.0,1.0,100.0,N/A,N/A
dag_001052.txt,0.0,0.0,100.0,0.0,100.0,0.0,100.0,0.0,100.0,N/A,N/A
dgrid_001052.txt,4.0,4.0,100.0,4.0,100.0,4.0,100.0,4.0,100.0,N/A,N/A
ego_001052.txt,2.0,2.0,100.0,2.0,100.0,2.0,100.0,2.0,100.0,N/A,N/A
er_001052.txt,10.0,10.0,100.0,10.0,100.0,10.0,100.0,N/A,N/A,N/A,N/A
scale_free_001052.txt,2.0,2.0,100.0,2.0,100.0,2.0,100.0,2.0,100.0,N/A,N/A
dag_001053.txt,0.0,0.0,100.0,0.0,100.0,0.0,100.0,0.0,100.0,N/A,N/A
dgrid_001053.txt,3.0,3.0,100.0,3.0,100.0,3.0,100.0,3.0,100.0,N/A,N/A
ego_001053.txt,8.0,8.0,100.0,8.0,100.0,8.0,100.0,N/A,N/A,N/A,N/A
er_001053.txt,19.0,N/A,N/A,19.0,100.0,19.0,100.0,N/A,N/A,N/A,N/A
scale_free_001053.txt,1.0,1.0,100.0,1.0,100.0,1.0,100.0,1.0,100.0,N/A,N/A
dag_001054.txt,0.0,0.0,100.0,0.0,100.0,0.0,100.0,0.0,100.0,N/A,N/A
dgrid_001054.txt,3.0,3.0,100.0,3.0,100.0,3.0,100.0,3.0,100.0,N/A,N/A
ego_001054.txt,10.0,10.0,100.0,10.0,100.0,10.0,100.0,N/A,N/A,N/A,N/A
er_001054.txt,4.0,4.0,100.0,4.0,100.0,4.0,100.0,4.0,100.0,N/A,N/A
scale_free_001054.txt,1.0,1.0,100.0,1.0,100.0,1.0,100.0,1.0,100.0,N/A,N/A
dag_001055.txt,0.0,0.0,100.0,0.0,100.0,0.0,100.0,0.0,100.0,N/A,N/A
dgrid_001055.txt,2.0,2.0,100.0,2.0,100.0,2.0,100.0,2.0,100.0,N/A,N/A
ego_001055.txt,0.0,0.0,100.0,0.0,100.0,0.0,100.0,0.0,100.0,N/A,N/A
er_001055.txt,9.0,9.0,100.0,9.0,100.0,9.0,100.0,9.0,100.0,N/A,N/A
scale_free_001055.txt,1.0,1.0,100.0,1.0,100.0,1.0,100.0,1.0,100.0,N/A,N/A
dag_001056.txt,0.0,0.0,100.0,0.0,100.0,0.0,100.0,0.0,100.0,N/A,N/A
dgrid_001056.txt,0.0,0.0,100.0,0.0,100.0,0.0,100.0,0.0,100.0,N/A,N/A
ego_001056.txt,11.0,11.0,100.0,11.0,100.0,11.0,100.0,N/A,N/A,N/A,N/A
er_001056.txt,10.0,10.0,100.0,10.0,100.0,10.0,100.0,N/A,N/A,N/A,N/A
scale_free_001056.txt,1.0,1.0,100.0,1.0,100.0,1.0,100.0,1.0,100.0,N/A,N/A
dag_001057.txt,0.0,0.0,100.0,0.0,100.0,0.0,100.0,0.0,100.0,N/A,N/A
dgrid_001057.txt,2.0,2.0,100.0,2.0,100.0,2.0,100.0,2.0,100.0,N/A,N/A
ego_001057.txt,9.0,9.0,100.0,9.0,100.0,9.0,100.0,N/A,N/A,N/A,N/A
er_001057.txt,2.0,2.0,100.0,2.0,100.0,2.0,100.0,2.0,100.0,N/A,N/A
scale_free_001057.txt,1.0,1.0,100.0,1.0,100.0,1.0,100.0,1.0,100.0,N/A,N/A
dag_001058.txt,0.0,0.0,100.0,0.0,100.0,0.0,100.0,0.0,100.0,N/A,N/A
dgrid_001058.txt,0.0,0.0,100.0,0.0,100.0,0.0,100.0,0.0,100.0,N/A,N/A
ego_001058.txt,2.0,2.0,100.0,2.0,100.0,2.0,100.0,2.0,100.0,N/A,N/A
er_001058.txt,3.0,3.0,100.0,3.0,100.0,3.0,100.0,3.0,100.0,N/A,N/A
scale_free_001058.txt,1.0,1.0,100.0,1.0,100.0,1.0,100.0,1.0,100.0,N/A,N/A
dag_001059.txt,0.0,0.0,100.0,0.0,100.0,0.0,100.0,0.0,100.0,N/A,N/A
dgrid_001059.txt,5.0,5.0,100.0,5.0,100.0,5.0,100.0,5.0,100.0,N/A,N/A
ego_001059.txt,4.0,4.0,100.0,4.0,100.0,4.0,100.0,4.0,100.0,N/A,N/A
er_001059.txt,18.0,N/A,N/A,18.0,100.0,19.0,94.7368,N/A,N/A,N/A,N/A
scale_free_001059.txt,2.0,2.0,100.0,2.0,100.0,2.0,100.0,2.0,100.0,N/A,N/A
dag_001060.txt,0.0,0.0,100.0,0.0,100.0,0.0,100.0,0.0,100.0,N/A,N/A
dgrid_001060.txt,1.0,1.0,100.0,1.0,100.0,1.0,100.0,1.0,100.0,N/A,N/A
ego_001060.txt,6.0,6.0,100.0,6.0,100.0,6.0,100.0,6.0,100.0,N/A,N/A
er_001060.txt,14.0,N/A,N/A,14.0,100.0,14.0,100.0,N/A,N/A,N/A,N/A
scale_free_001060.txt,2.0,2.0,100.0,2.0,100.0,2.0,100.0,2.0,100.0,N/A,N/A
dag_001061.txt,0.0,0.0,100.0,0.0,100.0,0.0,100.0,0.0,100.0,N/A,N/A
dgrid_001061.txt,1.0,1.0,100.0,1.0,100.0,1.0,100.0,1.0,100.0,N/A,N/A
ego_001061.txt,2.0,2.0,100.0,2.0,100.0,2.0,100.0,2.0,100.0,N/A,N/A
er_001061.txt,3.0,3.0,100.0,3.0,100.0,3.0,100.0,3.0,100.0,N/A,N/A
scale_free_001061.txt,1.0,1.0,100.0,1.0,100.0,1.0,100.0,1.0,100.0,N/A,N/A
dag_001062.txt,0.0,0.0,100.0,0.0,100.0,0.0,100.0,0.0,100.0,N/A,N/A
dgrid_001062.txt,1.0,1.0,100.0,1.0,100.0,1.0,100.0,1.0,100.0,N/A,N/A
ego_001062.txt,2.0,2.0,100.0,2.0,100.0,2.0,100.0,2.0,100.0,N/A,N/A
er_001062.txt,11.0,11.0,100.0,11.0,100.0,11.0,100.0,N/A,N/A,N/A,N/A
scale_free_001062.txt,1.0,1.0,100.0,1.0,100.0,1.0,100.0,1.0,100.0,N/A,N/A
dag_001063.txt,0.0,0.0,100.0,0.0,100.0,0.0,100.0,0.0,100.0,N/A,N/A
dgrid_001063.txt,1.0,1.0,100.0,1.0,100.0,1.0,100.0,1.0,100.0,N/A,N/A
ego_001063.txt,6.0,6.0,100.0,6.0,100.0,6.0,100.0,6.0,100.0,N/A,N/A
er_001063.txt,5.0,5.0,100.0,5.0,100.0,5.0,100.0,5.0,100.0,N/A,N/A
scale_free_001063.txt,1.0,1.0,100.0,1.0,100.0,1.0,100.0,1.0,100.0,N/A,N/A
dag_001064.txt,0.0,0.0,100.0,0.0,100.0,0.0,100.0,0.0,100.0,N/A,N/A
dgrid_001064.txt,2.0,2.0,100.0,2.0,100.0,2.0,100.0,2.0,100.0,N/A,N/A
ego_001064.txt,9.0,9.0,100.0,9.0,100.0,9.0,100.0,N/A,N/A,N/A,N/A
er_001064.txt,5.0,5.0,100.0,5.0,100.0,5.0,100.0,5.0,100.0,N/A,N/A
scale_free_001064.txt,1.0,1.0,100.0,1.0,100.0,1.0,100.0,1.0,100.0,N/A,N/A
dag_001065.txt,0.0,0.0,100.0,0.0,100.0,0.0,100.0,0.0,100.0,N/A,N/A
dgrid_001065.txt,4.0,4.0,100.0,4.0,100.0,4.0,100.0,4.0,100.0,N/A,N/A
ego_001065.txt,1.0,1.0,100.0,1.0,100.0,1.0,100.0,1.0,100.0,N/A,N/A
er_001065.txt,12.0,12.0,100.0,12.0,100.0,12.0,100.0,N/A,N/A,N/A,N/A
scale_free_001065.txt,2.0,2.0,100.0,2.0,100.0,2.0,100.0,2.0,100.0,N/A,N/A
dag_001066.txt,0.0,0.0,100.0,0.0,100.0,0.0,100.0,0.0,100.0,N/A,N/A
dgrid_001066.txt,2.0,2.0,100.0,2.0,100.0,2.0,100.0,2.0,100.0,N/A,N/A
ego_001066.txt,2.0,2.0,100.0,2.0,100.0,2.0,100.0,2.0,100.0,N/A,N/A
er_001066.txt,9.0,9.0,100.0,9.0,100.0,9.0,100.0,9.0,100.0,N/A,N/A
scale_free_001066.txt,1.0,1.0,100.0,1.0,100.0,1.0,100.0,1.0,100.0,N/A,N/A
dag_001067.txt,0.0,0.0,100.0,0.0,100.0,0.0,100.0,0.0,100.0,N/A,N/A
dgrid_001067.txt,2.0,2.0,100.0,2.0,100.0,2.0,100.0,2.0,100.0,N/A,N/A
ego_001067.txt,2.0,2.0,100.0,2.0,100.0,2.0,100.0,2.0,100.0,N/A,N/A
er_001067.txt,4.0,4.0,100.0,4.0,100.0,4.0,100.0,4.0,100.0,N/A,N/A
scale_free_001067.txt,1.0,1.0,100.0,1.0,100.0,1.0,100.0,1.0,100.0,N/A,N/A
dag_001068.txt,0.0,0.0,100.0,0.0,100.0,0.0,100.0,0.0,100.0,N/A,N/A
dgrid_001068.txt,0.0,0.0,100.0,0.0,100.0,0.0,100.0,0.0,100.0,N/A,N/A
ego_001068.txt,0.0,0.0,100.0,0.0,100.0,0.0,100.0,0.0,100.0,N/A,N/A
er_001068.txt,4.0,4.0,100.0,4.0,100.0,4.0,100.0,4.0,100.0,N/A,N/A
scale_free_001068.txt,1.0,1.0,100.0,1.0,100.0,1.0,100.0,1.0,100.0,N/A,N/A
dag_001069.txt,0.0,0.0,100.0,0.0,100.0,0.0,100.0,0.0,100.0,N/A,N/A
dgrid_001069.txt,4.0,4.0,100.0,4.0,100.0,4.0,100.0,4.0,100.0,N/A,N/A
ego_001069.txt,5.0,5.0,100.0,5.0,100.0,5.0,100.0,5.0,100.0,N/A,N/A
er_001069.txt,6.0,6.0,100.0,6.0,100.0,6.0,100.0,6.0,100.0,N/A,N/A
scale_free_001069.txt,1.0,1.0,100.0,1.0,100.0,1.0,100.0,1.0,100.0,N/A,N/A
dag_001070.txt,0.0,0.0,100.0,0.0,100.0,0.0,100.0,0.0,100.0,N/A,N/A
dgrid_001070.txt,1.0,1.0,100.0,1.0,100.0,1.0,100.0,1.0,100.0,N/A,N/A
ego_001070.txt,12.0,12.0,100.0,12.0,100.0,12.0,100.0,N/A,N/A,N/A,N/A
er_001070.txt,5.0,5.0,100.0,5.0,100.0,5.0,100.0,5.0,100.0,N/A,N/A
scale_free_001070.txt,1.0,1.0,100.0,1.0,100.0,1.0,100.0,1.0,100.0,N/A,N/A
dag_001071.txt,0.0,0.0,100.0,0.0,100.0,0.0,100.0,0.0,100.0,N/A,N/A
dgrid_001071.txt,2.0,2.0,100.0,2.0,100.0,2.0,100.0,2.0,100.0,N/A,N/A
ego_001071.txt,2.0,2.0,100.0,2.0,100.0,2.0,100.0,2.0,100.0,N/A,N/A
er_001071.txt,5.0,5.0,100.0,5.0,100.0,5.0,100.0,5.0,100.0,N/A,N/A
scale_free_001071.txt,2.0,2.0,100.0,2.0,100.0,2.0,100.0,2.0,100.0,N/A,N/A
dag_001072.txt,0.0,0.0,100.0,0.0,100.0,0.0,100.0,0.0,100.0,N/A,N/A
dgrid_001072.txt,3.0,3.0,100.0,3.0,100.0,3.0,100.0,3.0,100.0,N/A,N/A
ego_001072.txt,11.0,11.0,100.0,11.0,100.0,11.0,100.0,N/A,N/A,N/A,N/A
er_001072.txt,3.0,3.0,100.0,3.0,100.0,3.0,100.0,3.0,100.0,N/A,N/A
scale_free_001072.txt,2.0,2.0,100.0,2.0,100.0,2.0,100.0,2.0,100.0,N/A,N/A
dag_001073.txt,0.0,0.0,100.0,0.0,100.0,0.0,100.0,0.0,100.0,N/A,N/A
dgrid_001073.txt,1.0,1.0,100.0,1.0,100.0,1.0,100.0,1.0,100.0,N/A,N/A
ego_001073.txt,10.0,10.0,100.0,10.0,100.0,10.0,100.0,N/A,N/A,N/A,N/A
er_001073.txt,8.0,8.0,100.0,8.0,100.0,8.0,100.0,N/A,N/A,N/A,N/A
scale_free_001073.txt,2.0,2.0,100.0,2.0,100.0,2.0,100.0,2.0,100.0,N/A,N/A
dag_001074.txt,0.0,0.0,100.0,0.0,100.0,0.0,100.0,0.0,100.0,N/A,N/A
dgrid_001074.txt,1.0,1.0,100.0,1.0,100.0,1.0,100.0,1.0,100.0,N/A,N/A
ego_001074.txt,11.0,11.0,100.0,11.0,100.0,11.0,100.0,N/A,N/A,N/A,N/A
er_001074.txt,8.0,8.0,100.0,8.0,100.0,8.0,100.0,8.0,100.0,N/A,N/A
scale_free_001074.txt,2.0,2.0,100.0,2.0,100.0,2.0,100.0,2.0,100.0,N/A,N/A
dag_001075.txt,0.0,0.0,100.0,0.0,100.0,0.0,100.0,0.0,100.0,N/A,N/A
dgrid_001075.txt,2.0,2.0,100.0,2.0,100.0,2.0,100.0,2.0,100.0,N/A,N/A
ego_001075.txt,2.0,2.0,100.0,2.0,100.0,2.0,100.0,2.0,100.0,N/A,N/A
er_001075.txt,9.0,9.0,100.0,9.0,100.0,9.0,100.0,9.0,100.0,N/A,N/A
scale_free_001075.txt,1.0,1.0,100.0,1.0,100.0,1.0,100.0,1.0,100.0,N/A,N/A
dag_001076.txt,0.0,0.0,100.0,0.0,100.0,0.0,100.0,0.0,100.0,N/A,N/A
dgrid_001076.txt,1.0,1.0,100.0,1.0,100.0,1.0,100.0,1.0,100.0,N/A,N/A
ego_001076.txt,0.0,0.0,100.0,0.0,100.0,0.0,100.0,0.0,100.0,N/A,N/A
er_001076.txt,6.0,6.0,100.0,6.0,100.0,6.0,100.0,6.0,100.0,N/A,N/A
scale_free_001076.txt,1.0,1.0,100.0,1.0,100.0,1.0,100.0,1.0,100.0,N/A,N/A
dag_001077.txt,0.0,0.0,100.0,0.0,100.0,0.0,100.0,0.0,100.0,N/A,N/A
dgrid_001077.txt,1.0,1.0,100.0,1.0,100.0,1.0,100.0,1.0,100.0,N/A,N/A
ego_001077.txt,6.0,6.0,100.0,6.0,100.0,6.0,100.0,6.0,100.0,N/A,N/A
er_001077.txt,5.0,5.0,100.0,5.0,100.0,5.0,100.0,5.0,100.0,N/A,N/A
scale_free_001077.txt,2.0,2.0,100.0,2.0,100.0,2.0,100.0,2.0,100.0,N/A,N/A
dag_001078.txt,0.0,0.0,100.0,0.0,100.0,0.0,100.0,0.0,100.0,N/A,N/A
dgrid_001078.txt,1.0,1.0,100.0,1.0,100.0,1.0,100.0,1.0,100.0,N/A,N/A
ego_001078.txt,3.0,3.0,100.0,3.0,100.0,3.0,100.0,3.0,100.0,N/A,N/A
er_001078.txt,3.0,3.0,100.0,3.0,100.0,3.0,100.0,3.0,100.0,N/A,N/A
scale_free_001078.txt,2.0,2.0,100.0,2.0,100.0,2.0,100.0,2.0,100.0,N/A,N/A
dag_001079.txt,0.0,0.0,100.0,0.0,100.0,0.0,100.0,0.0,100.0,N/A,N/A
dgrid_001079.txt,1.0,1.0,100.0,1.0,100.0,1.0,100.0,1.0,100.0,N/A,N/A
ego_001079.txt,13.0,13.0,100.0,13.0,100.0,13.0,100.0,N/A,N/A,N/A,N/A
er_001079.txt,7.0,7.0,100.0,7.0,100.0,7.0,100.0,7.0,100.0,N/A,N/A
scale_free_001079.txt,1.0,1.0,100.0,1.0,100.0,1.0,100.0,1.0,100.0,N/A,N/A
dag_001080.txt,0.0,0.0,100.0,0.0,100.0,0.0,100.0,0.0,100.0,N/A,N/A
dgrid_001080.txt,4.0,4.0,100.0,4.0,100.0,4.0,100.0,4.0,100.0,N/A,N/A
ego_001080.txt,0.0,0.0,100.0,0.0,100.0,0.0,100.0,0.0,100.0,N/A,N/A
er_001080.txt,17.0,N/A,N/A,17.0,100.0,17.0,100.0,N/A,N/A,N/A,N/A
scale_free_001080.txt,1.0,1.0,100.0,1.0,100.0,1.0,100.0,1.0,100.0,N/A,N/A
dag_001081.txt,0.0,0.0,100.0,0.0,100.0,0.0,100.0,0.0,100.0,N/A,N/A
dgrid_001081.txt,2.0,2.0,100.0,2.0,100.0,2.0,100.0,2.0,100.0,N/A,N/A
ego_001081.txt,0.0,0.0,100.0,0.0,100.0,0.0,100.0,0.0,100.0,N/A,N/A
er_001081.txt,13.0,N/A,N/A,13.0,100.0,13.0,100.0,N/A,N/A,N/A,N/A
scale_free_001081.txt,1.0,1.0,100.0,1.0,100.0,1.0,100.0,1.0,100.0,N/A,N/A
dag_001082.txt,0.0,0.0,100.0,0.0,100.0,0.0,100.0,0.0,100.0,N/A,N/A
dgrid_001082.txt,4.0,4.0,100.0,4.0,100.0,4.0,100.0,4.0,100.0,N/A,N/A
ego_001082.txt,2.0,2.0,100.0,2.0,100.0,2.0,100.0,2.0,100.0,N/A,N/A
er_001082.txt,3.0,3.0,100.0,3.0,100.0,3.0,100.0,3.0,100.0,N/A,N/A
scale_free_001082.txt,1.0,1.0,100.0,1.0,100.0,1.0,100.0,1.0,100.0,N/A,N/A
dag_001083.txt,0.0,0.0,100.0,0.0,100.0,0.0,100.0,0.0,100.0,N/A,N/A
dgrid_001083.txt,1.0,1.0,100.0,1.0,100.0,1.0,100.0,1.0,100.0,N/A,N/A
ego_001083.txt,0.0,0.0,100.0,0.0,100.0,0.0,100.0,0.0,100.0,N/A,N/A
er_001083.txt,7.0,7.0,100.0,7.0,100.0,7.0,100.0,7.0,100.0,N/A,N/A
scale_free_001083.txt,2.0,2.0,100.0,2.0,100.0,2.0,100.0,2.0,100.0,N/A,N/A
dag_001084.txt,0.0,0.0,100.0,0.0,100.0,0.0,100.0,0.0,100.0,N/A,N/A
dgrid_001084.txt,0.0,0.0,100.0,0.0,100.0,0.0,100.0,0.0,100.0,N/A,N/A
ego_001084.txt,2.0,2.0,100.0,2.0,100.0,2.0,100.0,2.0,100.0,N/A,N/A
er_001084.txt,6.0,6.0,100.0,6.0,100.0,6.0,100.0,6.0,100.0,N/A,N/A
scale_free_001084.txt,1.0,1.0,100.0,1.0,100.0,1.0,100.0,1.0,100.0,N/A,N/A
dag_001085.txt,0.0,0.0,100.0,0.0,100.0,0.0,100.0,0.0,100.0,N/A,N/A
dgrid_001085.txt,1.0,1.0,100.0,1.0,100.0,1.0,100.0,1.0,100.0,N/A,N/A
ego_001085.txt,11.0,11.0,100.0,11.0,100.0,11.0,100.0,N/A,N/A,N/A,N/A
er_001085.txt,3.0,3.0,100.0,3.0,100.0,3.0,100.0,3.0,100.0,N/A,N/A
scale_free_001085.txt,1.0,1.0,100.0,1.0,100.0,1.0,100.0,1.0,100.0,N/A,N/A
dag_001086.txt,0.0,0.0,100.0,0.0,100.0,0.0,100.0,0.0,100.0,N/A,N/A
dgrid_001086.txt,1.0,1.0,100.0,1.0,100.0,1.0,100.0,1.0,100.0,N/A,N/A
ego_001086.txt,2.0,2.0,100.0,2.0,100.0,2.0,100.0,2.0,100.0,N/A,N/A
er_001086.txt,12.0,N/A,N/A,12.0,100.0,12.0,100.0,N/A,N/A,N/A,N/A
scale_free_001086.txt,2.0,2.0,100.0,2.0,100.0,2.0,100.0,2.0,100.0,N/A,N/A
dag_001087.txt,0.0,0.0,100.0,0.0,100.0,0.0,100.0,0.0,100.0,N/A,N/A
dgrid_001087.txt,2.0,2.0,100.0,2.0,100.0,2.0,100.0,2.0,100.0,N/A,N/A
ego_001087.txt,5.0,5.0,100.0,5.0,100.0,5.0,100.0,5.0,100.0,N/A,N/A
er_001087.txt,7.0,7.0,100.0,7.0,100.0,7.0,100.0,7.0,100.0,N/A,N/A
scale_free_001087.txt,1.0,1.0,100.0,1.0,100.0,1.0,100.0,1.0,100.0,N/A,N/A
dag_001088.txt,0.0,0.0,100.0,0.0,100.0,0.0,100.0,0.0,100.0,N/A,N/A
dgrid_001088.txt,1.0,1.0,100.0,1.0,100.0,1.0,100.0,1.0,100.0,N/A,N/A
ego_001088.txt,22.0,N/A,N/A,22.0,100.0,22.0,100.0,N/A,N/A,N/A,N/A
er_001088.txt,3.0,3.0,100.0,3.0,100.0,3.0,100.0,3.0,100.0,N/A,N/A
scale_free_001088.txt,2.0,2.0,100.0,2.0,100.0,2.0,100.0,2.0,100.0,N/A,N/A
dag_001089.txt,0.0,0.0,100.0,0.0,100.0,0.0,100.0,0.0,100.0,N/A,N/A
dgrid_001089.txt,2.0,2.0,100.0,N/A,N/A,2.0,100.0,2.0,100.0,N/A,N/A
ego_001089.txt,1.0,1.0,100.0,1.0,100.0,1.0,100.0,1.0,100.0,N/A,N/A
er_001089.txt,6.0,6.0,100.0,6.0,100.0,6.0,100.0,6.0,100.0,N/A,N/A
scale_free_001089.txt,1.0,1.0,100.0,1.0,100.0,1.0,100.0,1.0,100.0,N/A,N/A
dag_001090.txt,0.0,0.0,100.0,0.0,100.0,0.0,100.0,0.0,100.0,N/A,N/A
dgrid_001090.txt,2.0,2.0,100.0,2.0,100.0,2.0,100.0,2.0,100.0,N/A,N/A
ego_001090.txt,2.0,2.0,100.0,2.0,100.0,2.0,100.0,2.0,100.0,N/A,N/A
er_001090.txt,14.0,N/A,N/A,14.0,100.0,14.0,100.0,N/A,N/A,N/A,N/A
scale_free_001090.txt,1.0,1.0,100.0,1.0,100.0,1.0,100.0,1.0,100.0,N/A,N/A
dag_001091.txt,0.0,0.0,100.0,0.0,100.0,0.0,100.0,0.0,100.0,N/A,N/A
dgrid_001091.txt,1.0,1.0,100.0,1.0,100.0,1.0,100.0,1.0,100.0,N/A,N/A
ego_001091.txt,3.0,3.0,100.0,3.0,100.0,3.0,100.0,3.0,100.0,N/A,N/A
er_001091.txt,11.0,11.0,100.0,11.0,100.0,11.0,100.0,N/A,N/A,N/A,N/A
scale_free_001091.txt,2.0,2.0,100.0,2.0,100.0,2.0,100.0,2.0,100.0,N/A,N/A
dag_001092.txt,0.0,0.0,100.0,0.0,100.0,0.0,100.0,0.0,100.0,N/A,N/A
dgrid_001092.txt,0.0,0.0,100.0,0.0,100.0,0.0,100.0,0.0,100.0,N/A,N/A
ego_001092.txt,0.0,0.0,100.0,0.0,100.0,0.0,100.0,0.0,100.0,N/A,N/A
er_001092.txt,9.0,9.0,100.0,9.0,100.0,9.0,100.0,9.0,100.0,N/A,N/A
scale_free_001092.txt,1.0,1.0,100.0,1.0,100.0,1.0,100.0,1.0,100.0,N/A,N/A
dag_001093.txt,0.0,0.0,100.0,0.0,100.0,0.0,100.0,0.0,100.0,N/A,N/A
dgrid_001093.txt,4.0,4.0,100.0,4.0,100.0,4.0,100.0,4.0,100.0,N/A,N/A
ego_001093.txt,0.0,0.0,100.0,0.0,100.0,0.0,100.0,0.0,100.0,N/A,N/A
er_001093.txt,3.0,3.0,100.0,3.0,100.0,3.0,100.0,3.0,100.0,N/A,N/A
scale_free_001093.txt,1.0,1.0,100.0,1.0,100.0,1.0,100.0,1.0,100.0,N/A,N/A
dag_001094.txt,0.0,0.0,100.0,0.0,100.0,0.0,100.0,0.0,100.0,N/A,N/A
dgrid_001094.txt,3.0,3.0,100.0,3.0,100.0,3.0,100.0,3.0,100.0,N/A,N/A
ego_001094.txt,7.0,7.0,100.0,7.0,100.0,7.0,100.0,N/A,N/A,N/A,N/A
er_001094.txt,12.0,N/A,N/A,12.0,100.0,12.0,100.0,N/A,N/A,N/A,N/A
scale_free_001094.txt,1.0,1.0,100.0,1.0,100.0,1.0,100.0,1.0,100.0,N/A,N/A
dag_001095.txt,0.0,0.0,100.0,0.0,100.0,0.0,100.0,0.0,100.0,N/A,N/A
dgrid_001095.txt,1.0,1.0,100.0,1.0,100.0,1.0,100.0,1.0,100.0,N/A,N/A
ego_001095.txt,0.0,0.0,100.0,0.0,100.0,0.0,100.0,0.0,100.0,N/A,N/A
er_001095.txt,8.0,8.0,100.0,8.0,100.0,8.0,100.0,8.0,100.0,N/A,N/A
scale_free_001095.txt,1.0,1.0,100.0,1.0,100.0,1.0,100.0,1.0,100.0,N/A,N/A
dag_001096.txt,0.0,0.0,100.0,0.0,100.0,0.0,100.0,0.0,100.0,N/A,N/A
dgrid_001096.txt,4.0,4.0,100.0,4.0,100.0,4.0,100.0,4.0,100.0,N/A,N/A
ego_001096.txt,2.0,2.0,100.0,2.0,100.0,2.0,100.0,2.0,100.0,N/A,N/A
er_001096.txt,17.0,N/A,N/A,17.0,100.0,17.0,100.0,N/A,N/A,N/A,N/A
scale_free_001096.txt,1.0,1.0,100.0,1.0,100.0,1.0,100.0,1.0,100.0,N/A,N/A
dag_001097.txt,0.0,0.0,100.0,0.0,100.0,0.0,100.0,0.0,100.0,N/A,N/A
dgrid_001097.txt,1.0,1.0,100.0,1.0,100.0,1.0,100.0,1.0,100.0,N/A,N/A
ego_001097.txt,6.0,6.0,100.0,6.0,100.0,6.0,100.0,6.0,100.0,N/A,N/A
er_001097.txt,5.0,5.0,100.0,5.0,100.0,5.0,100.0,5.0,100.0,N/A,N/A
scale_free_001097.txt,2.0,2.0,100.0,2.0,100.0,2.0,100.0,2.0,100.0,N/A,N/A
dag_001098.txt,0.0,0.0,100.0,0.0,100.0,0.0,100.0,0.0,100.0,N/A,N/A
dgrid_001098.txt,2.0,2.0,100.0,2.0,100.0,2.0,100.0,2.0,100.0,N/A,N/A
ego_001098.txt,5.0,5.0,100.0,5.0,100.0,5.0,100.0,5.0,100.0,N/A,N/A
er_001098.txt,17.0,N/A,N/A,17.0,100.0,17.0,100.0,N/A,N/A,N/A,N/A
scale_free_001098.txt,1.0,1.0,100.0,1.0,100.0,1.0,100.0,1.0,100.0,N/A,N/A
dag_001099.txt,0.0,0.0,100.0,0.0,100.0,0.0,100.0,0.0,100.0,N/A,N/A
dgrid_001099.txt,4.0,4.0,100.0,4.0,100.0,4.0,100.0,4.0,100.0,N/A,N/A
ego_001099.txt,8.0,8.0,100.0,8.0,100.0,8.0,100.0,8.0,100.0,N/A,N/A
er_001099.txt,8.0,8.0,100.0,8.0,100.0,8.0,100.0,8.0,100.0,N/A,N/A
scale_free_001099.txt,1.0,1.0,100.0,1.0,100.0,1.0,100.0,1.0,100.0,N/A,N/A
dag_001100.txt,0.0,0.0,100.0,0.0,100.0,0.0,100.0,0.0,100.0,N/A,N/A
dgrid_001100.txt,3.0,3.0,100.0,3.0,100.0,3.0,100.0,3.0,100.0,N/A,N/A
ego_001100.txt,3.0,3.0,100.0,3.0,100.0,3.0,100.0,3.0,100.0,N/A,N/A
er_001100.txt,17.0,N/A,N/A,17.0,100.0,17.0,100.0,N/A,N/A,N/A,N/A
scale_free_001100.txt,2.0,2.0,100.0,2.0,100.0,2.0,100.0,2.0,100.0,N/A,N/A
dag_001101.txt,0.0,0.0,100.0,0.0,100.0,0.0,100.0,0.0,100.0,N/A,N/A
dgrid_001101.txt,3.0,3.0,100.0,3.0,100.0,3.0,100.0,3.0,100.0,N/A,N/A
ego_001101.txt,1.0,1.0,100.0,1.0,100.0,1.0,100.0,1.0,100.0,N/A,N/A
er_001101.txt,2.0,2.0,100.0,2.0,100.0,2.0,100.0,2.0,100.0,N/A,N/A
scale_free_001101.txt,1.0,1.0,100.0,1.0,100.0,1.0,100.0,1.0,100.0,N/A,N/A
dag_001102.txt,0.0,0.0,100.0,0.0,100.0,0.0,100.0,0.0,100.0,N/A,N/A
dgrid_001102.txt,1.0,1.0,100.0,1.0,100.0,1.0,100.0,1.0,100.0,N/A,N/A
ego_001102.txt,12.0,12.0,100.0,12.0,100.0,12.0,100.0,N/A,N/A,N/A,N/A
er_001102.txt,6.0,6.0,100.0,6.0,100.0,6.0,100.0,6.0,100.0,N/A,N/A
scale_free_001102.txt,1.0,1.0,100.0,1.0,100.0,1.0,100.0,1.0,100.0,N/A,N/A
dag_001103.txt,0.0,0.0,100.0,0.0,100.0,0.0,100.0,0.0,100.0,N/A,N/A
dgrid_001103.txt,1.0,1.0,100.0,1.0,100.0,1.0,100.0,1.0,100.0,N/A,N/A
ego_001103.txt,12.0,12.0,100.0,12.0,100.0,12.0,100.0,N/A,N/A,N/A,N/A
er_001103.txt,6.0,6.0,100.0,6.0,100.0,6.0,100.0,6.0,100.0,N/A,N/A
scale_free_001103.txt,1.0,1.0,100.0,1.0,100.0,1.0,100.0,1.0,100.0,N/A,N/A
dag_001104.txt,0.0,0.0,100.0,0.0,100.0,0.0,100.0,0.0,100.0,N/A,N/A
dgrid_001104.txt,3.0,3.0,100.0,3.0,100.0,3.0,100.0,3.0,100.0,N/A,N/A
ego_001104.txt,2.0,2.0,100.0,2.0,100.0,2.0,100.0,2.0,100.0,N/A,N/A
er_001104.txt,7.0,7.0,100.0,7.0,100.0,7.0,100.0,7.0,100.0,N/A,N/A
scale_free_001104.txt,1.0,1.0,100.0,1.0,100.0,1.0,100.0,1.0,100.0,N/A,N/A
dag_001105.txt,0.0,0.0,100.0,0.0,100.0,0.0,100.0,0.0,100.0,N/A,N/A
dgrid_001105.txt,2.0,2.0,100.0,2.0,100.0,2.0,100.0,2.0,100.0,N/A,N/A
ego_001105.txt,3.0,3.0,100.0,3.0,100.0,3.0,100.0,3.0,100.0,N/A,N/A
er_001105.txt,4.0,4.0,100.0,4.0,100.0,4.0,100.0,4.0,100.0,N/A,N/A
scale_free_001105.txt,1.0,1.0,100.0,1.0,100.0,1.0,100.0,1.0,100.0,N/A,N/A
dag_001106.txt,0.0,0.0,100.0,0.0,100.0,0.0,100.0,0.0,100.0,N/A,N/A
dgrid_001106.txt,4.0,4.0,100.0,4.0,100.0,4.0,100.0,4.0,100.0,N/A,N/A
ego_001106.txt,7.0,7.0,100.0,7.0,100.0,7.0,100.0,7.0,100.0,N/A,N/A
er_001106.txt,4.0,4.0,100.0,4.0,100.0,4.0,100.0,4.0,100.0,N/A,N/A
scale_free_001106.txt,1.0,1.0,100.0,1.0,100.0,1.0,100.0,1.0,100.0,N/A,N/A
dag_001107.txt,0.0,0.0,100.0,0.0,100.0,0.0,100.0,0.0,100.0,N/A,N/A
dgrid_001107.txt,2.0,2.0,100.0,2.0,100.0,2.0,100.0,2.0,100.0,N/A,N/A
ego_001107.txt,10.0,10.0,100.0,10.0,100.0,10.0,100.0,N/A,N/A,N/A,N/A
er_001107.txt,1.0,1.0,100.0,1.0,100.0,1.0,100.0,1.0,100.0,N/A,N/A
scale_free_001107.txt,2.0,2.0,100.0,2.0,100.0,2.0,100.0,2.0,100.0,N/A,N/A
dag_001108.txt,0.0,0.0,100.0,0.0,100.0,0.0,100.0,0.0,100.0,N/A,N/A
dgrid_001108.txt,3.0,3.0,100.0,3.0,100.0,3.0,100.0,3.0,100.0,N/A,N/A
ego_001108.txt,10.0,10.0,100.0,10.0,100.0,10.0,100.0,10.0,100.0,N/A,N/A
er_001108.txt,6.0,6.0,100.0,6.0,100.0,6.0,100.0,6.0,100.0,N/A,N/A
scale_free_001108.txt,1.0,1.0,100.0,1.0,100.0,1.0,100.0,1.0,100.0,N/A,N/A
dag_001109.txt,0.0,0.0,100.0,0.0,100.0,0.0,100.0,0.0,100.0,N/A,N/A
dgrid_001109.txt,1.0,1.0,100.0,1.0,100.0,1.0,100.0,1.0,100.0,N/A,N/A
ego_001109.txt,9.0,9.0,100.0,9.0,100.0,9.0,100.0,N/A,N/A,N/A,N/A
er_001109.txt,5.0,5.0,100.0,5.0,100.0,5.0,100.0,5.0,100.0,N/A,N/A
scale_free_001109.txt,1.0,1.0,100.0,1.0,100.0,1.0,100.0,1.0,100.0,N/A,N/A
dag_001110.txt,0.0,0.0,100.0,0.0,100.0,0.0,100.0,0.0,100.0,N/A,N/A
dgrid_001110.txt,1.0,1.0,100.0,1.0,100.0,1.0,100.0,1.0,100.0,N/A,N/A
ego_001110.txt,0.0,0.0,100.0,0.0,100.0,0.0,100.0,0.0,100.0,N/A,N/A
er_001110.txt,13.0,N/A,N/A,13.0,100.0,13.0,100.0,N/A,N/A,N/A,N/A
scale_free_001110.txt,2.0,2.0,100.0,2.0,100.0,2.0,100.0,2.0,100.0,N/A,N/A
dag_001111.txt,0.0,0.0,100.0,0.0,100.0,0.0,100.0,0.0,100.0,N/A,N/A
dgrid_001111.txt,1.0,1.0,100.0,1.0,100.0,1.0,100.0,1.0,100.0,N/A,N/A
ego_001111.txt,1.0,1.0,100.0,1.0,100.0,1.0,100.0,1.0,100.0,N/A,N/A
er_001111.txt,11.0,11.0,100.0,11.0,100.0,11.0,100.0,N/A,N/A,N/A,N/A
scale_free_001111.txt,3.0,3.0,100.0,3.0,100.0,3.0,100.0,3.0,100.0,N/A,N/A
dag_001112.txt,0.0,0.0,100.0,0.0,100.0,0.0,100.0,0.0,100.0,N/A,N/A
dgrid_001112.txt,1.0,1.0,100.0,1.0,100.0,1.0,100.0,1.0,100.0,N/A,N/A
ego_001112.txt,7.0,7.0,100.0,7.0,100.0,7.0,100.0,7.0,100.0,N/A,N/A
er_001112.txt,5.0,5.0,100.0,5.0,100.0,5.0,100.0,5.0,100.0,N/A,N/A
scale_free_001112.txt,2.0,2.0,100.0,2.0,100.0,2.0,100.0,2.0,100.0,N/A,N/A
dag_001113.txt,0.0,0.0,100.0,0.0,100.0,0.0,100.0,0.0,100.0,N/A,N/A
dgrid_001113.txt,0.0,0.0,100.0,0.0,100.0,0.0,100.0,0.0,100.0,N/A,N/A
ego_001113.txt,6.0,6.0,100.0,6.0,100.0,6.0,100.0,6.0,100.0,N/A,N/A
er_001113.txt,6.0,6.0,100.0,6.0,100.0,6.0,100.0,6.0,100.0,N/A,N/A
scale_free_001113.txt,1.0,1.0,100.0,1.0,100.0,1.0,100.0,1.0,100.0,N/A,N/A
dag_001114.txt,0.0,0.0,100.0,0.0,100.0,0.0,100.0,0.0,100.0,N/A,N/A
dgrid_001114.txt,2.0,2.0,100.0,2.0,100.0,2.0,100.0,2.0,100.0,N/A,N/A
ego_001114.txt,3.0,3.0,100.0,3.0,100.0,3.0,100.0,3.0,100.0,N/A,N/A
er_001114.txt,8.0,8.0,100.0,8.0,100.0,8.0,100.0,N/A,N/A,N/A,N/A
scale_free_001114.txt,1.0,1.0,100.0,1.0,100.0,1.0,100.0,1.0,100.0,N/A,N/A
dag_001115.txt,0.0,0.0,100.0,0.0,100.0,0.0,100.0,0.0,100.0,N/A,N/A
dgrid_001115.txt,1.0,1.0,100.0,1.0,100.0,1.0,100.0,1.0,100.0,N/A,N/A
ego_001115.txt,17.0,17.0,100.0,17.0,100.0,17.0,100.0,N/A,N/A,N/A,N/A
er_001115.txt,7.0,7.0,100.0,7.0,100.0,7.0,100.0,7.0,100.0,N/A,N/A
scale_free_001115.txt,2.0,2.0,100.0,2.0,100.0,2.0,100.0,2.0,100.0,N/A,N/A
dag_001116.txt,0.0,0.0,100.0,0.0,100.0,0.0,100.0,0.0,100.0,N/A,N/A
dgrid_001116.txt,3.0,3.0,100.0,3.0,100.0,3.0,100.0,3.0,100.0,N/A,N/A
ego_001116.txt,3.0,3.0,100.0,3.0,100.0,3.0,100.0,3.0,100.0,N/A,N/A
er_001116.txt,9.0,9.0,100.0,9.0,100.0,9.0,100.0,9.0,100.0,N/A,N/A
scale_free_001116.txt,1.0,1.0,100.0,1.0,100.0,1.0,100.0,1.0,100.0,N/A,N/A
dag_001117.txt,0.0,0.0,100.0,0.0,100.0,0.0,100.0,0.0,100.0,N/A,N/A
dgrid_001117.txt,0.0,0.0,100.0,0.0,100.0,0.0,100.0,0.0,100.0,N/A,N/A
ego_001117.txt,10.0,10.0,100.0,10.0,100.0,10.0,100.0,N/A,N/A,N/A,N/A
er_001117.txt,2.0,2.0,100.0,2.0,100.0,2.0,100.0,2.0,100.0,N/A,N/A
scale_free_001117.txt,1.0,1.0,100.0,1.0,100.0,1.0,100.0,1.0,100.0,N/A,N/A
dag_001118.txt,0.0,0.0,100.0,0.0,100.0,0.0,100.0,0.0,100.0,N/A,N/A
dgrid_001118.txt,3.0,3.0,100.0,3.0,100.0,3.0,100.0,3.0,100.0,N/A,N/A
ego_001118.txt,2.0,2.0,100.0,2.0,100.0,2.0,100.0,2.0,100.0,N/A,N/A
er_001118.txt,7.0,7.0,100.0,7.0,100.0,7.0,100.0,7.0,100.0,N/A,N/A
scale_free_001118.txt,1.0,1.0,100.0,1.0,100.0,1.0,100.0,1.0,100.0,N/A,N/A
dag_001119.txt,0.0,0.0,100.0,0.0,100.0,0.0,100.0,0.0,100.0,N/A,N/A
dgrid_001119.txt,1.0,1.0,100.0,1.0,100.0,1.0,100.0,1.0,100.0,N/A,N/A
ego_001119.txt,2.0,2.0,100.0,2.0,100.0,2.0,100.0,2.0,100.0,N/A,N/A
er_001119.txt,6.0,6.0,100.0,6.0,100.0,6.0,100.0,6.0,100.0,N/A,N/A
scale_free_001119.txt,1.0,1.0,100.0,1.0,100.0,1.0,100.0,1.0,100.0,N/A,N/A
dag_001120.txt,0.0,0.0,100.0,0.0,100.0,0.0,100.0,0.0,100.0,N/A,N/A
dgrid_001120.txt,1.0,1.0,100.0,1.0,100.0,1.0,100.0,1.0,100.0,N/A,N/A
ego_001120.txt,9.0,9.0,100.0,9.0,100.0,9.0,100.0,9.0,100.0,N/A,N/A
er_001120.txt,0.0,0.0,100.0,0.0,100.0,0.0,100.0,0.0,100.0,N/A,N/A
scale_free_001120.txt,1.0,1.0,100.0,1.0,100.0,1.0,100.0,1.0,100.0,N/A,N/A
dag_001121.txt,0.0,0.0,100.0,0.0,100.0,0.0,100.0,0.0,100.0,N/A,N/A
dgrid_001121.txt,1.0,1.0,100.0,1.0,100.0,1.0,100.0,1.0,100.0,N/A,N/A
ego_001121.txt,11.0,11.0,100.0,11.0,100.0,11.0,100.0,N/A,N/A,N/A,N/A
er_001121.txt,4.0,4.0,100.0,4.0,100.0,4.0,100.0,4.0,100.0,N/A,N/A
scale_free_001121.txt,2.0,2.0,100.0,2.0,100.0,2.0,100.0,2.0,100.0,N/A,N/A
dag_001122.txt,0.0,0.0,100.0,0.0,100.0,0.0,100.0,0.0,100.0,N/A,N/A
dgrid_001122.txt,2.0,2.0,100.0,2.0,100.0,2.0,100.0,2.0,100.0,N/A,N/A
ego_001122.txt,8.0,8.0,100.0,8.0,100.0,8.0,100.0,8.0,100.0,N/A,N/A
er_001122.txt,7.0,7.0,100.0,7.0,100.0,7.0,100.0,7.0,100.0,N/A,N/A
scale_free_001122.txt,1.0,1.0,100.0,1.0,100.0,1.0,100.0,1.0,100.0,N/A,N/A
dag_001123.txt,0.0,0.0,100.0,0.0,100.0,0.0,100.0,0.0,100.0,N/A,N/A
dgrid_001123.txt,5.0,5.0,100.0,5.0,100.0,5.0,100.0,5.0,100.0,N/A,N/A
ego_001123.txt,10.0,10.0,100.0,10.0,100.0,10.0,100.0,N/A,N/A,N/A,N/A
er_001123.txt,19.0,N/A,N/A,19.0,100.0,19.0,100.0,N/A,N/A,N/A,N/A
scale_free_001123.txt,1.0,1.0,100.0,1.0,100.0,1.0,100.0,1.0,100.0,N/A,N/A
dag_001124.txt,0.0,0.0,100.0,0.0,100.0,0.0,100.0,0.0,100.0,N/A,N/A
dgrid_001124.txt,2.0,2.0,100.0,2.0,100.0,2.0,100.0,2.0,100.0,N/A,N/A
ego_001124.txt,11.0,11.0,100.0,11.0,100.0,11.0,100.0,N/A,N/A,N/A,N/A
er_001124.txt,1.0,1.0,100.0,1.0,100.0,1.0,100.0,1.0,100.0,N/A,N/A
scale_free_001124.txt,2.0,2.0,100.0,2.0,100.0,2.0,100.0,2.0,100.0,N/A,N/A
dag_001125.txt,0.0,0.0,100.0,0.0,100.0,0.0,100.0,0.0,100.0,N/A,N/A
dgrid_001125.txt,4.0,4.0,100.0,4.0,100.0,4.0,100.0,4.0,100.0,N/A,N/A
ego_001125.txt,6.0,6.0,100.0,6.0,100.0,6.0,100.0,6.0,100.0,N/A,N/A
er_001125.txt,8.0,8.0,100.0,8.0,100.0,8.0,100.0,N/A,N/A,N/A,N/A
scale_free_001125.txt,1.0,1.0,100.0,1.0,100.0,1.0,100.0,1.0,100.0,N/A,N/A
dag_001126.txt,0.0,0.0,100.0,0.0,100.0,0.0,100.0,0.0,100.0,N/A,N/A
dgrid_001126.txt,2.0,2.0,100.0,2.0,100.0,2.0,100.0,2.0,100.0,N/A,N/A
ego_001126.txt,13.0,13.0,100.0,13.0,100.0,13.0,100.0,N/A,N/A,N/A,N/A
er_001126.txt,5.0,5.0,100.0,5.0,100.0,5.0,100.0,5.0,100.0,N/A,N/A
scale_free_001126.txt,1.0,1.0,100.0,1.0,100.0,1.0,100.0,1.0,100.0,N/A,N/A
dag_001127.txt,0.0,0.0,100.0,0.0,100.0,0.0,100.0,0.0,100.0,N/A,N/A
dgrid_001127.txt,7.0,7.0,100.0,7.0,100.0,7.0,100.0,N/A,N/A,N/A,N/A
ego_001127.txt,2.0,2.0,100.0,2.0,100.0,2.0,100.0,2.0,100.0,N/A,N/A
er_001127.txt,12.0,12.0,100.0,12.0,100.0,12.0,100.0,N/A,N/A,N/A,N/A
scale_free_001127.txt,2.0,2.0,100.0,2.0,100.0,2.0,100.0,2.0,100.0,N/A,N/A
dag_001128.txt,0.0,0.0,100.0,0.0,100.0,0.0,100.0,0.0,100.0,N/A,N/A
dgrid_001128.txt,0.0,0.0,100.0,0.0,100.0,0.0,100.0,0.0,100.0,N/A,N/A
ego_001128.txt,10.0,10.0,100.0,10.0,100.0,10.0,100.0,N/A,N/A,N/A,N/A
er_001128.txt,15.0,N/A,N/A,15.0,100.0,16.0,93.75,N/A,N/A,N/A,N/A
scale_free_001128.txt,1.0,1.0,100.0,1.0,100.0,1.0,100.0,1.0,100.0,N/A,N/A
dag_001129.txt,0.0,0.0,100.0,0.0,100.0,0.0,100.0,0.0,100.0,N/A,N/A
dgrid_001129.txt,4.0,4.0,100.0,4.0,100.0,4.0,100.0,4.0,100.0,N/A,N/A
ego_001129.txt,8.0,8.0,100.0,8.0,100.0,8.0,100.0,N/A,N/A,N/A,N/A
er_001129.txt,17.0,N/A,N/A,17.0,100.0,17.0,100.0,N/A,N/A,N/A,N/A
scale_free_001129.txt,1.0,1.0,100.0,1.0,100.0,1.0,100.0,1.0,100.0,N/A,N/A
dag_001130.txt,0.0,0.0,100.0,0.0,100.0,0.0,100.0,0.0,100.0,N/A,N/A
dgrid_001130.txt,1.0,1.0,100.0,1.0,100.0,1.0,100.0,1.0,100.0,N/A,N/A
ego_001130.txt,7.0,7.0,100.0,7.0,100.0,7.0,100.0,7.0,100.0,N/A,N/A
er_001130.txt,14.0,N/A,N/A,14.0,100.0,14.0,100.0,N/A,N/A,N/A,N/A
scale_free_001130.txt,2.0,2.0,100.0,2.0,100.0,2.0,100.0,2.0,100.0,N/A,N/A
dag_001131.txt,0.0,0.0,100.0,0.0,100.0,0.0,100.0,0.0,100.0,N/A,N/A
dgrid_001131.txt,0.0,0.0,100.0,0.0,100.0,0.0,100.0,0.0,100.0,N/A,N/A
ego_001131.txt,2.0,2.0,100.0,2.0,100.0,2.0,100.0,2.0,100.0,N/A,N/A
er_001131.txt,15.0,N/A,N/A,15.0,100.0,15.0,100.0,N/A,N/A,N/A,N/A
scale_free_001131.txt,2.0,2.0,100.0,2.0,100.0,2.0,100.0,2.0,100.0,N/A,N/A
dag_001132.txt,0.0,0.0,100.0,0.0,100.0,0.0,100.0,0.0,100.0,N/A,N/A
dgrid_001132.txt,2.0,2.0,100.0,2.0,100.0,2.0,100.0,2.0,100.0,N/A,N/A
ego_001132.txt,15.0,N/A,N/A,15.0,100.0,15.0,100.0,N/A,N/A,N/A,N/A
er_001132.txt,14.0,N/A,N/A,14.0,100.0,14.0,100.0,N/A,N/A,N/A,N/A
scale_free_001132.txt,1.0,1.0,100.0,1.0,100.0,1.0,100.0,1.0,100.0,N/A,N/A
dag_001133.txt,0.0,0.0,100.0,0.0,100.0,0.0,100.0,0.0,100.0,N/A,N/A
dgrid_001133.txt,2.0,2.0,100.0,2.0,100.0,2.0,100.0,2.0,100.0,N/A,N/A
ego_001133.txt,0.0,0.0,100.0,0.0,100.0,0.0,100.0,0.0,100.0,N/A,N/A
er_001133.txt,6.0,6.0,100.0,6.0,100.0,6.0,100.0,6.0,100.0,N/A,N/A
scale_free_001133.txt,2.0,2.0,100.0,2.0,100.0,2.0,100.0,2.0,100.0,N/A,N/A
dag_001134.txt,0.0,0.0,100.0,0.0,100.0,0.0,100.0,0.0,100.0,N/A,N/A
dgrid_001134.txt,4.0,4.0,100.0,4.0,100.0,4.0,100.0,4.0,100.0,N/A,N/A
ego_001134.txt,0.0,0.0,100.0,0.0,100.0,0.0,100.0,0.0,100.0,N/A,N/A
er_001134.txt,1.0,1.0,100.0,1.0,100.0,1.0,100.0,1.0,100.0,N/A,N/A
scale_free_001134.txt,1.0,1.0,100.0,1.0,100.0,1.0,100.0,1.0,100.0,N/A,N/A
dag_001135.txt,0.0,0.0,100.0,0.0,100.0,0.0,100.0,0.0,100.0,N/A,N/A
dgrid_001135.txt,3.0,3.0,100.0,3.0,100.0,3.0,100.0,3.0,100.0,N/A,N/A
ego_001135.txt,4.0,4.0,100.0,4.0,100.0,4.0,100.0,4.0,100.0,N/A,N/A
er_001135.txt,17.0,N/A,N/A,17.0,100.0,17.0,100.0,N/A,N/A,N/A,N/A
scale_free_001135.txt,1.0,1.0,100.0,1.0,100.0,1.0,100.0,1.0,100.0,N/A,N/A
dag_001136.txt,0.0,0.0,100.0,0.0,100.0,0.0,100.0,0.0,100.0,N/A,N/A
dgrid_001136.txt,3.0,3.0,100.0,3.0,100.0,3.0,100.0,3.0,100.0,N/A,N/A
ego_001136.txt,12.0,12.0,100.0,12.0,100.0,12.0,100.0,N/A,N/A,N/A,N/A
er_001136.txt,2.0,2.0,100.0,2.0,100.0,2.0,100.0,2.0,100.0,N/A,N/A
scale_free_001136.txt,1.0,1.0,100.0,1.0,100.0,1.0,100.0,1.0,100.0,N/A,N/A
dag_001137.txt,0.0,0.0,100.0,0.0,100.0,0.0,100.0,0.0,100.0,N/A,N/A
dgrid_001137.txt,4.0,4.0,100.0,4.0,100.0,4.0,100.0,4.0,100.0,N/A,N/A
ego_001137.txt,7.0,7.0,100.0,7.0,100.0,7.0,100.0,N/A,N/A,N/A,N/A
er_001137.txt,7.0,7.0,100.0,7.0,100.0,8.0,87.5,7.0,100.0,N/A,N/A
scale_free_001137.txt,2.0,2.0,100.0,2.0,100.0,2.0,100.0,2.0,100.0,N/A,N/A
dag_001138.txt,0.0,0.0,100.0,0.0,100.0,0.0,100.0,0.0,100.0,N/A,N/A
dgrid_001138.txt,3.0,3.0,100.0,3.0,100.0,3.0,100.0,3.0,100.0,N/A,N/A
ego_001138.txt,8.0,8.0,100.0,8.0,100.0,8.0,100.0,N/A,N/A,N/A,N/A
er_001138.txt,4.0,4.0,100.0,4.0,100.0,4.0,100.0,4.0,100.0,N/A,N/A
scale_free_001138.txt,1.0,1.0,100.0,1.0,100.0,1.0,100.0,1.0,100.0,N/A,N/A
dag_001139.txt,0.0,0.0,100.0,0.0,100.0,0.0,100.0,0.0,100.0,N/A,N/A
dgrid_001139.txt,4.0,4.0,100.0,4.0,100.0,4.0,100.0,4.0,100.0,N/A,N/A
ego_001139.txt,8.0,8.0,100.0,8.0,100.0,8.0,100.0,N/A,N/A,N/A,N/A
er_001139.txt,10.0,N/A,N/A,10.0,100.0,10.0,100.0,N/A,N/A,N/A,N/A
scale_free_001139.txt,1.0,1.0,100.0,1.0,100.0,1.0,100.0,1.0,100.0,N/A,N/A
dag_001140.txt,0.0,0.0,100.0,0.0,100.0,0.0,100.0,0.0,100.0,N/A,N/A
dgrid_001140.txt,1.0,1.0,100.0,1.0,100.0,1.0,100.0,1.0,100.0,N/A,N/A
ego_001140.txt,16.0,N/A,N/A,16.0,100.0,16.0,100.0,N/A,N/A,N/A,N/A
er_001140.txt,4.0,4.0,100.0,4.0,100.0,4.0,100.0,4.0,100.0,N/A,N/A
scale_free_001140.txt,1.0,1.0,100.0,1.0,100.0,1.0,100.0,1.0,100.0,N/A,N/A
dag_001141.txt,0.0,0.0,100.0,0.0,100.0,0.0,100.0,0.0,100.0,N/A,N/A
dgrid_001141.txt,2.0,2.0,100.0,2.0,100.0,2.0,100.0,2.0,100.0,N/A,N/A
ego_001141.txt,6.0,6.0,100.0,6.0,100.0,6.0,100.0,6.0,100.0,N/A,N/A
er_001141.txt,4.0,4.0,100.0,4.0,100.0,4.0,100.0,4.0,100.0,N/A,N/A
scale_free_001141.txt,1.0,1.0,100.0,1.0,100.0,1.0,100.0,1.0,100.0,N/A,N/A
dag_001142.txt,0.0,0.0,100.0,0.0,100.0,0.0,100.0,0.0,100.0,N/A,N/A
dgrid_001142.txt,0.0,0.0,100.0,0.0,100.0,0.0,100.0,0.0,100.0,N/A,N/A
ego_001142.txt,0.0,0.0,100.0,0.0,100.0,0.0,100.0,0.0,100.0,N/A,N/A
er_001142.txt,4.0,4.0,100.0,4.0,100.0,4.0,100.0,4.0,100.0,N/A,N/A
scale_free_001142.txt,1.0,1.0,100.0,1.0,100.0,1.0,100.0,1.0,100.0,N/A,N/A
dag_001143.txt,0.0,0.0,100.0,0.0,100.0,0.0,100.0,0.0,100.0,N/A,N/A
dgrid_001143.txt,2.0,2.0,100.0,2.0,100.0,2.0,100.0,2.0,100.0,N/A,N/A
ego_001143.txt,0.0,0.0,100.0,0.0,100.0,0.0,100.0,0.0,100.0,N/A,N/A
er_001143.txt,6.0,6.0,100.0,6.0,100.0,6.0,100.0,6.0,100.0,N/A,N/A
scale_free_001143.txt,1.0,1.0,100.0,1.0,100.0,1.0,100.0,1.0,100.0,N/A,N/A
dag_001144.txt,0.0,0.0,100.0,0.0,100.0,0.0,100.0,0.0,100.0,N/A,N/A
dgrid_001144.txt,1.0,1.0,100.0,1.0,100.0,1.0,100.0,1.0,100.0,N/A,N/A
ego_001144.txt,2.0,2.0,100.0,2.0,100.0,2.0,100.0,2.0,100.0,N/A,N/A
er_001144.txt,5.0,5.0,100.0,5.0,100.0,5.0,100.0,5.0,100.0,N/A,N/A
scale_free_001144.txt,1.0,1.0,100.0,1.0,100.0,1.0,100.0,1.0,100.0,N/A,N/A
dag_001145.txt,0.0,0.0,100.0,0.0,100.0,0.0,100.0,0.0,100.0,N/A,N/A
dgrid_001145.txt,3.0,3.0,100.0,3.0,100.0,3.0,100.0,3.0,100.0,N/A,N/A
ego_001145.txt,2.0,2.0,100.0,2.0,100.0,2.0,100.0,2.0,100.0,N/A,N/A
er_001145.txt,9.0,9.0,100.0,9.0,100.0,9.0,100.0,9.0,100.0,N/A,N/A
scale_free_001145.txt,1.0,1.0,100.0,1.0,100.0,1.0,100.0,1.0,100.0,N/A,N/A
dag_001146.txt,0.0,0.0,100.0,0.0,100.0,0.0,100.0,0.0,100.0,N/A,N/A
dgrid_001146.txt,1.0,1.0,100.0,1.0,100.0,1.0,100.0,1.0,100.0,N/A,N/A
ego_001146.txt,16.0,16.0,100.0,16.0,100.0,16.0,100.0,N/A,N/A,N/A,N/A
er_001146.txt,13.0,N/A,N/A,13.0,100.0,14.0,92.8571,N/A,N/A,N/A,N/A
scale_free_001146.txt,1.0,1.0,100.0,1.0,100.0,1.0,100.0,1.0,100.0,N/A,N/A
dag_001147.txt,0.0,0.0,100.0,0.0,100.0,0.0,100.0,0.0,100.0,N/A,N/A
dgrid_001147.txt,0.0,0.0,100.0,0.0,100.0,0.0,100.0,0.0,100.0,N/A,N/A
ego_001147.txt,0.0,0.0,100.0,0.0,100.0,0.0,100.0,0.0,100.0,N/A,N/A
er_001147.txt,3.0,3.0,100.0,3.0,100.0,3.0,100.0,3.0,100.0,N/A,N/A
scale_free_001147.txt,1.0,1.0,100.0,1.0,100.0,1.0,100.0,1.0,100.0,N/A,N/A
dag_001148.txt,0.0,0.0,100.0,0.0,100.0,0.0,100.0,0.0,100.0,N/A,N/A
dgrid_001148.txt,0.0,0.0,100.0,0.0,100.0,0.0,100.0,0.0,100.0,N/A,N/A
ego_001148.txt,9.0,9.0,100.0,9.0,100.0,9.0,100.0,N/A,N/A,N/A,N/A
er_001148.txt,2.0,2.0,100.0,2.0,100.0,2.0,100.0,2.0,100.0,N/A,N/A
scale_free_001148.txt,1.0,1.0,100.0,1.0,100.0,1.0,100.0,1.0,100.0,N/A,N/A
dag_001149.txt,0.0,0.0,100.0,0.0,100.0,0.0,100.0,0.0,100.0,N/A,N/A
dgrid_001149.txt,3.0,3.0,100.0,3.0,100.0,3.0,100.0,3.0,100.0,N/A,N/A
ego_001149.txt,7.0,7.0,100.0,7.0,100.0,7.0,100.0,N/A,N/A,N/A,N/A
er_001149.txt,8.0,8.0,100.0,8.0,100.0,8.0,100.0,8.0,100.0,N/A,N/A
scale_free_001149.txt,1.0,1.0,100.0,1.0,100.0,1.0,100.0,1.0,100.0,N/A,N/A
dag_001150.txt,0.0,0.0,100.0,0.0,100.0,0.0,100.0,0.0,100.0,N/A,N/A
dgrid_001150.txt,1.0,1.0,100.0,1.0,100.0,1.0,100.0,1.0,100.0,N/A,N/A
ego_001150.txt,9.0,9.0,100.0,9.0,100.0,9.0,100.0,N/A,N/A,N/A,N/A
er_001150.txt,14.0,N/A,N/A,14.0,100.0,14.0,100.0,N/A,N/A,N/A,N/A
scale_free_001150.txt,1.0,1.0,100.0,1.0,100.0,1.0,100.0,1.0,100.0,N/A,N/A
dag_001151.txt,0.0,0.0,100.0,0.0,100.0,0.0,100.0,0.0,100.0,N/A,N/A
dgrid_001151.txt,3.0,3.0,100.0,3.0,100.0,3.0,100.0,3.0,100.0,N/A,N/A
ego_001151.txt,4.0,4.0,100.0,4.0,100.0,4.0,100.0,4.0,100.0,N/A,N/A
er_001151.txt,3.0,3.0,100.0,3.0,100.0,3.0,100.0,3.0,100.0,N/A,N/A
scale_free_001151.txt,1.0,1.0,100.0,1.0,100.0,1.0,100.0,1.0,100.0,N/A,N/A
dag_001152.txt,0.0,0.0,100.0,0.0,100.0,0.0,100.0,0.0,100.0,N/A,N/A
dgrid_001152.txt,1.0,1.0,100.0,1.0,100.0,1.0,100.0,1.0,100.0,N/A,N/A
ego_001152.txt,1.0,1.0,100.0,1.0,100.0,1.0,100.0,1.0,100.0,N/A,N/A
er_001152.txt,9.0,9.0,100.0,9.0,100.0,9.0,100.0,9.0,100.0,N/A,N/A
scale_free_001152.txt,1.0,1.0,100.0,1.0,100.0,1.0,100.0,1.0,100.0,N/A,N/A
dag_001153.txt,0.0,0.0,100.0,0.0,100.0,0.0,100.0,0.0,100.0,N/A,N/A
dgrid_001153.txt,2.0,2.0,100.0,2.0,100.0,2.0,100.0,2.0,100.0,N/A,N/A
ego_001153.txt,2.0,2.0,100.0,2.0,100.0,2.0,100.0,2.0,100.0,N/A,N/A
er_001153.txt,8.0,8.0,100.0,8.0,100.0,8.0,100.0,8.0,100.0,N/A,N/A
scale_free_001153.txt,1.0,1.0,100.0,1.0,100.0,1.0,100.0,1.0,100.0,N/A,N/A
dag_001154.txt,0.0,0.0,100.0,0.0,100.0,0.0,100.0,0.0,100.0,N/A,N/A
dgrid_001154.txt,0.0,0.0,100.0,0.0,100.0,0.0,100.0,0.0,100.0,N/A,N/A
ego_001154.txt,16.0,16.0,100.0,16.0,100.0,16.0,100.0,N/A,N/A,N/A,N/A
er_001154.txt,15.0,N/A,N/A,15.0,100.0,15.0,100.0,N/A,N/A,N/A,N/A
scale_free_001154.txt,1.0,1.0,100.0,1.0,100.0,1.0,100.0,1.0,100.0,N/A,N/A
dag_001155.txt,0.0,0.0,100.0,0.0,100.0,0.0,100.0,0.0,100.0,N/A,N/A
dgrid_001155.txt,5.0,5.0,100.0,5.0,100.0,5.0,100.0,5.0,100.0,N/A,N/A
ego_001155.txt,0.0,0.0,100.0,0.0,100.0,0.0,100.0,0.0,100.0,N/A,N/A
er_001155.txt,4.0,4.0,100.0,4.0,100.0,4.0,100.0,4.0,100.0,N/A,N/A
scale_free_001155.txt,1.0,1.0,100.0,1.0,100.0,1.0,100.0,1.0,100.0,N/A,N/A
dag_001156.txt,0.0,0.0,100.0,0.0,100.0,0.0,100.0,0.0,100.0,N/A,N/A
dgrid_001156.txt,2.0,2.0,100.0,2.0,100.0,2.0,100.0,2.0,100.0,N/A,N/A
ego_001156.txt,3.0,3.0,100.0,3.0,100.0,3.0,100.0,3.0,100.0,N/A,N/A
er_001156.txt,16.0,N/A,N/A,16.0,100.0,16.0,100.0,N/A,N/A,N/A,N/A
scale_free_001156.txt,1.0,1.0,100.0,1.0,100.0,1.0,100.0,1.0,100.0,N/A,N/A
dag_001157.txt,0.0,0.0,100.0,0.0,100.0,0.0,100.0,0.0,100.0,N/A,N/A
dgrid_001157.txt,1.0,1.0,100.0,1.0,100.0,1.0,100.0,1.0,100.0,N/A,N/A
ego_001157.txt,7.0,7.0,100.0,7.0,100.0,7.0,100.0,N/A,N/A,N/A,N/A
er_001157.txt,5.0,5.0,100.0,5.0,100.0,5.0,100.0,5.0,100.0,N/A,N/A
scale_free_001157.txt,1.0,1.0,100.0,1.0,100.0,1.0,100.0,1.0,100.0,N/A,N/A
dag_001158.txt,0.0,0.0,100.0,0.0,100.0,0.0,100.0,0.0,100.0,N/A,N/A
dgrid_001158.txt,1.0,1.0,100.0,1.0,100.0,1.0,100.0,1.0,100.0,N/A,N/A
ego_001158.txt,2.0,2.0,100.0,2.0,100.0,2.0,100.0,2.0,100.0,N/A,N/A
er_001158.txt,11.0,11.0,100.0,11.0,100.0,11.0,100.0,N/A,N/A,N/A,N/A
scale_free_001158.txt,1.0,1.0,100.0,1.0,100.0,1.0,100.0,1.0,100.0,N/A,N/A
dag_001159.txt,0.0,0.0,100.0,0.0,100.0,0.0,100.0,0.0,100.0,N/A,N/A
dgrid_001159.txt,1.0,1.0,100.0,1.0,100.0,1.0,100.0,1.0,100.0,N/A,N/A
ego_001159.txt,9.0,9.0,100.0,9.0,100.0,9.0,100.0,N/A,N/A,N/A,N/A
er_001159.txt,14.0,N/A,N/A,14.0,100.0,15.0,93.3333,N/A,N/A,N/A,N/A
scale_free_001159.txt,1.0,1.0,100.0,1.0,100.0,1.0,100.0,1.0,100.0,N/A,N/A
dag_001160.txt,0.0,0.0,100.0,0.0,100.0,0.0,100.0,0.0,100.0,N/A,N/A
dgrid_001160.txt,5.0,5.0,100.0,5.0,100.0,5.0,100.0,5.0,100.0,N/A,N/A
ego_001160.txt,0.0,0.0,100.0,0.0,100.0,0.0,100.0,0.0,100.0,N/A,N/A
er_001160.txt,8.0,8.0,100.0,8.0,100.0,8.0,100.0,N/A,N/A,N/A,N/A
scale_free_001160.txt,3.0,3.0,100.0,3.0,100.0,3.0,100.0,3.0,100.0,N/A,N/A
dag_001161.txt,0.0,0.0,100.0,0.0,100.0,0.0,100.0,0.0,100.0,N/A,N/A
dgrid_001161.txt,4.0,4.0,100.0,4.0,100.0,4.0,100.0,4.0,100.0,N/A,N/A
ego_001161.txt,6.0,6.0,100.0,6.0,100.0,6.0,100.0,6.0,100.0,N/A,N/A
er_001161.txt,4.0,4.0,100.0,4.0,100.0,4.0,100.0,4.0,100.0,N/A,N/A
scale_free_001161.txt,1.0,1.0,100.0,1.0,100.0,1.0,100.0,1.0,100.0,N/A,N/A
dag_001162.txt,0.0,0.0,100.0,0.0,100.0,0.0,100.0,0.0,100.0,N/A,N/A
dgrid_001162.txt,4.0,4.0,100.0,4.0,100.0,4.0,100.0,4.0,100.0,N/A,N/A
ego_001162.txt,2.0,2.0,100.0,2.0,100.0,2.0,100.0,2.0,100.0,N/A,N/A
er_001162.txt,6.0,6.0,100.0,6.0,100.0,6.0,100.0,6.0,100.0,N/A,N/A
scale_free_001162.txt,2.0,2.0,100.0,2.0,100.0,2.0,100.0,2.0,100.0,N/A,N/A
dag_001163.txt,0.0,0.0,100.0,0.0,100.0,0.0,100.0,0.0,100.0,N/A,N/A
dgrid_001163.txt,4.0,4.0,100.0,4.0,100.0,4.0,100.0,4.0,100.0,N/A,N/A
ego_001163.txt,0.0,0.0,100.0,0.0,100.0,0.0,100.0,0.0,100.0,N/A,N/A
er_001163.txt,7.0,7.0,100.0,7.0,100.0,7.0,100.0,7.0,100.0,N/A,N/A
scale_free_001163.txt,1.0,1.0,100.0,1.0,100.0,1.0,100.0,1.0,100.0,N/A,N/A
dag_001164.txt,0.0,0.0,100.0,0.0,100.0,0.0,100.0,0.0,100.0,N/A,N/A
dgrid_001164.txt,2.0,2.0,100.0,2.0,100.0,2.0,100.0,2.0,100.0,N/A,N/A
ego_001164.txt,6.0,6.0,100.0,6.0,100.0,6.0,100.0,6.0,100.0,N/A,N/A
er_001164.txt,4.0,4.0,100.0,4.0,100.0,4.0,100.0,4.0,100.0,N/A,N/A
scale_free_001164.txt,1.0,1.0,100.0,1.0,100.0,1.0,100.0,1.0,100.0,N/A,N/A
dag_001165.txt,0.0,0.0,100.0,0.0,100.0,0.0,100.0,0.0,100.0,N/A,N/A
dgrid_001165.txt,4.0,4.0,100.0,4.0,100.0,4.0,100.0,4.0,100.0,N/A,N/A
ego_001165.txt,8.0,8.0,100.0,8.0,100.0,8.0,100.0,N/A,N/A,N/A,N/A
er_001165.txt,17.0,N/A,N/A,17.0,100.0,17.0,100.0,N/A,N/A,N/A,N/A
scale_free_001165.txt,2.0,2.0,100.0,2.0,100.0,2.0,100.0,2.0,100.0,N/A,N/A
dag_001166.txt,0.0,0.0,100.0,0.0,100.0,0.0,100.0,0.0,100.0,N/A,N/A
dgrid_001166.txt,1.0,1.0,100.0,1.0,100.0,1.0,100.0,1.0,100.0,N/A,N/A
ego_001166.txt,9.0,9.0,100.0,9.0,100.0,9.0,100.0,N/A,N/A,N/A,N/A
er_001166.txt,17.0,N/A,N/A,17.0,100.0,17.0,100.0,N/A,N/A,N/A,N/A
scale_free_001166.txt,1.0,1.0,100.0,1.0,100.0,1.0,100.0,1.0,100.0,N/A,N/A
dag_001167.txt,0.0,0.0,100.0,0.0,100.0,0.0,100.0,0.0,100.0,N/A,N/A
dgrid_001167.txt,1.0,1.0,100.0,1.0,100.0,1.0,100.0,1.0,100.0,N/A,N/A
ego_001167.txt,3.0,3.0,100.0,3.0,100.0,3.0,100.0,3.0,100.0,N/A,N/A
er_001167.txt,3.0,3.0,100.0,3.0,100.0,3.0,100.0,3.0,100.0,N/A,N/A
scale_free_001167.txt,2.0,2.0,100.0,2.0,100.0,2.0,100.0,2.0,100.0,N/A,N/A
dag_001168.txt,0.0,0.0,100.0,0.0,100.0,0.0,100.0,0.0,100.0,N/A,N/A
dgrid_001168.txt,4.0,4.0,100.0,4.0,100.0,4.0,100.0,4.0,100.0,N/A,N/A
ego_001168.txt,2.0,2.0,100.0,2.0,100.0,2.0,100.0,2.0,100.0,N/A,N/A
er_001168.txt,17.0,N/A,N/A,17.0,100.0,17.0,100.0,N/A,N/A,N/A,N/A
scale_free_001168.txt,1.0,1.0,100.0,1.0,100.0,1.0,100.0,1.0,100.0,N/A,N/A
dag_001169.txt,0.0,0.0,100.0,0.0,100.0,0.0,100.0,0.0,100.0,N/A,N/A
dgrid_001169.txt,0.0,0.0,100.0,0.0,100.0,0.0,100.0,0.0,100.0,N/A,N/A
ego_001169.txt,3.0,3.0,100.0,3.0,100.0,3.0,100.0,3.0,100.0,N/A,N/A
er_001169.txt,13.0,N/A,N/A,13.0,100.0,13.0,100.0,N/A,N/A,N/A,N/A
scale_free_001169.txt,1.0,1.0,100.0,1.0,100.0,1.0,100.0,1.0,100.0,N/A,N/A
dag_001170.txt,0.0,0.0,100.0,0.0,100.0,0.0,100.0,0.0,100.0,N/A,N/A
dgrid_001170.txt,3.0,3.0,100.0,3.0,100.0,3.0,100.0,3.0,100.0,N/A,N/A
ego_001170.txt,5.0,5.0,100.0,5.0,100.0,5.0,100.0,5.0,100.0,N/A,N/A
er_001170.txt,1.0,1.0,100.0,1.0,100.0,1.0,100.0,1.0,100.0,N/A,N/A
scale_free_001170.txt,1.0,1.0,100.0,1.0,100.0,1.0,100.0,1.0,100.0,N/A,N/A
dag_001171.txt,0.0,0.0,100.0,0.0,100.0,0.0,100.0,0.0,100.0,N/A,N/A
dgrid_001171.txt,1.0,1.0,100.0,1.0,100.0,1.0,100.0,1.0,100.0,N/A,N/A
ego_001171.txt,6.0,6.0,100.0,6.0,100.0,6.0,100.0,6.0,100.0,N/A,N/A
er_001171.txt,6.0,6.0,100.0,6.0,100.0,6.0,100.0,6.0,100.0,N/A,N/A
scale_free_001171.txt,1.0,1.0,100.0,1.0,100.0,1.0,100.0,1.0,100.0,N/A,N/A
dag_001172.txt,0.0,0.0,100.0,0.0,100.0,0.0,100.0,0.0,100.0,N/A,N/A
dgrid_001172.txt,1.0,1.0,100.0,1.0,100.0,1.0,100.0,1.0,100.0,N/A,N/A
ego_001172.txt,15.0,15.0,100.0,15.0,100.0,15.0,100.0,N/A,N/A,N/A,N/A
er_001172.txt,2.0,2.0,100.0,2.0,100.0,2.0,100.0,2.0,100.0,N/A,N/A
scale_free_001172.txt,1.0,1.0,100.0,1.0,100.0,1.0,100.0,1.0,100.0,N/A,N/A
dag_001173.txt,0.0,0.0,100.0,0.0,100.0,0.0,100.0,0.0,100.0,N/A,N/A
dgrid_001173.txt,1.0,1.0,100.0,1.0,100.0,1.0,100.0,1.0,100.0,N/A,N/A
ego_001173.txt,9.0,9.0,100.0,9.0,100.0,9.0,100.0,N/A,N/A,N/A,N/A
er_001173.txt,4.0,4.0,100.0,4.0,100.0,4.0,100.0,4.0,100.0,N/A,N/A
scale_free_001173.txt,2.0,2.0,100.0,2.0,100.0,2.0,100.0,2.0,100.0,N/A,N/A
dag_001174.txt,0.0,0.0,100.0,0.0,100.0,0.0,100.0,0.0,100.0,N/A,N/A
dgrid_001174.txt,6.0,6.0,100.0,6.0,100.0,6.0,100.0,N/A,N/A,N/A,N/A
ego_001174.txt,9.0,9.0,100.0,9.0,100.0,9.0,100.0,9.0,100.0,N/A,N/A
er_001174.txt,10.0,10.0,100.0,10.0,100.0,10.0,100.0,10.0,100.0,N/A,N/A
scale_free_001174.txt,2.0,2.0,100.0,2.0,100.0,2.0,100.0,2.0,100.0,N/A,N/A
dag_001175.txt,0.0,0.0,100.0,0.0,100.0,0.0,100.0,0.0,100.0,N/A,N/A
dgrid_001175.txt,1.0,1.0,100.0,1.0,100.0,1.0,100.0,1.0,100.0,N/A,N/A
ego_001175.txt,5.0,5.0,100.0,5.0,100.0,5.0,100.0,5.0,100.0,N/A,N/A
er_001175.txt,5.0,5.0,100.0,5.0,100.0,6.0,83.3333,5.0,100.0,N/A,N/A
scale_free_001175.txt,2.0,2.0,100.0,2.0,100.0,2.0,100.0,2.0,100.0,N/A,N/A
dag_001176.txt,0.0,0.0,100.0,0.0,100.0,0.0,100.0,0.0,100.0,N/A,N/A
dgrid_001176.txt,1.0,1.0,100.0,1.0,100.0,1.0,100.0,1.0,100.0,N/A,N/A
ego_001176.txt,6.0,6.0,100.0,6.0,100.0,6.0,100.0,6.0,100.0,N/A,N/A
er_001176.txt,5.0,5.0,100.0,5.0,100.0,5.0,100.0,5.0,100.0,N/A,N/A
scale_free_001176.txt,1.0,1.0,100.0,1.0,100.0,1.0,100.0,1.0,100.0,N/A,N/A
dag_001177.txt,0.0,0.0,100.0,0.0,100.0,0.0,100.0,0.0,100.0,N/A,N/A
dgrid_001177.txt,5.0,5.0,100.0,5.0,100.0,5.0,100.0,5.0,100.0,N/A,N/A
ego_001177.txt,13.0,13.0,100.0,13.0,100.0,13.0,100.0,N/A,N/A,N/A,N/A
er_001177.txt,17.0,N/A,N/A,17.0,100.0,17.0,100.0,N/A,N/A,N/A,N/A
scale_free_001177.txt,2.0,2.0,100.0,2.0,100.0,2.0,100.0,2.0,100.0,N/A,N/A
dag_001178.txt,0.0,0.0,100.0,0.0,100.0,0.0,100.0,0.0,100.0,N/A,N/A
dgrid_001178.txt,6.0,6.0,100.0,6.0,100.0,6.0,100.0,N/A,N/A,N/A,N/A
ego_001178.txt,4.0,4.0,100.0,4.0,100.0,4.0,100.0,4.0,100.0,N/A,N/A
er_001178.txt,4.0,4.0,100.0,4.0,100.0,4.0,100.0,4.0,100.0,N/A,N/A
scale_free_001178.txt,1.0,1.0,100.0,1.0,100.0,1.0,100.0,1.0,100.0,N/A,N/A
dag_001179.txt,0.0,0.0,100.0,0.0,100.0,0.0,100.0,0.0,100.0,N/A,N/A
dgrid_001179.txt,1.0,1.0,100.0,1.0,100.0,1.0,100.0,1.0,100.0,N/A,N/A
ego_001179.txt,3.0,3.0,100.0,3.0,100.0,3.0,100.0,3.0,100.0,N/A,N/A
er_001179.txt,10.0,10.0,100.0,10.0,100.0,10.0,100.0,N/A,N/A,N/A,N/A
scale_free_001179.txt,1.0,1.0,100.0,1.0,100.0,1.0,100.0,1.0,100.0,N/A,N/A
dag_001180.txt,0.0,0.0,100.0,0.0,100.0,0.0,100.0,0.0,100.0,N/A,N/A
dgrid_001180.txt,1.0,1.0,100.0,1.0,100.0,1.0,100.0,1.0,100.0,N/A,N/A
ego_001180.txt,7.0,7.0,100.0,7.0,100.0,7.0,100.0,7.0,100.0,N/A,N/A
er_001180.txt,8.0,8.0,100.0,8.0,100.0,8.0,100.0,8.0,100.0,N/A,N/A
scale_free_001180.txt,1.0,1.0,100.0,1.0,100.0,1.0,100.0,1.0,100.0,N/A,N/A
dag_001181.txt,0.0,0.0,100.0,0.0,100.0,0.0,100.0,0.0,100.0,N/A,N/A
dgrid_001181.txt,5.0,5.0,100.0,5.0,100.0,5.0,100.0,5.0,100.0,N/A,N/A
ego_001181.txt,3.0,3.0,100.0,3.0,100.0,3.0,100.0,3.0,100.0,N/A,N/A
er_001181.txt,3.0,3.0,100.0,3.0,100.0,3.0,100.0,3.0,100.0,N/A,N/A
scale_free_001181.txt,1.0,1.0,100.0,1.0,100.0,1.0,100.0,1.0,100.0,N/A,N/A
dag_001182.txt,0.0,0.0,100.0,0.0,100.0,0.0,100.0,0.0,100.0,N/A,N/A
dgrid_001182.txt,3.0,3.0,100.0,3.0,100.0,3.0,100.0,3.0,100.0,N/A,N/A
ego_001182.txt,6.0,6.0,100.0,6.0,100.0,6.0,100.0,6.0,100.0,N/A,N/A
er_001182.txt,2.0,2.0,100.0,2.0,100.0,2.0,100.0,2.0,100.0,N/A,N/A
scale_free_001182.txt,1.0,1.0,100.0,1.0,100.0,1.0,100.0,1.0,100.0,N/A,N/A
dag_001183.txt,0.0,0.0,100.0,0.0,100.0,0.0,100.0,0.0,100.0,N/A,N/A
dgrid_001183.txt,1.0,1.0,100.0,1.0,100.0,1.0,100.0,1.0,100.0,N/A,N/A
ego_001183.txt,0.0,0.0,100.0,0.0,100.0,0.0,100.0,0.0,100.0,N/A,N/A
er_001183.txt,16.0,N/A,N/A,16.0,100.0,16.0,100.0,N/A,N/A,N/A,N/A
scale_free_001183.txt,1.0,1.0,100.0,1.0,100.0,1.0,100.0,1.0,100.0,N/A,N/A
dag_001184.txt,0.0,0.0,100.0,0.0,100.0,0.0,100.0,0.0,100.0,N/A,N/A
dgrid_001184.txt,1.0,1.0,100.0,1.0,100.0,1.0,100.0,1.0,100.0,N/A,N/A
ego_001184.txt,4.0,4.0,100.0,4.0,100.0,4.0,100.0,4.0,100.0,N/A,N/A
er_001184.txt,0.0,0.0,100.0,0.0,100.0,0.0,100.0,0.0,100.0,N/A,N/A
scale_free_001184.txt,1.0,1.0,100.0,1.0,100.0,1.0,100.0,1.0,100.0,N/A,N/A
dag_001185.txt,0.0,0.0,100.0,0.0,100.0,0.0,100.0,0.0,100.0,N/A,N/A
dgrid_001185.txt,4.0,4.0,100.0,4.0,100.0,4.0,100.0,4.0,100.0,N/A,N/A
ego_001185.txt,0.0,0.0,100.0,0.0,100.0,0.0,100.0,0.0,100.0,N/A,N/A
er_001185.txt,7.0,7.0,100.0,7.0,100.0,7.0,100.0,7.0,100.0,N/A,N/A
scale_free_001185.txt,1.0,1.0,100.0,1.0,100.0,1.0,100.0,1.0,100.0,N/A,N/A
dag_001186.txt,0.0,0.0,100.0,0.0,100.0,0.0,100.0,0.0,100.0,N/A,N/A
dgrid_001186.txt,6.0,6.0,100.0,6.0,100.0,6.0,100.0,N/A,N/A,N/A,N/A
ego_001186.txt,3.0,3.0,100.0,3.0,100.0,3.0,100.0,3.0,100.0,N/A,N/A
er_001186.txt,10.0,10.0,100.0,10.0,100.0,10.0,100.0,N/A,N/A,N/A,N/A
scale_free_001186.txt,1.0,1.0,100.0,1.0,100.0,1.0,100.0,1.0,100.0,N/A,N/A
dag_001187.txt,0.0,0.0,100.0,0.0,100.0,0.0,100.0,0.0,100.0,N/A,N/A
dgrid_001187.txt,0.0,0.0,100.0,0.0,100.0,0.0,100.0,0.0,100.0,N/A,N/A
ego_001187.txt,10.0,10.0,100.0,10.0,100.0,10.0,100.0,N/A,N/A,N/A,N/A
er_001187.txt,8.0,8.0,100.0,8.0,100.0,8.0,100.0,N/A,N/A,N/A,N/A
scale_free_001187.txt,1.0,1.0,100.0,1.0,100.0,1.0,100.0,1.0,100.0,N/A,N/A
dag_001188.txt,0.0,0.0,100.0,0.0,100.0,0.0,100.0,0.0,100.0,N/A,N/A
dgrid_001188.txt,2.0,2.0,100.0,2.0,100.0,2.0,100.0,2.0,100.0,N/A,N/A
ego_001188.txt,3.0,3.0,100.0,3.0,100.0,3.0,100.0,3.0,100.0,N/A,N/A
er_001188.txt,15.0,N/A,N/A,15.0,100.0,15.0,100.0,N/A,N/A,N/A,N/A
scale_free_001188.txt,1.0,1.0,100.0,1.0,100.0,1.0,100.0,1.0,100.0,N/A,N/A
dag_001189.txt,0.0,0.0,100.0,0.0,100.0,0.0,100.0,0.0,100.0,N/A,N/A
dgrid_001189.txt,3.0,3.0,100.0,3.0,100.0,3.0,100.0,3.0,100.0,N/A,N/A
ego_001189.txt,5.0,5.0,100.0,5.0,100.0,5.0,100.0,5.0,100.0,N/A,N/A
er_001189.txt,3.0,3.0,100.0,3.0,100.0,3.0,100.0,3.0,100.0,N/A,N/A
scale_free_001189.txt,1.0,1.0,100.0,1.0,100.0,1.0,100.0,1.0,100.0,N/A,N/A
dag_001190.txt,0.0,0.0,100.0,0.0,100.0,0.0,100.0,0.0,100.0,N/A,N/A
dgrid_001190.txt,7.0,7.0,100.0,7.0,100.0,7.0,100.0,N/A,N/A,N/A,N/A
ego_001190.txt,5.0,5.0,100.0,5.0,100.0,5.0,100.0,5.0,100.0,N/A,N/A
er_001190.txt,6.0,6.0,100.0,6.0,100.0,6.0,100.0,6.0,100.0,N/A,N/A
scale_free_001190.txt,1.0,1.0,100.0,1.0,100.0,1.0,100.0,1.0,100.0,N/A,N/A
dag_001191.txt,0.0,0.0,100.0,0.0,100.0,0.0,100.0,0.0,100.0,N/A,N/A
dgrid_001191.txt,2.0,2.0,100.0,2.0,100.0,2.0,100.0,2.0,100.0,N/A,N/A
ego_001191.txt,1.0,1.0,100.0,1.0,100.0,1.0,100.0,1.0,100.0,N/A,N/A
er_001191.txt,13.0,N/A,N/A,13.0,100.0,13.0,100.0,N/A,N/A,N/A,N/A
scale_free_001191.txt,1.0,1.0,100.0,1.0,100.0,1.0,100.0,1.0,100.0,N/A,N/A
dag_001192.txt,0.0,0.0,100.0,0.0,100.0,0.0,100.0,0.0,100.0,N/A,N/A
dgrid_001192.txt,1.0,1.0,100.0,1.0,100.0,1.0,100.0,1.0,100.0,N/A,N/A
ego_001192.txt,8.0,8.0,100.0,8.0,100.0,8.0,100.0,N/A,N/A,N/A,N/A
er_001192.txt,12.0,N/A,N/A,12.0,100.0,12.0,100.0,N/A,N/A,N/A,N/A
scale_free_001192.txt,1.0,1.0,100.0,1.0,100.0,1.0,100.0,1.0,100.0,N/A,N/A
dag_001193.txt,0.0,0.0,100.0,0.0,100.0,0.0,100.0,0.0,100.0,N/A,N/A
dgrid_001193.txt,0.0,0.0,100.0,0.0,100.0,0.0,100.0,0.0,100.0,N/A,N/A
ego_001193.txt,9.0,9.0,100.0,9.0,100.0,9.0,100.0,N/A,N/A,N/A,N/A
er_001193.txt,4.0,4.0,100.0,4.0,100.0,4.0,100.0,4.0,100.0,N/A,N/A
scale_free_001193.txt,1.0,1.0,100.0,1.0,100.0,1.0,100.0,1.0,100.0,N/A,N/A
dag_001194.txt,0.0,0.0,100.0,0.0,100.0,0.0,100.0,0.0,100.0,N/A,N/A
dgrid_001194.txt,2.0,2.0,100.0,2.0,100.0,2.0,100.0,2.0,100.0,N/A,N/A
ego_001194.txt,8.0,8.0,100.0,8.0,100.0,8.0,100.0,8.0,100.0,N/A,N/A
er_001194.txt,3.0,3.0,100.0,3.0,100.0,3.0,100.0,3.0,100.0,N/A,N/A
scale_free_001194.txt,1.0,1.0,100.0,1.0,100.0,1.0,100.0,1.0,100.0,N/A,N/A
dag_001195.txt,0.0,0.0,100.0,0.0,100.0,0.0,100.0,0.0,100.0,N/A,N/A
dgrid_001195.txt,4.0,4.0,100.0,4.0,100.0,4.0,100.0,4.0,100.0,N/A,N/A
ego_001195.txt,2.0,2.0,100.0,2.0,100.0,2.0,100.0,2.0,100.0,N/A,N/A
er_001195.txt,20.0,N/A,N/A,20.0,100.0,20.0,100.0,N/A,N/A,N/A,N/A
scale_free_001195.txt,1.0,1.0,100.0,1.0,100.0,1.0,100.0,1.0,100.0,N/A,N/A
dag_001196.txt,0.0,0.0,100.0,0.0,100.0,0.0,100.0,0.0,100.0,N/A,N/A
dgrid_001196.txt,4.0,4.0,100.0,4.0,100.0,4.0,100.0,4.0,100.0,N/A,N/A
ego_001196.txt,4.0,4.0,100.0,4.0,100.0,4.0,100.0,4.0,100.0,N/A,N/A
er_001196.txt,15.0,N/A,N/A,15.0,100.0,15.0,100.0,N/A,N/A,N/A,N/A
scale_free_001196.txt,2.0,2.0,100.0,2.0,100.0,2.0,100.0,2.0,100.0,N/A,N/A
dag_001197.txt,0.0,0.0,100.0,0.0,100.0,0.0,100.0,0.0,100.0,N/A,N/A
dgrid_001197.txt,1.0,1.0,100.0,1.0,100.0,1.0,100.0,1.0,100.0,N/A,N/A
ego_001197.txt,10.0,10.0,100.0,10.0,100.0,10.0,100.0,N/A,N/A,N/A,N/A
er_001197.txt,5.0,5.0,100.0,5.0,100.0,5.0,100.0,5.0,100.0,N/A,N/A
scale_free_001197.txt,1.0,1.0,100.0,1.0,100.0,1.0,100.0,1.0,100.0,N/A,N/A
dag_001198.txt,0.0,0.0,100.0,0.0,100.0,0.0,100.0,0.0,100.0,N/A,N/A
dgrid_001198.txt,2.0,2.0,100.0,2.0,100.0,2.0,100.0,2.0,100.0,N/A,N/A
ego_001198.txt,1.0,1.0,100.0,1.0,100.0,1.0,100.0,1.0,100.0,N/A,N/A
er_001198.txt,12.0,12.0,100.0,12.0,100.0,12.0,100.0,N/A,N/A,N/A,N/A
scale_free_001198.txt,2.0,2.0,100.0,2.0,100.0,2.0,100.0,2.0,100.0,N/A,N/A
dag_001199.txt,0.0,0.0,100.0,0.0,100.0,0.0,100.0,0.0,100.0,N/A,N/A
dgrid_001199.txt,1.0,1.0,100.0,1.0,100.0,1.0,100.0,1.0,100.0,N/A,N/A
ego_001199.txt,0.0,0.0,100.0,0.0,100.0,0.0,100.0,0.0,100.0,N/A,N/A
er_001199.txt,11.0,N/A,N/A,11.0,100.0,11.0,100.0,N/A,N/A,N/A,N/A
scale_free_001199.txt,1.0,1.0,100.0,1.0,100.0,1.0,100.0,1.0,100.0,N/A,N/A
dag_001200.txt,0.0,0.0,100.0,0.0,100.0,0.0,100.0,0.0,100.0,N/A,N/A
dgrid_001200.txt,3.0,3.0,100.0,3.0,100.0,3.0,100.0,3.0,100.0,N/A,N/A
ego_001200.txt,8.0,8.0,100.0,8.0,100.0,8.0,100.0,N/A,N/A,N/A,N/A
er_001200.txt,13.0,13.0,100.0,13.0,100.0,13.0,100.0,N/A,N/A,N/A,N/A
scale_free_001200.txt,1.0,1.0,100.0,1.0,100.0,1.0,100.0,1.0,100.0,N/A,N/A
dag_001201.txt,0.0,0.0,100.0,0.0,100.0,0.0,100.0,0.0,100.0,N/A,N/A
dgrid_001201.txt,3.0,3.0,100.0,3.0,100.0,3.0,100.0,3.0,100.0,N/A,N/A
ego_001201.txt,5.0,5.0,100.0,5.0,100.0,5.0,100.0,5.0,100.0,N/A,N/A
er_001201.txt,18.0,N/A,N/A,18.0,100.0,18.0,100.0,N/A,N/A,N/A,N/A
scale_free_001201.txt,1.0,1.0,100.0,1.0,100.0,1.0,100.0,1.0,100.0,N/A,N/A
dag_001202.txt,0.0,0.0,100.0,0.0,100.0,0.0,100.0,0.0,100.0,N/A,N/A
dgrid_001202.txt,0.0,0.0,100.0,0.0,100.0,0.0,100.0,0.0,100.0,N/A,N/A
ego_001202.txt,9.0,9.0,100.0,9.0,100.0,9.0,100.0,N/A,N/A,N/A,N/A
er_001202.txt,3.0,3.0,100.0,3.0,100.0,3.0,100.0,3.0,100.0,N/A,N/A
scale_free_001202.txt,2.0,2.0,100.0,2.0,100.0,2.0,100.0,2.0,100.0,N/A,N/A
dag_001203.txt,0.0,0.0,100.0,0.0,100.0,0.0,100.0,0.0,100.0,N/A,N/A
dgrid_001203.txt,5.0,5.0,100.0,5.0,100.0,5.0,100.0,5.0,100.0,N/A,N/A
ego_001203.txt,1.0,1.0,100.0,1.0,100.0,1.0,100.0,1.0,100.0,N/A,N/A
er_001203.txt,4.0,4.0,100.0,4.0,100.0,4.0,100.0,4.0,100.0,N/A,N/A
scale_free_001203.txt,1.0,1.0,100.0,1.0,100.0,1.0,100.0,1.0,100.0,N/A,N/A
dag_001204.txt,0.0,0.0,100.0,0.0,100.0,0.0,100.0,0.0,100.0,N/A,N/A
dgrid_001204.txt,1.0,1.0,100.0,1.0,100.0,1.0,100.0,1.0,100.0,N/A,N/A
ego_001204.txt,1.0,1.0,100.0,1.0,100.0,1.0,100.0,1.0,100.0,N/A,N/A
er_001204.txt,4.0,4.0,100.0,4.0,100.0,4.0,100.0,4.0,100.0,N/A,N/A
scale_free_001204.txt,2.0,2.0,100.0,2.0,100.0,2.0,100.0,2.0,100.0,N/A,N/A
dag_001205.txt,0.0,0.0,100.0,0.0,100.0,0.0,100.0,0.0,100.0,N/A,N/A
dgrid_001205.txt,1.0,1.0,100.0,1.0,100.0,1.0,100.0,1.0,100.0,N/A,N/A
ego_001205.txt,14.0,14.0,100.0,14.0,100.0,14.0,100.0,N/A,N/A,N/A,N/A
er_001205.txt,13.0,N/A,N/A,13.0,100.0,13.0,100.0,N/A,N/A,N/A,N/A
scale_free_001205.txt,2.0,2.0,100.0,2.0,100.0,2.0,100.0,2.0,100.0,N/A,N/A
dag_001206.txt,0.0,0.0,100.0,0.0,100.0,0.0,100.0,0.0,100.0,N/A,N/A
dgrid_001206.txt,0.0,0.0,100.0,0.0,100.0,0.0,100.0,0.0,100.0,N/A,N/A
ego_001206.txt,0.0,0.0,100.0,0.0,100.0,0.0,100.0,0.0,100.0,N/A,N/A
er_001206.txt,7.0,7.0,100.0,7.0,100.0,7.0,100.0,N/A,N/A,N/A,N/A
scale_free_001206.txt,1.0,1.0,100.0,1.0,100.0,1.0,100.0,1.0,100.0,N/A,N/A
dag_001207.txt,0.0,0.0,100.0,0.0,100.0,0.0,100.0,0.0,100.0,N/A,N/A
dgrid_001207.txt,2.0,2.0,100.0,2.0,100.0,2.0,100.0,2.0,100.0,N/A,N/A
ego_001207.txt,10.0,10.0,100.0,10.0,100.0,10.0,100.0,10.0,100.0,N/A,N/A
er_001207.txt,13.0,N/A,N/A,13.0,100.0,13.0,100.0,N/A,N/A,N/A,N/A
scale_free_001207.txt,1.0,1.0,100.0,1.0,100.0,1.0,100.0,1.0,100.0,N/A,N/A
dag_001208.txt,0.0,0.0,100.0,0.0,100.0,0.0,100.0,0.0,100.0,N/A,N/A
dgrid_001208.txt,2.0,2.0,100.0,2.0,100.0,2.0,100.0,2.0,100.0,N/A,N/A
ego_001208.txt,14.0,14.0,100.0,14.0,100.0,14.0,100.0,N/A,N/A,N/A,N/A
er_001208.txt,5.0,5.0,100.0,5.0,100.0,5.0,100.0,5.0,100.0,N/A,N/A
scale_free_001208.txt,1.0,1.0,100.0,1.0,100.0,1.0,100.0,1.0,100.0,N/A,N/A
dag_001209.txt,0.0,0.0,100.0,0.0,100.0,0.0,100.0,0.0,100.0,N/A,N/A
dgrid_001209.txt,4.0,4.0,100.0,4.0,100.0,4.0,100.0,4.0,100.0,N/A,N/A
ego_001209.txt,6.0,6.0,100.0,6.0,100.0,6.0,100.0,6.0,100.0,N/A,N/A
er_001209.txt,2.0,2.0,100.0,2.0,100.0,2.0,100.0,2.0,100.0,N/A,N/A
scale_free_001209.txt,1.0,1.0,100.0,1.0,100.0,1.0,100.0,1.0,100.0,N/A,N/A
dag_001210.txt,0.0,0.0,100.0,0.0,100.0,0.0,100.0,0.0,100.0,N/A,N/A
dgrid_001210.txt,4.0,4.0,100.0,4.0,100.0,4.0,100.0,4.0,100.0,N/A,N/A
ego_001210.txt,6.0,6.0,100.0,6.0,100.0,6.0,100.0,6.0,100.0,N/A,N/A
er_001210.txt,8.0,8.0,100.0,8.0,100.0,8.0,100.0,N/A,N/A,N/A,N/A
scale_free_001210.txt,1.0,1.0,100.0,1.0,100.0,1.0,100.0,1.0,100.0,N/A,N/A
dag_001211.txt,0.0,0.0,100.0,0.0,100.0,0.0,100.0,0.0,100.0,N/A,N/A
dgrid_001211.txt,1.0,1.0,100.0,1.0,100.0,1.0,100.0,1.0,100.0,N/A,N/A
ego_001211.txt,9.0,9.0,100.0,9.0,100.0,9.0,100.0,N/A,N/A,N/A,N/A
er_001211.txt,1.0,1.0,100.0,1.0,100.0,1.0,100.0,1.0,100.0,N/A,N/A
scale_free_001211.txt,1.0,1.0,100.0,1.0,100.0,1.0,100.0,1.0,100.0,N/A,N/A
dag_001212.txt,0.0,0.0,100.0,0.0,100.0,0.0,100.0,0.0,100.0,N/A,N/A
dgrid_001212.txt,2.0,2.0,100.0,2.0,100.0,2.0,100.0,2.0,100.0,N/A,N/A
ego_001212.txt,1.0,1.0,100.0,1.0,100.0,1.0,100.0,1.0,100.0,N/A,N/A
er_001212.txt,10.0,10.0,100.0,10.0,100.0,11.0,90.9091,N/A,N/A,N/A,N/A
scale_free_001212.txt,1.0,1.0,100.0,1.0,100.0,1.0,100.0,1.0,100.0,N/A,N/A
dag_001213.txt,0.0,0.0,100.0,0.0,100.0,0.0,100.0,0.0,100.0,N/A,N/A
dgrid_001213.txt,3.0,3.0,100.0,3.0,100.0,3.0,100.0,3.0,100.0,N/A,N/A
ego_001213.txt,10.0,10.0,100.0,10.0,100.0,10.0,100.0,N/A,N/A,N/A,N/A
er_001213.txt,8.0,8.0,100.0,8.0,100.0,8.0,100.0,N/A,N/A,N/A,N/A
scale_free_001213.txt,1.0,1.0,100.0,1.0,100.0,1.0,100.0,1.0,100.0,N/A,N/A
dag_001214.txt,0.0,0.0,100.0,0.0,100.0,0.0,100.0,0.0,100.0,N/A,N/A
dgrid_001214.txt,3.0,3.0,100.0,3.0,100.0,3.0,100.0,3.0,100.0,N/A,N/A
ego_001214.txt,2.0,2.0,100.0,2.0,100.0,2.0,100.0,2.0,100.0,N/A,N/A
er_001214.txt,8.0,8.0,100.0,8.0,100.0,8.0,100.0,N/A,N/A,N/A,N/A
scale_free_001214.txt,1.0,1.0,100.0,1.0,100.0,1.0,100.0,1.0,100.0,N/A,N/A
dag_001215.txt,0.0,0.0,100.0,0.0,100.0,0.0,100.0,0.0,100.0,N/A,N/A
dgrid_001215.txt,5.0,5.0,100.0,5.0,100.0,5.0,100.0,5.0,100.0,N/A,N/A
ego_001215.txt,3.0,3.0,100.0,3.0,100.0,3.0,100.0,3.0,100.0,N/A,N/A
er_001215.txt,10.0,10.0,100.0,10.0,100.0,10.0,100.0,10.0,100.0,N/A,N/A
scale_free_001215.txt,1.0,1.0,100.0,1.0,100.0,1.0,100.0,1.0,100.0,N/A,N/A
dag_001216.txt,0.0,0.0,100.0,0.0,100.0,0.0,100.0,0.0,100.0,N/A,N/A
dgrid_001216.txt,5.0,5.0,100.0,5.0,100.0,5.0,100.0,5.0,100.0,N/A,N/A
ego_001216.txt,2.0,2.0,100.0,2.0,100.0,2.0,100.0,2.0,100.0,N/A,N/A
er_001216.txt,6.0,6.0,100.0,6.0,100.0,6.0,100.0,6.0,100.0,N/A,N/A
scale_free_001216.txt,1.0,1.0,100.0,1.0,100.0,1.0,100.0,1.0,100.0,N/A,N/A
dag_001217.txt,0.0,0.0,100.0,0.0,100.0,0.0,100.0,0.0,100.0,N/A,N/A
dgrid_001217.txt,2.0,2.0,100.0,2.0,100.0,2.0,100.0,2.0,100.0,N/A,N/A
ego_001217.txt,6.0,6.0,100.0,6.0,100.0,6.0,100.0,6.0,100.0,N/A,N/A
er_001217.txt,3.0,3.0,100.0,3.0,100.0,3.0,100.0,3.0,100.0,N/A,N/A
scale_free_001217.txt,1.0,1.0,100.0,1.0,100.0,1.0,100.0,1.0,100.0,N/A,N/A
dag_001218.txt,0.0,0.0,100.0,0.0,100.0,0.0,100.0,0.0,100.0,N/A,N/A
dgrid_001218.txt,2.0,2.0,100.0,2.0,100.0,2.0,100.0,2.0,100.0,N/A,N/A
ego_001218.txt,7.0,7.0,100.0,7.0,100.0,7.0,100.0,N/A,N/A,N/A,N/A
er_001218.txt,3.0,3.0,100.0,3.0,100.0,3.0,100.0,3.0,100.0,N/A,N/A
scale_free_001218.txt,1.0,1.0,100.0,1.0,100.0,1.0,100.0,1.0,100.0,N/A,N/A
dag_001219.txt,0.0,0.0,100.0,0.0,100.0,0.0,100.0,0.0,100.0,N/A,N/A
dgrid_001219.txt,3.0,3.0,100.0,3.0,100.0,3.0,100.0,3.0,100.0,N/A,N/A
ego_001219.txt,2.0,2.0,100.0,2.0,100.0,2.0,100.0,2.0,100.0,N/A,N/A
er_001219.txt,6.0,6.0,100.0,6.0,100.0,6.0,100.0,6.0,100.0,N/A,N/A
scale_free_001219.txt,1.0,1.0,100.0,1.0,100.0,1.0,100.0,1.0,100.0,N/A,N/A
dag_001220.txt,0.0,0.0,100.0,0.0,100.0,0.0,100.0,0.0,100.0,N/A,N/A
dgrid_001220.txt,3.0,3.0,100.0,3.0,100.0,3.0,100.0,3.0,100.0,N/A,N/A
ego_001220.txt,0.0,0.0,100.0,0.0,100.0,0.0,100.0,0.0,100.0,N/A,N/A
er_001220.txt,7.0,7.0,100.0,7.0,100.0,7.0,100.0,7.0,100.0,N/A,N/A
scale_free_001220.txt,1.0,1.0,100.0,1.0,100.0,1.0,100.0,1.0,100.0,N/A,N/A
dag_001221.txt,0.0,0.0,100.0,0.0,100.0,0.0,100.0,0.0,100.0,N/A,N/A
dgrid_001221.txt,1.0,1.0,100.0,1.0,100.0,1.0,100.0,1.0,100.0,N/A,N/A
ego_001221.txt,3.0,3.0,100.0,3.0,100.0,3.0,100.0,3.0,100.0,N/A,N/A
er_001221.txt,13.0,13.0,100.0,13.0,100.0,13.0,100.0,N/A,N/A,N/A,N/A
scale_free_001221.txt,1.0,1.0,100.0,1.0,100.0,1.0,100.0,1.0,100.0,N/A,N/A
dag_001222.txt,0.0,0.0,100.0,0.0,100.0,0.0,100.0,0.0,100.0,N/A,N/A
dgrid_001222.txt,2.0,2.0,100.0,2.0,100.0,2.0,100.0,2.0,100.0,N/A,N/A
ego_001222.txt,7.0,7.0,100.0,7.0,100.0,7.0,100.0,7.0,100.0,N/A,N/A
er_001222.txt,3.0,3.0,100.0,3.0,100.0,3.0,100.0,3.0,100.0,N/A,N/A
scale_free_001222.txt,1.0,1.0,100.0,1.0,100.0,1.0,100.0,1.0,100.0,N/A,N/A
dag_001223.txt,0.0,0.0,100.0,0.0,100.0,0.0,100.0,0.0,100.0,N/A,N/A
dgrid_001223.txt,1.0,1.0,100.0,1.0,100.0,1.0,100.0,1.0,100.0,N/A,N/A
ego_001223.txt,7.0,7.0,100.0,7.0,100.0,7.0,100.0,7.0,100.0,N/A,N/A
er_001223.txt,1.0,1.0,100.0,1.0,100.0,1.0,100.0,1.0,100.0,N/A,N/A
scale_free_001223.txt,2.0,2.0,100.0,2.0,100.0,2.0,100.0,2.0,100.0,N/A,N/A
dag_001224.txt,0.0,0.0,100.0,0.0,100.0,0.0,100.0,0.0,100.0,N/A,N/A
dgrid_001224.txt,2.0,2.0,100.0,2.0,100.0,2.0,100.0,2.0,100.0,N/A,N/A
ego_001224.txt,3.0,3.0,100.0,3.0,100.0,3.0,100.0,3.0,100.0,N/A,N/A
er_001224.txt,5.0,5.0,100.0,5.0,100.0,5.0,100.0,5.0,100.0,N/A,N/A
scale_free_001224.txt,1.0,1.0,100.0,1.0,100.0,1.0,100.0,1.0,100.0,N/A,N/A
dag_001225.txt,0.0,0.0,100.0,0.0,100.0,0.0,100.0,0.0,100.0,N/A,N/A
dgrid_001225.txt,0.0,0.0,100.0,0.0,100.0,0.0,100.0,0.0,100.0,N/A,N/A
ego_001225.txt,1.0,1.0,100.0,1.0,100.0,1.0,100.0,1.0,100.0,N/A,N/A
er_001225.txt,0.0,0.0,100.0,0.0,100.0,0.0,100.0,0.0,100.0,N/A,N/A
scale_free_001225.txt,1.0,1.0,100.0,1.0,100.0,1.0,100.0,1.0,100.0,N/A,N/A
dag_001226.txt,0.0,0.0,100.0,0.0,100.0,0.0,100.0,0.0,100.0,N/A,N/A
dgrid_001226.txt,1.0,1.0,100.0,1.0,100.0,1.0,100.0,1.0,100.0,N/A,N/A
ego_001226.txt,5.0,5.0,100.0,5.0,100.0,5.0,100.0,5.0,100.0,N/A,N/A
er_001226.txt,10.0,10.0,100.0,10.0,100.0,10.0,100.0,N/A,N/A,N/A,N/A
scale_free_001226.txt,1.0,1.0,100.0,1.0,100.0,1.0,100.0,1.0,100.0,N/A,N/A
dag_001227.txt,0.0,0.0,100.0,0.0,100.0,0.0,100.0,0.0,100.0,N/A,N/A
dgrid_001227.txt,5.0,5.0,100.0,5.0,100.0,5.0,100.0,5.0,100.0,N/A,N/A
ego_001227.txt,4.0,4.0,100.0,4.0,100.0,4.0,100.0,4.0,100.0,N/A,N/A
er_001227.txt,4.0,4.0,100.0,4.0,100.0,4.0,100.0,4.0,100.0,N/A,N/A
scale_free_001227.txt,1.0,1.0,100.0,1.0,100.0,1.0,100.0,1.0,100.0,N/A,N/A
dag_001228.txt,0.0,0.0,100.0,0.0,100.0,0.0,100.0,0.0,100.0,N/A,N/A
dgrid_001228.txt,4.0,4.0,100.0,4.0,100.0,4.0,100.0,4.0,100.0,N/A,N/A
ego_001228.txt,6.0,6.0,100.0,6.0,100.0,6.0,100.0,6.0,100.0,N/A,N/A
er_001228.txt,3.0,3.0,100.0,3.0,100.0,3.0,100.0,3.0,100.0,N/A,N/A
scale_free_001228.txt,1.0,1.0,100.0,1.0,100.0,1.0,100.0,1.0,100.0,N/A,N/A
dag_001229.txt,0.0,0.0,100.0,0.0,100.0,0.0,100.0,0.0,100.0,N/A,N/A
dgrid_001229.txt,0.0,0.0,100.0,0.0,100.0,0.0,100.0,0.0,100.0,N/A,N/A
ego_001229.txt,4.0,4.0,100.0,4.0,100.0,4.0,100.0,4.0,100.0,N/A,N/A
er_001229.txt,11.0,11.0,100.0,11.0,100.0,11.0,100.0,N/A,N/A,N/A,N/A
scale_free_001229.txt,1.0,1.0,100.0,1.0,100.0,1.0,100.0,1.0,100.0,N/A,N/A
dag_001230.txt,0.0,0.0,100.0,0.0,100.0,0.0,100.0,0.0,100.0,N/A,N/A
dgrid_001230.txt,0.0,0.0,100.0,0.0,100.0,0.0,100.0,0.0,100.0,N/A,N/A
ego_001230.txt,0.0,0.0,100.0,0.0,100.0,0.0,100.0,0.0,100.0,N/A,N/A
er_001230.txt,3.0,3.0,100.0,3.0,100.0,3.0,100.0,3.0,100.0,N/A,N/A
scale_free_001230.txt,1.0,1.0,100.0,1.0,100.0,1.0,100.0,1.0,100.0,N/A,N/A
dag_001231.txt,0.0,0.0,100.0,0.0,100.0,0.0,100.0,0.0,100.0,N/A,N/A
dgrid_001231.txt,2.0,2.0,100.0,2.0,100.0,2.0,100.0,2.0,100.0,N/A,N/A
ego_001231.txt,6.0,6.0,100.0,6.0,100.0,6.0,100.0,6.0,100.0,N/A,N/A
er_001231.txt,4.0,4.0,100.0,4.0,100.0,4.0,100.0,4.0,100.0,N/A,N/A
scale_free_001231.txt,1.0,1.0,100.0,1.0,100.0,1.0,100.0,1.0,100.0,N/A,N/A
dag_001232.txt,0.0,0.0,100.0,0.0,100.0,0.0,100.0,0.0,100.0,N/A,N/A
dgrid_001232.txt,4.0,4.0,100.0,4.0,100.0,4.0,100.0,4.0,100.0,N/A,N/A
ego_001232.txt,10.0,10.0,100.0,10.0,100.0,10.0,100.0,N/A,N/A,N/A,N/A
er_001232.txt,10.0,10.0,100.0,10.0,100.0,11.0,90.9091,N/A,N/A,N/A,N/A
scale_free_001232.txt,1.0,1.0,100.0,1.0,100.0,1.0,100.0,1.0,100.0,N/A,N/A
dag_001233.txt,0.0,0.0,100.0,0.0,100.0,0.0,100.0,0.0,100.0,N/A,N/A
dgrid_001233.txt,6.0,6.0,100.0,6.0,100.0,6.0,100.0,N/A,N/A,N/A,N/A
ego_001233.txt,2.0,2.0,100.0,2.0,100.0,2.0,100.0,2.0,100.0,N/A,N/A
er_001233.txt,7.0,7.0,100.0,7.0,100.0,7.0,100.0,7.0,100.0,N/A,N/A
scale_free_001233.txt,1.0,1.0,100.0,1.0,100.0,1.0,100.0,1.0,100.0,N/A,N/A
dag_001234.txt,0.0,0.0,100.0,0.0,100.0,0.0,100.0,0.0,100.0,N/A,N/A
dgrid_001234.txt,1.0,1.0,100.0,1.0,100.0,1.0,100.0,1.0,100.0,N/A,N/A
ego_001234.txt,2.0,2.0,100.0,2.0,100.0,2.0,100.0,2.0,100.0,N/A,N/A
er_001234.txt,10.0,10.0,100.0,10.0,100.0,10.0,100.0,N/A,N/A,N/A,N/A
scale_free_001234.txt,1.0,1.0,100.0,1.0,100.0,1.0,100.0,1.0,100.0,N/A,N/A
dag_001235.txt,0.0,0.0,100.0,0.0,100.0,0.0,100.0,0.0,100.0,N/A,N/A
dgrid_001235.txt,4.0,4.0,100.0,4.0,100.0,4.0,100.0,4.0,100.0,N/A,N/A
ego_001235.txt,6.0,6.0,100.0,6.0,100.0,6.0,100.0,6.0,100.0,N/A,N/A
er_001235.txt,2.0,2.0,100.0,2.0,100.0,2.0,100.0,2.0,100.0,N/A,N/A
scale_free_001235.txt,1.0,1.0,100.0,1.0,100.0,1.0,100.0,1.0,100.0,N/A,N/A
dag_001236.txt,0.0,0.0,100.0,0.0,100.0,0.0,100.0,0.0,100.0,N/A,N/A
dgrid_001236.txt,1.0,1.0,100.0,1.0,100.0,1.0,100.0,1.0,100.0,N/A,N/A
ego_001236.txt,1.0,1.0,100.0,1.0,100.0,1.0,100.0,1.0,100.0,N/A,N/A
er_001236.txt,14.0,N/A,N/A,14.0,100.0,14.0,100.0,N/A,N/A,N/A,N/A
scale_free_001236.txt,2.0,2.0,100.0,2.0,100.0,2.0,100.0,2.0,100.0,N/A,N/A
dag_001237.txt,0.0,0.0,100.0,0.0,100.0,0.0,100.0,0.0,100.0,N/A,N/A
dgrid_001237.txt,3.0,3.0,100.0,3.0,100.0,3.0,100.0,3.0,100.0,N/A,N/A
ego_001237.txt,6.0,6.0,100.0,6.0,100.0,6.0,100.0,6.0,100.0,N/A,N/A
er_001237.txt,6.0,6.0,100.0,6.0,100.0,6.0,100.0,6.0,100.0,N/A,N/A
scale_free_001237.txt,2.0,2.0,100.0,2.0,100.0,2.0,100.0,2.0,100.0,N/A,N/A
dag_001238.txt,0.0,0.0,100.0,0.0,100.0,0.0,100.0,0.0,100.0,N/A,N/A
dgrid_001238.txt,3.0,3.0,100.0,3.0,100.0,3.0,100.0,3.0,100.0,N/A,N/A
ego_001238.txt,9.0,9.0,100.0,9.0,100.0,9.0,100.0,N/A,N/A,N/A,N/A
er_001238.txt,9.0,9.0,100.0,9.0,100.0,9.0,100.0,N/A,N/A,N/A,N/A
scale_free_001238.txt,1.0,1.0,100.0,1.0,100.0,1.0,100.0,1.0,100.0,N/A,N/A
dag_001239.txt,0.0,0.0,100.0,0.0,100.0,0.0,100.0,0.0,100.0,N/A,N/A
dgrid_001239.txt,2.0,2.0,100.0,2.0,100.0,2.0,100.0,2.0,100.0,N/A,N/A
ego_001239.txt,7.0,7.0,100.0,7.0,100.0,7.0,100.0,7.0,100.0,N/A,N/A
er_001239.txt,5.0,5.0,100.0,5.0,100.0,5.0,100.0,5.0,100.0,N/A,N/A
scale_free_001239.txt,2.0,2.0,100.0,2.0,100.0,2.0,100.0,2.0,100.0,N/A,N/A
dag_001240.txt,0.0,0.0,100.0,0.0,100.0,0.0,100.0,0.0,100.0,N/A,N/A
dgrid_001240.txt,1.0,1.0,100.0,1.0,100.0,1.0,100.0,1.0,100.0,N/A,N/A
ego_001240.txt,13.0,13.0,100.0,13.0,100.0,13.0,100.0,N/A,N/A,N/A,N/A
er_001240.txt,8.0,8.0,100.0,8.0,100.0,8.0,100.0,8.0,100.0,N/A,N/A
scale_free_001240.txt,1.0,1.0,100.0,1.0,100.0,1.0,100.0,1.0,100.0,N/A,N/A
dag_001241.txt,0.0,0.0,100.0,0.0,100.0,0.0,100.0,0.0,100.0,N/A,N/A
dgrid_001241.txt,1.0,1.0,100.0,1.0,100.0,1.0,100.0,1.0,100.0,N/A,N/A
ego_001241.txt,0.0,0.0,100.0,0.0,100.0,0.0,100.0,0.0,100.0,N/A,N/A
er_001241.txt,1.0,1.0,100.0,1.0,100.0,1.0,100.0,1.0,100.0,N/A,N/A
scale_free_001241.txt,1.0,1.0,100.0,1.0,100.0,1.0,100.0,1.0,100.0,N/A,N/A
dag_001242.txt,0.0,0.0,100.0,0.0,100.0,0.0,100.0,0.0,100.0,N/A,N/A
dgrid_001242.txt,3.0,3.0,100.0,3.0,100.0,3.0,100.0,3.0,100.0,N/A,N/A
ego_001242.txt,0.0,0.0,100.0,0.0,100.0,0.0,100.0,0.0,100.0,N/A,N/A
er_001242.txt,13.0,N/A,N/A,13.0,100.0,13.0,100.0,N/A,N/A,N/A,N/A
scale_free_001242.txt,1.0,1.0,100.0,1.0,100.0,1.0,100.0,1.0,100.0,N/A,N/A
dag_001243.txt,0.0,0.0,100.0,0.0,100.0,0.0,100.0,0.0,100.0,N/A,N/A
dgrid_001243.txt,1.0,1.0,100.0,1.0,100.0,1.0,100.0,1.0,100.0,N/A,N/A
ego_001243.txt,0.0,0.0,100.0,0.0,100.0,0.0,100.0,0.0,100.0,N/A,N/A
er_001243.txt,2.0,2.0,100.0,2.0,100.0,2.0,100.0,2.0,100.0,N/A,N/A
scale_free_001243.txt,1.0,1.0,100.0,1.0,100.0,1.0,100.0,1.0,100.0,N/A,N/A
dag_001244.txt,0.0,0.0,100.0,0.0,100.0,0.0,100.0,0.0,100.0,N/A,N/A
dgrid_001244.txt,1.0,1.0,100.0,1.0,100.0,1.0,100.0,1.0,100.0,N/A,N/A
ego_001244.txt,7.0,7.0,100.0,7.0,100.0,7.0,100.0,7.0,100.0,N/A,N/A
er_001244.txt,11.0,N/A,N/A,11.0,100.0,11.0,100.0,N/A,N/A,N/A,N/A
scale_free_001244.txt,1.0,1.0,100.0,1.0,100.0,1.0,100.0,1.0,100.0,N/A,N/A
dag_001245.txt,0.0,0.0,100.0,0.0,100.0,0.0,100.0,0.0,100.0,N/A,N/A
dgrid_001245.txt,3.0,3.0,100.0,3.0,100.0,3.0,100.0,3.0,100.0,N/A,N/A
ego_001245.txt,10.0,10.0,100.0,10.0,100.0,10.0,100.0,N/A,N/A,N/A,N/A
er_001245.txt,14.0,N/A,N/A,14.0,100.0,14.0,100.0,N/A,N/A,N/A,N/A
scale_free_001245.txt,3.0,3.0,100.0,3.0,100.0,3.0,100.0,3.0,100.0,N/A,N/A
dag_001246.txt,0.0,0.0,100.0,0.0,100.0,0.0,100.0,0.0,100.0,N/A,N/A
dgrid_001246.txt,2.0,2.0,100.0,2.0,100.0,2.0,100.0,2.0,100.0,N/A,N/A
ego_001246.txt,0.0,0.0,100.0,0.0,100.0,0.0,100.0,0.0,100.0,N/A,N/A
er_001246.txt,8.0,8.0,100.0,8.0,100.0,8.0,100.0,8.0,100.0,N/A,N/A
scale_free_001246.txt,1.0,1.0,100.0,1.0,100.0,1.0,100.0,1.0,100.0,N/A,N/A
dag_001247.txt,0.0,0.0,100.0,0.0,100.0,0.0,100.0,0.0,100.0,N/A,N/A
dgrid_001247.txt,2.0,2.0,100.0,2.0,100.0,2.0,100.0,2.0,100.0,N/A,N/A
ego_001247.txt,1.0,1.0,100.0,1.0,100.0,1.0,100.0,1.0,100.0,N/A,N/A
er_001247.txt,11.0,11.0,100.0,11.0,100.0,11.0,100.0,N/A,N/A,N/A,N/A
scale_free_001247.txt,1.0,1.0,100.0,1.0,100.0,1.0,100.0,1.0,100.0,N/A,N/A
dag_001248.txt,0.0,0.0,100.0,0.0,100.0,0.0,100.0,0.0,100.0,N/A,N/A
dgrid_001248.txt,1.0,1.0,100.0,1.0,100.0,1.0,100.0,1.0,100.0,N/A,N/A
ego_001248.txt,6.0,6.0,100.0,6.0,100.0,6.0,100.0,6.0,100.0,N/A,N/A
er_001248.txt,11.0,11.0,100.0,11.0,100.0,11.0,100.0,N/A,N/A,N/A,N/A
scale_free_001248.txt,1.0,1.0,100.0,1.0,100.0,1.0,100.0,1.0,100.0,N/A,N/A
dag_001249.txt,0.0,0.0,100.0,0.0,100.0,0.0,100.0,0.0,100.0,N/A,N/A
dgrid_001249.txt,1.0,1.0,100.0,1.0,100.0,1.0,100.0,1.0,100.0,N/A,N/A
ego_001249.txt,20.0,N/A,N/A,20.0,100.0,20.0,100.0,N/A,N/A,N/A,N/A
er_001249.txt,10.0,10.0,100.0,10.0,100.0,10.0,100.0,10.0,100.0,N/A,N/A
scale_free_001249.txt,1.0,1.0,100.0,1.0,100.0,1.0,100.0,1.0,100.0,N/A,N/A
dag_001250.txt,0.0,0.0,100.0,0.0,100.0,0.0,100.0,0.0,100.0,N/A,N/A
dgrid_001250.txt,6.0,6.0,100.0,6.0,100.0,6.0,100.0,N/A,N/A,N/A,N/A
ego_001250.txt,2.0,2.0,100.0,2.0,100.0,2.0,100.0,2.0,100.0,N/A,N/A
er_001250.txt,10.0,N/A,N/A,10.0,100.0,10.0,100.0,N/A,N/A,N/A,N/A
scale_free_001250.txt,2.0,2.0,100.0,2.0,100.0,2.0,100.0,2.0,100.0,N/A,N/A
dag_001251.txt,0.0,0.0,100.0,0.0,100.0,0.0,100.0,0.0,100.0,N/A,N/A
dgrid_001251.txt,2.0,2.0,100.0,2.0,100.0,2.0,100.0,2.0,100.0,N/A,N/A
ego_001251.txt,7.0,7.0,100.0,7.0,100.0,7.0,100.0,7.0,100.0,N/A,N/A
er_001251.txt,4.0,4.0,100.0,4.0,100.0,4.0,100.0,4.0,100.0,N/A,N/A
scale_free_001251.txt,1.0,1.0,100.0,1.0,100.0,1.0,100.0,1.0,100.0,N/A,N/A
dag_001252.txt,0.0,0.0,100.0,0.0,100.0,0.0,100.0,0.0,100.0,N/A,N/A
dgrid_001252.txt,0.0,0.0,100.0,0.0,100.0,0.0,100.0,0.0,100.0,N/A,N/A
ego_001252.txt,1.0,1.0,100.0,1.0,100.0,1.0,100.0,1.0,100.0,N/A,N/A
er_001252.txt,19.0,N/A,N/A,19.0,100.0,19.0,100.0,N/A,N/A,N/A,N/A
scale_free_001252.txt,2.0,2.0,100.0,2.0,100.0,2.0,100.0,2.0,100.0,N/A,N/A
dag_001253.txt,0.0,0.0,100.0,0.0,100.0,0.0,100.0,0.0,100.0,N/A,N/A
dgrid_001253.txt,6.0,6.0,100.0,6.0,100.0,6.0,100.0,N/A,N/A,N/A,N/A
ego_001253.txt,2.0,2.0,100.0,2.0,100.0,2.0,100.0,2.0,100.0,N/A,N/A
er_001253.txt,2.0,2.0,100.0,2.0,100.0,2.0,100.0,2.0,100.0,N/A,N/A
scale_free_001253.txt,2.0,2.0,100.0,2.0,100.0,2.0,100.0,2.0,100.0,N/A,N/A
dag_001254.txt,0.0,0.0,100.0,0.0,100.0,0.0,100.0,0.0,100.0,N/A,N/A
dgrid_001254.txt,0.0,0.0,100.0,0.0,100.0,0.0,100.0,0.0,100.0,N/A,N/A
ego_001254.txt,7.0,7.0,100.0,7.0,100.0,7.0,100.0,7.0,100.0,N/A,N/A
er_001254.txt,13.0,N/A,N/A,13.0,100.0,14.0,92.8571,N/A,N/A,N/A,N/A
scale_free_001254.txt,1.0,1.0,100.0,1.0,100.0,1.0,100.0,1.0,100.0,N/A,N/A
dag_001255.txt,0.0,0.0,100.0,0.0,100.0,0.0,100.0,0.0,100.0,N/A,N/A
dgrid_001255.txt,0.0,0.0,100.0,0.0,100.0,0.0,100.0,0.0,100.0,N/A,N/A
ego_001255.txt,9.0,9.0,100.0,9.0,100.0,9.0,100.0,N/A,N/A,N/A,N/A
er_001255.txt,6.0,6.0,100.0,6.0,100.0,6.0,100.0,6.0,100.0,N/A,N/A
scale_free_001255.txt,1.0,1.0,100.0,1.0,100.0,1.0,100.0,1.0,100.0,N/A,N/A
dag_001256.txt,0.0,0.0,100.0,0.0,100.0,0.0,100.0,0.0,100.0,N/A,N/A
dgrid_001256.txt,3.0,3.0,100.0,3.0,100.0,3.0,100.0,3.0,100.0,N/A,N/A
ego_001256.txt,10.0,10.0,100.0,10.0,100.0,10.0,100.0,N/A,N/A,N/A,N/A
er_001256.txt,9.0,9.0,100.0,9.0,100.0,9.0,100.0,N/A,N/A,N/A,N/A
scale_free_001256.txt,1.0,1.0,100.0,1.0,100.0,1.0,100.0,1.0,100.0,N/A,N/A
dag_001257.txt,0.0,0.0,100.0,0.0,100.0,0.0,100.0,0.0,100.0,N/A,N/A
dgrid_001257.txt,2.0,2.0,100.0,2.0,100.0,2.0,100.0,2.0,100.0,N/A,N/A
ego_001257.txt,12.0,12.0,100.0,12.0,100.0,12.0,100.0,N/A,N/A,N/A,N/A
er_001257.txt,9.0,9.0,100.0,9.0,100.0,9.0,100.0,9.0,100.0,N/A,N/A
scale_free_001257.txt,2.0,2.0,100.0,2.0,100.0,2.0,100.0,2.0,100.0,N/A,N/A
dag_001258.txt,0.0,0.0,100.0,0.0,100.0,0.0,100.0,0.0,100.0,N/A,N/A
dgrid_001258.txt,1.0,1.0,100.0,1.0,100.0,1.0,100.0,1.0,100.0,N/A,N/A
ego_001258.txt,1.0,1.0,100.0,1.0,100.0,1.0,100.0,1.0,100.0,N/A,N/A
er_001258.txt,9.0,9.0,100.0,9.0,100.0,9.0,100.0,9.0,100.0,N/A,N/A
scale_free_001258.txt,1.0,1.0,100.0,1.0,100.0,1.0,100.0,1.0,100.0,N/A,N/A
dag_001259.txt,0.0,0.0,100.0,0.0,100.0,0.0,100.0,0.0,100.0,N/A,N/A
dgrid_001259.txt,2.0,2.0,100.0,2.0,100.0,2.0,100.0,2.0,100.0,N/A,N/A
ego_001259.txt,10.0,10.0,100.0,10.0,100.0,10.0,100.0,N/A,N/A,N/A,N/A
er_001259.txt,8.0,8.0,100.0,8.0,100.0,8.0,100.0,8.0,100.0,N/A,N/A
scale_free_001259.txt,1.0,1.0,100.0,1.0,100.0,1.0,100.0,1.0,100.0,N/A,N/A
dag_001260.txt,0.0,0.0,100.0,0.0,100.0,0.0,100.0,0.0,100.0,N/A,N/A
dgrid_001260.txt,3.0,3.0,100.0,3.0,100.0,3.0,100.0,3.0,100.0,N/A,N/A
ego_001260.txt,0.0,0.0,100.0,0.0,100.0,0.0,100.0,0.0,100.0,N/A,N/A
er_001260.txt,16.0,N/A,N/A,16.0,100.0,16.0,100.0,N/A,N/A,N/A,N/A
scale_free_001260.txt,1.0,1.0,100.0,1.0,100.0,1.0,100.0,1.0,100.0,N/A,N/A
dag_001261.txt,0.0,0.0,100.0,0.0,100.0,0.0,100.0,0.0,100.0,N/A,N/A
dgrid_001261.txt,4.0,4.0,100.0,4.0,100.0,4.0,100.0,4.0,100.0,N/A,N/A
ego_001261.txt,2.0,2.0,100.0,2.0,100.0,2.0,100.0,2.0,100.0,N/A,N/A
er_001261.txt,6.0,6.0,100.0,6.0,100.0,6.0,100.0,6.0,100.0,N/A,N/A
scale_free_001261.txt,2.0,2.0,100.0,2.0,100.0,2.0,100.0,2.0,100.0,N/A,N/A
dag_001262.txt,0.0,0.0,100.0,0.0,100.0,0.0,100.0,0.0,100.0,N/A,N/A
dgrid_001262.txt,1.0,1.0,100.0,1.0,100.0,1.0,100.0,1.0,100.0,N/A,N/A
ego_001262.txt,8.0,8.0,100.0,8.0,100.0,8.0,100.0,N/A,N/A,N/A,N/A
er_001262.txt,11.0,N/A,N/A,11.0,100.0,11.0,100.0,N/A,N/A,N/A,N/A
scale_free_001262.txt,1.0,1.0,100.0,1.0,100.0,1.0,100.0,1.0,100.0,N/A,N/A
dag_001263.txt,0.0,0.0,100.0,0.0,100.0,0.0,100.0,0.0,100.0,N/A,N/A
dgrid_001263.txt,3.0,3.0,100.0,3.0,100.0,3.0,100.0,3.0,100.0,N/A,N/A
ego_001263.txt,0.0,0.0,100.0,0.0,100.0,0.0,100.0,0.0,100.0,N/A,N/A
er_001263.txt,10.0,10.0,100.0,10.0,100.0,10.0,100.0,N/A,N/A,N/A,N/A
scale_free_001263.txt,1.0,1.0,100.0,1.0,100.0,1.0,100.0,1.0,100.0,N/A,N/A
dag_001264.txt,0.0,0.0,100.0,0.0,100.0,0.0,100.0,0.0,100.0,N/A,N/A
dgrid_001264.txt,4.0,4.0,100.0,4.0,100.0,4.0,100.0,4.0,100.0,N/A,N/A
ego_001264.txt,1.0,1.0,100.0,1.0,100.0,1.0,100.0,1.0,100.0,N/A,N/A
er_001264.txt,1.0,1.0,100.0,1.0,100.0,1.0,100.0,1.0,100.0,N/A,N/A
scale_free_001264.txt,1.0,1.0,100.0,1.0,100.0,1.0,100.0,1.0,100.0,N/A,N/A
dag_001265.txt,0.0,0.0,100.0,0.0,100.0,0.0,100.0,0.0,100.0,N/A,N/A
dgrid_001265.txt,0.0,0.0,100.0,0.0,100.0,0.0,100.0,0.0,100.0,N/A,N/A
ego_001265.txt,1.0,1.0,100.0,1.0,100.0,1.0,100.0,1.0,100.0,N/A,N/A
er_001265.txt,7.0,7.0,100.0,7.0,100.0,7.0,100.0,7.0,100.0,N/A,N/A
scale_free_001265.txt,2.0,2.0,100.0,2.0,100.0,2.0,100.0,2.0,100.0,N/A,N/A
dag_001266.txt,0.0,0.0,100.0,0.0,100.0,0.0,100.0,0.0,100.0,N/A,N/A
dgrid_001266.txt,1.0,1.0,100.0,1.0,100.0,1.0,100.0,1.0,100.0,N/A,N/A
ego_001266.txt,0.0,0.0,100.0,0.0,100.0,0.0,100.0,0.0,100.0,N/A,N/A
er_001266.txt,2.0,2.0,100.0,2.0,100.0,2.0,100.0,2.0,100.0,N/A,N/A
scale_free_001266.txt,1.0,1.0,100.0,1.0,100.0,1.0,100.0,1.0,100.0,N/A,N/A
dag_001267.txt,0.0,0.0,100.0,0.0,100.0,0.0,100.0,0.0,100.0,N/A,N/A
dgrid_001267.txt,2.0,2.0,100.0,2.0,100.0,2.0,100.0,2.0,100.0,N/A,N/A
ego_001267.txt,2.0,2.0,100.0,2.0,100.0,2.0,100.0,2.0,100.0,N/A,N/A
er_001267.txt,16.0,N/A,N/A,16.0,100.0,16.0,100.0,N/A,N/A,N/A,N/A
scale_free_001267.txt,1.0,1.0,100.0,1.0,100.0,1.0,100.0,1.0,100.0,N/A,N/A
dag_001268.txt,0.0,0.0,100.0,0.0,100.0,0.0,100.0,0.0,100.0,N/A,N/A
dgrid_001268.txt,1.0,1.0,100.0,1.0,100.0,1.0,100.0,1.0,100.0,N/A,N/A
ego_001268.txt,0.0,0.0,100.0,0.0,100.0,0.0,100.0,0.0,100.0,N/A,N/A
er_001268.txt,6.0,6.0,100.0,6.0,100.0,6.0,100.0,6.0,100.0,N/A,N/A
scale_free_001268.txt,1.0,1.0,100.0,1.0,100.0,1.0,100.0,1.0,100.0,N/A,N/A
dag_001269.txt,0.0,0.0,100.0,0.0,100.0,0.0,100.0,0.0,100.0,N/A,N/A
dgrid_001269.txt,6.0,6.0,100.0,6.0,100.0,6.0,100.0,N/A,N/A,N/A,N/A
ego_001269.txt,1.0,1.0,100.0,1.0,100.0,1.0,100.0,1.0,100.0,N/A,N/A
er_001269.txt,3.0,3.0,100.0,3.0,100.0,3.0,100.0,3.0,100.0,N/A,N/A
scale_free_001269.txt,1.0,1.0,100.0,1.0,100.0,1.0,100.0,1.0,100.0,N/A,N/A
dag_001270.txt,0.0,0.0,100.0,0.0,100.0,0.0,100.0,0.0,100.0,N/A,N/A
dgrid_001270.txt,3.0,3.0,100.0,3.0,100.0,3.0,100.0,3.0,100.0,N/A,N/A
ego_001270.txt,9.0,9.0,100.0,9.0,100.0,9.0,100.0,N/A,N/A,N/A,N/A
er_001270.txt,4.0,4.0,100.0,4.0,100.0,4.0,100.0,4.0,100.0,N/A,N/A
scale_free_001270.txt,1.0,1.0,100.0,1.0,100.0,1.0,100.0,1.0,100.0,N/A,N/A
dag_001271.txt,0.0,0.0,100.0,0.0,100.0,0.0,100.0,0.0,100.0,N/A,N/A
dgrid_001271.txt,5.0,5.0,100.0,5.0,100.0,5.0,100.0,5.0,100.0,N/A,N/A
ego_001271.txt,5.0,5.0,100.0,5.0,100.0,5.0,100.0,5.0,100.0,N/A,N/A
er_001271.txt,10.0,10.0,100.0,10.0,100.0,10.0,100.0,N/A,N/A,N/A,N/A
scale_free_001271.txt,2.0,2.0,100.0,2.0,100.0,2.0,100.0,2.0,100.0,N/A,N/A
dag_001272.txt,0.0,0.0,100.0,0.0,100.0,0.0,100.0,0.0,100.0,N/A,N/A
dgrid_001272.txt,1.0,1.0,100.0,1.0,100.0,1.0,100.0,1.0,100.0,N/A,N/A
ego_001272.txt,9.0,9.0,100.0,9.0,100.0,9.0,100.0,N/A,N/A,N/A,N/A
er_001272.txt,14.0,N/A,N/A,14.0,100.0,14.0,100.0,N/A,N/A,N/A,N/A
scale_free_001272.txt,1.0,1.0,100.0,1.0,100.0,1.0,100.0,1.0,100.0,N/A,N/A
dag_001273.txt,0.0,0.0,100.0,0.0,100.0,0.0,100.0,0.0,100.0,N/A,N/A
dgrid_001273.txt,0.0,0.0,100.0,0.0,100.0,0.0,100.0,0.0,100.0,N/A,N/A
ego_001273.txt,1.0,1.0,100.0,1.0,100.0,1.0,100.0,1.0,100.0,N/A,N/A
er_001273.txt,13.0,13.0,100.0,13.0,100.0,13.0,100.0,N/A,N/A,N/A,N/A
scale_free_001273.txt,2.0,2.0,100.0,2.0,100.0,2.0,100.0,2.0,100.0,N/A,N/A
dag_001274.txt,0.0,0.0,100.0,0.0,100.0,0.0,100.0,0.0,100.0,N/A,N/A
dgrid_001274.txt,3.0,3.0,100.0,3.0,100.0,3.0,100.0,3.0,100.0,N/A,N/A
ego_001274.txt,14.0,14.0,100.0,14.0,100.0,14.0,100.0,N/A,N/A,N/A,N/A
er_001274.txt,4.0,4.0,100.0,4.0,100.0,4.0,100.0,4.0,100.0,N/A,N/A
scale_free_001274.txt,1.0,1.0,100.0,1.0,100.0,1.0,100.0,1.0,100.0,N/A,N/A
dag_001275.txt,0.0,0.0,100.0,0.0,100.0,0.0,100.0,0.0,100.0,N/A,N/A
dgrid_001275.txt,2.0,2.0,100.0,2.0,100.0,2.0,100.0,2.0,100.0,N/A,N/A
ego_001275.txt,11.0,11.0,100.0,11.0,100.0,11.0,100.0,N/A,N/A,N/A,N/A
er_001275.txt,5.0,5.0,100.0,5.0,100.0,5.0,100.0,5.0,100.0,N/A,N/A
scale_free_001275.txt,2.0,2.0,100.0,2.0,100.0,2.0,100.0,2.0,100.0,N/A,N/A
dag_001276.txt,0.0,0.0,100.0,0.0,100.0,0.0,100.0,0.0,100.0,N/A,N/A
dgrid_001276.txt,1.0,1.0,100.0,1.0,100.0,1.0,100.0,1.0,100.0,N/A,N/A
ego_001276.txt,16.0,16.0,100.0,16.0,100.0,16.0,100.0,N/A,N/A,N/A,N/A
er_001276.txt,9.0,9.0,100.0,9.0,100.0,9.0,100.0,9.0,100.0,N/A,N/A
scale_free_001276.txt,1.0,1.0,100.0,1.0,100.0,1.0,100.0,1.0,100.0,N/A,N/A
dag_001277.txt,0.0,0.0,100.0,0.0,100.0,0.0,100.0,0.0,100.0,N/A,N/A
dgrid_001277.txt,3.0,3.0,100.0,3.0,100.0,3.0,100.0,3.0,100.0,N/A,N/A
ego_001277.txt,8.0,8.0,100.0,8.0,100.0,8.0,100.0,N/A,N/A,N/A,N/A
er_001277.txt,9.0,9.0,100.0,9.0,100.0,9.0,100.0,9.0,100.0,N/A,N/A
scale_free_001277.txt,2.0,2.0,100.0,2.0,100.0,2.0,100.0,2.0,100.0,N/A,N/A
dag_001278.txt,0.0,0.0,100.0,0.0,100.0,0.0,100.0,0.0,100.0,N/A,N/A
dgrid_001278.txt,0.0,0.0,100.0,0.0,100.0,0.0,100.0,0.0,100.0,N/A,N/A
ego_001278.txt,6.0,6.0,100.0,6.0,100.0,6.0,100.0,6.0,100.0,N/A,N/A
er_001278.txt,1.0,1.0,100.0,1.0,100.0,1.0,100.0,1.0,100.0,N/A,N/A
scale_free_001278.txt,1.0,1.0,100.0,1.0,100.0,1.0,100.0,1.0,100.0,N/A,N/A
dag_001279.txt,0.0,0.0,100.0,0.0,100.0,0.0,100.0,0.0,100.0,N/A,N/A
dgrid_001279.txt,2.0,2.0,100.0,2.0,100.0,2.0,100.0,2.0,100.0,N/A,N/A
ego_001279.txt,1.0,1.0,100.0,1.0,100.0,1.0,100.0,1.0,100.0,N/A,N/A
er_001279.txt,4.0,4.0,100.0,4.0,100.0,4.0,100.0,4.0,100.0,N/A,N/A
scale_free_001279.txt,1.0,1.0,100.0,1.0,100.0,1.0,100.0,1.0,100.0,N/A,N/A
dag_001280.txt,0.0,0.0,100.0,0.0,100.0,0.0,100.0,0.0,100.0,N/A,N/A
dgrid_001280.txt,0.0,0.0,100.0,0.0,100.0,0.0,100.0,0.0,100.0,N/A,N/A
ego_001280.txt,0.0,0.0,100.0,0.0,100.0,0.0,100.0,0.0,100.0,N/A,N/A
er_001280.txt,14.0,N/A,N/A,14.0,100.0,14.0,100.0,N/A,N/A,N/A,N/A
scale_free_001280.txt,1.0,1.0,100.0,1.0,100.0,1.0,100.0,1.0,100.0,N/A,N/A
dag_001281.txt,0.0,0.0,100.0,0.0,100.0,0.0,100.0,0.0,100.0,N/A,N/A
dgrid_001281.txt,4.0,4.0,100.0,4.0,100.0,4.0,100.0,4.0,100.0,N/A,N/A
ego_001281.txt,0.0,0.0,100.0,0.0,100.0,0.0,100.0,0.0,100.0,N/A,N/A
er_001281.txt,2.0,2.0,100.0,2.0,100.0,2.0,100.0,2.0,100.0,N/A,N/A
scale_free_001281.txt,1.0,1.0,100.0,1.0,100.0,1.0,100.0,1.0,100.0,N/A,N/A
dag_001282.txt,0.0,0.0,100.0,0.0,100.0,0.0,100.0,0.0,100.0,N/A,N/A
dgrid_001282.txt,2.0,2.0,100.0,2.0,100.0,2.0,100.0,2.0,100.0,N/A,N/A
ego_001282.txt,3.0,3.0,100.0,3.0,100.0,3.0,100.0,3.0,100.0,N/A,N/A
er_001282.txt,3.0,3.0,100.0,3.0,100.0,3.0,100.0,3.0,100.0,N/A,N/A
scale_free_001282.txt,2.0,2.0,100.0,2.0,100.0,2.0,100.0,2.0,100.0,N/A,N/A
dag_001283.txt,0.0,0.0,100.0,0.0,100.0,0.0,100.0,0.0,100.0,N/A,N/A
dgrid_001283.txt,3.0,3.0,100.0,3.0,100.0,3.0,100.0,3.0,100.0,N/A,N/A
ego_001283.txt,0.0,0.0,100.0,0.0,100.0,0.0,100.0,0.0,100.0,N/A,N/A
er_001283.txt,6.0,6.0,100.0,6.0,100.0,6.0,100.0,6.0,100.0,N/A,N/A
scale_free_001283.txt,1.0,1.0,100.0,1.0,100.0,1.0,100.0,1.0,100.0,N/A,N/A
dag_001284.txt,0.0,0.0,100.0,0.0,100.0,0.0,100.0,0.0,100.0,N/A,N/A
dgrid_001284.txt,5.0,5.0,100.0,5.0,100.0,5.0,100.0,5.0,100.0,N/A,N/A
ego_001284.txt,5.0,5.0,100.0,5.0,100.0,5.0,100.0,5.0,100.0,N/A,N/A
er_001284.txt,4.0,4.0,100.0,4.0,100.0,4.0,100.0,4.0,100.0,N/A,N/A
scale_free_001284.txt,1.0,1.0,100.0,1.0,100.0,1.0,100.0,1.0,100.0,N/A,N/A
dag_001285.txt,0.0,0.0,100.0,0.0,100.0,0.0,100.0,0.0,100.0,N/A,N/A
dgrid_001285.txt,1.0,1.0,100.0,1.0,100.0,1.0,100.0,1.0,100.0,N/A,N/A
ego_001285.txt,7.0,7.0,100.0,7.0,100.0,7.0,100.0,7.0,100.0,N/A,N/A
er_001285.txt,3.0,3.0,100.0,3.0,100.0,3.0,100.0,3.0,100.0,N/A,N/A
scale_free_001285.txt,1.0,1.0,100.0,1.0,100.0,1.0,100.0,1.0,100.0,N/A,N/A
dag_001286.txt,0.0,0.0,100.0,0.0,100.0,0.0,100.0,0.0,100.0,N/A,N/A
dgrid_001286.txt,4.0,4.0,100.0,4.0,100.0,4.0,100.0,4.0,100.0,N/A,N/A
ego_001286.txt,7.0,7.0,100.0,7.0,100.0,7.0,100.0,N/A,N/A,N/A,N/A
er_001286.txt,16.0,N/A,N/A,16.0,100.0,16.0,100.0,N/A,N/A,N/A,N/A
scale_free_001286.txt,2.0,2.0,100.0,2.0,100.0,2.0,100.0,2.0,100.0,N/A,N/A
dag_001287.txt,0.0,0.0,100.0,0.0,100.0,0.0,100.0,0.0,100.0,N/A,N/A
dgrid_001287.txt,3.0,3.0,100.0,3.0,100.0,3.0,100.0,3.0,100.0,N/A,N/A
ego_001287.txt,13.0,13.0,100.0,13.0,100.0,13.0,100.0,N/A,N/A,N/A,N/A
er_001287.txt,13.0,N/A,N/A,13.0,100.0,13.0,100.0,N/A,N/A,N/A,N/A
scale_free_001287.txt,1.0,1.0,100.0,1.0,100.0,1.0,100.0,1.0,100.0,N/A,N/A
dag_001288.txt,0.0,0.0,100.0,0.0,100.0,0.0,100.0,0.0,100.0,N/A,N/A
dgrid_001288.txt,0.0,0.0,100.0,0.0,100.0,0.0,100.0,0.0,100.0,N/A,N/A
ego_001288.txt,2.0,2.0,100.0,2.0,100.0,2.0,100.0,2.0,100.0,N/A,N/A
er_001288.txt,10.0,10.0,100.0,10.0,100.0,10.0,100.0,N/A,N/A,N/A,N/A
scale_free_001288.txt,1.0,1.0,100.0,1.0,100.0,1.0,100.0,1.0,100.0,N/A,N/A
dag_001289.txt,0.0,0.0,100.0,0.0,100.0,0.0,100.0,0.0,100.0,N/A,N/A
dgrid_001289.txt,3.0,3.0,100.0,3.0,100.0,3.0,100.0,3.0,100.0,N/A,N/A
ego_001289.txt,8.0,8.0,100.0,8.0,100.0,8.0,100.0,N/A,N/A,N/A,N/A
er_001289.txt,9.0,9.0,100.0,9.0,100.0,10.0,90.0,N/A,N/A,N/A,N/A
scale_free_001289.txt,1.0,1.0,100.0,1.0,100.0,1.0,100.0,1.0,100.0,N/A,N/A
dag_001290.txt,0.0,0.0,100.0,0.0,100.0,0.0,100.0,0.0,100.0,N/A,N/A
dgrid_001290.txt,2.0,2.0,100.0,2.0,100.0,2.0,100.0,2.0,100.0,N/A,N/A
ego_001290.txt,0.0,0.0,100.0,0.0,100.0,0.0,100.0,0.0,100.0,N/A,N/A
er_001290.txt,2.0,2.0,100.0,2.0,100.0,2.0,100.0,2.0,100.0,N/A,N/A
scale_free_001290.txt,1.0,1.0,100.0,1.0,100.0,1.0,100.0,1.0,100.0,N/A,N/A
dag_001291.txt,0.0,0.0,100.0,0.0,100.0,0.0,100.0,0.0,100.0,N/A,N/A
dgrid_001291.txt,2.0,2.0,100.0,2.0,100.0,2.0,100.0,2.0,100.0,N/A,N/A
ego_001291.txt,5.0,5.0,100.0,5.0,100.0,5.0,100.0,5.0,100.0,N/A,N/A
er_001291.txt,14.0,N/A,N/A,14.0,100.0,14.0,100.0,N/A,N/A,N/A,N/A
scale_free_001291.txt,1.0,1.0,100.0,1.0,100.0,1.0,100.0,1.0,100.0,N/A,N/A
dag_001292.txt,0.0,0.0,100.0,0.0,100.0,0.0,100.0,0.0,100.0,N/A,N/A
dgrid_001292.txt,4.0,4.0,100.0,4.0,100.0,4.0,100.0,4.0,100.0,N/A,N/A
ego_001292.txt,0.0,0.0,100.0,0.0,100.0,0.0,100.0,0.0,100.0,N/A,N/A
er_001292.txt,7.0,7.0,100.0,7.0,100.0,7.0,100.0,7.0,100.0,N/A,N/A
scale_free_001292.txt,1.0,1.0,100.0,1.0,100.0,1.0,100.0,1.0,100.0,N/A,N/A
dag_001293.txt,0.0,0.0,100.0,0.0,100.0,0.0,100.0,0.0,100.0,N/A,N/A
dgrid_001293.txt,5.0,5.0,100.0,5.0,100.0,5.0,100.0,5.0,100.0,N/A,N/A
ego_001293.txt,6.0,6.0,100.0,6.0,100.0,6.0,100.0,6.0,100.0,N/A,N/A
er_001293.txt,2.0,2.0,100.0,2.0,100.0,2.0,100.0,2.0,100.0,N/A,N/A
scale_free_001293.txt,1.0,1.0,100.0,1.0,100.0,1.0,100.0,1.0,100.0,N/A,N/A
dag_001294.txt,0.0,0.0,100.0,0.0,100.0,0.0,100.0,0.0,100.0,N/A,N/A
dgrid_001294.txt,1.0,1.0,100.0,1.0,100.0,1.0,100.0,1.0,100.0,N/A,N/A
ego_001294.txt,4.0,4.0,100.0,4.0,100.0,4.0,100.0,4.0,100.0,N/A,N/A
er_001294.txt,15.0,N/A,N/A,15.0,100.0,15.0,100.0,N/A,N/A,N/A,N/A
scale_free_001294.txt,2.0,2.0,100.0,2.0,100.0,2.0,100.0,2.0,100.0,N/A,N/A
dag_001295.txt,0.0,0.0,100.0,0.0,100.0,0.0,100.0,0.0,100.0,N/A,N/A
dgrid_001295.txt,2.0,2.0,100.0,2.0,100.0,2.0,100.0,2.0,100.0,N/A,N/A
ego_001295.txt,2.0,2.0,100.0,2.0,100.0,2.0,100.0,2.0,100.0,N/A,N/A
er_001295.txt,3.0,3.0,100.0,3.0,100.0,3.0,100.0,3.0,100.0,N/A,N/A
scale_free_001295.txt,1.0,1.0,100.0,1.0,100.0,1.0,100.0,1.0,100.0,N/A,N/A
dag_001296.txt,0.0,0.0,100.0,0.0,100.0,0.0,100.0,0.0,100.0,N/A,N/A
dgrid_001296.txt,3.0,3.0,100.0,3.0,100.0,3.0,100.0,3.0,100.0,N/A,N/A
ego_001296.txt,0.0,0.0,100.0,0.0,100.0,0.0,100.0,0.0,100.0,N/A,N/A
er_001296.txt,3.0,3.0,100.0,3.0,100.0,3.0,100.0,3.0,100.0,N/A,N/A
scale_free_001296.txt,1.0,1.0,100.0,1.0,100.0,1.0,100.0,1.0,100.0,N/A,N/A
dag_001297.txt,0.0,0.0,100.0,0.0,100.0,0.0,100.0,0.0,100.0,N/A,N/A
dgrid_001297.txt,0.0,0.0,100.0,0.0,100.0,0.0,100.0,0.0,100.0,N/A,N/A
ego_001297.txt,6.0,6.0,100.0,6.0,100.0,6.0,100.0,6.0,100.0,N/A,N/A
er_001297.txt,15.0,N/A,N/A,15.0,100.0,15.0,100.0,N/A,N/A,N/A,N/A
scale_free_001297.txt,1.0,1.0,100.0,1.0,100.0,1.0,100.0,1.0,100.0,N/A,N/A
dag_001298.txt,0.0,0.0,100.0,0.0,100.0,0.0,100.0,0.0,100.0,N/A,N/A
dgrid_001298.txt,0.0,0.0,100.0,0.0,100.0,0.0,100.0,0.0,100.0,N/A,N/A
ego_001298.txt,1.0,1.0,100.0,1.0,100.0,1.0,100.0,1.0,100.0,N/A,N/A
er_001298.txt,14.0,N/A,N/A,14.0,100.0,14.0,100.0,N/A,N/A,N/A,N/A
scale_free_001298.txt,2.0,2.0,100.0,2.0,100.0,2.0,100.0,2.0,100.0,N/A,N/A
dag_001299.txt,0.0,0.0,100.0,0.0,100.0,0.0,100.0,0.0,100.0,N/A,N/A
dgrid_001299.txt,3.0,3.0,100.0,3.0,100.0,3.0,100.0,3.0,100.0,N/A,N/A
ego_001299.txt,0.0,0.0,100.0,0.0,100.0,0.0,100.0,0.0,100.0,N/A,N/A
er_001299.txt,4.0,4.0,100.0,4.0,100.0,4.0,100.0,4.0,100.0,N/A,N/A
scale_free_001299.txt,1.0,1.0,100.0,1.0,100.0,1.0,100.0,1.0,100.0,N/A,N/A
dag_001300.txt,0.0,0.0,100.0,0.0,100.0,0.0,100.0,0.0,100.0,N/A,N/A
dgrid_001300.txt,4.0,4.0,100.0,4.0,100.0,4.0,100.0,4.0,100.0,N/A,N/A
ego_001300.txt,7.0,7.0,100.0,7.0,100.0,7.0,100.0,7.0,100.0,N/A,N/A
er_001300.txt,8.0,8.0,100.0,8.0,100.0,8.0,100.0,8.0,100.0,N/A,N/A
scale_free_001300.txt,1.0,1.0,100.0,1.0,100.0,1.0,100.0,1.0,100.0,N/A,N/A
dag_001301.txt,0.0,0.0,100.0,0.0,100.0,0.0,100.0,0.0,100.0,N/A,N/A
dgrid_001301.txt,3.0,3.0,100.0,3.0,100.0,3.0,100.0,3.0,100.0,N/A,N/A
ego_001301.txt,9.0,9.0,100.0,9.0,100.0,9.0,100.0,9.0,100.0,N/A,N/A
er_001301.txt,2.0,2.0,100.0,2.0,100.0,2.0,100.0,2.0,100.0,N/A,N/A
scale_free_001301.txt,1.0,1.0,100.0,1.0,100.0,1.0,100.0,1.0,100.0,N/A,N/A
dag_001302.txt,0.0,0.0,100.0,0.0,100.0,0.0,100.0,0.0,100.0,N/A,N/A
dgrid_001302.txt,1.0,1.0,100.0,1.0,100.0,1.0,100.0,1.0,100.0,N/A,N/A
ego_001302.txt,4.0,4.0,100.0,4.0,100.0,4.0,100.0,4.0,100.0,N/A,N/A
er_001302.txt,11.0,11.0,100.0,11.0,100.0,11.0,100.0,N/A,N/A,N/A,N/A
scale_free_001302.txt,2.0,2.0,100.0,2.0,100.0,2.0,100.0,2.0,100.0,N/A,N/A
dag_001303.txt,0.0,0.0,100.0,0.0,100.0,0.0,100.0,0.0,100.0,N/A,N/A
dgrid_001303.txt,1.0,1.0,100.0,1.0,100.0,1.0,100.0,1.0,100.0,N/A,N/A
ego_001303.txt,0.0,0.0,100.0,0.0,100.0,0.0,100.0,0.0,100.0,N/A,N/A
er_001303.txt,7.0,7.0,100.0,7.0,100.0,7.0,100.0,7.0,100.0,N/A,N/A
scale_free_001303.txt,1.0,1.0,100.0,1.0,100.0,1.0,100.0,1.0,100.0,N/A,N/A
dag_001304.txt,0.0,0.0,100.0,0.0,100.0,0.0,100.0,0.0,100.0,N/A,N/A
dgrid_001304.txt,2.0,2.0,100.0,2.0,100.0,2.0,100.0,2.0,100.0,N/A,N/A
ego_001304.txt,6.0,6.0,100.0,6.0,100.0,6.0,100.0,6.0,100.0,N/A,N/A
er_001304.txt,10.0,10.0,100.0,10.0,100.0,10.0,100.0,N/A,N/A,N/A,N/A
scale_free_001304.txt,1.0,1.0,100.0,1.0,100.0,1.0,100.0,1.0,100.0,N/A,N/A
dag_001305.txt,0.0,0.0,100.0,0.0,100.0,0.0,100.0,0.0,100.0,N/A,N/A
dgrid_001305.txt,1.0,1.0,100.0,1.0,100.0,1.0,100.0,1.0,100.0,N/A,N/A
ego_001305.txt,5.0,5.0,100.0,5.0,100.0,5.0,100.0,5.0,100.0,N/A,N/A
er_001305.txt,13.0,N/A,N/A,13.0,100.0,13.0,100.0,N/A,N/A,N/A,N/A
scale_free_001305.txt,2.0,2.0,100.0,2.0,100.0,2.0,100.0,2.0,100.0,N/A,N/A
dag_001306.txt,0.0,0.0,100.0,0.0,100.0,0.0,100.0,0.0,100.0,N/A,N/A
dgrid_001306.txt,1.0,1.0,100.0,1.0,100.0,1.0,100.0,1.0,100.0,N/A,N/A
ego_001306.txt,0.0,0.0,100.0,0.0,100.0,0.0,100.0,0.0,100.0,N/A,N/A
er_001306.txt,2.0,2.0,100.0,2.0,100.0,2.0,100.0,2.0,100.0,N/A,N/A
scale_free_001306.txt,1.0,1.0,100.0,1.0,100.0,1.0,100.0,1.0,100.0,N/A,N/A
dag_001307.txt,0.0,0.0,100.0,0.0,100.0,0.0,100.0,0.0,100.0,N/A,N/A
dgrid_001307.txt,0.0,0.0,100.0,0.0,100.0,0.0,100.0,0.0,100.0,N/A,N/A
ego_001307.txt,8.0,8.0,100.0,8.0,100.0,8.0,100.0,N/A,N/A,N/A,N/A
er_001307.txt,3.0,3.0,100.0,3.0,100.0,3.0,100.0,3.0,100.0,N/A,N/A
scale_free_001307.txt,1.0,1.0,100.0,1.0,100.0,1.0,100.0,1.0,100.0,N/A,N/A
dag_001308.txt,0.0,0.0,100.0,0.0,100.0,0.0,100.0,0.0,100.0,N/A,N/A
dgrid_001308.txt,3.0,3.0,100.0,3.0,100.0,3.0,100.0,3.0,100.0,N/A,N/A
ego_001308.txt,7.0,7.0,100.0,7.0,100.0,7.0,100.0,N/A,N/A,N/A,N/A
er_001308.txt,18.0,N/A,N/A,18.0,100.0,18.0,100.0,N/A,N/A,N/A,N/A
scale_free_001308.txt,1.0,1.0,100.0,1.0,100.0,1.0,100.0,1.0,100.0,N/A,N/A
dag_001309.txt,0.0,0.0,100.0,0.0,100.0,0.0,100.0,0.0,100.0,N/A,N/A
dgrid_001309.txt,3.0,3.0,100.0,3.0,100.0,3.0,100.0,3.0,100.0,N/A,N/A
ego_001309.txt,6.0,6.0,100.0,6.0,100.0,6.0,100.0,6.0,100.0,N/A,N/A
er_001309.txt,11.0,11.0,100.0,11.0,100.0,11.0,100.0,N/A,N/A,N/A,N/A
scale_free_001309.txt,1.0,1.0,100.0,1.0,100.0,1.0,100.0,1.0,100.0,N/A,N/A
dag_001310.txt,0.0,0.0,100.0,0.0,100.0,0.0,100.0,0.0,100.0,N/A,N/A
dgrid_001310.txt,2.0,2.0,100.0,2.0,100.0,2.0,100.0,2.0,100.0,N/A,N/A
ego_001310.txt,11.0,11.0,100.0,11.0,100.0,11.0,100.0,N/A,N/A,N/A,N/A
er_001310.txt,6.0,6.0,100.0,6.0,100.0,6.0,100.0,6.0,100.0,N/A,N/A
scale_free_001310.txt,1.0,1.0,100.0,1.0,100.0,1.0,100.0,1.0,100.0,N/A,N/A
dag_001311.txt,0.0,0.0,100.0,0.0,100.0,0.0,100.0,0.0,100.0,N/A,N/A
dgrid_001311.txt,2.0,2.0,100.0,2.0,100.0,2.0,100.0,2.0,100.0,N/A,N/A
ego_001311.txt,5.0,5.0,100.0,5.0,100.0,5.0,100.0,5.0,100.0,N/A,N/A
er_001311.txt,3.0,3.0,100.0,3.0,100.0,3.0,100.0,3.0,100.0,N/A,N/A
scale_free_001311.txt,1.0,1.0,100.0,1.0,100.0,1.0,100.0,1.0,100.0,N/A,N/A
dag_001312.txt,0.0,0.0,100.0,0.0,100.0,0.0,100.0,0.0,100.0,N/A,N/A
dgrid_001312.txt,3.0,3.0,100.0,3.0,100.0,3.0,100.0,3.0,100.0,N/A,N/A
ego_001312.txt,0.0,0.0,100.0,0.0,100.0,0.0,100.0,0.0,100.0,N/A,N/A
er_001312.txt,5.0,5.0,100.0,5.0,100.0,5.0,100.0,5.0,100.0,N/A,N/A
scale_free_001312.txt,1.0,1.0,100.0,1.0,100.0,1.0,100.0,1.0,100.0,N/A,N/A
dag_001313.txt,0.0,0.0,100.0,0.0,100.0,0.0,100.0,0.0,100.0,N/A,N/A
dgrid_001313.txt,0.0,0.0,100.0,0.0,100.0,0.0,100.0,0.0,100.0,N/A,N/A
ego_001313.txt,0.0,0.0,100.0,0.0,100.0,0.0,100.0,0.0,100.0,N/A,N/A
er_001313.txt,12.0,N/A,N/A,12.0,100.0,12.0,100.0,N/A,N/A,N/A,N/A
scale_free_001313.txt,1.0,1.0,100.0,1.0,100.0,1.0,100.0,1.0,100.0,N/A,N/A
dag_001314.txt,0.0,0.0,100.0,0.0,100.0,0.0,100.0,0.0,100.0,N/A,N/A
dgrid_001314.txt,1.0,1.0,100.0,1.0,100.0,1.0,100.0,1.0,100.0,N/A,N/A
ego_001314.txt,6.0,6.0,100.0,6.0,100.0,6.0,100.0,6.0,100.0,N/A,N/A
er_001314.txt,5.0,5.0,100.0,5.0,100.0,5.0,100.0,5.0,100.0,N/A,N/A
scale_free_001314.txt,1.0,1.0,100.0,1.0,100.0,1.0,100.0,1.0,100.0,N/A,N/A
dag_001315.txt,0.0,0.0,100.0,0.0,100.0,0.0,100.0,0.0,100.0,N/A,N/A
dgrid_001315.txt,3.0,3.0,100.0,3.0,100.0,3.0,100.0,3.0,100.0,N/A,N/A
ego_001315.txt,0.0,0.0,100.0,0.0,100.0,0.0,100.0,0.0,100.0,N/A,N/A
er_001315.txt,1.0,1.0,100.0,1.0,100.0,1.0,100.0,1.0,100.0,N/A,N/A
scale_free_001315.txt,1.0,1.0,100.0,1.0,100.0,1.0,100.0,1.0,100.0,N/A,N/A
dag_001316.txt,0.0,0.0,100.0,0.0,100.0,0.0,100.0,0.0,100.0,N/A,N/A
dgrid_001316.txt,4.0,4.0,100.0,4.0,100.0,4.0,100.0,4.0,100.0,N/A,N/A
ego_001316.txt,2.0,2.0,100.0,2.0,100.0,2.0,100.0,2.0,100.0,N/A,N/A
er_001316.txt,9.0,9.0,100.0,9.0,100.0,9.0,100.0,N/A,N/A,N/A,N/A
scale_free_001316.txt,1.0,1.0,100.0,1.0,100.0,1.0,100.0,1.0,100.0,N/A,N/A
dag_001317.txt,0.0,0.0,100.0,0.0,100.0,0.0,100.0,0.0,100.0,N/A,N/A
dgrid_001317.txt,2.0,2.0,100.0,2.0,100.0,2.0,100.0,2.0,100.0,N/A,N/A
ego_001317.txt,1.0,1.0,100.0,1.0,100.0,1.0,100.0,1.0,100.0,N/A,N/A
er_001317.txt,14.0,N/A,N/A,14.0,100.0,14.0,100.0,N/A,N/A,N/A,N/A
scale_free_001317.txt,1.0,1.0,100.0,1.0,100.0,1.0,100.0,1.0,100.0,N/A,N/A
dag_001318.txt,0.0,0.0,100.0,0.0,100.0,0.0,100.0,0.0,100.0,N/A,N/A
dgrid_001318.txt,1.0,1.0,100.0,1.0,100.0,1.0,100.0,1.0,100.0,N/A,N/A
ego_001318.txt,0.0,0.0,100.0,0.0,100.0,0.0,100.0,0.0,100.0,N/A,N/A
er_001318.txt,9.0,9.0,100.0,9.0,100.0,9.0,100.0,N/A,N/A,N/A,N/A
scale_free_001318.txt,1.0,1.0,100.0,1.0,100.0,1.0,100.0,1.0,100.0,N/A,N/A
dag_001319.txt,0.0,0.0,100.0,0.0,100.0,0.0,100.0,0.0,100.0,N/A,N/A
dgrid_001319.txt,5.0,5.0,100.0,5.0,100.0,5.0,100.0,5.0,100.0,N/A,N/A
ego_001319.txt,2.0,2.0,100.0,2.0,100.0,2.0,100.0,2.0,100.0,N/A,N/A
er_001319.txt,1.0,1.0,100.0,1.0,100.0,1.0,100.0,1.0,100.0,N/A,N/A
scale_free_001319.txt,1.0,1.0,100.0,1.0,100.0,1.0,100.0,1.0,100.0,N/A,N/A
dag_001320.txt,0.0,0.0,100.0,0.0,100.0,0.0,100.0,0.0,100.0,N/A,N/A
dgrid_001320.txt,3.0,3.0,100.0,3.0,100.0,3.0,100.0,3.0,100.0,N/A,N/A
ego_001320.txt,2.0,2.0,100.0,2.0,100.0,2.0,100.0,2.0,100.0,N/A,N/A
er_001320.txt,3.0,3.0,100.0,3.0,100.0,3.0,100.0,3.0,100.0,N/A,N/A
scale_free_001320.txt,1.0,1.0,100.0,1.0,100.0,1.0,100.0,1.0,100.0,N/A,N/A
dag_001321.txt,0.0,0.0,100.0,0.0,100.0,0.0,100.0,0.0,100.0,N/A,N/A
dgrid_001321.txt,1.0,1.0,100.0,1.0,100.0,1.0,100.0,1.0,100.0,N/A,N/A
ego_001321.txt,0.0,0.0,100.0,0.0,100.0,0.0,100.0,0.0,100.0,N/A,N/A
er_001321.txt,6.0,6.0,100.0,6.0,100.0,6.0,100.0,6.0,100.0,N/A,N/A
scale_free_001321.txt,1.0,1.0,100.0,1.0,100.0,1.0,100.0,1.0,100.0,N/A,N/A
dag_001322.txt,0.0,0.0,100.0,0.0,100.0,0.0,100.0,0.0,100.0,N/A,N/A
dgrid_001322.txt,3.0,3.0,100.0,3.0,100.0,3.0,100.0,3.0,100.0,N/A,N/A
ego_001322.txt,4.0,4.0,100.0,4.0,100.0,4.0,100.0,4.0,100.0,N/A,N/A
er_001322.txt,2.0,2.0,100.0,2.0,100.0,2.0,100.0,2.0,100.0,N/A,N/A
scale_free_001322.txt,2.0,2.0,100.0,2.0,100.0,2.0,100.0,2.0,100.0,N/A,N/A
dag_001323.txt,0.0,0.0,100.0,0.0,100.0,0.0,100.0,0.0,100.0,N/A,N/A
dgrid_001323.txt,0.0,0.0,100.0,0.0,100.0,0.0,100.0,0.0,100.0,N/A,N/A
ego_001323.txt,9.0,9.0,100.0,9.0,100.0,9.0,100.0,N/A,N/A,N/A,N/A
er_001323.txt,10.0,10.0,100.0,10.0,100.0,10.0,100.0,10.0,100.0,N/A,N/A
scale_free_001323.txt,1.0,1.0,100.0,1.0,100.0,1.0,100.0,1.0,100.0,N/A,N/A
dag_001324.txt,0.0,0.0,100.0,0.0,100.0,0.0,100.0,0.0,100.0,N/A,N/A
dgrid_001324.txt,2.0,2.0,100.0,2.0,100.0,2.0,100.0,2.0,100.0,N/A,N/A
ego_001324.txt,7.0,7.0,100.0,7.0,100.0,7.0,100.0,7.0,100.0,N/A,N/A
er_001324.txt,6.0,6.0,100.0,6.0,100.0,6.0,100.0,6.0,100.0,N/A,N/A
scale_free_001324.txt,1.0,1.0,100.0,1.0,100.0,1.0,100.0,1.0,100.0,N/A,N/A
dag_001325.txt,0.0,0.0,100.0,0.0,100.0,0.0,100.0,0.0,100.0,N/A,N/A
dgrid_001325.txt,1.0,1.0,100.0,1.0,100.0,1.0,100.0,1.0,100.0,N/A,N/A
ego_001325.txt,8.0,8.0,100.0,8.0,100.0,8.0,100.0,N/A,N/A,N/A,N/A
er_001325.txt,3.0,3.0,100.0,3.0,100.0,3.0,100.0,3.0,100.0,N/A,N/A
scale_free_001325.txt,1.0,1.0,100.0,1.0,100.0,1.0,100.0,1.0,100.0,N/A,N/A
dag_001326.txt,0.0,0.0,100.0,0.0,100.0,0.0,100.0,0.0,100.0,N/A,N/A
dgrid_001326.txt,3.0,3.0,100.0,3.0,100.0,3.0,100.0,3.0,100.0,N/A,N/A
ego_001326.txt,6.0,6.0,100.0,6.0,100.0,6.0,100.0,6.0,100.0,N/A,N/A
er_001326.txt,12.0,N/A,N/A,12.0,100.0,12.0,100.0,N/A,N/A,N/A,N/A
scale_free_001326.txt,1.0,1.0,100.0,1.0,100.0,1.0,100.0,1.0,100.0,N/A,N/A
dag_001327.txt,0.0,0.0,100.0,0.0,100.0,0.0,100.0,0.0,100.0,N/A,N/A
dgrid_001327.txt,1.0,1.0,100.0,1.0,100.0,1.0,100.0,1.0,100.0,N/A,N/A
ego_001327.txt,2.0,2.0,100.0,2.0,100.0,2.0,100.0,2.0,100.0,N/A,N/A
er_001327.txt,13.0,13.0,100.0,13.0,100.0,13.0,100.0,N/A,N/A,N/A,N/A
scale_free_001327.txt,1.0,1.0,100.0,1.0,100.0,1.0,100.0,1.0,100.0,N/A,N/A
dag_001328.txt,0.0,0.0,100.0,0.0,100.0,0.0,100.0,0.0,100.0,N/A,N/A
dgrid_001328.txt,4.0,4.0,100.0,4.0,100.0,4.0,100.0,4.0,100.0,N/A,N/A
ego_001328.txt,1.0,1.0,100.0,1.0,100.0,1.0,100.0,1.0,100.0,N/A,N/A
er_001328.txt,5.0,5.0,100.0,5.0,100.0,5.0,100.0,5.0,100.0,N/A,N/A
scale_free_001328.txt,1.0,1.0,100.0,1.0,100.0,1.0,100.0,1.0,100.0,N/A,N/A
dag_001329.txt,0.0,0.0,100.0,0.0,100.0,0.0,100.0,0.0,100.0,N/A,N/A
dgrid_001329.txt,4.0,4.0,100.0,4.0,100.0,4.0,100.0,4.0,100.0,N/A,N/A
ego_001329.txt,14.0,14.0,100.0,14.0,100.0,14.0,100.0,N/A,N/A,N/A,N/A
er_001329.txt,19.0,N/A,N/A,19.0,100.0,19.0,100.0,N/A,N/A,N/A,N/A
scale_free_001329.txt,1.0,1.0,100.0,1.0,100.0,1.0,100.0,1.0,100.0,N/A,N/A
dag_001330.txt,0.0,0.0,100.0,0.0,100.0,0.0,100.0,0.0,100.0,N/A,N/A
dgrid_001330.txt,4.0,4.0,100.0,4.0,100.0,4.0,100.0,4.0,100.0,N/A,N/A
ego_001330.txt,0.0,0.0,100.0,0.0,100.0,0.0,100.0,0.0,100.0,N/A,N/A
er_001330.txt,5.0,5.0,100.0,5.0,100.0,5.0,100.0,5.0,100.0,N/A,N/A
scale_free_001330.txt,1.0,1.0,100.0,1.0,100.0,1.0,100.0,1.0,100.0,N/A,N/A
dag_001331.txt,0.0,0.0,100.0,0.0,100.0,0.0,100.0,0.0,100.0,N/A,N/A
dgrid_001331.txt,4.0,4.0,100.0,4.0,100.0,4.0,100.0,4.0,100.0,N/A,N/A
ego_001331.txt,9.0,9.0,100.0,9.0,100.0,9.0,100.0,N/A,N/A,N/A,N/A
er_001331.txt,19.0,N/A,N/A,19.0,100.0,20.0,95.0,N/A,N/A,N/A,N/A
scale_free_001331.txt,1.0,1.0,100.0,1.0,100.0,1.0,100.0,1.0,100.0,N/A,N/A
dag_001332.txt,0.0,0.0,100.0,0.0,100.0,0.0,100.0,0.0,100.0,N/A,N/A
dgrid_001332.txt,0.0,0.0,100.0,0.0,100.0,0.0,100.0,0.0,100.0,N/A,N/A
ego_001332.txt,2.0,2.0,100.0,2.0,100.0,2.0,100.0,2.0,100.0,N/A,N/A
er_001332.txt,8.0,8.0,100.0,8.0,100.0,8.0,100.0,8.0,100.0,N/A,N/A
scale_free_001332.txt,1.0,1.0,100.0,1.0,100.0,1.0,100.0,1.0,100.0,N/A,N/A
dag_001333.txt,0.0,0.0,100.0,0.0,100.0,0.0,100.0,0.0,100.0,N/A,N/A
dgrid_001333.txt,2.0,2.0,100.0,2.0,100.0,2.0,100.0,2.0,100.0,N/A,N/A
ego_001333.txt,0.0,0.0,100.0,0.0,100.0,0.0,100.0,0.0,100.0,N/A,N/A
er_001333.txt,3.0,3.0,100.0,3.0,100.0,3.0,100.0,3.0,100.0,N/A,N/A
scale_free_001333.txt,1.0,1.0,100.0,1.0,100.0,1.0,100.0,1.0,100.0,N/A,N/A
dag_001334.txt,0.0,0.0,100.0,0.0,100.0,0.0,100.0,0.0,100.0,N/A,N/A
dgrid_001334.txt,1.0,1.0,100.0,1.0,100.0,1.0,100.0,1.0,100.0,N/A,N/A
ego_001334.txt,0.0,0.0,100.0,0.0,100.0,0.0,100.0,0.0,100.0,N/A,N/A
er_001334.txt,11.0,11.0,100.0,11.0,100.0,11.0,100.0,N/A,N/A,N/A,N/A
scale_free_001334.txt,1.0,1.0,100.0,1.0,100.0,1.0,100.0,1.0,100.0,N/A,N/A
dag_001335.txt,0.0,0.0,100.0,0.0,100.0,0.0,100.0,0.0,100.0,N/A,N/A
dgrid_001335.txt,1.0,1.0,100.0,1.0,100.0,1.0,100.0,1.0,100.0,N/A,N/A
ego_001335.txt,7.0,7.0,100.0,7.0,100.0,7.0,100.0,7.0,100.0,N/A,N/A
er_001335.txt,15.0,N/A,N/A,15.0,100.0,15.0,100.0,N/A,N/A,N/A,N/A
scale_free_001335.txt,1.0,1.0,100.0,1.0,100.0,1.0,100.0,1.0,100.0,N/A,N/A
dag_001336.txt,0.0,0.0,100.0,0.0,100.0,0.0,100.0,0.0,100.0,N/A,N/A
dgrid_001336.txt,3.0,3.0,100.0,3.0,100.0,3.0,100.0,3.0,100.0,N/A,N/A
ego_001336.txt,0.0,0.0,100.0,0.0,100.0,0.0,100.0,0.0,100.0,N/A,N/A
er_001336.txt,13.0,N/A,N/A,13.0,100.0,13.0,100.0,N/A,N/A,N/A,N/A
scale_free_001336.txt,1.0,1.0,100.0,1.0,100.0,1.0,100.0,1.0,100.0,N/A,N/A
dag_001337.txt,0.0,0.0,100.0,0.0,100.0,0.0,100.0,0.0,100.0,N/A,N/A
dgrid_001337.txt,1.0,1.0,100.0,1.0,100.0,1.0,100.0,1.0,100.0,N/A,N/A
ego_001337.txt,1.0,1.0,100.0,1.0,100.0,1.0,100.0,1.0,100.0,N/A,N/A
er_001337.txt,10.0,10.0,100.0,10.0,100.0,10.0,100.0,N/A,N/A,N/A,N/A
scale_free_001337.txt,1.0,1.0,100.0,1.0,100.0,1.0,100.0,1.0,100.0,N/A,N/A
dag_001338.txt,0.0,0.0,100.0,0.0,100.0,0.0,100.0,0.0,100.0,N/A,N/A
dgrid_001338.txt,1.0,1.0,100.0,1.0,100.0,1.0,100.0,1.0,100.0,N/A,N/A
ego_001338.txt,3.0,3.0,100.0,3.0,100.0,3.0,100.0,3.0,100.0,N/A,N/A
er_001338.txt,15.0,N/A,N/A,15.0,100.0,15.0,100.0,N/A,N/A,N/A,N/A
scale_free_001338.txt,2.0,2.0,100.0,2.0,100.0,2.0,100.0,2.0,100.0,N/A,N/A
dag_001339.txt,0.0,0.0,100.0,0.0,100.0,0.0,100.0,0.0,100.0,N/A,N/A
dgrid_001339.txt,4.0,4.0,100.0,4.0,100.0,4.0,100.0,4.0,100.0,N/A,N/A
ego_001339.txt,8.0,8.0,100.0,8.0,100.0,8.0,100.0,8.0,100.0,N/A,N/A
er_001339.txt,3.0,3.0,100.0,3.0,100.0,3.0,100.0,3.0,100.0,N/A,N/A
scale_free_001339.txt,1.0,1.0,100.0,1.0,100.0,1.0,100.0,1.0,100.0,N/A,N/A
dag_001340.txt,0.0,0.0,100.0,0.0,100.0,0.0,100.0,0.0,100.0,N/A,N/A
dgrid_001340.txt,3.0,3.0,100.0,3.0,100.0,3.0,100.0,3.0,100.0,N/A,N/A
ego_001340.txt,3.0,3.0,100.0,3.0,100.0,3.0,100.0,3.0,100.0,N/A,N/A
er_001340.txt,5.0,5.0,100.0,5.0,100.0,5.0,100.0,5.0,100.0,N/A,N/A
scale_free_001340.txt,1.0,1.0,100.0,1.0,100.0,1.0,100.0,1.0,100.0,N/A,N/A
dag_001341.txt,0.0,0.0,100.0,0.0,100.0,0.0,100.0,0.0,100.0,N/A,N/A
dgrid_001341.txt,0.0,0.0,100.0,0.0,100.0,0.0,100.0,0.0,100.0,N/A,N/A
ego_001341.txt,1.0,1.0,100.0,1.0,100.0,1.0,100.0,1.0,100.0,N/A,N/A
er_001341.txt,7.0,7.0,100.0,7.0,100.0,7.0,100.0,7.0,100.0,N/A,N/A
scale_free_001341.txt,1.0,1.0,100.0,1.0,100.0,1.0,100.0,1.0,100.0,N/A,N/A
dag_001342.txt,0.0,0.0,100.0,0.0,100.0,0.0,100.0,0.0,100.0,N/A,N/A
dgrid_001342.txt,1.0,1.0,100.0,1.0,100.0,1.0,100.0,1.0,100.0,N/A,N/A
ego_001342.txt,9.0,9.0,100.0,9.0,100.0,9.0,100.0,9.0,100.0,N/A,N/A
er_001342.txt,2.0,2.0,100.0,2.0,100.0,2.0,100.0,2.0,100.0,N/A,N/A
scale_free_001342.txt,2.0,2.0,100.0,2.0,100.0,2.0,100.0,2.0,100.0,N/A,N/A
dag_001343.txt,0.0,0.0,100.0,0.0,100.0,0.0,100.0,0.0,100.0,N/A,N/A
dgrid_001343.txt,1.0,1.0,100.0,1.0,100.0,1.0,100.0,1.0,100.0,N/A,N/A
ego_001343.txt,0.0,0.0,100.0,0.0,100.0,0.0,100.0,0.0,100.0,N/A,N/A
er_001343.txt,3.0,3.0,100.0,3.0,100.0,3.0,100.0,3.0,100.0,N/A,N/A
scale_free_001343.txt,1.0,1.0,100.0,1.0,100.0,1.0,100.0,1.0,100.0,N/A,N/A
dag_001344.txt,0.0,0.0,100.0,0.0,100.0,0.0,100.0,0.0,100.0,N/A,N/A
dgrid_001344.txt,4.0,4.0,100.0,4.0,100.0,4.0,100.0,4.0,100.0,N/A,N/A
ego_001344.txt,10.0,10.0,100.0,10.0,100.0,10.0,100.0,N/A,N/A,N/A,N/A
er_001344.txt,16.0,N/A,N/A,16.0,100.0,16.0,100.0,N/A,N/A,N/A,N/A
scale_free_001344.txt,2.0,2.0,100.0,2.0,100.0,2.0,100.0,2.0,100.0,N/A,N/A
dag_001345.txt,0.0,0.0,100.0,0.0,100.0,0.0,100.0,0.0,100.0,N/A,N/A
dgrid_001345.txt,2.0,2.0,100.0,2.0,100.0,2.0,100.0,2.0,100.0,N/A,N/A
ego_001345.txt,2.0,2.0,100.0,2.0,100.0,2.0,100.0,2.0,100.0,N/A,N/A
er_001345.txt,11.0,11.0,100.0,11.0,100.0,11.0,100.0,N/A,N/A,N/A,N/A
scale_free_001345.txt,1.0,1.0,100.0,1.0,100.0,1.0,100.0,1.0,100.0,N/A,N/A
dag_001346.txt,0.0,0.0,100.0,0.0,100.0,0.0,100.0,0.0,100.0,N/A,N/A
dgrid_001346.txt,0.0,0.0,100.0,0.0,100.0,0.0,100.0,0.0,100.0,N/A,N/A
ego_001346.txt,15.0,15.0,100.0,15.0,100.0,15.0,100.0,N/A,N/A,N/A,N/A
er_001346.txt,17.0,N/A,N/A,17.0,100.0,17.0,100.0,N/A,N/A,N/A,N/A
scale_free_001346.txt,2.0,2.0,100.0,2.0,100.0,2.0,100.0,2.0,100.0,N/A,N/A
dag_001347.txt,0.0,0.0,100.0,0.0,100.0,0.0,100.0,0.0,100.0,N/A,N/A
dgrid_001347.txt,2.0,2.0,100.0,2.0,100.0,2.0,100.0,2.0,100.0,N/A,N/A
ego_001347.txt,10.0,10.0,100.0,10.0,100.0,10.0,100.0,N/A,N/A,N/A,N/A
er_001347.txt,4.0,4.0,100.0,4.0,100.0,4.0,100.0,4.0,100.0,N/A,N/A
scale_free_001347.txt,1.0,1.0,100.0,1.0,100.0,1.0,100.0,1.0,100.0,N/A,N/A
dag_001348.txt,0.0,0.0,100.0,0.0,100.0,0.0,100.0,0.0,100.0,N/A,N/A
dgrid_001348.txt,0.0,0.0,100.0,0.0,100.0,0.0,100.0,0.0,100.0,N/A,N/A
ego_001348.txt,2.0,2.0,100.0,2.0,100.0,2.0,100.0,2.0,100.0,N/A,N/A
er_001348.txt,4.0,4.0,100.0,4.0,100.0,4.0,100.0,4.0,100.0,N/A,N/A
scale_free_001348.txt,2.0,2.0,100.0,2.0,100.0,2.0,100.0,2.0,100.0,N/A,N/A
dag_001349.txt,0.0,0.0,100.0,0.0,100.0,0.0,100.0,0.0,100.0,N/A,N/A
dgrid_001349.txt,2.0,2.0,100.0,2.0,100.0,2.0,100.0,2.0,100.0,N/A,N/A
ego_001349.txt,3.0,3.0,100.0,3.0,100.0,3.0,100.0,3.0,100.0,N/A,N/A
er_001349.txt,16.0,N/A,N/A,16.0,100.0,16.0,100.0,N/A,N/A,N/A,N/A
scale_free_001349.txt,1.0,1.0,100.0,1.0,100.0,1.0,100.0,1.0,100.0,N/A,N/A
dag_001350.txt,0.0,0.0,100.0,0.0,100.0,0.0,100.0,0.0,100.0,N/A,N/A
dgrid_001350.txt,1.0,1.0,100.0,1.0,100.0,1.0,100.0,1.0,100.0,N/A,N/A
ego_001350.txt,2.0,2.0,100.0,2.0,100.0,2.0,100.0,2.0,100.0,N/A,N/A
er_001350.txt,8.0,8.0,100.0,8.0,100.0,8.0,100.0,8.0,100.0,N/A,N/A
scale_free_001350.txt,2.0,2.0,100.0,2.0,100.0,2.0,100.0,2.0,100.0,N/A,N/A
dag_001351.txt,0.0,0.0,100.0,0.0,100.0,0.0,100.0,0.0,100.0,N/A,N/A
dgrid_001351.txt,1.0,1.0,100.0,1.0,100.0,1.0,100.0,1.0,100.0,N/A,N/A
ego_001351.txt,15.0,15.0,100.0,15.0,100.0,15.0,100.0,N/A,N/A,N/A,N/A
er_001351.txt,14.0,N/A,N/A,14.0,100.0,15.0,93.3333,N/A,N/A,N/A,N/A
scale_free_001351.txt,2.0,2.0,100.0,2.0,100.0,2.0,100.0,2.0,100.0,N/A,N/A
dag_001352.txt,0.0,0.0,100.0,0.0,100.0,0.0,100.0,0.0,100.0,N/A,N/A
dgrid_001352.txt,0.0,0.0,100.0,0.0,100.0,0.0,100.0,0.0,100.0,N/A,N/A
ego_001352.txt,1.0,1.0,100.0,1.0,100.0,1.0,100.0,1.0,100.0,N/A,N/A
er_001352.txt,12.0,N/A,N/A,12.0,100.0,12.0,100.0,N/A,N/A,N/A,N/A
scale_free_001352.txt,1.0,1.0,100.0,1.0,100.0,1.0,100.0,1.0,100.0,N/A,N/A
dag_001353.txt,0.0,0.0,100.0,0.0,100.0,0.0,100.0,0.0,100.0,N/A,N/A
dgrid_001353.txt,1.0,1.0,100.0,1.0,100.0,1.0,100.0,1.0,100.0,N/A,N/A
ego_001353.txt,2.0,2.0,100.0,2.0,100.0,2.0,100.0,2.0,100.0,N/A,N/A
er_001353.txt,3.0,3.0,100.0,3.0,100.0,3.0,100.0,3.0,100.0,N/A,N/A
scale_free_001353.txt,1.0,1.0,100.0,1.0,100.0,1.0,100.0,1.0,100.0,N/A,N/A
dag_001354.txt,0.0,0.0,100.0,0.0,100.0,0.0,100.0,0.0,100.0,N/A,N/A
dgrid_001354.txt,0.0,0.0,100.0,0.0,100.0,0.0,100.0,0.0,100.0,N/A,N/A
ego_001354.txt,2.0,2.0,100.0,2.0,100.0,2.0,100.0,2.0,100.0,N/A,N/A
er_001354.txt,11.0,11.0,100.0,11.0,100.0,11.0,100.0,N/A,N/A,N/A,N/A
scale_free_001354.txt,1.0,1.0,100.0,1.0,100.0,1.0,100.0,1.0,100.0,N/A,N/A
dag_001355.txt,0.0,0.0,100.0,0.0,100.0,0.0,100.0,0.0,100.0,N/A,N/A
dgrid_001355.txt,4.0,4.0,100.0,4.0,100.0,4.0,100.0,4.0,100.0,N/A,N/A
ego_001355.txt,7.0,7.0,100.0,7.0,100.0,7.0,100.0,7.0,100.0,N/A,N/A
er_001355.txt,13.0,N/A,N/A,13.0,100.0,13.0,100.0,N/A,N/A,N/A,N/A
scale_free_001355.txt,2.0,2.0,100.0,2.0,100.0,2.0,100.0,2.0,100.0,N/A,N/A
dag_001356.txt,0.0,0.0,100.0,0.0,100.0,0.0,100.0,0.0,100.0,N/A,N/A
dgrid_001356.txt,2.0,2.0,100.0,2.0,100.0,2.0,100.0,2.0,100.0,N/A,N/A
ego_001356.txt,7.0,7.0,100.0,7.0,100.0,7.0,100.0,7.0,100.0,N/A,N/A
er_001356.txt,11.0,11.0,100.0,11.0,100.0,11.0,100.0,N/A,N/A,N/A,N/A
scale_free_001356.txt,1.0,1.0,100.0,1.0,100.0,1.0,100.0,1.0,100.0,N/A,N/A
dag_001357.txt,0.0,0.0,100.0,0.0,100.0,0.0,100.0,0.0,100.0,N/A,N/A
dgrid_001357.txt,3.0,3.0,100.0,3.0,100.0,3.0,100.0,3.0,100.0,N/A,N/A
ego_001357.txt,6.0,6.0,100.0,6.0,100.0,6.0,100.0,6.0,100.0,N/A,N/A
er_001357.txt,7.0,7.0,100.0,7.0,100.0,7.0,100.0,7.0,100.0,N/A,N/A
scale_free_001357.txt,2.0,2.0,100.0,2.0,100.0,2.0,100.0,2.0,100.0,N/A,N/A
dag_001358.txt,0.0,0.0,100.0,0.0,100.0,0.0,100.0,0.0,100.0,N/A,N/A
dgrid_001358.txt,4.0,4.0,100.0,4.0,100.0,4.0,100.0,4.0,100.0,N/A,N/A
ego_001358.txt,0.0,0.0,100.0,0.0,100.0,0.0,100.0,0.0,100.0,N/A,N/A
er_001358.txt,8.0,8.0,100.0,8.0,100.0,8.0,100.0,N/A,N/A,N/A,N/A
scale_free_001358.txt,1.0,1.0,100.0,1.0,100.0,1.0,100.0,1.0,100.0,N/A,N/A
dag_001359.txt,0.0,0.0,100.0,0.0,100.0,0.0,100.0,0.0,100.0,N/A,N/A
dgrid_001359.txt,5.0,5.0,100.0,5.0,100.0,5.0,100.0,5.0,100.0,N/A,N/A
ego_001359.txt,5.0,5.0,100.0,5.0,100.0,5.0,100.0,5.0,100.0,N/A,N/A
er_001359.txt,4.0,4.0,100.0,4.0,100.0,4.0,100.0,4.0,100.0,N/A,N/A
scale_free_001359.txt,1.0,1.0,100.0,1.0,100.0,1.0,100.0,1.0,100.0,N/A,N/A
dag_001360.txt,0.0,0.0,100.0,0.0,100.0,0.0,100.0,0.0,100.0,N/A,N/A
dgrid_001360.txt,1.0,1.0,100.0,1.0,100.0,1.0,100.0,1.0,100.0,N/A,N/A
ego_001360.txt,1.0,1.0,100.0,1.0,100.0,1.0,100.0,1.0,100.0,N/A,N/A
er_001360.txt,3.0,3.0,100.0,3.0,100.0,3.0,100.0,3.0,100.0,N/A,N/A
scale_free_001360.txt,1.0,1.0,100.0,1.0,100.0,1.0,100.0,1.0,100.0,N/A,N/A
dag_001361.txt,0.0,0.0,100.0,0.0,100.0,0.0,100.0,0.0,100.0,N/A,N/A
dgrid_001361.txt,0.0,0.0,100.0,0.0,100.0,0.0,100.0,0.0,100.0,N/A,N/A
ego_001361.txt,0.0,0.0,100.0,0.0,100.0,0.0,100.0,0.0,100.0,N/A,N/A
er_001361.txt,3.0,3.0,100.0,3.0,100.0,3.0,100.0,3.0,100.0,N/A,N/A
scale_free_001361.txt,1.0,1.0,100.0,1.0,100.0,1.0,100.0,1.0,100.0,N/A,N/A
dag_001362.txt,0.0,0.0,100.0,0.0,100.0,0.0,100.0,0.0,100.0,N/A,N/A
dgrid_001362.txt,4.0,4.0,100.0,4.0,100.0,4.0,100.0,4.0,100.0,N/A,N/A
ego_001362.txt,0.0,0.0,100.0,0.0,100.0,0.0,100.0,0.0,100.0,N/A,N/A
er_001362.txt,16.0,N/A,N/A,16.0,100.0,16.0,100.0,N/A,N/A,N/A,N/A
scale_free_001362.txt,1.0,1.0,100.0,1.0,100.0,1.0,100.0,1.0,100.0,N/A,N/A
dag_001363.txt,0.0,0.0,100.0,0.0,100.0,0.0,100.0,0.0,100.0,N/A,N/A
dgrid_001363.txt,2.0,2.0,100.0,2.0,100.0,2.0,100.0,2.0,100.0,N/A,N/A
ego_001363.txt,7.0,7.0,100.0,7.0,100.0,7.0,100.0,7.0,100.0,N/A,N/A
er_001363.txt,15.0,N/A,N/A,15.0,100.0,16.0,93.75,N/A,N/A,N/A,N/A
scale_free_001363.txt,2.0,2.0,100.0,2.0,100.0,2.0,100.0,2.0,100.0,N/A,N/A
dag_001364.txt,0.0,0.0,100.0,0.0,100.0,0.0,100.0,0.0,100.0,N/A,N/A
dgrid_001364.txt,2.0,2.0,100.0,2.0,100.0,2.0,100.0,2.0,100.0,N/A,N/A
ego_001364.txt,9.0,9.0,100.0,9.0,100.0,9.0,100.0,N/A,N/A,N/A,N/A
er_001364.txt,3.0,3.0,100.0,3.0,100.0,3.0,100.0,3.0,100.0,N/A,N/A
scale_free_001364.txt,1.0,1.0,100.0,1.0,100.0,1.0,100.0,1.0,100.0,N/A,N/A
dag_001365.txt,0.0,0.0,100.0,0.0,100.0,0.0,100.0,0.0,100.0,N/A,N/A
dgrid_001365.txt,2.0,2.0,100.0,2.0,100.0,2.0,100.0,2.0,100.0,N/A,N/A
ego_001365.txt,8.0,8.0,100.0,8.0,100.0,8.0,100.0,N/A,N/A,N/A,N/A
er_001365.txt,16.0,N/A,N/A,16.0,100.0,16.0,100.0,N/A,N/A,N/A,N/A
scale_free_001365.txt,1.0,1.0,100.0,1.0,100.0,1.0,100.0,1.0,100.0,N/A,N/A
dag_001366.txt,0.0,0.0,100.0,0.0,100.0,0.0,100.0,0.0,100.0,N/A,N/A
dgrid_001366.txt,1.0,1.0,100.0,1.0,100.0,1.0,100.0,1.0,100.0,N/A,N/A
ego_001366.txt,11.0,11.0,100.0,11.0,100.0,11.0,100.0,N/A,N/A,N/A,N/A
er_001366.txt,13.0,N/A,N/A,13.0,100.0,13.0,100.0,N/A,N/A,N/A,N/A
scale_free_001366.txt,2.0,2.0,100.0,2.0,100.0,2.0,100.0,2.0,100.0,N/A,N/A
dag_001367.txt,0.0,0.0,100.0,0.0,100.0,0.0,100.0,0.0,100.0,N/A,N/A
dgrid_001367.txt,1.0,1.0,100.0,1.0,100.0,1.0,100.0,1.0,100.0,N/A,N/A
ego_001367.txt,0.0,0.0,100.0,0.0,100.0,0.0,100.0,0.0,100.0,N/A,N/A
er_001367.txt,18.0,N/A,N/A,18.0,100.0,18.0,100.0,N/A,N/A,N/A,N/A
scale_free_001367.txt,1.0,1.0,100.0,1.0,100.0,1.0,100.0,1.0,100.0,N/A,N/A
dag_001368.txt,0.0,0.0,100.0,0.0,100.0,0.0,100.0,0.0,100.0,N/A,N/A
dgrid_001368.txt,1.0,1.0,100.0,1.0,100.0,1.0,100.0,1.0,100.0,N/A,N/A
ego_001368.txt,7.0,7.0,100.0,7.0,100.0,7.0,100.0,7.0,100.0,N/A,N/A
er_001368.txt,9.0,9.0,100.0,9.0,100.0,9.0,100.0,9.0,100.0,N/A,N/A
scale_free_001368.txt,1.0,1.0,100.0,1.0,100.0,1.0,100.0,1.0,100.0,N/A,N/A
dag_001369.txt,0.0,0.0,100.0,0.0,100.0,0.0,100.0,0.0,100.0,N/A,N/A
dgrid_001369.txt,2.0,2.0,100.0,2.0,100.0,2.0,100.0,2.0,100.0,N/A,N/A
ego_001369.txt,14.0,14.0,100.0,14.0,100.0,14.0,100.0,N/A,N/A,N/A,N/A
er_001369.txt,9.0,9.0,100.0,9.0,100.0,9.0,100.0,N/A,N/A,N/A,N/A
scale_free_001369.txt,1.0,1.0,100.0,1.0,100.0,1.0,100.0,1.0,100.0,N/A,N/A
dag_001370.txt,0.0,0.0,100.0,0.0,100.0,0.0,100.0,0.0,100.0,N/A,N/A
dgrid_001370.txt,1.0,1.0,100.0,1.0,100.0,1.0,100.0,1.0,100.0,N/A,N/A
ego_001370.txt,6.0,6.0,100.0,6.0,100.0,6.0,100.0,6.0,100.0,N/A,N/A
er_001370.txt,11.0,11.0,100.0,11.0,100.0,11.0,100.0,N/A,N/A,N/A,N/A
scale_free_001370.txt,1.0,1.0,100.0,1.0,100.0,1.0,100.0,1.0,100.0,N/A,N/A
dag_001371.txt,0.0,0.0,100.0,0.0,100.0,0.0,100.0,0.0,100.0,N/A,N/A
dgrid_001371.txt,3.0,3.0,100.0,3.0,100.0,3.0,100.0,3.0,100.0,N/A,N/A
ego_001371.txt,2.0,2.0,100.0,2.0,100.0,2.0,100.0,2.0,100.0,N/A,N/A
er_001371.txt,14.0,N/A,N/A,14.0,100.0,14.0,100.0,N/A,N/A,N/A,N/A
scale_free_001371.txt,1.0,1.0,100.0,1.0,100.0,1.0,100.0,1.0,100.0,N/A,N/A
dag_001372.txt,0.0,0.0,100.0,0.0,100.0,0.0,100.0,0.0,100.0,N/A,N/A
dgrid_001372.txt,1.0,1.0,100.0,1.0,100.0,1.0,100.0,1.0,100.0,N/A,N/A
ego_001372.txt,11.0,11.0,100.0,11.0,100.0,11.0,100.0,N/A,N/A,N/A,N/A
er_001372.txt,5.0,5.0,100.0,5.0,100.0,5.0,100.0,5.0,100.0,N/A,N/A
scale_free_001372.txt,1.0,1.0,100.0,1.0,100.0,1.0,100.0,1.0,100.0,N/A,N/A
dag_001373.txt,0.0,0.0,100.0,0.0,100.0,0.0,100.0,0.0,100.0,N/A,N/A
dgrid_001373.txt,5.0,5.0,100.0,5.0,100.0,5.0,100.0,5.0,100.0,N/A,N/A
ego_001373.txt,1.0,1.0,100.0,1.0,100.0,1.0,100.0,1.0,100.0,N/A,N/A
er_001373.txt,17.0,N/A,N/A,17.0,100.0,17.0,100.0,N/A,N/A,N/A,N/A
scale_free_001373.txt,1.0,1.0,100.0,1.0,100.0,1.0,100.0,1.0,100.0,N/A,N/A
dag_001374.txt,0.0,0.0,100.0,0.0,100.0,0.0,100.0,0.0,100.0,N/A,N/A
dgrid_001374.txt,0.0,0.0,100.0,0.0,100.0,0.0,100.0,0.0,100.0,N/A,N/A
ego_001374.txt,14.0,14.0,100.0,14.0,100.0,14.0,100.0,N/A,N/A,N/A,N/A
er_001374.txt,3.0,3.0,100.0,3.0,100.0,3.0,100.0,3.0,100.0,N/A,N/A
scale_free_001374.txt,1.0,1.0,100.0,1.0,100.0,1.0,100.0,1.0,100.0,N/A,N/A
dag_001375.txt,0.0,0.0,100.0,0.0,100.0,0.0,100.0,0.0,100.0,N/A,N/A
dgrid_001375.txt,1.0,1.0,100.0,1.0,100.0,1.0,100.0,1.0,100.0,N/A,N/A
ego_001375.txt,2.0,2.0,100.0,2.0,100.0,2.0,100.0,2.0,100.0,N/A,N/A
er_001375.txt,10.0,10.0,100.0,10.0,100.0,10.0,100.0,10.0,100.0,N/A,N/A
scale_free_001375.txt,1.0,1.0,100.0,1.0,100.0,1.0,100.0,1.0,100.0,N/A,N/A
dag_001376.txt,0.0,0.0,100.0,0.0,100.0,0.0,100.0,0.0,100.0,N/A,N/A
dgrid_001376.txt,4.0,4.0,100.0,4.0,100.0,4.0,100.0,4.0,100.0,N/A,N/A
ego_001376.txt,11.0,11.0,100.0,11.0,100.0,11.0,100.0,N/A,N/A,N/A,N/A
er_001376.txt,6.0,6.0,100.0,6.0,100.0,6.0,100.0,6.0,100.0,N/A,N/A
scale_free_001376.txt,2.0,2.0,100.0,2.0,100.0,2.0,100.0,2.0,100.0,N/A,N/A
dag_001377.txt,0.0,0.0,100.0,0.0,100.0,0.0,100.0,0.0,100.0,N/A,N/A
dgrid_001377.txt,2.0,2.0,100.0,2.0,100.0,2.0,100.0,2.0,100.0,N/A,N/A
ego_001377.txt,7.0,7.0,100.0,7.0,100.0,7.0,100.0,N/A,N/A,N/A,N/A
er_001377.txt,1.0,1.0,100.0,1.0,100.0,1.0,100.0,1.0,100.0,N/A,N/A
scale_free_001377.txt,2.0,2.0,100.0,2.0,100.0,2.0,100.0,2.0,100.0,N/A,N/A
dag_001378.txt,0.0,0.0,100.0,0.0,100.0,0.0,100.0,0.0,100.0,N/A,N/A
dgrid_001378.txt,0.0,0.0,100.0,0.0,100.0,0.0,100.0,0.0,100.0,N/A,N/A
ego_001378.txt,0.0,0.0,100.0,0.0,100.0,0.0,100.0,0.0,100.0,N/A,N/A
er_001378.txt,3.0,3.0,100.0,3.0,100.0,3.0,100.0,3.0,100.0,N/A,N/A
scale_free_001378.txt,1.0,1.0,100.0,1.0,100.0,1.0,100.0,1.0,100.0,N/A,N/A
dag_001379.txt,0.0,0.0,100.0,0.0,100.0,0.0,100.0,0.0,100.0,N/A,N/A
dgrid_001379.txt,2.0,2.0,100.0,2.0,100.0,2.0,100.0,2.0,100.0,N/A,N/A
ego_001379.txt,3.0,3.0,100.0,3.0,100.0,3.0,100.0,3.0,100.0,N/A,N/A
er_001379.txt,3.0,3.0,100.0,3.0,100.0,3.0,100.0,3.0,100.0,N/A,N/A
scale_free_001379.txt,1.0,1.0,100.0,1.0,100.0,1.0,100.0,1.0,100.0,N/A,N/A
dag_001380.txt,0.0,0.0,100.0,0.0,100.0,0.0,100.0,0.0,100.0,N/A,N/A
dgrid_001380.txt,3.0,3.0,100.0,3.0,100.0,3.0,100.0,3.0,100.0,N/A,N/A
ego_001380.txt,2.0,2.0,100.0,2.0,100.0,2.0,100.0,2.0,100.0,N/A,N/A
er_001380.txt,5.0,5.0,100.0,5.0,100.0,5.0,100.0,5.0,100.0,N/A,N/A
scale_free_001380.txt,1.0,1.0,100.0,1.0,100.0,1.0,100.0,1.0,100.0,N/A,N/A
dag_001381.txt,0.0,0.0,100.0,0.0,100.0,0.0,100.0,0.0,100.0,N/A,N/A
dgrid_001381.txt,1.0,1.0,100.0,1.0,100.0,1.0,100.0,1.0,100.0,N/A,N/A
ego_001381.txt,10.0,10.0,100.0,10.0,100.0,10.0,100.0,N/A,N/A,N/A,N/A
er_001381.txt,5.0,5.0,100.0,5.0,100.0,5.0,100.0,5.0,100.0,N/A,N/A
scale_free_001381.txt,1.0,1.0,100.0,1.0,100.0,1.0,100.0,1.0,100.0,N/A,N/A
dag_001382.txt,0.0,0.0,100.0,0.0,100.0,0.0,100.0,0.0,100.0,N/A,N/A
dgrid_001382.txt,1.0,1.0,100.0,1.0,100.0,1.0,100.0,1.0,100.0,N/A,N/A
ego_001382.txt,2.0,2.0,100.0,2.0,100.0,2.0,100.0,2.0,100.0,N/A,N/A
er_001382.txt,15.0,N/A,N/A,15.0,100.0,15.0,100.0,N/A,N/A,N/A,N/A
scale_free_001382.txt,1.0,1.0,100.0,1.0,100.0,1.0,100.0,1.0,100.0,N/A,N/A
dag_001383.txt,0.0,0.0,100.0,0.0,100.0,0.0,100.0,0.0,100.0,N/A,N/A
dgrid_001383.txt,3.0,3.0,100.0,3.0,100.0,3.0,100.0,3.0,100.0,N/A,N/A
ego_001383.txt,2.0,2.0,100.0,2.0,100.0,2.0,100.0,2.0,100.0,N/A,N/A
er_001383.txt,3.0,3.0,100.0,3.0,100.0,3.0,100.0,3.0,100.0,N/A,N/A
scale_free_001383.txt,1.0,1.0,100.0,1.0,100.0,1.0,100.0,1.0,100.0,N/A,N/A
dag_001384.txt,0.0,0.0,100.0,0.0,100.0,0.0,100.0,0.0,100.0,N/A,N/A
dgrid_001384.txt,0.0,0.0,100.0,0.0,100.0,0.0,100.0,0.0,100.0,N/A,N/A
ego_001384.txt,0.0,0.0,100.0,0.0,100.0,0.0,100.0,0.0,100.0,N/A,N/A
er_001384.txt,11.0,N/A,N/A,11.0,100.0,11.0,100.0,N/A,N/A,N/A,N/A
scale_free_001384.txt,2.0,2.0,100.0,2.0,100.0,2.0,100.0,2.0,100.0,N/A,N/A
dag_001385.txt,0.0,0.0,100.0,0.0,100.0,0.0,100.0,0.0,100.0,N/A,N/A
dgrid_001385.txt,0.0,0.0,100.0,0.0,100.0,0.0,100.0,0.0,100.0,N/A,N/A
ego_001385.txt,12.0,12.0,100.0,12.0,100.0,12.0,100.0,N/A,N/A,N/A,N/A
er_001385.txt,5.0,5.0,100.0,5.0,100.0,5.0,100.0,5.0,100.0,N/A,N/A
scale_free_001385.txt,1.0,1.0,100.0,1.0,100.0,1.0,100.0,1.0,100.0,N/A,N/A
dag_001386.txt,0.0,0.0,100.0,0.0,100.0,0.0,100.0,0.0,100.0,N/A,N/A
dgrid_001386.txt,3.0,3.0,100.0,3.0,100.0,3.0,100.0,3.0,100.0,N/A,N/A
ego_001386.txt,8.0,8.0,100.0,8.0,100.0,8.0,100.0,N/A,N/A,N/A,N/A
er_001386.txt,7.0,7.0,100.0,7.0,100.0,7.0,100.0,7.0,100.0,N/A,N/A
scale_free_001386.txt,1.0,1.0,100.0,1.0,100.0,1.0,100.0,1.0,100.0,N/A,N/A
dag_001387.txt,0.0,0.0,100.0,0.0,100.0,0.0,100.0,0.0,100.0,N/A,N/A
dgrid_001387.txt,2.0,2.0,100.0,2.0,100.0,2.0,100.0,2.0,100.0,N/A,N/A
ego_001387.txt,4.0,4.0,100.0,4.0,100.0,4.0,100.0,4.0,100.0,N/A,N/A
er_001387.txt,9.0,9.0,100.0,9.0,100.0,9.0,100.0,9.0,100.0,N/A,N/A
scale_free_001387.txt,2.0,2.0,100.0,2.0,100.0,2.0,100.0,2.0,100.0,N/A,N/A
dag_001388.txt,0.0,0.0,100.0,0.0,100.0,0.0,100.0,0.0,100.0,N/A,N/A
dgrid_001388.txt,1.0,1.0,100.0,1.0,100.0,1.0,100.0,1.0,100.0,N/A,N/A
ego_001388.txt,6.0,6.0,100.0,6.0,100.0,6.0,100.0,6.0,100.0,N/A,N/A
er_001388.txt,17.0,N/A,N/A,17.0,100.0,18.0,94.4444,N/A,N/A,N/A,N/A
scale_free_001388.txt,2.0,2.0,100.0,2.0,100.0,2.0,100.0,2.0,100.0,N/A,N/A
dag_001389.txt,0.0,0.0,100.0,0.0,100.0,0.0,100.0,0.0,100.0,N/A,N/A
dgrid_001389.txt,5.0,5.0,100.0,5.0,100.0,5.0,100.0,5.0,100.0,N/A,N/A
ego_001389.txt,2.0,2.0,100.0,2.0,100.0,2.0,100.0,2.0,100.0,N/A,N/A
er_001389.txt,3.0,3.0,100.0,3.0,100.0,3.0,100.0,3.0,100.0,N/A,N/A
scale_free_001389.txt,1.0,1.0,100.0,1.0,100.0,1.0,100.0,1.0,100.0,N/A,N/A
dag_001390.txt,0.0,0.0,100.0,0.0,100.0,0.0,100.0,0.0,100.0,N/A,N/A
dgrid_001390.txt,3.0,3.0,100.0,3.0,100.0,3.0,100.0,3.0,100.0,N/A,N/A
ego_001390.txt,10.0,10.0,100.0,10.0,100.0,10.0,100.0,N/A,N/A,N/A,N/A
er_001390.txt,17.0,N/A,N/A,17.0,100.0,17.0,100.0,N/A,N/A,N/A,N/A
scale_free_001390.txt,1.0,1.0,100.0,1.0,100.0,1.0,100.0,1.0,100.0,N/A,N/A
dag_001391.txt,0.0,0.0,100.0,0.0,100.0,0.0,100.0,0.0,100.0,N/A,N/A
dgrid_001391.txt,1.0,1.0,100.0,1.0,100.0,1.0,100.0,1.0,100.0,N/A,N/A
ego_001391.txt,10.0,10.0,100.0,10.0,100.0,10.0,100.0,N/A,N/A,N/A,N/A
er_001391.txt,6.0,6.0,100.0,6.0,100.0,6.0,100.0,6.0,100.0,N/A,N/A
scale_free_001391.txt,1.0,1.0,100.0,1.0,100.0,1.0,100.0,1.0,100.0,N/A,N/A
dag_001392.txt,0.0,0.0,100.0,0.0,100.0,0.0,100.0,0.0,100.0,N/A,N/A
dgrid_001392.txt,0.0,0.0,100.0,0.0,100.0,0.0,100.0,0.0,100.0,N/A,N/A
ego_001392.txt,6.0,6.0,100.0,6.0,100.0,6.0,100.0,6.0,100.0,N/A,N/A
er_001392.txt,12.0,N/A,N/A,12.0,100.0,13.0,92.3077,N/A,N/A,N/A,N/A
scale_free_001392.txt,1.0,1.0,100.0,1.0,100.0,1.0,100.0,1.0,100.0,N/A,N/A
dag_001393.txt,0.0,0.0,100.0,0.0,100.0,0.0,100.0,0.0,100.0,N/A,N/A
dgrid_001393.txt,2.0,2.0,100.0,2.0,100.0,2.0,100.0,2.0,100.0,N/A,N/A
ego_001393.txt,2.0,2.0,100.0,2.0,100.0,2.0,100.0,2.0,100.0,N/A,N/A
er_001393.txt,14.0,N/A,N/A,14.0,100.0,14.0,100.0,N/A,N/A,N/A,N/A
scale_free_001393.txt,1.0,1.0,100.0,1.0,100.0,1.0,100.0,1.0,100.0,N/A,N/A
dag_001394.txt,0.0,0.0,100.0,0.0,100.0,0.0,100.0,0.0,100.0,N/A,N/A
dgrid_001394.txt,2.0,2.0,100.0,2.0,100.0,2.0,100.0,2.0,100.0,N/A,N/A
ego_001394.txt,5.0,5.0,100.0,5.0,100.0,5.0,100.0,5.0,100.0,N/A,N/A
er_001394.txt,10.0,10.0,100.0,10.0,100.0,10.0,100.0,10.0,100.0,N/A,N/A
scale_free_001394.txt,1.0,1.0,100.0,1.0,100.0,1.0,100.0,1.0,100.0,N/A,N/A
dag_001395.txt,0.0,0.0,100.0,0.0,100.0,0.0,100.0,0.0,100.0,N/A,N/A
dgrid_001395.txt,2.0,2.0,100.0,2.0,100.0,2.0,100.0,2.0,100.0,N/A,N/A
ego_001395.txt,9.0,9.0,100.0,9.0,100.0,9.0,100.0,N/A,N/A,N/A,N/A
er_001395.txt,13.0,N/A,N/A,13.0,100.0,13.0,100.0,N/A,N/A,N/A,N/A
scale_free_001395.txt,1.0,1.0,100.0,1.0,100.0,1.0,100.0,1.0,100.0,N/A,N/A
dag_001396.txt,0.0,0.0,100.0,0.0,100.0,0.0,100.0,0.0,100.0,N/A,N/A
dgrid_001396.txt,2.0,2.0,100.0,2.0,100.0,2.0,100.0,2.0,100.0,N/A,N/A
ego_001396.txt,0.0,0.0,100.0,0.0,100.0,0.0,100.0,0.0,100.0,N/A,N/A
er_001396.txt,10.0,10.0,100.0,10.0,100.0,10.0,100.0,N/A,N/A,N/A,N/A
scale_free_001396.txt,1.0,1.0,100.0,1.0,100.0,1.0,100.0,1.0,100.0,N/A,N/A
dag_001397.txt,0.0,0.0,100.0,0.0,100.0,0.0,100.0,0.0,100.0,N/A,N/A
dgrid_001397.txt,5.0,5.0,100.0,5.0,100.0,5.0,100.0,5.0,100.0,N/A,N/A
ego_001397.txt,2.0,2.0,100.0,2.0,100.0,2.0,100.0,2.0,100.0,N/A,N/A
er_001397.txt,17.0,N/A,N/A,17.0,100.0,17.0,100.0,N/A,N/A,N/A,N/A
scale_free_001397.txt,2.0,2.0,100.0,2.0,100.0,2.0,100.0,2.0,100.0,N/A,N/A
dag_001398.txt,0.0,0.0,100.0,0.0,100.0,0.0,100.0,0.0,100.0,N/A,N/A
dgrid_001398.txt,1.0,1.0,100.0,1.0,100.0,1.0,100.0,1.0,100.0,N/A,N/A
ego_001398.txt,2.0,2.0,100.0,2.0,100.0,2.0,100.0,2.0,100.0,N/A,N/A
er_001398.txt,13.0,N/A,N/A,13.0,100.0,13.0,100.0,N/A,N/A,N/A,N/A
scale_free_001398.txt,1.0,1.0,100.0,1.0,100.0,1.0,100.0,1.0,100.0,N/A,N/A
dag_001399.txt,0.0,0.0,100.0,0.0,100.0,0.0,100.0,0.0,100.0,N/A,N/A
dgrid_001399.txt,3.0,3.0,100.0,3.0,100.0,3.0,100.0,3.0,100.0,N/A,N/A
ego_001399.txt,0.0,0.0,100.0,0.0,100.0,0.0,100.0,0.0,100.0,N/A,N/A
er_001399.txt,7.0,7.0,100.0,7.0,100.0,7.0,100.0,7.0,100.0,N/A,N/A
scale_free_001399.txt,1.0,1.0,100.0,1.0,100.0,1.0,100.0,1.0,100.0,N/A,N/A
dag_001400.txt,0.0,0.0,100.0,0.0,100.0,0.0,100.0,0.0,100.0,N/A,N/A
dgrid_001400.txt,1.0,1.0,100.0,1.0,100.0,1.0,100.0,1.0,100.0,N/A,N/A
ego_001400.txt,4.0,4.0,100.0,4.0,100.0,4.0,100.0,4.0,100.0,N/A,N/A
er_001400.txt,7.0,7.0,100.0,7.0,100.0,7.0,100.0,N/A,N/A,N/A,N/A
scale_free_001400.txt,1.0,1.0,100.0,1.0,100.0,1.0,100.0,1.0,100.0,N/A,N/A
dag_001401.txt,0.0,0.0,100.0,0.0,100.0,0.0,100.0,0.0,100.0,N/A,N/A
dgrid_001401.txt,2.0,2.0,100.0,2.0,100.0,2.0,100.0,2.0,100.0,N/A,N/A
ego_001401.txt,1.0,1.0,100.0,1.0,100.0,1.0,100.0,1.0,100.0,N/A,N/A
er_001401.txt,7.0,7.0,100.0,7.0,100.0,7.0,100.0,7.0,100.0,N/A,N/A
scale_free_001401.txt,1.0,1.0,100.0,1.0,100.0,1.0,100.0,1.0,100.0,N/A,N/A
dag_001402.txt,0.0,0.0,100.0,0.0,100.0,0.0,100.0,0.0,100.0,N/A,N/A
dgrid_001402.txt,1.0,1.0,100.0,1.0,100.0,1.0,100.0,1.0,100.0,N/A,N/A
ego_001402.txt,3.0,3.0,100.0,3.0,100.0,3.0,100.0,3.0,100.0,N/A,N/A
er_001402.txt,7.0,7.0,100.0,7.0,100.0,7.0,100.0,7.0,100.0,N/A,N/A
scale_free_001402.txt,1.0,1.0,100.0,1.0,100.0,1.0,100.0,1.0,100.0,N/A,N/A
dag_001403.txt,0.0,0.0,100.0,0.0,100.0,0.0,100.0,0.0,100.0,N/A,N/A
dgrid_001403.txt,1.0,1.0,100.0,1.0,100.0,1.0,100.0,1.0,100.0,N/A,N/A
ego_001403.txt,5.0,5.0,100.0,5.0,100.0,5.0,100.0,5.0,100.0,N/A,N/A
er_001403.txt,6.0,6.0,100.0,6.0,100.0,6.0,100.0,6.0,100.0,N/A,N/A
scale_free_001403.txt,1.0,1.0,100.0,1.0,100.0,1.0,100.0,1.0,100.0,N/A,N/A
dag_001404.txt,0.0,0.0,100.0,0.0,100.0,0.0,100.0,0.0,100.0,N/A,N/A
dgrid_001404.txt,1.0,1.0,100.0,1.0,100.0,1.0,100.0,1.0,100.0,N/A,N/A
ego_001404.txt,0.0,0.0,100.0,0.0,100.0,0.0,100.0,0.0,100.0,N/A,N/A
er_001404.txt,5.0,5.0,100.0,5.0,100.0,5.0,100.0,5.0,100.0,N/A,N/A
scale_free_001404.txt,1.0,1.0,100.0,1.0,100.0,1.0,100.0,1.0,100.0,N/A,N/A
dag_001405.txt,0.0,0.0,100.0,0.0,100.0,0.0,100.0,0.0,100.0,N/A,N/A
dgrid_001405.txt,2.0,2.0,100.0,2.0,100.0,2.0,100.0,2.0,100.0,N/A,N/A
ego_001405.txt,6.0,6.0,100.0,6.0,100.0,6.0,100.0,6.0,100.0,N/A,N/A
er_001405.txt,8.0,8.0,100.0,8.0,100.0,8.0,100.0,8.0,100.0,N/A,N/A
scale_free_001405.txt,1.0,1.0,100.0,1.0,100.0,1.0,100.0,1.0,100.0,N/A,N/A
dag_001406.txt,0.0,0.0,100.0,0.0,100.0,0.0,100.0,0.0,100.0,N/A,N/A
dgrid_001406.txt,1.0,1.0,100.0,1.0,100.0,1.0,100.0,1.0,100.0,N/A,N/A
ego_001406.txt,6.0,6.0,100.0,6.0,100.0,6.0,100.0,6.0,100.0,N/A,N/A
er_001406.txt,2.0,2.0,100.0,2.0,100.0,2.0,100.0,2.0,100.0,N/A,N/A
scale_free_001406.txt,2.0,2.0,100.0,2.0,100.0,2.0,100.0,2.0,100.0,N/A,N/A
dag_001407.txt,0.0,0.0,100.0,0.0,100.0,0.0,100.0,0.0,100.0,N/A,N/A
dgrid_001407.txt,1.0,1.0,100.0,1.0,100.0,1.0,100.0,1.0,100.0,N/A,N/A
ego_001407.txt,0.0,0.0,100.0,0.0,100.0,0.0,100.0,0.0,100.0,N/A,N/A
er_001407.txt,14.0,N/A,N/A,14.0,100.0,14.0,100.0,N/A,N/A,N/A,N/A
scale_free_001407.txt,1.0,1.0,100.0,1.0,100.0,1.0,100.0,1.0,100.0,N/A,N/A
dag_001408.txt,0.0,0.0,100.0,0.0,100.0,0.0,100.0,0.0,100.0,N/A,N/A
dgrid_001408.txt,5.0,5.0,100.0,5.0,100.0,5.0,100.0,5.0,100.0,N/A,N/A
ego_001408.txt,2.0,2.0,100.0,2.0,100.0,2.0,100.0,2.0,100.0,N/A,N/A
er_001408.txt,11.0,11.0,100.0,11.0,100.0,11.0,100.0,N/A,N/A,N/A,N/A
scale_free_001408.txt,1.0,1.0,100.0,1.0,100.0,1.0,100.0,1.0,100.0,N/A,N/A
dag_001409.txt,0.0,0.0,100.0,0.0,100.0,0.0,100.0,0.0,100.0,N/A,N/A
dgrid_001409.txt,1.0,1.0,100.0,1.0,100.0,1.0,100.0,1.0,100.0,N/A,N/A
ego_001409.txt,5.0,5.0,100.0,5.0,100.0,5.0,100.0,5.0,100.0,N/A,N/A
er_001409.txt,5.0,5.0,100.0,5.0,100.0,5.0,100.0,5.0,100.0,N/A,N/A
scale_free_001409.txt,2.0,2.0,100.0,2.0,100.0,2.0,100.0,2.0,100.0,N/A,N/A
dag_001410.txt,0.0,0.0,100.0,0.0,100.0,0.0,100.0,0.0,100.0,N/A,N/A
dgrid_001410.txt,3.0,3.0,100.0,3.0,100.0,3.0,100.0,3.0,100.0,N/A,N/A
ego_001410.txt,2.0,2.0,100.0,2.0,100.0,2.0,100.0,2.0,100.0,N/A,N/A
er_001410.txt,12.0,N/A,N/A,12.0,100.0,12.0,100.0,N/A,N/A,N/A,N/A
scale_free_001410.txt,2.0,2.0,100.0,2.0,100.0,2.0,100.0,2.0,100.0,N/A,N/A
dag_001411.txt,0.0,0.0,100.0,0.0,100.0,0.0,100.0,0.0,100.0,N/A,N/A
dgrid_001411.txt,1.0,1.0,100.0,1.0,100.0,1.0,100.0,1.0,100.0,N/A,N/A
ego_001411.txt,2.0,2.0,100.0,2.0,100.0,2.0,100.0,2.0,100.0,N/A,N/A
er_001411.txt,7.0,7.0,100.0,7.0,100.0,7.0,100.0,7.0,100.0,N/A,N/A
scale_free_001411.txt,2.0,2.0,100.0,2.0,100.0,2.0,100.0,2.0,100.0,N/A,N/A
dag_001412.txt,0.0,0.0,100.0,0.0,100.0,0.0,100.0,0.0,100.0,N/A,N/A
dgrid_001412.txt,2.0,2.0,100.0,2.0,100.0,2.0,100.0,2.0,100.0,N/A,N/A
ego_001412.txt,1.0,1.0,100.0,1.0,100.0,1.0,100.0,1.0,100.0,N/A,N/A
er_001412.txt,7.0,7.0,100.0,7.0,100.0,7.0,100.0,7.0,100.0,N/A,N/A
scale_free_001412.txt,1.0,1.0,100.0,1.0,100.0,1.0,100.0,1.0,100.0,N/A,N/A
dag_001413.txt,0.0,0.0,100.0,0.0,100.0,0.0,100.0,0.0,100.0,N/A,N/A
dgrid_001413.txt,1.0,1.0,100.0,1.0,100.0,1.0,100.0,1.0,100.0,N/A,N/A
ego_001413.txt,2.0,2.0,100.0,2.0,100.0,2.0,100.0,2.0,100.0,N/A,N/A
er_001413.txt,14.0,N/A,N/A,N/A,N/A,14.0,100.0,N/A,N/A,N/A,N/A
scale_free_001413.txt,1.0,1.0,100.0,1.0,100.0,1.0,100.0,1.0,100.0,N/A,N/A
dag_001414.txt,0.0,0.0,100.0,0.0,100.0,0.0,100.0,0.0,100.0,N/A,N/A
dgrid_001414.txt,2.0,2.0,100.0,2.0,100.0,2.0,100.0,2.0,100.0,N/A,N/A
ego_001414.txt,9.0,9.0,100.0,9.0,100.0,9.0,100.0,N/A,N/A,N/A,N/A
er_001414.txt,14.0,N/A,N/A,14.0,100.0,15.0,93.3333,N/A,N/A,N/A,N/A
scale_free_001414.txt,1.0,1.0,100.0,1.0,100.0,1.0,100.0,1.0,100.0,N/A,N/A
dag_001415.txt,0.0,0.0,100.0,0.0,100.0,0.0,100.0,0.0,100.0,N/A,N/A
dgrid_001415.txt,3.0,3.0,100.0,3.0,100.0,3.0,100.0,3.0,100.0,N/A,N/A
ego_001415.txt,4.0,4.0,100.0,4.0,100.0,4.0,100.0,4.0,100.0,N/A,N/A
er_001415.txt,11.0,N/A,N/A,11.0,100.0,11.0,100.0,N/A,N/A,N/A,N/A
scale_free_001415.txt,1.0,1.0,100.0,1.0,100.0,1.0,100.0,1.0,100.0,N/A,N/A
dag_001416.txt,0.0,0.0,100.0,0.0,100.0,0.0,100.0,0.0,100.0,N/A,N/A
dgrid_001416.txt,2.0,2.0,100.0,2.0,100.0,2.0,100.0,2.0,100.0,N/A,N/A
ego_001416.txt,7.0,7.0,100.0,7.0,100.0,7.0,100.0,7.0,100.0,N/A,N/A
er_001416.txt,16.0,N/A,N/A,16.0,100.0,16.0,100.0,N/A,N/A,N/A,N/A
scale_free_001416.txt,2.0,2.0,100.0,2.0,100.0,2.0,100.0,2.0,100.0,N/A,N/A
dag_001417.txt,0.0,0.0,100.0,0.0,100.0,0.0,100.0,0.0,100.0,N/A,N/A
dgrid_001417.txt,6.0,6.0,100.0,6.0,100.0,6.0,100.0,N/A,N/A,N/A,N/A
ego_001417.txt,6.0,6.0,100.0,6.0,100.0,6.0,100.0,N/A,N/A,N/A,N/A
er_001417.txt,11.0,11.0,100.0,11.0,100.0,11.0,100.0,N/A,N/A,N/A,N/A
scale_free_001417.txt,1.0,1.0,100.0,1.0,100.0,1.0,100.0,1.0,100.0,N/A,N/A
dag_001418.txt,0.0,0.0,100.0,0.0,100.0,0.0,100.0,0.0,100.0,N/A,N/A
dgrid_001418.txt,1.0,1.0,100.0,1.0,100.0,1.0,100.0,1.0,100.0,N/A,N/A
ego_001418.txt,0.0,0.0,100.0,0.0,100.0,0.0,100.0,0.0,100.0,N/A,N/A
er_001418.txt,2.0,2.0,100.0,2.0,100.0,2.0,100.0,2.0,100.0,N/A,N/A
scale_free_001418.txt,1.0,1.0,100.0,1.0,100.0,1.0,100.0,1.0,100.0,N/A,N/A
dag_001419.txt,0.0,0.0,100.0,0.0,100.0,0.0,100.0,0.0,100.0,N/A,N/A
dgrid_001419.txt,1.0,1.0,100.0,1.0,100.0,1.0,100.0,1.0,100.0,N/A,N/A
ego_001419.txt,0.0,0.0,100.0,0.0,100.0,0.0,100.0,0.0,100.0,N/A,N/A
er_001419.txt,11.0,11.0,100.0,11.0,100.0,11.0,100.0,N/A,N/A,N/A,N/A
scale_free_001419.txt,1.0,1.0,100.0,1.0,100.0,1.0,100.0,1.0,100.0,N/A,N/A
dag_001420.txt,0.0,0.0,100.0,0.0,100.0,0.0,100.0,0.0,100.0,N/A,N/A
dgrid_001420.txt,1.0,1.0,100.0,1.0,100.0,1.0,100.0,1.0,100.0,N/A,N/A
ego_001420.txt,1.0,1.0,100.0,1.0,100.0,1.0,100.0,1.0,100.0,N/A,N/A
er_001420.txt,12.0,N/A,N/A,12.0,100.0,12.0,100.0,N/A,N/A,N/A,N/A
scale_free_001420.txt,1.0,1.0,100.0,1.0,100.0,1.0,100.0,1.0,100.0,N/A,N/A
dag_001421.txt,0.0,0.0,100.0,0.0,100.0,0.0,100.0,0.0,100.0,N/A,N/A
dgrid_001421.txt,2.0,2.0,100.0,2.0,100.0,2.0,100.0,2.0,100.0,N/A,N/A
ego_001421.txt,0.0,0.0,100.0,0.0,100.0,0.0,100.0,0.0,100.0,N/A,N/A
er_001421.txt,12.0,N/A,N/A,12.0,100.0,12.0,100.0,N/A,N/A,N/A,N/A
scale_free_001421.txt,1.0,1.0,100.0,1.0,100.0,1.0,100.0,1.0,100.0,N/A,N/A
dag_001422.txt,0.0,0.0,100.0,0.0,100.0,0.0,100.0,0.0,100.0,N/A,N/A
dgrid_001422.txt,0.0,0.0,100.0,0.0,100.0,0.0,100.0,0.0,100.0,N/A,N/A
ego_001422.txt,0.0,0.0,100.0,0.0,100.0,0.0,100.0,0.0,100.0,N/A,N/A
er_001422.txt,18.0,N/A,N/A,18.0,100.0,19.0,94.7368,N/A,N/A,N/A,N/A
scale_free_001422.txt,1.0,1.0,100.0,1.0,100.0,1.0,100.0,1.0,100.0,N/A,N/A
dag_001423.txt,0.0,0.0,100.0,0.0,100.0,0.0,100.0,0.0,100.0,N/A,N/A
dgrid_001423.txt,2.0,2.0,100.0,2.0,100.0,2.0,100.0,2.0,100.0,N/A,N/A
ego_001423.txt,0.0,0.0,100.0,0.0,100.0,0.0,100.0,0.0,100.0,N/A,N/A
er_001423.txt,5.0,5.0,100.0,5.0,100.0,6.0,83.3333,5.0,100.0,N/A,N/A
scale_free_001423.txt,1.0,1.0,100.0,1.0,100.0,1.0,100.0,1.0,100.0,N/A,N/A
dag_001424.txt,0.0,0.0,100.0,0.0,100.0,0.0,100.0,0.0,100.0,N/A,N/A
dgrid_001424.txt,3.0,3.0,100.0,3.0,100.0,3.0,100.0,3.0,100.0,N/A,N/A
ego_001424.txt,2.0,2.0,100.0,2.0,100.0,2.0,100.0,2.0,100.0,N/A,N/A
er_001424.txt,17.0,N/A,N/A,17.0,100.0,18.0,94.4444,N/A,N/A,N/A,N/A
scale_free_001424.txt,1.0,1.0,100.0,1.0,100.0,1.0,100.0,1.0,100.0,N/A,N/A
dag_001425.txt,0.0,0.0,100.0,0.0,100.0,0.0,100.0,0.0,100.0,N/A,N/A
dgrid_001425.txt,2.0,2.0,100.0,2.0,100.0,2.0,100.0,2.0,100.0,N/A,N/A
ego_001425.txt,15.0,15.0,100.0,15.0,100.0,15.0,100.0,N/A,N/A,N/A,N/A
er_001425.txt,6.0,6.0,100.0,6.0,100.0,6.0,100.0,6.0,100.0,N/A,N/A
scale_free_001425.txt,2.0,2.0,100.0,2.0,100.0,2.0,100.0,2.0,100.0,N/A,N/A
dag_001426.txt,0.0,0.0,100.0,0.0,100.0,0.0,100.0,0.0,100.0,N/A,N/A
dgrid_001426.txt,1.0,1.0,100.0,1.0,100.0,1.0,100.0,1.0,100.0,N/A,N/A
ego_001426.txt,8.0,8.0,100.0,8.0,100.0,8.0,100.0,N/A,N/A,N/A,N/A
er_001426.txt,4.0,4.0,100.0,4.0,100.0,4.0,100.0,4.0,100.0,N/A,N/A
scale_free_001426.txt,2.0,2.0,100.0,2.0,100.0,2.0,100.0,2.0,100.0,N/A,N/A
dag_001427.txt,0.0,0.0,100.0,0.0,100.0,0.0,100.0,0.0,100.0,N/A,N/A
dgrid_001427.txt,2.0,2.0,100.0,2.0,100.0,2.0,100.0,2.0,100.0,N/A,N/A
ego_001427.txt,4.0,4.0,100.0,4.0,100.0,4.0,100.0,4.0,100.0,N/A,N/A
er_001427.txt,14.0,N/A,N/A,14.0,100.0,14.0,100.0,N/A,N/A,N/A,N/A
scale_free_001427.txt,2.0,2.0,100.0,2.0,100.0,2.0,100.0,2.0,100.0,N/A,N/A
dag_001428.txt,0.0,0.0,100.0,0.0,100.0,0.0,100.0,0.0,100.0,N/A,N/A
dgrid_001428.txt,3.0,3.0,100.0,3.0,100.0,3.0,100.0,3.0,100.0,N/A,N/A
ego_001428.txt,0.0,0.0,100.0,0.0,100.0,0.0,100.0,0.0,100.0,N/A,N/A
er_001428.txt,3.0,3.0,100.0,3.0,100.0,3.0,100.0,3.0,100.0,N/A,N/A
scale_free_001428.txt,1.0,1.0,100.0,1.0,100.0,1.0,100.0,1.0,100.0,N/A,N/A
dag_001429.txt,0.0,0.0,100.0,0.0,100.0,0.0,100.0,0.0,100.0,N/A,N/A
dgrid_001429.txt,3.0,3.0,100.0,3.0,100.0,3.0,100.0,3.0,100.0,N/A,N/A
ego_001429.txt,11.0,11.0,100.0,11.0,100.0,11.0,100.0,N/A,N/A,N/A,N/A
er_001429.txt,4.0,4.0,100.0,4.0,100.0,4.0,100.0,4.0,100.0,N/A,N/A
scale_free_001429.txt,1.0,1.0,100.0,1.0,100.0,1.0,100.0,1.0,100.0,N/A,N/A
dag_001430.txt,0.0,0.0,100.0,0.0,100.0,0.0,100.0,0.0,100.0,N/A,N/A
dgrid_001430.txt,3.0,3.0,100.0,3.0,100.0,3.0,100.0,3.0,100.0,N/A,N/A
ego_001430.txt,9.0,9.0,100.0,9.0,100.0,9.0,100.0,N/A,N/A,N/A,N/A
er_001430.txt,2.0,2.0,100.0,2.0,100.0,2.0,100.0,2.0,100.0,N/A,N/A
scale_free_001430.txt,1.0,1.0,100.0,1.0,100.0,1.0,100.0,1.0,100.0,N/A,N/A
dag_001431.txt,0.0,0.0,100.0,0.0,100.0,0.0,100.0,0.0,100.0,N/A,N/A
dgrid_001431.txt,2.0,2.0,100.0,2.0,100.0,2.0,100.0,2.0,100.0,N/A,N/A
ego_001431.txt,21.0,N/A,N/A,21.0,100.0,21.0,100.0,N/A,N/A,N/A,N/A
er_001431.txt,11.0,N/A,N/A,11.0,100.0,11.0,100.0,N/A,N/A,N/A,N/A
scale_free_001431.txt,1.0,1.0,100.0,1.0,100.0,1.0,100.0,1.0,100.0,N/A,N/A
dag_001432.txt,0.0,0.0,100.0,0.0,100.0,0.0,100.0,0.0,100.0,N/A,N/A
dgrid_001432.txt,0.0,0.0,100.0,0.0,100.0,0.0,100.0,0.0,100.0,N/A,N/A
ego_001432.txt,0.0,0.0,100.0,0.0,100.0,0.0,100.0,0.0,100.0,N/A,N/A
er_001432.txt,13.0,N/A,N/A,13.0,100.0,14.0,92.8571,N/A,N/A,N/A,N/A
scale_free_001432.txt,2.0,2.0,100.0,2.0,100.0,2.0,100.0,2.0,100.0,N/A,N/A
dag_001433.txt,0.0,0.0,100.0,0.0,100.0,0.0,100.0,0.0,100.0,N/A,N/A
dgrid_001433.txt,4.0,4.0,100.0,4.0,100.0,4.0,100.0,4.0,100.0,N/A,N/A
ego_001433.txt,1.0,1.0,100.0,1.0,100.0,1.0,100.0,1.0,100.0,N/A,N/A
er_001433.txt,6.0,6.0,100.0,6.0,100.0,6.0,100.0,6.0,100.0,N/A,N/A
scale_free_001433.txt,1.0,1.0,100.0,1.0,100.0,1.0,100.0,1.0,100.0,N/A,N/A
dag_001434.txt,0.0,0.0,100.0,0.0,100.0,0.0,100.0,0.0,100.0,N/A,N/A
dgrid_001434.txt,0.0,0.0,100.0,0.0,100.0,0.0,100.0,0.0,100.0,N/A,N/A
ego_001434.txt,1.0,1.0,100.0,1.0,100.0,1.0,100.0,1.0,100.0,N/A,N/A
er_001434.txt,1.0,1.0,100.0,1.0,100.0,1.0,100.0,1.0,100.0,N/A,N/A
scale_free_001434.txt,1.0,1.0,100.0,1.0,100.0,1.0,100.0,1.0,100.0,N/A,N/A
dag_001435.txt,0.0,0.0,100.0,0.0,100.0,0.0,100.0,0.0,100.0,N/A,N/A
dgrid_001435.txt,1.0,1.0,100.0,1.0,100.0,1.0,100.0,1.0,100.0,N/A,N/A
ego_001435.txt,1.0,1.0,100.0,1.0,100.0,1.0,100.0,1.0,100.0,N/A,N/A
er_001435.txt,9.0,9.0,100.0,9.0,100.0,9.0,100.0,N/A,N/A,N/A,N/A
scale_free_001435.txt,1.0,1.0,100.0,1.0,100.0,1.0,100.0,1.0,100.0,N/A,N/A
dag_001436.txt,0.0,0.0,100.0,0.0,100.0,0.0,100.0,0.0,100.0,N/A,N/A
dgrid_001436.txt,1.0,1.0,100.0,1.0,100.0,1.0,100.0,1.0,100.0,N/A,N/A
ego_001436.txt,14.0,14.0,100.0,14.0,100.0,14.0,100.0,N/A,N/A,N/A,N/A
er_001436.txt,13.0,N/A,N/A,13.0,100.0,13.0,100.0,N/A,N/A,N/A,N/A
scale_free_001436.txt,1.0,1.0,100.0,1.0,100.0,1.0,100.0,1.0,100.0,N/A,N/A
dag_001437.txt,0.0,0.0,100.0,0.0,100.0,0.0,100.0,0.0,100.0,N/A,N/A
dgrid_001437.txt,4.0,4.0,100.0,4.0,100.0,4.0,100.0,4.0,100.0,N/A,N/A
ego_001437.txt,10.0,10.0,100.0,10.0,100.0,10.0,100.0,N/A,N/A,N/A,N/A
er_001437.txt,2.0,2.0,100.0,2.0,100.0,2.0,100.0,2.0,100.0,N/A,N/A
scale_free_001437.txt,2.0,2.0,100.0,2.0,100.0,2.0,100.0,2.0,100.0,N/A,N/A
dag_001438.txt,0.0,0.0,100.0,0.0,100.0,0.0,100.0,0.0,100.0,N/A,N/A
dgrid_001438.txt,4.0,4.0,100.0,4.0,100.0,4.0,100.0,4.0,100.0,N/A,N/A
ego_001438.txt,9.0,9.0,100.0,9.0,100.0,9.0,100.0,N/A,N/A,N/A,N/A
er_001438.txt,9.0,9.0,100.0,9.0,100.0,9.0,100.0,9.0,100.0,N/A,N/A
scale_free_001438.txt,1.0,1.0,100.0,1.0,100.0,1.0,100.0,1.0,100.0,N/A,N/A
dag_001439.txt,0.0,0.0,100.0,0.0,100.0,0.0,100.0,0.0,100.0,N/A,N/A
dgrid_001439.txt,2.0,2.0,100.0,2.0,100.0,2.0,100.0,2.0,100.0,N/A,N/A
ego_001439.txt,13.0,13.0,100.0,13.0,100.0,13.0,100.0,N/A,N/A,N/A,N/A
er_001439.txt,4.0,4.0,100.0,4.0,100.0,4.0,100.0,4.0,100.0,N/A,N/A
scale_free_001439.txt,1.0,1.0,100.0,1.0,100.0,1.0,100.0,1.0,100.0,N/A,N/A
dag_001440.txt,0.0,0.0,100.0,0.0,100.0,0.0,100.0,0.0,100.0,N/A,N/A
dgrid_001440.txt,2.0,2.0,100.0,2.0,100.0,2.0,100.0,2.0,100.0,N/A,N/A
ego_001440.txt,0.0,0.0,100.0,0.0,100.0,0.0,100.0,0.0,100.0,N/A,N/A
er_001440.txt,10.0,10.0,100.0,10.0,100.0,11.0,90.9091,10.0,100.0,N/A,N/A
scale_free_001440.txt,1.0,1.0,100.0,1.0,100.0,1.0,100.0,1.0,100.0,N/A,N/A
dag_001441.txt,0.0,0.0,100.0,0.0,100.0,0.0,100.0,0.0,100.0,N/A,N/A
dgrid_001441.txt,1.0,1.0,100.0,1.0,100.0,1.0,100.0,1.0,100.0,N/A,N/A
ego_001441.txt,12.0,12.0,100.0,12.0,100.0,12.0,100.0,N/A,N/A,N/A,N/A
er_001441.txt,3.0,3.0,100.0,3.0,100.0,3.0,100.0,3.0,100.0,N/A,N/A
scale_free_001441.txt,1.0,1.0,100.0,1.0,100.0,1.0,100.0,1.0,100.0,N/A,N/A
dag_001442.txt,0.0,0.0,100.0,0.0,100.0,0.0,100.0,0.0,100.0,N/A,N/A
dgrid_001442.txt,5.0,5.0,100.0,5.0,100.0,5.0,100.0,5.0,100.0,N/A,N/A
ego_001442.txt,7.0,7.0,100.0,7.0,100.0,7.0,100.0,N/A,N/A,N/A,N/A
er_001442.txt,2.0,2.0,100.0,2.0,100.0,2.0,100.0,2.0,100.0,N/A,N/A
scale_free_001442.txt,2.0,2.0,100.0,2.0,100.0,2.0,100.0,2.0,100.0,N/A,N/A
dag_001443.txt,0.0,0.0,100.0,0.0,100.0,0.0,100.0,0.0,100.0,N/A,N/A
dgrid_001443.txt,6.0,6.0,100.0,6.0,100.0,6.0,100.0,N/A,N/A,N/A,N/A
ego_001443.txt,6.0,6.0,100.0,6.0,100.0,6.0,100.0,6.0,100.0,N/A,N/A
er_001443.txt,6.0,6.0,100.0,6.0,100.0,6.0,100.0,6.0,100.0,N/A,N/A
scale_free_001443.txt,1.0,1.0,100.0,1.0,100.0,1.0,100.0,1.0,100.0,N/A,N/A
dag_001444.txt,0.0,0.0,100.0,0.0,100.0,0.0,100.0,0.0,100.0,N/A,N/A
dgrid_001444.txt,3.0,3.0,100.0,3.0,100.0,3.0,100.0,3.0,100.0,N/A,N/A
ego_001444.txt,0.0,0.0,100.0,0.0,100.0,0.0,100.0,0.0,100.0,N/A,N/A
er_001444.txt,5.0,5.0,100.0,5.0,100.0,5.0,100.0,5.0,100.0,N/A,N/A
scale_free_001444.txt,1.0,1.0,100.0,1.0,100.0,1.0,100.0,1.0,100.0,N/A,N/A
dag_001445.txt,0.0,0.0,100.0,0.0,100.0,0.0,100.0,0.0,100.0,N/A,N/A
dgrid_001445.txt,5.0,5.0,100.0,5.0,100.0,6.0,83.3333,5.0,100.0,N/A,N/A
ego_001445.txt,7.0,7.0,100.0,7.0,100.0,7.0,100.0,N/A,N/A,N/A,N/A
er_001445.txt,2.0,2.0,100.0,2.0,100.0,2.0,100.0,2.0,100.0,N/A,N/A
scale_free_001445.txt,1.0,1.0,100.0,1.0,100.0,1.0,100.0,1.0,100.0,N/A,N/A
dag_001446.txt,0.0,0.0,100.0,0.0,100.0,0.0,100.0,0.0,100.0,N/A,N/A
dgrid_001446.txt,5.0,5.0,100.0,5.0,100.0,5.0,100.0,5.0,100.0,N/A,N/A
ego_001446.txt,0.0,0.0,100.0,0.0,100.0,0.0,100.0,0.0,100.0,N/A,N/A
er_001446.txt,9.0,9.0,100.0,9.0,100.0,9.0,100.0,9.0,100.0,N/A,N/A
scale_free_001446.txt,1.0,1.0,100.0,1.0,100.0,1.0,100.0,1.0,100.0,N/A,N/A
dag_001447.txt,0.0,0.0,100.0,0.0,100.0,0.0,100.0,0.0,100.0,N/A,N/A
dgrid_001447.txt,5.0,5.0,100.0,5.0,100.0,5.0,100.0,5.0,100.0,N/A,N/A
ego_001447.txt,1.0,1.0,100.0,1.0,100.0,1.0,100.0,1.0,100.0,N/A,N/A
er_001447.txt,8.0,8.0,100.0,8.0,100.0,8.0,100.0,8.0,100.0,N/A,N/A
scale_free_001447.txt,1.0,1.0,100.0,1.0,100.0,1.0,100.0,1.0,100.0,N/A,N/A
dag_001448.txt,0.0,0.0,100.0,0.0,100.0,0.0,100.0,0.0,100.0,N/A,N/A
dgrid_001448.txt,1.0,1.0,100.0,1.0,100.0,1.0,100.0,1.0,100.0,N/A,N/A
ego_001448.txt,2.0,2.0,100.0,2.0,100.0,2.0,100.0,2.0,100.0,N/A,N/A
er_001448.txt,12.0,N/A,N/A,12.0,100.0,12.0,100.0,N/A,N/A,N/A,N/A
scale_free_001448.txt,1.0,1.0,100.0,1.0,100.0,1.0,100.0,1.0,100.0,N/A,N/A
dag_001449.txt,0.0,0.0,100.0,0.0,100.0,0.0,100.0,0.0,100.0,N/A,N/A
dgrid_001449.txt,0.0,0.0,100.0,0.0,100.0,0.0,100.0,0.0,100.0,N/A,N/A
ego_001449.txt,0.0,0.0,100.0,0.0,100.0,0.0,100.0,0.0,100.0,N/A,N/A
er_001449.txt,7.0,7.0,100.0,7.0,100.0,7.0,100.0,N/A,N/A,N/A,N/A
scale_free_001449.txt,2.0,2.0,100.0,2.0,100.0,2.0,100.0,2.0,100.0,N/A,N/A
dag_001450.txt,0.0,0.0,100.0,0.0,100.0,0.0,100.0,0.0,100.0,N/A,N/A
dgrid_001450.txt,2.0,2.0,100.0,2.0,100.0,2.0,100.0,2.0,100.0,N/A,N/A
ego_001450.txt,5.0,5.0,100.0,5.0,100.0,5.0,100.0,5.0,100.0,N/A,N/A
er_001450.txt,12.0,12.0,100.0,12.0,100.0,12.0,100.0,N/A,N/A,N/A,N/A
scale_free_001450.txt,1.0,1.0,100.0,1.0,100.0,1.0,100.0,1.0,100.0,N/A,N/A
dag_001451.txt,0.0,0.0,100.0,0.0,100.0,0.0,100.0,0.0,100.0,N/A,N/A
dgrid_001451.txt,3.0,3.0,100.0,3.0,100.0,3.0,100.0,3.0,100.0,N/A,N/A
ego_001451.txt,15.0,15.0,100.0,15.0,100.0,15.0,100.0,N/A,N/A,N/A,N/A
er_001451.txt,6.0,6.0,100.0,6.0,100.0,6.0,100.0,6.0,100.0,N/A,N/A
scale_free_001451.txt,1.0,1.0,100.0,1.0,100.0,1.0,100.0,1.0,100.0,N/A,N/A
dag_001452.txt,0.0,0.0,100.0,0.0,100.0,0.0,100.0,0.0,100.0,N/A,N/A
dgrid_001452.txt,1.0,1.0,100.0,1.0,100.0,1.0,100.0,1.0,100.0,N/A,N/A
ego_001452.txt,1.0,1.0,100.0,1.0,100.0,1.0,100.0,1.0,100.0,N/A,N/A
er_001452.txt,11.0,N/A,N/A,11.0,100.0,11.0,100.0,N/A,N/A,N/A,N/A
scale_free_001452.txt,1.0,1.0,100.0,1.0,100.0,1.0,100.0,1.0,100.0,N/A,N/A
dag_001453.txt,0.0,0.0,100.0,0.0,100.0,0.0,100.0,0.0,100.0,N/A,N/A
dgrid_001453.txt,1.0,1.0,100.0,1.0,100.0,1.0,100.0,1.0,100.0,N/A,N/A
ego_001453.txt,1.0,1.0,100.0,1.0,100.0,1.0,100.0,1.0,100.0,N/A,N/A
er_001453.txt,7.0,7.0,100.0,7.0,100.0,7.0,100.0,7.0,100.0,N/A,N/A
scale_free_001453.txt,1.0,1.0,100.0,1.0,100.0,1.0,100.0,1.0,100.0,N/A,N/A
dag_001454.txt,0.0,0.0,100.0,0.0,100.0,0.0,100.0,0.0,100.0,N/A,N/A
dgrid_001454.txt,1.0,1.0,100.0,1.0,100.0,1.0,100.0,1.0,100.0,N/A,N/A
ego_001454.txt,9.0,9.0,100.0,9.0,100.0,9.0,100.0,N/A,N/A,N/A,N/A
er_001454.txt,17.0,N/A,N/A,17.0,100.0,17.0,100.0,N/A,N/A,N/A,N/A
scale_free_001454.txt,1.0,1.0,100.0,1.0,100.0,1.0,100.0,1.0,100.0,N/A,N/A
dag_001455.txt,0.0,0.0,100.0,0.0,100.0,0.0,100.0,0.0,100.0,N/A,N/A
dgrid_001455.txt,1.0,1.0,100.0,1.0,100.0,1.0,100.0,1.0,100.0,N/A,N/A
ego_001455.txt,2.0,2.0,100.0,2.0,100.0,2.0,100.0,2.0,100.0,N/A,N/A
er_001455.txt,3.0,3.0,100.0,3.0,100.0,3.0,100.0,3.0,100.0,N/A,N/A
scale_free_001455.txt,1.0,1.0,100.0,1.0,100.0,1.0,100.0,1.0,100.0,N/A,N/A
dag_001456.txt,0.0,0.0,100.0,0.0,100.0,0.0,100.0,0.0,100.0,N/A,N/A
dgrid_001456.txt,1.0,1.0,100.0,1.0,100.0,1.0,100.0,1.0,100.0,N/A,N/A
ego_001456.txt,10.0,10.0,100.0,10.0,100.0,10.0,100.0,N/A,N/A,N/A,N/A
er_001456.txt,3.0,3.0,100.0,3.0,100.0,3.0,100.0,3.0,100.0,N/A,N/A
scale_free_001456.txt,2.0,2.0,100.0,2.0,100.0,2.0,100.0,2.0,100.0,N/A,N/A
dag_001457.txt,0.0,0.0,100.0,0.0,100.0,0.0,100.0,0.0,100.0,N/A,N/A
dgrid_001457.txt,5.0,5.0,100.0,5.0,100.0,5.0,100.0,5.0,100.0,N/A,N/A
ego_001457.txt,4.0,4.0,100.0,4.0,100.0,4.0,100.0,4.0,100.0,N/A,N/A
er_001457.txt,8.0,8.0,100.0,8.0,100.0,8.0,100.0,N/A,N/A,N/A,N/A
scale_free_001457.txt,1.0,1.0,100.0,1.0,100.0,1.0,100.0,1.0,100.0,N/A,N/A
dag_001458.txt,0.0,0.0,100.0,0.0,100.0,0.0,100.0,0.0,100.0,N/A,N/A
dgrid_001458.txt,3.0,3.0,100.0,3.0,100.0,3.0,100.0,3.0,100.0,N/A,N/A
ego_001458.txt,5.0,5.0,100.0,5.0,100.0,5.0,100.0,5.0,100.0,N/A,N/A
er_001458.txt,3.0,3.0,100.0,3.0,100.0,3.0,100.0,3.0,100.0,N/A,N/A
scale_free_001458.txt,1.0,1.0,100.0,1.0,100.0,1.0,100.0,1.0,100.0,N/A,N/A
dag_001459.txt,0.0,0.0,100.0,0.0,100.0,0.0,100.0,0.0,100.0,N/A,N/A
dgrid_001459.txt,3.0,3.0,100.0,3.0,100.0,3.0,100.0,3.0,100.0,N/A,N/A
ego_001459.txt,10.0,10.0,100.0,10.0,100.0,10.0,100.0,N/A,N/A,N/A,N/A
er_001459.txt,11.0,11.0,100.0,11.0,100.0,11.0,100.0,N/A,N/A,N/A,N/A
scale_free_001459.txt,1.0,1.0,100.0,1.0,100.0,1.0,100.0,1.0,100.0,N/A,N/A
dag_001460.txt,0.0,0.0,100.0,0.0,100.0,0.0,100.0,0.0,100.0,N/A,N/A
dgrid_001460.txt,2.0,2.0,100.0,2.0,100.0,2.0,100.0,2.0,100.0,N/A,N/A
ego_001460.txt,9.0,9.0,100.0,9.0,100.0,9.0,100.0,N/A,N/A,N/A,N/A
er_001460.txt,8.0,8.0,100.0,8.0,100.0,8.0,100.0,8.0,100.0,N/A,N/A
scale_free_001460.txt,2.0,2.0,100.0,2.0,100.0,2.0,100.0,2.0,100.0,N/A,N/A
dag_001461.txt,0.0,0.0,100.0,0.0,100.0,0.0,100.0,0.0,100.0,N/A,N/A
dgrid_001461.txt,3.0,3.0,100.0,3.0,100.0,3.0,100.0,3.0,100.0,N/A,N/A
ego_001461.txt,6.0,6.0,100.0,6.0,100.0,6.0,100.0,6.0,100.0,N/A,N/A
er_001461.txt,3.0,3.0,100.0,3.0,100.0,3.0,100.0,3.0,100.0,N/A,N/A
scale_free_001461.txt,1.0,1.0,100.0,1.0,100.0,1.0,100.0,1.0,100.0,N/A,N/A
dag_001462.txt,0.0,0.0,100.0,0.0,100.0,0.0,100.0,0.0,100.0,N/A,N/A
dgrid_001462.txt,2.0,2.0,100.0,2.0,100.0,2.0,100.0,2.0,100.0,N/A,N/A
ego_001462.txt,1.0,1.0,100.0,1.0,100.0,1.0,100.0,1.0,100.0,N/A,N/A
er_001462.txt,6.0,6.0,100.0,6.0,100.0,6.0,100.0,6.0,100.0,N/A,N/A
scale_free_001462.txt,1.0,1.0,100.0,1.0,100.0,1.0,100.0,1.0,100.0,N/A,N/A
dag_001463.txt,0.0,0.0,100.0,0.0,100.0,0.0,100.0,0.0,100.0,N/A,N/A
dgrid_001463.txt,1.0,1.0,100.0,1.0,100.0,1.0,100.0,1.0,100.0,N/A,N/A
ego_001463.txt,0.0,0.0,100.0,0.0,100.0,0.0,100.0,0.0,100.0,N/A,N/A
er_001463.txt,3.0,3.0,100.0,3.0,100.0,3.0,100.0,3.0,100.0,N/A,N/A
scale_free_001463.txt,1.0,1.0,100.0,1.0,100.0,1.0,100.0,1.0,100.0,N/A,N/A
dag_001464.txt,0.0,0.0,100.0,0.0,100.0,0.0,100.0,0.0,100.0,N/A,N/A
dgrid_001464.txt,3.0,3.0,100.0,3.0,100.0,3.0,100.0,3.0,100.0,N/A,N/A
ego_001464.txt,5.0,5.0,100.0,5.0,100.0,5.0,100.0,5.0,100.0,N/A,N/A
er_001464.txt,3.0,3.0,100.0,3.0,100.0,3.0,100.0,3.0,100.0,N/A,N/A
scale_free_001464.txt,1.0,1.0,100.0,1.0,100.0,1.0,100.0,1.0,100.0,N/A,N/A
dag_001465.txt,0.0,0.0,100.0,0.0,100.0,0.0,100.0,0.0,100.0,N/A,N/A
dgrid_001465.txt,0.0,0.0,100.0,0.0,100.0,0.0,100.0,0.0,100.0,N/A,N/A
ego_001465.txt,8.0,8.0,100.0,8.0,100.0,8.0,100.0,N/A,N/A,N/A,N/A
er_001465.txt,1.0,1.0,100.0,1.0,100.0,1.0,100.0,1.0,100.0,N/A,N/A
scale_free_001465.txt,1.0,1.0,100.0,1.0,100.0,1.0,100.0,1.0,100.0,N/A,N/A
dag_001466.txt,0.0,0.0,100.0,0.0,100.0,0.0,100.0,0.0,100.0,N/A,N/A
dgrid_001466.txt,2.0,2.0,100.0,2.0,100.0,2.0,100.0,2.0,100.0,N/A,N/A
ego_001466.txt,6.0,6.0,100.0,6.0,100.0,6.0,100.0,6.0,100.0,N/A,N/A
er_001466.txt,7.0,7.0,100.0,7.0,100.0,7.0,100.0,7.0,100.0,N/A,N/A
scale_free_001466.txt,1.0,1.0,100.0,1.0,100.0,1.0,100.0,1.0,100.0,N/A,N/A
dag_001467.txt,0.0,0.0,100.0,0.0,100.0,0.0,100.0,0.0,100.0,N/A,N/A
dgrid_001467.txt,3.0,3.0,100.0,3.0,100.0,3.0,100.0,3.0,100.0,N/A,N/A
ego_001467.txt,0.0,0.0,100.0,0.0,100.0,0.0,100.0,0.0,100.0,N/A,N/A
er_001467.txt,16.0,N/A,N/A,16.0,100.0,16.0,100.0,N/A,N/A,N/A,N/A
scale_free_001467.txt,1.0,1.0,100.0,1.0,100.0,1.0,100.0,1.0,100.0,N/A,N/A
dag_001468.txt,0.0,0.0,100.0,0.0,100.0,0.0,100.0,0.0,100.0,N/A,N/A
dgrid_001468.txt,2.0,2.0,100.0,2.0,100.0,2.0,100.0,2.0,100.0,N/A,N/A
ego_001468.txt,2.0,2.0,100.0,2.0,100.0,2.0,100.0,2.0,100.0,N/A,N/A
er_001468.txt,5.0,5.0,100.0,5.0,100.0,5.0,100.0,5.0,100.0,N/A,N/A
scale_free_001468.txt,1.0,1.0,100.0,1.0,100.0,1.0,100.0,1.0,100.0,N/A,N/A
dag_001469.txt,0.0,0.0,100.0,0.0,100.0,0.0,100.0,0.0,100.0,N/A,N/A
dgrid_001469.txt,5.0,5.0,100.0,5.0,100.0,5.0,100.0,5.0,100.0,N/A,N/A
ego_001469.txt,0.0,0.0,100.0,0.0,100.0,0.0,100.0,0.0,100.0,N/A,N/A
er_001469.txt,4.0,4.0,100.0,4.0,100.0,4.0,100.0,4.0,100.0,N/A,N/A
scale_free_001469.txt,2.0,2.0,100.0,2.0,100.0,2.0,100.0,2.0,100.0,N/A,N/A
dag_001470.txt,0.0,0.0,100.0,0.0,100.0,0.0,100.0,0.0,100.0,N/A,N/A
dgrid_001470.txt,4.0,4.0,100.0,4.0,100.0,4.0,100.0,4.0,100.0,N/A,N/A
ego_001470.txt,4.0,4.0,100.0,4.0,100.0,4.0,100.0,4.0,100.0,N/A,N/A
er_001470.txt,4.0,4.0,100.0,4.0,100.0,4.0,100.0,4.0,100.0,N/A,N/A
scale_free_001470.txt,1.0,1.0,100.0,1.0,100.0,1.0,100.0,1.0,100.0,N/A,N/A
dag_001471.txt,0.0,0.0,100.0,0.0,100.0,0.0,100.0,0.0,100.0,N/A,N/A
dgrid_001471.txt,3.0,3.0,100.0,3.0,100.0,3.0,100.0,3.0,100.0,N/A,N/A
ego_001471.txt,11.0,11.0,100.0,11.0,100.0,11.0,100.0,N/A,N/A,N/A,N/A
er_001471.txt,6.0,6.0,100.0,6.0,100.0,6.0,100.0,6.0,100.0,N/A,N/A
scale_free_001471.txt,1.0,1.0,100.0,1.0,100.0,1.0,100.0,1.0,100.0,N/A,N/A
dag_001472.txt,0.0,0.0,100.0,0.0,100.0,0.0,100.0,0.0,100.0,N/A,N/A
dgrid_001472.txt,3.0,3.0,100.0,3.0,100.0,3.0,100.0,3.0,100.0,N/A,N/A
ego_001472.txt,8.0,8.0,100.0,8.0,100.0,8.0,100.0,N/A,N/A,N/A,N/A
er_001472.txt,16.0,N/A,N/A,16.0,100.0,16.0,100.0,N/A,N/A,N/A,N/A
scale_free_001472.txt,2.0,2.0,100.0,2.0,100.0,2.0,100.0,2.0,100.0,N/A,N/A
dag_001473.txt,0.0,0.0,100.0,0.0,100.0,0.0,100.0,0.0,100.0,N/A,N/A
dgrid_001473.txt,3.0,3.0,100.0,3.0,100.0,3.0,100.0,3.0,100.0,N/A,N/A
ego_001473.txt,2.0,2.0,100.0,2.0,100.0,2.0,100.0,2.0,100.0,N/A,N/A
er_001473.txt,3.0,3.0,100.0,3.0,100.0,3.0,100.0,3.0,100.0,N/A,N/A
scale_free_001473.txt,1.0,1.0,100.0,1.0,100.0,1.0,100.0,1.0,100.0,N/A,N/A
dag_001474.txt,0.0,0.0,100.0,0.0,100.0,0.0,100.0,0.0,100.0,N/A,N/A
dgrid_001474.txt,2.0,2.0,100.0,2.0,100.0,2.0,100.0,2.0,100.0,N/A,N/A
ego_001474.txt,1.0,1.0,100.0,1.0,100.0,1.0,100.0,1.0,100.0,N/A,N/A
er_001474.txt,10.0,10.0,100.0,10.0,100.0,10.0,100.0,N/A,N/A,N/A,N/A
scale_free_001474.txt,1.0,1.0,100.0,1.0,100.0,1.0,100.0,1.0,100.0,N/A,N/A
dag_001475.txt,0.0,0.0,100.0,0.0,100.0,0.0,100.0,0.0,100.0,N/A,N/A
dgrid_001475.txt,2.0,2.0,100.0,2.0,100.0,2.0,100.0,2.0,100.0,N/A,N/A
ego_001475.txt,11.0,11.0,100.0,11.0,100.0,11.0,100.0,N/A,N/A,N/A,N/A
er_001475.txt,6.0,6.0,100.0,6.0,100.0,6.0,100.0,6.0,100.0,N/A,N/A
scale_free_001475.txt,1.0,1.0,100.0,1.0,100.0,1.0,100.0,1.0,100.0,N/A,N/A
dag_001476.txt,0.0,0.0,100.0,0.0,100.0,0.0,100.0,0.0,100.0,N/A,N/A
dgrid_001476.txt,5.0,5.0,100.0,5.0,100.0,5.0,100.0,5.0,100.0,N/A,N/A
ego_001476.txt,6.0,6.0,100.0,6.0,100.0,6.0,100.0,6.0,100.0,N/A,N/A
er_001476.txt,6.0,6.0,100.0,6.0,100.0,6.0,100.0,6.0,100.0,N/A,N/A
scale_free_001476.txt,1.0,1.0,100.0,1.0,100.0,1.0,100.0,1.0,100.0,N/A,N/A
dag_001477.txt,0.0,0.0,100.0,0.0,100.0,0.0,100.0,0.0,100.0,N/A,N/A
dgrid_001477.txt,0.0,0.0,100.0,0.0,100.0,0.0,100.0,0.0,100.0,N/A,N/A
ego_001477.txt,1.0,1.0,100.0,1.0,100.0,1.0,100.0,1.0,100.0,N/A,N/A
er_001477.txt,8.0,8.0,100.0,8.0,100.0,8.0,100.0,8.0,100.0,N/A,N/A
scale_free_001477.txt,1.0,1.0,100.0,1.0,100.0,1.0,100.0,1.0,100.0,N/A,N/A
dag_001478.txt,0.0,0.0,100.0,0.0,100.0,0.0,100.0,0.0,100.0,N/A,N/A
dgrid_001478.txt,1.0,1.0,100.0,1.0,100.0,1.0,100.0,1.0,100.0,N/A,N/A
ego_001478.txt,4.0,4.0,100.0,4.0,100.0,4.0,100.0,4.0,100.0,N/A,N/A
er_001478.txt,5.0,5.0,100.0,5.0,100.0,5.0,100.0,5.0,100.0,N/A,N/A
scale_free_001478.txt,1.0,1.0,100.0,1.0,100.0,1.0,100.0,1.0,100.0,N/A,N/A
dag_001479.txt,0.0,0.0,100.0,0.0,100.0,0.0,100.0,0.0,100.0,N/A,N/A
dgrid_001479.txt,2.0,2.0,100.0,2.0,100.0,2.0,100.0,2.0,100.0,N/A,N/A
ego_001479.txt,4.0,4.0,100.0,4.0,100.0,4.0,100.0,4.0,100.0,N/A,N/A
er_001479.txt,4.0,4.0,100.0,4.0,100.0,4.0,100.0,4.0,100.0,N/A,N/A
scale_free_001479.txt,1.0,1.0,100.0,1.0,100.0,1.0,100.0,1.0,100.0,N/A,N/A
dag_001480.txt,0.0,0.0,100.0,0.0,100.0,0.0,100.0,0.0,100.0,N/A,N/A
dgrid_001480.txt,2.0,2.0,100.0,2.0,100.0,2.0,100.0,2.0,100.0,N/A,N/A
ego_001480.txt,0.0,0.0,100.0,0.0,100.0,0.0,100.0,0.0,100.0,N/A,N/A
er_001480.txt,14.0,N/A,N/A,14.0,100.0,14.0,100.0,N/A,N/A,N/A,N/A
scale_free_001480.txt,2.0,2.0,100.0,2.0,100.0,2.0,100.0,2.0,100.0,N/A,N/A
dag_001481.txt,0.0,0.0,100.0,0.0,100.0,0.0,100.0,0.0,100.0,N/A,N/A
dgrid_001481.txt,3.0,3.0,100.0,3.0,100.0,3.0,100.0,3.0,100.0,N/A,N/A
ego_001481.txt,0.0,0.0,100.0,0.0,100.0,0.0,100.0,0.0,100.0,N/A,N/A
er_001481.txt,12.0,12.0,100.0,12.0,100.0,12.0,100.0,N/A,N/A,N/A,N/A
scale_free_001481.txt,2.0,2.0,100.0,2.0,100.0,2.0,100.0,2.0,100.0,N/A,N/A
dag_001482.txt,0.0,0.0,100.0,0.0,100.0,0.0,100.0,0.0,100.0,N/A,N/A
dgrid_001482.txt,1.0,1.0,100.0,1.0,100.0,1.0,100.0,1.0,100.0,N/A,N/A
ego_001482.txt,0.0,0.0,100.0,0.0,100.0,0.0,100.0,0.0,100.0,N/A,N/A
er_001482.txt,10.0,10.0,100.0,10.0,100.0,10.0,100.0,10.0,100.0,N/A,N/A
scale_free_001482.txt,1.0,1.0,100.0,1.0,100.0,1.0,100.0,1.0,100.0,N/A,N/A
dag_001483.txt,0.0,0.0,100.0,0.0,100.0,0.0,100.0,0.0,100.0,N/A,N/A
dgrid_001483.txt,1.0,1.0,100.0,1.0,100.0,1.0,100.0,1.0,100.0,N/A,N/A
ego_001483.txt,10.0,10.0,100.0,10.0,100.0,10.0,100.0,N/A,N/A,N/A,N/A
er_001483.txt,8.0,8.0,100.0,8.0,100.0,8.0,100.0,N/A,N/A,N/A,N/A
scale_free_001483.txt,1.0,1.0,100.0,1.0,100.0,1.0,100.0,1.0,100.0,N/A,N/A
dag_001484.txt,0.0,0.0,100.0,0.0,100.0,0.0,100.0,0.0,100.0,N/A,N/A
dgrid_001484.txt,4.0,4.0,100.0,4.0,100.0,4.0,100.0,4.0,100.0,N/A,N/A
ego_001484.txt,17.0,17.0,100.0,17.0,100.0,17.0,100.0,N/A,N/A,N/A,N/A
er_001484.txt,1.0,1.0,100.0,1.0,100.0,1.0,100.0,1.0,100.0,N/A,N/A
scale_free_001484.txt,1.0,1.0,100.0,1.0,100.0,1.0,100.0,1.0,100.0,N/A,N/A
dag_001485.txt,0.0,0.0,100.0,0.0,100.0,0.0,100.0,0.0,100.0,N/A,N/A
dgrid_001485.txt,4.0,4.0,100.0,4.0,100.0,4.0,100.0,4.0,100.0,N/A,N/A
ego_001485.txt,0.0,0.0,100.0,0.0,100.0,0.0,100.0,0.0,100.0,N/A,N/A
er_001485.txt,7.0,7.0,100.0,7.0,100.0,7.0,100.0,7.0,100.0,N/A,N/A
scale_free_001485.txt,1.0,1.0,100.0,1.0,100.0,1.0,100.0,1.0,100.0,N/A,N/A
dag_001486.txt,0.0,0.0,100.0,0.0,100.0,0.0,100.0,0.0,100.0,N/A,N/A
dgrid_001486.txt,0.0,0.0,100.0,0.0,100.0,0.0,100.0,0.0,100.0,N/A,N/A
ego_001486.txt,8.0,8.0,100.0,8.0,100.0,8.0,100.0,N/A,N/A,N/A,N/A
er_001486.txt,0.0,0.0,100.0,0.0,100.0,0.0,100.0,0.0,100.0,N/A,N/A
scale_free_001486.txt,1.0,1.0,100.0,1.0,100.0,1.0,100.0,1.0,100.0,N/A,N/A
dag_001487.txt,0.0,0.0,100.0,0.0,100.0,0.0,100.0,0.0,100.0,N/A,N/A
dgrid_001487.txt,3.0,3.0,100.0,3.0,100.0,3.0,100.0,3.0,100.0,N/A,N/A
ego_001487.txt,8.0,8.0,100.0,8.0,100.0,8.0,100.0,N/A,N/A,N/A,N/A
er_001487.txt,0.0,0.0,100.0,0.0,100.0,0.0,100.0,0.0,100.0,N/A,N/A
scale_free_001487.txt,1.0,1.0,100.0,1.0,100.0,1.0,100.0,1.0,100.0,N/A,N/A
dag_001488.txt,0.0,0.0,100.0,0.0,100.0,0.0,100.0,0.0,100.0,N/A,N/A
dgrid_001488.txt,1.0,1.0,100.0,1.0,100.0,1.0,100.0,1.0,100.0,N/A,N/A
ego_001488.txt,4.0,4.0,100.0,4.0,100.0,4.0,100.0,4.0,100.0,N/A,N/A
er_001488.txt,7.0,7.0,100.0,7.0,100.0,7.0,100.0,7.0,100.0,N/A,N/A
scale_free_001488.txt,1.0,1.0,100.0,1.0,100.0,1.0,100.0,1.0,100.0,N/A,N/A
dag_001489.txt,0.0,0.0,100.0,0.0,100.0,0.0,100.0,0.0,100.0,N/A,N/A
dgrid_001489.txt,2.0,2.0,100.0,2.0,100.0,2.0,100.0,2.0,100.0,N/A,N/A
ego_001489.txt,4.0,4.0,100.0,4.0,100.0,4.0,100.0,4.0,100.0,N/A,N/A
er_001489.txt,9.0,9.0,100.0,9.0,100.0,9.0,100.0,9.0,100.0,N/A,N/A
scale_free_001489.txt,1.0,1.0,100.0,1.0,100.0,1.0,100.0,1.0,100.0,N/A,N/A
dag_001490.txt,0.0,0.0,100.0,0.0,100.0,0.0,100.0,0.0,100.0,N/A,N/A
dgrid_001490.txt,3.0,3.0,100.0,3.0,100.0,3.0,100.0,3.0,100.0,N/A,N/A
ego_001490.txt,2.0,2.0,100.0,2.0,100.0,2.0,100.0,2.0,100.0,N/A,N/A
er_001490.txt,11.0,11.0,100.0,11.0,100.0,11.0,100.0,N/A,N/A,N/A,N/A
scale_free_001490.txt,1.0,1.0,100.0,1.0,100.0,1.0,100.0,1.0,100.0,N/A,N/A
dag_001491.txt,0.0,0.0,100.0,0.0,100.0,0.0,100.0,0.0,100.0,N/A,N/A
dgrid_001491.txt,2.0,2.0,100.0,2.0,100.0,2.0,100.0,2.0,100.0,N/A,N/A
ego_001491.txt,0.0,0.0,100.0,0.0,100.0,0.0,100.0,0.0,100.0,N/A,N/A
er_001491.txt,6.0,6.0,100.0,6.0,100.0,6.0,100.0,6.0,100.0,N/A,N/A
scale_free_001491.txt,2.0,2.0,100.0,2.0,100.0,2.0,100.0,2.0,100.0,N/A,N/A
dag_001492.txt,0.0,0.0,100.0,0.0,100.0,0.0,100.0,0.0,100.0,N/A,N/A
dgrid_001492.txt,0.0,0.0,100.0,0.0,100.0,0.0,100.0,0.0,100.0,N/A,N/A
ego_001492.txt,0.0,0.0,100.0,0.0,100.0,0.0,100.0,0.0,100.0,N/A,N/A
er_001492.txt,5.0,5.0,100.0,5.0,100.0,5.0,100.0,5.0,100.0,N/A,N/A
scale_free_001492.txt,1.0,1.0,100.0,1.0,100.0,1.0,100.0,1.0,100.0,N/A,N/A
dag_001493.txt,0.0,0.0,100.0,0.0,100.0,0.0,100.0,0.0,100.0,N/A,N/A
dgrid_001493.txt,4.0,4.0,100.0,4.0,100.0,4.0,100.0,4.0,100.0,N/A,N/A
ego_001493.txt,4.0,4.0,100.0,4.0,100.0,4.0,100.0,4.0,100.0,N/A,N/A
er_001493.txt,16.0,N/A,N/A,16.0,100.0,16.0,100.0,N/A,N/A,N/A,N/A
scale_free_001493.txt,2.0,2.0,100.0,2.0,100.0,2.0,100.0,2.0,100.0,N/A,N/A
dag_001494.txt,0.0,0.0,100.0,0.0,100.0,0.0,100.0,0.0,100.0,N/A,N/A
dgrid_001494.txt,1.0,1.0,100.0,1.0,100.0,1.0,100.0,1.0,100.0,N/A,N/A
ego_001494.txt,6.0,6.0,100.0,6.0,100.0,6.0,100.0,6.0,100.0,N/A,N/A
er_001494.txt,14.0,N/A,N/A,14.0,100.0,14.0,100.0,N/A,N/A,N/A,N/A
scale_free_001494.txt,1.0,1.0,100.0,1.0,100.0,1.0,100.0,1.0,100.0,N/A,N/A
dag_001495.txt,0.0,0.0,100.0,0.0,100.0,0.0,100.0,0.0,100.0,N/A,N/A
dgrid_001495.txt,2.0,2.0,100.0,2.0,100.0,2.0,100.0,2.0,100.0,N/A,N/A
ego_001495.txt,8.0,8.0,100.0,8.0,100.0,8.0,100.0,N/A,N/A,N/A,N/A
er_001495.txt,4.0,4.0,100.0,4.0,100.0,4.0,100.0,4.0,100.0,N/A,N/A
scale_free_001495.txt,2.0,2.0,100.0,2.0,100.0,2.0,100.0,2.0,100.0,N/A,N/A
dag_001496.txt,0.0,0.0,100.0,0.0,100.0,0.0,100.0,0.0,100.0,N/A,N/A
dgrid_001496.txt,2.0,2.0,100.0,2.0,100.0,2.0,100.0,2.0,100.0,N/A,N/A
ego_001496.txt,6.0,6.0,100.0,6.0,100.0,6.0,100.0,6.0,100.0,N/A,N/A
er_001496.txt,9.0,9.0,100.0,9.0,100.0,9.0,100.0,9.0,100.0,N/A,N/A
scale_free_001496.txt,1.0,1.0,100.0,1.0,100.0,1.0,100.0,1.0,100.0,N/A,N/A
dag_001497.txt,0.0,0.0,100.0,0.0,100.0,0.0,100.0,0.0,100.0,N/A,N/A
dgrid_001497.txt,2.0,2.0,100.0,2.0,100.0,2.0,100.0,2.0,100.0,N/A,N/A
ego_001497.txt,19.0,19.0,100.0,19.0,100.0,19.0,100.0,N/A,N/A,N/A,N/A
er_001497.txt,4.0,4.0,100.0,4.0,100.0,4.0,100.0,4.0,100.0,N/A,N/A
scale_free_001497.txt,1.0,1.0,100.0,1.0,100.0,1.0,100.0,1.0,100.0,N/A,N/A
dag_001498.txt,0.0,0.0,100.0,0.0,100.0,0.0,100.0,0.0,100.0,N/A,N/A
dgrid_001498.txt,3.0,3.0,100.0,3.0,100.0,3.0,100.0,3.0,100.0,N/A,N/A
ego_001498.txt,7.0,7.0,100.0,7.0,100.0,7.0,100.0,7.0,100.0,N/A,N/A
er_001498.txt,12.0,N/A,N/A,12.0,100.0,12.0,100.0,N/A,N/A,N/A,N/A
scale_free_001498.txt,1.0,1.0,100.0,1.0,100.0,1.0,100.0,1.0,100.0,N/A,N/A
dag_001499.txt,0.0,0.0,100.0,0.0,100.0,0.0,100.0,0.0,100.0,N/A,N/A
dgrid_001499.txt,2.0,2.0,100.0,2.0,100.0,2.0,100.0,2.0,100.0,N/A,N/A
ego_001499.txt,2.0,2.0,100.0,2.0,100.0,2.0,100.0,2.0,100.0,N/A,N/A
er_001499.txt,5.0,5.0,100.0,5.0,100.0,5.0,100.0,5.0,100.0,N/A,N/A
scale_free_001499.txt,1.0,1.0,100.0,1.0,100.0,1.0,100.0,1.0,100.0,N/A,N/A
ego_001500.txt,0.0,0.0,100.0,0.0,100.0,0.0,100.0,0.0,100.0,N/A,N/A
er_001500.txt,3.0,3.0,100.0,3.0,100.0,3.0,100.0,3.0,100.0,N/A,N/A
scale_free_001500.txt,1.0,1.0,100.0,1.0,100.0,1.0,100.0,1.0,100.0,N/A,N/A
ego_001501.txt,4.0,4.0,100.0,4.0,100.0,4.0,100.0,4.0,100.0,N/A,N/A
er_001501.txt,15.0,N/A,N/A,15.0,100.0,16.0,93.75,N/A,N/A,N/A,N/A
scale_free_001501.txt,1.0,1.0,100.0,1.0,100.0,1.0,100.0,1.0,100.0,N/A,N/A
ego_001502.txt,2.0,2.0,100.0,2.0,100.0,2.0,100.0,2.0,100.0,N/A,N/A
er_001502.txt,13.0,13.0,100.0,13.0,100.0,14.0,92.8571,N/A,N/A,N/A,N/A
scale_free_001502.txt,1.0,1.0,100.0,1.0,100.0,1.0,100.0,1.0,100.0,N/A,N/A
ego_001503.txt,0.0,0.0,100.0,0.0,100.0,0.0,100.0,0.0,100.0,N/A,N/A
er_001503.txt,5.0,5.0,100.0,5.0,100.0,5.0,100.0,5.0,100.0,N/A,N/A
scale_free_001503.txt,1.0,1.0,100.0,1.0,100.0,1.0,100.0,1.0,100.0,N/A,N/A
ego_001504.txt,9.0,9.0,100.0,9.0,100.0,9.0,100.0,N/A,N/A,N/A,N/A
er_001504.txt,17.0,N/A,N/A,17.0,100.0,17.0,100.0,N/A,N/A,N/A,N/A
scale_free_001504.txt,1.0,1.0,100.0,1.0,100.0,1.0,100.0,1.0,100.0,N/A,N/A
ego_001505.txt,9.0,9.0,100.0,9.0,100.0,9.0,100.0,N/A,N/A,N/A,N/A
er_001505.txt,9.0,9.0,100.0,9.0,100.0,9.0,100.0,9.0,100.0,N/A,N/A
scale_free_001505.txt,1.0,1.0,100.0,1.0,100.0,1.0,100.0,1.0,100.0,N/A,N/A
ego_001506.txt,2.0,2.0,100.0,2.0,100.0,2.0,100.0,2.0,100.0,N/A,N/A
er_001506.txt,9.0,9.0,100.0,9.0,100.0,9.0,100.0,N/A,N/A,N/A,N/A
scale_free_001506.txt,1.0,1.0,100.0,1.0,100.0,1.0,100.0,1.0,100.0,N/A,N/A
ego_001507.txt,1.0,1.0,100.0,1.0,100.0,1.0,100.0,1.0,100.0,N/A,N/A
er_001507.txt,10.0,10.0,100.0,10.0,100.0,10.0,100.0,N/A,N/A,N/A,N/A
scale_free_001507.txt,1.0,1.0,100.0,1.0,100.0,1.0,100.0,1.0,100.0,N/A,N/A
ego_001508.txt,10.0,10.0,100.0,10.0,100.0,10.0,100.0,N/A,N/A,N/A,N/A
er_001508.txt,2.0,2.0,100.0,2.0,100.0,2.0,100.0,2.0,100.0,N/A,N/A
scale_free_001508.txt,1.0,1.0,100.0,1.0,100.0,1.0,100.0,1.0,100.0,N/A,N/A
ego_001509.txt,9.0,9.0,100.0,9.0,100.0,9.0,100.0,9.0,100.0,N/A,N/A
er_001509.txt,3.0,3.0,100.0,3.0,100.0,3.0,100.0,3.0,100.0,N/A,N/A
scale_free_001509.txt,1.0,1.0,100.0,1.0,100.0,1.0,100.0,1.0,100.0,N/A,N/A
ego_001510.txt,0.0,0.0,100.0,0.0,100.0,0.0,100.0,0.0,100.0,N/A,N/A
er_001510.txt,6.0,6.0,100.0,6.0,100.0,6.0,100.0,6.0,100.0,N/A,N/A
scale_free_001510.txt,1.0,1.0,100.0,1.0,100.0,1.0,100.0,1.0,100.0,N/A,N/A
ego_001511.txt,11.0,11.0,100.0,11.0,100.0,11.0,100.0,11.0,100.0,N/A,N/A
er_001511.txt,6.0,6.0,100.0,6.0,100.0,6.0,100.0,6.0,100.0,N/A,N/A
scale_free_001511.txt,1.0,1.0,100.0,1.0,100.0,1.0,100.0,1.0,100.0,N/A,N/A
ego_001512.txt,0.0,0.0,100.0,0.0,100.0,0.0,100.0,0.0,100.0,N/A,N/A
er_001512.txt,12.0,12.0,100.0,12.0,100.0,12.0,100.0,N/A,N/A,N/A,N/A
scale_free_001512.txt,1.0,1.0,100.0,1.0,100.0,1.0,100.0,1.0,100.0,N/A,N/A
ego_001513.txt,8.0,8.0,100.0,8.0,100.0,8.0,100.0,8.0,100.0,N/A,N/A
er_001513.txt,4.0,4.0,100.0,4.0,100.0,4.0,100.0,4.0,100.0,N/A,N/A
scale_free_001513.txt,1.0,1.0,100.0,1.0,100.0,1.0,100.0,1.0,100.0,N/A,N/A
ego_001514.txt,5.0,5.0,100.0,5.0,100.0,5.0,100.0,5.0,100.0,N/A,N/A
er_001514.txt,5.0,5.0,100.0,5.0,100.0,5.0,100.0,5.0,100.0,N/A,N/A
scale_free_001514.txt,1.0,1.0,100.0,1.0,100.0,1.0,100.0,1.0,100.0,N/A,N/A
ego_001515.txt,7.0,7.0,100.0,7.0,100.0,7.0,100.0,7.0,100.0,N/A,N/A
er_001515.txt,1.0,1.0,100.0,1.0,100.0,1.0,100.0,1.0,100.0,N/A,N/A
scale_free_001515.txt,1.0,1.0,100.0,1.0,100.0,1.0,100.0,1.0,100.0,N/A,N/A
ego_001516.txt,1.0,1.0,100.0,1.0,100.0,1.0,100.0,1.0,100.0,N/A,N/A
er_001516.txt,6.0,6.0,100.0,6.0,100.0,6.0,100.0,6.0,100.0,N/A,N/A
scale_free_001516.txt,1.0,1.0,100.0,1.0,100.0,1.0,100.0,1.0,100.0,N/A,N/A
ego_001517.txt,3.0,3.0,100.0,3.0,100.0,3.0,100.0,3.0,100.0,N/A,N/A
er_001517.txt,5.0,5.0,100.0,5.0,100.0,5.0,100.0,5.0,100.0,N/A,N/A
scale_free_001517.txt,1.0,1.0,100.0,1.0,100.0,1.0,100.0,1.0,100.0,N/A,N/A
ego_001518.txt,18.0,18.0,100.0,18.0,100.0,18.0,100.0,N/A,N/A,N/A,N/A
er_001518.txt,7.0,7.0,100.0,7.0,100.0,7.0,100.0,7.0,100.0,N/A,N/A
scale_free_001518.txt,2.0,2.0,100.0,2.0,100.0,2.0,100.0,2.0,100.0,N/A,N/A
ego_001519.txt,3.0,3.0,100.0,3.0,100.0,3.0,100.0,3.0,100.0,N/A,N/A
er_001519.txt,14.0,N/A,N/A,14.0,100.0,14.0,100.0,N/A,N/A,N/A,N/A
scale_free_001519.txt,2.0,2.0,100.0,2.0,100.0,2.0,100.0,2.0,100.0,N/A,N/A
ego_001520.txt,6.0,6.0,100.0,6.0,100.0,6.0,100.0,6.0,100.0,N/A,N/A
er_001520.txt,1.0,1.0,100.0,1.0,100.0,1.0,100.0,1.0,100.0,N/A,N/A
scale_free_001520.txt,1.0,1.0,100.0,1.0,100.0,1.0,100.0,1.0,100.0,N/A,N/A
ego_001521.txt,2.0,2.0,100.0,2.0,100.0,2.0,100.0,2.0,100.0,N/A,N/A
er_001521.txt,7.0,7.0,100.0,7.0,100.0,7.0,100.0,7.0,100.0,N/A,N/A
scale_free_001521.txt,1.0,1.0,100.0,1.0,100.0,1.0,100.0,1.0,100.0,N/A,N/A
ego_001522.txt,7.0,7.0,100.0,7.0,100.0,7.0,100.0,7.0,100.0,N/A,N/A
er_001522.txt,9.0,9.0,100.0,9.0,100.0,9.0,100.0,N/A,N/A,N/A,N/A
scale_free_001522.txt,1.0,1.0,100.0,1.0,100.0,1.0,100.0,1.0,100.0,N/A,N/A
ego_001523.txt,0.0,0.0,100.0,0.0,100.0,0.0,100.0,0.0,100.0,N/A,N/A
er_001523.txt,6.0,6.0,100.0,6.0,100.0,6.0,100.0,6.0,100.0,N/A,N/A
scale_free_001523.txt,1.0,1.0,100.0,1.0,100.0,1.0,100.0,1.0,100.0,N/A,N/A
ego_001524.txt,0.0,0.0,100.0,0.0,100.0,0.0,100.0,0.0,100.0,N/A,N/A
er_001524.txt,12.0,N/A,N/A,12.0,100.0,12.0,100.0,N/A,N/A,N/A,N/A
scale_free_001524.txt,1.0,1.0,100.0,1.0,100.0,1.0,100.0,1.0,100.0,N/A,N/A
ego_001525.txt,2.0,2.0,100.0,2.0,100.0,2.0,100.0,2.0,100.0,N/A,N/A
er_001525.txt,19.0,N/A,N/A,19.0,100.0,19.0,100.0,N/A,N/A,N/A,N/A
scale_free_001525.txt,1.0,1.0,100.0,1.0,100.0,1.0,100.0,1.0,100.0,N/A,N/A
ego_001526.txt,4.0,4.0,100.0,4.0,100.0,4.0,100.0,4.0,100.0,N/A,N/A
er_001526.txt,18.0,N/A,N/A,18.0,100.0,19.0,94.7368,N/A,N/A,N/A,N/A
scale_free_001526.txt,1.0,1.0,100.0,1.0,100.0,1.0,100.0,1.0,100.0,N/A,N/A
ego_001527.txt,2.0,2.0,100.0,2.0,100.0,2.0,100.0,2.0,100.0,N/A,N/A
er_001527.txt,18.0,N/A,N/A,18.0,100.0,18.0,100.0,N/A,N/A,N/A,N/A
scale_free_001527.txt,1.0,1.0,100.0,1.0,100.0,1.0,100.0,1.0,100.0,N/A,N/A
ego_001528.txt,0.0,0.0,100.0,0.0,100.0,0.0,100.0,0.0,100.0,N/A,N/A
er_001528.txt,5.0,5.0,100.0,5.0,100.0,5.0,100.0,5.0,100.0,N/A,N/A
scale_free_001528.txt,2.0,2.0,100.0,2.0,100.0,2.0,100.0,2.0,100.0,N/A,N/A
ego_001529.txt,7.0,7.0,100.0,7.0,100.0,7.0,100.0,7.0,100.0,N/A,N/A
er_001529.txt,5.0,5.0,100.0,5.0,100.0,5.0,100.0,5.0,100.0,N/A,N/A
scale_free_001529.txt,1.0,1.0,100.0,1.0,100.0,1.0,100.0,1.0,100.0,N/A,N/A
ego_001530.txt,3.0,3.0,100.0,3.0,100.0,3.0,100.0,3.0,100.0,N/A,N/A
er_001530.txt,10.0,10.0,100.0,10.0,100.0,10.0,100.0,N/A,N/A,N/A,N/A
scale_free_001530.txt,2.0,2.0,100.0,2.0,100.0,2.0,100.0,2.0,100.0,N/A,N/A
ego_001531.txt,1.0,1.0,100.0,1.0,100.0,1.0,100.0,1.0,100.0,N/A,N/A
er_001531.txt,3.0,3.0,100.0,3.0,100.0,3.0,100.0,3.0,100.0,N/A,N/A
scale_free_001531.txt,2.0,2.0,100.0,2.0,100.0,2.0,100.0,2.0,100.0,N/A,N/A
ego_001532.txt,5.0,5.0,100.0,5.0,100.0,5.0,100.0,5.0,100.0,N/A,N/A
er_001532.txt,4.0,4.0,100.0,4.0,100.0,4.0,100.0,4.0,100.0,N/A,N/A
scale_free_001532.txt,1.0,1.0,100.0,1.0,100.0,1.0,100.0,1.0,100.0,N/A,N/A
ego_001533.txt,11.0,11.0,100.0,11.0,100.0,11.0,100.0,N/A,N/A,N/A,N/A
er_001533.txt,8.0,8.0,100.0,8.0,100.0,8.0,100.0,N/A,N/A,N/A,N/A
scale_free_001533.txt,1.0,1.0,100.0,1.0,100.0,1.0,100.0,1.0,100.0,N/A,N/A
ego_001534.txt,1.0,1.0,100.0,1.0,100.0,1.0,100.0,1.0,100.0,N/A,N/A
er_001534.txt,10.0,10.0,100.0,10.0,100.0,10.0,100.0,10.0,100.0,N/A,N/A
scale_free_001534.txt,1.0,1.0,100.0,1.0,100.0,1.0,100.0,1.0,100.0,N/A,N/A
ego_001535.txt,7.0,7.0,100.0,7.0,100.0,7.0,100.0,N/A,N/A,N/A,N/A
er_001535.txt,7.0,7.0,100.0,7.0,100.0,7.0,100.0,7.0,100.0,N/A,N/A
scale_free_001535.txt,2.0,2.0,100.0,2.0,100.0,2.0,100.0,2.0,100.0,N/A,N/A
ego_001536.txt,7.0,7.0,100.0,7.0,100.0,7.0,100.0,N/A,N/A,N/A,N/A
er_001536.txt,13.0,N/A,N/A,13.0,100.0,13.0,100.0,N/A,N/A,N/A,N/A
scale_free_001536.txt,2.0,2.0,100.0,2.0,100.0,2.0,100.0,2.0,100.0,N/A,N/A
ego_001537.txt,2.0,2.0,100.0,2.0,100.0,2.0,100.0,2.0,100.0,N/A,N/A
er_001537.txt,16.0,N/A,N/A,16.0,100.0,16.0,100.0,N/A,N/A,N/A,N/A
scale_free_001537.txt,1.0,1.0,100.0,1.0,100.0,1.0,100.0,1.0,100.0,N/A,N/A
ego_001538.txt,4.0,4.0,100.0,4.0,100.0,4.0,100.0,4.0,100.0,N/A,N/A
er_001538.txt,18.0,N/A,N/A,18.0,100.0,18.0,100.0,N/A,N/A,N/A,N/A
scale_free_001538.txt,1.0,1.0,100.0,1.0,100.0,1.0,100.0,1.0,100.0,N/A,N/A
ego_001539.txt,2.0,2.0,100.0,2.0,100.0,2.0,100.0,2.0,100.0,N/A,N/A
er_001539.txt,9.0,9.0,100.0,9.0,100.0,9.0,100.0,9.0,100.0,N/A,N/A
scale_free_001539.txt,1.0,1.0,100.0,1.0,100.0,1.0,100.0,1.0,100.0,N/A,N/A
ego_001540.txt,9.0,9.0,100.0,9.0,100.0,9.0,100.0,N/A,N/A,N/A,N/A
er_001540.txt,11.0,N/A,N/A,11.0,100.0,11.0,100.0,N/A,N/A,N/A,N/A
scale_free_001540.txt,2.0,2.0,100.0,2.0,100.0,2.0,100.0,2.0,100.0,N/A,N/A
ego_001541.txt,0.0,0.0,100.0,0.0,100.0,0.0,100.0,0.0,100.0,N/A,N/A
er_001541.txt,4.0,4.0,100.0,4.0,100.0,4.0,100.0,4.0,100.0,N/A,N/A
scale_free_001541.txt,1.0,1.0,100.0,1.0,100.0,1.0,100.0,1.0,100.0,N/A,N/A
ego_001542.txt,11.0,11.0,100.0,11.0,100.0,11.0,100.0,N/A,N/A,N/A,N/A
er_001542.txt,7.0,7.0,100.0,7.0,100.0,7.0,100.0,7.0,100.0,N/A,N/A
scale_free_001542.txt,1.0,1.0,100.0,1.0,100.0,1.0,100.0,1.0,100.0,N/A,N/A
ego_001543.txt,4.0,4.0,100.0,4.0,100.0,4.0,100.0,4.0,100.0,N/A,N/A
er_001543.txt,2.0,2.0,100.0,2.0,100.0,2.0,100.0,2.0,100.0,N/A,N/A
scale_free_001543.txt,1.0,1.0,100.0,1.0,100.0,1.0,100.0,1.0,100.0,N/A,N/A
ego_001544.txt,9.0,9.0,100.0,9.0,100.0,9.0,100.0,N/A,N/A,N/A,N/A
er_001544.txt,7.0,7.0,100.0,7.0,100.0,7.0,100.0,7.0,100.0,N/A,N/A
scale_free_001544.txt,1.0,1.0,100.0,1.0,100.0,1.0,100.0,1.0,100.0,N/A,N/A
ego_001545.txt,8.0,8.0,100.0,8.0,100.0,8.0,100.0,N/A,N/A,N/A,N/A
er_001545.txt,2.0,2.0,100.0,2.0,100.0,2.0,100.0,2.0,100.0,N/A,N/A
scale_free_001545.txt,2.0,2.0,100.0,2.0,100.0,2.0,100.0,2.0,100.0,N/A,N/A
ego_001546.txt,6.0,6.0,100.0,6.0,100.0,6.0,100.0,6.0,100.0,N/A,N/A
er_001546.txt,4.0,4.0,100.0,4.0,100.0,4.0,100.0,4.0,100.0,N/A,N/A
scale_free_001546.txt,1.0,1.0,100.0,1.0,100.0,1.0,100.0,1.0,100.0,N/A,N/A
ego_001547.txt,3.0,3.0,100.0,3.0,100.0,3.0,100.0,3.0,100.0,N/A,N/A
er_001547.txt,3.0,3.0,100.0,3.0,100.0,3.0,100.0,3.0,100.0,N/A,N/A
scale_free_001547.txt,1.0,1.0,100.0,1.0,100.0,1.0,100.0,1.0,100.0,N/A,N/A
ego_001548.txt,7.0,7.0,100.0,7.0,100.0,7.0,100.0,7.0,100.0,N/A,N/A
er_001548.txt,6.0,6.0,100.0,6.0,100.0,6.0,100.0,6.0,100.0,N/A,N/A
scale_free_001548.txt,1.0,1.0,100.0,1.0,100.0,1.0,100.0,1.0,100.0,N/A,N/A
ego_001549.txt,2.0,2.0,100.0,2.0,100.0,2.0,100.0,2.0,100.0,N/A,N/A
er_001549.txt,11.0,11.0,100.0,11.0,100.0,11.0,100.0,N/A,N/A,N/A,N/A
scale_free_001549.txt,1.0,1.0,100.0,1.0,100.0,1.0,100.0,1.0,100.0,N/A,N/A
ego_001550.txt,25.0,N/A,N/A,N/A,N/A,25.0,100.0,N/A,N/A,N/A,N/A
er_001550.txt,7.0,7.0,100.0,7.0,100.0,7.0,100.0,7.0,100.0,N/A,N/A
scale_free_001550.txt,1.0,1.0,100.0,1.0,100.0,1.0,100.0,1.0,100.0,N/A,N/A
ego_001551.txt,11.0,11.0,100.0,11.0,100.0,11.0,100.0,N/A,N/A,N/A,N/A
er_001551.txt,6.0,6.0,100.0,6.0,100.0,6.0,100.0,6.0,100.0,N/A,N/A
scale_free_001551.txt,1.0,1.0,100.0,1.0,100.0,1.0,100.0,1.0,100.0,N/A,N/A
ego_001552.txt,1.0,1.0,100.0,1.0,100.0,1.0,100.0,1.0,100.0,N/A,N/A
er_001552.txt,3.0,3.0,100.0,3.0,100.0,3.0,100.0,3.0,100.0,N/A,N/A
scale_free_001552.txt,1.0,1.0,100.0,1.0,100.0,1.0,100.0,1.0,100.0,N/A,N/A
ego_001553.txt,7.0,7.0,100.0,7.0,100.0,7.0,100.0,N/A,N/A,N/A,N/A
er_001553.txt,7.0,7.0,100.0,7.0,100.0,7.0,100.0,7.0,100.0,N/A,N/A
scale_free_001553.txt,1.0,1.0,100.0,1.0,100.0,1.0,100.0,1.0,100.0,N/A,N/A
ego_001554.txt,6.0,6.0,100.0,6.0,100.0,6.0,100.0,6.0,100.0,N/A,N/A
er_001554.txt,8.0,8.0,100.0,8.0,100.0,8.0,100.0,8.0,100.0,N/A,N/A
scale_free_001554.txt,1.0,1.0,100.0,1.0,100.0,1.0,100.0,1.0,100.0,N/A,N/A
ego_001555.txt,2.0,2.0,100.0,2.0,100.0,2.0,100.0,2.0,100.0,N/A,N/A
er_001555.txt,13.0,N/A,N/A,13.0,100.0,13.0,100.0,N/A,N/A,N/A,N/A
scale_free_001555.txt,1.0,1.0,100.0,1.0,100.0,1.0,100.0,1.0,100.0,N/A,N/A
ego_001556.txt,6.0,6.0,100.0,6.0,100.0,6.0,100.0,6.0,100.0,N/A,N/A
er_001556.txt,12.0,N/A,N/A,12.0,100.0,12.0,100.0,N/A,N/A,N/A,N/A
scale_free_001556.txt,1.0,1.0,100.0,1.0,100.0,1.0,100.0,1.0,100.0,N/A,N/A
ego_001557.txt,15.0,15.0,100.0,15.0,100.0,15.0,100.0,N/A,N/A,N/A,N/A
er_001557.txt,3.0,3.0,100.0,3.0,100.0,3.0,100.0,3.0,100.0,N/A,N/A
scale_free_001557.txt,1.0,1.0,100.0,1.0,100.0,1.0,100.0,1.0,100.0,N/A,N/A
ego_001558.txt,7.0,7.0,100.0,7.0,100.0,7.0,100.0,N/A,N/A,N/A,N/A
er_001558.txt,4.0,4.0,100.0,4.0,100.0,4.0,100.0,4.0,100.0,N/A,N/A
scale_free_001558.txt,1.0,1.0,100.0,1.0,100.0,1.0,100.0,1.0,100.0,N/A,N/A
ego_001559.txt,2.0,2.0,100.0,2.0,100.0,2.0,100.0,2.0,100.0,N/A,N/A
er_001559.txt,8.0,8.0,100.0,8.0,100.0,8.0,100.0,N/A,N/A,N/A,N/A
scale_free_001559.txt,1.0,1.0,100.0,1.0,100.0,1.0,100.0,1.0,100.0,N/A,N/A
ego_001560.txt,9.0,9.0,100.0,9.0,100.0,9.0,100.0,N/A,N/A,N/A,N/A
er_001560.txt,12.0,N/A,N/A,12.0,100.0,12.0,100.0,N/A,N/A,N/A,N/A
scale_free_001560.txt,1.0,1.0,100.0,1.0,100.0,1.0,100.0,1.0,100.0,N/A,N/A
ego_001561.txt,5.0,5.0,100.0,5.0,100.0,5.0,100.0,5.0,100.0,N/A,N/A
er_001561.txt,11.0,N/A,N/A,11.0,100.0,11.0,100.0,N/A,N/A,N/A,N/A
scale_free_001561.txt,2.0,2.0,100.0,2.0,100.0,2.0,100.0,2.0,100.0,N/A,N/A
ego_001562.txt,14.0,14.0,100.0,14.0,100.0,14.0,100.0,N/A,N/A,N/A,N/A
er_001562.txt,10.0,10.0,100.0,10.0,100.0,10.0,100.0,10.0,100.0,N/A,N/A
scale_free_001562.txt,1.0,1.0,100.0,1.0,100.0,1.0,100.0,1.0,100.0,N/A,N/A
ego_001563.txt,2.0,2.0,100.0,2.0,100.0,2.0,100.0,2.0,100.0,N/A,N/A
er_001563.txt,18.0,N/A,N/A,18.0,100.0,18.0,100.0,N/A,N/A,N/A,N/A
scale_free_001563.txt,1.0,1.0,100.0,1.0,100.0,1.0,100.0,1.0,100.0,N/A,N/A
ego_001564.txt,0.0,0.0,100.0,0.0,100.0,0.0,100.0,0.0,100.0,N/A,N/A
er_001564.txt,6.0,6.0,100.0,6.0,100.0,6.0,100.0,6.0,100.0,N/A,N/A
scale_free_001564.txt,2.0,2.0,100.0,2.0,100.0,2.0,100.0,2.0,100.0,N/A,N/A
ego_001565.txt,11.0,11.0,100.0,11.0,100.0,11.0,100.0,N/A,N/A,N/A,N/A
er_001565.txt,7.0,7.0,100.0,7.0,100.0,7.0,100.0,7.0,100.0,N/A,N/A
scale_free_001565.txt,2.0,2.0,100.0,2.0,100.0,2.0,100.0,2.0,100.0,N/A,N/A
ego_001566.txt,8.0,8.0,100.0,8.0,100.0,8.0,100.0,8.0,100.0,N/A,N/A
er_001566.txt,12.0,N/A,N/A,12.0,100.0,12.0,100.0,N/A,N/A,N/A,N/A
scale_free_001566.txt,1.0,1.0,100.0,1.0,100.0,1.0,100.0,1.0,100.0,N/A,N/A
ego_001567.txt,7.0,7.0,100.0,7.0,100.0,7.0,100.0,7.0,100.0,N/A,N/A
er_001567.txt,6.0,6.0,100.0,6.0,100.0,6.0,100.0,6.0,100.0,N/A,N/A
scale_free_001567.txt,1.0,1.0,100.0,1.0,100.0,1.0,100.0,1.0,100.0,N/A,N/A
ego_001568.txt,2.0,2.0,100.0,2.0,100.0,2.0,100.0,2.0,100.0,N/A,N/A
er_001568.txt,5.0,5.0,100.0,5.0,100.0,5.0,100.0,5.0,100.0,N/A,N/A
scale_free_001568.txt,1.0,1.0,100.0,1.0,100.0,1.0,100.0,1.0,100.0,N/A,N/A
ego_001569.txt,2.0,2.0,100.0,2.0,100.0,2.0,100.0,2.0,100.0,N/A,N/A
er_001569.txt,4.0,4.0,100.0,4.0,100.0,4.0,100.0,4.0,100.0,N/A,N/A
scale_free_001569.txt,2.0,2.0,100.0,2.0,100.0,2.0,100.0,2.0,100.0,N/A,N/A
ego_001570.txt,0.0,0.0,100.0,0.0,100.0,0.0,100.0,0.0,100.0,N/A,N/A
er_001570.txt,7.0,7.0,100.0,7.0,100.0,7.0,100.0,7.0,100.0,N/A,N/A
scale_free_001570.txt,2.0,2.0,100.0,2.0,100.0,2.0,100.0,2.0,100.0,N/A,N/A
ego_001571.txt,1.0,1.0,100.0,1.0,100.0,1.0,100.0,1.0,100.0,N/A,N/A
er_001571.txt,15.0,N/A,N/A,15.0,100.0,15.0,100.0,N/A,N/A,N/A,N/A
scale_free_001571.txt,1.0,1.0,100.0,1.0,100.0,1.0,100.0,1.0,100.0,N/A,N/A
ego_001572.txt,10.0,10.0,100.0,10.0,100.0,10.0,100.0,N/A,N/A,N/A,N/A
er_001572.txt,9.0,9.0,100.0,9.0,100.0,9.0,100.0,9.0,100.0,N/A,N/A
scale_free_001572.txt,1.0,1.0,100.0,1.0,100.0,1.0,100.0,1.0,100.0,N/A,N/A
ego_001573.txt,13.0,13.0,100.0,13.0,100.0,13.0,100.0,N/A,N/A,N/A,N/A
er_001573.txt,9.0,9.0,100.0,9.0,100.0,9.0,100.0,N/A,N/A,N/A,N/A
scale_free_001573.txt,1.0,1.0,100.0,1.0,100.0,1.0,100.0,1.0,100.0,N/A,N/A
ego_001574.txt,5.0,5.0,100.0,5.0,100.0,5.0,100.0,5.0,100.0,N/A,N/A
er_001574.txt,9.0,9.0,100.0,9.0,100.0,9.0,100.0,N/A,N/A,N/A,N/A
scale_free_001574.txt,2.0,2.0,100.0,2.0,100.0,2.0,100.0,2.0,100.0,N/A,N/A
ego_001575.txt,4.0,4.0,100.0,4.0,100.0,4.0,100.0,4.0,100.0,N/A,N/A
er_001575.txt,5.0,5.0,100.0,5.0,100.0,5.0,100.0,5.0,100.0,N/A,N/A
scale_free_001575.txt,1.0,1.0,100.0,1.0,100.0,1.0,100.0,1.0,100.0,N/A,N/A
ego_001576.txt,4.0,4.0,100.0,4.0,100.0,4.0,100.0,4.0,100.0,N/A,N/A
er_001576.txt,1.0,1.0,100.0,1.0,100.0,1.0,100.0,1.0,100.0,N/A,N/A
scale_free_001576.txt,1.0,1.0,100.0,1.0,100.0,1.0,100.0,1.0,100.0,N/A,N/A
ego_001577.txt,0.0,0.0,100.0,0.0,100.0,0.0,100.0,0.0,100.0,N/A,N/A
er_001577.txt,8.0,8.0,100.0,8.0,100.0,8.0,100.0,N/A,N/A,N/A,N/A
scale_free_001577.txt,1.0,1.0,100.0,1.0,100.0,1.0,100.0,1.0,100.0,N/A,N/A
ego_001578.txt,2.0,2.0,100.0,2.0,100.0,2.0,100.0,2.0,100.0,N/A,N/A
er_001578.txt,3.0,3.0,100.0,3.0,100.0,3.0,100.0,3.0,100.0,N/A,N/A
scale_free_001578.txt,1.0,1.0,100.0,1.0,100.0,1.0,100.0,1.0,100.0,N/A,N/A
ego_001579.txt,0.0,0.0,100.0,0.0,100.0,0.0,100.0,0.0,100.0,N/A,N/A
er_001579.txt,10.0,10.0,100.0,10.0,100.0,10.0,100.0,N/A,N/A,N/A,N/A
scale_free_001579.txt,1.0,1.0,100.0,1.0,100.0,1.0,100.0,1.0,100.0,N/A,N/A
ego_001580.txt,0.0,0.0,100.0,0.0,100.0,0.0,100.0,0.0,100.0,N/A,N/A
er_001580.txt,7.0,7.0,100.0,7.0,100.0,7.0,100.0,N/A,N/A,N/A,N/A
scale_free_001580.txt,1.0,1.0,100.0,1.0,100.0,1.0,100.0,1.0,100.0,N/A,N/A
ego_001581.txt,2.0,2.0,100.0,2.0,100.0,2.0,100.0,2.0,100.0,N/A,N/A
er_001581.txt,6.0,6.0,100.0,6.0,100.0,6.0,100.0,6.0,100.0,N/A,N/A
scale_free_001581.txt,1.0,1.0,100.0,1.0,100.0,1.0,100.0,1.0,100.0,N/A,N/A
ego_001582.txt,5.0,5.0,100.0,5.0,100.0,5.0,100.0,5.0,100.0,N/A,N/A
er_001582.txt,1.0,1.0,100.0,1.0,100.0,1.0,100.0,1.0,100.0,N/A,N/A
scale_free_001582.txt,1.0,1.0,100.0,1.0,100.0,1.0,100.0,1.0,100.0,N/A,N/A
ego_001583.txt,0.0,0.0,100.0,0.0,100.0,0.0,100.0,0.0,100.0,N/A,N/A
er_001583.txt,15.0,N/A,N/A,15.0,100.0,15.0,100.0,N/A,N/A,N/A,N/A
scale_free_001583.txt,1.0,1.0,100.0,1.0,100.0,1.0,100.0,1.0,100.0,N/A,N/A
ego_001584.txt,12.0,12.0,100.0,12.0,100.0,12.0,100.0,N/A,N/A,N/A,N/A
er_001584.txt,6.0,6.0,100.0,6.0,100.0,6.0,100.0,6.0,100.0,N/A,N/A
scale_free_001584.txt,2.0,2.0,100.0,2.0,100.0,2.0,100.0,2.0,100.0,N/A,N/A
ego_001585.txt,2.0,2.0,100.0,2.0,100.0,2.0,100.0,2.0,100.0,N/A,N/A
er_001585.txt,5.0,5.0,100.0,5.0,100.0,5.0,100.0,5.0,100.0,N/A,N/A
scale_free_001585.txt,1.0,1.0,100.0,1.0,100.0,1.0,100.0,1.0,100.0,N/A,N/A
ego_001586.txt,3.0,3.0,100.0,3.0,100.0,3.0,100.0,3.0,100.0,N/A,N/A
er_001586.txt,5.0,5.0,100.0,5.0,100.0,5.0,100.0,5.0,100.0,N/A,N/A
scale_free_001586.txt,2.0,2.0,100.0,2.0,100.0,2.0,100.0,2.0,100.0,N/A,N/A
ego_001587.txt,8.0,8.0,100.0,8.0,100.0,8.0,100.0,N/A,N/A,N/A,N/A
er_001587.txt,16.0,N/A,N/A,16.0,100.0,16.0,100.0,N/A,N/A,N/A,N/A
scale_free_001587.txt,1.0,1.0,100.0,1.0,100.0,1.0,100.0,1.0,100.0,N/A,N/A
ego_001588.txt,2.0,2.0,100.0,2.0,100.0,2.0,100.0,2.0,100.0,N/A,N/A
er_001588.txt,8.0,8.0,100.0,8.0,100.0,8.0,100.0,8.0,100.0,N/A,N/A
scale_free_001588.txt,2.0,2.0,100.0,2.0,100.0,2.0,100.0,2.0,100.0,N/A,N/A
ego_001589.txt,4.0,4.0,100.0,4.0,100.0,4.0,100.0,4.0,100.0,N/A,N/A
er_001589.txt,14.0,N/A,N/A,14.0,100.0,14.0,100.0,N/A,N/A,N/A,N/A
scale_free_001589.txt,1.0,1.0,100.0,1.0,100.0,1.0,100.0,1.0,100.0,N/A,N/A
ego_001590.txt,10.0,10.0,100.0,10.0,100.0,10.0,100.0,N/A,N/A,N/A,N/A
er_001590.txt,1.0,1.0,100.0,1.0,100.0,1.0,100.0,1.0,100.0,N/A,N/A
scale_free_001590.txt,1.0,1.0,100.0,1.0,100.0,1.0,100.0,1.0,100.0,N/A,N/A
ego_001591.txt,3.0,3.0,100.0,3.0,100.0,3.0,100.0,3.0,100.0,N/A,N/A
er_001591.txt,15.0,N/A,N/A,15.0,100.0,16.0,93.75,N/A,N/A,N/A,N/A
scale_free_001591.txt,1.0,1.0,100.0,1.0,100.0,1.0,100.0,1.0,100.0,N/A,N/A
ego_001592.txt,10.0,10.0,100.0,10.0,100.0,10.0,100.0,N/A,N/A,N/A,N/A
er_001592.txt,2.0,2.0,100.0,2.0,100.0,2.0,100.0,2.0,100.0,N/A,N/A
scale_free_001592.txt,1.0,1.0,100.0,1.0,100.0,1.0,100.0,1.0,100.0,N/A,N/A
ego_001593.txt,2.0,2.0,100.0,2.0,100.0,2.0,100.0,2.0,100.0,N/A,N/A
er_001593.txt,3.0,3.0,100.0,3.0,100.0,3.0,100.0,3.0,100.0,N/A,N/A
scale_free_001593.txt,1.0,1.0,100.0,1.0,100.0,1.0,100.0,1.0,100.0,N/A,N/A
ego_001594.txt,8.0,8.0,100.0,8.0,100.0,8.0,100.0,N/A,N/A,N/A,N/A
er_001594.txt,8.0,8.0,100.0,8.0,100.0,8.0,100.0,8.0,100.0,N/A,N/A
scale_free_001594.txt,1.0,1.0,100.0,1.0,100.0,1.0,100.0,1.0,100.0,N/A,N/A
ego_001595.txt,5.0,5.0,100.0,5.0,100.0,5.0,100.0,5.0,100.0,N/A,N/A
er_001595.txt,17.0,N/A,N/A,17.0,100.0,17.0,100.0,N/A,N/A,N/A,N/A
scale_free_001595.txt,1.0,1.0,100.0,1.0,100.0,1.0,100.0,1.0,100.0,N/A,N/A
ego_001596.txt,12.0,12.0,100.0,12.0,100.0,12.0,100.0,N/A,N/A,N/A,N/A
er_001596.txt,5.0,5.0,100.0,5.0,100.0,5.0,100.0,5.0,100.0,N/A,N/A
scale_free_001596.txt,1.0,1.0,100.0,1.0,100.0,1.0,100.0,1.0,100.0,N/A,N/A
ego_001597.txt,3.0,3.0,100.0,3.0,100.0,3.0,100.0,3.0,100.0,N/A,N/A
er_001597.txt,7.0,7.0,100.0,7.0,100.0,7.0,100.0,N/A,N/A,N/A,N/A
scale_free_001597.txt,1.0,1.0,100.0,1.0,100.0,1.0,100.0,1.0,100.0,N/A,N/A
ego_001598.txt,3.0,3.0,100.0,3.0,100.0,3.0,100.0,3.0,100.0,N/A,N/A
er_001598.txt,11.0,11.0,100.0,11.0,100.0,11.0,100.0,N/A,N/A,N/A,N/A
scale_free_001598.txt,2.0,2.0,100.0,2.0,100.0,2.0,100.0,2.0,100.0,N/A,N/A
ego_001599.txt,0.0,0.0,100.0,0.0,100.0,0.0,100.0,0.0,100.0,N/A,N/A
er_001599.txt,8.0,8.0,100.0,8.0,100.0,8.0,100.0,8.0,100.0,N/A,N/A
scale_free_001599.txt,1.0,1.0,100.0,1.0,100.0,1.0,100.0,1.0,100.0,N/A,N/A
ego_001600.txt,3.0,3.0,100.0,3.0,100.0,3.0,100.0,3.0,100.0,N/A,N/A
er_001600.txt,3.0,3.0,100.0,3.0,100.0,3.0,100.0,3.0,100.0,N/A,N/A
scale_free_001600.txt,1.0,1.0,100.0,1.0,100.0,1.0,100.0,1.0,100.0,N/A,N/A
ego_001601.txt,5.0,5.0,100.0,5.0,100.0,5.0,100.0,5.0,100.0,N/A,N/A
er_001601.txt,2.0,2.0,100.0,2.0,100.0,2.0,100.0,2.0,100.0,N/A,N/A
scale_free_001601.txt,1.0,1.0,100.0,1.0,100.0,1.0,100.0,1.0,100.0,N/A,N/A
ego_001602.txt,6.0,6.0,100.0,6.0,100.0,6.0,100.0,6.0,100.0,N/A,N/A
er_001602.txt,14.0,N/A,N/A,14.0,100.0,14.0,100.0,N/A,N/A,N/A,N/A
scale_free_001602.txt,1.0,1.0,100.0,1.0,100.0,1.0,100.0,1.0,100.0,N/A,N/A
ego_001603.txt,0.0,0.0,100.0,0.0,100.0,0.0,100.0,0.0,100.0,N/A,N/A
er_001603.txt,16.0,N/A,N/A,16.0,100.0,16.0,100.0,N/A,N/A,N/A,N/A
scale_free_001603.txt,1.0,1.0,100.0,1.0,100.0,1.0,100.0,1.0,100.0,N/A,N/A
ego_001604.txt,3.0,3.0,100.0,3.0,100.0,3.0,100.0,3.0,100.0,N/A,N/A
er_001604.txt,17.0,N/A,N/A,17.0,100.0,17.0,100.0,N/A,N/A,N/A,N/A
scale_free_001604.txt,2.0,2.0,100.0,2.0,100.0,2.0,100.0,2.0,100.0,N/A,N/A
ego_001605.txt,13.0,13.0,100.0,13.0,100.0,13.0,100.0,N/A,N/A,N/A,N/A
er_001605.txt,11.0,11.0,100.0,11.0,100.0,11.0,100.0,N/A,N/A,N/A,N/A
scale_free_001605.txt,2.0,2.0,100.0,2.0,100.0,2.0,100.0,2.0,100.0,N/A,N/A
ego_001606.txt,4.0,4.0,100.0,4.0,100.0,4.0,100.0,4.0,100.0,N/A,N/A
er_001606.txt,4.0,4.0,100.0,4.0,100.0,4.0,100.0,4.0,100.0,N/A,N/A
scale_free_001606.txt,2.0,2.0,100.0,2.0,100.0,2.0,100.0,2.0,100.0,N/A,N/A
ego_001607.txt,10.0,10.0,100.0,10.0,100.0,10.0,100.0,N/A,N/A,N/A,N/A
er_001607.txt,5.0,5.0,100.0,5.0,100.0,5.0,100.0,5.0,100.0,N/A,N/A
scale_free_001607.txt,1.0,1.0,100.0,1.0,100.0,1.0,100.0,1.0,100.0,N/A,N/A
ego_001608.txt,1.0,1.0,100.0,1.0,100.0,1.0,100.0,1.0,100.0,N/A,N/A
er_001608.txt,4.0,4.0,100.0,4.0,100.0,4.0,100.0,4.0,100.0,N/A,N/A
scale_free_001608.txt,1.0,1.0,100.0,1.0,100.0,1.0,100.0,1.0,100.0,N/A,N/A
ego_001609.txt,10.0,10.0,100.0,10.0,100.0,10.0,100.0,N/A,N/A,N/A,N/A
er_001609.txt,5.0,5.0,100.0,5.0,100.0,5.0,100.0,5.0,100.0,N/A,N/A
scale_free_001609.txt,1.0,1.0,100.0,1.0,100.0,1.0,100.0,1.0,100.0,N/A,N/A
ego_001610.txt,0.0,0.0,100.0,0.0,100.0,0.0,100.0,0.0,100.0,N/A,N/A
er_001610.txt,3.0,3.0,100.0,3.0,100.0,3.0,100.0,3.0,100.0,N/A,N/A
scale_free_001610.txt,1.0,1.0,100.0,1.0,100.0,1.0,100.0,1.0,100.0,N/A,N/A
ego_001611.txt,16.0,16.0,100.0,16.0,100.0,16.0,100.0,N/A,N/A,N/A,N/A
er_001611.txt,9.0,9.0,100.0,9.0,100.0,9.0,100.0,9.0,100.0,N/A,N/A
scale_free_001611.txt,1.0,1.0,100.0,1.0,100.0,1.0,100.0,1.0,100.0,N/A,N/A
ego_001612.txt,2.0,2.0,100.0,2.0,100.0,2.0,100.0,2.0,100.0,N/A,N/A
er_001612.txt,12.0,12.0,100.0,12.0,100.0,12.0,100.0,N/A,N/A,N/A,N/A
scale_free_001612.txt,1.0,1.0,100.0,1.0,100.0,1.0,100.0,1.0,100.0,N/A,N/A
ego_001613.txt,6.0,6.0,100.0,6.0,100.0,6.0,100.0,6.0,100.0,N/A,N/A
er_001613.txt,6.0,6.0,100.0,6.0,100.0,6.0,100.0,6.0,100.0,N/A,N/A
scale_free_001613.txt,1.0,1.0,100.0,1.0,100.0,1.0,100.0,1.0,100.0,N/A,N/A
ego_001614.txt,0.0,0.0,100.0,0.0,100.0,0.0,100.0,0.0,100.0,N/A,N/A
er_001614.txt,8.0,8.0,100.0,8.0,100.0,8.0,100.0,N/A,N/A,N/A,N/A
scale_free_001614.txt,2.0,2.0,100.0,2.0,100.0,2.0,100.0,2.0,100.0,N/A,N/A
ego_001615.txt,12.0,12.0,100.0,12.0,100.0,12.0,100.0,N/A,N/A,N/A,N/A
er_001615.txt,7.0,7.0,100.0,7.0,100.0,7.0,100.0,7.0,100.0,N/A,N/A
scale_free_001615.txt,2.0,2.0,100.0,2.0,100.0,2.0,100.0,2.0,100.0,N/A,N/A
ego_001616.txt,3.0,3.0,100.0,3.0,100.0,3.0,100.0,3.0,100.0,N/A,N/A
er_001616.txt,9.0,9.0,100.0,9.0,100.0,9.0,100.0,N/A,N/A,N/A,N/A
scale_free_001616.txt,2.0,2.0,100.0,2.0,100.0,2.0,100.0,2.0,100.0,N/A,N/A
ego_001617.txt,10.0,10.0,100.0,10.0,100.0,10.0,100.0,N/A,N/A,N/A,N/A
er_001617.txt,8.0,8.0,100.0,8.0,100.0,9.0,88.8889,N/A,N/A,N/A,N/A
scale_free_001617.txt,1.0,1.0,100.0,1.0,100.0,1.0,100.0,1.0,100.0,N/A,N/A
ego_001618.txt,1.0,1.0,100.0,1.0,100.0,1.0,100.0,1.0,100.0,N/A,N/A
er_001618.txt,5.0,5.0,100.0,5.0,100.0,5.0,100.0,5.0,100.0,N/A,N/A
scale_free_001618.txt,1.0,1.0,100.0,1.0,100.0,1.0,100.0,1.0,100.0,N/A,N/A
ego_001619.txt,0.0,0.0,100.0,0.0,100.0,0.0,100.0,0.0,100.0,N/A,N/A
er_001619.txt,19.0,N/A,N/A,19.0,100.0,19.0,100.0,N/A,N/A,N/A,N/A
scale_free_001619.txt,3.0,3.0,100.0,3.0,100.0,3.0,100.0,3.0,100.0,N/A,N/A
ego_001620.txt,2.0,2.0,100.0,2.0,100.0,2.0,100.0,2.0,100.0,N/A,N/A
er_001620.txt,15.0,N/A,N/A,N/A,N/A,15.0,100.0,N/A,N/A,N/A,N/A
scale_free_001620.txt,1.0,1.0,100.0,1.0,100.0,1.0,100.0,1.0,100.0,N/A,N/A
ego_001621.txt,2.0,2.0,100.0,2.0,100.0,2.0,100.0,2.0,100.0,N/A,N/A
er_001621.txt,14.0,N/A,N/A,N/A,N/A,14.0,100.0,N/A,N/A,N/A,N/A
scale_free_001621.txt,1.0,1.0,100.0,1.0,100.0,1.0,100.0,1.0,100.0,N/A,N/A
ego_001622.txt,4.0,4.0,100.0,4.0,100.0,4.0,100.0,4.0,100.0,N/A,N/A
er_001622.txt,4.0,4.0,100.0,4.0,100.0,4.0,100.0,4.0,100.0,N/A,N/A
scale_free_001622.txt,2.0,2.0,100.0,2.0,100.0,2.0,100.0,2.0,100.0,N/A,N/A
ego_001623.txt,0.0,0.0,100.0,0.0,100.0,0.0,100.0,0.0,100.0,N/A,N/A
er_001623.txt,2.0,2.0,100.0,2.0,100.0,2.0,100.0,2.0,100.0,N/A,N/A
scale_free_001623.txt,1.0,1.0,100.0,1.0,100.0,1.0,100.0,1.0,100.0,N/A,N/A
ego_001624.txt,8.0,8.0,100.0,8.0,100.0,8.0,100.0,8.0,100.0,N/A,N/A
er_001624.txt,8.0,8.0,100.0,8.0,100.0,8.0,100.0,8.0,100.0,N/A,N/A
scale_free_001624.txt,2.0,2.0,100.0,2.0,100.0,2.0,100.0,2.0,100.0,N/A,N/A
ego_001625.txt,23.0,N/A,N/A,23.0,100.0,23.0,100.0,N/A,N/A,N/A,N/A
er_001625.txt,9.0,9.0,100.0,9.0,100.0,9.0,100.0,9.0,100.0,N/A,N/A
scale_free_001625.txt,1.0,1.0,100.0,1.0,100.0,1.0,100.0,1.0,100.0,N/A,N/A
ego_001626.txt,4.0,4.0,100.0,4.0,100.0,4.0,100.0,4.0,100.0,N/A,N/A
er_001626.txt,4.0,4.0,100.0,4.0,100.0,4.0,100.0,4.0,100.0,N/A,N/A
scale_free_001626.txt,2.0,2.0,100.0,2.0,100.0,2.0,100.0,2.0,100.0,N/A,N/A
ego_001627.txt,2.0,2.0,100.0,2.0,100.0,2.0,100.0,2.0,100.0,N/A,N/A
er_001627.txt,3.0,3.0,100.0,3.0,100.0,3.0,100.0,3.0,100.0,N/A,N/A
scale_free_001627.txt,1.0,1.0,100.0,1.0,100.0,1.0,100.0,1.0,100.0,N/A,N/A
ego_001628.txt,7.0,7.0,100.0,7.0,100.0,7.0,100.0,N/A,N/A,N/A,N/A
er_001628.txt,3.0,3.0,100.0,3.0,100.0,3.0,100.0,3.0,100.0,N/A,N/A
scale_free_001628.txt,1.0,1.0,100.0,1.0,100.0,1.0,100.0,1.0,100.0,N/A,N/A
ego_001629.txt,0.0,0.0,100.0,0.0,100.0,0.0,100.0,0.0,100.0,N/A,N/A
er_001629.txt,13.0,13.0,100.0,13.0,100.0,13.0,100.0,N/A,N/A,N/A,N/A
scale_free_001629.txt,2.0,2.0,100.0,2.0,100.0,2.0,100.0,2.0,100.0,N/A,N/A
ego_001630.txt,0.0,0.0,100.0,0.0,100.0,0.0,100.0,0.0,100.0,N/A,N/A
er_001630.txt,4.0,4.0,100.0,4.0,100.0,4.0,100.0,4.0,100.0,N/A,N/A
scale_free_001630.txt,1.0,1.0,100.0,1.0,100.0,1.0,100.0,1.0,100.0,N/A,N/A
ego_001631.txt,0.0,0.0,100.0,0.0,100.0,0.0,100.0,0.0,100.0,N/A,N/A
er_001631.txt,13.0,N/A,N/A,13.0,100.0,13.0,100.0,N/A,N/A,N/A,N/A
scale_free_001631.txt,2.0,2.0,100.0,2.0,100.0,2.0,100.0,2.0,100.0,N/A,N/A
ego_001632.txt,11.0,11.0,100.0,11.0,100.0,11.0,100.0,N/A,N/A,N/A,N/A
er_001632.txt,3.0,3.0,100.0,3.0,100.0,3.0,100.0,3.0,100.0,N/A,N/A
scale_free_001632.txt,1.0,1.0,100.0,1.0,100.0,1.0,100.0,1.0,100.0,N/A,N/A
ego_001633.txt,4.0,4.0,100.0,4.0,100.0,4.0,100.0,4.0,100.0,N/A,N/A
er_001633.txt,3.0,3.0,100.0,3.0,100.0,3.0,100.0,3.0,100.0,N/A,N/A
scale_free_001633.txt,1.0,1.0,100.0,1.0,100.0,1.0,100.0,1.0,100.0,N/A,N/A
ego_001634.txt,6.0,6.0,100.0,6.0,100.0,6.0,100.0,6.0,100.0,N/A,N/A
er_001634.txt,10.0,10.0,100.0,10.0,100.0,10.0,100.0,N/A,N/A,N/A,N/A
scale_free_001634.txt,1.0,1.0,100.0,1.0,100.0,1.0,100.0,1.0,100.0,N/A,N/A
ego_001635.txt,4.0,4.0,100.0,4.0,100.0,4.0,100.0,4.0,100.0,N/A,N/A
er_001635.txt,1.0,1.0,100.0,1.0,100.0,1.0,100.0,1.0,100.0,N/A,N/A
scale_free_001635.txt,2.0,2.0,100.0,2.0,100.0,2.0,100.0,2.0,100.0,N/A,N/A
ego_001636.txt,9.0,9.0,100.0,9.0,100.0,9.0,100.0,N/A,N/A,N/A,N/A
er_001636.txt,1.0,1.0,100.0,1.0,100.0,1.0,100.0,1.0,100.0,N/A,N/A
scale_free_001636.txt,1.0,1.0,100.0,1.0,100.0,1.0,100.0,1.0,100.0,N/A,N/A
ego_001637.txt,2.0,2.0,100.0,2.0,100.0,2.0,100.0,2.0,100.0,N/A,N/A
er_001637.txt,11.0,11.0,100.0,11.0,100.0,11.0,100.0,N/A,N/A,N/A,N/A
scale_free_001637.txt,2.0,2.0,100.0,2.0,100.0,2.0,100.0,2.0,100.0,N/A,N/A
ego_001638.txt,0.0,0.0,100.0,0.0,100.0,0.0,100.0,0.0,100.0,N/A,N/A
er_001638.txt,14.0,N/A,N/A,14.0,100.0,14.0,100.0,N/A,N/A,N/A,N/A
scale_free_001638.txt,2.0,2.0,100.0,2.0,100.0,2.0,100.0,2.0,100.0,N/A,N/A
ego_001639.txt,8.0,8.0,100.0,8.0,100.0,8.0,100.0,8.0,100.0,N/A,N/A
er_001639.txt,12.0,N/A,N/A,12.0,100.0,13.0,92.3077,N/A,N/A,N/A,N/A
scale_free_001639.txt,1.0,1.0,100.0,1.0,100.0,1.0,100.0,1.0,100.0,N/A,N/A
ego_001640.txt,4.0,4.0,100.0,4.0,100.0,4.0,100.0,4.0,100.0,N/A,N/A
er_001640.txt,6.0,6.0,100.0,6.0,100.0,6.0,100.0,6.0,100.0,N/A,N/A
scale_free_001640.txt,1.0,1.0,100.0,1.0,100.0,1.0,100.0,1.0,100.0,N/A,N/A
ego_001641.txt,4.0,4.0,100.0,4.0,100.0,4.0,100.0,4.0,100.0,N/A,N/A
er_001641.txt,10.0,N/A,N/A,10.0,100.0,10.0,100.0,N/A,N/A,N/A,N/A
scale_free_001641.txt,1.0,1.0,100.0,1.0,100.0,1.0,100.0,1.0,100.0,N/A,N/A
ego_001642.txt,9.0,9.0,100.0,9.0,100.0,9.0,100.0,N/A,N/A,N/A,N/A
er_001642.txt,11.0,N/A,N/A,11.0,100.0,11.0,100.0,N/A,N/A,N/A,N/A
scale_free_001642.txt,2.0,2.0,100.0,2.0,100.0,2.0,100.0,2.0,100.0,N/A,N/A
ego_001643.txt,1.0,1.0,100.0,1.0,100.0,1.0,100.0,1.0,100.0,N/A,N/A
er_001643.txt,3.0,3.0,100.0,3.0,100.0,3.0,100.0,3.0,100.0,N/A,N/A
scale_free_001643.txt,1.0,1.0,100.0,1.0,100.0,1.0,100.0,1.0,100.0,N/A,N/A
ego_001644.txt,3.0,3.0,100.0,3.0,100.0,3.0,100.0,3.0,100.0,N/A,N/A
er_001644.txt,9.0,9.0,100.0,9.0,100.0,9.0,100.0,N/A,N/A,N/A,N/A
scale_free_001644.txt,1.0,1.0,100.0,1.0,100.0,1.0,100.0,1.0,100.0,N/A,N/A
ego_001645.txt,3.0,3.0,100.0,3.0,100.0,3.0,100.0,3.0,100.0,N/A,N/A
er_001645.txt,4.0,4.0,100.0,4.0,100.0,4.0,100.0,4.0,100.0,N/A,N/A
scale_free_001645.txt,2.0,2.0,100.0,2.0,100.0,2.0,100.0,2.0,100.0,N/A,N/A
ego_001646.txt,0.0,0.0,100.0,0.0,100.0,0.0,100.0,0.0,100.0,N/A,N/A
er_001646.txt,4.0,4.0,100.0,4.0,100.0,4.0,100.0,4.0,100.0,N/A,N/A
scale_free_001646.txt,1.0,1.0,100.0,1.0,100.0,1.0,100.0,1.0,100.0,N/A,N/A
ego_001647.txt,3.0,3.0,100.0,3.0,100.0,3.0,100.0,3.0,100.0,N/A,N/A
er_001647.txt,11.0,11.0,100.0,11.0,100.0,11.0,100.0,N/A,N/A,N/A,N/A
scale_free_001647.txt,1.0,1.0,100.0,1.0,100.0,1.0,100.0,1.0,100.0,N/A,N/A
ego_001648.txt,2.0,2.0,100.0,2.0,100.0,2.0,100.0,2.0,100.0,N/A,N/A
er_001648.txt,6.0,6.0,100.0,6.0,100.0,6.0,100.0,6.0,100.0,N/A,N/A
scale_free_001648.txt,1.0,1.0,100.0,1.0,100.0,1.0,100.0,1.0,100.0,N/A,N/A
ego_001649.txt,12.0,12.0,100.0,12.0,100.0,12.0,100.0,12.0,100.0,N/A,N/A
er_001649.txt,11.0,N/A,N/A,11.0,100.0,11.0,100.0,N/A,N/A,N/A,N/A
scale_free_001649.txt,1.0,1.0,100.0,1.0,100.0,1.0,100.0,1.0,100.0,N/A,N/A
ego_001650.txt,11.0,11.0,100.0,11.0,100.0,11.0,100.0,N/A,N/A,N/A,N/A
er_001650.txt,4.0,4.0,100.0,4.0,100.0,4.0,100.0,4.0,100.0,N/A,N/A
scale_free_001650.txt,1.0,1.0,100.0,1.0,100.0,1.0,100.0,1.0,100.0,N/A,N/A
ego_001651.txt,1.0,1.0,100.0,1.0,100.0,1.0,100.0,1.0,100.0,N/A,N/A
er_001651.txt,8.0,8.0,100.0,8.0,100.0,8.0,100.0,8.0,100.0,N/A,N/A
scale_free_001651.txt,1.0,1.0,100.0,1.0,100.0,1.0,100.0,1.0,100.0,N/A,N/A
ego_001652.txt,9.0,9.0,100.0,9.0,100.0,9.0,100.0,N/A,N/A,N/A,N/A
er_001652.txt,1.0,1.0,100.0,1.0,100.0,1.0,100.0,1.0,100.0,N/A,N/A
scale_free_001652.txt,1.0,1.0,100.0,1.0,100.0,1.0,100.0,1.0,100.0,N/A,N/A
ego_001653.txt,11.0,11.0,100.0,11.0,100.0,11.0,100.0,N/A,N/A,N/A,N/A
er_001653.txt,4.0,4.0,100.0,4.0,100.0,4.0,100.0,4.0,100.0,N/A,N/A
scale_free_001653.txt,1.0,1.0,100.0,1.0,100.0,1.0,100.0,1.0,100.0,N/A,N/A
ego_001654.txt,0.0,0.0,100.0,0.0,100.0,0.0,100.0,0.0,100.0,N/A,N/A
er_001654.txt,6.0,6.0,100.0,6.0,100.0,6.0,100.0,6.0,100.0,N/A,N/A
scale_free_001654.txt,1.0,1.0,100.0,1.0,100.0,1.0,100.0,1.0,100.0,N/A,N/A
ego_001655.txt,7.0,7.0,100.0,7.0,100.0,7.0,100.0,7.0,100.0,N/A,N/A
er_001655.txt,4.0,4.0,100.0,4.0,100.0,4.0,100.0,4.0,100.0,N/A,N/A
scale_free_001655.txt,1.0,1.0,100.0,1.0,100.0,1.0,100.0,1.0,100.0,N/A,N/A
ego_001656.txt,2.0,2.0,100.0,2.0,100.0,2.0,100.0,2.0,100.0,N/A,N/A
er_001656.txt,9.0,9.0,100.0,9.0,100.0,9.0,100.0,9.0,100.0,N/A,N/A
scale_free_001656.txt,2.0,2.0,100.0,2.0,100.0,2.0,100.0,2.0,100.0,N/A,N/A
ego_001657.txt,4.0,4.0,100.0,4.0,100.0,4.0,100.0,4.0,100.0,N/A,N/A
er_001657.txt,3.0,3.0,100.0,3.0,100.0,3.0,100.0,3.0,100.0,N/A,N/A
scale_free_001657.txt,1.0,1.0,100.0,1.0,100.0,1.0,100.0,1.0,100.0,N/A,N/A
ego_001658.txt,9.0,9.0,100.0,9.0,100.0,9.0,100.0,N/A,N/A,N/A,N/A
er_001658.txt,10.0,10.0,100.0,10.0,100.0,10.0,100.0,10.0,100.0,N/A,N/A
scale_free_001658.txt,1.0,1.0,100.0,1.0,100.0,1.0,100.0,1.0,100.0,N/A,N/A
ego_001659.txt,12.0,12.0,100.0,12.0,100.0,12.0,100.0,N/A,N/A,N/A,N/A
er_001659.txt,3.0,3.0,100.0,3.0,100.0,3.0,100.0,3.0,100.0,N/A,N/A
scale_free_001659.txt,1.0,1.0,100.0,1.0,100.0,1.0,100.0,1.0,100.0,N/A,N/A
ego_001660.txt,5.0,5.0,100.0,5.0,100.0,5.0,100.0,5.0,100.0,N/A,N/A
er_001660.txt,3.0,3.0,100.0,3.0,100.0,3.0,100.0,3.0,100.0,N/A,N/A
scale_free_001660.txt,1.0,1.0,100.0,1.0,100.0,1.0,100.0,1.0,100.0,N/A,N/A
ego_001661.txt,1.0,1.0,100.0,1.0,100.0,1.0,100.0,1.0,100.0,N/A,N/A
er_001661.txt,9.0,9.0,100.0,9.0,100.0,9.0,100.0,9.0,100.0,N/A,N/A
scale_free_001661.txt,1.0,1.0,100.0,1.0,100.0,1.0,100.0,1.0,100.0,N/A,N/A
ego_001662.txt,4.0,4.0,100.0,4.0,100.0,4.0,100.0,4.0,100.0,N/A,N/A
er_001662.txt,9.0,9.0,100.0,9.0,100.0,9.0,100.0,9.0,100.0,N/A,N/A
scale_free_001662.txt,3.0,3.0,100.0,3.0,100.0,3.0,100.0,3.0,100.0,N/A,N/A
ego_001663.txt,2.0,2.0,100.0,2.0,100.0,2.0,100.0,2.0,100.0,N/A,N/A
er_001663.txt,7.0,7.0,100.0,7.0,100.0,7.0,100.0,7.0,100.0,N/A,N/A
scale_free_001663.txt,1.0,1.0,100.0,1.0,100.0,1.0,100.0,1.0,100.0,N/A,N/A
ego_001664.txt,1.0,1.0,100.0,1.0,100.0,1.0,100.0,1.0,100.0,N/A,N/A
er_001664.txt,11.0,11.0,100.0,11.0,100.0,11.0,100.0,11.0,100.0,N/A,N/A
scale_free_001664.txt,1.0,1.0,100.0,1.0,100.0,1.0,100.0,1.0,100.0,N/A,N/A
ego_001665.txt,11.0,11.0,100.0,11.0,100.0,11.0,100.0,N/A,N/A,N/A,N/A
er_001665.txt,5.0,5.0,100.0,5.0,100.0,5.0,100.0,5.0,100.0,N/A,N/A
scale_free_001665.txt,1.0,1.0,100.0,1.0,100.0,1.0,100.0,1.0,100.0,N/A,N/A
ego_001666.txt,0.0,0.0,100.0,0.0,100.0,0.0,100.0,0.0,100.0,N/A,N/A
er_001666.txt,15.0,N/A,N/A,15.0,100.0,15.0,100.0,N/A,N/A,N/A,N/A
scale_free_001666.txt,1.0,1.0,100.0,1.0,100.0,1.0,100.0,1.0,100.0,N/A,N/A
ego_001667.txt,5.0,5.0,100.0,5.0,100.0,5.0,100.0,5.0,100.0,N/A,N/A
er_001667.txt,11.0,11.0,100.0,11.0,100.0,11.0,100.0,N/A,N/A,N/A,N/A
scale_free_001667.txt,2.0,2.0,100.0,2.0,100.0,2.0,100.0,2.0,100.0,N/A,N/A
ego_001668.txt,11.0,11.0,100.0,11.0,100.0,11.0,100.0,N/A,N/A,N/A,N/A
er_001668.txt,12.0,N/A,N/A,12.0,100.0,12.0,100.0,N/A,N/A,N/A,N/A
scale_free_001668.txt,2.0,2.0,100.0,2.0,100.0,2.0,100.0,2.0,100.0,N/A,N/A
ego_001669.txt,10.0,10.0,100.0,10.0,100.0,10.0,100.0,N/A,N/A,N/A,N/A
er_001669.txt,8.0,8.0,100.0,8.0,100.0,8.0,100.0,N/A,N/A,N/A,N/A
scale_free_001669.txt,1.0,1.0,100.0,1.0,100.0,1.0,100.0,1.0,100.0,N/A,N/A
ego_001670.txt,9.0,9.0,100.0,9.0,100.0,9.0,100.0,N/A,N/A,N/A,N/A
er_001670.txt,7.0,7.0,100.0,7.0,100.0,7.0,100.0,7.0,100.0,N/A,N/A
scale_free_001670.txt,1.0,1.0,100.0,1.0,100.0,1.0,100.0,1.0,100.0,N/A,N/A
ego_001671.txt,5.0,5.0,100.0,5.0,100.0,5.0,100.0,5.0,100.0,N/A,N/A
er_001671.txt,4.0,4.0,100.0,4.0,100.0,4.0,100.0,4.0,100.0,N/A,N/A
scale_free_001671.txt,2.0,2.0,100.0,2.0,100.0,2.0,100.0,2.0,100.0,N/A,N/A
ego_001672.txt,2.0,2.0,100.0,2.0,100.0,2.0,100.0,2.0,100.0,N/A,N/A
er_001672.txt,7.0,7.0,100.0,7.0,100.0,7.0,100.0,7.0,100.0,N/A,N/A
scale_free_001672.txt,1.0,1.0,100.0,1.0,100.0,1.0,100.0,1.0,100.0,N/A,N/A
ego_001673.txt,5.0,5.0,100.0,5.0,100.0,5.0,100.0,5.0,100.0,N/A,N/A
er_001673.txt,15.0,N/A,N/A,15.0,100.0,15.0,100.0,N/A,N/A,N/A,N/A
scale_free_001673.txt,1.0,1.0,100.0,1.0,100.0,1.0,100.0,1.0,100.0,N/A,N/A
ego_001674.txt,2.0,2.0,100.0,2.0,100.0,2.0,100.0,2.0,100.0,N/A,N/A
er_001674.txt,2.0,2.0,100.0,2.0,100.0,2.0,100.0,2.0,100.0,N/A,N/A
scale_free_001674.txt,1.0,1.0,100.0,1.0,100.0,1.0,100.0,1.0,100.0,N/A,N/A
ego_001675.txt,4.0,4.0,100.0,4.0,100.0,4.0,100.0,4.0,100.0,N/A,N/A
er_001675.txt,7.0,7.0,100.0,7.0,100.0,7.0,100.0,7.0,100.0,N/A,N/A
scale_free_001675.txt,1.0,1.0,100.0,1.0,100.0,1.0,100.0,1.0,100.0,N/A,N/A
ego_001676.txt,0.0,0.0,100.0,0.0,100.0,0.0,100.0,0.0,100.0,N/A,N/A
er_001676.txt,10.0,N/A,N/A,10.0,100.0,11.0,90.9091,N/A,N/A,N/A,N/A
scale_free_001676.txt,2.0,2.0,100.0,2.0,100.0,2.0,100.0,2.0,100.0,N/A,N/A
ego_001677.txt,4.0,4.0,100.0,4.0,100.0,4.0,100.0,4.0,100.0,N/A,N/A
er_001677.txt,4.0,4.0,100.0,4.0,100.0,4.0,100.0,4.0,100.0,N/A,N/A
scale_free_001677.txt,1.0,1.0,100.0,1.0,100.0,1.0,100.0,1.0,100.0,N/A,N/A
ego_001678.txt,5.0,5.0,100.0,5.0,100.0,5.0,100.0,5.0,100.0,N/A,N/A
er_001678.txt,5.0,5.0,100.0,5.0,100.0,5.0,100.0,5.0,100.0,N/A,N/A
scale_free_001678.txt,2.0,2.0,100.0,2.0,100.0,2.0,100.0,2.0,100.0,N/A,N/A
ego_001679.txt,5.0,5.0,100.0,5.0,100.0,5.0,100.0,5.0,100.0,N/A,N/A
er_001679.txt,14.0,N/A,N/A,14.0,100.0,14.0,100.0,N/A,N/A,N/A,N/A
scale_free_001679.txt,1.0,1.0,100.0,1.0,100.0,1.0,100.0,1.0,100.0,N/A,N/A
ego_001680.txt,2.0,2.0,100.0,2.0,100.0,2.0,100.0,2.0,100.0,N/A,N/A
er_001680.txt,12.0,N/A,N/A,12.0,100.0,12.0,100.0,N/A,N/A,N/A,N/A
scale_free_001680.txt,1.0,1.0,100.0,1.0,100.0,1.0,100.0,1.0,100.0,N/A,N/A
ego_001681.txt,3.0,3.0,100.0,3.0,100.0,3.0,100.0,3.0,100.0,N/A,N/A
er_001681.txt,3.0,3.0,100.0,3.0,100.0,3.0,100.0,3.0,100.0,N/A,N/A
scale_free_001681.txt,1.0,1.0,100.0,1.0,100.0,1.0,100.0,1.0,100.0,N/A,N/A
ego_001682.txt,0.0,0.0,100.0,0.0,100.0,0.0,100.0,0.0,100.0,N/A,N/A
er_001682.txt,8.0,8.0,100.0,8.0,100.0,8.0,100.0,8.0,100.0,N/A,N/A
scale_free_001682.txt,1.0,1.0,100.0,1.0,100.0,1.0,100.0,1.0,100.0,N/A,N/A
ego_001683.txt,10.0,10.0,100.0,10.0,100.0,10.0,100.0,10.0,100.0,N/A,N/A
er_001683.txt,4.0,4.0,100.0,4.0,100.0,4.0,100.0,4.0,100.0,N/A,N/A
scale_free_001683.txt,1.0,1.0,100.0,1.0,100.0,1.0,100.0,1.0,100.0,N/A,N/A
ego_001684.txt,7.0,7.0,100.0,7.0,100.0,7.0,100.0,7.0,100.0,N/A,N/A
er_001684.txt,10.0,N/A,N/A,10.0,100.0,10.0,100.0,N/A,N/A,N/A,N/A
scale_free_001684.txt,1.0,1.0,100.0,1.0,100.0,1.0,100.0,1.0,100.0,N/A,N/A
ego_001685.txt,2.0,2.0,100.0,2.0,100.0,2.0,100.0,2.0,100.0,N/A,N/A
er_001685.txt,4.0,4.0,100.0,4.0,100.0,4.0,100.0,4.0,100.0,N/A,N/A
scale_free_001685.txt,1.0,1.0,100.0,1.0,100.0,1.0,100.0,1.0,100.0,N/A,N/A
ego_001686.txt,22.0,N/A,N/A,22.0,100.0,22.0,100.0,N/A,N/A,N/A,N/A
er_001686.txt,3.0,3.0,100.0,3.0,100.0,3.0,100.0,3.0,100.0,N/A,N/A
scale_free_001686.txt,2.0,2.0,100.0,2.0,100.0,2.0,100.0,2.0,100.0,N/A,N/A
ego_001687.txt,9.0,9.0,100.0,9.0,100.0,9.0,100.0,9.0,100.0,N/A,N/A
er_001687.txt,6.0,6.0,100.0,6.0,100.0,6.0,100.0,6.0,100.0,N/A,N/A
scale_free_001687.txt,1.0,1.0,100.0,1.0,100.0,1.0,100.0,1.0,100.0,N/A,N/A
ego_001688.txt,7.0,7.0,100.0,7.0,100.0,7.0,100.0,7.0,100.0,N/A,N/A
er_001688.txt,6.0,6.0,100.0,6.0,100.0,6.0,100.0,6.0,100.0,N/A,N/A
scale_free_001688.txt,1.0,1.0,100.0,1.0,100.0,1.0,100.0,1.0,100.0,N/A,N/A
ego_001689.txt,4.0,4.0,100.0,4.0,100.0,4.0,100.0,4.0,100.0,N/A,N/A
er_001689.txt,18.0,N/A,N/A,18.0,100.0,18.0,100.0,N/A,N/A,N/A,N/A
scale_free_001689.txt,2.0,2.0,100.0,2.0,100.0,2.0,100.0,2.0,100.0,N/A,N/A
ego_001690.txt,7.0,7.0,100.0,7.0,100.0,7.0,100.0,7.0,100.0,N/A,N/A
er_001690.txt,6.0,6.0,100.0,6.0,100.0,6.0,100.0,6.0,100.0,N/A,N/A
scale_free_001690.txt,1.0,1.0,100.0,1.0,100.0,1.0,100.0,1.0,100.0,N/A,N/A
ego_001691.txt,3.0,3.0,100.0,3.0,100.0,3.0,100.0,3.0,100.0,N/A,N/A
er_001691.txt,7.0,7.0,100.0,7.0,100.0,7.0,100.0,N/A,N/A,N/A,N/A
scale_free_001691.txt,2.0,2.0,100.0,2.0,100.0,2.0,100.0,2.0,100.0,N/A,N/A
ego_001692.txt,13.0,13.0,100.0,13.0,100.0,13.0,100.0,13.0,100.0,N/A,N/A
er_001692.txt,17.0,N/A,N/A,17.0,100.0,17.0,100.0,N/A,N/A,N/A,N/A
scale_free_001692.txt,1.0,1.0,100.0,1.0,100.0,1.0,100.0,1.0,100.0,N/A,N/A
ego_001693.txt,9.0,9.0,100.0,9.0,100.0,9.0,100.0,N/A,N/A,N/A,N/A
er_001693.txt,12.0,12.0,100.0,12.0,100.0,12.0,100.0,N/A,N/A,N/A,N/A
scale_free_001693.txt,2.0,2.0,100.0,2.0,100.0,2.0,100.0,2.0,100.0,N/A,N/A
ego_001694.txt,5.0,5.0,100.0,5.0,100.0,5.0,100.0,5.0,100.0,N/A,N/A
er_001694.txt,13.0,13.0,100.0,13.0,100.0,13.0,100.0,N/A,N/A,N/A,N/A
scale_free_001694.txt,1.0,1.0,100.0,1.0,100.0,1.0,100.0,1.0,100.0,N/A,N/A
ego_001695.txt,2.0,2.0,100.0,2.0,100.0,2.0,100.0,2.0,100.0,N/A,N/A
er_001695.txt,4.0,4.0,100.0,4.0,100.0,4.0,100.0,4.0,100.0,N/A,N/A
scale_free_001695.txt,1.0,1.0,100.0,1.0,100.0,1.0,100.0,1.0,100.0,N/A,N/A
ego_001696.txt,5.0,5.0,100.0,5.0,100.0,5.0,100.0,5.0,100.0,N/A,N/A
er_001696.txt,3.0,3.0,100.0,3.0,100.0,3.0,100.0,3.0,100.0,N/A,N/A
scale_free_001696.txt,2.0,2.0,100.0,2.0,100.0,2.0,100.0,2.0,100.0,N/A,N/A
ego_001697.txt,0.0,0.0,100.0,0.0,100.0,0.0,100.0,0.0,100.0,N/A,N/A
er_001697.txt,7.0,7.0,100.0,7.0,100.0,7.0,100.0,7.0,100.0,N/A,N/A
scale_free_001697.txt,1.0,1.0,100.0,1.0,100.0,1.0,100.0,1.0,100.0,N/A,N/A
ego_001698.txt,5.0,5.0,100.0,5.0,100.0,5.0,100.0,5.0,100.0,N/A,N/A
er_001698.txt,6.0,6.0,100.0,6.0,100.0,6.0,100.0,6.0,100.0,N/A,N/A
scale_free_001698.txt,1.0,1.0,100.0,1.0,100.0,1.0,100.0,1.0,100.0,N/A,N/A
ego_001699.txt,8.0,8.0,100.0,8.0,100.0,8.0,100.0,N/A,N/A,N/A,N/A
er_001699.txt,9.0,9.0,100.0,9.0,100.0,9.0,100.0,N/A,N/A,N/A,N/A
scale_free_001699.txt,2.0,2.0,100.0,2.0,100.0,2.0,100.0,2.0,100.0,N/A,N/A
ego_001700.txt,4.0,4.0,100.0,4.0,100.0,4.0,100.0,4.0,100.0,N/A,N/A
er_001700.txt,14.0,N/A,N/A,14.0,100.0,14.0,100.0,N/A,N/A,N/A,N/A
scale_free_001700.txt,2.0,2.0,100.0,2.0,100.0,2.0,100.0,2.0,100.0,N/A,N/A
ego_001701.txt,0.0,0.0,100.0,0.0,100.0,0.0,100.0,0.0,100.0,N/A,N/A
er_001701.txt,2.0,2.0,100.0,2.0,100.0,2.0,100.0,2.0,100.0,N/A,N/A
scale_free_001701.txt,1.0,1.0,100.0,1.0,100.0,1.0,100.0,1.0,100.0,N/A,N/A
ego_001702.txt,11.0,11.0,100.0,11.0,100.0,11.0,100.0,N/A,N/A,N/A,N/A
er_001702.txt,3.0,3.0,100.0,3.0,100.0,3.0,100.0,3.0,100.0,N/A,N/A
scale_free_001702.txt,2.0,2.0,100.0,2.0,100.0,2.0,100.0,2.0,100.0,N/A,N/A
ego_001703.txt,12.0,12.0,100.0,12.0,100.0,12.0,100.0,N/A,N/A,N/A,N/A
er_001703.txt,14.0,N/A,N/A,14.0,100.0,14.0,100.0,N/A,N/A,N/A,N/A
scale_free_001703.txt,2.0,2.0,100.0,2.0,100.0,2.0,100.0,2.0,100.0,N/A,N/A
ego_001704.txt,16.0,16.0,100.0,16.0,100.0,16.0,100.0,N/A,N/A,N/A,N/A
er_001704.txt,7.0,7.0,100.0,7.0,100.0,7.0,100.0,7.0,100.0,N/A,N/A
scale_free_001704.txt,1.0,1.0,100.0,1.0,100.0,1.0,100.0,1.0,100.0,N/A,N/A
ego_001705.txt,0.0,0.0,100.0,0.0,100.0,0.0,100.0,0.0,100.0,N/A,N/A
er_001705.txt,9.0,9.0,100.0,9.0,100.0,9.0,100.0,9.0,100.0,N/A,N/A
scale_free_001705.txt,1.0,1.0,100.0,1.0,100.0,1.0,100.0,1.0,100.0,N/A,N/A
ego_001706.txt,13.0,13.0,100.0,13.0,100.0,13.0,100.0,N/A,N/A,N/A,N/A
er_001706.txt,13.0,N/A,N/A,13.0,100.0,13.0,100.0,N/A,N/A,N/A,N/A
scale_free_001706.txt,1.0,1.0,100.0,1.0,100.0,1.0,100.0,1.0,100.0,N/A,N/A
ego_001707.txt,7.0,7.0,100.0,7.0,100.0,7.0,100.0,N/A,N/A,N/A,N/A
er_001707.txt,9.0,9.0,100.0,9.0,100.0,9.0,100.0,9.0,100.0,N/A,N/A
scale_free_001707.txt,1.0,1.0,100.0,1.0,100.0,1.0,100.0,1.0,100.0,N/A,N/A
ego_001708.txt,1.0,1.0,100.0,1.0,100.0,1.0,100.0,1.0,100.0,N/A,N/A
er_001708.txt,11.0,11.0,100.0,11.0,100.0,11.0,100.0,N/A,N/A,N/A,N/A
scale_free_001708.txt,1.0,1.0,100.0,1.0,100.0,1.0,100.0,1.0,100.0,N/A,N/A
ego_001709.txt,6.0,6.0,100.0,6.0,100.0,6.0,100.0,N/A,N/A,N/A,N/A
er_001709.txt,2.0,2.0,100.0,2.0,100.0,2.0,100.0,2.0,100.0,N/A,N/A
scale_free_001709.txt,1.0,1.0,100.0,1.0,100.0,1.0,100.0,1.0,100.0,N/A,N/A
ego_001710.txt,2.0,2.0,100.0,2.0,100.0,2.0,100.0,2.0,100.0,N/A,N/A
er_001710.txt,12.0,N/A,N/A,12.0,100.0,12.0,100.0,N/A,N/A,N/A,N/A
scale_free_001710.txt,3.0,3.0,100.0,3.0,100.0,3.0,100.0,3.0,100.0,N/A,N/A
ego_001711.txt,0.0,0.0,100.0,0.0,100.0,0.0,100.0,0.0,100.0,N/A,N/A
er_001711.txt,13.0,N/A,N/A,13.0,100.0,13.0,100.0,N/A,N/A,N/A,N/A
scale_free_001711.txt,2.0,2.0,100.0,2.0,100.0,2.0,100.0,2.0,100.0,N/A,N/A
ego_001712.txt,3.0,3.0,100.0,3.0,100.0,3.0,100.0,3.0,100.0,N/A,N/A
er_001712.txt,2.0,2.0,100.0,2.0,100.0,2.0,100.0,2.0,100.0,N/A,N/A
scale_free_001712.txt,1.0,1.0,100.0,1.0,100.0,1.0,100.0,1.0,100.0,N/A,N/A
ego_001713.txt,0.0,0.0,100.0,0.0,100.0,0.0,100.0,0.0,100.0,N/A,N/A
er_001713.txt,13.0,N/A,N/A,13.0,100.0,13.0,100.0,N/A,N/A,N/A,N/A
scale_free_001713.txt,1.0,1.0,100.0,1.0,100.0,1.0,100.0,1.0,100.0,N/A,N/A
ego_001714.txt,5.0,5.0,100.0,5.0,100.0,5.0,100.0,5.0,100.0,N/A,N/A
er_001714.txt,4.0,4.0,100.0,4.0,100.0,4.0,100.0,4.0,100.0,N/A,N/A
scale_free_001714.txt,2.0,2.0,100.0,2.0,100.0,2.0,100.0,2.0,100.0,N/A,N/A
ego_001715.txt,4.0,4.0,100.0,4.0,100.0,4.0,100.0,4.0,100.0,N/A,N/A
er_001715.txt,14.0,N/A,N/A,14.0,100.0,15.0,93.3333,N/A,N/A,N/A,N/A
scale_free_001715.txt,1.0,1.0,100.0,1.0,100.0,1.0,100.0,1.0,100.0,N/A,N/A
ego_001716.txt,6.0,6.0,100.0,6.0,100.0,6.0,100.0,6.0,100.0,N/A,N/A
er_001716.txt,7.0,7.0,100.0,7.0,100.0,7.0,100.0,7.0,100.0,N/A,N/A
scale_free_001716.txt,2.0,2.0,100.0,2.0,100.0,2.0,100.0,2.0,100.0,N/A,N/A
ego_001717.txt,8.0,8.0,100.0,8.0,100.0,8.0,100.0,8.0,100.0,N/A,N/A
er_001717.txt,13.0,N/A,N/A,13.0,100.0,14.0,92.8571,N/A,N/A,N/A,N/A
scale_free_001717.txt,1.0,1.0,100.0,1.0,100.0,1.0,100.0,1.0,100.0,N/A,N/A
ego_001718.txt,0.0,0.0,100.0,0.0,100.0,0.0,100.0,0.0,100.0,N/A,N/A
er_001718.txt,9.0,9.0,100.0,9.0,100.0,9.0,100.0,N/A,N/A,N/A,N/A
scale_free_001718.txt,1.0,1.0,100.0,1.0,100.0,1.0,100.0,1.0,100.0,N/A,N/A
ego_001719.txt,3.0,3.0,100.0,3.0,100.0,3.0,100.0,3.0,100.0,N/A,N/A
er_001719.txt,12.0,N/A,N/A,12.0,100.0,13.0,92.3077,N/A,N/A,N/A,N/A
scale_free_001719.txt,2.0,2.0,100.0,2.0,100.0,2.0,100.0,2.0,100.0,N/A,N/A
ego_001720.txt,0.0,0.0,100.0,0.0,100.0,0.0,100.0,0.0,100.0,N/A,N/A
er_001720.txt,16.0,N/A,N/A,16.0,100.0,16.0,100.0,N/A,N/A,N/A,N/A
scale_free_001720.txt,1.0,1.0,100.0,1.0,100.0,1.0,100.0,1.0,100.0,N/A,N/A
ego_001721.txt,12.0,12.0,100.0,12.0,100.0,12.0,100.0,N/A,N/A,N/A,N/A
er_001721.txt,8.0,8.0,100.0,8.0,100.0,8.0,100.0,N/A,N/A,N/A,N/A
scale_free_001721.txt,1.0,1.0,100.0,1.0,100.0,1.0,100.0,1.0,100.0,N/A,N/A
ego_001722.txt,2.0,2.0,100.0,2.0,100.0,2.0,100.0,2.0,100.0,N/A,N/A
er_001722.txt,19.0,N/A,N/A,19.0,100.0,19.0,100.0,N/A,N/A,N/A,N/A
scale_free_001722.txt,2.0,2.0,100.0,2.0,100.0,2.0,100.0,2.0,100.0,N/A,N/A
ego_001723.txt,7.0,7.0,100.0,7.0,100.0,7.0,100.0,7.0,100.0,N/A,N/A
er_001723.txt,3.0,3.0,100.0,3.0,100.0,3.0,100.0,3.0,100.0,N/A,N/A
scale_free_001723.txt,1.0,1.0,100.0,1.0,100.0,1.0,100.0,1.0,100.0,N/A,N/A
ego_001724.txt,8.0,8.0,100.0,8.0,100.0,8.0,100.0,N/A,N/A,N/A,N/A
er_001724.txt,9.0,9.0,100.0,9.0,100.0,9.0,100.0,9.0,100.0,N/A,N/A
scale_free_001724.txt,1.0,1.0,100.0,1.0,100.0,1.0,100.0,1.0,100.0,N/A,N/A
ego_001725.txt,10.0,10.0,100.0,10.0,100.0,10.0,100.0,N/A,N/A,N/A,N/A
er_001725.txt,11.0,11.0,100.0,11.0,100.0,11.0,100.0,11.0,100.0,N/A,N/A
scale_free_001725.txt,1.0,1.0,100.0,1.0,100.0,1.0,100.0,1.0,100.0,N/A,N/A
ego_001726.txt,4.0,4.0,100.0,4.0,100.0,4.0,100.0,4.0,100.0,N/A,N/A
er_001726.txt,13.0,N/A,N/A,13.0,100.0,13.0,100.0,N/A,N/A,N/A,N/A
scale_free_001726.txt,1.0,1.0,100.0,1.0,100.0,1.0,100.0,1.0,100.0,N/A,N/A
ego_001727.txt,10.0,10.0,100.0,10.0,100.0,10.0,100.0,N/A,N/A,N/A,N/A
er_001727.txt,1.0,1.0,100.0,1.0,100.0,1.0,100.0,1.0,100.0,N/A,N/A
scale_free_001727.txt,1.0,1.0,100.0,1.0,100.0,1.0,100.0,1.0,100.0,N/A,N/A
ego_001728.txt,2.0,2.0,100.0,2.0,100.0,2.0,100.0,2.0,100.0,N/A,N/A
er_001728.txt,12.0,N/A,N/A,12.0,100.0,12.0,100.0,N/A,N/A,N/A,N/A
scale_free_001728.txt,1.0,1.0,100.0,1.0,100.0,1.0,100.0,1.0,100.0,N/A,N/A
ego_001729.txt,5.0,5.0,100.0,5.0,100.0,5.0,100.0,5.0,100.0,N/A,N/A
er_001729.txt,15.0,N/A,N/A,15.0,100.0,15.0,100.0,N/A,N/A,N/A,N/A
scale_free_001729.txt,2.0,2.0,100.0,2.0,100.0,2.0,100.0,2.0,100.0,N/A,N/A
ego_001730.txt,2.0,2.0,100.0,2.0,100.0,2.0,100.0,2.0,100.0,N/A,N/A
er_001730.txt,3.0,3.0,100.0,3.0,100.0,3.0,100.0,3.0,100.0,N/A,N/A
scale_free_001730.txt,1.0,1.0,100.0,1.0,100.0,1.0,100.0,1.0,100.0,N/A,N/A
ego_001731.txt,16.0,16.0,100.0,16.0,100.0,16.0,100.0,N/A,N/A,N/A,N/A
er_001731.txt,4.0,4.0,100.0,4.0,100.0,4.0,100.0,4.0,100.0,N/A,N/A
scale_free_001731.txt,1.0,1.0,100.0,1.0,100.0,1.0,100.0,1.0,100.0,N/A,N/A
ego_001732.txt,10.0,10.0,100.0,10.0,100.0,10.0,100.0,N/A,N/A,N/A,N/A
er_001732.txt,6.0,6.0,100.0,6.0,100.0,6.0,100.0,6.0,100.0,N/A,N/A
scale_free_001732.txt,1.0,1.0,100.0,1.0,100.0,1.0,100.0,1.0,100.0,N/A,N/A
ego_001733.txt,9.0,9.0,100.0,9.0,100.0,9.0,100.0,N/A,N/A,N/A,N/A
er_001733.txt,15.0,N/A,N/A,15.0,100.0,15.0,100.0,N/A,N/A,N/A,N/A
scale_free_001733.txt,1.0,1.0,100.0,1.0,100.0,1.0,100.0,1.0,100.0,N/A,N/A
ego_001734.txt,11.0,11.0,100.0,11.0,100.0,11.0,100.0,N/A,N/A,N/A,N/A
er_001734.txt,12.0,N/A,N/A,12.0,100.0,12.0,100.0,N/A,N/A,N/A,N/A
scale_free_001734.txt,1.0,1.0,100.0,1.0,100.0,1.0,100.0,1.0,100.0,N/A,N/A
ego_001735.txt,1.0,1.0,100.0,1.0,100.0,1.0,100.0,1.0,100.0,N/A,N/A
er_001735.txt,6.0,6.0,100.0,6.0,100.0,6.0,100.0,6.0,100.0,N/A,N/A
scale_free_001735.txt,1.0,1.0,100.0,1.0,100.0,1.0,100.0,1.0,100.0,N/A,N/A
ego_001736.txt,7.0,7.0,100.0,7.0,100.0,7.0,100.0,7.0,100.0,N/A,N/A
er_001736.txt,4.0,4.0,100.0,4.0,100.0,4.0,100.0,4.0,100.0,N/A,N/A
scale_free_001736.txt,1.0,1.0,100.0,1.0,100.0,1.0,100.0,1.0,100.0,N/A,N/A
ego_001737.txt,1.0,1.0,100.0,1.0,100.0,1.0,100.0,1.0,100.0,N/A,N/A
er_001737.txt,6.0,6.0,100.0,6.0,100.0,6.0,100.0,6.0,100.0,N/A,N/A
scale_free_001737.txt,1.0,1.0,100.0,1.0,100.0,1.0,100.0,1.0,100.0,N/A,N/A
ego_001738.txt,2.0,2.0,100.0,2.0,100.0,2.0,100.0,2.0,100.0,N/A,N/A
er_001738.txt,4.0,4.0,100.0,4.0,100.0,4.0,100.0,4.0,100.0,N/A,N/A
scale_free_001738.txt,1.0,1.0,100.0,1.0,100.0,1.0,100.0,1.0,100.0,N/A,N/A
ego_001739.txt,11.0,11.0,100.0,11.0,100.0,11.0,100.0,N/A,N/A,N/A,N/A
er_001739.txt,3.0,3.0,100.0,3.0,100.0,3.0,100.0,3.0,100.0,N/A,N/A
scale_free_001739.txt,1.0,1.0,100.0,1.0,100.0,1.0,100.0,1.0,100.0,N/A,N/A
ego_001740.txt,10.0,10.0,100.0,10.0,100.0,10.0,100.0,N/A,N/A,N/A,N/A
er_001740.txt,6.0,6.0,100.0,6.0,100.0,6.0,100.0,6.0,100.0,N/A,N/A
scale_free_001740.txt,1.0,1.0,100.0,1.0,100.0,1.0,100.0,1.0,100.0,N/A,N/A
ego_001741.txt,7.0,7.0,100.0,7.0,100.0,7.0,100.0,7.0,100.0,N/A,N/A
er_001741.txt,8.0,8.0,100.0,8.0,100.0,8.0,100.0,8.0,100.0,N/A,N/A
scale_free_001741.txt,1.0,1.0,100.0,1.0,100.0,1.0,100.0,1.0,100.0,N/A,N/A
ego_001742.txt,0.0,0.0,100.0,0.0,100.0,0.0,100.0,0.0,100.0,N/A,N/A
er_001742.txt,8.0,8.0,100.0,8.0,100.0,8.0,100.0,N/A,N/A,N/A,N/A
scale_free_001742.txt,1.0,1.0,100.0,1.0,100.0,1.0,100.0,1.0,100.0,N/A,N/A
ego_001743.txt,2.0,2.0,100.0,2.0,100.0,2.0,100.0,2.0,100.0,N/A,N/A
er_001743.txt,11.0,N/A,N/A,11.0,100.0,11.0,100.0,N/A,N/A,N/A,N/A
scale_free_001743.txt,2.0,2.0,100.0,2.0,100.0,2.0,100.0,2.0,100.0,N/A,N/A
ego_001744.txt,4.0,4.0,100.0,4.0,100.0,4.0,100.0,4.0,100.0,N/A,N/A
er_001744.txt,18.0,N/A,N/A,18.0,100.0,18.0,100.0,N/A,N/A,N/A,N/A
scale_free_001744.txt,1.0,1.0,100.0,1.0,100.0,1.0,100.0,1.0,100.0,N/A,N/A
ego_001745.txt,0.0,0.0,100.0,0.0,100.0,0.0,100.0,0.0,100.0,N/A,N/A
er_001745.txt,16.0,N/A,N/A,16.0,100.0,16.0,100.0,N/A,N/A,N/A,N/A
scale_free_001745.txt,2.0,2.0,100.0,2.0,100.0,2.0,100.0,2.0,100.0,N/A,N/A
ego_001746.txt,2.0,2.0,100.0,2.0,100.0,2.0,100.0,2.0,100.0,N/A,N/A
er_001746.txt,5.0,5.0,100.0,5.0,100.0,5.0,100.0,5.0,100.0,N/A,N/A
scale_free_001746.txt,2.0,2.0,100.0,2.0,100.0,2.0,100.0,2.0,100.0,N/A,N/A
ego_001747.txt,6.0,6.0,100.0,6.0,100.0,6.0,100.0,6.0,100.0,N/A,N/A
er_001747.txt,1.0,1.0,100.0,1.0,100.0,1.0,100.0,1.0,100.0,N/A,N/A
scale_free_001747.txt,1.0,1.0,100.0,1.0,100.0,1.0,100.0,1.0,100.0,N/A,N/A
ego_001748.txt,1.0,1.0,100.0,1.0,100.0,1.0,100.0,1.0,100.0,N/A,N/A
er_001748.txt,4.0,4.0,100.0,4.0,100.0,4.0,100.0,4.0,100.0,N/A,N/A
scale_free_001748.txt,1.0,1.0,100.0,1.0,100.0,1.0,100.0,1.0,100.0,N/A,N/A
ego_001749.txt,3.0,3.0,100.0,3.0,100.0,3.0,100.0,3.0,100.0,N/A,N/A
er_001749.txt,3.0,3.0,100.0,3.0,100.0,3.0,100.0,3.0,100.0,N/A,N/A
scale_free_001749.txt,1.0,1.0,100.0,1.0,100.0,1.0,100.0,1.0,100.0,N/A,N/A
ego_001750.txt,3.0,3.0,100.0,3.0,100.0,3.0,100.0,3.0,100.0,N/A,N/A
er_001750.txt,5.0,5.0,100.0,5.0,100.0,5.0,100.0,5.0,100.0,N/A,N/A
scale_free_001750.txt,2.0,2.0,100.0,2.0,100.0,2.0,100.0,2.0,100.0,N/A,N/A
ego_001751.txt,6.0,6.0,100.0,6.0,100.0,6.0,100.0,6.0,100.0,N/A,N/A
er_001751.txt,4.0,4.0,100.0,4.0,100.0,4.0,100.0,4.0,100.0,N/A,N/A
scale_free_001751.txt,1.0,1.0,100.0,1.0,100.0,1.0,100.0,1.0,100.0,N/A,N/A
ego_001752.txt,6.0,6.0,100.0,6.0,100.0,6.0,100.0,6.0,100.0,N/A,N/A
er_001752.txt,15.0,N/A,N/A,15.0,100.0,15.0,100.0,N/A,N/A,N/A,N/A
scale_free_001752.txt,1.0,1.0,100.0,1.0,100.0,1.0,100.0,1.0,100.0,N/A,N/A
ego_001753.txt,4.0,4.0,100.0,4.0,100.0,4.0,100.0,4.0,100.0,N/A,N/A
er_001753.txt,7.0,7.0,100.0,7.0,100.0,7.0,100.0,7.0,100.0,N/A,N/A
scale_free_001753.txt,1.0,1.0,100.0,1.0,100.0,1.0,100.0,1.0,100.0,N/A,N/A
ego_001754.txt,7.0,7.0,100.0,7.0,100.0,7.0,100.0,N/A,N/A,N/A,N/A
er_001754.txt,8.0,8.0,100.0,8.0,100.0,8.0,100.0,8.0,100.0,N/A,N/A
scale_free_001754.txt,2.0,2.0,100.0,2.0,100.0,2.0,100.0,2.0,100.0,N/A,N/A
ego_001755.txt,11.0,11.0,100.0,11.0,100.0,11.0,100.0,N/A,N/A,N/A,N/A
er_001755.txt,12.0,N/A,N/A,12.0,100.0,13.0,92.3077,N/A,N/A,N/A,N/A
scale_free_001755.txt,1.0,1.0,100.0,1.0,100.0,1.0,100.0,1.0,100.0,N/A,N/A
ego_001756.txt,0.0,0.0,100.0,0.0,100.0,0.0,100.0,0.0,100.0,N/A,N/A
er_001756.txt,7.0,7.0,100.0,7.0,100.0,7.0,100.0,N/A,N/A,N/A,N/A
scale_free_001756.txt,1.0,1.0,100.0,1.0,100.0,1.0,100.0,1.0,100.0,N/A,N/A
ego_001757.txt,8.0,8.0,100.0,8.0,100.0,8.0,100.0,8.0,100.0,N/A,N/A
er_001757.txt,4.0,4.0,100.0,4.0,100.0,4.0,100.0,4.0,100.0,N/A,N/A
scale_free_001757.txt,2.0,2.0,100.0,2.0,100.0,2.0,100.0,2.0,100.0,N/A,N/A
ego_001758.txt,2.0,2.0,100.0,2.0,100.0,2.0,100.0,2.0,100.0,N/A,N/A
er_001758.txt,13.0,13.0,100.0,13.0,100.0,13.0,100.0,N/A,N/A,N/A,N/A
scale_free_001758.txt,2.0,2.0,100.0,2.0,100.0,2.0,100.0,2.0,100.0,N/A,N/A
ego_001759.txt,2.0,2.0,100.0,2.0,100.0,2.0,100.0,2.0,100.0,N/A,N/A
er_001759.txt,8.0,8.0,100.0,8.0,100.0,8.0,100.0,8.0,100.0,N/A,N/A
scale_free_001759.txt,2.0,2.0,100.0,2.0,100.0,2.0,100.0,2.0,100.0,N/A,N/A
ego_001760.txt,12.0,12.0,100.0,12.0,100.0,12.0,100.0,12.0,100.0,N/A,N/A
er_001760.txt,16.0,N/A,N/A,16.0,100.0,16.0,100.0,N/A,N/A,N/A,N/A
scale_free_001760.txt,1.0,1.0,100.0,1.0,100.0,1.0,100.0,1.0,100.0,N/A,N/A
ego_001761.txt,5.0,5.0,100.0,5.0,100.0,5.0,100.0,5.0,100.0,N/A,N/A
er_001761.txt,13.0,N/A,N/A,13.0,100.0,13.0,100.0,N/A,N/A,N/A,N/A
scale_free_001761.txt,1.0,1.0,100.0,1.0,100.0,1.0,100.0,1.0,100.0,N/A,N/A
ego_001762.txt,2.0,2.0,100.0,2.0,100.0,2.0,100.0,2.0,100.0,N/A,N/A
er_001762.txt,5.0,5.0,100.0,5.0,100.0,5.0,100.0,5.0,100.0,N/A,N/A
scale_free_001762.txt,1.0,1.0,100.0,1.0,100.0,1.0,100.0,1.0,100.0,N/A,N/A
ego_001763.txt,11.0,11.0,100.0,11.0,100.0,11.0,100.0,11.0,100.0,N/A,N/A
er_001763.txt,5.0,5.0,100.0,5.0,100.0,5.0,100.0,5.0,100.0,N/A,N/A
scale_free_001763.txt,2.0,2.0,100.0,2.0,100.0,2.0,100.0,2.0,100.0,N/A,N/A
ego_001764.txt,0.0,0.0,100.0,0.0,100.0,0.0,100.0,0.0,100.0,N/A,N/A
er_001764.txt,7.0,7.0,100.0,7.0,100.0,7.0,100.0,7.0,100.0,N/A,N/A
scale_free_001764.txt,1.0,1.0,100.0,1.0,100.0,1.0,100.0,1.0,100.0,N/A,N/A
ego_001765.txt,7.0,7.0,100.0,7.0,100.0,7.0,100.0,7.0,100.0,N/A,N/A
er_001765.txt,9.0,9.0,100.0,9.0,100.0,9.0,100.0,N/A,N/A,N/A,N/A
scale_free_001765.txt,1.0,1.0,100.0,1.0,100.0,1.0,100.0,1.0,100.0,N/A,N/A
ego_001766.txt,3.0,3.0,100.0,3.0,100.0,3.0,100.0,3.0,100.0,N/A,N/A
er_001766.txt,14.0,N/A,N/A,14.0,100.0,14.0,100.0,N/A,N/A,N/A,N/A
scale_free_001766.txt,1.0,1.0,100.0,1.0,100.0,1.0,100.0,1.0,100.0,N/A,N/A
ego_001767.txt,4.0,4.0,100.0,4.0,100.0,4.0,100.0,4.0,100.0,N/A,N/A
er_001767.txt,10.0,10.0,100.0,10.0,100.0,10.0,100.0,10.0,100.0,N/A,N/A
scale_free_001767.txt,1.0,1.0,100.0,1.0,100.0,1.0,100.0,1.0,100.0,N/A,N/A
ego_001768.txt,2.0,2.0,100.0,2.0,100.0,2.0,100.0,2.0,100.0,N/A,N/A
er_001768.txt,16.0,N/A,N/A,N/A,N/A,16.0,100.0,N/A,N/A,N/A,N/A
scale_free_001768.txt,1.0,1.0,100.0,1.0,100.0,1.0,100.0,1.0,100.0,N/A,N/A
ego_001769.txt,3.0,3.0,100.0,3.0,100.0,3.0,100.0,3.0,100.0,N/A,N/A
er_001769.txt,4.0,4.0,100.0,4.0,100.0,4.0,100.0,4.0,100.0,N/A,N/A
scale_free_001769.txt,1.0,1.0,100.0,1.0,100.0,1.0,100.0,1.0,100.0,N/A,N/A
ego_001770.txt,3.0,3.0,100.0,3.0,100.0,3.0,100.0,3.0,100.0,N/A,N/A
er_001770.txt,5.0,5.0,100.0,5.0,100.0,5.0,100.0,5.0,100.0,N/A,N/A
scale_free_001770.txt,1.0,1.0,100.0,1.0,100.0,1.0,100.0,1.0,100.0,N/A,N/A
ego_001771.txt,6.0,6.0,100.0,6.0,100.0,6.0,100.0,6.0,100.0,N/A,N/A
er_001771.txt,14.0,N/A,N/A,14.0,100.0,15.0,93.3333,N/A,N/A,N/A,N/A
scale_free_001771.txt,1.0,1.0,100.0,1.0,100.0,1.0,100.0,1.0,100.0,N/A,N/A
ego_001772.txt,2.0,2.0,100.0,2.0,100.0,2.0,100.0,2.0,100.0,N/A,N/A
er_001772.txt,7.0,7.0,100.0,7.0,100.0,7.0,100.0,7.0,100.0,N/A,N/A
scale_free_001772.txt,1.0,1.0,100.0,1.0,100.0,1.0,100.0,1.0,100.0,N/A,N/A
ego_001773.txt,0.0,0.0,100.0,0.0,100.0,0.0,100.0,0.0,100.0,N/A,N/A
er_001773.txt,6.0,6.0,100.0,6.0,100.0,6.0,100.0,6.0,100.0,N/A,N/A
scale_free_001773.txt,1.0,1.0,100.0,1.0,100.0,1.0,100.0,1.0,100.0,N/A,N/A
ego_001774.txt,6.0,6.0,100.0,6.0,100.0,6.0,100.0,6.0,100.0,N/A,N/A
er_001774.txt,5.0,5.0,100.0,5.0,100.0,5.0,100.0,5.0,100.0,N/A,N/A
scale_free_001774.txt,1.0,1.0,100.0,1.0,100.0,1.0,100.0,1.0,100.0,N/A,N/A
ego_001775.txt,1.0,1.0,100.0,1.0,100.0,1.0,100.0,1.0,100.0,N/A,N/A
er_001775.txt,10.0,10.0,100.0,10.0,100.0,10.0,100.0,10.0,100.0,N/A,N/A
scale_free_001775.txt,1.0,1.0,100.0,1.0,100.0,1.0,100.0,1.0,100.0,N/A,N/A
ego_001776.txt,0.0,0.0,100.0,0.0,100.0,0.0,100.0,0.0,100.0,N/A,N/A
er_001776.txt,7.0,7.0,100.0,7.0,100.0,7.0,100.0,7.0,100.0,N/A,N/A
scale_free_001776.txt,1.0,1.0,100.0,1.0,100.0,1.0,100.0,1.0,100.0,N/A,N/A
ego_001777.txt,5.0,5.0,100.0,5.0,100.0,5.0,100.0,5.0,100.0,N/A,N/A
er_001777.txt,14.0,N/A,N/A,14.0,100.0,14.0,100.0,N/A,N/A,N/A,N/A
scale_free_001777.txt,2.0,2.0,100.0,2.0,100.0,2.0,100.0,2.0,100.0,N/A,N/A
ego_001778.txt,8.0,8.0,100.0,8.0,100.0,8.0,100.0,N/A,N/A,N/A,N/A
er_001778.txt,14.0,N/A,N/A,14.0,100.0,14.0,100.0,N/A,N/A,N/A,N/A
scale_free_001778.txt,1.0,1.0,100.0,1.0,100.0,1.0,100.0,1.0,100.0,N/A,N/A
ego_001779.txt,0.0,0.0,100.0,0.0,100.0,0.0,100.0,0.0,100.0,N/A,N/A
er_001779.txt,12.0,N/A,N/A,12.0,100.0,12.0,100.0,N/A,N/A,N/A,N/A
scale_free_001779.txt,1.0,1.0,100.0,1.0,100.0,1.0,100.0,1.0,100.0,N/A,N/A
ego_001780.txt,7.0,7.0,100.0,7.0,100.0,7.0,100.0,7.0,100.0,N/A,N/A
er_001780.txt,4.0,4.0,100.0,4.0,100.0,4.0,100.0,4.0,100.0,N/A,N/A
scale_free_001780.txt,1.0,1.0,100.0,1.0,100.0,1.0,100.0,1.0,100.0,N/A,N/A
ego_001781.txt,6.0,6.0,100.0,6.0,100.0,6.0,100.0,6.0,100.0,N/A,N/A
er_001781.txt,8.0,8.0,100.0,8.0,100.0,8.0,100.0,8.0,100.0,N/A,N/A
scale_free_001781.txt,2.0,2.0,100.0,2.0,100.0,2.0,100.0,2.0,100.0,N/A,N/A
ego_001782.txt,3.0,3.0,100.0,3.0,100.0,3.0,100.0,3.0,100.0,N/A,N/A
er_001782.txt,5.0,5.0,100.0,5.0,100.0,5.0,100.0,5.0,100.0,N/A,N/A
scale_free_001782.txt,1.0,1.0,100.0,1.0,100.0,1.0,100.0,1.0,100.0,N/A,N/A
ego_001783.txt,7.0,7.0,100.0,7.0,100.0,7.0,100.0,7.0,100.0,N/A,N/A
er_001783.txt,15.0,N/A,N/A,15.0,100.0,15.0,100.0,N/A,N/A,N/A,N/A
scale_free_001783.txt,1.0,1.0,100.0,1.0,100.0,1.0,100.0,1.0,100.0,N/A,N/A
ego_001784.txt,1.0,1.0,100.0,1.0,100.0,1.0,100.0,1.0,100.0,N/A,N/A
er_001784.txt,12.0,N/A,N/A,12.0,100.0,12.0,100.0,N/A,N/A,N/A,N/A
scale_free_001784.txt,1.0,1.0,100.0,1.0,100.0,1.0,100.0,1.0,100.0,N/A,N/A
ego_001785.txt,6.0,6.0,100.0,6.0,100.0,6.0,100.0,6.0,100.0,N/A,N/A
er_001785.txt,2.0,2.0,100.0,2.0,100.0,2.0,100.0,2.0,100.0,N/A,N/A
scale_free_001785.txt,2.0,2.0,100.0,2.0,100.0,2.0,100.0,2.0,100.0,N/A,N/A
ego_001786.txt,9.0,9.0,100.0,9.0,100.0,9.0,100.0,N/A,N/A,N/A,N/A
er_001786.txt,17.0,N/A,N/A,17.0,100.0,17.0,100.0,N/A,N/A,N/A,N/A
scale_free_001786.txt,1.0,1.0,100.0,1.0,100.0,1.0,100.0,1.0,100.0,N/A,N/A
ego_001787.txt,10.0,10.0,100.0,10.0,100.0,10.0,100.0,N/A,N/A,N/A,N/A
er_001787.txt,1.0,1.0,100.0,1.0,100.0,1.0,100.0,1.0,100.0,N/A,N/A
scale_free_001787.txt,1.0,1.0,100.0,1.0,100.0,1.0,100.0,1.0,100.0,N/A,N/A
ego_001788.txt,5.0,5.0,100.0,5.0,100.0,5.0,100.0,5.0,100.0,N/A,N/A
er_001788.txt,1.0,1.0,100.0,1.0,100.0,1.0,100.0,1.0,100.0,N/A,N/A
scale_free_001788.txt,1.0,1.0,100.0,1.0,100.0,1.0,100.0,1.0,100.0,N/A,N/A
ego_001789.txt,8.0,8.0,100.0,8.0,100.0,8.0,100.0,N/A,N/A,N/A,N/A
er_001789.txt,4.0,4.0,100.0,4.0,100.0,4.0,100.0,4.0,100.0,N/A,N/A
scale_free_001789.txt,1.0,1.0,100.0,1.0,100.0,1.0,100.0,1.0,100.0,N/A,N/A
ego_001790.txt,9.0,9.0,100.0,9.0,100.0,9.0,100.0,N/A,N/A,N/A,N/A
er_001790.txt,9.0,9.0,100.0,9.0,100.0,9.0,100.0,9.0,100.0,N/A,N/A
scale_free_001790.txt,1.0,1.0,100.0,1.0,100.0,1.0,100.0,1.0,100.0,N/A,N/A
ego_001791.txt,13.0,13.0,100.0,13.0,100.0,13.0,100.0,N/A,N/A,N/A,N/A
er_001791.txt,4.0,4.0,100.0,4.0,100.0,4.0,100.0,4.0,100.0,N/A,N/A
scale_free_001791.txt,2.0,2.0,100.0,2.0,100.0,2.0,100.0,2.0,100.0,N/A,N/A
ego_001792.txt,7.0,7.0,100.0,7.0,100.0,7.0,100.0,7.0,100.0,N/A,N/A
er_001792.txt,5.0,5.0,100.0,5.0,100.0,6.0,83.3333,5.0,100.0,N/A,N/A
scale_free_001792.txt,1.0,1.0,100.0,1.0,100.0,1.0,100.0,1.0,100.0,N/A,N/A
ego_001793.txt,4.0,4.0,100.0,4.0,100.0,4.0,100.0,4.0,100.0,N/A,N/A
er_001793.txt,3.0,3.0,100.0,3.0,100.0,3.0,100.0,3.0,100.0,N/A,N/A
scale_free_001793.txt,2.0,2.0,100.0,2.0,100.0,2.0,100.0,2.0,100.0,N/A,N/A
ego_001794.txt,19.0,19.0,100.0,19.0,100.0,19.0,100.0,N/A,N/A,N/A,N/A
er_001794.txt,9.0,9.0,100.0,9.0,100.0,9.0,100.0,9.0,100.0,N/A,N/A
scale_free_001794.txt,2.0,2.0,100.0,2.0,100.0,2.0,100.0,2.0,100.0,N/A,N/A
ego_001795.txt,2.0,2.0,100.0,2.0,100.0,2.0,100.0,2.0,100.0,N/A,N/A
er_001795.txt,7.0,7.0,100.0,7.0,100.0,7.0,100.0,7.0,100.0,N/A,N/A
scale_free_001795.txt,1.0,1.0,100.0,1.0,100.0,1.0,100.0,1.0,100.0,N/A,N/A
ego_001796.txt,1.0,1.0,100.0,1.0,100.0,1.0,100.0,1.0,100.0,N/A,N/A
er_001796.txt,14.0,N/A,N/A,14.0,100.0,15.0,93.3333,N/A,N/A,N/A,N/A
scale_free_001796.txt,1.0,1.0,100.0,1.0,100.0,1.0,100.0,1.0,100.0,N/A,N/A
ego_001797.txt,0.0,0.0,100.0,0.0,100.0,0.0,100.0,0.0,100.0,N/A,N/A
er_001797.txt,16.0,N/A,N/A,16.0,100.0,16.0,100.0,N/A,N/A,N/A,N/A
scale_free_001797.txt,1.0,1.0,100.0,1.0,100.0,1.0,100.0,1.0,100.0,N/A,N/A
ego_001798.txt,9.0,9.0,100.0,9.0,100.0,9.0,100.0,9.0,100.0,N/A,N/A
er_001798.txt,6.0,6.0,100.0,6.0,100.0,6.0,100.0,6.0,100.0,N/A,N/A
scale_free_001798.txt,1.0,1.0,100.0,1.0,100.0,1.0,100.0,1.0,100.0,N/A,N/A
ego_001799.txt,7.0,7.0,100.0,7.0,100.0,7.0,100.0,7.0,100.0,N/A,N/A
er_001799.txt,14.0,N/A,N/A,14.0,100.0,14.0,100.0,N/A,N/A,N/A,N/A
scale_free_001799.txt,2.0,2.0,100.0,2.0,100.0,2.0,100.0,2.0,100.0,N/A,N/A
ego_001800.txt,4.0,4.0,100.0,4.0,100.0,4.0,100.0,4.0,100.0,N/A,N/A
er_001800.txt,11.0,11.0,100.0,11.0,100.0,12.0,91.6667,N/A,N/A,N/A,N/A
scale_free_001800.txt,1.0,1.0,100.0,1.0,100.0,1.0,100.0,1.0,100.0,N/A,N/A
ego_001801.txt,4.0,4.0,100.0,4.0,100.0,4.0,100.0,4.0,100.0,N/A,N/A
er_001801.txt,8.0,8.0,100.0,8.0,100.0,8.0,100.0,8.0,100.0,N/A,N/A
scale_free_001801.txt,1.0,1.0,100.0,1.0,100.0,1.0,100.0,1.0,100.0,N/A,N/A
ego_001802.txt,3.0,3.0,100.0,3.0,100.0,3.0,100.0,3.0,100.0,N/A,N/A
er_001802.txt,7.0,7.0,100.0,7.0,100.0,7.0,100.0,7.0,100.0,N/A,N/A
scale_free_001802.txt,2.0,2.0,100.0,2.0,100.0,2.0,100.0,2.0,100.0,N/A,N/A
ego_001803.txt,3.0,3.0,100.0,3.0,100.0,3.0,100.0,3.0,100.0,N/A,N/A
er_001803.txt,8.0,8.0,100.0,8.0,100.0,8.0,100.0,8.0,100.0,N/A,N/A
scale_free_001803.txt,2.0,2.0,100.0,2.0,100.0,2.0,100.0,2.0,100.0,N/A,N/A
ego_001804.txt,4.0,4.0,100.0,4.0,100.0,4.0,100.0,4.0,100.0,N/A,N/A
er_001804.txt,11.0,N/A,N/A,11.0,100.0,11.0,100.0,N/A,N/A,N/A,N/A
scale_free_001804.txt,1.0,1.0,100.0,1.0,100.0,1.0,100.0,1.0,100.0,N/A,N/A
ego_001805.txt,3.0,3.0,100.0,3.0,100.0,3.0,100.0,3.0,100.0,N/A,N/A
er_001805.txt,5.0,5.0,100.0,5.0,100.0,5.0,100.0,5.0,100.0,N/A,N/A
scale_free_001805.txt,1.0,1.0,100.0,1.0,100.0,1.0,100.0,1.0,100.0,N/A,N/A
ego_001806.txt,3.0,3.0,100.0,3.0,100.0,3.0,100.0,3.0,100.0,N/A,N/A
er_001806.txt,6.0,6.0,100.0,6.0,100.0,6.0,100.0,6.0,100.0,N/A,N/A
scale_free_001806.txt,2.0,2.0,100.0,2.0,100.0,2.0,100.0,2.0,100.0,N/A,N/A
ego_001807.txt,13.0,13.0,100.0,13.0,100.0,13.0,100.0,N/A,N/A,N/A,N/A
er_001807.txt,5.0,5.0,100.0,5.0,100.0,5.0,100.0,5.0,100.0,N/A,N/A
scale_free_001807.txt,1.0,1.0,100.0,1.0,100.0,1.0,100.0,1.0,100.0,N/A,N/A
ego_001808.txt,6.0,6.0,100.0,6.0,100.0,6.0,100.0,N/A,N/A,N/A,N/A
er_001808.txt,10.0,10.0,100.0,10.0,100.0,10.0,100.0,N/A,N/A,N/A,N/A
scale_free_001808.txt,1.0,1.0,100.0,1.0,100.0,1.0,100.0,1.0,100.0,N/A,N/A
ego_001809.txt,6.0,6.0,100.0,6.0,100.0,6.0,100.0,N/A,N/A,N/A,N/A
er_001809.txt,10.0,10.0,100.0,10.0,100.0,10.0,100.0,N/A,N/A,N/A,N/A
scale_free_001809.txt,1.0,1.0,100.0,1.0,100.0,1.0,100.0,1.0,100.0,N/A,N/A
ego_001810.txt,6.0,6.0,100.0,6.0,100.0,6.0,100.0,6.0,100.0,N/A,N/A
er_001810.txt,4.0,4.0,100.0,4.0,100.0,4.0,100.0,4.0,100.0,N/A,N/A
scale_free_001810.txt,3.0,3.0,100.0,3.0,100.0,3.0,100.0,3.0,100.0,N/A,N/A
ego_001811.txt,10.0,10.0,100.0,10.0,100.0,10.0,100.0,N/A,N/A,N/A,N/A
er_001811.txt,9.0,9.0,100.0,9.0,100.0,9.0,100.0,N/A,N/A,N/A,N/A
scale_free_001811.txt,1.0,1.0,100.0,1.0,100.0,1.0,100.0,1.0,100.0,N/A,N/A
ego_001812.txt,9.0,9.0,100.0,9.0,100.0,9.0,100.0,N/A,N/A,N/A,N/A
er_001812.txt,5.0,5.0,100.0,5.0,100.0,5.0,100.0,5.0,100.0,N/A,N/A
scale_free_001812.txt,1.0,1.0,100.0,1.0,100.0,1.0,100.0,1.0,100.0,N/A,N/A
ego_001813.txt,5.0,5.0,100.0,5.0,100.0,5.0,100.0,5.0,100.0,N/A,N/A
er_001813.txt,9.0,9.0,100.0,9.0,100.0,9.0,100.0,N/A,N/A,N/A,N/A
scale_free_001813.txt,1.0,1.0,100.0,1.0,100.0,1.0,100.0,1.0,100.0,N/A,N/A
ego_001814.txt,13.0,13.0,100.0,13.0,100.0,13.0,100.0,N/A,N/A,N/A,N/A
er_001814.txt,10.0,10.0,100.0,10.0,100.0,10.0,100.0,N/A,N/A,N/A,N/A
scale_free_001814.txt,1.0,1.0,100.0,1.0,100.0,1.0,100.0,1.0,100.0,N/A,N/A
ego_001815.txt,3.0,3.0,100.0,3.0,100.0,3.0,100.0,3.0,100.0,N/A,N/A
er_001815.txt,10.0,10.0,100.0,10.0,100.0,10.0,100.0,N/A,N/A,N/A,N/A
scale_free_001815.txt,1.0,1.0,100.0,1.0,100.0,1.0,100.0,1.0,100.0,N/A,N/A
ego_001816.txt,1.0,1.0,100.0,1.0,100.0,1.0,100.0,1.0,100.0,N/A,N/A
er_001816.txt,4.0,4.0,100.0,4.0,100.0,4.0,100.0,4.0,100.0,N/A,N/A
scale_free_001816.txt,1.0,1.0,100.0,1.0,100.0,1.0,100.0,1.0,100.0,N/A,N/A
ego_001817.txt,2.0,2.0,100.0,2.0,100.0,2.0,100.0,2.0,100.0,N/A,N/A
er_001817.txt,13.0,N/A,N/A,13.0,100.0,13.0,100.0,N/A,N/A,N/A,N/A
scale_free_001817.txt,1.0,1.0,100.0,1.0,100.0,1.0,100.0,1.0,100.0,N/A,N/A
ego_001818.txt,7.0,7.0,100.0,7.0,100.0,7.0,100.0,N/A,N/A,N/A,N/A
er_001818.txt,4.0,4.0,100.0,4.0,100.0,4.0,100.0,4.0,100.0,N/A,N/A
scale_free_001818.txt,1.0,1.0,100.0,1.0,100.0,1.0,100.0,1.0,100.0,N/A,N/A
ego_001819.txt,0.0,0.0,100.0,0.0,100.0,0.0,100.0,0.0,100.0,N/A,N/A
er_001819.txt,6.0,6.0,100.0,6.0,100.0,6.0,100.0,6.0,100.0,N/A,N/A
scale_free_001819.txt,1.0,1.0,100.0,1.0,100.0,1.0,100.0,1.0,100.0,N/A,N/A
ego_001820.txt,7.0,7.0,100.0,7.0,100.0,7.0,100.0,7.0,100.0,N/A,N/A
er_001820.txt,12.0,12.0,100.0,12.0,100.0,12.0,100.0,N/A,N/A,N/A,N/A
scale_free_001820.txt,1.0,1.0,100.0,1.0,100.0,1.0,100.0,1.0,100.0,N/A,N/A
ego_001821.txt,0.0,0.0,100.0,0.0,100.0,0.0,100.0,0.0,100.0,N/A,N/A
er_001821.txt,10.0,N/A,N/A,10.0,100.0,11.0,90.9091,N/A,N/A,N/A,N/A
scale_free_001821.txt,1.0,1.0,100.0,1.0,100.0,1.0,100.0,1.0,100.0,N/A,N/A
ego_001822.txt,5.0,5.0,100.0,5.0,100.0,5.0,100.0,5.0,100.0,N/A,N/A
er_001822.txt,8.0,8.0,100.0,8.0,100.0,8.0,100.0,8.0,100.0,N/A,N/A
scale_free_001822.txt,1.0,1.0,100.0,1.0,100.0,1.0,100.0,1.0,100.0,N/A,N/A
ego_001823.txt,3.0,3.0,100.0,3.0,100.0,3.0,100.0,3.0,100.0,N/A,N/A
er_001823.txt,8.0,8.0,100.0,8.0,100.0,8.0,100.0,8.0,100.0,N/A,N/A
scale_free_001823.txt,1.0,1.0,100.0,1.0,100.0,1.0,100.0,1.0,100.0,N/A,N/A
ego_001824.txt,0.0,0.0,100.0,0.0,100.0,0.0,100.0,0.0,100.0,N/A,N/A
er_001824.txt,6.0,6.0,100.0,6.0,100.0,6.0,100.0,6.0,100.0,N/A,N/A
scale_free_001824.txt,2.0,2.0,100.0,2.0,100.0,2.0,100.0,2.0,100.0,N/A,N/A
ego_001825.txt,6.0,6.0,100.0,6.0,100.0,6.0,100.0,6.0,100.0,N/A,N/A
er_001825.txt,18.0,N/A,N/A,18.0,100.0,18.0,100.0,N/A,N/A,N/A,N/A
scale_free_001825.txt,2.0,2.0,100.0,2.0,100.0,2.0,100.0,2.0,100.0,N/A,N/A
ego_001826.txt,1.0,1.0,100.0,1.0,100.0,1.0,100.0,1.0,100.0,N/A,N/A
er_001826.txt,16.0,N/A,N/A,16.0,100.0,16.0,100.0,N/A,N/A,N/A,N/A
scale_free_001826.txt,1.0,1.0,100.0,1.0,100.0,1.0,100.0,1.0,100.0,N/A,N/A
ego_001827.txt,0.0,0.0,100.0,0.0,100.0,0.0,100.0,0.0,100.0,N/A,N/A
er_001827.txt,3.0,3.0,100.0,3.0,100.0,3.0,100.0,3.0,100.0,N/A,N/A
scale_free_001827.txt,2.0,2.0,100.0,2.0,100.0,2.0,100.0,2.0,100.0,N/A,N/A
ego_001828.txt,9.0,9.0,100.0,9.0,100.0,9.0,100.0,N/A,N/A,N/A,N/A
er_001828.txt,9.0,9.0,100.0,9.0,100.0,9.0,100.0,9.0,100.0,N/A,N/A
scale_free_001828.txt,1.0,1.0,100.0,1.0,100.0,1.0,100.0,1.0,100.0,N/A,N/A
ego_001829.txt,9.0,9.0,100.0,9.0,100.0,9.0,100.0,N/A,N/A,N/A,N/A
er_001829.txt,15.0,N/A,N/A,15.0,100.0,15.0,100.0,N/A,N/A,N/A,N/A
scale_free_001829.txt,1.0,1.0,100.0,1.0,100.0,1.0,100.0,1.0,100.0,N/A,N/A
ego_001830.txt,9.0,9.0,100.0,9.0,100.0,9.0,100.0,N/A,N/A,N/A,N/A
er_001830.txt,14.0,N/A,N/A,14.0,100.0,14.0,100.0,N/A,N/A,N/A,N/A
scale_free_001830.txt,2.0,2.0,100.0,2.0,100.0,2.0,100.0,2.0,100.0,N/A,N/A
ego_001831.txt,12.0,12.0,100.0,12.0,100.0,12.0,100.0,N/A,N/A,N/A,N/A
er_001831.txt,3.0,3.0,100.0,3.0,100.0,3.0,100.0,3.0,100.0,N/A,N/A
scale_free_001831.txt,1.0,1.0,100.0,1.0,100.0,1.0,100.0,1.0,100.0,N/A,N/A
ego_001832.txt,6.0,6.0,100.0,6.0,100.0,6.0,100.0,6.0,100.0,N/A,N/A
er_001832.txt,7.0,7.0,100.0,7.0,100.0,7.0,100.0,7.0,100.0,N/A,N/A
scale_free_001832.txt,1.0,1.0,100.0,1.0,100.0,1.0,100.0,1.0,100.0,N/A,N/A
ego_001833.txt,0.0,0.0,100.0,0.0,100.0,0.0,100.0,0.0,100.0,N/A,N/A
er_001833.txt,4.0,4.0,100.0,4.0,100.0,4.0,100.0,4.0,100.0,N/A,N/A
scale_free_001833.txt,2.0,2.0,100.0,2.0,100.0,2.0,100.0,2.0,100.0,N/A,N/A
ego_001834.txt,8.0,8.0,100.0,8.0,100.0,8.0,100.0,8.0,100.0,N/A,N/A
er_001834.txt,8.0,8.0,100.0,8.0,100.0,8.0,100.0,N/A,N/A,N/A,N/A
scale_free_001834.txt,1.0,1.0,100.0,1.0,100.0,1.0,100.0,1.0,100.0,N/A,N/A
ego_001835.txt,0.0,0.0,100.0,0.0,100.0,0.0,100.0,0.0,100.0,N/A,N/A
er_001835.txt,10.0,10.0,100.0,10.0,100.0,10.0,100.0,10.0,100.0,N/A,N/A
scale_free_001835.txt,2.0,2.0,100.0,2.0,100.0,2.0,100.0,2.0,100.0,N/A,N/A
ego_001836.txt,5.0,5.0,100.0,5.0,100.0,5.0,100.0,5.0,100.0,N/A,N/A
er_001836.txt,4.0,4.0,100.0,4.0,100.0,4.0,100.0,4.0,100.0,N/A,N/A
scale_free_001836.txt,2.0,2.0,100.0,2.0,100.0,2.0,100.0,2.0,100.0,N/A,N/A
ego_001837.txt,3.0,3.0,100.0,3.0,100.0,3.0,100.0,3.0,100.0,N/A,N/A
er_001837.txt,2.0,2.0,100.0,2.0,100.0,2.0,100.0,2.0,100.0,N/A,N/A
scale_free_001837.txt,1.0,1.0,100.0,1.0,100.0,1.0,100.0,1.0,100.0,N/A,N/A
ego_001838.txt,2.0,2.0,100.0,2.0,100.0,2.0,100.0,2.0,100.0,N/A,N/A
er_001838.txt,5.0,5.0,100.0,5.0,100.0,5.0,100.0,5.0,100.0,N/A,N/A
scale_free_001838.txt,2.0,2.0,100.0,2.0,100.0,2.0,100.0,2.0,100.0,N/A,N/A
ego_001839.txt,4.0,4.0,100.0,4.0,100.0,4.0,100.0,4.0,100.0,N/A,N/A
er_001839.txt,7.0,7.0,100.0,7.0,100.0,7.0,100.0,7.0,100.0,N/A,N/A
scale_free_001839.txt,1.0,1.0,100.0,1.0,100.0,1.0,100.0,1.0,100.0,N/A,N/A
ego_001840.txt,3.0,3.0,100.0,3.0,100.0,3.0,100.0,3.0,100.0,N/A,N/A
er_001840.txt,6.0,6.0,100.0,6.0,100.0,6.0,100.0,6.0,100.0,N/A,N/A
scale_free_001840.txt,1.0,1.0,100.0,1.0,100.0,1.0,100.0,1.0,100.0,N/A,N/A
ego_001841.txt,5.0,5.0,100.0,5.0,100.0,5.0,100.0,5.0,100.0,N/A,N/A
er_001841.txt,8.0,8.0,100.0,8.0,100.0,8.0,100.0,8.0,100.0,N/A,N/A
scale_free_001841.txt,1.0,1.0,100.0,1.0,100.0,1.0,100.0,1.0,100.0,N/A,N/A
ego_001842.txt,6.0,6.0,100.0,6.0,100.0,6.0,100.0,6.0,100.0,N/A,N/A
er_001842.txt,13.0,13.0,100.0,13.0,100.0,14.0,92.8571,N/A,N/A,N/A,N/A
scale_free_001842.txt,1.0,1.0,100.0,1.0,100.0,1.0,100.0,1.0,100.0,N/A,N/A
ego_001843.txt,9.0,9.0,100.0,9.0,100.0,9.0,100.0,N/A,N/A,N/A,N/A
er_001843.txt,2.0,2.0,100.0,2.0,100.0,2.0,100.0,2.0,100.0,N/A,N/A
scale_free_001843.txt,2.0,2.0,100.0,2.0,100.0,2.0,100.0,2.0,100.0,N/A,N/A
ego_001844.txt,15.0,15.0,100.0,15.0,100.0,15.0,100.0,N/A,N/A,N/A,N/A
er_001844.txt,3.0,3.0,100.0,3.0,100.0,3.0,100.0,3.0,100.0,N/A,N/A
scale_free_001844.txt,1.0,1.0,100.0,1.0,100.0,1.0,100.0,1.0,100.0,N/A,N/A
ego_001845.txt,12.0,12.0,100.0,12.0,100.0,12.0,100.0,12.0,100.0,N/A,N/A
er_001845.txt,11.0,11.0,100.0,11.0,100.0,11.0,100.0,N/A,N/A,N/A,N/A
scale_free_001845.txt,1.0,1.0,100.0,1.0,100.0,1.0,100.0,1.0,100.0,N/A,N/A
ego_001846.txt,10.0,10.0,100.0,10.0,100.0,10.0,100.0,N/A,N/A,N/A,N/A
er_001846.txt,5.0,5.0,100.0,5.0,100.0,5.0,100.0,5.0,100.0,N/A,N/A
scale_free_001846.txt,2.0,2.0,100.0,2.0,100.0,2.0,100.0,2.0,100.0,N/A,N/A
ego_001847.txt,4.0,4.0,100.0,4.0,100.0,4.0,100.0,4.0,100.0,N/A,N/A
er_001847.txt,18.0,N/A,N/A,18.0,100.0,18.0,100.0,N/A,N/A,N/A,N/A
scale_free_001847.txt,1.0,1.0,100.0,1.0,100.0,1.0,100.0,1.0,100.0,N/A,N/A
ego_001848.txt,9.0,9.0,100.0,9.0,100.0,9.0,100.0,N/A,N/A,N/A,N/A
er_001848.txt,8.0,8.0,100.0,8.0,100.0,8.0,100.0,N/A,N/A,N/A,N/A
scale_free_001848.txt,1.0,1.0,100.0,1.0,100.0,1.0,100.0,1.0,100.0,N/A,N/A
ego_001849.txt,0.0,0.0,100.0,0.0,100.0,0.0,100.0,0.0,100.0,N/A,N/A
er_001849.txt,4.0,4.0,100.0,4.0,100.0,4.0,100.0,4.0,100.0,N/A,N/A
scale_free_001849.txt,1.0,1.0,100.0,1.0,100.0,1.0,100.0,1.0,100.0,N/A,N/A
ego_001850.txt,5.0,5.0,100.0,5.0,100.0,5.0,100.0,5.0,100.0,N/A,N/A
er_001850.txt,9.0,9.0,100.0,9.0,100.0,9.0,100.0,N/A,N/A,N/A,N/A
scale_free_001850.txt,1.0,1.0,100.0,1.0,100.0,1.0,100.0,1.0,100.0,N/A,N/A
ego_001851.txt,0.0,0.0,100.0,0.0,100.0,0.0,100.0,0.0,100.0,N/A,N/A
er_001851.txt,8.0,8.0,100.0,8.0,100.0,8.0,100.0,8.0,100.0,N/A,N/A
scale_free_001851.txt,1.0,1.0,100.0,1.0,100.0,1.0,100.0,1.0,100.0,N/A,N/A
ego_001852.txt,2.0,2.0,100.0,2.0,100.0,2.0,100.0,2.0,100.0,N/A,N/A
er_001852.txt,9.0,9.0,100.0,9.0,100.0,10.0,90.0,9.0,100.0,N/A,N/A
scale_free_001852.txt,1.0,1.0,100.0,1.0,100.0,1.0,100.0,1.0,100.0,N/A,N/A
ego_001853.txt,13.0,13.0,100.0,13.0,100.0,13.0,100.0,N/A,N/A,N/A,N/A
er_001853.txt,14.0,N/A,N/A,14.0,100.0,14.0,100.0,N/A,N/A,N/A,N/A
scale_free_001853.txt,1.0,1.0,100.0,1.0,100.0,1.0,100.0,1.0,100.0,N/A,N/A
ego_001854.txt,5.0,5.0,100.0,5.0,100.0,5.0,100.0,5.0,100.0,N/A,N/A
er_001854.txt,17.0,N/A,N/A,17.0,100.0,17.0,100.0,N/A,N/A,N/A,N/A
scale_free_001854.txt,1.0,1.0,100.0,1.0,100.0,1.0,100.0,1.0,100.0,N/A,N/A
ego_001855.txt,12.0,12.0,100.0,12.0,100.0,12.0,100.0,N/A,N/A,N/A,N/A
er_001855.txt,9.0,9.0,100.0,9.0,100.0,9.0,100.0,N/A,N/A,N/A,N/A
scale_free_001855.txt,2.0,2.0,100.0,2.0,100.0,2.0,100.0,2.0,100.0,N/A,N/A
ego_001856.txt,11.0,11.0,100.0,11.0,100.0,11.0,100.0,N/A,N/A,N/A,N/A
er_001856.txt,3.0,3.0,100.0,3.0,100.0,3.0,100.0,3.0,100.0,N/A,N/A
scale_free_001856.txt,1.0,1.0,100.0,1.0,100.0,1.0,100.0,1.0,100.0,N/A,N/A
ego_001857.txt,6.0,6.0,100.0,6.0,100.0,6.0,100.0,6.0,100.0,N/A,N/A
er_001857.txt,5.0,5.0,100.0,5.0,100.0,5.0,100.0,5.0,100.0,N/A,N/A
scale_free_001857.txt,1.0,1.0,100.0,1.0,100.0,1.0,100.0,1.0,100.0,N/A,N/A
ego_001858.txt,1.0,1.0,100.0,1.0,100.0,1.0,100.0,1.0,100.0,N/A,N/A
er_001858.txt,6.0,6.0,100.0,6.0,100.0,6.0,100.0,6.0,100.0,N/A,N/A
scale_free_001858.txt,1.0,1.0,100.0,1.0,100.0,1.0,100.0,1.0,100.0,N/A,N/A
ego_001859.txt,2.0,2.0,100.0,2.0,100.0,2.0,100.0,2.0,100.0,N/A,N/A
er_001859.txt,12.0,N/A,N/A,12.0,100.0,12.0,100.0,N/A,N/A,N/A,N/A
scale_free_001859.txt,2.0,2.0,100.0,2.0,100.0,2.0,100.0,2.0,100.0,N/A,N/A
ego_001860.txt,5.0,5.0,100.0,5.0,100.0,5.0,100.0,5.0,100.0,N/A,N/A
er_001860.txt,3.0,3.0,100.0,3.0,100.0,3.0,100.0,3.0,100.0,N/A,N/A
scale_free_001860.txt,1.0,1.0,100.0,1.0,100.0,1.0,100.0,1.0,100.0,N/A,N/A
ego_001861.txt,21.0,N/A,N/A,21.0,100.0,21.0,100.0,N/A,N/A,N/A,N/A
er_001861.txt,13.0,N/A,N/A,13.0,100.0,13.0,100.0,N/A,N/A,N/A,N/A
scale_free_001861.txt,1.0,1.0,100.0,1.0,100.0,1.0,100.0,1.0,100.0,N/A,N/A
ego_001862.txt,4.0,4.0,100.0,4.0,100.0,4.0,100.0,4.0,100.0,N/A,N/A
er_001862.txt,17.0,N/A,N/A,17.0,100.0,17.0,100.0,N/A,N/A,N/A,N/A
scale_free_001862.txt,1.0,1.0,100.0,1.0,100.0,1.0,100.0,1.0,100.0,N/A,N/A
ego_001863.txt,0.0,0.0,100.0,0.0,100.0,0.0,100.0,0.0,100.0,N/A,N/A
er_001863.txt,7.0,7.0,100.0,7.0,100.0,7.0,100.0,7.0,100.0,N/A,N/A
scale_free_001863.txt,1.0,1.0,100.0,1.0,100.0,1.0,100.0,1.0,100.0,N/A,N/A
ego_001864.txt,0.0,0.0,100.0,0.0,100.0,0.0,100.0,0.0,100.0,N/A,N/A
er_001864.txt,7.0,7.0,100.0,7.0,100.0,7.0,100.0,7.0,100.0,N/A,N/A
scale_free_001864.txt,2.0,2.0,100.0,2.0,100.0,2.0,100.0,2.0,100.0,N/A,N/A
ego_001865.txt,1.0,1.0,100.0,1.0,100.0,1.0,100.0,1.0,100.0,N/A,N/A
er_001865.txt,6.0,6.0,100.0,6.0,100.0,6.0,100.0,6.0,100.0,N/A,N/A
scale_free_001865.txt,1.0,1.0,100.0,1.0,100.0,1.0,100.0,1.0,100.0,N/A,N/A
ego_001866.txt,2.0,2.0,100.0,2.0,100.0,2.0,100.0,2.0,100.0,N/A,N/A
er_001866.txt,6.0,6.0,100.0,6.0,100.0,6.0,100.0,6.0,100.0,N/A,N/A
scale_free_001866.txt,1.0,1.0,100.0,1.0,100.0,1.0,100.0,1.0,100.0,N/A,N/A
ego_001867.txt,10.0,10.0,100.0,10.0,100.0,10.0,100.0,N/A,N/A,N/A,N/A
er_001867.txt,7.0,7.0,100.0,7.0,100.0,7.0,100.0,7.0,100.0,N/A,N/A
scale_free_001867.txt,2.0,2.0,100.0,2.0,100.0,2.0,100.0,2.0,100.0,N/A,N/A
ego_001868.txt,3.0,3.0,100.0,3.0,100.0,3.0,100.0,3.0,100.0,N/A,N/A
er_001868.txt,13.0,N/A,N/A,13.0,100.0,13.0,100.0,N/A,N/A,N/A,N/A
scale_free_001868.txt,2.0,2.0,100.0,2.0,100.0,2.0,100.0,2.0,100.0,N/A,N/A
ego_001869.txt,4.0,4.0,100.0,4.0,100.0,4.0,100.0,4.0,100.0,N/A,N/A
er_001869.txt,5.0,5.0,100.0,5.0,100.0,5.0,100.0,5.0,100.0,N/A,N/A
scale_free_001869.txt,1.0,1.0,100.0,1.0,100.0,1.0,100.0,1.0,100.0,N/A,N/A
ego_001870.txt,10.0,10.0,100.0,10.0,100.0,10.0,100.0,N/A,N/A,N/A,N/A
er_001870.txt,7.0,7.0,100.0,7.0,100.0,7.0,100.0,7.0,100.0,N/A,N/A
scale_free_001870.txt,1.0,1.0,100.0,1.0,100.0,1.0,100.0,1.0,100.0,N/A,N/A
ego_001871.txt,8.0,8.0,100.0,8.0,100.0,8.0,100.0,N/A,N/A,N/A,N/A
er_001871.txt,11.0,11.0,100.0,11.0,100.0,11.0,100.0,N/A,N/A,N/A,N/A
scale_free_001871.txt,2.0,2.0,100.0,2.0,100.0,2.0,100.0,2.0,100.0,N/A,N/A
ego_001872.txt,22.0,N/A,N/A,22.0,100.0,22.0,100.0,N/A,N/A,N/A,N/A
er_001872.txt,10.0,10.0,100.0,10.0,100.0,10.0,100.0,10.0,100.0,N/A,N/A
scale_free_001872.txt,1.0,1.0,100.0,1.0,100.0,1.0,100.0,1.0,100.0,N/A,N/A
ego_001873.txt,0.0,0.0,100.0,0.0,100.0,0.0,100.0,0.0,100.0,N/A,N/A
er_001873.txt,11.0,11.0,100.0,11.0,100.0,11.0,100.0,N/A,N/A,N/A,N/A
scale_free_001873.txt,1.0,1.0,100.0,1.0,100.0,1.0,100.0,1.0,100.0,N/A,N/A
ego_001874.txt,1.0,1.0,100.0,1.0,100.0,1.0,100.0,1.0,100.0,N/A,N/A
er_001874.txt,10.0,10.0,100.0,10.0,100.0,10.0,100.0,N/A,N/A,N/A,N/A
scale_free_001874.txt,1.0,1.0,100.0,1.0,100.0,1.0,100.0,1.0,100.0,N/A,N/A
ego_001875.txt,0.0,0.0,100.0,0.0,100.0,0.0,100.0,0.0,100.0,N/A,N/A
er_001875.txt,4.0,4.0,100.0,4.0,100.0,4.0,100.0,4.0,100.0,N/A,N/A
scale_free_001875.txt,1.0,1.0,100.0,1.0,100.0,1.0,100.0,1.0,100.0,N/A,N/A
ego_001876.txt,1.0,1.0,100.0,1.0,100.0,1.0,100.0,1.0,100.0,N/A,N/A
er_001876.txt,9.0,9.0,100.0,9.0,100.0,9.0,100.0,9.0,100.0,N/A,N/A
scale_free_001876.txt,1.0,1.0,100.0,1.0,100.0,1.0,100.0,1.0,100.0,N/A,N/A
ego_001877.txt,1.0,1.0,100.0,1.0,100.0,1.0,100.0,1.0,100.0,N/A,N/A
er_001877.txt,11.0,11.0,100.0,11.0,100.0,11.0,100.0,N/A,N/A,N/A,N/A
scale_free_001877.txt,1.0,1.0,100.0,1.0,100.0,1.0,100.0,1.0,100.0,N/A,N/A
ego_001878.txt,2.0,2.0,100.0,2.0,100.0,2.0,100.0,2.0,100.0,N/A,N/A
er_001878.txt,7.0,7.0,100.0,7.0,100.0,7.0,100.0,7.0,100.0,N/A,N/A
scale_free_001878.txt,1.0,1.0,100.0,1.0,100.0,1.0,100.0,1.0,100.0,N/A,N/A
ego_001879.txt,5.0,5.0,100.0,5.0,100.0,5.0,100.0,5.0,100.0,N/A,N/A
er_001879.txt,1.0,1.0,100.0,1.0,100.0,1.0,100.0,1.0,100.0,N/A,N/A
scale_free_001879.txt,1.0,1.0,100.0,1.0,100.0,1.0,100.0,1.0,100.0,N/A,N/A
ego_001880.txt,0.0,0.0,100.0,0.0,100.0,0.0,100.0,0.0,100.0,N/A,N/A
er_001880.txt,8.0,8.0,100.0,8.0,100.0,8.0,100.0,N/A,N/A,N/A,N/A
scale_free_001880.txt,1.0,1.0,100.0,1.0,100.0,1.0,100.0,1.0,100.0,N/A,N/A
ego_001881.txt,6.0,6.0,100.0,6.0,100.0,6.0,100.0,6.0,100.0,N/A,N/A
er_001881.txt,6.0,6.0,100.0,6.0,100.0,6.0,100.0,6.0,100.0,N/A,N/A
scale_free_001881.txt,2.0,2.0,100.0,2.0,100.0,2.0,100.0,2.0,100.0,N/A,N/A
ego_001882.txt,2.0,2.0,100.0,2.0,100.0,2.0,100.0,2.0,100.0,N/A,N/A
er_001882.txt,18.0,N/A,N/A,18.0,100.0,18.0,100.0,N/A,N/A,N/A,N/A
scale_free_001882.txt,1.0,1.0,100.0,1.0,100.0,1.0,100.0,1.0,100.0,N/A,N/A
ego_001883.txt,9.0,9.0,100.0,9.0,100.0,9.0,100.0,N/A,N/A,N/A,N/A
er_001883.txt,8.0,8.0,100.0,8.0,100.0,8.0,100.0,8.0,100.0,N/A,N/A
scale_free_001883.txt,2.0,2.0,100.0,2.0,100.0,2.0,100.0,2.0,100.0,N/A,N/A
ego_001884.txt,2.0,2.0,100.0,2.0,100.0,2.0,100.0,2.0,100.0,N/A,N/A
er_001884.txt,8.0,8.0,100.0,8.0,100.0,8.0,100.0,8.0,100.0,N/A,N/A
scale_free_001884.txt,1.0,1.0,100.0,1.0,100.0,1.0,100.0,1.0,100.0,N/A,N/A
ego_001885.txt,12.0,12.0,100.0,12.0,100.0,13.0,92.3077,N/A,N/A,N/A,N/A
er_001885.txt,4.0,4.0,100.0,4.0,100.0,4.0,100.0,4.0,100.0,N/A,N/A
scale_free_001885.txt,2.0,2.0,100.0,2.0,100.0,2.0,100.0,2.0,100.0,N/A,N/A
ego_001886.txt,2.0,2.0,100.0,2.0,100.0,2.0,100.0,2.0,100.0,N/A,N/A
er_001886.txt,6.0,6.0,100.0,6.0,100.0,6.0,100.0,6.0,100.0,N/A,N/A
scale_free_001886.txt,1.0,1.0,100.0,1.0,100.0,1.0,100.0,1.0,100.0,N/A,N/A
ego_001887.txt,10.0,10.0,100.0,10.0,100.0,10.0,100.0,N/A,N/A,N/A,N/A
er_001887.txt,9.0,9.0,100.0,9.0,100.0,9.0,100.0,9.0,100.0,N/A,N/A
scale_free_001887.txt,1.0,1.0,100.0,1.0,100.0,1.0,100.0,1.0,100.0,N/A,N/A
ego_001888.txt,0.0,0.0,100.0,0.0,100.0,0.0,100.0,0.0,100.0,N/A,N/A
er_001888.txt,5.0,5.0,100.0,5.0,100.0,5.0,100.0,5.0,100.0,N/A,N/A
scale_free_001888.txt,2.0,2.0,100.0,2.0,100.0,2.0,100.0,2.0,100.0,N/A,N/A
ego_001889.txt,4.0,4.0,100.0,4.0,100.0,4.0,100.0,4.0,100.0,N/A,N/A
er_001889.txt,17.0,N/A,N/A,17.0,100.0,17.0,100.0,N/A,N/A,N/A,N/A
scale_free_001889.txt,1.0,1.0,100.0,1.0,100.0,1.0,100.0,1.0,100.0,N/A,N/A
ego_001890.txt,8.0,8.0,100.0,8.0,100.0,8.0,100.0,8.0,100.0,N/A,N/A
er_001890.txt,9.0,9.0,100.0,9.0,100.0,9.0,100.0,9.0,100.0,N/A,N/A
scale_free_001890.txt,1.0,1.0,100.0,1.0,100.0,1.0,100.0,1.0,100.0,N/A,N/A
ego_001891.txt,3.0,3.0,100.0,3.0,100.0,3.0,100.0,3.0,100.0,N/A,N/A
er_001891.txt,6.0,6.0,100.0,6.0,100.0,6.0,100.0,6.0,100.0,N/A,N/A
scale_free_001891.txt,1.0,1.0,100.0,1.0,100.0,1.0,100.0,1.0,100.0,N/A,N/A
ego_001892.txt,0.0,0.0,100.0,0.0,100.0,0.0,100.0,0.0,100.0,N/A,N/A
er_001892.txt,13.0,N/A,N/A,13.0,100.0,13.0,100.0,N/A,N/A,N/A,N/A
scale_free_001892.txt,1.0,1.0,100.0,1.0,100.0,1.0,100.0,1.0,100.0,N/A,N/A
ego_001893.txt,0.0,0.0,100.0,0.0,100.0,0.0,100.0,0.0,100.0,N/A,N/A
er_001893.txt,6.0,6.0,100.0,6.0,100.0,6.0,100.0,6.0,100.0,N/A,N/A
scale_free_001893.txt,1.0,1.0,100.0,1.0,100.0,1.0,100.0,1.0,100.0,N/A,N/A
ego_001894.txt,0.0,0.0,100.0,0.0,100.0,0.0,100.0,0.0,100.0,N/A,N/A
er_001894.txt,4.0,4.0,100.0,4.0,100.0,4.0,100.0,4.0,100.0,N/A,N/A
scale_free_001894.txt,1.0,1.0,100.0,1.0,100.0,1.0,100.0,1.0,100.0,N/A,N/A
ego_001895.txt,11.0,11.0,100.0,11.0,100.0,11.0,100.0,N/A,N/A,N/A,N/A
er_001895.txt,2.0,2.0,100.0,2.0,100.0,2.0,100.0,2.0,100.0,N/A,N/A
scale_free_001895.txt,1.0,1.0,100.0,1.0,100.0,1.0,100.0,1.0,100.0,N/A,N/A
ego_001896.txt,6.0,6.0,100.0,6.0,100.0,6.0,100.0,6.0,100.0,N/A,N/A
er_001896.txt,3.0,3.0,100.0,3.0,100.0,3.0,100.0,3.0,100.0,N/A,N/A
scale_free_001896.txt,2.0,2.0,100.0,2.0,100.0,2.0,100.0,2.0,100.0,N/A,N/A
ego_001897.txt,5.0,5.0,100.0,5.0,100.0,5.0,100.0,5.0,100.0,N/A,N/A
er_001897.txt,10.0,10.0,100.0,10.0,100.0,10.0,100.0,10.0,100.0,N/A,N/A
scale_free_001897.txt,1.0,1.0,100.0,1.0,100.0,1.0,100.0,1.0,100.0,N/A,N/A
ego_001898.txt,1.0,1.0,100.0,1.0,100.0,1.0,100.0,1.0,100.0,N/A,N/A
er_001898.txt,14.0,N/A,N/A,14.0,100.0,14.0,100.0,N/A,N/A,N/A,N/A
scale_free_001898.txt,1.0,1.0,100.0,1.0,100.0,1.0,100.0,1.0,100.0,N/A,N/A
ego_001899.txt,0.0,0.0,100.0,0.0,100.0,0.0,100.0,0.0,100.0,N/A,N/A
er_001899.txt,7.0,7.0,100.0,7.0,100.0,7.0,100.0,7.0,100.0,N/A,N/A
scale_free_001899.txt,2.0,2.0,100.0,2.0,100.0,2.0,100.0,2.0,100.0,N/A,N/A
ego_001900.txt,13.0,13.0,100.0,13.0,100.0,13.0,100.0,N/A,N/A,N/A,N/A
er_001900.txt,13.0,N/A,N/A,13.0,100.0,13.0,100.0,N/A,N/A,N/A,N/A
scale_free_001900.txt,1.0,1.0,100.0,1.0,100.0,1.0,100.0,1.0,100.0,N/A,N/A
ego_001901.txt,7.0,7.0,100.0,7.0,100.0,7.0,100.0,N/A,N/A,N/A,N/A
er_001901.txt,3.0,3.0,100.0,3.0,100.0,3.0,100.0,3.0,100.0,N/A,N/A
scale_free_001901.txt,1.0,1.0,100.0,1.0,100.0,1.0,100.0,1.0,100.0,N/A,N/A
ego_001902.txt,8.0,8.0,100.0,8.0,100.0,8.0,100.0,N/A,N/A,N/A,N/A
er_001902.txt,8.0,8.0,100.0,8.0,100.0,8.0,100.0,8.0,100.0,N/A,N/A
scale_free_001902.txt,1.0,1.0,100.0,1.0,100.0,1.0,100.0,1.0,100.0,N/A,N/A
ego_001903.txt,0.0,0.0,100.0,0.0,100.0,0.0,100.0,0.0,100.0,N/A,N/A
er_001903.txt,3.0,3.0,100.0,3.0,100.0,3.0,100.0,3.0,100.0,N/A,N/A
scale_free_001903.txt,1.0,1.0,100.0,1.0,100.0,1.0,100.0,1.0,100.0,N/A,N/A
ego_001904.txt,4.0,4.0,100.0,4.0,100.0,4.0,100.0,4.0,100.0,N/A,N/A
er_001904.txt,5.0,5.0,100.0,5.0,100.0,5.0,100.0,5.0,100.0,N/A,N/A
scale_free_001904.txt,1.0,1.0,100.0,1.0,100.0,1.0,100.0,1.0,100.0,N/A,N/A
ego_001905.txt,8.0,8.0,100.0,8.0,100.0,8.0,100.0,N/A,N/A,N/A,N/A
er_001905.txt,8.0,8.0,100.0,8.0,100.0,8.0,100.0,8.0,100.0,N/A,N/A
scale_free_001905.txt,1.0,1.0,100.0,1.0,100.0,1.0,100.0,1.0,100.0,N/A,N/A
ego_001906.txt,1.0,1.0,100.0,1.0,100.0,1.0,100.0,1.0,100.0,N/A,N/A
er_001906.txt,7.0,7.0,100.0,7.0,100.0,7.0,100.0,7.0,100.0,N/A,N/A
scale_free_001906.txt,1.0,1.0,100.0,1.0,100.0,1.0,100.0,1.0,100.0,N/A,N/A
ego_001907.txt,2.0,2.0,100.0,2.0,100.0,2.0,100.0,2.0,100.0,N/A,N/A
er_001907.txt,4.0,4.0,100.0,4.0,100.0,4.0,100.0,4.0,100.0,N/A,N/A
scale_free_001907.txt,1.0,1.0,100.0,1.0,100.0,1.0,100.0,1.0,100.0,N/A,N/A
ego_001908.txt,7.0,7.0,100.0,7.0,100.0,7.0,100.0,7.0,100.0,N/A,N/A
er_001908.txt,11.0,11.0,100.0,11.0,100.0,11.0,100.0,N/A,N/A,N/A,N/A
scale_free_001908.txt,1.0,1.0,100.0,1.0,100.0,1.0,100.0,1.0,100.0,N/A,N/A
ego_001909.txt,1.0,1.0,100.0,1.0,100.0,1.0,100.0,1.0,100.0,N/A,N/A
er_001909.txt,4.0,4.0,100.0,4.0,100.0,4.0,100.0,4.0,100.0,N/A,N/A
scale_free_001909.txt,1.0,1.0,100.0,1.0,100.0,1.0,100.0,1.0,100.0,N/A,N/A
ego_001910.txt,0.0,0.0,100.0,0.0,100.0,0.0,100.0,0.0,100.0,N/A,N/A
er_001910.txt,14.0,N/A,N/A,14.0,100.0,14.0,100.0,N/A,N/A,N/A,N/A
scale_free_001910.txt,1.0,1.0,100.0,1.0,100.0,1.0,100.0,1.0,100.0,N/A,N/A
ego_001911.txt,3.0,3.0,100.0,3.0,100.0,3.0,100.0,3.0,100.0,N/A,N/A
er_001911.txt,9.0,9.0,100.0,9.0,100.0,9.0,100.0,9.0,100.0,N/A,N/A
scale_free_001911.txt,3.0,3.0,100.0,3.0,100.0,3.0,100.0,3.0,100.0,N/A,N/A
ego_001912.txt,11.0,11.0,100.0,11.0,100.0,11.0,100.0,N/A,N/A,N/A,N/A
er_001912.txt,7.0,7.0,100.0,7.0,100.0,7.0,100.0,7.0,100.0,N/A,N/A
scale_free_001912.txt,1.0,1.0,100.0,1.0,100.0,1.0,100.0,1.0,100.0,N/A,N/A
ego_001913.txt,3.0,3.0,100.0,3.0,100.0,3.0,100.0,3.0,100.0,N/A,N/A
er_001913.txt,6.0,6.0,100.0,6.0,100.0,6.0,100.0,6.0,100.0,N/A,N/A
scale_free_001913.txt,1.0,1.0,100.0,1.0,100.0,1.0,100.0,1.0,100.0,N/A,N/A
ego_001914.txt,6.0,6.0,100.0,6.0,100.0,6.0,100.0,6.0,100.0,N/A,N/A
er_001914.txt,7.0,7.0,100.0,7.0,100.0,7.0,100.0,7.0,100.0,N/A,N/A
scale_free_001914.txt,2.0,2.0,100.0,2.0,100.0,2.0,100.0,2.0,100.0,N/A,N/A
ego_001915.txt,7.0,7.0,100.0,7.0,100.0,7.0,100.0,7.0,100.0,N/A,N/A
er_001915.txt,3.0,3.0,100.0,3.0,100.0,3.0,100.0,3.0,100.0,N/A,N/A
scale_free_001915.txt,1.0,1.0,100.0,1.0,100.0,1.0,100.0,1.0,100.0,N/A,N/A
ego_001916.txt,2.0,2.0,100.0,2.0,100.0,2.0,100.0,2.0,100.0,N/A,N/A
er_001916.txt,8.0,8.0,100.0,8.0,100.0,8.0,100.0,8.0,100.0,N/A,N/A
scale_free_001916.txt,1.0,1.0,100.0,1.0,100.0,1.0,100.0,1.0,100.0,N/A,N/A
ego_001917.txt,3.0,3.0,100.0,3.0,100.0,3.0,100.0,3.0,100.0,N/A,N/A
er_001917.txt,13.0,N/A,N/A,13.0,100.0,14.0,92.8571,N/A,N/A,N/A,N/A
scale_free_001917.txt,1.0,1.0,100.0,1.0,100.0,1.0,100.0,1.0,100.0,N/A,N/A
ego_001918.txt,2.0,2.0,100.0,2.0,100.0,2.0,100.0,2.0,100.0,N/A,N/A
er_001918.txt,4.0,4.0,100.0,4.0,100.0,4.0,100.0,4.0,100.0,N/A,N/A
scale_free_001918.txt,1.0,1.0,100.0,1.0,100.0,1.0,100.0,1.0,100.0,N/A,N/A
ego_001919.txt,2.0,2.0,100.0,2.0,100.0,2.0,100.0,2.0,100.0,N/A,N/A
er_001919.txt,2.0,2.0,100.0,2.0,100.0,2.0,100.0,2.0,100.0,N/A,N/A
scale_free_001919.txt,1.0,1.0,100.0,1.0,100.0,1.0,100.0,1.0,100.0,N/A,N/A
ego_001920.txt,2.0,2.0,100.0,2.0,100.0,2.0,100.0,2.0,100.0,N/A,N/A
er_001920.txt,11.0,11.0,100.0,11.0,100.0,11.0,100.0,N/A,N/A,N/A,N/A
scale_free_001920.txt,1.0,1.0,100.0,1.0,100.0,1.0,100.0,1.0,100.0,N/A,N/A
ego_001921.txt,0.0,0.0,100.0,0.0,100.0,0.0,100.0,0.0,100.0,N/A,N/A
er_001921.txt,2.0,2.0,100.0,2.0,100.0,2.0,100.0,2.0,100.0,N/A,N/A
scale_free_001921.txt,1.0,1.0,100.0,1.0,100.0,1.0,100.0,1.0,100.0,N/A,N/A
ego_001922.txt,2.0,2.0,100.0,2.0,100.0,2.0,100.0,2.0,100.0,N/A,N/A
er_001922.txt,6.0,6.0,100.0,6.0,100.0,6.0,100.0,6.0,100.0,N/A,N/A
scale_free_001922.txt,2.0,2.0,100.0,2.0,100.0,2.0,100.0,2.0,100.0,N/A,N/A
ego_001923.txt,7.0,7.0,100.0,7.0,100.0,7.0,100.0,N/A,N/A,N/A,N/A
er_001923.txt,13.0,N/A,N/A,13.0,100.0,13.0,100.0,N/A,N/A,N/A,N/A
scale_free_001923.txt,2.0,2.0,100.0,2.0,100.0,2.0,100.0,2.0,100.0,N/A,N/A
ego_001924.txt,10.0,10.0,100.0,10.0,100.0,10.0,100.0,N/A,N/A,N/A,N/A
er_001924.txt,4.0,4.0,100.0,4.0,100.0,4.0,100.0,4.0,100.0,N/A,N/A
scale_free_001924.txt,1.0,1.0,100.0,1.0,100.0,1.0,100.0,1.0,100.0,N/A,N/A
ego_001925.txt,0.0,0.0,100.0,0.0,100.0,0.0,100.0,0.0,100.0,N/A,N/A
er_001925.txt,16.0,N/A,N/A,16.0,100.0,16.0,100.0,N/A,N/A,N/A,N/A
scale_free_001925.txt,1.0,1.0,100.0,1.0,100.0,1.0,100.0,1.0,100.0,N/A,N/A
ego_001926.txt,12.0,12.0,100.0,12.0,100.0,12.0,100.0,12.0,100.0,N/A,N/A
er_001926.txt,2.0,2.0,100.0,2.0,100.0,2.0,100.0,2.0,100.0,N/A,N/A
scale_free_001926.txt,2.0,2.0,100.0,2.0,100.0,2.0,100.0,2.0,100.0,N/A,N/A
ego_001927.txt,2.0,2.0,100.0,2.0,100.0,2.0,100.0,2.0,100.0,N/A,N/A
er_001927.txt,13.0,N/A,N/A,13.0,100.0,13.0,100.0,N/A,N/A,N/A,N/A
scale_free_001927.txt,1.0,1.0,100.0,1.0,100.0,1.0,100.0,1.0,100.0,N/A,N/A
ego_001928.txt,0.0,0.0,100.0,0.0,100.0,0.0,100.0,0.0,100.0,N/A,N/A
er_001928.txt,14.0,N/A,N/A,14.0,100.0,14.0,100.0,N/A,N/A,N/A,N/A
scale_free_001928.txt,1.0,1.0,100.0,1.0,100.0,1.0,100.0,1.0,100.0,N/A,N/A
ego_001929.txt,5.0,5.0,100.0,5.0,100.0,5.0,100.0,5.0,100.0,N/A,N/A
er_001929.txt,9.0,9.0,100.0,9.0,100.0,9.0,100.0,9.0,100.0,N/A,N/A
scale_free_001929.txt,1.0,1.0,100.0,1.0,100.0,1.0,100.0,1.0,100.0,N/A,N/A
ego_001930.txt,1.0,1.0,100.0,1.0,100.0,1.0,100.0,1.0,100.0,N/A,N/A
er_001930.txt,7.0,7.0,100.0,7.0,100.0,7.0,100.0,7.0,100.0,N/A,N/A
scale_free_001930.txt,1.0,1.0,100.0,1.0,100.0,1.0,100.0,1.0,100.0,N/A,N/A
ego_001931.txt,3.0,3.0,100.0,3.0,100.0,3.0,100.0,3.0,100.0,N/A,N/A
er_001931.txt,16.0,N/A,N/A,16.0,100.0,16.0,100.0,N/A,N/A,N/A,N/A
scale_free_001931.txt,1.0,1.0,100.0,1.0,100.0,1.0,100.0,1.0,100.0,N/A,N/A
ego_001932.txt,2.0,2.0,100.0,2.0,100.0,2.0,100.0,2.0,100.0,N/A,N/A
er_001932.txt,14.0,N/A,N/A,14.0,100.0,14.0,100.0,N/A,N/A,N/A,N/A
scale_free_001932.txt,1.0,1.0,100.0,1.0,100.0,1.0,100.0,1.0,100.0,N/A,N/A
ego_001933.txt,0.0,0.0,100.0,0.0,100.0,0.0,100.0,0.0,100.0,N/A,N/A
er_001933.txt,5.0,5.0,100.0,5.0,100.0,5.0,100.0,5.0,100.0,N/A,N/A
scale_free_001933.txt,1.0,1.0,100.0,1.0,100.0,1.0,100.0,1.0,100.0,N/A,N/A
ego_001934.txt,8.0,8.0,100.0,8.0,100.0,8.0,100.0,8.0,100.0,N/A,N/A
er_001934.txt,2.0,2.0,100.0,2.0,100.0,2.0,100.0,2.0,100.0,N/A,N/A
scale_free_001934.txt,1.0,1.0,100.0,1.0,100.0,1.0,100.0,1.0,100.0,N/A,N/A
ego_001935.txt,6.0,6.0,100.0,6.0,100.0,6.0,100.0,6.0,100.0,N/A,N/A
er_001935.txt,5.0,5.0,100.0,5.0,100.0,5.0,100.0,5.0,100.0,N/A,N/A
scale_free_001935.txt,2.0,2.0,100.0,2.0,100.0,2.0,100.0,2.0,100.0,N/A,N/A
ego_001936.txt,7.0,7.0,100.0,7.0,100.0,7.0,100.0,N/A,N/A,N/A,N/A
er_001936.txt,9.0,9.0,100.0,9.0,100.0,9.0,100.0,9.0,100.0,N/A,N/A
scale_free_001936.txt,1.0,1.0,100.0,1.0,100.0,1.0,100.0,1.0,100.0,N/A,N/A
ego_001937.txt,8.0,8.0,100.0,8.0,100.0,8.0,100.0,8.0,100.0,N/A,N/A
er_001937.txt,4.0,4.0,100.0,4.0,100.0,4.0,100.0,4.0,100.0,N/A,N/A
scale_free_001937.txt,1.0,1.0,100.0,1.0,100.0,1.0,100.0,1.0,100.0,N/A,N/A
ego_001938.txt,2.0,2.0,100.0,2.0,100.0,2.0,100.0,2.0,100.0,N/A,N/A
er_001938.txt,12.0,12.0,100.0,12.0,100.0,12.0,100.0,N/A,N/A,N/A,N/A
scale_free_001938.txt,1.0,1.0,100.0,1.0,100.0,1.0,100.0,1.0,100.0,N/A,N/A
ego_001939.txt,0.0,0.0,100.0,0.0,100.0,0.0,100.0,0.0,100.0,N/A,N/A
er_001939.txt,9.0,9.0,100.0,9.0,100.0,9.0,100.0,N/A,N/A,N/A,N/A
scale_free_001939.txt,1.0,1.0,100.0,1.0,100.0,1.0,100.0,1.0,100.0,N/A,N/A
ego_001940.txt,5.0,5.0,100.0,5.0,100.0,5.0,100.0,5.0,100.0,N/A,N/A
er_001940.txt,15.0,N/A,N/A,15.0,100.0,15.0,100.0,N/A,N/A,N/A,N/A
scale_free_001940.txt,1.0,1.0,100.0,1.0,100.0,1.0,100.0,1.0,100.0,N/A,N/A
ego_001941.txt,8.0,8.0,100.0,8.0,100.0,8.0,100.0,8.0,100.0,N/A,N/A
er_001941.txt,3.0,3.0,100.0,3.0,100.0,3.0,100.0,3.0,100.0,N/A,N/A
scale_free_001941.txt,1.0,1.0,100.0,1.0,100.0,1.0,100.0,1.0,100.0,N/A,N/A
ego_001942.txt,9.0,9.0,100.0,9.0,100.0,9.0,100.0,N/A,N/A,N/A,N/A
er_001942.txt,15.0,N/A,N/A,15.0,100.0,16.0,93.75,N/A,N/A,N/A,N/A
scale_free_001942.txt,1.0,1.0,100.0,1.0,100.0,1.0,100.0,1.0,100.0,N/A,N/A
ego_001943.txt,5.0,5.0,100.0,5.0,100.0,5.0,100.0,5.0,100.0,N/A,N/A
er_001943.txt,3.0,3.0,100.0,3.0,100.0,3.0,100.0,3.0,100.0,N/A,N/A
scale_free_001943.txt,1.0,1.0,100.0,1.0,100.0,1.0,100.0,1.0,100.0,N/A,N/A
ego_001944.txt,0.0,0.0,100.0,0.0,100.0,0.0,100.0,0.0,100.0,N/A,N/A
er_001944.txt,1.0,1.0,100.0,1.0,100.0,1.0,100.0,1.0,100.0,N/A,N/A
scale_free_001944.txt,1.0,1.0,100.0,1.0,100.0,1.0,100.0,1.0,100.0,N/A,N/A
ego_001945.txt,12.0,12.0,100.0,12.0,100.0,12.0,100.0,N/A,N/A,N/A,N/A
er_001945.txt,14.0,N/A,N/A,14.0,100.0,14.0,100.0,N/A,N/A,N/A,N/A
scale_free_001945.txt,1.0,1.0,100.0,1.0,100.0,1.0,100.0,1.0,100.0,N/A,N/A
ego_001946.txt,4.0,4.0,100.0,4.0,100.0,4.0,100.0,4.0,100.0,N/A,N/A
er_001946.txt,8.0,8.0,100.0,8.0,100.0,8.0,100.0,8.0,100.0,N/A,N/A
scale_free_001946.txt,1.0,1.0,100.0,1.0,100.0,1.0,100.0,1.0,100.0,N/A,N/A
ego_001947.txt,0.0,0.0,100.0,0.0,100.0,0.0,100.0,0.0,100.0,N/A,N/A
er_001947.txt,10.0,10.0,100.0,10.0,100.0,10.0,100.0,10.0,100.0,N/A,N/A
scale_free_001947.txt,1.0,1.0,100.0,1.0,100.0,1.0,100.0,1.0,100.0,N/A,N/A
ego_001948.txt,7.0,7.0,100.0,7.0,100.0,7.0,100.0,7.0,100.0,N/A,N/A
er_001948.txt,11.0,11.0,100.0,11.0,100.0,11.0,100.0,N/A,N/A,N/A,N/A
scale_free_001948.txt,1.0,1.0,100.0,1.0,100.0,1.0,100.0,1.0,100.0,N/A,N/A
ego_001949.txt,12.0,12.0,100.0,12.0,100.0,12.0,100.0,N/A,N/A,N/A,N/A
er_001949.txt,19.0,N/A,N/A,19.0,100.0,19.0,100.0,N/A,N/A,N/A,N/A
scale_free_001949.txt,2.0,2.0,100.0,2.0,100.0,2.0,100.0,2.0,100.0,N/A,N/A
ego_001950.txt,6.0,6.0,100.0,6.0,100.0,6.0,100.0,N/A,N/A,N/A,N/A
er_001950.txt,11.0,11.0,100.0,11.0,100.0,11.0,100.0,N/A,N/A,N/A,N/A
scale_free_001950.txt,1.0,1.0,100.0,1.0,100.0,1.0,100.0,1.0,100.0,N/A,N/A
ego_001951.txt,6.0,6.0,100.0,6.0,100.0,6.0,100.0,6.0,100.0,N/A,N/A
er_001951.txt,14.0,N/A,N/A,14.0,100.0,14.0,100.0,N/A,N/A,N/A,N/A
scale_free_001951.txt,1.0,1.0,100.0,1.0,100.0,1.0,100.0,1.0,100.0,N/A,N/A
ego_001952.txt,6.0,6.0,100.0,6.0,100.0,6.0,100.0,N/A,N/A,N/A,N/A
er_001952.txt,5.0,5.0,100.0,5.0,100.0,5.0,100.0,5.0,100.0,N/A,N/A
scale_free_001952.txt,1.0,1.0,100.0,1.0,100.0,1.0,100.0,1.0,100.0,N/A,N/A
ego_001953.txt,0.0,0.0,100.0,0.0,100.0,0.0,100.0,0.0,100.0,N/A,N/A
er_001953.txt,18.0,N/A,N/A,18.0,100.0,18.0,100.0,N/A,N/A,N/A,N/A
scale_free_001953.txt,1.0,1.0,100.0,1.0,100.0,1.0,100.0,1.0,100.0,N/A,N/A
ego_001954.txt,1.0,1.0,100.0,1.0,100.0,1.0,100.0,1.0,100.0,N/A,N/A
er_001954.txt,17.0,N/A,N/A,17.0,100.0,17.0,100.0,N/A,N/A,N/A,N/A
scale_free_001954.txt,1.0,1.0,100.0,1.0,100.0,1.0,100.0,1.0,100.0,N/A,N/A
ego_001955.txt,0.0,0.0,100.0,0.0,100.0,0.0,100.0,0.0,100.0,N/A,N/A
er_001955.txt,6.0,6.0,100.0,6.0,100.0,6.0,100.0,6.0,100.0,N/A,N/A
scale_free_001955.txt,1.0,1.0,100.0,1.0,100.0,1.0,100.0,1.0,100.0,N/A,N/A
ego_001956.txt,8.0,8.0,100.0,8.0,100.0,8.0,100.0,N/A,N/A,N/A,N/A
er_001956.txt,7.0,7.0,100.0,7.0,100.0,7.0,100.0,7.0,100.0,N/A,N/A
scale_free_001956.txt,1.0,1.0,100.0,1.0,100.0,1.0,100.0,1.0,100.0,N/A,N/A
ego_001957.txt,6.0,6.0,100.0,6.0,100.0,6.0,100.0,6.0,100.0,N/A,N/A
er_001957.txt,13.0,N/A,N/A,13.0,100.0,13.0,100.0,N/A,N/A,N/A,N/A
scale_free_001957.txt,1.0,1.0,100.0,1.0,100.0,1.0,100.0,1.0,100.0,N/A,N/A
ego_001958.txt,2.0,2.0,100.0,2.0,100.0,2.0,100.0,2.0,100.0,N/A,N/A
er_001958.txt,2.0,2.0,100.0,2.0,100.0,2.0,100.0,2.0,100.0,N/A,N/A
scale_free_001958.txt,1.0,1.0,100.0,1.0,100.0,1.0,100.0,1.0,100.0,N/A,N/A
ego_001959.txt,9.0,9.0,100.0,9.0,100.0,9.0,100.0,N/A,N/A,N/A,N/A
er_001959.txt,7.0,7.0,100.0,7.0,100.0,7.0,100.0,7.0,100.0,N/A,N/A
scale_free_001959.txt,1.0,1.0,100.0,1.0,100.0,1.0,100.0,1.0,100.0,N/A,N/A
ego_001960.txt,3.0,3.0,100.0,3.0,100.0,3.0,100.0,3.0,100.0,N/A,N/A
er_001960.txt,5.0,5.0,100.0,5.0,100.0,5.0,100.0,5.0,100.0,N/A,N/A
scale_free_001960.txt,3.0,3.0,100.0,3.0,100.0,3.0,100.0,3.0,100.0,N/A,N/A
ego_001961.txt,1.0,1.0,100.0,1.0,100.0,1.0,100.0,1.0,100.0,N/A,N/A
er_001961.txt,4.0,4.0,100.0,4.0,100.0,4.0,100.0,4.0,100.0,N/A,N/A
scale_free_001961.txt,1.0,1.0,100.0,1.0,100.0,1.0,100.0,1.0,100.0,N/A,N/A
ego_001962.txt,1.0,1.0,100.0,1.0,100.0,1.0,100.0,1.0,100.0,N/A,N/A
er_001962.txt,5.0,5.0,100.0,5.0,100.0,5.0,100.0,5.0,100.0,N/A,N/A
scale_free_001962.txt,1.0,1.0,100.0,1.0,100.0,1.0,100.0,1.0,100.0,N/A,N/A
ego_001963.txt,3.0,3.0,100.0,3.0,100.0,3.0,100.0,3.0,100.0,N/A,N/A
er_001963.txt,8.0,8.0,100.0,8.0,100.0,8.0,100.0,N/A,N/A,N/A,N/A
scale_free_001963.txt,1.0,1.0,100.0,1.0,100.0,1.0,100.0,1.0,100.0,N/A,N/A
ego_001964.txt,9.0,9.0,100.0,9.0,100.0,9.0,100.0,N/A,N/A,N/A,N/A
er_001964.txt,14.0,N/A,N/A,14.0,100.0,14.0,100.0,N/A,N/A,N/A,N/A
scale_free_001964.txt,1.0,1.0,100.0,1.0,100.0,1.0,100.0,1.0,100.0,N/A,N/A
ego_001965.txt,8.0,8.0,100.0,8.0,100.0,8.0,100.0,N/A,N/A,N/A,N/A
er_001965.txt,2.0,2.0,100.0,2.0,100.0,2.0,100.0,2.0,100.0,N/A,N/A
scale_free_001965.txt,1.0,1.0,100.0,1.0,100.0,1.0,100.0,1.0,100.0,N/A,N/A
ego_001966.txt,1.0,1.0,100.0,1.0,100.0,1.0,100.0,1.0,100.0,N/A,N/A
er_001966.txt,15.0,N/A,N/A,N/A,N/A,15.0,100.0,N/A,N/A,N/A,N/A
scale_free_001966.txt,1.0,1.0,100.0,1.0,100.0,1.0,100.0,1.0,100.0,N/A,N/A
ego_001967.txt,0.0,0.0,100.0,0.0,100.0,0.0,100.0,0.0,100.0,N/A,N/A
er_001967.txt,14.0,N/A,N/A,14.0,100.0,14.0,100.0,N/A,N/A,N/A,N/A
scale_free_001967.txt,1.0,1.0,100.0,1.0,100.0,1.0,100.0,1.0,100.0,N/A,N/A
ego_001968.txt,5.0,5.0,100.0,5.0,100.0,5.0,100.0,5.0,100.0,N/A,N/A
er_001968.txt,13.0,N/A,N/A,13.0,100.0,13.0,100.0,N/A,N/A,N/A,N/A
scale_free_001968.txt,1.0,1.0,100.0,1.0,100.0,1.0,100.0,1.0,100.0,N/A,N/A
ego_001969.txt,13.0,13.0,100.0,13.0,100.0,14.0,92.8571,N/A,N/A,N/A,N/A
er_001969.txt,9.0,9.0,100.0,9.0,100.0,10.0,90.0,9.0,100.0,N/A,N/A
scale_free_001969.txt,1.0,1.0,100.0,1.0,100.0,1.0,100.0,1.0,100.0,N/A,N/A
ego_001970.txt,2.0,2.0,100.0,2.0,100.0,2.0,100.0,2.0,100.0,N/A,N/A
er_001970.txt,2.0,2.0,100.0,2.0,100.0,2.0,100.0,2.0,100.0,N/A,N/A
scale_free_001970.txt,1.0,1.0,100.0,1.0,100.0,1.0,100.0,1.0,100.0,N/A,N/A
ego_001971.txt,16.0,16.0,100.0,16.0,100.0,16.0,100.0,N/A,N/A,N/A,N/A
er_001971.txt,5.0,5.0,100.0,5.0,100.0,5.0,100.0,5.0,100.0,N/A,N/A
scale_free_001971.txt,1.0,1.0,100.0,1.0,100.0,1.0,100.0,1.0,100.0,N/A,N/A
ego_001972.txt,14.0,14.0,100.0,14.0,100.0,14.0,100.0,N/A,N/A,N/A,N/A
er_001972.txt,5.0,5.0,100.0,5.0,100.0,5.0,100.0,5.0,100.0,N/A,N/A
scale_free_001972.txt,1.0,1.0,100.0,1.0,100.0,1.0,100.0,1.0,100.0,N/A,N/A
ego_001973.txt,5.0,5.0,100.0,5.0,100.0,5.0,100.0,5.0,100.0,N/A,N/A
er_001973.txt,4.0,4.0,100.0,4.0,100.0,4.0,100.0,4.0,100.0,N/A,N/A
scale_free_001973.txt,2.0,2.0,100.0,2.0,100.0,2.0,100.0,2.0,100.0,N/A,N/A
ego_001974.txt,6.0,6.0,100.0,6.0,100.0,6.0,100.0,6.0,100.0,N/A,N/A
er_001974.txt,4.0,4.0,100.0,4.0,100.0,4.0,100.0,4.0,100.0,N/A,N/A
scale_free_001974.txt,2.0,2.0,100.0,2.0,100.0,2.0,100.0,2.0,100.0,N/A,N/A
ego_001975.txt,8.0,8.0,100.0,8.0,100.0,8.0,100.0,8.0,100.0,N/A,N/A
er_001975.txt,9.0,9.0,100.0,9.0,100.0,9.0,100.0,N/A,N/A,N/A,N/A
scale_free_001975.txt,2.0,2.0,100.0,2.0,100.0,2.0,100.0,2.0,100.0,N/A,N/A
ego_001976.txt,2.0,2.0,100.0,2.0,100.0,2.0,100.0,2.0,100.0,N/A,N/A
er_001976.txt,15.0,N/A,N/A,15.0,100.0,15.0,100.0,N/A,N/A,N/A,N/A
scale_free_001976.txt,1.0,1.0,100.0,1.0,100.0,1.0,100.0,1.0,100.0,N/A,N/A
ego_001977.txt,3.0,3.0,100.0,3.0,100.0,3.0,100.0,3.0,100.0,N/A,N/A
er_001977.txt,1.0,1.0,100.0,1.0,100.0,1.0,100.0,1.0,100.0,N/A,N/A
scale_free_001977.txt,1.0,1.0,100.0,1.0,100.0,1.0,100.0,1.0,100.0,N/A,N/A
ego_001978.txt,3.0,3.0,100.0,3.0,100.0,3.0,100.0,3.0,100.0,N/A,N/A
er_001978.txt,13.0,N/A,N/A,13.0,100.0,13.0,100.0,N/A,N/A,N/A,N/A
scale_free_001978.txt,1.0,1.0,100.0,1.0,100.0,1.0,100.0,1.0,100.0,N/A,N/A
ego_001979.txt,10.0,10.0,100.0,10.0,100.0,10.0,100.0,N/A,N/A,N/A,N/A
er_001979.txt,7.0,7.0,100.0,7.0,100.0,7.0,100.0,7.0,100.0,N/A,N/A
scale_free_001979.txt,1.0,1.0,100.0,1.0,100.0,1.0,100.0,1.0,100.0,N/A,N/A
ego_001980.txt,0.0,0.0,100.0,0.0,100.0,0.0,100.0,0.0,100.0,N/A,N/A
er_001980.txt,8.0,8.0,100.0,8.0,100.0,8.0,100.0,N/A,N/A,N/A,N/A
scale_free_001980.txt,1.0,1.0,100.0,1.0,100.0,1.0,100.0,1.0,100.0,N/A,N/A
ego_001981.txt,4.0,4.0,100.0,4.0,100.0,4.0,100.0,4.0,100.0,N/A,N/A
er_001981.txt,7.0,7.0,100.0,7.0,100.0,7.0,100.0,7.0,100.0,N/A,N/A
scale_free_001981.txt,1.0,1.0,100.0,1.0,100.0,1.0,100.0,1.0,100.0,N/A,N/A
ego_001982.txt,2.0,2.0,100.0,2.0,100.0,2.0,100.0,2.0,100.0,N/A,N/A
er_001982.txt,5.0,5.0,100.0,5.0,100.0,5.0,100.0,5.0,100.0,N/A,N/A
scale_free_001982.txt,2.0,2.0,100.0,2.0,100.0,2.0,100.0,2.0,100.0,N/A,N/A
ego_001983.txt,4.0,4.0,100.0,4.0,100.0,4.0,100.0,4.0,100.0,N/A,N/A
er_001983.txt,9.0,9.0,100.0,9.0,100.0,9.0,100.0,9.0,100.0,N/A,N/A
scale_free_001983.txt,1.0,1.0,100.0,1.0,100.0,1.0,100.0,1.0,100.0,N/A,N/A
ego_001984.txt,0.0,0.0,100.0,0.0,100.0,0.0,100.0,0.0,100.0,N/A,N/A
er_001984.txt,17.0,N/A,N/A,17.0,100.0,17.0,100.0,N/A,N/A,N/A,N/A
scale_free_001984.txt,1.0,1.0,100.0,1.0,100.0,1.0,100.0,1.0,100.0,N/A,N/A
ego_001985.txt,8.0,8.0,100.0,8.0,100.0,8.0,100.0,N/A,N/A,N/A,N/A
er_001985.txt,3.0,3.0,100.0,3.0,100.0,3.0,100.0,3.0,100.0,N/A,N/A
scale_free_001985.txt,2.0,2.0,100.0,2.0,100.0,2.0,100.0,2.0,100.0,N/A,N/A
ego_001986.txt,4.0,4.0,100.0,4.0,100.0,4.0,100.0,4.0,100.0,N/A,N/A
er_001986.txt,12.0,N/A,N/A,12.0,100.0,13.0,92.3077,N/A,N/A,N/A,N/A
scale_free_001986.txt,1.0,1.0,100.0,1.0,100.0,1.0,100.0,1.0,100.0,N/A,N/A
ego_001987.txt,10.0,10.0,100.0,10.0,100.0,10.0,100.0,N/A,N/A,N/A,N/A
er_001987.txt,4.0,4.0,100.0,4.0,100.0,4.0,100.0,4.0,100.0,N/A,N/A
scale_free_001987.txt,1.0,1.0,100.0,1.0,100.0,1.0,100.0,1.0,100.0,N/A,N/A
ego_001988.txt,8.0,8.0,100.0,8.0,100.0,8.0,100.0,N/A,N/A,N/A,N/A
er_001988.txt,10.0,10.0,100.0,10.0,100.0,11.0,90.9091,N/A,N/A,N/A,N/A
scale_free_001988.txt,1.0,1.0,100.0,1.0,100.0,1.0,100.0,1.0,100.0,N/A,N/A
ego_001989.txt,9.0,9.0,100.0,9.0,100.0,9.0,100.0,N/A,N/A,N/A,N/A
er_001989.txt,7.0,7.0,100.0,7.0,100.0,7.0,100.0,7.0,100.0,N/A,N/A
scale_free_001989.txt,1.0,1.0,100.0,1.0,100.0,1.0,100.0,1.0,100.0,N/A,N/A
ego_001990.txt,0.0,0.0,100.0,0.0,100.0,0.0,100.0,0.0,100.0,N/A,N/A
er_001990.txt,9.0,9.0,100.0,9.0,100.0,9.0,100.0,N/A,N/A,N/A,N/A
scale_free_001990.txt,1.0,1.0,100.0,1.0,100.0,1.0,100.0,1.0,100.0,N/A,N/A
ego_001991.txt,10.0,10.0,100.0,10.0,100.0,10.0,100.0,N/A,N/A,N/A,N/A
er_001991.txt,4.0,4.0,100.0,4.0,100.0,4.0,100.0,4.0,100.0,N/A,N/A
scale_free_001991.txt,1.0,1.0,100.0,1.0,100.0,1.0,100.0,1.0,100.0,N/A,N/A
ego_001992.txt,6.0,6.0,100.0,6.0,100.0,6.0,100.0,6.0,100.0,N/A,N/A
er_001992.txt,0.0,0.0,100.0,0.0,100.0,0.0,100.0,0.0,100.0,N/A,N/A
scale_free_001992.txt,1.0,1.0,100.0,1.0,100.0,1.0,100.0,1.0,100.0,N/A,N/A
ego_001993.txt,2.0,2.0,100.0,2.0,100.0,2.0,100.0,2.0,100.0,N/A,N/A
er_001993.txt,11.0,N/A,N/A,11.0,100.0,11.0,100.0,N/A,N/A,N/A,N/A
scale_free_001993.txt,1.0,1.0,100.0,1.0,100.0,1.0,100.0,1.0,100.0,N/A,N/A
ego_001994.txt,4.0,4.0,100.0,4.0,100.0,4.0,100.0,4.0,100.0,N/A,N/A
er_001994.txt,12.0,N/A,N/A,12.0,100.0,12.0,100.0,N/A,N/A,N/A,N/A
scale_free_001994.txt,1.0,1.0,100.0,1.0,100.0,1.0,100.0,1.0,100.0,N/A,N/A
ego_001995.txt,7.0,7.0,100.0,7.0,100.0,7.0,100.0,7.0,100.0,N/A,N/A
er_001995.txt,12.0,12.0,100.0,12.0,100.0,12.0,100.0,N/A,N/A,N/A,N/A
scale_free_001995.txt,2.0,2.0,100.0,2.0,100.0,2.0,100.0,2.0,100.0,N/A,N/A
ego_001996.txt,4.0,4.0,100.0,4.0,100.0,4.0,100.0,4.0,100.0,N/A,N/A
er_001996.txt,10.0,N/A,N/A,10.0,100.0,10.0,100.0,N/A,N/A,N/A,N/A
scale_free_001996.txt,1.0,1.0,100.0,1.0,100.0,1.0,100.0,1.0,100.0,N/A,N/A
ego_001997.txt,10.0,10.0,100.0,10.0,100.0,10.0,100.0,N/A,N/A,N/A,N/A
er_001997.txt,7.0,7.0,100.0,7.0,100.0,7.0,100.0,7.0,100.0,N/A,N/A
scale_free_001997.txt,2.0,2.0,100.0,2.0,100.0,2.0,100.0,2.0,100.0,N/A,N/A
ego_001998.txt,10.0,10.0,100.0,10.0,100.0,10.0,100.0,N/A,N/A,N/A,N/A
er_001998.txt,8.0,8.0,100.0,8.0,100.0,8.0,100.0,N/A,N/A,N/A,N/A
scale_free_001998.txt,2.0,2.0,100.0,2.0,100.0,2.0,100.0,2.0,100.0,N/A,N/A
ego_001999.txt,5.0,5.0,100.0,5.0,100.0,5.0,100.0,5.0,100.0,N/A,N/A
er_001999.txt,5.0,5.0,100.0,5.0,100.0,5.0,100.0,5.0,100.0,N/A,N/A
scale_free_001999.txt,2.0,2.0,100.0,2.0,100.0,2.0,100.0,2.0,100.0,N/A,N/A
ego_002000.txt,4.0,4.0,100.0,4.0,100.0,4.0,100.0,4.0,100.0,N/A,N/A
ego_002001.txt,6.0,6.0,100.0,6.0,100.0,6.0,100.0,6.0,100.0,N/A,N/A
ego_002002.txt,0.0,0.0,100.0,0.0,100.0,0.0,100.0,0.0,100.0,N/A,N/A
ego_002003.txt,1.0,1.0,100.0,1.0,100.0,1.0,100.0,1.0,100.0,N/A,N/A
ego_002004.txt,0.0,0.0,100.0,0.0,100.0,0.0,100.0,0.0,100.0,N/A,N/A
ego_002005.txt,9.0,9.0,100.0,9.0,100.0,9.0,100.0,N/A,N/A,N/A,N/A
ego_002006.txt,12.0,12.0,100.0,12.0,100.0,12.0,100.0,N/A,N/A,N/A,N/A
ego_002007.txt,2.0,2.0,100.0,2.0,100.0,2.0,100.0,2.0,100.0,N/A,N/A
ego_002008.txt,0.0,0.0,100.0,0.0,100.0,0.0,100.0,0.0,100.0,N/A,N/A
ego_002009.txt,0.0,0.0,100.0,0.0,100.0,0.0,100.0,0.0,100.0,N/A,N/A
ego_002010.txt,5.0,5.0,100.0,5.0,100.0,5.0,100.0,5.0,100.0,N/A,N/A
ego_002011.txt,11.0,11.0,100.0,11.0,100.0,11.0,100.0,11.0,100.0,N/A,N/A
ego_002012.txt,2.0,2.0,100.0,2.0,100.0,2.0,100.0,2.0,100.0,N/A,N/A
ego_002013.txt,10.0,10.0,100.0,10.0,100.0,10.0,100.0,N/A,N/A,N/A,N/A
ego_002014.txt,0.0,0.0,100.0,0.0,100.0,0.0,100.0,0.0,100.0,N/A,N/A
ego_002015.txt,5.0,5.0,100.0,5.0,100.0,5.0,100.0,5.0,100.0,N/A,N/A
ego_002016.txt,0.0,0.0,100.0,0.0,100.0,0.0,100.0,0.0,100.0,N/A,N/A
ego_002017.txt,3.0,3.0,100.0,3.0,100.0,3.0,100.0,3.0,100.0,N/A,N/A
ego_002018.txt,0.0,0.0,100.0,0.0,100.0,0.0,100.0,0.0,100.0,N/A,N/A
ego_002019.txt,7.0,7.0,100.0,7.0,100.0,7.0,100.0,N/A,N/A,N/A,N/A
ego_002020.txt,3.0,3.0,100.0,3.0,100.0,3.0,100.0,3.0,100.0,N/A,N/A
ego_002021.txt,0.0,0.0,100.0,0.0,100.0,0.0,100.0,0.0,100.0,N/A,N/A
ego_002022.txt,0.0,0.0,100.0,0.0,100.0,0.0,100.0,0.0,100.0,N/A,N/A
ego_002023.txt,7.0,7.0,100.0,7.0,100.0,7.0,100.0,N/A,N/A,N/A,N/A
ego_002024.txt,2.0,2.0,100.0,2.0,100.0,2.0,100.0,2.0,100.0,N/A,N/A
ego_002025.txt,0.0,0.0,100.0,0.0,100.0,0.0,100.0,0.0,100.0,N/A,N/A
ego_002026.txt,2.0,2.0,100.0,2.0,100.0,2.0,100.0,2.0,100.0,N/A,N/A
ego_002027.txt,4.0,4.0,100.0,4.0,100.0,4.0,100.0,4.0,100.0,N/A,N/A
ego_002028.txt,7.0,7.0,100.0,7.0,100.0,7.0,100.0,7.0,100.0,N/A,N/A
ego_002029.txt,4.0,4.0,100.0,4.0,100.0,4.0,100.0,4.0,100.0,N/A,N/A
ego_002030.txt,5.0,5.0,100.0,5.0,100.0,5.0,100.0,5.0,100.0,N/A,N/A
ego_002031.txt,7.0,7.0,100.0,7.0,100.0,7.0,100.0,7.0,100.0,N/A,N/A
ego_002032.txt,2.0,2.0,100.0,2.0,100.0,2.0,100.0,2.0,100.0,N/A,N/A
ego_002033.txt,9.0,9.0,100.0,9.0,100.0,9.0,100.0,N/A,N/A,N/A,N/A
ego_002034.txt,0.0,0.0,100.0,0.0,100.0,0.0,100.0,0.0,100.0,N/A,N/A
ego_002035.txt,9.0,9.0,100.0,9.0,100.0,9.0,100.0,9.0,100.0,N/A,N/A
ego_002036.txt,2.0,2.0,100.0,2.0,100.0,2.0,100.0,2.0,100.0,N/A,N/A
ego_002037.txt,7.0,7.0,100.0,7.0,100.0,7.0,100.0,7.0,100.0,N/A,N/A
ego_002038.txt,0.0,0.0,100.0,0.0,100.0,0.0,100.0,0.0,100.0,N/A,N/A
ego_002039.txt,14.0,14.0,100.0,14.0,100.0,14.0,100.0,N/A,N/A,N/A,N/A
ego_002040.txt,9.0,9.0,100.0,9.0,100.0,9.0,100.0,N/A,N/A,N/A,N/A
ego_002041.txt,7.0,7.0,100.0,7.0,100.0,7.0,100.0,7.0,100.0,N/A,N/A
ego_002042.txt,4.0,4.0,100.0,4.0,100.0,4.0,100.0,4.0,100.0,N/A,N/A
ego_002043.txt,5.0,5.0,100.0,5.0,100.0,5.0,100.0,5.0,100.0,N/A,N/A
ego_002044.txt,3.0,3.0,100.0,3.0,100.0,3.0,100.0,3.0,100.0,N/A,N/A
ego_002045.txt,10.0,10.0,100.0,10.0,100.0,10.0,100.0,N/A,N/A,N/A,N/A
ego_002046.txt,0.0,0.0,100.0,0.0,100.0,0.0,100.0,0.0,100.0,N/A,N/A
ego_002047.txt,2.0,2.0,100.0,2.0,100.0,2.0,100.0,2.0,100.0,N/A,N/A
ego_002048.txt,4.0,4.0,100.0,4.0,100.0,4.0,100.0,4.0,100.0,N/A,N/A
ego_002049.txt,4.0,4.0,100.0,4.0,100.0,4.0,100.0,4.0,100.0,N/A,N/A
ego_002050.txt,6.0,6.0,100.0,6.0,100.0,6.0,100.0,6.0,100.0,N/A,N/A
ego_002051.txt,7.0,7.0,100.0,7.0,100.0,7.0,100.0,7.0,100.0,N/A,N/A
ego_002052.txt,11.0,11.0,100.0,11.0,100.0,11.0,100.0,N/A,N/A,N/A,N/A
ego_002053.txt,8.0,8.0,100.0,8.0,100.0,8.0,100.0,8.0,100.0,N/A,N/A
ego_002054.txt,5.0,5.0,100.0,5.0,100.0,5.0,100.0,5.0,100.0,N/A,N/A
ego_002055.txt,8.0,8.0,100.0,8.0,100.0,8.0,100.0,N/A,N/A,N/A,N/A
ego_002056.txt,7.0,7.0,100.0,7.0,100.0,7.0,100.0,7.0,100.0,N/A,N/A
ego_002057.txt,9.0,9.0,100.0,9.0,100.0,9.0,100.0,9.0,100.0,N/A,N/A
ego_002058.txt,3.0,3.0,100.0,3.0,100.0,3.0,100.0,3.0,100.0,N/A,N/A
ego_002059.txt,2.0,2.0,100.0,2.0,100.0,2.0,100.0,2.0,100.0,N/A,N/A
ego_002060.txt,4.0,4.0,100.0,4.0,100.0,4.0,100.0,4.0,100.0,N/A,N/A
ego_002061.txt,6.0,6.0,100.0,6.0,100.0,6.0,100.0,6.0,100.0,N/A,N/A
ego_002062.txt,4.0,4.0,100.0,4.0,100.0,4.0,100.0,4.0,100.0,N/A,N/A
ego_002063.txt,0.0,0.0,100.0,0.0,100.0,0.0,100.0,0.0,100.0,N/A,N/A
ego_002064.txt,1.0,1.0,100.0,1.0,100.0,1.0,100.0,1.0,100.0,N/A,N/A
ego_002065.txt,4.0,4.0,100.0,4.0,100.0,4.0,100.0,4.0,100.0,N/A,N/A
ego_002066.txt,10.0,10.0,100.0,10.0,100.0,10.0,100.0,N/A,N/A,N/A,N/A
ego_002067.txt,0.0,0.0,100.0,0.0,100.0,0.0,100.0,0.0,100.0,N/A,N/A
ego_002068.txt,2.0,2.0,100.0,2.0,100.0,2.0,100.0,2.0,100.0,N/A,N/A
ego_002069.txt,9.0,9.0,100.0,9.0,100.0,9.0,100.0,N/A,N/A,N/A,N/A
ego_002070.txt,3.0,3.0,100.0,3.0,100.0,3.0,100.0,3.0,100.0,N/A,N/A
ego_002071.txt,15.0,15.0,100.0,15.0,100.0,15.0,100.0,N/A,N/A,N/A,N/A
ego_002072.txt,11.0,11.0,100.0,11.0,100.0,11.0,100.0,N/A,N/A,N/A,N/A
ego_002073.txt,7.0,7.0,100.0,7.0,100.0,7.0,100.0,N/A,N/A,N/A,N/A
ego_002074.txt,9.0,9.0,100.0,9.0,100.0,9.0,100.0,N/A,N/A,N/A,N/A
ego_002075.txt,3.0,3.0,100.0,3.0,100.0,3.0,100.0,3.0,100.0,N/A,N/A
ego_002076.txt,8.0,8.0,100.0,8.0,100.0,8.0,100.0,N/A,N/A,N/A,N/A
ego_002077.txt,2.0,2.0,100.0,2.0,100.0,2.0,100.0,2.0,100.0,N/A,N/A
ego_002078.txt,8.0,8.0,100.0,8.0,100.0,8.0,100.0,N/A,N/A,N/A,N/A
ego_002079.txt,0.0,0.0,100.0,0.0,100.0,0.0,100.0,0.0,100.0,N/A,N/A
ego_002080.txt,8.0,8.0,100.0,8.0,100.0,8.0,100.0,N/A,N/A,N/A,N/A
ego_002081.txt,2.0,2.0,100.0,2.0,100.0,2.0,100.0,2.0,100.0,N/A,N/A
ego_002082.txt,7.0,7.0,100.0,7.0,100.0,7.0,100.0,N/A,N/A,N/A,N/A
ego_002083.txt,8.0,8.0,100.0,8.0,100.0,8.0,100.0,8.0,100.0,N/A,N/A
ego_002084.txt,6.0,6.0,100.0,6.0,100.0,6.0,100.0,6.0,100.0,N/A,N/A
ego_002085.txt,12.0,12.0,100.0,12.0,100.0,12.0,100.0,N/A,N/A,N/A,N/A
ego_002086.txt,0.0,0.0,100.0,0.0,100.0,0.0,100.0,0.0,100.0,N/A,N/A
ego_002087.txt,8.0,8.0,100.0,8.0,100.0,8.0,100.0,8.0,100.0,N/A,N/A
ego_002088.txt,2.0,2.0,100.0,2.0,100.0,2.0,100.0,2.0,100.0,N/A,N/A
ego_002089.txt,4.0,4.0,100.0,4.0,100.0,4.0,100.0,4.0,100.0,N/A,N/A
ego_002090.txt,7.0,7.0,100.0,7.0,100.0,7.0,100.0,7.0,100.0,N/A,N/A
ego_002091.txt,0.0,0.0,100.0,0.0,100.0,0.0,100.0,0.0,100.0,N/A,N/A
ego_002092.txt,3.0,3.0,100.0,3.0,100.0,3.0,100.0,3.0,100.0,N/A,N/A
ego_002093.txt,4.0,4.0,100.0,4.0,100.0,4.0,100.0,4.0,100.0,N/A,N/A
ego_002094.txt,0.0,0.0,100.0,0.0,100.0,0.0,100.0,0.0,100.0,N/A,N/A
ego_002095.txt,0.0,0.0,100.0,0.0,100.0,0.0,100.0,0.0,100.0,N/A,N/A
ego_002096.txt,8.0,8.0,100.0,8.0,100.0,8.0,100.0,N/A,N/A,N/A,N/A
ego_002097.txt,3.0,3.0,100.0,3.0,100.0,3.0,100.0,3.0,100.0,N/A,N/A
ego_002098.txt,4.0,4.0,100.0,4.0,100.0,4.0,100.0,4.0,100.0,N/A,N/A
ego_002099.txt,7.0,7.0,100.0,7.0,100.0,7.0,100.0,7.0,100.0,N/A,N/A
ego_002100.txt,0.0,0.0,100.0,0.0,100.0,0.0,100.0,0.0,100.0,N/A,N/A
ego_002101.txt,6.0,6.0,100.0,6.0,100.0,6.0,100.0,6.0,100.0,N/A,N/A
ego_002102.txt,1.0,1.0,100.0,1.0,100.0,1.0,100.0,1.0,100.0,N/A,N/A
ego_002103.txt,9.0,9.0,100.0,9.0,100.0,9.0,100.0,N/A,N/A,N/A,N/A
ego_002104.txt,5.0,5.0,100.0,5.0,100.0,5.0,100.0,5.0,100.0,N/A,N/A
ego_002105.txt,7.0,7.0,100.0,7.0,100.0,7.0,100.0,7.0,100.0,N/A,N/A
ego_002106.txt,3.0,3.0,100.0,3.0,100.0,3.0,100.0,3.0,100.0,N/A,N/A
ego_002107.txt,5.0,5.0,100.0,5.0,100.0,5.0,100.0,5.0,100.0,N/A,N/A
ego_002108.txt,12.0,12.0,100.0,12.0,100.0,12.0,100.0,N/A,N/A,N/A,N/A
ego_002109.txt,2.0,2.0,100.0,2.0,100.0,2.0,100.0,2.0,100.0,N/A,N/A
ego_002110.txt,7.0,7.0,100.0,7.0,100.0,7.0,100.0,7.0,100.0,N/A,N/A
ego_002111.txt,2.0,2.0,100.0,2.0,100.0,2.0,100.0,2.0,100.0,N/A,N/A
ego_002112.txt,2.0,2.0,100.0,2.0,100.0,2.0,100.0,2.0,100.0,N/A,N/A
ego_002113.txt,9.0,9.0,100.0,9.0,100.0,9.0,100.0,N/A,N/A,N/A,N/A
ego_002114.txt,11.0,11.0,100.0,11.0,100.0,11.0,100.0,N/A,N/A,N/A,N/A
ego_002115.txt,8.0,8.0,100.0,8.0,100.0,8.0,100.0,N/A,N/A,N/A,N/A
ego_002116.txt,0.0,0.0,100.0,0.0,100.0,0.0,100.0,0.0,100.0,N/A,N/A
ego_002117.txt,0.0,0.0,100.0,0.0,100.0,0.0,100.0,0.0,100.0,N/A,N/A
ego_002118.txt,8.0,8.0,100.0,8.0,100.0,8.0,100.0,N/A,N/A,N/A,N/A
ego_002119.txt,2.0,2.0,100.0,2.0,100.0,2.0,100.0,2.0,100.0,N/A,N/A
ego_002120.txt,0.0,0.0,100.0,0.0,100.0,0.0,100.0,0.0,100.0,N/A,N/A
ego_002121.txt,9.0,9.0,100.0,9.0,100.0,9.0,100.0,9.0,100.0,N/A,N/A
ego_002122.txt,7.0,7.0,100.0,7.0,100.0,7.0,100.0,N/A,N/A,N/A,N/A
ego_002123.txt,9.0,9.0,100.0,9.0,100.0,9.0,100.0,N/A,N/A,N/A,N/A
ego_002124.txt,4.0,4.0,100.0,4.0,100.0,4.0,100.0,4.0,100.0,N/A,N/A
ego_002125.txt,15.0,15.0,100.0,15.0,100.0,15.0,100.0,N/A,N/A,N/A,N/A
ego_002126.txt,0.0,0.0,100.0,0.0,100.0,0.0,100.0,0.0,100.0,N/A,N/A
ego_002127.txt,1.0,1.0,100.0,1.0,100.0,1.0,100.0,1.0,100.0,N/A,N/A
ego_002128.txt,1.0,1.0,100.0,1.0,100.0,1.0,100.0,1.0,100.0,N/A,N/A
ego_002129.txt,4.0,4.0,100.0,4.0,100.0,4.0,100.0,4.0,100.0,N/A,N/A
ego_002130.txt,8.0,8.0,100.0,8.0,100.0,8.0,100.0,8.0,100.0,N/A,N/A
ego_002131.txt,2.0,2.0,100.0,2.0,100.0,2.0,100.0,2.0,100.0,N/A,N/A
ego_002132.txt,0.0,0.0,100.0,0.0,100.0,0.0,100.0,0.0,100.0,N/A,N/A
ego_002133.txt,6.0,6.0,100.0,6.0,100.0,6.0,100.0,6.0,100.0,N/A,N/A
ego_002134.txt,15.0,15.0,100.0,15.0,100.0,15.0,100.0,N/A,N/A,N/A,N/A
ego_002135.txt,0.0,0.0,100.0,0.0,100.0,0.0,100.0,0.0,100.0,N/A,N/A
ego_002136.txt,10.0,10.0,100.0,10.0,100.0,10.0,100.0,N/A,N/A,N/A,N/A
ego_002137.txt,0.0,0.0,100.0,0.0,100.0,0.0,100.0,0.0,100.0,N/A,N/A
ego_002138.txt,0.0,0.0,100.0,0.0,100.0,0.0,100.0,0.0,100.0,N/A,N/A
ego_002139.txt,5.0,5.0,100.0,5.0,100.0,5.0,100.0,N/A,N/A,N/A,N/A
ego_002140.txt,4.0,4.0,100.0,4.0,100.0,4.0,100.0,4.0,100.0,N/A,N/A
ego_002141.txt,12.0,12.0,100.0,12.0,100.0,12.0,100.0,N/A,N/A,N/A,N/A
ego_002142.txt,2.0,2.0,100.0,2.0,100.0,2.0,100.0,2.0,100.0,N/A,N/A
ego_002143.txt,7.0,7.0,100.0,7.0,100.0,7.0,100.0,7.0,100.0,N/A,N/A
ego_002144.txt,0.0,0.0,100.0,0.0,100.0,0.0,100.0,0.0,100.0,N/A,N/A
ego_002145.txt,7.0,7.0,100.0,7.0,100.0,7.0,100.0,7.0,100.0,N/A,N/A
ego_002146.txt,1.0,1.0,100.0,1.0,100.0,1.0,100.0,1.0,100.0,N/A,N/A
ego_002147.txt,9.0,9.0,100.0,9.0,100.0,9.0,100.0,N/A,N/A,N/A,N/A
ego_002148.txt,0.0,0.0,100.0,0.0,100.0,0.0,100.0,0.0,100.0,N/A,N/A
ego_002149.txt,2.0,2.0,100.0,2.0,100.0,2.0,100.0,2.0,100.0,N/A,N/A
ego_002150.txt,8.0,8.0,100.0,8.0,100.0,8.0,100.0,N/A,N/A,N/A,N/A
ego_002151.txt,1.0,1.0,100.0,1.0,100.0,1.0,100.0,1.0,100.0,N/A,N/A
ego_002152.txt,2.0,2.0,100.0,2.0,100.0,2.0,100.0,2.0,100.0,N/A,N/A
ego_002153.txt,2.0,2.0,100.0,2.0,100.0,2.0,100.0,2.0,100.0,N/A,N/A
ego_002154.txt,0.0,0.0,100.0,0.0,100.0,0.0,100.0,0.0,100.0,N/A,N/A
ego_002155.txt,11.0,11.0,100.0,11.0,100.0,11.0,100.0,N/A,N/A,N/A,N/A
ego_002156.txt,2.0,2.0,100.0,2.0,100.0,2.0,100.0,2.0,100.0,N/A,N/A
ego_002157.txt,5.0,5.0,100.0,5.0,100.0,5.0,100.0,5.0,100.0,N/A,N/A
ego_002158.txt,22.0,N/A,N/A,22.0,100.0,22.0,100.0,N/A,N/A,N/A,N/A
ego_002159.txt,1.0,1.0,100.0,1.0,100.0,1.0,100.0,1.0,100.0,N/A,N/A
ego_002160.txt,5.0,5.0,100.0,5.0,100.0,5.0,100.0,5.0,100.0,N/A,N/A
ego_002161.txt,1.0,1.0,100.0,1.0,100.0,1.0,100.0,1.0,100.0,N/A,N/A
ego_002162.txt,7.0,7.0,100.0,7.0,100.0,7.0,100.0,7.0,100.0,N/A,N/A
ego_002163.txt,4.0,4.0,100.0,4.0,100.0,4.0,100.0,4.0,100.0,N/A,N/A
ego_002164.txt,10.0,10.0,100.0,10.0,100.0,10.0,100.0,N/A,N/A,N/A,N/A
ego_002165.txt,10.0,10.0,100.0,10.0,100.0,10.0,100.0,N/A,N/A,N/A,N/A
ego_002166.txt,2.0,2.0,100.0,2.0,100.0,2.0,100.0,2.0,100.0,N/A,N/A
ego_002167.txt,5.0,5.0,100.0,5.0,100.0,5.0,100.0,5.0,100.0,N/A,N/A
ego_002168.txt,2.0,2.0,100.0,2.0,100.0,2.0,100.0,2.0,100.0,N/A,N/A
ego_002169.txt,2.0,2.0,100.0,2.0,100.0,2.0,100.0,2.0,100.0,N/A,N/A
ego_002170.txt,16.0,16.0,100.0,16.0,100.0,17.0,94.1176,N/A,N/A,N/A,N/A
ego_002171.txt,0.0,0.0,100.0,0.0,100.0,0.0,100.0,0.0,100.0,N/A,N/A
ego_002172.txt,0.0,0.0,100.0,0.0,100.0,0.0,100.0,0.0,100.0,N/A,N/A
ego_002173.txt,3.0,3.0,100.0,3.0,100.0,3.0,100.0,3.0,100.0,N/A,N/A
ego_002174.txt,14.0,14.0,100.0,14.0,100.0,14.0,100.0,N/A,N/A,N/A,N/A
ego_002175.txt,14.0,14.0,100.0,14.0,100.0,14.0,100.0,N/A,N/A,N/A,N/A
ego_002176.txt,10.0,10.0,100.0,10.0,100.0,10.0,100.0,N/A,N/A,N/A,N/A
ego_002177.txt,0.0,0.0,100.0,0.0,100.0,0.0,100.0,0.0,100.0,N/A,N/A
ego_002178.txt,5.0,5.0,100.0,5.0,100.0,5.0,100.0,5.0,100.0,N/A,N/A
ego_002179.txt,12.0,12.0,100.0,12.0,100.0,12.0,100.0,N/A,N/A,N/A,N/A
ego_002180.txt,13.0,13.0,100.0,13.0,100.0,13.0,100.0,N/A,N/A,N/A,N/A
ego_002181.txt,1.0,1.0,100.0,1.0,100.0,1.0,100.0,1.0,100.0,N/A,N/A
ego_002182.txt,2.0,2.0,100.0,2.0,100.0,2.0,100.0,2.0,100.0,N/A,N/A
ego_002183.txt,5.0,5.0,100.0,5.0,100.0,5.0,100.0,5.0,100.0,N/A,N/A
ego_002184.txt,5.0,5.0,100.0,5.0,100.0,5.0,100.0,5.0,100.0,N/A,N/A
ego_002185.txt,3.0,3.0,100.0,3.0,100.0,3.0,100.0,3.0,100.0,N/A,N/A
ego_002186.txt,5.0,5.0,100.0,5.0,100.0,5.0,100.0,5.0,100.0,N/A,N/A
ego_002187.txt,8.0,8.0,100.0,8.0,100.0,8.0,100.0,8.0,100.0,N/A,N/A
ego_002188.txt,11.0,11.0,100.0,11.0,100.0,11.0,100.0,11.0,100.0,N/A,N/A
ego_002189.txt,2.0,2.0,100.0,2.0,100.0,2.0,100.0,2.0,100.0,N/A,N/A
ego_002190.txt,0.0,0.0,100.0,0.0,100.0,0.0,100.0,0.0,100.0,N/A,N/A
ego_002191.txt,3.0,3.0,100.0,3.0,100.0,3.0,100.0,3.0,100.0,N/A,N/A
ego_002192.txt,0.0,0.0,100.0,0.0,100.0,0.0,100.0,0.0,100.0,N/A,N/A
ego_002193.txt,1.0,1.0,100.0,1.0,100.0,1.0,100.0,1.0,100.0,N/A,N/A
ego_002194.txt,5.0,5.0,100.0,5.0,100.0,5.0,100.0,5.0,100.0,N/A,N/A
ego_002195.txt,1.0,1.0,100.0,1.0,100.0,1.0,100.0,1.0,100.0,N/A,N/A
ego_002196.txt,5.0,5.0,100.0,5.0,100.0,5.0,100.0,5.0,100.0,N/A,N/A
ego_002197.txt,4.0,4.0,100.0,4.0,100.0,4.0,100.0,4.0,100.0,N/A,N/A
ego_002198.txt,7.0,7.0,100.0,7.0,100.0,7.0,100.0,7.0,100.0,N/A,N/A
ego_002199.txt,8.0,8.0,100.0,8.0,100.0,8.0,100.0,8.0,100.0,N/A,N/A
ego_002200.txt,11.0,11.0,100.0,11.0,100.0,11.0,100.0,N/A,N/A,N/A,N/A
ego_002201.txt,12.0,12.0,100.0,12.0,100.0,12.0,100.0,N/A,N/A,N/A,N/A
ego_002202.txt,2.0,2.0,100.0,2.0,100.0,2.0,100.0,2.0,100.0,N/A,N/A
ego_002203.txt,7.0,7.0,100.0,7.0,100.0,7.0,100.0,N/A,N/A,N/A,N/A
ego_002204.txt,3.0,3.0,100.0,3.0,100.0,3.0,100.0,3.0,100.0,N/A,N/A
ego_002205.txt,2.0,2.0,100.0,2.0,100.0,2.0,100.0,2.0,100.0,N/A,N/A
ego_002206.txt,9.0,9.0,100.0,9.0,100.0,9.0,100.0,9.0,100.0,N/A,N/A
ego_002207.txt,5.0,5.0,100.0,5.0,100.0,5.0,100.0,5.0,100.0,N/A,N/A
ego_002208.txt,6.0,6.0,100.0,6.0,100.0,6.0,100.0,6.0,100.0,N/A,N/A
ego_002209.txt,7.0,7.0,100.0,7.0,100.0,7.0,100.0,N/A,N/A,N/A,N/A
ego_002210.txt,5.0,5.0,100.0,5.0,100.0,5.0,100.0,5.0,100.0,N/A,N/A
ego_002211.txt,4.0,4.0,100.0,4.0,100.0,4.0,100.0,4.0,100.0,N/A,N/A
ego_002212.txt,1.0,1.0,100.0,1.0,100.0,1.0,100.0,1.0,100.0,N/A,N/A
ego_002213.txt,8.0,8.0,100.0,8.0,100.0,8.0,100.0,8.0,100.0,N/A,N/A
ego_002214.txt,5.0,5.0,100.0,5.0,100.0,5.0,100.0,5.0,100.0,N/A,N/A
ego_002215.txt,6.0,6.0,100.0,6.0,100.0,6.0,100.0,6.0,100.0,N/A,N/A
ego_002216.txt,1.0,1.0,100.0,1.0,100.0,1.0,100.0,1.0,100.0,N/A,N/A
ego_002217.txt,11.0,11.0,100.0,11.0,100.0,11.0,100.0,N/A,N/A,N/A,N/A
ego_002218.txt,8.0,8.0,100.0,8.0,100.0,8.0,100.0,8.0,100.0,N/A,N/A
ego_002219.txt,9.0,9.0,100.0,9.0,100.0,9.0,100.0,N/A,N/A,N/A,N/A
ego_002220.txt,9.0,9.0,100.0,9.0,100.0,9.0,100.0,9.0,100.0,N/A,N/A
ego_002221.txt,8.0,8.0,100.0,8.0,100.0,8.0,100.0,8.0,100.0,N/A,N/A
ego_002222.txt,0.0,0.0,100.0,0.0,100.0,0.0,100.0,0.0,100.0,N/A,N/A
ego_002223.txt,3.0,3.0,100.0,3.0,100.0,3.0,100.0,3.0,100.0,N/A,N/A
ego_002224.txt,6.0,6.0,100.0,6.0,100.0,6.0,100.0,6.0,100.0,N/A,N/A
ego_002225.txt,0.0,0.0,100.0,0.0,100.0,0.0,100.0,0.0,100.0,N/A,N/A
ego_002226.txt,1.0,1.0,100.0,1.0,100.0,1.0,100.0,1.0,100.0,N/A,N/A
ego_002227.txt,8.0,8.0,100.0,8.0,100.0,8.0,100.0,N/A,N/A,N/A,N/A
ego_002228.txt,1.0,1.0,100.0,1.0,100.0,1.0,100.0,1.0,100.0,N/A,N/A
ego_002229.txt,12.0,12.0,100.0,12.0,100.0,12.0,100.0,N/A,N/A,N/A,N/A
ego_002230.txt,11.0,11.0,100.0,11.0,100.0,11.0,100.0,11.0,100.0,N/A,N/A
ego_002231.txt,12.0,12.0,100.0,12.0,100.0,12.0,100.0,N/A,N/A,N/A,N/A
ego_002232.txt,1.0,1.0,100.0,1.0,100.0,1.0,100.0,1.0,100.0,N/A,N/A
ego_002233.txt,4.0,4.0,100.0,4.0,100.0,4.0,100.0,4.0,100.0,N/A,N/A
ego_002234.txt,16.0,N/A,N/A,16.0,100.0,16.0,100.0,N/A,N/A,N/A,N/A
ego_002235.txt,9.0,9.0,100.0,9.0,100.0,9.0,100.0,9.0,100.0,N/A,N/A
ego_002236.txt,6.0,6.0,100.0,6.0,100.0,6.0,100.0,6.0,100.0,N/A,N/A
ego_002237.txt,2.0,2.0,100.0,2.0,100.0,2.0,100.0,2.0,100.0,N/A,N/A
ego_002238.txt,2.0,2.0,100.0,2.0,100.0,2.0,100.0,2.0,100.0,N/A,N/A
ego_002239.txt,0.0,0.0,100.0,0.0,100.0,0.0,100.0,0.0,100.0,N/A,N/A
ego_002240.txt,2.0,2.0,100.0,2.0,100.0,2.0,100.0,2.0,100.0,N/A,N/A
ego_002241.txt,4.0,4.0,100.0,4.0,100.0,4.0,100.0,4.0,100.0,N/A,N/A
ego_002242.txt,6.0,6.0,100.0,6.0,100.0,6.0,100.0,6.0,100.0,N/A,N/A
ego_002243.txt,7.0,7.0,100.0,7.0,100.0,7.0,100.0,N/A,N/A,N/A,N/A
ego_002244.txt,3.0,3.0,100.0,3.0,100.0,3.0,100.0,3.0,100.0,N/A,N/A
ego_002245.txt,1.0,1.0,100.0,1.0,100.0,1.0,100.0,1.0,100.0,N/A,N/A
ego_002246.txt,0.0,0.0,100.0,0.0,100.0,0.0,100.0,0.0,100.0,N/A,N/A
ego_002247.txt,9.0,9.0,100.0,9.0,100.0,9.0,100.0,9.0,100.0,N/A,N/A
ego_002248.txt,7.0,7.0,100.0,7.0,100.0,7.0,100.0,7.0,100.0,N/A,N/A
ego_002249.txt,2.0,2.0,100.0,2.0,100.0,2.0,100.0,2.0,100.0,N/A,N/A
ego_002250.txt,1.0,1.0,100.0,1.0,100.0,1.0,100.0,1.0,100.0,N/A,N/A
ego_002251.txt,3.0,3.0,100.0,3.0,100.0,3.0,100.0,3.0,100.0,N/A,N/A
ego_002252.txt,0.0,0.0,100.0,0.0,100.0,0.0,100.0,0.0,100.0,N/A,N/A
ego_002253.txt,5.0,5.0,100.0,5.0,100.0,5.0,100.0,5.0,100.0,N/A,N/A
ego_002254.txt,14.0,14.0,100.0,14.0,100.0,14.0,100.0,N/A,N/A,N/A,N/A
ego_002255.txt,5.0,5.0,100.0,5.0,100.0,5.0,100.0,5.0,100.0,N/A,N/A
ego_002256.txt,11.0,11.0,100.0,11.0,100.0,11.0,100.0,N/A,N/A,N/A,N/A
ego_002257.txt,2.0,2.0,100.0,2.0,100.0,2.0,100.0,2.0,100.0,N/A,N/A
ego_002258.txt,11.0,11.0,100.0,11.0,100.0,11.0,100.0,N/A,N/A,N/A,N/A
ego_002259.txt,0.0,0.0,100.0,0.0,100.0,0.0,100.0,0.0,100.0,N/A,N/A
ego_002260.txt,5.0,5.0,100.0,5.0,100.0,5.0,100.0,5.0,100.0,N/A,N/A
ego_002261.txt,2.0,2.0,100.0,2.0,100.0,2.0,100.0,2.0,100.0,N/A,N/A
ego_002262.txt,0.0,0.0,100.0,0.0,100.0,0.0,100.0,0.0,100.0,N/A,N/A
ego_002263.txt,6.0,6.0,100.0,6.0,100.0,6.0,100.0,6.0,100.0,N/A,N/A
ego_002264.txt,2.0,2.0,100.0,2.0,100.0,2.0,100.0,2.0,100.0,N/A,N/A
ego_002265.txt,6.0,6.0,100.0,6.0,100.0,6.0,100.0,6.0,100.0,N/A,N/A
ego_002266.txt,10.0,10.0,100.0,10.0,100.0,10.0,100.0,N/A,N/A,N/A,N/A
ego_002267.txt,22.0,N/A,N/A,22.0,100.0,22.0,100.0,N/A,N/A,N/A,N/A
ego_002268.txt,1.0,1.0,100.0,1.0,100.0,1.0,100.0,1.0,100.0,N/A,N/A
ego_002269.txt,2.0,2.0,100.0,2.0,100.0,2.0,100.0,2.0,100.0,N/A,N/A
ego_002270.txt,3.0,3.0,100.0,3.0,100.0,3.0,100.0,3.0,100.0,N/A,N/A
ego_002271.txt,1.0,1.0,100.0,1.0,100.0,1.0,100.0,1.0,100.0,N/A,N/A
ego_002272.txt,0.0,0.0,100.0,0.0,100.0,0.0,100.0,0.0,100.0,N/A,N/A
ego_002273.txt,2.0,2.0,100.0,2.0,100.0,2.0,100.0,2.0,100.0,N/A,N/A
ego_002274.txt,7.0,7.0,100.0,7.0,100.0,7.0,100.0,7.0,100.0,N/A,N/A
ego_002275.txt,2.0,2.0,100.0,2.0,100.0,2.0,100.0,2.0,100.0,N/A,N/A
ego_002276.txt,2.0,2.0,100.0,2.0,100.0,2.0,100.0,2.0,100.0,N/A,N/A
ego_002277.txt,3.0,3.0,100.0,3.0,100.0,3.0,100.0,3.0,100.0,N/A,N/A
ego_002278.txt,2.0,2.0,100.0,2.0,100.0,2.0,100.0,2.0,100.0,N/A,N/A
ego_002279.txt,15.0,15.0,100.0,15.0,100.0,15.0,100.0,N/A,N/A,N/A,N/A
ego_002280.txt,0.0,0.0,100.0,0.0,100.0,0.0,100.0,0.0,100.0,N/A,N/A
ego_002281.txt,8.0,8.0,100.0,8.0,100.0,8.0,100.0,8.0,100.0,N/A,N/A
ego_002282.txt,0.0,0.0,100.0,0.0,100.0,0.0,100.0,0.0,100.0,N/A,N/A
ego_002283.txt,7.0,7.0,100.0,7.0,100.0,7.0,100.0,7.0,100.0,N/A,N/A
ego_002284.txt,8.0,8.0,100.0,8.0,100.0,8.0,100.0,N/A,N/A,N/A,N/A
ego_002285.txt,9.0,9.0,100.0,9.0,100.0,9.0,100.0,N/A,N/A,N/A,N/A
ego_002286.txt,0.0,0.0,100.0,0.0,100.0,0.0,100.0,0.0,100.0,N/A,N/A
ego_002287.txt,0.0,0.0,100.0,0.0,100.0,0.0,100.0,0.0,100.0,N/A,N/A
ego_002288.txt,6.0,6.0,100.0,6.0,100.0,6.0,100.0,6.0,100.0,N/A,N/A
ego_002289.txt,0.0,0.0,100.0,0.0,100.0,0.0,100.0,0.0,100.0,N/A,N/A
ego_002290.txt,3.0,3.0,100.0,3.0,100.0,3.0,100.0,3.0,100.0,N/A,N/A
ego_002291.txt,12.0,12.0,100.0,12.0,100.0,12.0,100.0,N/A,N/A,N/A,N/A
ego_002292.txt,1.0,1.0,100.0,1.0,100.0,1.0,100.0,1.0,100.0,N/A,N/A
ego_002293.txt,4.0,4.0,100.0,4.0,100.0,4.0,100.0,4.0,100.0,N/A,N/A
ego_002294.txt,0.0,0.0,100.0,0.0,100.0,0.0,100.0,0.0,100.0,N/A,N/A
ego_002295.txt,5.0,5.0,100.0,5.0,100.0,5.0,100.0,5.0,100.0,N/A,N/A
ego_002296.txt,21.0,N/A,N/A,21.0,100.0,21.0,100.0,N/A,N/A,N/A,N/A
ego_002297.txt,4.0,4.0,100.0,4.0,100.0,4.0,100.0,4.0,100.0,N/A,N/A
ego_002298.txt,2.0,2.0,100.0,2.0,100.0,2.0,100.0,2.0,100.0,N/A,N/A
ego_002299.txt,9.0,9.0,100.0,9.0,100.0,9.0,100.0,N/A,N/A,N/A,N/A
ego_002300.txt,5.0,5.0,100.0,5.0,100.0,5.0,100.0,5.0,100.0,N/A,N/A
ego_002301.txt,8.0,8.0,100.0,8.0,100.0,8.0,100.0,N/A,N/A,N/A,N/A
ego_002302.txt,6.0,6.0,100.0,6.0,100.0,6.0,100.0,6.0,100.0,N/A,N/A
ego_002303.txt,2.0,2.0,100.0,2.0,100.0,2.0,100.0,2.0,100.0,N/A,N/A
ego_002304.txt,10.0,10.0,100.0,10.0,100.0,10.0,100.0,N/A,N/A,N/A,N/A
ego_002305.txt,2.0,2.0,100.0,2.0,100.0,2.0,100.0,2.0,100.0,N/A,N/A
ego_002306.txt,8.0,8.0,100.0,8.0,100.0,8.0,100.0,N/A,N/A,N/A,N/A
ego_002307.txt,2.0,2.0,100.0,2.0,100.0,2.0,100.0,2.0,100.0,N/A,N/A
ego_002308.txt,6.0,6.0,100.0,6.0,100.0,6.0,100.0,6.0,100.0,N/A,N/A
ego_002309.txt,5.0,5.0,100.0,5.0,100.0,5.0,100.0,5.0,100.0,N/A,N/A
ego_002310.txt,9.0,9.0,100.0,9.0,100.0,9.0,100.0,N/A,N/A,N/A,N/A
ego_002311.txt,3.0,3.0,100.0,3.0,100.0,3.0,100.0,3.0,100.0,N/A,N/A
ego_002312.txt,2.0,2.0,100.0,2.0,100.0,2.0,100.0,2.0,100.0,N/A,N/A
ego_002313.txt,9.0,9.0,100.0,9.0,100.0,9.0,100.0,N/A,N/A,N/A,N/A
ego_002314.txt,8.0,8.0,100.0,8.0,100.0,8.0,100.0,N/A,N/A,N/A,N/A
ego_002315.txt,1.0,1.0,100.0,1.0,100.0,1.0,100.0,1.0,100.0,N/A,N/A
ego_002316.txt,11.0,11.0,100.0,11.0,100.0,11.0,100.0,N/A,N/A,N/A,N/A
ego_002317.txt,2.0,2.0,100.0,2.0,100.0,2.0,100.0,2.0,100.0,N/A,N/A
ego_002318.txt,8.0,8.0,100.0,8.0,100.0,8.0,100.0,N/A,N/A,N/A,N/A
ego_002319.txt,0.0,0.0,100.0,0.0,100.0,0.0,100.0,0.0,100.0,N/A,N/A
ego_002320.txt,8.0,8.0,100.0,8.0,100.0,8.0,100.0,N/A,N/A,N/A,N/A
ego_002321.txt,0.0,0.0,100.0,0.0,100.0,0.0,100.0,0.0,100.0,N/A,N/A
ego_002322.txt,4.0,4.0,100.0,4.0,100.0,4.0,100.0,4.0,100.0,N/A,N/A
ego_002323.txt,0.0,0.0,100.0,0.0,100.0,0.0,100.0,0.0,100.0,N/A,N/A
ego_002324.txt,6.0,6.0,100.0,6.0,100.0,6.0,100.0,N/A,N/A,N/A,N/A
ego_002325.txt,5.0,5.0,100.0,5.0,100.0,5.0,100.0,5.0,100.0,N/A,N/A
ego_002326.txt,10.0,10.0,100.0,10.0,100.0,10.0,100.0,N/A,N/A,N/A,N/A
ego_002327.txt,0.0,0.0,100.0,0.0,100.0,0.0,100.0,0.0,100.0,N/A,N/A
ego_002328.txt,11.0,11.0,100.0,11.0,100.0,11.0,100.0,N/A,N/A,N/A,N/A
ego_002329.txt,6.0,6.0,100.0,6.0,100.0,6.0,100.0,6.0,100.0,N/A,N/A
ego_002330.txt,1.0,1.0,100.0,1.0,100.0,1.0,100.0,1.0,100.0,N/A,N/A
ego_002331.txt,2.0,2.0,100.0,2.0,100.0,2.0,100.0,2.0,100.0,N/A,N/A
ego_002332.txt,4.0,4.0,100.0,4.0,100.0,4.0,100.0,4.0,100.0,N/A,N/A
ego_002333.txt,2.0,2.0,100.0,2.0,100.0,2.0,100.0,2.0,100.0,N/A,N/A
ego_002334.txt,4.0,4.0,100.0,4.0,100.0,4.0,100.0,4.0,100.0,N/A,N/A
ego_002335.txt,2.0,2.0,100.0,2.0,100.0,2.0,100.0,2.0,100.0,N/A,N/A
ego_002336.txt,7.0,7.0,100.0,7.0,100.0,7.0,100.0,N/A,N/A,N/A,N/A
ego_002337.txt,12.0,12.0,100.0,12.0,100.0,12.0,100.0,N/A,N/A,N/A,N/A
ego_002338.txt,0.0,0.0,100.0,0.0,100.0,0.0,100.0,0.0,100.0,N/A,N/A
ego_002339.txt,1.0,1.0,100.0,1.0,100.0,1.0,100.0,1.0,100.0,N/A,N/A
ego_002340.txt,2.0,2.0,100.0,2.0,100.0,2.0,100.0,2.0,100.0,N/A,N/A
ego_002341.txt,6.0,6.0,100.0,6.0,100.0,6.0,100.0,6.0,100.0,N/A,N/A
ego_002342.txt,0.0,0.0,100.0,0.0,100.0,0.0,100.0,0.0,100.0,N/A,N/A
ego_002343.txt,0.0,0.0,100.0,0.0,100.0,0.0,100.0,0.0,100.0,N/A,N/A
ego_002344.txt,6.0,6.0,100.0,6.0,100.0,6.0,100.0,6.0,100.0,N/A,N/A
ego_002345.txt,6.0,6.0,100.0,6.0,100.0,6.0,100.0,6.0,100.0,N/A,N/A
ego_002346.txt,5.0,5.0,100.0,5.0,100.0,5.0,100.0,5.0,100.0,N/A,N/A
ego_002347.txt,0.0,0.0,100.0,0.0,100.0,0.0,100.0,0.0,100.0,N/A,N/A
ego_002348.txt,1.0,1.0,100.0,1.0,100.0,1.0,100.0,1.0,100.0,N/A,N/A
ego_002349.txt,14.0,14.0,100.0,14.0,100.0,14.0,100.0,N/A,N/A,N/A,N/A
ego_002350.txt,10.0,10.0,100.0,10.0,100.0,10.0,100.0,N/A,N/A,N/A,N/A
ego_002351.txt,3.0,3.0,100.0,3.0,100.0,3.0,100.0,3.0,100.0,N/A,N/A
ego_002352.txt,2.0,2.0,100.0,2.0,100.0,2.0,100.0,2.0,100.0,N/A,N/A
ego_002353.txt,6.0,6.0,100.0,6.0,100.0,6.0,100.0,6.0,100.0,N/A,N/A
ego_002354.txt,6.0,6.0,100.0,6.0,100.0,6.0,100.0,6.0,100.0,N/A,N/A
ego_002355.txt,3.0,3.0,100.0,3.0,100.0,3.0,100.0,3.0,100.0,N/A,N/A
ego_002356.txt,5.0,5.0,100.0,5.0,100.0,5.0,100.0,5.0,100.0,N/A,N/A
ego_002357.txt,2.0,2.0,100.0,2.0,100.0,2.0,100.0,2.0,100.0,N/A,N/A
ego_002358.txt,4.0,4.0,100.0,4.0,100.0,4.0,100.0,4.0,100.0,N/A,N/A
ego_002359.txt,6.0,6.0,100.0,6.0,100.0,6.0,100.0,6.0,100.0,N/A,N/A
ego_002360.txt,0.0,0.0,100.0,0.0,100.0,0.0,100.0,0.0,100.0,N/A,N/A
ego_002361.txt,2.0,2.0,100.0,2.0,100.0,2.0,100.0,2.0,100.0,N/A,N/A
ego_002362.txt,10.0,10.0,100.0,10.0,100.0,10.0,100.0,N/A,N/A,N/A,N/A
ego_002363.txt,0.0,0.0,100.0,0.0,100.0,0.0,100.0,0.0,100.0,N/A,N/A
ego_002364.txt,0.0,0.0,100.0,0.0,100.0,0.0,100.0,0.0,100.0,N/A,N/A
ego_002365.txt,12.0,12.0,100.0,12.0,100.0,12.0,100.0,N/A,N/A,N/A,N/A
ego_002366.txt,4.0,4.0,100.0,4.0,100.0,4.0,100.0,4.0,100.0,N/A,N/A
ego_002367.txt,4.0,4.0,100.0,4.0,100.0,4.0,100.0,4.0,100.0,N/A,N/A
ego_002368.txt,2.0,2.0,100.0,2.0,100.0,2.0,100.0,2.0,100.0,N/A,N/A
ego_002369.txt,2.0,2.0,100.0,2.0,100.0,2.0,100.0,2.0,100.0,N/A,N/A
ego_002370.txt,2.0,2.0,100.0,2.0,100.0,2.0,100.0,2.0,100.0,N/A,N/A
ego_002371.txt,10.0,10.0,100.0,10.0,100.0,10.0,100.0,N/A,N/A,N/A,N/A
ego_002372.txt,0.0,0.0,100.0,0.0,100.0,0.0,100.0,0.0,100.0,N/A,N/A
ego_002373.txt,1.0,1.0,100.0,1.0,100.0,1.0,100.0,1.0,100.0,N/A,N/A
ego_002374.txt,5.0,5.0,100.0,5.0,100.0,5.0,100.0,5.0,100.0,N/A,N/A
ego_002375.txt,6.0,6.0,100.0,6.0,100.0,6.0,100.0,6.0,100.0,N/A,N/A
ego_002376.txt,8.0,8.0,100.0,8.0,100.0,8.0,100.0,N/A,N/A,N/A,N/A
ego_002377.txt,1.0,1.0,100.0,1.0,100.0,1.0,100.0,1.0,100.0,N/A,N/A
ego_002378.txt,10.0,10.0,100.0,10.0,100.0,10.0,100.0,N/A,N/A,N/A,N/A
ego_002379.txt,7.0,7.0,100.0,7.0,100.0,7.0,100.0,N/A,N/A,N/A,N/A
ego_002380.txt,2.0,2.0,100.0,2.0,100.0,2.0,100.0,2.0,100.0,N/A,N/A
ego_002381.txt,10.0,10.0,100.0,10.0,100.0,10.0,100.0,N/A,N/A,N/A,N/A
ego_002382.txt,9.0,9.0,100.0,9.0,100.0,9.0,100.0,N/A,N/A,N/A,N/A
ego_002383.txt,1.0,1.0,100.0,1.0,100.0,1.0,100.0,1.0,100.0,N/A,N/A
ego_002384.txt,7.0,7.0,100.0,7.0,100.0,7.0,100.0,7.0,100.0,N/A,N/A
ego_002385.txt,9.0,9.0,100.0,9.0,100.0,9.0,100.0,N/A,N/A,N/A,N/A
ego_002386.txt,2.0,2.0,100.0,2.0,100.0,2.0,100.0,2.0,100.0,N/A,N/A
ego_002387.txt,0.0,0.0,100.0,0.0,100.0,0.0,100.0,0.0,100.0,N/A,N/A
ego_002388.txt,6.0,6.0,100.0,6.0,100.0,6.0,100.0,6.0,100.0,N/A,N/A
ego_002389.txt,7.0,7.0,100.0,7.0,100.0,7.0,100.0,N/A,N/A,N/A,N/A
ego_002390.txt,5.0,5.0,100.0,5.0,100.0,5.0,100.0,5.0,100.0,N/A,N/A
ego_002391.txt,13.0,13.0,100.0,13.0,100.0,13.0,100.0,N/A,N/A,N/A,N/A
ego_002392.txt,6.0,6.0,100.0,6.0,100.0,6.0,100.0,6.0,100.0,N/A,N/A
ego_002393.txt,8.0,8.0,100.0,8.0,100.0,8.0,100.0,8.0,100.0,N/A,N/A
ego_002394.txt,5.0,5.0,100.0,5.0,100.0,5.0,100.0,5.0,100.0,N/A,N/A
ego_002395.txt,9.0,9.0,100.0,9.0,100.0,9.0,100.0,N/A,N/A,N/A,N/A
ego_002396.txt,0.0,0.0,100.0,0.0,100.0,0.0,100.0,0.0,100.0,N/A,N/A
ego_002397.txt,7.0,7.0,100.0,7.0,100.0,7.0,100.0,7.0,100.0,N/A,N/A
ego_002398.txt,0.0,0.0,100.0,0.0,100.0,0.0,100.0,0.0,100.0,N/A,N/A
ego_002399.txt,7.0,7.0,100.0,7.0,100.0,7.0,100.0,7.0,100.0,N/A,N/A
ego_002400.txt,1.0,1.0,100.0,1.0,100.0,1.0,100.0,1.0,100.0,N/A,N/A
ego_002401.txt,7.0,7.0,100.0,7.0,100.0,7.0,100.0,7.0,100.0,N/A,N/A
ego_002402.txt,3.0,3.0,100.0,3.0,100.0,3.0,100.0,3.0,100.0,N/A,N/A
ego_002403.txt,2.0,2.0,100.0,2.0,100.0,2.0,100.0,2.0,100.0,N/A,N/A
ego_002404.txt,1.0,1.0,100.0,1.0,100.0,1.0,100.0,1.0,100.0,N/A,N/A
ego_002405.txt,5.0,5.0,100.0,5.0,100.0,5.0,100.0,5.0,100.0,N/A,N/A
ego_002406.txt,6.0,6.0,100.0,6.0,100.0,6.0,100.0,6.0,100.0,N/A,N/A
ego_002407.txt,0.0,0.0,100.0,0.0,100.0,0.0,100.0,0.0,100.0,N/A,N/A
ego_002408.txt,4.0,4.0,100.0,4.0,100.0,4.0,100.0,4.0,100.0,N/A,N/A
ego_002409.txt,1.0,1.0,100.0,1.0,100.0,1.0,100.0,1.0,100.0,N/A,N/A
ego_002410.txt,7.0,7.0,100.0,7.0,100.0,7.0,100.0,N/A,N/A,N/A,N/A
ego_002411.txt,7.0,7.0,100.0,7.0,100.0,7.0,100.0,7.0,100.0,N/A,N/A
ego_002412.txt,7.0,7.0,100.0,7.0,100.0,7.0,100.0,N/A,N/A,N/A,N/A
ego_002413.txt,8.0,8.0,100.0,8.0,100.0,8.0,100.0,8.0,100.0,N/A,N/A
ego_002414.txt,8.0,8.0,100.0,8.0,100.0,8.0,100.0,N/A,N/A,N/A,N/A
ego_002415.txt,3.0,3.0,100.0,3.0,100.0,3.0,100.0,3.0,100.0,N/A,N/A
ego_002416.txt,4.0,4.0,100.0,4.0,100.0,4.0,100.0,4.0,100.0,N/A,N/A
ego_002417.txt,3.0,3.0,100.0,3.0,100.0,3.0,100.0,3.0,100.0,N/A,N/A
ego_002418.txt,1.0,1.0,100.0,1.0,100.0,1.0,100.0,1.0,100.0,N/A,N/A
ego_002419.txt,1.0,1.0,100.0,1.0,100.0,1.0,100.0,1.0,100.0,N/A,N/A
ego_002420.txt,14.0,14.0,100.0,14.0,100.0,14.0,100.0,N/A,N/A,N/A,N/A
ego_002421.txt,10.0,10.0,100.0,10.0,100.0,10.0,100.0,N/A,N/A,N/A,N/A
ego_002422.txt,3.0,3.0,100.0,3.0,100.0,3.0,100.0,3.0,100.0,N/A,N/A
ego_002423.txt,0.0,0.0,100.0,0.0,100.0,0.0,100.0,0.0,100.0,N/A,N/A
ego_002424.txt,7.0,7.0,100.0,7.0,100.0,7.0,100.0,7.0,100.0,N/A,N/A
ego_002425.txt,4.0,4.0,100.0,4.0,100.0,4.0,100.0,4.0,100.0,N/A,N/A
ego_002426.txt,7.0,7.0,100.0,7.0,100.0,7.0,100.0,7.0,100.0,N/A,N/A
ego_002427.txt,10.0,10.0,100.0,10.0,100.0,10.0,100.0,N/A,N/A,N/A,N/A
ego_002428.txt,4.0,4.0,100.0,4.0,100.0,4.0,100.0,4.0,100.0,N/A,N/A
ego_002429.txt,6.0,6.0,100.0,6.0,100.0,6.0,100.0,6.0,100.0,N/A,N/A
ego_002430.txt,1.0,1.0,100.0,1.0,100.0,1.0,100.0,1.0,100.0,N/A,N/A
ego_002431.txt,6.0,6.0,100.0,6.0,100.0,6.0,100.0,N/A,N/A,N/A,N/A
ego_002432.txt,5.0,5.0,100.0,5.0,100.0,5.0,100.0,5.0,100.0,N/A,N/A
ego_002433.txt,13.0,13.0,100.0,13.0,100.0,13.0,100.0,N/A,N/A,N/A,N/A
ego_002434.txt,4.0,4.0,100.0,4.0,100.0,4.0,100.0,4.0,100.0,N/A,N/A
ego_002435.txt,0.0,0.0,100.0,0.0,100.0,0.0,100.0,0.0,100.0,N/A,N/A
ego_002436.txt,0.0,0.0,100.0,0.0,100.0,0.0,100.0,0.0,100.0,N/A,N/A
ego_002437.txt,6.0,6.0,100.0,6.0,100.0,6.0,100.0,6.0,100.0,N/A,N/A
ego_002438.txt,2.0,2.0,100.0,2.0,100.0,2.0,100.0,2.0,100.0,N/A,N/A
ego_002439.txt,0.0,0.0,100.0,0.0,100.0,0.0,100.0,0.0,100.0,N/A,N/A
ego_002440.txt,7.0,7.0,100.0,7.0,100.0,7.0,100.0,N/A,N/A,N/A,N/A
ego_002441.txt,6.0,6.0,100.0,6.0,100.0,6.0,100.0,6.0,100.0,N/A,N/A
ego_002442.txt,14.0,14.0,100.0,14.0,100.0,14.0,100.0,N/A,N/A,N/A,N/A
ego_002443.txt,0.0,0.0,100.0,0.0,100.0,0.0,100.0,0.0,100.0,N/A,N/A
ego_002444.txt,11.0,11.0,100.0,11.0,100.0,11.0,100.0,N/A,N/A,N/A,N/A
ego_002445.txt,0.0,0.0,100.0,0.0,100.0,0.0,100.0,0.0,100.0,N/A,N/A
ego_002446.txt,5.0,5.0,100.0,5.0,100.0,5.0,100.0,5.0,100.0,N/A,N/A
ego_002447.txt,3.0,3.0,100.0,3.0,100.0,3.0,100.0,3.0,100.0,N/A,N/A
ego_002448.txt,9.0,9.0,100.0,9.0,100.0,9.0,100.0,N/A,N/A,N/A,N/A
ego_002449.txt,10.0,10.0,100.0,10.0,100.0,10.0,100.0,N/A,N/A,N/A,N/A
ego_002450.txt,0.0,0.0,100.0,0.0,100.0,0.0,100.0,0.0,100.0,N/A,N/A
ego_002451.txt,11.0,11.0,100.0,11.0,100.0,11.0,100.0,N/A,N/A,N/A,N/A
ego_002452.txt,8.0,8.0,100.0,8.0,100.0,8.0,100.0,N/A,N/A,N/A,N/A
ego_002453.txt,4.0,4.0,100.0,4.0,100.0,4.0,100.0,4.0,100.0,N/A,N/A
ego_002454.txt,0.0,0.0,100.0,0.0,100.0,0.0,100.0,0.0,100.0,N/A,N/A
ego_002455.txt,4.0,4.0,100.0,4.0,100.0,4.0,100.0,4.0,100.0,N/A,N/A
ego_002456.txt,2.0,2.0,100.0,2.0,100.0,2.0,100.0,2.0,100.0,N/A,N/A
ego_002457.txt,4.0,4.0,100.0,4.0,100.0,4.0,100.0,4.0,100.0,N/A,N/A
ego_002458.txt,5.0,5.0,100.0,5.0,100.0,5.0,100.0,5.0,100.0,N/A,N/A
ego_002459.txt,2.0,2.0,100.0,2.0,100.0,2.0,100.0,2.0,100.0,N/A,N/A
ego_002460.txt,3.0,3.0,100.0,3.0,100.0,3.0,100.0,3.0,100.0,N/A,N/A
ego_002461.txt,0.0,0.0,100.0,0.0,100.0,0.0,100.0,0.0,100.0,N/A,N/A
ego_002462.txt,17.0,17.0,100.0,17.0,100.0,17.0,100.0,N/A,N/A,N/A,N/A
ego_002463.txt,3.0,3.0,100.0,3.0,100.0,3.0,100.0,3.0,100.0,N/A,N/A
ego_002464.txt,9.0,9.0,100.0,9.0,100.0,9.0,100.0,N/A,N/A,N/A,N/A
ego_002465.txt,2.0,2.0,100.0,2.0,100.0,2.0,100.0,2.0,100.0,N/A,N/A
ego_002466.txt,1.0,1.0,100.0,1.0,100.0,1.0,100.0,1.0,100.0,N/A,N/A
ego_002467.txt,8.0,8.0,100.0,8.0,100.0,8.0,100.0,N/A,N/A,N/A,N/A
ego_002468.txt,7.0,7.0,100.0,7.0,100.0,7.0,100.0,7.0,100.0,N/A,N/A
ego_002469.txt,2.0,2.0,100.0,2.0,100.0,2.0,100.0,2.0,100.0,N/A,N/A
ego_002470.txt,9.0,9.0,100.0,9.0,100.0,9.0,100.0,N/A,N/A,N/A,N/A
ego_002471.txt,1.0,1.0,100.0,1.0,100.0,1.0,100.0,1.0,100.0,N/A,N/A
ego_002472.txt,1.0,1.0,100.0,1.0,100.0,1.0,100.0,1.0,100.0,N/A,N/A
ego_002473.txt,4.0,4.0,100.0,4.0,100.0,4.0,100.0,4.0,100.0,N/A,N/A
ego_002474.txt,9.0,9.0,100.0,9.0,100.0,9.0,100.0,N/A,N/A,N/A,N/A
ego_002475.txt,2.0,2.0,100.0,2.0,100.0,2.0,100.0,2.0,100.0,N/A,N/A
ego_002476.txt,2.0,2.0,100.0,2.0,100.0,2.0,100.0,2.0,100.0,N/A,N/A
ego_002477.txt,1.0,1.0,100.0,1.0,100.0,1.0,100.0,1.0,100.0,N/A,N/A
ego_002478.txt,6.0,6.0,100.0,6.0,100.0,6.0,100.0,6.0,100.0,N/A,N/A
ego_002479.txt,5.0,5.0,100.0,5.0,100.0,5.0,100.0,5.0,100.0,N/A,N/A
ego_002480.txt,1.0,1.0,100.0,1.0,100.0,1.0,100.0,1.0,100.0,N/A,N/A
ego_002481.txt,2.0,2.0,100.0,2.0,100.0,2.0,100.0,2.0,100.0,N/A,N/A
ego_002482.txt,6.0,6.0,100.0,6.0,100.0,6.0,100.0,6.0,100.0,N/A,N/A
ego_002483.txt,3.0,3.0,100.0,3.0,100.0,3.0,100.0,3.0,100.0,N/A,N/A
ego_002484.txt,7.0,7.0,100.0,7.0,100.0,7.0,100.0,N/A,N/A,N/A,N/A
ego_002485.txt,0.0,0.0,100.0,0.0,100.0,0.0,100.0,0.0,100.0,N/A,N/A
ego_002486.txt,0.0,0.0,100.0,0.0,100.0,0.0,100.0,0.0,100.0,N/A,N/A
ego_002487.txt,0.0,0.0,100.0,0.0,100.0,0.0,100.0,0.0,100.0,N/A,N/A
ego_002488.txt,13.0,13.0,100.0,13.0,100.0,13.0,100.0,N/A,N/A,N/A,N/A
ego_002489.txt,0.0,0.0,100.0,0.0,100.0,0.0,100.0,0.0,100.0,N/A,N/A
ego_002490.txt,5.0,5.0,100.0,5.0,100.0,5.0,100.0,5.0,100.0,N/A,N/A
ego_002491.txt,10.0,10.0,100.0,10.0,100.0,10.0,100.0,N/A,N/A,N/A,N/A
ego_002492.txt,5.0,5.0,100.0,5.0,100.0,5.0,100.0,5.0,100.0,N/A,N/A
ego_002493.txt,9.0,9.0,100.0,9.0,100.0,9.0,100.0,N/A,N/A,N/A,N/A
ego_002494.txt,8.0,8.0,100.0,8.0,100.0,8.0,100.0,N/A,N/A,N/A,N/A
ego_002495.txt,2.0,2.0,100.0,2.0,100.0,2.0,100.0,2.0,100.0,N/A,N/A
ego_002496.txt,5.0,5.0,100.0,5.0,100.0,5.0,100.0,5.0,100.0,N/A,N/A
ego_002497.txt,5.0,5.0,100.0,5.0,100.0,5.0,100.0,5.0,100.0,N/A,N/A
ego_002498.txt,3.0,3.0,100.0,3.0,100.0,3.0,100.0,3.0,100.0,N/A,N/A
ego_002499.txt,2.0,2.0,100.0,2.0,100.0,2.0,100.0,2.0,100.0,N/A,N/A
ego_002500.txt,13.0,13.0,100.0,13.0,100.0,13.0,100.0,N/A,N/A,N/A,N/A
ego_002501.txt,6.0,6.0,100.0,6.0,100.0,6.0,100.0,6.0,100.0,N/A,N/A
ego_002502.txt,12.0,12.0,100.0,12.0,100.0,12.0,100.0,N/A,N/A,N/A,N/A
ego_002503.txt,7.0,7.0,100.0,7.0,100.0,7.0,100.0,7.0,100.0,N/A,N/A
ego_002504.txt,2.0,2.0,100.0,2.0,100.0,2.0,100.0,2.0,100.0,N/A,N/A
ego_002505.txt,5.0,5.0,100.0,5.0,100.0,5.0,100.0,5.0,100.0,N/A,N/A
ego_002506.txt,7.0,7.0,100.0,7.0,100.0,7.0,100.0,7.0,100.0,N/A,N/A
ego_002507.txt,3.0,3.0,100.0,3.0,100.0,3.0,100.0,3.0,100.0,N/A,N/A
ego_002508.txt,9.0,9.0,100.0,9.0,100.0,9.0,100.0,9.0,100.0,N/A,N/A
ego_002509.txt,2.0,2.0,100.0,2.0,100.0,2.0,100.0,2.0,100.0,N/A,N/A
ego_002510.txt,5.0,5.0,100.0,5.0,100.0,5.0,100.0,5.0,100.0,N/A,N/A
ego_002511.txt,0.0,0.0,100.0,0.0,100.0,0.0,100.0,0.0,100.0,N/A,N/A
ego_002512.txt,9.0,9.0,100.0,9.0,100.0,9.0,100.0,9.0,100.0,N/A,N/A
ego_002513.txt,0.0,0.0,100.0,0.0,100.0,0.0,100.0,0.0,100.0,N/A,N/A
ego_002514.txt,1.0,1.0,100.0,1.0,100.0,1.0,100.0,1.0,100.0,N/A,N/A
ego_002515.txt,1.0,1.0,100.0,1.0,100.0,1.0,100.0,1.0,100.0,N/A,N/A
ego_002516.txt,8.0,8.0,100.0,8.0,100.0,8.0,100.0,8.0,100.0,N/A,N/A
ego_002517.txt,2.0,2.0,100.0,2.0,100.0,2.0,100.0,2.0,100.0,N/A,N/A
ego_002518.txt,6.0,6.0,100.0,6.0,100.0,6.0,100.0,6.0,100.0,N/A,N/A
ego_002519.txt,3.0,3.0,100.0,3.0,100.0,3.0,100.0,3.0,100.0,N/A,N/A
ego_002520.txt,2.0,2.0,100.0,2.0,100.0,2.0,100.0,2.0,100.0,N/A,N/A
ego_002521.txt,10.0,10.0,100.0,10.0,100.0,10.0,100.0,N/A,N/A,N/A,N/A
ego_002522.txt,1.0,1.0,100.0,1.0,100.0,1.0,100.0,1.0,100.0,N/A,N/A
ego_002523.txt,2.0,2.0,100.0,2.0,100.0,2.0,100.0,2.0,100.0,N/A,N/A
ego_002524.txt,0.0,0.0,100.0,0.0,100.0,0.0,100.0,0.0,100.0,N/A,N/A
ego_002525.txt,3.0,3.0,100.0,3.0,100.0,3.0,100.0,3.0,100.0,N/A,N/A
ego_002526.txt,9.0,9.0,100.0,9.0,100.0,9.0,100.0,N/A,N/A,N/A,N/A
ego_002527.txt,3.0,3.0,100.0,3.0,100.0,3.0,100.0,3.0,100.0,N/A,N/A
ego_002528.txt,0.0,0.0,100.0,0.0,100.0,0.0,100.0,0.0,100.0,N/A,N/A
ego_002529.txt,2.0,2.0,100.0,2.0,100.0,2.0,100.0,2.0,100.0,N/A,N/A
ego_002530.txt,13.0,13.0,100.0,13.0,100.0,13.0,100.0,N/A,N/A,N/A,N/A
ego_002531.txt,7.0,7.0,100.0,7.0,100.0,7.0,100.0,7.0,100.0,N/A,N/A
ego_002532.txt,5.0,5.0,100.0,5.0,100.0,5.0,100.0,5.0,100.0,N/A,N/A
ego_002533.txt,0.0,0.0,100.0,0.0,100.0,0.0,100.0,0.0,100.0,N/A,N/A
ego_002534.txt,11.0,11.0,100.0,11.0,100.0,11.0,100.0,N/A,N/A,N/A,N/A
ego_002535.txt,4.0,4.0,100.0,4.0,100.0,4.0,100.0,4.0,100.0,N/A,N/A
ego_002536.txt,2.0,2.0,100.0,2.0,100.0,2.0,100.0,2.0,100.0,N/A,N/A
ego_002537.txt,5.0,5.0,100.0,5.0,100.0,5.0,100.0,5.0,100.0,N/A,N/A
ego_002538.txt,15.0,15.0,100.0,15.0,100.0,15.0,100.0,N/A,N/A,N/A,N/A
ego_002539.txt,6.0,6.0,100.0,6.0,100.0,6.0,100.0,6.0,100.0,N/A,N/A
ego_002540.txt,10.0,10.0,100.0,10.0,100.0,10.0,100.0,N/A,N/A,N/A,N/A
ego_002541.txt,4.0,4.0,100.0,4.0,100.0,4.0,100.0,4.0,100.0,N/A,N/A
ego_002542.txt,0.0,0.0,100.0,0.0,100.0,0.0,100.0,0.0,100.0,N/A,N/A
ego_002543.txt,6.0,6.0,100.0,6.0,100.0,6.0,100.0,6.0,100.0,N/A,N/A
ego_002544.txt,6.0,6.0,100.0,6.0,100.0,6.0,100.0,6.0,100.0,N/A,N/A
ego_002545.txt,3.0,3.0,100.0,3.0,100.0,3.0,100.0,3.0,100.0,N/A,N/A
ego_002546.txt,8.0,8.0,100.0,8.0,100.0,8.0,100.0,8.0,100.0,N/A,N/A
ego_002547.txt,2.0,2.0,100.0,2.0,100.0,2.0,100.0,2.0,100.0,N/A,N/A
ego_002548.txt,5.0,5.0,100.0,5.0,100.0,5.0,100.0,5.0,100.0,N/A,N/A
ego_002549.txt,12.0,12.0,100.0,12.0,100.0,12.0,100.0,12.0,100.0,N/A,N/A
ego_002550.txt,0.0,0.0,100.0,0.0,100.0,0.0,100.0,0.0,100.0,N/A,N/A
ego_002551.txt,2.0,2.0,100.0,2.0,100.0,2.0,100.0,2.0,100.0,N/A,N/A
ego_002552.txt,2.0,2.0,100.0,2.0,100.0,2.0,100.0,2.0,100.0,N/A,N/A
ego_002553.txt,1.0,1.0,100.0,1.0,100.0,1.0,100.0,1.0,100.0,N/A,N/A
ego_002554.txt,3.0,3.0,100.0,3.0,100.0,3.0,100.0,3.0,100.0,N/A,N/A
ego_002555.txt,5.0,5.0,100.0,5.0,100.0,5.0,100.0,5.0,100.0,N/A,N/A
ego_002556.txt,8.0,8.0,100.0,8.0,100.0,8.0,100.0,N/A,N/A,N/A,N/A
ego_002557.txt,5.0,5.0,100.0,5.0,100.0,5.0,100.0,5.0,100.0,N/A,N/A
ego_002558.txt,6.0,6.0,100.0,6.0,100.0,6.0,100.0,6.0,100.0,N/A,N/A
ego_002559.txt,7.0,7.0,100.0,7.0,100.0,7.0,100.0,7.0,100.0,N/A,N/A
ego_002560.txt,1.0,1.0,100.0,1.0,100.0,1.0,100.0,1.0,100.0,N/A,N/A
ego_002561.txt,10.0,10.0,100.0,10.0,100.0,10.0,100.0,N/A,N/A,N/A,N/A
ego_002562.txt,3.0,3.0,100.0,3.0,100.0,3.0,100.0,3.0,100.0,N/A,N/A
ego_002563.txt,8.0,8.0,100.0,8.0,100.0,8.0,100.0,N/A,N/A,N/A,N/A
ego_002564.txt,3.0,3.0,100.0,3.0,100.0,3.0,100.0,3.0,100.0,N/A,N/A
ego_002565.txt,8.0,8.0,100.0,8.0,100.0,8.0,100.0,N/A,N/A,N/A,N/A
ego_002566.txt,0.0,0.0,100.0,0.0,100.0,0.0,100.0,0.0,100.0,N/A,N/A
ego_002567.txt,0.0,0.0,100.0,0.0,100.0,0.0,100.0,0.0,100.0,N/A,N/A
ego_002568.txt,9.0,9.0,100.0,9.0,100.0,9.0,100.0,N/A,N/A,N/A,N/A
ego_002569.txt,10.0,10.0,100.0,10.0,100.0,10.0,100.0,N/A,N/A,N/A,N/A
ego_002570.txt,7.0,7.0,100.0,7.0,100.0,7.0,100.0,7.0,100.0,N/A,N/A
ego_002571.txt,2.0,2.0,100.0,2.0,100.0,2.0,100.0,2.0,100.0,N/A,N/A
ego_002572.txt,6.0,6.0,100.0,6.0,100.0,6.0,100.0,6.0,100.0,N/A,N/A
ego_002573.txt,2.0,2.0,100.0,2.0,100.0,2.0,100.0,2.0,100.0,N/A,N/A
ego_002574.txt,7.0,7.0,100.0,7.0,100.0,7.0,100.0,7.0,100.0,N/A,N/A
ego_002575.txt,6.0,6.0,100.0,6.0,100.0,6.0,100.0,6.0,100.0,N/A,N/A
ego_002576.txt,1.0,1.0,100.0,1.0,100.0,1.0,100.0,1.0,100.0,N/A,N/A
ego_002577.txt,7.0,7.0,100.0,7.0,100.0,7.0,100.0,7.0,100.0,N/A,N/A
ego_002578.txt,0.0,0.0,100.0,0.0,100.0,0.0,100.0,0.0,100.0,N/A,N/A
ego_002579.txt,5.0,5.0,100.0,5.0,100.0,5.0,100.0,5.0,100.0,N/A,N/A
ego_002580.txt,1.0,1.0,100.0,1.0,100.0,1.0,100.0,1.0,100.0,N/A,N/A
ego_002581.txt,0.0,0.0,100.0,0.0,100.0,0.0,100.0,0.0,100.0,N/A,N/A
ego_002582.txt,1.0,1.0,100.0,1.0,100.0,1.0,100.0,1.0,100.0,N/A,N/A
ego_002583.txt,1.0,1.0,100.0,1.0,100.0,1.0,100.0,1.0,100.0,N/A,N/A
ego_002584.txt,1.0,1.0,100.0,1.0,100.0,1.0,100.0,1.0,100.0,N/A,N/A
ego_002585.txt,5.0,5.0,100.0,5.0,100.0,5.0,100.0,5.0,100.0,N/A,N/A
ego_002586.txt,8.0,8.0,100.0,8.0,100.0,8.0,100.0,N/A,N/A,N/A,N/A
ego_002587.txt,0.0,0.0,100.0,0.0,100.0,0.0,100.0,0.0,100.0,N/A,N/A
ego_002588.txt,2.0,2.0,100.0,2.0,100.0,2.0,100.0,2.0,100.0,N/A,N/A
ego_002589.txt,8.0,8.0,100.0,8.0,100.0,8.0,100.0,8.0,100.0,N/A,N/A
ego_002590.txt,6.0,6.0,100.0,6.0,100.0,6.0,100.0,6.0,100.0,N/A,N/A
ego_002591.txt,6.0,6.0,100.0,6.0,100.0,6.0,100.0,6.0,100.0,N/A,N/A
ego_002592.txt,6.0,6.0,100.0,6.0,100.0,6.0,100.0,6.0,100.0,N/A,N/A
ego_002593.txt,10.0,10.0,100.0,10.0,100.0,10.0,100.0,N/A,N/A,N/A,N/A
ego_002594.txt,7.0,7.0,100.0,7.0,100.0,7.0,100.0,7.0,100.0,N/A,N/A
ego_002595.txt,0.0,0.0,100.0,0.0,100.0,0.0,100.0,0.0,100.0,N/A,N/A
ego_002596.txt,6.0,6.0,100.0,6.0,100.0,6.0,100.0,6.0,100.0,N/A,N/A
ego_002597.txt,2.0,2.0,100.0,2.0,100.0,2.0,100.0,2.0,100.0,N/A,N/A
ego_002598.txt,9.0,9.0,100.0,9.0,100.0,9.0,100.0,N/A,N/A,N/A,N/A
ego_002599.txt,4.0,4.0,100.0,4.0,100.0,4.0,100.0,4.0,100.0,N/A,N/A
ego_002600.txt,4.0,4.0,100.0,4.0,100.0,4.0,100.0,4.0,100.0,N/A,N/A
ego_002601.txt,2.0,2.0,100.0,2.0,100.0,2.0,100.0,2.0,100.0,N/A,N/A
ego_002602.txt,3.0,3.0,100.0,3.0,100.0,3.0,100.0,3.0,100.0,N/A,N/A
ego_002603.txt,0.0,0.0,100.0,0.0,100.0,0.0,100.0,0.0,100.0,N/A,N/A
ego_002604.txt,3.0,3.0,100.0,3.0,100.0,3.0,100.0,3.0,100.0,N/A,N/A
ego_002605.txt,1.0,1.0,100.0,1.0,100.0,1.0,100.0,1.0,100.0,N/A,N/A
ego_002606.txt,3.0,3.0,100.0,3.0,100.0,3.0,100.0,3.0,100.0,N/A,N/A
ego_002607.txt,2.0,2.0,100.0,2.0,100.0,2.0,100.0,2.0,100.0,N/A,N/A
ego_002608.txt,2.0,2.0,100.0,2.0,100.0,2.0,100.0,2.0,100.0,N/A,N/A
ego_002609.txt,2.0,2.0,100.0,2.0,100.0,2.0,100.0,2.0,100.0,N/A,N/A
ego_002610.txt,11.0,11.0,100.0,11.0,100.0,11.0,100.0,N/A,N/A,N/A,N/A
ego_002611.txt,6.0,6.0,100.0,6.0,100.0,6.0,100.0,6.0,100.0,N/A,N/A
ego_002612.txt,5.0,5.0,100.0,5.0,100.0,5.0,100.0,5.0,100.0,N/A,N/A
ego_002613.txt,2.0,2.0,100.0,2.0,100.0,2.0,100.0,2.0,100.0,N/A,N/A
ego_002614.txt,6.0,6.0,100.0,6.0,100.0,6.0,100.0,6.0,100.0,N/A,N/A
ego_002615.txt,0.0,0.0,100.0,0.0,100.0,0.0,100.0,0.0,100.0,N/A,N/A
ego_002616.txt,5.0,5.0,100.0,5.0,100.0,5.0,100.0,5.0,100.0,N/A,N/A
ego_002617.txt,5.0,5.0,100.0,5.0,100.0,5.0,100.0,5.0,100.0,N/A,N/A
ego_002618.txt,8.0,8.0,100.0,8.0,100.0,8.0,100.0,8.0,100.0,N/A,N/A
ego_002619.txt,3.0,3.0,100.0,3.0,100.0,3.0,100.0,3.0,100.0,N/A,N/A
ego_002620.txt,5.0,5.0,100.0,5.0,100.0,5.0,100.0,5.0,100.0,N/A,N/A
ego_002621.txt,2.0,2.0,100.0,2.0,100.0,2.0,100.0,2.0,100.0,N/A,N/A
ego_002622.txt,5.0,5.0,100.0,5.0,100.0,5.0,100.0,5.0,100.0,N/A,N/A
ego_002623.txt,6.0,6.0,100.0,6.0,100.0,6.0,100.0,6.0,100.0,N/A,N/A
ego_002624.txt,10.0,10.0,100.0,10.0,100.0,10.0,100.0,N/A,N/A,N/A,N/A
ego_002625.txt,17.0,17.0,100.0,17.0,100.0,17.0,100.0,N/A,N/A,N/A,N/A
ego_002626.txt,8.0,8.0,100.0,8.0,100.0,8.0,100.0,N/A,N/A,N/A,N/A
ego_002627.txt,1.0,1.0,100.0,1.0,100.0,1.0,100.0,1.0,100.0,N/A,N/A
ego_002628.txt,16.0,N/A,N/A,16.0,100.0,16.0,100.0,N/A,N/A,N/A,N/A
ego_002629.txt,1.0,1.0,100.0,1.0,100.0,1.0,100.0,1.0,100.0,N/A,N/A
ego_002630.txt,1.0,1.0,100.0,1.0,100.0,1.0,100.0,1.0,100.0,N/A,N/A
ego_002631.txt,5.0,5.0,100.0,5.0,100.0,5.0,100.0,5.0,100.0,N/A,N/A
ego_002632.txt,11.0,11.0,100.0,11.0,100.0,11.0,100.0,N/A,N/A,N/A,N/A
ego_002633.txt,6.0,6.0,100.0,6.0,100.0,6.0,100.0,6.0,100.0,N/A,N/A
ego_002634.txt,0.0,0.0,100.0,0.0,100.0,0.0,100.0,0.0,100.0,N/A,N/A
ego_002635.txt,4.0,4.0,100.0,4.0,100.0,4.0,100.0,4.0,100.0,N/A,N/A
ego_002636.txt,8.0,8.0,100.0,8.0,100.0,8.0,100.0,N/A,N/A,N/A,N/A
ego_002637.txt,1.0,1.0,100.0,1.0,100.0,1.0,100.0,1.0,100.0,N/A,N/A
ego_002638.txt,9.0,9.0,100.0,9.0,100.0,9.0,100.0,N/A,N/A,N/A,N/A
ego_002639.txt,9.0,9.0,100.0,9.0,100.0,9.0,100.0,N/A,N/A,N/A,N/A
ego_002640.txt,2.0,2.0,100.0,2.0,100.0,2.0,100.0,2.0,100.0,N/A,N/A
ego_002641.txt,8.0,8.0,100.0,8.0,100.0,8.0,100.0,8.0,100.0,N/A,N/A
ego_002642.txt,0.0,0.0,100.0,0.0,100.0,0.0,100.0,0.0,100.0,N/A,N/A
ego_002643.txt,2.0,2.0,100.0,2.0,100.0,2.0,100.0,2.0,100.0,N/A,N/A
ego_002644.txt,1.0,1.0,100.0,1.0,100.0,1.0,100.0,1.0,100.0,N/A,N/A
ego_002645.txt,0.0,0.0,100.0,0.0,100.0,0.0,100.0,0.0,100.0,N/A,N/A
ego_002646.txt,6.0,6.0,100.0,6.0,100.0,6.0,100.0,6.0,100.0,N/A,N/A
ego_002647.txt,6.0,6.0,100.0,6.0,100.0,6.0,100.0,6.0,100.0,N/A,N/A
ego_002648.txt,8.0,8.0,100.0,8.0,100.0,8.0,100.0,8.0,100.0,N/A,N/A
ego_002649.txt,9.0,9.0,100.0,9.0,100.0,9.0,100.0,N/A,N/A,N/A,N/A
ego_002650.txt,0.0,0.0,100.0,0.0,100.0,0.0,100.0,0.0,100.0,N/A,N/A
ego_002651.txt,4.0,4.0,100.0,4.0,100.0,4.0,100.0,4.0,100.0,N/A,N/A
ego_002652.txt,4.0,4.0,100.0,4.0,100.0,4.0,100.0,4.0,100.0,N/A,N/A
ego_002653.txt,3.0,3.0,100.0,3.0,100.0,3.0,100.0,3.0,100.0,N/A,N/A
ego_002654.txt,6.0,6.0,100.0,6.0,100.0,6.0,100.0,6.0,100.0,N/A,N/A
ego_002655.txt,6.0,6.0,100.0,6.0,100.0,6.0,100.0,6.0,100.0,N/A,N/A
ego_002656.txt,5.0,5.0,100.0,5.0,100.0,5.0,100.0,5.0,100.0,N/A,N/A
ego_002657.txt,6.0,6.0,100.0,6.0,100.0,6.0,100.0,6.0,100.0,N/A,N/A
ego_002658.txt,6.0,6.0,100.0,6.0,100.0,6.0,100.0,6.0,100.0,N/A,N/A
ego_002659.txt,8.0,8.0,100.0,8.0,100.0,8.0,100.0,N/A,N/A,N/A,N/A
ego_002660.txt,12.0,12.0,100.0,12.0,100.0,12.0,100.0,N/A,N/A,N/A,N/A
ego_002661.txt,10.0,10.0,100.0,10.0,100.0,10.0,100.0,N/A,N/A,N/A,N/A
ego_002662.txt,1.0,1.0,100.0,1.0,100.0,1.0,100.0,1.0,100.0,N/A,N/A
ego_002663.txt,9.0,9.0,100.0,9.0,100.0,9.0,100.0,N/A,N/A,N/A,N/A
ego_002664.txt,6.0,6.0,100.0,6.0,100.0,6.0,100.0,6.0,100.0,N/A,N/A
ego_002665.txt,7.0,7.0,100.0,7.0,100.0,7.0,100.0,7.0,100.0,N/A,N/A
ego_002666.txt,8.0,8.0,100.0,8.0,100.0,8.0,100.0,8.0,100.0,N/A,N/A
ego_002667.txt,25.0,N/A,N/A,N/A,N/A,25.0,100.0,N/A,N/A,N/A,N/A
ego_002668.txt,5.0,5.0,100.0,5.0,100.0,5.0,100.0,5.0,100.0,N/A,N/A
ego_002669.txt,2.0,2.0,100.0,2.0,100.0,2.0,100.0,2.0,100.0,N/A,N/A
ego_002670.txt,12.0,12.0,100.0,12.0,100.0,12.0,100.0,N/A,N/A,N/A,N/A
ego_002671.txt,1.0,1.0,100.0,1.0,100.0,1.0,100.0,1.0,100.0,N/A,N/A
ego_002672.txt,13.0,13.0,100.0,13.0,100.0,13.0,100.0,N/A,N/A,N/A,N/A
ego_002673.txt,0.0,0.0,100.0,0.0,100.0,0.0,100.0,0.0,100.0,N/A,N/A
ego_002674.txt,0.0,0.0,100.0,0.0,100.0,0.0,100.0,0.0,100.0,N/A,N/A
ego_002675.txt,3.0,3.0,100.0,3.0,100.0,3.0,100.0,3.0,100.0,N/A,N/A
ego_002676.txt,0.0,0.0,100.0,0.0,100.0,0.0,100.0,0.0,100.0,N/A,N/A
ego_002677.txt,3.0,3.0,100.0,3.0,100.0,3.0,100.0,3.0,100.0,N/A,N/A
ego_002678.txt,2.0,2.0,100.0,2.0,100.0,2.0,100.0,2.0,100.0,N/A,N/A
ego_002679.txt,0.0,0.0,100.0,0.0,100.0,0.0,100.0,0.0,100.0,N/A,N/A
ego_002680.txt,2.0,2.0,100.0,2.0,100.0,2.0,100.0,2.0,100.0,N/A,N/A
ego_002681.txt,7.0,7.0,100.0,7.0,100.0,7.0,100.0,N/A,N/A,N/A,N/A
ego_002682.txt,6.0,6.0,100.0,6.0,100.0,6.0,100.0,6.0,100.0,N/A,N/A
ego_002683.txt,6.0,6.0,100.0,6.0,100.0,6.0,100.0,6.0,100.0,N/A,N/A
ego_002684.txt,4.0,4.0,100.0,4.0,100.0,4.0,100.0,4.0,100.0,N/A,N/A
ego_002685.txt,4.0,4.0,100.0,4.0,100.0,4.0,100.0,4.0,100.0,N/A,N/A
ego_002686.txt,8.0,8.0,100.0,8.0,100.0,8.0,100.0,N/A,N/A,N/A,N/A
ego_002687.txt,7.0,7.0,100.0,7.0,100.0,7.0,100.0,7.0,100.0,N/A,N/A
ego_002688.txt,2.0,2.0,100.0,2.0,100.0,2.0,100.0,2.0,100.0,N/A,N/A
ego_002689.txt,6.0,6.0,100.0,6.0,100.0,6.0,100.0,6.0,100.0,N/A,N/A
ego_002690.txt,1.0,1.0,100.0,1.0,100.0,1.0,100.0,1.0,100.0,N/A,N/A
ego_002691.txt,10.0,10.0,100.0,10.0,100.0,10.0,100.0,N/A,N/A,N/A,N/A
ego_002692.txt,4.0,4.0,100.0,4.0,100.0,4.0,100.0,4.0,100.0,N/A,N/A
ego_002693.txt,1.0,1.0,100.0,1.0,100.0,1.0,100.0,1.0,100.0,N/A,N/A
ego_002694.txt,2.0,2.0,100.0,2.0,100.0,2.0,100.0,2.0,100.0,N/A,N/A
ego_002695.txt,0.0,0.0,100.0,0.0,100.0,0.0,100.0,0.0,100.0,N/A,N/A
ego_002696.txt,0.0,0.0,100.0,0.0,100.0,0.0,100.0,0.0,100.0,N/A,N/A
ego_002697.txt,7.0,7.0,100.0,7.0,100.0,7.0,100.0,7.0,100.0,N/A,N/A
ego_002698.txt,1.0,1.0,100.0,1.0,100.0,1.0,100.0,1.0,100.0,N/A,N/A
ego_002699.txt,2.0,2.0,100.0,2.0,100.0,2.0,100.0,2.0,100.0,N/A,N/A
ego_002700.txt,3.0,3.0,100.0,3.0,100.0,3.0,100.0,3.0,100.0,N/A,N/A
ego_002701.txt,10.0,10.0,100.0,10.0,100.0,10.0,100.0,N/A,N/A,N/A,N/A
ego_002702.txt,6.0,6.0,100.0,6.0,100.0,6.0,100.0,6.0,100.0,N/A,N/A
ego_002703.txt,8.0,8.0,100.0,8.0,100.0,8.0,100.0,N/A,N/A,N/A,N/A
ego_002704.txt,11.0,11.0,100.0,11.0,100.0,11.0,100.0,11.0,100.0,N/A,N/A
ego_002705.txt,11.0,11.0,100.0,11.0,100.0,11.0,100.0,N/A,N/A,N/A,N/A
ego_002706.txt,7.0,7.0,100.0,7.0,100.0,7.0,100.0,N/A,N/A,N/A,N/A
ego_002707.txt,0.0,0.0,100.0,0.0,100.0,0.0,100.0,0.0,100.0,N/A,N/A
ego_002708.txt,3.0,3.0,100.0,3.0,100.0,3.0,100.0,3.0,100.0,N/A,N/A
ego_002709.txt,2.0,2.0,100.0,2.0,100.0,2.0,100.0,2.0,100.0,N/A,N/A
ego_002710.txt,5.0,5.0,100.0,5.0,100.0,5.0,100.0,5.0,100.0,N/A,N/A
ego_002711.txt,10.0,10.0,100.0,10.0,100.0,10.0,100.0,N/A,N/A,N/A,N/A
ego_002712.txt,5.0,5.0,100.0,5.0,100.0,5.0,100.0,5.0,100.0,N/A,N/A
ego_002713.txt,3.0,3.0,100.0,3.0,100.0,3.0,100.0,3.0,100.0,N/A,N/A
ego_002714.txt,2.0,2.0,100.0,2.0,100.0,2.0,100.0,2.0,100.0,N/A,N/A
ego_002715.txt,4.0,4.0,100.0,4.0,100.0,4.0,100.0,4.0,100.0,N/A,N/A
ego_002716.txt,0.0,0.0,100.0,0.0,100.0,0.0,100.0,0.0,100.0,N/A,N/A
ego_002717.txt,2.0,2.0,100.0,2.0,100.0,2.0,100.0,2.0,100.0,N/A,N/A
ego_002718.txt,9.0,9.0,100.0,9.0,100.0,9.0,100.0,N/A,N/A,N/A,N/A
ego_002719.txt,9.0,9.0,100.0,9.0,100.0,9.0,100.0,9.0,100.0,N/A,N/A
ego_002720.txt,0.0,0.0,100.0,0.0,100.0,0.0,100.0,0.0,100.0,N/A,N/A
ego_002721.txt,5.0,5.0,100.0,5.0,100.0,5.0,100.0,5.0,100.0,N/A,N/A
ego_002722.txt,0.0,0.0,100.0,0.0,100.0,0.0,100.0,0.0,100.0,N/A,N/A
ego_002723.txt,10.0,10.0,100.0,10.0,100.0,10.0,100.0,N/A,N/A,N/A,N/A
ego_002724.txt,2.0,2.0,100.0,2.0,100.0,2.0,100.0,2.0,100.0,N/A,N/A
ego_002725.txt,26.0,N/A,N/A,N/A,N/A,26.0,100.0,N/A,N/A,N/A,N/A
ego_002726.txt,11.0,11.0,100.0,11.0,100.0,11.0,100.0,N/A,N/A,N/A,N/A
ego_002727.txt,5.0,5.0,100.0,5.0,100.0,5.0,100.0,5.0,100.0,N/A,N/A
ego_002728.txt,2.0,2.0,100.0,2.0,100.0,2.0,100.0,2.0,100.0,N/A,N/A
ego_002729.txt,9.0,9.0,100.0,9.0,100.0,9.0,100.0,N/A,N/A,N/A,N/A
ego_002730.txt,3.0,3.0,100.0,3.0,100.0,3.0,100.0,3.0,100.0,N/A,N/A
ego_002731.txt,1.0,1.0,100.0,1.0,100.0,1.0,100.0,1.0,100.0,N/A,N/A
ego_002732.txt,0.0,0.0,100.0,0.0,100.0,0.0,100.0,0.0,100.0,N/A,N/A
ego_002733.txt,15.0,15.0,100.0,15.0,100.0,15.0,100.0,N/A,N/A,N/A,N/A
ego_002734.txt,1.0,1.0,100.0,1.0,100.0,1.0,100.0,1.0,100.0,N/A,N/A
ego_002735.txt,1.0,1.0,100.0,1.0,100.0,1.0,100.0,1.0,100.0,N/A,N/A
ego_002736.txt,6.0,6.0,100.0,6.0,100.0,6.0,100.0,6.0,100.0,N/A,N/A
ego_002737.txt,3.0,3.0,100.0,3.0,100.0,3.0,100.0,3.0,100.0,N/A,N/A
ego_002738.txt,6.0,6.0,100.0,6.0,100.0,6.0,100.0,6.0,100.0,N/A,N/A
ego_002739.txt,2.0,2.0,100.0,2.0,100.0,2.0,100.0,2.0,100.0,N/A,N/A
ego_002740.txt,2.0,2.0,100.0,2.0,100.0,2.0,100.0,2.0,100.0,N/A,N/A
ego_002741.txt,9.0,9.0,100.0,9.0,100.0,9.0,100.0,N/A,N/A,N/A,N/A
ego_002742.txt,2.0,2.0,100.0,2.0,100.0,2.0,100.0,2.0,100.0,N/A,N/A
ego_002743.txt,9.0,9.0,100.0,9.0,100.0,9.0,100.0,N/A,N/A,N/A,N/A
ego_002744.txt,2.0,2.0,100.0,2.0,100.0,2.0,100.0,2.0,100.0,N/A,N/A
ego_002745.txt,2.0,2.0,100.0,2.0,100.0,2.0,100.0,2.0,100.0,N/A,N/A
ego_002746.txt,1.0,1.0,100.0,1.0,100.0,1.0,100.0,1.0,100.0,N/A,N/A
ego_002747.txt,6.0,6.0,100.0,6.0,100.0,6.0,100.0,6.0,100.0,N/A,N/A
ego_002748.txt,2.0,2.0,100.0,2.0,100.0,2.0,100.0,2.0,100.0,N/A,N/A
ego_002749.txt,7.0,7.0,100.0,7.0,100.0,7.0,100.0,7.0,100.0,N/A,N/A
ego_002750.txt,2.0,2.0,100.0,2.0,100.0,2.0,100.0,2.0,100.0,N/A,N/A
ego_002751.txt,5.0,5.0,100.0,5.0,100.0,5.0,100.0,5.0,100.0,N/A,N/A
ego_002752.txt,9.0,9.0,100.0,9.0,100.0,9.0,100.0,9.0,100.0,N/A,N/A
ego_002753.txt,0.0,0.0,100.0,0.0,100.0,0.0,100.0,0.0,100.0,N/A,N/A
ego_002754.txt,4.0,4.0,100.0,4.0,100.0,4.0,100.0,4.0,100.0,N/A,N/A
ego_002755.txt,18.0,18.0,100.0,18.0,100.0,18.0,100.0,N/A,N/A,N/A,N/A
ego_002756.txt,7.0,7.0,100.0,7.0,100.0,7.0,100.0,7.0,100.0,N/A,N/A
ego_002757.txt,13.0,13.0,100.0,13.0,100.0,13.0,100.0,N/A,N/A,N/A,N/A
ego_002758.txt,0.0,0.0,100.0,0.0,100.0,0.0,100.0,0.0,100.0,N/A,N/A
ego_002759.txt,12.0,12.0,100.0,12.0,100.0,12.0,100.0,N/A,N/A,N/A,N/A
ego_002760.txt,0.0,0.0,100.0,0.0,100.0,0.0,100.0,0.0,100.0,N/A,N/A
ego_002761.txt,2.0,2.0,100.0,2.0,100.0,2.0,100.0,2.0,100.0,N/A,N/A
ego_002762.txt,0.0,0.0,100.0,0.0,100.0,0.0,100.0,0.0,100.0,N/A,N/A
ego_002763.txt,1.0,1.0,100.0,1.0,100.0,1.0,100.0,1.0,100.0,N/A,N/A
ego_002764.txt,6.0,6.0,100.0,6.0,100.0,6.0,100.0,6.0,100.0,N/A,N/A
ego_002765.txt,9.0,9.0,100.0,9.0,100.0,9.0,100.0,N/A,N/A,N/A,N/A
ego_002766.txt,2.0,2.0,100.0,2.0,100.0,2.0,100.0,2.0,100.0,N/A,N/A
ego_002767.txt,0.0,0.0,100.0,0.0,100.0,0.0,100.0,0.0,100.0,N/A,N/A
ego_002768.txt,7.0,7.0,100.0,7.0,100.0,7.0,100.0,7.0,100.0,N/A,N/A
ego_002769.txt,9.0,9.0,100.0,9.0,100.0,9.0,100.0,9.0,100.0,N/A,N/A
ego_002770.txt,23.0,N/A,N/A,23.0,100.0,23.0,100.0,N/A,N/A,N/A,N/A
ego_002771.txt,1.0,1.0,100.0,1.0,100.0,1.0,100.0,1.0,100.0,N/A,N/A
ego_002772.txt,8.0,8.0,100.0,8.0,100.0,8.0,100.0,N/A,N/A,N/A,N/A
ego_002773.txt,5.0,5.0,100.0,5.0,100.0,5.0,100.0,5.0,100.0,N/A,N/A
ego_002774.txt,3.0,3.0,100.0,3.0,100.0,3.0,100.0,3.0,100.0,N/A,N/A
ego_002775.txt,2.0,2.0,100.0,2.0,100.0,2.0,100.0,2.0,100.0,N/A,N/A
ego_002776.txt,3.0,3.0,100.0,3.0,100.0,3.0,100.0,3.0,100.0,N/A,N/A
ego_002777.txt,4.0,4.0,100.0,4.0,100.0,4.0,100.0,4.0,100.0,N/A,N/A
ego_002778.txt,4.0,4.0,100.0,4.0,100.0,4.0,100.0,4.0,100.0,N/A,N/A
ego_002779.txt,4.0,4.0,100.0,4.0,100.0,4.0,100.0,4.0,100.0,N/A,N/A
ego_002780.txt,11.0,11.0,100.0,11.0,100.0,11.0,100.0,N/A,N/A,N/A,N/A
ego_002781.txt,3.0,3.0,100.0,3.0,100.0,3.0,100.0,3.0,100.0,N/A,N/A
ego_002782.txt,3.0,3.0,100.0,3.0,100.0,3.0,100.0,3.0,100.0,N/A,N/A
ego_002783.txt,2.0,2.0,100.0,2.0,100.0,2.0,100.0,2.0,100.0,N/A,N/A
ego_002784.txt,3.0,3.0,100.0,3.0,100.0,3.0,100.0,3.0,100.0,N/A,N/A
ego_002785.txt,1.0,1.0,100.0,1.0,100.0,1.0,100.0,1.0,100.0,N/A,N/A
ego_002786.txt,0.0,0.0,100.0,0.0,100.0,0.0,100.0,0.0,100.0,N/A,N/A
ego_002787.txt,2.0,2.0,100.0,2.0,100.0,2.0,100.0,2.0,100.0,N/A,N/A
ego_002788.txt,0.0,0.0,100.0,0.0,100.0,0.0,100.0,0.0,100.0,N/A,N/A
ego_002789.txt,13.0,13.0,100.0,13.0,100.0,13.0,100.0,N/A,N/A,N/A,N/A
ego_002790.txt,9.0,9.0,100.0,9.0,100.0,9.0,100.0,N/A,N/A,N/A,N/A
ego_002791.txt,3.0,3.0,100.0,3.0,100.0,3.0,100.0,3.0,100.0,N/A,N/A
ego_002792.txt,3.0,3.0,100.0,3.0,100.0,3.0,100.0,3.0,100.0,N/A,N/A
ego_002793.txt,3.0,3.0,100.0,3.0,100.0,3.0,100.0,3.0,100.0,N/A,N/A
ego_002794.txt,5.0,5.0,100.0,5.0,100.0,5.0,100.0,5.0,100.0,N/A,N/A
ego_002795.txt,10.0,10.0,100.0,10.0,100.0,10.0,100.0,N/A,N/A,N/A,N/A
ego_002796.txt,0.0,0.0,100.0,0.0,100.0,0.0,100.0,0.0,100.0,N/A,N/A
ego_002797.txt,9.0,9.0,100.0,9.0,100.0,9.0,100.0,N/A,N/A,N/A,N/A
ego_002798.txt,2.0,2.0,100.0,2.0,100.0,2.0,100.0,2.0,100.0,N/A,N/A
ego_002799.txt,2.0,2.0,100.0,2.0,100.0,2.0,100.0,2.0,100.0,N/A,N/A
ego_002800.txt,12.0,12.0,100.0,12.0,100.0,12.0,100.0,N/A,N/A,N/A,N/A
ego_002801.txt,2.0,2.0,100.0,2.0,100.0,2.0,100.0,2.0,100.0,N/A,N/A
ego_002802.txt,3.0,3.0,100.0,3.0,100.0,3.0,100.0,3.0,100.0,N/A,N/A
ego_002803.txt,3.0,3.0,100.0,3.0,100.0,3.0,100.0,3.0,100.0,N/A,N/A
ego_002804.txt,0.0,0.0,100.0,0.0,100.0,0.0,100.0,0.0,100.0,N/A,N/A
ego_002805.txt,6.0,6.0,100.0,6.0,100.0,6.0,100.0,6.0,100.0,N/A,N/A
ego_002806.txt,0.0,0.0,100.0,0.0,100.0,0.0,100.0,0.0,100.0,N/A,N/A
ego_002807.txt,0.0,0.0,100.0,0.0,100.0,0.0,100.0,0.0,100.0,N/A,N/A
ego_002808.txt,7.0,7.0,100.0,7.0,100.0,7.0,100.0,7.0,100.0,N/A,N/A
ego_002809.txt,3.0,3.0,100.0,3.0,100.0,3.0,100.0,3.0,100.0,N/A,N/A
ego_002810.txt,6.0,6.0,100.0,6.0,100.0,6.0,100.0,6.0,100.0,N/A,N/A
ego_002811.txt,3.0,3.0,100.0,3.0,100.0,3.0,100.0,3.0,100.0,N/A,N/A
ego_002812.txt,9.0,9.0,100.0,9.0,100.0,9.0,100.0,N/A,N/A,N/A,N/A
ego_002813.txt,11.0,11.0,100.0,11.0,100.0,11.0,100.0,N/A,N/A,N/A,N/A
ego_002814.txt,6.0,6.0,100.0,6.0,100.0,6.0,100.0,6.0,100.0,N/A,N/A
ego_002815.txt,15.0,15.0,100.0,15.0,100.0,15.0,100.0,N/A,N/A,N/A,N/A
ego_002816.txt,0.0,0.0,100.0,0.0,100.0,0.0,100.0,0.0,100.0,N/A,N/A
ego_002817.txt,9.0,9.0,100.0,9.0,100.0,9.0,100.0,N/A,N/A,N/A,N/A
ego_002818.txt,5.0,5.0,100.0,5.0,100.0,5.0,100.0,5.0,100.0,N/A,N/A
ego_002819.txt,5.0,5.0,100.0,5.0,100.0,5.0,100.0,5.0,100.0,N/A,N/A
ego_002820.txt,4.0,4.0,100.0,4.0,100.0,4.0,100.0,4.0,100.0,N/A,N/A
ego_002821.txt,0.0,0.0,100.0,0.0,100.0,0.0,100.0,0.0,100.0,N/A,N/A
ego_002822.txt,0.0,0.0,100.0,0.0,100.0,0.0,100.0,0.0,100.0,N/A,N/A
ego_002823.txt,2.0,2.0,100.0,2.0,100.0,2.0,100.0,2.0,100.0,N/A,N/A
ego_002824.txt,4.0,4.0,100.0,4.0,100.0,4.0,100.0,4.0,100.0,N/A,N/A
ego_002825.txt,8.0,8.0,100.0,8.0,100.0,8.0,100.0,N/A,N/A,N/A,N/A
ego_002826.txt,1.0,1.0,100.0,1.0,100.0,1.0,100.0,1.0,100.0,N/A,N/A
ego_002827.txt,3.0,3.0,100.0,3.0,100.0,3.0,100.0,3.0,100.0,N/A,N/A
ego_002828.txt,3.0,3.0,100.0,3.0,100.0,3.0,100.0,3.0,100.0,N/A,N/A
ego_002829.txt,5.0,5.0,100.0,5.0,100.0,5.0,100.0,5.0,100.0,N/A,N/A
ego_002830.txt,14.0,14.0,100.0,14.0,100.0,14.0,100.0,N/A,N/A,N/A,N/A
ego_002831.txt,4.0,4.0,100.0,4.0,100.0,4.0,100.0,4.0,100.0,N/A,N/A
ego_002832.txt,0.0,0.0,100.0,0.0,100.0,0.0,100.0,0.0,100.0,N/A,N/A
ego_002833.txt,8.0,8.0,100.0,8.0,100.0,8.0,100.0,8.0,100.0,N/A,N/A
ego_002834.txt,5.0,5.0,100.0,5.0,100.0,5.0,100.0,5.0,100.0,N/A,N/A
ego_002835.txt,9.0,9.0,100.0,9.0,100.0,9.0,100.0,N/A,N/A,N/A,N/A
ego_002836.txt,9.0,9.0,100.0,9.0,100.0,9.0,100.0,N/A,N/A,N/A,N/A
ego_002837.txt,9.0,9.0,100.0,9.0,100.0,9.0,100.0,N/A,N/A,N/A,N/A
ego_002838.txt,2.0,2.0,100.0,2.0,100.0,2.0,100.0,2.0,100.0,N/A,N/A
ego_002839.txt,10.0,10.0,100.0,10.0,100.0,10.0,100.0,10.0,100.0,N/A,N/A
ego_002840.txt,10.0,10.0,100.0,10.0,100.0,10.0,100.0,N/A,N/A,N/A,N/A
ego_002841.txt,3.0,3.0,100.0,3.0,100.0,3.0,100.0,3.0,100.0,N/A,N/A
ego_002842.txt,0.0,0.0,100.0,0.0,100.0,0.0,100.0,0.0,100.0,N/A,N/A
ego_002843.txt,14.0,14.0,100.0,14.0,100.0,14.0,100.0,N/A,N/A,N/A,N/A
ego_002844.txt,0.0,0.0,100.0,0.0,100.0,0.0,100.0,0.0,100.0,N/A,N/A
ego_002845.txt,1.0,1.0,100.0,1.0,100.0,1.0,100.0,1.0,100.0,N/A,N/A
ego_002846.txt,3.0,3.0,100.0,3.0,100.0,3.0,100.0,3.0,100.0,N/A,N/A
ego_002847.txt,3.0,3.0,100.0,3.0,100.0,3.0,100.0,3.0,100.0,N/A,N/A
ego_002848.txt,9.0,9.0,100.0,9.0,100.0,9.0,100.0,9.0,100.0,N/A,N/A
ego_002849.txt,5.0,5.0,100.0,5.0,100.0,5.0,100.0,5.0,100.0,N/A,N/A
ego_002850.txt,8.0,8.0,100.0,8.0,100.0,8.0,100.0,N/A,N/A,N/A,N/A
ego_002851.txt,0.0,0.0,100.0,0.0,100.0,0.0,100.0,0.0,100.0,N/A,N/A
ego_002852.txt,8.0,8.0,100.0,8.0,100.0,8.0,100.0,N/A,N/A,N/A,N/A
ego_002853.txt,9.0,9.0,100.0,9.0,100.0,9.0,100.0,N/A,N/A,N/A,N/A
ego_002854.txt,1.0,1.0,100.0,1.0,100.0,1.0,100.0,1.0,100.0,N/A,N/A
ego_002855.txt,0.0,0.0,100.0,0.0,100.0,0.0,100.0,0.0,100.0,N/A,N/A
ego_002856.txt,12.0,12.0,100.0,12.0,100.0,12.0,100.0,N/A,N/A,N/A,N/A
ego_002857.txt,6.0,6.0,100.0,6.0,100.0,6.0,100.0,6.0,100.0,N/A,N/A
ego_002858.txt,2.0,2.0,100.0,2.0,100.0,2.0,100.0,2.0,100.0,N/A,N/A
ego_002859.txt,0.0,0.0,100.0,0.0,100.0,0.0,100.0,0.0,100.0,N/A,N/A
ego_002860.txt,0.0,0.0,100.0,0.0,100.0,0.0,100.0,0.0,100.0,N/A,N/A
ego_002861.txt,9.0,9.0,100.0,9.0,100.0,9.0,100.0,N/A,N/A,N/A,N/A
ego_002862.txt,8.0,8.0,100.0,8.0,100.0,8.0,100.0,N/A,N/A,N/A,N/A
ego_002863.txt,17.0,17.0,100.0,17.0,100.0,17.0,100.0,N/A,N/A,N/A,N/A
ego_002864.txt,8.0,8.0,100.0,8.0,100.0,8.0,100.0,8.0,100.0,N/A,N/A
ego_002865.txt,3.0,3.0,100.0,3.0,100.0,3.0,100.0,3.0,100.0,N/A,N/A
ego_002866.txt,5.0,5.0,100.0,5.0,100.0,5.0,100.0,5.0,100.0,N/A,N/A
ego_002867.txt,10.0,10.0,100.0,10.0,100.0,10.0,100.0,N/A,N/A,N/A,N/A
ego_002868.txt,2.0,2.0,100.0,2.0,100.0,2.0,100.0,2.0,100.0,N/A,N/A
ego_002869.txt,6.0,6.0,100.0,6.0,100.0,6.0,100.0,6.0,100.0,N/A,N/A
ego_002870.txt,7.0,7.0,100.0,7.0,100.0,7.0,100.0,7.0,100.0,N/A,N/A
ego_002871.txt,2.0,2.0,100.0,2.0,100.0,2.0,100.0,2.0,100.0,N/A,N/A
ego_002872.txt,15.0,15.0,100.0,15.0,100.0,15.0,100.0,N/A,N/A,N/A,N/A
ego_002873.txt,2.0,2.0,100.0,2.0,100.0,2.0,100.0,2.0,100.0,N/A,N/A
ego_002874.txt,3.0,3.0,100.0,3.0,100.0,3.0,100.0,3.0,100.0,N/A,N/A
ego_002875.txt,4.0,4.0,100.0,4.0,100.0,4.0,100.0,4.0,100.0,N/A,N/A
ego_002876.txt,4.0,4.0,100.0,4.0,100.0,4.0,100.0,4.0,100.0,N/A,N/A
ego_002877.txt,2.0,2.0,100.0,2.0,100.0,2.0,100.0,2.0,100.0,N/A,N/A
ego_002878.txt,1.0,1.0,100.0,1.0,100.0,1.0,100.0,1.0,100.0,N/A,N/A
ego_002879.txt,6.0,6.0,100.0,6.0,100.0,6.0,100.0,N/A,N/A,N/A,N/A
ego_002880.txt,4.0,4.0,100.0,4.0,100.0,4.0,100.0,4.0,100.0,N/A,N/A
ego_002881.txt,0.0,0.0,100.0,0.0,100.0,0.0,100.0,0.0,100.0,N/A,N/A
ego_002882.txt,3.0,3.0,100.0,3.0,100.0,3.0,100.0,3.0,100.0,N/A,N/A
ego_002883.txt,4.0,4.0,100.0,4.0,100.0,4.0,100.0,4.0,100.0,N/A,N/A
ego_002884.txt,5.0,5.0,100.0,5.0,100.0,5.0,100.0,5.0,100.0,N/A,N/A
ego_002885.txt,2.0,2.0,100.0,2.0,100.0,2.0,100.0,2.0,100.0,N/A,N/A
ego_002886.txt,6.0,6.0,100.0,6.0,100.0,6.0,100.0,6.0,100.0,N/A,N/A
ego_002887.txt,15.0,15.0,100.0,15.0,100.0,15.0,100.0,N/A,N/A,N/A,N/A
ego_002888.txt,0.0,0.0,100.0,0.0,100.0,0.0,100.0,0.0,100.0,N/A,N/A
ego_002889.txt,10.0,10.0,100.0,10.0,100.0,10.0,100.0,N/A,N/A,N/A,N/A
ego_002890.txt,3.0,3.0,100.0,3.0,100.0,3.0,100.0,3.0,100.0,N/A,N/A
ego_002891.txt,7.0,7.0,100.0,7.0,100.0,7.0,100.0,N/A,N/A,N/A,N/A
ego_002892.txt,9.0,9.0,100.0,9.0,100.0,9.0,100.0,N/A,N/A,N/A,N/A
ego_002893.txt,4.0,4.0,100.0,4.0,100.0,4.0,100.0,4.0,100.0,N/A,N/A
ego_002894.txt,2.0,2.0,100.0,2.0,100.0,2.0,100.0,2.0,100.0,N/A,N/A
ego_002895.txt,2.0,2.0,100.0,2.0,100.0,2.0,100.0,2.0,100.0,N/A,N/A
ego_002896.txt,5.0,5.0,100.0,5.0,100.0,5.0,100.0,5.0,100.0,N/A,N/A
ego_002897.txt,5.0,5.0,100.0,5.0,100.0,5.0,100.0,5.0,100.0,N/A,N/A
ego_002898.txt,2.0,2.0,100.0,2.0,100.0,2.0,100.0,2.0,100.0,N/A,N/A
ego_002899.txt,11.0,11.0,100.0,11.0,100.0,11.0,100.0,N/A,N/A,N/A,N/A
ego_002900.txt,0.0,0.0,100.0,0.0,100.0,0.0,100.0,0.0,100.0,N/A,N/A
ego_002901.txt,9.0,9.0,100.0,9.0,100.0,9.0,100.0,N/A,N/A,N/A,N/A
ego_002902.txt,9.0,9.0,100.0,9.0,100.0,9.0,100.0,N/A,N/A,N/A,N/A
ego_002903.txt,1.0,1.0,100.0,1.0,100.0,1.0,100.0,1.0,100.0,N/A,N/A
ego_002904.txt,8.0,8.0,100.0,8.0,100.0,8.0,100.0,N/A,N/A,N/A,N/A
ego_002905.txt,2.0,2.0,100.0,2.0,100.0,2.0,100.0,2.0,100.0,N/A,N/A
ego_002906.txt,16.0,16.0,100.0,16.0,100.0,16.0,100.0,N/A,N/A,N/A,N/A
ego_002907.txt,8.0,8.0,100.0,8.0,100.0,8.0,100.0,N/A,N/A,N/A,N/A
ego_002908.txt,9.0,9.0,100.0,9.0,100.0,9.0,100.0,N/A,N/A,N/A,N/A
ego_002909.txt,12.0,12.0,100.0,12.0,100.0,12.0,100.0,N/A,N/A,N/A,N/A
ego_002910.txt,1.0,1.0,100.0,1.0,100.0,1.0,100.0,1.0,100.0,N/A,N/A
ego_002911.txt,2.0,2.0,100.0,2.0,100.0,2.0,100.0,2.0,100.0,N/A,N/A
ego_002912.txt,7.0,7.0,100.0,7.0,100.0,7.0,100.0,7.0,100.0,N/A,N/A
ego_002913.txt,5.0,5.0,100.0,5.0,100.0,5.0,100.0,5.0,100.0,N/A,N/A
ego_002914.txt,1.0,1.0,100.0,1.0,100.0,1.0,100.0,1.0,100.0,N/A,N/A
ego_002915.txt,7.0,7.0,100.0,7.0,100.0,7.0,100.0,7.0,100.0,N/A,N/A
ego_002916.txt,3.0,3.0,100.0,3.0,100.0,3.0,100.0,3.0,100.0,N/A,N/A
ego_002917.txt,3.0,3.0,100.0,3.0,100.0,3.0,100.0,3.0,100.0,N/A,N/A
ego_002918.txt,2.0,2.0,100.0,2.0,100.0,2.0,100.0,2.0,100.0,N/A,N/A
ego_002919.txt,14.0,14.0,100.0,14.0,100.0,14.0,100.0,N/A,N/A,N/A,N/A
ego_002920.txt,1.0,1.0,100.0,1.0,100.0,1.0,100.0,1.0,100.0,N/A,N/A
ego_002921.txt,2.0,2.0,100.0,2.0,100.0,2.0,100.0,2.0,100.0,N/A,N/A
ego_002922.txt,9.0,9.0,100.0,9.0,100.0,9.0,100.0,9.0,100.0,N/A,N/A
ego_002923.txt,10.0,10.0,100.0,10.0,100.0,10.0,100.0,N/A,N/A,N/A,N/A
ego_002924.txt,8.0,8.0,100.0,8.0,100.0,8.0,100.0,8.0,100.0,N/A,N/A
ego_002925.txt,4.0,4.0,100.0,4.0,100.0,4.0,100.0,4.0,100.0,N/A,N/A
ego_002926.txt,2.0,2.0,100.0,2.0,100.0,2.0,100.0,2.0,100.0,N/A,N/A
ego_002927.txt,2.0,2.0,100.0,2.0,100.0,2.0,100.0,2.0,100.0,N/A,N/A
ego_002928.txt,6.0,6.0,100.0,6.0,100.0,6.0,100.0,6.0,100.0,N/A,N/A
ego_002929.txt,0.0,0.0,100.0,0.0,100.0,0.0,100.0,0.0,100.0,N/A,N/A
ego_002930.txt,7.0,7.0,100.0,7.0,100.0,7.0,100.0,7.0,100.0,N/A,N/A
ego_002931.txt,2.0,2.0,100.0,2.0,100.0,2.0,100.0,2.0,100.0,N/A,N/A
ego_002932.txt,0.0,0.0,100.0,0.0,100.0,0.0,100.0,0.0,100.0,N/A,N/A
ego_002933.txt,5.0,5.0,100.0,5.0,100.0,5.0,100.0,5.0,100.0,N/A,N/A
ego_002934.txt,0.0,0.0,100.0,0.0,100.0,0.0,100.0,0.0,100.0,N/A,N/A
ego_002935.txt,5.0,5.0,100.0,5.0,100.0,5.0,100.0,5.0,100.0,N/A,N/A
ego_002936.txt,11.0,11.0,100.0,11.0,100.0,11.0,100.0,N/A,N/A,N/A,N/A
ego_002937.txt,2.0,2.0,100.0,2.0,100.0,2.0,100.0,2.0,100.0,N/A,N/A
ego_002938.txt,5.0,5.0,100.0,5.0,100.0,5.0,100.0,5.0,100.0,N/A,N/A
ego_002939.txt,0.0,0.0,100.0,0.0,100.0,0.0,100.0,0.0,100.0,N/A,N/A
ego_002940.txt,5.0,5.0,100.0,5.0,100.0,5.0,100.0,5.0,100.0,N/A,N/A
ego_002941.txt,7.0,7.0,100.0,7.0,100.0,7.0,100.0,7.0,100.0,N/A,N/A
ego_002942.txt,3.0,3.0,100.0,3.0,100.0,3.0,100.0,3.0,100.0,N/A,N/A
ego_002943.txt,0.0,0.0,100.0,0.0,100.0,0.0,100.0,0.0,100.0,N/A,N/A
ego_002944.txt,1.0,1.0,100.0,1.0,100.0,1.0,100.0,1.0,100.0,N/A,N/A
ego_002945.txt,1.0,1.0,100.0,1.0,100.0,1.0,100.0,1.0,100.0,N/A,N/A
ego_002946.txt,12.0,12.0,100.0,12.0,100.0,12.0,100.0,N/A,N/A,N/A,N/A
ego_002947.txt,6.0,6.0,100.0,6.0,100.0,6.0,100.0,6.0,100.0,N/A,N/A
ego_002948.txt,6.0,6.0,100.0,6.0,100.0,6.0,100.0,6.0,100.0,N/A,N/A
ego_002949.txt,3.0,3.0,100.0,3.0,100.0,3.0,100.0,3.0,100.0,N/A,N/A
ego_002950.txt,9.0,9.0,100.0,9.0,100.0,9.0,100.0,N/A,N/A,N/A,N/A
ego_002951.txt,5.0,5.0,100.0,5.0,100.0,5.0,100.0,5.0,100.0,N/A,N/A
ego_002952.txt,0.0,0.0,100.0,0.0,100.0,0.0,100.0,0.0,100.0,N/A,N/A
ego_002953.txt,4.0,4.0,100.0,4.0,100.0,4.0,100.0,4.0,100.0,N/A,N/A
ego_002954.txt,5.0,5.0,100.0,5.0,100.0,5.0,100.0,5.0,100.0,N/A,N/A
ego_002955.txt,4.0,4.0,100.0,4.0,100.0,4.0,100.0,4.0,100.0,N/A,N/A
ego_002956.txt,0.0,0.0,100.0,0.0,100.0,0.0,100.0,0.0,100.0,N/A,N/A
ego_002957.txt,8.0,8.0,100.0,8.0,100.0,8.0,100.0,N/A,N/A,N/A,N/A
ego_002958.txt,8.0,8.0,100.0,8.0,100.0,8.0,100.0,8.0,100.0,N/A,N/A
ego_002959.txt,5.0,5.0,100.0,5.0,100.0,5.0,100.0,5.0,100.0,N/A,N/A
ego_002960.txt,0.0,0.0,100.0,0.0,100.0,0.0,100.0,0.0,100.0,N/A,N/A
ego_002961.txt,8.0,8.0,100.0,8.0,100.0,8.0,100.0,N/A,N/A,N/A,N/A
ego_002962.txt,2.0,2.0,100.0,2.0,100.0,2.0,100.0,2.0,100.0,N/A,N/A
ego_002963.txt,10.0,10.0,100.0,10.0,100.0,10.0,100.0,N/A,N/A,N/A,N/A
ego_002964.txt,6.0,6.0,100.0,6.0,100.0,6.0,100.0,6.0,100.0,N/A,N/A
ego_002965.txt,0.0,0.0,100.0,0.0,100.0,0.0,100.0,0.0,100.0,N/A,N/A
ego_002966.txt,3.0,3.0,100.0,3.0,100.0,3.0,100.0,3.0,100.0,N/A,N/A
ego_002967.txt,6.0,6.0,100.0,6.0,100.0,6.0,100.0,6.0,100.0,N/A,N/A
ego_002968.txt,2.0,2.0,100.0,2.0,100.0,2.0,100.0,2.0,100.0,N/A,N/A
ego_002969.txt,13.0,13.0,100.0,13.0,100.0,13.0,100.0,N/A,N/A,N/A,N/A
ego_002970.txt,2.0,2.0,100.0,2.0,100.0,2.0,100.0,2.0,100.0,N/A,N/A
ego_002971.txt,10.0,10.0,100.0,10.0,100.0,10.0,100.0,N/A,N/A,N/A,N/A
ego_002972.txt,0.0,0.0,100.0,0.0,100.0,0.0,100.0,0.0,100.0,N/A,N/A
ego_002973.txt,2.0,2.0,100.0,2.0,100.0,2.0,100.0,2.0,100.0,N/A,N/A
ego_002974.txt,3.0,3.0,100.0,3.0,100.0,3.0,100.0,3.0,100.0,N/A,N/A
ego_002975.txt,8.0,8.0,100.0,8.0,100.0,8.0,100.0,N/A,N/A,N/A,N/A
ego_002976.txt,0.0,0.0,100.0,0.0,100.0,0.0,100.0,0.0,100.0,N/A,N/A
ego_002977.txt,8.0,8.0,100.0,8.0,100.0,8.0,100.0,N/A,N/A,N/A,N/A
ego_002978.txt,2.0,2.0,100.0,2.0,100.0,2.0,100.0,2.0,100.0,N/A,N/A
ego_002979.txt,6.0,6.0,100.0,6.0,100.0,6.0,100.0,6.0,100.0,N/A,N/A
ego_002980.txt,4.0,4.0,100.0,4.0,100.0,4.0,100.0,4.0,100.0,N/A,N/A
ego_002981.txt,5.0,5.0,100.0,5.0,100.0,5.0,100.0,5.0,100.0,N/A,N/A
ego_002982.txt,7.0,7.0,100.0,7.0,100.0,7.0,100.0,7.0,100.0,N/A,N/A
ego_002983.txt,5.0,5.0,100.0,5.0,100.0,5.0,100.0,5.0,100.0,N/A,N/A
ego_002984.txt,0.0,0.0,100.0,0.0,100.0,0.0,100.0,0.0,100.0,N/A,N/A
ego_002985.txt,14.0,14.0,100.0,14.0,100.0,14.0,100.0,N/A,N/A,N/A,N/A
ego_002986.txt,9.0,9.0,100.0,9.0,100.0,9.0,100.0,N/A,N/A,N/A,N/A
ego_002987.txt,5.0,5.0,100.0,5.0,100.0,5.0,100.0,5.0,100.0,N/A,N/A
ego_002988.txt,2.0,2.0,100.0,2.0,100.0,2.0,100.0,2.0,100.0,N/A,N/A
ego_002989.txt,0.0,0.0,100.0,0.0,100.0,0.0,100.0,0.0,100.0,N/A,N/A
ego_002990.txt,7.0,7.0,100.0,7.0,100.0,7.0,100.0,7.0,100.0,N/A,N/A
ego_002991.txt,10.0,10.0,100.0,10.0,100.0,10.0,100.0,N/A,N/A,N/A,N/A
ego_002992.txt,7.0,7.0,100.0,7.0,100.0,7.0,100.0,7.0,100.0,N/A,N/A
ego_002993.txt,2.0,2.0,100.0,2.0,100.0,2.0,100.0,2.0,100.0,N/A,N/A
ego_002994.txt,1.0,1.0,100.0,1.0,100.0,1.0,100.0,1.0,100.0,N/A,N/A
ego_002995.txt,2.0,2.0,100.0,2.0,100.0,2.0,100.0,2.0,100.0,N/A,N/A
ego_002996.txt,5.0,5.0,100.0,5.0,100.0,5.0,100.0,5.0,100.0,N/A,N/A
ego_002997.txt,0.0,0.0,100.0,0.0,100.0,0.0,100.0,0.0,100.0,N/A,N/A
ego_002998.txt,6.0,6.0,100.0,6.0,100.0,6.0,100.0,6.0,100.0,N/A,N/A
ego_002999.txt,4.0,4.0,100.0,4.0,100.0,4.0,100.0,4.0,100.0,N/A,N/A
