file,n,m,FVS_size,runtime,validity
dag_000000.txt,31,30,0,0.000108,True
dag_000001.txt,15,14,0,2.3e-05,True
dag_000002.txt,25,24,0,2.5e-05,True
dag_000003.txt,12,11,0,2.1e-05,True
dag_000004.txt,19,18,0,2e-05,True
dag_000005.txt,16,15,0,1.9e-05,True
dag_000006.txt,12,11,0,1.5e-05,True
dag_000007.txt,15,14,0,1.8e-05,True
dag_000008.txt,17,16,0,2.4e-05,True
dag_000009.txt,24,23,0,2.5e-05,True
dag_000010.txt,13,12,0,2e-05,True
dag_000011.txt,31,30,0,2.7e-05,True
dag_000012.txt,33,32,0,3.1e-05,True
dag_000013.txt,23,22,0,2e-05,True
dag_000014.txt,10,9,0,1.9e-05,True
dag_000015.txt,26,25,0,2e-05,True
dag_000016.txt,14,13,0,2e-05,True
dag_000017.txt,27,26,0,2.2e-05,True
dag_000018.txt,20,19,0,2.3e-05,True
dag_000019.txt,21,20,0,2.1e-05,True
dag_000020.txt,17,16,0,2e-05,True
dag_000021.txt,15,14,0,1.6e-05,True
dag_000022.txt,22,21,0,2.3e-05,True
dag_000023.txt,19,18,0,2.2e-05,True
dag_000024.txt,24,23,0,2.2e-05,True
dag_000025.txt,29,28,0,3.2e-05,True
dag_000026.txt,23,22,0,2.2e-05,True
dag_000027.txt,25,24,0,2.8e-05,True
dag_000028.txt,35,34,0,2.6e-05,True
dag_000029.txt,19,18,0,2.4e-05,True
dag_000030.txt,14,13,0,1.5e-05,True
dag_000031.txt,22,21,0,2.7e-05,True
dag_000032.txt,10,9,0,1.6e-05,True
dag_000033.txt,32,31,0,2.8e-05,True
dag_000034.txt,24,23,0,2.3e-05,True
dag_000035.txt,17,16,0,1.9e-05,True
dag_000036.txt,27,26,0,3.1e-05,True
dag_000037.txt,20,19,0,2.2e-05,True
dag_000038.txt,24,23,0,3e-05,True
dag_000039.txt,32,31,0,2.6e-05,True
dag_000040.txt,21,20,0,2.3e-05,True
dag_000041.txt,23,22,0,2.2e-05,True
dag_000042.txt,27,26,0,4.2e-05,True
dag_000043.txt,19,18,0,2.9e-05,True
dag_000044.txt,26,25,0,4.4e-05,True
dag_000045.txt,25,24,0,3.7e-05,True
dag_000046.txt,16,15,0,2.6e-05,True
dag_000047.txt,35,34,0,3.1e-05,True
dag_000048.txt,30,29,0,3e-05,True
dag_000049.txt,32,31,0,2.6e-05,True
dag_000050.txt,21,20,0,4e-05,True
dag_000051.txt,12,11,0,2.3e-05,True
dag_000052.txt,25,24,0,3e-05,True
dag_000053.txt,35,34,0,3.4e-05,True
dag_000054.txt,25,24,0,2.7e-05,True
dag_000055.txt,21,20,0,2.5e-05,True
dag_000056.txt,23,22,0,2.9e-05,True
dag_000057.txt,10,9,0,1.4e-05,True
dag_000058.txt,28,27,0,3.1e-05,True
dag_000059.txt,15,14,0,1.6e-05,True
dag_000060.txt,16,15,0,2.5e-05,True
dag_000061.txt,29,28,0,3.1e-05,True
dag_000062.txt,30,29,0,4e-05,True
dag_000063.txt,20,19,0,2.3e-05,True
dag_000064.txt,34,33,0,3.1e-05,True
dag_000065.txt,31,30,0,3.4e-05,True
dag_000066.txt,32,31,0,2.7e-05,True
dag_000067.txt,10,9,0,1.5e-05,True
dag_000068.txt,29,28,0,2.2e-05,True
dag_000069.txt,14,13,0,1.5e-05,True
dag_000070.txt,28,27,0,3e-05,True
dag_000071.txt,27,26,0,2.5e-05,True
dag_000072.txt,24,23,0,2.8e-05,True
dag_000073.txt,29,28,0,2.3e-05,True
dag_000074.txt,19,18,0,2.7e-05,True
dag_000075.txt,30,29,0,2.5e-05,True
dag_000076.txt,15,14,0,2.1e-05,True
dag_000077.txt,28,27,0,2.5e-05,True
dag_000078.txt,17,16,0,2.2e-05,True
dag_000079.txt,27,26,0,2.2e-05,True
dag_000080.txt,11,10,0,1.8e-05,True
dag_000081.txt,17,16,0,2e-05,True
dag_000082.txt,30,29,0,2.7e-05,True
dag_000083.txt,32,31,0,3.1e-05,True
dag_000084.txt,12,11,0,1.4e-05,True
dag_000085.txt,16,15,0,2.3e-05,True
dag_000086.txt,17,16,0,2e-05,True
dag_000087.txt,26,25,0,2.9e-05,True
dag_000088.txt,22,21,0,2.2e-05,True
dag_000089.txt,24,23,0,2.4e-05,True
dag_000090.txt,35,34,0,2.5e-05,True
dag_000091.txt,23,22,0,2.4e-05,True
dag_000092.txt,17,16,0,2.1e-05,True
dag_000093.txt,24,23,0,2.3e-05,True
dag_000094.txt,12,11,0,5.1e-05,True
dag_000095.txt,16,15,0,1.7e-05,True
dag_000096.txt,25,24,0,3.1e-05,True
dag_000097.txt,34,33,0,2.5e-05,True
dag_000098.txt,32,31,0,3.2e-05,True
dag_000099.txt,31,30,0,2.3e-05,True
dag_000100.txt,22,21,0,2.6e-05,True
dag_000101.txt,12,11,0,1.7e-05,True
dag_000102.txt,22,21,0,2.8e-05,True
dag_000103.txt,15,14,0,2.3e-05,True
dag_000104.txt,22,21,0,2.6e-05,True
dag_000105.txt,15,14,0,2.1e-05,True
dag_000106.txt,34,33,0,3.2e-05,True
dag_000107.txt,25,24,0,3e-05,True
dag_000108.txt,21,20,0,2e-05,True
dag_000109.txt,31,30,0,3.1e-05,True
dag_000110.txt,26,25,0,2.1e-05,True
dag_000111.txt,10,9,0,1.7e-05,True
dag_000112.txt,26,25,0,2.4e-05,True
dag_000113.txt,30,29,0,2.7e-05,True
dag_000114.txt,19,18,0,2.7e-05,True
dag_000115.txt,22,21,0,2.2e-05,True
dag_000116.txt,12,11,0,2e-05,True
dag_000117.txt,12,11,0,1.6e-05,True
dag_000118.txt,17,16,0,2.2e-05,True
dag_000119.txt,34,33,0,2.6e-05,True
dag_000120.txt,22,21,0,2.5e-05,True
dag_000121.txt,22,21,0,2e-05,True
dag_000122.txt,28,27,0,2.6e-05,True
dag_000123.txt,23,22,0,3.2e-05,True
dag_000124.txt,25,24,0,2.3e-05,True
dag_000125.txt,27,26,0,2.9e-05,True
dag_000126.txt,28,27,0,2.5e-05,True
dag_000127.txt,22,21,0,2.7e-05,True
dag_000128.txt,33,32,0,2.6e-05,True
dag_000129.txt,23,22,0,2.3e-05,True
dag_000130.txt,20,19,0,2.1e-05,True
dag_000131.txt,26,25,0,2.4e-05,True
dag_000132.txt,19,18,0,2.5e-05,True
dag_000133.txt,34,33,0,2.7e-05,True
dag_000134.txt,12,11,0,2e-05,True
dag_000135.txt,14,13,0,1.7e-05,True
dag_000136.txt,10,9,0,1.9e-05,True
dag_000137.txt,35,34,0,2.6e-05,True
dag_000138.txt,30,29,0,3e-05,True
dag_000139.txt,15,14,0,2.6e-05,True
dag_000140.txt,25,24,0,2.8e-05,True
dag_000141.txt,26,25,0,3e-05,True
dag_000142.txt,31,30,0,3.3e-05,True
dag_000143.txt,13,12,0,2.2e-05,True
dag_000144.txt,31,30,0,8.5e-05,True
dag_000145.txt,33,32,0,2.7e-05,True
dag_000146.txt,35,34,0,3.3e-05,True
dag_000147.txt,13,12,0,1.5e-05,True
dag_000148.txt,32,31,0,2.9e-05,True
dag_000149.txt,11,10,0,1.5e-05,True
dag_000150.txt,30,29,0,3e-05,True
dag_000151.txt,27,26,0,2.1e-05,True
dag_000152.txt,14,13,0,2e-05,True
dag_000153.txt,32,31,0,3.2e-05,True
dag_000154.txt,22,21,0,3.8e-05,True
dag_000155.txt,22,21,0,2.6e-05,True
dag_000156.txt,17,16,0,2.1e-05,True
dag_000157.txt,18,17,0,2.3e-05,True
dag_000158.txt,30,29,0,2.7e-05,True
dag_000159.txt,34,33,0,2.8e-05,True
dag_000160.txt,16,15,0,2.3e-05,True
dag_000161.txt,29,28,0,2.4e-05,True
dag_000162.txt,29,28,0,2.8e-05,True
dag_000163.txt,35,34,0,2.7e-05,True
dag_000164.txt,19,18,0,2.8e-05,True
dag_000165.txt,33,32,0,2.6e-05,True
dag_000166.txt,27,26,0,2.6e-05,True
dag_000167.txt,17,16,0,2.6e-05,True
dag_000168.txt,28,27,0,2.3e-05,True
dag_000169.txt,10,9,0,1.9e-05,True
dag_000170.txt,33,32,0,2.8e-05,True
dag_000171.txt,32,31,0,3.3e-05,True
dag_000172.txt,21,20,0,2.1e-05,True
dag_000173.txt,22,21,0,2.2e-05,True
dag_000174.txt,12,11,0,1.9e-05,True
dag_000175.txt,15,14,0,1.8e-05,True
dag_000176.txt,20,19,0,2.4e-05,True
dag_000177.txt,24,23,0,2.2e-05,True
dag_000178.txt,15,14,0,2.2e-05,True
dag_000179.txt,35,34,0,2.6e-05,True
dag_000180.txt,31,30,0,2.7e-05,True
dag_000181.txt,10,9,0,2.1e-05,True
dag_000182.txt,20,19,0,2.1e-05,True
dag_000183.txt,20,19,0,2.8e-05,True
dag_000184.txt,14,13,0,1.5e-05,True
dag_000185.txt,35,34,0,3.3e-05,True
dag_000186.txt,14,13,0,1.8e-05,True
dag_000187.txt,31,30,0,3e-05,True
dag_000188.txt,29,28,0,2.4e-05,True
dag_000189.txt,10,9,0,1.8e-05,True
dag_000190.txt,25,24,0,2.6e-05,True
dag_000191.txt,35,34,0,2.8e-05,True
dag_000192.txt,28,27,0,3e-05,True
dag_000193.txt,27,26,0,2.3e-05,True
dag_000194.txt,17,16,0,2.2e-05,True
dag_000195.txt,28,27,0,2.2e-05,True
dag_000196.txt,11,10,0,2e-05,True
dag_000197.txt,16,15,0,1.9e-05,True
dag_000198.txt,10,9,0,1.7e-05,True
dag_000199.txt,29,28,0,2.9e-05,True
dag_000200.txt,18,17,0,2.2e-05,True
dag_000201.txt,34,33,0,3.1e-05,True
dag_000202.txt,11,10,0,1.6e-05,True
dag_000203.txt,24,23,0,2.8e-05,True
dag_000204.txt,18,17,0,1.7e-05,True
dag_000205.txt,26,25,0,2.8e-05,True
dag_000206.txt,34,33,0,3e-05,True
dag_000207.txt,27,26,0,2.5e-05,True
dag_000208.txt,17,16,0,2.5e-05,True
dag_000209.txt,35,34,0,2.7e-05,True
dag_000210.txt,32,31,0,3.3e-05,True
dag_000211.txt,13,12,0,1.9e-05,True
dag_000212.txt,34,33,0,3.4e-05,True
dag_000213.txt,29,28,0,2.6e-05,True
dag_000214.txt,32,31,0,2.9e-05,True
dag_000215.txt,32,31,0,3.1e-05,True
dag_000216.txt,11,10,0,2.3e-05,True
dag_000217.txt,24,23,0,3.2e-05,True
dag_000218.txt,30,29,0,3.8e-05,True
dag_000219.txt,24,23,0,2.6e-05,True
dag_000220.txt,31,30,0,2.2e-05,True
dag_000221.txt,24,23,0,2.5e-05,True
dag_000222.txt,32,31,0,2.5e-05,True
dag_000223.txt,11,10,0,1.8e-05,True
dag_000224.txt,26,25,0,2e-05,True
dag_000225.txt,32,31,0,3.7e-05,True
dag_000226.txt,18,17,0,2.5e-05,True
dag_000227.txt,31,30,0,2.9e-05,True
dag_000228.txt,15,14,0,2.9e-05,True
dag_000229.txt,32,31,0,2.5e-05,True
dag_000230.txt,17,16,0,2.2e-05,True
dag_000231.txt,11,10,0,1.3e-05,True
dag_000232.txt,30,29,0,2.9e-05,True
dag_000233.txt,23,22,0,2.6e-05,True
dag_000234.txt,30,29,0,2.9e-05,True
dag_000235.txt,24,23,0,2.6e-05,True
dag_000236.txt,18,17,0,1.8e-05,True
dag_000237.txt,30,29,0,2.9e-05,True
dag_000238.txt,35,34,0,3.1e-05,True
dag_000239.txt,29,28,0,3e-05,True
dag_000240.txt,33,32,0,3e-05,True
dag_000241.txt,35,34,0,2.6e-05,True
dag_000242.txt,12,11,0,2.2e-05,True
dag_000243.txt,18,17,0,1.7e-05,True
dag_000244.txt,17,16,0,2.1e-05,True
dag_000245.txt,27,26,0,4e-05,True
dag_000246.txt,32,31,0,2.7e-05,True
dag_000247.txt,27,26,0,2.9e-05,True
dag_000248.txt,27,26,0,2.1e-05,True
dag_000249.txt,27,26,0,2.8e-05,True
dag_000250.txt,23,22,0,2.2e-05,True
dag_000251.txt,32,31,0,2.6e-05,True
dag_000252.txt,13,12,0,1.8e-05,True
dag_000253.txt,23,22,0,2.4e-05,True
dag_000254.txt,12,11,0,2.4e-05,True
dag_000255.txt,14,13,0,1.7e-05,True
dag_000256.txt,34,33,0,3.4e-05,True
dag_000257.txt,15,14,0,1.6e-05,True
dag_000258.txt,15,14,0,2.1e-05,True
dag_000259.txt,13,12,0,2.5e-05,True
dag_000260.txt,12,11,0,1.6e-05,True
dag_000261.txt,27,26,0,2.9e-05,True
dag_000262.txt,15,14,0,1.6e-05,True
dag_000263.txt,18,17,0,2.2e-05,True
dag_000264.txt,20,19,0,2.5e-05,True
dag_000265.txt,19,18,0,2.1e-05,True
dag_000266.txt,29,28,0,2.9e-05,True
dag_000267.txt,13,12,0,2.1e-05,True
dag_000268.txt,26,25,0,2.9e-05,True
dag_000269.txt,11,10,0,1.8e-05,True
dag_000270.txt,26,25,0,3.2e-05,True
dag_000271.txt,34,33,0,3.5e-05,True
dag_000272.txt,27,26,0,3.2e-05,True
dag_000273.txt,11,10,0,2.1e-05,True
dag_000274.txt,17,16,0,2.5e-05,True
dag_000275.txt,11,10,0,1.6e-05,True
dag_000276.txt,32,31,0,2.9e-05,True
dag_000277.txt,28,27,0,2.3e-05,True
dag_000278.txt,16,15,0,2e-05,True
dag_000279.txt,18,17,0,1.9e-05,True
dag_000280.txt,16,15,0,2.1e-05,True
dag_000281.txt,29,28,0,2.8e-05,True
dag_000282.txt,27,26,0,2.4e-05,True
dag_000283.txt,20,19,0,2.4e-05,True
dag_000284.txt,21,20,0,2.6e-05,True
dag_000285.txt,14,13,0,2.2e-05,True
dag_000286.txt,32,31,0,4.1e-05,True
dag_000287.txt,24,23,0,2.3e-05,True
dag_000288.txt,33,32,0,3.3e-05,True
dag_000289.txt,20,19,0,2e-05,True
dag_000290.txt,16,15,0,2.1e-05,True
dag_000291.txt,13,12,0,1.6e-05,True
dag_000292.txt,12,11,0,1.8e-05,True
dag_000293.txt,16,15,0,2.1e-05,True
dag_000294.txt,17,16,0,2e-05,True
dag_000295.txt,30,29,0,2.9e-05,True
dag_000296.txt,34,33,0,2.5e-05,True
dag_000297.txt,11,10,0,1.8e-05,True
dag_000298.txt,16,15,0,2.3e-05,True
dag_000299.txt,21,20,0,1.9e-05,True
dag_000300.txt,29,28,0,2.9e-05,True
dag_000301.txt,29,28,0,2.2e-05,True
dag_000302.txt,24,23,0,2.9e-05,True
dag_000303.txt,21,20,0,2.5e-05,True
dag_000304.txt,24,23,0,2.6e-05,True
dag_000305.txt,11,10,0,1.5e-05,True
dag_000306.txt,22,21,0,2.5e-05,True
dag_000307.txt,28,27,0,2.9e-05,True
dag_000308.txt,20,19,0,2.2e-05,True
dag_000309.txt,23,22,0,3.1e-05,True
dag_000310.txt,30,29,0,2.5e-05,True
dag_000311.txt,18,17,0,2.3e-05,True
dag_000312.txt,25,24,0,2.3e-05,True
dag_000313.txt,35,34,0,2.9e-05,True
dag_000314.txt,20,19,0,2.5e-05,True
dag_000315.txt,24,23,0,2.3e-05,True
dag_000316.txt,24,23,0,2.7e-05,True
dag_000317.txt,10,9,0,1.4e-05,True
dag_000318.txt,16,15,0,1.9e-05,True
dag_000319.txt,28,27,0,2.4e-05,True
dag_000320.txt,17,16,0,2.1e-05,True
dag_000321.txt,32,31,0,3e-05,True
dag_000322.txt,25,24,0,2.2e-05,True
dag_000323.txt,24,23,0,3e-05,True
dag_000324.txt,28,27,0,2.7e-05,True
dag_000325.txt,31,30,0,2.7e-05,True
dag_000326.txt,23,22,0,2.8e-05,True
dag_000327.txt,16,15,0,1.6e-05,True
dag_000328.txt,23,22,0,4.8e-05,True
dag_000329.txt,22,21,0,3e-05,True
dag_000330.txt,16,15,0,2.8e-05,True
dag_000331.txt,24,23,0,3.1e-05,True
dag_000332.txt,14,13,0,2.3e-05,True
dag_000333.txt,21,20,0,2.8e-05,True
dag_000334.txt,28,27,0,2.6e-05,True
dag_000335.txt,31,30,0,3.4e-05,True
dag_000336.txt,18,17,0,1.7e-05,True
dag_000337.txt,32,31,0,2.9e-05,True
dag_000338.txt,19,18,0,2.4e-05,True
dag_000339.txt,23,22,0,2.1e-05,True
dag_000340.txt,28,27,0,2.7e-05,True
dag_000341.txt,34,33,0,2.8e-05,True
dag_000342.txt,28,27,0,2.8e-05,True
dag_000343.txt,12,11,0,1.7e-05,True
dag_000344.txt,20,19,0,2.2e-05,True
dag_000345.txt,12,11,0,2e-05,True
dag_000346.txt,27,26,0,2.4e-05,True
dag_000347.txt,17,16,0,2.5e-05,True
dag_000348.txt,31,30,0,2.8e-05,True
dag_000349.txt,18,17,0,2.1e-05,True
dag_000350.txt,29,28,0,3.7e-05,True
dag_000351.txt,14,13,0,2.2e-05,True
dag_000352.txt,29,28,0,3.1e-05,True
dag_000353.txt,30,29,0,4.2e-05,True
dag_000354.txt,13,12,0,2.2e-05,True
dag_000355.txt,32,31,0,3.9e-05,True
dag_000356.txt,29,28,0,2.9e-05,True
dag_000357.txt,25,24,0,2.6e-05,True
dag_000358.txt,27,26,0,2.8e-05,True
dag_000359.txt,22,21,0,2.1e-05,True
dag_000360.txt,16,15,0,2.2e-05,True
dag_000361.txt,19,18,0,1.8e-05,True
dag_000362.txt,28,27,0,2.5e-05,True
dag_000363.txt,23,22,0,2.8e-05,True
dag_000364.txt,23,22,0,2.7e-05,True
dag_000365.txt,28,27,0,3.3e-05,True
dag_000366.txt,17,16,0,2.2e-05,True
dag_000367.txt,23,22,0,2.4e-05,True
dag_000368.txt,21,20,0,2.6e-05,True
dag_000369.txt,31,30,0,2.6e-05,True
dag_000370.txt,22,21,0,2.6e-05,True
dag_000371.txt,25,24,0,2.1e-05,True
dag_000372.txt,27,26,0,2.6e-05,True
dag_000373.txt,34,33,0,2.9e-05,True
dag_000374.txt,33,32,0,2.8e-05,True
dag_000375.txt,31,30,0,2.9e-05,True
dag_000376.txt,35,34,0,2.5e-05,True
dag_000377.txt,35,34,0,2.9e-05,True
dag_000378.txt,32,31,0,3e-05,True
dag_000379.txt,34,33,0,2.6e-05,True
dag_000380.txt,18,17,0,2.5e-05,True
dag_000381.txt,22,21,0,2.3e-05,True
dag_000382.txt,29,28,0,2.9e-05,True
dag_000383.txt,14,13,0,1.6e-05,True
dag_000384.txt,22,21,0,2.5e-05,True
dag_000385.txt,26,25,0,3.4e-05,True
dag_000386.txt,10,9,0,1.4e-05,True
dag_000387.txt,12,11,0,2e-05,True
dag_000388.txt,24,23,0,2e-05,True
dag_000389.txt,28,27,0,2.7e-05,True
dag_000390.txt,33,32,0,2.7e-05,True
dag_000391.txt,33,32,0,2.7e-05,True
dag_000392.txt,31,30,0,3e-05,True
dag_000393.txt,32,31,0,2.4e-05,True
dag_000394.txt,17,16,0,2.2e-05,True
dag_000395.txt,18,17,0,2.6e-05,True
dag_000396.txt,25,24,0,2.5e-05,True
dag_000397.txt,10,9,0,1.9e-05,True
dag_000398.txt,22,21,0,2.1e-05,True
dag_000399.txt,13,12,0,2.1e-05,True
dag_000400.txt,20,19,0,2e-05,True
dag_000401.txt,14,13,0,2e-05,True
dag_000402.txt,32,31,0,3.3e-05,True
dag_000403.txt,34,33,0,3.4e-05,True
dag_000404.txt,17,16,0,2.6e-05,True
dag_000405.txt,33,32,0,2.8e-05,True
dag_000406.txt,16,15,0,2.1e-05,True
dag_000407.txt,24,23,0,2.9e-05,True
dag_000408.txt,25,24,0,2.1e-05,True
dag_000409.txt,29,28,0,2.9e-05,True
dag_000410.txt,12,11,0,1.9e-05,True
dag_000411.txt,17,16,0,2e-05,True
dag_000412.txt,28,27,0,2.7e-05,True
dag_000413.txt,23,22,0,2.3e-05,True
dag_000414.txt,14,13,0,2e-05,True
dag_000415.txt,32,31,0,2.4e-05,True
dag_000416.txt,20,19,0,2.5e-05,True
dag_000417.txt,12,11,0,1.5e-05,True
dag_000418.txt,32,31,0,2.7e-05,True
dag_000419.txt,13,12,0,2.3e-05,True
dag_000420.txt,12,11,0,1.4e-05,True
dag_000421.txt,23,22,0,2.5e-05,True
dag_000422.txt,28,27,0,3e-05,True
dag_000423.txt,25,24,0,2.2e-05,True
dag_000424.txt,12,11,0,2.2e-05,True
dag_000425.txt,30,29,0,2.5e-05,True
dag_000426.txt,13,12,0,2e-05,True
dag_000427.txt,30,29,0,2.9e-05,True
dag_000428.txt,19,18,0,2.3e-05,True
dag_000429.txt,12,11,0,2e-05,True
dag_000430.txt,17,16,0,1.8e-05,True
dag_000431.txt,21,20,0,2.4e-05,True
dag_000432.txt,35,34,0,8.3e-05,True
dag_000433.txt,25,24,0,2e-05,True
dag_000434.txt,22,21,0,2.6e-05,True
dag_000435.txt,23,22,0,2.2e-05,True
dag_000436.txt,34,33,0,2.9e-05,True
dag_000437.txt,35,34,0,3.2e-05,True
dag_000438.txt,19,18,0,2.1e-05,True
dag_000439.txt,22,21,0,2.6e-05,True
dag_000440.txt,22,21,0,2.1e-05,True
dag_000441.txt,14,13,0,2.3e-05,True
dag_000442.txt,23,22,0,2.4e-05,True
dag_000443.txt,12,11,0,1.8e-05,True
dag_000444.txt,19,18,0,2.6e-05,True
dag_000445.txt,22,21,0,2.2e-05,True
dag_000446.txt,18,17,0,2.5e-05,True
dag_000447.txt,25,24,0,2.5e-05,True
dag_000448.txt,31,30,0,2.7e-05,True
dag_000449.txt,24,23,0,2.7e-05,True
dag_000450.txt,24,23,0,2.4e-05,True
dag_000451.txt,24,23,0,2.8e-05,True
dag_000452.txt,21,20,0,2e-05,True
dag_000453.txt,12,11,0,1.9e-05,True
dag_000454.txt,22,21,0,2.8e-05,True
dag_000455.txt,13,12,0,1.7e-05,True
dag_000456.txt,17,16,0,2.4e-05,True
dag_000457.txt,30,29,0,2.5e-05,True
dag_000458.txt,11,10,0,1.8e-05,True
dag_000459.txt,24,23,0,2.9e-05,True
dag_000460.txt,31,30,0,2.7e-05,True
dag_000461.txt,26,25,0,3.1e-05,True
dag_000462.txt,14,13,0,1.6e-05,True
dag_000463.txt,32,31,0,2.7e-05,True
dag_000464.txt,22,21,0,2.7e-05,True
dag_000465.txt,21,20,0,2e-05,True
dag_000466.txt,32,31,0,3.2e-05,True
dag_000467.txt,34,33,0,2.6e-05,True
dag_000468.txt,10,9,0,1.6e-05,True
dag_000469.txt,20,19,0,2.6e-05,True
dag_000470.txt,21,20,0,1.9e-05,True
dag_000471.txt,22,21,0,2.7e-05,True
dag_000472.txt,15,14,0,1.5e-05,True
dag_000473.txt,34,33,0,2.8e-05,True
dag_000474.txt,11,10,0,2.1e-05,True
dag_000475.txt,16,15,0,2.2e-05,True
dag_000476.txt,14,13,0,2.3e-05,True
dag_000477.txt,15,14,0,2.3e-05,True
dag_000478.txt,22,21,0,2.7e-05,True
dag_000479.txt,17,16,0,2.5e-05,True
dag_000480.txt,17,16,0,2.6e-05,True
dag_000481.txt,35,34,0,2.8e-05,True
dag_000482.txt,25,24,0,2.8e-05,True
dag_000483.txt,21,20,0,1.9e-05,True
dag_000484.txt,33,32,0,2.8e-05,True
dag_000485.txt,30,29,0,3.1e-05,True
dag_000486.txt,10,9,0,1.4e-05,True
dag_000487.txt,18,17,0,2.3e-05,True
dag_000488.txt,21,20,0,2.1e-05,True
dag_000489.txt,13,12,0,1.9e-05,True
dag_000490.txt,10,9,0,2.1e-05,True
dag_000491.txt,27,26,0,3e-05,True
dag_000492.txt,22,21,0,2.2e-05,True
dag_000493.txt,21,20,0,3e-05,True
dag_000494.txt,10,9,0,1.3e-05,True
dag_000495.txt,23,22,0,2.7e-05,True
dag_000496.txt,17,16,0,1.7e-05,True
dag_000497.txt,18,17,0,2e-05,True
dag_000498.txt,10,9,0,2.1e-05,True
dag_000499.txt,11,10,0,1.4e-05,True
dag_000500.txt,32,31,0,3.4e-05,True
dag_000501.txt,14,13,0,2.2e-05,True
dag_000502.txt,35,34,0,2.8e-05,True
dag_000503.txt,24,23,0,2.9e-05,True
dag_000504.txt,30,29,0,2.6e-05,True
dag_000505.txt,29,28,0,3.3e-05,True
dag_000506.txt,14,13,0,1.7e-05,True
dag_000507.txt,23,22,0,2.4e-05,True
dag_000508.txt,27,26,0,2.9e-05,True
dag_000509.txt,26,25,0,2e-05,True
dag_000510.txt,28,27,0,2.9e-05,True
dag_000511.txt,29,28,0,2.5e-05,True
dag_000512.txt,18,17,0,2e-05,True
dag_000513.txt,16,15,0,2.4e-05,True
dag_000514.txt,23,22,0,2.6e-05,True
dag_000515.txt,31,30,0,2.7e-05,True
dag_000516.txt,10,9,0,2.1e-05,True
dag_000517.txt,15,14,0,2.5e-05,True
dag_000518.txt,12,11,0,2.1e-05,True
dag_000519.txt,23,22,0,2.6e-05,True
dag_000520.txt,34,33,0,2.8e-05,True
dag_000521.txt,20,19,0,2.5e-05,True
dag_000522.txt,25,24,0,2.1e-05,True
dag_000523.txt,15,14,0,2.1e-05,True
dag_000524.txt,24,23,0,3e-05,True
dag_000525.txt,28,27,0,2.3e-05,True
dag_000526.txt,24,23,0,2.6e-05,True
dag_000527.txt,23,22,0,2.3e-05,True
dag_000528.txt,14,13,0,1.9e-05,True
dag_000529.txt,28,27,0,3.1e-05,True
dag_000530.txt,22,21,0,2.1e-05,True
dag_000531.txt,14,13,0,2.2e-05,True
dag_000532.txt,25,24,0,2.2e-05,True
dag_000533.txt,33,32,0,2.9e-05,True
dag_000534.txt,16,15,0,2.3e-05,True
dag_000535.txt,19,18,0,1.8e-05,True
dag_000536.txt,33,32,0,3.1e-05,True
dag_000537.txt,12,11,0,2e-05,True
dag_000538.txt,35,34,0,2.9e-05,True
dag_000539.txt,28,27,0,2.9e-05,True
dag_000540.txt,32,31,0,2.8e-05,True
dag_000541.txt,32,31,0,2.8e-05,True
dag_000542.txt,17,16,0,2.1e-05,True
dag_000543.txt,28,27,0,2.7e-05,True
dag_000544.txt,30,29,0,3e-05,True
dag_000545.txt,27,26,0,2e-05,True
dag_000546.txt,28,27,0,3e-05,True
dag_000547.txt,35,34,0,3.5e-05,True
dag_000548.txt,26,25,0,2.2e-05,True
dag_000549.txt,28,27,0,3.2e-05,True
dag_000550.txt,26,25,0,2.3e-05,True
dag_000551.txt,28,27,0,2.6e-05,True
dag_000552.txt,15,14,0,2.2e-05,True
dag_000553.txt,33,32,0,2.8e-05,True
dag_000554.txt,18,17,0,2.4e-05,True
dag_000555.txt,21,20,0,2.5e-05,True
dag_000556.txt,26,25,0,2.8e-05,True
dag_000557.txt,10,9,0,2.1e-05,True
dag_000558.txt,24,23,0,2.9e-05,True
dag_000559.txt,34,33,0,3.2e-05,True
dag_000560.txt,12,11,0,2.3e-05,True
dag_000561.txt,22,21,0,3.9e-05,True
dag_000562.txt,10,9,0,1.7e-05,True
dag_000563.txt,23,22,0,4.6e-05,True
dag_000564.txt,34,33,0,2.9e-05,True
dag_000565.txt,15,14,0,2e-05,True
dag_000566.txt,30,29,0,3.1e-05,True
dag_000567.txt,34,33,0,3.1e-05,True
dag_000568.txt,20,19,0,2.6e-05,True
dag_000569.txt,20,19,0,3.8e-05,True
dag_000570.txt,11,10,0,1.8e-05,True
dag_000571.txt,16,15,0,2.4e-05,True
dag_000572.txt,19,18,0,1.9e-05,True
dag_000573.txt,22,21,0,2.5e-05,True
dag_000574.txt,33,32,0,3.4e-05,True
dag_000575.txt,10,9,0,1.5e-05,True
dag_000576.txt,11,10,0,1.8e-05,True
dag_000577.txt,11,10,0,2.1e-05,True
dag_000578.txt,10,9,0,1.5e-05,True
dag_000579.txt,13,12,0,2.2e-05,True
dag_000580.txt,32,31,0,3.3e-05,True
dag_000581.txt,32,31,0,2.9e-05,True
dag_000582.txt,33,32,0,3.5e-05,True
dag_000583.txt,21,20,0,1.8e-05,True
dag_000584.txt,18,17,0,2.1e-05,True
dag_000585.txt,33,32,0,3.3e-05,True
dag_000586.txt,16,15,0,1.9e-05,True
dag_000587.txt,30,29,0,5.2e-05,True
dag_000588.txt,10,9,0,2e-05,True
dag_000589.txt,12,11,0,1.6e-05,True
dag_000590.txt,26,25,0,3e-05,True
dag_000591.txt,23,22,0,2.7e-05,True
dag_000592.txt,24,23,0,2.5e-05,True
dag_000593.txt,30,29,0,3.2e-05,True
dag_000594.txt,13,12,0,1.4e-05,True
dag_000595.txt,23,22,0,2.9e-05,True
dag_000596.txt,24,23,0,2.9e-05,True
dag_000597.txt,32,31,0,3.1e-05,True
dag_000598.txt,33,32,0,3e-05,True
dag_000599.txt,28,27,0,3.1e-05,True
dag_000600.txt,27,26,0,2.5e-05,True
dag_000601.txt,35,34,0,3.1e-05,True
dag_000602.txt,18,17,0,2.3e-05,True
dag_000603.txt,22,21,0,2.4e-05,True
dag_000604.txt,25,24,0,3.1e-05,True
dag_000605.txt,24,23,0,2.1e-05,True
dag_000606.txt,14,13,0,1.9e-05,True
dag_000607.txt,29,28,0,3e-05,True
dag_000608.txt,11,10,0,1.5e-05,True
dag_000609.txt,12,11,0,2.1e-05,True
dag_000610.txt,13,12,0,1.7e-05,True
dag_000611.txt,26,25,0,2.5e-05,True
dag_000612.txt,23,22,0,2.8e-05,True
dag_000613.txt,13,12,0,1.7e-05,True
dag_000614.txt,30,29,0,3e-05,True
dag_000615.txt,13,12,0,1.8e-05,True
dag_000616.txt,28,27,0,2.7e-05,True
dag_000617.txt,15,14,0,2.1e-05,True
dag_000618.txt,14,13,0,1.5e-05,True
dag_000619.txt,21,20,0,2.3e-05,True
dag_000620.txt,26,25,0,2.9e-05,True
dag_000621.txt,17,16,0,1.7e-05,True
dag_000622.txt,24,23,0,2.6e-05,True
dag_000623.txt,10,9,0,1.7e-05,True
dag_000624.txt,15,14,0,1.9e-05,True
dag_000625.txt,27,26,0,2.8e-05,True
dag_000626.txt,25,24,0,2.4e-05,True
dag_000627.txt,27,26,0,2.8e-05,True
dag_000628.txt,11,10,0,2.1e-05,True
dag_000629.txt,21,20,0,2.2e-05,True
dag_000630.txt,13,12,0,2e-05,True
dag_000631.txt,33,32,0,3.2e-05,True
dag_000632.txt,28,27,0,2.4e-05,True
dag_000633.txt,15,14,0,2.1e-05,True
dag_000634.txt,33,32,0,3.8e-05,True
dag_000635.txt,10,9,0,4.7e-05,True
dag_000636.txt,28,27,0,2.8e-05,True
dag_000637.txt,23,22,0,2.4e-05,True
dag_000638.txt,13,12,0,1.9e-05,True
dag_000639.txt,20,19,0,2.5e-05,True
dag_000640.txt,13,12,0,1.6e-05,True
dag_000641.txt,30,29,0,2.8e-05,True
dag_000642.txt,27,26,0,2.9e-05,True
dag_000643.txt,33,32,0,2.4e-05,True
dag_000644.txt,16,15,0,2.2e-05,True
dag_000645.txt,27,26,0,3.1e-05,True
dag_000646.txt,32,31,0,2.5e-05,True
dag_000647.txt,21,20,0,2.9e-05,True
dag_000648.txt,20,19,0,2.9e-05,True
dag_000649.txt,15,14,0,2.5e-05,True
dag_000650.txt,17,16,0,3e-05,True
dag_000651.txt,31,30,0,2.9e-05,True
dag_000652.txt,22,21,0,3.1e-05,True
dag_000653.txt,30,29,0,2.8e-05,True
dag_000654.txt,23,22,0,2.3e-05,True
dag_000655.txt,20,19,0,2.7e-05,True
dag_000656.txt,22,21,0,2.3e-05,True
dag_000657.txt,11,10,0,1.7e-05,True
dag_000658.txt,10,9,0,1.9e-05,True
dag_000659.txt,13,12,0,1.8e-05,True
dag_000660.txt,15,14,0,2e-05,True
dag_000661.txt,31,30,0,3e-05,True
dag_000662.txt,31,30,0,2.7e-05,True
dag_000663.txt,30,29,0,3e-05,True
dag_000664.txt,34,33,0,2.6e-05,True
dag_000665.txt,12,11,0,1.9e-05,True
dag_000666.txt,10,9,0,1.8e-05,True
dag_000667.txt,17,16,0,2e-05,True
dag_000668.txt,24,23,0,2.4e-05,True
dag_000669.txt,11,10,0,2.1e-05,True
dag_000670.txt,21,20,0,2.5e-05,True
dag_000671.txt,33,32,0,3.3e-05,True
dag_000672.txt,31,30,0,3.5e-05,True
dag_000673.txt,26,25,0,3.1e-05,True
dag_000674.txt,25,24,0,3e-05,True
dag_000675.txt,17,16,0,2.6e-05,True
dag_000676.txt,34,33,0,3.1e-05,True
dag_000677.txt,27,26,0,2.6e-05,True
dag_000678.txt,28,27,0,3e-05,True
dag_000679.txt,22,21,0,2.5e-05,True
dag_000680.txt,11,10,0,1.9e-05,True
dag_000681.txt,22,21,0,2.6e-05,True
dag_000682.txt,31,30,0,2.5e-05,True
dag_000683.txt,33,32,0,2.8e-05,True
dag_000684.txt,29,28,0,3e-05,True
dag_000685.txt,26,25,0,2.8e-05,True
dag_000686.txt,13,12,0,2.1e-05,True
dag_000687.txt,23,22,0,2.7e-05,True
dag_000688.txt,32,31,0,2.5e-05,True
dag_000689.txt,20,19,0,2.2e-05,True
dag_000690.txt,17,16,0,2.3e-05,True
dag_000691.txt,18,17,0,2.1e-05,True
dag_000692.txt,13,12,0,1.9e-05,True
dag_000693.txt,29,28,0,3e-05,True
dag_000694.txt,20,19,0,2.1e-05,True
dag_000695.txt,11,10,0,2e-05,True
dag_000696.txt,20,19,0,2.6e-05,True
dag_000697.txt,35,34,0,2.8e-05,True
dag_000698.txt,11,10,0,1.8e-05,True
dag_000699.txt,12,11,0,2.1e-05,True
dag_000700.txt,11,10,0,1.6e-05,True
dag_000701.txt,12,11,0,1.8e-05,True
dag_000702.txt,28,27,0,3.2e-05,True
dag_000703.txt,10,9,0,2e-05,True
dag_000704.txt,28,27,0,3e-05,True
dag_000705.txt,34,33,0,3.3e-05,True
dag_000706.txt,12,11,0,1.7e-05,True
dag_000707.txt,28,27,0,2.8e-05,True
dag_000708.txt,29,28,0,3.6e-05,True
dag_000709.txt,34,33,0,2.6e-05,True
dag_000710.txt,33,32,0,3.2e-05,True
dag_000711.txt,10,9,0,1.3e-05,True
dag_000712.txt,26,25,0,2.5e-05,True
dag_000713.txt,24,23,0,2.9e-05,True
dag_000714.txt,15,14,0,2.2e-05,True
dag_000715.txt,20,19,0,2.3e-05,True
dag_000716.txt,12,11,0,2.2e-05,True
dag_000717.txt,21,20,0,2.2e-05,True
dag_000718.txt,33,32,0,3.3e-05,True
dag_000719.txt,33,32,0,2.6e-05,True
dag_000720.txt,20,19,0,2.7e-05,True
dag_000721.txt,19,18,0,2.6e-05,True
dag_000722.txt,19,18,0,2e-05,True
dag_000723.txt,35,34,0,3.3e-05,True
dag_000724.txt,29,28,0,3.2e-05,True
dag_000725.txt,22,21,0,2.1e-05,True
dag_000726.txt,11,10,0,2e-05,True
dag_000727.txt,27,26,0,2.4e-05,True
dag_000728.txt,20,19,0,2.2e-05,True
dag_000729.txt,32,31,0,3.1e-05,True
dag_000730.txt,34,33,0,2.6e-05,True
dag_000731.txt,35,34,0,2.8e-05,True
dag_000732.txt,34,33,0,3.3e-05,True
dag_000733.txt,25,24,0,2.2e-05,True
dag_000734.txt,18,17,0,2.4e-05,True
dag_000735.txt,23,22,0,2.2e-05,True
dag_000736.txt,14,13,0,1.9e-05,True
dag_000737.txt,23,22,0,3.1e-05,True
dag_000738.txt,13,12,0,1.4e-05,True
dag_000739.txt,15,14,0,1.9e-05,True
dag_000740.txt,31,30,0,3.1e-05,True
dag_000741.txt,20,19,0,2e-05,True
dag_000742.txt,33,32,0,2.9e-05,True
dag_000743.txt,31,30,0,3.4e-05,True
dag_000744.txt,31,30,0,2.6e-05,True
dag_000745.txt,11,10,0,2.1e-05,True
dag_000746.txt,22,21,0,2.7e-05,True
dag_000747.txt,19,18,0,2.2e-05,True
dag_000748.txt,11,10,0,2.2e-05,True
dag_000749.txt,35,34,0,2.6e-05,True
dag_000750.txt,31,30,0,3.3e-05,True
dag_000751.txt,22,21,0,2.9e-05,True
dag_000752.txt,31,30,0,3.6e-05,True
dag_000753.txt,14,13,0,2.5e-05,True
dag_000754.txt,24,23,0,3e-05,True
dag_000755.txt,30,29,0,3.2e-05,True
dag_000756.txt,26,25,0,2.7e-05,True
dag_000757.txt,27,26,0,2.9e-05,True
dag_000758.txt,18,17,0,2.5e-05,True
dag_000759.txt,14,13,0,1.8e-05,True
dag_000760.txt,12,11,0,2.2e-05,True
dag_000761.txt,32,31,0,2.3e-05,True
dag_000762.txt,23,22,0,2.4e-05,True
dag_000763.txt,32,31,0,3.4e-05,True
dag_000764.txt,13,12,0,2.2e-05,True
dag_000765.txt,21,20,0,2.4e-05,True
dag_000766.txt,33,32,0,3.1e-05,True
dag_000767.txt,28,27,0,2.5e-05,True
dag_000768.txt,28,27,0,3e-05,True
dag_000769.txt,13,12,0,2.1e-05,True
dag_000770.txt,25,24,0,2.6e-05,True
dag_000771.txt,18,17,0,2.5e-05,True
dag_000772.txt,19,18,0,1.9e-05,True
dag_000773.txt,20,19,0,2.3e-05,True
dag_000774.txt,29,28,0,3e-05,True
dag_000775.txt,10,9,0,1.9e-05,True
dag_000776.txt,30,29,0,3.1e-05,True
dag_000777.txt,12,11,0,2.2e-05,True
dag_000778.txt,21,20,0,2.3e-05,True
dag_000779.txt,29,28,0,3e-05,True
dag_000780.txt,32,31,0,3.4e-05,True
dag_000781.txt,14,13,0,2e-05,True
dag_000782.txt,26,25,0,3e-05,True
dag_000783.txt,13,12,0,1.7e-05,True
dag_000784.txt,11,10,0,1.6e-05,True
dag_000785.txt,21,20,0,2.8e-05,True
dag_000786.txt,34,33,0,2.4e-05,True
dag_000787.txt,19,18,0,2.1e-05,True
dag_000788.txt,23,22,0,2.8e-05,True
dag_000789.txt,14,13,0,1.7e-05,True
dag_000790.txt,29,28,0,2.8e-05,True
dag_000791.txt,18,17,0,2.2e-05,True
dag_000792.txt,18,17,0,2.2e-05,True
dag_000793.txt,24,23,0,2.9e-05,True
dag_000794.txt,16,15,0,1.7e-05,True
dag_000795.txt,11,10,0,1.7e-05,True
dag_000796.txt,34,33,0,3.7e-05,True
dag_000797.txt,34,33,0,2.7e-05,True
dag_000798.txt,12,11,0,1.8e-05,True
dag_000799.txt,35,34,0,3.2e-05,True
dag_000800.txt,13,12,0,1.8e-05,True
dag_000801.txt,11,10,0,1.7e-05,True
dag_000802.txt,30,29,0,3e-05,True
dag_000803.txt,12,11,0,1.7e-05,True
dag_000804.txt,35,34,0,3e-05,True
dag_000805.txt,32,31,0,3.1e-05,True
dag_000806.txt,25,24,0,2e-05,True
dag_000807.txt,20,19,0,2.3e-05,True
dag_000808.txt,30,29,0,3.7e-05,True
dag_000809.txt,33,32,0,2.3e-05,True
dag_000810.txt,31,30,0,2.8e-05,True
dag_000811.txt,30,29,0,3.2e-05,True
dag_000812.txt,34,33,0,2.8e-05,True
dag_000813.txt,29,28,0,3.5e-05,True
dag_000814.txt,15,14,0,1.8e-05,True
dag_000815.txt,16,15,0,2e-05,True
dag_000816.txt,28,27,0,3.1e-05,True
dag_000817.txt,19,18,0,1.7e-05,True
dag_000818.txt,27,26,0,2.9e-05,True
dag_000819.txt,33,32,0,4.1e-05,True
dag_000820.txt,16,15,0,1.6e-05,True
dag_000821.txt,27,26,0,2.6e-05,True
dag_000822.txt,12,11,0,2.1e-05,True
dag_000823.txt,35,34,0,2.9e-05,True
dag_000824.txt,25,24,0,3e-05,True
dag_000825.txt,18,17,0,2.4e-05,True
dag_000826.txt,12,11,0,1.7e-05,True
dag_000827.txt,23,22,0,3.1e-05,True
dag_000828.txt,24,23,0,2.9e-05,True
dag_000829.txt,28,27,0,2.7e-05,True
dag_000830.txt,32,31,0,3.2e-05,True
dag_000831.txt,21,20,0,2.3e-05,True
dag_000832.txt,30,29,0,2.6e-05,True
dag_000833.txt,20,19,0,2.7e-05,True
dag_000834.txt,28,27,0,2.7e-05,True
dag_000835.txt,19,18,0,2.2e-05,True
dag_000836.txt,23,22,0,2.8e-05,True
dag_000837.txt,29,28,0,2.5e-05,True
dag_000838.txt,22,21,0,2.4e-05,True
dag_000839.txt,23,22,0,2.8e-05,True
dag_000840.txt,23,22,0,2.2e-05,True
dag_000841.txt,20,19,0,2.4e-05,True
dag_000842.txt,27,26,0,2.6e-05,True
dag_000843.txt,32,31,0,2.6e-05,True
dag_000844.txt,32,31,0,3.3e-05,True
dag_000845.txt,15,14,0,1.5e-05,True
dag_000846.txt,10,9,0,1.6e-05,True
dag_000847.txt,16,15,0,2.2e-05,True
dag_000848.txt,24,23,0,2.3e-05,True
dag_000849.txt,32,31,0,2.6e-05,True
dag_000850.txt,16,15,0,2.4e-05,True
dag_000851.txt,25,24,0,2.4e-05,True
dag_000852.txt,25,24,0,2.7e-05,True
dag_000853.txt,25,24,0,2.2e-05,True
dag_000854.txt,23,22,0,2.3e-05,True
dag_000855.txt,11,10,0,2e-05,True
dag_000856.txt,25,24,0,2.8e-05,True
dag_000857.txt,11,10,0,1.8e-05,True
dag_000858.txt,15,14,0,2.4e-05,True
dag_000859.txt,11,10,0,1.6e-05,True
dag_000860.txt,17,16,0,2e-05,True
dag_000861.txt,23,22,0,2.7e-05,True
dag_000862.txt,11,10,0,1.8e-05,True
dag_000863.txt,29,28,0,3.1e-05,True
dag_000864.txt,33,32,0,3.5e-05,True
dag_000865.txt,26,25,0,2.8e-05,True
dag_000866.txt,14,13,0,2.3e-05,True
dag_000867.txt,23,22,0,3.1e-05,True
dag_000868.txt,30,29,0,6.4e-05,True
dag_000869.txt,17,16,0,4.3e-05,True
dag_000870.txt,15,14,0,2.7e-05,True
dag_000871.txt,19,18,0,3e-05,True
dag_000872.txt,16,15,0,2.5e-05,True
dag_000873.txt,32,31,0,5.7e-05,True
dag_000874.txt,19,18,0,2.8e-05,True
dag_000875.txt,28,27,0,3.1e-05,True
dag_000876.txt,15,14,0,2e-05,True
dag_000877.txt,28,27,0,3e-05,True
dag_000878.txt,31,30,0,2.4e-05,True
dag_000879.txt,23,22,0,2.4e-05,True
dag_000880.txt,26,25,0,2.9e-05,True
dag_000881.txt,13,12,0,1.7e-05,True
dag_000882.txt,17,16,0,2.3e-05,True
dag_000883.txt,35,34,0,3.5e-05,True
dag_000884.txt,17,16,0,1.7e-05,True
dag_000885.txt,32,31,0,2.8e-05,True
dag_000886.txt,24,23,0,2.7e-05,True
dag_000887.txt,33,32,0,2.3e-05,True
dag_000888.txt,10,9,0,1.6e-05,True
dag_000889.txt,28,27,0,3.1e-05,True
dag_000890.txt,24,23,0,2.5e-05,True
dag_000891.txt,12,11,0,1.8e-05,True
dag_000892.txt,14,13,0,2e-05,True
dag_000893.txt,27,26,0,2.3e-05,True
dag_000894.txt,12,11,0,2e-05,True
dag_000895.txt,28,27,0,2.8e-05,True
dag_000896.txt,28,27,0,2.2e-05,True
dag_000897.txt,35,34,0,3.3e-05,True
dag_000898.txt,10,9,0,1.9e-05,True
dag_000899.txt,19,18,0,1.8e-05,True
dag_000900.txt,24,23,0,2.6e-05,True
dag_000901.txt,27,26,0,2.8e-05,True
dag_000902.txt,33,32,0,2.6e-05,True
dag_000903.txt,10,9,0,1.7e-05,True
dag_000904.txt,11,10,0,2e-05,True
dag_000905.txt,18,17,0,1.8e-05,True
dag_000906.txt,13,12,0,1.9e-05,True
dag_000907.txt,15,14,0,2.2e-05,True
dag_000908.txt,32,31,0,2.7e-05,True
dag_000909.txt,14,13,0,1.8e-05,True
dag_000910.txt,26,25,0,2.9e-05,True
dag_000911.txt,22,21,0,2.6e-05,True
dag_000912.txt,20,19,0,1.9e-05,True
dag_000913.txt,28,27,0,2.8e-05,True
dag_000914.txt,35,34,0,2.8e-05,True
dag_000915.txt,27,26,0,2.8e-05,True
dag_000916.txt,24,23,0,2.7e-05,True
dag_000917.txt,13,12,0,3.2e-05,True
dag_000918.txt,14,13,0,1.7e-05,True
dag_000919.txt,22,21,0,2.6e-05,True
dag_000920.txt,27,26,0,3.2e-05,True
dag_000921.txt,12,11,0,1.7e-05,True
dag_000922.txt,31,30,0,2.7e-05,True
dag_000923.txt,35,34,0,3.4e-05,True
dag_000924.txt,23,22,0,2.5e-05,True
dag_000925.txt,16,15,0,1.9e-05,True
dag_000926.txt,17,16,0,2.3e-05,True
dag_000927.txt,14,13,0,1.7e-05,True
dag_000928.txt,24,23,0,2.6e-05,True
dag_000929.txt,15,14,0,2.2e-05,True
dag_000930.txt,10,9,0,1.4e-05,True
dag_000931.txt,30,29,0,2.8e-05,True
dag_000932.txt,33,32,0,3.4e-05,True
dag_000933.txt,14,13,0,1.6e-05,True
dag_000934.txt,27,26,0,2.5e-05,True
dag_000935.txt,33,32,0,3.2e-05,True
dag_000936.txt,34,33,0,3.4e-05,True
dag_000937.txt,32,31,0,3.5e-05,True
dag_000938.txt,10,9,0,2e-05,True
dag_000939.txt,22,21,0,2.9e-05,True
dag_000940.txt,15,14,0,2.4e-05,True
dag_000941.txt,13,12,0,2.3e-05,True
dag_000942.txt,13,12,0,2.2e-05,True
dag_000943.txt,15,14,0,2.3e-05,True
dag_000944.txt,32,31,0,2.7e-05,True
dag_000945.txt,12,11,0,2.1e-05,True
dag_000946.txt,15,14,0,3e-05,True
dag_000947.txt,21,20,0,2.2e-05,True
dag_000948.txt,18,17,0,2.2e-05,True
dag_000949.txt,25,24,0,3.1e-05,True
dag_000950.txt,26,25,0,2.7e-05,True
dag_000951.txt,27,26,0,2.8e-05,True
dag_000952.txt,27,26,0,3e-05,True
dag_000953.txt,29,28,0,2.4e-05,True
dag_000954.txt,25,24,0,2.5e-05,True
dag_000955.txt,33,32,0,3.2e-05,True
dag_000956.txt,17,16,0,1.8e-05,True
dag_000957.txt,26,25,0,2.4e-05,True
dag_000958.txt,11,10,0,2e-05,True
dag_000959.txt,35,34,0,3.2e-05,True
dag_000960.txt,32,31,0,2.6e-05,True
dag_000961.txt,28,27,0,2.8e-05,True
dag_000962.txt,26,25,0,3.9e-05,True
dag_000963.txt,21,20,0,4.1e-05,True
dag_000964.txt,20,19,0,2.9e-05,True
dag_000965.txt,21,20,0,4.8e-05,True
dag_000966.txt,10,9,0,1.9e-05,True
dag_000967.txt,30,29,0,3.3e-05,True
dag_000968.txt,19,18,0,2e-05,True
dag_000969.txt,12,11,0,1.8e-05,True
dag_000970.txt,19,18,0,2.5e-05,True
dag_000971.txt,27,26,0,2.5e-05,True
dag_000972.txt,13,12,0,2.1e-05,True
dag_000973.txt,16,15,0,2.3e-05,True
dag_000974.txt,17,16,0,1.9e-05,True
dag_000975.txt,20,19,0,2.1e-05,True
dag_000976.txt,25,24,0,2.9e-05,True
dag_000977.txt,32,31,0,2.6e-05,True
dag_000978.txt,29,28,0,3.1e-05,True
dag_000979.txt,19,18,0,2.4e-05,True
dag_000980.txt,11,10,0,2.1e-05,True
dag_000981.txt,12,11,0,1.6e-05,True
dag_000982.txt,26,25,0,2.5e-05,True
dag_000983.txt,19,18,0,2.5e-05,True
dag_000984.txt,17,16,0,1.8e-05,True
dag_000985.txt,18,17,0,2.1e-05,True
dag_000986.txt,19,18,0,2.5e-05,True
dag_000987.txt,31,30,0,2.4e-05,True
dag_000988.txt,20,19,0,2.3e-05,True
dag_000989.txt,18,17,0,2.4e-05,True
dag_000990.txt,16,15,0,1.6e-05,True
dag_000991.txt,17,16,0,2e-05,True
dag_000992.txt,35,34,0,3.2e-05,True
dag_000993.txt,26,25,0,2.4e-05,True
dag_000994.txt,29,28,0,2.8e-05,True
dag_000995.txt,32,31,0,3e-05,True
dag_000996.txt,11,10,0,1.6e-05,True
dag_000997.txt,20,19,0,2.3e-05,True
dag_000998.txt,16,15,0,2.4e-05,True
dag_000999.txt,19,18,0,2.7e-05,True
dag_001000.txt,10,9,0,3.5e-05,True
dag_001001.txt,14,13,0,2e-05,True
dag_001002.txt,11,10,0,2.1e-05,True
dag_001003.txt,25,24,0,2.7e-05,True
dag_001004.txt,27,26,0,2.5e-05,True
dag_001005.txt,35,34,0,3.2e-05,True
dag_001006.txt,30,29,0,2.6e-05,True
dag_001007.txt,19,18,0,2.5e-05,True
dag_001008.txt,25,24,0,2.8e-05,True
dag_001009.txt,16,15,0,2.4e-05,True
dag_001010.txt,12,11,0,4.2e-05,True
dag_001011.txt,17,16,0,2.5e-05,True
dag_001012.txt,32,31,0,3.4e-05,True
dag_001013.txt,12,11,0,1.5e-05,True
dag_001014.txt,11,10,0,1.9e-05,True
dag_001015.txt,32,31,0,3.4e-05,True
dag_001016.txt,25,24,0,2e-05,True
dag_001017.txt,24,23,0,2.5e-05,True
dag_001018.txt,15,14,0,2.3e-05,True
dag_001019.txt,31,30,0,2.5e-05,True
dag_001020.txt,34,33,0,3e-05,True
dag_001021.txt,17,16,0,2.3e-05,True
dag_001022.txt,11,10,0,1.7e-05,True
dag_001023.txt,12,11,0,1.9e-05,True
dag_001024.txt,26,25,0,5.2e-05,True
dag_001025.txt,23,22,0,2.3e-05,True
dag_001026.txt,24,23,0,2.4e-05,True
dag_001027.txt,23,22,0,2.6e-05,True
dag_001028.txt,26,25,0,2.9e-05,True
dag_001029.txt,18,17,0,2.1e-05,True
dag_001030.txt,23,22,0,2.7e-05,True
dag_001031.txt,21,20,0,2.6e-05,True
dag_001032.txt,23,22,0,2.7e-05,True
dag_001033.txt,33,32,0,3.1e-05,True
dag_001034.txt,34,33,0,3.1e-05,True
dag_001035.txt,11,10,0,1.6e-05,True
dag_001036.txt,22,21,0,2.4e-05,True
dag_001037.txt,14,13,0,2.2e-05,True
dag_001038.txt,18,17,0,2e-05,True
dag_001039.txt,23,22,0,2.3e-05,True
dag_001040.txt,17,16,0,2.2e-05,True
dag_001041.txt,18,17,0,2.8e-05,True
dag_001042.txt,29,28,0,2.9e-05,True
dag_001043.txt,22,21,0,2.9e-05,True
dag_001044.txt,30,29,0,3.1e-05,True
dag_001045.txt,24,23,0,3.2e-05,True
dag_001046.txt,21,20,0,2.6e-05,True
dag_001047.txt,26,25,0,2.7e-05,True
dag_001048.txt,27,26,0,3.1e-05,True
dag_001049.txt,31,30,0,3e-05,True
dag_001050.txt,25,24,0,2.5e-05,True
dag_001051.txt,25,24,0,2.9e-05,True
dag_001052.txt,14,13,0,2e-05,True
dag_001053.txt,17,16,0,2.1e-05,True
dag_001054.txt,24,23,0,2.9e-05,True
dag_001055.txt,15,14,0,2.5e-05,True
dag_001056.txt,31,30,0,2.6e-05,True
dag_001057.txt,30,29,0,2.8e-05,True
dag_001058.txt,11,10,0,2.1e-05,True
dag_001059.txt,31,30,0,2.5e-05,True
dag_001060.txt,29,28,0,3.3e-05,True
dag_001061.txt,15,14,0,2.1e-05,True
dag_001062.txt,16,15,0,2e-05,True
dag_001063.txt,34,33,0,3.1e-05,True
dag_001064.txt,22,21,0,2.6e-05,True
dag_001065.txt,35,34,0,2.6e-05,True
dag_001066.txt,33,32,0,2.9e-05,True
dag_001067.txt,11,10,0,2.1e-05,True
dag_001068.txt,16,15,0,1.7e-05,True
dag_001069.txt,29,28,0,3.4e-05,True
dag_001070.txt,12,11,0,2.1e-05,True
dag_001071.txt,13,12,0,1.8e-05,True
dag_001072.txt,11,10,0,1.7e-05,True
dag_001073.txt,15,14,0,2.1e-05,True
dag_001074.txt,17,16,0,2.1e-05,True
dag_001075.txt,30,29,0,2.7e-05,True
dag_001076.txt,12,11,0,2.2e-05,True
dag_001077.txt,19,18,0,2.4e-05,True
dag_001078.txt,31,30,0,2.7e-05,True
dag_001079.txt,14,13,0,2e-05,True
dag_001080.txt,23,22,0,2.8e-05,True
dag_001081.txt,22,21,0,1.9e-05,True
dag_001082.txt,14,13,0,3.3e-05,True
dag_001083.txt,21,20,0,2.7e-05,True
dag_001084.txt,17,16,0,2.1e-05,True
dag_001085.txt,15,14,0,2.3e-05,True
dag_001086.txt,21,20,0,2.3e-05,True
dag_001087.txt,16,15,0,2.4e-05,True
dag_001088.txt,34,33,0,2.7e-05,True
dag_001089.txt,18,17,0,2.2e-05,True
dag_001090.txt,31,30,0,3.3e-05,True
dag_001091.txt,34,33,0,3.2e-05,True
dag_001092.txt,28,27,0,2.5e-05,True
dag_001093.txt,26,25,0,2.8e-05,True
dag_001094.txt,11,10,0,2.4e-05,True
dag_001095.txt,22,21,0,3e-05,True
dag_001096.txt,18,17,0,2e-05,True
dag_001097.txt,32,31,0,4.8e-05,True
dag_001098.txt,12,11,0,1.8e-05,True
dag_001099.txt,27,26,0,2.8e-05,True
dag_001100.txt,34,33,0,3.1e-05,True
dag_001101.txt,17,16,0,1.8e-05,True
dag_001102.txt,28,27,0,2.6e-05,True
dag_001103.txt,26,25,0,3.1e-05,True
dag_001104.txt,21,20,0,4.9e-05,True
dag_001105.txt,12,11,0,1.5e-05,True
dag_001106.txt,34,33,0,2.8e-05,True
dag_001107.txt,17,16,0,2.5e-05,True
dag_001108.txt,14,13,0,1.7e-05,True
dag_001109.txt,14,13,0,1.9e-05,True
dag_001110.txt,30,29,0,3e-05,True
dag_001111.txt,20,19,0,2.4e-05,True
dag_001112.txt,11,10,0,1.7e-05,True
dag_001113.txt,23,22,0,2.9e-05,True
dag_001114.txt,14,13,0,2.6e-05,True
dag_001115.txt,16,15,0,2.5e-05,True
dag_001116.txt,29,28,0,3.6e-05,True
dag_001117.txt,19,18,0,2.6e-05,True
dag_001118.txt,22,21,0,2.8e-05,True
dag_001119.txt,34,33,0,2.9e-05,True
dag_001120.txt,18,17,0,2.5e-05,True
dag_001121.txt,16,15,0,2.2e-05,True
dag_001122.txt,19,18,0,2.4e-05,True
dag_001123.txt,13,12,0,1.6e-05,True
dag_001124.txt,11,10,0,1.7e-05,True
dag_001125.txt,12,11,0,2.2e-05,True
dag_001126.txt,11,10,0,1.5e-05,True
dag_001127.txt,27,26,0,3.1e-05,True
dag_001128.txt,17,16,0,2.1e-05,True
dag_001129.txt,15,14,0,2.1e-05,True
dag_001130.txt,29,28,0,2.5e-05,True
dag_001131.txt,10,9,0,1.7e-05,True
dag_001132.txt,16,15,0,3.4e-05,True
dag_001133.txt,33,32,0,3.3e-05,True
dag_001134.txt,18,17,0,1.9e-05,True
dag_001135.txt,22,21,0,2.4e-05,True
dag_001136.txt,11,10,0,2e-05,True
dag_001137.txt,14,13,0,1.8e-05,True
dag_001138.txt,30,29,0,2.8e-05,True
dag_001139.txt,15,14,0,2e-05,True
dag_001140.txt,30,29,0,3.1e-05,True
dag_001141.txt,17,16,0,2e-05,True
dag_001142.txt,16,15,0,2e-05,True
dag_001143.txt,32,31,0,3.2e-05,True
dag_001144.txt,32,31,0,3.2e-05,True
dag_001145.txt,33,32,0,2.6e-05,True
dag_001146.txt,34,33,0,2.9e-05,True
dag_001147.txt,35,34,0,3.3e-05,True
dag_001148.txt,12,11,0,1.9e-05,True
dag_001149.txt,27,26,0,2.5e-05,True
dag_001150.txt,12,11,0,2e-05,True
dag_001151.txt,19,18,0,2.4e-05,True
dag_001152.txt,21,20,0,2.2e-05,True
dag_001153.txt,24,23,0,2.8e-05,True
dag_001154.txt,14,13,0,2.2e-05,True
dag_001155.txt,18,17,0,2.3e-05,True
dag_001156.txt,17,16,0,2e-05,True
dag_001157.txt,33,32,0,3.3e-05,True
dag_001158.txt,20,19,0,2.7e-05,True
dag_001159.txt,16,15,0,1.9e-05,True
dag_001160.txt,22,21,0,2.4e-05,True
dag_001161.txt,29,28,0,3.1e-05,True
dag_001162.txt,15,14,0,1.6e-05,True
dag_001163.txt,35,34,0,3e-05,True
dag_001164.txt,27,26,0,2.7e-05,True
dag_001165.txt,15,14,0,2.3e-05,True
dag_001166.txt,31,30,0,2.6e-05,True
dag_001167.txt,21,20,0,2.4e-05,True
dag_001168.txt,33,32,0,3.2e-05,True
dag_001169.txt,27,26,0,2.3e-05,True
dag_001170.txt,13,12,0,1.9e-05,True
dag_001171.txt,10,9,0,2.1e-05,True
dag_001172.txt,10,9,0,2.2e-05,True
dag_001173.txt,31,30,0,3.3e-05,True
dag_001174.txt,21,20,0,2.7e-05,True
dag_001175.txt,34,33,0,5.2e-05,True
dag_001176.txt,35,34,0,2.7e-05,True
dag_001177.txt,10,9,0,1.8e-05,True
dag_001178.txt,17,16,0,2.8e-05,True
dag_001179.txt,26,25,0,2.4e-05,True
dag_001180.txt,27,26,0,2.6e-05,True
dag_001181.txt,23,22,0,2.7e-05,True
dag_001182.txt,27,26,0,2.4e-05,True
dag_001183.txt,12,11,0,1.9e-05,True
dag_001184.txt,12,11,0,2.1e-05,True
dag_001185.txt,21,20,0,2.9e-05,True
dag_001186.txt,14,13,0,1.7e-05,True
dag_001187.txt,32,31,0,2.9e-05,True
dag_001188.txt,16,15,0,2.2e-05,True
dag_001189.txt,28,27,0,3.1e-05,True
dag_001190.txt,33,32,0,2.7e-05,True
dag_001191.txt,27,26,0,2.6e-05,True
dag_001192.txt,22,21,0,2.8e-05,True
dag_001193.txt,29,28,0,2.5e-05,True
dag_001194.txt,16,15,0,2e-05,True
dag_001195.txt,11,10,0,2e-05,True
dag_001196.txt,29,28,0,2.5e-05,True
dag_001197.txt,24,23,0,2.4e-05,True
dag_001198.txt,28,27,0,2.8e-05,True
dag_001199.txt,20,19,0,3.3e-05,True
dag_001200.txt,21,20,0,2e-05,True
dag_001201.txt,19,18,0,2.2e-05,True
dag_001202.txt,22,21,0,2.9e-05,True
dag_001203.txt,28,27,0,2.9e-05,True
dag_001204.txt,16,15,0,1.9e-05,True
dag_001205.txt,14,13,0,1.9e-05,True
dag_001206.txt,19,18,0,2.5e-05,True
dag_001207.txt,29,28,0,2.6e-05,True
dag_001208.txt,25,24,0,2.6e-05,True
dag_001209.txt,15,14,0,2.6e-05,True
dag_001210.txt,19,18,0,2.5e-05,True
dag_001211.txt,31,30,0,2.4e-05,True
dag_001212.txt,25,24,0,2.5e-05,True
dag_001213.txt,14,13,0,2.2e-05,True
dag_001214.txt,15,14,0,3e-05,True
dag_001215.txt,34,33,0,3.3e-05,True
dag_001216.txt,17,16,0,2.4e-05,True
dag_001217.txt,19,18,0,2.5e-05,True
dag_001218.txt,20,19,0,2.5e-05,True
dag_001219.txt,20,19,0,2.1e-05,True
dag_001220.txt,21,20,0,2.3e-05,True
dag_001221.txt,15,14,0,2.2e-05,True
dag_001222.txt,19,18,0,2.5e-05,True
dag_001223.txt,11,10,0,1.8e-05,True
dag_001224.txt,19,18,0,2.2e-05,True
dag_001225.txt,10,9,0,2.4e-05,True
dag_001226.txt,13,12,0,2e-05,True
dag_001227.txt,33,32,0,2.9e-05,True
dag_001228.txt,20,19,0,2.1e-05,True
dag_001229.txt,28,27,0,2.9e-05,True
dag_001230.txt,35,34,0,2.6e-05,True
dag_001231.txt,21,20,0,2.2e-05,True
dag_001232.txt,35,34,0,3.4e-05,True
dag_001233.txt,22,21,0,3.4e-05,True
dag_001234.txt,28,27,0,2.4e-05,True
dag_001235.txt,22,21,0,2.3e-05,True
dag_001236.txt,17,16,0,2.4e-05,True
dag_001237.txt,27,26,0,2.7e-05,True
dag_001238.txt,26,25,0,2.4e-05,True
dag_001239.txt,16,15,0,2.1e-05,True
dag_001240.txt,25,24,0,2.8e-05,True
dag_001241.txt,14,13,0,1.7e-05,True
dag_001242.txt,34,33,0,2.7e-05,True
dag_001243.txt,17,16,0,2.3e-05,True
dag_001244.txt,17,16,0,2.3e-05,True
dag_001245.txt,20,19,0,1.8e-05,True
dag_001246.txt,32,31,0,2.7e-05,True
dag_001247.txt,15,14,0,2.1e-05,True
dag_001248.txt,15,14,0,1.8e-05,True
dag_001249.txt,35,34,0,3e-05,True
dag_001250.txt,32,31,0,3.4e-05,True
dag_001251.txt,17,16,0,2.4e-05,True
dag_001252.txt,22,21,0,2.1e-05,True
dag_001253.txt,12,11,0,1.8e-05,True
dag_001254.txt,19,18,0,3.4e-05,True
dag_001255.txt,22,21,0,3.8e-05,True
dag_001256.txt,13,12,0,2.4e-05,True
dag_001257.txt,22,21,0,2.9e-05,True
dag_001258.txt,29,28,0,3e-05,True
dag_001259.txt,35,34,0,2.9e-05,True
dag_001260.txt,33,32,0,2.8e-05,True
dag_001261.txt,33,32,0,3.2e-05,True
dag_001262.txt,25,24,0,2.9e-05,True
dag_001263.txt,33,32,0,2.7e-05,True
dag_001264.txt,32,31,0,2.9e-05,True
dag_001265.txt,21,20,0,2.7e-05,True
dag_001266.txt,29,28,0,2.9e-05,True
dag_001267.txt,27,26,0,2.7e-05,True
dag_001268.txt,18,17,0,2.3e-05,True
dag_001269.txt,13,12,0,2.1e-05,True
dag_001270.txt,24,23,0,2.3e-05,True
dag_001271.txt,14,13,0,1.9e-05,True
dag_001272.txt,20,19,0,2.4e-05,True
dag_001273.txt,16,15,0,2.1e-05,True
dag_001274.txt,33,32,0,2.7e-05,True
dag_001275.txt,25,24,0,2.7e-05,True
dag_001276.txt,31,30,0,3.3e-05,True
dag_001277.txt,24,23,0,2.5e-05,True
dag_001278.txt,16,15,0,2e-05,True
dag_001279.txt,34,33,0,3e-05,True
dag_001280.txt,30,29,0,3.3e-05,True
dag_001281.txt,33,32,0,3.1e-05,True
dag_001282.txt,26,25,0,3.1e-05,True
dag_001283.txt,16,15,0,2.4e-05,True
dag_001284.txt,14,13,0,2.4e-05,True
dag_001285.txt,18,17,0,2.9e-05,True
dag_001286.txt,25,24,0,2.5e-05,True
dag_001287.txt,32,31,0,2.8e-05,True
dag_001288.txt,24,23,0,2.8e-05,True
dag_001289.txt,13,12,0,2.5e-05,True
dag_001290.txt,23,22,0,2.2e-05,True
dag_001291.txt,23,22,0,2.8e-05,True
dag_001292.txt,17,16,0,2.3e-05,True
dag_001293.txt,22,21,0,3.9e-05,True
dag_001294.txt,18,17,0,2.1e-05,True
dag_001295.txt,17,16,0,2.1e-05,True
dag_001296.txt,27,26,0,3e-05,True
dag_001297.txt,22,21,0,2.1e-05,True
dag_001298.txt,19,18,0,2.1e-05,True
dag_001299.txt,20,19,0,2.3e-05,True
dag_001300.txt,32,31,0,3.3e-05,True
dag_001301.txt,30,29,0,2.8e-05,True
dag_001302.txt,26,25,0,2.7e-05,True
dag_001303.txt,18,17,0,2.7e-05,True
dag_001304.txt,31,30,0,3.7e-05,True
dag_001305.txt,22,21,0,2.5e-05,True
dag_001306.txt,10,9,0,1.8e-05,True
dag_001307.txt,24,23,0,2.8e-05,True
dag_001308.txt,28,27,0,2.4e-05,True
dag_001309.txt,21,20,0,2.4e-05,True
dag_001310.txt,34,33,0,3.2e-05,True
dag_001311.txt,22,21,0,3.2e-05,True
dag_001312.txt,14,13,0,2e-05,True
dag_001313.txt,27,26,0,2.7e-05,True
dag_001314.txt,23,22,0,2.7e-05,True
dag_001315.txt,13,12,0,1.7e-05,True
dag_001316.txt,17,16,0,2e-05,True
dag_001317.txt,19,18,0,2.5e-05,True
dag_001318.txt,33,32,0,3.1e-05,True
dag_001319.txt,10,9,0,1.4e-05,True
dag_001320.txt,21,20,0,2.5e-05,True
dag_001321.txt,33,32,0,3.2e-05,True
dag_001322.txt,34,33,0,3.3e-05,True
dag_001323.txt,10,9,0,1.7e-05,True
dag_001324.txt,34,33,0,3.1e-05,True
dag_001325.txt,34,33,0,3.3e-05,True
dag_001326.txt,24,23,0,2.8e-05,True
dag_001327.txt,15,14,0,2.2e-05,True
dag_001328.txt,28,27,0,2.3e-05,True
dag_001329.txt,33,32,0,2.7e-05,True
dag_001330.txt,33,32,0,3.3e-05,True
dag_001331.txt,16,15,0,2.8e-05,True
dag_001332.txt,11,10,0,1.7e-05,True
dag_001333.txt,35,34,0,3e-05,True
dag_001334.txt,25,24,0,2.9e-05,True
dag_001335.txt,11,10,0,1.6e-05,True
dag_001336.txt,22,21,0,2.4e-05,True
dag_001337.txt,27,26,0,3.1e-05,True
dag_001338.txt,17,16,0,2.6e-05,True
dag_001339.txt,34,33,0,2.9e-05,True
dag_001340.txt,22,21,0,2.4e-05,True
dag_001341.txt,14,13,0,2.1e-05,True
dag_001342.txt,12,11,0,2.3e-05,True
dag_001343.txt,35,34,0,2.8e-05,True
dag_001344.txt,10,9,0,1.9e-05,True
dag_001345.txt,31,30,0,3.3e-05,True
dag_001346.txt,23,22,0,2.6e-05,True
dag_001347.txt,30,29,0,2.5e-05,True
dag_001348.txt,13,12,0,1.9e-05,True
dag_001349.txt,21,20,0,2.5e-05,True
dag_001350.txt,10,9,0,1.8e-05,True
dag_001351.txt,24,23,0,2.5e-05,True
dag_001352.txt,32,31,0,2.7e-05,True
dag_001353.txt,21,20,0,2.4e-05,True
dag_001354.txt,19,18,0,2e-05,True
dag_001355.txt,13,12,0,1.8e-05,True
dag_001356.txt,10,9,0,1.7e-05,True
dag_001357.txt,22,21,0,2.7e-05,True
dag_001358.txt,30,29,0,2.4e-05,True
dag_001359.txt,26,25,0,2.5e-05,True
dag_001360.txt,14,13,0,2e-05,True
dag_001361.txt,24,23,0,2.7e-05,True
dag_001362.txt,31,30,0,3.1e-05,True
dag_001363.txt,29,28,0,3.1e-05,True
dag_001364.txt,26,25,0,2.8e-05,True
dag_001365.txt,33,32,0,3.2e-05,True
dag_001366.txt,25,24,0,2.3e-05,True
dag_001367.txt,21,20,0,2.3e-05,True
dag_001368.txt,33,32,0,3.3e-05,True
dag_001369.txt,33,32,0,3.1e-05,True
dag_001370.txt,29,28,0,2.4e-05,True
dag_001371.txt,11,10,0,1.7e-05,True
dag_001372.txt,22,21,0,2.7e-05,True
dag_001373.txt,35,34,0,3.4e-05,True
dag_001374.txt,28,27,0,2.4e-05,True
dag_001375.txt,33,32,0,2.9e-05,True
dag_001376.txt,13,12,0,2e-05,True
dag_001377.txt,20,19,0,2e-05,True
dag_001378.txt,27,26,0,2.6e-05,True
dag_001379.txt,20,19,0,2.4e-05,True
dag_001380.txt,17,16,0,2.6e-05,True
dag_001381.txt,29,28,0,3.5e-05,True
dag_001382.txt,22,21,0,3e-05,True
dag_001383.txt,29,28,0,3.5e-05,True
dag_001384.txt,27,26,0,3e-05,True
dag_001385.txt,34,33,0,3.2e-05,True
dag_001386.txt,24,23,0,2.5e-05,True
dag_001387.txt,19,18,0,2.1e-05,True
dag_001388.txt,14,13,0,2.2e-05,True
dag_001389.txt,35,34,0,3.1e-05,True
dag_001390.txt,16,15,0,1.7e-05,True
dag_001391.txt,17,16,0,2.6e-05,True
dag_001392.txt,13,12,0,1.9e-05,True
dag_001393.txt,22,21,0,2.7e-05,True
dag_001394.txt,23,22,0,2.3e-05,True
dag_001395.txt,14,13,0,2.3e-05,True
dag_001396.txt,25,24,0,2.8e-05,True
dag_001397.txt,33,32,0,3.2e-05,True
dag_001398.txt,13,12,0,1.7e-05,True
dag_001399.txt,10,9,0,1.6e-05,True
dag_001400.txt,26,25,0,2.6e-05,True
dag_001401.txt,18,17,0,2.5e-05,True
dag_001402.txt,32,31,0,2.6e-05,True
dag_001403.txt,10,9,0,1.6e-05,True
dag_001404.txt,30,29,0,2.7e-05,True
dag_001405.txt,14,13,0,2.1e-05,True
dag_001406.txt,10,9,0,1.5e-05,True
dag_001407.txt,20,19,0,2.3e-05,True
dag_001408.txt,14,13,0,2e-05,True
dag_001409.txt,30,29,0,3.3e-05,True
dag_001410.txt,24,23,0,2e-05,True
dag_001411.txt,33,32,0,2.7e-05,True
dag_001412.txt,17,16,0,2e-05,True
dag_001413.txt,24,23,0,2.7e-05,True
dag_001414.txt,16,15,0,1.9e-05,True
dag_001415.txt,31,30,0,2.8e-05,True
dag_001416.txt,27,26,0,2.7e-05,True
dag_001417.txt,26,25,0,2.7e-05,True
dag_001418.txt,22,21,0,3.5e-05,True
dag_001419.txt,17,16,0,2.1e-05,True
dag_001420.txt,34,33,0,2.9e-05,True
dag_001421.txt,34,33,0,3.3e-05,True
dag_001422.txt,26,25,0,2.8e-05,True
dag_001423.txt,22,21,0,2.2e-05,True
dag_001424.txt,24,23,0,2.8e-05,True
dag_001425.txt,17,16,0,2.3e-05,True
dag_001426.txt,31,30,0,2.5e-05,True
dag_001427.txt,17,16,0,2.1e-05,True
dag_001428.txt,18,17,0,2.1e-05,True
dag_001429.txt,35,34,0,3.8e-05,True
dag_001430.txt,32,31,0,2.6e-05,True
dag_001431.txt,27,26,0,2.5e-05,True
dag_001432.txt,29,28,0,2.7e-05,True
dag_001433.txt,35,34,0,3.2e-05,True
dag_001434.txt,15,14,0,1.9e-05,True
dag_001435.txt,13,12,0,2e-05,True
dag_001436.txt,22,21,0,2.5e-05,True
dag_001437.txt,20,19,0,2.4e-05,True
dag_001438.txt,19,18,0,2e-05,True
dag_001439.txt,13,12,0,1.8e-05,True
dag_001440.txt,11,10,0,1.9e-05,True
dag_001441.txt,18,17,0,2.4e-05,True
dag_001442.txt,33,32,0,2.6e-05,True
dag_001443.txt,20,19,0,2.2e-05,True
dag_001444.txt,35,34,0,3.2e-05,True
dag_001445.txt,29,28,0,3.2e-05,True
dag_001446.txt,31,30,0,2.7e-05,True
dag_001447.txt,19,18,0,2.7e-05,True
dag_001448.txt,33,32,0,3.3e-05,True
dag_001449.txt,23,22,0,3e-05,True
dag_001450.txt,24,23,0,3.5e-05,True
dag_001451.txt,34,33,0,2.5e-05,True
dag_001452.txt,17,16,0,2.1e-05,True
dag_001453.txt,19,18,0,2.4e-05,True
dag_001454.txt,25,24,0,3e-05,True
dag_001455.txt,14,13,0,1.7e-05,True
dag_001456.txt,12,11,0,1.8e-05,True
dag_001457.txt,19,18,0,2.5e-05,True
dag_001458.txt,15,14,0,2.5e-05,True
dag_001459.txt,14,13,0,1.8e-05,True
dag_001460.txt,28,27,0,2.7e-05,True
dag_001461.txt,27,26,0,2.7e-05,True
dag_001462.txt,22,21,0,2.8e-05,True
dag_001463.txt,10,9,0,2.3e-05,True
dag_001464.txt,10,9,0,1.5e-05,True
dag_001465.txt,19,18,0,2.2e-05,True
dag_001466.txt,34,33,0,3.3e-05,True
dag_001467.txt,35,34,0,3.1e-05,True
dag_001468.txt,32,31,0,2.7e-05,True
dag_001469.txt,32,31,0,2.8e-05,True
dag_001470.txt,19,18,0,2.5e-05,True
dag_001471.txt,17,16,0,4.8e-05,True
dag_001472.txt,22,21,0,2.2e-05,True
dag_001473.txt,30,29,0,2.6e-05,True
dag_001474.txt,12,11,0,2.1e-05,True
dag_001475.txt,13,12,0,2.1e-05,True
dag_001476.txt,15,14,0,1.8e-05,True
dag_001477.txt,35,34,0,2.8e-05,True
dag_001478.txt,13,12,0,2.2e-05,True
dag_001479.txt,27,26,0,3.3e-05,True
dag_001480.txt,26,25,0,2.5e-05,True
dag_001481.txt,26,25,0,2.5e-05,True
dag_001482.txt,28,27,0,3e-05,True
dag_001483.txt,17,16,0,2.6e-05,True
dag_001484.txt,13,12,0,2.2e-05,True
dag_001485.txt,24,23,0,2.7e-05,True
dag_001486.txt,12,11,0,2.2e-05,True
dag_001487.txt,14,13,0,2.2e-05,True
dag_001488.txt,12,11,0,1.7e-05,True
dag_001489.txt,24,23,0,2.4e-05,True
dag_001490.txt,21,20,0,2.6e-05,True
dag_001491.txt,18,17,0,2.8e-05,True
dag_001492.txt,19,18,0,2.1e-05,True
dag_001493.txt,19,18,0,2.2e-05,True
dag_001494.txt,26,25,0,2.8e-05,True
dag_001495.txt,32,31,0,3.1e-05,True
dag_001496.txt,23,22,0,2.2e-05,True
dag_001497.txt,19,18,0,2.4e-05,True
dag_001498.txt,14,13,0,2.2e-05,True
dag_001499.txt,22,21,0,4.6e-05,True
dgrid_000000.txt,16,25,1,5.8e-05,True
dgrid_000001.txt,16,24,0,2.1e-05,True
dgrid_000002.txt,16,27,2,0.000533,True
dgrid_000003.txt,25,41,1,0.000195,True
dgrid_000004.txt,16,25,2,0.000209,True
dgrid_000005.txt,36,63,4,0.519197,True
dgrid_000006.txt,9,12,1,2.4e-05,True
dgrid_000007.txt,16,25,2,0.000543,True
dgrid_000008.txt,36,62,4,0.233068,True
dgrid_000009.txt,25,41,1,0.000159,True
dgrid_000010.txt,9,12,1,2.5e-05,True
dgrid_000011.txt,36,64,5,1.787806,True
dgrid_000012.txt,36,63,5,1.517818,True
dgrid_000013.txt,36,62,4,0.368254,True
dgrid_000014.txt,25,43,2,0.001496,True
dgrid_000015.txt,25,41,3,0.007833,True
dgrid_000016.txt,36,61,4,0.567188,True
dgrid_000017.txt,16,25,2,0.00011,True
dgrid_000018.txt,16,26,3,0.00272,True
dgrid_000019.txt,25,40,0,3e-05,True
dgrid_000020.txt,36,60,3,0.021175,True
dgrid_000021.txt,9,12,1,3.1e-05,True
dgrid_000022.txt,16,25,2,0.000254,True
dgrid_000023.txt,16,25,1,4.2e-05,True
dgrid_000024.txt,25,43,4,0.038938,True
dgrid_000025.txt,16,26,3,0.002024,True
dgrid_000026.txt,16,25,3,0.000641,True
dgrid_000027.txt,36,60,2,0.001571,True
dgrid_000028.txt,16,25,1,4.5e-05,True
dgrid_000029.txt,25,41,2,0.000279,True
dgrid_000030.txt,16,25,1,5.2e-05,True
dgrid_000031.txt,36,63,3,0.084379,True
dgrid_000032.txt,16,24,1,0.000121,True
dgrid_000033.txt,9,12,1,4.4e-05,True
dgrid_000034.txt,16,25,1,4.4e-05,True
dgrid_000035.txt,36,63,TIMEOUT,5.000007,TIMEOUT
dgrid_000036.txt,9,13,1,4.1e-05,True
dgrid_000037.txt,36,64,5,2.216704,True
dgrid_000038.txt,36,64,4,0.26111,True
dgrid_000039.txt,9,13,1,4.3e-05,True
dgrid_000040.txt,16,24,1,9.2e-05,True
dgrid_000041.txt,16,24,1,5.1e-05,True
dgrid_000042.txt,36,63,3,0.024981,True
dgrid_000043.txt,36,61,3,0.018911,True
dgrid_000044.txt,16,24,1,4.3e-05,True
dgrid_000045.txt,36,61,2,0.001386,True
dgrid_000046.txt,16,25,2,0.000382,True
dgrid_000047.txt,16,24,2,0.000182,True
dgrid_000048.txt,16,24,1,3.2e-05,True
dgrid_000049.txt,25,41,4,0.025955,True
dgrid_000050.txt,16,24,1,4.4e-05,True
dgrid_000051.txt,25,40,2,0.002604,True
dgrid_000052.txt,16,25,1,8.4e-05,True
dgrid_000053.txt,9,13,1,2.9e-05,True
dgrid_000054.txt,36,62,3,0.021475,True
dgrid_000055.txt,25,42,3,0.01607,True
dgrid_000056.txt,9,12,1,3.2e-05,True
dgrid_000057.txt,36,62,4,0.231152,True
dgrid_000058.txt,25,43,3,0.014594,True
dgrid_000059.txt,16,24,2,0.000174,True
dgrid_000060.txt,36,63,5,1.949464,True
dgrid_000061.txt,16,28,4,0.005566,True
dgrid_000062.txt,25,42,4,0.11998,True
dgrid_000063.txt,9,13,2,7.7e-05,True
dgrid_000064.txt,16,24,1,4.4e-05,True
dgrid_000065.txt,9,13,2,6.6e-05,True
dgrid_000066.txt,9,13,1,3.3e-05,True
dgrid_000067.txt,36,60,3,0.016975,True
dgrid_000068.txt,9,12,0,1.7e-05,True
dgrid_000069.txt,16,26,1,4.5e-05,True
dgrid_000070.txt,36,63,4,0.364272,True
dgrid_000071.txt,25,41,4,0.091292,True
dgrid_000072.txt,25,42,3,0.005397,True
dgrid_000073.txt,16,25,1,5.1e-05,True
dgrid_000074.txt,25,42,2,0.000612,True
dgrid_000075.txt,25,41,4,0.027398,True
dgrid_000076.txt,9,12,0,1.8e-05,True
dgrid_000077.txt,25,41,1,7.6e-05,True
dgrid_000078.txt,36,61,1,0.000255,True
dgrid_000079.txt,16,26,2,0.000248,True
dgrid_000080.txt,9,12,1,2.4e-05,True
dgrid_000081.txt,25,41,4,0.047169,True
dgrid_000082.txt,25,40,1,6.7e-05,True
dgrid_000083.txt,25,40,2,0.000643,True
dgrid_000084.txt,36,62,3,0.014403,True
dgrid_000085.txt,36,65,5,1.395398,True
dgrid_000086.txt,36,61,1,0.000214,True
dgrid_000087.txt,16,25,1,5.1e-05,True
dgrid_000088.txt,36,63,4,0.256772,True
dgrid_000089.txt,25,40,2,0.000607,True
dgrid_000090.txt,25,43,4,0.086839,True
dgrid_000091.txt,16,25,2,0.000263,True
dgrid_000092.txt,25,44,5,0.137232,True
dgrid_000093.txt,9,12,1,1.8e-05,True
dgrid_000094.txt,25,45,3,0.005664,True
dgrid_000095.txt,25,41,2,0.000639,True
dgrid_000096.txt,36,62,4,0.360896,True
dgrid_000097.txt,25,42,3,0.009736,True
dgrid_000098.txt,9,12,0,3.4e-05,True
dgrid_000099.txt,36,62,4,0.092281,True
dgrid_000100.txt,36,63,4,0.092674,True
dgrid_000101.txt,16,24,0,1.9e-05,True
dgrid_000102.txt,16,25,2,0.000248,True
dgrid_000103.txt,16,26,3,0.00117,True
dgrid_000104.txt,36,62,3,0.069732,True
dgrid_000105.txt,16,24,1,2.7e-05,True
dgrid_000106.txt,25,41,2,0.00094,True
dgrid_000107.txt,36,60,2,0.000682,True
dgrid_000108.txt,25,42,4,0.050023,True
dgrid_000109.txt,16,25,1,4.6e-05,True
dgrid_000110.txt,25,44,5,0.127273,True
dgrid_000111.txt,36,63,3,0.040734,True
dgrid_000112.txt,9,12,0,1.5e-05,True
dgrid_000113.txt,25,43,4,0.034688,True
dgrid_000114.txt,25,43,3,0.005901,True
dgrid_000115.txt,9,13,1,2e-05,True
dgrid_000116.txt,9,12,1,2.7e-05,True
dgrid_000117.txt,36,62,3,0.063757,True
dgrid_000118.txt,16,27,3,0.000813,True
dgrid_000119.txt,36,63,4,0.369057,True
dgrid_000120.txt,16,25,2,0.000285,True
dgrid_000121.txt,16,24,2,0.000136,True
dgrid_000122.txt,9,13,1,9.9e-05,True
dgrid_000123.txt,25,42,4,0.047218,True
dgrid_000124.txt,9,12,1,2.9e-05,True
dgrid_000125.txt,36,63,5,2.029774,True
dgrid_000126.txt,36,61,5,0.703978,True
dgrid_000127.txt,16,24,0,2.5e-05,True
dgrid_000128.txt,9,12,0,2.1e-05,True
dgrid_000129.txt,16,26,2,0.000513,True
dgrid_000130.txt,16,26,2,0.000223,True
dgrid_000131.txt,16,25,1,4.4e-05,True
dgrid_000132.txt,16,26,3,0.001641,True
dgrid_000133.txt,9,12,0,2.1e-05,True
dgrid_000134.txt,16,26,2,0.000392,True
dgrid_000135.txt,25,41,2,0.001159,True
dgrid_000136.txt,25,42,3,0.012298,True
dgrid_000137.txt,9,12,1,2.8e-05,True
dgrid_000138.txt,16,24,1,3e-05,True
dgrid_000139.txt,16,24,2,0.000199,True
dgrid_000140.txt,25,40,2,0.00032,True
dgrid_000141.txt,9,12,1,3.5e-05,True
dgrid_000142.txt,36,62,5,1.996938,True
dgrid_000143.txt,36,61,3,0.033771,True
dgrid_000144.txt,25,42,4,0.102239,True
dgrid_000145.txt,16,28,2,0.000268,True
dgrid_000146.txt,36,60,3,0.014176,True
dgrid_000147.txt,16,25,1,6.1e-05,True
dgrid_000148.txt,9,12,1,4e-05,True
dgrid_000149.txt,25,42,3,0.016969,True
dgrid_000150.txt,9,12,0,1.7e-05,True
dgrid_000151.txt,9,13,1,3.7e-05,True
dgrid_000152.txt,36,62,4,0.259124,True
dgrid_000153.txt,36,64,5,2.036568,True
dgrid_000154.txt,25,41,4,0.02501,True
dgrid_000155.txt,25,41,1,0.000131,True
dgrid_000156.txt,16,26,2,0.000286,True
dgrid_000157.txt,36,62,1,0.000195,True
dgrid_000158.txt,16,26,2,0.000603,True
dgrid_000159.txt,16,25,2,0.000403,True
dgrid_000160.txt,16,26,2,0.000419,True
dgrid_000161.txt,9,14,2,6.4e-05,True
dgrid_000162.txt,25,41,3,0.007372,True
dgrid_000163.txt,16,26,2,0.000298,True
dgrid_000164.txt,9,13,1,4.3e-05,True
dgrid_000165.txt,25,41,4,0.049911,True
dgrid_000166.txt,36,65,TIMEOUT,5.000003,TIMEOUT
dgrid_000167.txt,9,12,0,1.9e-05,True
dgrid_000168.txt,36,64,4,0.208561,True
dgrid_000169.txt,36,64,3,0.016926,True
dgrid_000170.txt,16,25,3,0.00189,True
dgrid_000171.txt,25,41,2,0.001042,True
dgrid_000172.txt,9,14,2,0.000102,True
dgrid_000173.txt,9,13,2,6.4e-05,True
dgrid_000174.txt,25,45,5,0.336784,True
dgrid_000175.txt,9,12,0,1.5e-05,True
dgrid_000176.txt,9,12,1,2.7e-05,True
dgrid_000177.txt,25,43,3,0.012185,True
dgrid_000178.txt,16,24,2,0.000194,True
dgrid_000179.txt,36,61,3,0.02273,True
dgrid_000180.txt,16,25,1,5.5e-05,True
dgrid_000181.txt,16,25,1,0.000106,True
dgrid_000182.txt,25,41,3,0.01509,True
dgrid_000183.txt,9,12,1,3.1e-05,True
dgrid_000184.txt,25,43,3,0.008155,True
dgrid_000185.txt,9,12,1,2.4e-05,True
dgrid_000186.txt,36,65,TIMEOUT,5.000006,TIMEOUT
dgrid_000187.txt,16,25,1,5.8e-05,True
dgrid_000188.txt,36,64,4,0.618264,True
dgrid_000189.txt,36,63,5,1.347579,True
dgrid_000190.txt,25,40,1,0.000131,True
dgrid_000191.txt,9,12,0,1.7e-05,True
dgrid_000192.txt,16,24,2,0.000433,True
dgrid_000193.txt,16,25,1,9.8e-05,True
dgrid_000194.txt,36,63,3,0.043411,True
dgrid_000195.txt,16,27,3,0.000838,True
dgrid_000196.txt,9,12,0,2e-05,True
dgrid_000197.txt,25,41,2,0.00116,True
dgrid_000198.txt,36,64,5,1.462005,True
dgrid_000199.txt,16,24,0,1.9e-05,True
dgrid_000200.txt,16,24,0,2.3e-05,True
dgrid_000201.txt,25,40,4,0.020559,True
dgrid_000202.txt,9,12,1,2e-05,True
dgrid_000203.txt,25,41,1,0.000183,True
dgrid_000204.txt,25,41,2,0.00175,True
dgrid_000205.txt,9,12,2,5.5e-05,True
dgrid_000206.txt,16,25,1,0.000102,True
dgrid_000207.txt,25,43,4,0.064464,True
dgrid_000208.txt,16,26,2,0.000251,True
dgrid_000209.txt,16,26,1,4.3e-05,True
dgrid_000210.txt,36,61,3,0.048707,True
dgrid_000211.txt,9,13,1,2.9e-05,True
dgrid_000212.txt,36,64,4,0.114848,True
dgrid_000213.txt,25,43,4,0.060124,True
dgrid_000214.txt,16,24,1,8.8e-05,True
dgrid_000215.txt,36,60,2,0.004865,True
dgrid_000216.txt,16,24,2,0.000567,True
dgrid_000217.txt,25,41,1,9.2e-05,True
dgrid_000218.txt,9,12,1,3.4e-05,True
dgrid_000219.txt,16,25,1,8e-05,True
dgrid_000220.txt,16,25,3,0.001141,True
dgrid_000221.txt,36,62,3,0.077961,True
dgrid_000222.txt,25,43,4,0.051313,True
dgrid_000223.txt,36,61,3,0.016463,True
dgrid_000224.txt,25,45,4,0.030177,True
dgrid_000225.txt,25,42,4,0.050087,True
dgrid_000226.txt,25,40,2,0.000944,True
dgrid_000227.txt,36,61,1,0.000304,True
dgrid_000228.txt,16,24,0,2e-05,True
dgrid_000229.txt,36,62,3,0.053267,True
dgrid_000230.txt,16,24,1,9.8e-05,True
dgrid_000231.txt,36,61,4,0.231204,True
dgrid_000232.txt,36,61,3,0.023405,True
dgrid_000233.txt,16,24,2,0.000111,True
dgrid_000234.txt,16,24,1,3.8e-05,True
dgrid_000235.txt,9,12,1,3e-05,True
dgrid_000236.txt,36,60,1,0.000118,True
dgrid_000237.txt,9,13,1,3.9e-05,True
dgrid_000238.txt,9,12,0,1.7e-05,True
dgrid_000239.txt,36,62,4,0.128226,True
dgrid_000240.txt,36,64,3,0.046003,True
dgrid_000241.txt,16,26,3,0.000808,True
dgrid_000242.txt,36,61,4,0.578639,True
dgrid_000243.txt,36,61,4,0.246883,True
dgrid_000244.txt,25,42,3,0.007405,True
dgrid_000245.txt,9,12,1,2.7e-05,True
dgrid_000246.txt,9,12,0,1.6e-05,True
dgrid_000247.txt,16,25,2,0.000429,True
dgrid_000248.txt,25,45,4,0.10318,True
dgrid_000249.txt,25,43,3,0.00401,True
dgrid_000250.txt,9,13,1,5e-05,True
dgrid_000251.txt,25,42,2,0.00072,True
dgrid_000252.txt,36,64,5,2.733982,True
dgrid_000253.txt,25,42,4,0.048578,True
dgrid_000254.txt,36,62,3,0.029037,True
dgrid_000255.txt,9,12,0,1.7e-05,True
dgrid_000256.txt,16,24,2,0.000257,True
dgrid_000257.txt,36,62,5,0.854803,True
dgrid_000258.txt,9,13,2,7.5e-05,True
dgrid_000259.txt,9,12,1,3.2e-05,True
dgrid_000260.txt,25,41,1,0.000178,True
dgrid_000261.txt,36,64,5,2.924005,True
dgrid_000262.txt,16,25,1,5.1e-05,True
dgrid_000263.txt,36,64,TIMEOUT,5.000002,TIMEOUT
dgrid_000264.txt,25,40,1,6.9e-05,True
dgrid_000265.txt,25,41,2,0.00052,True
dgrid_000266.txt,36,62,3,0.035087,True
dgrid_000267.txt,36,61,4,0.269094,True
dgrid_000268.txt,16,25,2,0.000239,True
dgrid_000269.txt,9,12,1,3.8e-05,True
dgrid_000270.txt,9,14,2,0.000102,True
dgrid_000271.txt,16,24,2,0.000173,True
dgrid_000272.txt,9,12,0,1.6e-05,True
dgrid_000273.txt,9,13,2,7.3e-05,True
dgrid_000274.txt,16,25,1,6.3e-05,True
dgrid_000275.txt,25,40,1,7.8e-05,True
dgrid_000276.txt,16,25,1,6.5e-05,True
dgrid_000277.txt,36,63,4,0.2624,True
dgrid_000278.txt,16,28,3,0.001776,True
dgrid_000279.txt,16,24,1,2.7e-05,True
dgrid_000280.txt,25,40,1,6.8e-05,True
dgrid_000281.txt,16,25,2,0.000407,True
dgrid_000282.txt,25,41,1,0.000177,True
dgrid_000283.txt,36,61,3,0.023787,True
dgrid_000284.txt,36,62,2,0.004958,True
dgrid_000285.txt,36,62,3,0.022373,True
dgrid_000286.txt,16,24,1,4e-05,True
dgrid_000287.txt,25,42,2,0.000903,True
dgrid_000288.txt,25,43,4,0.029442,True
dgrid_000289.txt,16,24,0,2.2e-05,True
dgrid_000290.txt,36,62,3,0.045943,True
dgrid_000291.txt,16,26,3,0.00079,True
dgrid_000292.txt,16,25,1,8.4e-05,True
dgrid_000293.txt,25,41,1,0.000217,True
dgrid_000294.txt,36,64,4,0.587549,True
dgrid_000295.txt,36,62,3,0.020733,True
dgrid_000296.txt,16,24,1,2.8e-05,True
dgrid_000297.txt,16,24,0,2.4e-05,True
dgrid_000298.txt,25,41,3,0.002876,True
dgrid_000299.txt,25,42,2,0.000437,True
dgrid_000300.txt,36,60,2,0.002635,True
dgrid_000301.txt,25,43,4,0.032288,True
dgrid_000302.txt,16,24,0,2.1e-05,True
dgrid_000303.txt,25,42,3,0.008494,True
dgrid_000304.txt,36,64,5,1.494808,True
dgrid_000305.txt,16,25,2,0.000191,True
dgrid_000306.txt,25,41,2,0.001199,True
dgrid_000307.txt,9,13,1,4.9e-05,True
dgrid_000308.txt,25,41,1,0.000128,True
dgrid_000309.txt,36,60,3,0.010448,True
dgrid_000310.txt,25,44,4,0.051702,True
dgrid_000311.txt,9,13,1,3.3e-05,True
dgrid_000312.txt,9,12,1,3.3e-05,True
dgrid_000313.txt,16,24,2,0.00019,True
dgrid_000314.txt,9,12,0,1.7e-05,True
dgrid_000315.txt,25,45,4,0.048152,True
dgrid_000316.txt,25,41,2,0.001125,True
dgrid_000317.txt,36,61,4,0.259378,True
dgrid_000318.txt,16,25,1,5.6e-05,True
dgrid_000319.txt,36,64,5,2.014947,True
dgrid_000320.txt,25,45,5,0.150448,True
dgrid_000321.txt,9,12,1,1.9e-05,True
dgrid_000322.txt,25,41,2,0.000391,True
dgrid_000323.txt,25,40,1,0.000117,True
dgrid_000324.txt,9,12,0,2.4e-05,True
dgrid_000325.txt,36,62,4,0.43927,True
dgrid_000326.txt,9,12,1,2.5e-05,True
dgrid_000327.txt,16,26,2,0.000331,True
dgrid_000328.txt,16,25,2,0.000309,True
dgrid_000329.txt,9,13,1,4e-05,True
dgrid_000330.txt,36,62,5,1.993069,True
dgrid_000331.txt,16,25,3,0.001074,True
dgrid_000332.txt,16,24,0,2.6e-05,True
dgrid_000333.txt,36,64,5,1.597378,True
dgrid_000334.txt,36,62,3,0.02293,True
dgrid_000335.txt,36,63,3,0.031471,True
dgrid_000336.txt,36,62,3,0.022572,True
dgrid_000337.txt,9,12,1,3e-05,True
dgrid_000338.txt,9,12,0,2.1e-05,True
dgrid_000339.txt,9,12,0,1.6e-05,True
dgrid_000340.txt,16,24,0,2.6e-05,True
dgrid_000341.txt,36,61,2,0.001758,True
dgrid_000342.txt,9,15,3,0.000211,True
dgrid_000343.txt,16,24,0,2.4e-05,True
dgrid_000344.txt,25,42,2,0.000846,True
dgrid_000345.txt,36,64,4,0.3099,True
dgrid_000346.txt,36,62,4,0.306603,True
dgrid_000347.txt,36,61,4,0.186846,True
dgrid_000348.txt,16,25,2,0.000114,True
dgrid_000349.txt,9,12,1,3.7e-05,True
dgrid_000350.txt,16,25,1,3.9e-05,True
dgrid_000351.txt,9,12,0,1.7e-05,True
dgrid_000352.txt,36,61,4,0.103134,True
dgrid_000353.txt,16,26,3,0.00124,True
dgrid_000354.txt,9,12,1,3e-05,True
dgrid_000355.txt,25,42,3,0.004959,True
dgrid_000356.txt,9,12,0,1.8e-05,True
dgrid_000357.txt,9,12,0,1.8e-05,True
dgrid_000358.txt,9,12,1,2.2e-05,True
dgrid_000359.txt,25,40,2,0.001958,True
dgrid_000360.txt,25,46,4,0.079128,True
dgrid_000361.txt,16,24,1,4.2e-05,True
dgrid_000362.txt,25,42,2,0.001004,True
dgrid_000363.txt,9,13,1,2.6e-05,True
dgrid_000364.txt,25,44,5,0.18621,True
dgrid_000365.txt,36,64,3,0.070566,True
dgrid_000366.txt,36,60,3,0.011038,True
dgrid_000367.txt,36,62,4,0.250433,True
dgrid_000368.txt,25,43,3,0.014062,True
dgrid_000369.txt,9,12,0,1.8e-05,True
dgrid_000370.txt,9,13,1,3.2e-05,True
dgrid_000371.txt,36,61,5,0.745521,True
dgrid_000372.txt,9,12,0,1.4e-05,True
dgrid_000373.txt,16,24,2,0.00012,True
dgrid_000374.txt,36,62,5,2.488029,True
dgrid_000375.txt,25,40,0,2.5e-05,True
dgrid_000376.txt,16,25,1,0.0001,True
dgrid_000377.txt,25,42,2,0.00115,True
dgrid_000378.txt,16,26,3,0.001989,True
dgrid_000379.txt,16,24,2,0.000202,True
dgrid_000380.txt,36,61,2,0.000743,True
dgrid_000381.txt,36,60,3,0.031115,True
dgrid_000382.txt,16,24,2,0.000311,True
dgrid_000383.txt,25,43,4,0.030796,True
dgrid_000384.txt,25,41,2,0.00164,True
dgrid_000385.txt,36,61,4,0.383509,True
dgrid_000386.txt,25,43,4,0.02434,True
dgrid_000387.txt,36,61,2,0.0042,True
dgrid_000388.txt,9,13,1,3.4e-05,True
dgrid_000389.txt,9,12,0,2.1e-05,True
dgrid_000390.txt,25,42,1,0.000139,True
dgrid_000391.txt,16,26,2,0.000403,True
dgrid_000392.txt,9,13,1,4.4e-05,True
dgrid_000393.txt,36,63,3,0.045521,True
dgrid_000394.txt,16,26,2,0.000372,True
dgrid_000395.txt,9,13,1,4.7e-05,True
dgrid_000396.txt,16,24,0,2.6e-05,True
dgrid_000397.txt,36,61,1,0.000336,True
dgrid_000398.txt,36,64,3,0.071201,True
dgrid_000399.txt,16,24,1,3.9e-05,True
dgrid_000400.txt,36,61,3,0.02508,True
dgrid_000401.txt,9,12,1,2.6e-05,True
dgrid_000402.txt,16,24,1,7.5e-05,True
dgrid_000403.txt,9,13,1,3.4e-05,True
dgrid_000404.txt,16,24,1,8.3e-05,True
dgrid_000405.txt,25,43,4,0.059505,True
dgrid_000406.txt,36,64,3,0.034265,True
dgrid_000407.txt,36,60,4,0.22718,True
dgrid_000408.txt,25,44,4,0.053244,True
dgrid_000409.txt,9,12,0,1.6e-05,True
dgrid_000410.txt,16,24,1,5.8e-05,True
dgrid_000411.txt,9,12,1,2.1e-05,True
dgrid_000412.txt,36,61,2,0.003071,True
dgrid_000413.txt,16,24,0,2.3e-05,True
dgrid_000414.txt,9,14,2,7.8e-05,True
dgrid_000415.txt,36,63,4,0.154836,True
dgrid_000416.txt,16,24,1,3.6e-05,True
dgrid_000417.txt,36,60,2,0.003438,True
dgrid_000418.txt,25,41,3,0.00928,True
dgrid_000419.txt,16,24,2,0.000151,True
dgrid_000420.txt,9,12,1,3.3e-05,True
dgrid_000421.txt,36,61,2,0.003841,True
dgrid_000422.txt,25,43,3,0.014459,True
dgrid_000423.txt,36,63,3,0.01329,True
dgrid_000424.txt,36,64,3,0.038037,True
dgrid_000425.txt,25,42,3,0.009106,True
dgrid_000426.txt,36,65,4,0.284918,True
dgrid_000427.txt,16,25,1,3.8e-05,True
dgrid_000428.txt,25,42,2,0.001352,True
dgrid_000429.txt,16,25,1,9e-05,True
dgrid_000430.txt,16,25,2,0.000572,True
dgrid_000431.txt,36,62,4,0.168482,True
dgrid_000432.txt,25,40,1,7.3e-05,True
dgrid_000433.txt,25,42,3,0.005069,True
dgrid_000434.txt,36,64,5,1.83299,True
dgrid_000435.txt,36,64,5,3.620282,True
dgrid_000436.txt,25,44,5,0.178052,True
dgrid_000437.txt,9,13,1,3.3e-05,True
dgrid_000438.txt,36,62,4,0.23203,True
dgrid_000439.txt,9,12,0,1.5e-05,True
dgrid_000440.txt,36,61,4,0.185275,True
dgrid_000441.txt,9,12,1,2.3e-05,True
dgrid_000442.txt,25,40,2,0.000793,True
dgrid_000443.txt,36,62,3,0.045401,True
dgrid_000444.txt,16,26,2,0.000268,True
dgrid_000445.txt,16,24,1,2.9e-05,True
dgrid_000446.txt,16,24,1,4.8e-05,True
dgrid_000447.txt,16,24,0,2.8e-05,True
dgrid_000448.txt,25,40,1,7.4e-05,True
dgrid_000449.txt,36,62,4,0.248237,True
dgrid_000450.txt,16,26,3,0.002709,True
dgrid_000451.txt,36,62,4,0.425629,True
dgrid_000452.txt,9,12,1,2.2e-05,True
dgrid_000453.txt,9,12,1,3.4e-05,True
dgrid_000454.txt,9,12,0,2.1e-05,True
dgrid_000455.txt,36,61,5,1.709592,True
dgrid_000456.txt,9,13,2,7.1e-05,True
dgrid_000457.txt,9,12,0,1.7e-05,True
dgrid_000458.txt,25,42,2,0.001975,True
dgrid_000459.txt,25,40,1,9.3e-05,True
dgrid_000460.txt,36,61,4,0.498153,True
dgrid_000461.txt,16,25,2,0.000112,True
dgrid_000462.txt,25,41,1,4e-05,True
dgrid_000463.txt,9,13,1,3.1e-05,True
dgrid_000464.txt,9,12,0,1.8e-05,True
dgrid_000465.txt,9,14,2,9.9e-05,True
dgrid_000466.txt,25,41,1,0.000121,True
dgrid_000467.txt,25,42,2,0.000373,True
dgrid_000468.txt,25,42,3,0.006134,True
dgrid_000469.txt,9,12,0,1.5e-05,True
dgrid_000470.txt,25,42,3,0.005514,True
dgrid_000471.txt,25,43,5,0.18239,True
dgrid_000472.txt,36,63,5,2.788826,True
dgrid_000473.txt,9,12,1,1.9e-05,True
dgrid_000474.txt,16,24,0,2.5e-05,True
dgrid_000475.txt,9,14,2,5.8e-05,True
dgrid_000476.txt,36,62,3,0.027535,True
dgrid_000477.txt,16,24,1,4.6e-05,True
dgrid_000478.txt,9,12,0,2.4e-05,True
dgrid_000479.txt,36,62,3,0.071817,True
dgrid_000480.txt,25,41,1,3.6e-05,True
dgrid_000481.txt,16,25,1,6.3e-05,True
dgrid_000482.txt,9,12,1,3.1e-05,True
dgrid_000483.txt,16,24,1,8.9e-05,True
dgrid_000484.txt,25,40,2,0.001601,True
dgrid_000485.txt,9,12,0,1.4e-05,True
dgrid_000486.txt,25,42,3,0.007149,True
dgrid_000487.txt,9,13,1,4.2e-05,True
dgrid_000488.txt,25,42,5,0.238152,True
dgrid_000489.txt,9,13,1,2.3e-05,True
dgrid_000490.txt,36,62,2,0.005197,True
dgrid_000491.txt,36,61,4,0.226396,True
dgrid_000492.txt,36,64,3,0.03125,True
dgrid_000493.txt,25,44,3,0.018969,True
dgrid_000494.txt,36,60,4,0.261986,True
dgrid_000495.txt,25,42,2,0.00183,True
dgrid_000496.txt,36,62,3,0.027307,True
dgrid_000497.txt,25,42,2,0.00042,True
dgrid_000498.txt,9,13,1,3.4e-05,True
dgrid_000499.txt,36,60,2,0.006905,True
dgrid_000500.txt,9,14,2,5.1e-05,True
dgrid_000501.txt,36,67,TIMEOUT,5.000007,TIMEOUT
dgrid_000502.txt,25,41,3,0.008436,True
dgrid_000503.txt,36,65,5,0.840665,True
dgrid_000504.txt,16,24,0,1.9e-05,True
dgrid_000505.txt,16,24,2,0.000613,True
dgrid_000506.txt,16,25,1,7.6e-05,True
dgrid_000507.txt,16,25,1,6.4e-05,True
dgrid_000508.txt,16,24,1,9.8e-05,True
dgrid_000509.txt,36,64,5,0.990428,True
dgrid_000510.txt,9,12,1,1.8e-05,True
dgrid_000511.txt,16,26,2,0.000169,True
dgrid_000512.txt,36,61,5,1.781807,True
dgrid_000513.txt,16,25,1,8.8e-05,True
dgrid_000514.txt,25,40,1,0.000108,True
dgrid_000515.txt,25,41,2,0.001475,True
dgrid_000516.txt,9,15,2,6.9e-05,True
dgrid_000517.txt,36,64,5,3.29554,True
dgrid_000518.txt,36,61,2,0.00161,True
dgrid_000519.txt,16,26,2,0.000312,True
dgrid_000520.txt,16,24,2,0.000197,True
dgrid_000521.txt,36,63,3,0.03978,True
dgrid_000522.txt,36,62,4,0.614727,True
dgrid_000523.txt,36,62,3,0.009808,True
dgrid_000524.txt,25,41,2,0.00243,True
dgrid_000525.txt,9,12,1,3.6e-05,True
dgrid_000526.txt,25,43,3,0.008983,True
dgrid_000527.txt,16,26,2,0.000474,True
dgrid_000528.txt,9,12,0,1.9e-05,True
dgrid_000529.txt,16,24,2,0.000296,True
dgrid_000530.txt,36,63,TIMEOUT,5.000005,TIMEOUT
dgrid_000531.txt,9,13,1,4.2e-05,True
dgrid_000532.txt,36,62,4,0.237261,True
dgrid_000533.txt,9,13,1,3e-05,True
dgrid_000534.txt,16,26,2,0.000278,True
dgrid_000535.txt,36,62,3,0.070636,True
dgrid_000536.txt,25,41,3,0.007444,True
dgrid_000537.txt,36,64,3,0.056617,True
dgrid_000538.txt,25,43,4,0.022713,True
dgrid_000539.txt,25,40,2,0.001403,True
dgrid_000540.txt,16,26,3,0.001392,True
dgrid_000541.txt,16,26,1,9.3e-05,True
dgrid_000542.txt,9,12,0,2.1e-05,True
dgrid_000543.txt,25,41,3,0.010408,True
dgrid_000544.txt,36,60,1,0.000306,True
dgrid_000545.txt,16,24,0,2.6e-05,True
dgrid_000546.txt,25,41,2,0.00075,True
dgrid_000547.txt,25,43,3,0.007736,True
dgrid_000548.txt,9,14,2,0.000103,True
dgrid_000549.txt,25,41,2,0.001075,True
dgrid_000550.txt,9,13,1,2.9e-05,True
dgrid_000551.txt,36,61,2,0.003059,True
dgrid_000552.txt,25,40,2,0.000823,True
dgrid_000553.txt,9,13,1,3.9e-05,True
dgrid_000554.txt,16,25,1,6.1e-05,True
dgrid_000555.txt,25,41,5,0.148984,True
dgrid_000556.txt,36,62,2,0.003057,True
dgrid_000557.txt,36,61,3,0.013426,True
dgrid_000558.txt,25,41,2,0.000373,True
dgrid_000559.txt,36,60,5,1.867549,True
dgrid_000560.txt,16,25,3,0.001176,True
dgrid_000561.txt,25,42,3,0.010378,True
dgrid_000562.txt,36,63,3,0.021077,True
dgrid_000563.txt,9,12,1,2.2e-05,True
dgrid_000564.txt,36,62,4,0.519524,True
dgrid_000565.txt,16,25,2,0.000538,True
dgrid_000566.txt,36,63,4,0.506809,True
dgrid_000567.txt,36,63,4,0.301464,True
dgrid_000568.txt,9,14,2,5.7e-05,True
dgrid_000569.txt,36,67,TIMEOUT,5.000005,TIMEOUT
dgrid_000570.txt,9,12,1,3.1e-05,True
dgrid_000571.txt,16,24,0,2.5e-05,True
dgrid_000572.txt,16,25,2,0.000578,True
dgrid_000573.txt,16,24,0,2.8e-05,True
dgrid_000574.txt,36,62,2,0.001402,True
dgrid_000575.txt,9,13,1,4.2e-05,True
dgrid_000576.txt,9,13,1,3.6e-05,True
dgrid_000577.txt,16,24,0,2.5e-05,True
dgrid_000578.txt,9,12,0,2e-05,True
dgrid_000579.txt,25,42,2,0.001927,True
dgrid_000580.txt,9,13,2,8.1e-05,True
dgrid_000581.txt,16,25,2,0.000693,True
dgrid_000582.txt,36,63,5,2.039937,True
dgrid_000583.txt,36,63,4,0.114112,True
dgrid_000584.txt,36,61,4,0.252869,True
dgrid_000585.txt,9,12,0,1.4e-05,True
dgrid_000586.txt,36,62,4,0.372196,True
dgrid_000587.txt,25,41,1,5.6e-05,True
dgrid_000588.txt,36,60,1,0.000198,True
dgrid_000589.txt,25,41,4,0.04696,True
dgrid_000590.txt,25,44,3,0.006508,True
dgrid_000591.txt,25,40,1,7.7e-05,True
dgrid_000592.txt,36,62,4,0.233242,True
dgrid_000593.txt,36,61,4,0.245694,True
dgrid_000594.txt,9,12,0,1.4e-05,True
dgrid_000595.txt,9,12,1,4.8e-05,True
dgrid_000596.txt,16,26,3,0.000901,True
dgrid_000597.txt,9,12,0,2.1e-05,True
dgrid_000598.txt,25,41,4,0.028604,True
dgrid_000599.txt,25,40,3,0.003549,True
dgrid_000600.txt,16,24,2,0.000185,True
dgrid_000601.txt,25,41,1,0.00016,True
dgrid_000602.txt,9,12,0,1.9e-05,True
dgrid_000603.txt,9,12,0,2.2e-05,True
dgrid_000604.txt,9,13,1,3.7e-05,True
dgrid_000605.txt,16,24,0,2.2e-05,True
dgrid_000606.txt,16,25,1,3.8e-05,True
dgrid_000607.txt,36,60,3,0.033777,True
dgrid_000608.txt,9,12,0,1.5e-05,True
dgrid_000609.txt,16,24,0,2.6e-05,True
dgrid_000610.txt,25,41,2,0.000789,True
dgrid_000611.txt,36,62,4,0.362113,True
dgrid_000612.txt,25,42,2,0.001691,True
dgrid_000613.txt,36,64,5,1.009773,True
dgrid_000614.txt,16,28,3,0.000784,True
dgrid_000615.txt,36,64,5,1.369267,True
dgrid_000616.txt,16,24,0,2e-05,True
dgrid_000617.txt,25,43,3,0.015628,True
dgrid_000618.txt,9,13,1,4.3e-05,True
dgrid_000619.txt,25,43,4,0.02605,True
dgrid_000620.txt,9,13,1,4.4e-05,True
dgrid_000621.txt,16,24,0,2.5e-05,True
dgrid_000622.txt,16,25,2,0.000383,True
dgrid_000623.txt,25,43,2,0.002579,True
dgrid_000624.txt,16,24,1,7.7e-05,True
dgrid_000625.txt,25,41,1,0.000174,True
dgrid_000626.txt,36,61,3,0.022822,True
dgrid_000627.txt,9,12,0,1.7e-05,True
dgrid_000628.txt,25,41,2,0.001179,True
dgrid_000629.txt,16,24,1,7.5e-05,True
dgrid_000630.txt,36,62,4,0.330446,True
dgrid_000631.txt,16,27,2,0.000176,True
dgrid_000632.txt,36,64,4,0.165636,True
dgrid_000633.txt,36,62,2,0.002657,True
dgrid_000634.txt,9,13,1,7.3e-05,True
dgrid_000635.txt,36,64,4,0.116228,True
dgrid_000636.txt,25,41,3,0.008948,True
dgrid_000637.txt,36,64,TIMEOUT,5.000003,TIMEOUT
dgrid_000638.txt,36,61,2,0.004755,True
dgrid_000639.txt,16,27,3,0.002134,True
dgrid_000640.txt,36,61,4,0.434278,True
dgrid_000641.txt,25,40,1,8.4e-05,True
dgrid_000642.txt,25,41,3,0.002672,True
dgrid_000643.txt,16,25,1,6.9e-05,True
dgrid_000644.txt,9,14,2,6e-05,True
dgrid_000645.txt,25,43,2,0.001366,True
dgrid_000646.txt,16,24,1,0.000156,True
dgrid_000647.txt,16,24,2,0.000172,True
dgrid_000648.txt,25,41,3,0.003285,True
dgrid_000649.txt,16,25,1,0.0001,True
dgrid_000650.txt,36,62,4,0.17182,True
dgrid_000651.txt,36,64,4,0.10612,True
dgrid_000652.txt,16,24,1,3.3e-05,True
dgrid_000653.txt,16,25,3,0.001564,True
dgrid_000654.txt,9,12,0,2.1e-05,True
dgrid_000655.txt,16,26,1,0.000127,True
dgrid_000656.txt,16,25,1,6.9e-05,True
dgrid_000657.txt,16,25,1,8.8e-05,True
dgrid_000658.txt,25,42,3,0.010805,True
dgrid_000659.txt,9,12,0,2.1e-05,True
dgrid_000660.txt,36,64,5,1.165865,True
dgrid_000661.txt,36,62,5,1.878669,True
dgrid_000662.txt,25,42,1,0.000109,True
dgrid_000663.txt,25,40,2,0.000809,True
dgrid_000664.txt,36,63,3,0.069646,True
dgrid_000665.txt,9,12,0,1.7e-05,True
dgrid_000666.txt,36,60,3,0.021473,True
dgrid_000667.txt,25,44,4,0.071991,True
dgrid_000668.txt,25,42,4,0.035448,True
dgrid_000669.txt,16,25,2,0.000274,True
dgrid_000670.txt,16,28,4,0.010277,True
dgrid_000671.txt,25,42,3,0.004537,True
dgrid_000672.txt,36,63,3,0.022344,True
dgrid_000673.txt,16,25,1,5.6e-05,True
dgrid_000674.txt,9,12,1,3.2e-05,True
dgrid_000675.txt,36,63,4,0.124957,True
dgrid_000676.txt,36,61,3,0.023204,True
dgrid_000677.txt,16,25,1,6.1e-05,True
dgrid_000678.txt,9,12,1,3.2e-05,True
dgrid_000679.txt,9,12,1,3.1e-05,True
dgrid_000680.txt,25,41,2,0.000305,True
dgrid_000681.txt,25,40,2,0.001006,True
dgrid_000682.txt,9,12,0,1.8e-05,True
dgrid_000683.txt,9,13,1,2e-05,True
dgrid_000684.txt,16,26,3,0.001701,True
dgrid_000685.txt,9,13,1,3.1e-05,True
dgrid_000686.txt,25,43,4,0.052059,True
dgrid_000687.txt,25,42,3,0.005039,True
dgrid_000688.txt,9,14,1,4.9e-05,True
dgrid_000689.txt,16,25,1,0.000118,True
dgrid_000690.txt,25,40,1,0.000163,True
dgrid_000691.txt,9,12,0,1.8e-05,True
dgrid_000692.txt,9,12,0,1.9e-05,True
dgrid_000693.txt,36,63,4,0.177278,True
dgrid_000694.txt,9,12,0,1.6e-05,True
dgrid_000695.txt,25,45,5,0.190846,True
dgrid_000696.txt,25,44,2,0.001665,True
dgrid_000697.txt,25,41,3,0.009745,True
dgrid_000698.txt,16,25,2,0.000334,True
dgrid_000699.txt,9,12,0,1.7e-05,True
dgrid_000700.txt,25,41,2,0.000346,True
dgrid_000701.txt,9,13,1,2.4e-05,True
dgrid_000702.txt,9,12,1,3.7e-05,True
dgrid_000703.txt,25,43,4,0.097254,True
dgrid_000704.txt,36,64,4,0.218849,True
dgrid_000705.txt,36,64,5,3.620614,True
dgrid_000706.txt,16,24,2,0.00012,True
dgrid_000707.txt,36,63,3,0.076511,True
dgrid_000708.txt,9,13,1,3.6e-05,True
dgrid_000709.txt,16,24,1,9e-05,True
dgrid_000710.txt,25,44,5,0.120096,True
dgrid_000711.txt,25,42,2,0.001004,True
dgrid_000712.txt,25,42,4,0.090904,True
dgrid_000713.txt,36,61,3,0.067562,True
dgrid_000714.txt,9,12,0,2.3e-05,True
dgrid_000715.txt,9,12,0,1.7e-05,True
dgrid_000716.txt,25,42,5,0.281845,True
dgrid_000717.txt,36,61,2,0.003059,True
dgrid_000718.txt,36,64,TIMEOUT,5.000007,TIMEOUT
dgrid_000719.txt,16,24,1,7.5e-05,True
dgrid_000720.txt,9,12,0,2e-05,True
dgrid_000721.txt,25,44,4,0.049731,True
dgrid_000722.txt,36,63,4,0.226429,True
dgrid_000723.txt,9,12,0,1.5e-05,True
dgrid_000724.txt,16,25,2,0.00019,True
dgrid_000725.txt,36,61,3,0.009888,True
dgrid_000726.txt,16,25,1,0.00011,True
dgrid_000727.txt,16,24,1,7.4e-05,True
dgrid_000728.txt,25,40,1,7.8e-05,True
dgrid_000729.txt,16,24,0,2.5e-05,True
dgrid_000730.txt,36,61,1,0.000298,True
dgrid_000731.txt,25,40,2,0.000628,True
dgrid_000732.txt,9,12,0,2.1e-05,True
dgrid_000733.txt,36,64,TIMEOUT,5.000003,TIMEOUT
dgrid_000734.txt,9,12,1,3.5e-05,True
dgrid_000735.txt,25,41,1,0.000182,True
dgrid_000736.txt,16,24,0,2.7e-05,True
dgrid_000737.txt,25,41,3,0.010007,True
dgrid_000738.txt,36,61,3,0.072308,True
dgrid_000739.txt,16,24,0,2e-05,True
dgrid_000740.txt,25,42,3,0.004158,True
dgrid_000741.txt,36,64,4,0.442682,True
dgrid_000742.txt,36,65,TIMEOUT,5.000004,TIMEOUT
dgrid_000743.txt,25,43,3,0.009112,True
dgrid_000744.txt,36,63,4,0.298314,True
dgrid_000745.txt,36,60,2,0.005631,True
dgrid_000746.txt,25,42,3,0.006919,True
dgrid_000747.txt,9,13,1,4.3e-05,True
dgrid_000748.txt,16,24,0,2.4e-05,True
dgrid_000749.txt,36,63,3,0.072169,True
dgrid_000750.txt,16,26,2,0.000438,True
dgrid_000751.txt,36,62,3,0.058908,True
dgrid_000752.txt,36,61,4,0.112349,True
dgrid_000753.txt,16,24,1,3.9e-05,True
dgrid_000754.txt,9,12,0,1.7e-05,True
dgrid_000755.txt,9,13,2,4.9e-05,True
dgrid_000756.txt,25,40,2,0.000911,True
dgrid_000757.txt,16,24,1,7.7e-05,True
dgrid_000758.txt,16,24,0,2.5e-05,True
dgrid_000759.txt,16,24,0,2.5e-05,True
dgrid_000760.txt,25,41,2,0.001276,True
dgrid_000761.txt,16,24,1,9.3e-05,True
dgrid_000762.txt,9,12,1,4.9e-05,True
dgrid_000763.txt,16,24,1,4.3e-05,True
dgrid_000764.txt,25,41,2,0.000811,True
dgrid_000765.txt,16,25,1,8.1e-05,True
dgrid_000766.txt,36,61,3,0.021671,True
dgrid_000767.txt,9,12,1,2.6e-05,True
dgrid_000768.txt,36,61,4,0.219213,True
dgrid_000769.txt,16,25,2,0.000577,True
dgrid_000770.txt,25,42,2,0.002376,True
dgrid_000771.txt,16,26,2,0.000353,True
dgrid_000772.txt,9,12,0,2.3e-05,True
dgrid_000773.txt,36,66,TIMEOUT,5.000016,TIMEOUT
dgrid_000774.txt,16,24,1,3.8e-05,True
dgrid_000775.txt,9,12,0,1.9e-05,True
dgrid_000776.txt,36,64,TIMEOUT,5.000007,TIMEOUT
dgrid_000777.txt,36,63,4,0.455712,True
dgrid_000778.txt,36,65,TIMEOUT,5.000006,TIMEOUT
dgrid_000779.txt,25,42,2,0.002276,True
dgrid_000780.txt,36,63,4,0.23515,True
dgrid_000781.txt,25,41,3,0.004723,True
dgrid_000782.txt,25,41,3,0.008663,True
dgrid_000783.txt,9,13,1,2.8e-05,True
dgrid_000784.txt,9,13,2,7.4e-05,True
dgrid_000785.txt,16,24,1,5.2e-05,True
dgrid_000786.txt,9,13,1,3.2e-05,True
dgrid_000787.txt,25,42,3,0.008105,True
dgrid_000788.txt,9,13,1,2.2e-05,True
dgrid_000789.txt,16,26,4,0.004791,True
dgrid_000790.txt,25,41,5,0.185929,True
dgrid_000791.txt,25,41,4,0.025009,True
dgrid_000792.txt,9,13,1,4.4e-05,True
dgrid_000793.txt,16,24,0,2.6e-05,True
dgrid_000794.txt,16,25,1,8.1e-05,True
dgrid_000795.txt,25,40,2,0.001232,True
dgrid_000796.txt,25,42,3,0.004669,True
dgrid_000797.txt,36,62,4,0.327939,True
dgrid_000798.txt,9,12,0,2e-05,True
dgrid_000799.txt,36,61,2,0.007409,True
dgrid_000800.txt,16,25,2,0.000372,True
dgrid_000801.txt,16,24,2,0.000272,True
dgrid_000802.txt,16,26,3,0.001064,True
dgrid_000803.txt,9,13,1,3.7e-05,True
dgrid_000804.txt,16,25,2,0.00015,True
dgrid_000805.txt,36,61,4,0.33004,True
dgrid_000806.txt,36,65,5,2.44141,True
dgrid_000807.txt,25,42,3,0.015092,True
dgrid_000808.txt,16,24,0,2.6e-05,True
dgrid_000809.txt,36,64,5,2.919565,True
dgrid_000810.txt,25,42,3,0.010456,True
dgrid_000811.txt,16,25,1,4.2e-05,True
dgrid_000812.txt,16,25,2,0.000303,True
dgrid_000813.txt,36,62,4,0.424407,True
dgrid_000814.txt,16,25,1,8.1e-05,True
dgrid_000815.txt,16,25,2,0.000328,True
dgrid_000816.txt,36,63,5,2.923671,True
dgrid_000817.txt,16,24,1,8.9e-05,True
dgrid_000818.txt,36,61,4,0.40411,True
dgrid_000819.txt,25,40,2,0.001213,True
dgrid_000820.txt,9,13,1,4.2e-05,True
dgrid_000821.txt,16,24,2,0.00033,True
dgrid_000822.txt,25,41,2,0.001029,True
dgrid_000823.txt,36,63,5,1.336794,True
dgrid_000824.txt,9,12,0,2e-05,True
dgrid_000825.txt,9,13,1,3.1e-05,True
dgrid_000826.txt,9,13,1,2.5e-05,True
dgrid_000827.txt,25,41,3,0.010092,True
dgrid_000828.txt,16,24,0,2.2e-05,True
dgrid_000829.txt,9,12,0,1.9e-05,True
dgrid_000830.txt,9,12,1,3.4e-05,True
dgrid_000831.txt,9,12,0,2.3e-05,True
dgrid_000832.txt,9,12,1,2.8e-05,True
dgrid_000833.txt,16,26,2,0.00027,True
dgrid_000834.txt,25,44,4,0.026616,True
dgrid_000835.txt,25,41,2,0.000846,True
dgrid_000836.txt,9,12,1,2.7e-05,True
dgrid_000837.txt,36,61,4,0.12627,True
dgrid_000838.txt,36,62,3,0.050056,True
dgrid_000839.txt,9,12,1,2.9e-05,True
dgrid_000840.txt,25,43,3,0.009031,True
dgrid_000841.txt,16,24,0,2.2e-05,True
dgrid_000842.txt,9,13,1,3.2e-05,True
dgrid_000843.txt,36,65,5,3.539575,True
dgrid_000844.txt,25,43,4,0.037246,True
dgrid_000845.txt,25,42,3,0.005621,True
dgrid_000846.txt,36,61,2,0.006618,True
dgrid_000847.txt,25,43,3,0.011825,True
dgrid_000848.txt,16,25,2,0.000158,True
dgrid_000849.txt,16,24,1,9.2e-05,True
dgrid_000850.txt,25,40,1,0.0001,True
dgrid_000851.txt,16,24,1,4.6e-05,True
dgrid_000852.txt,16,25,2,0.000157,True
dgrid_000853.txt,36,63,3,0.032069,True
dgrid_000854.txt,36,61,1,0.000342,True
dgrid_000855.txt,36,61,4,0.090629,True
dgrid_000856.txt,9,12,0,1.4e-05,True
dgrid_000857.txt,16,26,3,0.001272,True
dgrid_000858.txt,9,12,1,3.4e-05,True
dgrid_000859.txt,25,41,3,0.007566,True
dgrid_000860.txt,9,12,0,1.7e-05,True
dgrid_000861.txt,9,12,0,1.7e-05,True
dgrid_000862.txt,9,12,1,3.5e-05,True
dgrid_000863.txt,36,63,5,1.817154,True
dgrid_000864.txt,16,25,2,0.00049,True
dgrid_000865.txt,16,25,2,0.000332,True
dgrid_000866.txt,16,26,2,0.000255,True
dgrid_000867.txt,9,12,1,3.4e-05,True
dgrid_000868.txt,16,25,2,0.000158,True
dgrid_000869.txt,25,41,2,0.001136,True
dgrid_000870.txt,25,42,3,0.002938,True
dgrid_000871.txt,16,25,2,0.000131,True
dgrid_000872.txt,36,63,3,0.034729,True
dgrid_000873.txt,36,64,5,2.399717,True
dgrid_000874.txt,9,12,0,1.5e-05,True
dgrid_000875.txt,36,63,5,2.12013,True
dgrid_000876.txt,9,13,1,2.4e-05,True
dgrid_000877.txt,9,12,0,1.7e-05,True
dgrid_000878.txt,25,42,3,0.010974,True
dgrid_000879.txt,16,24,2,0.000117,True
dgrid_000880.txt,16,25,1,4.1e-05,True
dgrid_000881.txt,16,24,1,9e-05,True
dgrid_000882.txt,25,41,1,7.1e-05,True
dgrid_000883.txt,9,15,2,7.8e-05,True
dgrid_000884.txt,36,61,3,0.007653,True
dgrid_000885.txt,16,25,1,6.8e-05,True
dgrid_000886.txt,16,25,1,0.000103,True
dgrid_000887.txt,25,40,0,2.8e-05,True
dgrid_000888.txt,25,41,3,0.006894,True
dgrid_000889.txt,36,62,5,3.923224,True
dgrid_000890.txt,16,24,0,2e-05,True
dgrid_000891.txt,16,25,1,0.000112,True
dgrid_000892.txt,36,62,3,0.022021,True
dgrid_000893.txt,36,62,3,0.025221,True
dgrid_000894.txt,36,64,4,0.246496,True
dgrid_000895.txt,16,25,2,0.000265,True
dgrid_000896.txt,9,12,1,2.5e-05,True
dgrid_000897.txt,25,44,5,0.277149,True
dgrid_000898.txt,9,12,1,3e-05,True
dgrid_000899.txt,25,42,5,0.245974,True
dgrid_000900.txt,25,41,3,0.007293,True
dgrid_000901.txt,25,41,3,0.017289,True
dgrid_000902.txt,16,25,2,0.000337,True
dgrid_000903.txt,16,25,1,0.000117,True
dgrid_000904.txt,25,40,0,3.4e-05,True
dgrid_000905.txt,25,44,3,0.003732,True
dgrid_000906.txt,16,26,2,0.000278,True
dgrid_000907.txt,36,62,4,0.317208,True
dgrid_000908.txt,36,61,5,2.143914,True
dgrid_000909.txt,16,24,0,2.1e-05,True
dgrid_000910.txt,25,41,3,0.009298,True
dgrid_000911.txt,25,41,2,0.000823,True
dgrid_000912.txt,9,12,0,1.5e-05,True
dgrid_000913.txt,36,61,2,0.003879,True
dgrid_000914.txt,36,62,2,0.001888,True
dgrid_000915.txt,16,25,2,0.000319,True
dgrid_000916.txt,9,12,1,2.5e-05,True
dgrid_000917.txt,25,41,3,0.003005,True
dgrid_000918.txt,16,24,1,3.8e-05,True
dgrid_000919.txt,16,27,3,0.002492,True
dgrid_000920.txt,36,64,5,3.000534,True
dgrid_000921.txt,16,25,2,0.000423,True
dgrid_000922.txt,16,24,0,2.6e-05,True
dgrid_000923.txt,36,65,5,1.331906,True
dgrid_000924.txt,16,25,2,0.000365,True
dgrid_000925.txt,9,13,1,4.4e-05,True
dgrid_000926.txt,25,40,2,0.000495,True
dgrid_000927.txt,9,13,1,5.4e-05,True
dgrid_000928.txt,36,62,2,0.005544,True
dgrid_000929.txt,9,13,1,3.5e-05,True
dgrid_000930.txt,36,62,3,0.03568,True
dgrid_000931.txt,25,41,4,0.056426,True
dgrid_000932.txt,25,45,4,0.082429,True
dgrid_000933.txt,16,25,1,6.7e-05,True
dgrid_000934.txt,16,25,1,9.6e-05,True
dgrid_000935.txt,16,26,2,0.000282,True
dgrid_000936.txt,25,43,4,0.078961,True
dgrid_000937.txt,36,60,1,0.000109,True
dgrid_000938.txt,25,42,2,0.001201,True
dgrid_000939.txt,9,15,2,7.5e-05,True
dgrid_000940.txt,25,42,4,0.045651,True
dgrid_000941.txt,25,41,2,0.001902,True
dgrid_000942.txt,36,60,5,1.385683,True
dgrid_000943.txt,25,41,1,0.00018,True
dgrid_000944.txt,16,24,0,2.6e-05,True
dgrid_000945.txt,25,41,2,0.000408,True
dgrid_000946.txt,36,62,3,0.024618,True
dgrid_000947.txt,25,41,2,0.001857,True
dgrid_000948.txt,25,40,1,0.000108,True
dgrid_000949.txt,25,41,3,0.010827,True
dgrid_000950.txt,25,42,2,0.000923,True
dgrid_000951.txt,36,62,5,2.268252,True
dgrid_000952.txt,36,62,4,0.338002,True
dgrid_000953.txt,25,41,2,0.001881,True
dgrid_000954.txt,9,12,0,2e-05,True
dgrid_000955.txt,16,26,2,0.000447,True
dgrid_000956.txt,16,26,2,0.000436,True
dgrid_000957.txt,16,25,2,0.000466,True
dgrid_000958.txt,36,62,2,0.005696,True
dgrid_000959.txt,25,43,5,0.238254,True
dgrid_000960.txt,25,43,5,0.394102,True
dgrid_000961.txt,36,63,4,0.448607,True
dgrid_000962.txt,16,25,1,5.8e-05,True
dgrid_000963.txt,36,64,3,0.010479,True
dgrid_000964.txt,16,24,1,3.9e-05,True
dgrid_000965.txt,9,12,1,3.2e-05,True
dgrid_000966.txt,9,12,0,1.7e-05,True
dgrid_000967.txt,9,12,0,1.8e-05,True
dgrid_000968.txt,9,12,0,2e-05,True
dgrid_000969.txt,9,13,1,4.9e-05,True
dgrid_000970.txt,36,63,4,0.191097,True
dgrid_000971.txt,36,62,5,1.754859,True
dgrid_000972.txt,9,14,1,2e-05,True
dgrid_000973.txt,25,40,1,6.8e-05,True
dgrid_000974.txt,16,25,1,8.7e-05,True
dgrid_000975.txt,16,25,1,9.8e-05,True
dgrid_000976.txt,36,63,5,3.380649,True
dgrid_000977.txt,16,26,2,0.00032,True
dgrid_000978.txt,9,13,1,3.7e-05,True
dgrid_000979.txt,9,13,1,7e-05,True
dgrid_000980.txt,25,40,3,0.009381,True
dgrid_000981.txt,16,25,1,4.5e-05,True
dgrid_000982.txt,16,25,1,4.9e-05,True
dgrid_000983.txt,36,65,TIMEOUT,5.000004,TIMEOUT
dgrid_000984.txt,16,25,2,0.000212,True
dgrid_000985.txt,25,40,2,0.000684,True
dgrid_000986.txt,16,24,2,0.000116,True
dgrid_000987.txt,36,64,5,2.981782,True
dgrid_000988.txt,9,12,0,1.5e-05,True
dgrid_000989.txt,16,24,1,3.9e-05,True
dgrid_000990.txt,25,41,3,0.011943,True
dgrid_000991.txt,25,42,4,0.030015,True
dgrid_000992.txt,36,62,3,0.052659,True
dgrid_000993.txt,36,60,0,4e-05,True
dgrid_000994.txt,25,41,1,0.000224,True
dgrid_000995.txt,25,42,3,0.004883,True
dgrid_000996.txt,25,40,3,0.008682,True
dgrid_000997.txt,36,63,TIMEOUT,5.000004,TIMEOUT
dgrid_000998.txt,36,64,TIMEOUT,5.000007,TIMEOUT
dgrid_000999.txt,9,12,1,5.4e-05,True
dgrid_001000.txt,25,41,3,0.009782,True
dgrid_001001.txt,25,43,4,0.034327,True
dgrid_001002.txt,9,13,1,2.4e-05,True
dgrid_001003.txt,16,24,1,7.5e-05,True
dgrid_001004.txt,25,44,5,0.232989,True
dgrid_001005.txt,36,62,3,0.059439,True
dgrid_001006.txt,25,43,3,0.009882,True
dgrid_001007.txt,9,14,3,0.000174,True
dgrid_001008.txt,36,63,4,0.153579,True
dgrid_001009.txt,36,62,4,0.246312,True
dgrid_001010.txt,36,63,TIMEOUT,5.000009,TIMEOUT
dgrid_001011.txt,16,24,0,2.3e-05,True
dgrid_001012.txt,16,26,2,0.000336,True
dgrid_001013.txt,16,25,2,0.000142,True
dgrid_001014.txt,16,24,0,2.4e-05,True
dgrid_001015.txt,25,41,2,0.002788,True
dgrid_001016.txt,9,13,2,5.7e-05,True
dgrid_001017.txt,36,63,TIMEOUT,5.000009,TIMEOUT
dgrid_001018.txt,25,41,2,0.001317,True
dgrid_001019.txt,36,64,3,0.011696,True
dgrid_001020.txt,25,41,3,0.00444,True
dgrid_001021.txt,36,61,2,0.001122,True
dgrid_001022.txt,25,42,4,0.03669,True
dgrid_001023.txt,16,24,1,8.9e-05,True
dgrid_001024.txt,9,12,1,2.6e-05,True
dgrid_001025.txt,25,40,4,0.054211,True
dgrid_001026.txt,36,62,5,2.521274,True
dgrid_001027.txt,25,42,2,0.001258,True
dgrid_001028.txt,16,25,2,0.0006,True
dgrid_001029.txt,25,42,3,0.009851,True
dgrid_001030.txt,9,13,1,3.2e-05,True
dgrid_001031.txt,16,24,1,3.2e-05,True
dgrid_001032.txt,9,12,0,1.9e-05,True
dgrid_001033.txt,16,24,1,5e-05,True
dgrid_001034.txt,9,13,1,3.5e-05,True
dgrid_001035.txt,16,25,2,0.000553,True
dgrid_001036.txt,36,62,4,0.164266,True
dgrid_001037.txt,25,42,2,0.002329,True
dgrid_001038.txt,36,61,3,0.008785,True
dgrid_001039.txt,25,42,4,0.034156,True
dgrid_001040.txt,36,62,5,0.966637,True
dgrid_001041.txt,36,62,3,0.068838,True
dgrid_001042.txt,36,60,3,0.041207,True
dgrid_001043.txt,36,65,TIMEOUT,5.000002,TIMEOUT
dgrid_001044.txt,36,62,3,0.052455,True
dgrid_001045.txt,25,42,2,0.002272,True
dgrid_001046.txt,25,43,2,0.002536,True
dgrid_001047.txt,9,14,1,3.2e-05,True
dgrid_001048.txt,9,12,1,2.8e-05,True
dgrid_001049.txt,25,41,2,0.001716,True
dgrid_001050.txt,16,24,1,4.5e-05,True
dgrid_001051.txt,36,60,2,0.003131,True
dgrid_001052.txt,25,43,4,0.037362,True
dgrid_001053.txt,36,62,3,0.038437,True
dgrid_001054.txt,25,42,3,0.006832,True
dgrid_001055.txt,9,12,2,7.8e-05,True
dgrid_001056.txt,9,12,0,1.7e-05,True
dgrid_001057.txt,36,61,2,0.00516,True
dgrid_001058.txt,9,12,0,1.6e-05,True
dgrid_001059.txt,36,63,5,3.554993,True
dgrid_001060.txt,25,41,1,5.9e-05,True
dgrid_001061.txt,16,25,1,7.8e-05,True
dgrid_001062.txt,16,24,1,7.4e-05,True
dgrid_001063.txt,9,13,1,3.4e-05,True
dgrid_001064.txt,36,61,2,0.001569,True
dgrid_001065.txt,36,64,4,0.481368,True
dgrid_001066.txt,16,26,2,0.000347,True
dgrid_001067.txt,25,41,2,0.000801,True
dgrid_001068.txt,16,24,0,3.1e-05,True
dgrid_001069.txt,36,61,4,0.449362,True
dgrid_001070.txt,9,12,1,2.9e-05,True
dgrid_001071.txt,9,14,2,6.2e-05,True
dgrid_001072.txt,25,42,3,0.007282,True
dgrid_001073.txt,9,12,1,2e-05,True
dgrid_001074.txt,16,24,1,3.5e-05,True
dgrid_001075.txt,25,42,2,0.000757,True
dgrid_001076.txt,9,13,1,2.6e-05,True
dgrid_001077.txt,36,60,1,0.000218,True
dgrid_001078.txt,9,13,1,4.8e-05,True
dgrid_001079.txt,16,24,1,3.7e-05,True
dgrid_001080.txt,25,44,4,0.070987,True
dgrid_001081.txt,25,41,2,0.000948,True
dgrid_001082.txt,36,62,4,0.165854,True
dgrid_001083.txt,16,24,1,8.9e-05,True
dgrid_001084.txt,9,12,0,1.8e-05,True
dgrid_001085.txt,25,40,1,6.1e-05,True
dgrid_001086.txt,9,12,1,3.4e-05,True
dgrid_001087.txt,16,25,2,0.000176,True
dgrid_001088.txt,16,24,1,2.9e-05,True
dgrid_001089.txt,36,61,2,0.005196,True
dgrid_001090.txt,9,13,2,8.1e-05,True
dgrid_001091.txt,16,24,1,4.3e-05,True
dgrid_001092.txt,9,12,0,1.8e-05,True
dgrid_001093.txt,36,62,4,0.359673,True
dgrid_001094.txt,25,43,3,0.007687,True
dgrid_001095.txt,9,14,1,3.6e-05,True
dgrid_001096.txt,36,62,4,0.410784,True
dgrid_001097.txt,9,13,1,3.6e-05,True
dgrid_001098.txt,9,14,2,0.000108,True
dgrid_001099.txt,25,41,4,0.024327,True
dgrid_001100.txt,36,60,3,0.067579,True
dgrid_001101.txt,25,41,3,0.006644,True
dgrid_001102.txt,9,13,1,3e-05,True
dgrid_001103.txt,16,25,1,5.3e-05,True
dgrid_001104.txt,36,62,3,0.02234,True
dgrid_001105.txt,16,25,2,0.000225,True
dgrid_001106.txt,36,62,4,0.453408,True
dgrid_001107.txt,25,41,2,0.001042,True
dgrid_001108.txt,36,61,3,0.037597,True
dgrid_001109.txt,9,13,1,3.1e-05,True
dgrid_001110.txt,9,12,1,3.1e-05,True
dgrid_001111.txt,9,13,1,3.1e-05,True
dgrid_001112.txt,16,24,1,0.000108,True
dgrid_001113.txt,9,12,0,1.8e-05,True
dgrid_001114.txt,16,25,2,0.000277,True
dgrid_001115.txt,25,40,1,0.000145,True
dgrid_001116.txt,25,42,3,0.015312,True
dgrid_001117.txt,16,24,0,2.3e-05,True
dgrid_001118.txt,16,27,3,0.001658,True
dgrid_001119.txt,36,60,1,0.000225,True
dgrid_001120.txt,9,12,1,9e-05,True
dgrid_001121.txt,9,12,1,2.1e-05,True
dgrid_001122.txt,16,25,2,0.000289,True
dgrid_001123.txt,36,63,5,1.843692,True
dgrid_001124.txt,16,25,2,0.000257,True
dgrid_001125.txt,25,43,4,0.085503,True
dgrid_001126.txt,36,60,2,0.004475,True
dgrid_001127.txt,36,66,TIMEOUT,5.000009,TIMEOUT
dgrid_001128.txt,9,12,0,1.7e-05,True
dgrid_001129.txt,36,62,4,0.184847,True
dgrid_001130.txt,9,12,1,2.9e-05,True
dgrid_001131.txt,9,12,0,2e-05,True
dgrid_001132.txt,25,42,2,0.001359,True
dgrid_001133.txt,36,62,2,0.004843,True
dgrid_001134.txt,36,62,4,0.228583,True
dgrid_001135.txt,36,61,3,0.06323,True
dgrid_001136.txt,36,61,3,0.05909,True
dgrid_001137.txt,25,43,4,0.023267,True
dgrid_001138.txt,36,63,3,0.055546,True
dgrid_001139.txt,36,62,4,0.100178,True
dgrid_001140.txt,16,24,1,8.1e-05,True
dgrid_001141.txt,16,25,2,0.000619,True
dgrid_001142.txt,16,24,0,2.5e-05,True
dgrid_001143.txt,16,25,2,0.000141,True
dgrid_001144.txt,9,13,1,3.8e-05,True
dgrid_001145.txt,36,62,3,0.023275,True
dgrid_001146.txt,16,25,1,0.000112,True
dgrid_001147.txt,9,12,0,2e-05,True
dgrid_001148.txt,9,12,0,2e-05,True
dgrid_001149.txt,16,27,3,0.000784,True
dgrid_001150.txt,36,62,1,0.00038,True
dgrid_001151.txt,36,62,3,0.022209,True
dgrid_001152.txt,9,13,1,3.4e-05,True
dgrid_001153.txt,16,27,2,0.000321,True
dgrid_001154.txt,9,12,0,2.3e-05,True
dgrid_001155.txt,25,44,5,0.20446,True
dgrid_001156.txt,25,41,2,0.001618,True
dgrid_001157.txt,25,41,1,0.000191,True
dgrid_001158.txt,9,13,1,2.2e-05,True
dgrid_001159.txt,9,12,1,3.4e-05,True
dgrid_001160.txt,25,47,5,0.255628,True
dgrid_001161.txt,36,62,4,0.222638,True
dgrid_001162.txt,36,64,4,0.463199,True
dgrid_001163.txt,36,64,4,0.472466,True
dgrid_001164.txt,36,61,2,0.004294,True
dgrid_001165.txt,36,61,4,0.176522,True
dgrid_001166.txt,25,40,1,0.000107,True
dgrid_001167.txt,16,24,1,3.9e-05,True
dgrid_001168.txt,25,44,4,0.094666,True
dgrid_001169.txt,9,12,0,1.4e-05,True
dgrid_001170.txt,25,43,3,0.007747,True
dgrid_001171.txt,9,12,1,2.6e-05,True
dgrid_001172.txt,9,12,1,3.4e-05,True
dgrid_001173.txt,25,41,1,0.000177,True
dgrid_001174.txt,36,61,TIMEOUT,5.000004,TIMEOUT
dgrid_001175.txt,9,13,1,1.9e-05,True
dgrid_001176.txt,9,12,1,2.7e-05,True
dgrid_001177.txt,36,64,5,3.473252,True
dgrid_001178.txt,36,65,TIMEOUT,5.000007,TIMEOUT
dgrid_001179.txt,9,13,1,2.2e-05,True
dgrid_001180.txt,9,12,1,3.3e-05,True
dgrid_001181.txt,36,65,5,3.540319,True
dgrid_001182.txt,25,42,3,0.005746,True
dgrid_001183.txt,9,13,1,3.4e-05,True
dgrid_001184.txt,25,40,1,9e-05,True
dgrid_001185.txt,36,62,4,0.120018,True
dgrid_001186.txt,36,64,TIMEOUT,5.000003,TIMEOUT
dgrid_001187.txt,9,12,0,1.6e-05,True
dgrid_001188.txt,25,41,2,0.000783,True
dgrid_001189.txt,25,41,3,0.007442,True
dgrid_001190.txt,36,68,TIMEOUT,5.000009,TIMEOUT
dgrid_001191.txt,36,62,2,0.002796,True
dgrid_001192.txt,9,12,1,2.7e-05,True
dgrid_001193.txt,9,12,0,2e-05,True
dgrid_001194.txt,25,42,2,0.000686,True
dgrid_001195.txt,36,61,4,0.446117,True
dgrid_001196.txt,36,62,4,0.346216,True
dgrid_001197.txt,16,24,1,3.9e-05,True
dgrid_001198.txt,36,62,2,0.002899,True
dgrid_001199.txt,25,40,1,0.000254,True
dgrid_001200.txt,36,63,3,0.082241,True
dgrid_001201.txt,25,41,3,0.003515,True
dgrid_001202.txt,9,12,0,2.3e-05,True
dgrid_001203.txt,36,62,5,1.810954,True
dgrid_001204.txt,9,12,1,3e-05,True
dgrid_001205.txt,16,25,1,7.7e-05,True
dgrid_001206.txt,16,24,0,2.2e-05,True
dgrid_001207.txt,16,26,2,0.000197,True
dgrid_001208.txt,16,24,2,0.000299,True
dgrid_001209.txt,36,61,4,0.166971,True
dgrid_001210.txt,36,63,4,0.454706,True
dgrid_001211.txt,9,13,1,2.1e-05,True
dgrid_001212.txt,25,40,2,0.00046,True
dgrid_001213.txt,36,62,3,0.040246,True
dgrid_001214.txt,25,43,3,0.011071,True
dgrid_001215.txt,25,43,5,0.282594,True
dgrid_001216.txt,36,64,5,2.280821,True
dgrid_001217.txt,36,61,2,0.006121,True
dgrid_001218.txt,25,42,2,0.001068,True
dgrid_001219.txt,36,62,3,0.039649,True
dgrid_001220.txt,36,62,3,0.060681,True
dgrid_001221.txt,9,12,1,3.3e-05,True
dgrid_001222.txt,16,25,2,0.000303,True
dgrid_001223.txt,36,60,1,0.000249,True
dgrid_001224.txt,16,24,2,0.00018,True
dgrid_001225.txt,9,12,0,1.7e-05,True
dgrid_001226.txt,16,24,1,0.000102,True
dgrid_001227.txt,25,44,5,0.260373,True
dgrid_001228.txt,36,62,4,0.380937,True
dgrid_001229.txt,9,12,0,1.6e-05,True
dgrid_001230.txt,9,12,0,1.9e-05,True
dgrid_001231.txt,25,41,2,0.001036,True
dgrid_001232.txt,36,60,4,0.225711,True
dgrid_001233.txt,36,65,TIMEOUT,5.000005,TIMEOUT
dgrid_001234.txt,9,13,1,3.5e-05,True
dgrid_001235.txt,25,44,4,0.039243,True
dgrid_001236.txt,16,24,1,4.1e-05,True
dgrid_001237.txt,16,25,3,0.001709,True
dgrid_001238.txt,25,43,3,0.006024,True
dgrid_001239.txt,16,24,2,0.000166,True
dgrid_001240.txt,16,25,1,0.000112,True
dgrid_001241.txt,16,24,1,5.8e-05,True
dgrid_001242.txt,36,61,3,0.061045,True
dgrid_001243.txt,9,12,1,3.1e-05,True
dgrid_001244.txt,16,25,1,7.9e-05,True
dgrid_001245.txt,36,62,3,0.047333,True
dgrid_001246.txt,36,62,2,0.002041,True
dgrid_001247.txt,25,42,2,0.001363,True
dgrid_001248.txt,16,24,1,4.6e-05,True
dgrid_001249.txt,25,41,1,0.000104,True
dgrid_001250.txt,36,64,TIMEOUT,5.000009,TIMEOUT
dgrid_001251.txt,36,60,2,0.000627,True
dgrid_001252.txt,9,12,0,1.7e-05,True
dgrid_001253.txt,36,65,TIMEOUT,5.000002,TIMEOUT
dgrid_001254.txt,9,12,0,3.4e-05,True
dgrid_001255.txt,9,12,0,1.8e-05,True
dgrid_001256.txt,36,63,3,0.048347,True
dgrid_001257.txt,25,41,2,0.000731,True
dgrid_001258.txt,16,24,1,9.3e-05,True
dgrid_001259.txt,16,27,2,0.000185,True
dgrid_001260.txt,36,61,3,0.024169,True
dgrid_001261.txt,36,64,4,0.31511,True
dgrid_001262.txt,16,24,1,7.1e-05,True
dgrid_001263.txt,25,43,3,0.010888,True
dgrid_001264.txt,36,63,4,0.237891,True
dgrid_001265.txt,16,24,0,2e-05,True
dgrid_001266.txt,9,13,1,4.1e-05,True
dgrid_001267.txt,25,42,2,0.00099,True
dgrid_001268.txt,16,24,1,5.3e-05,True
dgrid_001269.txt,36,63,TIMEOUT,5.000006,TIMEOUT
dgrid_001270.txt,25,43,3,0.003388,True
dgrid_001271.txt,36,61,5,2.78736,True
dgrid_001272.txt,16,25,1,3e-05,True
dgrid_001273.txt,9,12,0,2.1e-05,True
dgrid_001274.txt,25,43,3,0.005252,True
dgrid_001275.txt,16,24,2,0.000272,True
dgrid_001276.txt,9,12,1,2.3e-05,True
dgrid_001277.txt,25,42,3,0.007263,True
dgrid_001278.txt,25,40,0,2.8e-05,True
dgrid_001279.txt,25,42,2,0.002317,True
dgrid_001280.txt,9,12,0,1.7e-05,True
dgrid_001281.txt,36,65,4,0.611413,True
dgrid_001282.txt,25,42,2,0.000803,True
dgrid_001283.txt,36,62,3,0.020131,True
dgrid_001284.txt,25,42,5,0.179723,True
dgrid_001285.txt,16,24,1,8.1e-05,True
dgrid_001286.txt,36,61,4,0.239047,True
dgrid_001287.txt,25,42,3,0.003524,True
dgrid_001288.txt,9,12,0,1.9e-05,True
dgrid_001289.txt,36,61,3,0.016768,True
dgrid_001290.txt,36,61,2,0.004229,True
dgrid_001291.txt,36,60,2,0.001324,True
dgrid_001292.txt,16,28,4,0.009193,True
dgrid_001293.txt,36,63,5,1.396195,True
dgrid_001294.txt,25,40,1,5.7e-05,True
dgrid_001295.txt,16,25,2,0.000323,True
dgrid_001296.txt,25,43,3,0.010948,True
dgrid_001297.txt,9,12,0,1.6e-05,True
dgrid_001298.txt,9,12,0,1.7e-05,True
dgrid_001299.txt,36,62,3,0.054083,True
dgrid_001300.txt,36,64,4,0.17386,True
dgrid_001301.txt,36,63,3,0.008745,True
dgrid_001302.txt,9,12,1,3.3e-05,True
dgrid_001303.txt,9,12,1,4.7e-05,True
dgrid_001304.txt,16,26,2,0.000364,True
dgrid_001305.txt,9,12,1,3.8e-05,True
dgrid_001306.txt,36,61,1,7.4e-05,True
dgrid_001307.txt,9,12,0,2.1e-05,True
dgrid_001308.txt,25,40,3,0.006163,True
dgrid_001309.txt,25,41,3,0.006833,True
dgrid_001310.txt,16,25,2,0.000121,True
dgrid_001311.txt,25,41,2,0.000766,True
dgrid_001312.txt,36,60,3,0.023625,True
dgrid_001313.txt,9,12,0,2e-05,True
dgrid_001314.txt,9,13,1,3.6e-05,True
dgrid_001315.txt,36,62,3,0.054896,True
dgrid_001316.txt,36,63,4,0.267179,True
dgrid_001317.txt,16,25,2,0.000138,True
dgrid_001318.txt,25,40,1,0.000139,True
dgrid_001319.txt,25,45,5,0.114523,True
dgrid_001320.txt,36,62,3,0.026904,True
dgrid_001321.txt,9,12,1,3.3e-05,True
dgrid_001322.txt,25,40,3,0.003168,True
dgrid_001323.txt,9,12,0,1.7e-05,True
dgrid_001324.txt,9,14,2,7.5e-05,True
dgrid_001325.txt,9,13,1,2.3e-05,True
dgrid_001326.txt,25,42,3,0.008583,True
dgrid_001327.txt,9,12,1,3.8e-05,True
dgrid_001328.txt,36,62,4,0.115739,True
dgrid_001329.txt,36,63,4,0.492227,True
dgrid_001330.txt,36,61,4,0.228133,True
dgrid_001331.txt,36,63,4,0.475821,True
dgrid_001332.txt,9,12,0,1.8e-05,True
dgrid_001333.txt,25,42,2,0.000866,True
dgrid_001334.txt,9,13,1,2.2e-05,True
dgrid_001335.txt,16,25,1,0.0001,True
dgrid_001336.txt,16,27,3,0.001606,True
dgrid_001337.txt,16,24,1,7.3e-05,True
dgrid_001338.txt,9,13,1,3.5e-05,True
dgrid_001339.txt,36,65,4,0.247718,True
dgrid_001340.txt,25,40,3,0.0063,True
dgrid_001341.txt,9,12,0,1.8e-05,True
dgrid_001342.txt,9,12,1,3.4e-05,True
dgrid_001343.txt,16,24,1,6.9e-05,True
dgrid_001344.txt,25,41,4,0.038461,True
dgrid_001345.txt,36,60,2,0.002495,True
dgrid_001346.txt,25,40,0,2.8e-05,True
dgrid_001347.txt,25,42,2,0.002782,True
dgrid_001348.txt,9,12,0,1.7e-05,True
dgrid_001349.txt,16,26,2,0.000126,True
dgrid_001350.txt,16,24,1,4.7e-05,True
dgrid_001351.txt,16,24,1,3e-05,True
dgrid_001352.txt,9,12,0,1.7e-05,True
dgrid_001353.txt,25,41,1,0.00027,True
dgrid_001354.txt,16,24,0,2.5e-05,True
dgrid_001355.txt,36,64,4,0.273919,True
dgrid_001356.txt,16,25,2,0.000138,True
dgrid_001357.txt,25,42,3,0.018466,True
dgrid_001358.txt,25,43,4,0.036516,True
dgrid_001359.txt,36,62,5,1.772213,True
dgrid_001360.txt,9,12,1,3.2e-05,True
dgrid_001361.txt,16,24,0,2.1e-05,True
dgrid_001362.txt,36,61,4,0.326305,True
dgrid_001363.txt,16,26,2,0.000271,True
dgrid_001364.txt,16,27,2,0.000514,True
dgrid_001365.txt,16,24,2,0.000476,True
dgrid_001366.txt,16,24,1,4.3e-05,True
dgrid_001367.txt,9,12,1,3.3e-05,True
dgrid_001368.txt,25,40,1,0.000126,True
dgrid_001369.txt,25,41,2,0.001814,True
dgrid_001370.txt,16,25,1,8.7e-05,True
dgrid_001371.txt,25,44,3,0.011031,True
dgrid_001372.txt,16,25,1,8.9e-05,True
dgrid_001373.txt,36,63,5,1.558676,True
dgrid_001374.txt,9,12,0,1.5e-05,True
dgrid_001375.txt,9,13,1,3.3e-05,True
dgrid_001376.txt,36,62,4,0.496393,True
dgrid_001377.txt,25,42,2,0.000687,True
dgrid_001378.txt,9,12,0,1.7e-05,True
dgrid_001379.txt,9,13,2,8.7e-05,True
dgrid_001380.txt,16,27,3,0.001898,True
dgrid_001381.txt,9,12,1,2.2e-05,True
dgrid_001382.txt,9,12,1,3.7e-05,True
dgrid_001383.txt,25,41,3,0.006507,True
dgrid_001384.txt,16,24,0,2.3e-05,True
dgrid_001385.txt,9,12,0,1.7e-05,True
dgrid_001386.txt,36,62,3,0.050139,True
dgrid_001387.txt,25,40,2,0.000427,True
dgrid_001388.txt,9,12,1,2.9e-05,True
dgrid_001389.txt,36,63,5,0.816565,True
dgrid_001390.txt,25,41,3,0.00699,True
dgrid_001391.txt,25,41,1,0.000208,True
dgrid_001392.txt,16,24,0,2.2e-05,True
dgrid_001393.txt,25,41,2,0.00199,True
dgrid_001394.txt,16,24,2,0.000342,True
dgrid_001395.txt,16,26,2,0.000174,True
dgrid_001396.txt,16,26,2,0.000388,True
dgrid_001397.txt,36,62,5,0.992788,True
dgrid_001398.txt,16,25,1,0.000106,True
dgrid_001399.txt,25,43,3,0.005321,True
dgrid_001400.txt,36,61,1,0.000344,True
dgrid_001401.txt,16,25,2,0.000252,True
dgrid_001402.txt,16,25,1,9.3e-05,True
dgrid_001403.txt,16,24,1,4.3e-05,True
dgrid_001404.txt,25,41,1,0.00018,True
dgrid_001405.txt,16,24,2,0.000177,True
dgrid_001406.txt,9,12,1,2.3e-05,True
dgrid_001407.txt,9,13,1,2.7e-05,True
dgrid_001408.txt,36,64,5,0.871493,True
dgrid_001409.txt,9,12,1,3.2e-05,True
dgrid_001410.txt,36,62,3,0.05611,True
dgrid_001411.txt,9,13,1,2.9e-05,True
dgrid_001412.txt,36,62,2,0.00338,True
dgrid_001413.txt,9,12,1,2.2e-05,True
dgrid_001414.txt,25,42,2,0.000816,True
dgrid_001415.txt,16,26,3,0.00119,True
dgrid_001416.txt,25,41,2,0.002791,True
dgrid_001417.txt,36,61,TIMEOUT,5.000008,TIMEOUT
dgrid_001418.txt,9,13,1,3.5e-05,True
dgrid_001419.txt,9,13,1,3.6e-05,True
dgrid_001420.txt,36,60,1,0.000104,True
dgrid_001421.txt,16,25,2,0.000124,True
dgrid_001422.txt,9,12,0,1.8e-05,True
dgrid_001423.txt,25,41,2,0.000877,True
dgrid_001424.txt,25,42,3,0.012709,True
dgrid_001425.txt,36,61,2,0.003847,True
dgrid_001426.txt,9,13,1,3.4e-05,True
dgrid_001427.txt,25,41,2,0.000913,True
dgrid_001428.txt,36,61,3,0.030069,True
dgrid_001429.txt,25,41,3,0.007193,True
dgrid_001430.txt,36,60,3,0.01022,True
dgrid_001431.txt,9,13,2,9.3e-05,True
dgrid_001432.txt,9,12,0,2e-05,True
dgrid_001433.txt,25,42,4,0.059416,True
dgrid_001434.txt,16,24,0,2.1e-05,True
dgrid_001435.txt,9,12,1,3.3e-05,True
dgrid_001436.txt,9,13,1,2.5e-05,True
dgrid_001437.txt,36,63,4,0.222758,True
dgrid_001438.txt,16,28,4,0.004621,True
dgrid_001439.txt,25,41,2,0.001324,True
dgrid_001440.txt,16,25,2,0.000281,True
dgrid_001441.txt,16,24,1,4.5e-05,True
dgrid_001442.txt,36,65,5,2.931289,True
dgrid_001443.txt,36,63,TIMEOUT,5.000009,TIMEOUT
dgrid_001444.txt,36,63,3,0.050175,True
dgrid_001445.txt,36,61,5,3.195329,True
dgrid_001446.txt,36,65,5,4.005813,True
dgrid_001447.txt,25,44,5,0.181365,True
dgrid_001448.txt,9,13,1,3.3e-05,True
dgrid_001449.txt,9,12,0,1.9e-05,True
dgrid_001450.txt,36,60,2,0.006561,True
dgrid_001451.txt,16,26,3,0.001811,True
dgrid_001452.txt,9,13,1,2.9e-05,True
dgrid_001453.txt,16,24,1,4.2e-05,True
dgrid_001454.txt,16,24,1,0.000109,True
dgrid_001455.txt,16,25,1,8.4e-05,True
dgrid_001456.txt,9,12,1,3.2e-05,True
dgrid_001457.txt,36,61,5,1.757008,True
dgrid_001458.txt,36,62,3,0.016223,True
dgrid_001459.txt,25,43,3,0.003493,True
dgrid_001460.txt,16,25,2,0.00018,True
dgrid_001461.txt,36,61,3,0.015754,True
dgrid_001462.txt,16,25,2,0.000386,True
dgrid_001463.txt,16,24,1,4.5e-05,True
dgrid_001464.txt,25,42,3,0.005036,True
dgrid_001465.txt,9,12,0,1.8e-05,True
dgrid_001466.txt,36,62,2,0.00785,True
dgrid_001467.txt,36,62,3,0.025049,True
dgrid_001468.txt,36,62,2,0.005399,True
dgrid_001469.txt,36,61,5,1.763133,True
dgrid_001470.txt,36,63,4,0.239122,True
dgrid_001471.txt,25,41,3,0.014223,True
dgrid_001472.txt,36,62,3,0.022944,True
dgrid_001473.txt,36,62,3,0.063188,True
dgrid_001474.txt,25,40,2,0.000538,True
dgrid_001475.txt,25,41,2,0.001095,True
dgrid_001476.txt,36,62,5,2.441023,True
dgrid_001477.txt,9,12,0,1.7e-05,True
dgrid_001478.txt,16,25,1,8.2e-05,True
dgrid_001479.txt,16,24,2,0.000271,True
dgrid_001480.txt,16,25,2,0.000331,True
dgrid_001481.txt,25,41,3,0.012899,True
dgrid_001482.txt,9,12,1,3.1e-05,True
dgrid_001483.txt,9,12,1,3.3e-05,True
dgrid_001484.txt,25,44,4,0.035339,True
dgrid_001485.txt,36,62,4,0.241183,True
dgrid_001486.txt,16,24,0,1.9e-05,True
dgrid_001487.txt,25,43,3,0.018504,True
dgrid_001488.txt,9,13,1,3.3e-05,True
dgrid_001489.txt,16,26,2,0.000132,True
dgrid_001490.txt,25,44,3,0.008429,True
dgrid_001491.txt,25,42,2,0.000917,True
dgrid_001492.txt,16,24,0,3.1e-05,True
dgrid_001493.txt,36,61,4,0.094923,True
dgrid_001494.txt,9,12,1,1.9e-05,True
dgrid_001495.txt,9,15,2,0.000118,True
dgrid_001496.txt,25,41,2,0.002341,True
dgrid_001497.txt,16,25,2,0.000341,True
dgrid_001498.txt,25,44,3,0.00776,True
dgrid_001499.txt,25,40,2,0.001693,True
ego_000000.txt,26,68,6,0.791608,True
ego_000001.txt,16,52,6,0.035846,True
ego_000002.txt,19,20,0,2.2e-05,True
ego_000003.txt,18,46,1,0.000181,True
ego_000004.txt,15,44,5,0.009804,True
ego_000005.txt,28,64,6,1.502915,True
ego_000006.txt,15,22,2,0.000112,True
ego_000007.txt,15,28,1,8.1e-05,True
ego_000008.txt,34,131,TIMEOUT,5.000011,TIMEOUT
ego_000009.txt,25,49,6,1.249879,True
ego_000010.txt,31,90,TIMEOUT,5.000005,TIMEOUT
ego_000011.txt,33,103,TIMEOUT,5.000005,TIMEOUT
ego_000012.txt,12,86,8,0.017949,True
ego_000013.txt,31,202,TIMEOUT,5.000006,TIMEOUT
ego_000014.txt,26,92,TIMEOUT,5.000002,TIMEOUT
ego_000015.txt,15,22,2,0.000121,True
ego_000016.txt,25,52,TIMEOUT,5.000005,TIMEOUT
ego_000017.txt,29,105,TIMEOUT,5.000008,TIMEOUT
ego_000018.txt,31,76,TIMEOUT,5.000002,TIMEOUT
ego_000019.txt,34,170,TIMEOUT,5.000003,TIMEOUT
ego_000020.txt,14,40,4,0.002361,True
ego_000021.txt,17,36,3,0.00179,True
ego_000022.txt,23,72,TIMEOUT,5.000005,TIMEOUT
ego_000023.txt,12,11,0,1.8e-05,True
ego_000024.txt,35,104,TIMEOUT,5.000005,TIMEOUT
ego_000025.txt,11,25,3,0.000627,True
ego_000026.txt,28,28,0,2.6e-05,True
ego_000027.txt,21,60,5,0.10216,True
ego_000028.txt,15,22,2,0.000168,True
ego_000029.txt,19,53,6,0.098454,True
ego_000030.txt,25,82,TIMEOUT,5.000011,TIMEOUT
ego_000031.txt,12,24,2,0.000117,True
ego_000032.txt,32,76,6,3.95155,True
ego_000033.txt,31,95,TIMEOUT,5.000011,TIMEOUT
ego_000034.txt,30,83,TIMEOUT,5.000004,TIMEOUT
ego_000035.txt,17,32,4,0.005963,True
ego_000036.txt,15,44,5,0.010572,True
ego_000037.txt,14,74,8,0.056664,True
ego_000038.txt,18,17,0,2.1e-05,True
ego_000039.txt,34,288,TIMEOUT,5.000024,TIMEOUT
ego_000040.txt,22,64,7,1.152121,True
ego_000041.txt,27,52,6,1.403571,True
ego_000042.txt,15,46,4,0.003576,True
ego_000043.txt,30,32,0,3.4e-05,True
ego_000044.txt,13,22,0,2.2e-05,True
ego_000045.txt,24,54,4,0.01854,True
ego_000046.txt,24,73,8,4.031353,True
ego_000047.txt,24,69,5,0.470977,True
ego_000048.txt,30,95,TIMEOUT,5.000002,TIMEOUT
ego_000049.txt,30,122,TIMEOUT,5.000004,TIMEOUT
ego_000050.txt,23,22,0,2.3e-05,True
ego_000051.txt,14,21,2,0.000139,True
ego_000052.txt,12,33,4,0.001464,True
ego_000053.txt,13,18,0,2.4e-05,True
ego_000054.txt,28,64,TIMEOUT,5.000003,TIMEOUT
ego_000055.txt,32,118,TIMEOUT,5.000017,TIMEOUT
ego_000056.txt,22,42,1,0.000158,True
ego_000057.txt,12,74,9,0.018934,True
ego_000058.txt,12,24,3,0.000346,True
ego_000059.txt,31,138,TIMEOUT,5.000002,TIMEOUT
ego_000060.txt,32,97,2,0.005184,True
ego_000061.txt,12,13,0,2e-05,True
ego_000062.txt,15,22,2,0.000124,True
ego_000063.txt,22,64,6,0.397006,True
ego_000064.txt,13,32,4,0.003276,True
ego_000065.txt,19,39,1,0.000198,True
ego_000066.txt,30,61,2,0.003404,True
ego_000067.txt,29,92,TIMEOUT,5.000004,TIMEOUT
ego_000068.txt,17,16,0,1.9e-05,True
ego_000069.txt,28,97,TIMEOUT,5.000008,TIMEOUT
ego_000070.txt,14,46,6,0.017674,True
ego_000071.txt,19,62,6,0.293155,True
ego_000072.txt,13,46,5,0.00797,True
ego_000073.txt,27,51,2,0.002534,True
ego_000074.txt,31,102,TIMEOUT,5.000006,TIMEOUT
ego_000075.txt,21,70,7,0.683637,True
ego_000076.txt,27,125,TIMEOUT,5.0,TIMEOUT
ego_000077.txt,23,67,6,0.500696,True
ego_000078.txt,18,62,8,0.460642,True
ego_000079.txt,26,123,4,0.11357,True
ego_000080.txt,35,140,TIMEOUT,5.000013,TIMEOUT
ego_000081.txt,29,39,0,2.6e-05,True
ego_000082.txt,13,26,2,0.000139,True
ego_000083.txt,21,42,6,0.228392,True
ego_000084.txt,12,22,1,3.9e-05,True
ego_000085.txt,15,15,0,2e-05,True
ego_000086.txt,15,64,10,0.159081,True
ego_000087.txt,34,100,TIMEOUT,5.000006,TIMEOUT
ego_000088.txt,24,52,4,0.0435,True
ego_000089.txt,21,39,4,0.031743,True
ego_000090.txt,35,138,2,0.002657,True
ego_000091.txt,32,118,TIMEOUT,5.000009,TIMEOUT
ego_000092.txt,28,166,TIMEOUT,5.000015,TIMEOUT
ego_000093.txt,31,31,0,3.3e-05,True
ego_000094.txt,26,26,0,4e-05,True
ego_000095.txt,25,25,0,3.5e-05,True
ego_000096.txt,35,51,0,3.5e-05,True
ego_000097.txt,19,19,0,2.8e-05,True
ego_000098.txt,16,15,0,2.2e-05,True
ego_000099.txt,20,62,7,0.7644,True
ego_000100.txt,10,13,1,2.5e-05,True
ego_000101.txt,19,38,2,0.000409,True
ego_000102.txt,24,76,7,1.606174,True
ego_000103.txt,28,99,TIMEOUT,5.000006,TIMEOUT
ego_000104.txt,17,36,6,0.062405,True
ego_000105.txt,12,18,1,2.7e-05,True
ego_000106.txt,33,114,TIMEOUT,5.000002,TIMEOUT
ego_000107.txt,13,12,0,1.7e-05,True
ego_000108.txt,31,78,TIMEOUT,5.000005,TIMEOUT
ego_000109.txt,13,49,2,0.000554,True
ego_000110.txt,30,326,TIMEOUT,5.000005,TIMEOUT
ego_000111.txt,12,16,2,0.000108,True
ego_000112.txt,35,86,5,2.704229,True
ego_000113.txt,21,42,4,0.032956,True
ego_000114.txt,28,86,0,3.6e-05,True
ego_000115.txt,21,20,0,2.5e-05,True
ego_000116.txt,20,86,11,4.067033,True
ego_000117.txt,15,46,5,0.022272,True
ego_000118.txt,29,90,TIMEOUT,5.000003,TIMEOUT
ego_000119.txt,15,22,2,0.000185,True
ego_000120.txt,34,386,TIMEOUT,5.000019,TIMEOUT
ego_000121.txt,19,62,8,0.873747,True
ego_000122.txt,26,26,0,2.3e-05,True
ego_000123.txt,15,44,4,0.003192,True
ego_000124.txt,32,97,TIMEOUT,5.000004,TIMEOUT
ego_000125.txt,14,36,4,0.003232,True
ego_000126.txt,15,22,2,0.000116,True
ego_000127.txt,23,77,4,0.069688,True
ego_000128.txt,17,54,5,0.025319,True
ego_000129.txt,15,22,2,0.000116,True
ego_000130.txt,32,102,TIMEOUT,5.000003,TIMEOUT
ego_000131.txt,35,78,5,1.098552,True
ego_000132.txt,17,68,6,0.079958,True
ego_000133.txt,35,102,TIMEOUT,5.000007,TIMEOUT
ego_000134.txt,20,19,0,1.9e-05,True
ego_000135.txt,31,84,3,0.007007,True
ego_000136.txt,22,58,5,0.097325,True
ego_000137.txt,13,15,0,1.8e-05,True
ego_000138.txt,32,183,TIMEOUT,5.000014,TIMEOUT
ego_000139.txt,33,88,5,2.289849,True
ego_000140.txt,15,42,7,0.039702,True
ego_000141.txt,14,27,3,0.000911,True
ego_000142.txt,15,22,2,0.000116,True
ego_000143.txt,14,42,6,0.01729,True
ego_000144.txt,24,62,5,0.218203,True
ego_000145.txt,23,64,4,0.088341,True
ego_000146.txt,14,56,7,0.036989,True
ego_000147.txt,13,25,1,4.2e-05,True
ego_000148.txt,21,27,0,2.8e-05,True
ego_000149.txt,26,57,5,0.297023,True
ego_000150.txt,16,34,5,0.021237,True
ego_000151.txt,31,60,1,3.6e-05,True
ego_000152.txt,24,66,4,0.02489,True
ego_000153.txt,27,127,TIMEOUT,5.000015,TIMEOUT
ego_000154.txt,25,168,TIMEOUT,5.000013,TIMEOUT
ego_000155.txt,19,53,6,0.104272,True
ego_000156.txt,27,139,6,4.408887,True
ego_000157.txt,11,22,3,0.000525,True
ego_000158.txt,30,109,TIMEOUT,5.000006,TIMEOUT
ego_000159.txt,25,123,TIMEOUT,5.000008,TIMEOUT
ego_000160.txt,32,99,TIMEOUT,5.00001,TIMEOUT
ego_000161.txt,29,40,0,3.1e-05,True
ego_000162.txt,10,34,3,0.000447,True
ego_000163.txt,33,108,TIMEOUT,5.000003,TIMEOUT
ego_000164.txt,22,31,0,3.6e-05,True
ego_000165.txt,22,52,5,0.081077,True
ego_000166.txt,10,26,2,0.000263,True
ego_000167.txt,35,148,TIMEOUT,5.000022,TIMEOUT
ego_000168.txt,29,107,TIMEOUT,5.000008,TIMEOUT
ego_000169.txt,17,48,7,0.162208,True
ego_000170.txt,20,72,7,0.766784,True
ego_000171.txt,21,64,6,0.356474,True
ego_000172.txt,29,57,1,9e-05,True
ego_000173.txt,13,14,1,5.2e-05,True
ego_000174.txt,32,118,TIMEOUT,5.000004,TIMEOUT
ego_000175.txt,30,80,TIMEOUT,5.000006,TIMEOUT
ego_000176.txt,31,32,0,2.7e-05,True
ego_000177.txt,24,138,TIMEOUT,5.00001,TIMEOUT
ego_000178.txt,15,22,2,0.000118,True
ego_000179.txt,23,78,2,0.002218,True
ego_000180.txt,22,46,4,0.033757,True
ego_000181.txt,10,44,6,0.002661,True
ego_000182.txt,10,9,0,1.7e-05,True
ego_000183.txt,31,72,TIMEOUT,5.000004,TIMEOUT
ego_000184.txt,17,110,8,0.399863,True
ego_000185.txt,14,30,4,0.002169,True
ego_000186.txt,25,50,2,0.00032,True
ego_000187.txt,15,23,0,2.2e-05,True
ego_000188.txt,33,94,TIMEOUT,5.000007,TIMEOUT
ego_000189.txt,17,34,5,0.033528,True
ego_000190.txt,12,32,4,0.001143,True
ego_000191.txt,12,88,8,0.018389,True
ego_000192.txt,15,22,2,0.000113,True
ego_000193.txt,24,58,6,0.803051,True
ego_000194.txt,34,36,0,2.7e-05,True
ego_000195.txt,29,108,TIMEOUT,5.000013,TIMEOUT
ego_000196.txt,15,22,2,0.00011,True
ego_000197.txt,30,70,TIMEOUT,5.000004,TIMEOUT
ego_000198.txt,15,36,6,0.025051,True
ego_000199.txt,20,65,7,0.405726,True
ego_000200.txt,15,15,0,1.7e-05,True
ego_000201.txt,11,28,4,0.001142,True
ego_000202.txt,22,70,2,0.000858,True
ego_000203.txt,27,127,4,0.258946,True
ego_000204.txt,10,11,0,1.7e-05,True
ego_000205.txt,15,48,5,0.010904,True
ego_000206.txt,15,22,2,0.000122,True
ego_000207.txt,14,42,4,0.002671,True
ego_000208.txt,14,54,8,0.046157,True
ego_000209.txt,23,22,0,2.2e-05,True
ego_000210.txt,10,18,2,0.000148,True
ego_000211.txt,16,39,3,0.003059,True
ego_000212.txt,27,32,0,2.7e-05,True
ego_000213.txt,32,124,TIMEOUT,5.000001,TIMEOUT
ego_000214.txt,24,50,1,0.000101,True
ego_000215.txt,10,9,0,1.9e-05,True
ego_000216.txt,12,22,0,2.4e-05,True
ego_000217.txt,15,22,2,0.000123,True
ego_000218.txt,11,28,2,0.000185,True
ego_000219.txt,15,22,2,0.000125,True
ego_000220.txt,22,78,6,0.318746,True
ego_000221.txt,35,302,TIMEOUT,5.000022,TIMEOUT
ego_000222.txt,12,31,3,0.000623,True
ego_000223.txt,28,64,4,0.143948,True
ego_000224.txt,27,122,TIMEOUT,5.000007,TIMEOUT
ego_000225.txt,14,27,3,0.001471,True
ego_000226.txt,29,74,TIMEOUT,5.000006,TIMEOUT
ego_000227.txt,13,16,1,3.6e-05,True
ego_000228.txt,29,76,4,0.234238,True
ego_000229.txt,25,64,TIMEOUT,5.000003,TIMEOUT
ego_000230.txt,12,54,5,0.005264,True
ego_000231.txt,18,40,3,0.002464,True
ego_000232.txt,16,54,6,0.044121,True
ego_000233.txt,15,22,2,0.000121,True
ego_000234.txt,12,38,5,0.006011,True
ego_000235.txt,33,172,TIMEOUT,5.000008,TIMEOUT
ego_000236.txt,30,76,TIMEOUT,5.000003,TIMEOUT
ego_000237.txt,29,171,TIMEOUT,5.000006,TIMEOUT
ego_000238.txt,22,58,5,0.117734,True
ego_000239.txt,19,42,3,0.002118,True
ego_000240.txt,30,62,3,0.012427,True
ego_000241.txt,25,24,0,2.6e-05,True
ego_000242.txt,22,46,4,0.039349,True
ego_000243.txt,15,38,6,0.021493,True
ego_000244.txt,13,27,4,0.00298,True
ego_000245.txt,20,89,2,0.000891,True
ego_000246.txt,20,68,9,1.68738,True
ego_000247.txt,13,24,1,2.2e-05,True
ego_000248.txt,14,48,6,0.023306,True
ego_000249.txt,18,32,1,9.5e-05,True
ego_000250.txt,15,80,5,0.019548,True
ego_000251.txt,31,31,0,2.6e-05,True
ego_000252.txt,25,53,1,0.00014,True
ego_000253.txt,14,96,8,0.067559,True
ego_000254.txt,15,22,2,0.000132,True
ego_000255.txt,27,81,TIMEOUT,5.000006,TIMEOUT
ego_000256.txt,16,34,5,0.019732,True
ego_000257.txt,11,24,1,4.4e-05,True
ego_000258.txt,11,14,2,9e-05,True
ego_000259.txt,21,68,5,0.210666,True
ego_000260.txt,25,100,5,0.359335,True
ego_000261.txt,26,114,TIMEOUT,5.000005,TIMEOUT
ego_000262.txt,18,100,11,1.242141,True
ego_000263.txt,14,26,1,3.8e-05,True
ego_000264.txt,22,35,0,2.9e-05,True
ego_000265.txt,13,46,6,0.011309,True
ego_000266.txt,13,12,0,1.9e-05,True
ego_000267.txt,32,95,TIMEOUT,5.000007,TIMEOUT
ego_000268.txt,20,56,6,0.143735,True
ego_000269.txt,22,138,TIMEOUT,5.000002,TIMEOUT
ego_000270.txt,12,22,1,3.6e-05,True
ego_000271.txt,24,53,0,3.2e-05,True
ego_000272.txt,19,53,6,0.107709,True
ego_000273.txt,24,64,TIMEOUT,5.000004,TIMEOUT
ego_000274.txt,34,35,1,6e-05,True
ego_000275.txt,16,40,5,0.012743,True
ego_000276.txt,15,22,2,0.000118,True
ego_000277.txt,17,26,0,2.4e-05,True
ego_000278.txt,15,22,2,0.000125,True
ego_000279.txt,34,105,TIMEOUT,5.000002,TIMEOUT
ego_000280.txt,23,70,8,3.800361,True
ego_000281.txt,31,66,2,0.003689,True
ego_000282.txt,33,64,2,0.003093,True
ego_000283.txt,20,23,0,2.7e-05,True
ego_000284.txt,15,22,2,0.000131,True
ego_000285.txt,19,58,4,0.014824,True
ego_000286.txt,27,50,0,3.5e-05,True
ego_000287.txt,33,98,TIMEOUT,5.000006,TIMEOUT
ego_000288.txt,15,22,2,0.000121,True
ego_000289.txt,28,87,TIMEOUT,5.000008,TIMEOUT
ego_000290.txt,16,21,0,2.4e-05,True
ego_000291.txt,23,76,TIMEOUT,5.000002,TIMEOUT
ego_000292.txt,14,31,3,0.001693,True
ego_000293.txt,15,40,5,0.009422,True
ego_000294.txt,17,16,0,3.6e-05,True
ego_000295.txt,35,68,1,5.3e-05,True
ego_000296.txt,28,80,TIMEOUT,5.000003,TIMEOUT
ego_000297.txt,33,78,TIMEOUT,5.000005,TIMEOUT
ego_000298.txt,23,38,2,0.000843,True
ego_000299.txt,35,160,TIMEOUT,5.000005,TIMEOUT
ego_000300.txt,15,40,5,0.019607,True
ego_000301.txt,17,49,5,0.026357,True
ego_000302.txt,31,100,5,0.866357,True
ego_000303.txt,28,29,0,2.5e-05,True
ego_000304.txt,31,85,TIMEOUT,5.000009,TIMEOUT
ego_000305.txt,14,19,2,9.5e-05,True
ego_000306.txt,13,71,6,0.016396,True
ego_000307.txt,19,24,1,8e-05,True
ego_000308.txt,34,98,5,0.723914,True
ego_000309.txt,11,24,2,0.000115,True
ego_000310.txt,35,171,TIMEOUT,5.000006,TIMEOUT
ego_000311.txt,32,136,TIMEOUT,5.000012,TIMEOUT
ego_000312.txt,20,28,0,2.4e-05,True
ego_000313.txt,29,32,0,3e-05,True
ego_000314.txt,18,40,4,0.012481,True
ego_000315.txt,14,17,0,2.1e-05,True
ego_000316.txt,26,150,TIMEOUT,5.000008,TIMEOUT
ego_000317.txt,13,26,3,0.000647,True
ego_000318.txt,23,22,0,2.6e-05,True
ego_000319.txt,17,29,3,0.001825,True
ego_000320.txt,12,17,0,2.1e-05,True
ego_000321.txt,12,39,4,0.002034,True
ego_000322.txt,21,27,0,2.5e-05,True
ego_000323.txt,34,195,TIMEOUT,5.000006,TIMEOUT
ego_000324.txt,25,83,7,3.504115,True
ego_000325.txt,25,121,TIMEOUT,5.000011,TIMEOUT
ego_000326.txt,21,48,7,0.424849,True
ego_000327.txt,11,31,4,0.001655,True
ego_000328.txt,16,46,5,0.026319,True
ego_000329.txt,28,31,0,2.5e-05,True
ego_000330.txt,22,66,6,0.42999,True
ego_000331.txt,12,49,4,0.003351,True
ego_000332.txt,15,22,2,0.000115,True
ego_000333.txt,35,197,TIMEOUT,5.000005,TIMEOUT
ego_000334.txt,14,30,4,0.00298,True
ego_000335.txt,12,24,0,2.2e-05,True
ego_000336.txt,14,33,3,0.000575,True
ego_000337.txt,19,55,5,0.0532,True
ego_000338.txt,12,36,6,0.006227,True
ego_000339.txt,24,78,8,4.014277,True
ego_000340.txt,11,23,3,0.000238,True
ego_000341.txt,26,31,0,3.4e-05,True
ego_000342.txt,16,15,0,2.2e-05,True
ego_000343.txt,29,56,1,3.6e-05,True
ego_000344.txt,26,27,0,2.4e-05,True
ego_000345.txt,15,42,4,0.003357,True
ego_000346.txt,34,105,TIMEOUT,5.000003,TIMEOUT
ego_000347.txt,29,111,TIMEOUT,5.000008,TIMEOUT
ego_000348.txt,11,26,4,0.000887,True
ego_000349.txt,24,68,TIMEOUT,5.000002,TIMEOUT
ego_000350.txt,11,26,5,0.001948,True
ego_000351.txt,20,60,6,0.235353,True
ego_000352.txt,15,22,2,0.000123,True
ego_000353.txt,12,36,4,0.001953,True
ego_000354.txt,24,147,TIMEOUT,5.000004,TIMEOUT
ego_000355.txt,35,39,0,3.6e-05,True
ego_000356.txt,18,50,6,0.075426,True
ego_000357.txt,30,102,TIMEOUT,5.000013,TIMEOUT
ego_000358.txt,34,34,0,2.6e-05,True
ego_000359.txt,34,130,3,0.035636,True
ego_000360.txt,18,34,0,2.2e-05,True
ego_000361.txt,11,10,0,1.8e-05,True
ego_000362.txt,13,52,6,0.011526,True
ego_000363.txt,21,88,TIMEOUT,5.000006,TIMEOUT
ego_000364.txt,33,80,TIMEOUT,5.000006,TIMEOUT
ego_000365.txt,14,32,1,3.5e-05,True
ego_000366.txt,23,22,0,2.8e-05,True
ego_000367.txt,13,26,3,0.000499,True
ego_000368.txt,25,68,TIMEOUT,5.000007,TIMEOUT
ego_000369.txt,22,67,7,0.859823,True
ego_000370.txt,30,92,TIMEOUT,5.000004,TIMEOUT
ego_000371.txt,26,86,6,2.169989,True
ego_000372.txt,17,38,7,0.164166,True
ego_000373.txt,32,94,TIMEOUT,5.000002,TIMEOUT
ego_000374.txt,16,38,6,0.052878,True
ego_000375.txt,15,17,0,2e-05,True
ego_000376.txt,15,22,2,0.000165,True
ego_000377.txt,29,126,TIMEOUT,5.000015,TIMEOUT
ego_000378.txt,33,98,TIMEOUT,5.000004,TIMEOUT
ego_000379.txt,14,28,4,0.005784,True
ego_000380.txt,16,22,0,3e-05,True
ego_000381.txt,23,31,0,3e-05,True
ego_000382.txt,27,95,3,0.0201,True
ego_000383.txt,12,11,0,1.9e-05,True
ego_000384.txt,17,42,3,0.002363,True
ego_000385.txt,14,34,2,0.000344,True
ego_000386.txt,14,30,3,0.0009,True
ego_000387.txt,34,105,TIMEOUT,5.000007,TIMEOUT
ego_000388.txt,13,30,5,0.006554,True
ego_000389.txt,23,56,4,0.046305,True
ego_000390.txt,28,220,TIMEOUT,5.000014,TIMEOUT
ego_000391.txt,32,118,TIMEOUT,5.000004,TIMEOUT
ego_000392.txt,13,47,5,0.006086,True
ego_000393.txt,19,44,4,0.017997,True
ego_000394.txt,10,18,1,2.7e-05,True
ego_000395.txt,22,88,TIMEOUT,5.000003,TIMEOUT
ego_000396.txt,28,208,TIMEOUT,5.000002,TIMEOUT
ego_000397.txt,21,66,TIMEOUT,5.000002,TIMEOUT
ego_000398.txt,21,37,0,2.5e-05,True
ego_000399.txt,21,68,7,0.947077,True
ego_000400.txt,15,22,2,0.000123,True
ego_000401.txt,10,22,3,0.000352,True
ego_000402.txt,28,106,TIMEOUT,5.000013,TIMEOUT
ego_000403.txt,23,65,5,0.242747,True
ego_000404.txt,10,53,4,0.00153,True
ego_000405.txt,35,140,3,0.129084,True
ego_000406.txt,15,34,2,0.000618,True
ego_000407.txt,12,22,3,0.000703,True
ego_000408.txt,10,18,1,2.4e-05,True
ego_000409.txt,15,22,2,0.000125,True
ego_000410.txt,32,118,TIMEOUT,5.000004,TIMEOUT
ego_000411.txt,27,68,TIMEOUT,5.000002,TIMEOUT
ego_000412.txt,30,95,1,0.000117,True
ego_000413.txt,32,172,TIMEOUT,5.000014,TIMEOUT
ego_000414.txt,29,74,TIMEOUT,5.000008,TIMEOUT
ego_000415.txt,27,29,0,2.6e-05,True
ego_000416.txt,13,12,0,2.1e-05,True
ego_000417.txt,28,43,1,0.000129,True
ego_000418.txt,34,70,TIMEOUT,5.000006,TIMEOUT
ego_000419.txt,20,19,0,2.2e-05,True
ego_000420.txt,25,84,TIMEOUT,5.000005,TIMEOUT
ego_000421.txt,11,28,4,0.000987,True
ego_000422.txt,16,42,6,0.041159,True
ego_000423.txt,25,53,2,0.002928,True
ego_000424.txt,16,15,0,2.5e-05,True
ego_000425.txt,31,116,TIMEOUT,5.00001,TIMEOUT
ego_000426.txt,28,70,1,0.000198,True
ego_000427.txt,19,128,11,3.413368,True
ego_000428.txt,31,114,TIMEOUT,5.0,TIMEOUT
ego_000429.txt,22,54,9,3.802827,True
ego_000430.txt,33,134,TIMEOUT,5.00001,TIMEOUT
ego_000431.txt,16,34,3,0.002289,True
ego_000432.txt,24,92,TIMEOUT,5.000005,TIMEOUT
ego_000433.txt,15,22,2,0.000141,True
ego_000434.txt,18,18,0,2.3e-05,True
ego_000435.txt,32,160,TIMEOUT,5.000004,TIMEOUT
ego_000436.txt,17,56,6,0.061409,True
ego_000437.txt,20,46,4,0.036223,True
ego_000438.txt,24,54,TIMEOUT,5.000005,TIMEOUT
ego_000439.txt,25,92,TIMEOUT,5.000002,TIMEOUT
ego_000440.txt,24,93,TIMEOUT,5.000007,TIMEOUT
ego_000441.txt,27,93,TIMEOUT,5.000008,TIMEOUT
ego_000442.txt,15,22,2,0.000122,True
ego_000443.txt,24,78,TIMEOUT,5.000006,TIMEOUT
ego_000444.txt,22,22,0,2.3e-05,True
ego_000445.txt,19,20,0,2.4e-05,True
ego_000446.txt,11,22,1,4.7e-05,True
ego_000447.txt,33,126,TIMEOUT,5.000011,TIMEOUT
ego_000448.txt,30,35,0,2.7e-05,True
ego_000449.txt,14,33,3,0.001768,True
ego_000450.txt,20,44,2,0.000411,True
ego_000451.txt,15,22,2,0.000181,True
ego_000452.txt,30,83,1,0.000257,True
ego_000453.txt,20,64,6,0.303894,True
ego_000454.txt,24,58,TIMEOUT,5.000004,TIMEOUT
ego_000455.txt,12,26,3,0.000364,True
ego_000456.txt,15,38,3,0.001477,True
ego_000457.txt,11,28,3,0.000291,True
ego_000458.txt,17,46,8,0.215005,True
ego_000459.txt,33,228,TIMEOUT,5.000012,TIMEOUT
ego_000460.txt,33,99,1,0.000216,True
ego_000461.txt,23,76,7,2.156534,True
ego_000462.txt,27,29,0,2.9e-05,True
ego_000463.txt,27,86,TIMEOUT,5.000002,TIMEOUT
ego_000464.txt,32,123,TIMEOUT,5.000014,TIMEOUT
ego_000465.txt,35,124,0,4.6e-05,True
ego_000466.txt,15,22,2,0.000123,True
ego_000467.txt,34,105,TIMEOUT,5.000006,TIMEOUT
ego_000468.txt,23,68,2,0.001385,True
ego_000469.txt,13,24,1,3.8e-05,True
ego_000470.txt,15,22,2,0.000126,True
ego_000471.txt,33,103,TIMEOUT,5.000008,TIMEOUT
ego_000472.txt,24,23,0,2.4e-05,True
ego_000473.txt,32,62,1,3.9e-05,True
ego_000474.txt,15,22,2,0.000127,True
ego_000475.txt,11,20,3,0.00024,True
ego_000476.txt,22,70,7,1.119334,True
ego_000477.txt,13,36,5,0.005754,True
ego_000478.txt,19,60,6,0.186373,True
ego_000479.txt,26,66,TIMEOUT,5.000004,TIMEOUT
ego_000480.txt,24,126,6,1.726439,True
ego_000481.txt,10,17,2,0.000123,True
ego_000482.txt,15,23,0,2.3e-05,True
ego_000483.txt,25,32,1,9.7e-05,True
ego_000484.txt,25,80,TIMEOUT,5.000009,TIMEOUT
ego_000485.txt,33,137,4,0.664406,True
ego_000486.txt,16,47,4,0.012708,True
ego_000487.txt,15,14,0,2.1e-05,True
ego_000488.txt,27,77,TIMEOUT,5.000005,TIMEOUT
ego_000489.txt,14,29,4,0.002296,True
ego_000490.txt,18,22,0,2.6e-05,True
ego_000491.txt,20,53,7,0.401539,True
ego_000492.txt,26,116,TIMEOUT,5.000002,TIMEOUT
ego_000493.txt,35,102,4,0.311275,True
ego_000494.txt,14,35,0,2.4e-05,True
ego_000495.txt,27,120,TIMEOUT,5.000009,TIMEOUT
ego_000496.txt,19,41,1,9.8e-05,True
ego_000497.txt,34,86,TIMEOUT,5.000007,TIMEOUT
ego_000498.txt,15,24,0,2.4e-05,True
ego_000499.txt,15,28,0,2.6e-05,True
ego_000500.txt,25,202,TIMEOUT,5.000003,TIMEOUT
ego_000501.txt,13,33,3,0.000445,True
ego_000502.txt,11,10,0,1.9e-05,True
ego_000503.txt,27,90,TIMEOUT,5.000009,TIMEOUT
ego_000504.txt,25,82,TIMEOUT,5.000002,TIMEOUT
ego_000505.txt,15,22,2,0.000122,True
ego_000506.txt,26,86,6,2.025603,True
ego_000507.txt,28,81,2,0.002973,True
ego_000508.txt,21,27,1,8.2e-05,True
ego_000509.txt,27,26,0,3.1e-05,True
ego_000510.txt,30,262,TIMEOUT,5.000014,TIMEOUT
ego_000511.txt,20,19,0,2.2e-05,True
ego_000512.txt,12,14,0,2.2e-05,True
ego_000513.txt,14,33,4,0.002285,True
ego_000514.txt,34,206,TIMEOUT,5.000003,TIMEOUT
ego_000515.txt,23,24,0,2.3e-05,True
ego_000516.txt,10,11,0,2.1e-05,True
ego_000517.txt,16,80,6,0.08576,True
ego_000518.txt,17,16,0,2e-05,True
ego_000519.txt,20,19,0,2.5e-05,True
ego_000520.txt,13,24,1,3.5e-05,True
ego_000521.txt,15,22,2,0.000127,True
ego_000522.txt,24,36,0,3.2e-05,True
ego_000523.txt,26,40,0,3.1e-05,True
ego_000524.txt,29,104,TIMEOUT,5.000002,TIMEOUT
ego_000525.txt,13,49,4,0.002484,True
ego_000526.txt,28,70,4,0.042243,True
ego_000527.txt,30,152,TIMEOUT,5.000002,TIMEOUT
ego_000528.txt,30,152,TIMEOUT,5.00001,TIMEOUT
ego_000529.txt,23,68,4,0.095965,True
ego_000530.txt,24,29,0,2.6e-05,True
ego_000531.txt,24,81,7,3.21256,True
ego_000532.txt,10,9,0,1.9e-05,True
ego_000533.txt,28,89,3,0.019318,True
ego_000534.txt,35,39,0,3.5e-05,True
ego_000535.txt,15,14,0,2.4e-05,True
ego_000536.txt,21,59,6,0.340198,True
ego_000537.txt,11,25,3,0.000381,True
ego_000538.txt,15,22,2,0.000129,True
ego_000539.txt,21,60,9,2.455876,True
ego_000540.txt,34,36,0,3.1e-05,True
ego_000541.txt,26,66,TIMEOUT,5.0,TIMEOUT
ego_000542.txt,28,28,0,2.5e-05,True
ego_000543.txt,10,22,3,0.000234,True
ego_000544.txt,30,106,TIMEOUT,5.000002,TIMEOUT
ego_000545.txt,16,32,2,0.000429,True
ego_000546.txt,23,25,0,2.8e-05,True
ego_000547.txt,26,78,TIMEOUT,5.000002,TIMEOUT
ego_000548.txt,25,64,TIMEOUT,5.000002,TIMEOUT
ego_000549.txt,34,168,TIMEOUT,5.00001,TIMEOUT
ego_000550.txt,35,110,3,0.062325,True
ego_000551.txt,11,22,3,0.000365,True
ego_000552.txt,34,156,TIMEOUT,5.000015,TIMEOUT
ego_000553.txt,18,102,8,0.626315,True
ego_000554.txt,16,30,0,2.5e-05,True
ego_000555.txt,17,53,5,0.022763,True
ego_000556.txt,15,22,2,0.000126,True
ego_000557.txt,16,22,0,2.6e-05,True
ego_000558.txt,15,22,2,0.000126,True
ego_000559.txt,25,54,0,3.3e-05,True
ego_000560.txt,15,54,7,0.061553,True
ego_000561.txt,31,98,TIMEOUT,5.000008,TIMEOUT
ego_000562.txt,24,78,7,2.880341,True
ego_000563.txt,12,28,4,0.002289,True
ego_000564.txt,11,10,0,2e-05,True
ego_000565.txt,15,22,2,0.000125,True
ego_000566.txt,34,70,2,0.004374,True
ego_000567.txt,15,30,2,0.000351,True
ego_000568.txt,27,89,2,0.00252,True
ego_000569.txt,27,27,0,2.7e-05,True
ego_000570.txt,25,82,TIMEOUT,5.000001,TIMEOUT
ego_000571.txt,20,95,7,1.110393,True
ego_000572.txt,34,39,0,3.5e-05,True
ego_000573.txt,19,22,0,2.4e-05,True
ego_000574.txt,28,60,5,0.42899,True
ego_000575.txt,24,82,2,0.002789,True
ego_000576.txt,27,66,TIMEOUT,5.000003,TIMEOUT
ego_000577.txt,26,142,TIMEOUT,5.000009,TIMEOUT
ego_000578.txt,10,20,3,0.000285,True
ego_000579.txt,29,32,0,3e-05,True
ego_000580.txt,21,67,7,0.945091,True
ego_000581.txt,20,60,6,0.243631,True
ego_000582.txt,15,22,2,0.000157,True
ego_000583.txt,22,135,TIMEOUT,5.000009,TIMEOUT
ego_000584.txt,25,81,2,0.001526,True
ego_000585.txt,34,105,TIMEOUT,5.000002,TIMEOUT
ego_000586.txt,11,20,1,3.5e-05,True
ego_000587.txt,33,232,TIMEOUT,5.000029,TIMEOUT
ego_000588.txt,12,21,3,0.000473,True
ego_000589.txt,17,38,7,0.112584,True
ego_000590.txt,33,90,2,0.000586,True
ego_000591.txt,12,16,0,2.4e-05,True
ego_000592.txt,32,76,TIMEOUT,5.000004,TIMEOUT
ego_000593.txt,24,62,5,0.365532,True
ego_000594.txt,26,78,TIMEOUT,5.000002,TIMEOUT
ego_000595.txt,31,82,TIMEOUT,5.000005,TIMEOUT
ego_000596.txt,31,116,2,0.005502,True
ego_000597.txt,22,156,TIMEOUT,5.000005,TIMEOUT
ego_000598.txt,30,118,TIMEOUT,5.00001,TIMEOUT
ego_000599.txt,15,16,0,2e-05,True
ego_000600.txt,13,17,1,2.9e-05,True
ego_000601.txt,15,22,2,0.000127,True
ego_000602.txt,15,20,0,2.2e-05,True
ego_000603.txt,23,66,5,0.12868,True
ego_000604.txt,23,52,6,0.654395,True
ego_000605.txt,12,34,5,0.005186,True
ego_000606.txt,20,73,0,3.4e-05,True
ego_000607.txt,32,183,TIMEOUT,5.000011,TIMEOUT
ego_000608.txt,25,77,TIMEOUT,5.000004,TIMEOUT
ego_000609.txt,32,126,TIMEOUT,5.000016,TIMEOUT
ego_000610.txt,33,146,TIMEOUT,5.000007,TIMEOUT
ego_000611.txt,23,99,3,0.016199,True
ego_000612.txt,22,60,6,0.396381,True
ego_000613.txt,30,37,0,2.8e-05,True
ego_000614.txt,29,62,1,0.000196,True
ego_000615.txt,28,94,TIMEOUT,5.000003,TIMEOUT
ego_000616.txt,20,51,1,0.000226,True
ego_000617.txt,34,34,0,2.9e-05,True
ego_000618.txt,29,162,TIMEOUT,5.000012,TIMEOUT
ego_000619.txt,13,32,5,0.004811,True
ego_000620.txt,24,73,8,4.212916,True
ego_000621.txt,25,79,5,0.648824,True
ego_000622.txt,31,97,TIMEOUT,5.000011,TIMEOUT
ego_000623.txt,12,19,0,2e-05,True
ego_000624.txt,27,57,1,0.000293,True
ego_000625.txt,29,100,TIMEOUT,5.000003,TIMEOUT
ego_000626.txt,26,76,TIMEOUT,5.000007,TIMEOUT
ego_000627.txt,18,104,10,1.207977,True
ego_000628.txt,33,104,3,0.026747,True
ego_000629.txt,17,70,7,0.234484,True
ego_000630.txt,32,124,TIMEOUT,5.000007,TIMEOUT
ego_000631.txt,12,60,8,0.014852,True
ego_000632.txt,14,36,6,0.016062,True
ego_000633.txt,32,118,TIMEOUT,5.000009,TIMEOUT
ego_000634.txt,14,28,3,0.001303,True
ego_000635.txt,12,28,5,0.003421,True
ego_000636.txt,22,58,TIMEOUT,5.000003,TIMEOUT
ego_000637.txt,10,10,0,1.6e-05,True
ego_000638.txt,12,11,0,2e-05,True
ego_000639.txt,31,113,TIMEOUT,5.000004,TIMEOUT
ego_000640.txt,35,206,TIMEOUT,5.000017,TIMEOUT
ego_000641.txt,28,105,TIMEOUT,5.000009,TIMEOUT
ego_000642.txt,30,80,TIMEOUT,5.000003,TIMEOUT
ego_000643.txt,32,127,4,0.642485,True
ego_000644.txt,11,22,4,0.000862,True
ego_000645.txt,33,195,TIMEOUT,5.000012,TIMEOUT
ego_000646.txt,32,33,0,2.6e-05,True
ego_000647.txt,14,34,4,0.002457,True
ego_000648.txt,32,90,TIMEOUT,5.000007,TIMEOUT
ego_000649.txt,27,152,TIMEOUT,5.000007,TIMEOUT
ego_000650.txt,11,22,2,0.000111,True
ego_000651.txt,13,24,2,0.000408,True
ego_000652.txt,15,22,2,0.000124,True
ego_000653.txt,30,103,TIMEOUT,5.000012,TIMEOUT
ego_000654.txt,31,116,TIMEOUT,5.000007,TIMEOUT
ego_000655.txt,23,73,6,0.413247,True
ego_000656.txt,16,48,8,0.164718,True
ego_000657.txt,35,106,TIMEOUT,5.000005,TIMEOUT
ego_000658.txt,35,82,TIMEOUT,5.000001,TIMEOUT
ego_000659.txt,12,17,0,2e-05,True
ego_000660.txt,32,118,TIMEOUT,5.000012,TIMEOUT
ego_000661.txt,26,86,6,1.863046,True
ego_000662.txt,15,38,6,0.031108,True
ego_000663.txt,19,81,5,0.094638,True
ego_000664.txt,20,37,0,2.4e-05,True
ego_000665.txt,25,26,0,2.9e-05,True
ego_000666.txt,19,59,6,0.159574,True
ego_000667.txt,10,18,2,5.3e-05,True
ego_000668.txt,26,149,TIMEOUT,5.00001,TIMEOUT
ego_000669.txt,29,112,1,0.000402,True
ego_000670.txt,28,175,TIMEOUT,5.000017,TIMEOUT
ego_000671.txt,18,47,5,0.025623,True
ego_000672.txt,32,44,0,3.1e-05,True
ego_000673.txt,18,46,5,0.046983,True
ego_000674.txt,19,23,0,2.8e-05,True
ego_000675.txt,23,58,4,0.069008,True
ego_000676.txt,30,90,TIMEOUT,5.000011,TIMEOUT
ego_000677.txt,18,48,4,0.0138,True
ego_000678.txt,17,58,5,0.027237,True
ego_000679.txt,20,19,0,2.2e-05,True
ego_000680.txt,10,34,4,0.00086,True
ego_000681.txt,22,50,8,2.061675,True
ego_000682.txt,26,62,6,0.723819,True
ego_000683.txt,33,194,TIMEOUT,5.00002,TIMEOUT
ego_000684.txt,24,68,4,0.099064,True
ego_000685.txt,10,24,4,0.000657,True
ego_000686.txt,30,82,TIMEOUT,5.000009,TIMEOUT
ego_000687.txt,22,64,6,0.744147,True
ego_000688.txt,27,68,5,0.424848,True
ego_000689.txt,15,22,2,0.000127,True
ego_000690.txt,15,22,2,0.000126,True
ego_000691.txt,21,44,8,1.265332,True
ego_000692.txt,11,32,4,0.001659,True
ego_000693.txt,19,68,6,0.180157,True
ego_000694.txt,17,21,0,2.1e-05,True
ego_000695.txt,27,51,0,3.2e-05,True
ego_000696.txt,18,36,0,2.7e-05,True
ego_000697.txt,29,86,3,0.005685,True
ego_000698.txt,26,103,2,0.001969,True
ego_000699.txt,26,82,3,0.015641,True
ego_000700.txt,29,78,4,0.103958,True
ego_000701.txt,11,22,2,0.000205,True
ego_000702.txt,14,36,5,0.006892,True
ego_000703.txt,15,34,4,0.005354,True
ego_000704.txt,13,45,4,0.003924,True
ego_000705.txt,33,32,0,2.9e-05,True
ego_000706.txt,35,74,TIMEOUT,5.000009,TIMEOUT
ego_000707.txt,16,16,0,2.1e-05,True
ego_000708.txt,27,91,TIMEOUT,5.000006,TIMEOUT
ego_000709.txt,29,62,2,0.001693,True
ego_000710.txt,15,22,2,0.000161,True
ego_000711.txt,26,86,6,2.095205,True
ego_000712.txt,17,44,2,0.00027,True
ego_000713.txt,35,110,TIMEOUT,5.000002,TIMEOUT
ego_000714.txt,24,80,7,2.915362,True
ego_000715.txt,32,70,4,0.176507,True
ego_000716.txt,22,70,6,0.651604,True
ego_000717.txt,20,39,2,0.001349,True
ego_000718.txt,15,22,2,0.000128,True
ego_000719.txt,14,20,1,0.000138,True
ego_000720.txt,22,66,TIMEOUT,5.000002,TIMEOUT
ego_000721.txt,20,60,4,0.031713,True
ego_000722.txt,30,194,TIMEOUT,5.000012,TIMEOUT
ego_000723.txt,32,118,TIMEOUT,5.000017,TIMEOUT
ego_000724.txt,32,68,3,0.014722,True
ego_000725.txt,30,145,TIMEOUT,5.000006,TIMEOUT
ego_000726.txt,30,91,TIMEOUT,5.000003,TIMEOUT
ego_000727.txt,29,92,TIMEOUT,5.000001,TIMEOUT
ego_000728.txt,32,118,TIMEOUT,5.000003,TIMEOUT
ego_000729.txt,27,134,TIMEOUT,5.000009,TIMEOUT
ego_000730.txt,15,34,6,0.027967,True
ego_000731.txt,13,32,2,0.00043,True
ego_000732.txt,27,28,0,2.7e-05,True
ego_000733.txt,16,46,4,0.011801,True
ego_000734.txt,30,110,TIMEOUT,5.000004,TIMEOUT
ego_000735.txt,20,52,6,0.195406,True
ego_000736.txt,12,22,1,5e-05,True
ego_000737.txt,27,100,TIMEOUT,5.000007,TIMEOUT
ego_000738.txt,35,67,0,3.5e-05,True
ego_000739.txt,29,58,2,0.000845,True
ego_000740.txt,17,56,7,0.17606,True
ego_000741.txt,25,66,6,1.920062,True
ego_000742.txt,16,30,4,0.006789,True
ego_000743.txt,12,90,8,0.020645,True
ego_000744.txt,14,13,0,2e-05,True
ego_000745.txt,21,76,7,1.252787,True
ego_000746.txt,19,119,10,2.302573,True
ego_000747.txt,31,129,TIMEOUT,5.000004,TIMEOUT
ego_000748.txt,13,41,4,0.003223,True
ego_000749.txt,15,108,10,0.188117,True
ego_000750.txt,30,95,TIMEOUT,5.000005,TIMEOUT
ego_000751.txt,22,56,3,0.004719,True
ego_000752.txt,18,114,11,1.467661,True
ego_000753.txt,30,88,TIMEOUT,5.000002,TIMEOUT
ego_000754.txt,18,17,0,1.9e-05,True
ego_000755.txt,28,40,0,3.6e-05,True
ego_000756.txt,32,118,TIMEOUT,5.000011,TIMEOUT
ego_000757.txt,22,50,5,0.074798,True
ego_000758.txt,27,152,TIMEOUT,5.000013,TIMEOUT
ego_000759.txt,32,116,TIMEOUT,5.000009,TIMEOUT
ego_000760.txt,15,22,2,0.000123,True
ego_000761.txt,35,83,0,4.1e-05,True
ego_000762.txt,10,51,5,0.00195,True
ego_000763.txt,29,28,0,3e-05,True
ego_000764.txt,18,58,6,0.085574,True
ego_000765.txt,17,26,0,2e-05,True
ego_000766.txt,10,15,1,5.1e-05,True
ego_000767.txt,19,46,4,0.031825,True
ego_000768.txt,27,97,TIMEOUT,5.000008,TIMEOUT
ego_000769.txt,24,48,0,3.1e-05,True
ego_000770.txt,30,232,TIMEOUT,5.000006,TIMEOUT
ego_000771.txt,31,141,TIMEOUT,5.000006,TIMEOUT
ego_000772.txt,21,51,4,0.053832,True
ego_000773.txt,15,30,2,0.000232,True
ego_000774.txt,15,22,2,0.000185,True
ego_000775.txt,14,19,2,0.000108,True
ego_000776.txt,18,44,3,0.00146,True
ego_000777.txt,13,26,2,0.000333,True
ego_000778.txt,15,22,2,0.000127,True
ego_000779.txt,10,26,3,0.000264,True
ego_000780.txt,28,101,TIMEOUT,5.000008,TIMEOUT
ego_000781.txt,16,64,6,0.06785,True
ego_000782.txt,32,32,0,2.6e-05,True
ego_000783.txt,27,27,0,3.3e-05,True
ego_000784.txt,24,50,1,0.00024,True
ego_000785.txt,15,22,2,0.000132,True
ego_000786.txt,34,105,TIMEOUT,5.000009,TIMEOUT
ego_000787.txt,27,32,0,2.8e-05,True
ego_000788.txt,10,18,3,0.000202,True
ego_000789.txt,30,30,0,3.1e-05,True
ego_000790.txt,31,78,0,3.9e-05,True
ego_000791.txt,16,40,5,0.013733,True
ego_000792.txt,30,29,0,3.1e-05,True
ego_000793.txt,21,42,1,0.000122,True
ego_000794.txt,19,61,2,0.000311,True
ego_000795.txt,22,46,5,0.13814,True
ego_000796.txt,31,47,0,2.9e-05,True
ego_000797.txt,35,99,3,0.090317,True
ego_000798.txt,12,34,4,0.001791,True
ego_000799.txt,12,26,4,0.002025,True
ego_000800.txt,27,133,2,0.004136,True
ego_000801.txt,15,22,2,0.000124,True
ego_000802.txt,29,86,3,0.03118,True
ego_000803.txt,18,39,2,0.000406,True
ego_000804.txt,20,216,TIMEOUT,5.000006,TIMEOUT
ego_000805.txt,20,56,6,0.147535,True
ego_000806.txt,34,66,1,0.000266,True
ego_000807.txt,32,32,1,9.3e-05,True
ego_000808.txt,15,14,0,2e-05,True
ego_000809.txt,11,30,5,0.002478,True
ego_000810.txt,15,22,2,0.000132,True
ego_000811.txt,34,34,0,3.2e-05,True
ego_000812.txt,14,34,3,0.000578,True
ego_000813.txt,17,32,5,0.030115,True
ego_000814.txt,32,118,TIMEOUT,5.000004,TIMEOUT
ego_000815.txt,15,22,2,0.000155,True
ego_000816.txt,26,68,7,4.154418,True
ego_000817.txt,16,18,0,1.9e-05,True
ego_000818.txt,25,82,2,0.003087,True
ego_000819.txt,21,56,6,0.198855,True
ego_000820.txt,24,108,TIMEOUT,5.000002,TIMEOUT
ego_000821.txt,34,91,4,0.443995,True
ego_000822.txt,25,102,4,0.169632,True
ego_000823.txt,15,46,5,0.02237,True
ego_000824.txt,27,45,1,8.1e-05,True
ego_000825.txt,15,22,2,0.000124,True
ego_000826.txt,32,118,TIMEOUT,5.000001,TIMEOUT
ego_000827.txt,32,61,2,0.005383,True
ego_000828.txt,34,160,TIMEOUT,5.000008,TIMEOUT
ego_000829.txt,32,32,0,3.2e-05,True
ego_000830.txt,21,58,5,0.214794,True
ego_000831.txt,23,75,6,0.932252,True
ego_000832.txt,26,83,TIMEOUT,5.000002,TIMEOUT
ego_000833.txt,16,32,5,0.018225,True
ego_000834.txt,18,17,0,3.8e-05,True
ego_000835.txt,22,38,2,0.000575,True
ego_000836.txt,30,48,1,0.000216,True
ego_000837.txt,19,59,1,9.8e-05,True
ego_000838.txt,12,36,4,0.002937,True
ego_000839.txt,15,22,2,0.000127,True
ego_000840.txt,19,58,5,0.072308,True
ego_000841.txt,26,78,6,2.086131,True
ego_000842.txt,33,125,3,0.014731,True
ego_000843.txt,22,40,3,0.003782,True
ego_000844.txt,27,122,TIMEOUT,5.000004,TIMEOUT
ego_000845.txt,21,54,5,0.055065,True
ego_000846.txt,21,63,6,0.513558,True
ego_000847.txt,22,22,0,2.1e-05,True
ego_000848.txt,14,128,11,0.115642,True
ego_000849.txt,27,78,TIMEOUT,5.000005,TIMEOUT
ego_000850.txt,20,70,10,2.956309,True
ego_000851.txt,16,22,0,2.1e-05,True
ego_000852.txt,30,64,6,4.235772,True
ego_000853.txt,29,70,TIMEOUT,5.000003,TIMEOUT
ego_000854.txt,28,101,TIMEOUT,5.000002,TIMEOUT
ego_000855.txt,21,20,0,2.4e-05,True
ego_000856.txt,13,17,1,2.7e-05,True
ego_000857.txt,29,80,TIMEOUT,5.000003,TIMEOUT
ego_000858.txt,34,162,TIMEOUT,5.000022,TIMEOUT
ego_000859.txt,10,27,3,0.000216,True
ego_000860.txt,27,72,TIMEOUT,5.000007,TIMEOUT
ego_000861.txt,13,12,0,1.8e-05,True
ego_000862.txt,10,29,3,0.000361,True
ego_000863.txt,22,56,7,0.995783,True
ego_000864.txt,31,94,TIMEOUT,5.000004,TIMEOUT
ego_000865.txt,24,73,4,0.064347,True
ego_000866.txt,34,80,TIMEOUT,5.000003,TIMEOUT
ego_000867.txt,33,78,TIMEOUT,5.000009,TIMEOUT
ego_000868.txt,15,22,2,0.00012,True
ego_000869.txt,26,36,1,0.000154,True
ego_000870.txt,26,99,2,0.0044,True
ego_000871.txt,22,46,3,0.002125,True
ego_000872.txt,17,17,0,2.5e-05,True
ego_000873.txt,28,106,TIMEOUT,5.000002,TIMEOUT
ego_000874.txt,21,122,TIMEOUT,5.000001,TIMEOUT
ego_000875.txt,29,80,TIMEOUT,5.0,TIMEOUT
ego_000876.txt,16,37,3,0.004187,True
ego_000877.txt,15,28,1,8.8e-05,True
ego_000878.txt,30,88,TIMEOUT,5.000006,TIMEOUT
ego_000879.txt,15,39,4,0.003158,True
ego_000880.txt,34,105,TIMEOUT,5.00001,TIMEOUT
ego_000881.txt,14,31,4,0.002162,True
ego_000882.txt,34,94,TIMEOUT,5.000003,TIMEOUT
ego_000883.txt,28,101,TIMEOUT,5.000002,TIMEOUT
ego_000884.txt,24,79,3,0.012476,True
ego_000885.txt,28,84,TIMEOUT,5.000009,TIMEOUT
ego_000886.txt,31,80,6,2.622612,True
ego_000887.txt,28,27,0,2.4e-05,True
ego_000888.txt,35,111,3,0.043521,True
ego_000889.txt,19,18,0,2.1e-05,True
ego_000890.txt,15,22,2,0.000129,True
ego_000891.txt,32,232,TIMEOUT,5.000016,TIMEOUT
ego_000892.txt,27,84,TIMEOUT,5.000004,TIMEOUT
ego_000893.txt,26,54,1,0.000278,True
ego_000894.txt,24,26,0,2.8e-05,True
ego_000895.txt,25,64,TIMEOUT,5.000003,TIMEOUT
ego_000896.txt,26,68,3,0.017929,True
ego_000897.txt,17,16,0,2.1e-05,True
ego_000898.txt,12,35,4,0.003319,True
ego_000899.txt,33,70,TIMEOUT,5.000011,TIMEOUT
ego_000900.txt,25,118,TIMEOUT,5.000002,TIMEOUT
ego_000901.txt,20,30,1,0.000131,True
ego_000902.txt,31,66,4,0.047788,True
ego_000903.txt,26,58,6,1.34003,True
ego_000904.txt,32,132,TIMEOUT,5.000007,TIMEOUT
ego_000905.txt,35,34,0,5.4e-05,True
ego_000906.txt,32,118,TIMEOUT,5.000012,TIMEOUT
ego_000907.txt,15,22,2,0.000125,True
ego_000908.txt,15,22,2,0.000126,True
ego_000909.txt,32,80,4,0.073388,True
ego_000910.txt,16,16,1,3.8e-05,True
ego_000911.txt,17,24,0,2.8e-05,True
ego_000912.txt,35,118,TIMEOUT,5.000011,TIMEOUT
ego_000913.txt,18,36,3,0.001854,True
ego_000914.txt,20,19,0,2.3e-05,True
ego_000915.txt,15,22,2,0.000127,True
ego_000916.txt,33,94,4,0.29302,True
ego_000917.txt,35,55,0,3.3e-05,True
ego_000918.txt,11,26,1,5.1e-05,True
ego_000919.txt,32,203,TIMEOUT,5.000007,TIMEOUT
ego_000920.txt,31,100,3,0.02319,True
ego_000921.txt,13,18,2,9e-05,True
ego_000922.txt,17,42,2,0.000419,True
ego_000923.txt,23,88,TIMEOUT,5.000007,TIMEOUT
ego_000924.txt,10,25,1,2.7e-05,True
ego_000925.txt,27,34,1,0.000248,True
ego_000926.txt,27,60,7,4.207094,True
ego_000927.txt,15,22,2,0.000124,True
ego_000928.txt,29,79,0,3.9e-05,True
ego_000929.txt,28,86,TIMEOUT,5.000006,TIMEOUT
ego_000930.txt,11,31,2,0.000277,True
ego_000931.txt,21,48,9,2.717892,True
ego_000932.txt,12,82,6,0.01275,True
ego_000933.txt,22,21,0,2.5e-05,True
ego_000934.txt,21,68,8,2.184405,True
ego_000935.txt,32,128,1,0.000654,True
ego_000936.txt,13,30,4,0.001794,True
ego_000937.txt,10,34,3,0.000428,True
ego_000938.txt,18,50,0,3.2e-05,True
ego_000939.txt,13,19,1,2.8e-05,True
ego_000940.txt,24,40,1,4.3e-05,True
ego_000941.txt,20,44,4,0.017931,True
ego_000942.txt,11,10,0,1.9e-05,True
ego_000943.txt,21,55,5,0.187683,True
ego_000944.txt,33,102,TIMEOUT,5.000004,TIMEOUT
ego_000945.txt,20,74,8,1.500756,True
ego_000946.txt,20,70,7,0.46467,True
ego_000947.txt,10,10,0,1.6e-05,True
ego_000948.txt,17,71,7,0.232153,True
ego_000949.txt,34,105,TIMEOUT,5.000008,TIMEOUT
ego_000950.txt,16,34,4,0.003605,True
ego_000951.txt,15,22,2,0.000123,True
ego_000952.txt,34,76,5,3.238468,True
ego_000953.txt,21,54,5,0.142631,True
ego_000954.txt,20,48,6,0.179745,True
ego_000955.txt,30,84,TIMEOUT,5.000003,TIMEOUT
ego_000956.txt,13,40,6,0.014792,True
ego_000957.txt,28,112,4,0.173714,True
ego_000958.txt,18,56,7,0.292713,True
ego_000959.txt,34,122,TIMEOUT,5.000002,TIMEOUT
ego_000960.txt,16,30,2,0.000628,True
ego_000961.txt,12,30,4,0.002396,True
ego_000962.txt,16,32,4,0.003443,True
ego_000963.txt,25,192,TIMEOUT,5.000004,TIMEOUT
ego_000964.txt,15,46,2,0.000314,True
ego_000965.txt,35,60,0,3.7e-05,True
ego_000966.txt,34,127,TIMEOUT,5.000003,TIMEOUT
ego_000967.txt,31,188,TIMEOUT,5.000015,TIMEOUT
ego_000968.txt,22,21,0,2.4e-05,True
ego_000969.txt,30,189,TIMEOUT,5.000004,TIMEOUT
ego_000970.txt,33,72,5,0.965216,True
ego_000971.txt,26,88,TIMEOUT,5.000002,TIMEOUT
ego_000972.txt,18,17,0,2.2e-05,True
ego_000973.txt,18,17,0,2.3e-05,True
ego_000974.txt,35,36,0,3.3e-05,True
ego_000975.txt,32,159,TIMEOUT,5.000014,TIMEOUT
ego_000976.txt,21,74,9,2.981052,True
ego_000977.txt,20,57,1,7.7e-05,True
ego_000978.txt,26,84,TIMEOUT,5.000003,TIMEOUT
ego_000979.txt,13,64,6,0.014783,True
ego_000980.txt,19,43,5,0.033341,True
ego_000981.txt,11,18,0,2e-05,True
ego_000982.txt,11,24,2,0.000126,True
ego_000983.txt,20,20,0,2.4e-05,True
ego_000984.txt,15,22,2,0.000136,True
ego_000985.txt,31,93,TIMEOUT,5.000002,TIMEOUT
ego_000986.txt,11,37,4,0.001578,True
ego_000987.txt,34,128,TIMEOUT,5.000004,TIMEOUT
ego_000988.txt,10,23,3,0.000356,True
ego_000989.txt,16,64,6,0.063537,True
ego_000990.txt,21,47,2,0.001116,True
ego_000991.txt,13,36,5,0.00574,True
ego_000992.txt,19,52,6,0.158422,True
ego_000993.txt,17,70,7,0.159926,True
ego_000994.txt,24,71,5,0.479469,True
ego_000995.txt,22,64,8,2.04425,True
ego_000996.txt,29,82,TIMEOUT,5.000009,TIMEOUT
ego_000997.txt,14,95,7,0.05638,True
ego_000998.txt,11,20,2,0.000225,True
ego_000999.txt,17,71,7,0.171763,True
ego_001000.txt,14,14,0,2.1e-05,True
ego_001001.txt,32,62,1,4e-05,True
ego_001002.txt,17,26,2,0.000482,True
ego_001003.txt,30,30,0,3.1e-05,True
ego_001004.txt,14,32,5,0.008665,True
ego_001005.txt,12,38,3,0.001145,True
ego_001006.txt,11,21,2,0.000141,True
ego_001007.txt,30,58,1,3.8e-05,True
ego_001008.txt,10,16,0,1.9e-05,True
ego_001009.txt,22,21,0,3.2e-05,True
ego_001010.txt,16,37,1,0.000121,True
ego_001011.txt,15,134,11,0.240421,True
ego_001012.txt,15,100,8,0.136116,True
ego_001013.txt,18,63,6,0.156914,True
ego_001014.txt,13,34,3,0.000695,True
ego_001015.txt,10,21,3,0.000337,True
ego_001016.txt,23,73,7,1.980746,True
ego_001017.txt,31,153,TIMEOUT,5.000004,TIMEOUT
ego_001018.txt,22,66,6,0.557101,True
ego_001019.txt,18,45,5,0.0367,True
ego_001020.txt,10,10,0,1.8e-05,True
ego_001021.txt,34,66,1,4.1e-05,True
ego_001022.txt,29,32,0,5.8e-05,True
ego_001023.txt,21,49,4,0.053425,True
ego_001024.txt,29,70,TIMEOUT,5.000008,TIMEOUT
ego_001025.txt,11,13,1,2.3e-05,True
ego_001026.txt,28,60,6,1.683748,True
ego_001027.txt,28,98,TIMEOUT,5.000005,TIMEOUT
ego_001028.txt,16,42,5,0.015196,True
ego_001029.txt,24,52,1,5.8e-05,True
ego_001030.txt,11,24,4,0.000829,True
ego_001031.txt,13,23,1,3.1e-05,True
ego_001032.txt,22,68,6,0.68358,True
ego_001033.txt,29,64,5,1.024249,True
ego_001034.txt,33,99,2,0.004229,True
ego_001035.txt,26,85,TIMEOUT,5.000004,TIMEOUT
ego_001036.txt,11,12,0,2.7e-05,True
ego_001037.txt,32,57,1,0.000333,True
ego_001038.txt,31,96,TIMEOUT,5.000007,TIMEOUT
ego_001039.txt,32,136,4,0.287148,True
ego_001040.txt,12,31,3,0.000364,True
ego_001041.txt,26,68,TIMEOUT,5.000003,TIMEOUT
ego_001042.txt,27,63,1,0.000284,True
ego_001043.txt,17,17,0,2.2e-05,True
ego_001044.txt,18,172,12,2.368095,True
ego_001045.txt,14,38,4,0.004549,True
ego_001046.txt,12,31,3,0.001088,True
ego_001047.txt,33,216,TIMEOUT,5.00001,TIMEOUT
ego_001048.txt,24,72,5,0.306314,True
ego_001049.txt,28,100,TIMEOUT,5.000008,TIMEOUT
ego_001050.txt,26,142,3,0.021988,True
ego_001051.txt,17,44,5,0.037997,True
ego_001052.txt,33,80,2,0.006485,True
ego_001053.txt,30,92,TIMEOUT,5.00001,TIMEOUT
ego_001054.txt,25,146,TIMEOUT,5.000015,TIMEOUT
ego_001055.txt,15,14,0,2.3e-05,True
ego_001056.txt,33,72,TIMEOUT,5.000005,TIMEOUT
ego_001057.txt,32,118,TIMEOUT,5.000002,TIMEOUT
ego_001058.txt,10,26,2,0.000138,True
ego_001059.txt,25,81,4,0.030741,True
ego_001060.txt,10,48,6,0.002871,True
ego_001061.txt,35,70,2,0.00689,True
ego_001062.txt,15,22,2,0.000126,True
ego_001063.txt,15,71,6,0.05984,True
ego_001064.txt,25,127,TIMEOUT,5.000002,TIMEOUT
ego_001065.txt,18,43,1,0.000118,True
ego_001066.txt,14,33,2,0.000544,True
ego_001067.txt,14,30,2,0.0002,True
ego_001068.txt,12,21,0,2.1e-05,True
ego_001069.txt,16,41,5,0.018095,True
ego_001070.txt,25,150,TIMEOUT,5.000004,TIMEOUT
ego_001071.txt,15,22,2,0.000124,True
ego_001072.txt,21,144,TIMEOUT,5.000007,TIMEOUT
ego_001073.txt,30,119,TIMEOUT,5.000003,TIMEOUT
ego_001074.txt,25,106,TIMEOUT,5.000005,TIMEOUT
ego_001075.txt,15,22,2,0.000122,True
ego_001076.txt,21,21,0,2.4e-05,True
ego_001077.txt,11,38,6,0.003905,True
ego_001078.txt,14,31,3,0.001177,True
ego_001079.txt,30,94,TIMEOUT,5.000002,TIMEOUT
ego_001080.txt,22,29,0,2.6e-05,True
ego_001081.txt,25,53,0,3.7e-05,True
ego_001082.txt,15,22,2,0.000129,True
ego_001083.txt,21,96,0,4.3e-05,True
ego_001084.txt,19,27,2,0.0011,True
ego_001085.txt,23,137,TIMEOUT,5.000009,TIMEOUT
ego_001086.txt,25,71,2,0.00234,True
ego_001087.txt,13,40,5,0.00594,True
ego_001088.txt,34,316,TIMEOUT,5.000011,TIMEOUT
ego_001089.txt,14,23,1,6.6e-05,True
ego_001090.txt,31,62,2,0.002324,True
ego_001091.txt,27,56,3,0.007982,True
ego_001092.txt,10,18,0,2e-05,True
ego_001093.txt,10,10,0,1.9e-05,True
ego_001094.txt,26,134,TIMEOUT,5.000008,TIMEOUT
ego_001095.txt,13,13,0,1.8e-05,True
ego_001096.txt,12,16,2,0.00011,True
ego_001097.txt,14,44,6,0.019168,True
ego_001098.txt,15,46,5,0.022214,True
ego_001099.txt,24,73,8,4.152303,True
ego_001100.txt,18,44,3,0.00479,True
ego_001101.txt,31,98,1,0.000525,True
ego_001102.txt,32,120,TIMEOUT,5.000002,TIMEOUT
ego_001103.txt,32,88,TIMEOUT,5.000002,TIMEOUT
ego_001104.txt,15,22,2,0.000123,True
ego_001105.txt,11,29,3,0.000459,True
ego_001106.txt,22,58,7,0.843408,True
ego_001107.txt,27,88,TIMEOUT,5.000002,TIMEOUT
ego_001108.txt,15,86,10,0.170843,True
ego_001109.txt,32,118,TIMEOUT,5.000013,TIMEOUT
ego_001110.txt,13,12,0,1.8e-05,True
ego_001111.txt,13,27,1,7e-05,True
ego_001112.txt,23,86,7,1.332939,True
ego_001113.txt,23,74,6,1.000787,True
ego_001114.txt,32,86,3,0.017943,True
ego_001115.txt,32,220,TIMEOUT,5.000005,TIMEOUT
ego_001116.txt,11,20,3,0.00051,True
ego_001117.txt,28,87,TIMEOUT,5.000007,TIMEOUT
ego_001118.txt,17,32,2,0.000554,True
ego_001119.txt,15,22,2,0.000132,True
ego_001120.txt,12,94,9,0.022212,True
ego_001121.txt,34,88,TIMEOUT,5.000007,TIMEOUT
ego_001122.txt,20,46,8,0.960839,True
ego_001123.txt,34,105,TIMEOUT,5.00001,TIMEOUT
ego_001124.txt,26,129,TIMEOUT,5.000007,TIMEOUT
ego_001125.txt,20,54,6,0.405555,True
ego_001126.txt,32,80,TIMEOUT,5.000006,TIMEOUT
ego_001127.txt,23,44,2,0.00127,True
ego_001128.txt,30,124,TIMEOUT,5.000005,TIMEOUT
ego_001129.txt,26,84,TIMEOUT,5.000001,TIMEOUT
ego_001130.txt,19,52,7,0.348933,True
ego_001131.txt,15,22,2,0.000125,True
ego_001132.txt,34,192,TIMEOUT,5.000001,TIMEOUT
ego_001133.txt,15,14,0,2.1e-05,True
ego_001134.txt,25,32,0,2.9e-05,True
ego_001135.txt,19,42,4,0.022945,True
ego_001136.txt,30,80,TIMEOUT,5.000003,TIMEOUT
ego_001137.txt,33,183,TIMEOUT,5.000004,TIMEOUT
ego_001138.txt,34,208,TIMEOUT,5.000004,TIMEOUT
ego_001139.txt,27,82,TIMEOUT,5.000011,TIMEOUT
ego_001140.txt,34,208,TIMEOUT,5.00001,TIMEOUT
ego_001141.txt,25,82,6,1.396743,True
ego_001142.txt,27,37,0,2.6e-05,True
ego_001143.txt,18,17,0,2.1e-05,True
ego_001144.txt,11,22,2,0.000119,True
ego_001145.txt,15,24,2,0.000643,True
ego_001146.txt,33,194,TIMEOUT,5.000011,TIMEOUT
ego_001147.txt,18,17,0,2.3e-05,True
ego_001148.txt,32,118,TIMEOUT,5.000003,TIMEOUT
ego_001149.txt,34,88,TIMEOUT,5.000016,TIMEOUT
ego_001150.txt,31,112,TIMEOUT,5.000003,TIMEOUT
ego_001151.txt,31,173,4,0.36599,True
ego_001152.txt,21,44,1,5.3e-05,True
ego_001153.txt,10,17,2,9e-05,True
ego_001154.txt,35,114,TIMEOUT,5.000017,TIMEOUT
ego_001155.txt,26,25,0,3.2e-05,True
ego_001156.txt,10,18,3,0.000391,True
ego_001157.txt,28,108,TIMEOUT,5.000001,TIMEOUT
ego_001158.txt,15,22,2,0.000121,True
ego_001159.txt,27,104,TIMEOUT,5.000005,TIMEOUT
ego_001160.txt,29,53,0,3.1e-05,True
ego_001161.txt,14,50,6,0.01722,True
ego_001162.txt,12,30,2,0.000186,True
ego_001163.txt,23,38,0,3.2e-05,True
ego_001164.txt,15,52,6,0.037553,True
ego_001165.txt,28,103,TIMEOUT,5.000005,TIMEOUT
ego_001166.txt,32,118,TIMEOUT,5.000011,TIMEOUT
ego_001167.txt,29,143,3,0.065749,True
ego_001168.txt,15,22,2,0.000125,True
ego_001169.txt,10,28,3,0.000338,True
ego_001170.txt,17,60,5,0.029555,True
ego_001171.txt,18,48,6,0.075482,True
ego_001172.txt,30,183,TIMEOUT,5.000008,TIMEOUT
ego_001173.txt,24,90,TIMEOUT,5.000005,TIMEOUT
ego_001174.txt,20,103,9,3.032866,True
ego_001175.txt,34,173,5,2.270005,True
ego_001176.txt,32,70,6,2.774735,True
ego_001177.txt,29,138,TIMEOUT,5.000002,TIMEOUT
ego_001178.txt,27,61,4,0.059946,True
ego_001179.txt,15,27,3,0.000797,True
ego_001180.txt,16,52,7,0.08126,True
ego_001181.txt,10,22,3,0.000221,True
ego_001182.txt,16,60,6,0.056433,True
ego_001183.txt,31,52,0,3.3e-05,True
ego_001184.txt,15,51,4,0.007999,True
ego_001185.txt,18,17,0,2.2e-05,True
ego_001186.txt,11,27,3,0.000639,True
ego_001187.txt,34,98,TIMEOUT,5.000007,TIMEOUT
ego_001188.txt,14,38,3,0.00119,True
ego_001189.txt,18,47,5,0.028142,True
ego_001190.txt,33,155,5,4.058616,True
ego_001191.txt,10,14,1,3.1e-05,True
ego_001192.txt,30,109,TIMEOUT,5.00001,TIMEOUT
ego_001193.txt,28,64,TIMEOUT,5.00001,TIMEOUT
ego_001194.txt,15,58,8,0.080863,True
ego_001195.txt,15,22,2,0.000126,True
ego_001196.txt,27,87,4,0.191164,True
ego_001197.txt,27,56,TIMEOUT,5.000007,TIMEOUT
ego_001198.txt,14,27,1,9.3e-05,True
ego_001199.txt,19,18,0,2.5e-05,True
ego_001200.txt,23,114,TIMEOUT,5.000002,TIMEOUT
ego_001201.txt,28,70,5,0.434851,True
ego_001202.txt,29,96,TIMEOUT,5.000011,TIMEOUT
ego_001203.txt,10,14,1,4e-05,True
ego_001204.txt,10,13,1,2.8e-05,True
ego_001205.txt,23,146,TIMEOUT,5.000011,TIMEOUT
ego_001206.txt,10,9,0,2.1e-05,True
ego_001207.txt,20,104,10,3.498897,True
ego_001208.txt,30,120,TIMEOUT,5.000009,TIMEOUT
ego_001209.txt,16,53,6,0.039722,True
ego_001210.txt,26,66,6,1.632186,True
ego_001211.txt,23,66,TIMEOUT,5.000004,TIMEOUT
ego_001212.txt,13,24,1,4.2e-05,True
ego_001213.txt,35,112,TIMEOUT,5.000002,TIMEOUT
ego_001214.txt,15,22,2,0.000126,True
ego_001215.txt,18,36,3,0.001482,True
ego_001216.txt,15,22,2,0.000159,True
ego_001217.txt,24,92,6,1.523872,True
ego_001218.txt,32,76,TIMEOUT,5.000008,TIMEOUT
ego_001219.txt,15,22,2,0.000122,True
ego_001220.txt,12,17,0,2.2e-05,True
ego_001221.txt,10,26,3,0.000301,True
ego_001222.txt,21,63,7,0.60782,True
ego_001223.txt,19,44,7,0.281172,True
ego_001224.txt,23,41,3,0.005242,True
ego_001225.txt,10,27,1,5.1e-05,True
ego_001226.txt,19,57,5,0.111352,True
ego_001227.txt,16,34,4,0.011503,True
ego_001228.txt,21,57,6,0.192687,True
ego_001229.txt,17,46,4,0.01573,True
ego_001230.txt,32,32,0,3.4e-05,True
ego_001231.txt,15,42,6,0.039392,True
ego_001232.txt,30,92,TIMEOUT,5.000008,TIMEOUT
ego_001233.txt,15,22,2,0.00013,True
ego_001234.txt,29,104,2,0.002178,True
ego_001235.txt,19,100,6,0.32595,True
ego_001236.txt,14,24,1,7.1e-05,True
ego_001237.txt,18,54,6,0.079437,True
ego_001238.txt,23,60,TIMEOUT,5.000005,TIMEOUT
ego_001239.txt,20,63,7,0.529465,True
ego_001240.txt,32,84,TIMEOUT,5.000005,TIMEOUT
ego_001241.txt,15,14,0,1.8e-05,True
ego_001242.txt,15,14,0,2.1e-05,True
ego_001243.txt,10,9,0,1.7e-05,True
ego_001244.txt,24,85,7,3.463106,True
ego_001245.txt,32,100,TIMEOUT,5.000011,TIMEOUT
ego_001246.txt,21,27,0,2.3e-05,True
ego_001247.txt,14,22,1,6.1e-05,True
ego_001248.txt,18,60,6,0.119388,True
ego_001249.txt,28,356,TIMEOUT,5.000017,TIMEOUT
ego_001250.txt,15,22,2,0.000122,True
ego_001251.txt,25,72,7,3.141084,True
ego_001252.txt,20,41,1,0.000118,True
ego_001253.txt,15,22,2,0.000131,True
ego_001254.txt,22,69,7,1.449664,True
ego_001255.txt,32,99,TIMEOUT,5.000004,TIMEOUT
ego_001256.txt,33,95,TIMEOUT,5.000007,TIMEOUT
ego_001257.txt,25,70,TIMEOUT,5.000004,TIMEOUT
ego_001258.txt,14,20,1,2.7e-05,True
ego_001259.txt,35,100,TIMEOUT,5.000005,TIMEOUT
ego_001260.txt,13,15,0,1.9e-05,True
ego_001261.txt,15,22,2,0.000156,True
ego_001262.txt,28,74,TIMEOUT,5.000006,TIMEOUT
ego_001263.txt,10,15,0,1.7e-05,True
ego_001264.txt,23,93,1,0.000207,True
ego_001265.txt,28,73,1,0.000328,True
ego_001266.txt,26,26,0,3e-05,True
ego_001267.txt,15,22,2,0.000126,True
ego_001268.txt,17,16,0,2.7e-05,True
ego_001269.txt,23,27,1,9e-05,True
ego_001270.txt,29,111,TIMEOUT,5.000004,TIMEOUT
ego_001271.txt,35,82,5,3.206322,True
ego_001272.txt,27,84,TIMEOUT,5.000004,TIMEOUT
ego_001273.txt,14,20,1,4.3e-05,True
ego_001274.txt,35,114,TIMEOUT,5.000006,TIMEOUT
ego_001275.txt,29,108,TIMEOUT,5.000008,TIMEOUT
ego_001276.txt,31,130,TIMEOUT,5.000015,TIMEOUT
ego_001277.txt,27,88,TIMEOUT,5.000007,TIMEOUT
ego_001278.txt,18,60,6,0.104708,True
ego_001279.txt,10,15,1,2.5e-05,True
ego_001280.txt,16,15,0,2.4e-05,True
ego_001281.txt,34,53,0,3.6e-05,True
ego_001282.txt,10,24,3,0.000421,True
ego_001283.txt,31,49,0,3.4e-05,True
ego_001284.txt,18,45,5,0.032023,True
ego_001285.txt,20,59,7,0.405931,True
ego_001286.txt,32,169,TIMEOUT,5.000002,TIMEOUT
ego_001287.txt,35,96,TIMEOUT,5.000008,TIMEOUT
ego_001288.txt,29,54,2,0.003555,True
ego_001289.txt,24,58,TIMEOUT,5.000003,TIMEOUT
ego_001290.txt,11,10,0,1.7e-05,True
ego_001291.txt,22,52,5,0.09992,True
ego_001292.txt,23,22,0,4.8e-05,True
ego_001293.txt,25,66,6,0.5569,True
ego_001294.txt,11,24,4,0.000826,True
ego_001295.txt,15,22,2,0.00016,True
ego_001296.txt,15,14,0,2.1e-05,True
ego_001297.txt,17,82,6,0.137792,True
ego_001298.txt,26,26,1,8.7e-05,True
ego_001299.txt,17,26,0,2.7e-05,True
ego_001300.txt,19,52,7,0.24669,True
ego_001301.txt,20,70,9,1.932385,True
ego_001302.txt,21,40,4,0.037901,True
ego_001303.txt,32,51,0,3.2e-05,True
ego_001304.txt,21,87,6,0.558508,True
ego_001305.txt,23,60,5,0.153352,True
ego_001306.txt,11,10,0,1.8e-05,True
ego_001307.txt,30,93,TIMEOUT,5.000008,TIMEOUT
ego_001308.txt,33,94,TIMEOUT,5.000001,TIMEOUT
ego_001309.txt,17,53,6,0.055885,True
ego_001310.txt,29,74,TIMEOUT,5.000006,TIMEOUT
ego_001311.txt,26,91,5,0.553868,True
ego_001312.txt,14,21,0,2e-05,True
ego_001313.txt,30,31,0,2.8e-05,True
ego_001314.txt,15,34,6,0.022219,True
ego_001315.txt,24,23,0,2.9e-05,True
ego_001316.txt,33,110,2,0.001812,True
ego_001317.txt,16,29,1,6.8e-05,True
ego_001318.txt,13,14,0,2.1e-05,True
ego_001319.txt,15,22,2,0.000124,True
ego_001320.txt,15,22,2,0.000135,True
ego_001321.txt,12,21,0,2.4e-05,True
ego_001322.txt,19,38,4,0.007848,True
ego_001323.txt,26,70,TIMEOUT,5.000002,TIMEOUT
ego_001324.txt,19,54,7,0.315664,True
ego_001325.txt,25,75,TIMEOUT,5.000008,TIMEOUT
ego_001326.txt,22,62,6,0.280932,True
ego_001327.txt,13,25,2,0.000161,True
ego_001328.txt,31,54,1,0.000381,True
ego_001329.txt,33,178,TIMEOUT,5.000003,TIMEOUT
ego_001330.txt,21,20,0,2.2e-05,True
ego_001331.txt,23,76,TIMEOUT,5.000004,TIMEOUT
ego_001332.txt,15,22,2,0.000139,True
ego_001333.txt,32,50,0,3.8e-05,True
ego_001334.txt,12,11,0,2.4e-05,True
ego_001335.txt,23,77,7,2.784315,True
ego_001336.txt,35,50,0,3.2e-05,True
ego_001337.txt,17,30,1,6.1e-05,True
ego_001338.txt,12,30,3,0.001047,True
ego_001339.txt,23,46,8,3.190906,True
ego_001340.txt,25,83,3,0.012879,True
ego_001341.txt,29,79,1,0.000281,True
ego_001342.txt,22,64,9,3.935343,True
ego_001343.txt,35,35,0,2.9e-05,True
ego_001344.txt,34,105,TIMEOUT,5.000011,TIMEOUT
ego_001345.txt,15,22,2,0.000124,True
ego_001346.txt,34,114,TIMEOUT,5.000004,TIMEOUT
ego_001347.txt,26,68,TIMEOUT,5.000002,TIMEOUT
ego_001348.txt,15,22,2,0.000126,True
ego_001349.txt,12,26,3,0.00055,True
ego_001350.txt,15,30,2,0.000371,True
ego_001351.txt,32,114,TIMEOUT,5.000009,TIMEOUT
ego_001352.txt,25,48,1,4.1e-05,True
ego_001353.txt,19,37,2,0.001271,True
ego_001354.txt,33,78,2,0.002812,True
ego_001355.txt,13,42,7,0.017742,True
ego_001356.txt,14,57,7,0.032963,True
ego_001357.txt,22,50,6,0.370042,True
ego_001358.txt,25,25,0,2.6e-05,True
ego_001359.txt,16,49,5,0.035044,True
ego_001360.txt,15,43,1,0.000121,True
ego_001361.txt,32,95,0,7.7e-05,True
ego_001362.txt,20,32,0,3e-05,True
ego_001363.txt,17,82,7,0.281605,True
ego_001364.txt,28,105,TIMEOUT,5.000008,TIMEOUT
ego_001365.txt,26,78,TIMEOUT,5.000003,TIMEOUT
ego_001366.txt,27,72,TIMEOUT,5.000003,TIMEOUT
ego_001367.txt,13,27,0,2.7e-05,True
ego_001368.txt,23,58,7,1.21726,True
ego_001369.txt,31,116,TIMEOUT,5.00001,TIMEOUT
ego_001370.txt,19,50,6,0.134844,True
ego_001371.txt,15,22,2,0.000123,True
ego_001372.txt,35,124,TIMEOUT,5.00001,TIMEOUT
ego_001373.txt,15,54,1,0.000128,True
ego_001374.txt,29,179,TIMEOUT,5.000006,TIMEOUT
ego_001375.txt,11,22,2,0.000113,True
ego_001376.txt,29,74,TIMEOUT,5.000006,TIMEOUT
ego_001377.txt,33,72,TIMEOUT,5.000002,TIMEOUT
ego_001378.txt,25,24,0,2.6e-05,True
ego_001379.txt,12,27,3,0.001037,True
ego_001380.txt,11,24,2,0.000215,True
ego_001381.txt,34,105,TIMEOUT,5.000008,TIMEOUT
ego_001382.txt,15,22,2,0.000126,True
ego_001383.txt,15,22,2,0.000147,True
ego_001384.txt,30,56,0,7.3e-05,True
ego_001385.txt,28,74,TIMEOUT,5.000003,TIMEOUT
ego_001386.txt,25,56,TIMEOUT,5.000002,TIMEOUT
ego_001387.txt,15,32,4,0.005197,True
ego_001388.txt,14,46,6,0.017967,True
ego_001389.txt,15,22,2,0.000126,True
ego_001390.txt,34,105,TIMEOUT,5.000004,TIMEOUT
ego_001391.txt,21,123,TIMEOUT,5.000005,TIMEOUT
ego_001392.txt,24,72,6,1.164246,True
ego_001393.txt,15,22,2,0.000137,True
ego_001394.txt,15,30,5,0.015683,True
ego_001395.txt,32,118,TIMEOUT,5.000012,TIMEOUT
ego_001396.txt,26,33,0,2.6e-05,True
ego_001397.txt,15,22,2,0.000134,True
ego_001398.txt,10,22,2,7.2e-05,True
ego_001399.txt,10,17,0,2.4e-05,True
ego_001400.txt,27,58,4,0.13944,True
ego_001401.txt,22,54,1,4.5e-05,True
ego_001402.txt,24,64,3,0.019723,True
ego_001403.txt,20,51,5,0.139249,True
ego_001404.txt,23,22,0,2.2e-05,True
ego_001405.txt,14,38,6,0.015274,True
ego_001406.txt,21,69,6,0.390318,True
ego_001407.txt,18,41,0,2.8e-05,True
ego_001408.txt,15,22,2,0.000129,True
ego_001409.txt,15,46,5,0.022787,True
ego_001410.txt,12,16,2,0.000109,True
ego_001411.txt,15,22,2,0.000127,True
ego_001412.txt,31,79,1,0.000126,True
ego_001413.txt,15,22,2,0.000126,True
ego_001414.txt,28,90,TIMEOUT,5.000007,TIMEOUT
ego_001415.txt,11,32,4,0.000919,True
ego_001416.txt,23,83,7,2.752939,True
ego_001417.txt,33,86,TIMEOUT,5.000002,TIMEOUT
ego_001418.txt,20,21,0,2.3e-05,True
ego_001419.txt,18,47,0,3e-05,True
ego_001420.txt,17,25,1,3.4e-05,True
ego_001421.txt,18,17,0,2.2e-05,True
ego_001422.txt,29,29,0,3.4e-05,True
ego_001423.txt,19,18,0,2.2e-05,True
ego_001424.txt,16,32,2,0.000225,True
ego_001425.txt,27,106,TIMEOUT,5.000005,TIMEOUT
ego_001426.txt,24,68,TIMEOUT,5.000005,TIMEOUT
ego_001427.txt,13,30,4,0.002928,True
ego_001428.txt,16,22,0,2.6e-05,True
ego_001429.txt,24,64,TIMEOUT,5.000005,TIMEOUT
ego_001430.txt,28,85,TIMEOUT,5.000001,TIMEOUT
ego_001431.txt,32,376,TIMEOUT,5.000019,TIMEOUT
ego_001432.txt,18,17,0,2.1e-05,True
ego_001433.txt,32,62,1,0.000162,True
ego_001434.txt,31,76,1,0.000125,True
ego_001435.txt,23,65,1,0.000155,True
ego_001436.txt,29,66,TIMEOUT,5.000008,TIMEOUT
ego_001437.txt,22,129,TIMEOUT,5.000008,TIMEOUT
ego_001438.txt,32,118,TIMEOUT,5.000013,TIMEOUT
ego_001439.txt,34,162,TIMEOUT,5.000002,TIMEOUT
ego_001440.txt,30,31,0,2.6e-05,True
ego_001441.txt,29,74,TIMEOUT,5.000001,TIMEOUT
ego_001442.txt,27,103,TIMEOUT,5.000005,TIMEOUT
ego_001443.txt,25,66,6,1.029332,True
ego_001444.txt,32,32,0,2.6e-05,True
ego_001445.txt,29,101,TIMEOUT,5.000002,TIMEOUT
ego_001446.txt,33,53,0,3.3e-05,True
ego_001447.txt,15,34,1,5.2e-05,True
ego_001448.txt,15,22,2,0.00013,True
ego_001449.txt,11,15,0,2.1e-05,True
ego_001450.txt,21,69,5,0.228627,True
ego_001451.txt,28,118,TIMEOUT,5.000001,TIMEOUT
ego_001452.txt,21,39,1,6.8e-05,True
ego_001453.txt,11,14,1,2.6e-05,True
ego_001454.txt,32,118,TIMEOUT,5.000009,TIMEOUT
ego_001455.txt,15,22,2,0.000165,True
ego_001456.txt,30,116,TIMEOUT,5.000008,TIMEOUT
ego_001457.txt,14,40,4,0.005931,True
ego_001458.txt,17,46,5,0.022708,True
ego_001459.txt,27,72,TIMEOUT,5.000001,TIMEOUT
ego_001460.txt,26,122,TIMEOUT,5.000012,TIMEOUT
ego_001461.txt,14,60,6,0.020306,True
ego_001462.txt,20,29,1,0.000141,True
ego_001463.txt,25,25,0,2.8e-05,True
ego_001464.txt,17,49,5,0.032714,True
ego_001465.txt,27,84,TIMEOUT,5.000003,TIMEOUT
ego_001466.txt,22,64,6,0.529671,True
ego_001467.txt,27,29,0,3.1e-05,True
ego_001468.txt,15,22,2,0.000145,True
ego_001469.txt,10,9,0,1.8e-05,True
ego_001470.txt,10,30,4,0.000758,True
ego_001471.txt,32,66,TIMEOUT,5.000007,TIMEOUT
ego_001472.txt,30,108,TIMEOUT,5.000013,TIMEOUT
ego_001473.txt,14,19,2,0.000101,True
ego_001474.txt,17,31,1,4.3e-05,True
ego_001475.txt,23,142,TIMEOUT,5.000002,TIMEOUT
ego_001476.txt,18,46,6,0.072107,True
ego_001477.txt,35,36,1,0.000116,True
ego_001478.txt,12,37,4,0.002575,True
ego_001479.txt,12,34,4,0.001309,True
ego_001480.txt,22,21,0,2.5e-05,True
ego_001481.txt,11,15,0,2.3e-05,True
ego_001482.txt,26,33,0,2.8e-05,True
ego_001483.txt,25,97,TIMEOUT,5.000009,TIMEOUT
ego_001484.txt,33,184,TIMEOUT,5.000007,TIMEOUT
ego_001485.txt,30,39,0,3e-05,True
ego_001486.txt,29,97,TIMEOUT,5.000004,TIMEOUT
ego_001487.txt,28,78,TIMEOUT,5.000001,TIMEOUT
ego_001488.txt,14,26,4,0.005494,True
ego_001489.txt,14,39,4,0.002475,True
ego_001490.txt,15,22,2,0.000129,True
ego_001491.txt,28,33,0,3e-05,True
ego_001492.txt,22,28,0,3.1e-05,True
ego_001493.txt,18,38,4,0.016486,True
ego_001494.txt,30,78,6,3.941569,True
ego_001495.txt,30,96,TIMEOUT,5.000001,TIMEOUT
ego_001496.txt,14,44,6,0.024695,True
ego_001497.txt,25,282,TIMEOUT,5.000021,TIMEOUT
ego_001498.txt,22,70,7,0.800882,True
ego_001499.txt,32,62,2,0.00166,True
ego_001500.txt,14,14,0,2.3e-05,True
ego_001501.txt,13,40,4,0.005222,True
ego_001502.txt,23,44,2,0.001123,True
ego_001503.txt,24,68,0,3.8e-05,True
ego_001504.txt,32,118,TIMEOUT,5.000003,TIMEOUT
ego_001505.txt,35,128,TIMEOUT,5.000007,TIMEOUT
ego_001506.txt,12,16,2,0.00011,True
ego_001507.txt,29,31,1,9.2e-05,True
ego_001508.txt,32,100,TIMEOUT,5.000002,TIMEOUT
ego_001509.txt,20,102,9,3.13875,True
ego_001510.txt,35,38,0,2.7e-05,True
ego_001511.txt,17,106,11,0.793858,True
ego_001512.txt,18,17,0,2.2e-05,True
ego_001513.txt,15,84,8,0.126862,True
ego_001514.txt,25,73,5,0.387366,True
ego_001515.txt,23,83,7,2.628711,True
ego_001516.txt,22,36,1,0.000176,True
ego_001517.txt,12,36,3,0.00109,True
ego_001518.txt,27,382,TIMEOUT,5.000025,TIMEOUT
ego_001519.txt,12,29,3,0.000646,True
ego_001520.txt,22,62,6,0.542666,True
ego_001521.txt,12,31,2,0.000287,True
ego_001522.txt,16,40,7,0.081911,True
ego_001523.txt,14,19,0,4.5e-05,True
ego_001524.txt,12,17,0,2.2e-05,True
ego_001525.txt,15,22,2,0.00013,True
ego_001526.txt,15,40,4,0.003231,True
ego_001527.txt,14,26,2,0.000157,True
ego_001528.txt,11,10,0,1.8e-05,True
ego_001529.txt,17,69,7,0.270479,True
ego_001530.txt,15,36,3,0.003159,True
ego_001531.txt,16,27,1,7.8e-05,True
ego_001532.txt,23,75,5,0.252283,True
ego_001533.txt,32,139,TIMEOUT,5.000011,TIMEOUT
ego_001534.txt,12,26,1,5.4e-05,True
ego_001535.txt,30,103,TIMEOUT,5.000002,TIMEOUT
ego_001536.txt,28,76,TIMEOUT,5.000001,TIMEOUT
ego_001537.txt,15,22,2,0.000129,True
ego_001538.txt,16,38,4,0.008576,True
ego_001539.txt,17,32,2,0.000478,True
ego_001540.txt,32,118,TIMEOUT,5.00001,TIMEOUT
ego_001541.txt,12,17,0,1.9e-05,True
ego_001542.txt,33,102,TIMEOUT,5.000006,TIMEOUT
ego_001543.txt,11,36,4,0.000982,True
ego_001544.txt,30,105,TIMEOUT,5.000008,TIMEOUT
ego_001545.txt,30,89,TIMEOUT,5.000003,TIMEOUT
ego_001546.txt,21,55,6,0.202574,True
ego_001547.txt,10,28,3,0.000504,True
ego_001548.txt,18,60,7,0.225295,True
ego_001549.txt,11,25,2,0.000183,True
ego_001550.txt,34,478,TIMEOUT,5.000023,TIMEOUT
ego_001551.txt,26,144,TIMEOUT,5.000003,TIMEOUT
ego_001552.txt,10,18,1,2.1e-05,True
ego_001553.txt,28,74,TIMEOUT,5.0,TIMEOUT
ego_001554.txt,18,58,6,0.092822,True
ego_001555.txt,17,32,2,0.000331,True
ego_001556.txt,15,41,6,0.031651,True
ego_001557.txt,33,158,TIMEOUT,5.0,TIMEOUT
ego_001558.txt,28,111,TIMEOUT,5.000006,TIMEOUT
ego_001559.txt,15,22,2,0.000122,True
ego_001560.txt,31,112,TIMEOUT,5.000009,TIMEOUT
ego_001561.txt,32,68,5,1.339884,True
ego_001562.txt,34,122,TIMEOUT,5.000007,TIMEOUT
ego_001563.txt,13,28,2,0.000244,True
ego_001564.txt,28,67,0,3.8e-05,True
ego_001565.txt,26,64,TIMEOUT,5.000005,TIMEOUT
ego_001566.txt,15,98,8,0.129743,True
ego_001567.txt,17,40,7,0.145578,True
ego_001568.txt,15,22,2,0.000124,True
ego_001569.txt,23,42,2,0.001155,True
ego_001570.txt,19,19,0,2.3e-05,True
ego_001571.txt,31,61,1,0.000106,True
ego_001572.txt,34,76,TIMEOUT,5.000002,TIMEOUT
ego_001573.txt,22,76,TIMEOUT,5.000001,TIMEOUT
ego_001574.txt,11,26,5,0.002424,True
ego_001575.txt,10,22,4,0.00054,True
ego_001576.txt,32,162,4,0.137555,True
ego_001577.txt,15,14,0,2.1e-05,True
ego_001578.txt,15,22,2,0.000129,True
ego_001579.txt,22,27,0,2.8e-05,True
ego_001580.txt,14,13,0,2.2e-05,True
ego_001581.txt,11,22,2,7.5e-05,True
ego_001582.txt,18,51,5,0.08626,True
ego_001583.txt,26,26,0,2.6e-05,True
ego_001584.txt,34,140,TIMEOUT,5.000009,TIMEOUT
ego_001585.txt,15,22,2,0.000124,True
ego_001586.txt,10,28,3,0.000228,True
ego_001587.txt,27,88,TIMEOUT,5.000001,TIMEOUT
ego_001588.txt,27,52,2,0.001438,True
ego_001589.txt,25,58,4,0.025042,True
ego_001590.txt,32,99,TIMEOUT,5.000009,TIMEOUT
ego_001591.txt,34,124,3,0.05156,True
ego_001592.txt,30,94,TIMEOUT,5.000001,TIMEOUT
ego_001593.txt,15,22,2,0.000156,True
ego_001594.txt,30,80,TIMEOUT,5.000001,TIMEOUT
ego_001595.txt,12,67,5,0.008287,True
ego_001596.txt,23,164,TIMEOUT,5.000006,TIMEOUT
ego_001597.txt,24,76,3,0.005814,True
ego_001598.txt,24,56,3,0.010996,True
ego_001599.txt,17,16,0,2.3e-05,True
ego_001600.txt,10,27,3,0.00022,True
ego_001601.txt,30,76,5,0.385377,True
ego_001602.txt,18,57,6,0.087034,True
ego_001603.txt,24,23,0,2.5e-05,True
ego_001604.txt,19,36,3,0.001428,True
ego_001605.txt,34,84,TIMEOUT,5.000009,TIMEOUT
ego_001606.txt,12,26,4,0.001208,True
ego_001607.txt,32,86,TIMEOUT,5.000001,TIMEOUT
ego_001608.txt,13,21,1,3.5e-05,True
ego_001609.txt,34,105,TIMEOUT,5.000015,TIMEOUT
ego_001610.txt,13,17,0,2.4e-05,True
ego_001611.txt,34,126,TIMEOUT,5.000004,TIMEOUT
ego_001612.txt,15,22,2,0.000123,True
ego_001613.txt,14,40,6,0.020665,True
ego_001614.txt,26,29,0,2.7e-05,True
ego_001615.txt,24,149,TIMEOUT,5.00001,TIMEOUT
ego_001616.txt,22,50,3,0.002673,True
ego_001617.txt,33,103,TIMEOUT,5.000011,TIMEOUT
ego_001618.txt,13,21,1,7.9e-05,True
ego_001619.txt,22,23,0,2.8e-05,True
ego_001620.txt,26,44,2,0.000618,True
ego_001621.txt,13,24,2,0.000228,True
ego_001622.txt,17,40,4,0.007038,True
ego_001623.txt,18,17,0,2.2e-05,True
ego_001624.txt,22,67,8,2.149258,True
ego_001625.txt,32,262,TIMEOUT,5.00001,TIMEOUT
ego_001626.txt,14,44,4,0.004481,True
ego_001627.txt,15,22,2,0.000125,True
ego_001628.txt,28,100,TIMEOUT,5.00001,TIMEOUT
ego_001629.txt,35,37,0,3.2e-05,True
ego_001630.txt,18,37,0,3e-05,True
ego_001631.txt,12,13,0,2.4e-05,True
ego_001632.txt,24,66,TIMEOUT,5.000006,TIMEOUT
ego_001633.txt,11,24,4,0.001457,True
ego_001634.txt,21,52,6,0.201245,True
ego_001635.txt,23,58,4,0.08966,True
ego_001636.txt,22,100,TIMEOUT,5.000003,TIMEOUT
ego_001637.txt,15,22,2,0.000123,True
ego_001638.txt,34,46,0,3.5e-05,True
ego_001639.txt,23,64,8,4.637008,True
ego_001640.txt,15,40,4,0.00887,True
ego_001641.txt,20,50,4,0.009777,True
ego_001642.txt,32,118,TIMEOUT,5.00001,TIMEOUT
ego_001643.txt,15,23,1,4.3e-05,True
ego_001644.txt,14,27,3,0.001366,True
ego_001645.txt,14,43,3,0.001743,True
ego_001646.txt,28,29,0,2.7e-05,True
ego_001647.txt,11,26,3,0.000318,True
ego_001648.txt,17,32,2,0.000923,True
ego_001649.txt,18,168,12,2.44801,True
ego_001650.txt,33,142,TIMEOUT,5.000003,TIMEOUT
ego_001651.txt,15,28,1,2.6e-05,True
ego_001652.txt,32,118,TIMEOUT,5.000009,TIMEOUT
ego_001653.txt,23,137,TIMEOUT,5.000001,TIMEOUT
ego_001654.txt,11,13,0,2.2e-05,True
ego_001655.txt,24,80,7,3.594986,True
ego_001656.txt,15,22,2,0.000124,True
ego_001657.txt,12,35,4,0.00269,True
ego_001658.txt,31,112,TIMEOUT,5.000004,TIMEOUT
ego_001659.txt,28,80,TIMEOUT,5.000001,TIMEOUT
ego_001660.txt,17,40,5,0.024893,True
ego_001661.txt,33,121,1,0.000584,True
ego_001662.txt,22,52,4,0.022265,True
ego_001663.txt,15,22,2,0.000123,True
ego_001664.txt,23,44,1,0.000131,True
ego_001665.txt,34,137,TIMEOUT,5.000012,TIMEOUT
ego_001666.txt,30,31,0,2.6e-05,True
ego_001667.txt,17,34,5,0.034531,True
ego_001668.txt,29,153,TIMEOUT,5.000006,TIMEOUT
ego_001669.txt,30,90,TIMEOUT,5.000003,TIMEOUT
ego_001670.txt,30,109,TIMEOUT,5.000007,TIMEOUT
ego_001671.txt,32,151,5,2.549799,True
ego_001672.txt,15,22,2,0.000141,True
ego_001673.txt,13,36,5,0.005882,True
ego_001674.txt,26,90,2,0.001604,True
ego_001675.txt,15,36,4,0.008634,True
ego_001676.txt,25,65,0,3.4e-05,True
ego_001677.txt,16,40,4,0.004782,True
ego_001678.txt,15,43,5,0.016723,True
ego_001679.txt,20,50,5,0.101321,True
ego_001680.txt,15,22,2,0.000123,True
ego_001681.txt,15,33,3,0.002094,True
ego_001682.txt,10,9,0,1.8e-05,True
ego_001683.txt,20,98,10,3.944339,True
ego_001684.txt,17,84,7,0.25289,True
ego_001685.txt,15,22,2,0.000138,True
ego_001686.txt,34,274,TIMEOUT,5.000003,TIMEOUT
ego_001687.txt,18,52,9,0.55517,True
ego_001688.txt,13,87,7,0.030488,True
ego_001689.txt,25,77,4,0.096453,True
ego_001690.txt,22,50,7,0.947458,True
ego_001691.txt,12,29,3,0.000779,True
ego_001692.txt,19,142,13,4.19717,True
ego_001693.txt,32,104,TIMEOUT,5.000003,TIMEOUT
ego_001694.txt,15,41,5,0.013467,True
ego_001695.txt,15,22,2,0.000126,True
ego_001696.txt,17,44,5,0.02988,True
ego_001697.txt,18,17,0,2e-05,True
ego_001698.txt,20,46,5,0.049071,True
ego_001699.txt,31,78,TIMEOUT,5.000007,TIMEOUT
ego_001700.txt,22,62,4,0.058726,True
ego_001701.txt,15,15,0,2.2e-05,True
ego_001702.txt,28,84,TIMEOUT,5.000007,TIMEOUT
ego_001703.txt,27,100,TIMEOUT,5.000004,TIMEOUT
ego_001704.txt,33,120,TIMEOUT,5.000006,TIMEOUT
ego_001705.txt,33,34,0,3e-05,True
ego_001706.txt,34,200,TIMEOUT,5.000013,TIMEOUT
ego_001707.txt,27,82,TIMEOUT,5.000006,TIMEOUT
ego_001708.txt,13,20,1,3.5e-05,True
ego_001709.txt,35,142,TIMEOUT,5.00001,TIMEOUT
ego_001710.txt,15,22,2,0.000157,True
ego_001711.txt,22,22,0,2.7e-05,True
ego_001712.txt,16,52,3,0.00274,True
ego_001713.txt,22,22,0,2.8e-05,True
ego_001714.txt,17,42,5,0.020681,True
ego_001715.txt,14,44,4,0.005572,True
ego_001716.txt,25,66,6,0.698555,True
ego_001717.txt,22,82,8,3.942318,True
ego_001718.txt,21,21,0,2.2e-05,True
ego_001719.txt,15,27,3,0.001355,True
ego_001720.txt,21,21,0,2.4e-05,True
ego_001721.txt,31,154,TIMEOUT,5.000005,TIMEOUT
ego_001722.txt,15,22,2,0.000123,True
ego_001723.txt,24,74,7,3.708559,True
ego_001724.txt,34,92,TIMEOUT,5.000011,TIMEOUT
ego_001725.txt,26,126,TIMEOUT,5.000005,TIMEOUT
ego_001726.txt,25,66,4,0.122637,True
ego_001727.txt,34,105,TIMEOUT,5.000008,TIMEOUT
ego_001728.txt,15,22,2,0.000124,True
ego_001729.txt,28,94,5,1.052684,True
ego_001730.txt,21,52,2,0.000466,True
ego_001731.txt,30,212,TIMEOUT,5.000011,TIMEOUT
ego_001732.txt,34,105,TIMEOUT,5.000011,TIMEOUT
ego_001733.txt,31,115,TIMEOUT,5.000002,TIMEOUT
ego_001734.txt,27,154,TIMEOUT,5.000004,TIMEOUT
ego_001735.txt,12,22,1,2.2e-05,True
ego_001736.txt,23,67,7,1.129413,True
ego_001737.txt,12,15,1,2.6e-05,True
ego_001738.txt,10,25,2,0.000193,True
ego_001739.txt,35,152,TIMEOUT,5.000008,TIMEOUT
ego_001740.txt,34,126,TIMEOUT,5.000012,TIMEOUT
ego_001741.txt,17,54,7,0.213972,True
ego_001742.txt,17,25,0,2.3e-05,True
ego_001743.txt,30,60,2,0.003274,True
ego_001744.txt,18,46,4,0.014282,True
ego_001745.txt,14,14,0,2e-05,True
ego_001746.txt,19,38,2,0.000177,True
ego_001747.txt,19,53,6,0.10681,True
ego_001748.txt,10,22,1,6.7e-05,True
ego_001749.txt,22,49,3,0.010816,True
ego_001750.txt,21,56,3,0.004535,True
ego_001751.txt,16,44,6,0.054478,True
ego_001752.txt,17,50,6,0.110779,True
ego_001753.txt,27,58,4,0.032949,True
ego_001754.txt,33,158,TIMEOUT,5.000003,TIMEOUT
ego_001755.txt,27,107,TIMEOUT,5.000006,TIMEOUT
ego_001756.txt,11,14,0,1.8e-05,True
ego_001757.txt,22,82,8,3.936146,True
ego_001758.txt,15,22,2,0.000123,True
ego_001759.txt,15,22,2,0.000165,True
ego_001760.txt,16,138,12,0.565329,True
ego_001761.txt,11,26,5,0.00303,True
ego_001762.txt,15,22,2,0.000124,True
ego_001763.txt,16,116,11,0.422874,True
ego_001764.txt,35,37,0,3e-05,True
ego_001765.txt,22,54,7,1.085023,True
ego_001766.txt,13,27,3,0.001477,True
ego_001767.txt,17,40,4,0.006507,True
ego_001768.txt,15,22,2,0.000146,True
ego_001769.txt,13,33,3,0.000585,True
ego_001770.txt,11,31,3,0.000375,True
ego_001771.txt,17,51,6,0.114886,True
ego_001772.txt,10,18,2,0.000161,True
ego_001773.txt,27,54,0,3.3e-05,True
ego_001774.txt,20,44,6,0.354768,True
ego_001775.txt,15,28,1,2.9e-05,True
ego_001776.txt,15,14,0,2.2e-05,True
ego_001777.txt,20,58,5,0.147059,True
ego_001778.txt,27,58,TIMEOUT,5.000003,TIMEOUT
ego_001779.txt,14,13,0,2e-05,True
ego_001780.txt,20,58,7,0.421417,True
ego_001781.txt,18,64,6,0.102805,True
ego_001782.txt,35,78,3,0.055089,True
ego_001783.txt,18,48,7,0.228623,True
ego_001784.txt,23,44,1,3e-05,True
ego_001785.txt,26,90,6,2.647864,True
ego_001786.txt,24,78,TIMEOUT,5.000008,TIMEOUT
ego_001787.txt,33,103,TIMEOUT,5.000002,TIMEOUT
ego_001788.txt,23,66,5,0.37564,True
ego_001789.txt,27,88,TIMEOUT,5.000007,TIMEOUT
ego_001790.txt,32,118,TIMEOUT,5.000009,TIMEOUT
ego_001791.txt,29,108,TIMEOUT,5.000011,TIMEOUT
ego_001792.txt,19,67,7,0.497406,True
ego_001793.txt,15,36,4,0.004818,True
ego_001794.txt,28,318,TIMEOUT,5.000024,TIMEOUT
ego_001795.txt,15,22,2,0.000126,True
ego_001796.txt,24,27,1,0.00015,True
ego_001797.txt,16,17,0,2.3e-05,True
ego_001798.txt,20,92,9,2.047089,True
ego_001799.txt,25,68,7,2.361764,True
ego_001800.txt,26,94,4,0.081922,True
ego_001801.txt,18,40,4,0.005853,True
ego_001802.txt,10,25,3,0.000312,True
ego_001803.txt,12,26,3,0.001115,True
ego_001804.txt,16,41,4,0.00813,True
ego_001805.txt,18,30,3,0.002788,True
ego_001806.txt,22,92,3,0.013717,True
ego_001807.txt,28,176,TIMEOUT,5.000002,TIMEOUT
ego_001808.txt,34,78,TIMEOUT,5.000006,TIMEOUT
ego_001809.txt,32,78,TIMEOUT,5.000002,TIMEOUT
ego_001810.txt,22,57,6,0.24641,True
ego_001811.txt,32,100,TIMEOUT,5.000011,TIMEOUT
ego_001812.txt,31,114,TIMEOUT,5.000003,TIMEOUT
ego_001813.txt,18,65,5,0.036423,True
ego_001814.txt,21,148,TIMEOUT,5.000011,TIMEOUT
ego_001815.txt,12,30,3,0.000698,True
ego_001816.txt,25,48,1,4.6e-05,True
ego_001817.txt,15,22,2,0.000126,True
ego_001818.txt,27,91,TIMEOUT,5.000002,TIMEOUT
ego_001819.txt,29,28,0,2.7e-05,True
ego_001820.txt,17,72,7,0.144018,True
ego_001821.txt,15,14,0,2.1e-05,True
ego_001822.txt,16,38,5,0.012865,True
ego_001823.txt,34,116,3,0.060099,True
ego_001824.txt,15,36,0,2.3e-05,True
ego_001825.txt,21,69,6,0.432017,True
ego_001826.txt,22,42,1,9.4e-05,True
ego_001827.txt,27,26,0,3.1e-05,True
ego_001828.txt,31,115,TIMEOUT,5.000009,TIMEOUT
ego_001829.txt,26,113,TIMEOUT,5.00001,TIMEOUT
ego_001830.txt,32,118,TIMEOUT,5.000011,TIMEOUT
ego_001831.txt,30,80,TIMEOUT,5.000009,TIMEOUT
ego_001832.txt,25,52,6,0.579728,True
ego_001833.txt,35,35,0,3e-05,True
ego_001834.txt,20,46,8,0.863197,True
ego_001835.txt,22,24,0,2.7e-05,True
ego_001836.txt,20,44,5,0.058665,True
ego_001837.txt,10,30,3,0.000362,True
ego_001838.txt,15,22,2,0.000128,True
ego_001839.txt,14,38,4,0.00258,True
ego_001840.txt,24,54,3,0.00422,True
ego_001841.txt,16,49,5,0.03056,True
ego_001842.txt,17,75,6,0.124458,True
ego_001843.txt,32,118,TIMEOUT,5.000015,TIMEOUT
ego_001844.txt,31,96,TIMEOUT,5.0,TIMEOUT
ego_001845.txt,16,84,12,0.376064,True
ego_001846.txt,29,96,TIMEOUT,5.000005,TIMEOUT
ego_001847.txt,34,102,4,0.358245,True
ego_001848.txt,27,97,TIMEOUT,5.000004,TIMEOUT
ego_001849.txt,29,28,0,2.6e-05,True
ego_001850.txt,15,44,5,0.017134,True
ego_001851.txt,15,15,0,2e-05,True
ego_001852.txt,25,86,2,0.001245,True
ego_001853.txt,32,136,TIMEOUT,5.000011,TIMEOUT
ego_001854.txt,11,30,5,0.002199,True
ego_001855.txt,22,88,TIMEOUT,5.000011,TIMEOUT
ego_001856.txt,29,92,TIMEOUT,5.000006,TIMEOUT
ego_001857.txt,19,54,6,0.112161,True
ego_001858.txt,11,15,1,4.2e-05,True
ego_001859.txt,15,22,2,0.000126,True
ego_001860.txt,14,37,5,0.008256,True
ego_001861.txt,30,180,TIMEOUT,5.00001,TIMEOUT
ego_001862.txt,10,41,4,0.000893,True
ego_001863.txt,30,65,0,3.7e-05,True
ego_001864.txt,10,10,0,2.5e-05,True
ego_001865.txt,21,40,1,0.00018,True
ego_001866.txt,15,22,2,0.000139,True
ego_001867.txt,30,119,TIMEOUT,5.000008,TIMEOUT
ego_001868.txt,15,29,3,0.001402,True
ego_001869.txt,10,41,4,0.000903,True
ego_001870.txt,34,105,TIMEOUT,5.000006,TIMEOUT
ego_001871.txt,31,80,TIMEOUT,5.000004,TIMEOUT
ego_001872.txt,33,264,TIMEOUT,5.000017,TIMEOUT
ego_001873.txt,19,49,0,3.4e-05,True
ego_001874.txt,14,20,1,3.1e-05,True
ego_001875.txt,19,29,0,2.6e-05,True
ego_001876.txt,22,46,1,5.6e-05,True
ego_001877.txt,12,29,1,3.9e-05,True
ego_001878.txt,15,22,2,0.000125,True
ego_001879.txt,12,46,5,0.005267,True
ego_001880.txt,20,21,0,2.5e-05,True
ego_001881.txt,15,40,6,0.031934,True
ego_001882.txt,16,46,2,0.000204,True
ego_001883.txt,32,118,TIMEOUT,5.000013,TIMEOUT
ego_001884.txt,20,51,2,0.001481,True
ego_001885.txt,31,76,TIMEOUT,5.000003,TIMEOUT
ego_001886.txt,15,22,2,0.000123,True
ego_001887.txt,33,103,TIMEOUT,5.000005,TIMEOUT
ego_001888.txt,27,35,0,5.4e-05,True
ego_001889.txt,20,78,4,0.017883,True
ego_001890.txt,16,44,8,0.148208,True
ego_001891.txt,12,24,3,0.000496,True
ego_001892.txt,18,30,0,3e-05,True
ego_001893.txt,32,31,0,3e-05,True
ego_001894.txt,12,15,0,2.4e-05,True
ego_001895.txt,23,120,TIMEOUT,5.000004,TIMEOUT
ego_001896.txt,25,87,6,2.463465,True
ego_001897.txt,31,101,5,0.95256,True
ego_001898.txt,25,53,1,0.000215,True
ego_001899.txt,12,17,0,3e-05,True
ego_001900.txt,27,126,TIMEOUT,5.000011,TIMEOUT
ego_001901.txt,33,86,TIMEOUT,5.000005,TIMEOUT
ego_001902.txt,29,120,TIMEOUT,5.000005,TIMEOUT
ego_001903.txt,32,33,0,2.9e-05,True
ego_001904.txt,20,57,4,0.02835,True
ego_001905.txt,27,81,TIMEOUT,5.000004,TIMEOUT
ego_001906.txt,32,136,1,0.000126,True
ego_001907.txt,15,22,2,0.000134,True
ego_001908.txt,20,80,7,0.91315,True
ego_001909.txt,10,18,1,2.2e-05,True
ego_001910.txt,22,22,0,2.8e-05,True
ego_001911.txt,10,24,3,0.000369,True
ego_001912.txt,30,68,TIMEOUT,5.000003,TIMEOUT
ego_001913.txt,14,34,3,0.000758,True
ego_001914.txt,14,46,6,0.019857,True
ego_001915.txt,18,61,7,0.21065,True
ego_001916.txt,11,19,2,0.00021,True
ego_001917.txt,13,28,3,0.000732,True
ego_001918.txt,15,22,2,0.000127,True
ego_001919.txt,10,20,2,0.000103,True
ego_001920.txt,33,67,2,0.006256,True
ego_001921.txt,18,17,0,2.3e-05,True
ego_001922.txt,10,24,2,0.000279,True
ego_001923.txt,27,68,TIMEOUT,5.000002,TIMEOUT
ego_001924.txt,22,60,TIMEOUT,5.000006,TIMEOUT
ego_001925.txt,16,15,0,1.9e-05,True
ego_001926.txt,19,104,12,3.156645,True
ego_001927.txt,15,22,2,0.000123,True
ego_001928.txt,29,29,0,3.5e-05,True
ego_001929.txt,29,74,5,0.522731,True
ego_001930.txt,31,60,1,0.000275,True
ego_001931.txt,11,26,3,0.00055,True
ego_001932.txt,15,22,2,0.000126,True
ego_001933.txt,21,26,0,2.6e-05,True
ego_001934.txt,23,76,8,3.880114,True
ego_001935.txt,23,68,6,1.073619,True
ego_001936.txt,33,129,TIMEOUT,5.000011,TIMEOUT
ego_001937.txt,21,103,8,2.79118,True
ego_001938.txt,27,94,2,0.002344,True
ego_001939.txt,19,19,0,2.6e-05,True
ego_001940.txt,13,39,5,0.008168,True
ego_001941.txt,22,60,8,3.278172,True
ego_001942.txt,32,118,TIMEOUT,5.000012,TIMEOUT
ego_001943.txt,13,38,5,0.007694,True
ego_001944.txt,31,31,0,3.9e-05,True
ego_001945.txt,28,74,TIMEOUT,5.000007,TIMEOUT
ego_001946.txt,33,98,4,0.25594,True
ego_001947.txt,22,21,0,2.3e-05,True
ego_001948.txt,24,70,7,3.086731,True
ego_001949.txt,28,132,TIMEOUT,5.000006,TIMEOUT
ego_001950.txt,35,80,TIMEOUT,5.000001,TIMEOUT
ego_001951.txt,18,55,6,0.19112,True
ego_001952.txt,35,147,TIMEOUT,5.000005,TIMEOUT
ego_001953.txt,14,14,0,1.9e-05,True
ego_001954.txt,14,21,1,3.8e-05,True
ego_001955.txt,35,50,0,3.5e-05,True
ego_001956.txt,24,58,TIMEOUT,5.000004,TIMEOUT
ego_001957.txt,18,50,6,0.078513,True
ego_001958.txt,10,13,2,7e-05,True
ego_001959.txt,32,92,TIMEOUT,5.000005,TIMEOUT
ego_001960.txt,31,78,3,0.008977,True
ego_001961.txt,16,32,1,9.5e-05,True
ego_001962.txt,26,70,1,9.8e-05,True
ego_001963.txt,11,24,3,0.000272,True
ego_001964.txt,30,110,TIMEOUT,5.000001,TIMEOUT
ego_001965.txt,29,105,TIMEOUT,5.000009,TIMEOUT
ego_001966.txt,34,59,1,0.000178,True
ego_001967.txt,19,25,0,2.7e-05,True
ego_001968.txt,13,28,5,0.006247,True
ego_001969.txt,28,154,TIMEOUT,5.00001,TIMEOUT
ego_001970.txt,15,22,2,0.000128,True
ego_001971.txt,27,226,TIMEOUT,5.000002,TIMEOUT
ego_001972.txt,34,118,TIMEOUT,5.000012,TIMEOUT
ego_001973.txt,20,39,5,0.06976,True
ego_001974.txt,17,60,6,0.121138,True
ego_001975.txt,15,78,8,0.103748,True
ego_001976.txt,19,40,2,0.000249,True
ego_001977.txt,20,31,3,0.004341,True
ego_001978.txt,11,29,3,0.000455,True
ego_001979.txt,26,84,TIMEOUT,5.000007,TIMEOUT
ego_001980.txt,25,25,0,2.5e-05,True
ego_001981.txt,15,40,4,0.006167,True
ego_001982.txt,15,22,2,0.000133,True
ego_001983.txt,14,31,4,0.002292,True
ego_001984.txt,35,47,0,3.8e-05,True
ego_001985.txt,32,84,TIMEOUT,5.000008,TIMEOUT
ego_001986.txt,15,55,4,0.011618,True
ego_001987.txt,34,92,TIMEOUT,5.000004,TIMEOUT
ego_001988.txt,30,93,TIMEOUT,5.000008,TIMEOUT
ego_001989.txt,27,74,TIMEOUT,5.000003,TIMEOUT
ego_001990.txt,23,40,0,2.9e-05,True
ego_001991.txt,34,102,TIMEOUT,5.000002,TIMEOUT
ego_001992.txt,20,53,6,0.151351,True
ego_001993.txt,18,40,2,0.000683,True
ego_001994.txt,28,58,4,0.036491,True
ego_001995.txt,19,74,7,0.52198,True
ego_001996.txt,17,46,4,0.012099,True
ego_001997.txt,26,74,TIMEOUT,5.000002,TIMEOUT
ego_001998.txt,21,121,TIMEOUT,5.000004,TIMEOUT
ego_001999.txt,11,68,5,0.004382,True
ego_002000.txt,16,40,4,0.010031,True
ego_002001.txt,28,78,6,1.992486,True
ego_002002.txt,17,17,0,2.4e-05,True
ego_002003.txt,22,53,1,0.000163,True
ego_002004.txt,18,17,0,2.3e-05,True
ego_002005.txt,32,118,TIMEOUT,5.000004,TIMEOUT
ego_002006.txt,27,96,TIMEOUT,5.000002,TIMEOUT
ego_002007.txt,15,22,2,0.000124,True
ego_002008.txt,31,162,0,5.9e-05,True
ego_002009.txt,11,10,0,1.8e-05,True
ego_002010.txt,11,45,5,0.002699,True
ego_002011.txt,14,108,11,0.103939,True
ego_002012.txt,16,32,2,0.000315,True
ego_002013.txt,22,72,TIMEOUT,5.000002,TIMEOUT
ego_002014.txt,29,30,0,2.8e-05,True
ego_002015.txt,31,90,5,0.539625,True
ego_002016.txt,13,16,0,2.4e-05,True
ego_002017.txt,20,46,3,0.009912,True
ego_002018.txt,18,43,0,3.4e-05,True
ego_002019.txt,35,78,TIMEOUT,5.000001,TIMEOUT
ego_002020.txt,14,30,3,0.00092,True
ego_002021.txt,17,33,0,2.6e-05,True
ego_002022.txt,15,27,0,2.5e-05,True
ego_002023.txt,30,124,TIMEOUT,5.00001,TIMEOUT
ego_002024.txt,15,22,2,0.000149,True
ego_002025.txt,25,24,0,2.7e-05,True
ego_002026.txt,15,22,2,0.000127,True
ego_002027.txt,31,60,4,0.127759,True
ego_002028.txt,26,76,7,4.576862,True
ego_002029.txt,22,60,4,0.072534,True
ego_002030.txt,18,49,5,0.041059,True
ego_002031.txt,19,58,7,0.303299,True
ego_002032.txt,15,22,2,0.000126,True
ego_002033.txt,29,64,TIMEOUT,5.000009,TIMEOUT
ego_002034.txt,10,10,0,2.2e-05,True
ego_002035.txt,21,54,9,2.410173,True
ego_002036.txt,15,22,2,0.000123,True
ego_002037.txt,22,70,7,1.422966,True
ego_002038.txt,24,41,0,3e-05,True
ego_002039.txt,32,163,TIMEOUT,5.000021,TIMEOUT
ego_002040.txt,23,112,TIMEOUT,5.000002,TIMEOUT
ego_002041.txt,25,68,7,3.626343,True
ego_002042.txt,35,125,4,0.687946,True
ego_002043.txt,16,55,5,0.041216,True
ego_002044.txt,17,40,3,0.002794,True
ego_002045.txt,30,93,TIMEOUT,5.000002,TIMEOUT
ego_002046.txt,10,9,0,1.6e-05,True
ego_002047.txt,13,38,2,0.000428,True
ego_002048.txt,17,40,4,0.008716,True
ego_002049.txt,23,63,4,0.062831,True
ego_002050.txt,18,59,6,0.195952,True
ego_002051.txt,15,97,7,0.093666,True
ego_002052.txt,24,139,TIMEOUT,5.000005,TIMEOUT
ego_002053.txt,17,69,8,0.308786,True
ego_002054.txt,14,57,5,0.010999,True
ego_002055.txt,25,75,TIMEOUT,5.000006,TIMEOUT
ego_002056.txt,19,56,7,0.374529,True
ego_002057.txt,20,98,9,2.472033,True
ego_002058.txt,33,68,3,0.005996,True
ego_002059.txt,15,22,2,0.000125,True
ego_002060.txt,14,28,4,0.003371,True
ego_002061.txt,25,77,6,1.399314,True
ego_002062.txt,14,41,4,0.006252,True
ego_002063.txt,19,19,0,2.4e-05,True
ego_002064.txt,15,32,1,6.7e-05,True
ego_002065.txt,11,29,4,0.00134,True
ego_002066.txt,35,82,TIMEOUT,5.000004,TIMEOUT
ego_002067.txt,35,35,0,2.9e-05,True
ego_002068.txt,15,22,2,0.000128,True
ego_002069.txt,33,74,TIMEOUT,5.000009,TIMEOUT
ego_002070.txt,14,45,3,0.002452,True
ego_002071.txt,33,122,TIMEOUT,5.000012,TIMEOUT
ego_002072.txt,28,143,TIMEOUT,5.000008,TIMEOUT
ego_002073.txt,32,90,TIMEOUT,5.000001,TIMEOUT
ego_002074.txt,32,118,TIMEOUT,5.000007,TIMEOUT
ego_002075.txt,13,28,3,0.000994,True
ego_002076.txt,34,189,TIMEOUT,5.000021,TIMEOUT
ego_002077.txt,15,22,2,0.000124,True
ego_002078.txt,30,107,TIMEOUT,5.00001,TIMEOUT
ego_002079.txt,26,26,0,2.5e-05,True
ego_002080.txt,30,110,TIMEOUT,5.000009,TIMEOUT
ego_002081.txt,15,22,2,0.000124,True
ego_002082.txt,29,80,TIMEOUT,5.00001,TIMEOUT
ego_002083.txt,24,68,8,4.189138,True
ego_002084.txt,22,66,6,0.491344,True
ego_002085.txt,34,96,TIMEOUT,5.000006,TIMEOUT
ego_002086.txt,31,31,0,2.7e-05,True
ego_002087.txt,23,70,8,3.971488,True
ego_002088.txt,15,22,2,0.000124,True
ego_002089.txt,13,33,4,0.00293,True
ego_002090.txt,19,95,7,0.703159,True
ego_002091.txt,28,29,0,2.5e-05,True
ego_002092.txt,11,36,3,0.000816,True
ego_002093.txt,13,36,4,0.001812,True
ego_002094.txt,10,12,0,2.1e-05,True
ego_002095.txt,11,21,0,2.1e-05,True
ego_002096.txt,26,98,TIMEOUT,5.000008,TIMEOUT
ego_002097.txt,25,56,3,0.014125,True
ego_002098.txt,18,38,4,0.012681,True
ego_002099.txt,24,54,7,3.111723,True
ego_002100.txt,33,34,0,2.8e-05,True
ego_002101.txt,18,66,6,0.096829,True
ego_002102.txt,12,16,1,3e-05,True
ego_002103.txt,28,92,TIMEOUT,5.000005,TIMEOUT
ego_002104.txt,30,74,5,1.057063,True
ego_002105.txt,21,70,7,0.630396,True
ego_002106.txt,20,38,3,0.004471,True
ego_002107.txt,26,72,5,0.19232,True
ego_002108.txt,22,118,TIMEOUT,5.000003,TIMEOUT
ego_002109.txt,15,22,2,0.000147,True
ego_002110.txt,25,83,7,4.194999,True
ego_002111.txt,15,22,2,0.000125,True
ego_002112.txt,15,22,2,0.00013,True
ego_002113.txt,29,115,TIMEOUT,5.000003,TIMEOUT
ego_002114.txt,24,76,TIMEOUT,5.000003,TIMEOUT
ego_002115.txt,29,92,TIMEOUT,5.000013,TIMEOUT
ego_002116.txt,30,30,0,2.6e-05,True
ego_002117.txt,17,16,0,2.1e-05,True
ego_002118.txt,32,80,TIMEOUT,5.000006,TIMEOUT
ego_002119.txt,15,22,2,0.000124,True
ego_002120.txt,13,19,0,2.1e-05,True
ego_002121.txt,21,72,9,3.777112,True
ego_002122.txt,33,78,TIMEOUT,5.00001,TIMEOUT
ego_002123.txt,32,118,TIMEOUT,5.00001,TIMEOUT
ego_002124.txt,28,64,4,0.108278,True
ego_002125.txt,35,182,TIMEOUT,5.000018,TIMEOUT
ego_002126.txt,21,20,0,2.6e-05,True
ego_002127.txt,11,17,1,3.1e-05,True
ego_002128.txt,11,20,1,3.3e-05,True
ego_002129.txt,16,36,4,0.003759,True
ego_002130.txt,16,102,8,0.217578,True
ego_002131.txt,12,30,2,0.000268,True
ego_002132.txt,11,14,0,2.1e-05,True
ego_002133.txt,18,90,6,0.125449,True
ego_002134.txt,25,188,TIMEOUT,5.000002,TIMEOUT
ego_002135.txt,17,21,0,2.5e-05,True
ego_002136.txt,34,105,TIMEOUT,5.000011,TIMEOUT
ego_002137.txt,19,20,0,2.2e-05,True
ego_002138.txt,26,25,0,2.6e-05,True
ego_002139.txt,35,149,TIMEOUT,5.000005,TIMEOUT
ego_002140.txt,23,69,4,0.099526,True
ego_002141.txt,29,138,TIMEOUT,5.000012,TIMEOUT
ego_002142.txt,12,30,2,9.5e-05,True
ego_002143.txt,21,52,7,0.604963,True
ego_002144.txt,11,10,0,1.7e-05,True
ego_002145.txt,22,63,7,0.865691,True
ego_002146.txt,26,40,1,5e-05,True
ego_002147.txt,21,110,TIMEOUT,5.000002,TIMEOUT
ego_002148.txt,28,28,0,2.7e-05,True
ego_002149.txt,15,22,2,0.000163,True
ego_002150.txt,30,80,TIMEOUT,5.000007,TIMEOUT
ego_002151.txt,30,68,1,0.000206,True
ego_002152.txt,15,22,2,0.000126,True
ego_002153.txt,23,55,2,0.002011,True
ego_002154.txt,17,16,0,3.2e-05,True
ego_002155.txt,33,102,TIMEOUT,5.000009,TIMEOUT
ego_002156.txt,20,42,2,0.000469,True
ego_002157.txt,16,32,5,0.011865,True
ego_002158.txt,35,320,TIMEOUT,5.000006,TIMEOUT
ego_002159.txt,20,38,1,8.6e-05,True
ego_002160.txt,24,52,5,0.200053,True
ego_002161.txt,22,42,1,2.9e-05,True
ego_002162.txt,13,90,7,0.031369,True
ego_002163.txt,12,32,4,0.001443,True
ego_002164.txt,23,62,TIMEOUT,5.0,TIMEOUT
ego_002165.txt,34,105,TIMEOUT,5.000002,TIMEOUT
ego_002166.txt,12,16,2,0.000107,True
ego_002167.txt,24,54,5,0.28171,True
ego_002168.txt,15,22,2,0.000132,True
ego_002169.txt,15,22,2,0.00013,True
ego_002170.txt,34,108,TIMEOUT,5.000011,TIMEOUT
ego_002171.txt,19,18,0,2.3e-05,True
ego_002172.txt,14,20,0,2.3e-05,True
ego_002173.txt,14,33,3,0.000799,True
ego_002174.txt,32,196,TIMEOUT,5.000004,TIMEOUT
ego_002175.txt,27,118,TIMEOUT,5.000009,TIMEOUT
ego_002176.txt,30,72,TIMEOUT,5.000004,TIMEOUT
ego_002177.txt,30,30,0,2.8e-05,True
ego_002178.txt,15,43,5,0.011291,True
ego_002179.txt,28,192,TIMEOUT,5.00001,TIMEOUT
ego_002180.txt,32,84,TIMEOUT,5.000002,TIMEOUT
ego_002181.txt,29,54,1,5.3e-05,True
ego_002182.txt,15,22,2,0.000125,True
ego_002183.txt,17,40,5,0.017283,True
ego_002184.txt,12,28,5,0.003879,True
ego_002185.txt,22,72,3,0.003364,True
ego_002186.txt,20,54,5,0.068072,True
ego_002187.txt,18,54,8,0.362506,True
ego_002188.txt,16,122,11,0.428376,True
ego_002189.txt,21,44,2,0.001254,True
ego_002190.txt,28,29,0,2.9e-05,True
ego_002191.txt,18,34,3,0.002929,True
ego_002192.txt,26,30,0,3.2e-05,True
ego_002193.txt,11,20,1,3.6e-05,True
ego_002194.txt,11,65,5,0.004125,True
ego_002195.txt,12,22,1,5e-05,True
ego_002196.txt,29,84,5,0.337109,True
ego_002197.txt,29,56,4,0.043276,True
ego_002198.txt,22,62,7,0.860948,True
ego_002199.txt,23,72,8,3.459822,True
ego_002200.txt,27,60,TIMEOUT,5.000002,TIMEOUT
ego_002201.txt,29,134,TIMEOUT,5.000004,TIMEOUT
ego_002202.txt,15,22,2,0.000123,True
ego_002203.txt,27,91,TIMEOUT,5.000002,TIMEOUT
ego_002204.txt,35,97,3,0.068543,True
ego_002205.txt,15,22,2,0.000126,True
ego_002206.txt,20,84,9,2.831924,True
ego_002207.txt,19,58,5,0.092422,True
ego_002208.txt,26,86,6,2.274006,True
ego_002209.txt,28,94,TIMEOUT,5.000009,TIMEOUT
ego_002210.txt,14,45,5,0.012648,True
ego_002211.txt,26,76,4,0.092513,True
ego_002212.txt,21,33,1,0.000123,True
ego_002213.txt,22,91,8,4.637555,True
ego_002214.txt,20,62,5,0.149947,True
ego_002215.txt,11,64,6,0.006247,True
ego_002216.txt,15,28,1,2.6e-05,True
ego_002217.txt,24,68,TIMEOUT,5.000005,TIMEOUT
ego_002218.txt,17,58,8,0.229109,True
ego_002219.txt,31,115,TIMEOUT,5.000005,TIMEOUT
ego_002220.txt,21,76,9,4.329943,True
ego_002221.txt,24,71,8,4.537547,True
ego_002222.txt,30,30,0,3.2e-05,True
ego_002223.txt,25,58,3,0.009347,True
ego_002224.txt,22,66,6,0.469112,True
ego_002225.txt,19,18,0,2.1e-05,True
ego_002226.txt,30,64,1,0.000121,True
ego_002227.txt,26,112,TIMEOUT,5.000002,TIMEOUT
ego_002228.txt,14,20,1,2.7e-05,True
ego_002229.txt,25,96,TIMEOUT,5.000005,TIMEOUT
ego_002230.txt,16,114,11,0.411575,True
ego_002231.txt,26,152,TIMEOUT,5.000009,TIMEOUT
ego_002232.txt,17,43,1,3.8e-05,True
ego_002233.txt,18,40,4,0.014654,True
ego_002234.txt,35,205,TIMEOUT,5.000004,TIMEOUT
ego_002235.txt,21,66,9,3.8749,True
ego_002236.txt,21,67,6,0.617717,True
ego_002237.txt,15,22,2,0.000123,True
ego_002238.txt,24,48,2,0.002051,True
ego_002239.txt,26,25,0,2.9e-05,True
ego_002240.txt,11,14,2,8.9e-05,True
ego_002241.txt,11,22,4,0.001189,True
ego_002242.txt,23,81,6,1.048969,True
ego_002243.txt,28,94,TIMEOUT,5.000002,TIMEOUT
ego_002244.txt,35,133,3,0.09291,True
ego_002245.txt,11,22,1,3.1e-05,True
ego_002246.txt,15,18,0,2.2e-05,True
ego_002247.txt,19,74,9,1.148194,True
ego_002248.txt,19,66,7,0.548598,True
ego_002249.txt,15,22,2,0.000126,True
ego_002250.txt,18,38,1,0.000125,True
ego_002251.txt,11,27,3,0.00065,True
ego_002252.txt,12,20,0,2.5e-05,True
ego_002253.txt,16,52,5,0.022913,True
ego_002254.txt,33,172,TIMEOUT,5.000012,TIMEOUT
ego_002255.txt,18,46,5,0.025356,True
ego_002256.txt,28,146,TIMEOUT,5.000005,TIMEOUT
ego_002257.txt,20,56,2,0.001552,True
ego_002258.txt,34,225,TIMEOUT,5.000005,TIMEOUT
ego_002259.txt,17,33,0,2.8e-05,True
ego_002260.txt,17,37,5,0.024603,True
ego_002261.txt,15,22,2,0.000131,True
ego_002262.txt,10,9,0,1.7e-05,True
ego_002263.txt,16,64,6,0.063485,True
ego_002264.txt,15,22,2,0.000142,True
ego_002265.txt,19,67,6,0.235299,True
ego_002266.txt,25,105,TIMEOUT,5.000002,TIMEOUT
ego_002267.txt,31,428,TIMEOUT,5.000002,TIMEOUT
ego_002268.txt,17,35,1,0.000127,True
ego_002269.txt,15,22,2,0.000128,True
ego_002270.txt,17,38,3,0.002691,True
ego_002271.txt,22,41,1,9.3e-05,True
ego_002272.txt,31,39,0,3.1e-05,True
ego_002273.txt,20,80,2,0.001528,True
ego_002274.txt,18,42,7,0.199955,True
ego_002275.txt,35,76,2,0.003354,True
ego_002276.txt,15,22,2,0.000131,True
ego_002277.txt,18,42,3,0.001969,True
ego_002278.txt,15,22,2,0.000125,True
ego_002279.txt,31,90,TIMEOUT,5.000008,TIMEOUT
ego_002280.txt,13,22,0,2.3e-05,True
ego_002281.txt,18,76,8,0.506213,True
ego_002282.txt,15,23,0,2e-05,True
ego_002283.txt,23,73,7,1.969842,True
ego_002284.txt,28,64,TIMEOUT,5.000011,TIMEOUT
ego_002285.txt,33,122,TIMEOUT,5.000005,TIMEOUT
ego_002286.txt,29,38,0,2.9e-05,True
ego_002287.txt,30,29,0,2.8e-05,True
ego_002288.txt,21,70,6,0.466946,True
ego_002289.txt,27,41,0,3.2e-05,True
ego_002290.txt,26,97,3,0.0147,True
ego_002291.txt,29,100,TIMEOUT,5.000011,TIMEOUT
ego_002292.txt,10,13,1,2.4e-05,True
ego_002293.txt,16,34,4,0.005737,True
ego_002294.txt,34,59,0,3.7e-05,True
ego_002295.txt,30,66,5,1.275377,True
ego_002296.txt,29,264,TIMEOUT,5.000004,TIMEOUT
ego_002297.txt,14,41,4,0.006288,True
ego_002298.txt,11,20,2,7.4e-05,True
ego_002299.txt,29,89,TIMEOUT,5.000007,TIMEOUT
ego_002300.txt,17,46,5,0.032274,True
ego_002301.txt,24,70,TIMEOUT,5.000002,TIMEOUT
ego_002302.txt,27,88,6,2.426007,True
ego_002303.txt,15,22,2,0.000123,True
ego_002304.txt,28,88,TIMEOUT,5.000009,TIMEOUT
ego_002305.txt,15,22,2,0.000123,True
ego_002306.txt,30,107,TIMEOUT,5.000007,TIMEOUT
ego_002307.txt,15,22,2,0.000125,True
ego_002308.txt,24,65,6,0.777776,True
ego_002309.txt,14,43,5,0.007686,True
ego_002310.txt,33,98,TIMEOUT,5.000004,TIMEOUT
ego_002311.txt,11,28,3,0.000611,True
ego_002312.txt,22,65,2,0.000395,True
ego_002313.txt,29,110,TIMEOUT,5.0,TIMEOUT
ego_002314.txt,29,101,TIMEOUT,5.000013,TIMEOUT
ego_002315.txt,13,24,1,7.4e-05,True
ego_002316.txt,28,68,TIMEOUT,5.000001,TIMEOUT
ego_002317.txt,11,24,2,0.000223,True
ego_002318.txt,28,60,TIMEOUT,5.000008,TIMEOUT
ego_002319.txt,27,65,0,3.3e-05,True
ego_002320.txt,30,107,TIMEOUT,5.000013,TIMEOUT
ego_002321.txt,12,11,0,2.2e-05,True
ego_002322.txt,20,60,4,0.010304,True
ego_002323.txt,26,26,0,2.7e-05,True
ego_002324.txt,34,112,TIMEOUT,5.00001,TIMEOUT
ego_002325.txt,14,37,5,0.008558,True
ego_002326.txt,30,94,TIMEOUT,5.000001,TIMEOUT
ego_002327.txt,20,20,0,2.2e-05,True
ego_002328.txt,25,129,TIMEOUT,5.000007,TIMEOUT
ego_002329.txt,24,74,6,1.408902,True
ego_002330.txt,26,90,1,0.000182,True
ego_002331.txt,15,39,2,0.000595,True
ego_002332.txt,13,27,4,0.001558,True
ego_002333.txt,32,78,2,0.004075,True
ego_002334.txt,14,30,4,0.003529,True
ego_002335.txt,21,42,2,0.000246,True
ego_002336.txt,28,72,TIMEOUT,5.000003,TIMEOUT
ego_002337.txt,33,154,TIMEOUT,5.000013,TIMEOUT
ego_002338.txt,18,17,0,2e-05,True
ego_002339.txt,15,28,1,5.3e-05,True
ego_002340.txt,24,48,2,0.000305,True
ego_002341.txt,24,56,6,1.044551,True
ego_002342.txt,11,22,0,1.9e-05,True
ego_002343.txt,18,17,0,2.4e-05,True
ego_002344.txt,13,40,6,0.010888,True
ego_002345.txt,17,56,6,0.082931,True
ego_002346.txt,13,32,5,0.006644,True
ego_002347.txt,17,24,0,2.4e-05,True
ego_002348.txt,19,50,1,5.3e-05,True
ego_002349.txt,31,175,TIMEOUT,5.000018,TIMEOUT
ego_002350.txt,34,105,TIMEOUT,5.000009,TIMEOUT
ego_002351.txt,21,48,3,0.006604,True
ego_002352.txt,25,63,2,0.001254,True
ego_002353.txt,13,32,6,0.009869,True
ego_002354.txt,27,54,6,1.047016,True
ego_002355.txt,11,30,3,0.00031,True
ego_002356.txt,18,58,5,0.082808,True
ego_002357.txt,15,22,2,0.000122,True
ego_002358.txt,12,36,4,0.001382,True
ego_002359.txt,17,40,6,0.067114,True
ego_002360.txt,21,21,0,2.3e-05,True
ego_002361.txt,15,61,2,0.00052,True
ego_002362.txt,32,74,TIMEOUT,5.000003,TIMEOUT
ego_002363.txt,28,49,0,3.6e-05,True
ego_002364.txt,14,14,0,2.2e-05,True
ego_002365.txt,33,80,TIMEOUT,5.000005,TIMEOUT
ego_002366.txt,15,44,4,0.003751,True
ego_002367.txt,32,139,4,0.323312,True
ego_002368.txt,10,18,2,0.000151,True
ego_002369.txt,15,22,2,0.000131,True
ego_002370.txt,26,51,2,0.000369,True
ego_002371.txt,29,113,TIMEOUT,5.000008,TIMEOUT
ego_002372.txt,10,10,0,2.9e-05,True
ego_002373.txt,21,57,1,0.00024,True
ego_002374.txt,21,66,5,0.260498,True
ego_002375.txt,24,70,6,0.796079,True
ego_002376.txt,29,64,TIMEOUT,5.000006,TIMEOUT
ego_002377.txt,14,27,1,3.1e-05,True
ego_002378.txt,25,168,TIMEOUT,5.000009,TIMEOUT
ego_002379.txt,29,69,TIMEOUT,5.000002,TIMEOUT
ego_002380.txt,15,29,2,0.000544,True
ego_002381.txt,34,105,TIMEOUT,5.00001,TIMEOUT
ego_002382.txt,35,86,TIMEOUT,5.000001,TIMEOUT
ego_002383.txt,14,26,1,5.2e-05,True
ego_002384.txt,25,80,7,3.448905,True
ego_002385.txt,31,97,TIMEOUT,5.000005,TIMEOUT
ego_002386.txt,15,22,2,0.000124,True
ego_002387.txt,19,20,0,2.4e-05,True
ego_002388.txt,14,44,6,0.017895,True
ego_002389.txt,27,91,TIMEOUT,5.000004,TIMEOUT
ego_002390.txt,10,28,5,0.0014,True
ego_002391.txt,28,181,TIMEOUT,5.000003,TIMEOUT
ego_002392.txt,14,44,6,0.015929,True
ego_002393.txt,15,96,8,0.121405,True
ego_002394.txt,12,38,5,0.003597,True
ego_002395.txt,32,118,TIMEOUT,5.000004,TIMEOUT
ego_002396.txt,17,41,0,2.6e-05,True
ego_002397.txt,22,76,7,0.894249,True
ego_002398.txt,13,12,0,1.8e-05,True
ego_002399.txt,22,62,7,1.312286,True
ego_002400.txt,12,22,1,2.7e-05,True
ego_002401.txt,22,94,7,2.227188,True
ego_002402.txt,12,25,3,0.000848,True
ego_002403.txt,15,22,2,0.000127,True
ego_002404.txt,10,14,1,2.8e-05,True
ego_002405.txt,17,45,5,0.020108,True
ego_002406.txt,26,80,6,0.787972,True
ego_002407.txt,11,10,0,2.2e-05,True
ego_002408.txt,11,26,4,0.001763,True
ego_002409.txt,24,46,1,5.3e-05,True
ego_002410.txt,31,80,TIMEOUT,5.000005,TIMEOUT
ego_002411.txt,24,77,7,1.79588,True
ego_002412.txt,28,74,TIMEOUT,5.000001,TIMEOUT
ego_002413.txt,24,71,8,4.615118,True
ego_002414.txt,32,68,TIMEOUT,5.000002,TIMEOUT
ego_002415.txt,13,38,3,0.001527,True
ego_002416.txt,20,54,4,0.037118,True
ego_002417.txt,13,26,3,0.000603,True
ego_002418.txt,10,12,1,0.000111,True
ego_002419.txt,28,147,1,0.000282,True
ego_002420.txt,32,204,TIMEOUT,5.000007,TIMEOUT
ego_002421.txt,29,112,TIMEOUT,5.000005,TIMEOUT
ego_002422.txt,10,32,3,0.000385,True
ego_002423.txt,30,44,0,3.2e-05,True
ego_002424.txt,26,88,7,3.06768,True
ego_002425.txt,33,133,4,0.504182,True
ego_002426.txt,16,34,7,0.07549,True
ego_002427.txt,33,102,TIMEOUT,5.000004,TIMEOUT
ego_002428.txt,13,36,4,0.001783,True
ego_002429.txt,23,69,6,1.206896,True
ego_002430.txt,29,47,1,0.000143,True
ego_002431.txt,34,78,TIMEOUT,5.000007,TIMEOUT
ego_002432.txt,27,119,5,1.150561,True
ego_002433.txt,30,183,TIMEOUT,5.00001,TIMEOUT
ego_002434.txt,15,50,4,0.010709,True
ego_002435.txt,12,13,0,2.4e-05,True
ego_002436.txt,34,35,0,3.4e-05,True
ego_002437.txt,19,52,6,0.120927,True
ego_002438.txt,24,51,2,0.000737,True
ego_002439.txt,20,19,0,2.9e-05,True
ego_002440.txt,32,84,TIMEOUT,5.00001,TIMEOUT
ego_002441.txt,17,57,6,0.061039,True
ego_002442.txt,33,134,TIMEOUT,5.000008,TIMEOUT
ego_002443.txt,14,22,0,2e-05,True
ego_002444.txt,26,147,TIMEOUT,5.000001,TIMEOUT
ego_002445.txt,30,38,0,2.8e-05,True
ego_002446.txt,15,42,5,0.011406,True
ego_002447.txt,17,32,3,0.001073,True
ego_002448.txt,32,118,TIMEOUT,5.000009,TIMEOUT
ego_002449.txt,33,103,TIMEOUT,5.000008,TIMEOUT
ego_002450.txt,20,30,0,2.4e-05,True
ego_002451.txt,24,64,TIMEOUT,5.000004,TIMEOUT
ego_002452.txt,27,88,TIMEOUT,5.000001,TIMEOUT
ego_002453.txt,19,52,4,0.01333,True
ego_002454.txt,17,22,0,2.2e-05,True
ego_002455.txt,29,101,4,0.305572,True
ego_002456.txt,15,22,2,0.000123,True
ego_002457.txt,25,89,4,0.156676,True
ego_002458.txt,13,42,5,0.005708,True
ego_002459.txt,15,22,2,0.000125,True
ego_002460.txt,14,30,3,0.000772,True
ego_002461.txt,31,30,0,2.8e-05,True
ego_002462.txt,22,302,TIMEOUT,5.000016,TIMEOUT
ego_002463.txt,13,33,3,0.000868,True
ego_002464.txt,32,118,TIMEOUT,5.000004,TIMEOUT
ego_002465.txt,34,94,2,0.00481,True
ego_002466.txt,17,29,1,0.00012,True
ego_002467.txt,27,81,TIMEOUT,5.000005,TIMEOUT
ego_002468.txt,19,72,7,0.504672,True
ego_002469.txt,15,22,2,0.000151,True
ego_002470.txt,32,118,TIMEOUT,5.000011,TIMEOUT
ego_002471.txt,11,16,1,5.8e-05,True
ego_002472.txt,11,14,1,4e-05,True
ego_002473.txt,16,44,4,0.004498,True
ego_002474.txt,28,86,TIMEOUT,5.000001,TIMEOUT
ego_002475.txt,15,22,2,0.000178,True
ego_002476.txt,15,22,2,0.000124,True
ego_002477.txt,21,51,1,0.00017,True
ego_002478.txt,19,58,6,0.25475,True
ego_002479.txt,30,72,5,0.954868,True
ego_002480.txt,10,14,1,2.5e-05,True
ego_002481.txt,15,30,2,0.000108,True
ego_002482.txt,19,65,6,0.232428,True
ego_002483.txt,31,127,3,0.074942,True
ego_002484.txt,28,135,TIMEOUT,5.000013,TIMEOUT
ego_002485.txt,11,14,0,1.9e-05,True
ego_002486.txt,15,14,0,2.2e-05,True
ego_002487.txt,33,41,0,3.9e-05,True
ego_002488.txt,28,183,TIMEOUT,5.00001,TIMEOUT
ego_002489.txt,35,109,0,4.5e-05,True
ego_002490.txt,13,32,5,0.007421,True
ego_002491.txt,32,114,TIMEOUT,5.000002,TIMEOUT
ego_002492.txt,19,52,5,0.096911,True
ego_002493.txt,22,110,TIMEOUT,5.000009,TIMEOUT
ego_002494.txt,25,70,TIMEOUT,5.000007,TIMEOUT
ego_002495.txt,15,22,2,0.000131,True
ego_002496.txt,11,40,5,0.00352,True
ego_002497.txt,16,32,5,0.012605,True
ego_002498.txt,11,27,3,0.000272,True
ego_002499.txt,25,54,2,0.001785,True
ego_002500.txt,32,160,TIMEOUT,5.000006,TIMEOUT
ego_002501.txt,12,67,6,0.009769,True
ego_002502.txt,27,70,TIMEOUT,5.000005,TIMEOUT
ego_002503.txt,19,74,7,0.506268,True
ego_002504.txt,12,36,2,0.000337,True
ego_002505.txt,16,34,5,0.01442,True
ego_002506.txt,16,40,7,0.091315,True
ego_002507.txt,33,96,3,0.066738,True
ego_002508.txt,20,87,9,2.66369,True
ego_002509.txt,26,112,2,0.005596,True
ego_002510.txt,23,65,5,0.23449,True
ego_002511.txt,28,28,0,2.6e-05,True
ego_002512.txt,20,89,9,2.505662,True
ego_002513.txt,18,17,0,2e-05,True
ego_002514.txt,23,35,1,0.000105,True
ego_002515.txt,19,43,1,6.3e-05,True
ego_002516.txt,19,64,8,0.63378,True
ego_002517.txt,15,22,2,0.000125,True
ego_002518.txt,21,54,6,0.195858,True
ego_002519.txt,27,58,3,0.023838,True
ego_002520.txt,15,22,2,0.000152,True
ego_002521.txt,31,96,TIMEOUT,5.000001,TIMEOUT
ego_002522.txt,20,28,1,8.1e-05,True
ego_002523.txt,15,22,2,0.000127,True
ego_002524.txt,35,36,0,3.4e-05,True
ego_002525.txt,20,44,3,0.001366,True
ego_002526.txt,26,82,TIMEOUT,5.000003,TIMEOUT
ego_002527.txt,21,56,3,0.004714,True
ego_002528.txt,35,35,0,3.1e-05,True
ego_002529.txt,15,22,2,0.000128,True
ego_002530.txt,30,146,TIMEOUT,5.000012,TIMEOUT
ego_002531.txt,16,46,7,0.081629,True
ego_002532.txt,17,51,5,0.033795,True
ego_002533.txt,11,23,0,2.1e-05,True
ego_002534.txt,33,100,TIMEOUT,5.00001,TIMEOUT
ego_002535.txt,25,102,4,0.092969,True
ego_002536.txt,13,17,2,8.3e-05,True
ego_002537.txt,31,128,5,2.862886,True
ego_002538.txt,30,90,TIMEOUT,5.000007,TIMEOUT
ego_002539.txt,11,34,6,0.003684,True
ego_002540.txt,34,105,TIMEOUT,5.000006,TIMEOUT
ego_002541.txt,10,30,4,0.00114,True
ego_002542.txt,28,27,0,3.2e-05,True
ego_002543.txt,27,68,6,2.427844,True
ego_002544.txt,19,54,6,0.111918,True
ego_002545.txt,19,57,3,0.005611,True
ego_002546.txt,21,70,8,2.274166,True
ego_002547.txt,15,22,2,0.000128,True
ego_002548.txt,16,40,5,0.013669,True
ego_002549.txt,18,128,12,1.806403,True
ego_002550.txt,22,21,0,2.4e-05,True
ego_002551.txt,15,22,2,0.000128,True
ego_002552.txt,15,22,2,0.000158,True
ego_002553.txt,10,18,1,5.4e-05,True
ego_002554.txt,28,132,3,0.031662,True
ego_002555.txt,17,46,5,0.018587,True
ego_002556.txt,26,104,TIMEOUT,5.000001,TIMEOUT
ego_002557.txt,23,44,5,0.148222,True
ego_002558.txt,18,48,6,0.093951,True
ego_002559.txt,20,62,7,0.654131,True
ego_002560.txt,11,16,1,2.8e-05,True
ego_002561.txt,30,92,TIMEOUT,5.000005,TIMEOUT
ego_002562.txt,10,23,3,0.000338,True
ego_002563.txt,35,88,TIMEOUT,5.000004,TIMEOUT
ego_002564.txt,15,26,3,0.00125,True
ego_002565.txt,24,76,TIMEOUT,5.000001,TIMEOUT
ego_002566.txt,33,38,0,2.8e-05,True
ego_002567.txt,26,40,0,2.9e-05,True
ego_002568.txt,33,112,TIMEOUT,5.000012,TIMEOUT
ego_002569.txt,33,103,TIMEOUT,5.000005,TIMEOUT
ego_002570.txt,15,42,7,0.04845,True
ego_002571.txt,15,22,2,0.000124,True
ego_002572.txt,12,38,6,0.007942,True
ego_002573.txt,11,22,2,7.7e-05,True
ego_002574.txt,16,44,7,0.086521,True
ego_002575.txt,12,75,6,0.011875,True
ego_002576.txt,13,24,1,6.7e-05,True
ego_002577.txt,23,77,7,2.115788,True
ego_002578.txt,25,37,0,2.8e-05,True
ego_002579.txt,28,127,5,0.692207,True
ego_002580.txt,12,20,1,4.2e-05,True
ego_002581.txt,34,57,0,3.8e-05,True
ego_002582.txt,18,30,1,5e-05,True
ego_002583.txt,22,35,1,0.000201,True
ego_002584.txt,11,15,1,4.3e-05,True
ego_002585.txt,16,43,5,0.024458,True
ego_002586.txt,30,110,TIMEOUT,5.000012,TIMEOUT
ego_002587.txt,23,33,0,2.5e-05,True
ego_002588.txt,21,44,2,0.002063,True
ego_002589.txt,19,56,8,0.608926,True
ego_002590.txt,23,62,6,0.529982,True
ego_002591.txt,16,52,6,0.054449,True
ego_002592.txt,16,74,6,0.078439,True
ego_002593.txt,25,138,TIMEOUT,5.000011,TIMEOUT
ego_002594.txt,23,65,7,1.72082,True
ego_002595.txt,17,33,0,2.5e-05,True
ego_002596.txt,31,74,6,1.97221,True
ego_002597.txt,15,22,2,0.000127,True
ego_002598.txt,30,108,TIMEOUT,5.000008,TIMEOUT
ego_002599.txt,13,34,4,0.002062,True
ego_002600.txt,12,44,4,0.001571,True
ego_002601.txt,27,60,2,0.000604,True
ego_002602.txt,11,22,3,0.000422,True
ego_002603.txt,16,15,0,2.4e-05,True
ego_002604.txt,12,30,3,0.00061,True
ego_002605.txt,26,87,1,0.000109,True
ego_002606.txt,24,75,3,0.007675,True
ego_002607.txt,15,22,2,0.000127,True
ego_002608.txt,32,104,2,0.008578,True
ego_002609.txt,15,22,2,0.000128,True
ego_002610.txt,24,118,TIMEOUT,5.000001,TIMEOUT
ego_002611.txt,18,49,6,0.076166,True
ego_002612.txt,11,34,5,0.002092,True
ego_002613.txt,15,22,2,0.000126,True
ego_002614.txt,18,65,6,0.202539,True
ego_002615.txt,31,36,0,3.4e-05,True
ego_002616.txt,17,45,5,0.019902,True
ego_002617.txt,35,80,5,4.41911,True
ego_002618.txt,22,96,8,3.241609,True
ego_002619.txt,22,57,3,0.011332,True
ego_002620.txt,19,50,5,0.069076,True
ego_002621.txt,15,22,2,0.000124,True
ego_002622.txt,18,60,5,0.061318,True
ego_002623.txt,17,53,6,0.064826,True
ego_002624.txt,30,94,TIMEOUT,5.000003,TIMEOUT
ego_002625.txt,29,228,TIMEOUT,5.000006,TIMEOUT
ego_002626.txt,27,86,TIMEOUT,5.000007,TIMEOUT
ego_002627.txt,10,11,1,2.2e-05,True
ego_002628.txt,35,209,TIMEOUT,5.000009,TIMEOUT
ego_002629.txt,28,67,1,0.000203,True
ego_002630.txt,10,20,1,2.8e-05,True
ego_002631.txt,31,78,5,0.458962,True
ego_002632.txt,26,66,TIMEOUT,5.000002,TIMEOUT
ego_002633.txt,14,32,6,0.0152,True
ego_002634.txt,27,26,0,2.6e-05,True
ego_002635.txt,19,50,4,0.012262,True
ego_002636.txt,32,94,TIMEOUT,5.000009,TIMEOUT
ego_002637.txt,31,86,1,0.000191,True
ego_002638.txt,32,118,TIMEOUT,5.000009,TIMEOUT
ego_002639.txt,29,92,TIMEOUT,5.000008,TIMEOUT
ego_002640.txt,23,59,2,0.000773,True
ego_002641.txt,17,66,8,0.293053,True
ego_002642.txt,11,10,0,2.1e-05,True
ego_002643.txt,15,22,2,0.000136,True
ego_002644.txt,35,68,1,4.3e-05,True
ego_002645.txt,32,77,0,3.9e-05,True
ego_002646.txt,17,60,6,0.119342,True
ego_002647.txt,21,54,6,0.40948,True
ego_002648.txt,18,58,8,0.401617,True
ego_002649.txt,31,115,TIMEOUT,5.000011,TIMEOUT
ego_002650.txt,24,24,0,2.3e-05,True
ego_002651.txt,33,70,4,0.243788,True
ego_002652.txt,12,26,4,0.001194,True
ego_002653.txt,10,26,3,0.000418,True
ego_002654.txt,24,62,6,0.540967,True
ego_002655.txt,18,48,6,0.075855,True
ego_002656.txt,16,43,5,0.01452,True
ego_002657.txt,13,77,6,0.020342,True
ego_002658.txt,20,66,6,0.414898,True
ego_002659.txt,34,76,TIMEOUT,5.000002,TIMEOUT
ego_002660.txt,27,86,TIMEOUT,5.000004,TIMEOUT
ego_002661.txt,29,98,TIMEOUT,5.000005,TIMEOUT
ego_002662.txt,31,93,1,0.000144,True
ego_002663.txt,27,88,TIMEOUT,5.000013,TIMEOUT
ego_002664.txt,26,77,6,0.974113,True
ego_002665.txt,19,54,7,0.282785,True
ego_002666.txt,19,62,8,0.644031,True
ego_002667.txt,34,450,TIMEOUT,5.000004,TIMEOUT
ego_002668.txt,22,66,5,0.283461,True
ego_002669.txt,15,22,2,0.00016,True
ego_002670.txt,33,114,TIMEOUT,5.000005,TIMEOUT
ego_002671.txt,17,32,1,3.7e-05,True
ego_002672.txt,31,153,TIMEOUT,5.000003,TIMEOUT
ego_002673.txt,14,13,0,1.8e-05,True
ego_002674.txt,10,11,0,1.9e-05,True
ego_002675.txt,10,19,3,0.000189,True
ego_002676.txt,22,22,0,2.5e-05,True
ego_002677.txt,10,26,3,0.000409,True
ego_002678.txt,15,22,2,0.000126,True
ego_002679.txt,10,11,0,1.8e-05,True
ego_002680.txt,15,22,2,0.000125,True
ego_002681.txt,28,96,TIMEOUT,5.00001,TIMEOUT
ego_002682.txt,18,48,6,0.075722,True
ego_002683.txt,25,83,6,2.408769,True
ego_002684.txt,10,24,4,0.000592,True
ego_002685.txt,15,34,4,0.00434,True
ego_002686.txt,35,90,TIMEOUT,5.000007,TIMEOUT
ego_002687.txt,22,69,7,1.376542,True
ego_002688.txt,15,22,2,0.000123,True
ego_002689.txt,23,54,6,0.324071,True
ego_002690.txt,12,15,1,5.8e-05,True
ego_002691.txt,34,105,TIMEOUT,5.00001,TIMEOUT
ego_002692.txt,14,34,4,0.004653,True
ego_002693.txt,32,63,1,0.000262,True
ego_002694.txt,15,22,2,0.00016,True
ego_002695.txt,13,12,0,2.2e-05,True
ego_002696.txt,35,35,0,3.4e-05,True
ego_002697.txt,15,34,7,0.039678,True
ego_002698.txt,14,26,1,3.6e-05,True
ego_002699.txt,20,48,2,0.000421,True
ego_002700.txt,23,150,3,0.01208,True
ego_002701.txt,30,95,TIMEOUT,5.000002,TIMEOUT
ego_002702.txt,21,60,6,0.424967,True
ego_002703.txt,28,87,TIMEOUT,5.000003,TIMEOUT
ego_002704.txt,18,114,11,1.690628,True
ego_002705.txt,29,92,TIMEOUT,5.000009,TIMEOUT
ego_002706.txt,27,91,TIMEOUT,5.000008,TIMEOUT
ego_002707.txt,15,21,0,4.4e-05,True
ego_002708.txt,14,31,3,0.0017,True
ego_002709.txt,18,51,2,0.001283,True
ego_002710.txt,26,72,5,0.487933,True
ego_002711.txt,34,90,TIMEOUT,5.000016,TIMEOUT
ego_002712.txt,25,74,5,0.656096,True
ego_002713.txt,28,66,3,0.008384,True
ego_002714.txt,23,46,2,0.000366,True
ego_002715.txt,12,25,4,0.001119,True
ego_002716.txt,28,28,0,3.1e-05,True
ego_002717.txt,16,32,2,0.000662,True
ego_002718.txt,32,118,TIMEOUT,5.000006,TIMEOUT
ego_002719.txt,19,113,9,1.791171,True
ego_002720.txt,13,12,0,1.8e-05,True
ego_002721.txt,25,69,5,0.441119,True
ego_002722.txt,16,23,0,2e-05,True
ego_002723.txt,34,105,TIMEOUT,5.000004,TIMEOUT
ego_002724.txt,15,22,2,0.000127,True
ego_002725.txt,35,436,TIMEOUT,5.000036,TIMEOUT
ego_002726.txt,27,88,TIMEOUT,5.000007,TIMEOUT
ego_002727.txt,18,34,5,0.047631,True
ego_002728.txt,15,22,2,0.00013,True
ego_002729.txt,31,97,TIMEOUT,5.000006,TIMEOUT
ego_002730.txt,21,40,3,0.006537,True
ego_002731.txt,19,36,1,0.000117,True
ego_002732.txt,23,48,0,3.3e-05,True
ego_002733.txt,31,120,TIMEOUT,5.000007,TIMEOUT
ego_002734.txt,22,42,1,0.000167,True
ego_002735.txt,16,30,1,9.5e-05,True
ego_002736.txt,17,54,6,0.056154,True
ego_002737.txt,12,30,3,0.000377,True
ego_002738.txt,26,86,6,1.841543,True
ego_002739.txt,15,22,2,0.000124,True
ego_002740.txt,23,58,2,0.000944,True
ego_002741.txt,29,91,TIMEOUT,5.000001,TIMEOUT
ego_002742.txt,28,55,2,0.003389,True
ego_002743.txt,24,66,TIMEOUT,5.000009,TIMEOUT
ego_002744.txt,15,22,2,0.000126,True
ego_002745.txt,13,31,2,0.00026,True
ego_002746.txt,13,19,1,2.9e-05,True
ego_002747.txt,27,88,6,2.360164,True
ego_002748.txt,15,22,2,0.000123,True
ego_002749.txt,23,78,7,2.531507,True
ego_002750.txt,11,22,2,0.000116,True
ego_002751.txt,27,60,5,0.278698,True
ego_002752.txt,20,68,9,1.81201,True
ego_002753.txt,25,24,0,2.8e-05,True
ego_002754.txt,16,41,4,0.004297,True
ego_002755.txt,27,122,TIMEOUT,5.000007,TIMEOUT
ego_002756.txt,23,66,7,2.351676,True
ego_002757.txt,33,161,TIMEOUT,5.00001,TIMEOUT
ego_002758.txt,30,38,0,2.9e-05,True
ego_002759.txt,31,114,TIMEOUT,5.000009,TIMEOUT
ego_002760.txt,21,21,0,2.2e-05,True
ego_002761.txt,29,56,2,0.003074,True
ego_002762.txt,32,45,0,3.7e-05,True
ego_002763.txt,13,17,1,2.8e-05,True
ego_002764.txt,19,50,6,0.143814,True
ego_002765.txt,26,82,TIMEOUT,5.000004,TIMEOUT
ego_002766.txt,33,125,2,0.005354,True
ego_002767.txt,10,10,0,1.8e-05,True
ego_002768.txt,20,74,7,0.991224,True
ego_002769.txt,13,92,9,0.044005,True
ego_002770.txt,35,228,TIMEOUT,5.000021,TIMEOUT
ego_002771.txt,17,32,1,7.5e-05,True
ego_002772.txt,27,80,TIMEOUT,5.000005,TIMEOUT
ego_002773.txt,15,51,5,0.011706,True
ego_002774.txt,26,79,3,0.015408,True
ego_002775.txt,15,22,2,0.000125,True
ego_002776.txt,15,30,3,0.000701,True
ego_002777.txt,17,32,4,0.004943,True
ego_002778.txt,25,62,4,0.029558,True
ego_002779.txt,12,30,4,0.002454,True
ego_002780.txt,25,78,TIMEOUT,5.000004,TIMEOUT
ego_002781.txt,15,34,3,0.001227,True
ego_002782.txt,15,34,3,0.001787,True
ego_002783.txt,15,22,2,0.000125,True
ego_002784.txt,14,28,3,0.001618,True
ego_002785.txt,22,35,1,0.000102,True
ego_002786.txt,22,30,0,2.7e-05,True
ego_002787.txt,10,31,2,0.00011,True
ego_002788.txt,31,52,0,3.6e-05,True
ego_002789.txt,28,164,TIMEOUT,5.000011,TIMEOUT
ego_002790.txt,32,118,TIMEOUT,5.000003,TIMEOUT
ego_002791.txt,31,152,3,0.09131,True
ego_002792.txt,23,46,3,0.012337,True
ego_002793.txt,10,28,3,0.000224,True
ego_002794.txt,33,212,5,1.605662,True
ego_002795.txt,34,105,TIMEOUT,5.000003,TIMEOUT
ego_002796.txt,10,14,0,1.8e-05,True
ego_002797.txt,32,118,TIMEOUT,5.000012,TIMEOUT
ego_002798.txt,34,68,2,0.005364,True
ego_002799.txt,10,22,2,6.1e-05,True
ego_002800.txt,24,149,TIMEOUT,5.000001,TIMEOUT
ego_002801.txt,25,75,2,0.000783,True
ego_002802.txt,22,44,3,0.007534,True
ego_002803.txt,28,111,3,0.033084,True
ego_002804.txt,14,16,0,2.2e-05,True
ego_002805.txt,24,58,6,0.898376,True
ego_002806.txt,35,39,0,3.5e-05,True
ego_002807.txt,26,26,0,2.7e-05,True
ego_002808.txt,17,44,7,0.160756,True
ego_002809.txt,13,27,3,0.000403,True
ego_002810.txt,12,40,6,0.006901,True
ego_002811.txt,10,28,3,0.000314,True
ego_002812.txt,32,118,TIMEOUT,5.000005,TIMEOUT
ego_002813.txt,31,96,TIMEOUT,5.000006,TIMEOUT
ego_002814.txt,23,71,6,0.91802,True
ego_002815.txt,34,205,TIMEOUT,5.000013,TIMEOUT
ego_002816.txt,27,27,0,2.6e-05,True
ego_002817.txt,28,104,TIMEOUT,5.000003,TIMEOUT
ego_002818.txt,13,34,5,0.008761,True
ego_002819.txt,14,34,5,0.00689,True
ego_002820.txt,13,35,4,0.003631,True
ego_002821.txt,12,15,0,2e-05,True
ego_002822.txt,32,32,0,3e-05,True
ego_002823.txt,24,107,2,0.001216,True
ego_002824.txt,12,32,4,0.001226,True
ego_002825.txt,25,111,TIMEOUT,5.00001,TIMEOUT
ego_002826.txt,12,16,1,4e-05,True
ego_002827.txt,31,80,3,0.017966,True
ego_002828.txt,10,22,3,0.00029,True
ego_002829.txt,23,68,5,0.358515,True
ego_002830.txt,35,110,TIMEOUT,5.00001,TIMEOUT
ego_002831.txt,31,66,4,0.092717,True
ego_002832.txt,16,22,0,2.1e-05,True
ego_002833.txt,17,54,8,0.208283,True
ego_002834.txt,16,53,5,0.027745,True
ego_002835.txt,32,99,TIMEOUT,5.000002,TIMEOUT
ego_002836.txt,32,118,TIMEOUT,5.000001,TIMEOUT
ego_002837.txt,30,95,TIMEOUT,5.00001,TIMEOUT
ego_002838.txt,15,22,2,0.000124,True
ego_002839.txt,17,106,10,0.661038,True
ego_002840.txt,30,94,TIMEOUT,5.000006,TIMEOUT
ego_002841.txt,11,32,3,0.000461,True
ego_002842.txt,25,25,0,2.9e-05,True
ego_002843.txt,31,98,TIMEOUT,5.000002,TIMEOUT
ego_002844.txt,13,12,0,1.8e-05,True
ego_002845.txt,20,57,1,6e-05,True
ego_002846.txt,33,86,3,0.049565,True
ego_002847.txt,11,26,3,0.000269,True
ego_002848.txt,19,62,9,1.116583,True
ego_002849.txt,16,40,5,0.019049,True
ego_002850.txt,29,88,TIMEOUT,5.000006,TIMEOUT
ego_002851.txt,23,44,0,2.8e-05,True
ego_002852.txt,32,106,TIMEOUT,5.000012,TIMEOUT
ego_002853.txt,23,93,TIMEOUT,5.000005,TIMEOUT
ego_002854.txt,21,34,1,6.6e-05,True
ego_002855.txt,21,22,0,4.5e-05,True
ego_002856.txt,31,154,TIMEOUT,5.00001,TIMEOUT
ego_002857.txt,13,46,6,0.012572,True
ego_002858.txt,34,108,2,0.005299,True
ego_002859.txt,33,42,0,3.3e-05,True
ego_002860.txt,11,10,0,1.8e-05,True
ego_002861.txt,31,114,TIMEOUT,5.00001,TIMEOUT
ego_002862.txt,27,66,TIMEOUT,5.000004,TIMEOUT
ego_002863.txt,25,156,TIMEOUT,5.000006,TIMEOUT
ego_002864.txt,23,64,8,3.055785,True
ego_002865.txt,27,60,3,0.003715,True
ego_002866.txt,26,56,5,0.391021,True
ego_002867.txt,34,78,TIMEOUT,5.000003,TIMEOUT
ego_002868.txt,15,22,2,0.000176,True
ego_002869.txt,26,86,6,2.125134,True
ego_002870.txt,21,58,7,0.555853,True
ego_002871.txt,15,22,2,0.000124,True
ego_002872.txt,35,176,TIMEOUT,5.000016,TIMEOUT
ego_002873.txt,15,22,2,0.000157,True
ego_002874.txt,31,93,3,0.047637,True
ego_002875.txt,14,32,4,0.003119,True
ego_002876.txt,21,46,4,0.030579,True
ego_002877.txt,15,22,2,0.000171,True
ego_002878.txt,21,35,1,5.1e-05,True
ego_002879.txt,35,84,TIMEOUT,5.000006,TIMEOUT
ego_002880.txt,11,28,4,0.000866,True
ego_002881.txt,16,17,0,2.2e-05,True
ego_002882.txt,14,26,3,0.00048,True
ego_002883.txt,20,37,4,0.018829,True
ego_002884.txt,24,70,5,0.112692,True
ego_002885.txt,15,22,2,0.000137,True
ego_002886.txt,18,54,6,0.084564,True
ego_002887.txt,30,182,TIMEOUT,5.000015,TIMEOUT
ego_002888.txt,15,34,0,2.7e-05,True
ego_002889.txt,23,68,TIMEOUT,5.000007,TIMEOUT
ego_002890.txt,23,65,3,0.014111,True
ego_002891.txt,26,84,TIMEOUT,5.000001,TIMEOUT
ego_002892.txt,32,118,TIMEOUT,5.000003,TIMEOUT
ego_002893.txt,19,54,4,0.032872,True
ego_002894.txt,22,36,2,0.000979,True
ego_002895.txt,24,71,2,0.003372,True
ego_002896.txt,12,35,5,0.003737,True
ego_002897.txt,20,80,5,0.10129,True
ego_002898.txt,31,68,2,0.004137,True
ego_002899.txt,22,129,TIMEOUT,5.00001,TIMEOUT
ego_002900.txt,29,29,0,2.6e-05,True
ego_002901.txt,28,133,TIMEOUT,5.000008,TIMEOUT
ego_002902.txt,25,58,TIMEOUT,5.000004,TIMEOUT
ego_002903.txt,35,92,1,0.000522,True
ego_002904.txt,25,75,TIMEOUT,5.000002,TIMEOUT
ego_002905.txt,15,22,2,0.000123,True
ego_002906.txt,33,194,TIMEOUT,5.000008,TIMEOUT
ego_002907.txt,31,144,TIMEOUT,5.000012,TIMEOUT
ego_002908.txt,31,162,TIMEOUT,5.000011,TIMEOUT
ego_002909.txt,26,160,TIMEOUT,5.00001,TIMEOUT
ego_002910.txt,16,30,1,7.3e-05,True
ego_002911.txt,15,22,2,0.000126,True
ego_002912.txt,17,42,7,0.164296,True
ego_002913.txt,13,37,5,0.004927,True
ego_002914.txt,23,49,1,4.6e-05,True
ego_002915.txt,14,88,7,0.052792,True
ego_002916.txt,32,144,3,0.030566,True
ego_002917.txt,29,60,3,0.023611,True
ego_002918.txt,15,22,2,0.000168,True
ego_002919.txt,35,112,TIMEOUT,5.000012,TIMEOUT
ego_002920.txt,33,36,1,5e-05,True
ego_002921.txt,15,22,2,0.000129,True
ego_002922.txt,20,125,9,2.530733,True
ego_002923.txt,29,76,TIMEOUT,5.000008,TIMEOUT
ego_002924.txt,24,71,8,4.54756,True
ego_002925.txt,23,46,4,0.027612,True
ego_002926.txt,15,22,2,0.000127,True
ego_002927.txt,15,22,2,0.000139,True
ego_002928.txt,27,66,6,1.916386,True
ego_002929.txt,10,9,0,1.7e-05,True
ego_002930.txt,24,77,7,2.823416,True
ego_002931.txt,11,20,2,0.000121,True
ego_002932.txt,16,19,0,2.7e-05,True
ego_002933.txt,28,88,5,0.765938,True
ego_002934.txt,16,15,0,2e-05,True
ego_002935.txt,11,48,5,0.003005,True
ego_002936.txt,25,132,TIMEOUT,5.000001,TIMEOUT
ego_002937.txt,15,22,2,0.000123,True
ego_002938.txt,19,54,5,0.077976,True
ego_002939.txt,28,39,0,2.8e-05,True
ego_002940.txt,18,51,5,0.029877,True
ego_002941.txt,15,52,7,0.052647,True
ego_002942.txt,24,65,3,0.013955,True
ego_002943.txt,16,58,0,3.1e-05,True
ego_002944.txt,21,33,1,9.4e-05,True
ego_002945.txt,12,18,1,4.3e-05,True
ego_002946.txt,27,116,TIMEOUT,5.000008,TIMEOUT
ego_002947.txt,20,58,6,0.219202,True
ego_002948.txt,25,82,6,1.563596,True
ego_002949.txt,12,27,3,0.000788,True
ego_002950.txt,29,89,TIMEOUT,5.00001,TIMEOUT
ego_002951.txt,19,48,5,0.053582,True
ego_002952.txt,21,21,0,2.3e-05,True
ego_002953.txt,16,36,4,0.011051,True
ego_002954.txt,29,60,5,0.740508,True
ego_002955.txt,22,73,4,0.042423,True
ego_002956.txt,19,20,0,2.2e-05,True
ego_002957.txt,27,98,TIMEOUT,5.000006,TIMEOUT
ego_002958.txt,20,80,8,1.16079,True
ego_002959.txt,18,45,5,0.031359,True
ego_002960.txt,13,39,0,2.6e-05,True
ego_002961.txt,29,103,TIMEOUT,5.000007,TIMEOUT
ego_002962.txt,15,22,2,0.000126,True
ego_002963.txt,35,141,TIMEOUT,5.000006,TIMEOUT
ego_002964.txt,18,50,6,0.157104,True
ego_002965.txt,10,16,0,1.8e-05,True
ego_002966.txt,27,111,3,0.034868,True
ego_002967.txt,20,48,6,0.262358,True
ego_002968.txt,15,22,2,0.000124,True
ego_002969.txt,29,218,TIMEOUT,5.000008,TIMEOUT
ego_002970.txt,22,53,2,0.001109,True
ego_002971.txt,34,156,TIMEOUT,5.000021,TIMEOUT
ego_002972.txt,14,13,0,1.9e-05,True
ego_002973.txt,15,28,2,0.000464,True
ego_002974.txt,23,76,3,0.010322,True
ego_002975.txt,35,110,TIMEOUT,5.00001,TIMEOUT
ego_002976.txt,16,15,0,2.2e-05,True
ego_002977.txt,29,105,TIMEOUT,5.000001,TIMEOUT
ego_002978.txt,15,29,2,0.000511,True
ego_002979.txt,15,30,6,0.020946,True
ego_002980.txt,24,68,4,0.037384,True
ego_002981.txt,21,54,5,0.106546,True
ego_002982.txt,17,57,7,0.172137,True
ego_002983.txt,12,42,5,0.004029,True
ego_002984.txt,14,15,0,2.2e-05,True
ego_002985.txt,27,128,TIMEOUT,5.000001,TIMEOUT
ego_002986.txt,30,110,TIMEOUT,5.000009,TIMEOUT
ego_002987.txt,34,114,5,1.699995,True
ego_002988.txt,15,22,2,0.000123,True
ego_002989.txt,25,57,0,3.5e-05,True
ego_002990.txt,24,78,7,3.936609,True
ego_002991.txt,24,66,TIMEOUT,5.000003,TIMEOUT
ego_002992.txt,17,50,7,0.156414,True
ego_002993.txt,15,22,2,0.00013,True
ego_002994.txt,35,73,1,0.000252,True
ego_002995.txt,15,22,2,0.000126,True
ego_002996.txt,11,51,5,0.003259,True
ego_002997.txt,27,31,0,3.1e-05,True
ego_002998.txt,20,61,6,0.246591,True
ego_002999.txt,14,34,4,0.003326,True
er_000000.txt,10,20,2,0.000192,True
er_000001.txt,17,60,7,0.136868,True
er_000002.txt,13,14,1,3.6e-05,True
er_000003.txt,18,51,5,0.038251,True
er_000004.txt,26,257,TIMEOUT,5.00001,TIMEOUT
er_000005.txt,19,38,2,0.000219,True
er_000006.txt,23,189,TIMEOUT,5.000008,TIMEOUT
er_000007.txt,28,71,5,0.743815,True
er_000008.txt,24,123,TIMEOUT,5.000005,TIMEOUT
er_000009.txt,24,150,TIMEOUT,5.00001,TIMEOUT
er_000010.txt,22,85,7,0.873451,True
er_000011.txt,22,88,6,0.729699,True
er_000012.txt,16,62,4,0.013189,True
er_000013.txt,20,56,5,0.103067,True
er_000014.txt,30,225,TIMEOUT,5.000015,TIMEOUT
er_000015.txt,27,126,TIMEOUT,5.000006,TIMEOUT
er_000016.txt,17,47,5,0.018454,True
er_000017.txt,19,72,6,0.131185,True
er_000018.txt,25,227,TIMEOUT,5.000007,TIMEOUT
er_000019.txt,25,159,TIMEOUT,5.000003,TIMEOUT
er_000020.txt,13,60,6,0.014835,True
er_000021.txt,29,105,TIMEOUT,5.000005,TIMEOUT
er_000022.txt,30,278,TIMEOUT,5.000015,TIMEOUT
er_000023.txt,27,155,TIMEOUT,5.000005,TIMEOUT
er_000024.txt,19,137,10,2.590733,True
er_000025.txt,16,37,3,0.002532,True
er_000026.txt,26,83,TIMEOUT,5.000004,TIMEOUT
er_000027.txt,26,139,TIMEOUT,5.000012,TIMEOUT
er_000028.txt,24,188,TIMEOUT,5.000012,TIMEOUT
er_000029.txt,27,55,3,0.014792,True
er_000030.txt,20,117,9,2.795109,True
er_000031.txt,11,38,5,0.002509,True
er_000032.txt,22,104,TIMEOUT,5.000009,TIMEOUT
er_000033.txt,25,78,TIMEOUT,5.000008,TIMEOUT
er_000034.txt,20,104,7,0.876094,True
er_000035.txt,15,39,5,0.015082,True
er_000036.txt,21,141,TIMEOUT,5.000002,TIMEOUT
er_000037.txt,14,25,2,0.000173,True
er_000038.txt,23,40,3,0.005734,True
er_000039.txt,13,51,5,0.007643,True
er_000040.txt,19,84,8,0.736208,True
er_000041.txt,29,131,TIMEOUT,5.000002,TIMEOUT
er_000042.txt,17,83,7,0.245395,True
er_000043.txt,30,202,TIMEOUT,5.000014,TIMEOUT
er_000044.txt,24,160,TIMEOUT,5.000009,TIMEOUT
er_000045.txt,13,43,5,0.006066,True
er_000046.txt,28,249,TIMEOUT,5.00002,TIMEOUT
er_000047.txt,16,35,3,0.000872,True
er_000048.txt,23,97,TIMEOUT,5.000002,TIMEOUT
er_000049.txt,11,21,2,0.00014,True
er_000050.txt,28,237,TIMEOUT,5.000003,TIMEOUT
er_000051.txt,22,79,5,0.083047,True
er_000052.txt,28,279,TIMEOUT,5.000018,TIMEOUT
er_000053.txt,27,229,TIMEOUT,5.000002,TIMEOUT
er_000054.txt,16,46,4,0.004389,True
er_000055.txt,26,188,TIMEOUT,5.000012,TIMEOUT
er_000056.txt,20,70,6,0.199875,True
er_000057.txt,23,186,TIMEOUT,5.000016,TIMEOUT
er_000058.txt,27,85,TIMEOUT,5.000006,TIMEOUT
er_000059.txt,15,38,4,0.008054,True
er_000060.txt,11,33,3,0.000668,True
er_000061.txt,12,16,0,2.1e-05,True
er_000062.txt,14,34,3,0.001107,True
er_000063.txt,25,185,TIMEOUT,5.000014,TIMEOUT
er_000064.txt,11,25,3,0.00025,True
er_000065.txt,25,205,TIMEOUT,5.000001,TIMEOUT
er_000066.txt,25,222,TIMEOUT,5.000009,TIMEOUT
er_000067.txt,14,33,3,0.001063,True
er_000068.txt,10,34,3,0.00062,True
er_000069.txt,22,93,8,3.1233,True
er_000070.txt,17,88,8,0.323757,True
er_000071.txt,12,33,5,0.004848,True
er_000072.txt,14,31,4,0.003055,True
er_000073.txt,27,276,TIMEOUT,5.000008,TIMEOUT
er_000074.txt,18,36,3,0.001268,True
er_000075.txt,27,204,TIMEOUT,5.000002,TIMEOUT
er_000076.txt,13,60,5,0.011732,True
er_000077.txt,20,92,8,1.185628,True
er_000078.txt,28,236,TIMEOUT,5.000024,TIMEOUT
er_000079.txt,10,23,4,0.000783,True
er_000080.txt,16,41,4,0.010614,True
er_000081.txt,29,95,TIMEOUT,5.000002,TIMEOUT
er_000082.txt,11,25,2,0.000216,True
er_000083.txt,14,53,6,0.016438,True
er_000084.txt,14,24,1,5.7e-05,True
er_000085.txt,23,59,5,0.126598,True
er_000086.txt,27,201,TIMEOUT,5.000009,TIMEOUT
er_000087.txt,19,90,7,0.567545,True
er_000088.txt,14,45,5,0.007979,True
er_000089.txt,25,139,TIMEOUT,5.000001,TIMEOUT
er_000090.txt,12,45,5,0.004943,True
er_000091.txt,15,63,6,0.04034,True
er_000092.txt,10,39,5,0.001996,True
er_000093.txt,23,106,TIMEOUT,5.000009,TIMEOUT
er_000094.txt,17,61,6,0.061314,True
er_000095.txt,18,83,6,0.219914,True
er_000096.txt,12,60,6,0.010931,True
er_000097.txt,10,26,4,0.00073,True
er_000098.txt,19,97,10,2.11886,True
er_000099.txt,11,48,5,0.002976,True
er_000100.txt,11,26,2,0.000276,True
er_000101.txt,27,64,4,0.057679,True
er_000102.txt,29,170,TIMEOUT,5.000015,TIMEOUT
er_000103.txt,20,53,5,0.119431,True
er_000104.txt,29,239,TIMEOUT,5.000014,TIMEOUT
er_000105.txt,11,12,2,0.000175,True
er_000106.txt,16,69,6,0.044321,True
er_000107.txt,22,148,TIMEOUT,5.000005,TIMEOUT
er_000108.txt,26,274,TIMEOUT,5.000003,TIMEOUT
er_000109.txt,16,73,6,0.065037,True
er_000110.txt,26,110,TIMEOUT,5.000005,TIMEOUT
er_000111.txt,21,159,TIMEOUT,5.000009,TIMEOUT
er_000112.txt,16,82,8,0.175922,True
er_000113.txt,12,60,6,0.008749,True
er_000114.txt,10,14,1,3.2e-05,True
er_000115.txt,18,103,8,0.682604,True
er_000116.txt,18,30,1,5.1e-05,True
er_000117.txt,19,89,7,0.46729,True
er_000118.txt,13,39,4,0.001889,True
er_000119.txt,24,83,7,2.392037,True
er_000120.txt,26,134,TIMEOUT,5.000008,TIMEOUT
er_000121.txt,28,270,TIMEOUT,5.000001,TIMEOUT
er_000122.txt,24,205,TIMEOUT,5.000004,TIMEOUT
er_000123.txt,17,89,8,0.358603,True
er_000124.txt,18,62,5,0.043045,True
er_000125.txt,22,154,TIMEOUT,5.000008,TIMEOUT
er_000126.txt,27,111,TIMEOUT,5.000007,TIMEOUT
er_000127.txt,29,249,TIMEOUT,5.000003,TIMEOUT
er_000128.txt,17,70,7,0.226981,True
er_000129.txt,29,238,TIMEOUT,5.000002,TIMEOUT
er_000130.txt,12,11,1,2.6e-05,True
er_000131.txt,23,74,5,0.133959,True
er_000132.txt,11,29,3,0.000639,True
er_000133.txt,16,84,7,0.138051,True
er_000134.txt,24,127,TIMEOUT,5.000001,TIMEOUT
er_000135.txt,25,197,TIMEOUT,5.000007,TIMEOUT
er_000136.txt,29,109,TIMEOUT,5.000008,TIMEOUT
er_000137.txt,27,131,TIMEOUT,5.000006,TIMEOUT
er_000138.txt,30,112,TIMEOUT,5.00001,TIMEOUT
er_000139.txt,30,202,TIMEOUT,5.000006,TIMEOUT
er_000140.txt,30,291,TIMEOUT,5.000008,TIMEOUT
er_000141.txt,30,354,TIMEOUT,5.000016,TIMEOUT
er_000142.txt,28,113,TIMEOUT,5.000007,TIMEOUT
er_000143.txt,13,27,3,0.00047,True
er_000144.txt,15,68,6,0.03895,True
er_000145.txt,28,262,TIMEOUT,5.000012,TIMEOUT
er_000146.txt,27,239,TIMEOUT,5.000012,TIMEOUT
er_000147.txt,17,92,7,0.29767,True
er_000148.txt,26,140,TIMEOUT,5.000011,TIMEOUT
er_000149.txt,28,240,TIMEOUT,5.000007,TIMEOUT
er_000150.txt,12,47,5,0.005164,True
er_000151.txt,25,196,TIMEOUT,5.000005,TIMEOUT
er_000152.txt,29,121,TIMEOUT,5.000002,TIMEOUT
er_000153.txt,10,19,2,0.000112,True
er_000154.txt,30,328,TIMEOUT,5.000021,TIMEOUT
er_000155.txt,15,67,7,0.059985,True
er_000156.txt,21,113,TIMEOUT,5.000001,TIMEOUT
er_000157.txt,27,230,TIMEOUT,5.000018,TIMEOUT
er_000158.txt,15,64,4,0.008596,True
er_000159.txt,10,22,3,0.000246,True
er_000160.txt,18,57,4,0.015843,True
er_000161.txt,13,42,5,0.007343,True
er_000162.txt,20,38,4,0.008436,True
er_000163.txt,11,34,4,0.001377,True
er_000164.txt,23,145,TIMEOUT,5.000002,TIMEOUT
er_000165.txt,27,120,TIMEOUT,5.00001,TIMEOUT
er_000166.txt,12,49,5,0.006116,True
er_000167.txt,27,140,TIMEOUT,5.000007,TIMEOUT
er_000168.txt,21,155,TIMEOUT,5.000007,TIMEOUT
er_000169.txt,18,80,7,0.302635,True
er_000170.txt,24,186,TIMEOUT,5.000001,TIMEOUT
er_000171.txt,22,45,4,0.020991,True
er_000172.txt,11,36,5,0.002915,True
er_000173.txt,12,41,4,0.0016,True
er_000174.txt,19,53,4,0.029125,True
er_000175.txt,27,249,TIMEOUT,5.00001,TIMEOUT
er_000176.txt,24,187,TIMEOUT,5.000005,TIMEOUT
er_000177.txt,25,226,TIMEOUT,5.000001,TIMEOUT
er_000178.txt,20,100,9,1.929411,True
er_000179.txt,27,207,TIMEOUT,5.000017,TIMEOUT
er_000180.txt,22,167,TIMEOUT,5.00001,TIMEOUT
er_000181.txt,24,78,6,0.634231,True
er_000182.txt,15,87,7,0.083476,True
er_000183.txt,30,255,TIMEOUT,5.000015,TIMEOUT
er_000184.txt,28,189,TIMEOUT,5.000009,TIMEOUT
er_000185.txt,18,123,10,1.226137,True
er_000186.txt,13,27,4,0.001335,True
er_000187.txt,29,97,TIMEOUT,5.000007,TIMEOUT
er_000188.txt,24,182,TIMEOUT,5.000014,TIMEOUT
er_000189.txt,24,68,5,0.251267,True
er_000190.txt,12,34,4,0.001285,True
er_000191.txt,22,110,TIMEOUT,5.000002,TIMEOUT
er_000192.txt,27,139,TIMEOUT,5.00001,TIMEOUT
er_000193.txt,15,21,1,3.6e-05,True
er_000194.txt,18,120,9,0.979847,True
er_000195.txt,30,94,TIMEOUT,5.000011,TIMEOUT
er_000196.txt,18,110,10,1.2919,True
er_000197.txt,14,55,5,0.008987,True
er_000198.txt,21,105,9,3.626847,True
er_000199.txt,18,68,7,0.289348,True
er_000200.txt,19,109,9,1.699207,True
er_000201.txt,26,207,TIMEOUT,5.000008,TIMEOUT
er_000202.txt,11,35,3,0.000861,True
er_000203.txt,23,125,TIMEOUT,5.000005,TIMEOUT
er_000204.txt,30,124,TIMEOUT,5.000003,TIMEOUT
er_000205.txt,27,153,TIMEOUT,5.000015,TIMEOUT
er_000206.txt,24,152,TIMEOUT,5.000002,TIMEOUT
er_000207.txt,17,41,4,0.008274,True
er_000208.txt,12,20,1,5.9e-05,True
er_000209.txt,19,73,6,0.245832,True
er_000210.txt,20,109,9,3.143757,True
er_000211.txt,24,142,TIMEOUT,5.000008,TIMEOUT
er_000212.txt,26,146,TIMEOUT,5.00001,TIMEOUT
er_000213.txt,20,120,10,4.091407,True
er_000214.txt,21,77,7,0.59413,True
er_000215.txt,15,33,3,0.001476,True
er_000216.txt,12,21,2,7.5e-05,True
er_000217.txt,21,35,2,0.000336,True
er_000218.txt,30,258,TIMEOUT,5.00001,TIMEOUT
er_000219.txt,24,205,TIMEOUT,5.000011,TIMEOUT
er_000220.txt,11,14,0,1.9e-05,True
er_000221.txt,30,184,TIMEOUT,5.000003,TIMEOUT
er_000222.txt,29,125,TIMEOUT,5.000002,TIMEOUT
er_000223.txt,11,38,4,0.001033,True
er_000224.txt,18,43,4,0.008478,True
er_000225.txt,27,237,TIMEOUT,5.000007,TIMEOUT
er_000226.txt,18,105,8,0.519687,True
er_000227.txt,12,49,6,0.006931,True
er_000228.txt,18,63,7,0.270249,True
er_000229.txt,22,150,TIMEOUT,5.00001,TIMEOUT
er_000230.txt,13,11,0,1.7e-05,True
er_000231.txt,23,102,TIMEOUT,5.000001,TIMEOUT
er_000232.txt,27,151,TIMEOUT,5.000008,TIMEOUT
er_000233.txt,28,187,TIMEOUT,5.000013,TIMEOUT
er_000234.txt,22,193,TIMEOUT,5.000007,TIMEOUT
er_000235.txt,24,177,TIMEOUT,5.00001,TIMEOUT
er_000236.txt,17,49,4,0.01518,True
er_000237.txt,30,353,TIMEOUT,5.000003,TIMEOUT
er_000238.txt,24,66,7,1.312477,True
er_000239.txt,11,37,4,0.000995,True
er_000240.txt,28,242,TIMEOUT,5.000013,TIMEOUT
er_000241.txt,21,100,8,2.670842,True
er_000242.txt,11,43,5,0.002491,True
er_000243.txt,13,39,3,0.001,True
er_000244.txt,27,285,TIMEOUT,5.000009,TIMEOUT
er_000245.txt,29,323,TIMEOUT,5.000033,TIMEOUT
er_000246.txt,25,77,6,1.13997,True
er_000247.txt,17,56,5,0.033428,True
er_000248.txt,12,32,4,0.00225,True
er_000249.txt,17,110,9,0.526166,True
er_000250.txt,21,163,TIMEOUT,5.000002,TIMEOUT
er_000251.txt,16,79,6,0.047842,True
er_000252.txt,13,32,3,0.000715,True
er_000253.txt,20,118,10,4.481925,True
er_000254.txt,20,146,TIMEOUT,5.000003,TIMEOUT
er_000255.txt,12,20,2,0.00016,True
er_000256.txt,10,32,4,0.000872,True
er_000257.txt,23,186,TIMEOUT,5.000012,TIMEOUT
er_000258.txt,16,82,7,0.122843,True
er_000259.txt,14,48,5,0.008582,True
er_000260.txt,21,152,TIMEOUT,5.000002,TIMEOUT
er_000261.txt,21,141,TIMEOUT,5.000009,TIMEOUT
er_000262.txt,14,85,8,0.057156,True
er_000263.txt,14,29,3,0.000917,True
er_000264.txt,13,49,5,0.005386,True
er_000265.txt,19,45,4,0.009272,True
er_000266.txt,29,162,TIMEOUT,5.000014,TIMEOUT
er_000267.txt,26,240,TIMEOUT,5.000012,TIMEOUT
er_000268.txt,14,49,6,0.016393,True
er_000269.txt,10,29,4,0.000954,True
er_000270.txt,22,69,7,1.270527,True
er_000271.txt,23,109,TIMEOUT,5.000002,TIMEOUT
er_000272.txt,27,212,TIMEOUT,5.000002,TIMEOUT
er_000273.txt,10,11,1,4.1e-05,True
er_000274.txt,30,201,TIMEOUT,5.000002,TIMEOUT
er_000275.txt,20,40,4,0.009853,True
er_000276.txt,16,72,6,0.069543,True
er_000277.txt,10,31,4,0.000698,True
er_000278.txt,13,17,2,0.000215,True
er_000279.txt,23,115,TIMEOUT,5.000004,TIMEOUT
er_000280.txt,13,25,3,0.000728,True
er_000281.txt,30,179,TIMEOUT,5.00001,TIMEOUT
er_000282.txt,17,74,6,0.06586,True
er_000283.txt,24,85,7,3.13388,True
er_000284.txt,18,54,6,0.081816,True
er_000285.txt,25,139,TIMEOUT,5.00001,TIMEOUT
er_000286.txt,14,29,2,0.0002,True
er_000287.txt,10,34,5,0.001467,True
er_000288.txt,30,328,TIMEOUT,5.000019,TIMEOUT
er_000289.txt,17,98,9,0.449037,True
er_000290.txt,20,72,6,0.180143,True
er_000291.txt,11,26,3,0.000266,True
er_000292.txt,14,69,7,0.035156,True
er_000293.txt,18,49,5,0.029603,True
er_000294.txt,26,174,TIMEOUT,5.000004,TIMEOUT
er_000295.txt,17,65,6,0.0682,True
er_000296.txt,28,145,TIMEOUT,5.000006,TIMEOUT
er_000297.txt,20,100,9,2.363089,True
er_000298.txt,22,60,4,0.014116,True
er_000299.txt,16,69,6,0.051236,True
er_000300.txt,11,39,4,0.001289,True
er_000301.txt,21,142,TIMEOUT,5.000006,TIMEOUT
er_000302.txt,13,46,6,0.012352,True
er_000303.txt,27,186,TIMEOUT,5.000008,TIMEOUT
er_000304.txt,27,272,TIMEOUT,5.000018,TIMEOUT
er_000305.txt,27,175,TIMEOUT,5.000003,TIMEOUT
er_000306.txt,27,209,TIMEOUT,5.000015,TIMEOUT
er_000307.txt,25,207,TIMEOUT,5.000014,TIMEOUT
er_000308.txt,26,130,TIMEOUT,5.000002,TIMEOUT
er_000309.txt,11,39,4,0.001071,True
er_000310.txt,12,35,4,0.001298,True
er_000311.txt,27,170,TIMEOUT,5.000004,TIMEOUT
er_000312.txt,12,61,6,0.009447,True
er_000313.txt,18,61,6,0.076568,True
er_000314.txt,18,86,8,0.43329,True
er_000315.txt,27,141,TIMEOUT,5.000007,TIMEOUT
er_000316.txt,22,75,5,0.230093,True
er_000317.txt,11,15,1,2.9e-05,True
er_000318.txt,24,198,TIMEOUT,5.00001,TIMEOUT
er_000319.txt,20,55,5,0.0846,True
er_000320.txt,25,128,TIMEOUT,5.000004,TIMEOUT
er_000321.txt,15,60,5,0.022797,True
er_000322.txt,10,26,2,6.7e-05,True
er_000323.txt,22,113,TIMEOUT,5.000002,TIMEOUT
er_000324.txt,22,115,TIMEOUT,5.000007,TIMEOUT
er_000325.txt,30,103,TIMEOUT,5.000009,TIMEOUT
er_000326.txt,11,28,3,0.000403,True
er_000327.txt,17,82,8,0.262131,True
er_000328.txt,20,42,4,0.011714,True
er_000329.txt,30,207,TIMEOUT,5.000002,TIMEOUT
er_000330.txt,21,80,7,0.670542,True
er_000331.txt,20,39,1,0.00012,True
er_000332.txt,24,181,TIMEOUT,5.000008,TIMEOUT
er_000333.txt,25,94,TIMEOUT,5.000007,TIMEOUT
er_000334.txt,20,94,7,0.617478,True
er_000335.txt,23,82,7,1.183376,True
er_000336.txt,19,99,8,1.072958,True
er_000337.txt,14,60,6,0.024884,True
er_000338.txt,25,83,7,3.815043,True
er_000339.txt,22,98,7,1.297934,True
er_000340.txt,23,131,TIMEOUT,5.000004,TIMEOUT
er_000341.txt,12,17,1,2.8e-05,True
er_000342.txt,14,68,7,0.033584,True
er_000343.txt,29,221,TIMEOUT,5.000016,TIMEOUT
er_000344.txt,19,104,9,1.533438,True
er_000345.txt,11,14,0,1.8e-05,True
er_000346.txt,17,106,9,0.462606,True
er_000347.txt,20,114,9,3.088316,True
er_000348.txt,18,54,6,0.091773,True
er_000349.txt,22,145,TIMEOUT,5.000008,TIMEOUT
er_000350.txt,19,37,3,0.002812,True
er_000351.txt,14,60,5,0.008603,True
er_000352.txt,15,51,6,0.025092,True
er_000353.txt,24,72,6,0.511545,True
er_000354.txt,12,24,2,0.00022,True
er_000355.txt,29,258,TIMEOUT,5.000006,TIMEOUT
er_000356.txt,10,7,0,1.9e-05,True
er_000357.txt,29,289,TIMEOUT,5.000036,TIMEOUT
er_000358.txt,16,79,8,0.174998,True
er_000359.txt,27,93,TIMEOUT,5.000002,TIMEOUT
er_000360.txt,22,46,4,0.024592,True
er_000361.txt,28,195,TIMEOUT,5.000002,TIMEOUT
er_000362.txt,17,103,9,0.561023,True
er_000363.txt,28,159,TIMEOUT,5.000013,TIMEOUT
er_000364.txt,30,140,TIMEOUT,5.000001,TIMEOUT
er_000365.txt,19,52,5,0.036963,True
er_000366.txt,14,18,1,6.3e-05,True
er_000367.txt,24,123,TIMEOUT,5.000004,TIMEOUT
er_000368.txt,12,49,5,0.005523,True
er_000369.txt,17,50,5,0.020415,True
er_000370.txt,26,208,TIMEOUT,5.000004,TIMEOUT
er_000371.txt,28,91,TIMEOUT,5.000004,TIMEOUT
er_000372.txt,16,83,8,0.165022,True
er_000373.txt,10,28,3,0.000278,True
er_000374.txt,26,74,4,0.167767,True
er_000375.txt,16,54,5,0.014748,True
er_000376.txt,12,24,2,9.6e-05,True
er_000377.txt,21,155,TIMEOUT,5.000008,TIMEOUT
er_000378.txt,12,31,3,0.000434,True
er_000379.txt,12,54,5,0.005455,True
er_000380.txt,21,135,TIMEOUT,5.000005,TIMEOUT
er_000381.txt,13,63,6,0.013941,True
er_000382.txt,16,102,9,0.254911,True
er_000383.txt,26,167,TIMEOUT,5.00001,TIMEOUT
er_000384.txt,25,218,TIMEOUT,5.000011,TIMEOUT
er_000385.txt,21,84,8,1.475437,True
er_000386.txt,28,127,TIMEOUT,5.000007,TIMEOUT
er_000387.txt,19,99,8,0.701912,True
er_000388.txt,12,41,4,0.001376,True
er_000389.txt,30,109,TIMEOUT,5.000004,TIMEOUT
er_000390.txt,12,16,1,2.7e-05,True
er_000391.txt,16,41,3,0.002934,True
er_000392.txt,22,127,TIMEOUT,5.000005,TIMEOUT
er_000393.txt,22,151,TIMEOUT,5.000004,TIMEOUT
er_000394.txt,25,97,TIMEOUT,5.000007,TIMEOUT
er_000395.txt,29,177,TIMEOUT,5.000002,TIMEOUT
er_000396.txt,25,175,TIMEOUT,5.00001,TIMEOUT
er_000397.txt,20,68,8,0.817722,True
er_000398.txt,29,130,TIMEOUT,5.000001,TIMEOUT
er_000399.txt,30,264,TIMEOUT,5.000009,TIMEOUT
er_000400.txt,22,107,TIMEOUT,5.000003,TIMEOUT
er_000401.txt,28,83,6,2.681477,True
er_000402.txt,15,84,7,0.063006,True
er_000403.txt,12,51,6,0.007198,True
er_000404.txt,27,80,6,1.200017,True
er_000405.txt,22,141,TIMEOUT,5.000003,TIMEOUT
er_000406.txt,29,270,TIMEOUT,5.00002,TIMEOUT
er_000407.txt,21,138,TIMEOUT,5.000005,TIMEOUT
er_000408.txt,28,147,TIMEOUT,5.000001,TIMEOUT
er_000409.txt,16,45,4,0.007975,True
er_000410.txt,30,112,TIMEOUT,5.000006,TIMEOUT
er_000411.txt,21,118,9,4.617464,True
er_000412.txt,14,43,5,0.009747,True
er_000413.txt,13,31,3,0.000793,True
er_000414.txt,25,59,6,0.525461,True
er_000415.txt,22,59,4,0.029876,True
er_000416.txt,16,89,8,0.190576,True
er_000417.txt,17,103,9,0.636507,True
er_000418.txt,30,272,TIMEOUT,5.000011,TIMEOUT
er_000419.txt,28,145,TIMEOUT,5.000005,TIMEOUT
er_000420.txt,18,99,7,0.26513,True
er_000421.txt,19,46,3,0.004113,True
er_000422.txt,20,82,7,0.475018,True
er_000423.txt,11,36,3,0.000685,True
er_000424.txt,28,83,TIMEOUT,5.000001,TIMEOUT
er_000425.txt,15,48,5,0.012029,True
er_000426.txt,16,98,8,0.191188,True
er_000427.txt,17,67,6,0.060965,True
er_000428.txt,25,60,5,0.229365,True
er_000429.txt,20,95,10,2.949809,True
er_000430.txt,11,31,4,0.00105,True
er_000431.txt,18,41,4,0.010707,True
er_000432.txt,13,34,4,0.003397,True
er_000433.txt,12,45,6,0.006567,True
er_000434.txt,12,31,3,0.000525,True
er_000435.txt,22,124,TIMEOUT,5.000002,TIMEOUT
er_000436.txt,14,55,7,0.029736,True
er_000437.txt,30,283,TIMEOUT,5.000008,TIMEOUT
er_000438.txt,21,126,9,4.079373,True
er_000439.txt,23,178,TIMEOUT,5.0,TIMEOUT
er_000440.txt,11,37,4,0.001373,True
er_000441.txt,22,107,8,2.598626,True
er_000442.txt,25,89,7,2.720642,True
er_000443.txt,17,28,4,0.00539,True
er_000444.txt,27,86,TIMEOUT,5.000004,TIMEOUT
er_000445.txt,24,65,5,0.144138,True
er_000446.txt,25,145,TIMEOUT,5.000001,TIMEOUT
er_000447.txt,10,28,3,0.000487,True
er_000448.txt,29,149,TIMEOUT,5.000013,TIMEOUT
er_000449.txt,11,16,2,8.7e-05,True
er_000450.txt,16,93,7,0.103518,True
er_000451.txt,18,70,7,0.193711,True
er_000452.txt,27,229,TIMEOUT,5.000005,TIMEOUT
er_000453.txt,12,43,5,0.00346,True
er_000454.txt,30,328,TIMEOUT,5.000009,TIMEOUT
er_000455.txt,10,12,1,2.8e-05,True
er_000456.txt,14,31,3,0.000603,True
er_000457.txt,22,95,8,3.111778,True
er_000458.txt,20,143,TIMEOUT,5.000003,TIMEOUT
er_000459.txt,14,22,3,0.000634,True
er_000460.txt,14,62,6,0.020929,True
er_000461.txt,13,41,4,0.002081,True
er_000462.txt,19,131,10,2.375744,True
er_000463.txt,20,29,1,3.9e-05,True
er_000464.txt,25,236,TIMEOUT,5.000024,TIMEOUT
er_000465.txt,21,123,TIMEOUT,5.000003,TIMEOUT
er_000466.txt,20,94,9,1.938486,True
er_000467.txt,22,48,3,0.003875,True
er_000468.txt,12,35,4,0.001532,True
er_000469.txt,12,17,2,0.000159,True
er_000470.txt,26,200,TIMEOUT,5.000009,TIMEOUT
er_000471.txt,23,151,TIMEOUT,5.000009,TIMEOUT
er_000472.txt,11,10,0,1.5e-05,True
er_000473.txt,24,121,TIMEOUT,5.000007,TIMEOUT
er_000474.txt,24,153,TIMEOUT,5.000006,TIMEOUT
er_000475.txt,25,91,TIMEOUT,5.000006,TIMEOUT
er_000476.txt,19,63,3,0.006394,True
er_000477.txt,20,119,9,2.417857,True
er_000478.txt,25,96,7,4.710178,True
er_000479.txt,17,55,5,0.023294,True
er_000480.txt,30,156,TIMEOUT,5.000005,TIMEOUT
er_000481.txt,17,48,4,0.006816,True
er_000482.txt,30,86,6,3.295315,True
er_000483.txt,14,59,5,0.014454,True
er_000484.txt,12,48,5,0.004475,True
er_000485.txt,22,141,TIMEOUT,5.000007,TIMEOUT
er_000486.txt,17,71,7,0.137314,True
er_000487.txt,23,128,TIMEOUT,5.000007,TIMEOUT
er_000488.txt,11,37,4,0.001892,True
er_000489.txt,23,109,TIMEOUT,5.000008,TIMEOUT
er_000490.txt,29,273,TIMEOUT,5.00002,TIMEOUT
er_000491.txt,29,264,TIMEOUT,5.000025,TIMEOUT
er_000492.txt,27,160,TIMEOUT,5.00001,TIMEOUT
er_000493.txt,14,48,4,0.005985,True
er_000494.txt,10,30,4,0.000756,True
er_000495.txt,19,109,9,1.811468,True
er_000496.txt,22,93,8,3.197103,True
er_000497.txt,12,26,3,0.000408,True
er_000498.txt,10,16,1,2.6e-05,True
er_000499.txt,27,99,TIMEOUT,5.000006,TIMEOUT
er_000500.txt,20,94,8,1.180331,True
er_000501.txt,22,137,TIMEOUT,5.000004,TIMEOUT
er_000502.txt,13,19,1,3.3e-05,True
er_000503.txt,27,77,TIMEOUT,5.000004,TIMEOUT
er_000504.txt,30,241,TIMEOUT,5.000015,TIMEOUT
er_000505.txt,22,51,5,0.062204,True
er_000506.txt,27,292,TIMEOUT,5.000002,TIMEOUT
er_000507.txt,13,20,2,7.2e-05,True
er_000508.txt,20,114,9,3.030903,True
er_000509.txt,26,134,TIMEOUT,5.000009,TIMEOUT
er_000510.txt,29,107,TIMEOUT,5.000009,TIMEOUT
er_000511.txt,22,173,TIMEOUT,5.000012,TIMEOUT
er_000512.txt,27,94,6,1.06932,True
er_000513.txt,28,109,TIMEOUT,5.00001,TIMEOUT
er_000514.txt,20,146,TIMEOUT,5.000002,TIMEOUT
er_000515.txt,20,117,10,3.742999,True
er_000516.txt,18,67,4,0.022501,True
er_000517.txt,16,67,5,0.034272,True
er_000518.txt,10,14,1,2.5e-05,True
er_000519.txt,22,78,8,2.468326,True
er_000520.txt,22,92,8,3.930841,True
er_000521.txt,24,155,TIMEOUT,5.000003,TIMEOUT
er_000522.txt,25,113,TIMEOUT,5.000002,TIMEOUT
er_000523.txt,28,137,TIMEOUT,5.000003,TIMEOUT
er_000524.txt,13,42,4,0.0018,True
er_000525.txt,20,50,4,0.021417,True
er_000526.txt,26,91,7,3.387371,True
er_000527.txt,19,95,8,0.957076,True
er_000528.txt,20,82,7,0.587523,True
er_000529.txt,27,119,TIMEOUT,5.000005,TIMEOUT
er_000530.txt,23,77,6,0.595637,True
er_000531.txt,22,67,5,0.148917,True
er_000532.txt,19,58,5,0.096246,True
er_000533.txt,22,181,TIMEOUT,5.000006,TIMEOUT
er_000534.txt,23,100,8,4.166722,True
er_000535.txt,20,123,10,3.681575,True
er_000536.txt,24,141,TIMEOUT,5.000007,TIMEOUT
er_000537.txt,21,121,TIMEOUT,5.000001,TIMEOUT
er_000538.txt,19,112,9,1.682436,True
er_000539.txt,12,20,1,2.4e-05,True
er_000540.txt,11,46,5,0.002967,True
er_000541.txt,12,44,5,0.004618,True
er_000542.txt,14,24,2,0.000343,True
er_000543.txt,19,38,2,0.000585,True
er_000544.txt,25,154,TIMEOUT,5.000009,TIMEOUT
er_000545.txt,23,157,TIMEOUT,5.000007,TIMEOUT
er_000546.txt,14,22,1,2.8e-05,True
er_000547.txt,24,223,TIMEOUT,5.000015,TIMEOUT
er_000548.txt,12,18,2,0.000233,True
er_000549.txt,27,227,TIMEOUT,5.000002,TIMEOUT
er_000550.txt,11,31,4,0.00089,True
er_000551.txt,15,64,6,0.043263,True
er_000552.txt,27,257,TIMEOUT,5.000024,TIMEOUT
er_000553.txt,11,41,5,0.002577,True
er_000554.txt,18,73,7,0.301331,True
er_000555.txt,19,132,11,3.122439,True
er_000556.txt,15,25,1,4.6e-05,True
er_000557.txt,26,181,TIMEOUT,5.000013,TIMEOUT
er_000558.txt,25,124,TIMEOUT,5.000008,TIMEOUT
er_000559.txt,21,150,TIMEOUT,5.000006,TIMEOUT
er_000560.txt,27,111,TIMEOUT,5.000003,TIMEOUT
er_000561.txt,17,90,7,0.256742,True
er_000562.txt,24,140,TIMEOUT,5.000004,TIMEOUT
er_000563.txt,30,91,TIMEOUT,5.000007,TIMEOUT
er_000564.txt,30,238,TIMEOUT,5.000012,TIMEOUT
er_000565.txt,28,192,TIMEOUT,5.000013,TIMEOUT
er_000566.txt,10,31,4,0.000929,True
er_000567.txt,25,90,TIMEOUT,5.000005,TIMEOUT
er_000568.txt,14,29,1,6.5e-05,True
er_000569.txt,17,28,2,0.000225,True
er_000570.txt,30,95,TIMEOUT,5.000009,TIMEOUT
er_000571.txt,11,33,4,0.001031,True
er_000572.txt,20,57,5,0.05776,True
er_000573.txt,26,140,TIMEOUT,5.000012,TIMEOUT
er_000574.txt,27,199,TIMEOUT,5.000009,TIMEOUT
er_000575.txt,15,27,2,0.00018,True
er_000576.txt,30,166,TIMEOUT,5.00001,TIMEOUT
er_000577.txt,14,58,6,0.020404,True
er_000578.txt,25,217,TIMEOUT,5.00001,TIMEOUT
er_000579.txt,19,108,9,1.420401,True
er_000580.txt,26,215,TIMEOUT,5.00001,TIMEOUT
er_000581.txt,25,87,6,0.66063,True
er_000582.txt,25,123,TIMEOUT,5.000009,TIMEOUT
er_000583.txt,23,88,8,3.439814,True
er_000584.txt,25,229,TIMEOUT,5.000016,TIMEOUT
er_000585.txt,11,23,2,0.00021,True
er_000586.txt,13,46,4,0.002864,True
er_000587.txt,12,43,4,0.002769,True
er_000588.txt,26,172,TIMEOUT,5.000007,TIMEOUT
er_000589.txt,17,52,3,0.003031,True
er_000590.txt,10,24,2,0.000125,True
er_000591.txt,26,214,TIMEOUT,5.000006,TIMEOUT
er_000592.txt,18,34,2,0.000392,True
er_000593.txt,18,120,9,0.823139,True
er_000594.txt,19,80,7,0.385289,True
er_000595.txt,10,31,4,0.000779,True
er_000596.txt,23,95,TIMEOUT,5.000004,TIMEOUT
er_000597.txt,23,147,TIMEOUT,5.000005,TIMEOUT
er_000598.txt,23,91,7,2.056626,True
er_000599.txt,28,207,TIMEOUT,5.000002,TIMEOUT
er_000600.txt,27,123,TIMEOUT,5.000009,TIMEOUT
er_000601.txt,17,95,7,0.192641,True
er_000602.txt,23,104,8,4.051018,True
er_000603.txt,28,188,TIMEOUT,5.000013,TIMEOUT
er_000604.txt,26,248,TIMEOUT,5.000024,TIMEOUT
er_000605.txt,15,50,5,0.018977,True
er_000606.txt,12,44,5,0.003645,True
er_000607.txt,30,267,TIMEOUT,5.000013,TIMEOUT
er_000608.txt,28,89,6,1.92732,True
er_000609.txt,11,45,5,0.003055,True
er_000610.txt,12,41,4,0.001316,True
er_000611.txt,23,47,2,0.000654,True
er_000612.txt,29,234,TIMEOUT,5.000013,TIMEOUT
er_000613.txt,26,77,5,0.360299,True
er_000614.txt,16,85,8,0.183857,True
er_000615.txt,25,72,7,2.477476,True
er_000616.txt,23,183,TIMEOUT,5.000011,TIMEOUT
er_000617.txt,25,133,TIMEOUT,5.000007,TIMEOUT
er_000618.txt,27,262,TIMEOUT,5.000017,TIMEOUT
er_000619.txt,22,74,5,0.189983,True
er_000620.txt,11,48,5,0.003501,True
er_000621.txt,19,86,8,0.701137,True
er_000622.txt,14,45,4,0.002885,True
er_000623.txt,25,96,TIMEOUT,5.000002,TIMEOUT
er_000624.txt,15,39,2,0.000618,True
er_000625.txt,28,149,TIMEOUT,5.000011,TIMEOUT
er_000626.txt,11,17,1,2.9e-05,True
er_000627.txt,20,126,9,2.496672,True
er_000628.txt,19,91,9,1.33526,True
er_000629.txt,26,147,TIMEOUT,5.000007,TIMEOUT
er_000630.txt,18,43,2,0.000263,True
er_000631.txt,30,314,TIMEOUT,5.000009,TIMEOUT
er_000632.txt,27,232,TIMEOUT,5.000002,TIMEOUT
er_000633.txt,14,77,7,0.043891,True
er_000634.txt,30,302,TIMEOUT,5.000028,TIMEOUT
er_000635.txt,21,112,TIMEOUT,5.000004,TIMEOUT
er_000636.txt,19,42,3,0.003324,True
er_000637.txt,13,41,4,0.002997,True
er_000638.txt,13,26,3,0.000403,True
er_000639.txt,28,107,TIMEOUT,5.000003,TIMEOUT
er_000640.txt,10,41,5,0.001462,True
er_000641.txt,27,161,TIMEOUT,5.000003,TIMEOUT
er_000642.txt,18,110,9,1.06888,True
er_000643.txt,10,26,3,0.000254,True
er_000644.txt,26,116,TIMEOUT,5.000007,TIMEOUT
er_000645.txt,11,20,2,0.000104,True
er_000646.txt,22,95,8,3.249864,True
er_000647.txt,12,46,4,0.002704,True
er_000648.txt,20,151,TIMEOUT,5.000005,TIMEOUT
er_000649.txt,20,116,11,4.737476,True
er_000650.txt,27,131,TIMEOUT,5.000002,TIMEOUT
er_000651.txt,14,50,5,0.013329,True
er_000652.txt,10,11,1,2.3e-05,True
er_000653.txt,17,63,6,0.057954,True
er_000654.txt,15,42,5,0.010501,True
er_000655.txt,15,26,1,6.2e-05,True
er_000656.txt,19,99,8,0.827721,True
er_000657.txt,30,248,TIMEOUT,5.000014,TIMEOUT
er_000658.txt,13,56,5,0.009679,True
er_000659.txt,15,79,7,0.074995,True
er_000660.txt,23,115,TIMEOUT,5.000005,TIMEOUT
er_000661.txt,16,56,6,0.060879,True
er_000662.txt,22,69,6,0.721553,True
er_000663.txt,27,252,TIMEOUT,5.000014,TIMEOUT
er_000664.txt,22,159,TIMEOUT,5.000004,TIMEOUT
er_000665.txt,24,92,7,1.688273,True
er_000666.txt,17,69,7,0.138585,True
er_000667.txt,19,138,10,2.338778,True
er_000668.txt,22,134,TIMEOUT,5.000006,TIMEOUT
er_000669.txt,12,18,2,6e-05,True
er_000670.txt,19,124,10,2.261817,True
er_000671.txt,11,17,1,2.2e-05,True
er_000672.txt,18,104,9,0.891567,True
er_000673.txt,10,13,1,4.6e-05,True
er_000674.txt,11,41,5,0.002371,True
er_000675.txt,10,21,2,0.000136,True
er_000676.txt,11,24,3,0.00055,True
er_000677.txt,26,85,7,3.89074,True
er_000678.txt,10,29,3,0.000395,True
er_000679.txt,14,45,5,0.006088,True
er_000680.txt,13,50,6,0.012895,True
er_000681.txt,15,66,7,0.057275,True
er_000682.txt,11,36,4,0.001091,True
er_000683.txt,10,20,3,0.000195,True
er_000684.txt,28,91,TIMEOUT,5.000005,TIMEOUT
er_000685.txt,26,207,TIMEOUT,5.000001,TIMEOUT
er_000686.txt,25,235,TIMEOUT,5.000014,TIMEOUT
er_000687.txt,19,39,3,0.005402,True
er_000688.txt,12,26,3,0.000396,True
er_000689.txt,26,140,TIMEOUT,5.000006,TIMEOUT
er_000690.txt,30,178,TIMEOUT,5.00001,TIMEOUT
er_000691.txt,10,10,0,1.6e-05,True
er_000692.txt,30,268,TIMEOUT,5.000021,TIMEOUT
er_000693.txt,19,73,6,0.119725,True
er_000694.txt,22,179,TIMEOUT,5.000002,TIMEOUT
er_000695.txt,25,156,TIMEOUT,5.000008,TIMEOUT
er_000696.txt,20,123,TIMEOUT,5.000009,TIMEOUT
er_000697.txt,17,90,8,0.378392,True
er_000698.txt,27,205,TIMEOUT,5.000013,TIMEOUT
er_000699.txt,22,177,TIMEOUT,5.000005,TIMEOUT
er_000700.txt,11,46,4,0.002151,True
er_000701.txt,16,52,4,0.00558,True
er_000702.txt,12,52,6,0.008199,True
er_000703.txt,23,105,TIMEOUT,5.000008,TIMEOUT
er_000704.txt,18,103,8,0.556224,True
er_000705.txt,26,136,TIMEOUT,5.000006,TIMEOUT
er_000706.txt,17,39,4,0.005215,True
er_000707.txt,23,168,TIMEOUT,5.000013,TIMEOUT
er_000708.txt,13,51,6,0.014568,True
er_000709.txt,13,21,2,0.000147,True
er_000710.txt,25,83,6,1.40409,True
er_000711.txt,19,114,9,1.701671,True
er_000712.txt,12,40,5,0.004836,True
er_000713.txt,23,167,TIMEOUT,5.00001,TIMEOUT
er_000714.txt,19,120,10,2.094616,True
er_000715.txt,24,87,TIMEOUT,5.000005,TIMEOUT
er_000716.txt,11,45,4,0.00181,True
er_000717.txt,25,108,TIMEOUT,5.000002,TIMEOUT
er_000718.txt,24,140,TIMEOUT,5.0,TIMEOUT
er_000719.txt,17,99,8,0.331657,True
er_000720.txt,26,192,TIMEOUT,5.000012,TIMEOUT
er_000721.txt,13,54,6,0.013128,True
er_000722.txt,17,54,5,0.028353,True
er_000723.txt,12,39,4,0.002539,True
er_000724.txt,15,37,5,0.010116,True
er_000725.txt,12,53,5,0.004455,True
er_000726.txt,25,216,TIMEOUT,5.000018,TIMEOUT
er_000727.txt,19,96,9,1.237213,True
er_000728.txt,24,193,TIMEOUT,5.000002,TIMEOUT
er_000729.txt,25,169,TIMEOUT,5.000011,TIMEOUT
er_000730.txt,17,55,6,0.053655,True
er_000731.txt,11,7,0,1.8e-05,True
er_000732.txt,13,54,6,0.010595,True
er_000733.txt,15,70,8,0.081898,True
er_000734.txt,21,64,6,0.235807,True
er_000735.txt,19,78,7,0.546838,True
er_000736.txt,12,36,4,0.001978,True
er_000737.txt,26,125,TIMEOUT,5.00001,TIMEOUT
er_000738.txt,18,54,4,0.014038,True
er_000739.txt,28,226,TIMEOUT,5.000007,TIMEOUT
er_000740.txt,29,118,TIMEOUT,5.000009,TIMEOUT
er_000741.txt,11,21,1,2.9e-05,True
er_000742.txt,14,63,6,0.0226,True
er_000743.txt,27,274,TIMEOUT,5.000007,TIMEOUT
er_000744.txt,20,102,9,2.57699,True
er_000745.txt,30,110,TIMEOUT,5.000009,TIMEOUT
er_000746.txt,16,85,8,0.164501,True
er_000747.txt,28,269,TIMEOUT,5.000011,TIMEOUT
er_000748.txt,18,36,2,0.001007,True
er_000749.txt,24,111,TIMEOUT,5.000004,TIMEOUT
er_000750.txt,26,101,TIMEOUT,5.000002,TIMEOUT
er_000751.txt,21,95,7,0.91424,True
er_000752.txt,22,181,TIMEOUT,5.000012,TIMEOUT
er_000753.txt,26,88,TIMEOUT,5.000008,TIMEOUT
er_000754.txt,18,112,9,0.792155,True
er_000755.txt,20,118,9,2.471981,True
er_000756.txt,20,96,9,1.90999,True
er_000757.txt,22,122,TIMEOUT,5.000001,TIMEOUT
er_000758.txt,12,22,2,0.0001,True
er_000759.txt,13,62,6,0.013228,True
er_000760.txt,23,86,7,1.848425,True
er_000761.txt,29,193,TIMEOUT,5.000019,TIMEOUT
er_000762.txt,15,68,7,0.054871,True
er_000763.txt,15,31,3,0.001418,True
er_000764.txt,30,163,TIMEOUT,5.000014,TIMEOUT
er_000765.txt,11,21,3,0.000338,True
er_000766.txt,18,136,11,1.806815,True
er_000767.txt,27,280,TIMEOUT,5.000017,TIMEOUT
er_000768.txt,23,107,TIMEOUT,5.000004,TIMEOUT
er_000769.txt,21,113,8,2.178262,True
er_000770.txt,10,20,2,0.000157,True
er_000771.txt,16,60,6,0.067438,True
er_000772.txt,26,140,TIMEOUT,5.00001,TIMEOUT
er_000773.txt,21,167,TIMEOUT,5.000002,TIMEOUT
er_000774.txt,23,155,TIMEOUT,5.000002,TIMEOUT
er_000775.txt,30,298,TIMEOUT,5.000013,TIMEOUT
er_000776.txt,25,61,4,0.050032,True
er_000777.txt,17,67,7,0.136777,True
er_000778.txt,19,122,10,2.512399,True
er_000779.txt,25,215,TIMEOUT,5.000009,TIMEOUT
er_000780.txt,12,54,4,0.001912,True
er_000781.txt,16,21,1,3.4e-05,True
er_000782.txt,23,57,5,0.152627,True
er_000783.txt,26,110,TIMEOUT,5.000005,TIMEOUT
er_000784.txt,16,62,6,0.065221,True
er_000785.txt,13,44,3,0.001269,True
er_000786.txt,17,65,6,0.105695,True
er_000787.txt,20,67,6,0.240156,True
er_000788.txt,22,43,3,0.001739,True
er_000789.txt,29,238,TIMEOUT,5.000012,TIMEOUT
er_000790.txt,20,73,6,0.159695,True
er_000791.txt,30,98,TIMEOUT,5.000007,TIMEOUT
er_000792.txt,24,99,TIMEOUT,5.00001,TIMEOUT
er_000793.txt,26,143,TIMEOUT,5.000008,TIMEOUT
er_000794.txt,20,126,TIMEOUT,5.0,TIMEOUT
er_000795.txt,11,40,5,0.002519,True
er_000796.txt,27,69,6,1.572937,True
er_000797.txt,20,131,10,4.841925,True
er_000798.txt,23,93,8,4.141354,True
er_000799.txt,24,73,5,0.445775,True
er_000800.txt,28,122,TIMEOUT,5.000005,TIMEOUT
er_000801.txt,17,86,9,0.461114,True
er_000802.txt,11,15,2,6.9e-05,True
er_000803.txt,13,58,7,0.021546,True
er_000804.txt,25,129,TIMEOUT,5.000005,TIMEOUT
er_000805.txt,13,59,6,0.014701,True
er_000806.txt,16,21,0,2.9e-05,True
er_000807.txt,22,111,8,4.06474,True
er_000808.txt,24,70,6,0.524759,True
er_000809.txt,30,180,TIMEOUT,5.000003,TIMEOUT
er_000810.txt,11,34,4,0.001105,True
er_000811.txt,30,210,TIMEOUT,5.0,TIMEOUT
er_000812.txt,30,180,TIMEOUT,5.000015,TIMEOUT
er_000813.txt,14,34,2,0.000191,True
er_000814.txt,21,86,6,0.327906,True
er_000815.txt,28,120,TIMEOUT,5.000007,TIMEOUT
er_000816.txt,16,82,5,0.034749,True
er_000817.txt,15,30,2,0.000453,True
er_000818.txt,21,148,TIMEOUT,5.000005,TIMEOUT
er_000819.txt,26,153,TIMEOUT,5.000001,TIMEOUT
er_000820.txt,23,192,TIMEOUT,5.000006,TIMEOUT
er_000821.txt,23,170,TIMEOUT,5.000008,TIMEOUT
er_000822.txt,16,24,3,0.00092,True
er_000823.txt,14,36,3,0.001458,True
er_000824.txt,22,105,TIMEOUT,5.000002,TIMEOUT
er_000825.txt,11,37,5,0.002289,True
er_000826.txt,24,151,TIMEOUT,5.000008,TIMEOUT
er_000827.txt,13,25,3,0.000444,True
er_000828.txt,15,36,3,0.000725,True
er_000829.txt,21,64,6,0.286978,True
er_000830.txt,19,115,10,1.989789,True
er_000831.txt,12,47,5,0.005612,True
er_000832.txt,17,73,8,0.247042,True
er_000833.txt,28,225,TIMEOUT,5.000002,TIMEOUT
er_000834.txt,11,19,3,0.000534,True
er_000835.txt,18,86,8,0.475204,True
er_000836.txt,11,26,2,0.000164,True
er_000837.txt,24,72,5,0.233673,True
er_000838.txt,26,139,TIMEOUT,5.000008,TIMEOUT
er_000839.txt,20,148,TIMEOUT,5.000004,TIMEOUT
er_000840.txt,21,93,9,3.391434,True
er_000841.txt,17,70,7,0.136956,True
er_000842.txt,18,41,3,0.00284,True
er_000843.txt,12,49,6,0.006647,True
er_000844.txt,16,50,5,0.01434,True
er_000845.txt,27,125,TIMEOUT,5.000007,TIMEOUT
er_000846.txt,30,290,TIMEOUT,5.000004,TIMEOUT
er_000847.txt,21,63,6,0.243145,True
er_000848.txt,27,128,TIMEOUT,5.000003,TIMEOUT
er_000849.txt,23,84,7,1.132572,True
er_000850.txt,18,109,9,0.829748,True
er_000851.txt,14,53,3,0.002248,True
er_000852.txt,14,26,2,0.0002,True
er_000853.txt,18,57,5,0.040041,True
er_000854.txt,14,49,4,0.004428,True
er_000855.txt,20,83,6,0.391425,True
er_000856.txt,23,106,TIMEOUT,5.000005,TIMEOUT
er_000857.txt,25,158,TIMEOUT,5.000009,TIMEOUT
er_000858.txt,19,30,2,0.000394,True
er_000859.txt,25,83,6,0.8128,True
er_000860.txt,27,159,TIMEOUT,5.000009,TIMEOUT
er_000861.txt,24,106,TIMEOUT,5.000004,TIMEOUT
er_000862.txt,24,208,TIMEOUT,5.000013,TIMEOUT
er_000863.txt,22,160,TIMEOUT,5.000009,TIMEOUT
er_000864.txt,19,88,8,0.926264,True
er_000865.txt,13,56,6,0.016954,True
er_000866.txt,29,131,TIMEOUT,5.000012,TIMEOUT
er_000867.txt,29,218,TIMEOUT,5.000015,TIMEOUT
er_000868.txt,24,179,TIMEOUT,5.000012,TIMEOUT
er_000869.txt,14,22,2,0.0001,True
er_000870.txt,26,81,7,2.937975,True
er_000871.txt,18,120,9,0.902109,True
er_000872.txt,30,116,TIMEOUT,5.000003,TIMEOUT
er_000873.txt,13,39,3,0.001693,True
er_000874.txt,22,121,TIMEOUT,5.000007,TIMEOUT
er_000875.txt,25,159,TIMEOUT,5.000011,TIMEOUT
er_000876.txt,29,202,TIMEOUT,5.000023,TIMEOUT
er_000877.txt,23,189,TIMEOUT,5.00001,TIMEOUT
er_000878.txt,11,31,3,0.000697,True
er_000879.txt,10,23,2,0.000191,True
er_000880.txt,10,21,2,0.000155,True
er_000881.txt,27,193,TIMEOUT,5.000004,TIMEOUT
er_000882.txt,29,269,TIMEOUT,5.000018,TIMEOUT
er_000883.txt,13,48,5,0.008981,True
er_000884.txt,15,16,0,2e-05,True
er_000885.txt,20,140,TIMEOUT,5.000001,TIMEOUT
er_000886.txt,18,114,8,0.566603,True
er_000887.txt,15,64,6,0.029912,True
er_000888.txt,23,112,TIMEOUT,5.0,TIMEOUT
er_000889.txt,18,34,3,0.001708,True
er_000890.txt,16,72,7,0.095219,True
er_000891.txt,23,168,TIMEOUT,5.000007,TIMEOUT
er_000892.txt,21,139,TIMEOUT,5.000005,TIMEOUT
er_000893.txt,10,12,1,2.6e-05,True
er_000894.txt,23,75,7,1.117265,True
er_000895.txt,11,17,3,0.000309,True
er_000896.txt,17,26,2,0.000138,True
er_000897.txt,26,235,TIMEOUT,5.000015,TIMEOUT
er_000898.txt,24,192,TIMEOUT,5.000002,TIMEOUT
er_000899.txt,10,13,1,2.2e-05,True
er_000900.txt,13,59,6,0.012442,True
er_000901.txt,30,74,6,2.515586,True
er_000902.txt,24,190,TIMEOUT,5.000001,TIMEOUT
er_000903.txt,12,20,1,3.6e-05,True
er_000904.txt,26,141,TIMEOUT,5.000023,TIMEOUT
er_000905.txt,28,139,TIMEOUT,5.000007,TIMEOUT
er_000906.txt,10,24,3,0.000429,True
er_000907.txt,28,130,TIMEOUT,5.000009,TIMEOUT
er_000908.txt,27,101,TIMEOUT,5.000001,TIMEOUT
er_000909.txt,26,158,TIMEOUT,5.000006,TIMEOUT
er_000910.txt,26,253,TIMEOUT,5.000006,TIMEOUT
er_000911.txt,19,85,8,0.948744,True
er_000912.txt,14,45,5,0.011251,True
er_000913.txt,10,23,3,0.00041,True
er_000914.txt,28,133,TIMEOUT,5.000003,TIMEOUT
er_000915.txt,29,226,TIMEOUT,5.000018,TIMEOUT
er_000916.txt,24,75,6,1.379787,True
er_000917.txt,13,43,5,0.005629,True
er_000918.txt,10,32,5,0.00129,True
er_000919.txt,18,33,2,0.000427,True
er_000920.txt,14,52,5,0.016202,True
er_000921.txt,20,77,8,1.052296,True
er_000922.txt,12,48,5,0.004915,True
er_000923.txt,29,91,5,0.562986,True
er_000924.txt,23,119,TIMEOUT,5.000005,TIMEOUT
er_000925.txt,26,240,TIMEOUT,5.000012,TIMEOUT
er_000926.txt,20,124,TIMEOUT,5.000006,TIMEOUT
er_000927.txt,24,192,TIMEOUT,5.000006,TIMEOUT
er_000928.txt,27,124,TIMEOUT,5.000003,TIMEOUT
er_000929.txt,30,344,TIMEOUT,5.000011,TIMEOUT
er_000930.txt,28,203,TIMEOUT,5.000011,TIMEOUT
er_000931.txt,13,29,2,0.000293,True
er_000932.txt,20,143,10,4.468025,True
er_000933.txt,16,20,2,0.000428,True
er_000934.txt,22,119,TIMEOUT,5.000003,TIMEOUT
er_000935.txt,25,190,TIMEOUT,5.000014,TIMEOUT
er_000936.txt,12,33,3,0.001082,True
er_000937.txt,25,130,TIMEOUT,5.000006,TIMEOUT
er_000938.txt,15,31,3,0.000996,True
er_000939.txt,27,100,6,1.108523,True
er_000940.txt,22,115,TIMEOUT,5.000001,TIMEOUT
er_000941.txt,29,246,TIMEOUT,5.000007,TIMEOUT
er_000942.txt,26,254,TIMEOUT,5.000006,TIMEOUT
er_000943.txt,14,70,7,0.037508,True
er_000944.txt,29,213,TIMEOUT,5.000006,TIMEOUT
er_000945.txt,20,40,2,0.000536,True
er_000946.txt,20,160,TIMEOUT,5.000001,TIMEOUT
er_000947.txt,26,117,TIMEOUT,5.000014,TIMEOUT
er_000948.txt,29,85,6,3.749216,True
er_000949.txt,27,164,TIMEOUT,5.000011,TIMEOUT
er_000950.txt,10,11,1,4.2e-05,True
er_000951.txt,27,95,TIMEOUT,5.000008,TIMEOUT
er_000952.txt,17,27,1,3.9e-05,True
er_000953.txt,16,79,8,0.167263,True
er_000954.txt,17,55,5,0.032509,True
er_000955.txt,23,136,TIMEOUT,5.000003,TIMEOUT
er_000956.txt,12,18,1,5.4e-05,True
er_000957.txt,30,168,TIMEOUT,5.00001,TIMEOUT
er_000958.txt,14,56,5,0.0176,True
er_000959.txt,11,35,3,0.000457,True
er_000960.txt,24,172,TIMEOUT,5.000009,TIMEOUT
er_000961.txt,11,26,2,0.000143,True
er_000962.txt,22,176,TIMEOUT,5.000005,TIMEOUT
er_000963.txt,18,41,4,0.014927,True
er_000964.txt,17,59,6,0.114124,True
er_000965.txt,12,28,2,0.000188,True
er_000966.txt,17,74,7,0.159401,True
er_000967.txt,20,101,8,1.482842,True
er_000968.txt,21,91,8,1.583341,True
er_000969.txt,14,41,4,0.003009,True
er_000970.txt,19,86,8,0.777852,True
er_000971.txt,25,154,TIMEOUT,5.000011,TIMEOUT
er_000972.txt,26,170,TIMEOUT,5.000006,TIMEOUT
er_000973.txt,18,129,10,1.494562,True
er_000974.txt,27,255,TIMEOUT,5.000013,TIMEOUT
er_000975.txt,15,40,3,0.001448,True
er_000976.txt,29,177,TIMEOUT,5.000008,TIMEOUT
er_000977.txt,22,114,TIMEOUT,5.000001,TIMEOUT
er_000978.txt,10,37,4,0.001138,True
er_000979.txt,29,281,TIMEOUT,5.000007,TIMEOUT
er_000980.txt,18,94,8,0.49782,True
er_000981.txt,19,109,7,0.82602,True
er_000982.txt,10,35,4,0.000661,True
er_000983.txt,28,271,TIMEOUT,5.000017,TIMEOUT
er_000984.txt,30,144,TIMEOUT,5.000012,TIMEOUT
er_000985.txt,21,39,3,0.002516,True
er_000986.txt,26,117,TIMEOUT,5.000003,TIMEOUT
er_000987.txt,13,54,6,0.012072,True
er_000988.txt,19,116,9,1.696257,True
er_000989.txt,27,268,TIMEOUT,5.000019,TIMEOUT
er_000990.txt,26,211,TIMEOUT,5.000004,TIMEOUT
er_000991.txt,10,17,2,0.0001,True
er_000992.txt,25,254,TIMEOUT,5.000012,TIMEOUT
er_000993.txt,30,260,TIMEOUT,5.000008,TIMEOUT
er_000994.txt,21,115,TIMEOUT,5.000007,TIMEOUT
er_000995.txt,11,31,3,0.000546,True
er_000996.txt,21,75,6,0.251907,True
er_000997.txt,15,48,4,0.007386,True
er_000998.txt,21,46,4,0.015306,True
er_000999.txt,24,198,TIMEOUT,5.000008,TIMEOUT
er_001000.txt,30,168,TIMEOUT,5.000007,TIMEOUT
er_001001.txt,24,218,TIMEOUT,5.000016,TIMEOUT
er_001002.txt,17,72,6,0.107177,True
er_001003.txt,11,23,1,5.2e-05,True
er_001004.txt,12,17,1,5.4e-05,True
er_001005.txt,14,61,6,0.01958,True
er_001006.txt,17,80,9,0.391409,True
er_001007.txt,15,38,4,0.003686,True
er_001008.txt,25,161,TIMEOUT,5.000009,TIMEOUT
er_001009.txt,26,213,TIMEOUT,5.000015,TIMEOUT
er_001010.txt,21,131,TIMEOUT,5.000002,TIMEOUT
er_001011.txt,15,85,7,0.074906,True
er_001012.txt,21,161,TIMEOUT,5.000003,TIMEOUT
er_001013.txt,30,277,TIMEOUT,5.000007,TIMEOUT
er_001014.txt,21,156,TIMEOUT,5.000006,TIMEOUT
er_001015.txt,15,65,6,0.037283,True
er_001016.txt,10,25,2,0.000191,True
er_001017.txt,21,58,5,0.090541,True
er_001018.txt,30,221,TIMEOUT,5.000018,TIMEOUT
er_001019.txt,27,136,TIMEOUT,5.000001,TIMEOUT
er_001020.txt,16,58,5,0.025563,True
er_001021.txt,30,207,TIMEOUT,5.000015,TIMEOUT
er_001022.txt,17,72,6,0.118613,True
er_001023.txt,12,44,5,0.004017,True
er_001024.txt,14,73,7,0.03766,True
er_001025.txt,18,69,7,0.204802,True
er_001026.txt,25,61,3,0.00959,True
er_001027.txt,29,255,TIMEOUT,5.000014,TIMEOUT
er_001028.txt,27,186,TIMEOUT,5.000002,TIMEOUT
er_001029.txt,14,26,1,2.7e-05,True
er_001030.txt,29,305,TIMEOUT,5.000023,TIMEOUT
er_001031.txt,12,47,5,0.003805,True
er_001032.txt,19,138,10,2.590569,True
er_001033.txt,14,61,6,0.019342,True
er_001034.txt,12,46,5,0.005893,True
er_001035.txt,28,243,TIMEOUT,5.000014,TIMEOUT
er_001036.txt,10,16,2,0.000184,True
er_001037.txt,25,205,TIMEOUT,5.000016,TIMEOUT
er_001038.txt,22,47,3,0.006736,True
er_001039.txt,12,24,3,0.000636,True
er_001040.txt,21,138,TIMEOUT,5.000006,TIMEOUT
er_001041.txt,26,163,TIMEOUT,5.00001,TIMEOUT
er_001042.txt,26,191,TIMEOUT,5.00001,TIMEOUT
er_001043.txt,27,251,TIMEOUT,5.000018,TIMEOUT
er_001044.txt,20,117,10,3.816337,True
er_001045.txt,29,94,TIMEOUT,5.000003,TIMEOUT
er_001046.txt,12,35,3,0.001112,True
er_001047.txt,21,115,TIMEOUT,5.000004,TIMEOUT
er_001048.txt,29,197,TIMEOUT,5.00001,TIMEOUT
er_001049.txt,23,130,TIMEOUT,5.000001,TIMEOUT
er_001050.txt,27,80,TIMEOUT,5.000006,TIMEOUT
er_001051.txt,13,49,4,0.005042,True
er_001052.txt,27,115,TIMEOUT,5.000002,TIMEOUT
er_001053.txt,29,327,TIMEOUT,5.000011,TIMEOUT
er_001054.txt,13,47,4,0.005152,True
er_001055.txt,20,106,9,2.87011,True
er_001056.txt,28,113,TIMEOUT,5.000009,TIMEOUT
er_001057.txt,11,18,2,0.000112,True
er_001058.txt,10,24,3,0.000271,True
er_001059.txt,30,311,TIMEOUT,5.000019,TIMEOUT
er_001060.txt,29,201,TIMEOUT,5.00001,TIMEOUT
er_001061.txt,12,28,3,0.001077,True
er_001062.txt,22,165,TIMEOUT,5.000009,TIMEOUT
er_001063.txt,14,55,5,0.014611,True
er_001064.txt,13,39,5,0.006609,True
er_001065.txt,20,163,TIMEOUT,5.000006,TIMEOUT
er_001066.txt,21,103,9,4.887838,True
er_001067.txt,12,47,4,0.004195,True
er_001068.txt,23,62,4,0.025102,True
er_001069.txt,13,52,6,0.014142,True
er_001070.txt,20,60,5,0.139475,True
er_001071.txt,17,49,5,0.038055,True
er_001072.txt,10,30,3,0.000987,True
er_001073.txt,25,97,TIMEOUT,5.00002,TIMEOUT
er_001074.txt,21,83,8,2.144757,True
er_001075.txt,20,103,9,3.224291,True
er_001076.txt,20,64,6,0.195175,True
er_001077.txt,10,35,5,0.001575,True
er_001078.txt,11,27,3,0.000628,True
er_001079.txt,21,79,7,1.672716,True
er_001080.txt,29,283,TIMEOUT,5.000001,TIMEOUT
er_001081.txt,27,163,TIMEOUT,5.000004,TIMEOUT
er_001082.txt,12,32,3,0.000757,True
er_001083.txt,19,97,7,0.383288,True
er_001084.txt,13,68,6,0.013765,True
er_001085.txt,16,33,3,0.001043,True
er_001086.txt,27,150,TIMEOUT,5.000006,TIMEOUT
er_001087.txt,26,82,7,3.042442,True
er_001088.txt,15,31,3,0.001266,True
er_001089.txt,20,71,6,0.190569,True
er_001090.txt,30,190,TIMEOUT,5.000009,TIMEOUT
er_001091.txt,22,141,TIMEOUT,5.000005,TIMEOUT
er_001092.txt,19,102,9,1.290506,True
er_001093.txt,18,46,3,0.002018,True
er_001094.txt,23,171,TIMEOUT,5.000007,TIMEOUT
er_001095.txt,22,88,8,2.796647,True
er_001096.txt,28,265,TIMEOUT,5.000021,TIMEOUT
er_001097.txt,11,31,5,0.002063,True
er_001098.txt,30,272,TIMEOUT,5.000001,TIMEOUT
er_001099.txt,19,90,8,0.860513,True
er_001100.txt,29,248,TIMEOUT,5.000002,TIMEOUT
er_001101.txt,11,24,2,0.000131,True
er_001102.txt,15,74,6,0.036685,True
er_001103.txt,15,41,6,0.026064,True
er_001104.txt,26,82,7,3.615419,True
er_001105.txt,10,32,4,0.001034,True
er_001106.txt,15,50,4,0.004875,True
er_001107.txt,11,15,1,3.6e-05,True
er_001108.txt,13,61,6,0.024708,True
er_001109.txt,19,47,5,0.039454,True
er_001110.txt,29,176,TIMEOUT,5.000015,TIMEOUT
er_001111.txt,21,149,TIMEOUT,5.000006,TIMEOUT
er_001112.txt,16,62,5,0.028571,True
er_001113.txt,19,55,6,0.119112,True
er_001114.txt,25,103,TIMEOUT,5.000001,TIMEOUT
er_001115.txt,26,93,7,4.181659,True
er_001116.txt,17,110,9,0.520439,True
er_001117.txt,13,21,2,0.00017,True
er_001118.txt,18,78,7,0.280618,True
er_001119.txt,16,63,6,0.080938,True
er_001120.txt,13,8,0,2e-05,True
er_001121.txt,16,40,4,0.005658,True
er_001122.txt,21,75,7,0.723816,True
er_001123.txt,29,310,TIMEOUT,5.00001,TIMEOUT
er_001124.txt,12,19,1,2.5e-05,True
er_001125.txt,30,109,TIMEOUT,5.000007,TIMEOUT
er_001126.txt,14,58,5,0.009043,True
er_001127.txt,23,143,TIMEOUT,5.000005,TIMEOUT
er_001128.txt,30,222,TIMEOUT,5.00001,TIMEOUT
er_001129.txt,28,259,TIMEOUT,5.000025,TIMEOUT
er_001130.txt,25,194,TIMEOUT,5.000012,TIMEOUT
er_001131.txt,29,197,TIMEOUT,5.000016,TIMEOUT
er_001132.txt,24,227,TIMEOUT,5.000003,TIMEOUT
er_001133.txt,15,67,6,0.03194,True
er_001134.txt,15,28,1,3.7e-05,True
er_001135.txt,29,241,TIMEOUT,5.000004,TIMEOUT
er_001136.txt,12,20,2,8.6e-05,True
er_001137.txt,21,88,7,1.167406,True
er_001138.txt,12,36,4,0.00168,True
er_001139.txt,29,116,TIMEOUT,5.000006,TIMEOUT
er_001140.txt,12,46,4,0.002092,True
er_001141.txt,12,29,4,0.001241,True
er_001142.txt,13,29,4,0.002533,True
er_001143.txt,20,70,6,0.183028,True
er_001144.txt,13,53,5,0.009584,True
er_001145.txt,17,89,9,0.504442,True
er_001146.txt,29,170,TIMEOUT,5.000011,TIMEOUT
er_001147.txt,18,36,3,0.001942,True
er_001148.txt,13,22,2,8.8e-05,True
er_001149.txt,17,86,8,0.306148,True
er_001150.txt,27,203,TIMEOUT,5.000008,TIMEOUT
er_001151.txt,20,38,3,0.003259,True
er_001152.txt,17,112,9,0.566208,True
er_001153.txt,15,104,8,0.115504,True
er_001154.txt,27,224,TIMEOUT,5.000008,TIMEOUT
er_001155.txt,11,37,4,0.001296,True
er_001156.txt,26,246,TIMEOUT,5.000005,TIMEOUT
er_001157.txt,12,40,5,0.004409,True
er_001158.txt,20,150,TIMEOUT,5.000006,TIMEOUT
er_001159.txt,30,163,TIMEOUT,5.000004,TIMEOUT
er_001160.txt,30,120,TIMEOUT,5.000003,TIMEOUT
er_001161.txt,16,40,4,0.007381,True
er_001162.txt,28,74,6,1.624032,True
er_001163.txt,19,81,7,0.337002,True
er_001164.txt,15,54,4,0.003915,True
er_001165.txt,29,244,TIMEOUT,5.000004,TIMEOUT
er_001166.txt,28,280,TIMEOUT,5.00001,TIMEOUT
er_001167.txt,12,28,3,0.000452,True
er_001168.txt,28,292,TIMEOUT,5.000014,TIMEOUT
er_001169.txt,27,194,TIMEOUT,5.000009,TIMEOUT
er_001170.txt,11,18,1,3.2e-05,True
er_001171.txt,13,49,6,0.013658,True
er_001172.txt,13,22,2,0.000235,True
er_001173.txt,19,50,4,0.025757,True
er_001174.txt,18,129,10,1.378847,True
er_001175.txt,16,59,5,0.020608,True
er_001176.txt,13,52,5,0.009212,True
er_001177.txt,28,283,TIMEOUT,5.000007,TIMEOUT
er_001178.txt,14,41,4,0.004554,True
er_001179.txt,22,120,TIMEOUT,5.000001,TIMEOUT
er_001180.txt,15,85,8,0.106881,True
er_001181.txt,12,22,3,0.000314,True
er_001182.txt,14,33,2,0.000162,True
er_001183.txt,27,223,TIMEOUT,5.000006,TIMEOUT
er_001184.txt,10,10,0,1.8e-05,True
er_001185.txt,18,70,7,0.212348,True
er_001186.txt,22,145,TIMEOUT,5.000013,TIMEOUT
er_001187.txt,23,104,TIMEOUT,5.000007,TIMEOUT
er_001188.txt,29,222,TIMEOUT,5.000016,TIMEOUT
er_001189.txt,12,33,3,0.00069,True
er_001190.txt,20,66,6,0.240447,True
er_001191.txt,27,170,TIMEOUT,5.000006,TIMEOUT
er_001192.txt,28,167,TIMEOUT,5.000004,TIMEOUT
er_001193.txt,12,38,4,0.001367,True
er_001194.txt,10,31,3,0.000402,True
er_001195.txt,30,339,TIMEOUT,5.000008,TIMEOUT
er_001196.txt,28,225,TIMEOUT,5.00001,TIMEOUT
er_001197.txt,13,51,5,0.00814,True
er_001198.txt,21,158,TIMEOUT,5.000006,TIMEOUT
er_001199.txt,26,130,TIMEOUT,5.000009,TIMEOUT
er_001200.txt,23,193,TIMEOUT,5.000011,TIMEOUT
er_001201.txt,30,286,TIMEOUT,5.000016,TIMEOUT
er_001202.txt,16,28,3,0.002041,True
er_001203.txt,10,29,4,0.000797,True
er_001204.txt,18,39,4,0.009742,True
er_001205.txt,28,170,TIMEOUT,5.000013,TIMEOUT
er_001206.txt,30,86,TIMEOUT,5.000001,TIMEOUT
er_001207.txt,26,200,TIMEOUT,5.000006,TIMEOUT
er_001208.txt,22,53,5,0.139801,True
er_001209.txt,12,14,2,6.2e-05,True
er_001210.txt,25,124,TIMEOUT,5.000011,TIMEOUT
er_001211.txt,13,22,1,7.3e-05,True
er_001212.txt,25,115,TIMEOUT,5.000005,TIMEOUT
er_001213.txt,27,108,TIMEOUT,5.000003,TIMEOUT
er_001214.txt,26,116,TIMEOUT,5.000002,TIMEOUT
er_001215.txt,19,123,10,2.511645,True
er_001216.txt,20,67,6,0.148392,True
er_001217.txt,10,29,3,0.000223,True
er_001218.txt,11,24,3,0.000492,True
er_001219.txt,16,59,6,0.038282,True
er_001220.txt,21,95,7,0.857155,True
er_001221.txt,24,177,TIMEOUT,5.00001,TIMEOUT
er_001222.txt,21,51,3,0.008017,True
er_001223.txt,13,27,1,6.3e-05,True
er_001224.txt,14,53,5,0.008768,True
er_001225.txt,11,8,0,2e-05,True
er_001226.txt,23,147,TIMEOUT,5.000006,TIMEOUT
er_001227.txt,14,38,4,0.005086,True
er_001228.txt,16,38,3,0.001495,True
er_001229.txt,26,139,TIMEOUT,5.000011,TIMEOUT
er_001230.txt,12,31,3,0.000593,True
er_001231.txt,15,41,4,0.003837,True
er_001232.txt,22,110,TIMEOUT,5.000004,TIMEOUT
er_001233.txt,16,73,7,0.093054,True
er_001234.txt,25,116,TIMEOUT,5.000004,TIMEOUT
er_001235.txt,12,25,2,9.9e-05,True
er_001236.txt,26,201,TIMEOUT,5.000017,TIMEOUT
er_001237.txt,16,70,6,0.053065,True
er_001238.txt,29,113,TIMEOUT,5.000009,TIMEOUT
er_001239.txt,27,89,5,0.26312,True
er_001240.txt,22,98,8,3.300704,True
er_001241.txt,12,16,1,5.4e-05,True
er_001242.txt,26,207,TIMEOUT,5.000014,TIMEOUT
er_001243.txt,16,21,2,0.000231,True
er_001244.txt,29,127,TIMEOUT,5.000007,TIMEOUT
er_001245.txt,23,187,TIMEOUT,5.000005,TIMEOUT
er_001246.txt,15,86,8,0.09614,True
er_001247.txt,24,137,TIMEOUT,5.000004,TIMEOUT
er_001248.txt,21,151,TIMEOUT,5.0,TIMEOUT
er_001249.txt,18,125,10,1.195652,True
er_001250.txt,30,137,TIMEOUT,5.000012,TIMEOUT
er_001251.txt,16,43,4,0.009448,True
er_001252.txt,30,333,TIMEOUT,5.000025,TIMEOUT
er_001253.txt,10,25,2,0.000164,True
er_001254.txt,23,174,TIMEOUT,5.000004,TIMEOUT
er_001255.txt,17,68,6,0.120249,True
er_001256.txt,22,127,TIMEOUT,5.000006,TIMEOUT
er_001257.txt,17,104,9,0.641673,True
er_001258.txt,17,108,9,0.515903,True
er_001259.txt,18,101,8,0.582864,True
er_001260.txt,25,245,TIMEOUT,5.000006,TIMEOUT
er_001261.txt,16,63,6,0.066666,True
er_001262.txt,27,139,TIMEOUT,5.0,TIMEOUT
er_001263.txt,23,144,TIMEOUT,5.000001,TIMEOUT
er_001264.txt,12,19,1,6.9e-05,True
er_001265.txt,24,75,7,2.456052,True
er_001266.txt,10,16,2,0.000122,True
er_001267.txt,30,270,TIMEOUT,5.000006,TIMEOUT
er_001268.txt,15,46,6,0.024165,True
er_001269.txt,17,41,3,0.002194,True
er_001270.txt,11,35,4,0.001207,True
er_001271.txt,29,145,TIMEOUT,5.000005,TIMEOUT
er_001272.txt,24,194,TIMEOUT,5.000012,TIMEOUT
er_001273.txt,22,165,TIMEOUT,5.000007,TIMEOUT
er_001274.txt,18,40,4,0.006411,True
er_001275.txt,13,56,5,0.005916,True
er_001276.txt,20,105,9,2.641764,True
er_001277.txt,16,107,9,0.27471,True
er_001278.txt,16,26,1,2.9e-05,True
er_001279.txt,15,41,4,0.003255,True
er_001280.txt,29,187,TIMEOUT,5.000006,TIMEOUT
er_001281.txt,13,25,2,0.000288,True
er_001282.txt,15,23,3,0.000566,True
er_001283.txt,25,77,6,0.712867,True
er_001284.txt,16,43,4,0.005,True
er_001285.txt,11,29,3,0.000696,True
er_001286.txt,25,224,TIMEOUT,5.000004,TIMEOUT
er_001287.txt,28,153,TIMEOUT,5.000001,TIMEOUT
er_001288.txt,23,107,TIMEOUT,5.000001,TIMEOUT
er_001289.txt,25,133,TIMEOUT,5.000001,TIMEOUT
er_001290.txt,13,17,2,8.4e-05,True
er_001291.txt,25,172,TIMEOUT,5.000005,TIMEOUT
er_001292.txt,16,62,7,0.081276,True
er_001293.txt,11,17,2,0.000151,True
er_001294.txt,24,246,TIMEOUT,5.000013,TIMEOUT
er_001295.txt,16,26,3,0.001164,True
er_001296.txt,10,28,3,0.000502,True
er_001297.txt,28,196,TIMEOUT,5.000003,TIMEOUT
er_001298.txt,25,204,TIMEOUT,5.000008,TIMEOUT
er_001299.txt,12,36,4,0.001649,True
er_001300.txt,15,80,8,0.107093,True
er_001301.txt,15,19,2,0.000147,True
er_001302.txt,21,138,TIMEOUT,5.000004,TIMEOUT
er_001303.txt,24,90,7,4.12164,True
er_001304.txt,28,128,TIMEOUT,5.000003,TIMEOUT
er_001305.txt,26,175,TIMEOUT,5.000003,TIMEOUT
er_001306.txt,11,18,2,9.4e-05,True
er_001307.txt,19,39,3,0.005538,True
er_001308.txt,30,268,TIMEOUT,5.000018,TIMEOUT
er_001309.txt,28,134,TIMEOUT,5.000003,TIMEOUT
er_001310.txt,17,66,6,0.103916,True
er_001311.txt,18,39,3,0.002848,True
er_001312.txt,13,33,5,0.007254,True
er_001313.txt,25,179,TIMEOUT,5.000007,TIMEOUT
er_001314.txt,16,52,5,0.022313,True
er_001315.txt,12,14,1,3.5e-05,True
er_001316.txt,30,111,TIMEOUT,5.000004,TIMEOUT
er_001317.txt,29,177,TIMEOUT,5.000004,TIMEOUT
er_001318.txt,23,101,TIMEOUT,5.000003,TIMEOUT
er_001319.txt,10,18,1,4.1e-05,True
er_001320.txt,11,29,3,0.000363,True
er_001321.txt,14,59,6,0.022981,True
er_001322.txt,17,35,2,0.000448,True
er_001323.txt,20,120,10,3.906036,True
er_001324.txt,15,64,6,0.028503,True
er_001325.txt,11,26,3,0.000295,True
er_001326.txt,27,160,TIMEOUT,5.000012,TIMEOUT
er_001327.txt,22,175,TIMEOUT,5.000008,TIMEOUT
er_001328.txt,18,51,5,0.027108,True
er_001329.txt,29,291,TIMEOUT,5.000013,TIMEOUT
er_001330.txt,17,46,5,0.022978,True
er_001331.txt,30,320,TIMEOUT,5.000026,TIMEOUT
er_001332.txt,18,81,8,0.513961,True
er_001333.txt,22,53,3,0.004569,True
er_001334.txt,21,149,TIMEOUT,5.000003,TIMEOUT
er_001335.txt,29,233,TIMEOUT,5.000007,TIMEOUT
er_001336.txt,24,176,TIMEOUT,5.000011,TIMEOUT
er_001337.txt,23,135,TIMEOUT,5.000009,TIMEOUT
er_001338.txt,26,219,TIMEOUT,5.000004,TIMEOUT
er_001339.txt,15,33,3,0.001162,True
er_001340.txt,10,46,5,0.001784,True
er_001341.txt,26,106,7,4.706483,True
er_001342.txt,11,21,2,0.000148,True
er_001343.txt,13,31,3,0.000676,True
er_001344.txt,27,233,TIMEOUT,5.000015,TIMEOUT
er_001345.txt,23,135,TIMEOUT,5.000002,TIMEOUT
er_001346.txt,26,263,TIMEOUT,5.000016,TIMEOUT
er_001347.txt,15,39,4,0.00303,True
er_001348.txt,17,69,4,0.007933,True
er_001349.txt,30,231,TIMEOUT,5.000008,TIMEOUT
er_001350.txt,21,107,8,2.781095,True
er_001351.txt,25,206,TIMEOUT,5.000008,TIMEOUT
er_001352.txt,28,169,TIMEOUT,5.000008,TIMEOUT
er_001353.txt,12,35,3,0.000671,True
er_001354.txt,23,144,TIMEOUT,5.00001,TIMEOUT
er_001355.txt,24,183,TIMEOUT,5.00001,TIMEOUT
er_001356.txt,20,128,TIMEOUT,5.000007,TIMEOUT
er_001357.txt,23,74,7,1.100286,True
er_001358.txt,30,92,TIMEOUT,5.000005,TIMEOUT
er_001359.txt,12,37,4,0.001385,True
er_001360.txt,25,60,3,0.006909,True
er_001361.txt,21,57,3,0.002544,True
er_001362.txt,30,244,TIMEOUT,5.000012,TIMEOUT
er_001363.txt,29,238,TIMEOUT,5.000004,TIMEOUT
er_001364.txt,10,31,3,0.000553,True
er_001365.txt,27,218,TIMEOUT,5.000012,TIMEOUT
er_001366.txt,27,214,TIMEOUT,5.000006,TIMEOUT
er_001367.txt,28,286,TIMEOUT,5.000001,TIMEOUT
er_001368.txt,16,109,9,0.311452,True
er_001369.txt,25,114,TIMEOUT,5.000003,TIMEOUT
er_001370.txt,20,135,TIMEOUT,5.000004,TIMEOUT
er_001371.txt,23,203,TIMEOUT,5.000011,TIMEOUT
er_001372.txt,20,58,5,0.086391,True
er_001373.txt,29,273,TIMEOUT,5.000003,TIMEOUT
er_001374.txt,16,30,3,0.001319,True
er_001375.txt,18,112,10,1.208296,True
er_001376.txt,19,72,6,0.209743,True
er_001377.txt,12,18,1,6.3e-05,True
er_001378.txt,14,28,3,0.000478,True
er_001379.txt,11,27,3,0.000595,True
er_001380.txt,27,77,5,0.224044,True
er_001381.txt,17,47,5,0.02253,True
er_001382.txt,27,187,TIMEOUT,5.000005,TIMEOUT
er_001383.txt,12,23,3,0.00034,True
er_001384.txt,26,134,TIMEOUT,5.000001,TIMEOUT
er_001385.txt,13,53,5,0.007127,True
er_001386.txt,24,97,7,3.44182,True
er_001387.txt,21,116,9,3.855767,True
er_001388.txt,27,256,TIMEOUT,5.00001,TIMEOUT
er_001389.txt,19,46,3,0.003936,True
er_001390.txt,27,287,TIMEOUT,5.000015,TIMEOUT
er_001391.txt,21,75,6,0.371319,True
er_001392.txt,28,167,TIMEOUT,5.000009,TIMEOUT
er_001393.txt,24,186,TIMEOUT,5.000005,TIMEOUT
er_001394.txt,18,116,10,1.303158,True
er_001395.txt,28,179,TIMEOUT,5.000001,TIMEOUT
er_001396.txt,25,128,TIMEOUT,5.000001,TIMEOUT
er_001397.txt,30,283,TIMEOUT,5.000008,TIMEOUT
er_001398.txt,26,196,TIMEOUT,5.000003,TIMEOUT
er_001399.txt,18,77,7,0.216421,True
er_001400.txt,28,75,TIMEOUT,5.000007,TIMEOUT
er_001401.txt,23,61,7,0.977455,True
er_001402.txt,27,82,7,4.250512,True
er_001403.txt,16,73,6,0.074374,True
er_001404.txt,15,48,5,0.022967,True
er_001405.txt,24,85,8,4.944334,True
er_001406.txt,10,19,2,9.9e-05,True
er_001407.txt,24,212,TIMEOUT,5.000014,TIMEOUT
er_001408.txt,23,133,TIMEOUT,5.000002,TIMEOUT
er_001409.txt,17,54,5,0.036334,True
er_001410.txt,27,145,TIMEOUT,5.000012,TIMEOUT
er_001411.txt,14,63,7,0.033447,True
er_001412.txt,15,60,7,0.05655,True
er_001413.txt,30,199,TIMEOUT,5.000002,TIMEOUT
er_001414.txt,24,198,TIMEOUT,5.000002,TIMEOUT
er_001415.txt,28,144,TIMEOUT,5.000007,TIMEOUT
er_001416.txt,30,214,TIMEOUT,5.000018,TIMEOUT
er_001417.txt,26,161,TIMEOUT,5.000001,TIMEOUT
er_001418.txt,11,30,2,0.000144,True
er_001419.txt,22,149,TIMEOUT,5.000002,TIMEOUT
er_001420.txt,26,180,TIMEOUT,5.000006,TIMEOUT
er_001421.txt,26,167,TIMEOUT,5.000008,TIMEOUT
er_001422.txt,30,333,TIMEOUT,5.000014,TIMEOUT
er_001423.txt,19,66,5,0.052822,True
er_001424.txt,29,294,TIMEOUT,5.000007,TIMEOUT
er_001425.txt,18,75,6,0.092132,True
er_001426.txt,17,44,4,0.013468,True
er_001427.txt,22,179,TIMEOUT,5.000006,TIMEOUT
er_001428.txt,11,21,3,0.0003,True
er_001429.txt,11,36,4,0.00124,True
er_001430.txt,14,35,2,0.000321,True
er_001431.txt,30,159,TIMEOUT,5.000014,TIMEOUT
er_001432.txt,25,180,TIMEOUT,5.000001,TIMEOUT
er_001433.txt,16,58,6,0.057333,True
er_001434.txt,18,21,1,8.6e-05,True
er_001435.txt,22,96,TIMEOUT,5.000001,TIMEOUT
er_001436.txt,23,167,TIMEOUT,5.000002,TIMEOUT
er_001437.txt,20,41,2,0.000399,True
er_001438.txt,20,112,9,3.211675,True
er_001439.txt,24,63,4,0.032236,True
er_001440.txt,19,119,10,2.291451,True
er_001441.txt,20,50,3,0.00346,True
er_001442.txt,11,25,2,0.000207,True
er_001443.txt,13,59,6,0.012317,True
er_001444.txt,15,49,5,0.015806,True
er_001445.txt,12,20,2,0.000251,True
er_001446.txt,18,100,9,0.905849,True
er_001447.txt,17,85,8,0.37314,True
er_001448.txt,29,151,TIMEOUT,5.000008,TIMEOUT
er_001449.txt,28,87,TIMEOUT,5.000005,TIMEOUT
er_001450.txt,22,147,TIMEOUT,5.000006,TIMEOUT
er_001451.txt,17,58,6,0.061431,True
er_001452.txt,29,136,TIMEOUT,5.000002,TIMEOUT
er_001453.txt,14,74,7,0.041361,True
er_001454.txt,27,258,TIMEOUT,5.00001,TIMEOUT
er_001455.txt,14,29,3,0.000969,True
er_001456.txt,10,32,3,0.000275,True
er_001457.txt,28,98,TIMEOUT,5.000002,TIMEOUT
er_001458.txt,12,30,3,0.000978,True
er_001459.txt,20,141,TIMEOUT,5.000006,TIMEOUT
er_001460.txt,19,104,8,0.8562,True
er_001461.txt,10,25,3,0.000466,True
er_001462.txt,14,67,6,0.0253,True
er_001463.txt,13,31,3,0.001151,True
er_001464.txt,11,35,3,0.000533,True
er_001465.txt,12,14,1,5.9e-05,True
er_001466.txt,21,68,7,0.591389,True
er_001467.txt,28,214,TIMEOUT,5.000016,TIMEOUT
er_001468.txt,15,58,5,0.01165,True
er_001469.txt,11,37,4,0.001537,True
er_001470.txt,10,24,4,0.000556,True
er_001471.txt,20,85,6,0.236852,True
er_001472.txt,26,235,TIMEOUT,5.000013,TIMEOUT
er_001473.txt,20,40,3,0.00358,True
er_001474.txt,24,121,TIMEOUT,5.00001,TIMEOUT
er_001475.txt,16,68,6,0.047706,True
er_001476.txt,15,63,6,0.027821,True
er_001477.txt,19,102,8,1.008477,True
er_001478.txt,16,56,5,0.023612,True
er_001479.txt,12,34,4,0.001673,True
er_001480.txt,27,201,TIMEOUT,5.000005,TIMEOUT
er_001481.txt,21,168,TIMEOUT,5.000006,TIMEOUT
er_001482.txt,20,116,10,4.004702,True
er_001483.txt,24,97,TIMEOUT,5.000004,TIMEOUT
er_001484.txt,18,31,1,5.5e-05,True
er_001485.txt,21,67,7,0.987489,True
er_001486.txt,11,7,0,1.7e-05,True
er_001487.txt,19,34,0,2.9e-05,True
er_001488.txt,16,72,7,0.08816,True
er_001489.txt,17,110,9,0.50135,True
er_001490.txt,20,136,TIMEOUT,5.000006,TIMEOUT
er_001491.txt,28,88,6,1.561566,True
er_001492.txt,17,55,5,0.01903,True
er_001493.txt,30,216,TIMEOUT,5.000004,TIMEOUT
er_001494.txt,27,181,TIMEOUT,5.000006,TIMEOUT
er_001495.txt,12,35,4,0.001753,True
er_001496.txt,19,110,9,1.664794,True
er_001497.txt,12,51,4,0.003172,True
er_001498.txt,27,142,TIMEOUT,5.00001,TIMEOUT
er_001499.txt,22,55,5,0.083838,True
er_001500.txt,11,28,3,0.000308,True
er_001501.txt,25,212,TIMEOUT,5.000011,TIMEOUT
er_001502.txt,22,178,TIMEOUT,5.00001,TIMEOUT
er_001503.txt,14,53,5,0.00921,True
er_001504.txt,28,286,TIMEOUT,5.000004,TIMEOUT
er_001505.txt,21,83,9,3.535463,True
er_001506.txt,30,107,TIMEOUT,5.000009,TIMEOUT
er_001507.txt,23,114,TIMEOUT,5.000004,TIMEOUT
er_001508.txt,12,24,2,0.000141,True
er_001509.txt,12,24,3,0.000386,True
er_001510.txt,16,67,6,0.048927,True
er_001511.txt,15,58,6,0.030709,True
er_001512.txt,22,170,TIMEOUT,5.000001,TIMEOUT
er_001513.txt,11,40,4,0.00147,True
er_001514.txt,28,63,5,0.494148,True
er_001515.txt,13,25,1,6e-05,True
er_001516.txt,17,45,6,0.050143,True
er_001517.txt,13,45,5,0.005991,True
er_001518.txt,23,98,7,1.417802,True
er_001519.txt,25,217,TIMEOUT,5.000001,TIMEOUT
er_001520.txt,10,9,1,3.4e-05,True
er_001521.txt,19,74,7,0.412606,True
er_001522.txt,29,113,TIMEOUT,5.000014,TIMEOUT
er_001523.txt,15,49,6,0.027295,True
er_001524.txt,26,148,TIMEOUT,5.000001,TIMEOUT
er_001525.txt,30,343,TIMEOUT,5.000021,TIMEOUT
er_001526.txt,30,283,TIMEOUT,5.000007,TIMEOUT
er_001527.txt,28,317,TIMEOUT,5.000015,TIMEOUT
er_001528.txt,15,59,5,0.022563,True
er_001529.txt,14,52,5,0.012674,True
er_001530.txt,24,130,TIMEOUT,5.000001,TIMEOUT
er_001531.txt,20,44,3,0.004229,True
er_001532.txt,16,49,4,0.007758,True
er_001533.txt,29,104,TIMEOUT,5.000004,TIMEOUT
er_001534.txt,18,116,10,1.222218,True
er_001535.txt,14,65,7,0.033158,True
er_001536.txt,23,202,TIMEOUT,5.000007,TIMEOUT
er_001537.txt,27,248,TIMEOUT,5.000003,TIMEOUT
er_001538.txt,30,289,TIMEOUT,5.000005,TIMEOUT
er_001539.txt,16,104,9,0.264711,True
er_001540.txt,25,135,TIMEOUT,5.000009,TIMEOUT
er_001541.txt,15,36,4,0.006858,True
er_001542.txt,22,82,7,2.12939,True
er_001543.txt,12,24,2,8.3e-05,True
er_001544.txt,23,96,7,1.381659,True
er_001545.txt,13,21,2,0.00013,True
er_001546.txt,12,30,4,0.001869,True
er_001547.txt,13,36,3,0.001335,True
er_001548.txt,14,52,6,0.020886,True
er_001549.txt,23,140,TIMEOUT,5.0,TIMEOUT
er_001550.txt,16,61,7,0.081689,True
er_001551.txt,24,74,6,1.268125,True
er_001552.txt,19,43,3,0.00524,True
er_001553.txt,17,82,7,0.156995,True
er_001554.txt,17,99,8,0.35223,True
er_001555.txt,22,182,TIMEOUT,5.00001,TIMEOUT
er_001556.txt,24,159,TIMEOUT,5.000008,TIMEOUT
er_001557.txt,21,33,3,0.003986,True
er_001558.txt,14,40,4,0.003602,True
er_001559.txt,23,100,TIMEOUT,5.000004,TIMEOUT
er_001560.txt,30,148,TIMEOUT,5.000007,TIMEOUT
er_001561.txt,26,131,TIMEOUT,5.000008,TIMEOUT
er_001562.txt,19,128,10,2.383166,True
er_001563.txt,30,299,TIMEOUT,5.00001,TIMEOUT
er_001564.txt,17,55,6,0.059273,True
er_001565.txt,18,72,7,0.219528,True
er_001566.txt,28,202,TIMEOUT,5.00001,TIMEOUT
er_001567.txt,15,66,6,0.04057,True
er_001568.txt,12,54,5,0.006351,True
er_001569.txt,16,48,4,0.007698,True
er_001570.txt,19,80,7,0.617742,True
er_001571.txt,24,212,TIMEOUT,5.000008,TIMEOUT
er_001572.txt,18,103,9,0.921358,True
er_001573.txt,28,120,TIMEOUT,5.000007,TIMEOUT
er_001574.txt,28,116,TIMEOUT,5.000005,TIMEOUT
er_001575.txt,26,75,5,0.257721,True
er_001576.txt,15,22,1,4.4e-05,True
er_001577.txt,25,88,TIMEOUT,5.000001,TIMEOUT
er_001578.txt,11,31,3,0.000312,True
er_001579.txt,25,139,TIMEOUT,5.000014,TIMEOUT
er_001580.txt,30,73,TIMEOUT,5.000008,TIMEOUT
er_001581.txt,15,49,6,0.03474,True
er_001582.txt,10,10,1,2.1e-05,True
er_001583.txt,26,216,TIMEOUT,5.000002,TIMEOUT
er_001584.txt,15,63,6,0.040374,True
er_001585.txt,18,50,5,0.029773,True
er_001586.txt,22,59,5,0.074319,True
er_001587.txt,29,212,TIMEOUT,5.000018,TIMEOUT
er_001588.txt,21,100,8,2.078041,True
er_001589.txt,26,191,TIMEOUT,5.000001,TIMEOUT
er_001590.txt,13,16,1,3.8e-05,True
er_001591.txt,29,198,TIMEOUT,5.000013,TIMEOUT
er_001592.txt,10,18,2,0.000104,True
er_001593.txt,15,34,3,0.000633,True
er_001594.txt,20,74,8,1.215389,True
er_001595.txt,27,258,TIMEOUT,5.000002,TIMEOUT
er_001596.txt,11,41,5,0.003277,True
er_001597.txt,29,77,TIMEOUT,5.000003,TIMEOUT
er_001598.txt,23,151,TIMEOUT,5.000002,TIMEOUT
er_001599.txt,16,84,8,0.173651,True
er_001600.txt,14,26,3,0.001322,True
er_001601.txt,11,26,2,0.000131,True
er_001602.txt,27,205,TIMEOUT,5.000003,TIMEOUT
er_001603.txt,27,221,TIMEOUT,5.000009,TIMEOUT
er_001604.txt,29,297,TIMEOUT,5.000007,TIMEOUT
er_001605.txt,25,139,TIMEOUT,5.000007,TIMEOUT
er_001606.txt,22,58,4,0.01376,True
er_001607.txt,14,61,5,0.015326,True
er_001608.txt,10,28,4,0.000629,True
er_001609.txt,18,59,5,0.063324,True
er_001610.txt,22,55,3,0.009422,True
er_001611.txt,18,122,9,0.950507,True
er_001612.txt,23,158,TIMEOUT,5.000004,TIMEOUT
er_001613.txt,27,67,6,1.462973,True
er_001614.txt,26,90,TIMEOUT,5.000006,TIMEOUT
er_001615.txt,18,83,7,0.255861,True
er_001616.txt,24,109,TIMEOUT,5.000008,TIMEOUT
er_001617.txt,27,98,TIMEOUT,5.000003,TIMEOUT
er_001618.txt,20,62,5,0.076772,True
er_001619.txt,30,329,TIMEOUT,5.000026,TIMEOUT
er_001620.txt,30,195,TIMEOUT,5.000019,TIMEOUT
er_001621.txt,30,150,TIMEOUT,5.000013,TIMEOUT
er_001622.txt,13,32,4,0.002524,True
er_001623.txt,21,39,2,0.000309,True
er_001624.txt,23,90,8,4.78402,True
er_001625.txt,18,94,9,0.750358,True
er_001626.txt,12,44,4,0.002355,True
er_001627.txt,22,45,3,0.004106,True
er_001628.txt,10,27,3,0.00026,True
er_001629.txt,23,175,TIMEOUT,5.000001,TIMEOUT
er_001630.txt,19,43,4,0.012303,True
er_001631.txt,27,160,TIMEOUT,5.000003,TIMEOUT
er_001632.txt,13,35,3,0.001502,True
er_001633.txt,17,33,3,0.002114,True
er_001634.txt,21,113,TIMEOUT,5.000004,TIMEOUT
er_001635.txt,13,21,1,7.6e-05,True
er_001636.txt,11,16,1,3.2e-05,True
er_001637.txt,20,149,TIMEOUT,5.000007,TIMEOUT
er_001638.txt,30,185,TIMEOUT,5.000004,TIMEOUT
er_001639.txt,25,152,TIMEOUT,5.000001,TIMEOUT
er_001640.txt,14,70,6,0.027206,True
er_001641.txt,24,127,TIMEOUT,5.00001,TIMEOUT
er_001642.txt,27,149,TIMEOUT,5.000011,TIMEOUT
er_001643.txt,17,41,3,0.002501,True
er_001644.txt,25,114,TIMEOUT,5.000001,TIMEOUT
er_001645.txt,17,42,4,0.010102,True
er_001646.txt,11,35,4,0.001825,True
er_001647.txt,20,122,TIMEOUT,5.000002,TIMEOUT
er_001648.txt,14,68,6,0.024037,True
er_001649.txt,30,173,TIMEOUT,5.000001,TIMEOUT
er_001650.txt,24,67,4,0.037391,True
er_001651.txt,20,96,8,1.137494,True
er_001652.txt,11,14,1,3.3e-05,True
er_001653.txt,18,42,4,0.011295,True
er_001654.txt,16,64,6,0.048868,True
er_001655.txt,11,42,4,0.001372,True
er_001656.txt,20,110,9,2.32997,True
er_001657.txt,18,47,3,0.001712,True
er_001658.txt,19,116,10,2.32959,True
er_001659.txt,14,23,3,0.000441,True
er_001660.txt,10,24,3,0.000225,True
er_001661.txt,18,105,9,0.897698,True
er_001662.txt,18,103,9,0.799124,True
er_001663.txt,20,69,7,0.483741,True
er_001664.txt,19,131,11,3.05904,True
er_001665.txt,13,48,5,0.00737,True
er_001666.txt,26,219,TIMEOUT,5.000011,TIMEOUT
er_001667.txt,22,143,TIMEOUT,5.000005,TIMEOUT
er_001668.txt,25,180,TIMEOUT,5.000008,TIMEOUT
er_001669.txt,24,112,TIMEOUT,5.0,TIMEOUT
er_001670.txt,20,59,7,0.365761,True
er_001671.txt,10,29,4,0.000577,True
er_001672.txt,19,69,7,0.383276,True
er_001673.txt,30,207,TIMEOUT,5.000002,TIMEOUT
er_001674.txt,16,29,2,0.000473,True
er_001675.txt,24,82,7,2.476007,True
er_001676.txt,29,149,TIMEOUT,5.000009,TIMEOUT
er_001677.txt,12,39,4,0.001445,True
er_001678.txt,15,44,5,0.013349,True
er_001679.txt,28,231,TIMEOUT,5.000009,TIMEOUT
er_001680.txt,30,147,TIMEOUT,5.000004,TIMEOUT
er_001681.txt,14,32,3,0.002165,True
er_001682.txt,17,87,8,0.334839,True
er_001683.txt,12,38,4,0.0025,True
er_001684.txt,30,125,TIMEOUT,5.00001,TIMEOUT
er_001685.txt,19,46,4,0.022968,True
er_001686.txt,19,38,3,0.00239,True
er_001687.txt,21,73,6,0.235307,True
er_001688.txt,29,77,6,3.273418,True
er_001689.txt,30,313,TIMEOUT,5.00001,TIMEOUT
er_001690.txt,13,50,6,0.012319,True
er_001691.txt,25,91,TIMEOUT,5.000002,TIMEOUT
er_001692.txt,27,275,TIMEOUT,5.000002,TIMEOUT
er_001693.txt,27,169,TIMEOUT,5.000012,TIMEOUT
er_001694.txt,22,184,TIMEOUT,5.000012,TIMEOUT
er_001695.txt,13,43,4,0.004784,True
er_001696.txt,15,31,3,0.001075,True
er_001697.txt,17,89,7,0.265579,True
er_001698.txt,17,67,6,0.064625,True
er_001699.txt,29,113,TIMEOUT,5.000003,TIMEOUT
er_001700.txt,28,191,TIMEOUT,5.000002,TIMEOUT
er_001701.txt,16,43,2,0.00045,True
er_001702.txt,10,32,3,0.000287,True
er_001703.txt,26,188,TIMEOUT,5.000001,TIMEOUT
er_001704.txt,22,76,7,1.030525,True
er_001705.txt,16,93,9,0.250628,True
er_001706.txt,26,185,TIMEOUT,5.000011,TIMEOUT
er_001707.txt,21,107,9,4.441023,True
er_001708.txt,22,146,TIMEOUT,5.000001,TIMEOUT
er_001709.txt,12,20,2,0.000152,True
er_001710.txt,25,153,TIMEOUT,5.000002,TIMEOUT
er_001711.txt,27,177,TIMEOUT,5.000002,TIMEOUT
er_001712.txt,11,23,2,9.6e-05,True
er_001713.txt,28,171,TIMEOUT,5.000013,TIMEOUT
er_001714.txt,10,27,4,0.000698,True
er_001715.txt,26,204,TIMEOUT,5.000004,TIMEOUT
er_001716.txt,18,92,7,0.373267,True
er_001717.txt,26,179,TIMEOUT,5.000014,TIMEOUT
er_001718.txt,26,117,TIMEOUT,5.000001,TIMEOUT
er_001719.txt,29,154,TIMEOUT,5.000002,TIMEOUT
er_001720.txt,28,248,TIMEOUT,5.000019,TIMEOUT
er_001721.txt,26,111,TIMEOUT,5.000008,TIMEOUT
er_001722.txt,29,322,TIMEOUT,5.000007,TIMEOUT
er_001723.txt,13,29,3,0.000981,True
er_001724.txt,22,94,9,4.846817,True
er_001725.txt,18,120,11,1.4886,True
er_001726.txt,23,190,TIMEOUT,5.000012,TIMEOUT
er_001727.txt,10,10,1,2.5e-05,True
er_001728.txt,28,146,TIMEOUT,5.000007,TIMEOUT
er_001729.txt,25,206,TIMEOUT,5.00001,TIMEOUT
er_001730.txt,19,36,3,0.001083,True
er_001731.txt,10,33,4,0.0007,True
er_001732.txt,18,71,6,0.117645,True
er_001733.txt,23,208,TIMEOUT,5.000013,TIMEOUT
er_001734.txt,24,164,TIMEOUT,5.000009,TIMEOUT
er_001735.txt,15,58,6,0.028058,True
er_001736.txt,13,30,4,0.002161,True
er_001737.txt,19,61,6,0.167523,True
er_001738.txt,10,34,4,0.000711,True
er_001739.txt,22,50,3,0.003621,True
er_001740.txt,17,61,6,0.106666,True
er_001741.txt,21,98,8,1.857181,True
er_001742.txt,27,91,TIMEOUT,5.000008,TIMEOUT
er_001743.txt,21,142,TIMEOUT,5.000001,TIMEOUT
er_001744.txt,30,301,TIMEOUT,5.000002,TIMEOUT
er_001745.txt,26,237,TIMEOUT,5.000015,TIMEOUT
er_001746.txt,21,62,5,0.067012,True
er_001747.txt,10,10,1,3.8e-05,True
er_001748.txt,12,35,4,0.002382,True
er_001749.txt,11,20,3,0.000272,True
er_001750.txt,23,67,5,0.131553,True
er_001751.txt,11,35,4,0.000916,True
er_001752.txt,27,211,TIMEOUT,5.000016,TIMEOUT
er_001753.txt,14,70,7,0.035982,True
er_001754.txt,20,102,8,1.280728,True
er_001755.txt,27,187,TIMEOUT,5.000012,TIMEOUT
er_001756.txt,30,97,TIMEOUT,5.000004,TIMEOUT
er_001757.txt,11,38,4,0.001777,True
er_001758.txt,22,181,TIMEOUT,5.000012,TIMEOUT
er_001759.txt,15,89,8,0.102311,True
er_001760.txt,29,257,TIMEOUT,5.000011,TIMEOUT
er_001761.txt,26,173,TIMEOUT,5.000008,TIMEOUT
er_001762.txt,14,59,5,0.008499,True
er_001763.txt,18,58,5,0.025769,True
er_001764.txt,22,75,7,0.805542,True
er_001765.txt,22,111,TIMEOUT,5.000007,TIMEOUT
er_001766.txt,29,188,TIMEOUT,5.000015,TIMEOUT
er_001767.txt,18,106,10,1.07965,True
er_001768.txt,30,218,TIMEOUT,5.000012,TIMEOUT
er_001769.txt,12,44,4,0.001521,True
er_001770.txt,20,65,5,0.069529,True
er_001771.txt,30,246,TIMEOUT,5.00001,TIMEOUT
er_001772.txt,17,87,7,0.2105,True
er_001773.txt,13,53,6,0.015772,True
er_001774.txt,15,50,5,0.011645,True
er_001775.txt,19,126,10,2.474829,True
er_001776.txt,16,80,7,0.104949,True
er_001777.txt,26,204,TIMEOUT,5.000013,TIMEOUT
er_001778.txt,30,214,TIMEOUT,5.000008,TIMEOUT
er_001779.txt,26,196,TIMEOUT,5.000015,TIMEOUT
er_001780.txt,10,34,4,0.000864,True
er_001781.txt,15,83,8,0.10538,True
er_001782.txt,14,52,5,0.015868,True
er_001783.txt,26,227,TIMEOUT,5.000013,TIMEOUT
er_001784.txt,25,169,TIMEOUT,5.000004,TIMEOUT
er_001785.txt,11,17,2,0.000107,True
er_001786.txt,29,277,TIMEOUT,5.000003,TIMEOUT
er_001787.txt,12,17,1,5.1e-05,True
er_001788.txt,10,14,1,5e-05,True
er_001789.txt,21,45,4,0.029708,True
er_001790.txt,17,105,9,0.539779,True
er_001791.txt,15,36,4,0.003879,True
er_001792.txt,19,66,5,0.038047,True
er_001793.txt,15,42,3,0.000812,True
er_001794.txt,21,122,9,4.31943,True
er_001795.txt,22,89,7,0.965694,True
er_001796.txt,25,209,TIMEOUT,5.000001,TIMEOUT
er_001797.txt,25,251,TIMEOUT,5.000029,TIMEOUT
er_001798.txt,23,69,6,0.639104,True
er_001799.txt,30,172,TIMEOUT,5.000013,TIMEOUT
er_001800.txt,25,137,TIMEOUT,5.000003,TIMEOUT
er_001801.txt,20,91,8,1.252641,True
er_001802.txt,21,64,7,0.541747,True
er_001803.txt,16,110,8,0.209502,True
er_001804.txt,29,151,TIMEOUT,5.000004,TIMEOUT
er_001805.txt,22,65,5,0.152165,True
er_001806.txt,12,61,6,0.010321,True
er_001807.txt,21,58,5,0.072898,True
er_001808.txt,23,117,TIMEOUT,5.000003,TIMEOUT
er_001809.txt,25,103,TIMEOUT,5.000011,TIMEOUT
er_001810.txt,12,40,4,0.002603,True
er_001811.txt,23,110,TIMEOUT,5.000002,TIMEOUT
er_001812.txt,13,36,5,0.004972,True
er_001813.txt,22,120,TIMEOUT,5.000001,TIMEOUT
er_001814.txt,22,111,TIMEOUT,5.000008,TIMEOUT
er_001815.txt,22,118,TIMEOUT,5.000003,TIMEOUT
er_001816.txt,11,31,4,0.001373,True
er_001817.txt,24,195,TIMEOUT,5.000011,TIMEOUT
er_001818.txt,14,37,4,0.003166,True
er_001819.txt,17,71,6,0.10502,True
er_001820.txt,21,170,TIMEOUT,5.000009,TIMEOUT
er_001821.txt,30,148,TIMEOUT,5.000007,TIMEOUT
er_001822.txt,22,89,8,3.700399,True
er_001823.txt,14,82,8,0.069441,True
er_001824.txt,17,65,6,0.096194,True
er_001825.txt,28,285,TIMEOUT,5.000011,TIMEOUT
er_001826.txt,29,214,TIMEOUT,5.000003,TIMEOUT
er_001827.txt,13,34,3,0.001366,True
er_001828.txt,21,106,9,3.728998,True
er_001829.txt,28,246,TIMEOUT,5.00001,TIMEOUT
er_001830.txt,26,223,TIMEOUT,5.000021,TIMEOUT
er_001831.txt,16,34,3,0.001546,True
er_001832.txt,17,94,7,0.301451,True
er_001833.txt,11,36,4,0.001107,True
er_001834.txt,25,107,TIMEOUT,5.000001,TIMEOUT
er_001835.txt,17,123,10,0.75813,True
er_001836.txt,25,64,4,0.082335,True
er_001837.txt,15,28,2,0.000182,True
er_001838.txt,22,60,5,0.203357,True
er_001839.txt,24,82,7,2.685487,True
er_001840.txt,15,61,6,0.042833,True
er_001841.txt,17,84,8,0.329606,True
er_001842.txt,21,166,TIMEOUT,5.000007,TIMEOUT
er_001843.txt,14,21,2,0.000104,True
er_001844.txt,19,33,3,0.00282,True
er_001845.txt,24,141,TIMEOUT,5.00001,TIMEOUT
er_001846.txt,18,45,5,0.028415,True
er_001847.txt,28,285,TIMEOUT,5.000003,TIMEOUT
er_001848.txt,26,125,TIMEOUT,5.000001,TIMEOUT
er_001849.txt,10,25,4,0.000801,True
er_001850.txt,23,126,TIMEOUT,5.000003,TIMEOUT
er_001851.txt,21,84,8,1.806002,True
er_001852.txt,20,114,9,2.862287,True
er_001853.txt,29,197,TIMEOUT,5.000002,TIMEOUT
er_001854.txt,27,268,TIMEOUT,5.000012,TIMEOUT
er_001855.txt,29,126,TIMEOUT,5.000007,TIMEOUT
er_001856.txt,12,14,3,0.000386,True
er_001857.txt,16,63,5,0.04249,True
er_001858.txt,28,84,6,1.319071,True
er_001859.txt,26,166,TIMEOUT,5.000007,TIMEOUT
er_001860.txt,10,25,3,0.000405,True
er_001861.txt,29,151,TIMEOUT,5.000009,TIMEOUT
er_001862.txt,27,291,TIMEOUT,5.000007,TIMEOUT
er_001863.txt,21,78,7,0.762381,True
er_001864.txt,28,79,7,4.966879,True
er_001865.txt,18,56,6,0.132615,True
er_001866.txt,13,55,6,0.014047,True
er_001867.txt,22,74,7,0.856526,True
er_001868.txt,25,189,TIMEOUT,5.000002,TIMEOUT
er_001869.txt,15,67,5,0.018709,True
er_001870.txt,24,100,7,3.204929,True
er_001871.txt,21,134,TIMEOUT,5.000007,TIMEOUT
er_001872.txt,20,134,10,4.741573,True
er_001873.txt,23,120,TIMEOUT,5.000002,TIMEOUT
er_001874.txt,27,107,TIMEOUT,5.000004,TIMEOUT
er_001875.txt,10,39,4,0.000783,True
er_001876.txt,17,108,9,0.535445,True
er_001877.txt,21,159,TIMEOUT,5.000009,TIMEOUT
er_001878.txt,17,78,7,0.15846,True
er_001879.txt,11,25,1,5.8e-05,True
er_001880.txt,24,112,TIMEOUT,5.000006,TIMEOUT
er_001881.txt,16,69,6,0.077903,True
er_001882.txt,30,302,TIMEOUT,5.000008,TIMEOUT
er_001883.txt,17,94,8,0.418653,True
er_001884.txt,16,91,8,0.185792,True
er_001885.txt,10,26,4,0.000641,True
er_001886.txt,13,62,6,0.017491,True
er_001887.txt,18,102,9,0.832713,True
er_001888.txt,19,62,5,0.083993,True
er_001889.txt,29,289,TIMEOUT,5.000001,TIMEOUT
er_001890.txt,18,122,9,1.344791,True
er_001891.txt,14,65,6,0.033061,True
er_001892.txt,28,162,TIMEOUT,5.000001,TIMEOUT
er_001893.txt,24,61,6,0.645918,True
er_001894.txt,11,36,4,0.002281,True
er_001895.txt,12,15,2,7.1e-05,True
er_001896.txt,14,26,3,0.000559,True
er_001897.txt,20,124,10,4.161012,True
er_001898.txt,26,191,TIMEOUT,5.00001,TIMEOUT
er_001899.txt,25,100,7,3.090947,True
er_001900.txt,25,154,TIMEOUT,5.000002,TIMEOUT
er_001901.txt,11,16,3,0.000284,True
er_001902.txt,21,86,8,2.229238,True
er_001903.txt,23,52,3,0.002768,True
er_001904.txt,22,62,5,0.103158,True
er_001905.txt,21,100,8,2.100291,True
er_001906.txt,17,67,7,0.162137,True
er_001907.txt,10,26,4,0.000776,True
er_001908.txt,21,155,TIMEOUT,5.000005,TIMEOUT
er_001909.txt,14,37,4,0.003343,True
er_001910.txt,23,173,TIMEOUT,5.000002,TIMEOUT
er_001911.txt,17,109,9,0.580768,True
er_001912.txt,26,84,7,3.009969,True
er_001913.txt,14,70,6,0.022758,True
er_001914.txt,15,66,7,0.078668,True
er_001915.txt,12,24,3,0.000997,True
er_001916.txt,18,75,8,0.442833,True
er_001917.txt,24,191,TIMEOUT,5.00001,TIMEOUT
er_001918.txt,15,32,4,0.003592,True
er_001919.txt,14,22,2,0.000159,True
er_001920.txt,22,161,TIMEOUT,5.000009,TIMEOUT
er_001921.txt,12,21,2,8.4e-05,True
er_001922.txt,16,65,6,0.068699,True
er_001923.txt,22,188,TIMEOUT,5.000005,TIMEOUT
er_001924.txt,12,39,4,0.00138,True
er_001925.txt,27,244,TIMEOUT,5.000007,TIMEOUT
er_001926.txt,11,12,2,6.5e-05,True
er_001927.txt,30,184,TIMEOUT,5.000013,TIMEOUT
er_001928.txt,26,214,TIMEOUT,5.000007,TIMEOUT
er_001929.txt,20,120,9,2.540982,True
er_001930.txt,24,100,7,2.317167,True
er_001931.txt,29,231,TIMEOUT,5.000012,TIMEOUT
er_001932.txt,25,178,TIMEOUT,5.000006,TIMEOUT
er_001933.txt,21,61,5,0.066373,True
er_001934.txt,10,18,2,0.000123,True
er_001935.txt,10,22,5,0.001474,True
er_001936.txt,20,99,9,2.460543,True
er_001937.txt,23,61,4,0.057515,True
er_001938.txt,21,149,TIMEOUT,5.0,TIMEOUT
er_001939.txt,22,110,TIMEOUT,5.000009,TIMEOUT
er_001940.txt,30,202,TIMEOUT,5.000008,TIMEOUT
er_001941.txt,10,24,3,0.000231,True
er_001942.txt,30,212,TIMEOUT,5.000013,TIMEOUT
er_001943.txt,12,33,3,0.001139,True
er_001944.txt,10,15,1,4.3e-05,True
er_001945.txt,24,182,TIMEOUT,5.000008,TIMEOUT
er_001946.txt,18,87,8,0.494734,True
er_001947.txt,20,129,10,4.67994,True
er_001948.txt,24,131,TIMEOUT,5.000004,TIMEOUT
er_001949.txt,29,318,TIMEOUT,5.000001,TIMEOUT
er_001950.txt,28,120,TIMEOUT,5.000008,TIMEOUT
er_001951.txt,30,186,TIMEOUT,5.000007,TIMEOUT
er_001952.txt,20,59,5,0.049164,True
er_001953.txt,30,314,TIMEOUT,5.000007,TIMEOUT
er_001954.txt,29,268,TIMEOUT,5.000008,TIMEOUT
er_001955.txt,18,70,6,0.107335,True
er_001956.txt,13,68,7,0.02442,True
er_001957.txt,30,162,TIMEOUT,5.000012,TIMEOUT
er_001958.txt,13,20,2,0.000249,True
er_001959.txt,16,88,7,0.150338,True
er_001960.txt,12,40,5,0.003614,True
er_001961.txt,17,50,4,0.010458,True
er_001962.txt,28,68,5,0.464949,True
er_001963.txt,23,100,TIMEOUT,5.000007,TIMEOUT
er_001964.txt,27,189,TIMEOUT,5.000008,TIMEOUT
er_001965.txt,21,44,2,0.001099,True
er_001966.txt,29,210,TIMEOUT,5.000005,TIMEOUT
er_001967.txt,24,203,TIMEOUT,5.000013,TIMEOUT
er_001968.txt,23,178,TIMEOUT,5.00001,TIMEOUT
er_001969.txt,21,114,9,3.764518,True
er_001970.txt,17,27,2,0.000589,True
er_001971.txt,13,42,5,0.005298,True
er_001972.txt,13,60,5,0.008136,True
er_001973.txt,14,33,4,0.002321,True
er_001974.txt,10,31,4,0.000651,True
er_001975.txt,22,113,TIMEOUT,5.000004,TIMEOUT
er_001976.txt,27,218,TIMEOUT,5.000014,TIMEOUT
er_001977.txt,15,21,1,3.9e-05,True
er_001978.txt,30,137,TIMEOUT,5.000002,TIMEOUT
er_001979.txt,19,71,7,0.281106,True
er_001980.txt,23,95,TIMEOUT,5.000006,TIMEOUT
er_001981.txt,20,85,7,0.688778,True
er_001982.txt,23,73,5,0.335551,True
er_001983.txt,20,109,9,2.377023,True
er_001984.txt,28,237,TIMEOUT,5.000009,TIMEOUT
er_001985.txt,10,25,3,0.000441,True
er_001986.txt,27,185,TIMEOUT,5.000006,TIMEOUT
er_001987.txt,10,34,4,0.000678,True
er_001988.txt,21,126,TIMEOUT,5.000007,TIMEOUT
er_001989.txt,15,77,7,0.069818,True
er_001990.txt,30,127,TIMEOUT,5.000001,TIMEOUT
er_001991.txt,15,36,4,0.004167,True
er_001992.txt,11,11,0,2.1e-05,True
er_001993.txt,30,130,TIMEOUT,5.000008,TIMEOUT
er_001994.txt,25,155,TIMEOUT,5.000004,TIMEOUT
er_001995.txt,21,166,TIMEOUT,5.000009,TIMEOUT
er_001996.txt,29,118,TIMEOUT,5.000001,TIMEOUT
er_001997.txt,20,101,7,0.673496,True
er_001998.txt,26,96,TIMEOUT,5.000005,TIMEOUT
er_001999.txt,27,60,5,0.296643,True
scale_free_000000.txt,16,19,1,3.7e-05,True
scale_free_000001.txt,34,46,1,6.7e-05,True
scale_free_000002.txt,26,37,1,5.2e-05,True
scale_free_000003.txt,19,23,1,4.7e-05,True
scale_free_000004.txt,20,30,1,3.6e-05,True
scale_free_000005.txt,31,40,1,4.6e-05,True
scale_free_000006.txt,20,25,2,0.000174,True
scale_free_000007.txt,16,21,1,3e-05,True
scale_free_000008.txt,26,32,1,3.9e-05,True
scale_free_000009.txt,28,36,1,4.3e-05,True
scale_free_000010.txt,30,37,1,6e-05,True
scale_free_000011.txt,26,29,1,0.000146,True
scale_free_000012.txt,22,27,1,0.000126,True
scale_free_000013.txt,30,37,1,5.7e-05,True
scale_free_000014.txt,16,21,1,3.3e-05,True
scale_free_000015.txt,26,37,1,4.2e-05,True
scale_free_000016.txt,27,29,1,4e-05,True
scale_free_000017.txt,34,51,1,0.000203,True
scale_free_000018.txt,30,41,1,4.7e-05,True
scale_free_000019.txt,35,47,1,5.3e-05,True
scale_free_000020.txt,29,41,2,0.000513,True
scale_free_000021.txt,35,51,1,9.8e-05,True
scale_free_000022.txt,28,38,1,5.6e-05,True
scale_free_000023.txt,20,26,1,3.6e-05,True
scale_free_000024.txt,15,18,1,3.5e-05,True
scale_free_000025.txt,25,35,1,4.4e-05,True
scale_free_000026.txt,26,37,1,5.2e-05,True
scale_free_000027.txt,31,46,2,0.000603,True
scale_free_000028.txt,31,43,1,4.9e-05,True
scale_free_000029.txt,30,45,2,0.000395,True
scale_free_000030.txt,35,47,1,6.6e-05,True
scale_free_000031.txt,20,28,1,3.8e-05,True
scale_free_000032.txt,33,41,1,0.000192,True
scale_free_000033.txt,17,20,1,8.6e-05,True
scale_free_000034.txt,35,41,1,4.4e-05,True
scale_free_000035.txt,31,48,2,0.000405,True
scale_free_000036.txt,26,40,2,0.000615,True
scale_free_000037.txt,21,29,1,0.000128,True
scale_free_000038.txt,26,33,2,0.000337,True
scale_free_000039.txt,34,47,1,0.000202,True
scale_free_000040.txt,15,19,1,3.1e-05,True
scale_free_000041.txt,22,31,1,3.8e-05,True
scale_free_000042.txt,30,45,1,5.7e-05,True
scale_free_000043.txt,35,43,1,5.3e-05,True
scale_free_000044.txt,19,25,2,0.000155,True
scale_free_000045.txt,35,53,2,0.000634,True
scale_free_000046.txt,32,42,1,4.6e-05,True
scale_free_000047.txt,35,50,1,5.1e-05,True
scale_free_000048.txt,17,20,1,3.9e-05,True
scale_free_000049.txt,22,29,1,3.6e-05,True
scale_free_000050.txt,23,31,2,0.000312,True
scale_free_000051.txt,35,57,1,7.7e-05,True
scale_free_000052.txt,17,25,1,3.9e-05,True
scale_free_000053.txt,22,32,1,3.9e-05,True
scale_free_000054.txt,35,44,1,6.4e-05,True
scale_free_000055.txt,15,19,1,3.1e-05,True
scale_free_000056.txt,29,39,2,0.000344,True
scale_free_000057.txt,16,21,2,0.000126,True
scale_free_000058.txt,30,38,1,6.4e-05,True
scale_free_000059.txt,18,22,1,3.2e-05,True
scale_free_000060.txt,30,53,1,0.000201,True
scale_free_000061.txt,33,50,2,0.000645,True
scale_free_000062.txt,15,20,1,3e-05,True
scale_free_000063.txt,19,23,1,0.000106,True
scale_free_000064.txt,29,39,2,0.000352,True
scale_free_000065.txt,33,44,1,4.8e-05,True
scale_free_000066.txt,16,23,2,0.000118,True
scale_free_000067.txt,17,21,1,3.7e-05,True
scale_free_000068.txt,35,54,1,0.000272,True
scale_free_000069.txt,25,29,1,6.2e-05,True
scale_free_000070.txt,22,32,2,0.000311,True
scale_free_000071.txt,32,49,1,6.1e-05,True
scale_free_000072.txt,21,26,1,6.7e-05,True
scale_free_000073.txt,16,20,1,3.9e-05,True
scale_free_000074.txt,17,24,1,3.1e-05,True
scale_free_000075.txt,20,28,1,3.4e-05,True
scale_free_000076.txt,34,48,2,0.000507,True
scale_free_000077.txt,20,25,1,3.9e-05,True
scale_free_000078.txt,33,48,2,0.000872,True
scale_free_000079.txt,26,34,2,0.000277,True
scale_free_000080.txt,24,28,1,4e-05,True
scale_free_000081.txt,19,24,1,0.000134,True
scale_free_000082.txt,35,47,2,0.000608,True
scale_free_000083.txt,24,34,1,4.9e-05,True
scale_free_000084.txt,33,50,2,0.00077,True
scale_free_000085.txt,33,48,1,5.2e-05,True
scale_free_000086.txt,35,52,1,5.2e-05,True
scale_free_000087.txt,15,20,1,6.9e-05,True
scale_free_000088.txt,34,49,1,0.000204,True
scale_free_000089.txt,33,44,1,8.6e-05,True
scale_free_000090.txt,22,33,1,4.4e-05,True
scale_free_000091.txt,15,20,1,9.1e-05,True
scale_free_000092.txt,15,18,1,3e-05,True
scale_free_000093.txt,15,20,1,6.7e-05,True
scale_free_000094.txt,35,46,2,0.00048,True
scale_free_000095.txt,26,42,1,6e-05,True
scale_free_000096.txt,22,26,1,3.7e-05,True
scale_free_000097.txt,31,47,1,7.2e-05,True
scale_free_000098.txt,22,34,1,5.6e-05,True
scale_free_000099.txt,34,48,2,0.000506,True
scale_free_000100.txt,22,27,1,4e-05,True
scale_free_000101.txt,28,42,1,6e-05,True
scale_free_000102.txt,30,39,1,7e-05,True
scale_free_000103.txt,33,41,1,4.7e-05,True
scale_free_000104.txt,31,39,1,0.000175,True
scale_free_000105.txt,34,51,2,0.004705,True
scale_free_000106.txt,29,42,2,0.000718,True
scale_free_000107.txt,23,33,2,0.000238,True
scale_free_000108.txt,33,52,1,7e-05,True
scale_free_000109.txt,29,35,2,0.00033,True
scale_free_000110.txt,22,34,1,0.000138,True
scale_free_000111.txt,32,46,1,4.7e-05,True
scale_free_000112.txt,22,30,1,0.000131,True
scale_free_000113.txt,18,24,1,0.000108,True
scale_free_000114.txt,33,45,1,4.7e-05,True
scale_free_000115.txt,29,42,2,0.000367,True
scale_free_000116.txt,24,30,1,0.000147,True
scale_free_000117.txt,28,36,2,0.000349,True
scale_free_000118.txt,29,35,1,0.00016,True
scale_free_000119.txt,26,33,1,4.4e-05,True
scale_free_000120.txt,32,50,1,5e-05,True
scale_free_000121.txt,23,32,1,3.8e-05,True
scale_free_000122.txt,24,30,1,5.4e-05,True
scale_free_000123.txt,27,34,1,5.3e-05,True
scale_free_000124.txt,29,42,1,5.7e-05,True
scale_free_000125.txt,29,38,1,4.3e-05,True
scale_free_000126.txt,23,29,1,3.8e-05,True
scale_free_000127.txt,30,37,1,0.00018,True
scale_free_000128.txt,16,21,1,4.8e-05,True
scale_free_000129.txt,17,21,1,3.2e-05,True
scale_free_000130.txt,23,29,1,3.7e-05,True
scale_free_000131.txt,24,28,1,0.00016,True
scale_free_000132.txt,24,34,1,4.3e-05,True
scale_free_000133.txt,21,32,2,0.000276,True
scale_free_000134.txt,34,53,2,0.000856,True
scale_free_000135.txt,19,24,1,3.8e-05,True
scale_free_000136.txt,19,24,1,3.5e-05,True
scale_free_000137.txt,34,45,2,0.000471,True
scale_free_000138.txt,20,29,2,0.00018,True
scale_free_000139.txt,33,44,2,0.000574,True
scale_free_000140.txt,15,21,1,3.1e-05,True
scale_free_000141.txt,21,30,1,3.7e-05,True
scale_free_000142.txt,34,39,1,5.1e-05,True
scale_free_000143.txt,26,36,1,5.4e-05,True
scale_free_000144.txt,15,16,1,2.9e-05,True
scale_free_000145.txt,29,38,2,0.000451,True
scale_free_000146.txt,28,42,2,0.000395,True
scale_free_000147.txt,35,44,1,6.2e-05,True
scale_free_000148.txt,23,35,1,0.000145,True
scale_free_000149.txt,31,42,1,5.7e-05,True
scale_free_000150.txt,29,39,1,4.5e-05,True
scale_free_000151.txt,16,19,1,6.4e-05,True
scale_free_000152.txt,35,52,3,0.008118,True
scale_free_000153.txt,26,31,1,3.9e-05,True
scale_free_000154.txt,25,33,1,4e-05,True
scale_free_000155.txt,22,26,1,5.4e-05,True
scale_free_000156.txt,28,40,1,4.5e-05,True
scale_free_000157.txt,23,28,1,3.6e-05,True
scale_free_000158.txt,34,41,1,7.3e-05,True
scale_free_000159.txt,24,31,1,4.1e-05,True
scale_free_000160.txt,23,35,2,0.000244,True
scale_free_000161.txt,34,47,1,6.2e-05,True
scale_free_000162.txt,32,43,1,5e-05,True
scale_free_000163.txt,27,36,1,0.000169,True
scale_free_000164.txt,17,23,1,3.1e-05,True
scale_free_000165.txt,18,21,1,3.1e-05,True
scale_free_000166.txt,34,45,2,0.000593,True
scale_free_000167.txt,21,28,1,4.2e-05,True
scale_free_000168.txt,30,43,1,4.6e-05,True
scale_free_000169.txt,27,42,1,5.7e-05,True
scale_free_000170.txt,35,51,2,0.000636,True
scale_free_000171.txt,24,31,1,5e-05,True
scale_free_000172.txt,29,37,1,0.000169,True
scale_free_000173.txt,25,33,1,4.9e-05,True
scale_free_000174.txt,15,18,1,7.2e-05,True
scale_free_000175.txt,24,29,2,0.0004,True
scale_free_000176.txt,22,34,1,0.000141,True
scale_free_000177.txt,31,37,1,0.00017,True
scale_free_000178.txt,26,35,2,0.000375,True
scale_free_000179.txt,27,38,2,0.000317,True
scale_free_000180.txt,26,33,2,0.000287,True
scale_free_000181.txt,17,19,1,2.9e-05,True
scale_free_000182.txt,26,36,1,0.000155,True
scale_free_000183.txt,18,23,2,0.000143,True
scale_free_000184.txt,19,24,1,0.00011,True
scale_free_000185.txt,35,49,1,0.000202,True
scale_free_000186.txt,22,28,2,0.000206,True
scale_free_000187.txt,32,54,1,5e-05,True
scale_free_000188.txt,19,19,1,6.9e-05,True
scale_free_000189.txt,15,22,1,7.6e-05,True
scale_free_000190.txt,16,22,1,3.4e-05,True
scale_free_000191.txt,17,22,1,3.4e-05,True
scale_free_000192.txt,28,37,2,0.000317,True
scale_free_000193.txt,30,40,1,4.4e-05,True
scale_free_000194.txt,35,48,1,0.000207,True
scale_free_000195.txt,32,39,1,5.3e-05,True
scale_free_000196.txt,15,17,1,2.9e-05,True
scale_free_000197.txt,24,32,1,0.000148,True
scale_free_000198.txt,23,31,1,4.3e-05,True
scale_free_000199.txt,15,18,1,3e-05,True
scale_free_000200.txt,33,43,1,4.5e-05,True
scale_free_000201.txt,20,32,2,0.000267,True
scale_free_000202.txt,33,46,2,0.000569,True
scale_free_000203.txt,23,38,1,4.2e-05,True
scale_free_000204.txt,21,31,2,0.000189,True
scale_free_000205.txt,26,30,1,4.2e-05,True
scale_free_000206.txt,28,35,1,0.000168,True
scale_free_000207.txt,15,21,1,8.3e-05,True
scale_free_000208.txt,25,35,1,4.4e-05,True
scale_free_000209.txt,26,32,1,3.8e-05,True
scale_free_000210.txt,21,30,1,0.00018,True
scale_free_000211.txt,28,41,1,0.000176,True
scale_free_000212.txt,26,36,2,0.00028,True
scale_free_000213.txt,32,40,1,0.000183,True
scale_free_000214.txt,16,22,1,7.8e-05,True
scale_free_000215.txt,19,23,1,4.5e-05,True
scale_free_000216.txt,32,49,2,0.000425,True
scale_free_000217.txt,32,46,2,0.000445,True
scale_free_000218.txt,18,26,1,3.5e-05,True
scale_free_000219.txt,31,43,1,4.9e-05,True
scale_free_000220.txt,15,21,2,0.000115,True
scale_free_000221.txt,25,35,1,4e-05,True
scale_free_000222.txt,28,35,1,0.000137,True
scale_free_000223.txt,32,46,1,4.9e-05,True
scale_free_000224.txt,18,26,1,3.4e-05,True
scale_free_000225.txt,33,49,1,5.9e-05,True
scale_free_000226.txt,33,52,2,0.000499,True
scale_free_000227.txt,31,52,2,0.001015,True
scale_free_000228.txt,17,24,1,3.9e-05,True
scale_free_000229.txt,25,37,1,5e-05,True
scale_free_000230.txt,28,36,2,0.000309,True
scale_free_000231.txt,21,29,1,4.6e-05,True
scale_free_000232.txt,26,36,1,5e-05,True
scale_free_000233.txt,24,32,1,3.9e-05,True
scale_free_000234.txt,26,42,1,0.000167,True
scale_free_000235.txt,25,33,1,5.3e-05,True
scale_free_000236.txt,27,41,1,4.2e-05,True
scale_free_000237.txt,15,20,2,0.000117,True
scale_free_000238.txt,30,38,1,4.8e-05,True
scale_free_000239.txt,33,45,1,6.4e-05,True
scale_free_000240.txt,25,32,1,0.000151,True
scale_free_000241.txt,27,46,1,0.000177,True
scale_free_000242.txt,33,49,2,0.000443,True
scale_free_000243.txt,33,43,1,6e-05,True
scale_free_000244.txt,33,41,1,9.3e-05,True
scale_free_000245.txt,33,39,1,0.00018,True
scale_free_000246.txt,29,42,1,5.7e-05,True
scale_free_000247.txt,18,23,1,4e-05,True
scale_free_000248.txt,15,21,2,0.000141,True
scale_free_000249.txt,20,24,1,4e-05,True
scale_free_000250.txt,34,44,1,0.000224,True
scale_free_000251.txt,29,35,1,4.3e-05,True
scale_free_000252.txt,30,38,1,5.5e-05,True
scale_free_000253.txt,33,49,1,6.1e-05,True
scale_free_000254.txt,28,33,2,0.000459,True
scale_free_000255.txt,35,54,2,0.002801,True
scale_free_000256.txt,20,37,2,0.000278,True
scale_free_000257.txt,15,19,1,3.2e-05,True
scale_free_000258.txt,29,38,1,6.8e-05,True
scale_free_000259.txt,29,38,2,0.000328,True
scale_free_000260.txt,17,23,2,0.000176,True
scale_free_000261.txt,16,20,1,3.2e-05,True
scale_free_000262.txt,29,41,2,0.000357,True
scale_free_000263.txt,22,25,1,5.8e-05,True
scale_free_000264.txt,31,49,2,0.00042,True
scale_free_000265.txt,25,30,1,5.1e-05,True
scale_free_000266.txt,25,33,1,6.1e-05,True
scale_free_000267.txt,16,23,1,9.6e-05,True
scale_free_000268.txt,32,47,2,0.000442,True
scale_free_000269.txt,32,40,1,4.7e-05,True
scale_free_000270.txt,15,22,1,3.6e-05,True
scale_free_000271.txt,27,31,1,0.000149,True
scale_free_000272.txt,16,19,1,3.1e-05,True
scale_free_000273.txt,27,33,1,5.9e-05,True
scale_free_000274.txt,25,34,1,4e-05,True
scale_free_000275.txt,31,40,1,5.4e-05,True
scale_free_000276.txt,30,47,1,6.4e-05,True
scale_free_000277.txt,27,39,2,0.000315,True
scale_free_000278.txt,28,34,1,0.000161,True
scale_free_000279.txt,17,26,2,0.000143,True
scale_free_000280.txt,22,31,1,3.8e-05,True
scale_free_000281.txt,21,30,1,3.9e-05,True
scale_free_000282.txt,25,36,1,0.000157,True
scale_free_000283.txt,35,57,2,0.001086,True
scale_free_000284.txt,26,36,1,4.1e-05,True
scale_free_000285.txt,29,40,1,0.000174,True
scale_free_000286.txt,28,35,1,5.2e-05,True
scale_free_000287.txt,31,46,1,4.4e-05,True
scale_free_000288.txt,19,21,2,0.000147,True
scale_free_000289.txt,32,45,1,0.000197,True
scale_free_000290.txt,35,56,2,0.000894,True
scale_free_000291.txt,17,18,1,3.7e-05,True
scale_free_000292.txt,27,37,1,4.2e-05,True
scale_free_000293.txt,32,49,1,6.6e-05,True
scale_free_000294.txt,27,37,1,5.2e-05,True
scale_free_000295.txt,26,38,2,0.000401,True
scale_free_000296.txt,21,30,1,4.7e-05,True
scale_free_000297.txt,15,21,1,3.1e-05,True
scale_free_000298.txt,15,24,2,0.000148,True
scale_free_000299.txt,15,19,1,3e-05,True
scale_free_000300.txt,32,50,2,0.000435,True
scale_free_000301.txt,23,29,1,3.9e-05,True
scale_free_000302.txt,31,40,1,5.4e-05,True
scale_free_000303.txt,26,32,1,4e-05,True
scale_free_000304.txt,26,37,1,4.1e-05,True
scale_free_000305.txt,16,23,1,8.1e-05,True
scale_free_000306.txt,15,25,2,0.000121,True
scale_free_000307.txt,16,20,1,3.6e-05,True
scale_free_000308.txt,16,20,2,0.000122,True
scale_free_000309.txt,19,29,1,5e-05,True
scale_free_000310.txt,17,21,1,3.6e-05,True
scale_free_000311.txt,21,27,1,3.8e-05,True
scale_free_000312.txt,20,28,1,3.5e-05,True
scale_free_000313.txt,15,24,1,7.2e-05,True
scale_free_000314.txt,31,40,1,4.7e-05,True
scale_free_000315.txt,30,38,1,0.000172,True
scale_free_000316.txt,34,49,1,6.9e-05,True
scale_free_000317.txt,22,34,1,4.8e-05,True
scale_free_000318.txt,17,20,1,3.1e-05,True
scale_free_000319.txt,20,29,1,3.8e-05,True
scale_free_000320.txt,35,49,2,0.000622,True
scale_free_000321.txt,18,22,1,3.8e-05,True
scale_free_000322.txt,31,45,1,4.6e-05,True
scale_free_000323.txt,35,56,2,0.000517,True
scale_free_000324.txt,16,20,1,3.2e-05,True
scale_free_000325.txt,23,33,1,5.1e-05,True
scale_free_000326.txt,28,41,2,0.000683,True
scale_free_000327.txt,28,49,1,5.8e-05,True
scale_free_000328.txt,17,18,1,3.3e-05,True
scale_free_000329.txt,35,54,2,0.000658,True
scale_free_000330.txt,20,25,1,4.1e-05,True
scale_free_000331.txt,18,23,1,4e-05,True
scale_free_000332.txt,16,17,1,3e-05,True
scale_free_000333.txt,27,46,2,0.000431,True
scale_free_000334.txt,28,33,1,5.3e-05,True
scale_free_000335.txt,20,26,1,4.3e-05,True
scale_free_000336.txt,27,35,1,5.2e-05,True
scale_free_000337.txt,23,31,2,0.000233,True
scale_free_000338.txt,29,37,1,4.4e-05,True
scale_free_000339.txt,21,28,2,0.000203,True
scale_free_000340.txt,35,49,1,0.000207,True
scale_free_000341.txt,29,38,1,4.5e-05,True
scale_free_000342.txt,25,33,2,0.000248,True
scale_free_000343.txt,18,22,1,4.4e-05,True
scale_free_000344.txt,35,50,2,0.000536,True
scale_free_000345.txt,26,37,1,4.3e-05,True
scale_free_000346.txt,25,33,1,5.8e-05,True
scale_free_000347.txt,27,35,1,4.3e-05,True
scale_free_000348.txt,32,41,2,0.00042,True
scale_free_000349.txt,24,27,1,4.4e-05,True
scale_free_000350.txt,18,25,1,0.0001,True
scale_free_000351.txt,19,27,1,4.1e-05,True
scale_free_000352.txt,30,40,1,0.000181,True
scale_free_000353.txt,24,37,2,0.000325,True
scale_free_000354.txt,24,30,1,5.1e-05,True
scale_free_000355.txt,25,31,1,4.9e-05,True
scale_free_000356.txt,20,26,1,3.4e-05,True
scale_free_000357.txt,35,47,1,0.000199,True
scale_free_000358.txt,16,20,1,3.7e-05,True
scale_free_000359.txt,34,53,2,0.001064,True
scale_free_000360.txt,25,41,2,0.000396,True
scale_free_000361.txt,19,25,1,3.3e-05,True
scale_free_000362.txt,24,33,2,0.000247,True
scale_free_000363.txt,19,28,2,0.000324,True
scale_free_000364.txt,20,28,1,3.5e-05,True
scale_free_000365.txt,26,33,1,4e-05,True
scale_free_000366.txt,25,34,1,4e-05,True
scale_free_000367.txt,22,32,1,3.9e-05,True
scale_free_000368.txt,24,30,1,4.9e-05,True
scale_free_000369.txt,24,34,1,4.1e-05,True
scale_free_000370.txt,16,21,2,0.000132,True
scale_free_000371.txt,23,32,1,4.8e-05,True
scale_free_000372.txt,34,45,1,4.8e-05,True
scale_free_000373.txt,30,39,2,0.000368,True
scale_free_000374.txt,24,29,1,4.6e-05,True
scale_free_000375.txt,30,38,2,0.000461,True
scale_free_000376.txt,35,54,2,0.000556,True
scale_free_000377.txt,22,25,1,4e-05,True
scale_free_000378.txt,30,41,1,0.000186,True
scale_free_000379.txt,29,46,1,6.1e-05,True
scale_free_000380.txt,33,50,2,0.001073,True
scale_free_000381.txt,20,29,1,4.4e-05,True
scale_free_000382.txt,16,22,1,3.4e-05,True
scale_free_000383.txt,20,31,2,0.000189,True
scale_free_000384.txt,22,26,1,0.000122,True
scale_free_000385.txt,25,35,1,5e-05,True
scale_free_000386.txt,32,50,1,4.7e-05,True
scale_free_000387.txt,22,32,1,4.1e-05,True
scale_free_000388.txt,23,32,1,0.000147,True
scale_free_000389.txt,34,47,1,6.2e-05,True
scale_free_000390.txt,17,24,1,3.8e-05,True
scale_free_000391.txt,22,37,2,0.000226,True
scale_free_000392.txt,29,34,1,5.5e-05,True
scale_free_000393.txt,29,37,1,5.2e-05,True
scale_free_000394.txt,33,46,1,4.5e-05,True
scale_free_000395.txt,26,38,1,0.000167,True
scale_free_000396.txt,30,49,2,0.000386,True
scale_free_000397.txt,22,28,1,4e-05,True
scale_free_000398.txt,29,40,1,4.5e-05,True
scale_free_000399.txt,30,44,1,0.000192,True
scale_free_000400.txt,27,37,1,4.4e-05,True
scale_free_000401.txt,23,27,1,4.9e-05,True
scale_free_000402.txt,20,28,2,0.000175,True
scale_free_000403.txt,18,27,1,4e-05,True
scale_free_000404.txt,22,31,1,3.8e-05,True
scale_free_000405.txt,17,25,2,0.000139,True
scale_free_000406.txt,27,29,1,3.9e-05,True
scale_free_000407.txt,17,23,1,3.7e-05,True
scale_free_000408.txt,32,45,1,0.000188,True
scale_free_000409.txt,18,24,1,9.7e-05,True
scale_free_000410.txt,26,36,1,0.000153,True
scale_free_000411.txt,35,45,2,0.000464,True
scale_free_000412.txt,33,42,1,6e-05,True
scale_free_000413.txt,18,28,1,4.2e-05,True
scale_free_000414.txt,29,36,1,4.3e-05,True
scale_free_000415.txt,25,34,1,5e-05,True
scale_free_000416.txt,16,22,1,3.6e-05,True
scale_free_000417.txt,29,36,1,5.4e-05,True
scale_free_000418.txt,31,44,2,0.000393,True
scale_free_000419.txt,24,29,2,0.000318,True
scale_free_000420.txt,24,29,1,0.000142,True
scale_free_000421.txt,20,27,1,5.3e-05,True
scale_free_000422.txt,26,33,2,0.000282,True
scale_free_000423.txt,15,16,1,2.9e-05,True
scale_free_000424.txt,30,46,1,0.000218,True
scale_free_000425.txt,22,27,1,0.000129,True
scale_free_000426.txt,34,51,1,6.4e-05,True
scale_free_000427.txt,29,37,2,0.000427,True
scale_free_000428.txt,18,23,2,0.000142,True
scale_free_000429.txt,24,33,1,5.1e-05,True
scale_free_000430.txt,34,50,1,6.3e-05,True
scale_free_000431.txt,30,41,1,7.9e-05,True
scale_free_000432.txt,29,40,1,5.8e-05,True
scale_free_000433.txt,24,33,1,3.9e-05,True
scale_free_000434.txt,26,33,1,5.3e-05,True
scale_free_000435.txt,21,27,1,3.4e-05,True
scale_free_000436.txt,26,36,2,0.000609,True
scale_free_000437.txt,20,25,1,3.5e-05,True
scale_free_000438.txt,18,21,1,3.2e-05,True
scale_free_000439.txt,15,17,1,3.5e-05,True
scale_free_000440.txt,32,50,2,0.000449,True
scale_free_000441.txt,34,53,2,0.000956,True
scale_free_000442.txt,32,49,2,0.000538,True
scale_free_000443.txt,33,42,1,5.7e-05,True
scale_free_000444.txt,27,33,1,5.3e-05,True
scale_free_000445.txt,16,19,1,3.6e-05,True
scale_free_000446.txt,34,53,2,0.000492,True
scale_free_000447.txt,22,34,1,5e-05,True
scale_free_000448.txt,20,28,1,4.2e-05,True
scale_free_000449.txt,22,44,2,0.000336,True
scale_free_000450.txt,15,16,1,2.9e-05,True
scale_free_000451.txt,15,20,1,3e-05,True
scale_free_000452.txt,28,32,1,4.5e-05,True
scale_free_000453.txt,20,28,1,3.7e-05,True
scale_free_000454.txt,35,49,2,0.000526,True
scale_free_000455.txt,25,32,1,5.1e-05,True
scale_free_000456.txt,19,22,1,3.3e-05,True
scale_free_000457.txt,27,41,2,0.000306,True
scale_free_000458.txt,22,41,3,0.002337,True
scale_free_000459.txt,31,42,1,5.3e-05,True
scale_free_000460.txt,34,43,2,0.000446,True
scale_free_000461.txt,16,19,2,0.000153,True
scale_free_000462.txt,33,42,1,6e-05,True
scale_free_000463.txt,28,36,1,5.4e-05,True
scale_free_000464.txt,26,37,1,5e-05,True
scale_free_000465.txt,29,47,2,0.000458,True
scale_free_000466.txt,26,33,1,0.000148,True
scale_free_000467.txt,17,21,1,8.2e-05,True
scale_free_000468.txt,19,22,1,3.8e-05,True
scale_free_000469.txt,28,46,2,0.000698,True
scale_free_000470.txt,22,27,1,3.7e-05,True
scale_free_000471.txt,23,34,1,3.9e-05,True
scale_free_000472.txt,23,30,2,0.000303,True
scale_free_000473.txt,26,34,2,0.00032,True
scale_free_000474.txt,29,38,2,0.000444,True
scale_free_000475.txt,17,20,1,3.7e-05,True
scale_free_000476.txt,18,25,2,0.000148,True
scale_free_000477.txt,16,20,1,4.1e-05,True
scale_free_000478.txt,16,24,1,5e-05,True
scale_free_000479.txt,35,51,1,0.000217,True
scale_free_000480.txt,25,36,2,0.000282,True
scale_free_000481.txt,15,16,1,7.9e-05,True
scale_free_000482.txt,15,18,1,2.9e-05,True
scale_free_000483.txt,31,44,1,4.5e-05,True
scale_free_000484.txt,22,27,1,4.3e-05,True
scale_free_000485.txt,16,20,1,3.4e-05,True
scale_free_000486.txt,28,43,2,0.000349,True
scale_free_000487.txt,32,46,2,0.004012,True
scale_free_000488.txt,25,31,1,5.2e-05,True
scale_free_000489.txt,31,38,1,5.5e-05,True
scale_free_000490.txt,23,34,2,0.000238,True
scale_free_000491.txt,21,29,1,3.9e-05,True
scale_free_000492.txt,31,46,1,4.8e-05,True
scale_free_000493.txt,26,35,2,0.000357,True
scale_free_000494.txt,30,39,1,5.6e-05,True
scale_free_000495.txt,33,48,1,4.8e-05,True
scale_free_000496.txt,35,41,1,0.000198,True
scale_free_000497.txt,27,41,1,5.4e-05,True
scale_free_000498.txt,29,44,1,6e-05,True
scale_free_000499.txt,29,36,2,0.000336,True
scale_free_000500.txt,31,44,1,5.7e-05,True
scale_free_000501.txt,24,35,2,0.000247,True
scale_free_000502.txt,35,56,2,0.001034,True
scale_free_000503.txt,19,25,1,0.000136,True
scale_free_000504.txt,30,37,1,4.5e-05,True
scale_free_000505.txt,31,43,2,0.000547,True
scale_free_000506.txt,19,24,1,3.4e-05,True
scale_free_000507.txt,26,40,1,4.1e-05,True
scale_free_000508.txt,22,33,3,0.001781,True
scale_free_000509.txt,22,24,1,4.6e-05,True
scale_free_000510.txt,30,43,1,4.8e-05,True
scale_free_000511.txt,27,37,1,4.2e-05,True
scale_free_000512.txt,35,44,1,4.7e-05,True
scale_free_000513.txt,26,36,2,0.000385,True
scale_free_000514.txt,23,33,2,0.000326,True
scale_free_000515.txt,22,30,1,5e-05,True
scale_free_000516.txt,28,45,2,0.000357,True
scale_free_000517.txt,25,34,2,0.000342,True
scale_free_000518.txt,21,28,1,0.000118,True
scale_free_000519.txt,29,42,1,0.000179,True
scale_free_000520.txt,17,26,2,0.000149,True
scale_free_000521.txt,26,44,2,0.000333,True
scale_free_000522.txt,29,37,2,0.00032,True
scale_free_000523.txt,28,39,2,0.000508,True
scale_free_000524.txt,33,49,2,0.000438,True
scale_free_000525.txt,31,43,1,5.5e-05,True
scale_free_000526.txt,32,39,2,0.000448,True
scale_free_000527.txt,25,33,1,5e-05,True
scale_free_000528.txt,25,33,1,4.4e-05,True
scale_free_000529.txt,17,25,1,3.4e-05,True
scale_free_000530.txt,31,34,1,4.4e-05,True
scale_free_000531.txt,21,27,2,0.000252,True
scale_free_000532.txt,16,22,1,8.4e-05,True
scale_free_000533.txt,27,40,2,0.000331,True
scale_free_000534.txt,17,23,1,3.3e-05,True
scale_free_000535.txt,22,28,1,4.6e-05,True
scale_free_000536.txt,34,49,1,0.000211,True
scale_free_000537.txt,30,46,1,6e-05,True
scale_free_000538.txt,30,41,2,0.000475,True
scale_free_000539.txt,21,28,1,4.8e-05,True
scale_free_000540.txt,16,22,2,0.000159,True
scale_free_000541.txt,20,31,2,0.000204,True
scale_free_000542.txt,18,21,1,3.2e-05,True
scale_free_000543.txt,22,28,1,0.000134,True
scale_free_000544.txt,19,24,1,4.2e-05,True
scale_free_000545.txt,19,23,1,3.5e-05,True
scale_free_000546.txt,16,25,2,0.000131,True
scale_free_000547.txt,25,38,1,4.1e-05,True
scale_free_000548.txt,31,39,1,5.6e-05,True
scale_free_000549.txt,23,32,1,0.000146,True
scale_free_000550.txt,32,52,2,0.00045,True
scale_free_000551.txt,33,44,1,5.4e-05,True
scale_free_000552.txt,28,34,1,4.6e-05,True
scale_free_000553.txt,17,25,1,4.1e-05,True
scale_free_000554.txt,30,39,1,4.5e-05,True
scale_free_000555.txt,18,24,2,0.000184,True
scale_free_000556.txt,27,33,1,4.4e-05,True
scale_free_000557.txt,18,27,1,0.000103,True
scale_free_000558.txt,16,19,1,7.9e-05,True
scale_free_000559.txt,16,17,1,2.9e-05,True
scale_free_000560.txt,29,49,2,0.000376,True
scale_free_000561.txt,30,42,1,5.8e-05,True
scale_free_000562.txt,21,25,1,3.4e-05,True
scale_free_000563.txt,26,32,2,0.000435,True
scale_free_000564.txt,34,55,1,6.6e-05,True
scale_free_000565.txt,31,43,1,5.8e-05,True
scale_free_000566.txt,16,20,1,4e-05,True
scale_free_000567.txt,32,42,1,5.9e-05,True
scale_free_000568.txt,27,35,2,0.000284,True
scale_free_000569.txt,34,49,2,0.000574,True
scale_free_000570.txt,18,28,1,0.000112,True
scale_free_000571.txt,21,28,1,3.9e-05,True
scale_free_000572.txt,27,37,1,0.000168,True
scale_free_000573.txt,34,45,1,6.1e-05,True
scale_free_000574.txt,18,25,1,4e-05,True
scale_free_000575.txt,16,23,1,3.4e-05,True
scale_free_000576.txt,33,52,2,0.000457,True
scale_free_000577.txt,27,38,1,4.6e-05,True
scale_free_000578.txt,32,54,1,6.2e-05,True
scale_free_000579.txt,26,37,2,0.000301,True
scale_free_000580.txt,31,44,2,0.000505,True
scale_free_000581.txt,23,33,2,0.000239,True
scale_free_000582.txt,19,24,1,3.6e-05,True
scale_free_000583.txt,29,37,1,0.000112,True
scale_free_000584.txt,17,25,1,9.2e-05,True
scale_free_000585.txt,20,31,2,0.000256,True
scale_free_000586.txt,33,40,1,0.00018,True
scale_free_000587.txt,17,25,2,0.00019,True
scale_free_000588.txt,32,43,2,0.000395,True
scale_free_000589.txt,33,48,2,0.000505,True
scale_free_000590.txt,18,22,1,4.8e-05,True
scale_free_000591.txt,18,24,1,9.1e-05,True
scale_free_000592.txt,18,25,1,3.5e-05,True
scale_free_000593.txt,24,29,1,5.1e-05,True
scale_free_000594.txt,17,25,1,9.2e-05,True
scale_free_000595.txt,27,34,1,4.1e-05,True
scale_free_000596.txt,25,33,1,4.8e-05,True
scale_free_000597.txt,27,39,1,5.5e-05,True
scale_free_000598.txt,26,33,2,0.000274,True
scale_free_000599.txt,18,24,1,4.1e-05,True
scale_free_000600.txt,17,20,2,0.000138,True
scale_free_000601.txt,31,40,1,9.4e-05,True
scale_free_000602.txt,35,41,1,6e-05,True
scale_free_000603.txt,20,24,1,3.7e-05,True
scale_free_000604.txt,15,25,1,3.5e-05,True
scale_free_000605.txt,34,49,1,4.9e-05,True
scale_free_000606.txt,34,43,1,0.000249,True
scale_free_000607.txt,31,43,2,0.000395,True
scale_free_000608.txt,28,40,1,4.5e-05,True
scale_free_000609.txt,20,25,1,3.6e-05,True
scale_free_000610.txt,22,28,1,3.9e-05,True
scale_free_000611.txt,35,52,1,6.1e-05,True
scale_free_000612.txt,33,46,2,0.000434,True
scale_free_000613.txt,33,41,1,6.9e-05,True
scale_free_000614.txt,24,31,1,5.3e-05,True
scale_free_000615.txt,35,47,1,5.5e-05,True
scale_free_000616.txt,27,36,1,6.8e-05,True
scale_free_000617.txt,33,56,1,5.2e-05,True
scale_free_000618.txt,25,30,1,3.9e-05,True
scale_free_000619.txt,30,36,1,4.9e-05,True
scale_free_000620.txt,34,51,1,5.4e-05,True
scale_free_000621.txt,16,21,2,0.000181,True
scale_free_000622.txt,34,43,1,4.9e-05,True
scale_free_000623.txt,20,30,1,4.6e-05,True
scale_free_000624.txt,25,33,1,4.2e-05,True
scale_free_000625.txt,29,40,1,0.000169,True
scale_free_000626.txt,19,24,1,3.4e-05,True
scale_free_000627.txt,24,34,2,0.000337,True
scale_free_000628.txt,16,21,1,3.9e-05,True
scale_free_000629.txt,15,19,1,3.3e-05,True
scale_free_000630.txt,27,37,2,0.000339,True
scale_free_000631.txt,33,47,2,0.000569,True
scale_free_000632.txt,29,44,1,4.5e-05,True
scale_free_000633.txt,15,22,1,3.2e-05,True
scale_free_000634.txt,27,38,2,0.000345,True
scale_free_000635.txt,34,51,2,0.000503,True
scale_free_000636.txt,26,32,1,4e-05,True
scale_free_000637.txt,34,46,1,4.6e-05,True
scale_free_000638.txt,16,19,1,3.6e-05,True
scale_free_000639.txt,31,45,2,0.000387,True
scale_free_000640.txt,31,41,1,4.6e-05,True
scale_free_000641.txt,16,20,1,3e-05,True
scale_free_000642.txt,27,36,1,5.1e-05,True
scale_free_000643.txt,34,52,1,6.2e-05,True
scale_free_000644.txt,35,56,1,0.000219,True
scale_free_000645.txt,35,49,2,0.000503,True
scale_free_000646.txt,29,41,1,0.000301,True
scale_free_000647.txt,29,37,2,0.000331,True
scale_free_000648.txt,16,20,1,3.3e-05,True
scale_free_000649.txt,19,32,2,0.000186,True
scale_free_000650.txt,24,34,2,0.000267,True
scale_free_000651.txt,28,33,1,5.5e-05,True
scale_free_000652.txt,16,21,1,8e-05,True
scale_free_000653.txt,25,32,1,5.1e-05,True
scale_free_000654.txt,30,47,1,5.9e-05,True
scale_free_000655.txt,20,25,1,4.1e-05,True
scale_free_000656.txt,29,39,1,5.4e-05,True
scale_free_000657.txt,34,49,2,0.000452,True
scale_free_000658.txt,17,20,1,6.6e-05,True
scale_free_000659.txt,21,24,1,0.000123,True
scale_free_000660.txt,15,17,1,4.5e-05,True
scale_free_000661.txt,28,42,2,0.000332,True
scale_free_000662.txt,24,33,1,0.000146,True
scale_free_000663.txt,19,24,1,4.2e-05,True
scale_free_000664.txt,17,19,1,3.8e-05,True
scale_free_000665.txt,25,33,1,4.9e-05,True
scale_free_000666.txt,32,47,1,4.8e-05,True
scale_free_000667.txt,18,31,1,3.5e-05,True
scale_free_000668.txt,28,41,1,0.00017,True
scale_free_000669.txt,25,33,1,0.000153,True
scale_free_000670.txt,18,22,1,3.4e-05,True
scale_free_000671.txt,21,26,1,3.5e-05,True
scale_free_000672.txt,15,18,1,3e-05,True
scale_free_000673.txt,31,53,1,5e-05,True
scale_free_000674.txt,32,43,2,0.000684,True
scale_free_000675.txt,35,44,1,5.1e-05,True
scale_free_000676.txt,31,44,2,0.000802,True
scale_free_000677.txt,29,39,2,0.000438,True
scale_free_000678.txt,18,21,1,3.2e-05,True
scale_free_000679.txt,16,22,1,3.1e-05,True
scale_free_000680.txt,19,28,1,6.1e-05,True
scale_free_000681.txt,21,24,1,4e-05,True
scale_free_000682.txt,22,28,1,4.4e-05,True
scale_free_000683.txt,27,40,1,4.2e-05,True
scale_free_000684.txt,34,41,1,4.5e-05,True
scale_free_000685.txt,21,27,1,3.7e-05,True
scale_free_000686.txt,28,39,2,0.000326,True
scale_free_000687.txt,31,37,1,4.5e-05,True
scale_free_000688.txt,23,25,1,4.7e-05,True
scale_free_000689.txt,19,27,1,4.4e-05,True
scale_free_000690.txt,23,33,1,4.5e-05,True
scale_free_000691.txt,35,50,1,0.000206,True
scale_free_000692.txt,18,23,1,4e-05,True
scale_free_000693.txt,23,31,2,0.000229,True
scale_free_000694.txt,17,26,1,3.6e-05,True
scale_free_000695.txt,33,44,1,4.9e-05,True
scale_free_000696.txt,18,30,2,0.000165,True
scale_free_000697.txt,26,32,1,4e-05,True
scale_free_000698.txt,30,44,2,0.000431,True
scale_free_000699.txt,21,29,1,4.9e-05,True
scale_free_000700.txt,33,47,2,0.000527,True
scale_free_000701.txt,24,35,1,4e-05,True
scale_free_000702.txt,30,48,3,0.005743,True
scale_free_000703.txt,18,25,1,3.5e-05,True
scale_free_000704.txt,31,48,2,0.000533,True
scale_free_000705.txt,30,46,1,5.9e-05,True
scale_free_000706.txt,24,32,1,6.2e-05,True
scale_free_000707.txt,29,44,2,0.000461,True
scale_free_000708.txt,22,27,1,4e-05,True
scale_free_000709.txt,35,46,1,5e-05,True
scale_free_000710.txt,15,24,1,3.4e-05,True
scale_free_000711.txt,35,48,2,0.000456,True
scale_free_000712.txt,28,41,2,0.000378,True
scale_free_000713.txt,32,52,2,0.000463,True
scale_free_000714.txt,27,40,1,4.2e-05,True
scale_free_000715.txt,21,28,1,4e-05,True
scale_free_000716.txt,32,39,1,0.00018,True
scale_free_000717.txt,20,24,1,0.00012,True
scale_free_000718.txt,17,25,1,3.6e-05,True
scale_free_000719.txt,27,35,1,5.6e-05,True
scale_free_000720.txt,25,39,2,0.000285,True
scale_free_000721.txt,34,43,1,5.2e-05,True
scale_free_000722.txt,25,35,1,5e-05,True
scale_free_000723.txt,24,30,1,4.1e-05,True
scale_free_000724.txt,30,43,2,0.000639,True
scale_free_000725.txt,32,44,2,0.004212,True
scale_free_000726.txt,25,36,1,4.5e-05,True
scale_free_000727.txt,16,25,1,3.1e-05,True
scale_free_000728.txt,23,34,1,4.8e-05,True
scale_free_000729.txt,17,28,1,4e-05,True
scale_free_000730.txt,15,20,1,3.7e-05,True
scale_free_000731.txt,29,38,1,4.7e-05,True
scale_free_000732.txt,18,23,1,4.3e-05,True
scale_free_000733.txt,33,50,1,4.8e-05,True
scale_free_000734.txt,33,43,2,0.000409,True
scale_free_000735.txt,23,31,1,4.8e-05,True
scale_free_000736.txt,33,40,1,4.7e-05,True
scale_free_000737.txt,17,18,1,4e-05,True
scale_free_000738.txt,15,19,1,7.4e-05,True
scale_free_000739.txt,19,24,1,3.3e-05,True
scale_free_000740.txt,25,31,1,5.6e-05,True
scale_free_000741.txt,34,44,2,0.000465,True
scale_free_000742.txt,34,45,2,0.000963,True
scale_free_000743.txt,23,42,2,0.00053,True
scale_free_000744.txt,35,45,2,0.000557,True
scale_free_000745.txt,30,39,1,4.7e-05,True
scale_free_000746.txt,24,33,2,0.000243,True
scale_free_000747.txt,17,22,1,8.7e-05,True
scale_free_000748.txt,18,23,1,3.4e-05,True
scale_free_000749.txt,29,40,2,0.000354,True
scale_free_000750.txt,34,46,2,0.000574,True
scale_free_000751.txt,23,30,1,4.2e-05,True
scale_free_000752.txt,22,26,1,3.9e-05,True
scale_free_000753.txt,16,22,1,6.1e-05,True
scale_free_000754.txt,18,21,1,3.4e-05,True
scale_free_000755.txt,34,48,2,0.000595,True
scale_free_000756.txt,16,17,1,3.4e-05,True
scale_free_000757.txt,25,36,2,0.000365,True
scale_free_000758.txt,32,48,1,5e-05,True
scale_free_000759.txt,29,43,1,5.9e-05,True
scale_free_000760.txt,16,18,1,3.3e-05,True
scale_free_000761.txt,30,37,2,0.000476,True
scale_free_000762.txt,22,32,1,3.7e-05,True
scale_free_000763.txt,25,36,1,4.9e-05,True
scale_free_000764.txt,27,39,2,0.00031,True
scale_free_000765.txt,31,40,1,4.5e-05,True
scale_free_000766.txt,16,19,1,3.4e-05,True
scale_free_000767.txt,30,52,1,9.1e-05,True
scale_free_000768.txt,19,26,1,0.000116,True
scale_free_000769.txt,24,37,1,5.2e-05,True
scale_free_000770.txt,34,39,1,5.7e-05,True
scale_free_000771.txt,17,21,1,3.1e-05,True
scale_free_000772.txt,20,30,1,4.8e-05,True
scale_free_000773.txt,35,48,1,5e-05,True
scale_free_000774.txt,34,42,2,0.000491,True
scale_free_000775.txt,20,32,1,3.6e-05,True
scale_free_000776.txt,23,31,1,4.6e-05,True
scale_free_000777.txt,16,20,1,3.1e-05,True
scale_free_000778.txt,15,23,1,3.1e-05,True
scale_free_000779.txt,27,31,1,4.4e-05,True
scale_free_000780.txt,34,48,1,5.3e-05,True
scale_free_000781.txt,35,51,1,0.000239,True
scale_free_000782.txt,23,27,2,0.000219,True
scale_free_000783.txt,31,41,1,0.000177,True
scale_free_000784.txt,30,42,2,0.000385,True
scale_free_000785.txt,21,23,2,0.000174,True
scale_free_000786.txt,31,41,1,4.9e-05,True
scale_free_000787.txt,20,26,1,3.9e-05,True
scale_free_000788.txt,19,23,1,4.4e-05,True
scale_free_000789.txt,30,50,3,0.005315,True
scale_free_000790.txt,24,29,1,4.3e-05,True
scale_free_000791.txt,29,39,1,0.000206,True
scale_free_000792.txt,24,32,1,3.9e-05,True
scale_free_000793.txt,34,46,1,4.7e-05,True
scale_free_000794.txt,20,32,1,4.5e-05,True
scale_free_000795.txt,34,44,1,5e-05,True
scale_free_000796.txt,15,23,2,0.000123,True
scale_free_000797.txt,19,26,1,3.3e-05,True
scale_free_000798.txt,22,27,1,4.7e-05,True
scale_free_000799.txt,34,50,2,0.000463,True
scale_free_000800.txt,30,48,2,0.000532,True
scale_free_000801.txt,20,24,1,3.8e-05,True
scale_free_000802.txt,26,36,2,0.000293,True
scale_free_000803.txt,29,44,2,0.000496,True
scale_free_000804.txt,25,36,1,6.9e-05,True
scale_free_000805.txt,34,45,2,0.000597,True
scale_free_000806.txt,22,34,2,0.000281,True
scale_free_000807.txt,27,38,1,4.3e-05,True
scale_free_000808.txt,34,46,2,0.000568,True
scale_free_000809.txt,15,23,1,4e-05,True
scale_free_000810.txt,15,19,1,7.1e-05,True
scale_free_000811.txt,17,25,1,4e-05,True
scale_free_000812.txt,26,34,1,5e-05,True
scale_free_000813.txt,33,48,1,6e-05,True
scale_free_000814.txt,17,23,1,3.1e-05,True
scale_free_000815.txt,33,50,1,6.1e-05,True
scale_free_000816.txt,23,27,1,3.9e-05,True
scale_free_000817.txt,19,29,2,0.000341,True
scale_free_000818.txt,29,38,1,9.1e-05,True
scale_free_000819.txt,23,28,1,4.1e-05,True
scale_free_000820.txt,35,48,2,0.000524,True
scale_free_000821.txt,22,29,1,0.000127,True
scale_free_000822.txt,33,44,1,0.000194,True
scale_free_000823.txt,19,25,1,4.1e-05,True
scale_free_000824.txt,28,38,2,0.000412,True
scale_free_000825.txt,27,34,1,5.2e-05,True
scale_free_000826.txt,35,46,2,0.000457,True
scale_free_000827.txt,17,21,1,3.5e-05,True
scale_free_000828.txt,24,28,1,4e-05,True
scale_free_000829.txt,26,37,1,0.000161,True
scale_free_000830.txt,24,32,1,5.1e-05,True
scale_free_000831.txt,30,40,2,0.000406,True
scale_free_000832.txt,21,29,2,0.00019,True
scale_free_000833.txt,18,23,1,3.4e-05,True
scale_free_000834.txt,24,33,2,0.00026,True
scale_free_000835.txt,30,42,1,6.1e-05,True
scale_free_000836.txt,34,52,2,0.000529,True
scale_free_000837.txt,28,38,2,0.000321,True
scale_free_000838.txt,20,26,1,3.3e-05,True
scale_free_000839.txt,18,21,1,3.8e-05,True
scale_free_000840.txt,26,36,1,4.1e-05,True
scale_free_000841.txt,32,45,2,0.000409,True
scale_free_000842.txt,26,32,1,4.4e-05,True
scale_free_000843.txt,18,20,1,3.3e-05,True
scale_free_000844.txt,28,44,2,0.000344,True
scale_free_000845.txt,34,48,2,0.000593,True
scale_free_000846.txt,34,48,2,0.000753,True
scale_free_000847.txt,32,39,1,4.4e-05,True
scale_free_000848.txt,33,47,2,0.000892,True
scale_free_000849.txt,27,31,1,4.3e-05,True
scale_free_000850.txt,24,31,1,4.2e-05,True
scale_free_000851.txt,32,50,2,0.000416,True
scale_free_000852.txt,31,45,1,4.6e-05,True
scale_free_000853.txt,29,38,2,0.000353,True
scale_free_000854.txt,23,29,1,4e-05,True
scale_free_000855.txt,15,22,1,3.9e-05,True
scale_free_000856.txt,28,39,2,0.000359,True
scale_free_000857.txt,25,28,1,4.6e-05,True
scale_free_000858.txt,23,33,1,4.8e-05,True
scale_free_000859.txt,34,49,2,0.000505,True
scale_free_000860.txt,15,21,1,3e-05,True
scale_free_000861.txt,29,43,1,4.7e-05,True
scale_free_000862.txt,16,22,1,3.4e-05,True
scale_free_000863.txt,27,37,2,0.000373,True
scale_free_000864.txt,29,39,1,5.8e-05,True
scale_free_000865.txt,27,35,1,4.3e-05,True
scale_free_000866.txt,34,41,1,4.4e-05,True
scale_free_000867.txt,28,42,2,0.000378,True
scale_free_000868.txt,28,43,1,4.3e-05,True
scale_free_000869.txt,31,39,1,0.000178,True
scale_free_000870.txt,22,29,1,4.7e-05,True
scale_free_000871.txt,17,23,1,9.1e-05,True
scale_free_000872.txt,21,32,1,4.1e-05,True
scale_free_000873.txt,23,27,1,4.7e-05,True
scale_free_000874.txt,15,17,1,3.8e-05,True
scale_free_000875.txt,15,19,1,3.7e-05,True
scale_free_000876.txt,31,45,1,5.7e-05,True
scale_free_000877.txt,15,21,1,6.9e-05,True
scale_free_000878.txt,22,30,1,4.8e-05,True
scale_free_000879.txt,34,43,1,5e-05,True
scale_free_000880.txt,24,29,1,4.1e-05,True
scale_free_000881.txt,33,50,2,0.000602,True
scale_free_000882.txt,25,29,1,6.1e-05,True
scale_free_000883.txt,35,44,1,5.1e-05,True
scale_free_000884.txt,16,20,1,4e-05,True
scale_free_000885.txt,35,48,1,6e-05,True
scale_free_000886.txt,23,36,2,0.000352,True
scale_free_000887.txt,17,25,1,9.4e-05,True
scale_free_000888.txt,22,28,1,4.4e-05,True
scale_free_000889.txt,16,22,1,3.3e-05,True
scale_free_000890.txt,27,39,2,0.000346,True
scale_free_000891.txt,25,45,1,6e-05,True
scale_free_000892.txt,27,41,2,0.000343,True
scale_free_000893.txt,22,32,1,4.7e-05,True
scale_free_000894.txt,34,49,2,0.000591,True
scale_free_000895.txt,28,35,1,5.3e-05,True
scale_free_000896.txt,21,26,1,4.2e-05,True
scale_free_000897.txt,21,25,1,4.4e-05,True
scale_free_000898.txt,33,42,2,0.00043,True
scale_free_000899.txt,22,30,1,4.8e-05,True
scale_free_000900.txt,31,38,2,0.000407,True
scale_free_000901.txt,35,51,1,4.9e-05,True
scale_free_000902.txt,21,27,1,4.4e-05,True
scale_free_000903.txt,23,30,1,3.7e-05,True
scale_free_000904.txt,19,25,1,3.3e-05,True
scale_free_000905.txt,28,35,1,0.000158,True
scale_free_000906.txt,33,50,2,0.000458,True
scale_free_000907.txt,33,44,2,0.000466,True
scale_free_000908.txt,16,21,2,0.000121,True
scale_free_000909.txt,29,41,1,7e-05,True
scale_free_000910.txt,26,40,1,0.000171,True
scale_free_000911.txt,19,25,1,0.000104,True
scale_free_000912.txt,19,30,1,0.000121,True
scale_free_000913.txt,25,36,2,0.000401,True
scale_free_000914.txt,27,43,1,0.000172,True
scale_free_000915.txt,18,24,1,4.1e-05,True
scale_free_000916.txt,23,29,1,4.3e-05,True
scale_free_000917.txt,26,37,2,0.000408,True
scale_free_000918.txt,24,29,1,3.9e-05,True
scale_free_000919.txt,32,49,1,6.1e-05,True
scale_free_000920.txt,24,28,1,4.9e-05,True
scale_free_000921.txt,27,45,1,4.4e-05,True
scale_free_000922.txt,25,29,1,4e-05,True
scale_free_000923.txt,28,38,1,4.6e-05,True
scale_free_000924.txt,16,25,2,0.00025,True
scale_free_000925.txt,21,29,1,0.000127,True
scale_free_000926.txt,24,30,1,0.000147,True
scale_free_000927.txt,29,43,2,0.000369,True
scale_free_000928.txt,19,23,1,4.4e-05,True
scale_free_000929.txt,16,24,1,3.4e-05,True
scale_free_000930.txt,25,33,2,0.000259,True
scale_free_000931.txt,17,21,1,3.2e-05,True
scale_free_000932.txt,25,41,3,0.004756,True
scale_free_000933.txt,31,45,1,5.6e-05,True
scale_free_000934.txt,32,42,2,0.00042,True
scale_free_000935.txt,27,36,2,0.000379,True
scale_free_000936.txt,24,33,1,6.5e-05,True
scale_free_000937.txt,15,22,1,3.5e-05,True
scale_free_000938.txt,35,44,2,0.000604,True
scale_free_000939.txt,27,36,1,5.3e-05,True
scale_free_000940.txt,32,49,2,0.000908,True
scale_free_000941.txt,17,22,1,3.7e-05,True
scale_free_000942.txt,35,50,1,6e-05,True
scale_free_000943.txt,18,26,1,4.1e-05,True
scale_free_000944.txt,27,45,2,0.000337,True
scale_free_000945.txt,16,18,1,0.000102,True
scale_free_000946.txt,27,35,1,4.4e-05,True
scale_free_000947.txt,33,44,2,0.000445,True
scale_free_000948.txt,31,49,1,6.3e-05,True
scale_free_000949.txt,32,56,1,7.2e-05,True
scale_free_000950.txt,30,44,2,0.000417,True
scale_free_000951.txt,23,31,1,3.9e-05,True
scale_free_000952.txt,33,49,2,0.00095,True
scale_free_000953.txt,17,23,1,4.3e-05,True
scale_free_000954.txt,26,36,2,0.000276,True
scale_free_000955.txt,24,31,1,5.8e-05,True
scale_free_000956.txt,28,49,2,0.000478,True
scale_free_000957.txt,26,32,1,4.4e-05,True
scale_free_000958.txt,23,32,1,5.1e-05,True
scale_free_000959.txt,28,40,2,0.000331,True
scale_free_000960.txt,32,44,1,4.6e-05,True
scale_free_000961.txt,31,43,1,5.6e-05,True
scale_free_000962.txt,30,44,1,0.000234,True
scale_free_000963.txt,17,23,2,0.000174,True
scale_free_000964.txt,19,27,1,4.3e-05,True
scale_free_000965.txt,19,27,2,0.000211,True
scale_free_000966.txt,26,32,1,0.000152,True
scale_free_000967.txt,24,34,2,0.000358,True
scale_free_000968.txt,21,34,1,3.8e-05,True
scale_free_000969.txt,28,42,2,0.000445,True
scale_free_000970.txt,17,21,1,3.8e-05,True
scale_free_000971.txt,25,30,1,3.9e-05,True
scale_free_000972.txt,30,39,1,4.3e-05,True
scale_free_000973.txt,27,41,1,0.000178,True
scale_free_000974.txt,30,37,1,5.5e-05,True
scale_free_000975.txt,19,22,1,3.6e-05,True
scale_free_000976.txt,27,39,1,5.4e-05,True
scale_free_000977.txt,33,43,2,0.000482,True
scale_free_000978.txt,21,24,1,4.4e-05,True
scale_free_000979.txt,33,48,1,5e-05,True
scale_free_000980.txt,19,32,1,3.6e-05,True
scale_free_000981.txt,27,34,1,4.1e-05,True
scale_free_000982.txt,27,38,2,0.000412,True
scale_free_000983.txt,30,51,2,0.000717,True
scale_free_000984.txt,24,32,1,4.2e-05,True
scale_free_000985.txt,15,18,1,3.8e-05,True
scale_free_000986.txt,33,46,1,0.000218,True
scale_free_000987.txt,29,36,1,5.6e-05,True
scale_free_000988.txt,22,27,1,3.9e-05,True
scale_free_000989.txt,16,20,1,3.7e-05,True
scale_free_000990.txt,21,29,2,0.000202,True
scale_free_000991.txt,33,44,2,0.00046,True
scale_free_000992.txt,28,38,1,4.2e-05,True
scale_free_000993.txt,28,38,2,0.000314,True
scale_free_000994.txt,17,19,1,3.8e-05,True
scale_free_000995.txt,26,34,1,0.000161,True
scale_free_000996.txt,21,30,1,4.7e-05,True
scale_free_000997.txt,20,24,1,3.5e-05,True
scale_free_000998.txt,33,49,1,6.2e-05,True
scale_free_000999.txt,35,56,1,5e-05,True
scale_free_001000.txt,28,39,1,0.000169,True
scale_free_001001.txt,22,32,1,0.00014,True
scale_free_001002.txt,20,23,1,4.3e-05,True
scale_free_001003.txt,18,24,1,3.5e-05,True
scale_free_001004.txt,16,22,1,8e-05,True
scale_free_001005.txt,24,31,1,6.3e-05,True
scale_free_001006.txt,31,47,2,0.000548,True
scale_free_001007.txt,26,41,1,4.4e-05,True
scale_free_001008.txt,29,37,1,4.1e-05,True
scale_free_001009.txt,25,35,1,5.1e-05,True
scale_free_001010.txt,18,22,2,0.000143,True
scale_free_001011.txt,21,30,2,0.000286,True
scale_free_001012.txt,31,37,1,0.000175,True
scale_free_001013.txt,35,43,1,6.5e-05,True
scale_free_001014.txt,22,27,1,4.9e-05,True
scale_free_001015.txt,30,47,1,5.3e-05,True
scale_free_001016.txt,28,33,2,0.000294,True
scale_free_001017.txt,26,33,1,3.9e-05,True
scale_free_001018.txt,15,19,1,3.6e-05,True
scale_free_001019.txt,15,17,1,2.9e-05,True
scale_free_001020.txt,28,43,1,5.6e-05,True
scale_free_001021.txt,33,46,1,6.3e-05,True
scale_free_001022.txt,17,18,1,3.3e-05,True
scale_free_001023.txt,18,24,1,3.5e-05,True
scale_free_001024.txt,16,19,1,7.7e-05,True
scale_free_001025.txt,27,40,1,5.5e-05,True
scale_free_001026.txt,16,26,1,3.3e-05,True
scale_free_001027.txt,26,32,1,4e-05,True
scale_free_001028.txt,18,28,1,0.000109,True
scale_free_001029.txt,26,40,1,5.7e-05,True
scale_free_001030.txt,30,44,3,0.005939,True
scale_free_001031.txt,29,42,2,0.000354,True
scale_free_001032.txt,21,27,1,4.5e-05,True
scale_free_001033.txt,19,27,1,4.4e-05,True
scale_free_001034.txt,16,21,1,9.4e-05,True
scale_free_001035.txt,25,37,1,3.9e-05,True
scale_free_001036.txt,23,35,1,3.8e-05,True
scale_free_001037.txt,34,47,2,0.000587,True
scale_free_001038.txt,35,54,1,6e-05,True
scale_free_001039.txt,25,34,2,0.000256,True
scale_free_001040.txt,33,43,1,5.9e-05,True
scale_free_001041.txt,15,18,1,3.2e-05,True
scale_free_001042.txt,19,26,1,4.4e-05,True
scale_free_001043.txt,28,50,4,0.038418,True
scale_free_001044.txt,20,32,1,4.3e-05,True
scale_free_001045.txt,27,36,1,5.7e-05,True
scale_free_001046.txt,17,20,1,3.1e-05,True
scale_free_001047.txt,30,43,2,0.000409,True
scale_free_001048.txt,22,26,1,4.3e-05,True
scale_free_001049.txt,24,35,1,6.5e-05,True
scale_free_001050.txt,15,18,1,3.3e-05,True
scale_free_001051.txt,30,42,1,4.8e-05,True
scale_free_001052.txt,16,20,2,0.000121,True
scale_free_001053.txt,16,22,1,3.4e-05,True
scale_free_001054.txt,29,38,1,5.3e-05,True
scale_free_001055.txt,32,42,1,4.5e-05,True
scale_free_001056.txt,34,45,1,4.6e-05,True
scale_free_001057.txt,15,19,1,3.6e-05,True
scale_free_001058.txt,26,35,1,4e-05,True
scale_free_001059.txt,30,44,2,0.000491,True
scale_free_001060.txt,29,46,2,0.000779,True
scale_free_001061.txt,21,29,1,4e-05,True
scale_free_001062.txt,20,28,1,0.000132,True
scale_free_001063.txt,32,47,1,6.5e-05,True
scale_free_001064.txt,24,39,1,5.1e-05,True
scale_free_001065.txt,28,41,2,0.000445,True
scale_free_001066.txt,20,24,1,4e-05,True
scale_free_001067.txt,31,45,1,6e-05,True
scale_free_001068.txt,34,45,1,0.000194,True
scale_free_001069.txt,15,19,1,3.6e-05,True
scale_free_001070.txt,35,44,1,6.8e-05,True
scale_free_001071.txt,23,33,2,0.000253,True
scale_free_001072.txt,34,44,2,0.000455,True
scale_free_001073.txt,33,50,2,0.000991,True
scale_free_001074.txt,28,40,2,0.000424,True
scale_free_001075.txt,29,34,1,4.1e-05,True
scale_free_001076.txt,16,20,1,3.8e-05,True
scale_free_001077.txt,19,28,2,0.000169,True
scale_free_001078.txt,29,44,2,0.00036,True
scale_free_001079.txt,33,47,1,5e-05,True
scale_free_001080.txt,20,27,1,3.5e-05,True
scale_free_001081.txt,24,33,1,4.4e-05,True
scale_free_001082.txt,17,25,1,4.3e-05,True
scale_free_001083.txt,30,42,2,0.000386,True
scale_free_001084.txt,24,29,1,0.000172,True
scale_free_001085.txt,35,55,1,6.8e-05,True
scale_free_001086.txt,26,38,2,0.000294,True
scale_free_001087.txt,30,46,1,4.8e-05,True
scale_free_001088.txt,24,33,2,0.000277,True
scale_free_001089.txt,32,44,1,0.000189,True
scale_free_001090.txt,35,46,1,6.2e-05,True
scale_free_001091.txt,17,22,2,0.000127,True
scale_free_001092.txt,20,27,1,3.6e-05,True
scale_free_001093.txt,34,48,1,6.6e-05,True
scale_free_001094.txt,33,48,1,0.0002,True
scale_free_001095.txt,31,36,1,6e-05,True
scale_free_001096.txt,34,43,1,5.1e-05,True
scale_free_001097.txt,27,36,2,0.000508,True
scale_free_001098.txt,24,38,1,4.1e-05,True
scale_free_001099.txt,22,26,1,3.6e-05,True
scale_free_001100.txt,35,51,2,0.000623,True
scale_free_001101.txt,23,31,1,0.000144,True
scale_free_001102.txt,26,37,1,4.1e-05,True
scale_free_001103.txt,23,32,1,3.9e-05,True
scale_free_001104.txt,21,30,1,4.6e-05,True
scale_free_001105.txt,17,22,1,3.2e-05,True
scale_free_001106.txt,15,22,1,3.9e-05,True
scale_free_001107.txt,19,29,2,0.00017,True
scale_free_001108.txt,22,32,1,5.2e-05,True
scale_free_001109.txt,20,27,1,4.4e-05,True
scale_free_001110.txt,30,43,2,0.000578,True
scale_free_001111.txt,35,48,3,0.008482,True
scale_free_001112.txt,19,27,2,0.000251,True
scale_free_001113.txt,22,26,1,3.9e-05,True
scale_free_001114.txt,29,40,1,4.5e-05,True
scale_free_001115.txt,30,42,2,0.000638,True
scale_free_001116.txt,15,18,1,2.9e-05,True
scale_free_001117.txt,22,30,1,0.000128,True
scale_free_001118.txt,17,20,1,3.3e-05,True
scale_free_001119.txt,19,23,1,3.9e-05,True
scale_free_001120.txt,31,40,1,4.8e-05,True
scale_free_001121.txt,33,49,2,0.00045,True
scale_free_001122.txt,19,24,1,3.8e-05,True
scale_free_001123.txt,31,48,1,0.000184,True
scale_free_001124.txt,29,46,2,0.000402,True
scale_free_001125.txt,25,34,1,3.8e-05,True
scale_free_001126.txt,16,21,1,3.6e-05,True
scale_free_001127.txt,32,41,2,0.000518,True
scale_free_001128.txt,22,25,1,0.000119,True
scale_free_001129.txt,22,28,1,4.1e-05,True
scale_free_001130.txt,33,54,2,0.001096,True
scale_free_001131.txt,32,49,2,0.00059,True
scale_free_001132.txt,15,17,1,3.2e-05,True
scale_free_001133.txt,17,25,2,0.000289,True
scale_free_001134.txt,22,27,1,3.9e-05,True
scale_free_001135.txt,16,25,1,3.3e-05,True
scale_free_001136.txt,28,36,1,0.000175,True
scale_free_001137.txt,31,40,2,0.000382,True
scale_free_001138.txt,20,26,1,4.4e-05,True
scale_free_001139.txt,23,27,1,3.7e-05,True
scale_free_001140.txt,16,17,1,3e-05,True
scale_free_001141.txt,32,45,1,6.8e-05,True
scale_free_001142.txt,28,38,1,7e-05,True
scale_free_001143.txt,31,42,1,0.000181,True
scale_free_001144.txt,28,42,1,0.000176,True
scale_free_001145.txt,17,20,1,3.9e-05,True
scale_free_001146.txt,30,42,1,6.1e-05,True
scale_free_001147.txt,19,27,1,4.4e-05,True
scale_free_001148.txt,21,31,1,4e-05,True
scale_free_001149.txt,19,25,1,3.5e-05,True
scale_free_001150.txt,25,33,1,4.1e-05,True
scale_free_001151.txt,21,32,1,4.6e-05,True
scale_free_001152.txt,20,24,1,4.2e-05,True
scale_free_001153.txt,16,24,1,3.4e-05,True
scale_free_001154.txt,34,52,1,6.4e-05,True
scale_free_001155.txt,35,49,1,0.000205,True
scale_free_001156.txt,21,28,1,4.7e-05,True
scale_free_001157.txt,23,29,1,4.1e-05,True
scale_free_001158.txt,29,37,1,4.5e-05,True
scale_free_001159.txt,24,31,1,0.00014,True
scale_free_001160.txt,35,55,3,0.01171,True
scale_free_001161.txt,33,43,1,0.000194,True
scale_free_001162.txt,17,22,2,0.000128,True
scale_free_001163.txt,35,42,1,4.9e-05,True
scale_free_001164.txt,28,41,1,0.000178,True
scale_free_001165.txt,34,44,2,0.000592,True
scale_free_001166.txt,21,21,1,3.4e-05,True
scale_free_001167.txt,28,37,2,0.000318,True
scale_free_001168.txt,24,28,1,3.8e-05,True
scale_free_001169.txt,20,33,1,3.7e-05,True
scale_free_001170.txt,18,21,1,3.3e-05,True
scale_free_001171.txt,22,30,1,4.9e-05,True
scale_free_001172.txt,21,33,1,5e-05,True
scale_free_001173.txt,32,51,2,0.000435,True
scale_free_001174.txt,33,46,2,0.000467,True
scale_free_001175.txt,31,43,2,0.000406,True
scale_free_001176.txt,18,25,1,3.6e-05,True
scale_free_001177.txt,32,46,2,0.000571,True
scale_free_001178.txt,27,33,1,5.3e-05,True
scale_free_001179.txt,24,32,1,3.9e-05,True
scale_free_001180.txt,26,34,1,4e-05,True
scale_free_001181.txt,25,32,1,4e-05,True
scale_free_001182.txt,24,29,1,3.8e-05,True
scale_free_001183.txt,21,32,1,5e-05,True
scale_free_001184.txt,21,28,1,3.6e-05,True
scale_free_001185.txt,21,29,1,3.8e-05,True
scale_free_001186.txt,16,19,1,3.3e-05,True
scale_free_001187.txt,31,41,1,5.8e-05,True
scale_free_001188.txt,34,44,1,5.2e-05,True
scale_free_001189.txt,28,37,1,5.5e-05,True
scale_free_001190.txt,16,19,1,7.6e-05,True
scale_free_001191.txt,30,44,1,5.8e-05,True
scale_free_001192.txt,28,38,1,5.3e-05,True
scale_free_001193.txt,15,17,1,3.4e-05,True
scale_free_001194.txt,27,35,1,4.5e-05,True
scale_free_001195.txt,27,35,1,0.00016,True
scale_free_001196.txt,31,45,2,0.000519,True
scale_free_001197.txt,16,20,1,4.1e-05,True
scale_free_001198.txt,28,41,2,0.000328,True
scale_free_001199.txt,28,38,1,4.6e-05,True
scale_free_001200.txt,16,24,1,3.1e-05,True
scale_free_001201.txt,18,22,1,9.6e-05,True
scale_free_001202.txt,30,45,2,0.000388,True
scale_free_001203.txt,26,35,1,4.2e-05,True
scale_free_001204.txt,32,45,2,0.000898,True
scale_free_001205.txt,30,39,2,0.000494,True
scale_free_001206.txt,32,41,1,6.1e-05,True
scale_free_001207.txt,30,35,1,4.4e-05,True
scale_free_001208.txt,19,23,1,3.8e-05,True
scale_free_001209.txt,31,44,1,0.000216,True
scale_free_001210.txt,24,31,1,4.1e-05,True
scale_free_001211.txt,30,41,1,4.7e-05,True
scale_free_001212.txt,32,45,1,4.9e-05,True
scale_free_001213.txt,33,43,1,5.9e-05,True
scale_free_001214.txt,34,45,1,5.9e-05,True
scale_free_001215.txt,32,51,1,0.000202,True
scale_free_001216.txt,21,31,1,0.000129,True
scale_free_001217.txt,18,22,1,3.9e-05,True
scale_free_001218.txt,16,23,1,3.8e-05,True
scale_free_001219.txt,21,27,1,3.6e-05,True
scale_free_001220.txt,30,35,1,4.2e-05,True
scale_free_001221.txt,26,36,1,0.000159,True
scale_free_001222.txt,21,26,1,4.6e-05,True
scale_free_001223.txt,19,27,2,0.000165,True
scale_free_001224.txt,34,47,1,6.8e-05,True
scale_free_001225.txt,25,38,1,4.9e-05,True
scale_free_001226.txt,17,26,1,3.3e-05,True
scale_free_001227.txt,29,41,1,0.000172,True
scale_free_001228.txt,30,40,1,4.7e-05,True
scale_free_001229.txt,19,26,1,3.3e-05,True
scale_free_001230.txt,17,23,1,3.7e-05,True
scale_free_001231.txt,17,24,1,3.2e-05,True
scale_free_001232.txt,26,39,1,4.8e-05,True
scale_free_001233.txt,17,24,1,9.4e-05,True
scale_free_001234.txt,35,45,1,4.8e-05,True
scale_free_001235.txt,20,21,1,6.3e-05,True
scale_free_001236.txt,26,44,2,0.000448,True
scale_free_001237.txt,27,37,2,0.000426,True
scale_free_001238.txt,27,40,1,4.6e-05,True
scale_free_001239.txt,32,44,2,0.000434,True
scale_free_001240.txt,27,38,1,5.5e-05,True
scale_free_001241.txt,18,21,1,0.0001,True
scale_free_001242.txt,22,27,1,3.6e-05,True
scale_free_001243.txt,25,30,1,3.9e-05,True
scale_free_001244.txt,15,19,1,3.5e-05,True
scale_free_001245.txt,32,50,3,0.008559,True
scale_free_001246.txt,28,40,1,5.4e-05,True
scale_free_001247.txt,29,45,1,4.6e-05,True
scale_free_001248.txt,24,28,1,4.6e-05,True
scale_free_001249.txt,22,31,1,4.8e-05,True
scale_free_001250.txt,30,44,2,0.000987,True
scale_free_001251.txt,22,26,1,3.8e-05,True
scale_free_001252.txt,33,48,2,0.000476,True
scale_free_001253.txt,26,45,2,0.000978,True
scale_free_001254.txt,18,20,1,3.2e-05,True
scale_free_001255.txt,20,31,1,3.9e-05,True
scale_free_001256.txt,18,21,1,3.2e-05,True
scale_free_001257.txt,16,24,2,0.000164,True
scale_free_001258.txt,30,37,1,5.3e-05,True
scale_free_001259.txt,23,35,1,4.9e-05,True
scale_free_001260.txt,17,23,1,3.3e-05,True
scale_free_001261.txt,16,22,2,0.000124,True
scale_free_001262.txt,24,34,1,4.3e-05,True
scale_free_001263.txt,15,19,1,3.4e-05,True
scale_free_001264.txt,33,47,1,5.1e-05,True
scale_free_001265.txt,31,47,2,0.000391,True
scale_free_001266.txt,27,38,1,4.1e-05,True
scale_free_001267.txt,20,27,1,4.8e-05,True
scale_free_001268.txt,18,23,1,4e-05,True
scale_free_001269.txt,30,41,1,6.1e-05,True
scale_free_001270.txt,22,25,1,4e-05,True
scale_free_001271.txt,25,34,2,0.000349,True
scale_free_001272.txt,24,30,1,4.8e-05,True
scale_free_001273.txt,21,31,2,0.000201,True
scale_free_001274.txt,30,42,1,4.6e-05,True
scale_free_001275.txt,33,47,2,0.001057,True
scale_free_001276.txt,27,38,1,4.2e-05,True
scale_free_001277.txt,29,39,2,0.000456,True
scale_free_001278.txt,17,25,1,3.9e-05,True
scale_free_001279.txt,22,26,1,0.000122,True
scale_free_001280.txt,30,41,1,0.000174,True
scale_free_001281.txt,18,26,1,6.6e-05,True
scale_free_001282.txt,31,44,2,0.0004,True
scale_free_001283.txt,22,28,1,0.000134,True
scale_free_001284.txt,22,27,1,3.9e-05,True
scale_free_001285.txt,15,19,1,3.1e-05,True
scale_free_001286.txt,18,24,2,0.000271,True
scale_free_001287.txt,32,48,1,7.4e-05,True
scale_free_001288.txt,19,23,1,6.6e-05,True
scale_free_001289.txt,34,41,1,4.6e-05,True
scale_free_001290.txt,17,23,1,3.3e-05,True
scale_free_001291.txt,16,22,1,3.8e-05,True
scale_free_001292.txt,17,19,1,3.3e-05,True
scale_free_001293.txt,35,51,1,5.4e-05,True
scale_free_001294.txt,35,54,2,0.000995,True
scale_free_001295.txt,18,26,1,3.8e-05,True
scale_free_001296.txt,17,24,1,4.1e-05,True
scale_free_001297.txt,26,38,1,0.000148,True
scale_free_001298.txt,30,43,2,0.000479,True
scale_free_001299.txt,25,33,1,0.000159,True
scale_free_001300.txt,25,27,1,0.000141,True
scale_free_001301.txt,24,28,1,5.5e-05,True
scale_free_001302.txt,15,21,2,0.000148,True
scale_free_001303.txt,20,29,1,4.3e-05,True
scale_free_001304.txt,23,28,1,3.7e-05,True
scale_free_001305.txt,35,55,2,0.00054,True
scale_free_001306.txt,17,19,1,3.1e-05,True
scale_free_001307.txt,26,32,1,5.1e-05,True
scale_free_001308.txt,29,51,1,4.7e-05,True
scale_free_001309.txt,25,33,1,4.1e-05,True
scale_free_001310.txt,32,47,1,6.2e-05,True
scale_free_001311.txt,18,22,1,3.3e-05,True
scale_free_001312.txt,30,43,1,0.000184,True
scale_free_001313.txt,16,24,1,3.4e-05,True
scale_free_001314.txt,21,29,1,4.6e-05,True
scale_free_001315.txt,29,41,1,4.7e-05,True
scale_free_001316.txt,29,50,1,0.000196,True
scale_free_001317.txt,28,32,1,4.2e-05,True
scale_free_001318.txt,24,29,1,3.8e-05,True
scale_free_001319.txt,33,45,1,7.8e-05,True
scale_free_001320.txt,20,25,1,4.1e-05,True
scale_free_001321.txt,25,32,1,5.3e-05,True
scale_free_001322.txt,34,44,2,0.000554,True
scale_free_001323.txt,34,42,1,6e-05,True
scale_free_001324.txt,18,24,1,4e-05,True
scale_free_001325.txt,21,29,1,4.8e-05,True
scale_free_001326.txt,17,26,1,3.6e-05,True
scale_free_001327.txt,29,39,1,0.000119,True
scale_free_001328.txt,26,30,1,0.000146,True
scale_free_001329.txt,16,19,1,2.9e-05,True
scale_free_001330.txt,26,40,1,4.2e-05,True
scale_free_001331.txt,29,37,1,5.4e-05,True
scale_free_001332.txt,23,29,1,3.5e-05,True
scale_free_001333.txt,20,27,1,4.3e-05,True
scale_free_001334.txt,19,27,1,3.6e-05,True
scale_free_001335.txt,27,36,1,0.000155,True
scale_free_001336.txt,33,44,1,4.7e-05,True
scale_free_001337.txt,15,19,1,3.1e-05,True
scale_free_001338.txt,33,44,2,0.000399,True
scale_free_001339.txt,24,28,1,0.000139,True
scale_free_001340.txt,27,32,1,4.2e-05,True
scale_free_001341.txt,27,32,1,4.3e-05,True
scale_free_001342.txt,34,47,2,0.000573,True
scale_free_001343.txt,30,50,1,4.9e-05,True
scale_free_001344.txt,30,49,2,0.000424,True
scale_free_001345.txt,26,30,1,5e-05,True
scale_free_001346.txt,27,38,2,0.000456,True
scale_free_001347.txt,22,30,1,4.6e-05,True
scale_free_001348.txt,34,49,2,0.00048,True
scale_free_001349.txt,30,44,1,4.4e-05,True
scale_free_001350.txt,20,27,2,0.000177,True
scale_free_001351.txt,25,35,2,0.000765,True
scale_free_001352.txt,16,23,1,3.8e-05,True
scale_free_001353.txt,35,38,1,4.6e-05,True
scale_free_001354.txt,16,17,1,2.9e-05,True
scale_free_001355.txt,21,28,2,0.000258,True
scale_free_001356.txt,35,47,1,0.000195,True
scale_free_001357.txt,20,29,2,0.000183,True
scale_free_001358.txt,25,39,1,0.000162,True
scale_free_001359.txt,17,18,1,3.3e-05,True
scale_free_001360.txt,35,52,1,6.2e-05,True
scale_free_001361.txt,22,31,1,4e-05,True
scale_free_001362.txt,19,25,1,4.5e-05,True
scale_free_001363.txt,19,28,2,0.000173,True
scale_free_001364.txt,24,30,1,5.4e-05,True
scale_free_001365.txt,18,26,1,3.4e-05,True
scale_free_001366.txt,23,32,2,0.000221,True
scale_free_001367.txt,34,47,1,5.2e-05,True
scale_free_001368.txt,22,36,1,4.2e-05,True
scale_free_001369.txt,24,31,1,3.8e-05,True
scale_free_001370.txt,22,33,1,4e-05,True
scale_free_001371.txt,17,21,1,3.1e-05,True
scale_free_001372.txt,21,26,1,3.4e-05,True
scale_free_001373.txt,24,31,1,0.000145,True
scale_free_001374.txt,33,41,1,5.7e-05,True
scale_free_001375.txt,35,46,1,4.7e-05,True
scale_free_001376.txt,23,30,2,0.000224,True
scale_free_001377.txt,26,38,2,0.000316,True
scale_free_001378.txt,26,34,1,4.3e-05,True
scale_free_001379.txt,31,42,1,0.000187,True
scale_free_001380.txt,16,18,1,3.2e-05,True
scale_free_001381.txt,15,21,1,3.8e-05,True
scale_free_001382.txt,17,24,1,9.5e-05,True
scale_free_001383.txt,33,51,1,6.1e-05,True
scale_free_001384.txt,29,48,2,0.000609,True
scale_free_001385.txt,22,27,1,4.5e-05,True
scale_free_001386.txt,35,41,1,4.4e-05,True
scale_free_001387.txt,24,39,2,0.00037,True
scale_free_001388.txt,34,52,2,0.000612,True
scale_free_001389.txt,23,29,1,3.7e-05,True
scale_free_001390.txt,23,33,1,0.000146,True
scale_free_001391.txt,24,33,1,0.000144,True
scale_free_001392.txt,29,38,1,4.2e-05,True
scale_free_001393.txt,33,46,1,5.2e-05,True
scale_free_001394.txt,32,42,1,0.000183,True
scale_free_001395.txt,24,35,1,4.1e-05,True
scale_free_001396.txt,15,21,1,7.1e-05,True
scale_free_001397.txt,19,29,2,0.000168,True
scale_free_001398.txt,19,22,1,4.4e-05,True
scale_free_001399.txt,26,37,1,5.2e-05,True
scale_free_001400.txt,35,49,1,5.1e-05,True
scale_free_001401.txt,31,47,1,5.8e-05,True
scale_free_001402.txt,33,47,1,6.1e-05,True
scale_free_001403.txt,29,45,1,4.9e-05,True
scale_free_001404.txt,18,26,1,3.6e-05,True
scale_free_001405.txt,15,21,1,7.6e-05,True
scale_free_001406.txt,35,58,2,0.000569,True
scale_free_001407.txt,22,33,1,0.000144,True
scale_free_001408.txt,19,25,1,3.9e-05,True
scale_free_001409.txt,17,26,2,0.000257,True
scale_free_001410.txt,28,42,2,0.000333,True
scale_free_001411.txt,20,28,2,0.000249,True
scale_free_001412.txt,27,34,1,4.1e-05,True
scale_free_001413.txt,24,39,1,5.3e-05,True
scale_free_001414.txt,31,39,1,0.000162,True
scale_free_001415.txt,22,30,1,3.6e-05,True
scale_free_001416.txt,16,26,2,0.000644,True
scale_free_001417.txt,17,20,1,3.8e-05,True
scale_free_001418.txt,19,22,1,3.6e-05,True
scale_free_001419.txt,25,30,1,0.000144,True
scale_free_001420.txt,18,25,1,3.8e-05,True
scale_free_001421.txt,17,22,1,3.3e-05,True
scale_free_001422.txt,35,50,1,0.000213,True
scale_free_001423.txt,31,41,1,5.7e-05,True
scale_free_001424.txt,29,37,1,4.6e-05,True
scale_free_001425.txt,19,24,2,0.000228,True
scale_free_001426.txt,22,36,2,0.000264,True
scale_free_001427.txt,28,40,2,0.000644,True
scale_free_001428.txt,21,30,1,3.8e-05,True
scale_free_001429.txt,29,36,1,5.7e-05,True
scale_free_001430.txt,30,43,1,5.1e-05,True
scale_free_001431.txt,29,37,1,4.6e-05,True
scale_free_001432.txt,26,39,2,0.000302,True
scale_free_001433.txt,17,19,1,3.2e-05,True
scale_free_001434.txt,33,43,1,5.8e-05,True
scale_free_001435.txt,29,38,1,4.3e-05,True
scale_free_001436.txt,18,22,1,4.5e-05,True
scale_free_001437.txt,22,28,2,0.000197,True
scale_free_001438.txt,20,25,1,4.3e-05,True
scale_free_001439.txt,29,44,1,4.7e-05,True
scale_free_001440.txt,28,37,1,4.4e-05,True
scale_free_001441.txt,27,32,1,3.8e-05,True
scale_free_001442.txt,30,41,2,0.000375,True
scale_free_001443.txt,28,47,1,4.8e-05,True
scale_free_001444.txt,31,44,1,5.8e-05,True
scale_free_001445.txt,19,24,1,3.2e-05,True
scale_free_001446.txt,34,45,1,0.000208,True
scale_free_001447.txt,32,41,1,4.8e-05,True
scale_free_001448.txt,19,22,1,0.000106,True
scale_free_001449.txt,34,44,2,0.000449,True
scale_free_001450.txt,27,45,1,4.7e-05,True
scale_free_001451.txt,34,44,1,4.7e-05,True
scale_free_001452.txt,29,48,1,4.9e-05,True
scale_free_001453.txt,29,43,1,5.4e-05,True
scale_free_001454.txt,22,29,1,0.000136,True
scale_free_001455.txt,30,39,1,4.7e-05,True
scale_free_001456.txt,35,49,2,0.000481,True
scale_free_001457.txt,22,25,1,3.5e-05,True
scale_free_001458.txt,30,37,1,4.2e-05,True
scale_free_001459.txt,19,23,1,0.000105,True
scale_free_001460.txt,23,30,2,0.000213,True
scale_free_001461.txt,35,48,1,0.000212,True
scale_free_001462.txt,17,23,1,5.2e-05,True
scale_free_001463.txt,15,20,1,5.6e-05,True
scale_free_001464.txt,21,27,1,4.8e-05,True
scale_free_001465.txt,35,50,1,0.000205,True
scale_free_001466.txt,15,22,1,3.1e-05,True
scale_free_001467.txt,26,31,1,3.9e-05,True
scale_free_001468.txt,23,29,1,0.000147,True
scale_free_001469.txt,33,53,2,0.00048,True
scale_free_001470.txt,34,49,1,4.9e-05,True
scale_free_001471.txt,31,36,1,4.2e-05,True
scale_free_001472.txt,31,46,2,0.000403,True
scale_free_001473.txt,26,38,1,4.6e-05,True
scale_free_001474.txt,16,19,1,0.000117,True
scale_free_001475.txt,15,21,1,4.7e-05,True
scale_free_001476.txt,20,28,1,4.1e-05,True
scale_free_001477.txt,27,36,1,0.00017,True
scale_free_001478.txt,32,44,1,5.6e-05,True
scale_free_001479.txt,16,27,1,4.2e-05,True
scale_free_001480.txt,34,61,2,0.001082,True
scale_free_001481.txt,27,42,2,0.000323,True
scale_free_001482.txt,31,44,1,0.000188,True
scale_free_001483.txt,35,40,1,0.000192,True
scale_free_001484.txt,20,27,1,3.7e-05,True
scale_free_001485.txt,24,31,1,3.9e-05,True
scale_free_001486.txt,28,41,1,4.4e-05,True
scale_free_001487.txt,21,26,1,4.1e-05,True
scale_free_001488.txt,29,40,1,4.7e-05,True
scale_free_001489.txt,23,27,1,4.1e-05,True
scale_free_001490.txt,33,47,1,4.8e-05,True
scale_free_001491.txt,21,35,2,0.000203,True
scale_free_001492.txt,22,26,1,0.000134,True
scale_free_001493.txt,31,45,2,0.000369,True
scale_free_001494.txt,16,23,1,3.8e-05,True
scale_free_001495.txt,30,43,2,0.00038,True
scale_free_001496.txt,18,25,1,0.000164,True
scale_free_001497.txt,21,27,1,3.5e-05,True
scale_free_001498.txt,32,47,1,4.8e-05,True
scale_free_001499.txt,33,44,1,5.7e-05,True
scale_free_001500.txt,30,35,1,4.6e-05,True
scale_free_001501.txt,23,29,1,3.7e-05,True
scale_free_001502.txt,18,22,1,3.2e-05,True
scale_free_001503.txt,35,59,1,5.2e-05,True
scale_free_001504.txt,23,33,1,3.9e-05,True
scale_free_001505.txt,15,18,1,3e-05,True
scale_free_001506.txt,15,20,1,3e-05,True
scale_free_001507.txt,20,26,1,0.000123,True
scale_free_001508.txt,22,35,1,4e-05,True
scale_free_001509.txt,28,41,1,0.000178,True
scale_free_001510.txt,16,23,1,8.5e-05,True
scale_free_001511.txt,16,19,1,3.1e-05,True
scale_free_001512.txt,17,20,1,3.1e-05,True
scale_free_001513.txt,35,52,1,5.2e-05,True
scale_free_001514.txt,22,30,1,4.6e-05,True
scale_free_001515.txt,17,19,1,3.3e-05,True
scale_free_001516.txt,27,38,1,5.6e-05,True
scale_free_001517.txt,17,26,1,3.5e-05,True
scale_free_001518.txt,34,55,2,0.001049,True
scale_free_001519.txt,21,30,2,0.000205,True
scale_free_001520.txt,15,17,1,3.7e-05,True
scale_free_001521.txt,34,40,1,5.2e-05,True
scale_free_001522.txt,30,41,1,6.2e-05,True
scale_free_001523.txt,15,16,1,3.1e-05,True
scale_free_001524.txt,21,33,1,4.1e-05,True
scale_free_001525.txt,17,24,1,4.3e-05,True
scale_free_001526.txt,29,41,1,4.4e-05,True
scale_free_001527.txt,31,44,1,6e-05,True
scale_free_001528.txt,20,24,2,0.000198,True
scale_free_001529.txt,25,31,1,5.1e-05,True
scale_free_001530.txt,31,48,2,0.000421,True
scale_free_001531.txt,17,25,2,0.000145,True
scale_free_001532.txt,31,43,1,5.6e-05,True
scale_free_001533.txt,15,21,1,0.000104,True
scale_free_001534.txt,28,38,1,0.00017,True
scale_free_001535.txt,34,50,2,0.000636,True
scale_free_001536.txt,23,28,2,0.000222,True
scale_free_001537.txt,18,21,1,5.2e-05,True
scale_free_001538.txt,24,31,1,6.9e-05,True
scale_free_001539.txt,20,27,1,0.000124,True
scale_free_001540.txt,20,32,2,0.000402,True
scale_free_001541.txt,21,31,1,3.7e-05,True
scale_free_001542.txt,24,33,1,7.3e-05,True
scale_free_001543.txt,30,34,1,5.3e-05,True
scale_free_001544.txt,19,22,1,3.2e-05,True
scale_free_001545.txt,32,41,2,0.000515,True
scale_free_001546.txt,19,26,1,4.2e-05,True
scale_free_001547.txt,35,43,1,6.1e-05,True
scale_free_001548.txt,32,40,1,4.4e-05,True
scale_free_001549.txt,20,26,1,5.4e-05,True
scale_free_001550.txt,25,30,1,4.2e-05,True
scale_free_001551.txt,34,43,1,6.1e-05,True
scale_free_001552.txt,17,23,1,8.9e-05,True
scale_free_001553.txt,27,38,1,5.3e-05,True
scale_free_001554.txt,21,28,1,3.7e-05,True
scale_free_001555.txt,31,45,1,4.6e-05,True
scale_free_001556.txt,28,37,1,4.2e-05,True
scale_free_001557.txt,20,30,1,0.000129,True
scale_free_001558.txt,31,35,1,5.4e-05,True
scale_free_001559.txt,24,34,1,4.6e-05,True
scale_free_001560.txt,23,28,1,0.00014,True
scale_free_001561.txt,27,43,2,0.000323,True
scale_free_001562.txt,25,35,1,0.000153,True
scale_free_001563.txt,24,33,1,4.1e-05,True
scale_free_001564.txt,28,43,2,0.000383,True
scale_free_001565.txt,35,52,2,0.000675,True
scale_free_001566.txt,17,24,1,3.3e-05,True
scale_free_001567.txt,33,50,1,0.000218,True
scale_free_001568.txt,16,24,1,3.7e-05,True
scale_free_001569.txt,22,30,2,0.000215,True
scale_free_001570.txt,22,30,2,0.000291,True
scale_free_001571.txt,29,47,1,4.9e-05,True
scale_free_001572.txt,27,42,1,4.8e-05,True
scale_free_001573.txt,30,43,1,5.1e-05,True
scale_free_001574.txt,35,56,2,0.000671,True
scale_free_001575.txt,27,37,1,4.4e-05,True
scale_free_001576.txt,35,47,1,6.8e-05,True
scale_free_001577.txt,27,43,1,8.8e-05,True
scale_free_001578.txt,17,20,1,3.3e-05,True
scale_free_001579.txt,27,37,1,5.2e-05,True
scale_free_001580.txt,27,35,1,0.000177,True
scale_free_001581.txt,35,49,1,0.000205,True
scale_free_001582.txt,22,28,1,0.000128,True
scale_free_001583.txt,29,40,1,5.4e-05,True
scale_free_001584.txt,22,28,2,0.000273,True
scale_free_001585.txt,20,22,1,3.4e-05,True
scale_free_001586.txt,32,54,2,0.000945,True
scale_free_001587.txt,16,18,1,3.4e-05,True
scale_free_001588.txt,33,41,2,0.000425,True
scale_free_001589.txt,18,20,1,3.2e-05,True
scale_free_001590.txt,23,38,1,5.1e-05,True
scale_free_001591.txt,34,51,1,5.2e-05,True
scale_free_001592.txt,20,28,1,0.000125,True
scale_free_001593.txt,23,30,1,0.000167,True
scale_free_001594.txt,25,30,1,4e-05,True
scale_free_001595.txt,35,61,1,0.00023,True
scale_free_001596.txt,24,30,1,5e-05,True
scale_free_001597.txt,34,40,1,6.1e-05,True
scale_free_001598.txt,18,31,2,0.000233,True
scale_free_001599.txt,15,22,1,7.2e-05,True
scale_free_001600.txt,31,46,1,0.00019,True
scale_free_001601.txt,27,41,1,4.8e-05,True
scale_free_001602.txt,35,50,1,5.4e-05,True
scale_free_001603.txt,19,23,1,0.000109,True
scale_free_001604.txt,28,45,2,0.00051,True
scale_free_001605.txt,23,31,2,0.000307,True
scale_free_001606.txt,31,45,2,0.000483,True
scale_free_001607.txt,28,39,1,5.7e-05,True
scale_free_001608.txt,33,37,1,0.000167,True
scale_free_001609.txt,35,54,1,6.7e-05,True
scale_free_001610.txt,25,33,1,5.2e-05,True
scale_free_001611.txt,25,36,1,4.2e-05,True
scale_free_001612.txt,16,23,1,3.8e-05,True
scale_free_001613.txt,18,24,1,3.7e-05,True
scale_free_001614.txt,18,25,2,0.000154,True
scale_free_001615.txt,27,41,2,0.000342,True
scale_free_001616.txt,23,38,2,0.000342,True
scale_free_001617.txt,18,20,1,4e-05,True
scale_free_001618.txt,15,21,1,7.4e-05,True
scale_free_001619.txt,29,42,3,0.004853,True
scale_free_001620.txt,15,21,1,3.9e-05,True
scale_free_001621.txt,19,24,1,3.6e-05,True
scale_free_001622.txt,26,44,2,0.000631,True
scale_free_001623.txt,32,42,1,6e-05,True
scale_free_001624.txt,15,22,2,0.000124,True
scale_free_001625.txt,26,36,1,5.8e-05,True
scale_free_001626.txt,32,43,2,0.000522,True
scale_free_001627.txt,34,45,1,6.6e-05,True
scale_free_001628.txt,23,27,1,4.8e-05,True
scale_free_001629.txt,29,40,2,0.000352,True
scale_free_001630.txt,16,20,1,3.9e-05,True
scale_free_001631.txt,18,24,2,0.000143,True
scale_free_001632.txt,30,40,1,8.8e-05,True
scale_free_001633.txt,33,45,1,5e-05,True
scale_free_001634.txt,30,41,1,4.5e-05,True
scale_free_001635.txt,32,49,2,0.000423,True
scale_free_001636.txt,25,32,1,3.8e-05,True
scale_free_001637.txt,27,39,2,0.000307,True
scale_free_001638.txt,31,47,2,0.000479,True
scale_free_001639.txt,21,30,1,4.4e-05,True
scale_free_001640.txt,33,39,1,4.3e-05,True
scale_free_001641.txt,33,47,1,4.7e-05,True
scale_free_001642.txt,28,42,2,0.000346,True
scale_free_001643.txt,32,45,1,4.6e-05,True
scale_free_001644.txt,27,35,1,5e-05,True
scale_free_001645.txt,21,29,2,0.000202,True
scale_free_001646.txt,33,47,1,6.4e-05,True
scale_free_001647.txt,26,41,1,5.6e-05,True
scale_free_001648.txt,34,43,1,0.0002,True
scale_free_001649.txt,30,40,1,0.00018,True
scale_free_001650.txt,18,27,1,4.3e-05,True
scale_free_001651.txt,29,39,1,4.2e-05,True
scale_free_001652.txt,34,43,1,0.000188,True
scale_free_001653.txt,16,18,1,3.9e-05,True
scale_free_001654.txt,28,38,1,5.6e-05,True
scale_free_001655.txt,28,38,1,0.000163,True
scale_free_001656.txt,22,35,2,0.000226,True
scale_free_001657.txt,15,20,1,3.1e-05,True
scale_free_001658.txt,16,19,1,3.4e-05,True
scale_free_001659.txt,22,26,1,3.8e-05,True
scale_free_001660.txt,22,27,1,3.7e-05,True
scale_free_001661.txt,24,34,1,5.1e-05,True
scale_free_001662.txt,34,56,3,0.008007,True
scale_free_001663.txt,22,28,1,0.000136,True
scale_free_001664.txt,24,28,1,4.6e-05,True
scale_free_001665.txt,22,34,1,5.2e-05,True
scale_free_001666.txt,28,43,1,4.4e-05,True
scale_free_001667.txt,31,48,2,0.000537,True
scale_free_001668.txt,22,31,2,0.000215,True
scale_free_001669.txt,18,25,1,4.6e-05,True
scale_free_001670.txt,16,19,1,3.1e-05,True
scale_free_001671.txt,33,44,2,0.000447,True
scale_free_001672.txt,34,41,1,4.6e-05,True
scale_free_001673.txt,33,44,1,5.9e-05,True
scale_free_001674.txt,24,33,1,5.3e-05,True
scale_free_001675.txt,21,26,1,3.6e-05,True
scale_free_001676.txt,23,33,2,0.000327,True
scale_free_001677.txt,15,17,1,3.6e-05,True
scale_free_001678.txt,25,31,2,0.000342,True
scale_free_001679.txt,25,38,1,7.2e-05,True
scale_free_001680.txt,16,20,1,3.5e-05,True
scale_free_001681.txt,32,40,1,4.5e-05,True
scale_free_001682.txt,35,47,1,6.3e-05,True
scale_free_001683.txt,27,40,1,5.5e-05,True
scale_free_001684.txt,26,33,1,4.1e-05,True
scale_free_001685.txt,19,23,1,4e-05,True
scale_free_001686.txt,28,45,2,0.003334,True
scale_free_001687.txt,15,18,1,2.9e-05,True
scale_free_001688.txt,26,37,1,5.3e-05,True
scale_free_001689.txt,21,32,2,0.0003,True
scale_free_001690.txt,24,34,1,4e-05,True
scale_free_001691.txt,33,41,2,0.00042,True
scale_free_001692.txt,17,23,1,3.2e-05,True
scale_free_001693.txt,28,43,2,0.00044,True
scale_free_001694.txt,29,35,1,5e-05,True
scale_free_001695.txt,21,28,1,0.000126,True
scale_free_001696.txt,32,52,2,0.000437,True
scale_free_001697.txt,30,41,1,0.000176,True
scale_free_001698.txt,24,33,1,4.8e-05,True
scale_free_001699.txt,32,51,2,0.000433,True
scale_free_001700.txt,26,37,2,0.000291,True
scale_free_001701.txt,29,32,1,5e-05,True
scale_free_001702.txt,17,21,2,0.000127,True
scale_free_001703.txt,17,26,2,0.000143,True
scale_free_001704.txt,27,39,1,4.4e-05,True
scale_free_001705.txt,23,30,1,4.8e-05,True
scale_free_001706.txt,26,31,1,5.3e-05,True
scale_free_001707.txt,33,51,1,6.6e-05,True
scale_free_001708.txt,33,42,1,4.9e-05,True
scale_free_001709.txt,32,39,1,5.7e-05,True
scale_free_001710.txt,35,55,3,0.008397,True
scale_free_001711.txt,28,40,2,0.00074,True
scale_free_001712.txt,18,30,1,3.8e-05,True
scale_free_001713.txt,28,40,1,5.4e-05,True
scale_free_001714.txt,15,25,2,0.000141,True
scale_free_001715.txt,34,44,1,5.3e-05,True
scale_free_001716.txt,30,45,2,0.000393,True
scale_free_001717.txt,35,47,1,0.00021,True
scale_free_001718.txt,23,29,1,3.9e-05,True
scale_free_001719.txt,32,51,2,0.000453,True
scale_free_001720.txt,22,24,1,3.9e-05,True
scale_free_001721.txt,32,50,1,5.2e-05,True
scale_free_001722.txt,23,33,2,0.000318,True
scale_free_001723.txt,33,46,1,6.2e-05,True
scale_free_001724.txt,27,36,1,0.000161,True
scale_free_001725.txt,17,22,1,3.4e-05,True
scale_free_001726.txt,15,19,1,2.9e-05,True
scale_free_001727.txt,26,32,1,4e-05,True
scale_free_001728.txt,21,24,1,4.2e-05,True
scale_free_001729.txt,29,39,2,0.000346,True
scale_free_001730.txt,34,54,1,4.9e-05,True
scale_free_001731.txt,17,19,1,4e-05,True
scale_free_001732.txt,16,22,1,3.3e-05,True
scale_free_001733.txt,21,26,1,0.000125,True
scale_free_001734.txt,30,36,1,4.4e-05,True
scale_free_001735.txt,15,15,1,3e-05,True
scale_free_001736.txt,30,39,1,4.7e-05,True
scale_free_001737.txt,19,26,1,3.5e-05,True
scale_free_001738.txt,29,33,1,4.2e-05,True
scale_free_001739.txt,28,44,1,5.6e-05,True
scale_free_001740.txt,28,33,1,5.5e-05,True
scale_free_001741.txt,27,37,1,4.1e-05,True
scale_free_001742.txt,31,43,1,5.7e-05,True
scale_free_001743.txt,29,37,2,0.002384,True
scale_free_001744.txt,21,23,1,0.000116,True
scale_free_001745.txt,20,27,2,0.000246,True
scale_free_001746.txt,31,42,2,0.000434,True
scale_free_001747.txt,34,48,1,5.1e-05,True
scale_free_001748.txt,20,26,1,4.5e-05,True
scale_free_001749.txt,28,35,1,5.2e-05,True
scale_free_001750.txt,35,47,2,0.00049,True
scale_free_001751.txt,25,38,1,4.3e-05,True
scale_free_001752.txt,31,42,1,0.000184,True
scale_free_001753.txt,20,26,1,0.00012,True
scale_free_001754.txt,29,41,2,0.000336,True
scale_free_001755.txt,23,26,1,0.000173,True
scale_free_001756.txt,31,41,1,4.5e-05,True
scale_free_001757.txt,27,34,2,0.000287,True
scale_free_001758.txt,30,52,2,0.004133,True
scale_free_001759.txt,22,32,2,0.000306,True
scale_free_001760.txt,31,48,1,0.000201,True
scale_free_001761.txt,16,21,1,3.4e-05,True
scale_free_001762.txt,19,22,1,0.000105,True
scale_free_001763.txt,34,47,2,0.000559,True
scale_free_001764.txt,32,44,1,5.9e-05,True
scale_free_001765.txt,23,31,1,0.000134,True
scale_free_001766.txt,35,52,1,5e-05,True
scale_free_001767.txt,23,31,1,4.1e-05,True
scale_free_001768.txt,27,36,1,4.3e-05,True
scale_free_001769.txt,17,20,1,4e-05,True
scale_free_001770.txt,33,49,1,0.000203,True
scale_free_001771.txt,35,50,1,6.3e-05,True
scale_free_001772.txt,17,24,1,3.3e-05,True
scale_free_001773.txt,35,45,1,4.8e-05,True
scale_free_001774.txt,17,21,1,3.8e-05,True
scale_free_001775.txt,15,16,1,2.9e-05,True
scale_free_001776.txt,18,22,1,3.2e-05,True
scale_free_001777.txt,31,60,2,0.000447,True
scale_free_001778.txt,24,35,1,4.3e-05,True
scale_free_001779.txt,18,23,1,3.9e-05,True
scale_free_001780.txt,20,25,1,3.5e-05,True
scale_free_001781.txt,19,26,2,0.00017,True
scale_free_001782.txt,16,22,1,3.3e-05,True
scale_free_001783.txt,29,39,1,4.5e-05,True
scale_free_001784.txt,17,18,1,2.9e-05,True
scale_free_001785.txt,26,44,2,0.000325,True
scale_free_001786.txt,20,22,1,3.4e-05,True
scale_free_001787.txt,19,24,1,3.4e-05,True
scale_free_001788.txt,22,36,1,3.9e-05,True
scale_free_001789.txt,17,24,1,3.4e-05,True
scale_free_001790.txt,15,19,1,2.9e-05,True
scale_free_001791.txt,29,52,2,0.000879,True
scale_free_001792.txt,21,28,1,3.9e-05,True
scale_free_001793.txt,35,57,2,0.00536,True
scale_free_001794.txt,29,42,2,0.000363,True
scale_free_001795.txt,18,22,1,3.3e-05,True
scale_free_001796.txt,19,27,1,4.3e-05,True
scale_free_001797.txt,31,45,1,0.000193,True
scale_free_001798.txt,22,27,1,4.9e-05,True
scale_free_001799.txt,22,32,2,0.000222,True
scale_free_001800.txt,35,45,1,0.00022,True
scale_free_001801.txt,29,42,1,5.8e-05,True
scale_free_001802.txt,33,45,2,0.00044,True
scale_free_001803.txt,29,39,2,0.000601,True
scale_free_001804.txt,35,48,1,5.7e-05,True
scale_free_001805.txt,26,34,1,5.3e-05,True
scale_free_001806.txt,24,35,2,0.000263,True
scale_free_001807.txt,30,51,1,0.000237,True
scale_free_001808.txt,21,28,1,3.7e-05,True
scale_free_001809.txt,16,22,1,3.8e-05,True
scale_free_001810.txt,26,47,3,0.003658,True
scale_free_001811.txt,30,41,1,6.9e-05,True
scale_free_001812.txt,31,39,1,0.000206,True
scale_free_001813.txt,16,23,1,3.4e-05,True
scale_free_001814.txt,27,31,1,5.3e-05,True
scale_free_001815.txt,26,33,1,4.3e-05,True
scale_free_001816.txt,25,37,1,4.3e-05,True
scale_free_001817.txt,24,38,1,0.000157,True
scale_free_001818.txt,16,18,1,3.4e-05,True
scale_free_001819.txt,22,29,1,4.8e-05,True
scale_free_001820.txt,19,21,1,3.4e-05,True
scale_free_001821.txt,23,28,1,6.6e-05,True
scale_free_001822.txt,32,45,1,5.8e-05,True
scale_free_001823.txt,33,43,1,4.6e-05,True
scale_free_001824.txt,34,44,2,0.000471,True
scale_free_001825.txt,32,41,2,0.000414,True
scale_free_001826.txt,17,23,1,9.1e-05,True
scale_free_001827.txt,32,45,2,0.000432,True
scale_free_001828.txt,34,41,1,7.5e-05,True
scale_free_001829.txt,35,51,1,6.5e-05,True
scale_free_001830.txt,35,49,2,0.000507,True
scale_free_001831.txt,15,20,1,3e-05,True
scale_free_001832.txt,23,35,1,4.9e-05,True
scale_free_001833.txt,18,27,2,0.000155,True
scale_free_001834.txt,33,41,1,4.4e-05,True
scale_free_001835.txt,26,34,2,0.000278,True
scale_free_001836.txt,32,47,2,0.000539,True
scale_free_001837.txt,17,21,1,3.1e-05,True
scale_free_001838.txt,32,47,2,0.000438,True
scale_free_001839.txt,33,49,1,4.7e-05,True
scale_free_001840.txt,29,35,1,4.2e-05,True
scale_free_001841.txt,27,40,1,5.3e-05,True
scale_free_001842.txt,21,25,1,3.4e-05,True
scale_free_001843.txt,34,48,2,0.000463,True
scale_free_001844.txt,25,37,1,4e-05,True
scale_free_001845.txt,15,25,1,7.6e-05,True
scale_free_001846.txt,31,40,2,0.000368,True
scale_free_001847.txt,18,24,1,3.2e-05,True
scale_free_001848.txt,20,27,1,0.00012,True
scale_free_001849.txt,27,37,1,5.4e-05,True
scale_free_001850.txt,26,34,1,4.1e-05,True
scale_free_001851.txt,27,33,1,0.000153,True
scale_free_001852.txt,25,33,1,0.000144,True
scale_free_001853.txt,30,48,1,0.00023,True
scale_free_001854.txt,21,25,1,0.000126,True
scale_free_001855.txt,33,49,2,0.000553,True
scale_free_001856.txt,16,20,1,3.6e-05,True
scale_free_001857.txt,35,46,1,6.2e-05,True
scale_free_001858.txt,35,43,1,6e-05,True
scale_free_001859.txt,20,28,2,0.000183,True
scale_free_001860.txt,22,28,1,3.7e-05,True
scale_free_001861.txt,29,43,1,4.4e-05,True
scale_free_001862.txt,29,36,1,5.4e-05,True
scale_free_001863.txt,16,20,1,4e-05,True
scale_free_001864.txt,33,44,2,0.000518,True
scale_free_001865.txt,30,35,1,4.4e-05,True
scale_free_001866.txt,18,22,1,9.4e-05,True
scale_free_001867.txt,32,53,2,0.000574,True
scale_free_001868.txt,25,34,2,0.00028,True
scale_free_001869.txt,25,36,1,0.000148,True
scale_free_001870.txt,28,36,1,0.000161,True
scale_free_001871.txt,27,40,2,0.000528,True
scale_free_001872.txt,25,32,1,4.9e-05,True
scale_free_001873.txt,26,34,1,0.000159,True
scale_free_001874.txt,24,29,1,6.7e-05,True
scale_free_001875.txt,30,46,1,4.6e-05,True
scale_free_001876.txt,16,22,1,8e-05,True
scale_free_001877.txt,17,26,1,5.8e-05,True
scale_free_001878.txt,33,41,1,4.6e-05,True
scale_free_001879.txt,35,45,1,0.000275,True
scale_free_001880.txt,31,43,1,4.5e-05,True
scale_free_001881.txt,30,42,2,0.000361,True
scale_free_001882.txt,34,40,1,0.000225,True
scale_free_001883.txt,33,44,2,0.000476,True
scale_free_001884.txt,32,39,1,5.6e-05,True
scale_free_001885.txt,32,47,2,0.000409,True
scale_free_001886.txt,31,44,1,5.8e-05,True
scale_free_001887.txt,22,29,1,3.7e-05,True
scale_free_001888.txt,23,34,2,0.000229,True
scale_free_001889.txt,26,31,1,4.1e-05,True
scale_free_001890.txt,17,22,1,4.1e-05,True
scale_free_001891.txt,27,37,1,4.2e-05,True
scale_free_001892.txt,31,43,1,0.000186,True
scale_free_001893.txt,22,32,1,0.00014,True
scale_free_001894.txt,16,23,1,8.2e-05,True
scale_free_001895.txt,21,26,1,3.7e-05,True
scale_free_001896.txt,35,55,2,0.000551,True
scale_free_001897.txt,19,23,1,3.5e-05,True
scale_free_001898.txt,34,39,1,0.000179,True
scale_free_001899.txt,29,45,2,0.000572,True
scale_free_001900.txt,17,20,1,9e-05,True
scale_free_001901.txt,20,29,1,3.8e-05,True
scale_free_001902.txt,20,28,1,0.000127,True
scale_free_001903.txt,22,28,1,4.1e-05,True
scale_free_001904.txt,18,23,1,3.3e-05,True
scale_free_001905.txt,16,22,1,7.1e-05,True
scale_free_001906.txt,26,35,1,8.7e-05,True
scale_free_001907.txt,35,46,1,5.2e-05,True
scale_free_001908.txt,23,35,1,4.4e-05,True
scale_free_001909.txt,27,36,1,5.8e-05,True
scale_free_001910.txt,34,45,1,6.2e-05,True
scale_free_001911.txt,31,51,3,0.005812,True
scale_free_001912.txt,19,25,1,3.3e-05,True
scale_free_001913.txt,31,37,1,4.7e-05,True
scale_free_001914.txt,29,38,2,0.000339,True
scale_free_001915.txt,22,26,1,4.2e-05,True
scale_free_001916.txt,16,22,1,3.2e-05,True
scale_free_001917.txt,34,47,1,6.2e-05,True
scale_free_001918.txt,31,38,1,5e-05,True
scale_free_001919.txt,22,26,1,4e-05,True
scale_free_001920.txt,20,27,1,3.5e-05,True
scale_free_001921.txt,31,48,1,0.000215,True
scale_free_001922.txt,22,29,2,0.000198,True
scale_free_001923.txt,33,49,2,0.000488,True
scale_free_001924.txt,25,30,1,0.000143,True
scale_free_001925.txt,17,26,1,8.9e-05,True
scale_free_001926.txt,29,42,2,0.000363,True
scale_free_001927.txt,27,36,1,5.3e-05,True
scale_free_001928.txt,29,34,1,5.2e-05,True
scale_free_001929.txt,16,22,1,3.1e-05,True
scale_free_001930.txt,20,27,1,4.3e-05,True
scale_free_001931.txt,31,42,1,5.7e-05,True
scale_free_001932.txt,21,26,1,4.4e-05,True
scale_free_001933.txt,34,49,1,0.000202,True
scale_free_001934.txt,30,43,1,4.4e-05,True
scale_free_001935.txt,25,35,2,0.000267,True
scale_free_001936.txt,21,25,1,0.000121,True
scale_free_001937.txt,19,24,1,3.4e-05,True
scale_free_001938.txt,18,24,1,4.1e-05,True
scale_free_001939.txt,21,26,1,3.4e-05,True
scale_free_001940.txt,24,34,1,4e-05,True
scale_free_001941.txt,29,40,1,4.3e-05,True
scale_free_001942.txt,19,31,1,0.000169,True
scale_free_001943.txt,29,37,1,0.000164,True
scale_free_001944.txt,18,25,1,9.8e-05,True
scale_free_001945.txt,30,34,1,4.3e-05,True
scale_free_001946.txt,33,41,1,4.5e-05,True
scale_free_001947.txt,21,28,1,3.6e-05,True
scale_free_001948.txt,15,23,1,3.1e-05,True
scale_free_001949.txt,32,48,2,0.000653,True
scale_free_001950.txt,25,33,1,6.8e-05,True
scale_free_001951.txt,24,31,1,5.2e-05,True
scale_free_001952.txt,25,30,1,0.000146,True
scale_free_001953.txt,33,49,1,6.2e-05,True
scale_free_001954.txt,16,19,1,3.1e-05,True
scale_free_001955.txt,15,18,1,3.2e-05,True
scale_free_001956.txt,35,47,1,6.2e-05,True
scale_free_001957.txt,29,39,1,4.4e-05,True
scale_free_001958.txt,30,41,1,4.1e-05,True
scale_free_001959.txt,28,46,1,6e-05,True
scale_free_001960.txt,32,47,3,0.005815,True
scale_free_001961.txt,20,30,1,3.6e-05,True
scale_free_001962.txt,17,21,1,3e-05,True
scale_free_001963.txt,19,32,1,4.3e-05,True
scale_free_001964.txt,21,30,1,3.6e-05,True
scale_free_001965.txt,31,44,1,4.4e-05,True
scale_free_001966.txt,21,31,1,4.7e-05,True
scale_free_001967.txt,17,28,1,7.6e-05,True
scale_free_001968.txt,19,29,1,4.6e-05,True
scale_free_001969.txt,35,48,1,6.4e-05,True
scale_free_001970.txt,34,42,1,0.000198,True
scale_free_001971.txt,17,20,1,3.1e-05,True
scale_free_001972.txt,24,33,1,3.9e-05,True
scale_free_001973.txt,34,43,2,0.000455,True
scale_free_001974.txt,30,42,2,0.000464,True
scale_free_001975.txt,34,57,2,0.000771,True
scale_free_001976.txt,20,24,1,8.5e-05,True
scale_free_001977.txt,20,30,1,4.4e-05,True
scale_free_001978.txt,32,42,1,5.8e-05,True
scale_free_001979.txt,31,47,1,6.4e-05,True
scale_free_001980.txt,23,30,1,4.3e-05,True
scale_free_001981.txt,29,41,1,4.9e-05,True
scale_free_001982.txt,34,49,2,0.000493,True
scale_free_001983.txt,16,21,1,4.4e-05,True
scale_free_001984.txt,25,42,1,4.5e-05,True
scale_free_001985.txt,19,32,2,0.000516,True
scale_free_001986.txt,32,46,1,6e-05,True
scale_free_001987.txt,26,36,1,4.1e-05,True
scale_free_001988.txt,32,42,1,5.7e-05,True
scale_free_001989.txt,31,54,1,0.00021,True
scale_free_001990.txt,35,48,1,6.2e-05,True
scale_free_001991.txt,28,37,1,4.2e-05,True
scale_free_001992.txt,18,24,1,6.4e-05,True
scale_free_001993.txt,31,53,1,8.6e-05,True
scale_free_001994.txt,29,38,1,4.4e-05,True
scale_free_001995.txt,26,43,2,0.000464,True
scale_free_001996.txt,15,20,1,3.8e-05,True
scale_free_001997.txt,16,22,2,0.000255,True
scale_free_001998.txt,21,29,2,0.00019,True
scale_free_001999.txt,34,44,2,0.0005,True
