file,n,m,FVS_size,runtime,validity
dag_000000.txt,31,30,0,0.000441,True
dag_000001.txt,15,14,0,0.00031,True
dag_000002.txt,25,24,0,0.000388,True
dag_000003.txt,12,11,0,0.000177,True
dag_000004.txt,19,18,0,0.000178,True
dag_000005.txt,16,15,0,0.000177,True
dag_000006.txt,12,11,0,0.000157,True
dag_000007.txt,15,14,0,0.000218,True
dag_000008.txt,17,16,0,0.000208,True
dag_000009.txt,24,23,0,0.000311,True
dag_000010.txt,13,12,0,0.000165,True
dag_000011.txt,31,30,0,0.000403,True
dag_000012.txt,33,32,0,0.000384,True
dag_000013.txt,23,22,0,0.000318,True
dag_000014.txt,10,9,0,0.000297,True
dag_000015.txt,26,25,0,0.000412,True
dag_000016.txt,14,13,0,0.000307,True
dag_000017.txt,27,26,0,0.000363,True
dag_000018.txt,20,19,0,0.000286,True
dag_000019.txt,21,20,0,0.00032,True
dag_000020.txt,17,16,0,0.000201,True
dag_000021.txt,15,14,0,0.000235,True
dag_000022.txt,22,21,0,0.000317,True
dag_000023.txt,19,18,0,0.00019,True
dag_000024.txt,24,23,0,0.000364,True
dag_000025.txt,29,28,0,0.000411,True
dag_000026.txt,23,22,0,0.000326,True
dag_000027.txt,25,24,0,0.000375,True
dag_000028.txt,35,34,0,0.000539,True
dag_000029.txt,19,18,0,0.000313,True
dag_000030.txt,14,13,0,0.000293,True
dag_000031.txt,22,21,0,0.000339,True
dag_000032.txt,10,9,0,0.000254,True
dag_000033.txt,32,31,0,0.000362,True
dag_000034.txt,24,23,0,0.000321,True
dag_000035.txt,17,16,0,0.000188,True
dag_000036.txt,27,26,0,0.00039,True
dag_000037.txt,20,19,0,0.000157,True
dag_000038.txt,24,23,0,0.000372,True
dag_000039.txt,32,31,0,0.000489,True
dag_000040.txt,21,20,0,0.00031,True
dag_000041.txt,23,22,0,0.000311,True
dag_000042.txt,27,26,0,0.00037,True
dag_000043.txt,19,18,0,0.000159,True
dag_000044.txt,26,25,0,0.000356,True
dag_000045.txt,25,24,0,0.000354,True
dag_000046.txt,16,15,0,0.000211,True
dag_000047.txt,35,34,0,0.000415,True
dag_000048.txt,30,29,0,0.000374,True
dag_000049.txt,32,31,0,0.000421,True
dag_000050.txt,21,20,0,0.000336,True
dag_000051.txt,12,11,0,0.000256,True
dag_000052.txt,25,24,0,0.000362,True
dag_000053.txt,35,34,0,0.000467,True
dag_000054.txt,25,24,0,0.000344,True
dag_000055.txt,21,20,0,0.000311,True
dag_000056.txt,23,22,0,0.000288,True
dag_000057.txt,10,9,0,0.000215,True
dag_000058.txt,28,27,0,0.000365,True
dag_000059.txt,15,14,0,0.000219,True
dag_000060.txt,16,15,0,0.000345,True
dag_000061.txt,29,28,0,0.000367,True
dag_000062.txt,30,29,0,0.000386,True
dag_000063.txt,20,19,0,0.000158,True
dag_000064.txt,34,33,0,0.000396,True
dag_000065.txt,31,30,0,0.000371,True
dag_000066.txt,32,31,0,0.000466,True
dag_000067.txt,10,9,0,0.000213,True
dag_000068.txt,29,28,0,0.000586,True
dag_000069.txt,14,13,0,0.00028,True
dag_000070.txt,28,27,0,0.000374,True
dag_000071.txt,27,26,0,0.00036,True
dag_000072.txt,24,23,0,0.000327,True
dag_000073.txt,29,28,0,0.000402,True
dag_000074.txt,19,18,0,0.000206,True
dag_000075.txt,30,29,0,0.000416,True
dag_000076.txt,15,14,0,0.000374,True
dag_000077.txt,28,27,0,0.000412,True
dag_000078.txt,17,16,0,0.000229,True
dag_000079.txt,27,26,0,0.000408,True
dag_000080.txt,11,10,0,0.000219,True
dag_000081.txt,17,16,0,0.00028,True
dag_000082.txt,30,29,0,0.000474,True
dag_000083.txt,32,31,0,0.000397,True
dag_000084.txt,12,11,0,0.00023,True
dag_000085.txt,16,15,0,0.000271,True
dag_000086.txt,17,16,0,0.000193,True
dag_000087.txt,26,25,0,0.000352,True
dag_000088.txt,22,21,0,0.000376,True
dag_000089.txt,24,23,0,0.000386,True
dag_000090.txt,35,34,0,0.000429,True
dag_000091.txt,23,22,0,0.000331,True
dag_000092.txt,17,16,0,0.000156,True
dag_000093.txt,24,23,0,0.000324,True
dag_000094.txt,12,11,0,0.000232,True
dag_000095.txt,16,15,0,0.000208,True
dag_000096.txt,25,24,0,0.000387,True
dag_000097.txt,34,33,0,0.000418,True
dag_000098.txt,32,31,0,0.00039,True
dag_000099.txt,31,30,0,0.000368,True
dag_000100.txt,22,21,0,0.000414,True
dag_000101.txt,12,11,0,0.00029,True
dag_000102.txt,22,21,0,0.000344,True
dag_000103.txt,15,14,0,0.000272,True
dag_000104.txt,22,21,0,0.000323,True
dag_000105.txt,15,14,0,0.000307,True
dag_000106.txt,34,33,0,0.000426,True
dag_000107.txt,25,24,0,0.000331,True
dag_000108.txt,21,20,0,0.000333,True
dag_000109.txt,31,30,0,0.000413,True
dag_000110.txt,26,25,0,0.000369,True
dag_000111.txt,10,9,0,0.00023,True
dag_000112.txt,26,25,0,0.000346,True
dag_000113.txt,30,29,0,0.00039,True
dag_000114.txt,19,18,0,0.000212,True
dag_000115.txt,22,21,0,0.000316,True
dag_000116.txt,12,11,0,0.000227,True
dag_000117.txt,12,11,0,0.000229,True
dag_000118.txt,17,16,0,0.000261,True
dag_000119.txt,34,33,0,0.000431,True
dag_000120.txt,22,21,0,0.000322,True
dag_000121.txt,22,21,0,0.000331,True
dag_000122.txt,28,27,0,0.000396,True
dag_000123.txt,23,22,0,0.000302,True
dag_000124.txt,25,24,0,0.000342,True
dag_000125.txt,27,26,0,0.000363,True
dag_000126.txt,28,27,0,0.000365,True
dag_000127.txt,22,21,0,0.000313,True
dag_000128.txt,33,32,0,0.000426,True
dag_000129.txt,23,22,0,0.00032,True
dag_000130.txt,20,19,0,0.000322,True
dag_000131.txt,26,25,0,0.000364,True
dag_000132.txt,19,18,0,0.000317,True
dag_000133.txt,34,33,0,0.000425,True
dag_000134.txt,12,11,0,0.000221,True
dag_000135.txt,14,13,0,0.000228,True
dag_000136.txt,10,9,0,0.000271,True
dag_000137.txt,35,34,0,0.000402,True
dag_000138.txt,30,29,0,0.000396,True
dag_000139.txt,15,14,0,0.000223,True
dag_000140.txt,25,24,0,0.000345,True
dag_000141.txt,26,25,0,0.000406,True
dag_000142.txt,31,30,0,0.000412,True
dag_000143.txt,13,12,0,0.000157,True
dag_000144.txt,31,30,0,0.00038,True
dag_000145.txt,33,32,0,0.000415,True
dag_000146.txt,35,34,0,0.000405,True
dag_000147.txt,13,12,0,0.000135,True
dag_000148.txt,32,31,0,0.000423,True
dag_000149.txt,11,10,0,0.000249,True
dag_000150.txt,30,29,0,0.000396,True
dag_000151.txt,27,26,0,0.000347,True
dag_000152.txt,14,13,0,0.000204,True
dag_000153.txt,32,31,0,0.000414,True
dag_000154.txt,22,21,0,0.000332,True
dag_000155.txt,22,21,0,0.000319,True
dag_000156.txt,17,16,0,0.00029,True
dag_000157.txt,18,17,0,0.0003,True
dag_000158.txt,30,29,0,0.00039,True
dag_000159.txt,34,33,0,0.000418,True
dag_000160.txt,16,15,0,0.000282,True
dag_000161.txt,29,28,0,0.000365,True
dag_000162.txt,29,28,0,0.000399,True
dag_000163.txt,35,34,0,0.000415,True
dag_000164.txt,19,18,0,0.000232,True
dag_000165.txt,33,32,0,0.000387,True
dag_000166.txt,27,26,0,0.000427,True
dag_000167.txt,17,16,0,0.000229,True
dag_000168.txt,28,27,0,0.000359,True
dag_000169.txt,10,9,0,0.00022,True
dag_000170.txt,33,32,0,0.000393,True
dag_000171.txt,32,31,0,0.000379,True
dag_000172.txt,21,20,0,0.000319,True
dag_000173.txt,22,21,0,0.000343,True
dag_000174.txt,12,11,0,0.000188,True
dag_000175.txt,15,14,0,0.000211,True
dag_000176.txt,20,19,0,0.000157,True
dag_000177.txt,24,23,0,0.000328,True
dag_000178.txt,15,14,0,0.000274,True
dag_000179.txt,35,34,0,0.00042,True
dag_000180.txt,31,30,0,0.000387,True
dag_000181.txt,10,9,0,0.000234,True
dag_000182.txt,20,19,0,0.000281,True
dag_000183.txt,20,19,0,0.000286,True
dag_000184.txt,14,13,0,0.000239,True
dag_000185.txt,35,34,0,0.000425,True
dag_000186.txt,14,13,0,0.000228,True
dag_000187.txt,31,30,0,0.00041,True
dag_000188.txt,29,28,0,0.000377,True
dag_000189.txt,10,9,0,0.000216,True
dag_000190.txt,25,24,0,0.000411,True
dag_000191.txt,35,34,0,0.000424,True
dag_000192.txt,28,27,0,0.000469,True
dag_000193.txt,27,26,0,0.000346,True
dag_000194.txt,17,16,0,0.000261,True
dag_000195.txt,28,27,0,0.000366,True
dag_000196.txt,11,10,0,0.000186,True
dag_000197.txt,16,15,0,0.000165,True
dag_000198.txt,10,9,0,0.000229,True
dag_000199.txt,29,28,0,0.00039,True
dag_000200.txt,18,17,0,0.000286,True
dag_000201.txt,34,33,0,0.000397,True
dag_000202.txt,11,10,0,0.000222,True
dag_000203.txt,24,23,0,0.000325,True
dag_000204.txt,18,17,0,0.000336,True
dag_000205.txt,26,25,0,0.000351,True
dag_000206.txt,34,33,0,0.000398,True
dag_000207.txt,27,26,0,0.000408,True
dag_000208.txt,17,16,0,0.00025,True
dag_000209.txt,35,34,0,0.000433,True
dag_000210.txt,32,31,0,0.000452,True
dag_000211.txt,13,12,0,0.000167,True
dag_000212.txt,34,33,0,0.000437,True
dag_000213.txt,29,28,0,0.000413,True
dag_000214.txt,32,31,0,0.000417,True
dag_000215.txt,32,31,0,0.000391,True
dag_000216.txt,11,10,0,0.000194,True
dag_000217.txt,24,23,0,0.000423,True
dag_000218.txt,30,29,0,0.000396,True
dag_000219.txt,24,23,0,0.00038,True
dag_000220.txt,31,30,0,0.000383,True
dag_000221.txt,24,23,0,0.000333,True
dag_000222.txt,32,31,0,0.000409,True
dag_000223.txt,11,10,0,0.000216,True
dag_000224.txt,26,25,0,0.000357,True
dag_000225.txt,32,31,0,0.000394,True
dag_000226.txt,18,17,0,0.000301,True
dag_000227.txt,31,30,0,0.000395,True
dag_000228.txt,15,14,0,0.000262,True
dag_000229.txt,32,31,0,0.000405,True
dag_000230.txt,17,16,0,0.000276,True
dag_000231.txt,11,10,0,0.000236,True
dag_000232.txt,30,29,0,0.000443,True
dag_000233.txt,23,22,0,0.000321,True
dag_000234.txt,30,29,0,0.000389,True
dag_000235.txt,24,23,0,0.000319,True
dag_000236.txt,18,17,0,0.0003,True
dag_000237.txt,30,29,0,0.00038,True
dag_000238.txt,35,34,0,0.000447,True
dag_000239.txt,29,28,0,0.000402,True
dag_000240.txt,33,32,0,0.000427,True
dag_000241.txt,35,34,0,0.000437,True
dag_000242.txt,12,11,0,0.000249,True
dag_000243.txt,18,17,0,0.000364,True
dag_000244.txt,17,16,0,0.000288,True
dag_000245.txt,27,26,0,0.000356,True
dag_000246.txt,32,31,0,0.000443,True
dag_000247.txt,27,26,0,0.000355,True
dag_000248.txt,27,26,0,0.000385,True
dag_000249.txt,27,26,0,0.000343,True
dag_000250.txt,23,22,0,0.000333,True
dag_000251.txt,32,31,0,0.000385,True
dag_000252.txt,13,12,0,0.000219,True
dag_000253.txt,23,22,0,0.000386,True
dag_000254.txt,12,11,0,0.000252,True
dag_000255.txt,14,13,0,0.000247,True
dag_000256.txt,34,33,0,0.000528,True
dag_000257.txt,15,14,0,0.000283,True
dag_000258.txt,15,14,0,0.000282,True
dag_000259.txt,13,12,0,0.000258,True
dag_000260.txt,12,11,0,0.000269,True
dag_000261.txt,27,26,0,0.000384,True
dag_000262.txt,15,14,0,0.000266,True
dag_000263.txt,18,17,0,0.000316,True
dag_000264.txt,20,19,0,0.000339,True
dag_000265.txt,19,18,0,0.000303,True
dag_000266.txt,29,28,0,0.000372,True
dag_000267.txt,13,12,0,0.000194,True
dag_000268.txt,26,25,0,0.000345,True
dag_000269.txt,11,10,0,0.000212,True
dag_000270.txt,26,25,0,0.00034,True
dag_000271.txt,34,33,0,0.000448,True
dag_000272.txt,27,26,0,0.000366,True
dag_000273.txt,11,10,0,0.000198,True
dag_000274.txt,17,16,0,0.000291,True
dag_000275.txt,11,10,0,0.000193,True
dag_000276.txt,32,31,0,0.000393,True
dag_000277.txt,28,27,0,0.000393,True
dag_000278.txt,16,15,0,0.000259,True
dag_000279.txt,18,17,0,0.000302,True
dag_000280.txt,16,15,0,0.000268,True
dag_000281.txt,29,28,0,0.000369,True
dag_000282.txt,27,26,0,0.000352,True
dag_000283.txt,20,19,0,0.000326,True
dag_000284.txt,21,20,0,0.000312,True
dag_000285.txt,14,13,0,0.000251,True
dag_000286.txt,32,31,0,0.000529,True
dag_000287.txt,24,23,0,0.000367,True
dag_000288.txt,33,32,0,0.000488,True
dag_000289.txt,20,19,0,0.00031,True
dag_000290.txt,16,15,0,0.000284,True
dag_000291.txt,13,12,0,0.000266,True
dag_000292.txt,12,11,0,0.000243,True
dag_000293.txt,16,15,0,0.000274,True
dag_000294.txt,17,16,0,0.000298,True
dag_000295.txt,30,29,0,0.000427,True
dag_000296.txt,34,33,0,0.000442,True
dag_000297.txt,11,10,0,0.000213,True
dag_000298.txt,16,15,0,0.000232,True
dag_000299.txt,21,20,0,0.000391,True
dag_000300.txt,29,28,0,0.000371,True
dag_000301.txt,29,28,0,0.000389,True
dag_000302.txt,24,23,0,0.000338,True
dag_000303.txt,21,20,0,0.000356,True
dag_000304.txt,24,23,0,0.000342,True
dag_000305.txt,11,10,0,0.000216,True
dag_000306.txt,22,21,0,0.0003,True
dag_000307.txt,28,27,0,0.000426,True
dag_000308.txt,20,19,0,0.000418,True
dag_000309.txt,23,22,0,0.000321,True
dag_000310.txt,30,29,0,0.000373,True
dag_000311.txt,18,17,0,0.000336,True
dag_000312.txt,25,24,0,0.000354,True
dag_000313.txt,35,34,0,0.00041,True
dag_000314.txt,20,19,0,0.000295,True
dag_000315.txt,24,23,0,0.000314,True
dag_000316.txt,24,23,0,0.000314,True
dag_000317.txt,10,9,0,0.000213,True
dag_000318.txt,16,15,0,0.00023,True
dag_000319.txt,28,27,0,0.000367,True
dag_000320.txt,17,16,0,0.000236,True
dag_000321.txt,32,31,0,0.000428,True
dag_000322.txt,25,24,0,0.000404,True
dag_000323.txt,24,23,0,0.000371,True
dag_000324.txt,28,27,0,0.000393,True
dag_000325.txt,31,30,0,0.000397,True
dag_000326.txt,23,22,0,0.000327,True
dag_000327.txt,16,15,0,0.000242,True
dag_000328.txt,23,22,0,0.000319,True
dag_000329.txt,22,21,0,0.000351,True
dag_000330.txt,16,15,0,0.000276,True
dag_000331.txt,24,23,0,0.000301,True
dag_000332.txt,14,13,0,0.000259,True
dag_000333.txt,21,20,0,0.00032,True
dag_000334.txt,28,27,0,0.000379,True
dag_000335.txt,31,30,0,0.000388,True
dag_000336.txt,18,17,0,0.000353,True
dag_000337.txt,32,31,0,0.000415,True
dag_000338.txt,19,18,0,0.000303,True
dag_000339.txt,23,22,0,0.000325,True
dag_000340.txt,28,27,0,0.000377,True
dag_000341.txt,34,33,0,0.000397,True
dag_000342.txt,28,27,0,0.000353,True
dag_000343.txt,12,11,0,0.000267,True
dag_000344.txt,20,19,0,0.000243,True
dag_000345.txt,12,11,0,0.000276,True
dag_000346.txt,27,26,0,0.00038,True
dag_000347.txt,17,16,0,0.000239,True
dag_000348.txt,31,30,0,0.000382,True
dag_000349.txt,18,17,0,0.000288,True
dag_000350.txt,29,28,0,0.000413,True
dag_000351.txt,14,13,0,0.00022,True
dag_000352.txt,29,28,0,0.000401,True
dag_000353.txt,30,29,0,0.00045,True
dag_000354.txt,13,12,0,0.000266,True
dag_000355.txt,32,31,0,0.000394,True
dag_000356.txt,29,28,0,0.000397,True
dag_000357.txt,25,24,0,0.000389,True
dag_000358.txt,27,26,0,0.000415,True
dag_000359.txt,22,21,0,0.000323,True
dag_000360.txt,16,15,0,0.000284,True
dag_000361.txt,19,18,0,0.000338,True
dag_000362.txt,28,27,0,0.000376,True
dag_000363.txt,23,22,0,0.000325,True
dag_000364.txt,23,22,0,0.000356,True
dag_000365.txt,28,27,0,0.000459,True
dag_000366.txt,17,16,0,0.0003,True
dag_000367.txt,23,22,0,0.000353,True
dag_000368.txt,21,20,0,0.000361,True
dag_000369.txt,31,30,0,0.000377,True
dag_000370.txt,22,21,0,0.000331,True
dag_000371.txt,25,24,0,0.000351,True
dag_000372.txt,27,26,0,0.000346,True
dag_000373.txt,34,33,0,0.000412,True
dag_000374.txt,33,32,0,0.000437,True
dag_000375.txt,31,30,0,0.000454,True
dag_000376.txt,35,34,0,0.000432,True
dag_000377.txt,35,34,0,0.000429,True
dag_000378.txt,32,31,0,0.000357,True
dag_000379.txt,34,33,0,0.000449,True
dag_000380.txt,18,17,0,0.000306,True
dag_000381.txt,22,21,0,0.000361,True
dag_000382.txt,29,28,0,0.000385,True
dag_000383.txt,14,13,0,0.000257,True
dag_000384.txt,22,21,0,0.000386,True
dag_000385.txt,26,25,0,0.000409,True
dag_000386.txt,10,9,0,0.000224,True
dag_000387.txt,12,11,0,0.000243,True
dag_000388.txt,24,23,0,0.00034,True
dag_000389.txt,28,27,0,0.000374,True
dag_000390.txt,33,32,0,0.000442,True
dag_000391.txt,33,32,0,0.000409,True
dag_000392.txt,31,30,0,0.000382,True
dag_000393.txt,32,31,0,0.000404,True
dag_000394.txt,17,16,0,0.000329,True
dag_000395.txt,18,17,0,0.000296,True
dag_000396.txt,25,24,0,0.000356,True
dag_000397.txt,10,9,0,0.000212,True
dag_000398.txt,22,21,0,0.000318,True
dag_000399.txt,13,12,0,0.000257,True
dag_000400.txt,20,19,0,0.000305,True
dag_000401.txt,14,13,0,0.000255,True
dag_000402.txt,32,31,0,0.000423,True
dag_000403.txt,34,33,0,0.000422,True
dag_000404.txt,17,16,0,0.000322,True
dag_000405.txt,33,32,0,0.000401,True
dag_000406.txt,16,15,0,0.000295,True
dag_000407.txt,24,23,0,0.000331,True
dag_000408.txt,25,24,0,0.000356,True
dag_000409.txt,29,28,0,0.00037,True
dag_000410.txt,12,11,0,0.000245,True
dag_000411.txt,17,16,0,0.000289,True
dag_000412.txt,28,27,0,0.000367,True
dag_000413.txt,23,22,0,0.000356,True
dag_000414.txt,14,13,0,0.000223,True
dag_000415.txt,32,31,0,0.000417,True
dag_000416.txt,20,19,0,0.000322,True
dag_000417.txt,12,11,0,0.000242,True
dag_000418.txt,32,31,0,0.000394,True
dag_000419.txt,13,12,0,0.000247,True
dag_000420.txt,12,11,0,0.000253,True
dag_000421.txt,23,22,0,0.000336,True
dag_000422.txt,28,27,0,0.000374,True
dag_000423.txt,25,24,0,0.000396,True
dag_000424.txt,12,11,0,0.000249,True
dag_000425.txt,30,29,0,0.000383,True
dag_000426.txt,13,12,0,0.00022,True
dag_000427.txt,30,29,0,0.000376,True
dag_000428.txt,19,18,0,0.000247,True
dag_000429.txt,12,11,0,0.00027,True
dag_000430.txt,17,16,0,0.000255,True
dag_000431.txt,21,20,0,0.000287,True
dag_000432.txt,35,34,0,0.000431,True
dag_000433.txt,25,24,0,0.000358,True
dag_000434.txt,22,21,0,0.000356,True
dag_000435.txt,23,22,0,0.000346,True
dag_000436.txt,34,33,0,0.000407,True
dag_000437.txt,35,34,0,0.000425,True
dag_000438.txt,19,18,0,0.000289,True
dag_000439.txt,22,21,0,0.000317,True
dag_000440.txt,22,21,0,0.00034,True
dag_000441.txt,14,13,0,0.000243,True
dag_000442.txt,23,22,0,0.00033,True
dag_000443.txt,12,11,0,0.000243,True
dag_000444.txt,19,18,0,0.000345,True
dag_000445.txt,22,21,0,0.000322,True
dag_000446.txt,18,17,0,0.000413,True
dag_000447.txt,25,24,0,0.000398,True
dag_000448.txt,31,30,0,0.000444,True
dag_000449.txt,24,23,0,0.00034,True
dag_000450.txt,24,23,0,0.00033,True
dag_000451.txt,24,23,0,0.000327,True
dag_000452.txt,21,20,0,0.000353,True
dag_000453.txt,12,11,0,0.000252,True
dag_000454.txt,22,21,0,0.000364,True
dag_000455.txt,13,12,0,0.000274,True
dag_000456.txt,17,16,0,0.000305,True
dag_000457.txt,30,29,0,0.000406,True
dag_000458.txt,11,10,0,0.000228,True
dag_000459.txt,24,23,0,0.000339,True
dag_000460.txt,31,30,0,0.000395,True
dag_000461.txt,26,25,0,0.000352,True
dag_000462.txt,14,13,0,0.000249,True
dag_000463.txt,32,31,0,0.000404,True
dag_000464.txt,22,21,0,0.000351,True
dag_000465.txt,21,20,0,0.000343,True
dag_000466.txt,32,31,0,0.000415,True
dag_000467.txt,34,33,0,0.000452,True
dag_000468.txt,10,9,0,0.000239,True
dag_000469.txt,20,19,0,0.000307,True
dag_000470.txt,21,20,0,0.000339,True
dag_000471.txt,22,21,0,0.000357,True
dag_000472.txt,15,14,0,0.000293,True
dag_000473.txt,34,33,0,0.000479,True
dag_000474.txt,11,10,0,0.000236,True
dag_000475.txt,16,15,0,0.000331,True
dag_000476.txt,14,13,0,0.00033,True
dag_000477.txt,15,14,0,0.00028,True
dag_000478.txt,22,21,0,0.000332,True
dag_000479.txt,17,16,0,0.000289,True
dag_000480.txt,17,16,0,0.000295,True
dag_000481.txt,35,34,0,0.000409,True
dag_000482.txt,25,24,0,0.000347,True
dag_000483.txt,21,20,0,0.00031,True
dag_000484.txt,33,32,0,0.000482,True
dag_000485.txt,30,29,0,0.00043,True
dag_000486.txt,10,9,0,0.000243,True
dag_000487.txt,18,17,0,0.000305,True
dag_000488.txt,21,20,0,0.000333,True
dag_000489.txt,13,12,0,0.000277,True
dag_000490.txt,10,9,0,0.000242,True
dag_000491.txt,27,26,0,0.000367,True
dag_000492.txt,22,21,0,0.00036,True
dag_000493.txt,21,20,0,0.000371,True
dag_000494.txt,10,9,0,0.000221,True
dag_000495.txt,23,22,0,0.000351,True
dag_000496.txt,17,16,0,0.000275,True
dag_000497.txt,18,17,0,0.000307,True
dag_000498.txt,10,9,0,0.000263,True
dag_000499.txt,11,10,0,0.000229,True
dag_000500.txt,32,31,0,0.000435,True
dag_000501.txt,14,13,0,0.000253,True
dag_000502.txt,35,34,0,0.000418,True
dag_000503.txt,24,23,0,0.000384,True
dag_000504.txt,30,29,0,0.000443,True
dag_000505.txt,29,28,0,0.000429,True
dag_000506.txt,14,13,0,0.000238,True
dag_000507.txt,23,22,0,0.000406,True
dag_000508.txt,27,26,0,0.000379,True
dag_000509.txt,26,25,0,0.000326,True
dag_000510.txt,28,27,0,0.000392,True
dag_000511.txt,29,28,0,0.000448,True
dag_000512.txt,18,17,0,0.000332,True
dag_000513.txt,16,15,0,0.0003,True
dag_000514.txt,23,22,0,0.000337,True
dag_000515.txt,31,30,0,0.000404,True
dag_000516.txt,10,9,0,0.000226,True
dag_000517.txt,15,14,0,0.000285,True
dag_000518.txt,12,11,0,0.000306,True
dag_000519.txt,23,22,0,0.000328,True
dag_000520.txt,34,33,0,0.000437,True
dag_000521.txt,20,19,0,0.000355,True
dag_000522.txt,25,24,0,0.000368,True
dag_000523.txt,15,14,0,0.000282,True
dag_000524.txt,24,23,0,0.000447,True
dag_000525.txt,28,27,0,0.000376,True
dag_000526.txt,24,23,0,0.000344,True
dag_000527.txt,23,22,0,0.000333,True
dag_000528.txt,14,13,0,0.000239,True
dag_000529.txt,28,27,0,0.000367,True
dag_000530.txt,22,21,0,0.000335,True
dag_000531.txt,14,13,0,0.000218,True
dag_000532.txt,25,24,0,0.000409,True
dag_000533.txt,33,32,0,0.000449,True
dag_000534.txt,16,15,0,0.000279,True
dag_000535.txt,19,18,0,0.00036,True
dag_000536.txt,33,32,0,0.000459,True
dag_000537.txt,12,11,0,0.000271,True
dag_000538.txt,35,34,0,0.000423,True
dag_000539.txt,28,27,0,0.000388,True
dag_000540.txt,32,31,0,0.000412,True
dag_000541.txt,32,31,0,0.000437,True
dag_000542.txt,17,16,0,0.000292,True
dag_000543.txt,28,27,0,0.000372,True
dag_000544.txt,30,29,0,0.000419,True
dag_000545.txt,27,26,0,0.000371,True
dag_000546.txt,28,27,0,0.000372,True
dag_000547.txt,35,34,0,0.000431,True
dag_000548.txt,26,25,0,0.00035,True
dag_000549.txt,28,27,0,0.00036,True
dag_000550.txt,26,25,0,0.000419,True
dag_000551.txt,28,27,0,0.000389,True
dag_000552.txt,15,14,0,0.000329,True
dag_000553.txt,33,32,0,0.000419,True
dag_000554.txt,18,17,0,0.000305,True
dag_000555.txt,21,20,0,0.000331,True
dag_000556.txt,26,25,0,0.000414,True
dag_000557.txt,10,9,0,0.000223,True
dag_000558.txt,24,23,0,0.000343,True
dag_000559.txt,34,33,0,0.000412,True
dag_000560.txt,12,11,0,0.000259,True
dag_000561.txt,22,21,0,0.000332,True
dag_000562.txt,10,9,0,0.000224,True
dag_000563.txt,23,22,0,0.000369,True
dag_000564.txt,34,33,0,0.000478,True
dag_000565.txt,15,14,0,0.000289,True
dag_000566.txt,30,29,0,0.000445,True
dag_000567.txt,34,33,0,0.000437,True
dag_000568.txt,20,19,0,0.00031,True
dag_000569.txt,20,19,0,0.00031,True
dag_000570.txt,11,10,0,0.00023,True
dag_000571.txt,16,15,0,0.0003,True
dag_000572.txt,19,18,0,0.00039,True
dag_000573.txt,22,21,0,0.000351,True
dag_000574.txt,33,32,0,0.000445,True
dag_000575.txt,10,9,0,0.000228,True
dag_000576.txt,11,10,0,0.000285,True
dag_000577.txt,11,10,0,0.000251,True
dag_000578.txt,10,9,0,0.000268,True
dag_000579.txt,13,12,0,0.000255,True
dag_000580.txt,32,31,0,0.000441,True
dag_000581.txt,32,31,0,0.000386,True
dag_000582.txt,33,32,0,0.000403,True
dag_000583.txt,21,20,0,0.000319,True
dag_000584.txt,18,17,0,0.000302,True
dag_000585.txt,33,32,0,0.000421,True
dag_000586.txt,16,15,0,0.000327,True
dag_000587.txt,30,29,0,0.000412,True
dag_000588.txt,10,9,0,0.000237,True
dag_000589.txt,12,11,0,0.00027,True
dag_000590.txt,26,25,0,0.000407,True
dag_000591.txt,23,22,0,0.000328,True
dag_000592.txt,24,23,0,0.000377,True
dag_000593.txt,30,29,0,0.00041,True
dag_000594.txt,13,12,0,0.000264,True
dag_000595.txt,23,22,0,0.000359,True
dag_000596.txt,24,23,0,0.000365,True
dag_000597.txt,32,31,0,0.000412,True
dag_000598.txt,33,32,0,0.000438,True
dag_000599.txt,28,27,0,0.000413,True
dag_000600.txt,27,26,0,0.000386,True
dag_000601.txt,35,34,0,0.000415,True
dag_000602.txt,18,17,0,0.000333,True
dag_000603.txt,22,21,0,0.000389,True
dag_000604.txt,25,24,0,0.000409,True
dag_000605.txt,24,23,0,0.000375,True
dag_000606.txt,14,13,0,0.000275,True
dag_000607.txt,29,28,0,0.000386,True
dag_000608.txt,11,10,0,0.0002,True
dag_000609.txt,12,11,0,0.000291,True
dag_000610.txt,13,12,0,0.000308,True
dag_000611.txt,26,25,0,0.000338,True
dag_000612.txt,23,22,0,0.000336,True
dag_000613.txt,13,12,0,0.000265,True
dag_000614.txt,30,29,0,0.000421,True
dag_000615.txt,13,12,0,0.000271,True
dag_000616.txt,28,27,0,0.000383,True
dag_000617.txt,15,14,0,0.000293,True
dag_000618.txt,14,13,0,0.000287,True
dag_000619.txt,21,20,0,0.00035,True
dag_000620.txt,26,25,0,0.000357,True
dag_000621.txt,17,16,0,0.000307,True
dag_000622.txt,24,23,0,0.000343,True
dag_000623.txt,10,9,0,0.000237,True
dag_000624.txt,15,14,0,0.000289,True
dag_000625.txt,27,26,0,0.000411,True
dag_000626.txt,25,24,0,0.000394,True
dag_000627.txt,27,26,0,0.000363,True
dag_000628.txt,11,10,0,0.00025,True
dag_000629.txt,21,20,0,0.000348,True
dag_000630.txt,13,12,0,0.000248,True
dag_000631.txt,33,32,0,0.000425,True
dag_000632.txt,28,27,0,0.000417,True
dag_000633.txt,15,14,0,0.000302,True
dag_000634.txt,33,32,0,0.00044,True
dag_000635.txt,10,9,0,0.000214,True
dag_000636.txt,28,27,0,0.000358,True
dag_000637.txt,23,22,0,0.000349,True
dag_000638.txt,13,12,0,0.00034,True
dag_000639.txt,20,19,0,0.000353,True
dag_000640.txt,13,12,0,0.000262,True
dag_000641.txt,30,29,0,0.000432,True
dag_000642.txt,27,26,0,0.000383,True
dag_000643.txt,33,32,0,0.000432,True
dag_000644.txt,16,15,0,0.000306,True
dag_000645.txt,27,26,0,0.000386,True
dag_000646.txt,32,31,0,0.000394,True
dag_000647.txt,21,20,0,0.000326,True
dag_000648.txt,20,19,0,0.000492,True
dag_000649.txt,15,14,0,0.000305,True
dag_000650.txt,17,16,0,0.000314,True
dag_000651.txt,31,30,0,0.000392,True
dag_000652.txt,22,21,0,0.000335,True
dag_000653.txt,30,29,0,0.000431,True
dag_000654.txt,23,22,0,0.000331,True
dag_000655.txt,20,19,0,0.000264,True
dag_000656.txt,22,21,0,0.000399,True
dag_000657.txt,11,10,0,0.000273,True
dag_000658.txt,10,9,0,0.000236,True
dag_000659.txt,13,12,0,0.00029,True
dag_000660.txt,15,14,0,0.000292,True
dag_000661.txt,31,30,0,0.000415,True
dag_000662.txt,31,30,0,0.000398,True
dag_000663.txt,30,29,0,0.000404,True
dag_000664.txt,34,33,0,0.000414,True
dag_000665.txt,12,11,0,0.000259,True
dag_000666.txt,10,9,0,0.000267,True
dag_000667.txt,17,16,0,0.000321,True
dag_000668.txt,24,23,0,0.000371,True
dag_000669.txt,11,10,0,0.00026,True
dag_000670.txt,21,20,0,0.000378,True
dag_000671.txt,33,32,0,0.000429,True
dag_000672.txt,31,30,0,0.000393,True
dag_000673.txt,26,25,0,0.000343,True
dag_000674.txt,25,24,0,0.00036,True
dag_000675.txt,17,16,0,0.000303,True
dag_000676.txt,34,33,0,0.000411,True
dag_000677.txt,27,26,0,0.000364,True
dag_000678.txt,28,27,0,0.000384,True
dag_000679.txt,22,21,0,0.000395,True
dag_000680.txt,11,10,0,0.000234,True
dag_000681.txt,22,21,0,0.000339,True
dag_000682.txt,31,30,0,0.000474,True
dag_000683.txt,33,32,0,0.000415,True
dag_000684.txt,29,28,0,0.000401,True
dag_000685.txt,26,25,0,0.000384,True
dag_000686.txt,13,12,0,0.000264,True
dag_000687.txt,23,22,0,0.000332,True
dag_000688.txt,32,31,0,0.000428,True
dag_000689.txt,20,19,0,0.00033,True
dag_000690.txt,17,16,0,0.000328,True
dag_000691.txt,18,17,0,0.000319,True
dag_000692.txt,13,12,0,0.000259,True
dag_000693.txt,29,28,0,0.000378,True
dag_000694.txt,20,19,0,0.000354,True
dag_000695.txt,11,10,0,0.000228,True
dag_000696.txt,20,19,0,0.000423,True
dag_000697.txt,35,34,0,0.000425,True
dag_000698.txt,11,10,0,0.000232,True
dag_000699.txt,12,11,0,0.000254,True
dag_000700.txt,11,10,0,0.000251,True
dag_000701.txt,12,11,0,0.000271,True
dag_000702.txt,28,27,0,0.00042,True
dag_000703.txt,10,9,0,0.000246,True
dag_000704.txt,28,27,0,0.000397,True
dag_000705.txt,34,33,0,0.000417,True
dag_000706.txt,12,11,0,0.000252,True
dag_000707.txt,28,27,0,0.0004,True
dag_000708.txt,29,28,0,0.000399,True
dag_000709.txt,34,33,0,0.000451,True
dag_000710.txt,33,32,0,0.000427,True
dag_000711.txt,10,9,0,0.000253,True
dag_000712.txt,26,25,0,0.000374,True
dag_000713.txt,24,23,0,0.000311,True
dag_000714.txt,15,14,0,0.000309,True
dag_000715.txt,20,19,0,0.000352,True
dag_000716.txt,12,11,0,0.000347,True
dag_000717.txt,21,20,0,0.00032,True
dag_000718.txt,33,32,0,0.000468,True
dag_000719.txt,33,32,0,0.00044,True
dag_000720.txt,20,19,0,0.00033,True
dag_000721.txt,19,18,0,0.000348,True
dag_000722.txt,19,18,0,0.000378,True
dag_000723.txt,35,34,0,0.000445,True
dag_000724.txt,29,28,0,0.000424,True
dag_000725.txt,22,21,0,0.000344,True
dag_000726.txt,11,10,0,0.000268,True
dag_000727.txt,27,26,0,0.000374,True
dag_000728.txt,20,19,0,0.000354,True
dag_000729.txt,32,31,0,0.000446,True
dag_000730.txt,34,33,0,0.000435,True
dag_000731.txt,35,34,0,0.000421,True
dag_000732.txt,34,33,0,0.000409,True
dag_000733.txt,25,24,0,0.000395,True
dag_000734.txt,18,17,0,0.00033,True
dag_000735.txt,23,22,0,0.000339,True
dag_000736.txt,14,13,0,0.000215,True
dag_000737.txt,23,22,0,0.000323,True
dag_000738.txt,13,12,0,0.00027,True
dag_000739.txt,15,14,0,0.000292,True
dag_000740.txt,31,30,0,0.00043,True
dag_000741.txt,20,19,0,0.000378,True
dag_000742.txt,33,32,0,0.000449,True
dag_000743.txt,31,30,0,0.000407,True
dag_000744.txt,31,30,0,0.000423,True
dag_000745.txt,11,10,0,0.000224,True
dag_000746.txt,22,21,0,0.000341,True
dag_000747.txt,19,18,0,0.000314,True
dag_000748.txt,11,10,0,0.000218,True
dag_000749.txt,35,34,0,0.000421,True
dag_000750.txt,31,30,0,0.00039,True
dag_000751.txt,22,21,0,0.000334,True
dag_000752.txt,31,30,0,0.00043,True
dag_000753.txt,14,13,0,0.000277,True
dag_000754.txt,24,23,0,0.000328,True
dag_000755.txt,30,29,0,0.000393,True
dag_000756.txt,26,25,0,0.000398,True
dag_000757.txt,27,26,0,0.00039,True
dag_000758.txt,18,17,0,0.000303,True
dag_000759.txt,14,13,0,0.000312,True
dag_000760.txt,12,11,0,0.000258,True
dag_000761.txt,32,31,0,0.000411,True
dag_000762.txt,23,22,0,0.000346,True
dag_000763.txt,32,31,0,0.000407,True
dag_000764.txt,13,12,0,0.000277,True
dag_000765.txt,21,20,0,0.000328,True
dag_000766.txt,33,32,0,0.00045,True
dag_000767.txt,28,27,0,0.000371,True
dag_000768.txt,28,27,0,0.000385,True
dag_000769.txt,13,12,0,0.000317,True
dag_000770.txt,25,24,0,0.000396,True
dag_000771.txt,18,17,0,0.000298,True
dag_000772.txt,19,18,0,0.000356,True
dag_000773.txt,20,19,0,0.000331,True
dag_000774.txt,29,28,0,0.000389,True
dag_000775.txt,10,9,0,0.000228,True
dag_000776.txt,30,29,0,0.000428,True
dag_000777.txt,12,11,0,0.000248,True
dag_000778.txt,21,20,0,0.000355,True
dag_000779.txt,29,28,0,0.000419,True
dag_000780.txt,32,31,0,0.000434,True
dag_000781.txt,14,13,0,0.000282,True
dag_000782.txt,26,25,0,0.000351,True
dag_000783.txt,13,12,0,0.000275,True
dag_000784.txt,11,10,0,0.000236,True
dag_000785.txt,21,20,0,0.00036,True
dag_000786.txt,34,33,0,0.000428,True
dag_000787.txt,19,18,0,0.000361,True
dag_000788.txt,23,22,0,0.000321,True
dag_000789.txt,14,13,0,0.000267,True
dag_000790.txt,29,28,0,0.0004,True
dag_000791.txt,18,17,0,0.000332,True
dag_000792.txt,18,17,0,0.000302,True
dag_000793.txt,24,23,0,0.000364,True
dag_000794.txt,16,15,0,0.000317,True
dag_000795.txt,11,10,0,0.000229,True
dag_000796.txt,34,33,0,0.000457,True
dag_000797.txt,34,33,0,0.000421,True
dag_000798.txt,12,11,0,0.000258,True
dag_000799.txt,35,34,0,0.000445,True
dag_000800.txt,13,12,0,0.000272,True
dag_000801.txt,11,10,0,0.000248,True
dag_000802.txt,30,29,0,0.000399,True
dag_000803.txt,12,11,0,0.000262,True
dag_000804.txt,35,34,0,0.000478,True
dag_000805.txt,32,31,0,0.000421,True
dag_000806.txt,25,24,0,0.000381,True
dag_000807.txt,20,19,0,0.000371,True
dag_000808.txt,30,29,0,0.000432,True
dag_000809.txt,33,32,0,0.000401,True
dag_000810.txt,31,30,0,0.000412,True
dag_000811.txt,30,29,0,0.000405,True
dag_000812.txt,34,33,0,0.000366,True
dag_000813.txt,29,28,0,0.000419,True
dag_000814.txt,15,14,0,0.000299,True
dag_000815.txt,16,15,0,0.000316,True
dag_000816.txt,28,27,0,0.000425,True
dag_000817.txt,19,18,0,0.000422,True
dag_000818.txt,27,26,0,0.000389,True
dag_000819.txt,33,32,0,0.000407,True
dag_000820.txt,16,15,0,0.000304,True
dag_000821.txt,27,26,0,0.000373,True
dag_000822.txt,12,11,0,0.000254,True
dag_000823.txt,35,34,0,0.000436,True
dag_000824.txt,25,24,0,0.000387,True
dag_000825.txt,18,17,0,0.000352,True
dag_000826.txt,12,11,0,0.000286,True
dag_000827.txt,23,22,0,0.000332,True
dag_000828.txt,24,23,0,0.00035,True
dag_000829.txt,28,27,0,0.000366,True
dag_000830.txt,32,31,0,0.000427,True
dag_000831.txt,21,20,0,0.000334,True
dag_000832.txt,30,29,0,0.000406,True
dag_000833.txt,20,19,0,0.000351,True
dag_000834.txt,28,27,0,0.000409,True
dag_000835.txt,19,18,0,0.000354,True
dag_000836.txt,23,22,0,0.000298,True
dag_000837.txt,29,28,0,0.000437,True
dag_000838.txt,22,21,0,0.000366,True
dag_000839.txt,23,22,0,0.000333,True
dag_000840.txt,23,22,0,0.000367,True
dag_000841.txt,20,19,0,0.00032,True
dag_000842.txt,27,26,0,0.000378,True
dag_000843.txt,32,31,0,0.000416,True
dag_000844.txt,32,31,0,0.000414,True
dag_000845.txt,15,14,0,0.000294,True
dag_000846.txt,10,9,0,0.000254,True
dag_000847.txt,16,15,0,0.000295,True
dag_000848.txt,24,23,0,0.000349,True
dag_000849.txt,32,31,0,0.000422,True
dag_000850.txt,16,15,0,0.000309,True
dag_000851.txt,25,24,0,0.000347,True
dag_000852.txt,25,24,0,0.000383,True
dag_000853.txt,25,24,0,0.000353,True
dag_000854.txt,23,22,0,0.000333,True
dag_000855.txt,11,10,0,0.00024,True
dag_000856.txt,25,24,0,0.00038,True
dag_000857.txt,11,10,0,0.000228,True
dag_000858.txt,15,14,0,0.000301,True
dag_000859.txt,11,10,0,0.000235,True
dag_000860.txt,17,16,0,0.000344,True
dag_000861.txt,23,22,0,0.000335,True
dag_000862.txt,11,10,0,0.000225,True
dag_000863.txt,29,28,0,0.000411,True
dag_000864.txt,33,32,0,0.000409,True
dag_000865.txt,26,25,0,0.000373,True
dag_000866.txt,14,13,0,0.000303,True
dag_000867.txt,23,22,0,0.000357,True
dag_000868.txt,30,29,0,0.000421,True
dag_000869.txt,17,16,0,0.000314,True
dag_000870.txt,15,14,0,0.000292,True
dag_000871.txt,19,18,0,0.000344,True
dag_000872.txt,16,15,0,0.000314,True
dag_000873.txt,32,31,0,0.000441,True
dag_000874.txt,19,18,0,0.000353,True
dag_000875.txt,28,27,0,0.00039,True
dag_000876.txt,15,14,0,0.000341,True
dag_000877.txt,28,27,0,0.000375,True
dag_000878.txt,31,30,0,0.000384,True
dag_000879.txt,23,22,0,0.000329,True
dag_000880.txt,26,25,0,0.000369,True
dag_000881.txt,13,12,0,0.00026,True
dag_000882.txt,17,16,0,0.000297,True
dag_000883.txt,35,34,0,0.000474,True
dag_000884.txt,17,16,0,0.000327,True
dag_000885.txt,32,31,0,0.000418,True
dag_000886.txt,24,23,0,0.000375,True
dag_000887.txt,33,32,0,0.000383,True
dag_000888.txt,10,9,0,0.000227,True
dag_000889.txt,28,27,0,0.000446,True
dag_000890.txt,24,23,0,0.000376,True
dag_000891.txt,12,11,0,0.000235,True
dag_000892.txt,14,13,0,0.000293,True
dag_000893.txt,27,26,0,0.000374,True
dag_000894.txt,12,11,0,0.000258,True
dag_000895.txt,28,27,0,0.000394,True
dag_000896.txt,28,27,0,0.000489,True
dag_000897.txt,35,34,0,0.000463,True
dag_000898.txt,10,9,0,0.000259,True
dag_000899.txt,19,18,0,0.000313,True
dag_000900.txt,24,23,0,0.000395,True
dag_000901.txt,27,26,0,0.000388,True
dag_000902.txt,33,32,0,0.000458,True
dag_000903.txt,10,9,0,0.000259,True
dag_000904.txt,11,10,0,0.000239,True
dag_000905.txt,18,17,0,0.000329,True
dag_000906.txt,13,12,0,0.000258,True
dag_000907.txt,15,14,0,0.000292,True
dag_000908.txt,32,31,0,0.000399,True
dag_000909.txt,14,13,0,0.000269,True
dag_000910.txt,26,25,0,0.000363,True
dag_000911.txt,22,21,0,0.000324,True
dag_000912.txt,20,19,0,0.000369,True
dag_000913.txt,28,27,0,0.000341,True
dag_000914.txt,35,34,0,0.000474,True
dag_000915.txt,27,26,0,0.000411,True
dag_000916.txt,24,23,0,0.000346,True
dag_000917.txt,13,12,0,0.000287,True
dag_000918.txt,14,13,0,0.000276,True
dag_000919.txt,22,21,0,0.000359,True
dag_000920.txt,27,26,0,0.000369,True
dag_000921.txt,12,11,0,0.000236,True
dag_000922.txt,31,30,0,0.000411,True
dag_000923.txt,35,34,0,0.000443,True
dag_000924.txt,23,22,0,0.000354,True
dag_000925.txt,16,15,0,0.000321,True
dag_000926.txt,17,16,0,0.000305,True
dag_000927.txt,14,13,0,0.000277,True
dag_000928.txt,24,23,0,0.000354,True
dag_000929.txt,15,14,0,0.000311,True
dag_000930.txt,10,9,0,0.000248,True
dag_000931.txt,30,29,0,0.000493,True
dag_000932.txt,33,32,0,0.000412,True
dag_000933.txt,14,13,0,0.000276,True
dag_000934.txt,27,26,0,0.000424,True
dag_000935.txt,33,32,0,0.000412,True
dag_000936.txt,34,33,0,0.000429,True
dag_000937.txt,32,31,0,0.000421,True
dag_000938.txt,10,9,0,0.000169,True
dag_000939.txt,22,21,0,0.000338,True
dag_000940.txt,15,14,0,0.000297,True
dag_000941.txt,13,12,0,0.00027,True
dag_000942.txt,13,12,0,0.000255,True
dag_000943.txt,15,14,0,0.000288,True
dag_000944.txt,32,31,0,0.000424,True
dag_000945.txt,12,11,0,0.000235,True
dag_000946.txt,15,14,0,0.000285,True
dag_000947.txt,21,20,0,0.000326,True
dag_000948.txt,18,17,0,0.000305,True
dag_000949.txt,25,24,0,0.000386,True
dag_000950.txt,26,25,0,0.000364,True
dag_000951.txt,27,26,0,0.000374,True
dag_000952.txt,27,26,0,0.000388,True
dag_000953.txt,29,28,0,0.000399,True
dag_000954.txt,25,24,0,0.000342,True
dag_000955.txt,33,32,0,0.00044,True
dag_000956.txt,17,16,0,0.000328,True
dag_000957.txt,26,25,0,0.000345,True
dag_000958.txt,11,10,0,0.000221,True
dag_000959.txt,35,34,0,0.000446,True
dag_000960.txt,32,31,0,0.000422,True
dag_000961.txt,28,27,0,0.000494,True
dag_000962.txt,26,25,0,0.000362,True
dag_000963.txt,21,20,0,0.000325,True
dag_000964.txt,20,19,0,0.000355,True
dag_000965.txt,21,20,0,0.000333,True
dag_000966.txt,10,9,0,0.000244,True
dag_000967.txt,30,29,0,0.000398,True
dag_000968.txt,19,18,0,0.00031,True
dag_000969.txt,12,11,0,0.000238,True
dag_000970.txt,19,18,0,0.000318,True
dag_000971.txt,27,26,0,0.000361,True
dag_000972.txt,13,12,0,0.000286,True
dag_000973.txt,16,15,0,0.000307,True
dag_000974.txt,17,16,0,0.000322,True
dag_000975.txt,20,19,0,0.000342,True
dag_000976.txt,25,24,0,0.00035,True
dag_000977.txt,32,31,0,0.000407,True
dag_000978.txt,29,28,0,0.000387,True
dag_000979.txt,19,18,0,0.000349,True
dag_000980.txt,11,10,0,0.000234,True
dag_000981.txt,12,11,0,0.000252,True
dag_000982.txt,26,25,0,0.000354,True
dag_000983.txt,19,18,0,0.000312,True
dag_000984.txt,17,16,0,0.000297,True
dag_000985.txt,18,17,0,0.000311,True
dag_000986.txt,19,18,0,0.000322,True
dag_000987.txt,31,30,0,0.000395,True
dag_000988.txt,20,19,0,0.000339,True
dag_000989.txt,18,17,0,0.000293,True
dag_000990.txt,16,15,0,0.000304,True
dag_000991.txt,17,16,0,0.000316,True
dag_000992.txt,35,34,0,0.00045,True
dag_000993.txt,26,25,0,0.000382,True
dag_000994.txt,29,28,0,0.000419,True
dag_000995.txt,32,31,0,0.000405,True
dag_000996.txt,11,10,0,0.000237,True
dag_000997.txt,20,19,0,0.000332,True
dag_000998.txt,16,15,0,0.000361,True
dag_000999.txt,19,18,0,0.000356,True
dag_001000.txt,10,9,0,0.000226,True
dag_001001.txt,14,13,0,0.000282,True
dag_001002.txt,11,10,0,0.000242,True
dag_001003.txt,25,24,0,0.000354,True
dag_001004.txt,27,26,0,0.000397,True
dag_001005.txt,35,34,0,0.000475,True
dag_001006.txt,30,29,0,0.000383,True
dag_001007.txt,19,18,0,0.000338,True
dag_001008.txt,25,24,0,0.00034,True
dag_001009.txt,16,15,0,0.000319,True
dag_001010.txt,12,11,0,0.000242,True
dag_001011.txt,17,16,0,0.000329,True
dag_001012.txt,32,31,0,0.000441,True
dag_001013.txt,12,11,0,0.000238,True
dag_001014.txt,11,10,0,0.000229,True
dag_001015.txt,32,31,0,0.000397,True
dag_001016.txt,25,24,0,0.00051,True
dag_001017.txt,24,23,0,0.000342,True
dag_001018.txt,15,14,0,0.000346,True
dag_001019.txt,31,30,0,0.000424,True
dag_001020.txt,34,33,0,0.000461,True
dag_001021.txt,17,16,0,0.000303,True
dag_001022.txt,11,10,0,0.000223,True
dag_001023.txt,12,11,0,0.000241,True
dag_001024.txt,26,25,0,0.000371,True
dag_001025.txt,23,22,0,0.000328,True
dag_001026.txt,24,23,0,0.000339,True
dag_001027.txt,23,22,0,0.000424,True
dag_001028.txt,26,25,0,0.000364,True
dag_001029.txt,18,17,0,0.000379,True
dag_001030.txt,23,22,0,0.000338,True
dag_001031.txt,21,20,0,0.000367,True
dag_001032.txt,23,22,0,0.000388,True
dag_001033.txt,33,32,0,0.000426,True
dag_001034.txt,34,33,0,0.000687,True
dag_001035.txt,11,10,0,0.000214,True
dag_001036.txt,22,21,0,0.000374,True
dag_001037.txt,14,13,0,0.000266,True
dag_001038.txt,18,17,0,0.000301,True
dag_001039.txt,23,22,0,0.000367,True
dag_001040.txt,17,16,0,0.0003,True
dag_001041.txt,18,17,0,0.000349,True
dag_001042.txt,29,28,0,0.000433,True
dag_001043.txt,22,21,0,0.000339,True
dag_001044.txt,30,29,0,0.000436,True
dag_001045.txt,24,23,0,0.000344,True
dag_001046.txt,21,20,0,0.000358,True
dag_001047.txt,26,25,0,0.000403,True
dag_001048.txt,27,26,0,0.000375,True
dag_001049.txt,31,30,0,0.000432,True
dag_001050.txt,25,24,0,0.000362,True
dag_001051.txt,25,24,0,0.000365,True
dag_001052.txt,14,13,0,0.00028,True
dag_001053.txt,17,16,0,0.0003,True
dag_001054.txt,24,23,0,0.000334,True
dag_001055.txt,15,14,0,0.000302,True
dag_001056.txt,31,30,0,0.000418,True
dag_001057.txt,30,29,0,0.000392,True
dag_001058.txt,11,10,0,0.000339,True
dag_001059.txt,31,30,0,0.000393,True
dag_001060.txt,29,28,0,0.000337,True
dag_001061.txt,15,14,0,0.000284,True
dag_001062.txt,16,15,0,0.000296,True
dag_001063.txt,34,33,0,0.00042,True
dag_001064.txt,22,21,0,0.000337,True
dag_001065.txt,35,34,0,0.000445,True
dag_001066.txt,33,32,0,0.000512,True
dag_001067.txt,11,10,0,0.000224,True
dag_001068.txt,16,15,0,0.000319,True
dag_001069.txt,29,28,0,0.000411,True
dag_001070.txt,12,11,0,0.000247,True
dag_001071.txt,13,12,0,0.00032,True
dag_001072.txt,11,10,0,0.000263,True
dag_001073.txt,15,14,0,0.000296,True
dag_001074.txt,17,16,0,0.000305,True
dag_001075.txt,30,29,0,0.000423,True
dag_001076.txt,12,11,0,0.000259,True
dag_001077.txt,19,18,0,0.000317,True
dag_001078.txt,31,30,0,0.000414,True
dag_001079.txt,14,13,0,0.000266,True
dag_001080.txt,23,22,0,0.000333,True
dag_001081.txt,22,21,0,0.00034,True
dag_001082.txt,14,13,0,0.000266,True
dag_001083.txt,21,20,0,0.000375,True
dag_001084.txt,17,16,0,0.000293,True
dag_001085.txt,15,14,0,0.000295,True
dag_001086.txt,21,20,0,0.000344,True
dag_001087.txt,16,15,0,0.000282,True
dag_001088.txt,34,33,0,0.000354,True
dag_001089.txt,18,17,0,0.000305,True
dag_001090.txt,31,30,0,0.000432,True
dag_001091.txt,34,33,0,0.000424,True
dag_001092.txt,28,27,0,0.000413,True
dag_001093.txt,26,25,0,0.000383,True
dag_001094.txt,11,10,0,0.000226,True
dag_001095.txt,22,21,0,0.000352,True
dag_001096.txt,18,17,0,0.000317,True
dag_001097.txt,32,31,0,0.000412,True
dag_001098.txt,12,11,0,0.000288,True
dag_001099.txt,27,26,0,0.000388,True
dag_001100.txt,34,33,0,0.000448,True
dag_001101.txt,17,16,0,0.000347,True
dag_001102.txt,28,27,0,0.000401,True
dag_001103.txt,26,25,0,0.000362,True
dag_001104.txt,21,20,0,0.000349,True
dag_001105.txt,12,11,0,0.000316,True
dag_001106.txt,34,33,0,0.000417,True
dag_001107.txt,17,16,0,0.000324,True
dag_001108.txt,14,13,0,0.000269,True
dag_001109.txt,14,13,0,0.000267,True
dag_001110.txt,30,29,0,0.000392,True
dag_001111.txt,20,19,0,0.000328,True
dag_001112.txt,11,10,0,0.000224,True
dag_001113.txt,23,22,0,0.000319,True
dag_001114.txt,14,13,0,0.000258,True
dag_001115.txt,16,15,0,0.000287,True
dag_001116.txt,29,28,0,0.000396,True
dag_001117.txt,19,18,0,0.000348,True
dag_001118.txt,22,21,0,0.000336,True
dag_001119.txt,34,33,0,0.000418,True
dag_001120.txt,18,17,0,0.000332,True
dag_001121.txt,16,15,0,0.000344,True
dag_001122.txt,19,18,0,0.000319,True
dag_001123.txt,13,12,0,0.000249,True
dag_001124.txt,11,10,0,0.000223,True
dag_001125.txt,12,11,0,0.000231,True
dag_001126.txt,11,10,0,0.000226,True
dag_001127.txt,27,26,0,0.000364,True
dag_001128.txt,17,16,0,0.00029,True
dag_001129.txt,15,14,0,0.000298,True
dag_001130.txt,29,28,0,0.000391,True
dag_001131.txt,10,9,0,0.000222,True
dag_001132.txt,16,15,0,0.00032,True
dag_001133.txt,33,32,0,0.00039,True
dag_001134.txt,18,17,0,0.000357,True
dag_001135.txt,22,21,0,0.000331,True
dag_001136.txt,11,10,0,0.000258,True
dag_001137.txt,14,13,0,0.000291,True
dag_001138.txt,30,29,0,0.000391,True
dag_001139.txt,15,14,0,0.00032,True
dag_001140.txt,30,29,0,0.000419,True
dag_001141.txt,17,16,0,0.000296,True
dag_001142.txt,16,15,0,0.000287,True
dag_001143.txt,32,31,0,0.000407,True
dag_001144.txt,32,31,0,0.000446,True
dag_001145.txt,33,32,0,0.000437,True
dag_001146.txt,34,33,0,0.000476,True
dag_001147.txt,35,34,0,0.000471,True
dag_001148.txt,12,11,0,0.000243,True
dag_001149.txt,27,26,0,0.000378,True
dag_001150.txt,12,11,0,0.000246,True
dag_001151.txt,19,18,0,0.000341,True
dag_001152.txt,21,20,0,0.00033,True
dag_001153.txt,24,23,0,0.000357,True
dag_001154.txt,14,13,0,0.000262,True
dag_001155.txt,18,17,0,0.000328,True
dag_001156.txt,17,16,0,0.000336,True
dag_001157.txt,33,32,0,0.000427,True
dag_001158.txt,20,19,0,0.000311,True
dag_001159.txt,16,15,0,0.000276,True
dag_001160.txt,22,21,0,0.000318,True
dag_001161.txt,29,28,0,0.000372,True
dag_001162.txt,15,14,0,0.000284,True
dag_001163.txt,35,34,0,0.000444,True
dag_001164.txt,27,26,0,0.000401,True
dag_001165.txt,15,14,0,0.000353,True
dag_001166.txt,31,30,0,0.000437,True
dag_001167.txt,21,20,0,0.000361,True
dag_001168.txt,33,32,0,0.000414,True
dag_001169.txt,27,26,0,0.000368,True
dag_001170.txt,13,12,0,0.000256,True
dag_001171.txt,10,9,0,0.000313,True
dag_001172.txt,10,9,0,0.000226,True
dag_001173.txt,31,30,0,0.000408,True
dag_001174.txt,21,20,0,0.000331,True
dag_001175.txt,34,33,0,0.000413,True
dag_001176.txt,35,34,0,0.000442,True
dag_001177.txt,10,9,0,0.000224,True
dag_001178.txt,17,16,0,0.000301,True
dag_001179.txt,26,25,0,0.000375,True
dag_001180.txt,27,26,0,0.000364,True
dag_001181.txt,23,22,0,0.000334,True
dag_001182.txt,27,26,0,0.000396,True
dag_001183.txt,12,11,0,0.000249,True
dag_001184.txt,12,11,0,0.000257,True
dag_001185.txt,21,20,0,0.000336,True
dag_001186.txt,14,13,0,0.000268,True
dag_001187.txt,32,31,0,0.000438,True
dag_001188.txt,16,15,0,0.000296,True
dag_001189.txt,28,27,0,0.000361,True
dag_001190.txt,33,32,0,0.000423,True
dag_001191.txt,27,26,0,0.000362,True
dag_001192.txt,22,21,0,0.000324,True
dag_001193.txt,29,28,0,0.000424,True
dag_001194.txt,16,15,0,0.000286,True
dag_001195.txt,11,10,0,0.000239,True
dag_001196.txt,29,28,0,0.000375,True
dag_001197.txt,24,23,0,0.000358,True
dag_001198.txt,28,27,0,0.000408,True
dag_001199.txt,20,19,0,0.000373,True
dag_001200.txt,21,20,0,0.000407,True
dag_001201.txt,19,18,0,0.000387,True
dag_001202.txt,22,21,0,0.000399,True
dag_001203.txt,28,27,0,0.000469,True
dag_001204.txt,16,15,0,0.000321,True
dag_001205.txt,14,13,0,0.000453,True
dag_001206.txt,19,18,0,0.000335,True
dag_001207.txt,29,28,0,0.000362,True
dag_001208.txt,25,24,0,0.0004,True
dag_001209.txt,15,14,0,0.000282,True
dag_001210.txt,19,18,0,0.000461,True
dag_001211.txt,31,30,0,0.000411,True
dag_001212.txt,25,24,0,0.000393,True
dag_001213.txt,14,13,0,0.000284,True
dag_001214.txt,15,14,0,0.000297,True
dag_001215.txt,34,33,0,0.000401,True
dag_001216.txt,17,16,0,0.00029,True
dag_001217.txt,19,18,0,0.00031,True
dag_001218.txt,20,19,0,0.000341,True
dag_001219.txt,20,19,0,0.000312,True
dag_001220.txt,21,20,0,0.000358,True
dag_001221.txt,15,14,0,0.000287,True
dag_001222.txt,19,18,0,0.000346,True
dag_001223.txt,11,10,0,0.000224,True
dag_001224.txt,19,18,0,0.000342,True
dag_001225.txt,10,9,0,0.000236,True
dag_001226.txt,13,12,0,0.000265,True
dag_001227.txt,33,32,0,0.000408,True
dag_001228.txt,20,19,0,0.000305,True
dag_001229.txt,28,27,0,0.000377,True
dag_001230.txt,35,34,0,0.000517,True
dag_001231.txt,21,20,0,0.00033,True
dag_001232.txt,35,34,0,0.000442,True
dag_001233.txt,22,21,0,0.000336,True
dag_001234.txt,28,27,0,0.000361,True
dag_001235.txt,22,21,0,0.00034,True
dag_001236.txt,17,16,0,0.000285,True
dag_001237.txt,27,26,0,0.000359,True
dag_001238.txt,26,25,0,0.000366,True
dag_001239.txt,16,15,0,0.000292,True
dag_001240.txt,25,24,0,0.000342,True
dag_001241.txt,14,13,0,0.000272,True
dag_001242.txt,34,33,0,0.000409,True
dag_001243.txt,17,16,0,0.000307,True
dag_001244.txt,17,16,0,0.000301,True
dag_001245.txt,20,19,0,0.000312,True
dag_001246.txt,32,31,0,0.000403,True
dag_001247.txt,15,14,0,0.000324,True
dag_001248.txt,15,14,0,0.000287,True
dag_001249.txt,35,34,0,0.000459,True
dag_001250.txt,32,31,0,0.000402,True
dag_001251.txt,17,16,0,0.00029,True
dag_001252.txt,22,21,0,0.000344,True
dag_001253.txt,12,11,0,0.00024,True
dag_001254.txt,19,18,0,0.000324,True
dag_001255.txt,22,21,0,0.000338,True
dag_001256.txt,13,12,0,0.00025,True
dag_001257.txt,22,21,0,0.00035,True
dag_001258.txt,29,28,0,0.00037,True
dag_001259.txt,35,34,0,0.00043,True
dag_001260.txt,33,32,0,0.000395,True
dag_001261.txt,33,32,0,0.000427,True
dag_001262.txt,25,24,0,0.000346,True
dag_001263.txt,33,32,0,0.000453,True
dag_001264.txt,32,31,0,0.000399,True
dag_001265.txt,21,20,0,0.000336,True
dag_001266.txt,29,28,0,0.000404,True
dag_001267.txt,27,26,0,0.00051,True
dag_001268.txt,18,17,0,0.000336,True
dag_001269.txt,13,12,0,0.000275,True
dag_001270.txt,24,23,0,0.00038,True
dag_001271.txt,14,13,0,0.000273,True
dag_001272.txt,20,19,0,0.000333,True
dag_001273.txt,16,15,0,0.000297,True
dag_001274.txt,33,32,0,0.000433,True
dag_001275.txt,25,24,0,0.000454,True
dag_001276.txt,31,30,0,0.000413,True
dag_001277.txt,24,23,0,0.000355,True
dag_001278.txt,16,15,0,0.000335,True
dag_001279.txt,34,33,0,0.00045,True
dag_001280.txt,30,29,0,0.000423,True
dag_001281.txt,33,32,0,0.000478,True
dag_001282.txt,26,25,0,0.000371,True
dag_001283.txt,16,15,0,0.000315,True
dag_001284.txt,14,13,0,0.000278,True
dag_001285.txt,18,17,0,0.000299,True
dag_001286.txt,25,24,0,0.000362,True
dag_001287.txt,32,31,0,0.000394,True
dag_001288.txt,24,23,0,0.000366,True
dag_001289.txt,13,12,0,0.000243,True
dag_001290.txt,23,22,0,0.00033,True
dag_001291.txt,23,22,0,0.000364,True
dag_001292.txt,17,16,0,0.000285,True
dag_001293.txt,22,21,0,0.000327,True
dag_001294.txt,18,17,0,0.000293,True
dag_001295.txt,17,16,0,0.000301,True
dag_001296.txt,27,26,0,0.0004,True
dag_001297.txt,22,21,0,0.000345,True
dag_001298.txt,19,18,0,0.000323,True
dag_001299.txt,20,19,0,0.000348,True
dag_001300.txt,32,31,0,0.000434,True
dag_001301.txt,30,29,0,0.000471,True
dag_001302.txt,26,25,0,0.000369,True
dag_001303.txt,18,17,0,0.000355,True
dag_001304.txt,31,30,0,0.000443,True
dag_001305.txt,22,21,0,0.000335,True
dag_001306.txt,10,9,0,0.000222,True
dag_001307.txt,24,23,0,0.000386,True
dag_001308.txt,28,27,0,0.000421,True
dag_001309.txt,21,20,0,0.000329,True
dag_001310.txt,34,33,0,0.000443,True
dag_001311.txt,22,21,0,0.00035,True
dag_001312.txt,14,13,0,0.000278,True
dag_001313.txt,27,26,0,0.000391,True
dag_001314.txt,23,22,0,0.000344,True
dag_001315.txt,13,12,0,0.000251,True
dag_001316.txt,17,16,0,0.000315,True
dag_001317.txt,19,18,0,0.000384,True
dag_001318.txt,33,32,0,0.000378,True
dag_001319.txt,10,9,0,0.000247,True
dag_001320.txt,21,20,0,0.000375,True
dag_001321.txt,33,32,0,0.000417,True
dag_001322.txt,34,33,0,0.000398,True
dag_001323.txt,10,9,0,0.000246,True
dag_001324.txt,34,33,0,0.000422,True
dag_001325.txt,34,33,0,0.000419,True
dag_001326.txt,24,23,0,0.00039,True
dag_001327.txt,15,14,0,0.000306,True
dag_001328.txt,28,27,0,0.000417,True
dag_001329.txt,33,32,0,0.000404,True
dag_001330.txt,33,32,0,0.00046,True
dag_001331.txt,16,15,0,0.000292,True
dag_001332.txt,11,10,0,0.000262,True
dag_001333.txt,35,34,0,0.000477,True
dag_001334.txt,25,24,0,0.000374,True
dag_001335.txt,11,10,0,0.000221,True
dag_001336.txt,22,21,0,0.000333,True
dag_001337.txt,27,26,0,0.000439,True
dag_001338.txt,17,16,0,0.0003,True
dag_001339.txt,34,33,0,0.000455,True
dag_001340.txt,22,21,0,0.000353,True
dag_001341.txt,14,13,0,0.000275,True
dag_001342.txt,12,11,0,0.00024,True
dag_001343.txt,35,34,0,0.000383,True
dag_001344.txt,10,9,0,0.000347,True
dag_001345.txt,31,30,0,0.000428,True
dag_001346.txt,23,22,0,0.000339,True
dag_001347.txt,30,29,0,0.000406,True
dag_001348.txt,13,12,0,0.000255,True
dag_001349.txt,21,20,0,0.000365,True
dag_001350.txt,10,9,0,0.00023,True
dag_001351.txt,24,23,0,0.000399,True
dag_001352.txt,32,31,0,0.000505,True
dag_001353.txt,21,20,0,0.000391,True
dag_001354.txt,19,18,0,0.000369,True
dag_001355.txt,13,12,0,0.000257,True
dag_001356.txt,10,9,0,0.000233,True
dag_001357.txt,22,21,0,0.000341,True
dag_001358.txt,30,29,0,0.000465,True
dag_001359.txt,26,25,0,0.000402,True
dag_001360.txt,14,13,0,0.000305,True
dag_001361.txt,24,23,0,0.000355,True
dag_001362.txt,31,30,0,0.000499,True
dag_001363.txt,29,28,0,0.00041,True
dag_001364.txt,26,25,0,0.000378,True
dag_001365.txt,33,32,0,0.000457,True
dag_001366.txt,25,24,0,0.000357,True
dag_001367.txt,21,20,0,0.000335,True
dag_001368.txt,33,32,0,0.00043,True
dag_001369.txt,33,32,0,0.000427,True
dag_001370.txt,29,28,0,0.000413,True
dag_001371.txt,11,10,0,0.000244,True
dag_001372.txt,22,21,0,0.000347,True
dag_001373.txt,35,34,0,0.000466,True
dag_001374.txt,28,27,0,0.000466,True
dag_001375.txt,33,32,0,0.000456,True
dag_001376.txt,13,12,0,0.000253,True
dag_001377.txt,20,19,0,0.000335,True
dag_001378.txt,27,26,0,0.000384,True
dag_001379.txt,20,19,0,0.000335,True
dag_001380.txt,17,16,0,0.000312,True
dag_001381.txt,29,28,0,0.000491,True
dag_001382.txt,22,21,0,0.000332,True
dag_001383.txt,29,28,0,0.00043,True
dag_001384.txt,27,26,0,0.000448,True
dag_001385.txt,34,33,0,0.000424,True
dag_001386.txt,24,23,0,0.000336,True
dag_001387.txt,19,18,0,0.000324,True
dag_001388.txt,14,13,0,0.000286,True
dag_001389.txt,35,34,0,0.000469,True
dag_001390.txt,16,15,0,0.000306,True
dag_001391.txt,17,16,0,0.000338,True
dag_001392.txt,13,12,0,0.000255,True
dag_001393.txt,22,21,0,0.00035,True
dag_001394.txt,23,22,0,0.000451,True
dag_001395.txt,14,13,0,0.000273,True
dag_001396.txt,25,24,0,0.000386,True
dag_001397.txt,33,32,0,0.000446,True
dag_001398.txt,13,12,0,0.000256,True
dag_001399.txt,10,9,0,0.000231,True
dag_001400.txt,26,25,0,0.000367,True
dag_001401.txt,18,17,0,0.000314,True
dag_001402.txt,32,31,0,0.000415,True
dag_001403.txt,10,9,0,0.000224,True
dag_001404.txt,30,29,0,0.000432,True
dag_001405.txt,14,13,0,0.000275,True
dag_001406.txt,10,9,0,0.000224,True
dag_001407.txt,20,19,0,0.000342,True
dag_001408.txt,14,13,0,0.00027,True
dag_001409.txt,30,29,0,0.000437,True
dag_001410.txt,24,23,0,0.000389,True
dag_001411.txt,33,32,0,0.000413,True
dag_001412.txt,17,16,0,0.000307,True
dag_001413.txt,24,23,0,0.000403,True
dag_001414.txt,16,15,0,0.00031,True
dag_001415.txt,31,30,0,0.000449,True
dag_001416.txt,27,26,0,0.000417,True
dag_001417.txt,26,25,0,0.000386,True
dag_001418.txt,22,21,0,0.000365,True
dag_001419.txt,17,16,0,0.000293,True
dag_001420.txt,34,33,0,0.000423,True
dag_001421.txt,34,33,0,0.000456,True
dag_001422.txt,26,25,0,0.000396,True
dag_001423.txt,22,21,0,0.000342,True
dag_001424.txt,24,23,0,0.000344,True
dag_001425.txt,17,16,0,0.0003,True
dag_001426.txt,31,30,0,0.000402,True
dag_001427.txt,17,16,0,0.000324,True
dag_001428.txt,18,17,0,0.000306,True
dag_001429.txt,35,34,0,0.000447,True
dag_001430.txt,32,31,0,0.000395,True
dag_001431.txt,27,26,0,0.000425,True
dag_001432.txt,29,28,0,0.000388,True
dag_001433.txt,35,34,0,0.000484,True
dag_001434.txt,15,14,0,0.000318,True
dag_001435.txt,13,12,0,0.000259,True
dag_001436.txt,22,21,0,0.000362,True
dag_001437.txt,20,19,0,0.000343,True
dag_001438.txt,19,18,0,0.000329,True
dag_001439.txt,13,12,0,0.000274,True
dag_001440.txt,11,10,0,0.000226,True
dag_001441.txt,18,17,0,0.000301,True
dag_001442.txt,33,32,0,0.000419,True
dag_001443.txt,20,19,0,0.000304,True
dag_001444.txt,35,34,0,0.000444,True
dag_001445.txt,29,28,0,0.000419,True
dag_001446.txt,31,30,0,0.000425,True
dag_001447.txt,19,18,0,0.000323,True
dag_001448.txt,33,32,0,0.000425,True
dag_001449.txt,23,22,0,0.000347,True
dag_001450.txt,24,23,0,0.000349,True
dag_001451.txt,34,33,0,0.000448,True
dag_001452.txt,17,16,0,0.000318,True
dag_001453.txt,19,18,0,0.00033,True
dag_001454.txt,25,24,0,0.000359,True
dag_001455.txt,14,13,0,0.000315,True
dag_001456.txt,12,11,0,0.000238,True
dag_001457.txt,19,18,0,0.000319,True
dag_001458.txt,15,14,0,0.000317,True
dag_001459.txt,14,13,0,0.000263,True
dag_001460.txt,28,27,0,0.000431,True
dag_001461.txt,27,26,0,0.000445,True
dag_001462.txt,22,21,0,0.000367,True
dag_001463.txt,10,9,0,0.00024,True
dag_001464.txt,10,9,0,0.000228,True
dag_001465.txt,19,18,0,0.000365,True
dag_001466.txt,34,33,0,0.000543,True
dag_001467.txt,35,34,0,0.000479,True
dag_001468.txt,32,31,0,0.000414,True
dag_001469.txt,32,31,0,0.000409,True
dag_001470.txt,19,18,0,0.000315,True
dag_001471.txt,17,16,0,0.000298,True
dag_001472.txt,22,21,0,0.000366,True
dag_001473.txt,30,29,0,0.000438,True
dag_001474.txt,12,11,0,0.000258,True
dag_001475.txt,13,12,0,0.000247,True
dag_001476.txt,15,14,0,0.000318,True
dag_001477.txt,35,34,0,0.000444,True
dag_001478.txt,13,12,0,0.000271,True
dag_001479.txt,27,26,0,0.000439,True
dag_001480.txt,26,25,0,0.000408,True
dag_001481.txt,26,25,0,0.000393,True
dag_001482.txt,28,27,0,0.000394,True
dag_001483.txt,17,16,0,0.000307,True
dag_001484.txt,13,12,0,0.000247,True
dag_001485.txt,24,23,0,0.000339,True
dag_001486.txt,12,11,0,0.000241,True
dag_001487.txt,14,13,0,0.000257,True
dag_001488.txt,12,11,0,0.000268,True
dag_001489.txt,24,23,0,0.000345,True
dag_001490.txt,21,20,0,0.000388,True
dag_001491.txt,18,17,0,0.00036,True
dag_001492.txt,19,18,0,0.00031,True
dag_001493.txt,19,18,0,0.000326,True
dag_001494.txt,26,25,0,0.000442,True
dag_001495.txt,32,31,0,0.000411,True
dag_001496.txt,23,22,0,0.000344,True
dag_001497.txt,19,18,0,0.000316,True
dag_001498.txt,14,13,0,0.000265,True
dag_001499.txt,22,21,0,0.000388,True
dgrid_000000.txt,16,25,1,0.000513,True
dgrid_000001.txt,16,24,0,0.000361,True
dgrid_000002.txt,16,27,2,0.000586,True
dgrid_000003.txt,25,41,1,0.000619,True
dgrid_000004.txt,16,25,2,0.000552,True
dgrid_000005.txt,36,63,4,0.002715,True
dgrid_000006.txt,9,12,1,0.000386,True
dgrid_000007.txt,16,25,2,0.000556,True
dgrid_000008.txt,36,62,4,0.002352,True
dgrid_000009.txt,25,41,1,0.000653,True
dgrid_000010.txt,9,12,1,0.000394,True
dgrid_000011.txt,36,64,5,0.002547,True
dgrid_000012.txt,36,63,5,0.002762,True
dgrid_000013.txt,36,62,4,0.001278,True
dgrid_000014.txt,25,43,2,0.000644,True
dgrid_000015.txt,25,41,3,0.000796,True
dgrid_000016.txt,36,61,4,0.002228,True
dgrid_000017.txt,16,25,2,0.000581,True
dgrid_000018.txt,16,26,3,0.000871,True
dgrid_000019.txt,25,40,0,0.000483,True
dgrid_000020.txt,36,60,3,0.001746,True
dgrid_000021.txt,9,12,1,0.000391,True
dgrid_000022.txt,16,25,2,0.000658,True
dgrid_000023.txt,16,25,1,0.000501,True
dgrid_000024.txt,25,43,4,0.001166,True
dgrid_000025.txt,16,26,3,0.000688,True
dgrid_000026.txt,16,25,3,0.000878,True
dgrid_000027.txt,36,60,2,0.000849,True
dgrid_000028.txt,16,25,1,0.000491,True
dgrid_000029.txt,25,41,2,0.000648,True
dgrid_000030.txt,16,25,1,0.000511,True
dgrid_000031.txt,36,63,3,0.001611,True
dgrid_000032.txt,16,24,1,0.000523,True
dgrid_000033.txt,9,12,1,0.000339,True
dgrid_000034.txt,16,25,1,0.000492,True
dgrid_000035.txt,36,63,6,0.005803,True
dgrid_000036.txt,9,13,1,0.000342,True
dgrid_000037.txt,36,64,5,0.004192,True
dgrid_000038.txt,36,64,4,0.001848,True
dgrid_000039.txt,9,13,1,0.000342,True
dgrid_000040.txt,16,24,1,0.000498,True
dgrid_000041.txt,16,24,1,0.000567,True
dgrid_000042.txt,36,63,3,0.001001,True
dgrid_000043.txt,36,61,3,0.001202,True
dgrid_000044.txt,16,24,1,0.000517,True
dgrid_000045.txt,36,61,2,0.00084,True
dgrid_000046.txt,16,25,2,0.000569,True
dgrid_000047.txt,16,24,2,0.000552,True
dgrid_000048.txt,16,24,1,0.000507,True
dgrid_000049.txt,25,41,4,0.002083,True
dgrid_000050.txt,16,24,1,0.000496,True
dgrid_000051.txt,25,40,2,0.000835,True
dgrid_000052.txt,16,25,1,0.000489,True
dgrid_000053.txt,9,13,1,0.000337,True
dgrid_000054.txt,36,62,3,0.000946,True
dgrid_000055.txt,25,42,3,0.001045,True
dgrid_000056.txt,9,12,1,0.00033,True
dgrid_000057.txt,36,62,4,0.002125,True
dgrid_000058.txt,25,43,3,0.00098,True
dgrid_000059.txt,16,24,2,0.00058,True
dgrid_000060.txt,36,63,5,0.008717,True
dgrid_000061.txt,16,28,4,0.001122,True
dgrid_000062.txt,25,42,4,0.00127,True
dgrid_000063.txt,9,13,2,0.000431,True
dgrid_000064.txt,16,24,1,0.000472,True
dgrid_000065.txt,9,13,2,0.000428,True
dgrid_000066.txt,9,13,1,0.00035,True
dgrid_000067.txt,36,60,3,0.001247,True
dgrid_000068.txt,9,12,0,0.000261,True
dgrid_000069.txt,16,26,1,0.000524,True
dgrid_000070.txt,36,63,4,0.001614,True
dgrid_000071.txt,25,41,4,0.001765,True
dgrid_000072.txt,25,42,3,0.00085,True
dgrid_000073.txt,16,25,1,0.000512,True
dgrid_000074.txt,25,42,2,0.000857,True
dgrid_000075.txt,25,41,4,0.001896,True
dgrid_000076.txt,9,12,0,0.000274,True
dgrid_000077.txt,25,41,1,0.000638,True
dgrid_000078.txt,36,61,1,0.000713,True
dgrid_000079.txt,16,26,2,0.0006,True
dgrid_000080.txt,9,12,1,0.000338,True
dgrid_000081.txt,25,41,4,0.001636,True
dgrid_000082.txt,25,40,1,0.000608,True
dgrid_000083.txt,25,40,2,0.000681,True
dgrid_000084.txt,36,62,3,0.001237,True
dgrid_000085.txt,36,65,5,0.005906,True
dgrid_000086.txt,36,61,1,0.000741,True
dgrid_000087.txt,16,25,1,0.000527,True
dgrid_000088.txt,36,63,4,0.001915,True
dgrid_000089.txt,25,40,2,0.000673,True
dgrid_000090.txt,25,43,4,0.001563,True
dgrid_000091.txt,16,25,2,0.00058,True
dgrid_000092.txt,25,44,5,0.002544,True
dgrid_000093.txt,9,12,1,0.000358,True
dgrid_000094.txt,25,45,3,0.000959,True
dgrid_000095.txt,25,41,2,0.000655,True
dgrid_000096.txt,36,62,4,0.002286,True
dgrid_000097.txt,25,42,3,0.000807,True
dgrid_000098.txt,9,12,0,0.000273,True
dgrid_000099.txt,36,62,4,0.001422,True
dgrid_000100.txt,36,63,4,0.004828,True
dgrid_000101.txt,16,24,0,0.000401,True
dgrid_000102.txt,16,25,2,0.000568,True
dgrid_000103.txt,16,26,3,0.000734,True
dgrid_000104.txt,36,62,3,0.001083,True
dgrid_000105.txt,16,24,1,0.00047,True
dgrid_000106.txt,25,41,2,0.000648,True
dgrid_000107.txt,36,60,2,0.000834,True
dgrid_000108.txt,25,42,4,0.001148,True
dgrid_000109.txt,16,25,1,0.000475,True
dgrid_000110.txt,25,44,5,0.001645,True
dgrid_000111.txt,36,63,3,0.001172,True
dgrid_000112.txt,9,12,0,0.000243,True
dgrid_000113.txt,25,43,4,0.001105,True
dgrid_000114.txt,25,43,3,0.000839,True
dgrid_000115.txt,9,13,1,0.000356,True
dgrid_000116.txt,9,12,1,0.00036,True
dgrid_000117.txt,36,62,3,0.001241,True
dgrid_000118.txt,16,27,3,0.00076,True
dgrid_000119.txt,36,63,4,0.003669,True
dgrid_000120.txt,16,25,2,0.000559,True
dgrid_000121.txt,16,24,2,0.000588,True
dgrid_000122.txt,9,13,1,0.000347,True
dgrid_000123.txt,25,42,4,0.002095,True
dgrid_000124.txt,9,12,1,0.00035,True
dgrid_000125.txt,36,63,5,0.004142,True
dgrid_000126.txt,36,61,5,0.007128,True
dgrid_000127.txt,16,24,0,0.000357,True
dgrid_000128.txt,9,12,0,0.000251,True
dgrid_000129.txt,16,26,2,0.000559,True
dgrid_000130.txt,16,26,2,0.000554,True
dgrid_000131.txt,16,25,1,0.000434,True
dgrid_000132.txt,16,26,3,0.000712,True
dgrid_000133.txt,9,12,0,0.000263,True
dgrid_000134.txt,16,26,2,0.000578,True
dgrid_000135.txt,25,41,2,0.00066,True
dgrid_000136.txt,25,42,3,0.000781,True
dgrid_000137.txt,9,12,1,0.000378,True
dgrid_000138.txt,16,24,1,0.000469,True
dgrid_000139.txt,16,24,2,0.000582,True
dgrid_000140.txt,25,40,2,0.000708,True
dgrid_000141.txt,9,12,1,0.000352,True
dgrid_000142.txt,36,62,5,0.011459,True
dgrid_000143.txt,36,61,3,0.001338,True
dgrid_000144.txt,25,42,4,0.001992,True
dgrid_000145.txt,16,28,2,0.000567,True
dgrid_000146.txt,36,60,3,0.002304,True
dgrid_000147.txt,16,25,1,0.000476,True
dgrid_000148.txt,9,12,1,0.000331,True
dgrid_000149.txt,25,42,3,0.001043,True
dgrid_000150.txt,9,12,0,0.000261,True
dgrid_000151.txt,9,13,1,0.000419,True
dgrid_000152.txt,36,62,4,0.002515,True
dgrid_000153.txt,36,64,5,0.003268,True
dgrid_000154.txt,25,41,4,0.001458,True
dgrid_000155.txt,25,41,1,0.000639,True
dgrid_000156.txt,16,26,2,0.000556,True
dgrid_000157.txt,36,62,1,0.000748,True
dgrid_000158.txt,16,26,2,0.000595,True
dgrid_000159.txt,16,25,2,0.000578,True
dgrid_000160.txt,16,26,2,0.000557,True
dgrid_000161.txt,9,14,2,0.000477,True
dgrid_000162.txt,25,41,3,0.000864,True
dgrid_000163.txt,16,26,2,0.000564,True
dgrid_000164.txt,9,13,1,0.000346,True
dgrid_000165.txt,25,41,4,0.001603,True
dgrid_000166.txt,36,65,6,0.008981,True
dgrid_000167.txt,9,12,0,0.000274,True
dgrid_000168.txt,36,64,4,0.001234,True
dgrid_000169.txt,36,64,3,0.001002,True
dgrid_000170.txt,16,25,3,0.000859,True
dgrid_000171.txt,25,41,2,0.000845,True
dgrid_000172.txt,9,14,2,0.000455,True
dgrid_000173.txt,9,13,2,0.000472,True
dgrid_000174.txt,25,45,5,0.004018,True
dgrid_000175.txt,9,12,0,0.000254,True
dgrid_000176.txt,9,12,1,0.000351,True
dgrid_000177.txt,25,43,3,0.000953,True
dgrid_000178.txt,16,24,2,0.000728,True
dgrid_000179.txt,36,61,3,0.002681,True
dgrid_000180.txt,16,25,1,0.000485,True
dgrid_000181.txt,16,25,1,0.000521,True
dgrid_000182.txt,25,41,3,0.00151,True
dgrid_000183.txt,9,12,1,0.000354,True
dgrid_000184.txt,25,43,3,0.000952,True
dgrid_000185.txt,9,12,1,0.00033,True
dgrid_000186.txt,36,65,6,0.01422,True
dgrid_000187.txt,16,25,1,0.000515,True
dgrid_000188.txt,36,64,4,0.001152,True
dgrid_000189.txt,36,63,5,0.003044,True
dgrid_000190.txt,25,40,1,0.000507,True
dgrid_000191.txt,9,12,0,0.000268,True
dgrid_000192.txt,16,24,2,0.000585,True
dgrid_000193.txt,16,25,1,0.000486,True
dgrid_000194.txt,36,63,3,0.001421,True
dgrid_000195.txt,16,27,3,0.000845,True
dgrid_000196.txt,9,12,0,0.000258,True
dgrid_000197.txt,25,41,2,0.000697,True
dgrid_000198.txt,36,64,5,0.002616,True
dgrid_000199.txt,16,24,0,0.000411,True
dgrid_000200.txt,16,24,0,0.000372,True
dgrid_000201.txt,25,40,4,0.005296,True
dgrid_000202.txt,9,12,1,0.000345,True
dgrid_000203.txt,25,41,1,0.000593,True
dgrid_000204.txt,25,41,2,0.000709,True
dgrid_000205.txt,9,12,2,0.000512,True
dgrid_000206.txt,16,25,1,0.000494,True
dgrid_000207.txt,25,43,4,0.001401,True
dgrid_000208.txt,16,26,2,0.000682,True
dgrid_000209.txt,16,26,1,0.000482,True
dgrid_000210.txt,36,61,3,0.001167,True
dgrid_000211.txt,9,13,1,0.000341,True
dgrid_000212.txt,36,64,4,0.002248,True
dgrid_000213.txt,25,43,4,0.001085,True
dgrid_000214.txt,16,24,1,0.000529,True
dgrid_000215.txt,36,60,2,0.000842,True
dgrid_000216.txt,16,24,2,0.000563,True
dgrid_000217.txt,25,41,1,0.000627,True
dgrid_000218.txt,9,12,1,0.000315,True
dgrid_000219.txt,16,25,1,0.000459,True
dgrid_000220.txt,16,25,3,0.000938,True
dgrid_000221.txt,36,62,3,0.00092,True
dgrid_000222.txt,25,43,4,0.001342,True
dgrid_000223.txt,36,61,3,0.001108,True
dgrid_000224.txt,25,45,4,0.001269,True
dgrid_000225.txt,25,42,4,0.001531,True
dgrid_000226.txt,25,40,2,0.000687,True
dgrid_000227.txt,36,61,1,0.000758,True
dgrid_000228.txt,16,24,0,0.0004,True
dgrid_000229.txt,36,62,3,0.001113,True
dgrid_000230.txt,16,24,1,0.000501,True
dgrid_000231.txt,36,61,4,0.001954,True
dgrid_000232.txt,36,61,3,0.001072,True
dgrid_000233.txt,16,24,2,0.000593,True
dgrid_000234.txt,16,24,1,0.000508,True
dgrid_000235.txt,9,12,1,0.000443,True
dgrid_000236.txt,36,60,1,0.000758,True
dgrid_000237.txt,9,13,1,0.000362,True
dgrid_000238.txt,9,12,0,0.000293,True
dgrid_000239.txt,36,62,4,0.001935,True
dgrid_000240.txt,36,64,3,0.001142,True
dgrid_000241.txt,16,26,3,0.000833,True
dgrid_000242.txt,36,61,4,0.003185,True
dgrid_000243.txt,36,61,4,0.004088,True
dgrid_000244.txt,25,42,3,0.001181,True
dgrid_000245.txt,9,12,1,0.000376,True
dgrid_000246.txt,9,12,0,0.000262,True
dgrid_000247.txt,16,25,2,0.00065,True
dgrid_000248.txt,25,45,4,0.001673,True
dgrid_000249.txt,25,43,3,0.000942,True
dgrid_000250.txt,9,13,1,0.000363,True
dgrid_000251.txt,25,42,2,0.000682,True
dgrid_000252.txt,36,64,5,0.003913,True
dgrid_000253.txt,25,42,4,0.001278,True
dgrid_000254.txt,36,62,3,0.001289,True
dgrid_000255.txt,9,12,0,0.000253,True
dgrid_000256.txt,16,24,2,0.000584,True
dgrid_000257.txt,36,62,5,0.004875,True
dgrid_000258.txt,9,13,2,0.000422,True
dgrid_000259.txt,9,12,1,0.000342,True
dgrid_000260.txt,25,41,1,0.000641,True
dgrid_000261.txt,36,64,5,0.007384,True
dgrid_000262.txt,16,25,1,0.000503,True
dgrid_000263.txt,36,64,6,0.014467,True
dgrid_000264.txt,25,40,1,0.000718,True
dgrid_000265.txt,25,41,2,0.000678,True
dgrid_000266.txt,36,62,3,0.001028,True
dgrid_000267.txt,36,61,4,0.002775,True
dgrid_000268.txt,16,25,2,0.000559,True
dgrid_000269.txt,9,12,1,0.000336,True
dgrid_000270.txt,9,14,2,0.000397,True
dgrid_000271.txt,16,24,2,0.000676,True
dgrid_000272.txt,9,12,0,0.000247,True
dgrid_000273.txt,9,13,2,0.000477,True
dgrid_000274.txt,16,25,1,0.000515,True
dgrid_000275.txt,25,40,1,0.000597,True
dgrid_000276.txt,16,25,1,0.000529,True
dgrid_000277.txt,36,63,4,0.001436,True
dgrid_000278.txt,16,28,3,0.000695,True
dgrid_000279.txt,16,24,1,0.000482,True
dgrid_000280.txt,25,40,1,0.000672,True
dgrid_000281.txt,16,25,2,0.000631,True
dgrid_000282.txt,25,41,1,0.000609,True
dgrid_000283.txt,36,61,3,0.00122,True
dgrid_000284.txt,36,62,2,0.000896,True
dgrid_000285.txt,36,62,3,0.001417,True
dgrid_000286.txt,16,24,1,0.00049,True
dgrid_000287.txt,25,42,2,0.000712,True
dgrid_000288.txt,25,43,4,0.001508,True
dgrid_000289.txt,16,24,0,0.000396,True
dgrid_000290.txt,36,62,3,0.001136,True
dgrid_000291.txt,16,26,3,0.000892,True
dgrid_000292.txt,16,25,1,0.000498,True
dgrid_000293.txt,25,41,1,0.000641,True
dgrid_000294.txt,36,64,4,0.001176,True
dgrid_000295.txt,36,62,3,0.001015,True
dgrid_000296.txt,16,24,1,0.000496,True
dgrid_000297.txt,16,24,0,0.000413,True
dgrid_000298.txt,25,41,3,0.000901,True
dgrid_000299.txt,25,42,2,0.000646,True
dgrid_000300.txt,36,60,2,0.00089,True
dgrid_000301.txt,25,43,4,0.001368,True
dgrid_000302.txt,16,24,0,0.000381,True
dgrid_000303.txt,25,42,3,0.000809,True
dgrid_000304.txt,36,64,5,0.011622,True
dgrid_000305.txt,16,25,2,0.000605,True
dgrid_000306.txt,25,41,2,0.000872,True
dgrid_000307.txt,9,13,1,0.000364,True
dgrid_000308.txt,25,41,1,0.000619,True
dgrid_000309.txt,36,60,3,0.001279,True
dgrid_000310.txt,25,44,4,0.005915,True
dgrid_000311.txt,9,13,1,0.000394,True
dgrid_000312.txt,9,12,1,0.000368,True
dgrid_000313.txt,16,24,2,0.000533,True
dgrid_000314.txt,9,12,0,0.00026,True
dgrid_000315.txt,25,45,4,0.001111,True
dgrid_000316.txt,25,41,2,0.000729,True
dgrid_000317.txt,36,61,4,0.001941,True
dgrid_000318.txt,16,25,1,0.000491,True
dgrid_000319.txt,36,64,5,0.0055,True
dgrid_000320.txt,25,45,5,0.002516,True
dgrid_000321.txt,9,12,1,0.000376,True
dgrid_000322.txt,25,41,2,0.000685,True
dgrid_000323.txt,25,40,1,0.000585,True
dgrid_000324.txt,9,12,0,0.000253,True
dgrid_000325.txt,36,62,4,0.002181,True
dgrid_000326.txt,9,12,1,0.000336,True
dgrid_000327.txt,16,26,2,0.000551,True
dgrid_000328.txt,16,25,2,0.00061,True
dgrid_000329.txt,9,13,1,0.000371,True
dgrid_000330.txt,36,62,5,0.005679,True
dgrid_000331.txt,16,25,3,0.00074,True
dgrid_000332.txt,16,24,0,0.00036,True
dgrid_000333.txt,36,64,5,0.001636,True
dgrid_000334.txt,36,62,3,0.001774,True
dgrid_000335.txt,36,63,3,0.001082,True
dgrid_000336.txt,36,62,3,0.00115,True
dgrid_000337.txt,9,12,1,0.000392,True
dgrid_000338.txt,9,12,0,0.00025,True
dgrid_000339.txt,9,12,0,0.000249,True
dgrid_000340.txt,16,24,0,0.000387,True
dgrid_000341.txt,36,61,2,0.000933,True
dgrid_000342.txt,9,15,3,0.000518,True
dgrid_000343.txt,16,24,0,0.000384,True
dgrid_000344.txt,25,42,2,0.000859,True
dgrid_000345.txt,36,64,4,0.001471,True
dgrid_000346.txt,36,62,4,0.001972,True
dgrid_000347.txt,36,61,4,0.003255,True
dgrid_000348.txt,16,25,2,0.000594,True
dgrid_000349.txt,9,12,1,0.000338,True
dgrid_000350.txt,16,25,1,0.000516,True
dgrid_000351.txt,9,12,0,0.000259,True
dgrid_000352.txt,36,61,4,0.001934,True
dgrid_000353.txt,16,26,3,0.000665,True
dgrid_000354.txt,9,12,1,0.000321,True
dgrid_000355.txt,25,42,3,0.001045,True
dgrid_000356.txt,9,12,0,0.000257,True
dgrid_000357.txt,9,12,0,0.000262,True
dgrid_000358.txt,9,12,1,0.00033,True
dgrid_000359.txt,25,40,2,0.000753,True
dgrid_000360.txt,25,46,4,0.001014,True
dgrid_000361.txt,16,24,1,0.00058,True
dgrid_000362.txt,25,42,2,0.000659,True
dgrid_000363.txt,9,13,1,0.000463,True
dgrid_000364.txt,25,44,5,0.00195,True
dgrid_000365.txt,36,64,3,0.000981,True
dgrid_000366.txt,36,60,3,0.001255,True
dgrid_000367.txt,36,62,4,0.001941,True
dgrid_000368.txt,25,43,3,0.001214,True
dgrid_000369.txt,9,12,0,0.000326,True
dgrid_000370.txt,9,13,1,0.000378,True
dgrid_000371.txt,36,61,5,0.013897,True
dgrid_000372.txt,9,12,0,0.000266,True
dgrid_000373.txt,16,24,2,0.000557,True
dgrid_000374.txt,36,62,5,0.011049,True
dgrid_000375.txt,25,40,0,0.000489,True
dgrid_000376.txt,16,25,1,0.000487,True
dgrid_000377.txt,25,42,2,0.000712,True
dgrid_000378.txt,16,26,3,0.000814,True
dgrid_000379.txt,16,24,2,0.000565,True
dgrid_000380.txt,36,61,2,0.000904,True
dgrid_000381.txt,36,60,3,0.001876,True
dgrid_000382.txt,16,24,2,0.00056,True
dgrid_000383.txt,25,43,4,0.001107,True
dgrid_000384.txt,25,41,2,0.000687,True
dgrid_000385.txt,36,61,4,0.002799,True
dgrid_000386.txt,25,43,4,0.001143,True
dgrid_000387.txt,36,61,2,0.000993,True
dgrid_000388.txt,9,13,1,0.000373,True
dgrid_000389.txt,9,12,0,0.00025,True
dgrid_000390.txt,25,42,1,0.000609,True
dgrid_000391.txt,16,26,2,0.000571,True
dgrid_000392.txt,9,13,1,0.000338,True
dgrid_000393.txt,36,63,3,0.001788,True
dgrid_000394.txt,16,26,2,0.000704,True
dgrid_000395.txt,9,13,1,0.000365,True
dgrid_000396.txt,16,24,0,0.000389,True
dgrid_000397.txt,36,61,1,0.000781,True
dgrid_000398.txt,36,64,3,0.001278,True
dgrid_000399.txt,16,24,1,0.000471,True
dgrid_000400.txt,36,61,3,0.001052,True
dgrid_000401.txt,9,12,1,0.000325,True
dgrid_000402.txt,16,24,1,0.000471,True
dgrid_000403.txt,9,13,1,0.000339,True
dgrid_000404.txt,16,24,1,0.000479,True
dgrid_000405.txt,25,43,4,0.001319,True
dgrid_000406.txt,36,64,3,0.001042,True
dgrid_000407.txt,36,60,4,0.010577,True
dgrid_000408.txt,25,44,4,0.001391,True
dgrid_000409.txt,9,12,0,0.00026,True
dgrid_000410.txt,16,24,1,0.000517,True
dgrid_000411.txt,9,12,1,0.000338,True
dgrid_000412.txt,36,61,2,0.001057,True
dgrid_000413.txt,16,24,0,0.000372,True
dgrid_000414.txt,9,14,2,0.000462,True
dgrid_000415.txt,36,63,4,0.001473,True
dgrid_000416.txt,16,24,1,0.000508,True
dgrid_000417.txt,36,60,2,0.000877,True
dgrid_000418.txt,25,41,3,0.000789,True
dgrid_000419.txt,16,24,2,0.000593,True
dgrid_000420.txt,9,12,1,0.000338,True
dgrid_000421.txt,36,61,2,0.000881,True
dgrid_000422.txt,25,43,3,0.001132,True
dgrid_000423.txt,36,63,3,0.000994,True
dgrid_000424.txt,36,64,3,0.00128,True
dgrid_000425.txt,25,42,3,0.0012,True
dgrid_000426.txt,36,65,4,0.001105,True
dgrid_000427.txt,16,25,1,0.000513,True
dgrid_000428.txt,25,42,2,0.000766,True
dgrid_000429.txt,16,25,1,0.000515,True
dgrid_000430.txt,16,25,2,0.000659,True
dgrid_000431.txt,36,62,4,0.001976,True
dgrid_000432.txt,25,40,1,0.000646,True
dgrid_000433.txt,25,42,3,0.000943,True
dgrid_000434.txt,36,64,5,0.00607,True
dgrid_000435.txt,36,64,5,0.004406,True
dgrid_000436.txt,25,44,5,0.002066,True
dgrid_000437.txt,9,13,1,0.00035,True
dgrid_000438.txt,36,62,4,0.003184,True
dgrid_000439.txt,9,12,0,0.000244,True
dgrid_000440.txt,36,61,4,0.0021,True
dgrid_000441.txt,9,12,1,0.000392,True
dgrid_000442.txt,25,40,2,0.000683,True
dgrid_000443.txt,36,62,3,0.000975,True
dgrid_000444.txt,16,26,2,0.000669,True
dgrid_000445.txt,16,24,1,0.000514,True
dgrid_000446.txt,16,24,1,0.000607,True
dgrid_000447.txt,16,24,0,0.000364,True
dgrid_000448.txt,25,40,1,0.000624,True
dgrid_000449.txt,36,62,4,0.002988,True
dgrid_000450.txt,16,26,3,0.000699,True
dgrid_000451.txt,36,62,4,0.003091,True
dgrid_000452.txt,9,12,1,0.000367,True
dgrid_000453.txt,9,12,1,0.000371,True
dgrid_000454.txt,9,12,0,0.00026,True
dgrid_000455.txt,36,61,5,0.008628,True
dgrid_000456.txt,9,13,2,0.000485,True
dgrid_000457.txt,9,12,0,0.000254,True
dgrid_000458.txt,25,42,2,0.000692,True
dgrid_000459.txt,25,40,1,0.00062,True
dgrid_000460.txt,36,61,4,0.00412,True
dgrid_000461.txt,16,25,2,0.00061,True
dgrid_000462.txt,25,41,1,0.000612,True
dgrid_000463.txt,9,13,1,0.000385,True
dgrid_000464.txt,9,12,0,0.000285,True
dgrid_000465.txt,9,14,2,0.000509,True
dgrid_000466.txt,25,41,1,0.000663,True
dgrid_000467.txt,25,42,2,0.000676,True
dgrid_000468.txt,25,42,3,0.000797,True
dgrid_000469.txt,9,12,0,0.000256,True
dgrid_000470.txt,25,42,3,0.000792,True
dgrid_000471.txt,25,43,5,0.004213,True
dgrid_000472.txt,36,63,5,0.031285,True
dgrid_000473.txt,9,12,1,0.000342,True
dgrid_000474.txt,16,24,0,0.000368,True
dgrid_000475.txt,9,14,2,0.000503,True
dgrid_000476.txt,36,62,3,0.001009,True
dgrid_000477.txt,16,24,1,0.000494,True
dgrid_000478.txt,9,12,0,0.000274,True
dgrid_000479.txt,36,62,3,0.000914,True
dgrid_000480.txt,25,41,1,0.000603,True
dgrid_000481.txt,16,25,1,0.000475,True
dgrid_000482.txt,9,12,1,0.000383,True
dgrid_000483.txt,16,24,1,0.000491,True
dgrid_000484.txt,25,40,2,0.0008,True
dgrid_000485.txt,9,12,0,0.000281,True
dgrid_000486.txt,25,42,3,0.000992,True
dgrid_000487.txt,9,13,1,0.000341,True
dgrid_000488.txt,25,42,5,0.00216,True
dgrid_000489.txt,9,13,1,0.000336,True
dgrid_000490.txt,36,62,2,0.000834,True
dgrid_000491.txt,36,61,4,0.001561,True
dgrid_000492.txt,36,64,3,0.001108,True
dgrid_000493.txt,25,44,3,0.00108,True
dgrid_000494.txt,36,60,4,0.001884,True
dgrid_000495.txt,25,42,2,0.000759,True
dgrid_000496.txt,36,62,3,0.001095,True
dgrid_000497.txt,25,42,2,0.000677,True
dgrid_000498.txt,9,13,1,0.000365,True
dgrid_000499.txt,36,60,2,0.001019,True
dgrid_000500.txt,9,14,2,0.000538,True
dgrid_000501.txt,36,67,7,0.011703,True
dgrid_000502.txt,25,41,3,0.001136,True
dgrid_000503.txt,36,65,5,0.002497,True
dgrid_000504.txt,16,24,0,0.000366,True
dgrid_000505.txt,16,24,2,0.000823,True
dgrid_000506.txt,16,25,1,0.000508,True
dgrid_000507.txt,16,25,1,0.000505,True
dgrid_000508.txt,16,24,1,0.000629,True
dgrid_000509.txt,36,64,5,0.00766,True
dgrid_000510.txt,9,12,1,0.000363,True
dgrid_000511.txt,16,26,2,0.000546,True
dgrid_000512.txt,36,61,5,0.004342,True
dgrid_000513.txt,16,25,1,0.000522,True
dgrid_000514.txt,25,40,1,0.000596,True
dgrid_000515.txt,25,41,2,0.000842,True
dgrid_000516.txt,9,15,2,0.00049,True
dgrid_000517.txt,36,64,5,0.004581,True
dgrid_000518.txt,36,61,2,0.000869,True
dgrid_000519.txt,16,26,2,0.000557,True
dgrid_000520.txt,16,24,2,0.000582,True
dgrid_000521.txt,36,63,3,0.000966,True
dgrid_000522.txt,36,62,4,0.002152,True
dgrid_000523.txt,36,62,3,0.000971,True
dgrid_000524.txt,25,41,2,0.001046,True
dgrid_000525.txt,9,12,1,0.000338,True
dgrid_000526.txt,25,43,3,0.00081,True
dgrid_000527.txt,16,26,2,0.000618,True
dgrid_000528.txt,9,12,0,0.00026,True
dgrid_000529.txt,16,24,2,0.000608,True
dgrid_000530.txt,36,63,6,0.014796,True
dgrid_000531.txt,9,13,1,0.000353,True
dgrid_000532.txt,36,62,4,0.001269,True
dgrid_000533.txt,9,13,1,0.000357,True
dgrid_000534.txt,16,26,2,0.000586,True
dgrid_000535.txt,36,62,3,0.001216,True
dgrid_000536.txt,25,41,3,0.00078,True
dgrid_000537.txt,36,64,3,0.001113,True
dgrid_000538.txt,25,43,4,0.001497,True
dgrid_000539.txt,25,40,2,0.000704,True
dgrid_000540.txt,16,26,3,0.000665,True
dgrid_000541.txt,16,26,1,0.000491,True
dgrid_000542.txt,9,12,0,0.000251,True
dgrid_000543.txt,25,41,3,0.001307,True
dgrid_000544.txt,36,60,1,0.00091,True
dgrid_000545.txt,16,24,0,0.000353,True
dgrid_000546.txt,25,41,2,0.000554,True
dgrid_000547.txt,25,43,3,0.000813,True
dgrid_000548.txt,9,14,2,0.000416,True
dgrid_000549.txt,25,41,2,0.000721,True
dgrid_000550.txt,9,13,1,0.000355,True
dgrid_000551.txt,36,61,2,0.000874,True
dgrid_000552.txt,25,40,2,0.000804,True
dgrid_000553.txt,9,13,1,0.00043,True
dgrid_000554.txt,16,25,1,0.000532,True
dgrid_000555.txt,25,41,5,0.004619,True
dgrid_000556.txt,36,62,2,0.000816,True
dgrid_000557.txt,36,61,3,0.001275,True
dgrid_000558.txt,25,41,2,0.000835,True
dgrid_000559.txt,36,60,5,0.00914,True
dgrid_000560.txt,16,25,3,0.000779,True
dgrid_000561.txt,25,42,3,0.000756,True
dgrid_000562.txt,36,63,3,0.001047,True
dgrid_000563.txt,9,12,1,0.000341,True
dgrid_000564.txt,36,62,4,0.002076,True
dgrid_000565.txt,16,25,2,0.000702,True
dgrid_000566.txt,36,63,4,0.001447,True
dgrid_000567.txt,36,63,4,0.003068,True
dgrid_000568.txt,9,14,2,0.000581,True
dgrid_000569.txt,36,67,7,0.024914,True
dgrid_000570.txt,9,12,1,0.000336,True
dgrid_000571.txt,16,24,0,0.0004,True
dgrid_000572.txt,16,25,2,0.000601,True
dgrid_000573.txt,16,24,0,0.000366,True
dgrid_000574.txt,36,62,2,0.000866,True
dgrid_000575.txt,9,13,1,0.000353,True
dgrid_000576.txt,9,13,1,0.000356,True
dgrid_000577.txt,16,24,0,0.000373,True
dgrid_000578.txt,9,12,0,0.000245,True
dgrid_000579.txt,25,42,2,0.000687,True
dgrid_000580.txt,9,13,2,0.00043,True
dgrid_000581.txt,16,25,2,0.000589,True
dgrid_000582.txt,36,63,5,0.00724,True
dgrid_000583.txt,36,63,4,0.001133,True
dgrid_000584.txt,36,61,4,0.002392,True
dgrid_000585.txt,9,12,0,0.000373,True
dgrid_000586.txt,36,62,4,0.002273,True
dgrid_000587.txt,25,41,1,0.000634,True
dgrid_000588.txt,36,60,1,0.000755,True
dgrid_000589.txt,25,41,4,0.003322,True
dgrid_000590.txt,25,44,3,0.000776,True
dgrid_000591.txt,25,40,1,0.000616,True
dgrid_000592.txt,36,62,4,0.001657,True
dgrid_000593.txt,36,61,4,0.002741,True
dgrid_000594.txt,9,12,0,0.000257,True
dgrid_000595.txt,9,12,1,0.000358,True
dgrid_000596.txt,16,26,3,0.00068,True
dgrid_000597.txt,9,12,0,0.000251,True
dgrid_000598.txt,25,41,4,0.002197,True
dgrid_000599.txt,25,40,3,0.001132,True
dgrid_000600.txt,16,24,2,0.000552,True
dgrid_000601.txt,25,41,1,0.000601,True
dgrid_000602.txt,9,12,0,0.000261,True
dgrid_000603.txt,9,12,0,0.000259,True
dgrid_000604.txt,9,13,1,0.000401,True
dgrid_000605.txt,16,24,0,0.000378,True
dgrid_000606.txt,16,25,1,0.000583,True
dgrid_000607.txt,36,60,3,0.001207,True
dgrid_000608.txt,9,12,0,0.000262,True
dgrid_000609.txt,16,24,0,0.000384,True
dgrid_000610.txt,25,41,2,0.000733,True
dgrid_000611.txt,36,62,4,0.002365,True
dgrid_000612.txt,25,42,2,0.000718,True
dgrid_000613.txt,36,64,5,0.001876,True
dgrid_000614.txt,16,28,3,0.00076,True
dgrid_000615.txt,36,64,5,0.002654,True
dgrid_000616.txt,16,24,0,0.000479,True
dgrid_000617.txt,25,43,3,0.001727,True
dgrid_000618.txt,9,13,1,0.000347,True
dgrid_000619.txt,25,43,4,0.001171,True
dgrid_000620.txt,9,13,1,0.000366,True
dgrid_000621.txt,16,24,0,0.000389,True
dgrid_000622.txt,16,25,2,0.000634,True
dgrid_000623.txt,25,43,2,0.000704,True
dgrid_000624.txt,16,24,1,0.000508,True
dgrid_000625.txt,25,41,1,0.000586,True
dgrid_000626.txt,36,61,3,0.001063,True
dgrid_000627.txt,9,12,0,0.000253,True
dgrid_000628.txt,25,41,2,0.000737,True
dgrid_000629.txt,16,24,1,0.000495,True
dgrid_000630.txt,36,62,4,0.003055,True
dgrid_000631.txt,16,27,2,0.000629,True
dgrid_000632.txt,36,64,4,0.001885,True
dgrid_000633.txt,36,62,2,0.00089,True
dgrid_000634.txt,9,13,1,0.000357,True
dgrid_000635.txt,36,64,4,0.001868,True
dgrid_000636.txt,25,41,3,0.000845,True
dgrid_000637.txt,36,64,6,0.008824,True
dgrid_000638.txt,36,61,2,0.000877,True
dgrid_000639.txt,16,27,3,0.000744,True
dgrid_000640.txt,36,61,4,0.002942,True
dgrid_000641.txt,25,40,1,0.000591,True
dgrid_000642.txt,25,41,3,0.00107,True
dgrid_000643.txt,16,25,1,0.000486,True
dgrid_000644.txt,9,14,2,0.000476,True
dgrid_000645.txt,25,43,2,0.000699,True
dgrid_000646.txt,16,24,1,0.0005,True
dgrid_000647.txt,16,24,2,0.000607,True
dgrid_000648.txt,25,41,3,0.000832,True
dgrid_000649.txt,16,25,1,0.00058,True
dgrid_000650.txt,36,62,4,0.004876,True
dgrid_000651.txt,36,64,4,0.001337,True
dgrid_000652.txt,16,24,1,0.000469,True
dgrid_000653.txt,16,25,3,0.000763,True
dgrid_000654.txt,9,12,0,0.000249,True
dgrid_000655.txt,16,26,1,0.000502,True
dgrid_000656.txt,16,25,1,0.00044,True
dgrid_000657.txt,16,25,1,0.000453,True
dgrid_000658.txt,25,42,3,0.001252,True
dgrid_000659.txt,9,12,0,0.000256,True
dgrid_000660.txt,36,64,5,0.006825,True
dgrid_000661.txt,36,62,5,0.00634,True
dgrid_000662.txt,25,42,1,0.000614,True
dgrid_000663.txt,25,40,2,0.000725,True
dgrid_000664.txt,36,63,3,0.001545,True
dgrid_000665.txt,9,12,0,0.000257,True
dgrid_000666.txt,36,60,3,0.001518,True
dgrid_000667.txt,25,44,4,0.002271,True
dgrid_000668.txt,25,42,4,0.001645,True
dgrid_000669.txt,16,25,2,0.000586,True
dgrid_000670.txt,16,28,4,0.000959,True
dgrid_000671.txt,25,42,3,0.000902,True
dgrid_000672.txt,36,63,3,0.001269,True
dgrid_000673.txt,16,25,1,0.000461,True
dgrid_000674.txt,9,12,1,0.000338,True
dgrid_000675.txt,36,63,4,0.00143,True
dgrid_000676.txt,36,61,3,0.001217,True
dgrid_000677.txt,16,25,1,0.000473,True
dgrid_000678.txt,9,12,1,0.00038,True
dgrid_000679.txt,9,12,1,0.000337,True
dgrid_000680.txt,25,41,2,0.00071,True
dgrid_000681.txt,25,40,2,0.000714,True
dgrid_000682.txt,9,12,0,0.000264,True
dgrid_000683.txt,9,13,1,0.000336,True
dgrid_000684.txt,16,26,3,0.000907,True
dgrid_000685.txt,9,13,1,0.000347,True
dgrid_000686.txt,25,43,4,0.001859,True
dgrid_000687.txt,25,42,3,0.001908,True
dgrid_000688.txt,9,14,1,0.000394,True
dgrid_000689.txt,16,25,1,0.000477,True
dgrid_000690.txt,25,40,1,0.000623,True
dgrid_000691.txt,9,12,0,0.000259,True
dgrid_000692.txt,9,12,0,0.00026,True
dgrid_000693.txt,36,63,4,0.00185,True
dgrid_000694.txt,9,12,0,0.000259,True
dgrid_000695.txt,25,45,5,0.001751,True
dgrid_000696.txt,25,44,2,0.000793,True
dgrid_000697.txt,25,41,3,0.001367,True
dgrid_000698.txt,16,25,2,0.000609,True
dgrid_000699.txt,9,12,0,0.000287,True
dgrid_000700.txt,25,41,2,0.000675,True
dgrid_000701.txt,9,13,1,0.000363,True
dgrid_000702.txt,9,12,1,0.000354,True
dgrid_000703.txt,25,43,4,0.001649,True
dgrid_000704.txt,36,64,4,0.001404,True
dgrid_000705.txt,36,64,5,0.003108,True
dgrid_000706.txt,16,24,2,0.000595,True
dgrid_000707.txt,36,63,3,0.000999,True
dgrid_000708.txt,9,13,1,0.000351,True
dgrid_000709.txt,16,24,1,0.000451,True
dgrid_000710.txt,25,44,5,0.002759,True
dgrid_000711.txt,25,42,2,0.000757,True
dgrid_000712.txt,25,42,4,0.002777,True
dgrid_000713.txt,36,61,3,0.00222,True
dgrid_000714.txt,9,12,0,0.000301,True
dgrid_000715.txt,9,12,0,0.000254,True
dgrid_000716.txt,25,42,5,0.00351,True
dgrid_000717.txt,36,61,2,0.000822,True
dgrid_000718.txt,36,64,6,0.010636,True
dgrid_000719.txt,16,24,1,0.000426,True
dgrid_000720.txt,9,12,0,0.000254,True
dgrid_000721.txt,25,44,4,0.001085,True
dgrid_000722.txt,36,63,4,0.001761,True
dgrid_000723.txt,9,12,0,0.000283,True
dgrid_000724.txt,16,25,2,0.000564,True
dgrid_000725.txt,36,61,3,0.001093,True
dgrid_000726.txt,16,25,1,0.000442,True
dgrid_000727.txt,16,24,1,0.00044,True
dgrid_000728.txt,25,40,1,0.000613,True
dgrid_000729.txt,16,24,0,0.00041,True
dgrid_000730.txt,36,61,1,0.000769,True
dgrid_000731.txt,25,40,2,0.000813,True
dgrid_000732.txt,9,12,0,0.000252,True
dgrid_000733.txt,36,64,7,0.09211,True
dgrid_000734.txt,9,12,1,0.00035,True
dgrid_000735.txt,25,41,1,0.000612,True
dgrid_000736.txt,16,24,0,0.000357,True
dgrid_000737.txt,25,41,3,0.001343,True
dgrid_000738.txt,36,61,3,0.001337,True
dgrid_000739.txt,16,24,0,0.000421,True
dgrid_000740.txt,25,42,3,0.001544,True
dgrid_000741.txt,36,64,4,0.001759,True
dgrid_000742.txt,36,65,6,0.004417,True
dgrid_000743.txt,25,43,3,0.000964,True
dgrid_000744.txt,36,63,4,0.001215,True
dgrid_000745.txt,36,60,2,0.001,True
dgrid_000746.txt,25,42,3,0.001078,True
dgrid_000747.txt,9,13,1,0.000385,True
dgrid_000748.txt,16,24,0,0.000367,True
dgrid_000749.txt,36,63,3,0.001088,True
dgrid_000750.txt,16,26,2,0.000555,True
dgrid_000751.txt,36,62,3,0.001667,True
dgrid_000752.txt,36,61,4,0.001705,True
dgrid_000753.txt,16,24,1,0.000441,True
dgrid_000754.txt,9,12,0,0.000267,True
dgrid_000755.txt,9,13,2,0.000437,True
dgrid_000756.txt,25,40,2,0.000715,True
dgrid_000757.txt,16,24,1,0.000457,True
dgrid_000758.txt,16,24,0,0.00036,True
dgrid_000759.txt,16,24,0,0.000362,True
dgrid_000760.txt,25,41,2,0.000763,True
dgrid_000761.txt,16,24,1,0.000443,True
dgrid_000762.txt,9,12,1,0.000416,True
dgrid_000763.txt,16,24,1,0.00044,True
dgrid_000764.txt,25,41,2,0.000693,True
dgrid_000765.txt,16,25,1,0.000463,True
dgrid_000766.txt,36,61,3,0.000967,True
dgrid_000767.txt,9,12,1,0.000425,True
dgrid_000768.txt,36,61,4,0.002215,True
dgrid_000769.txt,16,25,2,0.000595,True
dgrid_000770.txt,25,42,2,0.000722,True
dgrid_000771.txt,16,26,2,0.000607,True
dgrid_000772.txt,9,12,0,0.00026,True
dgrid_000773.txt,36,66,7,0.036428,True
dgrid_000774.txt,16,24,1,0.00043,True
dgrid_000775.txt,9,12,0,0.00025,True
dgrid_000776.txt,36,64,6,0.006292,True
dgrid_000777.txt,36,63,4,0.001253,True
dgrid_000778.txt,36,65,8,0.040698,True
dgrid_000779.txt,25,42,2,0.000803,True
dgrid_000780.txt,36,63,4,0.001265,True
dgrid_000781.txt,25,41,3,0.001321,True
dgrid_000782.txt,25,41,3,0.001046,True
dgrid_000783.txt,9,13,1,0.000389,True
dgrid_000784.txt,9,13,2,0.000436,True
dgrid_000785.txt,16,24,1,0.000432,True
dgrid_000786.txt,9,13,1,0.000349,True
dgrid_000787.txt,25,42,3,0.001371,True
dgrid_000788.txt,9,13,1,0.000349,True
dgrid_000789.txt,16,26,4,0.001476,True
dgrid_000790.txt,25,41,5,0.002778,True
dgrid_000791.txt,25,41,4,0.001921,True
dgrid_000792.txt,9,13,1,0.000341,True
dgrid_000793.txt,16,24,0,0.000382,True
dgrid_000794.txt,16,25,1,0.000461,True
dgrid_000795.txt,25,40,2,0.00067,True
dgrid_000796.txt,25,42,3,0.000833,True
dgrid_000797.txt,36,62,4,0.002057,True
dgrid_000798.txt,9,12,0,0.000279,True
dgrid_000799.txt,36,61,2,0.00088,True
dgrid_000800.txt,16,25,2,0.000593,True
dgrid_000801.txt,16,24,2,0.000601,True
dgrid_000802.txt,16,26,3,0.001097,True
dgrid_000803.txt,9,13,1,0.000363,True
dgrid_000804.txt,16,25,2,0.000548,True
dgrid_000805.txt,36,61,4,0.001979,True
dgrid_000806.txt,36,65,5,0.004215,True
dgrid_000807.txt,25,42,3,0.000833,True
dgrid_000808.txt,16,24,0,0.000385,True
dgrid_000809.txt,36,64,5,0.001796,True
dgrid_000810.txt,25,42,3,0.00091,True
dgrid_000811.txt,16,25,1,0.000452,True
dgrid_000812.txt,16,25,2,0.00056,True
dgrid_000813.txt,36,62,4,0.001963,True
dgrid_000814.txt,16,25,1,0.000489,True
dgrid_000815.txt,16,25,2,0.000603,True
dgrid_000816.txt,36,63,5,0.005507,True
dgrid_000817.txt,16,24,1,0.000431,True
dgrid_000818.txt,36,61,4,0.001741,True
dgrid_000819.txt,25,40,2,0.000712,True
dgrid_000820.txt,9,13,1,0.000411,True
dgrid_000821.txt,16,24,2,0.00054,True
dgrid_000822.txt,25,41,2,0.00074,True
dgrid_000823.txt,36,63,5,0.002137,True
dgrid_000824.txt,9,12,0,0.000261,True
dgrid_000825.txt,9,13,1,0.000352,True
dgrid_000826.txt,9,13,1,0.000322,True
dgrid_000827.txt,25,41,3,0.001229,True
dgrid_000828.txt,16,24,0,0.000394,True
dgrid_000829.txt,9,12,0,0.000266,True
dgrid_000830.txt,9,12,1,0.000395,True
dgrid_000831.txt,9,12,0,0.000253,True
dgrid_000832.txt,9,12,1,0.00034,True
dgrid_000833.txt,16,26,2,0.000558,True
dgrid_000834.txt,25,44,4,0.001515,True
dgrid_000835.txt,25,41,2,0.000912,True
dgrid_000836.txt,9,12,1,0.000368,True
dgrid_000837.txt,36,61,4,0.001688,True
dgrid_000838.txt,36,62,3,0.001029,True
dgrid_000839.txt,9,12,1,0.000374,True
dgrid_000840.txt,25,43,3,0.000758,True
dgrid_000841.txt,16,24,0,0.000426,True
dgrid_000842.txt,9,13,1,0.000348,True
dgrid_000843.txt,36,65,5,0.006413,True
dgrid_000844.txt,25,43,4,0.001506,True
dgrid_000845.txt,25,42,3,0.000794,True
dgrid_000846.txt,36,61,2,0.000924,True
dgrid_000847.txt,25,43,3,0.001306,True
dgrid_000848.txt,16,25,2,0.00058,True
dgrid_000849.txt,16,24,1,0.000424,True
dgrid_000850.txt,25,40,1,0.000662,True
dgrid_000851.txt,16,24,1,0.000442,True
dgrid_000852.txt,16,25,2,0.000566,True
dgrid_000853.txt,36,63,3,0.001212,True
dgrid_000854.txt,36,61,1,0.000769,True
dgrid_000855.txt,36,61,4,0.002113,True
dgrid_000856.txt,9,12,0,0.000262,True
dgrid_000857.txt,16,26,3,0.000804,True
dgrid_000858.txt,9,12,1,0.000365,True
dgrid_000859.txt,25,41,3,0.000953,True
dgrid_000860.txt,9,12,0,0.000246,True
dgrid_000861.txt,9,12,0,0.000254,True
dgrid_000862.txt,9,12,1,0.000338,True
dgrid_000863.txt,36,63,5,0.0033,True
dgrid_000864.txt,16,25,2,0.000593,True
dgrid_000865.txt,16,25,2,0.000585,True
dgrid_000866.txt,16,26,2,0.000583,True
dgrid_000867.txt,9,12,1,0.000341,True
dgrid_000868.txt,16,25,2,0.000591,True
dgrid_000869.txt,25,41,2,0.000876,True
dgrid_000870.txt,25,42,3,0.000975,True
dgrid_000871.txt,16,25,2,0.000522,True
dgrid_000872.txt,36,63,3,0.001381,True
dgrid_000873.txt,36,64,5,0.010328,True
dgrid_000874.txt,9,12,0,0.000248,True
dgrid_000875.txt,36,63,5,0.006228,True
dgrid_000876.txt,9,13,1,0.000373,True
dgrid_000877.txt,9,12,0,0.000276,True
dgrid_000878.txt,25,42,3,0.000871,True
dgrid_000879.txt,16,24,2,0.000593,True
dgrid_000880.txt,16,25,1,0.000483,True
dgrid_000881.txt,16,24,1,0.000461,True
dgrid_000882.txt,25,41,1,0.00061,True
dgrid_000883.txt,9,15,2,0.000477,True
dgrid_000884.txt,36,61,3,0.001219,True
dgrid_000885.txt,16,25,1,0.000442,True
dgrid_000886.txt,16,25,1,0.000464,True
dgrid_000887.txt,25,40,0,0.000515,True
dgrid_000888.txt,25,41,3,0.001117,True
dgrid_000889.txt,36,62,5,0.007459,True
dgrid_000890.txt,16,24,0,0.000371,True
dgrid_000891.txt,16,25,1,0.000498,True
dgrid_000892.txt,36,62,3,0.001409,True
dgrid_000893.txt,36,62,3,0.00153,True
dgrid_000894.txt,36,64,4,0.001569,True
dgrid_000895.txt,16,25,2,0.000571,True
dgrid_000896.txt,9,12,1,0.000333,True
dgrid_000897.txt,25,44,5,0.002513,True
dgrid_000898.txt,9,12,1,0.000358,True
dgrid_000899.txt,25,42,5,0.004529,True
dgrid_000900.txt,25,41,3,0.001211,True
dgrid_000901.txt,25,41,3,0.001226,True
dgrid_000902.txt,16,25,2,0.000578,True
dgrid_000903.txt,16,25,1,0.000448,True
dgrid_000904.txt,25,40,0,0.000525,True
dgrid_000905.txt,25,44,3,0.000847,True
dgrid_000906.txt,16,26,2,0.000625,True
dgrid_000907.txt,36,62,4,0.00517,True
dgrid_000908.txt,36,61,5,0.017394,True
dgrid_000909.txt,16,24,0,0.000374,True
dgrid_000910.txt,25,41,3,0.001243,True
dgrid_000911.txt,25,41,2,0.000713,True
dgrid_000912.txt,9,12,0,0.000282,True
dgrid_000913.txt,36,61,2,0.000901,True
dgrid_000914.txt,36,62,2,0.000836,True
dgrid_000915.txt,16,25,2,0.000679,True
dgrid_000916.txt,9,12,1,0.000359,True
dgrid_000917.txt,25,41,3,0.001041,True
dgrid_000918.txt,16,24,1,0.00045,True
dgrid_000919.txt,16,27,3,0.00065,True
dgrid_000920.txt,36,64,5,0.002356,True
dgrid_000921.txt,16,25,2,0.000597,True
dgrid_000922.txt,16,24,0,0.000363,True
dgrid_000923.txt,36,65,5,0.002642,True
dgrid_000924.txt,16,25,2,0.000701,True
dgrid_000925.txt,9,13,1,0.000362,True
dgrid_000926.txt,25,40,2,0.000928,True
dgrid_000927.txt,9,13,1,0.000406,True
dgrid_000928.txt,36,62,2,0.00085,True
dgrid_000929.txt,9,13,1,0.000348,True
dgrid_000930.txt,36,62,3,0.000988,True
dgrid_000931.txt,25,41,4,0.001873,True
dgrid_000932.txt,25,45,4,0.001607,True
dgrid_000933.txt,16,25,1,0.00049,True
dgrid_000934.txt,16,25,1,0.000439,True
dgrid_000935.txt,16,26,2,0.000634,True
dgrid_000936.txt,25,43,4,0.001159,True
dgrid_000937.txt,36,60,1,0.000792,True
dgrid_000938.txt,25,42,2,0.000845,True
dgrid_000939.txt,9,15,2,0.000463,True
dgrid_000940.txt,25,42,4,0.001384,True
dgrid_000941.txt,25,41,2,0.000963,True
dgrid_000942.txt,36,60,5,0.008052,True
dgrid_000943.txt,25,41,1,0.000621,True
dgrid_000944.txt,16,24,0,0.000393,True
dgrid_000945.txt,25,41,2,0.000762,True
dgrid_000946.txt,36,62,3,0.001338,True
dgrid_000947.txt,25,41,2,0.000674,True
dgrid_000948.txt,25,40,1,0.000608,True
dgrid_000949.txt,25,41,3,0.001839,True
dgrid_000950.txt,25,42,2,0.000683,True
dgrid_000951.txt,36,62,5,0.023575,True
dgrid_000952.txt,36,62,4,0.002313,True
dgrid_000953.txt,25,41,2,0.000728,True
dgrid_000954.txt,9,12,0,0.000252,True
dgrid_000955.txt,16,26,2,0.000717,True
dgrid_000956.txt,16,26,2,0.000577,True
dgrid_000957.txt,16,25,2,0.000532,True
dgrid_000958.txt,36,62,2,0.000831,True
dgrid_000959.txt,25,43,5,0.004823,True
dgrid_000960.txt,25,43,5,0.00256,True
dgrid_000961.txt,36,63,4,0.001558,True
dgrid_000962.txt,16,25,1,0.000471,True
dgrid_000963.txt,36,64,3,0.001228,True
dgrid_000964.txt,16,24,1,0.000431,True
dgrid_000965.txt,9,12,1,0.00038,True
dgrid_000966.txt,9,12,0,0.000248,True
dgrid_000967.txt,9,12,0,0.000247,True
dgrid_000968.txt,9,12,0,0.000247,True
dgrid_000969.txt,9,13,1,0.000359,True
dgrid_000970.txt,36,63,4,0.001858,True
dgrid_000971.txt,36,62,5,0.003659,True
dgrid_000972.txt,9,14,1,0.000376,True
dgrid_000973.txt,25,40,1,0.000662,True
dgrid_000974.txt,16,25,1,0.000459,True
dgrid_000975.txt,16,25,1,0.000503,True
dgrid_000976.txt,36,63,5,0.003067,True
dgrid_000977.txt,16,26,2,0.000568,True
dgrid_000978.txt,9,13,1,0.000355,True
dgrid_000979.txt,9,13,1,0.000344,True
dgrid_000980.txt,25,40,3,0.001012,True
dgrid_000981.txt,16,25,1,0.000451,True
dgrid_000982.txt,16,25,1,0.000441,True
dgrid_000983.txt,36,65,7,0.05527,True
dgrid_000984.txt,16,25,2,0.000592,True
dgrid_000985.txt,25,40,2,0.00083,True
dgrid_000986.txt,16,24,2,0.000654,True
dgrid_000987.txt,36,64,5,0.003031,True
dgrid_000988.txt,9,12,0,0.000285,True
dgrid_000989.txt,16,24,1,0.000428,True
dgrid_000990.txt,25,41,3,0.000904,True
dgrid_000991.txt,25,42,4,0.001924,True
dgrid_000992.txt,36,62,3,0.001123,True
dgrid_000993.txt,36,60,0,0.000625,True
dgrid_000994.txt,25,41,1,0.00064,True
dgrid_000995.txt,25,42,3,0.000991,True
dgrid_000996.txt,25,40,3,0.001819,True
dgrid_000997.txt,36,63,6,0.011784,True
dgrid_000998.txt,36,64,6,0.026095,True
dgrid_000999.txt,9,12,1,0.000377,True
dgrid_001000.txt,25,41,3,0.001035,True
dgrid_001001.txt,25,43,4,0.002031,True
dgrid_001002.txt,9,13,1,0.000383,True
dgrid_001003.txt,16,24,1,0.000495,True
dgrid_001004.txt,25,44,5,0.003195,True
dgrid_001005.txt,36,62,3,0.001349,True
dgrid_001006.txt,25,43,3,0.000967,True
dgrid_001007.txt,9,14,3,0.00066,True
dgrid_001008.txt,36,63,4,0.002176,True
dgrid_001009.txt,36,62,4,0.003708,True
dgrid_001010.txt,36,63,6,0.014737,True
dgrid_001011.txt,16,24,0,0.000409,True
dgrid_001012.txt,16,26,2,0.000543,True
dgrid_001013.txt,16,25,2,0.000592,True
dgrid_001014.txt,16,24,0,0.000394,True
dgrid_001015.txt,25,41,2,0.000699,True
dgrid_001016.txt,9,13,2,0.000513,True
dgrid_001017.txt,36,63,6,0.060917,True
dgrid_001018.txt,25,41,2,0.000865,True
dgrid_001019.txt,36,64,3,0.001029,True
dgrid_001020.txt,25,41,3,0.000842,True
dgrid_001021.txt,36,61,2,0.00088,True
dgrid_001022.txt,25,42,4,0.001311,True
dgrid_001023.txt,16,24,1,0.000571,True
dgrid_001024.txt,9,12,1,0.000336,True
dgrid_001025.txt,25,40,4,0.003122,True
dgrid_001026.txt,36,62,5,0.005954,True
dgrid_001027.txt,25,42,2,0.000658,True
dgrid_001028.txt,16,25,2,0.000618,True
dgrid_001029.txt,25,42,3,0.000802,True
dgrid_001030.txt,9,13,1,0.000352,True
dgrid_001031.txt,16,24,1,0.000467,True
dgrid_001032.txt,9,12,0,0.000248,True
dgrid_001033.txt,16,24,1,0.000449,True
dgrid_001034.txt,9,13,1,0.000355,True
dgrid_001035.txt,16,25,2,0.000593,True
dgrid_001036.txt,36,62,4,0.001415,True
dgrid_001037.txt,25,42,2,0.000658,True
dgrid_001038.txt,36,61,3,0.001075,True
dgrid_001039.txt,25,42,4,0.001675,True
dgrid_001040.txt,36,62,5,0.007299,True
dgrid_001041.txt,36,62,3,0.001224,True
dgrid_001042.txt,36,60,3,0.00257,True
dgrid_001043.txt,36,65,6,0.004433,True
dgrid_001044.txt,36,62,3,0.001222,True
dgrid_001045.txt,25,42,2,0.000712,True
dgrid_001046.txt,25,43,2,0.000702,True
dgrid_001047.txt,9,14,1,0.000355,True
dgrid_001048.txt,9,12,1,0.000405,True
dgrid_001049.txt,25,41,2,0.000628,True
dgrid_001050.txt,16,24,1,0.000478,True
dgrid_001051.txt,36,60,2,0.000912,True
dgrid_001052.txt,25,43,4,0.001114,True
dgrid_001053.txt,36,62,3,0.0011,True
dgrid_001054.txt,25,42,3,0.000795,True
dgrid_001055.txt,9,12,2,0.000497,True
dgrid_001056.txt,9,12,0,0.000249,True
dgrid_001057.txt,36,61,2,0.000922,True
dgrid_001058.txt,9,12,0,0.000264,True
dgrid_001059.txt,36,63,5,0.003613,True
dgrid_001060.txt,25,41,1,0.000612,True
dgrid_001061.txt,16,25,1,0.000446,True
dgrid_001062.txt,16,24,1,0.000481,True
dgrid_001063.txt,9,13,1,0.000419,True
dgrid_001064.txt,36,61,2,0.000845,True
dgrid_001065.txt,36,64,4,0.002367,True
dgrid_001066.txt,16,26,2,0.000564,True
dgrid_001067.txt,25,41,2,0.000699,True
dgrid_001068.txt,16,24,0,0.00038,True
dgrid_001069.txt,36,61,4,0.003889,True
dgrid_001070.txt,9,12,1,0.000368,True
dgrid_001071.txt,9,14,2,0.000385,True
dgrid_001072.txt,25,42,3,0.000873,True
dgrid_001073.txt,9,12,1,0.000337,True
dgrid_001074.txt,16,24,1,0.000468,True
dgrid_001075.txt,25,42,2,0.000658,True
dgrid_001076.txt,9,13,1,0.000354,True
dgrid_001077.txt,36,60,1,0.000656,True
dgrid_001078.txt,9,13,1,0.000406,True
dgrid_001079.txt,16,24,1,0.000436,True
dgrid_001080.txt,25,44,4,0.001315,True
dgrid_001081.txt,25,41,2,0.000853,True
dgrid_001082.txt,36,62,4,0.002245,True
dgrid_001083.txt,16,24,1,0.00048,True
dgrid_001084.txt,9,12,0,0.000251,True
dgrid_001085.txt,25,40,1,0.000638,True
dgrid_001086.txt,9,12,1,0.000353,True
dgrid_001087.txt,16,25,2,0.000599,True
dgrid_001088.txt,16,24,1,0.000491,True
dgrid_001089.txt,36,61,2,0.00087,True
dgrid_001090.txt,9,13,2,0.000421,True
dgrid_001091.txt,16,24,1,0.000429,True
dgrid_001092.txt,9,12,0,0.000249,True
dgrid_001093.txt,36,62,4,0.002255,True
dgrid_001094.txt,25,43,3,0.000733,True
dgrid_001095.txt,9,14,1,0.000356,True
dgrid_001096.txt,36,62,4,0.001821,True
dgrid_001097.txt,9,13,1,0.000379,True
dgrid_001098.txt,9,14,2,0.000488,True
dgrid_001099.txt,25,41,4,0.001748,True
dgrid_001100.txt,36,60,3,0.001419,True
dgrid_001101.txt,25,41,3,0.001102,True
dgrid_001102.txt,9,13,1,0.000354,True
dgrid_001103.txt,16,25,1,0.000479,True
dgrid_001104.txt,36,62,3,0.00133,True
dgrid_001105.txt,16,25,2,0.000594,True
dgrid_001106.txt,36,62,4,0.00288,True
dgrid_001107.txt,25,41,2,0.000709,True
dgrid_001108.txt,36,61,3,0.001379,True
dgrid_001109.txt,9,13,1,0.000378,True
dgrid_001110.txt,9,12,1,0.00045,True
dgrid_001111.txt,9,13,1,0.000347,True
dgrid_001112.txt,16,24,1,0.000446,True
dgrid_001113.txt,9,12,0,0.000282,True
dgrid_001114.txt,16,25,2,0.000596,True
dgrid_001115.txt,25,40,1,0.000577,True
dgrid_001116.txt,25,42,3,0.000796,True
dgrid_001117.txt,16,24,0,0.00036,True
dgrid_001118.txt,16,27,3,0.000655,True
dgrid_001119.txt,36,60,1,0.000767,True
dgrid_001120.txt,9,12,1,0.000435,True
dgrid_001121.txt,9,12,1,0.000345,True
dgrid_001122.txt,16,25,2,0.000574,True
dgrid_001123.txt,36,63,5,0.002851,True
dgrid_001124.txt,16,25,2,0.000556,True
dgrid_001125.txt,25,43,4,0.001904,True
dgrid_001126.txt,36,60,2,0.000858,True
dgrid_001127.txt,36,66,7,0.046887,True
dgrid_001128.txt,9,12,0,0.000258,True
dgrid_001129.txt,36,62,4,0.002526,True
dgrid_001130.txt,9,12,1,0.000341,True
dgrid_001131.txt,9,12,0,0.000329,True
dgrid_001132.txt,25,42,2,0.000657,True
dgrid_001133.txt,36,62,2,0.000863,True
dgrid_001134.txt,36,62,4,0.001388,True
dgrid_001135.txt,36,61,3,0.001852,True
dgrid_001136.txt,36,61,3,0.000977,True
dgrid_001137.txt,25,43,4,0.00121,True
dgrid_001138.txt,36,63,3,0.001398,True
dgrid_001139.txt,36,62,4,0.003408,True
dgrid_001140.txt,16,24,1,0.000459,True
dgrid_001141.txt,16,25,2,0.000516,True
dgrid_001142.txt,16,24,0,0.000554,True
dgrid_001143.txt,16,25,2,0.000585,True
dgrid_001144.txt,9,13,1,0.000425,True
dgrid_001145.txt,36,62,3,0.001066,True
dgrid_001146.txt,16,25,1,0.000489,True
dgrid_001147.txt,9,12,0,0.000277,True
dgrid_001148.txt,9,12,0,0.000269,True
dgrid_001149.txt,16,27,3,0.000703,True
dgrid_001150.txt,36,62,1,0.00076,True
dgrid_001151.txt,36,62,3,0.001264,True
dgrid_001152.txt,9,13,1,0.000433,True
dgrid_001153.txt,16,27,2,0.00061,True
dgrid_001154.txt,9,12,0,0.000243,True
dgrid_001155.txt,25,44,5,0.003734,True
dgrid_001156.txt,25,41,2,0.000682,True
dgrid_001157.txt,25,41,1,0.000596,True
dgrid_001158.txt,9,13,1,0.000365,True
dgrid_001159.txt,9,12,1,0.000338,True
dgrid_001160.txt,25,47,5,0.003152,True
dgrid_001161.txt,36,62,4,0.002759,True
dgrid_001162.txt,36,64,4,0.00142,True
dgrid_001163.txt,36,64,4,0.001368,True
dgrid_001164.txt,36,61,2,0.000809,True
dgrid_001165.txt,36,61,4,0.002464,True
dgrid_001166.txt,25,40,1,0.000621,True
dgrid_001167.txt,16,24,1,0.000521,True
dgrid_001168.txt,25,44,4,0.001249,True
dgrid_001169.txt,9,12,0,0.000273,True
dgrid_001170.txt,25,43,3,0.000815,True
dgrid_001171.txt,9,12,1,0.000328,True
dgrid_001172.txt,9,12,1,0.000382,True
dgrid_001173.txt,25,41,1,0.000618,True
dgrid_001174.txt,36,61,6,0.014456,True
dgrid_001175.txt,9,13,1,0.000337,True
dgrid_001176.txt,9,12,1,0.000345,True
dgrid_001177.txt,36,64,5,0.005036,True
dgrid_001178.txt,36,65,6,0.027945,True
dgrid_001179.txt,9,13,1,0.00034,True
dgrid_001180.txt,9,12,1,0.000331,True
dgrid_001181.txt,36,65,5,0.004924,True
dgrid_001182.txt,25,42,3,0.000992,True
dgrid_001183.txt,9,13,1,0.000456,True
dgrid_001184.txt,25,40,1,0.000608,True
dgrid_001185.txt,36,62,4,0.001552,True
dgrid_001186.txt,36,64,6,0.012129,True
dgrid_001187.txt,9,12,0,0.000252,True
dgrid_001188.txt,25,41,2,0.000642,True
dgrid_001189.txt,25,41,3,0.001465,True
dgrid_001190.txt,36,68,7,0.031074,True
dgrid_001191.txt,36,62,2,0.000838,True
dgrid_001192.txt,9,12,1,0.000356,True
dgrid_001193.txt,9,12,0,0.000283,True
dgrid_001194.txt,25,42,2,0.000687,True
dgrid_001195.txt,36,61,4,0.003771,True
dgrid_001196.txt,36,62,4,0.002569,True
dgrid_001197.txt,16,24,1,0.000434,True
dgrid_001198.txt,36,62,2,0.000863,True
dgrid_001199.txt,25,40,1,0.000603,True
dgrid_001200.txt,36,63,3,0.001209,True
dgrid_001201.txt,25,41,3,0.000996,True
dgrid_001202.txt,9,12,0,0.000253,True
dgrid_001203.txt,36,62,5,0.006837,True
dgrid_001204.txt,9,12,1,0.00038,True
dgrid_001205.txt,16,25,1,0.000458,True
dgrid_001206.txt,16,24,0,0.000365,True
dgrid_001207.txt,16,26,2,0.000586,True
dgrid_001208.txt,16,24,2,0.000605,True
dgrid_001209.txt,36,61,4,0.002688,True
dgrid_001210.txt,36,63,4,0.002721,True
dgrid_001211.txt,9,13,1,0.000345,True
dgrid_001212.txt,25,40,2,0.000682,True
dgrid_001213.txt,36,62,3,0.001219,True
dgrid_001214.txt,25,43,3,0.001043,True
dgrid_001215.txt,25,43,5,0.00176,True
dgrid_001216.txt,36,64,5,0.007288,True
dgrid_001217.txt,36,61,2,0.000812,True
dgrid_001218.txt,25,42,2,0.000688,True
dgrid_001219.txt,36,62,3,0.001139,True
dgrid_001220.txt,36,62,3,0.001321,True
dgrid_001221.txt,9,12,1,0.000362,True
dgrid_001222.txt,16,25,2,0.000662,True
dgrid_001223.txt,36,60,1,0.000745,True
dgrid_001224.txt,16,24,2,0.000676,True
dgrid_001225.txt,9,12,0,0.000248,True
dgrid_001226.txt,16,24,1,0.000452,True
dgrid_001227.txt,25,44,5,0.001335,True
dgrid_001228.txt,36,62,4,0.001984,True
dgrid_001229.txt,9,12,0,0.000254,True
dgrid_001230.txt,9,12,0,0.000269,True
dgrid_001231.txt,25,41,2,0.000756,True
dgrid_001232.txt,36,60,4,0.003133,True
dgrid_001233.txt,36,65,6,0.008306,True
dgrid_001234.txt,9,13,1,0.000365,True
dgrid_001235.txt,25,44,4,0.003684,True
dgrid_001236.txt,16,24,1,0.000471,True
dgrid_001237.txt,16,25,3,0.000784,True
dgrid_001238.txt,25,43,3,0.00074,True
dgrid_001239.txt,16,24,2,0.000558,True
dgrid_001240.txt,16,25,1,0.000434,True
dgrid_001241.txt,16,24,1,0.000469,True
dgrid_001242.txt,36,61,3,0.001065,True
dgrid_001243.txt,9,12,1,0.000383,True
dgrid_001244.txt,16,25,1,0.000467,True
dgrid_001245.txt,36,62,3,0.001249,True
dgrid_001246.txt,36,62,2,0.001237,True
dgrid_001247.txt,25,42,2,0.000753,True
dgrid_001248.txt,16,24,1,0.000506,True
dgrid_001249.txt,25,41,1,0.000692,True
dgrid_001250.txt,36,64,6,0.005073,True
dgrid_001251.txt,36,60,2,0.000954,True
dgrid_001252.txt,9,12,0,0.000266,True
dgrid_001253.txt,36,65,6,0.026962,True
dgrid_001254.txt,9,12,0,0.000258,True
dgrid_001255.txt,9,12,0,0.000253,True
dgrid_001256.txt,36,63,3,0.001131,True
dgrid_001257.txt,25,41,2,0.000705,True
dgrid_001258.txt,16,24,1,0.000705,True
dgrid_001259.txt,16,27,2,0.000563,True
dgrid_001260.txt,36,61,3,0.0016,True
dgrid_001261.txt,36,64,4,0.002169,True
dgrid_001262.txt,16,24,1,0.000458,True
dgrid_001263.txt,25,43,3,0.000932,True
dgrid_001264.txt,36,63,4,0.002631,True
dgrid_001265.txt,16,24,0,0.000403,True
dgrid_001266.txt,9,13,1,0.000389,True
dgrid_001267.txt,25,42,2,0.000936,True
dgrid_001268.txt,16,24,1,0.000451,True
dgrid_001269.txt,36,63,6,0.017174,True
dgrid_001270.txt,25,43,3,0.00104,True
dgrid_001271.txt,36,61,5,0.004449,True
dgrid_001272.txt,16,25,1,0.00049,True
dgrid_001273.txt,9,12,0,0.000255,True
dgrid_001274.txt,25,43,3,0.001209,True
dgrid_001275.txt,16,24,2,0.000708,True
dgrid_001276.txt,9,12,1,0.000364,True
dgrid_001277.txt,25,42,3,0.001025,True
dgrid_001278.txt,25,40,0,0.000492,True
dgrid_001279.txt,25,42,2,0.000721,True
dgrid_001280.txt,9,12,0,0.00026,True
dgrid_001281.txt,36,65,4,0.001983,True
dgrid_001282.txt,25,42,2,0.000641,True
dgrid_001283.txt,36,62,3,0.001207,True
dgrid_001284.txt,25,42,5,0.00263,True
dgrid_001285.txt,16,24,1,0.000443,True
dgrid_001286.txt,36,61,4,0.002518,True
dgrid_001287.txt,25,42,3,0.00096,True
dgrid_001288.txt,9,12,0,0.000255,True
dgrid_001289.txt,36,61,3,0.001431,True
dgrid_001290.txt,36,61,2,0.000868,True
dgrid_001291.txt,36,60,2,0.001022,True
dgrid_001292.txt,16,28,4,0.001016,True
dgrid_001293.txt,36,63,5,0.004033,True
dgrid_001294.txt,25,40,1,0.000522,True
dgrid_001295.txt,16,25,2,0.000589,True
dgrid_001296.txt,25,43,3,0.000953,True
dgrid_001297.txt,9,12,0,0.000269,True
dgrid_001298.txt,9,12,0,0.000255,True
dgrid_001299.txt,36,62,3,0.000995,True
dgrid_001300.txt,36,64,4,0.00272,True
dgrid_001301.txt,36,63,3,0.001074,True
dgrid_001302.txt,9,12,1,0.000346,True
dgrid_001303.txt,9,12,1,0.000367,True
dgrid_001304.txt,16,26,2,0.000711,True
dgrid_001305.txt,9,12,1,0.000346,True
dgrid_001306.txt,36,61,1,0.000788,True
dgrid_001307.txt,9,12,0,0.00033,True
dgrid_001308.txt,25,40,3,0.001096,True
dgrid_001309.txt,25,41,3,0.000915,True
dgrid_001310.txt,16,25,2,0.000674,True
dgrid_001311.txt,25,41,2,0.000724,True
dgrid_001312.txt,36,60,3,0.001616,True
dgrid_001313.txt,9,12,0,0.00026,True
dgrid_001314.txt,9,13,1,0.000385,True
dgrid_001315.txt,36,62,3,0.00107,True
dgrid_001316.txt,36,63,4,0.002329,True
dgrid_001317.txt,16,25,2,0.000644,True
dgrid_001318.txt,25,40,1,0.000636,True
dgrid_001319.txt,25,45,5,0.001555,True
dgrid_001320.txt,36,62,3,0.001424,True
dgrid_001321.txt,9,12,1,0.00034,True
dgrid_001322.txt,25,40,3,0.001248,True
dgrid_001323.txt,9,12,0,0.000271,True
dgrid_001324.txt,9,14,2,0.00043,True
dgrid_001325.txt,9,13,1,0.000347,True
dgrid_001326.txt,25,42,3,0.001183,True
dgrid_001327.txt,9,12,1,0.000333,True
dgrid_001328.txt,36,62,4,0.002056,True
dgrid_001329.txt,36,63,4,0.023007,True
dgrid_001330.txt,36,61,4,0.003299,True
dgrid_001331.txt,36,63,4,0.002234,True
dgrid_001332.txt,9,12,0,0.000263,True
dgrid_001333.txt,25,42,2,0.000711,True
dgrid_001334.txt,9,13,1,0.000377,True
dgrid_001335.txt,16,25,1,0.000456,True
dgrid_001336.txt,16,27,3,0.000854,True
dgrid_001337.txt,16,24,1,0.000444,True
dgrid_001338.txt,9,13,1,0.000368,True
dgrid_001339.txt,36,65,4,0.004937,True
dgrid_001340.txt,25,40,3,0.001033,True
dgrid_001341.txt,9,12,0,0.000279,True
dgrid_001342.txt,9,12,1,0.000403,True
dgrid_001343.txt,16,24,1,0.000488,True
dgrid_001344.txt,25,41,4,0.002095,True
dgrid_001345.txt,36,60,2,0.00092,True
dgrid_001346.txt,25,40,0,0.0005,True
dgrid_001347.txt,25,42,2,0.00069,True
dgrid_001348.txt,9,12,0,0.000358,True
dgrid_001349.txt,16,26,2,0.00054,True
dgrid_001350.txt,16,24,1,0.000471,True
dgrid_001351.txt,16,24,1,0.000395,True
dgrid_001352.txt,9,12,0,0.000283,True
dgrid_001353.txt,25,41,1,0.000604,True
dgrid_001354.txt,16,24,0,0.000374,True
dgrid_001355.txt,36,64,4,0.001136,True
dgrid_001356.txt,16,25,2,0.000634,True
dgrid_001357.txt,25,42,3,0.000826,True
dgrid_001358.txt,25,43,4,0.001311,True
dgrid_001359.txt,36,62,5,0.006395,True
dgrid_001360.txt,9,12,1,0.000365,True
dgrid_001361.txt,16,24,0,0.000367,True
dgrid_001362.txt,36,61,4,0.002964,True
dgrid_001363.txt,16,26,2,0.000603,True
dgrid_001364.txt,16,27,2,0.000546,True
dgrid_001365.txt,16,24,2,0.000643,True
dgrid_001366.txt,16,24,1,0.000516,True
dgrid_001367.txt,9,12,1,0.000348,True
dgrid_001368.txt,25,40,1,0.000658,True
dgrid_001369.txt,25,41,2,0.000723,True
dgrid_001370.txt,16,25,1,0.000481,True
dgrid_001371.txt,25,44,3,0.000914,True
dgrid_001372.txt,16,25,1,0.000469,True
dgrid_001373.txt,36,63,5,0.004829,True
dgrid_001374.txt,9,12,0,0.000256,True
dgrid_001375.txt,9,13,1,0.000354,True
dgrid_001376.txt,36,62,4,0.0062,True
dgrid_001377.txt,25,42,2,0.000862,True
dgrid_001378.txt,9,12,0,0.000294,True
dgrid_001379.txt,9,13,2,0.000416,True
dgrid_001380.txt,16,27,3,0.00064,True
dgrid_001381.txt,9,12,1,0.000326,True
dgrid_001382.txt,9,12,1,0.000362,True
dgrid_001383.txt,25,41,3,0.000808,True
dgrid_001384.txt,16,24,0,0.000386,True
dgrid_001385.txt,9,12,0,0.000252,True
dgrid_001386.txt,36,62,3,0.001287,True
dgrid_001387.txt,25,40,2,0.000856,True
dgrid_001388.txt,9,12,1,0.000356,True
dgrid_001389.txt,36,63,5,0.005013,True
dgrid_001390.txt,25,41,3,0.001041,True
dgrid_001391.txt,25,41,1,0.000632,True
dgrid_001392.txt,16,24,0,0.00038,True
dgrid_001393.txt,25,41,2,0.000682,True
dgrid_001394.txt,16,24,2,0.000609,True
dgrid_001395.txt,16,26,2,0.00054,True
dgrid_001396.txt,16,26,2,0.000622,True
dgrid_001397.txt,36,62,5,0.006042,True
dgrid_001398.txt,16,25,1,0.000477,True
dgrid_001399.txt,25,43,3,0.001162,True
dgrid_001400.txt,36,61,1,0.000776,True
dgrid_001401.txt,16,25,2,0.000554,True
dgrid_001402.txt,16,25,1,0.000559,True
dgrid_001403.txt,16,24,1,0.000455,True
dgrid_001404.txt,25,41,1,0.000615,True
dgrid_001405.txt,16,24,2,0.000707,True
dgrid_001406.txt,9,12,1,0.000339,True
dgrid_001407.txt,9,13,1,0.000409,True
dgrid_001408.txt,36,64,5,0.004998,True
dgrid_001409.txt,9,12,1,0.00038,True
dgrid_001410.txt,36,62,3,0.001401,True
dgrid_001411.txt,9,13,1,0.000342,True
dgrid_001412.txt,36,62,2,0.000837,True
dgrid_001413.txt,9,12,1,0.000334,True
dgrid_001414.txt,25,42,2,0.000788,True
dgrid_001415.txt,16,26,3,0.000739,True
dgrid_001416.txt,25,41,2,0.000745,True
dgrid_001417.txt,36,61,6,0.024744,True
dgrid_001418.txt,9,13,1,0.000457,True
dgrid_001419.txt,9,13,1,0.000351,True
dgrid_001420.txt,36,60,1,0.000769,True
dgrid_001421.txt,16,25,2,0.000559,True
dgrid_001422.txt,9,12,0,0.000255,True
dgrid_001423.txt,25,41,2,0.000708,True
dgrid_001424.txt,25,42,3,0.001863,True
dgrid_001425.txt,36,61,2,0.000846,True
dgrid_001426.txt,9,13,1,0.000376,True
dgrid_001427.txt,25,41,2,0.000786,True
dgrid_001428.txt,36,61,3,0.002853,True
dgrid_001429.txt,25,41,3,0.000892,True
dgrid_001430.txt,36,60,3,0.001267,True
dgrid_001431.txt,9,13,2,0.00045,True
dgrid_001432.txt,9,12,0,0.000257,True
dgrid_001433.txt,25,42,4,0.001151,True
dgrid_001434.txt,16,24,0,0.000374,True
dgrid_001435.txt,9,12,1,0.000357,True
dgrid_001436.txt,9,13,1,0.000333,True
dgrid_001437.txt,36,63,4,0.002577,True
dgrid_001438.txt,16,28,4,0.000809,True
dgrid_001439.txt,25,41,2,0.000695,True
dgrid_001440.txt,16,25,2,0.000578,True
dgrid_001441.txt,16,24,1,0.000451,True
dgrid_001442.txt,36,65,5,0.002588,True
dgrid_001443.txt,36,63,6,0.018486,True
dgrid_001444.txt,36,63,3,0.001063,True
dgrid_001445.txt,36,61,5,0.016473,True
dgrid_001446.txt,36,65,5,0.002811,True
dgrid_001447.txt,25,44,5,0.002826,True
dgrid_001448.txt,9,13,1,0.000337,True
dgrid_001449.txt,9,12,0,0.000276,True
dgrid_001450.txt,36,60,2,0.000899,True
dgrid_001451.txt,16,26,3,0.000838,True
dgrid_001452.txt,9,13,1,0.000369,True
dgrid_001453.txt,16,24,1,0.000433,True
dgrid_001454.txt,16,24,1,0.000452,True
dgrid_001455.txt,16,25,1,0.000437,True
dgrid_001456.txt,9,12,1,0.000329,True
dgrid_001457.txt,36,61,5,0.005715,True
dgrid_001458.txt,36,62,3,0.00111,True
dgrid_001459.txt,25,43,3,0.000918,True
dgrid_001460.txt,16,25,2,0.000736,True
dgrid_001461.txt,36,61,3,0.001098,True
dgrid_001462.txt,16,25,2,0.000563,True
dgrid_001463.txt,16,24,1,0.000445,True
dgrid_001464.txt,25,42,3,0.001167,True
dgrid_001465.txt,9,12,0,0.000303,True
dgrid_001466.txt,36,62,2,0.000843,True
dgrid_001467.txt,36,62,3,0.001384,True
dgrid_001468.txt,36,62,2,0.000884,True
dgrid_001469.txt,36,61,5,0.003841,True
dgrid_001470.txt,36,63,4,0.001184,True
dgrid_001471.txt,25,41,3,0.001186,True
dgrid_001472.txt,36,62,3,0.001194,True
dgrid_001473.txt,36,62,3,0.001368,True
dgrid_001474.txt,25,40,2,0.000884,True
dgrid_001475.txt,25,41,2,0.00068,True
dgrid_001476.txt,36,62,5,0.012566,True
dgrid_001477.txt,9,12,0,0.000314,True
dgrid_001478.txt,16,25,1,0.000452,True
dgrid_001479.txt,16,24,2,0.000518,True
dgrid_001480.txt,16,25,2,0.000549,True
dgrid_001481.txt,25,41,3,0.000924,True
dgrid_001482.txt,9,12,1,0.000349,True
dgrid_001483.txt,9,12,1,0.000381,True
dgrid_001484.txt,25,44,4,0.000993,True
dgrid_001485.txt,36,62,4,0.00361,True
dgrid_001486.txt,16,24,0,0.000403,True
dgrid_001487.txt,25,43,3,0.000968,True
dgrid_001488.txt,9,13,1,0.000357,True
dgrid_001489.txt,16,26,2,0.000564,True
dgrid_001490.txt,25,44,3,0.001016,True
dgrid_001491.txt,25,42,2,0.000651,True
dgrid_001492.txt,16,24,0,0.000374,True
dgrid_001493.txt,36,61,4,0.004134,True
dgrid_001494.txt,9,12,1,0.000417,True
dgrid_001495.txt,9,15,2,0.000469,True
dgrid_001496.txt,25,41,2,0.000719,True
dgrid_001497.txt,16,25,2,0.00058,True
dgrid_001498.txt,25,44,3,0.000799,True
dgrid_001499.txt,25,40,2,0.000705,True
er_000000.txt,10,20,2,0.000606,True
er_000001.txt,17,60,7,0.093125,True
er_000002.txt,13,14,1,0.000342,True
er_000003.txt,18,51,5,0.003643,True
er_000004.txt,26,257,TIMEOUT,30,TIMEOUT
er_000005.txt,19,38,2,0.00071,True
er_000006.txt,23,189,13,27.6363,True
er_000007.txt,28,71,5,0.01639,True
er_000008.txt,24,123,10,25.218307,True
er_000009.txt,24,150,11,28.036962,True
er_000010.txt,22,85,7,0.233835,True
er_000011.txt,22,88,6,0.060566,True
er_000012.txt,16,62,4,0.002805,True
er_000013.txt,20,56,5,0.00814,True
er_000014.txt,30,225,TIMEOUT,30,TIMEOUT
er_000015.txt,27,126,10,5.269386,True
er_000016.txt,17,47,5,0.010242,True
er_000017.txt,19,72,6,0.023734,True
er_000018.txt,25,227,TIMEOUT,30,TIMEOUT
er_000019.txt,25,159,TIMEOUT,30,TIMEOUT
er_000020.txt,13,60,6,0.011909,True
er_000021.txt,29,105,8,2.462974,True
er_000022.txt,30,278,TIMEOUT,30,TIMEOUT
er_000023.txt,27,155,11,17.990612,True
er_000024.txt,19,137,10,1.704503,True
er_000025.txt,16,37,3,0.001091,True
er_000026.txt,26,83,7,0.335883,True
er_000027.txt,26,139,TIMEOUT,30,TIMEOUT
er_000028.txt,24,188,TIMEOUT,30,TIMEOUT
er_000029.txt,27,55,3,0.002005,True
er_000030.txt,20,117,9,0.40383,True
er_000031.txt,11,38,5,0.001638,True
er_000032.txt,22,104,9,0.335688,True
er_000033.txt,25,78,8,0.647815,True
er_000034.txt,20,104,7,0.045269,True
er_000035.txt,15,39,5,0.002129,True
er_000036.txt,21,141,10,0.718415,True
er_000037.txt,14,25,2,0.000674,True
er_000038.txt,23,40,3,0.001336,True
er_000039.txt,13,51,5,0.002559,True
er_000040.txt,19,84,8,0.742848,True
er_000041.txt,29,131,10,11.999198,True
er_000042.txt,17,83,7,0.108683,True
er_000043.txt,30,202,TIMEOUT,30,TIMEOUT
er_000044.txt,24,160,TIMEOUT,30,TIMEOUT
er_000045.txt,13,43,5,0.001961,True
er_000046.txt,28,249,TIMEOUT,30,TIMEOUT
er_000047.txt,16,35,3,0.000988,True
er_000048.txt,23,97,8,0.330703,True
er_000049.txt,11,21,2,0.000459,True
er_000050.txt,28,237,TIMEOUT,30,TIMEOUT
er_000051.txt,22,79,5,0.022008,True
er_000052.txt,28,279,TIMEOUT,30,TIMEOUT
er_000053.txt,27,229,TIMEOUT,30,TIMEOUT
er_000054.txt,16,46,4,0.002103,True
er_000055.txt,26,188,TIMEOUT,30,TIMEOUT
er_000056.txt,20,70,6,0.012967,True
er_000057.txt,23,186,12,18.147372,True
er_000058.txt,27,85,7,0.239007,True
er_000059.txt,15,38,4,0.002371,True
er_000060.txt,11,33,3,0.001397,True
er_000061.txt,12,16,0,0.000321,True
er_000062.txt,14,34,3,0.001125,True
er_000063.txt,25,185,TIMEOUT,30,TIMEOUT
er_000064.txt,11,25,3,0.000706,True
er_000065.txt,25,205,TIMEOUT,30,TIMEOUT
er_000066.txt,25,222,TIMEOUT,30,TIMEOUT
er_000067.txt,14,33,3,0.001118,True
er_000068.txt,10,34,3,0.00112,True
er_000069.txt,22,93,8,0.894602,True
er_000070.txt,17,88,8,0.109165,True
er_000071.txt,12,33,5,0.001737,True
er_000072.txt,14,31,4,0.001275,True
er_000073.txt,27,276,TIMEOUT,30,TIMEOUT
er_000074.txt,18,36,3,0.001033,True
er_000075.txt,27,204,TIMEOUT,30,TIMEOUT
er_000076.txt,13,60,5,0.00306,True
er_000077.txt,20,92,8,0.40357,True
er_000078.txt,28,236,TIMEOUT,30,TIMEOUT
er_000079.txt,10,23,4,0.000976,True
er_000080.txt,16,41,4,0.002139,True
er_000081.txt,29,95,8,1.631451,True
er_000082.txt,11,25,2,0.000648,True
er_000083.txt,14,53,6,0.008529,True
er_000084.txt,14,24,1,0.000411,True
er_000085.txt,23,59,5,0.009229,True
er_000086.txt,27,201,TIMEOUT,30,TIMEOUT
er_000087.txt,19,90,7,0.053675,True
er_000088.txt,14,45,5,0.003644,True
er_000089.txt,25,139,TIMEOUT,30,TIMEOUT
er_000090.txt,12,45,5,0.003163,True
er_000091.txt,15,63,6,0.014898,True
er_000092.txt,10,39,5,0.001807,True
er_000093.txt,23,106,9,1.571812,True
er_000094.txt,17,61,6,0.008346,True
er_000095.txt,18,83,6,0.040442,True
er_000096.txt,12,60,6,0.009387,True
er_000097.txt,10,26,4,0.000914,True
er_000098.txt,19,97,10,1.798103,True
er_000099.txt,11,48,5,0.002159,True
er_000100.txt,11,26,2,0.000551,True
er_000101.txt,27,64,4,0.00274,True
er_000102.txt,29,170,TIMEOUT,30,TIMEOUT
er_000103.txt,20,53,5,0.00507,True
er_000104.txt,29,239,TIMEOUT,30,TIMEOUT
er_000105.txt,11,12,2,0.000367,True
er_000106.txt,16,69,6,0.004302,True
er_000107.txt,22,148,11,13.98368,True
er_000108.txt,26,274,TIMEOUT,30,TIMEOUT
er_000109.txt,16,73,6,0.006337,True
er_000110.txt,26,110,9,3.305062,True
er_000111.txt,21,159,12,8.898734,True
er_000112.txt,16,82,8,0.051271,True
er_000113.txt,12,60,6,0.003214,True
er_000114.txt,10,14,1,0.000427,True
er_000115.txt,18,103,8,0.065275,True
er_000116.txt,18,30,1,0.000501,True
er_000117.txt,19,89,7,0.11215,True
er_000118.txt,13,39,4,0.001559,True
er_000119.txt,24,83,7,0.066002,True
er_000120.txt,26,134,10,7.255548,True
er_000121.txt,28,270,TIMEOUT,30,TIMEOUT
er_000122.txt,24,205,TIMEOUT,30,TIMEOUT
er_000123.txt,17,89,8,0.327657,True
er_000124.txt,18,62,5,0.003965,True
er_000125.txt,22,154,12,17.111512,True
er_000126.txt,27,111,10,4.780314,True
er_000127.txt,29,249,TIMEOUT,30,TIMEOUT
er_000128.txt,17,70,7,0.07266,True
er_000129.txt,29,238,TIMEOUT,30,TIMEOUT
er_000130.txt,12,11,1,0.000347,True
er_000131.txt,23,74,5,0.033317,True
er_000132.txt,11,29,3,0.000893,True
er_000133.txt,16,84,7,0.021288,True
er_000134.txt,24,127,11,5.913274,True
er_000135.txt,25,197,TIMEOUT,30,TIMEOUT
er_000136.txt,29,109,TIMEOUT,30,TIMEOUT
er_000137.txt,27,131,11,16.595375,True
er_000138.txt,30,112,8,12.381242,True
er_000139.txt,30,202,TIMEOUT,30,TIMEOUT
er_000140.txt,30,291,TIMEOUT,30,TIMEOUT
er_000141.txt,30,354,TIMEOUT,30,TIMEOUT
er_000142.txt,28,113,9,4.73327,True
er_000143.txt,13,27,3,0.000888,True
er_000144.txt,15,68,6,0.007066,True
er_000145.txt,28,262,TIMEOUT,30,TIMEOUT
er_000146.txt,27,239,TIMEOUT,30,TIMEOUT
er_000147.txt,17,92,7,0.008092,True
er_000148.txt,26,140,10,2.618367,True
er_000149.txt,28,240,TIMEOUT,30,TIMEOUT
er_000150.txt,12,47,5,0.001915,True
er_000151.txt,25,196,TIMEOUT,30,TIMEOUT
er_000152.txt,29,121,9,13.343247,True
er_000153.txt,10,19,2,0.00065,True
er_000154.txt,30,328,TIMEOUT,30,TIMEOUT
er_000155.txt,15,67,7,0.012582,True
er_000156.txt,21,113,10,1.348511,True
er_000157.txt,27,230,TIMEOUT,30,TIMEOUT
er_000158.txt,15,64,4,0.0027,True
er_000159.txt,10,22,3,0.000761,True
er_000160.txt,18,57,4,0.001667,True
er_000161.txt,13,42,5,0.00276,True
er_000162.txt,20,38,4,0.001479,True
er_000163.txt,11,34,4,0.001157,True
er_000164.txt,23,145,11,3.933867,True
er_000165.txt,27,120,8,0.151524,True
er_000166.txt,12,49,5,0.003883,True
er_000167.txt,27,140,10,6.064118,True
er_000168.txt,21,155,12,3.178012,True
er_000169.txt,18,80,7,0.033211,True
er_000170.txt,24,186,TIMEOUT,30,TIMEOUT
er_000171.txt,22,45,4,0.002427,True
er_000172.txt,11,36,5,0.002219,True
er_000173.txt,12,41,4,0.001774,True
er_000174.txt,19,53,4,0.002006,True
er_000175.txt,27,249,TIMEOUT,30,TIMEOUT
er_000176.txt,24,187,TIMEOUT,30,TIMEOUT
er_000177.txt,25,226,TIMEOUT,30,TIMEOUT
er_000178.txt,20,100,9,0.947074,True
er_000179.txt,27,207,TIMEOUT,30,TIMEOUT
er_000180.txt,22,167,TIMEOUT,30,TIMEOUT
er_000181.txt,24,78,6,0.095162,True
er_000182.txt,15,87,7,0.011085,True
er_000183.txt,30,255,TIMEOUT,30,TIMEOUT
er_000184.txt,28,189,TIMEOUT,30,TIMEOUT
er_000185.txt,18,123,10,0.622612,True
er_000186.txt,13,27,4,0.001278,True
er_000187.txt,29,97,7,0.454932,True
er_000188.txt,24,182,TIMEOUT,30,TIMEOUT
er_000189.txt,24,68,5,0.004204,True
er_000190.txt,12,34,4,0.001614,True
er_000191.txt,22,110,9,6.337631,True
er_000192.txt,27,139,9,4.731565,True
er_000193.txt,15,21,1,0.00045,True
er_000194.txt,18,120,9,0.556029,True
er_000195.txt,30,94,6,0.094385,True
er_000196.txt,18,110,10,0.44208,True
er_000197.txt,14,55,5,0.002505,True
er_000198.txt,21,105,9,0.692618,True
er_000199.txt,18,68,7,0.015678,True
er_000200.txt,19,109,9,0.15563,True
er_000201.txt,26,207,TIMEOUT,30,TIMEOUT
er_000202.txt,11,35,3,0.000738,True
er_000203.txt,23,125,10,2.891553,True
er_000204.txt,30,124,TIMEOUT,30,TIMEOUT
er_000205.txt,27,153,TIMEOUT,30,TIMEOUT
er_000206.txt,24,152,TIMEOUT,30,TIMEOUT
er_000207.txt,17,41,4,0.001712,True
er_000208.txt,12,20,1,0.000417,True
er_000209.txt,19,73,6,0.031516,True
er_000210.txt,20,109,9,3.176095,True
er_000211.txt,24,142,11,23.245445,True
er_000212.txt,26,146,TIMEOUT,30,TIMEOUT
er_000213.txt,20,120,10,0.502017,True
er_000214.txt,21,77,7,0.154287,True
er_000215.txt,15,33,3,0.000988,True
er_000216.txt,12,21,2,0.000594,True
er_000217.txt,21,35,2,0.000725,True
er_000218.txt,30,258,TIMEOUT,30,TIMEOUT
er_000219.txt,24,205,TIMEOUT,30,TIMEOUT
er_000220.txt,11,14,0,0.000277,True
er_000221.txt,30,184,TIMEOUT,30,TIMEOUT
er_000222.txt,29,125,TIMEOUT,30,TIMEOUT
er_000223.txt,11,38,4,0.001203,True
er_000224.txt,18,43,4,0.001621,True
er_000225.txt,27,237,TIMEOUT,30,TIMEOUT
er_000226.txt,18,105,8,0.05482,True
er_000227.txt,12,49,6,0.00426,True
er_000228.txt,18,63,7,0.03047,True
er_000229.txt,22,150,TIMEOUT,30,TIMEOUT
er_000230.txt,13,11,0,0.000253,True
er_000231.txt,23,102,10,12.259956,True
er_000232.txt,27,151,TIMEOUT,30,TIMEOUT
er_000233.txt,28,187,TIMEOUT,30,TIMEOUT
er_000234.txt,22,193,13,23.21903,True
er_000235.txt,24,177,TIMEOUT,30,TIMEOUT
er_000236.txt,17,49,4,0.002399,True
er_000237.txt,30,353,TIMEOUT,30,TIMEOUT
er_000238.txt,24,66,7,0.052916,True
er_000239.txt,11,37,4,0.001395,True
er_000240.txt,28,242,TIMEOUT,30,TIMEOUT
er_000241.txt,21,100,8,0.397802,True
er_000242.txt,11,43,5,0.003944,True
er_000243.txt,13,39,3,0.001468,True
er_000244.txt,27,285,TIMEOUT,30,TIMEOUT
er_000245.txt,29,323,TIMEOUT,30,TIMEOUT
er_000246.txt,25,77,6,0.022041,True
er_000247.txt,17,56,5,0.009196,True
er_000248.txt,12,32,4,0.00134,True
er_000249.txt,17,110,9,0.635018,True
er_000250.txt,21,163,12,8.959315,True
er_000251.txt,16,79,6,0.007985,True
er_000252.txt,13,32,3,0.001172,True
er_000253.txt,20,118,10,1.124752,True
er_000254.txt,20,146,11,0.721992,True
er_000255.txt,12,20,2,0.000498,True
er_000256.txt,10,32,4,0.00124,True
er_000257.txt,23,186,12,5.851754,True
er_000258.txt,16,82,7,0.019758,True
er_000259.txt,14,48,5,0.003586,True
er_000260.txt,21,152,12,3.721393,True
er_000261.txt,21,141,10,1.646698,True
er_000262.txt,14,85,8,0.053116,True
er_000263.txt,14,29,3,0.001038,True
er_000264.txt,13,49,5,0.002124,True
er_000265.txt,19,45,4,0.002217,True
er_000266.txt,29,162,TIMEOUT,30,TIMEOUT
er_000267.txt,26,240,TIMEOUT,30,TIMEOUT
er_000268.txt,14,49,6,0.003374,True
er_000269.txt,10,29,4,0.001469,True
er_000270.txt,22,69,7,0.283548,True
er_000271.txt,23,109,9,1.523643,True
er_000272.txt,27,212,TIMEOUT,30,TIMEOUT
er_000273.txt,10,11,1,0.000467,True
er_000274.txt,30,201,TIMEOUT,30,TIMEOUT
er_000275.txt,20,40,4,0.001649,True
er_000276.txt,16,72,6,0.010918,True
er_000277.txt,10,31,4,0.001478,True
er_000278.txt,13,17,2,0.000528,True
er_000279.txt,23,115,10,7.289047,True
er_000280.txt,13,25,3,0.000762,True
er_000281.txt,30,179,TIMEOUT,30,TIMEOUT
er_000282.txt,17,74,6,0.005178,True
er_000283.txt,24,85,7,0.04251,True
er_000284.txt,18,54,6,0.005722,True
er_000285.txt,25,139,TIMEOUT,30,TIMEOUT
er_000286.txt,14,29,2,0.00062,True
er_000287.txt,10,34,5,0.001706,True
er_000288.txt,30,328,TIMEOUT,30,TIMEOUT
er_000289.txt,17,98,9,0.123687,True
er_000290.txt,20,72,6,0.006836,True
er_000291.txt,11,26,3,0.000692,True
er_000292.txt,14,69,7,0.011037,True
er_000293.txt,18,49,5,0.00756,True
er_000294.txt,26,174,12,22.650344,True
er_000295.txt,17,65,6,0.011396,True
er_000296.txt,28,145,TIMEOUT,30,TIMEOUT
er_000297.txt,20,100,9,0.109499,True
er_000298.txt,22,60,4,0.003252,True
er_000299.txt,16,69,6,0.005274,True
er_000300.txt,11,39,4,0.001425,True
er_000301.txt,21,142,11,9.497662,True
er_000302.txt,13,46,6,0.008151,True
er_000303.txt,27,186,TIMEOUT,30,TIMEOUT
er_000304.txt,27,272,TIMEOUT,30,TIMEOUT
er_000305.txt,27,175,TIMEOUT,30,TIMEOUT
er_000306.txt,27,209,TIMEOUT,30,TIMEOUT
er_000307.txt,25,207,TIMEOUT,30,TIMEOUT
er_000308.txt,26,130,10,2.230737,True
er_000309.txt,11,39,4,0.001654,True
er_000310.txt,12,35,4,0.001381,True
er_000311.txt,27,170,TIMEOUT,30,TIMEOUT
er_000312.txt,12,61,6,0.005307,True
er_000313.txt,18,61,6,0.018839,True
er_000314.txt,18,86,8,0.049505,True
er_000315.txt,27,141,10,13.926408,True
er_000316.txt,22,75,5,0.015146,True
er_000317.txt,11,15,1,0.000358,True
er_000318.txt,24,198,TIMEOUT,30,TIMEOUT
er_000319.txt,20,55,5,0.006736,True
er_000320.txt,25,128,TIMEOUT,30,TIMEOUT
er_000321.txt,15,60,5,0.01062,True
er_000322.txt,10,26,2,0.000676,True
er_000323.txt,22,113,11,28.225261,True
er_000324.txt,22,115,10,4.245367,True
er_000325.txt,30,103,8,2.283359,True
er_000326.txt,11,28,3,0.001017,True
er_000327.txt,17,82,8,0.048443,True
er_000328.txt,20,42,4,0.00144,True
er_000329.txt,30,207,TIMEOUT,30,TIMEOUT
er_000330.txt,21,80,7,0.059483,True
er_000331.txt,20,39,1,0.000587,True
er_000332.txt,24,181,TIMEOUT,30,TIMEOUT
er_000333.txt,25,94,8,3.635015,True
er_000334.txt,20,94,7,0.138568,True
er_000335.txt,23,82,7,0.046715,True
er_000336.txt,19,99,8,0.225392,True
er_000337.txt,14,60,6,0.008865,True
er_000338.txt,25,83,7,0.799071,True
er_000339.txt,22,98,7,0.257955,True
er_000340.txt,23,131,10,10.099359,True
er_000341.txt,12,17,1,0.000391,True
er_000342.txt,14,68,7,0.018994,True
er_000343.txt,29,221,TIMEOUT,30,TIMEOUT
er_000344.txt,19,104,9,1.474573,True
er_000345.txt,11,14,0,0.000273,True
er_000346.txt,17,106,9,0.200443,True
er_000347.txt,20,114,9,0.860673,True
er_000348.txt,18,54,6,0.003657,True
er_000349.txt,22,145,10,1.400597,True
er_000350.txt,19,37,3,0.00109,True
er_000351.txt,14,60,5,0.002109,True
er_000352.txt,15,51,6,0.012949,True
er_000353.txt,24,72,6,0.131398,True
er_000354.txt,12,24,2,0.00075,True
er_000355.txt,29,258,TIMEOUT,30,TIMEOUT
er_000356.txt,10,7,0,0.000231,True
er_000357.txt,29,289,TIMEOUT,30,TIMEOUT
er_000358.txt,16,79,8,0.136666,True
er_000359.txt,27,93,7,0.245114,True
er_000360.txt,22,46,4,0.007519,True
er_000361.txt,28,195,TIMEOUT,30,TIMEOUT
er_000362.txt,17,103,9,0.177579,True
er_000363.txt,28,159,TIMEOUT,30,TIMEOUT
er_000364.txt,30,140,TIMEOUT,30,TIMEOUT
er_000365.txt,19,52,5,0.003543,True
er_000366.txt,14,18,1,0.000398,True
er_000367.txt,24,123,10,4.551509,True
er_000368.txt,12,49,5,0.002028,True
er_000369.txt,17,50,5,0.007685,True
er_000370.txt,26,208,TIMEOUT,30,TIMEOUT
er_000371.txt,28,91,8,0.815685,True
er_000372.txt,16,83,8,0.064472,True
er_000373.txt,10,28,3,0.000899,True
er_000374.txt,26,74,4,0.004457,True
er_000375.txt,16,54,5,0.006173,True
er_000376.txt,12,24,2,0.000604,True
er_000377.txt,21,155,12,2.600808,True
er_000378.txt,12,31,3,0.001283,True
er_000379.txt,12,54,5,0.004248,True
er_000380.txt,21,135,11,5.403583,True
er_000381.txt,13,63,6,0.009696,True
er_000382.txt,16,102,9,0.146579,True
er_000383.txt,26,167,TIMEOUT,30,TIMEOUT
er_000384.txt,25,218,TIMEOUT,30,TIMEOUT
er_000385.txt,21,84,8,0.070416,True
er_000386.txt,28,127,10,16.955408,True
er_000387.txt,19,99,8,0.228793,True
er_000388.txt,12,41,4,0.001386,True
er_000389.txt,30,109,7,0.419296,True
er_000390.txt,12,16,1,0.000394,True
er_000391.txt,16,41,3,0.001274,True
er_000392.txt,22,127,TIMEOUT,30,TIMEOUT
er_000393.txt,22,151,12,23.215767,True
er_000394.txt,25,97,8,0.546069,True
er_000395.txt,29,177,TIMEOUT,30,TIMEOUT
er_000396.txt,25,175,12,11.191791,True
er_000397.txt,20,68,8,0.051455,True
er_000398.txt,29,130,TIMEOUT,30,TIMEOUT
er_000399.txt,30,264,TIMEOUT,30,TIMEOUT
er_000400.txt,22,107,9,0.872441,True
er_000401.txt,28,83,6,0.049891,True
er_000402.txt,15,84,7,0.023079,True
er_000403.txt,12,51,6,0.004605,True
er_000404.txt,27,80,6,0.143196,True
er_000405.txt,22,141,10,1.251052,True
er_000406.txt,29,270,TIMEOUT,30,TIMEOUT
er_000407.txt,21,138,9,0.745916,True
er_000408.txt,28,147,TIMEOUT,30,TIMEOUT
er_000409.txt,16,45,4,0.002072,True
er_000410.txt,30,112,10,10.287634,True
er_000411.txt,21,118,9,1.555832,True
er_000412.txt,14,43,5,0.003317,True
er_000413.txt,13,31,3,0.000877,True
er_000414.txt,25,59,6,0.025398,True
er_000415.txt,22,59,4,0.006242,True
er_000416.txt,16,89,8,0.064851,True
er_000417.txt,17,103,9,0.513938,True
er_000418.txt,30,272,TIMEOUT,30,TIMEOUT
er_000419.txt,28,145,TIMEOUT,30,TIMEOUT
er_000420.txt,18,99,7,0.042057,True
er_000421.txt,19,46,3,0.001364,True
er_000422.txt,20,82,7,0.036029,True
er_000423.txt,11,36,3,0.000933,True
er_000424.txt,28,83,7,0.110337,True
er_000425.txt,15,48,5,0.002304,True
er_000426.txt,16,98,8,0.062628,True
er_000427.txt,17,67,6,0.016307,True
er_000428.txt,25,60,5,0.005357,True
er_000429.txt,20,95,10,3.465267,True
er_000430.txt,11,31,4,0.001268,True
er_000431.txt,18,41,4,0.001667,True
er_000432.txt,13,34,4,0.001723,True
er_000433.txt,12,45,6,0.003963,True
er_000434.txt,12,31,3,0.001232,True
er_000435.txt,22,124,9,1.590971,True
er_000436.txt,14,55,7,0.025691,True
er_000437.txt,30,283,TIMEOUT,30,TIMEOUT
er_000438.txt,21,126,9,0.333602,True
er_000439.txt,23,178,TIMEOUT,30,TIMEOUT
er_000440.txt,11,37,4,0.001382,True
er_000441.txt,22,107,8,0.230487,True
er_000442.txt,25,89,7,0.535054,True
er_000443.txt,17,28,4,0.001035,True
er_000444.txt,27,86,7,0.579687,True
er_000445.txt,24,65,5,0.010943,True
er_000446.txt,25,145,11,18.82627,True
er_000447.txt,10,28,3,0.000889,True
er_000448.txt,29,149,TIMEOUT,30,TIMEOUT
er_000449.txt,11,16,2,0.000503,True
er_000450.txt,16,93,7,0.046278,True
er_000451.txt,18,70,7,0.074938,True
er_000452.txt,27,229,TIMEOUT,30,TIMEOUT
er_000453.txt,12,43,5,0.001729,True
er_000454.txt,30,328,TIMEOUT,30,TIMEOUT
er_000455.txt,10,12,1,0.000463,True
er_000456.txt,14,31,3,0.001055,True
er_000457.txt,22,95,8,0.790679,True
er_000458.txt,20,143,11,2.38531,True
er_000459.txt,14,22,3,0.000859,True
er_000460.txt,14,62,6,0.009673,True
er_000461.txt,13,41,4,0.001758,True
er_000462.txt,19,131,10,0.191158,True
er_000463.txt,20,29,1,0.000478,True
er_000464.txt,25,236,TIMEOUT,30,TIMEOUT
er_000465.txt,21,123,10,0.797846,True
er_000466.txt,20,94,9,0.639089,True
er_000467.txt,22,48,3,0.001707,True
er_000468.txt,12,35,4,0.002124,True
er_000469.txt,12,17,2,0.000597,True
er_000470.txt,26,200,TIMEOUT,30,TIMEOUT
er_000471.txt,23,151,12,7.805702,True
er_000472.txt,11,10,0,0.000249,True
er_000473.txt,24,121,9,2.519864,True
er_000474.txt,24,153,TIMEOUT,30,TIMEOUT
er_000475.txt,25,91,8,0.281837,True
er_000476.txt,19,63,3,0.002406,True
er_000477.txt,20,119,9,0.244547,True
er_000478.txt,25,96,7,0.74227,True
er_000479.txt,17,55,5,0.005049,True
er_000480.txt,30,156,10,13.532254,True
er_000481.txt,17,48,4,0.001667,True
er_000482.txt,30,86,6,0.085349,True
er_000483.txt,14,59,5,0.005983,True
er_000484.txt,12,48,5,0.003704,True
er_000485.txt,22,141,11,2.532262,True
er_000486.txt,17,71,7,0.03766,True
er_000487.txt,23,128,9,9.106369,True
er_000488.txt,11,37,4,0.002114,True
er_000489.txt,23,109,9,2.882826,True
er_000490.txt,29,273,TIMEOUT,30,TIMEOUT
er_000491.txt,29,264,TIMEOUT,30,TIMEOUT
er_000492.txt,27,160,12,14.694036,True
er_000493.txt,14,48,4,0.003615,True
er_000494.txt,10,30,4,0.001289,True
er_000495.txt,19,109,9,0.386358,True
er_000496.txt,22,93,8,0.31482,True
er_000497.txt,12,26,3,0.000817,True
er_000498.txt,10,16,1,0.000504,True
er_000499.txt,27,99,8,0.557624,True
er_000500.txt,20,94,8,0.082195,True
er_000501.txt,22,137,11,8.518849,True
er_000502.txt,13,19,1,0.000503,True
er_000503.txt,27,77,7,0.278529,True
er_000504.txt,30,241,TIMEOUT,30,TIMEOUT
er_000505.txt,22,51,5,0.002646,True
er_000506.txt,27,292,TIMEOUT,30,TIMEOUT
er_000507.txt,13,20,2,0.000622,True
er_000508.txt,20,114,9,0.379058,True
er_000509.txt,26,134,9,15.817106,True
er_000510.txt,29,107,8,1.53119,True
er_000511.txt,22,173,12,10.747755,True
er_000512.txt,27,94,6,0.029121,True
er_000513.txt,28,109,TIMEOUT,30,TIMEOUT
er_000514.txt,20,146,12,1.225057,True
er_000515.txt,20,117,10,2.745908,True
er_000516.txt,18,67,4,0.003383,True
er_000517.txt,16,67,5,0.004027,True
er_000518.txt,10,14,1,0.000465,True
er_000519.txt,22,78,8,0.133322,True
er_000520.txt,22,92,8,0.198451,True
er_000521.txt,24,155,TIMEOUT,30,TIMEOUT
er_000522.txt,25,113,10,10.963837,True
er_000523.txt,28,137,TIMEOUT,30,TIMEOUT
er_000524.txt,13,42,4,0.002619,True
er_000525.txt,20,50,4,0.002811,True
er_000526.txt,26,91,7,0.238493,True
er_000527.txt,19,95,8,0.21568,True
er_000528.txt,20,82,7,0.044336,True
er_000529.txt,27,119,10,1.86818,True
er_000530.txt,23,77,6,0.143192,True
er_000531.txt,22,67,5,0.010643,True
er_000532.txt,19,58,5,0.005448,True
er_000533.txt,22,181,12,21.478194,True
er_000534.txt,23,100,8,0.276287,True
er_000535.txt,20,123,10,1.015798,True
er_000536.txt,24,141,11,13.859895,True
er_000537.txt,21,121,10,1.217913,True
er_000538.txt,19,112,9,0.085236,True
er_000539.txt,12,20,1,0.000379,True
er_000540.txt,11,46,5,0.002017,True
er_000541.txt,12,44,5,0.002642,True
er_000542.txt,14,24,2,0.00065,True
er_000543.txt,19,38,2,0.000727,True
er_000544.txt,25,154,12,13.165751,True
er_000545.txt,23,157,12,17.273484,True
er_000546.txt,14,22,1,0.000485,True
er_000547.txt,24,223,TIMEOUT,30,TIMEOUT
er_000548.txt,12,18,2,0.000521,True
er_000549.txt,27,227,TIMEOUT,30,TIMEOUT
er_000550.txt,11,31,4,0.001173,True
er_000551.txt,15,64,6,0.004839,True
