file,n,m,FVS_size,runtime,validity
grid_000000.txt,25,40,6,0.006077,True
grid_000002.txt,20,31,5,0.002694,True
grid_000004.txt,15,22,3,0.001235,True
grid_000006.txt,20,31,5,0.002931,True
grid_000008.txt,20,31,5,0.002939,True
grid_000010.txt,18,27,4,0.002382,True
grid_000012.txt,15,22,3,0.001245,True
grid_000014.txt,16,24,4,0.001526,True
grid_000016.txt,16,24,4,0.001613,True
grid_000018.txt,15,22,3,0.0013,True
grid_000020.txt,12,17,3,0.00074,True
grid_000022.txt,15,22,3,0.001602,True
grid_000024.txt,15,22,3,0.001264,True
grid_000026.txt,20,31,5,0.003124,True
grid_000028.txt,12,17,3,0.000787,True
grid_000030.txt,18,27,4,0.001861,True
grid_000032.txt,12,17,3,0.00074,True
grid_000034.txt,18,27,4,0.001867,True
grid_000036.txt,20,31,5,0.002695,True
grid_000038.txt,25,40,6,0.005373,True
grid_000040.txt,30,49,8,0.012759,True
grid_000042.txt,16,24,4,0.001582,True
grid_000044.txt,15,22,3,0.001254,True
grid_000046.txt,20,31,5,0.002565,True
grid_000048.txt,12,17,3,0.000914,True
grid_000050.txt,24,38,6,0.004481,True
grid_000052.txt,25,40,6,0.005402,True
grid_000054.txt,18,27,4,0.001739,True
grid_000056.txt,30,49,8,0.01154,True
grid_000058.txt,16,24,4,0.001533,True
grid_000060.txt,15,22,3,0.001355,True
grid_000062.txt,24,38,6,0.004308,True
grid_000064.txt,30,49,8,0.01178,True
grid_000066.txt,15,22,3,0.0014,True
grid_000068.txt,18,27,4,0.001701,True
grid_000070.txt,30,49,8,0.011987,True
grid_000072.txt,15,22,3,0.001234,True
grid_000074.txt,12,17,3,0.000758,True
grid_000076.txt,20,31,5,0.002863,True
grid_000078.txt,12,17,3,0.002985,True
grid_000080.txt,24,38,6,0.00502,True
grid_000082.txt,16,24,4,0.002054,True
grid_000084.txt,20,31,5,0.005588,True
grid_000086.txt,12,17,3,0.001487,True
grid_000088.txt,9,12,2,0.000678,True
grid_000090.txt,30,49,8,0.021453,True
grid_000092.txt,25,40,6,0.011183,True
grid_000094.txt,12,17,3,0.001308,True
grid_000096.txt,15,22,3,0.002168,True
grid_000098.txt,12,17,3,0.001465,True
grid_000100.txt,12,17,3,0.0017,True
grid_000102.txt,30,49,8,0.021532,True
grid_000104.txt,20,31,5,0.004921,True
grid_000106.txt,24,38,6,0.008427,True
grid_000108.txt,20,31,5,0.003341,True
grid_000110.txt,15,22,3,0.001334,True
grid_000112.txt,15,22,3,0.002365,True
grid_000114.txt,20,31,5,0.004538,True
grid_000116.txt,15,22,3,0.002297,True
grid_000118.txt,24,38,6,0.00816,True
grid_000120.txt,18,27,4,0.002829,True
grid_000122.txt,18,27,4,0.003033,True
grid_000124.txt,30,49,8,0.017206,True
grid_000126.txt,24,38,6,0.004873,True
grid_000128.txt,9,12,2,0.000401,True
grid_000130.txt,30,49,8,0.012597,True
grid_000132.txt,25,40,6,0.005933,True
grid_000134.txt,25,40,6,0.005726,True
grid_000136.txt,15,22,3,0.001631,True
grid_000138.txt,24,38,6,0.005134,True
grid_000140.txt,15,22,3,0.001398,True
grid_000142.txt,20,31,5,0.003036,True
grid_000144.txt,12,17,3,0.000802,True
grid_000146.txt,18,27,4,0.001767,True
grid_000148.txt,24,38,6,0.005005,True
grid_000150.txt,30,49,8,0.012107,True
grid_000152.txt,9,12,2,0.000397,True
grid_000154.txt,12,17,3,0.001079,True
grid_000156.txt,12,17,3,0.000828,True
grid_000158.txt,18,27,4,0.002285,True
grid_000160.txt,15,22,3,0.001537,True
grid_000162.txt,24,38,6,0.004997,True
grid_000164.txt,15,22,3,0.001265,True
grid_000166.txt,25,40,6,0.005632,True
grid_000168.txt,20,31,5,0.004145,True
grid_000170.txt,12,17,3,0.000974,True
grid_000172.txt,24,38,6,0.004449,True
grid_000174.txt,30,49,8,0.012811,True
grid_000176.txt,9,12,2,0.000441,True
grid_000178.txt,9,12,2,0.000402,True
grid_000180.txt,18,27,4,0.001772,True
grid_000182.txt,9,12,2,0.000378,True
grid_000184.txt,20,31,5,0.002716,True
grid_000186.txt,12,17,3,0.000791,True
grid_000188.txt,30,49,8,0.01282,True
grid_000190.txt,9,12,2,0.000388,True
grid_000192.txt,16,24,4,0.001575,True
grid_000194.txt,12,17,3,0.000819,True
grid_000196.txt,16,24,4,0.001564,True
grid_000198.txt,18,27,4,0.001789,True
grid_000200.txt,25,40,6,0.005985,True
grid_000202.txt,25,40,6,0.005946,True
grid_000204.txt,18,27,4,0.001793,True
grid_000206.txt,20,31,5,0.002745,True
grid_000208.txt,30,49,8,0.013142,True
grid_000210.txt,25,40,6,0.006646,True
grid_000212.txt,15,22,3,0.001555,True
grid_000214.txt,24,38,6,0.004992,True
grid_000216.txt,18,27,4,0.001861,True
grid_000218.txt,30,49,8,0.012247,True
grid_000220.txt,12,17,3,0.000854,True
grid_000222.txt,25,40,6,0.005548,True
grid_000224.txt,9,12,2,0.00043,True
grid_000226.txt,24,38,6,0.00513,True
grid_000228.txt,12,17,3,0.001234,True
grid_000230.txt,18,27,4,0.002009,True
grid_000232.txt,15,22,3,0.001431,True
grid_000234.txt,24,38,6,0.004341,True
grid_000236.txt,15,22,3,0.001782,True
grid_000238.txt,20,31,5,0.002716,True
grid_000240.txt,24,38,6,0.005184,True
grid_000242.txt,15,22,3,0.001504,True
grid_000244.txt,12,17,3,0.000794,True
grid_000246.txt,20,31,5,0.002747,True
grid_000248.txt,30,49,8,0.013339,True
grid_000250.txt,16,24,4,0.001707,True
grid_000252.txt,24,38,6,0.00523,True
grid_000254.txt,20,31,5,0.00328,True
grid_000256.txt,20,31,5,0.002727,True
grid_000258.txt,12,17,3,0.000802,True
grid_000260.txt,15,22,3,0.001499,True
grid_000262.txt,30,49,8,0.01167,True
grid_000264.txt,18,27,4,0.00179,True
grid_000266.txt,12,17,3,0.000819,True
grid_000268.txt,24,38,6,0.004878,True
grid_000270.txt,20,31,5,0.002627,True
grid_000272.txt,20,31,5,0.002623,True
grid_000274.txt,25,40,6,0.006195,True
grid_000276.txt,9,12,2,0.000434,True
grid_000278.txt,20,31,5,0.002729,True
grid_000280.txt,12,17,3,0.000911,True
grid_000282.txt,12,17,3,0.000806,True
grid_000284.txt,20,31,5,0.002728,True
grid_000286.txt,25,40,6,0.005773,True
grid_000288.txt,9,12,2,0.000389,True
grid_000290.txt,12,17,3,0.000794,True
grid_000292.txt,20,31,5,0.002956,True
grid_000294.txt,15,22,3,0.001434,True
grid_000296.txt,24,38,6,0.004469,True
grid_000298.txt,20,31,5,0.002759,True
grid_000300.txt,25,40,6,0.00551,True
grid_000302.txt,16,24,4,0.001799,True
grid_000304.txt,9,12,2,0.000375,True
grid_000306.txt,20,31,5,0.00265,True
grid_000308.txt,15,22,3,0.001478,True
grid_000310.txt,9,12,2,0.000368,True
grid_000312.txt,12,17,3,0.00093,True
grid_000314.txt,25,40,6,0.005421,True
grid_000316.txt,9,12,2,0.000376,True
grid_000318.txt,18,27,4,0.001762,True
grid_000320.txt,24,38,6,0.004674,True
grid_000322.txt,12,17,3,0.000815,True
grid_000324.txt,20,31,5,0.002699,True
grid_000326.txt,16,24,4,0.001574,True
grid_000328.txt,15,22,3,0.00123,True
grid_000330.txt,15,22,3,0.001616,True
grid_000332.txt,18,27,4,0.002105,True
grid_000334.txt,18,27,4,0.001801,True
grid_000336.txt,12,17,3,0.000789,True
grid_000338.txt,12,17,3,0.000805,True
grid_000340.txt,12,17,3,0.000879,True
grid_000342.txt,30,49,8,0.013372,True
grid_000344.txt,24,38,6,0.004649,True
grid_000346.txt,20,31,5,0.002993,True
grid_000348.txt,12,17,3,0.000815,True
grid_000350.txt,15,22,3,0.001491,True
grid_000352.txt,25,40,6,0.005811,True
grid_000354.txt,16,24,4,0.00171,True
grid_000356.txt,20,31,5,0.003034,True
grid_000358.txt,12,17,3,0.00081,True
grid_000360.txt,24,38,6,0.005042,True
grid_000362.txt,15,22,3,0.001681,True
grid_000364.txt,12,17,3,0.000831,True
grid_000366.txt,15,22,3,0.001492,True
grid_000368.txt,18,27,4,0.00297,True
grid_000370.txt,30,49,8,0.012485,True
grid_000372.txt,18,27,4,0.001785,True
grid_000374.txt,12,17,3,0.001051,True
grid_000376.txt,15,22,3,0.00147,True
grid_000378.txt,18,27,4,0.001798,True
grid_000380.txt,16,24,4,0.001621,True
grid_000382.txt,15,22,3,0.001239,True
grid_000384.txt,15,22,3,0.001497,True
grid_000386.txt,12,17,3,0.000779,True
grid_000388.txt,12,17,3,0.0008,True
grid_000390.txt,12,17,3,0.000788,True
grid_000392.txt,18,27,4,0.002043,True
grid_000394.txt,20,31,5,0.003243,True
grid_000396.txt,20,31,5,0.002728,True
grid_000398.txt,18,27,4,0.001827,True
grid_000400.txt,18,27,4,0.001865,True
grid_000402.txt,15,22,3,0.001298,True
grid_000404.txt,20,31,5,0.002723,True
grid_000406.txt,30,49,8,0.012837,True
grid_000408.txt,30,49,8,0.012206,True
grid_000410.txt,16,24,4,0.001624,True
grid_000412.txt,12,17,3,0.000801,True
grid_000414.txt,20,31,5,0.002911,True
grid_000416.txt,30,49,8,0.011706,True
grid_000418.txt,16,24,4,0.001688,True
grid_000420.txt,16,24,4,0.001611,True
grid_000422.txt,18,27,4,0.002238,True
grid_000424.txt,12,17,3,0.00125,True
grid_000426.txt,24,38,6,0.004605,True
grid_000428.txt,20,31,5,0.002632,True
grid_000430.txt,16,24,4,0.001586,True
grid_000432.txt,20,31,5,0.002731,True
grid_000434.txt,15,22,3,0.001685,True
grid_000436.txt,16,24,4,0.001601,True
grid_000438.txt,16,24,4,0.001594,True
grid_000440.txt,25,40,6,0.006111,True
grid_000442.txt,9,12,2,0.000405,True
grid_000444.txt,20,31,5,0.002597,True
grid_000446.txt,30,49,8,0.012893,True
grid_000448.txt,24,38,6,0.004488,True
grid_000450.txt,15,22,3,0.001293,True
grid_000452.txt,20,31,5,0.002579,True
grid_000454.txt,20,31,5,0.002673,True
grid_000456.txt,9,12,2,0.000374,True
grid_000458.txt,12,17,3,0.00077,True
grid_000460.txt,12,17,3,0.000792,True
grid_000462.txt,25,40,6,0.006304,True
grid_000464.txt,18,27,4,0.001784,True
grid_000466.txt,12,17,3,0.000734,True
grid_000468.txt,15,22,3,0.001353,True
grid_000470.txt,18,27,4,0.001738,True
grid_000472.txt,15,22,3,0.001372,True
grid_000474.txt,12,17,3,0.000751,True
grid_000476.txt,20,31,5,0.002629,True
grid_000478.txt,15,22,3,0.001322,True
grid_000480.txt,20,31,5,0.002537,True
grid_000482.txt,12,17,3,0.000717,True
grid_000484.txt,12,17,3,0.00078,True
grid_000486.txt,16,24,4,0.001671,True
grid_000488.txt,18,27,4,0.001696,True
grid_000490.txt,20,31,5,0.002613,True
grid_000492.txt,15,22,3,0.001473,True
grid_000494.txt,18,27,4,0.001775,True
grid_000496.txt,12,17,3,0.001146,True
grid_000498.txt,20,31,5,0.002686,True
grid_000500.txt,24,38,6,0.004398,True
grid_000502.txt,20,31,5,0.002583,True
grid_000504.txt,24,38,6,0.004335,True
grid_000506.txt,18,27,4,0.001808,True
grid_000508.txt,18,27,4,0.001778,True
grid_000510.txt,20,31,5,0.002636,True
grid_000512.txt,9,12,2,0.000379,True
grid_000514.txt,15,22,3,0.001225,True
grid_000516.txt,15,22,3,0.001241,True
grid_000518.txt,15,22,3,0.001445,True
grid_000520.txt,30,49,8,0.011362,True
grid_000522.txt,25,40,6,0.005373,True
grid_000524.txt,25,40,6,0.005639,True
grid_000526.txt,18,27,4,0.001763,True
grid_000528.txt,20,31,5,0.002581,True
grid_000530.txt,16,24,4,0.001715,True
grid_000532.txt,15,22,3,0.001447,True
grid_000534.txt,9,12,2,0.000396,True
grid_000536.txt,25,40,6,0.005478,True
grid_000538.txt,24,38,6,0.004299,True
grid_000540.txt,20,31,5,0.002594,True
grid_000542.txt,18,27,4,0.0018,True
grid_000544.txt,15,22,3,0.001454,True
grid_000546.txt,18,27,4,0.001729,True
grid_000548.txt,9,12,2,0.000391,True
grid_000550.txt,25,40,6,0.005358,True
grid_000552.txt,15,22,3,0.001488,True
grid_000554.txt,12,17,3,0.000787,True
grid_000556.txt,12,17,3,0.000777,True
grid_000558.txt,12,17,3,0.000783,True
grid_000560.txt,12,17,3,0.000758,True
grid_000562.txt,12,17,3,0.000773,True
grid_000564.txt,16,24,4,0.001565,True
grid_000566.txt,25,40,6,0.005429,True
grid_000568.txt,20,31,5,0.002657,True
grid_000570.txt,30,49,8,0.011495,True
grid_000572.txt,15,22,3,0.001457,True
grid_000574.txt,12,17,3,0.000789,True
grid_000576.txt,9,12,2,0.000374,True
grid_000578.txt,9,12,2,0.000382,True
grid_000580.txt,15,22,3,0.001468,True
grid_000582.txt,9,12,2,0.000407,True
grid_000584.txt,30,49,8,0.012064,True
grid_000586.txt,15,22,3,0.001479,True
grid_000588.txt,24,38,6,0.0046,True
grid_000590.txt,24,38,6,0.004361,True
grid_000592.txt,15,22,3,0.001252,True
grid_000594.txt,20,31,5,0.002672,True
grid_000596.txt,20,31,5,0.002748,True
grid_000598.txt,20,31,5,0.002671,True
grid_000600.txt,15,22,3,0.001703,True
grid_000602.txt,30,49,8,0.011589,True
grid_000604.txt,20,31,5,0.002702,True
grid_000606.txt,15,22,3,0.001458,True
grid_000608.txt,9,12,2,0.00037,True
grid_000610.txt,24,38,6,0.004357,True
grid_000612.txt,9,12,2,0.00037,True
grid_000614.txt,25,40,6,0.005342,True
grid_000616.txt,24,38,6,0.004297,True
grid_000618.txt,9,12,2,0.000518,True
grid_000620.txt,30,49,8,0.011528,True
grid_000622.txt,16,24,4,0.001634,True
grid_000624.txt,9,12,2,0.000403,True
grid_000626.txt,16,24,4,0.001559,True
grid_000628.txt,15,22,3,0.001419,True
grid_000630.txt,18,27,4,0.001738,True
grid_000632.txt,20,31,5,0.00258,True
grid_000634.txt,15,22,3,0.001217,True
grid_000636.txt,12,17,3,0.000799,True
grid_000638.txt,9,12,2,0.000389,True
grid_000640.txt,12,17,3,0.000791,True
grid_000642.txt,9,12,2,0.000367,True
grid_000644.txt,20,31,5,0.002593,True
grid_000646.txt,15,22,3,0.00125,True
grid_000648.txt,12,17,3,0.000804,True
grid_000650.txt,12,17,3,0.000786,True
grid_000652.txt,25,40,6,0.005458,True
grid_000654.txt,12,17,3,0.000813,True
grid_000656.txt,18,27,4,0.001777,True
grid_000658.txt,30,49,8,0.011843,True
grid_000660.txt,15,22,3,0.001458,True
grid_000662.txt,20,31,5,0.002722,True
grid_000664.txt,24,38,6,0.004319,True
grid_000666.txt,20,31,5,0.002671,True
grid_000668.txt,24,38,6,0.00437,True
grid_000670.txt,20,31,5,0.002834,True
grid_000672.txt,15,22,3,0.001444,True
grid_000674.txt,20,31,5,0.00256,True
grid_000676.txt,12,17,3,0.00099,True
grid_000678.txt,18,27,4,0.001834,True
grid_000680.txt,25,40,6,0.005501,True
grid_000682.txt,24,38,6,0.004282,True
grid_000684.txt,25,40,6,0.005372,True
grid_000686.txt,18,27,4,0.001724,True
grid_000688.txt,15,22,3,0.001406,True
grid_000690.txt,15,22,3,0.00118,True
grid_000692.txt,12,17,3,0.00074,True
grid_000694.txt,30,49,8,0.011431,True
grid_000696.txt,12,17,3,0.00074,True
grid_000698.txt,24,38,6,0.00425,True
grid_000700.txt,16,24,4,0.001516,True
grid_000702.txt,12,17,3,0.000739,True
grid_000704.txt,12,17,3,0.000778,True
grid_000706.txt,20,31,5,0.002843,True
grid_000708.txt,20,31,5,0.00262,True
grid_000710.txt,12,17,3,0.000717,True
grid_000712.txt,20,31,5,0.002584,True
grid_000714.txt,24,38,6,0.004265,True
grid_000716.txt,9,12,2,0.000334,True
grid_000718.txt,12,17,3,0.000717,True
grid_000720.txt,15,22,3,0.001361,True
grid_000722.txt,12,17,3,0.000708,True
grid_000724.txt,18,27,4,0.001683,True
grid_000726.txt,25,40,6,0.005689,True
grid_000728.txt,20,31,5,0.002602,True
grid_000730.txt,24,38,6,0.004357,True
grid_000732.txt,15,22,3,0.001614,True
grid_000734.txt,30,49,8,0.011756,True
grid_000736.txt,20,31,5,0.002634,True
grid_000738.txt,9,12,2,0.000343,True
grid_000740.txt,30,49,8,0.011623,True
grid_000742.txt,24,38,6,0.004932,True
grid_000744.txt,16,24,4,0.001585,True
grid_000746.txt,24,38,6,0.004517,True
grid_000748.txt,18,27,4,0.001705,True
grid_000750.txt,18,27,4,0.001698,True
grid_000752.txt,16,24,4,0.001646,True
grid_000754.txt,12,17,3,0.000715,True
grid_000756.txt,20,31,5,0.003097,True
grid_000758.txt,24,38,6,0.004534,True
grid_000760.txt,12,17,3,0.000744,True
grid_000762.txt,12,17,3,0.000927,True
grid_000764.txt,25,40,6,0.005535,True
grid_000766.txt,25,40,6,0.005691,True
grid_000768.txt,12,17,3,0.000759,True
grid_000770.txt,12,17,3,0.00085,True
grid_000772.txt,18,27,4,0.001883,True
grid_000774.txt,30,49,8,0.011616,True
grid_000776.txt,15,22,3,0.001624,True
grid_000778.txt,12,17,3,0.000798,True
grid_000780.txt,15,22,3,0.001502,True
grid_000782.txt,15,22,3,0.001259,True
grid_000784.txt,12,17,3,0.000803,True
grid_000786.txt,30,49,8,0.01331,True
grid_000788.txt,25,40,6,0.005896,True
grid_000790.txt,24,38,6,0.004499,True
grid_000792.txt,12,17,3,0.000842,True
grid_000794.txt,25,40,6,0.005749,True
grid_000796.txt,30,49,8,0.012407,True
grid_000798.txt,20,31,5,0.002928,True
grid_000800.txt,20,31,5,0.002942,True
grid_000802.txt,16,24,4,0.00178,True
grid_000804.txt,12,17,3,0.000809,True
grid_000806.txt,9,12,2,0.000386,True
grid_000808.txt,12,17,3,0.000807,True
grid_000810.txt,12,17,3,0.00083,True
grid_000812.txt,20,31,5,0.00321,True
grid_000814.txt,18,27,4,0.001811,True
grid_000816.txt,18,27,4,0.00177,True
grid_000818.txt,9,12,2,0.000394,True
grid_000820.txt,30,49,8,0.012339,True
grid_000822.txt,20,31,5,0.002761,True
grid_000824.txt,25,40,6,0.006608,True
grid_000826.txt,12,17,3,0.000838,True
grid_000828.txt,20,31,5,0.003221,True
grid_000830.txt,30,49,8,0.011996,True
grid_000832.txt,12,17,3,0.000821,True
grid_000834.txt,18,27,4,0.00176,True
grid_000836.txt,20,31,5,0.002615,True
grid_000838.txt,9,12,2,0.000379,True
grid_000840.txt,15,22,3,0.001296,True
grid_000842.txt,25,40,6,0.005409,True
grid_000844.txt,20,31,5,0.002589,True
grid_000846.txt,16,24,4,0.001566,True
grid_000848.txt,25,40,6,0.00565,True
grid_000850.txt,24,38,6,0.004354,True
grid_000852.txt,20,31,5,0.002743,True
grid_000854.txt,16,24,4,0.001722,True
grid_000856.txt,24,38,6,0.004296,True
grid_000858.txt,15,22,3,0.001468,True
grid_000860.txt,16,24,4,0.00159,True
grid_000862.txt,12,17,3,0.000809,True
grid_000864.txt,12,17,3,0.000762,True
grid_000866.txt,16,24,4,0.001562,True
grid_000868.txt,15,22,3,0.00124,True
grid_000870.txt,24,38,6,0.004655,True
grid_000872.txt,18,27,4,0.002248,True
grid_000874.txt,30,49,8,0.01201,True
grid_000876.txt,20,31,5,0.002613,True
grid_000878.txt,16,24,4,0.001585,True
grid_000880.txt,20,31,5,0.002685,True
grid_000882.txt,25,40,6,0.005385,True
grid_000884.txt,16,24,4,0.001576,True
grid_000886.txt,18,27,4,0.001824,True
grid_000888.txt,30,49,8,0.011584,True
grid_000890.txt,18,27,4,0.001749,True
grid_000892.txt,20,31,5,0.002693,True
grid_000894.txt,24,38,6,0.004301,True
grid_000896.txt,9,12,2,0.00036,True
grid_000898.txt,24,38,6,0.00491,True
grid_000900.txt,30,49,8,0.012189,True
grid_000902.txt,15,22,3,0.001263,True
grid_000904.txt,25,40,6,0.005329,True
grid_000906.txt,18,27,4,0.001763,True
grid_000908.txt,25,40,6,0.005285,True
grid_000910.txt,12,17,3,0.000794,True
grid_000912.txt,9,12,2,0.000382,True
grid_000914.txt,12,17,3,0.000825,True
grid_000916.txt,12,17,3,0.000774,True
grid_000918.txt,12,17,3,0.000772,True
grid_000920.txt,15,22,3,0.001431,True
grid_000922.txt,12,17,3,0.000793,True
grid_000924.txt,18,27,4,0.002021,True
grid_000926.txt,25,40,6,0.005822,True
grid_000928.txt,15,22,3,0.001183,True
grid_000930.txt,12,17,3,0.00073,True
grid_000932.txt,20,31,5,0.002693,True
grid_000934.txt,20,31,5,0.00261,True
grid_000936.txt,20,31,5,0.002564,True
grid_000938.txt,16,24,4,0.001618,True
grid_000940.txt,15,22,3,0.001361,True
grid_000942.txt,12,17,3,0.000737,True
grid_000944.txt,9,12,2,0.000316,True
grid_000946.txt,24,38,6,0.004232,True
grid_000948.txt,9,12,2,0.000309,True
grid_000950.txt,24,38,6,0.00426,True
grid_000952.txt,12,17,3,0.000988,True
grid_000954.txt,12,17,3,0.000785,True
grid_000956.txt,25,40,6,0.005497,True
grid_000958.txt,20,31,5,0.00266,True
grid_000960.txt,30,49,8,0.012238,True
grid_000962.txt,15,22,3,0.001199,True
grid_000964.txt,20,31,5,0.002579,True
grid_000966.txt,24,38,6,0.004279,True
grid_000968.txt,25,40,6,0.005328,True
grid_000970.txt,18,27,4,0.001693,True
grid_000972.txt,16,24,4,0.001539,True
grid_000974.txt,25,40,6,0.005384,True
grid_000976.txt,18,27,4,0.001801,True
grid_000978.txt,25,40,6,0.005374,True
grid_000980.txt,12,17,3,0.000726,True
grid_000982.txt,18,27,4,0.001692,True
grid_000984.txt,18,27,4,0.001695,True
grid_000986.txt,16,24,4,0.001541,True
grid_000988.txt,20,31,5,0.00259,True
grid_000990.txt,18,27,4,0.001873,True
grid_000992.txt,18,27,4,0.001833,True
grid_000994.txt,12,17,3,0.000737,True
grid_000996.txt,15,22,3,0.001376,True
grid_000998.txt,15,22,3,0.001378,True
grid_001000.txt,12,17,3,0.000728,True
grid_001002.txt,24,38,6,0.004411,True
grid_001004.txt,15,22,3,0.001386,True
grid_001006.txt,12,17,3,0.000718,True
grid_001008.txt,12,17,3,0.000795,True
grid_001010.txt,25,40,6,0.005357,True
grid_001012.txt,9,12,2,0.000312,True
grid_001014.txt,25,40,6,0.005307,True
grid_001016.txt,18,27,4,0.00169,True
grid_001018.txt,15,22,3,0.001365,True
grid_001020.txt,20,31,5,0.002539,True
grid_001022.txt,20,31,5,0.00253,True
grid_001024.txt,30,49,8,0.011766,True
grid_001026.txt,20,31,5,0.00264,True
grid_001028.txt,30,49,8,0.012097,True
grid_001030.txt,30,49,8,0.011728,True
grid_001032.txt,18,27,4,0.001714,True
grid_001034.txt,20,31,5,0.002604,True
grid_001036.txt,16,24,4,0.001494,True
grid_001038.txt,24,38,6,0.00423,True
grid_001040.txt,20,31,5,0.002638,True
grid_001042.txt,16,24,4,0.001483,True
grid_001044.txt,30,49,8,0.011624,True
grid_001046.txt,25,40,6,0.005299,True
grid_001048.txt,25,40,6,0.005437,True
grid_001050.txt,30,49,8,0.01214,True
grid_001052.txt,12,17,3,0.000733,True
grid_001054.txt,9,12,2,0.000328,True
grid_001056.txt,18,27,4,0.001699,True
grid_001058.txt,15,22,3,0.001362,True
grid_001060.txt,12,17,3,0.000853,True
grid_001062.txt,12,17,3,0.000715,True
grid_001064.txt,18,27,4,0.001766,True
grid_001066.txt,18,27,4,0.001715,True
grid_001068.txt,24,38,6,0.004738,True
grid_001070.txt,12,17,3,0.00076,True
grid_001072.txt,9,12,2,0.000326,True
grid_001074.txt,20,31,5,0.002612,True
grid_001076.txt,15,22,3,0.001159,True
grid_001078.txt,30,49,8,0.011637,True
grid_001080.txt,15,22,3,0.001179,True
grid_001082.txt,20,31,5,0.002595,True
grid_001084.txt,15,22,3,0.001369,True
grid_001086.txt,12,17,3,0.000791,True
grid_001088.txt,24,38,6,0.004227,True
grid_001090.txt,15,22,3,0.001197,True
grid_001092.txt,15,22,3,0.001402,True
grid_001094.txt,25,40,6,0.005272,True
grid_001096.txt,12,17,3,0.000731,True
grid_001098.txt,24,38,6,0.004442,True
grid_001100.txt,15,22,3,0.001362,True
grid_001102.txt,9,12,2,0.00032,True
grid_001104.txt,15,22,3,0.001188,True
grid_001106.txt,24,38,6,0.004255,True
grid_001108.txt,12,17,3,0.000736,True
grid_001110.txt,9,12,2,0.000317,True
grid_001112.txt,18,27,4,0.001684,True
grid_001114.txt,16,24,4,0.001495,True
grid_001116.txt,24,38,6,0.004878,True
grid_001118.txt,20,31,5,0.002493,True
grid_001120.txt,20,31,5,0.002877,True
grid_001122.txt,20,31,5,0.002619,True
grid_001124.txt,30,49,8,0.011925,True
grid_001126.txt,15,22,3,0.001406,True
grid_001128.txt,20,31,5,0.002518,True
grid_001130.txt,9,12,2,0.000334,True
grid_001132.txt,12,17,3,0.000988,True
grid_001134.txt,24,38,6,0.004264,True
grid_001136.txt,9,12,2,0.000334,True
grid_001138.txt,30,49,8,0.01189,True
grid_001140.txt,20,31,5,0.002629,True
grid_001142.txt,24,38,6,0.004513,True
grid_001144.txt,15,22,3,0.001541,True
grid_001146.txt,18,27,4,0.00169,True
grid_001148.txt,18,27,4,0.001817,True
grid_001150.txt,20,31,5,0.002626,True
grid_001152.txt,30,49,8,0.012107,True
grid_001154.txt,9,12,2,0.000337,True
grid_001156.txt,20,31,5,0.002977,True
grid_001158.txt,16,24,4,0.001572,True
grid_001160.txt,30,49,8,0.011744,True
grid_001162.txt,24,38,6,0.00448,True
grid_001164.txt,9,12,2,0.000634,True
grid_001166.txt,12,17,3,0.0008,True
grid_001168.txt,20,31,5,0.002683,True
grid_001170.txt,12,17,3,0.000785,True
grid_001172.txt,20,31,5,0.002571,True
grid_001174.txt,20,31,5,0.00286,True
grid_001176.txt,12,17,3,0.000829,True
grid_001178.txt,20,31,5,0.002699,True
grid_001180.txt,18,27,4,0.001793,True
grid_001182.txt,15,22,3,0.001459,True
grid_001184.txt,30,49,8,0.012133,True
grid_001186.txt,18,27,4,0.001795,True
grid_001188.txt,15,22,3,0.001436,True
grid_001190.txt,15,22,3,0.001561,True
grid_001192.txt,16,24,4,0.0016,True
grid_001194.txt,15,22,3,0.001234,True
grid_001196.txt,25,40,6,0.006172,True
grid_001198.txt,30,49,8,0.011981,True
grid_001200.txt,12,17,3,0.000822,True
grid_001202.txt,20,31,5,0.002576,True
grid_001204.txt,30,49,8,0.011399,True
grid_001206.txt,20,31,5,0.002757,True
grid_001208.txt,24,38,6,0.004346,True
grid_001210.txt,20,31,5,0.002877,True
grid_001212.txt,30,49,8,0.011474,True
grid_001214.txt,16,24,4,0.001598,True
grid_001216.txt,12,17,3,0.000857,True
grid_001218.txt,18,27,4,0.001764,True
grid_001220.txt,9,12,2,0.000381,True
grid_001222.txt,25,40,6,0.005625,True
grid_001224.txt,18,27,4,0.001791,True
grid_001226.txt,15,22,3,0.001235,True
grid_001228.txt,24,38,6,0.004941,True
grid_001230.txt,30,49,8,0.011831,True
grid_001232.txt,18,27,4,0.001767,True
grid_001234.txt,12,17,3,0.000857,True
grid_001236.txt,30,49,8,0.011822,True
grid_001238.txt,20,31,5,0.002737,True
grid_001240.txt,18,27,4,0.001941,True
grid_001242.txt,20,31,5,0.002821,True
grid_001244.txt,24,38,6,0.004312,True
grid_001246.txt,20,31,5,0.00304,True
grid_001248.txt,9,12,2,0.000428,True
grid_001250.txt,20,31,5,0.002766,True
grid_001252.txt,12,17,3,0.000802,True
grid_001254.txt,20,31,5,0.002754,True
grid_001256.txt,24,38,6,0.004325,True
grid_001258.txt,9,12,2,0.000391,True
grid_001260.txt,18,27,4,0.001756,True
grid_001262.txt,12,17,3,0.000785,True
grid_001264.txt,9,12,2,0.000516,True
grid_001266.txt,15,22,3,0.001367,True
grid_001268.txt,24,38,6,0.005099,True
grid_001270.txt,24,38,6,0.004566,True
grid_001272.txt,9,12,2,0.000405,True
grid_001274.txt,16,24,4,0.001638,True
grid_001276.txt,20,31,5,0.002564,True
grid_001278.txt,15,22,3,0.001467,True
grid_001280.txt,20,31,5,0.002717,True
grid_001282.txt,15,22,3,0.001515,True
grid_001284.txt,16,24,4,0.001808,True
grid_001286.txt,16,24,4,0.001623,True
grid_001288.txt,20,31,5,0.002837,True
grid_001290.txt,9,12,2,0.000416,True
grid_001292.txt,12,17,3,0.00089,True
grid_001294.txt,20,31,5,0.0027,True
grid_001296.txt,30,49,8,0.011983,True
grid_001298.txt,15,22,3,0.001525,True
grid_001300.txt,12,17,3,0.000825,True
grid_001302.txt,25,40,6,0.005635,True
grid_001304.txt,30,49,8,0.011961,True
grid_001306.txt,15,22,3,0.001455,True
grid_001308.txt,30,49,8,0.01344,True
grid_001310.txt,20,31,5,0.00302,True
grid_001312.txt,12,17,3,0.000963,True
grid_001314.txt,20,31,5,0.002631,True
grid_001316.txt,15,22,3,0.001264,True
grid_001318.txt,16,24,4,0.001582,True
grid_001320.txt,15,22,3,0.001306,True
grid_001322.txt,16,24,4,0.001593,True
grid_001324.txt,15,22,3,0.0018,True
grid_001326.txt,12,17,3,0.000814,True
grid_001328.txt,12,17,3,0.00081,True
grid_001330.txt,20,31,5,0.002879,True
grid_001332.txt,15,22,3,0.001263,True
grid_001334.txt,16,24,4,0.001619,True
grid_001336.txt,18,27,4,0.001888,True
grid_001338.txt,24,38,6,0.004339,True
grid_001340.txt,12,17,3,0.001006,True
grid_001342.txt,15,22,3,0.001329,True
grid_001344.txt,9,12,2,0.000656,True
grid_001346.txt,9,12,2,0.000399,True
grid_001348.txt,9,12,2,0.000396,True
grid_001350.txt,30,49,8,0.012603,True
grid_001352.txt,9,12,2,0.000404,True
grid_001354.txt,20,31,5,0.002618,True
grid_001356.txt,20,31,5,0.002585,True
grid_001358.txt,16,24,4,0.001602,True
grid_001360.txt,20,31,5,0.002837,True
grid_001362.txt,9,12,2,0.000406,True
grid_001364.txt,20,31,5,0.002738,True
grid_001366.txt,25,40,6,0.005647,True
grid_001368.txt,18,27,4,0.002054,True
grid_001370.txt,24,38,6,0.004459,True
grid_001372.txt,18,27,4,0.00179,True
grid_001374.txt,12,17,3,0.000821,True
grid_001376.txt,30,49,8,0.012117,True
grid_001378.txt,9,12,2,0.000535,True
grid_001380.txt,20,31,5,0.002924,True
grid_001382.txt,15,22,3,0.001452,True
grid_001384.txt,9,12,2,0.000394,True
grid_001386.txt,30,49,8,0.011556,True
grid_001388.txt,15,22,3,0.001263,True
grid_001390.txt,30,49,8,0.01177,True
grid_001392.txt,20,31,5,0.002755,True
grid_001394.txt,18,27,4,0.001797,True
grid_001396.txt,9,12,2,0.000411,True
grid_001398.txt,12,17,3,0.000778,True
grid_001400.txt,15,22,3,0.00156,True
grid_001402.txt,16,24,4,0.001568,True
grid_001404.txt,20,31,5,0.002917,True
grid_001406.txt,30,49,8,0.011624,True
grid_001408.txt,20,31,5,0.002723,True
grid_001410.txt,24,38,6,0.004302,True
grid_001412.txt,20,31,5,0.002663,True
grid_001414.txt,16,24,4,0.001574,True
grid_001416.txt,30,49,8,0.011467,True
grid_001418.txt,12,17,3,0.000814,True
grid_001420.txt,16,24,4,0.001601,True
grid_001422.txt,12,17,3,0.000799,True
grid_001424.txt,12,17,3,0.000823,True
grid_001426.txt,9,12,2,0.000417,True
grid_001428.txt,12,17,3,0.000811,True
grid_001430.txt,12,17,3,0.000802,True
grid_001432.txt,20,31,5,0.002779,True
grid_001434.txt,12,17,3,0.000977,True
grid_001436.txt,9,12,2,0.000394,True
grid_001438.txt,12,17,3,0.000814,True
grid_001440.txt,20,31,5,0.002607,True
grid_001442.txt,12,17,3,0.000892,True
grid_001444.txt,9,12,2,0.000402,True
grid_001446.txt,15,22,3,0.001446,True
grid_001448.txt,15,22,3,0.001238,True
grid_001450.txt,20,31,5,0.002594,True
grid_001452.txt,20,31,5,0.002745,True
grid_001454.txt,24,38,6,0.004316,True
grid_001456.txt,18,27,4,0.001747,True
grid_001458.txt,15,22,3,0.001445,True
grid_001460.txt,16,24,4,0.001609,True
grid_001462.txt,20,31,5,0.002693,True
grid_001464.txt,12,17,3,0.000786,True
grid_001466.txt,15,22,3,0.001238,True
grid_001468.txt,12,17,3,0.000786,True
grid_001470.txt,30,49,8,0.012905,True
grid_001472.txt,16,24,4,0.001705,True
grid_001474.txt,15,22,3,0.001278,True
grid_001476.txt,15,22,3,0.001429,True
grid_001478.txt,9,12,2,0.000437,True
grid_001480.txt,24,38,6,0.004298,True
grid_001482.txt,20,31,5,0.002593,True
grid_001484.txt,9,12,2,0.000401,True
grid_001486.txt,24,38,6,0.00435,True
grid_001488.txt,12,17,3,0.000943,True
grid_001490.txt,20,31,5,0.002933,True
grid_001492.txt,12,17,3,0.0008,True
grid_001494.txt,18,27,4,0.001781,True
grid_001496.txt,12,17,3,0.000819,True
grid_001498.txt,12,17,3,0.000835,True
grid_001500.txt,12,17,3,0.000828,True
grid_001502.txt,18,27,4,0.001771,True
grid_001504.txt,12,17,3,0.000788,True
grid_001506.txt,12,17,3,0.000777,True
grid_001508.txt,18,27,4,0.001736,True
grid_001510.txt,12,17,3,0.000787,True
grid_001512.txt,25,40,6,0.005338,True
grid_001514.txt,12,17,3,0.000827,True
grid_001516.txt,9,12,2,0.000412,True
grid_001518.txt,20,31,5,0.002581,True
grid_001520.txt,25,40,6,0.005556,True
grid_001522.txt,20,31,5,0.002901,True
grid_001524.txt,20,31,5,0.002863,True
grid_001526.txt,24,38,6,0.004673,True
grid_001528.txt,30,49,8,0.012116,True
grid_001530.txt,20,31,5,0.002942,True
grid_001532.txt,25,40,6,0.005877,True
grid_001534.txt,16,24,4,0.001592,True
grid_001536.txt,16,24,4,0.001561,True
grid_001538.txt,12,17,3,0.000813,True
grid_001540.txt,25,40,6,0.005393,True
grid_001542.txt,24,38,6,0.004323,True
grid_001544.txt,16,24,4,0.001652,True
grid_001546.txt,30,49,8,0.011496,True
grid_001548.txt,24,38,6,0.004321,True
grid_001550.txt,20,31,5,0.002604,True
grid_001552.txt,24,38,6,0.004315,True
grid_001554.txt,12,17,3,0.000798,True
grid_001556.txt,25,40,6,0.005377,True
grid_001558.txt,20,31,5,0.002579,True
grid_001560.txt,25,40,6,0.005328,True
grid_001562.txt,24,38,6,0.00436,True
grid_001564.txt,15,22,3,0.001454,True
grid_001566.txt,16,24,4,0.001624,True
grid_001568.txt,24,38,6,0.0043,True
grid_001570.txt,18,27,4,0.001748,True
grid_001572.txt,20,31,5,0.002896,True
grid_001574.txt,30,49,8,0.011559,True
grid_001576.txt,12,17,3,0.000802,True
grid_001578.txt,15,22,3,0.001466,True
grid_001580.txt,20,31,5,0.002571,True
grid_001582.txt,20,31,5,0.002561,True
grid_001584.txt,12,17,3,0.000772,True
grid_001586.txt,25,40,6,0.005326,True
grid_001588.txt,15,22,3,0.001477,True
grid_001590.txt,12,17,3,0.000834,True
grid_001592.txt,20,31,5,0.002721,True
grid_001594.txt,12,17,3,0.00081,True
grid_001596.txt,15,22,3,0.001704,True
grid_001598.txt,16,24,4,0.001578,True
grid_001600.txt,16,24,4,0.001618,True
grid_001602.txt,20,31,5,0.002686,True
grid_001604.txt,24,38,6,0.00432,True
grid_001606.txt,30,49,8,0.011565,True
grid_001608.txt,12,17,3,0.000799,True
grid_001610.txt,25,40,6,0.005294,True
grid_001612.txt,18,27,4,0.001761,True
grid_001614.txt,20,31,5,0.002571,True
grid_001616.txt,15,22,3,0.001356,True
grid_001618.txt,25,40,6,0.005379,True
grid_001620.txt,16,24,4,0.001613,True
grid_001622.txt,15,22,3,0.00147,True
grid_001624.txt,20,31,5,0.002683,True
grid_001626.txt,30,49,8,0.011648,True
grid_001628.txt,24,38,6,0.004548,True
grid_001630.txt,9,12,2,0.000401,True
grid_001632.txt,30,49,8,0.011898,True
grid_001634.txt,12,17,3,0.000847,True
grid_001636.txt,20,31,5,0.002723,True
grid_001638.txt,15,22,3,0.001461,True
grid_001640.txt,15,22,3,0.001424,True
grid_001642.txt,24,38,6,0.00429,True
grid_001644.txt,15,22,3,0.001504,True
grid_001646.txt,30,49,8,0.011663,True
grid_001648.txt,18,27,4,0.001814,True
grid_001650.txt,18,27,4,0.001789,True
grid_001652.txt,30,49,8,0.011851,True
grid_001654.txt,9,12,2,0.000405,True
grid_001656.txt,25,40,6,0.005556,True
grid_001658.txt,16,24,4,0.001595,True
grid_001660.txt,16,24,4,0.00159,True
grid_001662.txt,20,31,5,0.002597,True
grid_001664.txt,20,31,5,0.002611,True
grid_001666.txt,15,22,3,0.001456,True
grid_001668.txt,12,17,3,0.0008,True
grid_001670.txt,9,12,2,0.000495,True
grid_001672.txt,16,24,4,0.001591,True
grid_001674.txt,18,27,4,0.001761,True
grid_001676.txt,25,40,6,0.005422,True
grid_001678.txt,16,24,4,0.001571,True
grid_001680.txt,12,17,3,0.000794,True
grid_001682.txt,24,38,6,0.00435,True
grid_001684.txt,9,12,2,0.000385,True
grid_001686.txt,24,38,6,0.004278,True
grid_001688.txt,25,40,6,0.005407,True
grid_001690.txt,18,27,4,0.001789,True
grid_001692.txt,30,49,8,0.014464,True
grid_001694.txt,25,40,6,0.005588,True
grid_001696.txt,15,22,3,0.001218,True
grid_001698.txt,18,27,4,0.001708,True
grid_001700.txt,15,22,3,0.001373,True
grid_001702.txt,24,38,6,0.004473,True
grid_001704.txt,15,22,3,0.001216,True
grid_001706.txt,30,49,8,0.011985,True
grid_001708.txt,18,27,4,0.001768,True
grid_001710.txt,15,22,3,0.001186,True
grid_001712.txt,18,27,4,0.001724,True
grid_001714.txt,15,22,3,0.001532,True
grid_001716.txt,25,40,6,0.005946,True
grid_001718.txt,18,27,4,0.001744,True
grid_001720.txt,30,49,8,0.011614,True
grid_001722.txt,15,22,3,0.001434,True
grid_001724.txt,15,22,3,0.001383,True
grid_001726.txt,16,24,4,0.001514,True
grid_001728.txt,15,22,3,0.001243,True
grid_001730.txt,12,17,3,0.000797,True
grid_001732.txt,12,17,3,0.000824,True
grid_001734.txt,16,24,4,0.001592,True
grid_001736.txt,24,38,6,0.004362,True
grid_001738.txt,12,17,3,0.000806,True
grid_001740.txt,16,24,4,0.001586,True
grid_001742.txt,16,24,4,0.001613,True
grid_001744.txt,16,24,4,0.00162,True
grid_001746.txt,12,17,3,0.000845,True
grid_001748.txt,12,17,3,0.000794,True
grid_001750.txt,20,31,5,0.002681,True
grid_001752.txt,18,27,4,0.001755,True
grid_001754.txt,18,27,4,0.001778,True
grid_001756.txt,9,12,2,0.000427,True
grid_001758.txt,20,31,5,0.002713,True
grid_001760.txt,18,27,4,0.001884,True
grid_001762.txt,20,31,5,0.002656,True
grid_001764.txt,9,12,2,0.000385,True
grid_001766.txt,16,24,4,0.00158,True
grid_001768.txt,15,22,3,0.001425,True
grid_001770.txt,20,31,5,0.003386,True
grid_001772.txt,12,17,3,0.000816,True
grid_001774.txt,30,49,8,0.012108,True
grid_001776.txt,9,12,2,0.000382,True
grid_001778.txt,30,49,8,0.012506,True
grid_001780.txt,18,27,4,0.002353,True
grid_001782.txt,18,27,4,0.001858,True
grid_001784.txt,18,27,4,0.001787,True
grid_001786.txt,30,49,8,0.01233,True
grid_001788.txt,20,31,5,0.002924,True
grid_001790.txt,15,22,3,0.001524,True
grid_001792.txt,18,27,4,0.001823,True
grid_001794.txt,20,31,5,0.002732,True
grid_001796.txt,15,22,3,0.001619,True
grid_001798.txt,20,31,5,0.002741,True
grid_001800.txt,30,49,8,0.012754,True
grid_001802.txt,18,27,4,0.002206,True
grid_001804.txt,20,31,5,0.002753,True
grid_001806.txt,20,31,5,0.002792,True
grid_001808.txt,20,31,5,0.003302,True
grid_001810.txt,16,24,4,0.001628,True
grid_001812.txt,16,24,4,0.001742,True
grid_001814.txt,16,24,4,0.001742,True
grid_001816.txt,15,22,3,0.001298,True
grid_001818.txt,16,24,4,0.001643,True
grid_001820.txt,25,40,6,0.006062,True
grid_001822.txt,25,40,6,0.005463,True
grid_001824.txt,12,17,3,0.00109,True
grid_001826.txt,12,17,3,0.000849,True
grid_001828.txt,15,22,3,0.001455,True
grid_001830.txt,25,40,6,0.005745,True
grid_001832.txt,12,17,3,0.000837,True
grid_001834.txt,25,40,6,0.005501,True
grid_001836.txt,30,49,8,0.012392,True
grid_001838.txt,20,31,5,0.002681,True
grid_001840.txt,20,31,5,0.003152,True
grid_001842.txt,30,49,8,0.011894,True
grid_001844.txt,16,24,4,0.001688,True
grid_001846.txt,15,22,3,0.002014,True
grid_001848.txt,15,22,3,0.001472,True
grid_001850.txt,25,40,6,0.005672,True
grid_001852.txt,16,24,4,0.001618,True
grid_001854.txt,15,22,3,0.001546,True
grid_001856.txt,20,31,5,0.002896,True
grid_001858.txt,12,17,3,0.000847,True
grid_001860.txt,18,27,4,0.001786,True
grid_001862.txt,12,17,3,0.00099,True
grid_001864.txt,18,27,4,0.00181,True
grid_001866.txt,12,17,3,0.00085,True
grid_001868.txt,20,31,5,0.002658,True
grid_001870.txt,12,17,3,0.000972,True
grid_001872.txt,20,31,5,0.003181,True
grid_001874.txt,20,31,5,0.002803,True
grid_001876.txt,30,49,8,0.012298,True
grid_001878.txt,18,27,4,0.001972,True
grid_001880.txt,25,40,6,0.005407,True
grid_001882.txt,18,27,4,0.002067,True
grid_001884.txt,12,17,3,0.000834,True
grid_001886.txt,20,31,5,0.003474,True
grid_001888.txt,25,40,6,0.005447,True
grid_001890.txt,25,40,6,0.005403,True
grid_001892.txt,15,22,3,0.002527,True
grid_001894.txt,20,31,5,0.003589,True
grid_001896.txt,18,27,4,0.001691,True
grid_001898.txt,9,12,2,0.00033,True
grid_001900.txt,16,24,4,0.001534,True
grid_001902.txt,15,22,3,0.001184,True
grid_001904.txt,12,17,3,0.000727,True
grid_001906.txt,18,27,4,0.00172,True
grid_001908.txt,24,38,6,0.004633,True
grid_001910.txt,30,49,8,0.012333,True
grid_001912.txt,15,22,3,0.001581,True
grid_001914.txt,15,22,3,0.001465,True
grid_001916.txt,9,12,2,0.000334,True
grid_001918.txt,24,38,6,0.00505,True
grid_001920.txt,18,27,4,0.001722,True
grid_001922.txt,15,22,3,0.001411,True
grid_001924.txt,20,31,5,0.002925,True
grid_001926.txt,20,31,5,0.00258,True
grid_001928.txt,20,31,5,0.002653,True
grid_001930.txt,12,17,3,0.001087,True
grid_001932.txt,20,31,5,0.002687,True
grid_001934.txt,18,27,4,0.001733,True
grid_001936.txt,20,31,5,0.002844,True
grid_001938.txt,25,40,6,0.005862,True
grid_001940.txt,15,22,3,0.001461,True
grid_001942.txt,15,22,3,0.001574,True
grid_001944.txt,12,17,3,0.00076,True
grid_001946.txt,12,17,3,0.000781,True
grid_001948.txt,15,22,3,0.001729,True
grid_001950.txt,25,40,6,0.005666,True
grid_001952.txt,9,12,2,0.000347,True
grid_001954.txt,12,17,3,0.000805,True
grid_001956.txt,12,17,3,0.000849,True
grid_001958.txt,30,49,8,0.012192,True
grid_001960.txt,9,12,2,0.00036,True
grid_001962.txt,18,27,4,0.00177,True
grid_001964.txt,15,22,3,0.001277,True
grid_001966.txt,12,17,3,0.000926,True
grid_001968.txt,9,12,2,0.000577,True
grid_001970.txt,12,17,3,0.0013,True
grid_001972.txt,15,22,3,0.001617,True
grid_001974.txt,20,31,5,0.002557,True
grid_001976.txt,20,31,5,0.00397,True
grid_001978.txt,20,31,5,0.002992,True
grid_001980.txt,25,40,6,0.005998,True
grid_001982.txt,12,17,3,0.000768,True
grid_001984.txt,20,31,5,0.00274,True
grid_001986.txt,25,40,6,0.005806,True
grid_001988.txt,18,27,4,0.001781,True
grid_001990.txt,12,17,3,0.000781,True
grid_001992.txt,25,40,6,0.005632,True
grid_001994.txt,12,17,3,0.000975,True
grid_001996.txt,15,22,3,0.001446,True
grid_001998.txt,25,40,6,0.005393,True
tree_000001.txt,17,16,0,5.2e-05,True
tree_000003.txt,31,30,0,8e-05,True
tree_000005.txt,30,29,0,6.3e-05,True
tree_000007.txt,16,15,0,4.7e-05,True
tree_000009.txt,35,34,0,7.5e-05,True
tree_000011.txt,13,12,0,3.3e-05,True
tree_000013.txt,17,16,0,4.4e-05,True
tree_000015.txt,32,31,0,6.5e-05,True
tree_000017.txt,22,21,0,5.7e-05,True
tree_000019.txt,22,21,0,4.4e-05,True
tree_000021.txt,22,21,0,4.7e-05,True
tree_000023.txt,17,16,0,5e-05,True
tree_000025.txt,26,25,0,6.7e-05,True
tree_000027.txt,11,10,0,3.6e-05,True
tree_000029.txt,21,20,0,5.3e-05,True
tree_000031.txt,30,29,0,6.5e-05,True
tree_000033.txt,31,30,0,7.4e-05,True
tree_000035.txt,20,19,0,6.1e-05,True
tree_000037.txt,20,19,0,6.3e-05,True
tree_000039.txt,15,14,0,5.8e-05,True
tree_000041.txt,23,22,0,6.1e-05,True
tree_000043.txt,11,10,0,3.1e-05,True
tree_000045.txt,25,24,0,0.000169,True
tree_000047.txt,31,30,0,7.7e-05,True
tree_000049.txt,35,34,0,8e-05,True
tree_000051.txt,20,19,0,5.3e-05,True
tree_000053.txt,20,19,0,6.6e-05,True
tree_000055.txt,33,32,0,9.9e-05,True
tree_000057.txt,29,28,0,6.4e-05,True
tree_000059.txt,28,27,0,6.1e-05,True
tree_000061.txt,33,32,0,8.5e-05,True
tree_000063.txt,34,33,0,7.2e-05,True
tree_000065.txt,32,31,0,7.1e-05,True
tree_000067.txt,25,24,0,5.1e-05,True
tree_000069.txt,17,16,0,5.7e-05,True
tree_000071.txt,20,19,0,4.5e-05,True
tree_000073.txt,15,14,0,3.5e-05,True
tree_000075.txt,24,23,0,5.5e-05,True
tree_000077.txt,34,33,0,8.3e-05,True
tree_000079.txt,34,33,0,7.4e-05,True
tree_000081.txt,23,22,0,7.7e-05,True
tree_000083.txt,12,11,0,3.4e-05,True
tree_000085.txt,32,31,0,6.5e-05,True
tree_000087.txt,20,19,0,4.2e-05,True
tree_000089.txt,10,9,0,2.3e-05,True
tree_000091.txt,18,17,0,3.2e-05,True
tree_000093.txt,20,19,0,6.5e-05,True
tree_000095.txt,24,23,0,4.6e-05,True
tree_000097.txt,23,22,0,5.8e-05,True
tree_000099.txt,10,9,0,2.8e-05,True
tree_000101.txt,12,11,0,3.4e-05,True
tree_000103.txt,20,19,0,5e-05,True
tree_000105.txt,16,15,0,4.1e-05,True
tree_000107.txt,19,18,0,4.7e-05,True
tree_000109.txt,35,34,0,0.000106,True
tree_000111.txt,27,26,0,5.4e-05,True
tree_000113.txt,18,17,0,4.3e-05,True
tree_000115.txt,22,21,0,4.3e-05,True
tree_000117.txt,22,21,0,4.5e-05,True
tree_000119.txt,30,29,0,5.5e-05,True
tree_000121.txt,13,12,0,2.9e-05,True
tree_000123.txt,31,30,0,5.5e-05,True
tree_000125.txt,19,18,0,6e-05,True
tree_000127.txt,29,28,0,5.4e-05,True
tree_000129.txt,21,20,0,4.3e-05,True
tree_000131.txt,24,23,0,6.9e-05,True
tree_000133.txt,15,14,0,3.9e-05,True
tree_000135.txt,11,10,0,0.00042,True
tree_000137.txt,28,27,0,5.7e-05,True
tree_000139.txt,18,17,0,4.5e-05,True
tree_000141.txt,14,13,0,3.6e-05,True
tree_000143.txt,25,24,0,4.5e-05,True
tree_000145.txt,35,34,0,5.8e-05,True
tree_000147.txt,30,29,0,5.5e-05,True
tree_000149.txt,13,12,0,3.2e-05,True
tree_000151.txt,26,25,0,4.9e-05,True
tree_000153.txt,15,14,0,0.000374,True
tree_000155.txt,25,24,0,4.5e-05,True
tree_000157.txt,35,34,0,5.7e-05,True
tree_000159.txt,25,24,0,4.1e-05,True
tree_000161.txt,31,30,0,5.2e-05,True
tree_000163.txt,24,23,0,4.1e-05,True
tree_000165.txt,16,15,0,3.9e-05,True
tree_000167.txt,24,23,0,4.3e-05,True
tree_000169.txt,27,26,0,5.1e-05,True
tree_000171.txt,24,23,0,4.6e-05,True
tree_000173.txt,21,20,0,4.3e-05,True
tree_000175.txt,23,22,0,4.6e-05,True
tree_000177.txt,11,10,0,3.3e-05,True
tree_000179.txt,23,22,0,4.9e-05,True
tree_000181.txt,28,27,0,5.1e-05,True
tree_000183.txt,31,30,0,5e-05,True
tree_000185.txt,26,25,0,5.9e-05,True
tree_000187.txt,11,10,0,2.7e-05,True
tree_000189.txt,26,25,0,5.1e-05,True
tree_000191.txt,35,34,0,5.7e-05,True
tree_000193.txt,10,9,0,3e-05,True
tree_000195.txt,14,13,0,4e-05,True
tree_000197.txt,12,11,0,3.4e-05,True
tree_000199.txt,29,28,0,5.7e-05,True
tree_000201.txt,29,28,0,5.3e-05,True
tree_000203.txt,12,11,0,2.8e-05,True
tree_000205.txt,26,25,0,4.5e-05,True
tree_000207.txt,28,27,0,8e-05,True
tree_000209.txt,11,10,0,3.2e-05,True
tree_000211.txt,28,27,0,5.4e-05,True
tree_000213.txt,23,22,0,5.3e-05,True
tree_000215.txt,22,21,0,4.9e-05,True
tree_000217.txt,16,15,0,3.9e-05,True
tree_000219.txt,16,15,0,3.5e-05,True
tree_000221.txt,20,19,0,4.2e-05,True
tree_000223.txt,23,22,0,4.6e-05,True
tree_000225.txt,20,19,0,3.5e-05,True
tree_000227.txt,32,31,0,5.6e-05,True
tree_000229.txt,14,13,0,3e-05,True
tree_000231.txt,32,31,0,5.7e-05,True
tree_000233.txt,12,11,0,2.4e-05,True
tree_000235.txt,14,13,0,3.5e-05,True
tree_000237.txt,13,12,0,2.5e-05,True
tree_000239.txt,18,17,0,3.6e-05,True
tree_000241.txt,17,16,0,3.5e-05,True
tree_000243.txt,29,28,0,5.1e-05,True
tree_000245.txt,29,28,0,4.9e-05,True
tree_000247.txt,26,25,0,4.9e-05,True
tree_000249.txt,19,18,0,3.1e-05,True
tree_000251.txt,13,12,0,2.9e-05,True
tree_000253.txt,27,26,0,7.2e-05,True
tree_000255.txt,35,34,0,6.3e-05,True
tree_000257.txt,33,32,0,6.4e-05,True
tree_000259.txt,25,24,0,4.6e-05,True
tree_000261.txt,16,15,0,3.1e-05,True
tree_000263.txt,20,19,0,3.3e-05,True
tree_000265.txt,35,34,0,5.8e-05,True
tree_000267.txt,27,26,0,5.5e-05,True
tree_000269.txt,26,25,0,5.1e-05,True
tree_000271.txt,32,31,0,5.4e-05,True
tree_000273.txt,30,29,0,4.4e-05,True
tree_000275.txt,19,18,0,3.7e-05,True
tree_000277.txt,29,28,0,4.5e-05,True
tree_000279.txt,14,13,0,3.1e-05,True
tree_000281.txt,32,31,0,5.4e-05,True
tree_000283.txt,14,13,0,3.2e-05,True
tree_000285.txt,10,9,0,2.7e-05,True
tree_000287.txt,26,25,0,4.6e-05,True
tree_000289.txt,24,23,0,4.4e-05,True
tree_000291.txt,27,26,0,5.3e-05,True
tree_000293.txt,16,15,0,3.2e-05,True
tree_000295.txt,17,16,0,3.5e-05,True
tree_000297.txt,29,28,0,6.6e-05,True
tree_000299.txt,20,19,0,3.8e-05,True
tree_000301.txt,34,33,0,4.9e-05,True
tree_000303.txt,33,32,0,5.6e-05,True
tree_000305.txt,32,31,0,6.2e-05,True
tree_000307.txt,27,26,0,7.1e-05,True
tree_000309.txt,15,14,0,3.6e-05,True
tree_000311.txt,18,17,0,3.9e-05,True
tree_000313.txt,35,34,0,8.7e-05,True
tree_000315.txt,18,17,0,3.6e-05,True
tree_000317.txt,15,14,0,3.4e-05,True
tree_000319.txt,34,33,0,5.9e-05,True
tree_000321.txt,29,28,0,5.2e-05,True
tree_000323.txt,20,19,0,3.9e-05,True
tree_000325.txt,34,33,0,5.6e-05,True
tree_000327.txt,29,28,0,4.9e-05,True
tree_000329.txt,30,29,0,4.8e-05,True
tree_000331.txt,27,26,0,4.8e-05,True
tree_000333.txt,34,33,0,6.7e-05,True
tree_000335.txt,34,33,0,5.6e-05,True
tree_000337.txt,30,29,0,5.7e-05,True
tree_000339.txt,23,22,0,4.6e-05,True
tree_000341.txt,25,24,0,4.6e-05,True
tree_000343.txt,26,25,0,5.3e-05,True
tree_000345.txt,23,22,0,5e-05,True
tree_000347.txt,34,33,0,6.8e-05,True
tree_000349.txt,15,14,0,3.3e-05,True
tree_000351.txt,12,11,0,3.2e-05,True
tree_000353.txt,25,24,0,5e-05,True
tree_000355.txt,34,33,0,5.2e-05,True
tree_000357.txt,13,12,0,3.7e-05,True
tree_000359.txt,29,28,0,7.2e-05,True
tree_000361.txt,15,14,0,4e-05,True
tree_000363.txt,15,14,0,4.1e-05,True
tree_000365.txt,10,9,0,3.4e-05,True
tree_000367.txt,28,27,0,5.8e-05,True
tree_000369.txt,17,16,0,4.7e-05,True
tree_000371.txt,12,11,0,4.3e-05,True
tree_000373.txt,22,21,0,4.6e-05,True
tree_000375.txt,28,27,0,5.5e-05,True
tree_000377.txt,12,11,0,3.2e-05,True
tree_000379.txt,14,13,0,3.3e-05,True
tree_000381.txt,35,34,0,7.2e-05,True
tree_000383.txt,10,9,0,3e-05,True
tree_000385.txt,24,23,0,5e-05,True
tree_000387.txt,11,10,0,3.6e-05,True
tree_000389.txt,31,30,0,0.004343,True
tree_000391.txt,29,28,0,7.2e-05,True
tree_000393.txt,21,20,0,5e-05,True
tree_000395.txt,11,10,0,4.2e-05,True
tree_000397.txt,30,29,0,6.4e-05,True
tree_000399.txt,32,31,0,6.4e-05,True
tree_000401.txt,26,25,0,5.1e-05,True
tree_000403.txt,34,33,0,8e-05,True
tree_000405.txt,12,11,0,4.2e-05,True
tree_000407.txt,33,32,0,7.6e-05,True
tree_000409.txt,20,19,0,5.8e-05,True
tree_000411.txt,14,13,0,4.3e-05,True
tree_000413.txt,20,19,0,7.6e-05,True
tree_000415.txt,24,23,0,5.9e-05,True
tree_000417.txt,15,14,0,5.5e-05,True
tree_000419.txt,34,33,0,0.00017,True
tree_000421.txt,31,30,0,0.000211,True
tree_000423.txt,34,33,0,8.2e-05,True
tree_000425.txt,31,30,0,8.4e-05,True
tree_000427.txt,28,27,0,6.5e-05,True
tree_000429.txt,14,13,0,6.5e-05,True
tree_000431.txt,19,18,0,7.6e-05,True
tree_000433.txt,26,25,0,6.9e-05,True
tree_000435.txt,35,34,0,9.3e-05,True
tree_000437.txt,33,32,0,7.7e-05,True
tree_000439.txt,34,33,0,0.000214,True
tree_000441.txt,23,22,0,6.5e-05,True
tree_000443.txt,35,34,0,7.9e-05,True
tree_000445.txt,23,22,0,7.2e-05,True
tree_000447.txt,30,29,0,8.1e-05,True
tree_000449.txt,31,30,0,7.4e-05,True
tree_000451.txt,10,9,0,4.3e-05,True
tree_000453.txt,33,32,0,8.1e-05,True
tree_000455.txt,23,22,0,5.9e-05,True
tree_000457.txt,14,13,0,4.2e-05,True
tree_000459.txt,12,11,0,4.3e-05,True
tree_000461.txt,20,19,0,5.4e-05,True
tree_000463.txt,11,10,0,3.4e-05,True
tree_000465.txt,19,18,0,5.1e-05,True
tree_000467.txt,15,14,0,4.2e-05,True
tree_000469.txt,16,15,0,5.9e-05,True
tree_000471.txt,24,23,0,5.4e-05,True
tree_000473.txt,13,12,0,3.5e-05,True
tree_000475.txt,33,32,0,6.9e-05,True
tree_000477.txt,24,23,0,5.8e-05,True
tree_000479.txt,12,11,0,3.7e-05,True
tree_000481.txt,27,26,0,6.1e-05,True
tree_000483.txt,17,16,0,4.4e-05,True
tree_000485.txt,19,18,0,4.2e-05,True
tree_000487.txt,26,25,0,5.5e-05,True
tree_000489.txt,34,33,0,6.4e-05,True
tree_000491.txt,10,9,0,2.4e-05,True
tree_000493.txt,19,18,0,4.4e-05,True
tree_000495.txt,25,24,0,4.7e-05,True
tree_000497.txt,14,13,0,2.7e-05,True
tree_000499.txt,12,11,0,4.3e-05,True
tree_000501.txt,12,11,0,3.2e-05,True
tree_000503.txt,15,14,0,4.6e-05,True
tree_000505.txt,14,13,0,4.6e-05,True
tree_000507.txt,15,14,0,4.7e-05,True
tree_000509.txt,14,13,0,3.7e-05,True
tree_000511.txt,12,11,0,4.1e-05,True
tree_000513.txt,18,17,0,4.7e-05,True
tree_000515.txt,26,25,0,6.3e-05,True
tree_000517.txt,28,27,0,7.5e-05,True
tree_000519.txt,33,32,0,7.2e-05,True
tree_000521.txt,33,32,0,7.2e-05,True
tree_000523.txt,26,25,0,6.5e-05,True
tree_000525.txt,35,34,0,7.4e-05,True
tree_000527.txt,25,24,0,4.9e-05,True
tree_000529.txt,22,21,0,5e-05,True
tree_000531.txt,11,10,0,3.2e-05,True
tree_000533.txt,18,17,0,4e-05,True
tree_000535.txt,31,30,0,6.9e-05,True
tree_000537.txt,10,9,0,2.9e-05,True
tree_000539.txt,13,12,0,4e-05,True
tree_000541.txt,25,24,0,6.1e-05,True
tree_000543.txt,34,33,0,7.7e-05,True
tree_000545.txt,13,12,0,3.7e-05,True
tree_000547.txt,30,29,0,7.3e-05,True
tree_000549.txt,15,14,0,4.6e-05,True
tree_000551.txt,18,17,0,5e-05,True
tree_000553.txt,12,11,0,3.8e-05,True
tree_000555.txt,21,20,0,6.2e-05,True
tree_000557.txt,24,23,0,6.2e-05,True
tree_000559.txt,11,10,0,3.8e-05,True
tree_000561.txt,31,30,0,6.6e-05,True
tree_000563.txt,30,29,0,8.7e-05,True
tree_000565.txt,30,29,0,7.3e-05,True
tree_000567.txt,21,20,0,5.5e-05,True
tree_000569.txt,23,22,0,5.7e-05,True
tree_000571.txt,24,23,0,6.4e-05,True
tree_000573.txt,23,22,0,5.9e-05,True
tree_000575.txt,34,33,0,8.2e-05,True
tree_000577.txt,23,22,0,5.7e-05,True
tree_000579.txt,19,18,0,5.3e-05,True
tree_000581.txt,21,20,0,5.4e-05,True
tree_000583.txt,16,15,0,4.4e-05,True
tree_000585.txt,31,30,0,6.5e-05,True
tree_000587.txt,20,19,0,4.7e-05,True
tree_000589.txt,18,17,0,3.7e-05,True
tree_000591.txt,35,34,0,7.2e-05,True
tree_000593.txt,28,27,0,6.3e-05,True
tree_000595.txt,35,34,0,7.8e-05,True
tree_000597.txt,35,34,0,8.9e-05,True
tree_000599.txt,29,28,0,6.6e-05,True
tree_000601.txt,31,30,0,7.6e-05,True
tree_000603.txt,25,24,0,6.6e-05,True
tree_000605.txt,33,32,0,0.000123,True
tree_000607.txt,27,26,0,6.8e-05,True
tree_000609.txt,29,28,0,6.9e-05,True
tree_000611.txt,23,22,0,5.7e-05,True
tree_000613.txt,13,12,0,4.4e-05,True
tree_000615.txt,10,9,0,3.4e-05,True
tree_000617.txt,12,11,0,4.2e-05,True
tree_000619.txt,32,31,0,8e-05,True
tree_000621.txt,22,21,0,5.7e-05,True
tree_000623.txt,19,18,0,5.2e-05,True
tree_000625.txt,16,15,0,4.8e-05,True
tree_000627.txt,15,14,0,4.6e-05,True
tree_000629.txt,20,19,0,6e-05,True
tree_000631.txt,18,17,0,4.9e-05,True
tree_000633.txt,20,19,0,0.000118,True
tree_000635.txt,20,19,0,5.8e-05,True
tree_000637.txt,34,33,0,8.6e-05,True
tree_000639.txt,26,25,0,8.3e-05,True
tree_000641.txt,23,22,0,5.5e-05,True
tree_000643.txt,22,21,0,7.5e-05,True
tree_000645.txt,27,26,0,5.9e-05,True
tree_000647.txt,27,26,0,6.8e-05,True
tree_000649.txt,25,24,0,7.3e-05,True
tree_000651.txt,18,17,0,5e-05,True
tree_000653.txt,14,13,0,3.7e-05,True
tree_000655.txt,21,20,0,5.6e-05,True
tree_000657.txt,11,10,0,3.6e-05,True
tree_000659.txt,27,26,0,5.9e-05,True
tree_000661.txt,33,32,0,6.9e-05,True
tree_000663.txt,35,34,0,6.9e-05,True
tree_000665.txt,10,9,0,3.1e-05,True
tree_000667.txt,19,18,0,4.7e-05,True
tree_000669.txt,12,11,0,2.8e-05,True
tree_000671.txt,29,28,0,8.5e-05,True
tree_000673.txt,16,15,0,3.5e-05,True
tree_000675.txt,32,31,0,6.6e-05,True
tree_000677.txt,15,14,0,5.2e-05,True
tree_000679.txt,23,22,0,4.9e-05,True
tree_000681.txt,26,25,0,6.8e-05,True
tree_000683.txt,22,21,0,5.8e-05,True
tree_000685.txt,15,14,0,4.7e-05,True
tree_000687.txt,13,12,0,4.2e-05,True
tree_000689.txt,21,20,0,5.7e-05,True
tree_000691.txt,10,9,0,3.6e-05,True
tree_000693.txt,21,20,0,5.3e-05,True
tree_000695.txt,23,22,0,5.3e-05,True
tree_000697.txt,11,10,0,3.4e-05,True
tree_000699.txt,21,20,0,4.8e-05,True
tree_000701.txt,26,25,0,6.1e-05,True
tree_000703.txt,14,13,0,3.9e-05,True
tree_000705.txt,20,19,0,5.2e-05,True
tree_000707.txt,24,23,0,5.6e-05,True
tree_000709.txt,32,31,0,7.4e-05,True
tree_000711.txt,22,21,0,5.9e-05,True
tree_000713.txt,30,29,0,7e-05,True
tree_000715.txt,27,26,0,6.1e-05,True
tree_000717.txt,20,19,0,5.2e-05,True
tree_000719.txt,31,30,0,6.3e-05,True
tree_000721.txt,21,20,0,5e-05,True
tree_000723.txt,26,25,0,7.2e-05,True
tree_000725.txt,27,26,0,6.4e-05,True
tree_000727.txt,15,14,0,5e-05,True
tree_000729.txt,33,32,0,6.8e-05,True
tree_000731.txt,22,21,0,6e-05,True
tree_000733.txt,31,30,0,6.5e-05,True
tree_000735.txt,12,11,0,3.5e-05,True
tree_000737.txt,35,34,0,8e-05,True
tree_000739.txt,24,23,0,6e-05,True
tree_000741.txt,12,11,0,4.2e-05,True
tree_000743.txt,11,10,0,3.8e-05,True
tree_000745.txt,22,21,0,5.4e-05,True
tree_000747.txt,15,14,0,4.1e-05,True
tree_000749.txt,14,13,0,4.3e-05,True
tree_000751.txt,22,21,0,6e-05,True
tree_000753.txt,13,12,0,3.8e-05,True
tree_000755.txt,23,22,0,6.9e-05,True
tree_000757.txt,28,27,0,7.1e-05,True
tree_000759.txt,31,30,0,6.4e-05,True
tree_000761.txt,13,12,0,4.2e-05,True
tree_000763.txt,12,11,0,4.2e-05,True
tree_000765.txt,17,16,0,5e-05,True
tree_000767.txt,21,20,0,6.1e-05,True
tree_000769.txt,32,31,0,9.4e-05,True
tree_000771.txt,14,13,0,4.5e-05,True
tree_000773.txt,26,25,0,7.5e-05,True
tree_000775.txt,28,27,0,7.3e-05,True
tree_000777.txt,25,24,0,6.2e-05,True
tree_000779.txt,13,12,0,3.8e-05,True
tree_000781.txt,22,21,0,5.2e-05,True
tree_000783.txt,15,14,0,4e-05,True
tree_000785.txt,21,20,0,6.7e-05,True
tree_000787.txt,32,31,0,9e-05,True
tree_000789.txt,31,30,0,7.5e-05,True
tree_000791.txt,17,16,0,5.2e-05,True
tree_000793.txt,10,9,0,3.3e-05,True
tree_000795.txt,22,21,0,5.4e-05,True
tree_000797.txt,10,9,0,3.5e-05,True
tree_000799.txt,23,22,0,5.6e-05,True
tree_000801.txt,25,24,0,6.6e-05,True
tree_000803.txt,15,14,0,4.1e-05,True
tree_000805.txt,29,28,0,6.7e-05,True
tree_000807.txt,27,26,0,6.4e-05,True
tree_000809.txt,30,29,0,7.8e-05,True
tree_000811.txt,22,21,0,5.8e-05,True
tree_000813.txt,28,27,0,6.6e-05,True
tree_000815.txt,26,25,0,7.4e-05,True
tree_000817.txt,20,19,0,6.2e-05,True
tree_000819.txt,23,22,0,6.7e-05,True
tree_000821.txt,24,23,0,6.1e-05,True
tree_000823.txt,27,26,0,7.8e-05,True
tree_000825.txt,13,12,0,8.1e-05,True
tree_000827.txt,27,26,0,8.3e-05,True
tree_000829.txt,24,23,0,6.8e-05,True
tree_000831.txt,30,29,0,7.2e-05,True
tree_000833.txt,17,16,0,5e-05,True
tree_000835.txt,13,12,0,4e-05,True
tree_000837.txt,30,29,0,6.5e-05,True
tree_000839.txt,25,24,0,6.9e-05,True
tree_000841.txt,26,25,0,6.3e-05,True
tree_000843.txt,23,22,0,6.3e-05,True
tree_000845.txt,31,30,0,7.5e-05,True
tree_000847.txt,17,16,0,5.7e-05,True
tree_000849.txt,14,13,0,5e-05,True
tree_000851.txt,28,27,0,6.6e-05,True
tree_000853.txt,23,22,0,5.8e-05,True
tree_000855.txt,34,33,0,7.3e-05,True
tree_000857.txt,13,12,0,3.8e-05,True
tree_000859.txt,35,34,0,7.9e-05,True
tree_000861.txt,19,18,0,5.1e-05,True
tree_000863.txt,13,12,0,3.6e-05,True
tree_000865.txt,31,30,0,7.1e-05,True
tree_000867.txt,30,29,0,6e-05,True
tree_000869.txt,35,34,0,7.8e-05,True
tree_000871.txt,12,11,0,3.6e-05,True
tree_000873.txt,30,29,0,6.5e-05,True
tree_000875.txt,34,33,0,7.4e-05,True
tree_000877.txt,34,33,0,7.7e-05,True
tree_000879.txt,16,15,0,3.8e-05,True
tree_000881.txt,19,18,0,4.9e-05,True
tree_000883.txt,21,20,0,6.1e-05,True
tree_000885.txt,16,15,0,4.9e-05,True
tree_000887.txt,15,14,0,3.6e-05,True
tree_000889.txt,30,29,0,7.4e-05,True
tree_000891.txt,31,30,0,6.5e-05,True
tree_000893.txt,22,21,0,5.6e-05,True
tree_000895.txt,22,21,0,5.5e-05,True
tree_000897.txt,11,10,0,3.4e-05,True
tree_000899.txt,17,16,0,4.5e-05,True
tree_000901.txt,14,13,0,7.5e-05,True
tree_000903.txt,12,11,0,3.5e-05,True
tree_000905.txt,19,18,0,4.7e-05,True
tree_000907.txt,21,20,0,4.9e-05,True
tree_000909.txt,28,27,0,6.2e-05,True
tree_000911.txt,19,18,0,4.6e-05,True
tree_000913.txt,30,29,0,6.6e-05,True
tree_000915.txt,20,19,0,4.3e-05,True
tree_000917.txt,16,15,0,5.8e-05,True
tree_000919.txt,34,33,0,6e-05,True
tree_000921.txt,25,24,0,4.4e-05,True
tree_000923.txt,16,15,0,3.3e-05,True
tree_000925.txt,23,22,0,4.5e-05,True
tree_000927.txt,29,28,0,5.6e-05,True
tree_000929.txt,11,10,0,2.6e-05,True
tree_000931.txt,12,11,0,3.9e-05,True
tree_000933.txt,13,12,0,4.2e-05,True
tree_000935.txt,21,20,0,5.9e-05,True
tree_000937.txt,19,18,0,5.6e-05,True
tree_000939.txt,18,17,0,5.7e-05,True
tree_000941.txt,30,29,0,7e-05,True
tree_000943.txt,23,22,0,5.9e-05,True
tree_000945.txt,34,33,0,7.4e-05,True
tree_000947.txt,17,16,0,5e-05,True
tree_000949.txt,23,22,0,6e-05,True
tree_000951.txt,29,28,0,6.9e-05,True
tree_000953.txt,26,25,0,7.9e-05,True
tree_000955.txt,15,14,0,6.4e-05,True
tree_000957.txt,22,21,0,5.7e-05,True
tree_000959.txt,12,11,0,4.2e-05,True
tree_000961.txt,27,26,0,6.4e-05,True
tree_000963.txt,27,26,0,7.1e-05,True
tree_000965.txt,20,19,0,5.3e-05,True
tree_000967.txt,18,17,0,4.8e-05,True
tree_000969.txt,32,31,0,7.1e-05,True
tree_000971.txt,18,17,0,4.9e-05,True
tree_000973.txt,17,16,0,4.6e-05,True
tree_000975.txt,28,27,0,6.9e-05,True
tree_000977.txt,30,29,0,6.4e-05,True
tree_000979.txt,28,27,0,6.3e-05,True
tree_000981.txt,16,15,0,4.4e-05,True
tree_000983.txt,33,32,0,7.4e-05,True
tree_000985.txt,30,29,0,6.8e-05,True
tree_000987.txt,11,10,0,3.7e-05,True
tree_000989.txt,24,23,0,6.4e-05,True
tree_000991.txt,19,18,0,5.9e-05,True
tree_000993.txt,17,16,0,4.6e-05,True
tree_000995.txt,27,26,0,7e-05,True
tree_000997.txt,15,14,0,5.1e-05,True
tree_000999.txt,25,24,0,5.7e-05,True
tree_001001.txt,29,28,0,6.8e-05,True
tree_001003.txt,30,29,0,6.2e-05,True
tree_001005.txt,27,26,0,6.4e-05,True
tree_001007.txt,22,21,0,5.4e-05,True
tree_001009.txt,29,28,0,5.8e-05,True
tree_001011.txt,25,24,0,7.6e-05,True
tree_001013.txt,17,16,0,4.5e-05,True
tree_001015.txt,29,28,0,7.9e-05,True
tree_001017.txt,35,34,0,8.2e-05,True
tree_001019.txt,27,26,0,7e-05,True
tree_001021.txt,33,32,0,8e-05,True
tree_001023.txt,16,15,0,4.7e-05,True
tree_001025.txt,23,22,0,5.6e-05,True
tree_001027.txt,18,17,0,5.5e-05,True
tree_001029.txt,29,28,0,8.2e-05,True
tree_001031.txt,20,19,0,7.2e-05,True
tree_001033.txt,21,20,0,5.9e-05,True
tree_001035.txt,24,23,0,5.8e-05,True
tree_001037.txt,12,11,0,4.4e-05,True
tree_001039.txt,33,32,0,7.6e-05,True
tree_001041.txt,23,22,0,5.6e-05,True
tree_001043.txt,16,15,0,4.4e-05,True
tree_001045.txt,17,16,0,4.5e-05,True
tree_001047.txt,30,29,0,9.5e-05,True
tree_001049.txt,13,12,0,3.8e-05,True
tree_001051.txt,27,26,0,6.7e-05,True
tree_001053.txt,14,13,0,4.1e-05,True
tree_001055.txt,12,11,0,3.7e-05,True
tree_001057.txt,11,10,0,5e-05,True
tree_001059.txt,28,27,0,7.2e-05,True
tree_001061.txt,12,11,0,4.1e-05,True
tree_001063.txt,25,24,0,6.5e-05,True
tree_001065.txt,33,32,0,7.2e-05,True
tree_001067.txt,23,22,0,5.8e-05,True
tree_001069.txt,32,31,0,7.6e-05,True
tree_001071.txt,32,31,0,6.5e-05,True
tree_001073.txt,24,23,0,6.3e-05,True
tree_001075.txt,26,25,0,5.2e-05,True
tree_001077.txt,31,30,0,5.2e-05,True
tree_001079.txt,24,23,0,4.7e-05,True
tree_001081.txt,34,33,0,7.1e-05,True
tree_001083.txt,27,26,0,5.3e-05,True
tree_001085.txt,31,30,0,5.3e-05,True
tree_001087.txt,14,13,0,3.5e-05,True
tree_001089.txt,20,19,0,5.4e-05,True
tree_001091.txt,19,18,0,5.4e-05,True
tree_001093.txt,33,32,0,7e-05,True
tree_001095.txt,20,19,0,4.5e-05,True
tree_001097.txt,22,21,0,5e-05,True
tree_001099.txt,24,23,0,4.7e-05,True
tree_001101.txt,22,21,0,4.6e-05,True
tree_001103.txt,30,29,0,5.9e-05,True
tree_001105.txt,32,31,0,5.8e-05,True
tree_001107.txt,20,19,0,5.1e-05,True
tree_001109.txt,23,22,0,5.3e-05,True
tree_001111.txt,25,24,0,4.8e-05,True
tree_001113.txt,25,24,0,5.3e-05,True
tree_001115.txt,34,33,0,0.000112,True
tree_001117.txt,33,32,0,6.1e-05,True
tree_001119.txt,19,18,0,4.3e-05,True
tree_001121.txt,31,30,0,7e-05,True
tree_001123.txt,21,20,0,5.1e-05,True
tree_001125.txt,30,29,0,6.3e-05,True
tree_001127.txt,27,26,0,6.1e-05,True
tree_001129.txt,21,20,0,4.9e-05,True
tree_001131.txt,33,32,0,6e-05,True
tree_001133.txt,23,22,0,5e-05,True
tree_001135.txt,19,18,0,6.6e-05,True
tree_001137.txt,23,22,0,6.6e-05,True
tree_001139.txt,29,28,0,8e-05,True
tree_001141.txt,17,16,0,6e-05,True
tree_001143.txt,10,9,0,4.2e-05,True
tree_001145.txt,23,22,0,8.5e-05,True
tree_001147.txt,29,28,0,7.9e-05,True
tree_001149.txt,20,19,0,6.1e-05,True
tree_001151.txt,29,28,0,8.3e-05,True
tree_001153.txt,26,25,0,7.2e-05,True
tree_001155.txt,32,31,0,9.9e-05,True
tree_001157.txt,28,27,0,7.6e-05,True
tree_001159.txt,28,27,0,6.9e-05,True
tree_001161.txt,13,12,0,0.000184,True
tree_001163.txt,17,16,0,5.7e-05,True
tree_001165.txt,15,14,0,4.5e-05,True
tree_001167.txt,34,33,0,8.8e-05,True
tree_001169.txt,28,27,0,6.6e-05,True
tree_001171.txt,18,17,0,4.3e-05,True
tree_001173.txt,27,26,0,5.4e-05,True
tree_001175.txt,22,21,0,5.5e-05,True
tree_001177.txt,24,23,0,5.9e-05,True
tree_001179.txt,14,13,0,3.8e-05,True
tree_001181.txt,19,18,0,5.3e-05,True
tree_001183.txt,10,9,0,3.5e-05,True
tree_001185.txt,26,25,0,5.7e-05,True
tree_001187.txt,11,10,0,5.3e-05,True
tree_001189.txt,22,21,0,4.1e-05,True
tree_001191.txt,34,33,0,6.3e-05,True
tree_001193.txt,28,27,0,5.2e-05,True
tree_001195.txt,30,29,0,5.4e-05,True
tree_001197.txt,25,24,0,4.6e-05,True
tree_001199.txt,35,34,0,6.5e-05,True
tree_001201.txt,34,33,0,5.7e-05,True
tree_001203.txt,14,13,0,4.5e-05,True
tree_001205.txt,19,18,0,4.4e-05,True
tree_001207.txt,23,22,0,5.1e-05,True
tree_001209.txt,17,16,0,5.3e-05,True
tree_001211.txt,31,30,0,5.9e-05,True
tree_001213.txt,35,34,0,6.6e-05,True
tree_001215.txt,32,31,0,5.9e-05,True
tree_001217.txt,12,11,0,3.7e-05,True
tree_001219.txt,35,34,0,7.5e-05,True
tree_001221.txt,31,30,0,6.3e-05,True
tree_001223.txt,27,26,0,5.4e-05,True
tree_001225.txt,31,30,0,5.1e-05,True
tree_001227.txt,16,15,0,3.7e-05,True
tree_001229.txt,14,13,0,3.5e-05,True
tree_001231.txt,25,24,0,6.3e-05,True
tree_001233.txt,15,14,0,4.6e-05,True
tree_001235.txt,34,33,0,8e-05,True
tree_001237.txt,18,17,0,5.3e-05,True
tree_001239.txt,32,31,0,7.9e-05,True
tree_001241.txt,29,28,0,7.5e-05,True
tree_001243.txt,14,13,0,6.7e-05,True
tree_001245.txt,22,21,0,6.5e-05,True
tree_001247.txt,28,27,0,6.9e-05,True
tree_001249.txt,22,21,0,5.7e-05,True
tree_001251.txt,32,31,0,7.6e-05,True
tree_001253.txt,17,16,0,4.6e-05,True
tree_001255.txt,28,27,0,8.2e-05,True
tree_001257.txt,25,24,0,5.3e-05,True
tree_001259.txt,23,22,0,5.5e-05,True
tree_001261.txt,22,21,0,5.2e-05,True
tree_001263.txt,21,20,0,5.1e-05,True
tree_001265.txt,30,29,0,7.2e-05,True
tree_001267.txt,26,25,0,6.1e-05,True
tree_001269.txt,25,24,0,6.2e-05,True
tree_001271.txt,25,24,0,7e-05,True
tree_001273.txt,26,25,0,6.6e-05,True
tree_001275.txt,31,30,0,7.6e-05,True
tree_001277.txt,31,30,0,6.7e-05,True
tree_001279.txt,29,28,0,6.5e-05,True
tree_001281.txt,31,30,0,7.2e-05,True
tree_001283.txt,33,32,0,8.6e-05,True
tree_001285.txt,31,30,0,7.7e-05,True
tree_001287.txt,23,22,0,6e-05,True
tree_001289.txt,20,19,0,5.3e-05,True
tree_001291.txt,10,9,0,3.4e-05,True
tree_001293.txt,12,11,0,4e-05,True
tree_001295.txt,13,12,0,6.2e-05,True
tree_001297.txt,14,13,0,4.9e-05,True
tree_001299.txt,13,12,0,4.5e-05,True
tree_001301.txt,14,13,0,4.6e-05,True
tree_001303.txt,22,21,0,5.9e-05,True
tree_001305.txt,30,29,0,7.9e-05,True
tree_001307.txt,26,25,0,6.2e-05,True
tree_001309.txt,24,23,0,5.4e-05,True
tree_001311.txt,21,20,0,4.9e-05,True
tree_001313.txt,22,21,0,6.4e-05,True
tree_001315.txt,23,22,0,4.7e-05,True
tree_001317.txt,12,11,0,3.2e-05,True
tree_001319.txt,33,32,0,6.7e-05,True
tree_001321.txt,22,21,0,5.4e-05,True
tree_001323.txt,26,25,0,5.8e-05,True
tree_001325.txt,11,10,0,3.3e-05,True
tree_001327.txt,21,20,0,5e-05,True
tree_001329.txt,35,34,0,7.8e-05,True
tree_001331.txt,14,13,0,5e-05,True
tree_001333.txt,13,12,0,3.4e-05,True
tree_001335.txt,22,21,0,4.8e-05,True
tree_001337.txt,17,16,0,4.3e-05,True
tree_001339.txt,27,26,0,5.8e-05,True
tree_001341.txt,23,22,0,5.4e-05,True
tree_001343.txt,24,23,0,5.4e-05,True
tree_001345.txt,18,17,0,4.2e-05,True
tree_001347.txt,31,30,0,7.7e-05,True
tree_001349.txt,18,17,0,4.1e-05,True
tree_001351.txt,25,24,0,5.6e-05,True
tree_001353.txt,24,23,0,6.8e-05,True
tree_001355.txt,26,25,0,6e-05,True
tree_001357.txt,15,14,0,4.5e-05,True
tree_001359.txt,28,27,0,6.2e-05,True
tree_001361.txt,11,10,0,3.2e-05,True
tree_001363.txt,24,23,0,6.1e-05,True
tree_001365.txt,32,31,0,7.7e-05,True
tree_001367.txt,24,23,0,6.4e-05,True
tree_001369.txt,33,32,0,7.3e-05,True
tree_001371.txt,25,24,0,5.9e-05,True
tree_001373.txt,28,27,0,6.7e-05,True
tree_001375.txt,27,26,0,6.1e-05,True
tree_001377.txt,34,33,0,7.2e-05,True
tree_001379.txt,17,16,0,4.9e-05,True
tree_001381.txt,14,13,0,3.8e-05,True
tree_001383.txt,12,11,0,3.5e-05,True
tree_001385.txt,27,26,0,5.7e-05,True
tree_001387.txt,19,18,0,5e-05,True
tree_001389.txt,26,25,0,5.9e-05,True
tree_001391.txt,23,22,0,5.9e-05,True
tree_001393.txt,32,31,0,7.1e-05,True
tree_001395.txt,33,32,0,8e-05,True
tree_001397.txt,24,23,0,6.1e-05,True
tree_001399.txt,18,17,0,4.4e-05,True
tree_001401.txt,13,12,0,5.2e-05,True
tree_001403.txt,20,19,0,6.1e-05,True
tree_001405.txt,10,9,0,3.6e-05,True
tree_001407.txt,27,26,0,7.3e-05,True
tree_001409.txt,12,11,0,3.9e-05,True
tree_001411.txt,35,34,0,8.3e-05,True
tree_001413.txt,33,32,0,8.3e-05,True
tree_001415.txt,27,26,0,7.4e-05,True
tree_001417.txt,19,18,0,5.6e-05,True
tree_001419.txt,24,23,0,6.7e-05,True
tree_001421.txt,33,32,0,8.3e-05,True
tree_001423.txt,25,24,0,7.2e-05,True
tree_001425.txt,23,22,0,6e-05,True
tree_001427.txt,23,22,0,6.3e-05,True
tree_001429.txt,20,19,0,6.1e-05,True
tree_001431.txt,12,11,0,4.2e-05,True
tree_001433.txt,16,15,0,4.1e-05,True
tree_001435.txt,31,30,0,0.000151,True
tree_001437.txt,26,25,0,7.3e-05,True
tree_001439.txt,35,34,0,8.9e-05,True
tree_001441.txt,11,10,0,4.8e-05,True
tree_001443.txt,29,28,0,6.1e-05,True
tree_001445.txt,24,23,0,5.1e-05,True
tree_001447.txt,20,19,0,4e-05,True
tree_001449.txt,28,27,0,6.4e-05,True
tree_001451.txt,24,23,0,4.3e-05,True
tree_001453.txt,31,30,0,6.3e-05,True
tree_001455.txt,22,21,0,4.7e-05,True
tree_001457.txt,18,17,0,4.1e-05,True
tree_001459.txt,13,12,0,3.6e-05,True
tree_001461.txt,15,14,0,4.1e-05,True
tree_001463.txt,31,30,0,5.9e-05,True
tree_001465.txt,33,32,0,7.9e-05,True
tree_001467.txt,14,13,0,5.5e-05,True
tree_001469.txt,28,27,0,4.9e-05,True
tree_001471.txt,26,25,0,4.6e-05,True
tree_001473.txt,12,11,0,5.8e-05,True
tree_001475.txt,14,13,0,3.7e-05,True
tree_001477.txt,26,25,0,5.5e-05,True
tree_001479.txt,21,20,0,4.3e-05,True
tree_001481.txt,29,28,0,6e-05,True
tree_001483.txt,21,20,0,4.4e-05,True
tree_001485.txt,22,21,0,4.1e-05,True
tree_001487.txt,25,24,0,4.6e-05,True
tree_001489.txt,15,14,0,3.4e-05,True
tree_001491.txt,29,28,0,4.8e-05,True
tree_001493.txt,20,19,0,4.5e-05,True
tree_001495.txt,31,30,0,5.8e-05,True
tree_001497.txt,16,15,0,5.9e-05,True
tree_001499.txt,27,26,0,5.2e-05,True
tree_001501.txt,35,34,0,5.8e-05,True
tree_001503.txt,10,9,0,3.2e-05,True
tree_001505.txt,33,32,0,6.9e-05,True
tree_001507.txt,29,28,0,6.4e-05,True
tree_001509.txt,23,22,0,5.7e-05,True
tree_001511.txt,30,29,0,5.1e-05,True
tree_001513.txt,32,31,0,6.7e-05,True
tree_001515.txt,21,20,0,4.3e-05,True
tree_001517.txt,27,26,0,5.1e-05,True
tree_001519.txt,21,20,0,4.3e-05,True
tree_001521.txt,21,20,0,4.2e-05,True
tree_001523.txt,14,13,0,3.6e-05,True
tree_001525.txt,27,26,0,5.2e-05,True
tree_001527.txt,15,14,0,3.7e-05,True
tree_001529.txt,23,22,0,4.6e-05,True
tree_001531.txt,10,9,0,2.6e-05,True
tree_001533.txt,17,16,0,3.8e-05,True
tree_001535.txt,19,18,0,4e-05,True
tree_001537.txt,33,32,0,6e-05,True
tree_001539.txt,20,19,0,4.3e-05,True
tree_001541.txt,11,10,0,3e-05,True
tree_001543.txt,22,21,0,4.6e-05,True
tree_001545.txt,35,34,0,6.6e-05,True
tree_001547.txt,12,11,0,3.2e-05,True
tree_001549.txt,13,12,0,4e-05,True
tree_001551.txt,12,11,0,3.8e-05,True
tree_001553.txt,23,22,0,5.3e-05,True
tree_001555.txt,18,17,0,0.000125,True
tree_001557.txt,18,17,0,4.2e-05,True
tree_001559.txt,25,24,0,5.2e-05,True
tree_001561.txt,27,26,0,5.6e-05,True
tree_001563.txt,27,26,0,5.4e-05,True
tree_001565.txt,26,25,0,4.7e-05,True
tree_001567.txt,17,16,0,3.6e-05,True
tree_001569.txt,18,17,0,3.9e-05,True
tree_001571.txt,28,27,0,5e-05,True
tree_001573.txt,19,18,0,4.2e-05,True
tree_001575.txt,32,31,0,6.4e-05,True
tree_001577.txt,14,13,0,4.5e-05,True
tree_001579.txt,12,11,0,3.9e-05,True
tree_001581.txt,19,18,0,4.9e-05,True
tree_001583.txt,20,19,0,6.2e-05,True
tree_001585.txt,15,14,0,4.3e-05,True
tree_001587.txt,26,25,0,5e-05,True
tree_001589.txt,25,24,0,5.4e-05,True
tree_001591.txt,32,31,0,5.7e-05,True
tree_001593.txt,22,21,0,5.8e-05,True
tree_001595.txt,16,15,0,3.7e-05,True
tree_001597.txt,24,23,0,5.9e-05,True
tree_001599.txt,24,23,0,4.6e-05,True
tree_001601.txt,16,15,0,3.9e-05,True
tree_001603.txt,32,31,0,5.4e-05,True
tree_001605.txt,11,10,0,2.9e-05,True
tree_001607.txt,25,24,0,6.9e-05,True
tree_001609.txt,24,23,0,6.7e-05,True
tree_001611.txt,32,31,0,9.5e-05,True
tree_001613.txt,29,28,0,6.6e-05,True
tree_001615.txt,21,20,0,6.6e-05,True
tree_001617.txt,29,28,0,6.2e-05,True
tree_001619.txt,22,21,0,5.3e-05,True
tree_001621.txt,22,21,0,4.9e-05,True
tree_001623.txt,13,12,0,3.1e-05,True
tree_001625.txt,12,11,0,3.6e-05,True
tree_001627.txt,34,33,0,6.2e-05,True
tree_001629.txt,35,34,0,5.8e-05,True
tree_001631.txt,22,21,0,4.1e-05,True
tree_001633.txt,34,33,0,5e-05,True
tree_001635.txt,18,17,0,3.4e-05,True
tree_001637.txt,28,27,0,4.5e-05,True
tree_001639.txt,30,29,0,7.1e-05,True
tree_001641.txt,20,19,0,5.5e-05,True
tree_001643.txt,28,27,0,7.4e-05,True
tree_001645.txt,28,27,0,6.4e-05,True
tree_001647.txt,32,31,0,7.8e-05,True
tree_001649.txt,27,26,0,6.6e-05,True
tree_001651.txt,11,10,0,4.1e-05,True
tree_001653.txt,10,9,0,3.7e-05,True
tree_001655.txt,26,25,0,6.1e-05,True
tree_001657.txt,33,32,0,8.6e-05,True
tree_001659.txt,20,19,0,5.2e-05,True
tree_001661.txt,13,12,0,5.8e-05,True
tree_001663.txt,21,20,0,5.5e-05,True
tree_001665.txt,29,28,0,5.9e-05,True
tree_001667.txt,33,32,0,6.2e-05,True
tree_001669.txt,23,22,0,8e-05,True
tree_001671.txt,29,28,0,5.3e-05,True
tree_001673.txt,29,28,0,5.2e-05,True
tree_001675.txt,33,32,0,5.5e-05,True
tree_001677.txt,22,21,0,5.4e-05,True
tree_001679.txt,17,16,0,4.1e-05,True
tree_001681.txt,35,34,0,6.1e-05,True
tree_001683.txt,35,34,0,9.5e-05,True
tree_001685.txt,24,23,0,5.8e-05,True
tree_001687.txt,28,27,0,5.3e-05,True
tree_001689.txt,28,27,0,4.9e-05,True
tree_001691.txt,28,27,0,5.9e-05,True
tree_001693.txt,10,9,0,2.9e-05,True
tree_001695.txt,33,32,0,6.2e-05,True
tree_001697.txt,12,11,0,3.4e-05,True
tree_001699.txt,27,26,0,6.4e-05,True
tree_001701.txt,15,14,0,3.8e-05,True
tree_001703.txt,11,10,0,3.7e-05,True
tree_001705.txt,30,29,0,5.8e-05,True
tree_001707.txt,26,25,0,4.8e-05,True
tree_001709.txt,21,20,0,4.5e-05,True
tree_001711.txt,10,9,0,3.4e-05,True
tree_001713.txt,16,15,0,4e-05,True
tree_001715.txt,25,24,0,5.8e-05,True
tree_001717.txt,21,20,0,4.3e-05,True
tree_001719.txt,15,14,0,3.3e-05,True
tree_001721.txt,12,11,0,2.9e-05,True
tree_001723.txt,14,13,0,3.1e-05,True
tree_001725.txt,21,20,0,3.8e-05,True
tree_001727.txt,33,32,0,6.4e-05,True
tree_001729.txt,12,11,0,3.8e-05,True
tree_001731.txt,31,30,0,5.8e-05,True
tree_001733.txt,21,20,0,4.7e-05,True
tree_001735.txt,24,23,0,4.7e-05,True
tree_001737.txt,14,13,0,3.4e-05,True
tree_001739.txt,21,20,0,4.4e-05,True
tree_001741.txt,13,12,0,3.5e-05,True
tree_001743.txt,24,23,0,4.9e-05,True
tree_001745.txt,29,28,0,5e-05,True
tree_001747.txt,16,15,0,3.7e-05,True
tree_001749.txt,18,17,0,4e-05,True
tree_001751.txt,32,31,0,6.8e-05,True
tree_001753.txt,19,18,0,3.9e-05,True
tree_001755.txt,11,10,0,3.6e-05,True
tree_001757.txt,19,18,0,3.7e-05,True
tree_001759.txt,22,21,0,4.3e-05,True
tree_001761.txt,25,24,0,5.4e-05,True
tree_001763.txt,12,11,0,3.9e-05,True
tree_001765.txt,22,21,0,5.1e-05,True
tree_001767.txt,21,20,0,5.5e-05,True
tree_001769.txt,10,9,0,3.2e-05,True
tree_001771.txt,33,32,0,8.5e-05,True
tree_001773.txt,29,28,0,5.2e-05,True
tree_001775.txt,16,15,0,3.7e-05,True
tree_001777.txt,18,17,0,3.8e-05,True
tree_001779.txt,24,23,0,4.7e-05,True
tree_001781.txt,32,31,0,5.9e-05,True
tree_001783.txt,24,23,0,5.1e-05,True
tree_001785.txt,33,32,0,8.1e-05,True
tree_001787.txt,30,29,0,6.3e-05,True
tree_001789.txt,34,33,0,7.2e-05,True
tree_001791.txt,25,24,0,5.2e-05,True
tree_001793.txt,20,19,0,7.1e-05,True
tree_001795.txt,34,33,0,5.7e-05,True
tree_001797.txt,32,31,0,5.7e-05,True
tree_001799.txt,22,21,0,4.9e-05,True
tree_001801.txt,13,12,0,3.3e-05,True
tree_001803.txt,34,33,0,6.5e-05,True
tree_001805.txt,30,29,0,5.8e-05,True
tree_001807.txt,21,20,0,4.5e-05,True
tree_001809.txt,19,18,0,4.5e-05,True
tree_001811.txt,12,11,0,3.8e-05,True
tree_001813.txt,25,24,0,5.8e-05,True
tree_001815.txt,24,23,0,5.2e-05,True
tree_001817.txt,30,29,0,5.5e-05,True
tree_001819.txt,33,32,0,6e-05,True
tree_001821.txt,23,22,0,4.7e-05,True
tree_001823.txt,13,12,0,3.4e-05,True
tree_001825.txt,20,19,0,4.1e-05,True
tree_001827.txt,16,15,0,3.7e-05,True
tree_001829.txt,23,22,0,4.7e-05,True
tree_001831.txt,20,19,0,4e-05,True
tree_001833.txt,35,34,0,5.8e-05,True
tree_001835.txt,14,13,0,3.7e-05,True
tree_001837.txt,28,27,0,6.2e-05,True
tree_001839.txt,29,28,0,7.5e-05,True
tree_001841.txt,19,18,0,3.6e-05,True
tree_001843.txt,11,10,0,2.5e-05,True
tree_001845.txt,23,22,0,4e-05,True
tree_001847.txt,16,15,0,3.1e-05,True
tree_001849.txt,22,21,0,4.4e-05,True
tree_001851.txt,27,26,0,5e-05,True
tree_001853.txt,26,25,0,5.5e-05,True
tree_001855.txt,15,14,0,3.4e-05,True
tree_001857.txt,24,23,0,6.1e-05,True
tree_001859.txt,17,16,0,3.9e-05,True
tree_001861.txt,31,30,0,5e-05,True
tree_001863.txt,23,22,0,4.2e-05,True
tree_001865.txt,26,25,0,4.6e-05,True
tree_001867.txt,14,13,0,2.9e-05,True
tree_001869.txt,16,15,0,3.9e-05,True
tree_001871.txt,12,11,0,4.4e-05,True
tree_001873.txt,28,27,0,5.6e-05,True
tree_001875.txt,33,32,0,6.1e-05,True
tree_001877.txt,19,18,0,4e-05,True
tree_001879.txt,24,23,0,5.1e-05,True
tree_001881.txt,13,12,0,3e-05,True
tree_001883.txt,26,25,0,4.5e-05,True
tree_001885.txt,26,25,0,4.9e-05,True
tree_001887.txt,31,30,0,5.9e-05,True
tree_001889.txt,20,19,0,5e-05,True
tree_001891.txt,28,27,0,6e-05,True
tree_001893.txt,29,28,0,6.1e-05,True
tree_001895.txt,15,14,0,3.8e-05,True
tree_001897.txt,13,12,0,3.5e-05,True
tree_001899.txt,14,13,0,3.9e-05,True
tree_001901.txt,16,15,0,4.3e-05,True
tree_001903.txt,18,17,0,3.8e-05,True
tree_001905.txt,12,11,0,3.3e-05,True
tree_001907.txt,28,27,0,6.1e-05,True
tree_001909.txt,29,28,0,5.7e-05,True
tree_001911.txt,28,27,0,4.7e-05,True
tree_001913.txt,13,12,0,2.9e-05,True
tree_001915.txt,15,14,0,3.1e-05,True
tree_001917.txt,23,22,0,4.1e-05,True
tree_001919.txt,22,21,0,3.9e-05,True
tree_001921.txt,19,18,0,3.7e-05,True
tree_001923.txt,10,9,0,3.2e-05,True
tree_001925.txt,18,17,0,3.8e-05,True
tree_001927.txt,21,20,0,4.7e-05,True
tree_001929.txt,27,26,0,5e-05,True
tree_001931.txt,33,32,0,5e-05,True
tree_001933.txt,14,13,0,3.2e-05,True
tree_001935.txt,31,30,0,5.6e-05,True
tree_001937.txt,23,22,0,4.3e-05,True
tree_001939.txt,16,15,0,3e-05,True
tree_001941.txt,29,28,0,4.7e-05,True
tree_001943.txt,23,22,0,4e-05,True
tree_001945.txt,21,20,0,3.8e-05,True
tree_001947.txt,32,31,0,8.9e-05,True
tree_001949.txt,26,25,0,5.8e-05,True
tree_001951.txt,11,10,0,2.9e-05,True
tree_001953.txt,33,32,0,6.5e-05,True
tree_001955.txt,21,20,0,4.3e-05,True
tree_001957.txt,31,30,0,5.1e-05,True
tree_001959.txt,16,15,0,3.6e-05,True
tree_001961.txt,24,23,0,5.3e-05,True
tree_001963.txt,15,14,0,5.4e-05,True
tree_001965.txt,10,9,0,4.7e-05,True
tree_001967.txt,23,22,0,6.4e-05,True
tree_001969.txt,11,10,0,4.1e-05,True
tree_001971.txt,34,33,0,8.1e-05,True
tree_001973.txt,16,15,0,5.4e-05,True
tree_001975.txt,35,34,0,8.2e-05,True
tree_001977.txt,35,34,0,8.2e-05,True
tree_001979.txt,25,24,0,5.7e-05,True
tree_001981.txt,17,16,0,4.6e-05,True
tree_001983.txt,25,24,0,7.1e-05,True
tree_001985.txt,25,24,0,6.8e-05,True
tree_001987.txt,27,26,0,6.2e-05,True
tree_001989.txt,16,15,0,4.4e-05,True
tree_001991.txt,25,24,0,6.3e-05,True
tree_001993.txt,20,19,0,4.7e-05,True
tree_001995.txt,12,11,0,4e-05,True
tree_001997.txt,22,21,0,5.7e-05,True
tree_001999.txt,25,24,0,5.9e-05,True
er_000000.txt,23,85,11,0.024689,True
er_000001.txt,19,70,9,0.011424,True
er_000002.txt,18,46,7,0.004929,True
er_000003.txt,30,178,18,0.083201,True
er_000004.txt,23,90,12,0.029847,True
er_000005.txt,20,55,8,0.007531,True
er_000006.txt,29,141,16,0.074675,True
er_000007.txt,13,38,6,0.003877,True
er_000008.txt,20,73,9,0.012009,True
er_000009.txt,29,108,14,0.043585,True
er_000010.txt,11,15,2,0.000706,True
er_000011.txt,13,14,2,0.000504,True
er_000012.txt,26,110,14,0.040823,True
er_000013.txt,18,46,6,0.004764,True
er_000014.txt,19,66,9,0.011745,True
er_000015.txt,26,45,6,0.004144,True
er_000016.txt,28,109,14,0.045407,True
er_000017.txt,18,22,4,0.001321,True
er_000018.txt,24,21,2,0.000385,True
er_000019.txt,17,31,4,0.002421,True
er_000020.txt,20,42,6,0.00604,True
er_000021.txt,17,41,6,0.004696,True
er_000022.txt,24,84,11,0.02295,True
er_000023.txt,14,8,0,3.3e-05,True
er_000024.txt,30,80,10,0.025112,True
er_000025.txt,10,17,3,0.000842,True
er_000026.txt,26,101,11,0.046686,True
er_000027.txt,19,28,3,0.002214,True
er_000028.txt,16,29,4,0.002349,True
er_000029.txt,11,5,0,3.2e-05,True
er_000030.txt,23,59,9,0.017588,True
er_000031.txt,25,77,9,0.025277,True
er_000032.txt,28,107,15,0.04695,True
er_000033.txt,15,13,1,0.000405,True
er_000034.txt,22,68,9,0.021419,True
er_000035.txt,12,36,5,0.003491,True
er_000036.txt,14,16,2,0.000707,True
er_000037.txt,12,21,3,0.001549,True
er_000038.txt,23,53,7,0.016467,True
er_000039.txt,21,61,8,0.009484,True
er_000040.txt,29,69,9,0.028374,True
er_000041.txt,24,57,6,0.006676,True
er_000042.txt,16,33,5,0.002857,True
er_000043.txt,22,79,10,0.02143,True
er_000044.txt,13,24,3,0.001643,True
er_000045.txt,16,37,5,0.003311,True
er_000046.txt,17,36,6,0.003674,True
er_000047.txt,27,124,15,0.056727,True
er_000048.txt,16,29,4,0.00249,True
er_000049.txt,17,24,3,0.001305,True
er_000050.txt,23,48,6,0.004507,True
er_000051.txt,17,14,1,0.000234,True
er_000052.txt,17,45,6,0.005009,True
er_000053.txt,19,61,9,0.009105,True
er_000054.txt,12,23,4,0.001549,True
er_000055.txt,15,24,3,0.001288,True
er_000056.txt,20,58,8,0.007822,True
er_000057.txt,22,83,11,0.024186,True
er_000058.txt,17,43,7,0.005503,True
er_000059.txt,22,64,8,0.016163,True
er_000060.txt,15,29,5,0.002554,True
er_000061.txt,23,66,9,0.010535,True
er_000062.txt,16,28,4,0.001925,True
er_000063.txt,30,137,15,0.072931,True
er_000064.txt,16,45,6,0.005782,True
er_000065.txt,24,48,6,0.00636,True
er_000066.txt,20,43,6,0.004457,True
er_000067.txt,13,31,5,0.002717,True
er_000068.txt,21,85,11,0.014192,True
er_000069.txt,18,57,7,0.007593,True
er_000070.txt,17,20,2,0.000515,True
er_000071.txt,10,17,3,0.001112,True
er_000072.txt,20,33,5,0.003245,True
er_000073.txt,17,60,8,0.010378,True
er_000074.txt,28,48,6,0.004891,True
er_000075.txt,10,14,2,0.000507,True
er_000076.txt,10,11,1,0.000299,True
er_000077.txt,25,84,10,0.025944,True
er_000078.txt,28,112,15,0.043849,True
er_000079.txt,27,39,5,0.002636,True
er_000080.txt,13,18,2,0.000769,True
er_000081.txt,12,9,1,0.001081,True
er_000082.txt,13,25,4,0.002134,True
er_000083.txt,10,3,0,3.1e-05,True
er_000084.txt,30,61,8,0.013431,True
er_000085.txt,17,35,5,0.003621,True
er_000086.txt,23,75,12,0.023684,True
er_000087.txt,16,33,5,0.002806,True
er_000088.txt,21,83,11,0.014964,True
er_000089.txt,27,89,11,0.02973,True
er_000090.txt,28,117,14,0.050005,True
er_000091.txt,11,19,3,0.001047,True
er_000092.txt,25,37,4,0.00242,True
er_000093.txt,21,24,2,0.00073,True
er_000094.txt,30,155,18,0.073162,True
er_000095.txt,27,69,9,0.017409,True
er_000096.txt,28,138,15,0.054239,True
er_000097.txt,10,13,2,0.000459,True
er_000098.txt,17,18,2,0.000557,True
er_000099.txt,19,57,8,0.007458,True
er_000100.txt,27,87,11,0.026926,True
er_000101.txt,11,19,3,0.001159,True
er_000102.txt,29,73,10,0.022546,True
er_000103.txt,21,27,3,0.001151,True
er_000104.txt,19,38,5,0.0036,True
er_000105.txt,18,42,6,0.004264,True
er_000106.txt,28,76,10,0.023871,True
er_000107.txt,24,39,5,0.003146,True
er_000108.txt,15,31,4,0.004243,True
er_000109.txt,21,20,1,0.000403,True
er_000110.txt,20,64,8,0.009692,True
er_000111.txt,22,107,13,0.039765,True
er_000112.txt,26,124,15,0.053134,True
er_000113.txt,16,13,1,0.000377,True
er_000114.txt,30,85,12,0.029402,True
er_000115.txt,10,9,1,0.000374,True
er_000116.txt,11,7,0,3.7e-05,True
er_000117.txt,25,116,13,0.050574,True
er_000118.txt,21,86,10,0.017786,True
er_000119.txt,22,75,9,0.011794,True
er_000120.txt,16,28,5,0.002436,True
er_000121.txt,21,82,11,0.014591,True
er_000122.txt,14,33,4,0.002878,True
er_000123.txt,23,76,10,0.023874,True
er_000124.txt,21,75,10,0.012942,True
er_000125.txt,23,41,6,0.004025,True
er_000126.txt,15,21,3,0.001099,True
er_000127.txt,11,18,3,0.000899,True
er_000128.txt,19,15,1,0.000351,True
er_000129.txt,30,56,6,0.005188,True
er_000130.txt,16,48,7,0.005701,True
er_000131.txt,13,34,6,0.003699,True
er_000132.txt,30,125,15,0.053117,True
er_000133.txt,20,70,9,0.011157,True
er_000134.txt,29,108,12,0.040312,True
er_000135.txt,24,31,3,0.001084,True
er_000136.txt,18,54,8,0.007403,True
er_000137.txt,18,15,1,0.000247,True
er_000138.txt,26,130,14,0.057918,True
er_000139.txt,14,26,4,0.002274,True
er_000140.txt,12,24,3,0.001676,True
er_000141.txt,19,22,2,0.00076,True
er_000142.txt,23,88,11,0.027942,True
er_000143.txt,22,97,12,0.032921,True
er_000144.txt,14,25,4,0.001557,True
er_000145.txt,20,30,3,0.001425,True
er_000146.txt,28,143,17,0.06543,True
er_000147.txt,11,16,2,0.000865,True
er_000148.txt,29,110,14,0.046466,True
er_000149.txt,20,51,8,0.007076,True
er_000150.txt,11,20,4,0.001328,True
er_000151.txt,10,17,3,0.001017,True
er_000152.txt,18,27,4,0.001844,True
er_000153.txt,16,15,1,0.000373,True
er_000154.txt,19,41,6,0.004442,True
er_000155.txt,12,28,4,0.002376,True
er_000156.txt,28,127,13,0.073659,True
er_000157.txt,27,48,7,0.005208,True
er_000158.txt,26,73,9,0.022221,True
er_000159.txt,16,8,1,0.000225,True
er_000160.txt,10,17,2,0.000736,True
er_000161.txt,10,5,0,3.8e-05,True
er_000162.txt,23,48,6,0.004827,True
er_000163.txt,28,108,13,0.049831,True
er_000164.txt,27,105,13,0.043403,True
er_000165.txt,18,46,6,0.005169,True
er_000166.txt,16,26,3,0.001486,True
er_000167.txt,23,92,11,0.029641,True
er_000168.txt,12,21,3,0.001018,True
er_000169.txt,18,37,6,0.003586,True
er_000170.txt,10,4,0,3.4e-05,True
er_000171.txt,18,57,7,0.007523,True
er_000172.txt,10,16,2,0.000822,True
er_000173.txt,25,31,3,0.000847,True
er_000174.txt,16,18,2,0.000595,True
er_000175.txt,25,45,6,0.004988,True
er_000176.txt,22,79,11,0.024818,True
er_000177.txt,26,40,4,0.00343,True
er_000178.txt,11,3,0,3.5e-05,True
er_000179.txt,27,88,13,0.029476,True
er_000180.txt,20,62,9,0.009216,True
er_000181.txt,26,98,12,0.03268,True
er_000182.txt,17,44,6,0.004488,True
er_000183.txt,30,159,17,0.086314,True
er_000184.txt,27,40,4,0.002694,True
er_000185.txt,29,100,13,0.036129,True
er_000186.txt,25,28,4,0.001501,True
er_000187.txt,16,21,2,0.000774,True
er_000188.txt,15,16,2,0.000436,True
er_000189.txt,14,22,3,0.001065,True
er_000190.txt,29,142,16,0.065429,True
er_000191.txt,20,51,7,0.006324,True
er_000192.txt,13,22,3,0.001456,True
er_000193.txt,16,47,8,0.006163,True
er_000194.txt,25,62,8,0.014599,True
er_000195.txt,23,20,2,0.000362,True
er_000196.txt,13,6,0,3.5e-05,True
er_000197.txt,16,32,4,0.002217,True
er_000198.txt,21,36,5,0.00299,True
er_000199.txt,26,123,15,0.050996,True
er_000200.txt,18,45,6,0.005053,True
er_000201.txt,30,67,8,0.017252,True
er_000202.txt,15,20,2,0.000828,True
er_000203.txt,27,146,16,0.080735,True
er_000204.txt,26,70,10,0.017313,True
er_000205.txt,16,38,5,0.004203,True
er_000206.txt,14,34,5,0.002963,True
er_000207.txt,10,4,0,3.2e-05,True
er_000208.txt,18,38,5,0.003282,True
er_000209.txt,13,31,5,0.002465,True
er_000210.txt,29,152,18,0.067513,True
er_000211.txt,11,15,2,0.000561,True
er_000212.txt,29,123,15,0.049689,True
er_000213.txt,21,21,2,0.000626,True
er_000214.txt,21,60,8,0.009725,True
er_000215.txt,12,13,1,0.000318,True
er_000216.txt,27,108,13,0.052458,True
er_000217.txt,13,7,0,3.3e-05,True
er_000218.txt,27,74,9,0.021266,True
er_000219.txt,14,17,2,0.000664,True
er_000220.txt,18,56,8,0.007243,True
er_000221.txt,19,43,6,0.004244,True
er_000222.txt,14,22,3,0.001201,True
er_000223.txt,11,5,0,2.6e-05,True
er_000224.txt,22,72,9,0.01061,True
er_000225.txt,17,45,6,0.005149,True
er_000226.txt,14,13,1,0.000268,True
er_000227.txt,27,93,12,0.042277,True
er_000228.txt,26,86,12,0.030261,True
er_000229.txt,24,91,12,0.028256,True
er_000230.txt,15,34,5,0.002852,True
er_000231.txt,10,18,3,0.000979,True
er_000232.txt,10,7,0,3e-05,True
er_000233.txt,17,49,7,0.005534,True
er_000234.txt,22,70,9,0.018876,True
er_000235.txt,12,16,2,0.000483,True
er_000236.txt,25,39,5,0.002873,True
er_000237.txt,17,51,8,0.006572,True
er_000238.txt,12,30,5,0.002464,True
er_000239.txt,12,28,4,0.002014,True
er_000240.txt,28,53,7,0.005684,True
er_000241.txt,30,81,10,0.025149,True
er_000242.txt,14,17,2,0.000657,True
er_000243.txt,11,6,0,2.9e-05,True
er_000244.txt,24,31,3,0.001846,True
er_000245.txt,24,58,8,0.014471,True
er_000246.txt,16,53,8,0.006736,True
er_000247.txt,13,5,0,2.7e-05,True
er_000248.txt,19,62,8,0.007988,True
er_000249.txt,10,10,2,0.00038,True
er_000250.txt,25,126,16,0.050156,True
er_000251.txt,20,57,8,0.008053,True
er_000252.txt,24,49,7,0.005567,True
er_000253.txt,15,35,5,0.00373,True
er_000254.txt,28,34,4,0.001481,True
er_000255.txt,21,87,11,0.014737,True
er_000256.txt,27,135,16,0.055935,True
er_000257.txt,23,40,5,0.003481,True
er_000258.txt,12,19,3,0.001283,True
er_000259.txt,14,25,3,0.001445,True
er_000260.txt,21,70,10,0.011874,True
er_000261.txt,25,63,8,0.016316,True
er_000262.txt,29,79,10,0.026041,True
er_000263.txt,19,36,5,0.003136,True
er_000264.txt,20,20,2,0.000451,True
er_000265.txt,24,22,2,0.000439,True
er_000266.txt,26,120,14,0.04724,True
er_000267.txt,17,19,2,0.000623,True
er_000268.txt,26,89,11,0.028843,True
er_000269.txt,21,45,6,0.004829,True
er_000270.txt,22,45,6,0.005018,True
er_000271.txt,26,104,13,0.039321,True
er_000272.txt,17,47,7,0.005696,True
er_000273.txt,14,16,2,0.000674,True
er_000274.txt,16,34,5,0.003335,True
er_000275.txt,24,95,11,0.035386,True
er_000276.txt,13,17,3,0.000913,True
er_000277.txt,18,26,3,0.001412,True
er_000278.txt,23,43,6,0.004869,True
er_000279.txt,22,29,4,0.001452,True
er_000280.txt,17,20,2,0.000737,True
er_000281.txt,28,142,16,0.08382,True
er_000282.txt,20,70,10,0.010183,True
er_000283.txt,10,7,0,4.1e-05,True
er_000284.txt,10,8,1,0.000227,True
er_000285.txt,24,55,8,0.012828,True
er_000286.txt,24,48,7,0.005736,True
er_000287.txt,25,100,11,0.033896,True
er_000288.txt,19,48,7,0.005696,True
er_000289.txt,23,31,4,0.001788,True
er_000290.txt,24,58,9,0.009032,True
er_000291.txt,26,69,8,0.022252,True
er_000292.txt,27,81,11,0.030596,True
er_000293.txt,11,7,0,4.3e-05,True
er_000294.txt,22,46,6,0.005317,True
er_000295.txt,10,9,1,0.000255,True
er_000296.txt,30,147,16,0.068001,True
er_000297.txt,15,31,5,0.002443,True
er_000298.txt,20,63,9,0.009402,True
er_000299.txt,14,24,3,0.001283,True
er_000300.txt,25,59,8,0.014705,True
er_000301.txt,14,15,1,0.000233,True
er_000302.txt,28,92,11,0.03062,True
er_000303.txt,12,25,4,0.001865,True
er_000304.txt,26,108,13,0.038097,True
er_000305.txt,21,36,5,0.002973,True
er_000306.txt,29,140,15,0.056981,True
er_000307.txt,23,80,10,0.023508,True
er_000308.txt,21,26,4,0.002033,True
er_000309.txt,28,55,7,0.00625,True
er_000310.txt,29,127,16,0.063469,True
er_000311.txt,27,119,15,0.051346,True
er_000312.txt,18,40,6,0.003915,True
er_000313.txt,25,101,12,0.032128,True
er_000314.txt,21,68,10,0.01049,True
er_000315.txt,16,43,6,0.005029,True
er_000316.txt,17,19,2,0.000391,True
er_000317.txt,25,64,10,0.017659,True
er_000318.txt,20,43,6,0.00418,True
er_000319.txt,26,68,9,0.025756,True
er_000320.txt,18,53,7,0.006668,True
er_000321.txt,11,25,3,0.002181,True
er_000322.txt,27,51,7,0.010073,True
er_000323.txt,16,49,7,0.005665,True
er_000324.txt,22,54,7,0.007447,True
er_000325.txt,29,163,18,0.070804,True
er_000326.txt,27,58,9,0.013214,True
er_000327.txt,14,25,3,0.001567,True
er_000328.txt,28,148,16,0.068238,True
er_000329.txt,21,73,8,0.010981,True
er_000330.txt,29,48,5,0.003509,True
er_000331.txt,13,12,1,0.00048,True
er_000332.txt,20,65,8,0.009354,True
er_000333.txt,29,52,8,0.010401,True
er_000334.txt,11,9,0,5.5e-05,True
er_000335.txt,11,11,1,0.000273,True
er_000336.txt,28,93,13,0.035409,True
er_000337.txt,30,109,12,0.047215,True
er_000338.txt,11,21,3,0.001579,True
er_000339.txt,11,16,3,0.00103,True
er_000340.txt,12,18,2,0.001231,True
er_000341.txt,22,66,9,0.011071,True
er_000342.txt,23,44,5,0.004391,True
er_000343.txt,13,30,5,0.002656,True
er_000344.txt,13,14,2,0.000707,True
er_000345.txt,28,70,9,0.020319,True
er_000346.txt,16,20,2,0.000588,True
er_000347.txt,21,69,9,0.010436,True
er_000348.txt,18,36,5,0.003429,True
er_000349.txt,30,181,19,0.095236,True
er_000350.txt,24,102,11,0.035622,True
er_000351.txt,30,151,17,0.083975,True
er_000352.txt,20,42,6,0.004164,True
er_000353.txt,16,24,4,0.001288,True
er_000354.txt,10,4,0,3.3e-05,True
er_000355.txt,27,62,8,0.016177,True
er_000356.txt,21,73,9,0.011497,True
er_000357.txt,28,75,9,0.021455,True
er_000358.txt,11,5,0,4.4e-05,True
er_000359.txt,21,72,9,0.011541,True
er_000360.txt,19,55,8,0.007917,True
er_000361.txt,21,73,10,0.012059,True
er_000362.txt,13,18,3,0.001014,True
er_000363.txt,25,84,11,0.025582,True
er_000364.txt,12,22,3,0.001462,True
er_000365.txt,20,42,6,0.00385,True
er_000366.txt,26,44,5,0.003849,True
er_000367.txt,30,83,11,0.029243,True
er_000368.txt,15,13,1,0.000287,True
er_000369.txt,19,43,6,0.005833,True
er_000370.txt,11,13,2,0.000583,True
er_000371.txt,26,120,14,0.048433,True
er_000372.txt,20,17,1,0.000319,True
er_000373.txt,18,48,6,0.005792,True
er_000374.txt,27,102,12,0.044853,True
er_000375.txt,12,29,4,0.002166,True
er_000376.txt,30,119,14,0.064752,True
er_000377.txt,11,12,1,0.000313,True
er_000378.txt,19,67,8,0.010321,True
er_000379.txt,19,13,1,0.000371,True
er_000380.txt,25,44,6,0.003651,True
er_000381.txt,21,59,9,0.008752,True
er_000382.txt,26,114,13,0.04384,True
er_000383.txt,24,92,10,0.025537,True
er_000384.txt,13,12,2,0.000333,True
er_000385.txt,27,58,7,0.013565,True
er_000386.txt,16,9,0,3.7e-05,True
er_000387.txt,28,95,12,0.034083,True
er_000388.txt,27,36,3,0.00167,True
er_000389.txt,19,42,6,0.00494,True
er_000390.txt,22,53,7,0.006175,True
er_000391.txt,28,34,3,0.001377,True
er_000392.txt,20,16,1,0.000215,True
er_000393.txt,24,38,5,0.002661,True
er_000394.txt,25,85,11,0.024541,True
er_000395.txt,16,23,4,0.00152,True
er_000396.txt,29,88,12,0.039617,True
er_000397.txt,21,60,9,0.009208,True
er_000398.txt,19,38,5,0.00347,True
er_000399.txt,17,19,2,0.000628,True
er_000400.txt,17,34,5,0.002482,True
er_000401.txt,23,63,9,0.016963,True
er_000402.txt,14,30,4,0.002574,True
er_000403.txt,12,7,0,2.7e-05,True
er_000404.txt,11,9,1,0.000202,True
er_000405.txt,15,28,5,0.002358,True
er_000406.txt,22,29,4,0.001962,True
er_000407.txt,17,40,6,0.004135,True
er_000408.txt,26,100,12,0.03503,True
er_000409.txt,25,50,7,0.009073,True
er_000410.txt,30,116,14,0.05603,True
er_000411.txt,13,25,3,0.001704,True
er_000412.txt,10,12,2,0.000297,True
er_000413.txt,15,13,2,0.000388,True
er_000414.txt,17,21,2,0.00053,True
er_000415.txt,23,107,12,0.03561,True
er_000416.txt,22,86,11,0.027269,True
er_000417.txt,26,94,11,0.034193,True
er_000418.txt,11,17,3,0.001093,True
er_000419.txt,25,35,4,0.002297,True
er_000420.txt,23,57,9,0.014925,True
er_000421.txt,22,62,8,0.016106,True
er_000422.txt,10,11,1,0.000219,True
er_000423.txt,20,78,11,0.013458,True
er_000424.txt,15,36,5,0.004681,True
er_000425.txt,21,42,6,0.004,True
er_000426.txt,12,17,2,0.000642,True
er_000427.txt,10,12,2,0.000392,True
er_000428.txt,22,83,11,0.025114,True
er_000429.txt,16,12,1,0.000144,True
er_000430.txt,17,15,1,0.000135,True
er_000431.txt,23,103,12,0.042383,True
er_000432.txt,18,53,8,0.007362,True
er_000433.txt,18,43,7,0.00518,True
er_000434.txt,11,13,2,0.000255,True
er_000435.txt,18,23,2,0.000902,True
er_000436.txt,13,12,1,0.000133,True
er_000437.txt,23,89,11,0.027672,True
er_000438.txt,27,80,10,0.023643,True
er_000439.txt,23,55,7,0.007345,True
er_000440.txt,11,17,2,0.000682,True
er_000441.txt,18,48,7,0.006181,True
er_000442.txt,25,92,12,0.030589,True
er_000443.txt,24,75,10,0.022287,True
er_000444.txt,22,59,8,0.008513,True
er_000445.txt,14,16,1,0.000311,True
er_000446.txt,19,53,8,0.007334,True
er_000447.txt,20,46,6,0.005048,True
er_000448.txt,29,81,11,0.02635,True
er_000449.txt,25,54,8,0.01249,True
er_000450.txt,26,85,11,0.025922,True
er_000451.txt,10,9,1,0.000143,True
er_000452.txt,23,43,6,0.003876,True
er_000453.txt,22,46,6,0.004441,True
er_000454.txt,24,96,11,0.030976,True
er_000455.txt,19,27,4,0.001705,True
er_000456.txt,28,155,17,0.08509,True
er_000457.txt,22,61,9,0.015627,True
er_000458.txt,23,24,2,0.000464,True
er_000459.txt,15,37,5,0.003071,True
er_000460.txt,20,54,7,0.007742,True
er_000461.txt,12,25,4,0.001887,True
er_000462.txt,23,81,10,0.023958,True
er_000463.txt,22,64,9,0.017208,True
er_000464.txt,18,61,9,0.009248,True
er_000465.txt,14,8,0,3.7e-05,True
er_000466.txt,11,11,1,0.000149,True
er_000467.txt,23,67,8,0.01585,True
er_000468.txt,13,24,4,0.001465,True
er_000469.txt,21,57,7,0.00681,True
er_000470.txt,19,62,8,0.01163,True
er_000471.txt,14,16,2,0.000718,True
er_000472.txt,24,68,10,0.020714,True
er_000473.txt,28,39,4,0.002362,True
er_000474.txt,13,24,4,0.001772,True
er_000475.txt,12,25,4,0.001975,True
er_000476.txt,27,89,12,0.030078,True
er_000477.txt,15,29,4,0.002037,True
er_000478.txt,13,8,0,2.7e-05,True
er_000479.txt,16,21,2,0.000834,True
er_000480.txt,24,73,9,0.02148,True
er_000481.txt,17,23,3,0.00129,True
er_000482.txt,29,47,5,0.002943,True
er_000483.txt,27,93,11,0.036081,True
er_000484.txt,22,55,8,0.007705,True
er_000485.txt,17,24,3,0.001137,True
er_000486.txt,10,5,0,3e-05,True
er_000487.txt,30,63,8,0.015407,True
er_000488.txt,23,69,10,0.021061,True
er_000489.txt,20,48,8,0.006703,True
er_000490.txt,23,34,3,0.001927,True
er_000491.txt,19,38,5,0.003511,True
er_000492.txt,30,102,14,0.042237,True
er_000493.txt,28,136,17,0.062041,True
er_000494.txt,19,66,8,0.010684,True
er_000495.txt,27,38,4,0.002418,True
er_000496.txt,14,31,5,0.002595,True
er_000497.txt,26,135,15,0.061647,True
er_000498.txt,14,10,1,0.000163,True
er_000499.txt,21,78,10,0.0136,True
er_000500.txt,16,23,3,0.001249,True
er_000501.txt,14,27,3,0.001861,True
er_000502.txt,20,32,4,0.002017,True
er_000503.txt,26,52,7,0.007702,True
er_000504.txt,21,80,11,0.013753,True
er_000505.txt,26,51,6,0.005381,True
er_000506.txt,12,13,1,0.000299,True
er_000507.txt,15,32,5,0.003007,True
er_000508.txt,13,11,1,0.000214,True
er_000509.txt,26,106,13,0.040931,True
er_000510.txt,13,17,1,0.000762,True
er_000511.txt,27,94,12,0.040717,True
er_000512.txt,27,123,14,0.054517,True
er_000513.txt,11,23,3,0.001517,True
er_000514.txt,18,57,8,0.00747,True
er_000515.txt,30,128,15,0.056221,True
er_000516.txt,17,14,1,0.000231,True
er_000517.txt,26,69,10,0.022067,True
er_000518.txt,15,38,5,0.003829,True
er_000519.txt,22,63,9,0.009554,True
er_000520.txt,19,54,8,0.007395,True
er_000521.txt,23,63,9,0.009178,True
er_000522.txt,26,46,5,0.004208,True
er_000523.txt,20,49,6,0.005891,True
er_000524.txt,13,15,2,0.000547,True
er_000525.txt,26,121,15,0.04595,True
er_000526.txt,21,65,8,0.009621,True
er_000527.txt,19,69,9,0.011208,True
er_000528.txt,23,79,11,0.024642,True
er_000529.txt,26,52,7,0.010844,True
er_000530.txt,17,59,9,0.00903,True
er_000531.txt,13,21,3,0.001092,True
er_000532.txt,13,27,5,0.002534,True
er_000533.txt,13,30,5,0.003278,True
er_000534.txt,30,139,17,0.067651,True
er_000535.txt,15,30,4,0.002213,True
er_000536.txt,13,24,3,0.001855,True
er_000537.txt,11,11,1,0.000242,True
er_000538.txt,25,95,12,0.031898,True
er_000539.txt,15,39,6,0.004239,True
er_000540.txt,30,110,14,0.049287,True
er_000541.txt,23,27,3,0.000798,True
er_000542.txt,13,36,5,0.003365,True
er_000543.txt,30,165,19,0.083503,True
er_000544.txt,19,56,8,0.007399,True
er_000545.txt,29,107,13,0.041211,True
er_000546.txt,22,29,4,0.002506,True
er_000547.txt,11,20,3,0.001288,True
er_000548.txt,30,133,16,0.061574,True
er_000549.txt,26,50,7,0.009488,True
er_000550.txt,18,17,1,0.000264,True
er_000551.txt,30,88,12,0.032423,True
er_000552.txt,19,63,10,0.010775,True
er_000553.txt,15,14,1,0.000173,True
er_000554.txt,18,22,3,0.001059,True
er_000555.txt,22,80,11,0.031561,True
er_000556.txt,12,20,3,0.00093,True
er_000557.txt,29,60,8,0.020159,True
er_000558.txt,10,6,0,5.2e-05,True
er_000559.txt,14,21,3,0.001103,True
er_000560.txt,24,91,12,0.041666,True
er_000561.txt,23,78,11,0.024843,True
er_000562.txt,21,84,11,0.016115,True
er_000563.txt,22,75,10,0.021704,True
er_000564.txt,17,38,5,0.005076,True
er_000565.txt,15,27,4,0.0022,True
er_000566.txt,21,26,3,0.00084,True
er_000567.txt,28,82,10,0.028872,True
er_000568.txt,27,53,7,0.006614,True
er_000569.txt,22,72,11,0.021979,True
er_000570.txt,17,21,2,0.000736,True
er_000571.txt,17,28,3,0.001643,True
er_000572.txt,25,48,7,0.006211,True
er_000573.txt,30,153,17,0.080197,True
er_000574.txt,15,29,4,0.002164,True
er_000575.txt,15,16,2,0.000471,True
er_000576.txt,23,74,11,0.021535,True
er_000577.txt,22,60,8,0.008642,True
er_000578.txt,12,22,4,0.001532,True
er_000579.txt,25,107,14,0.038451,True
er_000580.txt,13,26,4,0.001884,True
er_000581.txt,18,26,4,0.001539,True
er_000582.txt,15,35,3,0.002539,True
er_000583.txt,29,124,13,0.053193,True
er_000584.txt,27,41,5,0.003297,True
er_000585.txt,12,23,3,0.001556,True
er_000586.txt,22,86,11,0.027862,True
er_000587.txt,14,28,4,0.002113,True
er_000588.txt,28,138,15,0.060974,True
er_000589.txt,10,8,0,3.4e-05,True
er_000590.txt,15,43,6,0.004766,True
er_000591.txt,29,118,14,0.048589,True
er_000592.txt,27,90,11,0.038145,True
er_000593.txt,25,91,13,0.030296,True
er_000594.txt,17,47,7,0.00633,True
er_000595.txt,10,7,0,3.5e-05,True
er_000596.txt,19,56,8,0.008378,True
er_000597.txt,18,35,6,0.003617,True
er_000598.txt,26,29,3,0.000858,True
er_000599.txt,19,52,8,0.008165,True
er_000600.txt,28,56,8,0.014137,True
er_000601.txt,10,18,4,0.001128,True
er_000602.txt,19,35,5,0.003294,True
er_000603.txt,23,54,8,0.007849,True
er_000604.txt,30,150,16,0.098636,True
er_000605.txt,25,39,5,0.00301,True
er_000606.txt,30,67,8,0.018127,True
er_000607.txt,17,36,5,0.003571,True
er_000608.txt,25,49,6,0.006423,True
er_000609.txt,30,165,17,0.085872,True
er_000610.txt,20,51,8,0.007461,True
er_000611.txt,13,17,2,0.000718,True
er_000612.txt,11,10,1,0.000153,True
er_000613.txt,22,59,9,0.014316,True
er_000614.txt,18,25,3,0.00152,True
er_000615.txt,26,115,14,0.0435,True
er_000616.txt,29,151,18,0.075578,True
er_000617.txt,17,17,2,0.000369,True
er_000618.txt,29,113,14,0.047413,True
er_000619.txt,15,29,4,0.002734,True
er_000620.txt,21,37,5,0.003063,True
er_000621.txt,17,31,5,0.002987,True
er_000622.txt,18,36,5,0.004033,True
er_000623.txt,23,65,8,0.017625,True
er_000624.txt,21,33,4,0.002576,True
er_000625.txt,22,42,5,0.003519,True
er_000626.txt,13,21,3,0.001064,True
er_000627.txt,21,51,6,0.005817,True
er_000628.txt,10,7,1,0.000216,True
er_000629.txt,26,60,8,0.018142,True
er_000630.txt,26,85,11,0.02966,True
er_000631.txt,13,9,0,4.4e-05,True
er_000632.txt,19,22,3,0.001322,True
er_000633.txt,21,38,6,0.004305,True
er_000634.txt,16,38,6,0.006024,True
er_000635.txt,12,17,3,0.001125,True
er_000636.txt,17,23,3,0.001266,True
er_000637.txt,14,20,2,0.001105,True
er_000638.txt,13,20,3,0.001069,True
er_000639.txt,26,107,13,0.054532,True
er_000640.txt,22,30,4,0.002131,True
er_000641.txt,12,20,3,0.001258,True
er_000642.txt,21,46,7,0.005923,True
er_000643.txt,11,10,1,0.000237,True
er_000644.txt,24,81,11,0.025727,True
er_000645.txt,12,8,0,3.3e-05,True
er_000646.txt,12,16,2,0.000488,True
er_000647.txt,28,117,14,0.059021,True
er_000648.txt,16,18,1,0.00046,True
er_000649.txt,20,35,5,0.002788,True
er_000650.txt,14,43,6,0.004772,True
er_000651.txt,28,73,10,0.018821,True
er_000652.txt,27,74,10,0.020891,True
er_000653.txt,27,75,11,0.024295,True
er_000654.txt,26,130,14,0.049644,True
er_000655.txt,11,5,0,3.1e-05,True
er_000656.txt,25,77,10,0.024993,True
er_000657.txt,11,16,3,0.000539,True
er_000658.txt,22,70,9,0.01185,True
er_000659.txt,18,36,5,0.003141,True
er_000660.txt,10,16,3,0.000798,True
er_000661.txt,14,19,2,0.000751,True
er_000662.txt,19,20,2,0.000579,True
er_000663.txt,14,27,4,0.002034,True
er_000664.txt,10,16,2,0.000712,True
er_000665.txt,24,83,11,0.024245,True
er_000666.txt,25,100,12,0.034493,True
er_000667.txt,12,17,2,0.000675,True
er_000668.txt,26,94,12,0.035029,True
er_000669.txt,22,49,6,0.005745,True
er_000670.txt,26,73,10,0.024054,True
er_000671.txt,21,18,1,0.000471,True
er_000672.txt,22,80,11,0.015019,True
er_000673.txt,30,144,16,0.064379,True
er_000674.txt,27,89,11,0.030924,True
er_000675.txt,14,25,4,0.002102,True
er_000676.txt,25,66,9,0.017096,True
er_000677.txt,27,46,6,0.004471,True
er_000678.txt,27,126,15,0.060855,True
er_000679.txt,27,156,16,0.067588,True
er_000680.txt,22,54,7,0.009643,True
er_000681.txt,11,10,1,0.00015,True
er_000682.txt,20,31,4,0.002056,True
er_000683.txt,17,28,4,0.001972,True
er_000684.txt,30,104,13,0.038525,True
er_000685.txt,26,102,13,0.037572,True
er_000686.txt,29,126,16,0.053557,True
er_000687.txt,22,78,10,0.022463,True
er_000688.txt,28,85,12,0.030227,True
er_000689.txt,26,33,3,0.001732,True
er_000690.txt,16,20,3,0.000904,True
er_000691.txt,13,24,3,0.001344,True
er_000692.txt,29,59,7,0.013729,True
er_000693.txt,25,60,9,0.014977,True
er_000694.txt,19,34,4,0.003058,True
er_000695.txt,23,37,5,0.004271,True
er_000696.txt,30,136,17,0.063181,True
er_000697.txt,13,9,0,3.6e-05,True
er_000698.txt,18,50,7,0.006417,True
er_000699.txt,15,24,4,0.001636,True
er_000700.txt,21,58,8,0.008097,True
er_000701.txt,29,37,4,0.002058,True
er_000702.txt,16,11,1,0.00016,True
er_000703.txt,13,32,6,0.003303,True
er_000704.txt,28,43,5,0.003751,True
er_000705.txt,12,5,0,3.1e-05,True
er_000706.txt,22,35,4,0.00208,True
er_000707.txt,23,95,12,0.030843,True
er_000708.txt,26,109,13,0.044601,True
er_000709.txt,21,65,8,0.008892,True
er_000710.txt,11,22,3,0.001457,True
er_000711.txt,11,20,2,0.00092,True
er_000712.txt,10,11,2,0.000414,True
er_000713.txt,18,52,8,0.006649,True
er_000714.txt,18,31,4,0.002188,True
er_000715.txt,28,44,4,0.003543,True
er_000716.txt,23,85,12,0.028294,True
er_000717.txt,27,78,10,0.022297,True
er_000718.txt,30,110,15,0.044839,True
er_000719.txt,15,23,2,0.000982,True
er_000720.txt,30,49,5,0.00538,True
er_000721.txt,29,44,5,0.003569,True
er_000722.txt,24,61,9,0.008907,True
er_000723.txt,25,38,4,0.002824,True
er_000724.txt,23,26,2,0.000649,True
er_000725.txt,25,44,6,0.004579,True
er_000726.txt,26,75,10,0.023445,True
er_000727.txt,25,38,5,0.002635,True
er_000728.txt,10,13,2,0.000474,True
er_000729.txt,16,19,2,0.000572,True
er_000730.txt,10,8,0,3.6e-05,True
er_000731.txt,28,119,16,0.049852,True
er_000732.txt,23,86,12,0.029436,True
er_000733.txt,30,80,11,0.023369,True
er_000734.txt,18,51,7,0.006285,True
er_000735.txt,11,9,1,0.000146,True
er_000736.txt,28,114,13,0.045367,True
er_000737.txt,22,36,4,0.002322,True
er_000738.txt,29,82,10,0.025446,True
er_000739.txt,24,84,11,0.025433,True
er_000740.txt,11,4,0,3.2e-05,True
er_000741.txt,14,31,5,0.002875,True
er_000742.txt,18,40,6,0.004023,True
er_000743.txt,12,20,3,0.001026,True
er_000744.txt,16,36,5,0.003255,True
er_000745.txt,28,123,15,0.067401,True
er_000746.txt,15,15,1,0.000163,True
er_000747.txt,12,2,0,2.4e-05,True
er_000748.txt,18,55,7,0.006965,True
er_000749.txt,28,60,8,0.01466,True
er_000750.txt,26,105,13,0.040033,True
er_000751.txt,27,100,13,0.035694,True
er_000752.txt,30,150,16,0.08573,True
er_000753.txt,24,67,9,0.017483,True
er_000754.txt,26,93,13,0.035503,True
er_000755.txt,14,26,4,0.001856,True
er_000756.txt,30,90,12,0.039947,True
er_000757.txt,20,35,4,0.002833,True
er_000758.txt,20,29,3,0.001532,True
er_000759.txt,21,48,7,0.007367,True
er_000760.txt,13,33,5,0.002827,True
er_000761.txt,13,29,4,0.00227,True
er_000762.txt,24,81,11,0.027615,True
er_000763.txt,26,85,11,0.027885,True
er_000764.txt,14,19,3,0.000788,True
er_000765.txt,11,13,2,0.000524,True
er_000766.txt,23,67,9,0.01784,True
er_000767.txt,27,48,7,0.005548,True
er_000768.txt,19,19,2,0.000401,True
er_000769.txt,26,73,10,0.021323,True
er_000770.txt,18,30,4,0.001729,True
er_000771.txt,23,103,12,0.035979,True
er_000772.txt,17,32,5,0.002495,True
er_000773.txt,13,19,3,0.000745,True
er_000774.txt,29,63,8,0.013104,True
er_000775.txt,23,76,10,0.021665,True
er_000776.txt,10,12,1,0.000293,True
er_000777.txt,12,20,3,0.001205,True
er_000778.txt,29,138,15,0.067728,True
er_000779.txt,28,127,16,0.053768,True
er_000780.txt,12,30,4,0.002414,True
er_000781.txt,13,13,2,0.000607,True
er_000782.txt,18,48,7,0.005811,True
er_000783.txt,20,76,9,0.012288,True
er_000784.txt,27,90,12,0.031791,True
er_000785.txt,29,68,10,0.017419,True
er_000786.txt,23,105,13,0.035146,True
er_000787.txt,20,51,7,0.007353,True
er_000788.txt,20,13,1,0.000173,True
er_000789.txt,10,15,2,0.000738,True
er_000790.txt,11,6,0,2.6e-05,True
er_000791.txt,11,5,0,2.5e-05,True
er_000792.txt,20,59,8,0.008265,True
er_000793.txt,20,44,6,0.004679,True
er_000794.txt,14,26,4,0.002127,True
er_000795.txt,21,64,8,0.009201,True
er_000796.txt,18,11,0,3.5e-05,True
er_000797.txt,25,76,10,0.022445,True
er_000798.txt,19,57,8,0.008023,True
er_000799.txt,28,70,8,0.018398,True
er_000800.txt,28,114,14,0.059603,True
er_000801.txt,16,37,6,0.003716,True
er_000802.txt,18,33,5,0.00295,True
er_000803.txt,20,74,10,0.011883,True
er_000804.txt,24,47,6,0.004792,True
er_000805.txt,10,3,0,2.7e-05,True
er_000806.txt,27,148,16,0.081099,True
er_000807.txt,20,34,5,0.002846,True
er_000808.txt,30,160,18,0.083706,True
er_000809.txt,21,37,4,0.002815,True
er_000810.txt,23,55,8,0.012608,True
er_000811.txt,28,92,13,0.035103,True
er_000812.txt,13,14,1,0.000413,True
er_000813.txt,22,88,11,0.027541,True
er_000814.txt,12,17,2,0.000697,True
er_000815.txt,11,14,2,0.00042,True
er_000816.txt,23,22,2,0.000492,True
er_000817.txt,22,24,3,0.000769,True
er_000818.txt,10,17,3,0.001272,True
er_000819.txt,22,41,6,0.004528,True
er_000820.txt,25,99,12,0.035698,True
er_000821.txt,18,27,3,0.001752,True
er_000822.txt,21,79,10,0.015205,True
er_000823.txt,24,31,3,0.001448,True
er_000824.txt,26,108,14,0.051557,True
er_000825.txt,13,22,3,0.0014,True
er_000826.txt,15,22,3,0.000983,True
er_000827.txt,10,11,1,0.000359,True
er_000828.txt,11,17,3,0.000918,True
er_000829.txt,10,13,2,0.000461,True
er_000830.txt,18,18,2,0.000769,True
er_000831.txt,29,155,18,0.077304,True
er_000832.txt,14,27,5,0.002145,True
er_000833.txt,21,49,7,0.006019,True
er_000834.txt,11,14,2,0.000525,True
er_000835.txt,12,25,4,0.001771,True
er_000836.txt,11,13,2,0.000462,True
er_000837.txt,20,64,9,0.009889,True
er_000838.txt,22,39,5,0.003858,True
er_000839.txt,21,48,7,0.00656,True
er_000840.txt,10,8,1,0.000222,True
er_000841.txt,27,126,14,0.04757,True
er_000842.txt,29,104,14,0.042451,True
er_000843.txt,25,75,10,0.022903,True
er_000844.txt,17,56,8,0.00808,True
er_000845.txt,16,35,4,0.003092,True
er_000846.txt,20,47,7,0.005597,True
er_000847.txt,17,41,6,0.004173,True
er_000848.txt,21,82,10,0.016558,True
er_000849.txt,29,81,11,0.029196,True
er_000850.txt,12,30,5,0.002514,True
er_000851.txt,13,19,2,0.000811,True
er_000852.txt,12,17,2,0.000726,True
er_000853.txt,22,64,8,0.010324,True
er_000854.txt,30,111,14,0.044364,True
er_000855.txt,22,81,11,0.026406,True
er_000856.txt,29,92,12,0.033647,True
er_000857.txt,28,158,17,0.079671,True
er_000858.txt,27,131,16,0.056602,True
er_000859.txt,22,14,0,5.8e-05,True
er_000860.txt,27,33,3,0.001228,True
er_000861.txt,17,34,5,0.002879,True
er_000862.txt,22,49,6,0.006333,True
er_000863.txt,12,25,4,0.001991,True
er_000864.txt,27,105,14,0.038671,True
er_000865.txt,18,66,9,0.009312,True
er_000866.txt,28,130,15,0.05913,True
er_000867.txt,26,87,12,0.040856,True
er_000868.txt,14,10,1,0.000243,True
er_000869.txt,19,63,9,0.012411,True
er_000870.txt,22,61,9,0.015615,True
er_000871.txt,11,13,2,0.000375,True
er_000872.txt,20,62,9,0.009054,True
er_000873.txt,25,76,11,0.023628,True
er_000874.txt,11,12,2,0.000374,True
er_000875.txt,17,51,7,0.006438,True
er_000876.txt,11,25,4,0.001949,True
er_000877.txt,18,40,6,0.004577,True
er_000878.txt,16,37,5,0.003645,True
er_000879.txt,10,5,0,2.8e-05,True
er_000880.txt,18,32,5,0.002416,True
er_000881.txt,20,52,7,0.006617,True
er_000882.txt,19,72,9,0.012688,True
er_000883.txt,29,71,9,0.018415,True
er_000884.txt,12,8,0,3.3e-05,True
er_000885.txt,21,72,9,0.011082,True
er_000886.txt,10,12,1,0.000316,True
er_000887.txt,15,15,1,0.000153,True
er_000888.txt,22,94,11,0.028844,True
er_000889.txt,17,47,7,0.005436,True
er_000890.txt,22,60,9,0.009434,True
er_000891.txt,24,69,10,0.019901,True
er_000892.txt,22,88,11,0.027325,True
er_000893.txt,26,87,11,0.028084,True
er_000894.txt,27,80,11,0.027028,True
er_000895.txt,20,38,6,0.004059,True
er_000896.txt,11,20,3,0.001127,True
er_000897.txt,11,14,2,0.000399,True
er_000898.txt,23,34,4,0.001844,True
er_000899.txt,22,81,10,0.024063,True
er_000900.txt,27,51,8,0.006491,True
er_000901.txt,24,34,3,0.001776,True
er_000902.txt,16,38,6,0.003834,True
er_000903.txt,24,101,11,0.04263,True
er_000904.txt,22,46,6,0.004691,True
er_000905.txt,11,22,4,0.001561,True
er_000906.txt,14,38,6,0.003715,True
er_000907.txt,18,17,1,0.000153,True
er_000908.txt,10,6,0,2.6e-05,True
er_000909.txt,22,66,10,0.009973,True
er_000910.txt,10,10,1,0.000213,True
er_000911.txt,17,25,3,0.000941,True
er_000912.txt,30,135,17,0.059634,True
er_000913.txt,21,43,6,0.005505,True
er_000914.txt,21,48,7,0.006077,True
er_000915.txt,12,12,2,0.000271,True
er_000916.txt,27,53,7,0.006116,True
er_000917.txt,26,99,12,0.033414,True
er_000918.txt,28,136,16,0.055342,True
er_000919.txt,11,8,0,6.5e-05,True
er_000920.txt,30,141,16,0.060445,True
er_000921.txt,20,61,9,0.008637,True
er_000922.txt,11,4,0,2.6e-05,True
er_000923.txt,17,35,5,0.002947,True
er_000924.txt,25,75,11,0.024087,True
er_000925.txt,30,121,15,0.050569,True
er_000926.txt,24,31,4,0.001673,True
er_000927.txt,30,131,14,0.06081,True
er_000928.txt,13,25,4,0.001854,True
er_000929.txt,23,32,4,0.00181,True
er_000930.txt,30,84,11,0.034606,True
er_000931.txt,11,12,1,0.000359,True
er_000932.txt,15,26,4,0.001515,True
er_000933.txt,12,21,3,0.001338,True
er_000934.txt,14,24,4,0.001798,True
er_000935.txt,11,4,0,2.8e-05,True
er_000936.txt,25,69,10,0.018961,True
er_000937.txt,21,87,11,0.017896,True
er_000938.txt,16,17,2,0.000408,True
er_000939.txt,10,16,2,0.00055,True
er_000940.txt,12,8,0,3.5e-05,True
er_000941.txt,30,48,6,0.004055,True
er_000942.txt,25,41,4,0.002982,True
er_000943.txt,25,50,7,0.006215,True
er_000944.txt,28,50,7,0.005797,True
er_000945.txt,24,94,13,0.033478,True
er_000946.txt,25,65,9,0.016908,True
er_000947.txt,18,13,1,0.000151,True
er_000948.txt,22,53,6,0.006348,True
er_000949.txt,28,53,7,0.010894,True
er_000950.txt,27,154,17,0.063229,True
er_000951.txt,23,101,13,0.032818,True
er_000952.txt,29,50,6,0.004389,True
er_000953.txt,26,95,12,0.031975,True
er_000954.txt,21,46,7,0.005731,True
er_000955.txt,22,63,9,0.009289,True
er_000956.txt,20,25,3,0.001216,True
er_000957.txt,24,107,13,0.038253,True
er_000958.txt,24,67,8,0.017058,True
er_000959.txt,15,18,2,0.000654,True
er_000960.txt,20,37,5,0.003575,True
er_000961.txt,14,25,3,0.001756,True
er_000962.txt,15,10,0,3.4e-05,True
er_000963.txt,12,16,2,0.00063,True
er_000964.txt,28,44,5,0.003742,True
er_000965.txt,29,77,10,0.02356,True
er_000966.txt,18,55,8,0.007369,True
er_000967.txt,13,25,4,0.001751,True
er_000968.txt,20,81,10,0.014797,True
er_000969.txt,29,83,12,0.028656,True
er_000970.txt,28,117,14,0.057264,True
er_000971.txt,21,92,11,0.01758,True
er_000972.txt,23,60,8,0.008718,True
er_000973.txt,28,122,14,0.049645,True
er_000974.txt,30,89,12,0.032755,True
er_000975.txt,21,23,2,0.000538,True
er_000976.txt,29,108,13,0.043106,True
er_000977.txt,11,19,3,0.001266,True
er_000978.txt,29,106,14,0.042447,True
er_000979.txt,22,41,6,0.003525,True
er_000980.txt,29,42,5,0.003686,True
er_000981.txt,20,67,9,0.010842,True
er_000982.txt,24,75,10,0.022685,True
er_000983.txt,28,74,11,0.020872,True
er_000984.txt,15,13,1,0.000228,True
er_000985.txt,12,13,2,0.000251,True
er_000986.txt,13,28,4,0.002291,True
er_000987.txt,18,19,2,0.000271,True
er_000988.txt,30,144,16,0.077059,True
er_000989.txt,29,127,15,0.05378,True
er_000990.txt,14,31,5,0.003045,True
er_000991.txt,26,87,11,0.024929,True
er_000992.txt,26,45,6,0.004003,True
er_000993.txt,10,14,2,0.000572,True
er_000994.txt,29,59,8,0.01784,True
er_000995.txt,29,58,7,0.013329,True
er_000996.txt,11,15,2,0.000639,True
er_000997.txt,29,99,12,0.033797,True
er_000998.txt,29,162,16,0.073074,True
er_000999.txt,15,14,1,0.000339,True
er_001000.txt,29,104,13,0.057162,True
er_001001.txt,24,71,10,0.020498,True
er_001002.txt,23,29,3,0.001467,True
er_001003.txt,17,47,7,0.00552,True
er_001004.txt,28,139,16,0.063075,True
er_001005.txt,10,12,1,0.000352,True
er_001006.txt,26,126,15,0.053025,True
er_001007.txt,18,12,1,0.000232,True
er_001008.txt,23,44,5,0.004744,True
er_001009.txt,26,109,13,0.042809,True
er_001010.txt,15,16,2,0.000341,True
er_001011.txt,14,13,0,4.3e-05,True
er_001012.txt,22,88,11,0.033507,True
er_001013.txt,22,84,10,0.03908,True
er_001014.txt,21,56,8,0.007773,True
er_001015.txt,15,8,0,4.5e-05,True
er_001016.txt,12,19,3,0.001202,True
er_001017.txt,25,94,12,0.033263,True
er_001018.txt,23,100,12,0.035576,True
er_001019.txt,28,126,16,0.060143,True
er_001020.txt,10,19,3,0.001184,True
er_001021.txt,28,112,14,0.043972,True
er_001022.txt,11,21,3,0.001248,True
er_001023.txt,19,30,4,0.002083,True
er_001024.txt,30,148,17,0.078304,True
er_001025.txt,24,74,10,0.0218,True
er_001026.txt,21,53,6,0.006562,True
er_001027.txt,18,54,7,0.008166,True
er_001028.txt,26,64,9,0.015641,True
er_001029.txt,10,14,2,0.000524,True
er_001030.txt,18,55,7,0.007115,True
er_001031.txt,19,24,3,0.001245,True
er_001032.txt,13,21,3,0.000986,True
er_001033.txt,30,45,5,0.0043,True
er_001034.txt,26,47,7,0.01052,True
er_001035.txt,28,48,6,0.004002,True
er_001036.txt,26,109,11,0.047088,True
er_001037.txt,16,24,3,0.001491,True
er_001038.txt,19,25,3,0.000973,True
er_001039.txt,18,22,3,0.000885,True
er_001040.txt,30,157,17,0.076951,True
er_001041.txt,29,163,18,0.074142,True
er_001042.txt,25,64,9,0.018483,True
er_001043.txt,15,23,3,0.001334,True
er_001044.txt,27,111,14,0.043777,True
er_001045.txt,22,54,7,0.006307,True
er_001046.txt,27,98,13,0.034609,True
er_001047.txt,26,79,10,0.026141,True
er_001048.txt,30,158,18,0.080343,True
er_001049.txt,26,138,16,0.058695,True
er_001050.txt,13,25,4,0.002039,True
er_001051.txt,19,13,0,5.3e-05,True
er_001052.txt,13,11,2,0.000528,True
er_001053.txt,24,106,12,0.037084,True
er_001054.txt,19,28,4,0.001948,True
er_001055.txt,25,64,9,0.016722,True
er_001056.txt,22,18,0,5.6e-05,True
er_001057.txt,16,50,7,0.005499,True
er_001058.txt,28,42,5,0.003404,True
er_001059.txt,19,49,7,0.006004,True
er_001060.txt,14,26,3,0.001671,True
er_001061.txt,22,39,5,0.003367,True
er_001062.txt,11,19,3,0.001068,True
er_001063.txt,12,14,2,0.000584,True
er_001064.txt,19,63,9,0.0099,True
er_001065.txt,19,35,5,0.003559,True
er_001066.txt,19,35,5,0.003231,True
er_001067.txt,17,20,1,0.000465,True
er_001068.txt,26,30,3,0.001034,True
er_001069.txt,12,15,2,0.000553,True
er_001070.txt,23,73,11,0.021372,True
er_001071.txt,20,42,6,0.004498,True
er_001072.txt,25,83,10,0.024234,True
er_001073.txt,19,29,4,0.00155,True
er_001074.txt,13,11,1,0.000152,True
er_001075.txt,23,90,12,0.027688,True
er_001076.txt,22,80,10,0.024587,True
er_001077.txt,12,16,2,0.000402,True
er_001078.txt,10,9,1,0.000211,True
er_001079.txt,11,18,3,0.001074,True
er_001080.txt,12,14,2,0.000445,True
er_001081.txt,19,55,8,0.008133,True
er_001082.txt,21,60,8,0.009337,True
er_001083.txt,14,13,2,0.000427,True
er_001084.txt,28,80,10,0.024632,True
er_001085.txt,16,33,5,0.002863,True
er_001086.txt,11,4,0,2.7e-05,True
er_001087.txt,19,35,5,0.00253,True
er_001088.txt,28,51,7,0.005861,True
er_001089.txt,20,60,8,0.008919,True
er_001090.txt,24,96,12,0.029322,True
er_001091.txt,18,41,5,0.004513,True
er_001092.txt,26,129,14,0.050713,True
er_001093.txt,21,40,5,0.003552,True
er_001094.txt,27,80,11,0.025299,True
er_001095.txt,15,41,6,0.003984,True
er_001096.txt,23,77,9,0.029127,True
er_001097.txt,10,15,2,0.001252,True
er_001098.txt,13,28,5,0.002387,True
er_001099.txt,13,17,3,0.000643,True
er_001100.txt,27,72,9,0.025403,True
er_001101.txt,25,108,14,0.053245,True
er_001102.txt,24,60,9,0.019957,True
er_001103.txt,14,25,4,0.001906,True
er_001104.txt,20,71,9,0.011315,True
er_001105.txt,15,30,4,0.00217,True
er_001106.txt,11,14,2,0.00042,True
er_001107.txt,21,52,7,0.006506,True
er_001108.txt,18,56,7,0.007348,True
er_001109.txt,30,84,10,0.033916,True
er_001110.txt,25,67,10,0.017154,True
er_001111.txt,11,17,2,0.000773,True
er_001112.txt,28,44,6,0.00504,True
er_001113.txt,14,14,1,0.000287,True
er_001114.txt,24,48,6,0.006717,True
er_001115.txt,16,24,3,0.001186,True
er_001116.txt,14,39,6,0.003887,True
er_001117.txt,27,42,5,0.003411,True
er_001118.txt,10,11,1,0.000223,True
er_001119.txt,14,25,3,0.001654,True
er_001120.txt,22,66,9,0.008789,True
er_001121.txt,22,83,11,0.024209,True
er_001122.txt,13,11,1,0.0003,True
er_001123.txt,17,45,5,0.004634,True
er_001124.txt,14,12,1,0.000151,True
er_001125.txt,18,22,3,0.000723,True
er_001126.txt,30,49,6,0.008927,True
er_001127.txt,10,18,3,0.00093,True
er_001128.txt,28,141,16,0.064877,True
er_001129.txt,19,55,7,0.007174,True
er_001130.txt,24,31,3,0.001203,True
er_001131.txt,17,40,6,0.004509,True
er_001132.txt,11,8,0,3e-05,True
er_001133.txt,22,62,8,0.014704,True
er_001134.txt,29,53,6,0.005265,True
er_001135.txt,16,49,7,0.006348,True
er_001136.txt,17,39,6,0.00394,True
er_001137.txt,28,42,6,0.003932,True
er_001138.txt,20,29,4,0.001497,True
er_001139.txt,25,73,9,0.019098,True
er_001140.txt,24,57,8,0.008391,True
er_001141.txt,20,66,9,0.009863,True
er_001142.txt,22,75,10,0.021059,True
er_001143.txt,27,71,10,0.022217,True
er_001144.txt,11,15,2,0.000624,True
er_001145.txt,13,31,5,0.002458,True
er_001146.txt,15,29,5,0.002344,True
er_001147.txt,15,21,2,0.000968,True
er_001148.txt,16,31,4,0.002022,True
er_001149.txt,19,50,7,0.006073,True
er_001150.txt,28,110,15,0.045716,True
er_001151.txt,10,5,0,3e-05,True
er_001152.txt,26,89,12,0.030111,True
er_001153.txt,12,21,3,0.001188,True
er_001154.txt,29,136,15,0.05862,True
er_001155.txt,16,37,6,0.003839,True
er_001156.txt,12,17,3,0.001234,True
er_001157.txt,20,34,5,0.003093,True
er_001158.txt,26,69,9,0.018693,True
er_001159.txt,22,69,9,0.019613,True
er_001160.txt,18,28,3,0.001378,True
er_001161.txt,22,43,6,0.004154,True
er_001162.txt,30,152,18,0.077021,True
er_001163.txt,25,56,8,0.014925,True
er_001164.txt,10,13,1,0.000419,True
er_001165.txt,18,18,2,0.000395,True
er_001166.txt,14,29,4,0.00244,True
er_001167.txt,29,64,8,0.015595,True
er_001168.txt,13,17,2,0.000632,True
er_001169.txt,11,12,1,0.00023,True
er_001170.txt,27,113,15,0.044558,True
er_001171.txt,10,21,3,0.001482,True
er_001172.txt,18,19,2,0.000455,True
er_001173.txt,14,11,2,0.000269,True
er_001174.txt,21,56,8,0.007495,True
er_001175.txt,11,16,2,0.000797,True
er_001176.txt,18,47,6,0.005295,True
er_001177.txt,11,9,0,3.6e-05,True
er_001178.txt,16,23,3,0.001053,True
er_001179.txt,29,148,16,0.067625,True
er_001180.txt,25,70,9,0.021438,True
er_001181.txt,16,52,7,0.006219,True
er_001182.txt,12,22,3,0.00148,True
er_001183.txt,11,13,2,0.000418,True
er_001184.txt,30,114,14,0.048644,True
er_001185.txt,30,116,14,0.062666,True
er_001186.txt,23,38,4,0.002805,True
er_001187.txt,21,23,2,0.000285,True
er_001188.txt,20,62,9,0.009366,True
er_001189.txt,30,80,10,0.030677,True
er_001190.txt,27,112,14,0.044114,True
er_001191.txt,10,9,2,0.000272,True
er_001192.txt,13,24,4,0.001875,True
er_001193.txt,23,52,8,0.007022,True
er_001194.txt,25,112,13,0.039139,True
er_001195.txt,21,62,10,0.010668,True
er_001196.txt,27,45,5,0.003803,True
er_001197.txt,17,39,6,0.004214,True
er_001198.txt,24,100,12,0.031619,True
er_001199.txt,21,22,2,0.000442,True
er_001200.txt,24,37,4,0.002446,True
er_001201.txt,24,70,9,0.011145,True
er_001202.txt,13,17,2,0.000749,True
er_001203.txt,21,60,8,0.009409,True
er_001204.txt,30,153,17,0.071501,True
er_001205.txt,28,140,16,0.061611,True
er_001206.txt,22,33,4,0.002217,True
er_001207.txt,25,30,4,0.001861,True
er_001208.txt,29,129,16,0.054002,True
er_001209.txt,12,21,4,0.001392,True
er_001210.txt,18,35,5,0.002965,True
er_001211.txt,13,11,1,0.000255,True
er_001212.txt,19,32,4,0.002226,True
er_001213.txt,17,30,4,0.001784,True
er_001214.txt,24,66,9,0.02266,True
er_001215.txt,22,87,11,0.026637,True
er_001216.txt,26,35,3,0.001645,True
er_001217.txt,27,93,12,0.034191,True
er_001218.txt,28,150,17,0.067209,True
er_001219.txt,19,61,8,0.010204,True
er_001220.txt,14,31,4,0.002368,True
er_001221.txt,27,38,4,0.002223,True
er_001222.txt,19,38,6,0.004216,True
er_001223.txt,17,12,1,0.000156,True
er_001224.txt,10,17,3,0.000863,True
er_001225.txt,18,56,8,0.007223,True
er_001226.txt,29,92,13,0.032246,True
er_001227.txt,28,88,12,0.039392,True
er_001228.txt,30,107,14,0.047188,True
er_001229.txt,17,47,6,0.006758,True
er_001230.txt,14,18,2,0.001497,True
er_001231.txt,27,47,5,0.003584,True
er_001232.txt,23,102,13,0.037658,True
er_001233.txt,15,13,2,0.000351,True
er_001234.txt,26,58,8,0.013978,True
er_001235.txt,16,42,6,0.006576,True
er_001236.txt,19,34,4,0.002582,True
er_001237.txt,11,19,3,0.001169,True
er_001238.txt,23,45,7,0.0047,True
er_001239.txt,11,21,3,0.001465,True
er_001240.txt,30,115,14,0.049142,True
er_001241.txt,24,67,9,0.018923,True
er_001242.txt,12,27,4,0.00204,True
er_001243.txt,26,96,12,0.03034,True
er_001244.txt,23,25,2,0.000497,True
er_001245.txt,26,44,6,0.003902,True
er_001246.txt,14,33,5,0.002989,True
er_001247.txt,14,18,3,0.000706,True
er_001248.txt,13,28,4,0.002245,True
er_001249.txt,11,19,4,0.001244,True
er_001250.txt,22,43,6,0.004805,True
er_001251.txt,29,149,17,0.074847,True
er_001252.txt,23,84,11,0.026856,True
er_001253.txt,20,46,6,0.004672,True
er_001254.txt,26,57,8,0.012381,True
er_001255.txt,15,15,2,0.000411,True
er_001256.txt,17,36,6,0.003543,True
er_001257.txt,22,25,2,0.000858,True
er_001258.txt,19,52,7,0.006748,True
er_001259.txt,12,27,4,0.001938,True
er_001260.txt,10,11,2,0.000428,True
er_001261.txt,23,88,11,0.026564,True
er_001262.txt,14,34,6,0.003369,True
er_001263.txt,21,95,12,0.018109,True
er_001264.txt,30,111,14,0.043794,True
er_001265.txt,14,24,4,0.001858,True
er_001266.txt,27,151,16,0.066247,True
er_001267.txt,13,11,1,0.000161,True
er_001268.txt,23,35,4,0.002079,True
er_001269.txt,25,54,8,0.012529,True
er_001270.txt,22,78,10,0.02145,True
er_001271.txt,12,7,0,3.2e-05,True
er_001272.txt,13,22,3,0.001239,True
er_001273.txt,15,35,5,0.004157,True
er_001274.txt,13,9,1,0.000164,True
er_001275.txt,20,67,9,0.009358,True
er_001276.txt,19,50,7,0.005667,True
er_001277.txt,14,32,5,0.002699,True
er_001278.txt,19,30,3,0.001656,True
er_001279.txt,17,29,4,0.002158,True
er_001280.txt,27,50,6,0.00585,True
er_001281.txt,26,111,13,0.042818,True
er_001282.txt,21,74,11,0.012699,True
er_001283.txt,25,41,5,0.003631,True
er_001284.txt,24,54,7,0.00843,True
er_001285.txt,24,44,6,0.004251,True
er_001286.txt,13,14,2,0.000421,True
er_001287.txt,24,87,10,0.03418,True
er_001288.txt,28,141,17,0.063097,True
er_001289.txt,16,18,1,0.000387,True
er_001290.txt,14,26,4,0.001936,True
er_001291.txt,18,35,5,0.003146,True
er_001292.txt,21,27,4,0.001501,True
er_001293.txt,21,34,3,0.002192,True
er_001294.txt,11,16,2,0.000528,True
er_001295.txt,23,81,10,0.02239,True
er_001296.txt,30,97,12,0.033525,True
er_001297.txt,29,105,13,0.038761,True
er_001298.txt,14,35,5,0.003074,True
er_001299.txt,17,47,6,0.00562,True
er_001300.txt,26,55,7,0.010832,True
er_001301.txt,13,23,3,0.001345,True
er_001302.txt,26,74,10,0.02354,True
er_001303.txt,22,70,11,0.020402,True
er_001304.txt,12,13,2,0.000799,True
er_001305.txt,21,77,10,0.0122,True
er_001306.txt,11,5,0,2.7e-05,True
er_001307.txt,17,32,5,0.002726,True
er_001308.txt,21,64,8,0.009962,True
er_001309.txt,23,79,10,0.023801,True
er_001310.txt,13,29,4,0.002288,True
er_001311.txt,27,105,14,0.042249,True
er_001312.txt,11,18,3,0.00083,True
er_001313.txt,25,79,11,0.026758,True
er_001314.txt,11,18,2,0.001037,True
er_001315.txt,28,107,14,0.040509,True
er_001316.txt,11,13,2,0.000425,True
er_001317.txt,26,61,7,0.013198,True
er_001318.txt,15,25,4,0.001706,True
er_001319.txt,12,23,4,0.001468,True
er_001320.txt,25,56,8,0.006943,True
er_001321.txt,15,14,1,0.000245,True
er_001322.txt,26,59,8,0.013672,True
er_001323.txt,28,164,17,0.076362,True
er_001324.txt,29,51,6,0.006107,True
er_001325.txt,25,57,7,0.012202,True
er_001326.txt,25,38,4,0.002456,True
er_001327.txt,10,15,2,0.000617,True
er_001328.txt,11,14,2,0.000642,True
er_001329.txt,22,88,11,0.034294,True
er_001330.txt,15,22,3,0.001168,True
er_001331.txt,27,149,17,0.06442,True
er_001332.txt,12,13,2,0.000482,True
er_001333.txt,22,59,9,0.009006,True
er_001334.txt,28,123,14,0.053625,True
er_001335.txt,24,38,5,0.002984,True
er_001336.txt,29,80,11,0.026016,True
er_001337.txt,27,122,14,0.04546,True
er_001338.txt,11,11,1,0.000259,True
er_001339.txt,21,33,5,0.002322,True
er_001340.txt,16,15,2,0.000603,True
er_001341.txt,27,61,8,0.014891,True
er_001342.txt,22,81,10,0.01294,True
er_001343.txt,13,13,1,0.000234,True
er_001344.txt,10,20,3,0.001261,True
er_001345.txt,18,55,7,0.00672,True
er_001346.txt,11,9,0,3e-05,True
er_001347.txt,22,45,7,0.005114,True
er_001348.txt,27,131,15,0.055964,True
er_001349.txt,26,93,12,0.032257,True
er_001350.txt,29,136,15,0.070069,True
er_001351.txt,18,48,7,0.006035,True
er_001352.txt,24,87,11,0.027194,True
er_001353.txt,29,157,17,0.082514,True
er_001354.txt,15,35,5,0.003105,True
er_001355.txt,28,154,16,0.067822,True
er_001356.txt,22,31,4,0.001414,True
er_001357.txt,16,28,4,0.001876,True
er_001358.txt,22,24,2,0.000692,True
er_001359.txt,27,85,11,0.028524,True
er_001360.txt,26,115,14,0.051282,True
er_001361.txt,10,13,2,0.00058,True
er_001362.txt,18,47,7,0.00544,True
er_001363.txt,12,23,4,0.001612,True
er_001364.txt,11,23,4,0.001619,True
er_001365.txt,15,17,3,0.00082,True
er_001366.txt,17,37,5,0.003426,True
er_001367.txt,23,27,3,0.001153,True
er_001368.txt,27,99,13,0.039,True
er_001369.txt,29,74,10,0.021314,True
er_001370.txt,14,13,1,0.000291,True
er_001371.txt,19,70,10,0.011408,True
er_001372.txt,10,5,0,2.8e-05,True
er_001373.txt,19,41,5,0.003884,True
er_001374.txt,27,88,11,0.030407,True
er_001375.txt,10,3,0,2.9e-05,True
er_001376.txt,18,25,3,0.001222,True
er_001377.txt,15,28,4,0.002041,True
er_001378.txt,19,29,3,0.001791,True
er_001379.txt,19,22,3,0.000838,True
er_001380.txt,27,100,13,0.048201,True
er_001381.txt,25,56,7,0.00746,True
er_001382.txt,19,20,2,0.000586,True
er_001383.txt,12,23,4,0.001764,True
er_001384.txt,11,12,2,0.000432,True
er_001385.txt,28,57,8,0.011753,True
er_001386.txt,28,49,6,0.004755,True
er_001387.txt,22,53,7,0.006743,True
er_001388.txt,25,127,15,0.051491,True
er_001389.txt,25,102,13,0.037742,True
er_001390.txt,13,31,5,0.002909,True
er_001391.txt,21,65,10,0.0101,True
er_001392.txt,18,25,3,0.00146,True
er_001393.txt,19,17,1,0.00027,True
er_001394.txt,20,32,4,0.002094,True
er_001395.txt,15,21,3,0.001091,True
er_001396.txt,10,12,1,0.000299,True
er_001397.txt,20,64,9,0.008821,True
er_001398.txt,10,10,2,0.000315,True
er_001399.txt,15,32,5,0.00249,True
er_001400.txt,11,14,2,0.00062,True
er_001401.txt,16,38,6,0.003685,True
er_001402.txt,24,79,10,0.027607,True
er_001403.txt,20,31,4,0.002433,True
er_001404.txt,16,14,1,0.000285,True
er_001405.txt,24,112,12,0.037228,True
er_001406.txt,26,36,4,0.002201,True
er_001407.txt,20,61,9,0.00863,True
er_001408.txt,15,17,2,0.00059,True
er_001409.txt,15,24,4,0.001717,True
er_001410.txt,26,90,12,0.036709,True
er_001411.txt,29,142,17,0.062366,True
er_001412.txt,17,46,6,0.004575,True
er_001413.txt,26,114,14,0.045217,True
er_001414.txt,11,15,2,0.000512,True
er_001415.txt,11,16,2,0.000626,True
er_001416.txt,19,30,4,0.001581,True
er_001417.txt,25,52,7,0.005946,True
er_001418.txt,23,52,8,0.006807,True
er_001419.txt,18,66,9,0.009989,True
er_001420.txt,26,130,14,0.045533,True
er_001421.txt,25,84,11,0.026139,True
er_001422.txt,24,114,13,0.040377,True
er_001423.txt,17,33,5,0.002924,True
er_001424.txt,22,13,2,0.000367,True
er_001425.txt,15,38,5,0.003631,True
er_001426.txt,25,74,10,0.019585,True
er_001427.txt,23,63,8,0.008137,True
er_001428.txt,17,33,4,0.002606,True
er_001429.txt,16,32,4,0.002568,True
er_001430.txt,19,28,4,0.001443,True
er_001431.txt,21,42,6,0.003854,True
er_001432.txt,14,14,2,0.000564,True
er_001433.txt,18,49,7,0.005792,True
er_001434.txt,18,43,7,0.00531,True
er_001435.txt,23,60,9,0.015764,True
er_001436.txt,16,22,3,0.000886,True
er_001437.txt,30,140,17,0.063532,True
er_001438.txt,29,99,14,0.038457,True
er_001439.txt,13,30,4,0.002207,True
er_001440.txt,19,37,5,0.00359,True
er_001441.txt,13,29,5,0.002117,True
er_001442.txt,22,43,6,0.00434,True
er_001443.txt,17,60,8,0.008603,True
er_001444.txt,13,25,4,0.001932,True
er_001445.txt,17,24,3,0.001147,True
er_001446.txt,30,140,16,0.06475,True
er_001447.txt,29,69,9,0.021025,True
er_001448.txt,14,24,4,0.001606,True
er_001449.txt,16,21,2,0.000678,True
er_001450.txt,22,67,9,0.018722,True
er_001451.txt,25,70,9,0.018732,True
er_001452.txt,28,94,12,0.041378,True
er_001453.txt,28,138,16,0.061235,True
er_001454.txt,19,29,4,0.001962,True
er_001455.txt,20,19,1,0.000249,True
er_001456.txt,20,50,8,0.006786,True
er_001457.txt,18,42,6,0.003963,True
er_001458.txt,25,33,4,0.002015,True
er_001459.txt,10,10,1,0.000171,True
er_001460.txt,25,78,9,0.021171,True
er_001461.txt,14,25,4,0.001768,True
er_001462.txt,19,47,6,0.005528,True
er_001463.txt,16,21,2,0.001012,True
er_001464.txt,27,122,15,0.053329,True
er_001465.txt,16,14,2,0.000395,True
er_001466.txt,22,43,7,0.004837,True
er_001467.txt,22,38,5,0.003431,True
er_001468.txt,27,76,10,0.022476,True
er_001469.txt,18,46,7,0.008737,True
er_001470.txt,10,10,1,0.000157,True
er_001471.txt,27,91,11,0.030156,True
er_001472.txt,18,34,5,0.002622,True
er_001473.txt,24,107,12,0.036519,True
er_001474.txt,26,66,9,0.017976,True
er_001475.txt,30,72,10,0.020974,True
er_001476.txt,21,35,4,0.003195,True
er_001477.txt,29,98,13,0.047005,True
er_001478.txt,26,117,14,0.057588,True
er_001479.txt,20,34,4,0.002523,True
er_001480.txt,26,51,7,0.009081,True
er_001481.txt,19,18,2,0.000608,True
er_001482.txt,17,16,3,0.000769,True
er_001483.txt,13,20,3,0.001114,True
er_001484.txt,14,24,4,0.001929,True
er_001485.txt,26,114,13,0.045532,True
er_001486.txt,15,31,4,0.002205,True
er_001487.txt,16,40,6,0.004222,True
er_001488.txt,21,72,9,0.014765,True
er_001489.txt,20,57,8,0.008006,True
er_001490.txt,29,79,11,0.024267,True
er_001491.txt,29,94,13,0.037141,True
er_001492.txt,11,26,4,0.001902,True
er_001493.txt,18,39,6,0.00403,True
er_001494.txt,22,80,10,0.023487,True
er_001495.txt,13,23,4,0.001811,True
er_001496.txt,24,79,10,0.024055,True
er_001497.txt,25,108,13,0.039189,True
er_001498.txt,21,43,4,0.003783,True
er_001499.txt,17,65,9,0.009289,True
er_001500.txt,19,53,8,0.007492,True
er_001501.txt,26,104,12,0.037561,True
er_001502.txt,11,13,1,0.000341,True
er_001503.txt,20,49,7,0.00639,True
er_001504.txt,14,39,6,0.004036,True
er_001505.txt,12,20,3,0.001265,True
er_001506.txt,24,51,7,0.006386,True
er_001507.txt,27,87,12,0.037322,True
er_001508.txt,22,39,5,0.002933,True
er_001509.txt,23,31,3,0.001487,True
er_001510.txt,10,15,2,0.00069,True
er_001511.txt,18,54,7,0.008113,True
er_001512.txt,30,71,10,0.021718,True
er_001513.txt,15,11,0,5.7e-05,True
er_001514.txt,14,20,3,0.001092,True
er_001515.txt,21,54,8,0.007609,True
er_001516.txt,12,27,4,0.002265,True
er_001517.txt,20,19,1,0.000343,True
er_001518.txt,10,13,2,0.000743,True
er_001519.txt,12,19,2,0.00105,True
er_001520.txt,16,37,5,0.003413,True
er_001521.txt,11,16,2,0.000623,True
er_001522.txt,25,108,14,0.040986,True
er_001523.txt,15,23,3,0.001475,True
er_001524.txt,15,20,2,0.000852,True
er_001525.txt,25,70,9,0.019896,True
er_001526.txt,30,172,18,0.083386,True
er_001527.txt,12,13,2,0.000493,True
er_001528.txt,10,19,3,0.001334,True
er_001529.txt,18,40,6,0.004213,True
er_001530.txt,24,39,5,0.002961,True
er_001531.txt,16,16,1,0.000314,True
er_001532.txt,23,109,13,0.038979,True
er_001533.txt,26,58,8,0.013976,True
er_001534.txt,11,15,2,0.000759,True
er_001535.txt,13,34,6,0.003443,True
er_001536.txt,23,36,4,0.002919,True
er_001537.txt,14,19,2,0.000812,True
er_001538.txt,18,55,7,0.00785,True
er_001539.txt,18,67,10,0.010982,True
er_001540.txt,20,75,9,0.013701,True
er_001541.txt,15,28,4,0.001908,True
er_001542.txt,13,28,4,0.002285,True
er_001543.txt,22,90,11,0.028169,True
er_001544.txt,17,27,3,0.001626,True
er_001545.txt,27,120,14,0.051167,True
er_001546.txt,15,21,2,0.000877,True
er_001547.txt,30,40,4,0.002143,True
er_001548.txt,22,74,9,0.022491,True
er_001549.txt,26,123,14,0.048362,True
er_001550.txt,15,22,3,0.001302,True
er_001551.txt,29,105,12,0.052242,True
er_001552.txt,26,36,4,0.002015,True
er_001553.txt,26,59,8,0.013616,True
er_001554.txt,19,28,3,0.00149,True
er_001555.txt,22,62,8,0.015716,True
er_001556.txt,16,12,1,0.000226,True
er_001557.txt,19,66,9,0.009956,True
er_001558.txt,10,11,1,0.000221,True
er_001559.txt,30,72,10,0.021252,True
er_001560.txt,21,63,8,0.008009,True
er_001561.txt,24,83,10,0.025075,True
er_001562.txt,26,124,15,0.049958,True
er_001563.txt,25,33,3,0.001698,True
er_001564.txt,16,54,8,0.006629,True
er_001565.txt,24,98,13,0.03652,True
er_001566.txt,23,74,10,0.020154,True
er_001567.txt,17,24,3,0.001204,True
er_001568.txt,24,67,10,0.019596,True
er_001569.txt,26,129,15,0.051992,True
er_001570.txt,21,22,3,0.000764,True
er_001571.txt,27,45,5,0.003794,True
er_001572.txt,11,12,2,0.000481,True
er_001573.txt,15,14,1,0.000271,True
er_001574.txt,29,125,15,0.054612,True
er_001575.txt,21,76,10,0.012919,True
er_001576.txt,14,23,3,0.001263,True
er_001577.txt,18,30,4,0.002261,True
er_001578.txt,15,17,1,0.000351,True
er_001579.txt,13,28,4,0.002338,True
er_001580.txt,16,24,3,0.001226,True
er_001581.txt,12,10,1,0.000168,True
er_001582.txt,24,99,12,0.033415,True
er_001583.txt,14,30,5,0.002696,True
er_001584.txt,12,14,2,0.000814,True
er_001585.txt,17,42,6,0.00481,True
er_001586.txt,22,42,4,0.003398,True
er_001587.txt,19,36,5,0.003024,True
er_001588.txt,17,38,5,0.003705,True
er_001589.txt,27,44,5,0.004211,True
er_001590.txt,15,33,5,0.003602,True
er_001591.txt,24,77,11,0.021826,True
er_001592.txt,11,8,1,0.000213,True
er_001593.txt,11,10,1,0.000338,True
er_001594.txt,26,41,5,0.003228,True
er_001595.txt,14,35,5,0.003193,True
er_001596.txt,19,68,9,0.010558,True
er_001597.txt,10,7,0,4.1e-05,True
er_001598.txt,12,15,2,0.000579,True
er_001599.txt,20,38,6,0.003744,True
er_001600.txt,10,11,1,0.000415,True
er_001601.txt,28,135,15,0.058906,True
er_001602.txt,24,72,10,0.020378,True
er_001603.txt,14,25,4,0.002151,True
er_001604.txt,12,29,4,0.002438,True
er_001605.txt,27,94,12,0.032928,True
er_001606.txt,28,89,12,0.034675,True
er_001607.txt,27,128,15,0.05182,True
er_001608.txt,20,19,2,0.000466,True
er_001609.txt,13,4,0,4.1e-05,True
er_001610.txt,11,10,1,0.000315,True
er_001611.txt,14,26,4,0.001708,True
er_001612.txt,28,83,12,0.030317,True
er_001613.txt,13,25,4,0.001969,True
er_001614.txt,23,28,2,0.000947,True
er_001615.txt,10,5,0,3.4e-05,True
er_001616.txt,27,70,9,0.021042,True
er_001617.txt,14,14,2,0.000456,True
er_001618.txt,24,43,6,0.004097,True
er_001619.txt,18,63,8,0.009246,True
er_001620.txt,29,158,17,0.07006,True
er_001621.txt,28,129,15,0.05734,True
er_001622.txt,12,9,1,0.000369,True
er_001623.txt,15,25,3,0.001424,True
er_001624.txt,16,42,6,0.0042,True
er_001625.txt,18,55,8,0.007705,True
er_001626.txt,27,105,13,0.040987,True
er_001627.txt,24,107,13,0.037652,True
er_001628.txt,16,18,2,0.000619,True
er_001629.txt,12,24,4,0.001738,True
er_001630.txt,25,87,11,0.028472,True
er_001631.txt,29,161,18,0.077992,True
er_001632.txt,18,39,6,0.004052,True
er_001633.txt,11,22,3,0.001509,True
er_001634.txt,27,89,12,0.031555,True
er_001635.txt,25,52,8,0.011957,True
er_001636.txt,15,7,0,4.4e-05,True
er_001637.txt,12,19,3,0.001149,True
er_001638.txt,11,9,0,4.4e-05,True
er_001639.txt,10,17,3,0.000807,True
er_001640.txt,16,7,0,3.6e-05,True
er_001641.txt,19,47,7,0.006364,True
er_001642.txt,30,88,12,0.02991,True
er_001643.txt,12,6,0,4.2e-05,True
er_001644.txt,19,26,3,0.001859,True
er_001645.txt,14,27,4,0.002024,True
er_001646.txt,18,61,8,0.009374,True
er_001647.txt,19,56,7,0.008016,True
er_001648.txt,18,51,8,0.007253,True
er_001649.txt,18,43,7,0.005213,True
er_001650.txt,29,104,12,0.03651,True
er_001651.txt,13,13,2,0.000501,True
er_001652.txt,12,26,4,0.001682,True
er_001653.txt,30,113,15,0.05261,True
er_001654.txt,13,22,3,0.001307,True
er_001655.txt,20,71,9,0.010548,True
er_001656.txt,26,107,14,0.0426,True
er_001657.txt,29,69,10,0.020305,True
er_001658.txt,20,81,10,0.014449,True
er_001659.txt,24,52,7,0.006302,True
er_001660.txt,23,33,4,0.002235,True
er_001661.txt,19,66,9,0.010488,True
er_001662.txt,23,45,6,0.004818,True
er_001663.txt,22,45,6,0.004905,True
er_001664.txt,30,70,8,0.018547,True
er_001665.txt,10,12,2,0.000412,True
er_001666.txt,12,19,2,0.000816,True
er_001667.txt,18,51,8,0.00763,True
er_001668.txt,13,22,3,0.001451,True
er_001669.txt,19,48,7,0.005864,True
er_001670.txt,19,62,9,0.009166,True
er_001671.txt,11,17,3,0.000993,True
er_001672.txt,24,51,7,0.006182,True
er_001673.txt,16,16,1,0.000303,True
er_001674.txt,22,28,3,0.001243,True
er_001675.txt,15,27,3,0.001876,True
er_001676.txt,22,71,9,0.02301,True
er_001677.txt,16,35,5,0.002944,True
er_001678.txt,21,48,7,0.005882,True
er_001679.txt,17,47,7,0.006194,True
er_001680.txt,29,51,6,0.005357,True
er_001681.txt,28,115,13,0.048876,True
er_001682.txt,11,16,2,0.000761,True
er_001683.txt,30,175,19,0.086044,True
er_001684.txt,28,129,15,0.056824,True
er_001685.txt,22,82,10,0.026289,True
er_001686.txt,25,126,14,0.048613,True
er_001687.txt,15,23,3,0.001304,True
er_001688.txt,20,22,2,0.000465,True
er_001689.txt,17,33,5,0.003112,True
er_001690.txt,15,43,6,0.004702,True
er_001691.txt,30,117,14,0.045103,True
er_001692.txt,27,64,9,0.01565,True
er_001693.txt,11,11,1,0.0003,True
er_001694.txt,27,109,13,0.042685,True
er_001695.txt,14,32,5,0.002971,True
er_001696.txt,12,24,4,0.001671,True
er_001697.txt,13,29,5,0.002555,True
er_001698.txt,19,44,6,0.004789,True
er_001699.txt,21,67,9,0.009391,True
er_001700.txt,12,14,2,0.000681,True
er_001701.txt,27,92,12,0.033226,True
er_001702.txt,17,29,3,0.002016,True
er_001703.txt,27,56,7,0.013244,True
er_001704.txt,19,33,4,0.002777,True
er_001705.txt,30,77,10,0.025248,True
er_001706.txt,17,25,3,0.001475,True
er_001707.txt,21,48,8,0.006718,True
er_001708.txt,22,54,8,0.013769,True
er_001709.txt,14,30,4,0.002653,True
er_001710.txt,13,18,2,0.000707,True
er_001711.txt,28,62,10,0.016964,True
er_001712.txt,24,35,4,0.002108,True
er_001713.txt,24,47,6,0.004784,True
er_001714.txt,20,42,6,0.005425,True
er_001715.txt,25,72,10,0.019397,True
er_001716.txt,15,36,5,0.003411,True
er_001717.txt,17,25,3,0.00133,True
er_001718.txt,20,18,2,0.000461,True
er_001719.txt,17,30,5,0.002447,True
er_001720.txt,22,71,10,0.010906,True
er_001721.txt,19,43,6,0.005132,True
er_001722.txt,17,41,5,0.004343,True
er_001723.txt,19,38,6,0.004471,True
er_001724.txt,12,28,5,0.002377,True
er_001725.txt,19,42,7,0.004961,True
er_001726.txt,12,6,0,4.2e-05,True
er_001727.txt,28,48,6,0.004678,True
er_001728.txt,10,4,0,0.00012,True
er_001729.txt,27,129,14,0.061094,True
er_001730.txt,29,89,13,0.03066,True
er_001731.txt,22,69,9,0.010128,True
er_001732.txt,10,22,3,0.001556,True
er_001733.txt,28,85,11,0.027435,True
er_001734.txt,17,30,4,0.002036,True
er_001735.txt,30,143,16,0.063873,True
er_001736.txt,27,64,9,0.008934,True
er_001737.txt,15,22,3,0.001113,True
er_001738.txt,23,61,8,0.014345,True
er_001739.txt,27,39,4,0.002066,True
er_001740.txt,30,139,16,0.060389,True
er_001741.txt,11,27,4,0.002105,True
er_001742.txt,14,30,5,0.002552,True
er_001743.txt,12,19,3,0.001062,True
er_001744.txt,11,25,4,0.00248,True
er_001745.txt,13,26,5,0.00206,True
er_001746.txt,18,59,9,0.008334,True
er_001747.txt,24,40,5,0.00343,True
er_001748.txt,15,33,5,0.002868,True
er_001749.txt,14,31,4,0.002537,True
er_001750.txt,12,17,2,0.000727,True
er_001751.txt,27,104,14,0.042353,True
er_001752.txt,21,46,6,0.004566,True
er_001753.txt,20,42,6,0.005005,True
er_001754.txt,19,46,5,0.005012,True
er_001755.txt,20,56,8,0.007281,True
er_001756.txt,10,18,3,0.000954,True
er_001757.txt,12,15,2,0.000639,True
er_001758.txt,17,18,2,0.000606,True
er_001759.txt,20,72,10,0.011835,True
er_001760.txt,23,100,13,0.034367,True
er_001761.txt,25,78,11,0.025175,True
er_001762.txt,22,33,4,0.00263,True
er_001763.txt,13,18,3,0.000885,True
er_001764.txt,18,18,2,0.000595,True
er_001765.txt,10,15,2,0.000776,True
er_001766.txt,22,44,7,0.004752,True
er_001767.txt,21,31,5,0.002328,True
er_001768.txt,27,61,8,0.012981,True
er_001769.txt,18,44,6,0.005018,True
er_001770.txt,18,42,6,0.004223,True
er_001771.txt,11,9,1,0.000292,True
er_001772.txt,22,37,5,0.002846,True
er_001773.txt,28,151,17,0.069271,True
er_001774.txt,24,71,10,0.019612,True
er_001775.txt,24,37,4,0.002423,True
er_001776.txt,30,128,16,0.061132,True
er_001777.txt,15,19,2,0.000615,True
er_001778.txt,12,21,3,0.001212,True
er_001779.txt,12,21,3,0.001167,True
er_001780.txt,23,28,3,0.001152,True
er_001781.txt,22,73,10,0.022219,True
er_001782.txt,27,99,13,0.036175,True
er_001783.txt,18,38,6,0.004131,True
er_001784.txt,30,101,14,0.050687,True
er_001785.txt,24,110,13,0.041746,True
er_001786.txt,27,53,6,0.008983,True
er_001787.txt,29,71,10,0.026979,True
er_001788.txt,27,83,11,0.027805,True
er_001789.txt,17,40,6,0.004086,True
er_001790.txt,20,63,10,0.010734,True
er_001791.txt,25,101,12,0.037253,True
er_001792.txt,28,83,12,0.028845,True
er_001793.txt,12,7,0,3.8e-05,True
er_001794.txt,22,104,12,0.034789,True
er_001795.txt,12,13,1,0.000328,True
er_001796.txt,23,60,8,0.015515,True
er_001797.txt,29,67,8,0.015686,True
er_001798.txt,15,37,5,0.003678,True
er_001799.txt,25,66,10,0.019252,True
er_001800.txt,24,83,11,0.028558,True
er_001801.txt,28,133,16,0.054908,True
er_001802.txt,28,123,16,0.051633,True
er_001803.txt,30,65,9,0.018139,True
er_001804.txt,23,25,2,0.000729,True
er_001805.txt,29,121,16,0.052366,True
er_001806.txt,17,13,1,0.000394,True
er_001807.txt,12,25,4,0.001877,True
er_001808.txt,26,85,11,0.026705,True
er_001809.txt,14,15,2,0.000409,True
er_001810.txt,29,64,9,0.018551,True
er_001811.txt,10,8,1,0.000215,True
er_001812.txt,16,19,2,0.000771,True
er_001813.txt,14,29,4,0.002129,True
er_001814.txt,25,58,8,0.007685,True
er_001815.txt,12,21,3,0.001401,True
er_001816.txt,26,126,15,0.055503,True
er_001817.txt,23,83,11,0.027583,True
er_001818.txt,19,34,5,0.002767,True
er_001819.txt,21,34,5,0.002649,True
er_001820.txt,26,97,13,0.034682,True
er_001821.txt,19,18,1,0.000236,True
er_001822.txt,15,24,4,0.001684,True
er_001823.txt,29,110,14,0.04505,True
er_001824.txt,20,27,4,0.001086,True
er_001825.txt,21,44,6,0.004865,True
er_001826.txt,29,166,18,0.077892,True
er_001827.txt,14,13,2,0.000671,True
er_001828.txt,27,87,10,0.02715,True
er_001829.txt,19,17,1,0.000345,True
er_001830.txt,26,99,12,0.035714,True
er_001831.txt,28,148,16,0.06624,True
er_001832.txt,16,37,6,0.006212,True
er_001833.txt,26,66,9,0.023179,True
er_001834.txt,26,47,7,0.00533,True
er_001835.txt,20,40,6,0.004645,True
er_001836.txt,19,43,7,0.004692,True
er_001837.txt,20,50,7,0.006761,True
er_001838.txt,13,22,3,0.001231,True
er_001839.txt,28,73,10,0.022579,True
er_001840.txt,12,16,2,0.000658,True
er_001841.txt,19,54,8,0.007373,True
er_001842.txt,13,32,5,0.002706,True
er_001843.txt,26,62,9,0.014657,True
er_001844.txt,21,60,9,0.008837,True
er_001845.txt,17,40,5,0.003893,True
er_001846.txt,26,88,11,0.029883,True
er_001847.txt,22,31,3,0.00181,True
er_001848.txt,24,47,5,0.004783,True
er_001849.txt,25,50,7,0.006371,True
er_001850.txt,25,38,5,0.003106,True
er_001851.txt,19,52,8,0.006813,True
er_001852.txt,20,40,6,0.004296,True
er_001853.txt,24,28,3,0.001271,True
er_001854.txt,22,76,10,0.021589,True
er_001855.txt,29,155,17,0.068711,True
er_001856.txt,10,9,1,0.000216,True
er_001857.txt,30,134,16,0.056918,True
er_001858.txt,11,13,1,0.000476,True
er_001859.txt,21,80,11,0.014164,True
er_001860.txt,25,63,8,0.019292,True
er_001861.txt,14,26,4,0.001869,True
er_001862.txt,10,18,2,0.000995,True
er_001863.txt,13,23,3,0.001565,True
er_001864.txt,15,11,1,0.000291,True
er_001865.txt,14,11,2,0.0004,True
er_001866.txt,25,118,14,0.046877,True
er_001867.txt,18,17,3,0.000818,True
er_001868.txt,16,15,2,0.000582,True
er_001869.txt,11,14,2,0.000517,True
er_001870.txt,11,16,3,0.00076,True
er_001871.txt,15,34,5,0.002945,True
er_001872.txt,25,67,9,0.021638,True
er_001873.txt,25,59,7,0.014459,True
er_001874.txt,10,15,3,0.000678,True
er_001875.txt,26,119,14,0.049485,True
er_001876.txt,27,76,10,0.026036,True
er_001877.txt,15,15,1,0.000293,True
er_001878.txt,14,13,2,0.000469,True
er_001879.txt,30,108,14,0.045195,True
er_001880.txt,25,107,13,0.037048,True
er_001881.txt,26,31,3,0.001278,True
er_001882.txt,28,53,7,0.011474,True
er_001883.txt,29,82,12,0.030194,True
er_001884.txt,26,99,12,0.043472,True
er_001885.txt,18,37,6,0.003655,True
er_001886.txt,21,25,3,0.001105,True
er_001887.txt,26,56,6,0.005558,True
er_001888.txt,11,10,1,0.000147,True
er_001889.txt,27,68,9,0.024083,True
er_001890.txt,21,74,10,0.011577,True
er_001891.txt,22,70,10,0.012099,True
er_001892.txt,13,24,3,0.001435,True
er_001893.txt,29,53,7,0.009441,True
er_001894.txt,24,38,5,0.004478,True
er_001895.txt,17,53,8,0.007462,True
er_001896.txt,14,20,3,0.001134,True
er_001897.txt,16,43,6,0.005642,True
er_001898.txt,11,6,0,3.5e-05,True
er_001899.txt,22,41,6,0.004402,True
er_001900.txt,25,105,14,0.038005,True
er_001901.txt,12,26,4,0.001832,True
er_001902.txt,12,19,3,0.000752,True
er_001903.txt,25,113,13,0.039932,True
er_001904.txt,17,39,6,0.004434,True
er_001905.txt,19,60,9,0.009253,True
er_001906.txt,23,93,13,0.033764,True
er_001907.txt,14,27,4,0.002183,True
er_001908.txt,29,150,17,0.084453,True
er_001909.txt,16,13,1,0.000179,True
er_001910.txt,21,35,5,0.003483,True
er_001911.txt,17,48,6,0.005854,True
er_001912.txt,11,22,3,0.001153,True
er_001913.txt,18,41,6,0.004206,True
er_001914.txt,12,8,0,3.2e-05,True
er_001915.txt,25,81,10,0.026316,True
er_001916.txt,25,65,9,0.017234,True
er_001917.txt,23,65,9,0.01024,True
er_001918.txt,16,39,6,0.004138,True
er_001919.txt,10,20,4,0.001421,True
er_001920.txt,16,50,7,0.005885,True
er_001921.txt,28,65,8,0.014031,True
er_001922.txt,27,127,14,0.05376,True
er_001923.txt,27,38,5,0.003151,True
er_001924.txt,27,47,6,0.00468,True
er_001925.txt,19,70,10,0.012884,True
er_001926.txt,11,20,3,0.00126,True
er_001927.txt,20,34,4,0.003133,True
er_001928.txt,19,22,3,0.000817,True
er_001929.txt,16,48,7,0.005894,True
er_001930.txt,24,48,7,0.006064,True
er_001931.txt,15,20,3,0.00141,True
er_001932.txt,12,19,2,0.000856,True
er_001933.txt,15,36,5,0.003031,True
er_001934.txt,16,51,7,0.010368,True
er_001935.txt,24,47,6,0.006695,True
er_001936.txt,11,25,4,0.002851,True
er_001937.txt,25,97,12,0.053689,True
er_001938.txt,25,83,11,0.027296,True
er_001939.txt,20,39,6,0.004416,True
er_001940.txt,30,83,11,0.04077,True
er_001941.txt,18,21,3,0.000793,True
er_001942.txt,28,86,11,0.028845,True
er_001943.txt,20,38,5,0.003105,True
er_001944.txt,30,116,13,0.05305,True
er_001945.txt,26,109,14,0.042149,True
er_001946.txt,25,41,4,0.003062,True
er_001947.txt,22,89,11,0.035049,True
er_001948.txt,29,162,18,0.079791,True
er_001949.txt,27,49,7,0.006682,True
er_001950.txt,14,22,3,0.001244,True
er_001951.txt,16,17,2,0.000741,True
er_001952.txt,30,126,15,0.055681,True
er_001953.txt,28,127,16,0.055186,True
er_001954.txt,20,36,5,0.003408,True
er_001955.txt,12,5,0,4e-05,True
er_001956.txt,26,84,10,0.025367,True
er_001957.txt,11,16,3,0.001005,True
er_001958.txt,18,32,5,0.002875,True
er_001959.txt,21,56,8,0.008665,True
er_001960.txt,19,54,8,0.0085,True
er_001961.txt,15,14,2,0.000481,True
er_001962.txt,21,58,9,0.008903,True
er_001963.txt,22,24,1,0.000521,True
er_001964.txt,28,88,12,0.030413,True
er_001965.txt,24,53,7,0.010981,True
er_001966.txt,11,13,2,0.000505,True
er_001967.txt,28,62,8,0.019594,True
er_001968.txt,19,64,9,0.010893,True
er_001969.txt,30,114,13,0.05431,True
er_001970.txt,26,88,11,0.031854,True
er_001971.txt,12,15,2,0.000699,True
er_001972.txt,15,24,3,0.001598,True
er_001973.txt,26,61,7,0.0129,True
er_001974.txt,22,84,12,0.027863,True
er_001975.txt,28,56,7,0.00686,True
er_001976.txt,27,64,10,0.019559,True
er_001977.txt,24,70,9,0.019827,True
er_001978.txt,22,30,3,0.001621,True
er_001979.txt,25,78,11,0.025334,True
er_001980.txt,11,16,3,0.000836,True
er_001981.txt,17,31,4,0.002906,True
er_001982.txt,23,53,7,0.00651,True
er_001983.txt,16,19,1,0.000468,True
er_001984.txt,13,14,1,0.000457,True
er_001985.txt,15,27,4,0.001613,True
er_001986.txt,22,85,11,0.034773,True
er_001987.txt,26,126,14,0.050875,True
er_001988.txt,22,33,4,0.002592,True
er_001989.txt,30,148,18,0.073511,True
er_001990.txt,11,6,0,5.8e-05,True
er_001991.txt,11,18,3,0.000979,True
er_001992.txt,10,4,0,3.4e-05,True
er_001993.txt,15,44,6,0.004151,True
er_001994.txt,22,21,1,0.000251,True
er_001995.txt,19,71,10,0.011563,True
er_001996.txt,24,51,7,0.007912,True
er_001997.txt,23,23,2,0.000546,True
er_001998.txt,30,41,4,0.002105,True
er_001999.txt,12,22,3,0.001507,True
real_000000.txt,17,71,7,0.009803,True
real_000001.txt,25,46,10,0.01313,True
real_000002.txt,31,71,6,0.0169,True
real_000003.txt,15,25,3,0.001501,True
real_000004.txt,31,77,7,0.019526,True
real_000005.txt,14,24,5,0.002304,True
real_000006.txt,15,20,2,0.000789,True
real_000007.txt,25,62,7,0.014313,True
real_000008.txt,13,14,1,0.000312,True
real_000009.txt,17,58,6,0.006865,True
real_000010.txt,16,28,6,0.003098,True
real_000011.txt,15,20,2,0.000732,True
real_000012.txt,24,34,1,0.001264,True
real_000013.txt,11,32,4,0.002253,True
real_000014.txt,21,46,4,0.004657,True
real_000015.txt,31,50,6,0.009774,True
real_000016.txt,28,52,8,0.012848,True
real_000017.txt,30,86,14,0.033933,True
real_000018.txt,17,33,6,0.00396,True
real_000019.txt,13,14,1,0.000323,True
real_000020.txt,20,36,6,0.004627,True
real_000021.txt,10,17,4,0.001301,True
real_000022.txt,13,14,1,0.00035,True
real_000023.txt,12,19,4,0.001691,True
real_000024.txt,23,52,9,0.013055,True
real_000025.txt,13,23,4,0.001937,True
real_000026.txt,16,33,3,0.002446,True
real_000027.txt,15,20,2,0.000735,True
real_000028.txt,13,16,3,0.000667,True
real_000029.txt,32,466,29,0.160059,True
real_000030.txt,31,86,10,0.026904,True
real_000031.txt,13,14,1,0.000309,True
real_000032.txt,23,51,8,0.013486,True
real_000033.txt,22,46,4,0.00386,True
real_000034.txt,11,18,2,0.00114,True
real_000035.txt,17,25,3,0.001741,True
real_000036.txt,10,10,1,0.000219,True
real_000037.txt,17,37,6,0.004883,True
real_000038.txt,14,24,3,0.001288,True
real_000039.txt,19,37,2,0.002061,True
real_000040.txt,35,78,15,0.032843,True
real_000041.txt,17,19,2,0.00049,True
real_000042.txt,13,14,1,0.000327,True
real_000043.txt,26,38,2,0.001729,True
real_000044.txt,11,18,4,0.001289,True
real_000045.txt,27,50,6,0.009285,True
real_000046.txt,14,22,4,0.001913,True
real_000047.txt,10,17,2,0.000821,True
real_000048.txt,10,10,1,0.000221,True
real_000049.txt,15,16,1,0.000303,True
real_000050.txt,23,62,7,0.014213,True
real_000051.txt,10,14,2,0.000621,True
real_000052.txt,19,28,3,0.001816,True
real_000053.txt,12,13,1,0.000298,True
real_000054.txt,33,69,9,0.019303,True
real_000055.txt,16,42,6,0.004167,True
real_000056.txt,25,114,9,0.031648,True
real_000057.txt,29,112,9,0.034302,True
real_000058.txt,12,22,3,0.0016,True
real_000059.txt,23,51,8,0.013073,True
real_000060.txt,28,76,8,0.020561,True
real_000061.txt,10,17,4,0.001294,True
real_000062.txt,11,21,3,0.001455,True
real_000063.txt,13,24,5,0.002322,True
real_000064.txt,13,14,1,0.000344,True
real_000065.txt,14,28,5,0.002214,True
real_000066.txt,21,50,7,0.006905,True
real_000067.txt,23,51,8,0.013244,True
real_000068.txt,32,73,6,0.017206,True
real_000069.txt,27,46,9,0.012866,True
real_000070.txt,15,20,2,0.000726,True
real_000071.txt,10,13,2,0.000473,True
real_000072.txt,10,9,0,4e-05,True
real_000073.txt,35,88,5,0.018551,True
real_000074.txt,22,53,7,0.00664,True
real_000075.txt,13,27,4,0.002106,True
real_000076.txt,35,393,27,0.197098,True
real_000077.txt,13,14,1,0.000338,True
real_000078.txt,16,23,1,0.000785,True
real_000079.txt,29,46,2,0.002995,True
real_000080.txt,26,64,6,0.01287,True
real_000081.txt,17,28,5,0.002253,True
real_000082.txt,12,30,5,0.002622,True
real_000083.txt,11,17,3,0.00071,True
real_000084.txt,15,25,5,0.002313,True
real_000085.txt,10,17,4,0.00126,True
real_000086.txt,29,42,4,0.006031,True
real_000087.txt,25,46,5,0.004183,True
real_000088.txt,23,118,10,0.032425,True
real_000089.txt,23,53,6,0.005379,True
real_000090.txt,11,12,1,0.000328,True
real_000091.txt,15,20,2,0.000717,True
real_000092.txt,13,21,2,0.001056,True
real_000093.txt,10,16,3,0.000976,True
real_000094.txt,14,17,2,0.000504,True
real_000095.txt,13,14,1,0.000311,True
real_000096.txt,22,143,11,0.043909,True
real_000097.txt,13,14,1,0.000333,True
real_000098.txt,17,31,7,0.004283,True
real_000099.txt,13,14,1,0.000313,True
real_000100.txt,23,51,8,0.013799,True
real_000101.txt,10,14,2,0.00065,True
real_000102.txt,27,46,9,0.012568,True
real_000103.txt,22,47,3,0.004011,True
real_000104.txt,10,17,4,0.001269,True
real_000105.txt,15,30,5,0.002992,True
real_000106.txt,18,59,10,0.008905,True
real_000107.txt,19,41,5,0.003497,True
real_000108.txt,10,17,4,0.001231,True
real_000109.txt,32,89,11,0.03032,True
real_000110.txt,15,20,2,0.000736,True
real_000111.txt,10,17,4,0.001287,True
real_000112.txt,22,48,5,0.005071,True
real_000113.txt,32,78,8,0.023418,True
real_000114.txt,15,16,1,0.000316,True
real_000115.txt,17,35,7,0.00487,True
real_000116.txt,13,14,1,0.000342,True
real_000117.txt,16,29,6,0.002901,True
real_000118.txt,22,53,8,0.007206,True
real_000119.txt,13,14,1,0.000321,True
real_000120.txt,20,31,5,0.002452,True
real_000121.txt,26,103,11,0.027344,True
real_000122.txt,14,21,4,0.002535,True
real_000123.txt,10,26,4,0.002114,True
real_000124.txt,23,51,8,0.013319,True
real_000125.txt,15,20,2,0.000732,True
real_000126.txt,21,37,8,0.005274,True
real_000127.txt,30,53,5,0.008367,True
real_000128.txt,17,19,2,0.000475,True
real_000129.txt,25,46,10,0.013043,True
real_000130.txt,11,14,2,0.000669,True
real_000131.txt,32,135,13,0.068502,True
real_000132.txt,13,14,1,0.000313,True
real_000133.txt,10,17,4,0.001258,True
real_000134.txt,15,20,2,0.000737,True
real_000135.txt,18,41,7,0.004724,True
real_000136.txt,17,35,4,0.002903,True
real_000137.txt,13,14,1,0.000335,True
real_000138.txt,10,13,3,0.000642,True
real_000139.txt,15,81,11,0.010157,True
real_000140.txt,24,53,7,0.006285,True
real_000141.txt,17,19,2,0.000599,True
real_000142.txt,13,14,1,0.000329,True
real_000143.txt,25,48,6,0.005472,True
real_000144.txt,18,66,6,0.007541,True
real_000145.txt,23,84,10,0.021602,True
real_000146.txt,13,14,1,0.000331,True
real_000147.txt,29,75,10,0.020665,True
real_000148.txt,26,48,8,0.010316,True
real_000149.txt,11,18,2,0.000962,True
real_000150.txt,21,37,5,0.003666,True
real_000151.txt,27,59,10,0.020841,True
real_000152.txt,10,18,4,0.00131,True
real_000153.txt,15,23,4,0.002014,True
real_000154.txt,34,236,18,0.120914,True
real_000155.txt,33,117,16,0.048455,True
real_000156.txt,15,22,1,0.000791,True
real_000157.txt,13,14,1,0.000328,True
real_000158.txt,26,47,3,0.003257,True
real_000159.txt,10,17,4,0.001237,True
real_000160.txt,27,46,9,0.012205,True
real_000161.txt,17,35,4,0.002582,True
real_000162.txt,15,20,2,0.000733,True
real_000163.txt,10,17,4,0.001284,True
real_000164.txt,11,22,3,0.001616,True
real_000165.txt,12,21,4,0.001346,True
real_000166.txt,20,32,5,0.002866,True
real_000167.txt,13,14,1,0.00024,True
real_000168.txt,32,70,12,0.028038,True
real_000169.txt,16,60,8,0.007176,True
real_000170.txt,28,103,11,0.034681,True
real_000171.txt,17,29,5,0.002743,True
real_000172.txt,10,17,4,0.001446,True
real_000173.txt,14,21,3,0.000964,True
real_000174.txt,17,34,6,0.004026,True
real_000175.txt,13,14,1,0.000319,True
real_000176.txt,27,46,9,0.01291,True
real_000177.txt,23,51,8,0.013233,True
real_000178.txt,15,20,2,0.000713,True
real_000179.txt,30,69,7,0.01816,True
real_000180.txt,32,89,11,0.030459,True
real_000181.txt,30,87,8,0.027112,True
real_000182.txt,27,46,9,0.01196,True
real_000183.txt,15,24,3,0.001527,True
real_000184.txt,23,101,11,0.032344,True
real_000185.txt,25,46,10,0.012042,True
real_000186.txt,32,89,11,0.030192,True
real_000187.txt,18,32,4,0.002209,True
real_000188.txt,15,28,6,0.002943,True
real_000189.txt,22,49,8,0.012651,True
real_000190.txt,14,38,6,0.00379,True
real_000191.txt,16,29,3,0.001742,True
real_000192.txt,18,54,7,0.006566,True
real_000193.txt,16,26,2,0.001645,True
real_000194.txt,16,26,4,0.001875,True
real_000195.txt,23,51,8,0.013173,True
real_000196.txt,10,17,4,0.001251,True
real_000197.txt,11,18,4,0.001624,True
real_000198.txt,14,31,6,0.003209,True
real_000199.txt,13,14,1,0.000298,True
real_000200.txt,22,29,3,0.001259,True
real_000201.txt,32,89,11,0.031803,True
real_000202.txt,15,51,7,0.005933,True
real_000203.txt,18,27,2,0.001503,True
real_000204.txt,23,51,8,0.013704,True
real_000205.txt,12,22,3,0.001542,True
real_000206.txt,11,18,3,0.001385,True
real_000207.txt,29,125,10,0.040707,True
real_000208.txt,18,51,5,0.005047,True
real_000209.txt,13,14,1,0.000311,True
real_000210.txt,11,12,1,0.000357,True
real_000211.txt,23,51,8,0.013989,True
real_000212.txt,15,19,3,0.000975,True
real_000213.txt,34,76,11,0.023882,True
real_000214.txt,15,20,2,0.000732,True
real_000215.txt,25,57,8,0.01443,True
real_000216.txt,26,63,6,0.013951,True
real_000217.txt,13,14,1,0.000357,True
real_000218.txt,18,36,4,0.002904,True
real_000219.txt,13,14,1,0.000279,True
real_000220.txt,31,123,16,0.054376,True
real_000221.txt,12,19,3,0.001427,True
real_000222.txt,23,41,9,0.010264,True
real_000223.txt,17,29,4,0.002355,True
real_000224.txt,24,65,9,0.015263,True
real_000225.txt,32,74,7,0.020725,True
real_000226.txt,15,27,4,0.001773,True
real_000227.txt,19,22,3,0.000989,True
real_000228.txt,13,14,1,0.000253,True
real_000229.txt,14,25,3,0.00183,True
real_000230.txt,30,55,7,0.01591,True
real_000231.txt,15,37,5,0.003656,True
real_000232.txt,15,28,3,0.001947,True
real_000233.txt,28,130,14,0.04794,True
real_000234.txt,13,21,3,0.001088,True
real_000235.txt,10,17,4,0.001204,True
real_000236.txt,13,14,1,0.00028,True
real_000237.txt,20,30,4,0.001909,True
real_000238.txt,34,82,8,0.022168,True
real_000239.txt,10,17,4,0.001216,True
real_000240.txt,28,71,7,0.01655,True
real_000241.txt,19,86,10,0.013304,True
real_000242.txt,30,55,9,0.014603,True
real_000243.txt,12,18,3,0.00101,True
real_000244.txt,17,19,2,0.000405,True
real_000245.txt,23,33,2,0.001405,True
real_000246.txt,27,45,5,0.004237,True
real_000247.txt,18,30,4,0.002439,True
real_000248.txt,25,46,10,0.012539,True
real_000249.txt,19,58,6,0.006615,True
real_000250.txt,15,20,2,0.000654,True
real_000251.txt,27,63,5,0.013631,True
real_000252.txt,27,59,10,0.018701,True
real_000253.txt,27,97,12,0.032151,True
real_000254.txt,23,41,6,0.008161,True
real_000255.txt,32,89,11,0.032831,True
real_000256.txt,16,56,7,0.007799,True
real_000257.txt,18,24,3,0.001539,True
real_000258.txt,13,14,1,0.000248,True
real_000259.txt,17,39,5,0.004194,True
real_000260.txt,10,17,4,0.001502,True
real_000261.txt,25,46,10,0.012629,True
real_000262.txt,16,26,4,0.00198,True
real_000263.txt,10,17,4,0.001227,True
real_000264.txt,20,35,5,0.003078,True
real_000265.txt,27,45,3,0.00294,True
real_000266.txt,22,48,8,0.010088,True
real_000267.txt,19,78,9,0.012449,True
real_000268.txt,15,17,2,0.000406,True
real_000269.txt,35,104,11,0.036407,True
real_000270.txt,20,31,5,0.002406,True
real_000271.txt,17,19,2,0.000407,True
real_000272.txt,19,59,7,0.007506,True
real_000273.txt,27,53,7,0.005764,True
real_000274.txt,14,25,3,0.001415,True
real_000275.txt,23,47,5,0.004264,True
real_000276.txt,30,168,17,0.071218,True
real_000277.txt,13,14,1,0.000267,True
real_000278.txt,10,27,4,0.002038,True
real_000279.txt,15,20,2,0.000794,True
real_000280.txt,12,26,5,0.00247,True
real_000281.txt,24,40,8,0.008887,True
real_000282.txt,32,75,7,0.018851,True
real_000283.txt,10,12,2,0.000538,True
real_000284.txt,23,51,8,0.013356,True
real_000285.txt,28,136,10,0.045876,True
real_000286.txt,28,63,7,0.015522,True
real_000287.txt,25,58,9,0.007421,True
real_000288.txt,13,21,4,0.001832,True
real_000289.txt,16,24,3,0.001042,True
real_000290.txt,27,55,11,0.018556,True
real_000291.txt,13,14,1,0.000239,True
real_000292.txt,12,27,4,0.001992,True
real_000293.txt,17,19,2,0.0004,True
real_000294.txt,20,32,6,0.003499,True
real_000295.txt,23,51,8,0.013331,True
real_000296.txt,26,49,8,0.005792,True
real_000297.txt,23,51,8,0.013073,True
real_000298.txt,27,65,6,0.017285,True
real_000299.txt,32,69,13,0.02802,True
real_000300.txt,17,19,2,0.000395,True
real_000301.txt,10,17,4,0.001204,True
real_000302.txt,26,60,8,0.015001,True
real_000303.txt,13,14,1,0.000246,True
real_000304.txt,13,22,2,0.001139,True
real_000305.txt,15,28,4,0.001767,True
real_000306.txt,29,53,7,0.0109,True
real_000307.txt,21,35,6,0.004591,True
real_000308.txt,17,35,7,0.004322,True
real_000309.txt,30,62,12,0.021308,True
real_000310.txt,11,34,5,0.00279,True
real_000311.txt,13,14,1,0.000299,True
real_000312.txt,23,46,7,0.005698,True
real_000313.txt,16,33,4,0.002768,True
real_000314.txt,30,53,9,0.012502,True
real_000315.txt,16,29,6,0.002906,True
real_000316.txt,16,29,6,0.002866,True
real_000317.txt,24,39,4,0.003346,True
real_000318.txt,25,46,10,0.012666,True
real_000319.txt,21,70,11,0.011516,True
real_000320.txt,26,84,11,0.011979,True
real_000321.txt,12,27,5,0.002344,True
real_000322.txt,23,51,8,0.014048,True
real_000323.txt,12,24,3,0.001393,True
real_000324.txt,35,73,7,0.015634,True
real_000325.txt,10,15,2,0.000734,True
real_000326.txt,16,49,7,0.005653,True
real_000327.txt,15,34,5,0.002573,True
real_000328.txt,23,51,8,0.013104,True
real_000329.txt,16,24,3,0.000947,True
real_000330.txt,23,53,6,0.00577,True
real_000331.txt,13,14,1,0.000292,True
real_000332.txt,16,37,5,0.003592,True
real_000333.txt,35,172,13,0.079281,True
real_000334.txt,17,19,2,0.000397,True
real_000335.txt,30,93,13,0.031204,True
real_000336.txt,24,43,7,0.005262,True
real_000337.txt,28,60,6,0.013088,True
real_000338.txt,24,135,12,0.045516,True
real_000339.txt,33,59,11,0.019174,True
real_000340.txt,15,20,2,0.00063,True
real_000341.txt,29,302,21,0.141343,True
real_000342.txt,23,51,8,0.012964,True
real_000343.txt,13,14,1,0.000277,True
real_000344.txt,13,14,1,0.000264,True
real_000345.txt,15,20,2,0.000632,True
real_000346.txt,16,29,2,0.001804,True
real_000347.txt,33,99,12,0.036801,True
real_000348.txt,23,76,10,0.011545,True
real_000349.txt,32,116,9,0.036216,True
real_000350.txt,18,33,7,0.004457,True
real_000351.txt,22,90,10,0.026231,True
real_000352.txt,10,38,6,0.002992,True
real_000353.txt,17,31,4,0.002377,True
real_000354.txt,32,146,16,0.067277,True
real_000355.txt,10,17,4,0.001211,True
real_000356.txt,15,20,2,0.000652,True
real_000357.txt,35,138,17,0.066027,True
real_000358.txt,15,20,2,0.000659,True
real_000359.txt,10,10,1,0.000156,True
real_000360.txt,15,30,5,0.003029,True
real_000361.txt,10,15,2,0.000559,True
real_000362.txt,13,14,1,0.00026,True
real_000363.txt,13,14,1,0.000235,True
real_000364.txt,10,17,4,0.001208,True
real_000365.txt,26,41,3,0.003142,True
real_000366.txt,16,28,6,0.003189,True
real_000367.txt,18,57,8,0.007297,True
real_000368.txt,20,65,6,0.007761,True
real_000369.txt,24,204,17,0.078791,True
real_000370.txt,10,16,4,0.001413,True
real_000371.txt,11,16,2,0.000657,True
real_000372.txt,30,85,11,0.026843,True
real_000373.txt,25,46,10,0.012328,True
real_000374.txt,10,17,4,0.001219,True
real_000375.txt,14,24,3,0.001855,True
real_000376.txt,19,42,6,0.005108,True
real_000377.txt,17,28,6,0.003051,True
real_000378.txt,23,43,7,0.00554,True
real_000379.txt,25,56,6,0.011836,True
real_000380.txt,13,25,4,0.001889,True
real_000381.txt,31,54,9,0.015334,True
real_000382.txt,31,80,9,0.022254,True
real_000383.txt,13,26,3,0.001657,True
real_000384.txt,23,51,8,0.01378,True
real_000385.txt,10,17,4,0.001199,True
real_000386.txt,23,38,7,0.007976,True
real_000387.txt,12,19,4,0.001512,True
real_000388.txt,13,25,2,0.00161,True
real_000389.txt,26,48,8,0.011173,True
real_000390.txt,12,28,4,0.002066,True
real_000391.txt,27,46,9,0.013206,True
real_000392.txt,26,190,19,0.076668,True
real_000393.txt,28,71,7,0.016225,True
real_000394.txt,13,14,1,0.000233,True
real_000395.txt,24,70,10,0.011047,True
real_000396.txt,13,14,1,0.000244,True
real_000397.txt,31,71,6,0.016515,True
real_000398.txt,16,35,3,0.002427,True
real_000399.txt,15,35,4,0.003128,True
real_000400.txt,13,14,1,0.000236,True
real_000401.txt,32,52,3,0.003527,True
real_000402.txt,17,19,2,0.000394,True
real_000403.txt,16,29,6,0.003058,True
real_000404.txt,10,17,4,0.001209,True
real_000405.txt,10,17,4,0.001461,True
real_000406.txt,33,91,8,0.028783,True
real_000407.txt,35,146,17,0.068884,True
real_000408.txt,17,19,2,0.000459,True
real_000409.txt,19,43,4,0.003785,True
real_000410.txt,23,62,10,0.016743,True
real_000411.txt,15,17,2,0.000659,True
real_000412.txt,13,14,1,0.000293,True
real_000413.txt,22,128,12,0.031667,True
real_000414.txt,28,57,11,0.021955,True
real_000415.txt,15,72,9,0.009175,True
real_000416.txt,35,136,15,0.063311,True
real_000417.txt,11,11,1,0.000218,True
real_000418.txt,10,17,4,0.001321,True
real_000419.txt,13,21,3,0.001587,True
real_000420.txt,24,54,7,0.012496,True
real_000421.txt,30,56,9,0.00737,True
real_000422.txt,30,41,4,0.002855,True
real_000423.txt,32,74,7,0.020222,True
real_000424.txt,10,10,1,0.00028,True
real_000425.txt,10,13,2,0.000597,True
real_000426.txt,19,34,5,0.003076,True
real_000427.txt,26,169,17,0.061615,True
real_000428.txt,23,51,8,0.013015,True
real_000429.txt,10,19,3,0.001329,True
real_000430.txt,13,14,1,0.000319,True
real_000431.txt,34,76,14,0.033717,True
real_000432.txt,29,62,4,0.010933,True
real_000433.txt,15,55,7,0.006663,True
real_000434.txt,23,51,8,0.013312,True
real_000435.txt,21,76,7,0.011507,True
real_000436.txt,12,62,8,0.005896,True
real_000437.txt,19,47,6,0.005655,True
real_000438.txt,25,28,2,0.000657,True
real_000439.txt,13,14,1,0.000308,True
real_000440.txt,25,79,11,0.026963,True
real_000441.txt,27,46,9,0.011561,True
real_000442.txt,31,53,3,0.004046,True
real_000443.txt,13,14,1,0.000332,True
real_000444.txt,27,46,9,0.013097,True
real_000445.txt,21,39,4,0.003283,True
real_000446.txt,22,51,7,0.006405,True
real_000447.txt,20,157,13,0.034527,True
real_000448.txt,13,14,1,0.000329,True
real_000449.txt,10,17,4,0.001267,True
real_000450.txt,13,14,1,0.000299,True
real_000451.txt,12,12,1,0.000227,True
real_000452.txt,18,56,7,0.006912,True
real_000453.txt,22,75,11,0.023682,True
real_000454.txt,18,30,3,0.001677,True
real_000455.txt,20,66,8,0.009436,True
real_000456.txt,13,14,1,0.000308,True
real_000457.txt,13,14,1,0.00031,True
real_000458.txt,35,152,20,0.076673,True
real_000459.txt,10,22,4,0.001677,True
real_000460.txt,13,14,1,0.000343,True
real_000461.txt,17,24,4,0.001527,True
real_000462.txt,10,17,4,0.001254,True
real_000463.txt,12,28,4,0.002236,True
real_000464.txt,11,25,5,0.001847,True
real_000465.txt,17,31,6,0.004344,True
real_000466.txt,22,39,5,0.003748,True
real_000467.txt,32,53,5,0.010301,True
real_000468.txt,11,12,1,0.000494,True
real_000469.txt,16,25,5,0.002965,True
real_000470.txt,26,77,10,0.023674,True
real_000471.txt,32,57,10,0.017328,True
real_000472.txt,11,22,4,0.002064,True
real_000473.txt,22,36,7,0.007292,True
real_000474.txt,13,14,1,0.000326,True
real_000475.txt,16,33,5,0.003635,True
real_000476.txt,16,31,5,0.002651,True
real_000477.txt,28,65,6,0.0153,True
real_000478.txt,31,154,13,0.057912,True
real_000479.txt,18,34,4,0.002461,True
real_000480.txt,27,57,9,0.01712,True
real_000481.txt,18,58,6,0.00647,True
real_000482.txt,31,136,15,0.073411,True
real_000483.txt,17,19,2,0.000457,True
real_000484.txt,28,73,8,0.017312,True
real_000485.txt,13,25,4,0.001703,True
real_000486.txt,24,49,6,0.005161,True
real_000487.txt,32,79,11,0.026105,True
real_000488.txt,23,57,6,0.007184,True
real_000489.txt,17,76,9,0.009443,True
real_000490.txt,13,14,1,0.000332,True
real_000491.txt,20,35,7,0.004971,True
real_000492.txt,18,59,8,0.008058,True
real_000493.txt,14,26,4,0.001926,True
real_000494.txt,30,56,8,0.014003,True
real_000495.txt,30,58,6,0.013279,True
real_000496.txt,26,43,4,0.00345,True
real_000497.txt,17,19,2,0.000455,True
real_000498.txt,32,89,11,0.030591,True
real_000499.txt,16,33,5,0.003582,True
real_000500.txt,23,37,7,0.008261,True
real_000501.txt,29,133,14,0.0531,True
real_000502.txt,18,29,5,0.002593,True
real_000503.txt,35,64,12,0.023,True
real_000504.txt,18,28,3,0.001847,True
real_000505.txt,35,91,8,0.024372,True
real_000506.txt,15,31,6,0.003351,True
real_000507.txt,17,19,2,0.00058,True
real_000508.txt,27,46,9,0.012781,True
real_000509.txt,13,14,1,0.000331,True
real_000510.txt,13,14,1,0.00031,True
real_000511.txt,33,115,9,0.03755,True
real_000512.txt,22,40,9,0.010278,True
real_000513.txt,20,58,9,0.007696,True
real_000514.txt,15,23,4,0.001805,True
real_000515.txt,34,95,10,0.029332,True
real_000516.txt,15,20,2,0.000724,True
real_000517.txt,15,20,2,0.000686,True
real_000518.txt,13,14,1,0.000327,True
real_000519.txt,13,14,1,0.0003,True
real_000520.txt,17,37,6,0.004438,True
real_000521.txt,11,13,2,0.000331,True
real_000522.txt,14,17,1,0.000597,True
real_000523.txt,14,21,3,0.001312,True
real_000524.txt,29,61,12,0.020477,True
real_000525.txt,30,69,8,0.018678,True
real_000526.txt,34,78,7,0.020378,True
real_000527.txt,27,46,9,0.011882,True
real_000528.txt,13,14,1,0.000315,True
real_000529.txt,16,47,6,0.004754,True
real_000530.txt,10,21,3,0.001105,True
real_000531.txt,28,80,10,0.022778,True
real_000532.txt,13,14,1,0.000332,True
real_000533.txt,13,18,2,0.000834,True
real_000534.txt,25,46,10,0.012507,True
real_000535.txt,23,51,8,0.012999,True
real_000536.txt,13,14,1,0.0003,True
real_000537.txt,25,46,10,0.012773,True
real_000538.txt,26,45,7,0.005317,True
real_000539.txt,14,36,5,0.002997,True
real_000540.txt,20,36,4,0.002336,True
real_000541.txt,11,17,2,0.000933,True
real_000542.txt,18,29,5,0.003252,True
real_000543.txt,21,101,12,0.019812,True
real_000544.txt,35,135,14,0.064403,True
real_000545.txt,30,62,12,0.021826,True
real_000546.txt,19,43,6,0.004914,True
real_000547.txt,28,68,7,0.016987,True
real_000548.txt,25,46,10,0.013349,True
real_000549.txt,17,19,2,0.0005,True
real_000550.txt,16,34,5,0.003334,True
real_000551.txt,29,60,12,0.019746,True
real_000552.txt,16,33,5,0.003641,True
real_000553.txt,34,64,8,0.0168,True
real_000554.txt,13,14,1,0.000323,True
real_000555.txt,27,46,9,0.012735,True
real_000556.txt,15,29,3,0.001924,True
real_000557.txt,17,19,2,0.000476,True
real_000558.txt,10,17,4,0.001286,True
real_000559.txt,14,47,5,0.004495,True
real_000560.txt,17,19,2,0.000657,True
real_000561.txt,10,15,2,0.000989,True
real_000562.txt,17,19,2,0.000477,True
real_000563.txt,34,78,7,0.021292,True
real_000564.txt,23,51,8,0.014183,True
real_000565.txt,27,170,19,0.077626,True
real_000566.txt,22,37,4,0.00325,True
real_000567.txt,10,17,4,0.001277,True
real_000568.txt,10,17,4,0.00128,True
real_000569.txt,25,46,10,0.012989,True
real_000570.txt,20,42,7,0.005946,True
real_000571.txt,25,46,10,0.01293,True
real_000572.txt,25,46,10,0.012761,True
real_000573.txt,30,332,22,0.18622,True
real_000574.txt,24,36,4,0.003057,True
real_000575.txt,13,14,1,0.000319,True
real_000576.txt,13,14,1,0.000328,True
real_000577.txt,28,174,17,0.074304,True
real_000578.txt,22,28,1,0.001078,True
real_000579.txt,18,39,4,0.003654,True
real_000580.txt,10,17,4,0.001255,True
real_000581.txt,29,56,7,0.012796,True
real_000582.txt,18,33,3,0.002215,True
real_000583.txt,22,62,9,0.008933,True
real_000584.txt,13,24,2,0.001472,True
real_000585.txt,32,89,11,0.03027,True
real_000586.txt,27,46,9,0.012251,True
real_000587.txt,16,32,2,0.001994,True
real_000588.txt,34,87,12,0.03885,True
real_000589.txt,25,55,4,0.005323,True
real_000590.txt,10,16,3,0.001018,True
real_000591.txt,25,46,10,0.013615,True
real_000592.txt,33,113,17,0.048691,True
real_000593.txt,12,20,4,0.001553,True
real_000594.txt,22,66,11,0.010686,True
real_000595.txt,27,41,5,0.003658,True
real_000596.txt,27,56,7,0.006681,True
real_000597.txt,30,48,5,0.008003,True
real_000598.txt,31,66,11,0.019583,True
real_000599.txt,23,51,8,0.013108,True
real_000600.txt,15,40,8,0.004477,True
real_000601.txt,11,18,3,0.001009,True
real_000602.txt,12,25,4,0.001793,True
real_000603.txt,23,51,8,0.013569,True
real_000604.txt,13,14,1,0.000246,True
real_000605.txt,10,10,1,0.000154,True
real_000606.txt,13,14,1,0.00024,True
real_000607.txt,32,255,20,0.149837,True
real_000608.txt,12,12,1,0.000159,True
real_000609.txt,12,21,5,0.001901,True
real_000610.txt,10,16,3,0.000947,True
real_000611.txt,30,134,15,0.057291,True
real_000612.txt,16,28,3,0.001673,True
real_000613.txt,27,98,10,0.031089,True
real_000614.txt,33,74,9,0.022821,True
real_000615.txt,14,23,2,0.001161,True
real_000616.txt,34,118,9,0.040696,True
real_000617.txt,10,11,1,0.000236,True
real_000618.txt,25,46,10,0.012713,True
real_000619.txt,10,16,3,0.001036,True
real_000620.txt,22,37,7,0.008211,True
real_000621.txt,15,20,2,0.000687,True
real_000622.txt,28,65,7,0.016848,True
real_000623.txt,14,27,4,0.002245,True
real_000624.txt,24,45,6,0.005153,True
real_000625.txt,15,60,8,0.009006,True
real_000626.txt,13,14,1,0.000246,True
real_000627.txt,13,14,1,0.000283,True
real_000628.txt,13,14,1,0.000266,True
real_000629.txt,22,48,4,0.004786,True
real_000630.txt,12,22,3,0.00162,True
real_000631.txt,23,61,7,0.014698,True
real_000632.txt,13,14,1,0.000241,True
real_000633.txt,17,31,7,0.004011,True
real_000634.txt,29,54,8,0.013266,True
real_000635.txt,22,61,6,0.006171,True
real_000636.txt,19,33,2,0.001608,True
real_000637.txt,16,17,1,0.000232,True
real_000638.txt,32,67,9,0.016217,True
real_000639.txt,21,66,9,0.010285,True
real_000640.txt,27,74,9,0.020454,True
real_000641.txt,11,26,5,0.001678,True
real_000642.txt,23,51,8,0.013047,True
real_000643.txt,18,57,8,0.007298,True
real_000644.txt,16,18,2,0.000397,True
real_000645.txt,15,22,3,0.000995,True
real_000646.txt,13,14,1,0.000266,True
real_000647.txt,16,33,3,0.002515,True
real_000648.txt,10,10,1,0.000153,True
real_000649.txt,28,52,8,0.013051,True
real_000650.txt,20,51,7,0.005972,True
real_000651.txt,14,31,4,0.002418,True
real_000652.txt,11,18,2,0.000872,True
real_000653.txt,33,80,7,0.025278,True
real_000654.txt,13,14,1,0.000259,True
real_000655.txt,13,14,1,0.000236,True
real_000656.txt,27,39,4,0.002255,True
real_000657.txt,31,67,12,0.02501,True
real_000658.txt,14,19,2,0.000743,True
real_000659.txt,17,19,2,0.000442,True
real_000660.txt,32,139,13,0.050379,True
real_000661.txt,14,50,6,0.004903,True
real_000662.txt,13,14,1,0.00024,True
real_000663.txt,10,17,4,0.001227,True
real_000664.txt,13,18,2,0.000761,True
real_000665.txt,29,187,14,0.075924,True
real_000666.txt,21,39,4,0.002941,True
real_000667.txt,15,34,6,0.003572,True
real_000668.txt,14,63,8,0.007455,True
real_000669.txt,33,52,8,0.00935,True
real_000670.txt,26,72,10,0.021084,True
real_000671.txt,31,73,7,0.019144,True
real_000672.txt,17,19,2,0.000392,True
real_000673.txt,22,45,4,0.005366,True
real_000674.txt,13,14,1,0.000301,True
real_000675.txt,23,92,9,0.026489,True
real_000676.txt,23,38,7,0.007456,True
real_000677.txt,35,107,13,0.039263,True
real_000678.txt,10,16,4,0.001345,True
real_000679.txt,34,134,14,0.055395,True
real_000680.txt,10,17,4,0.001184,True
real_000681.txt,19,34,3,0.002851,True
real_000682.txt,17,19,2,0.000395,True
real_000683.txt,16,23,3,0.001081,True
real_000684.txt,12,18,1,0.000635,True
real_000685.txt,26,57,10,0.019063,True
real_000686.txt,10,15,2,0.000569,True
real_000687.txt,10,17,4,0.001285,True
real_000688.txt,17,19,2,0.000429,True
real_000689.txt,13,14,1,0.000271,True
real_000690.txt,20,42,4,0.003698,True
real_000691.txt,22,129,15,0.024734,True
real_000692.txt,25,112,9,0.03299,True
real_000693.txt,12,23,3,0.001582,True
real_000694.txt,10,36,5,0.003079,True
real_000695.txt,14,16,2,0.000509,True
real_000696.txt,23,51,8,0.013061,True
real_000697.txt,11,29,4,0.002229,True
real_000698.txt,29,84,11,0.028325,True
real_000699.txt,28,72,10,0.023069,True
real_000700.txt,20,63,9,0.007842,True
real_000701.txt,20,166,16,0.0315,True
real_000702.txt,27,46,9,0.012298,True
real_000703.txt,23,115,12,0.03707,True
real_000704.txt,10,10,1,0.00024,True
real_000705.txt,13,14,1,0.000316,True
real_000706.txt,24,77,7,0.018995,True
real_000707.txt,33,76,7,0.023916,True
real_000708.txt,32,48,3,0.002629,True
real_000709.txt,13,14,1,0.000299,True
real_000710.txt,10,17,4,0.001293,True
real_000711.txt,24,136,15,0.047044,True
real_000712.txt,13,14,1,0.000309,True
real_000713.txt,26,43,8,0.010535,True
real_000714.txt,18,35,6,0.003504,True
real_000715.txt,13,31,3,0.002621,True
real_000716.txt,16,34,6,0.00369,True
real_000717.txt,31,85,10,0.026375,True
real_000718.txt,22,48,8,0.010319,True
real_000719.txt,25,46,10,0.012396,True
real_000720.txt,29,54,7,0.013742,True
real_000721.txt,17,19,2,0.000512,True
real_000722.txt,17,19,2,0.0005,True
real_000723.txt,10,17,4,0.001285,True
real_000724.txt,25,46,10,0.013361,True
real_000725.txt,11,21,4,0.00182,True
real_000726.txt,17,28,6,0.003035,True
real_000727.txt,13,14,1,0.000349,True
real_000728.txt,24,43,9,0.010732,True
real_000729.txt,27,46,9,0.012979,True
real_000730.txt,10,15,4,0.001238,True
real_000731.txt,14,31,4,0.002933,True
real_000732.txt,12,22,4,0.001942,True
real_000733.txt,23,38,7,0.008095,True
real_000734.txt,14,24,4,0.001962,True
real_000735.txt,17,37,6,0.003984,True
real_000736.txt,32,153,15,0.070125,True
real_000737.txt,29,86,7,0.023325,True
real_000738.txt,13,14,1,0.00031,True
real_000739.txt,19,38,2,0.002622,True
real_000740.txt,10,14,2,0.000779,True
real_000741.txt,21,37,8,0.00532,True
real_000742.txt,12,42,6,0.003766,True
real_000743.txt,35,77,14,0.032368,True
real_000744.txt,22,48,8,0.009927,True
real_000745.txt,12,31,4,0.002598,True
real_000746.txt,18,26,4,0.001296,True
real_000747.txt,19,89,11,0.015579,True
real_000748.txt,31,66,7,0.01567,True
real_000749.txt,13,14,1,0.000315,True
real_000750.txt,17,19,2,0.000472,True
real_000751.txt,28,90,10,0.026135,True
real_000752.txt,34,62,8,0.014896,True
real_000753.txt,10,17,2,0.000977,True
real_000754.txt,27,50,8,0.010901,True
real_000755.txt,35,67,11,0.024671,True
real_000756.txt,19,40,7,0.005308,True
real_000757.txt,11,29,6,0.002623,True
real_000758.txt,26,60,12,0.017933,True
real_000759.txt,10,17,4,0.001323,True
real_000760.txt,18,30,3,0.001704,True
real_000761.txt,28,87,11,0.037026,True
real_000762.txt,10,17,3,0.000899,True
real_000763.txt,15,20,2,0.00064,True
real_000764.txt,33,66,6,0.01569,True
real_000765.txt,26,82,12,0.014528,True
real_000766.txt,33,206,14,0.091819,True
real_000767.txt,23,51,8,0.012805,True
real_000768.txt,25,46,5,0.009168,True
real_000769.txt,22,40,8,0.009792,True
real_000770.txt,24,39,7,0.007921,True
real_000771.txt,17,68,8,0.010724,True
real_000772.txt,24,73,7,0.011215,True
real_000773.txt,31,64,12,0.025625,True
real_000774.txt,21,55,7,0.006763,True
real_000775.txt,18,36,6,0.004742,True
real_000776.txt,17,19,2,0.00052,True
real_000777.txt,13,14,1,0.000303,True
real_000778.txt,11,11,1,0.000312,True
real_000779.txt,31,102,15,0.0419,True
real_000780.txt,12,21,3,0.001269,True
real_000781.txt,32,58,5,0.011937,True
real_000782.txt,13,14,1,0.000316,True
real_000783.txt,23,118,12,0.036102,True
real_000784.txt,22,25,1,0.000725,True
real_000785.txt,15,20,2,0.000755,True
real_000786.txt,16,22,2,0.001251,True
real_000787.txt,15,20,2,0.000761,True
real_000788.txt,20,74,9,0.008992,True
real_000789.txt,17,19,2,0.000477,True
real_000790.txt,15,51,8,0.006229,True
real_000791.txt,13,14,1,0.000327,True
real_000792.txt,35,58,5,0.009854,True
real_000793.txt,16,34,6,0.003581,True
real_000794.txt,34,111,16,0.049611,True
real_000795.txt,18,78,9,0.011462,True
real_000796.txt,25,74,6,0.017127,True
real_000797.txt,13,14,1,0.000322,True
real_000798.txt,26,142,15,0.050331,True
real_000799.txt,15,30,2,0.001955,True
real_000800.txt,20,32,6,0.004006,True
real_000801.txt,17,19,2,0.000506,True
real_000802.txt,11,17,1,0.000931,True
real_000803.txt,13,14,1,0.000512,True
real_000804.txt,22,38,3,0.003517,True
real_000805.txt,25,57,7,0.007798,True
real_000806.txt,10,17,4,0.001224,True
real_000807.txt,31,55,9,0.013608,True
real_000808.txt,20,33,6,0.004132,True
real_000809.txt,13,25,4,0.00157,True
real_000810.txt,10,16,3,0.001168,True
real_000811.txt,10,17,4,0.001358,True
real_000812.txt,33,53,5,0.009005,True
real_000813.txt,17,39,4,0.003092,True
real_000814.txt,17,19,2,0.000594,True
real_000815.txt,11,12,1,0.000255,True
real_000816.txt,32,48,4,0.007399,True
real_000817.txt,13,14,1,0.000245,True
real_000818.txt,15,26,4,0.00196,True
real_000819.txt,13,14,1,0.000257,True
real_000820.txt,17,34,5,0.00333,True
real_000821.txt,15,20,2,0.000626,True
real_000822.txt,23,51,8,0.014795,True
real_000823.txt,13,14,1,0.000297,True
real_000824.txt,17,19,2,0.000403,True
real_000825.txt,13,14,1,0.000318,True
real_000826.txt,13,24,4,0.001781,True
real_000827.txt,13,23,5,0.002012,True
real_000828.txt,27,55,11,0.01674,True
real_000829.txt,29,88,9,0.023334,True
real_000830.txt,20,43,5,0.004247,True
real_000831.txt,17,96,10,0.015035,True
real_000832.txt,13,14,1,0.000382,True
real_000833.txt,27,46,9,0.011927,True
real_000834.txt,25,55,9,0.015254,True
real_000835.txt,15,28,5,0.002678,True
real_000836.txt,27,46,9,0.01183,True
real_000837.txt,15,20,2,0.000661,True
real_000838.txt,23,51,8,0.013126,True
real_000839.txt,13,14,1,0.000457,True
real_000840.txt,29,50,8,0.011867,True
real_000841.txt,32,89,11,0.03073,True
real_000842.txt,17,19,2,0.000414,True
real_000843.txt,17,19,2,0.00044,True
real_000844.txt,12,17,1,0.000849,True
real_000845.txt,28,121,14,0.048177,True
real_000846.txt,12,37,6,0.003663,True
real_000847.txt,14,19,2,0.000831,True
real_000848.txt,27,134,18,0.059993,True
real_000849.txt,17,19,2,0.000414,True
real_000850.txt,15,20,2,0.000793,True
real_000851.txt,15,20,2,0.000638,True
real_000852.txt,24,43,7,0.005102,True
real_000853.txt,12,24,4,0.00122,True
real_000854.txt,19,38,3,0.002877,True
real_000855.txt,13,14,1,0.000312,True
real_000856.txt,13,14,1,0.000337,True
real_000857.txt,17,27,5,0.002534,True
real_000858.txt,27,56,11,0.018237,True
real_000859.txt,12,23,3,0.001737,True
real_000860.txt,34,160,13,0.079899,True
real_000861.txt,20,36,6,0.005805,True
real_000862.txt,15,74,9,0.010085,True
real_000863.txt,23,40,6,0.005631,True
real_000864.txt,13,14,1,0.000517,True
real_000865.txt,23,52,8,0.007437,True
real_000866.txt,15,20,2,0.000987,True
real_000867.txt,16,25,5,0.002791,True
real_000868.txt,28,192,15,0.082582,True
real_000869.txt,34,63,10,0.022308,True
real_000870.txt,19,31,3,0.001969,True
real_000871.txt,10,17,4,0.001233,True
real_000872.txt,25,57,6,0.012308,True
real_000873.txt,19,31,6,0.004028,True
real_000874.txt,30,111,16,0.05036,True
real_000875.txt,13,14,1,0.00024,True
real_000876.txt,34,73,13,0.030901,True
real_000877.txt,31,95,8,0.028864,True
real_000878.txt,24,57,6,0.00673,True
real_000879.txt,19,31,5,0.002828,True
real_000880.txt,10,19,3,0.001067,True
real_000881.txt,26,59,6,0.012458,True
real_000882.txt,11,19,4,0.001472,True
real_000883.txt,32,58,8,0.013629,True
real_000884.txt,29,48,5,0.003362,True
real_000885.txt,31,67,12,0.025023,True
real_000886.txt,27,46,9,0.012007,True
real_000887.txt,10,17,4,0.001172,True
real_000888.txt,17,19,2,0.000414,True
real_000889.txt,13,24,4,0.001811,True
real_000890.txt,10,10,1,0.000151,True
real_000891.txt,18,70,7,0.009675,True
real_000892.txt,13,14,1,0.00024,True
real_000893.txt,14,20,2,0.00103,True
real_000894.txt,13,14,1,0.000249,True
real_000895.txt,17,19,2,0.000427,True
real_000896.txt,34,227,14,0.125233,True
real_000897.txt,28,74,8,0.017508,True
real_000898.txt,34,74,14,0.031806,True
real_000899.txt,33,61,10,0.019262,True
real_000900.txt,13,14,1,0.000237,True
real_000901.txt,10,17,4,0.001223,True
real_000902.txt,25,46,10,0.011974,True
real_000903.txt,15,20,2,0.000942,True
real_000904.txt,12,23,4,0.001736,True
real_000905.txt,10,11,1,0.000238,True
real_000906.txt,15,20,1,0.000927,True
real_000907.txt,33,345,19,0.173427,True
real_000908.txt,21,37,6,0.003809,True
real_000909.txt,11,13,1,0.000398,True
real_000910.txt,22,40,8,0.008946,True
real_000911.txt,10,17,4,0.001282,True
real_000912.txt,18,31,5,0.002843,True
real_000913.txt,27,86,10,0.024539,True
real_000914.txt,11,22,3,0.001505,True
real_000915.txt,31,87,11,0.026422,True
real_000916.txt,26,57,7,0.013272,True
real_000917.txt,15,20,2,0.000739,True
real_000918.txt,10,17,4,0.001263,True
real_000919.txt,11,24,4,0.001883,True
real_000920.txt,33,76,7,0.021688,True
real_000921.txt,13,36,6,0.003684,True
real_000922.txt,12,16,2,0.000648,True
real_000923.txt,19,55,8,0.007086,True
real_000924.txt,30,108,10,0.039824,True
real_000925.txt,32,268,21,0.131174,True
real_000926.txt,22,30,1,0.001377,True
real_000927.txt,32,49,6,0.00852,True
real_000928.txt,29,63,5,0.011372,True
real_000929.txt,24,58,5,0.010099,True
real_000930.txt,15,27,5,0.002595,True
real_000931.txt,23,38,6,0.003734,True
real_000932.txt,13,14,1,0.000338,True
real_000933.txt,24,55,6,0.010966,True
real_000934.txt,13,14,1,0.00031,True
real_000935.txt,19,32,3,0.001744,True
real_000936.txt,29,80,7,0.022023,True
real_000937.txt,19,75,9,0.01272,True
real_000938.txt,33,77,9,0.023642,True
real_000939.txt,12,13,1,0.000328,True
real_000940.txt,21,34,7,0.00603,True
real_000941.txt,14,30,5,0.002134,True
real_000942.txt,26,47,5,0.007852,True
real_000943.txt,23,141,12,0.054214,True
real_000944.txt,35,174,16,0.083509,True
real_000945.txt,13,21,4,0.00173,True
real_000946.txt,15,20,2,0.000631,True
real_000947.txt,28,75,6,0.017372,True
real_000948.txt,15,46,6,0.003907,True
real_000949.txt,19,41,8,0.005599,True
real_000950.txt,21,37,4,0.003586,True
real_000951.txt,29,59,11,0.018654,True
real_000952.txt,20,36,4,0.002674,True
real_000953.txt,30,61,10,0.019875,True
real_000954.txt,13,45,6,0.004345,True
real_000955.txt,35,275,26,0.160794,True
real_000956.txt,15,20,2,0.000665,True
real_000957.txt,15,20,2,0.000668,True
real_000958.txt,17,39,5,0.004217,True
real_000959.txt,31,66,9,0.018332,True
real_000960.txt,11,46,8,0.003266,True
real_000961.txt,33,72,6,0.016789,True
real_000962.txt,29,74,11,0.020258,True
real_000963.txt,27,67,7,0.017517,True
real_000964.txt,20,65,9,0.007561,True
real_000965.txt,16,26,3,0.001786,True
real_000966.txt,13,14,1,0.000342,True
real_000967.txt,13,14,1,0.000328,True
real_000968.txt,27,46,9,0.012012,True
real_000969.txt,25,46,10,0.012461,True
real_000970.txt,22,34,3,0.002179,True
real_000971.txt,29,80,10,0.022941,True
real_000972.txt,10,17,3,0.001248,True
real_000973.txt,19,49,8,0.006773,True
real_000974.txt,10,17,4,0.00129,True
real_000975.txt,10,15,3,0.001044,True
real_000976.txt,15,76,8,0.010027,True
real_000977.txt,13,14,1,0.000314,True
real_000978.txt,27,59,10,0.018575,True
real_000979.txt,16,23,3,0.001045,True
real_000980.txt,10,17,4,0.00127,True
real_000981.txt,13,14,1,0.000322,True
real_000982.txt,25,51,5,0.003504,True
real_000983.txt,27,141,15,0.061313,True
real_000984.txt,30,96,8,0.027199,True
real_000985.txt,23,51,8,0.013576,True
real_000986.txt,12,32,6,0.001806,True
real_000987.txt,23,41,8,0.008931,True
real_000988.txt,21,47,8,0.006394,True
real_000989.txt,13,14,1,0.000299,True
real_000990.txt,19,29,6,0.003457,True
real_000991.txt,17,19,2,0.000453,True
real_000992.txt,23,51,8,0.0136,True
real_000993.txt,24,60,6,0.00732,True
real_000994.txt,31,75,9,0.022682,True
real_000995.txt,34,96,6,0.024979,True
real_000996.txt,15,105,13,0.011659,True
real_000997.txt,13,14,1,0.000318,True
real_000998.txt,10,17,4,0.00125,True
real_000999.txt,11,24,4,0.002029,True
real_001000.txt,25,46,10,0.012473,True
real_001001.txt,18,71,7,0.008599,True
real_001002.txt,14,25,5,0.002418,True
real_001003.txt,15,20,2,0.00073,True
real_001004.txt,24,57,6,0.013031,True
real_001005.txt,12,21,3,0.001246,True
real_001006.txt,32,89,11,0.032748,True
real_001007.txt,27,59,10,0.018898,True
real_001008.txt,18,29,5,0.003268,True
real_001009.txt,24,46,8,0.010744,True
real_001010.txt,13,14,1,0.000332,True
real_001011.txt,20,64,5,0.005998,True
real_001012.txt,13,14,1,0.000451,True
real_001013.txt,32,159,14,0.066597,True
real_001014.txt,23,103,11,0.032551,True
real_001015.txt,11,14,2,0.000604,True
real_001016.txt,27,118,14,0.04552,True
real_001017.txt,26,57,10,0.019557,True
real_001018.txt,10,17,4,0.001701,True
real_001019.txt,15,20,2,0.000707,True
real_001020.txt,24,73,11,0.020792,True
real_001021.txt,15,20,2,0.00072,True
real_001022.txt,18,30,6,0.003763,True
real_001023.txt,13,18,2,0.000831,True
real_001024.txt,25,56,5,0.005705,True
real_001025.txt,23,51,8,0.013274,True
real_001026.txt,10,20,4,0.001497,True
real_001027.txt,34,185,19,0.081426,True
real_001028.txt,13,14,1,0.000313,True
real_001029.txt,26,51,6,0.009226,True
real_001030.txt,32,89,11,0.030417,True
real_001031.txt,25,46,10,0.012323,True
real_001032.txt,30,65,12,0.024866,True
real_001033.txt,16,41,5,0.004163,True
real_001034.txt,24,36,4,0.003246,True
real_001035.txt,32,89,11,0.031768,True
real_001036.txt,13,14,1,0.00035,True
real_001037.txt,17,28,6,0.003101,True
real_001038.txt,13,14,1,0.000312,True
real_001039.txt,17,58,7,0.006535,True
real_001040.txt,24,39,7,0.007422,True
real_001041.txt,29,68,7,0.016392,True
real_001042.txt,23,50,7,0.006096,True
real_001043.txt,34,78,7,0.020837,True
real_001044.txt,20,131,11,0.027305,True
real_001045.txt,15,20,2,0.000735,True
real_001046.txt,18,45,5,0.004872,True
real_001047.txt,29,68,6,0.016203,True
real_001048.txt,31,58,6,0.01068,True
real_001049.txt,32,292,24,0.139933,True
real_001050.txt,23,51,8,0.013372,True
real_001051.txt,29,56,5,0.007513,True
real_001052.txt,15,37,5,0.00327,True
real_001053.txt,13,14,1,0.000333,True
real_001054.txt,33,80,10,0.027827,True
real_001055.txt,31,75,9,0.020158,True
real_001056.txt,16,25,5,0.002533,True
real_001057.txt,23,63,9,0.015895,True
real_001058.txt,26,48,8,0.010349,True
real_001059.txt,14,24,5,0.002583,True
real_001060.txt,10,16,3,0.001087,True
real_001061.txt,13,14,1,0.000334,True
real_001062.txt,10,17,4,0.001485,True
real_001063.txt,22,47,8,0.010874,True
real_001064.txt,10,17,4,0.001262,True
real_001065.txt,10,12,2,0.000386,True
real_001066.txt,14,24,4,0.001881,True
real_001067.txt,16,34,6,0.003666,True
real_001068.txt,25,46,10,0.01351,True
real_001069.txt,12,18,2,0.000791,True
real_001070.txt,13,14,1,0.000321,True
real_001071.txt,13,14,1,0.000477,True
real_001072.txt,32,59,9,0.015843,True
real_001073.txt,31,81,8,0.021652,True
real_001074.txt,23,41,9,0.01046,True
real_001075.txt,26,47,7,0.010732,True
real_001076.txt,21,35,6,0.004734,True
real_001077.txt,10,17,4,0.00126,True
real_001078.txt,15,20,2,0.000711,True
real_001079.txt,22,44,5,0.004084,True
real_001080.txt,20,43,6,0.004344,True
real_001081.txt,26,84,12,0.033505,True
real_001082.txt,13,29,2,0.001755,True
real_001083.txt,22,34,3,0.003005,True
real_001084.txt,12,29,3,0.003399,True
real_001085.txt,22,35,6,0.003266,True
real_001086.txt,15,20,2,0.000658,True
real_001087.txt,25,49,6,0.004995,True
real_001088.txt,12,15,3,0.001132,True
real_001089.txt,21,32,2,0.00213,True
real_001090.txt,12,23,5,0.002034,True
real_001091.txt,10,11,1,0.000255,True
real_001092.txt,11,16,2,0.000664,True
real_001093.txt,34,88,9,0.028,True
real_001094.txt,13,32,5,0.002774,True
real_001095.txt,27,46,9,0.012807,True
real_001096.txt,28,167,14,0.063321,True
real_001097.txt,29,223,16,0.101365,True
real_001098.txt,10,25,5,0.002033,True
real_001099.txt,13,14,1,0.00025,True
real_001100.txt,21,34,3,0.002645,True
real_001101.txt,23,51,8,0.013541,True
real_001102.txt,22,84,6,0.01915,True
real_001103.txt,16,25,5,0.003034,True
real_001104.txt,13,14,1,0.000285,True
real_001105.txt,33,184,12,0.080544,True
real_001106.txt,34,144,12,0.063001,True
real_001107.txt,34,71,7,0.019508,True
real_001108.txt,14,24,6,0.002706,True
real_001109.txt,21,37,6,0.003852,True
real_001110.txt,27,46,9,0.012379,True
real_001111.txt,34,62,11,0.019707,True
real_001112.txt,17,19,2,0.000393,True
real_001113.txt,20,44,8,0.007162,True
real_001114.txt,27,71,9,0.02089,True
real_001115.txt,25,52,11,0.015996,True
real_001116.txt,34,78,7,0.020542,True
real_001117.txt,24,54,9,0.015052,True
real_001118.txt,12,27,4,0.001885,True
real_001119.txt,15,46,5,0.004396,True
real_001120.txt,10,17,4,0.001205,True
real_001121.txt,10,17,4,0.001294,True
real_001122.txt,15,16,1,0.000301,True
real_001123.txt,10,31,6,0.00252,True
real_001124.txt,32,74,7,0.019994,True
real_001125.txt,27,67,6,0.014895,True
real_001126.txt,33,145,12,0.055483,True
real_001127.txt,22,28,4,0.001168,True
real_001128.txt,25,103,9,0.02741,True
real_001129.txt,29,121,13,0.051468,True
real_001130.txt,28,57,6,0.012192,True
real_001131.txt,27,46,9,0.011898,True
real_001132.txt,16,28,2,0.001743,True
real_001133.txt,26,52,4,0.004885,True
real_001134.txt,35,76,9,0.025224,True
real_001135.txt,15,20,2,0.000775,True
real_001136.txt,18,26,3,0.001538,True
real_001137.txt,23,85,12,0.027509,True
real_001138.txt,10,10,1,0.00022,True
real_001139.txt,27,46,9,0.01286,True
real_001140.txt,10,17,4,0.001284,True
real_001141.txt,12,49,8,0.005151,True
real_001142.txt,22,58,6,0.007311,True
real_001143.txt,13,14,1,0.000332,True
real_001144.txt,10,17,4,0.001269,True
real_001145.txt,13,14,1,0.000338,True
real_001146.txt,20,35,5,0.003093,True
real_001147.txt,15,20,2,0.000723,True
real_001148.txt,15,20,2,0.000741,True
real_001149.txt,21,38,8,0.005791,True
real_001150.txt,14,27,3,0.001866,True
real_001151.txt,21,38,4,0.002551,True
real_001152.txt,35,66,6,0.014885,True
real_001153.txt,29,399,25,0.154638,True
real_001154.txt,25,46,10,0.012369,True
real_001155.txt,12,62,8,0.005932,True
real_001156.txt,16,34,6,0.003567,True
real_001157.txt,13,27,3,0.001738,True
real_001158.txt,12,13,1,0.000301,True
real_001159.txt,11,11,1,0.000213,True
real_001160.txt,19,70,7,0.009758,True
real_001161.txt,13,14,1,0.000306,True
real_001162.txt,12,16,1,0.000858,True
real_001163.txt,26,48,8,0.010529,True
real_001164.txt,19,69,8,0.009526,True
real_001165.txt,27,57,8,0.013611,True
real_001166.txt,18,32,4,0.002325,True
real_001167.txt,11,22,3,0.001601,True
real_001168.txt,13,14,1,0.000343,True
real_001169.txt,13,14,1,0.000315,True
real_001170.txt,25,45,7,0.005231,True
real_001171.txt,21,100,9,0.014917,True
real_001172.txt,27,66,10,0.018211,True
real_001173.txt,35,75,10,0.022275,True
real_001174.txt,22,36,7,0.007171,True
real_001175.txt,23,41,6,0.009043,True
real_001176.txt,22,41,7,0.008787,True
real_001177.txt,14,27,5,0.002491,True
real_001178.txt,10,17,4,0.001249,True
real_001179.txt,17,75,9,0.008446,True
real_001180.txt,15,20,2,0.000729,True
real_001181.txt,20,50,7,0.006395,True
real_001182.txt,10,17,4,0.001291,True
real_001183.txt,10,16,4,0.001457,True
real_001184.txt,13,14,1,0.000302,True
real_001185.txt,13,14,1,0.000308,True
real_001186.txt,13,14,1,0.000297,True
real_001187.txt,23,41,8,0.009186,True
real_001188.txt,13,14,1,0.000326,True
real_001189.txt,23,47,4,0.00536,True
real_001190.txt,10,10,1,0.000208,True
real_001191.txt,11,10,0,5e-05,True
real_001192.txt,28,172,19,0.077384,True
real_001193.txt,12,23,3,0.001661,True
real_001194.txt,26,62,6,0.012027,True
real_001195.txt,13,28,4,0.001992,True
real_001196.txt,22,49,8,0.012337,True
real_001197.txt,13,24,5,0.002192,True
real_001198.txt,13,14,1,0.000303,True
real_001199.txt,10,21,4,0.001746,True
real_001200.txt,27,67,7,0.014247,True
real_001201.txt,27,46,9,0.012368,True
real_001202.txt,34,78,7,0.0204,True
real_001203.txt,18,38,6,0.004791,True
real_001204.txt,26,85,12,0.030627,True
real_001205.txt,19,34,7,0.003843,True
real_001206.txt,21,39,4,0.004127,True
real_001207.txt,16,33,6,0.003618,True
real_001208.txt,26,93,10,0.028023,True
real_001209.txt,32,220,17,0.107624,True
real_001210.txt,26,67,7,0.016117,True
real_001211.txt,11,11,1,0.000175,True
real_001212.txt,17,19,2,0.000393,True
real_001213.txt,17,83,8,0.011342,True
real_001214.txt,13,14,1,0.00024,True
real_001215.txt,27,65,6,0.013453,True
real_001216.txt,22,65,8,0.01771,True
real_001217.txt,20,48,4,0.004615,True
real_001218.txt,12,21,2,0.001149,True
real_001219.txt,19,34,7,0.004413,True
real_001220.txt,22,53,5,0.006019,True
real_001221.txt,34,80,10,0.02444,True
real_001222.txt,12,29,5,0.002619,True
real_001223.txt,30,70,10,0.019059,True
real_001224.txt,18,42,3,0.003204,True
real_001225.txt,28,63,9,0.008428,True
real_001226.txt,25,46,10,0.012048,True
real_001227.txt,22,48,8,0.010424,True
real_001228.txt,31,71,6,0.016779,True
real_001229.txt,31,142,15,0.054637,True
real_001230.txt,21,37,8,0.005578,True
real_001231.txt,35,75,10,0.026005,True
real_001232.txt,29,154,13,0.061386,True
real_001233.txt,23,55,5,0.005852,True
real_001234.txt,14,41,5,0.003408,True
real_001235.txt,15,20,2,0.000692,True
real_001236.txt,23,51,8,0.012959,True
real_001237.txt,13,14,1,0.000256,True
real_001238.txt,22,37,3,0.00236,True
real_001239.txt,24,140,13,0.050372,True
real_001240.txt,16,32,6,0.003241,True
real_001241.txt,13,15,2,0.000277,True
real_001242.txt,34,55,7,0.010907,True
real_001243.txt,23,51,8,0.013243,True
real_001244.txt,30,69,10,0.019849,True
real_001245.txt,16,41,3,0.003135,True
real_001246.txt,15,20,2,0.000659,True
real_001247.txt,12,12,1,0.000189,True
real_001248.txt,25,64,6,0.014035,True
real_001249.txt,28,56,11,0.016348,True
real_001250.txt,10,17,4,0.001216,True
real_001251.txt,34,64,10,0.027054,True
real_001252.txt,32,89,11,0.038531,True
real_001253.txt,13,14,1,0.000239,True
real_001254.txt,14,22,4,0.001855,True
real_001255.txt,23,51,8,0.013532,True
real_001256.txt,12,19,2,0.000969,True
real_001257.txt,10,17,4,0.001242,True
real_001258.txt,21,27,2,0.001432,True
real_001259.txt,18,34,4,0.002836,True
real_001260.txt,15,29,2,0.001743,True
real_001261.txt,19,38,7,0.004711,True
real_001262.txt,28,45,7,0.010217,True
real_001263.txt,13,14,1,0.000724,True
real_001264.txt,10,11,1,0.000277,True
real_001265.txt,18,26,4,0.002725,True
real_001266.txt,23,51,8,0.014938,True
real_001267.txt,15,20,2,0.000726,True
real_001268.txt,23,51,8,0.013932,True
real_001269.txt,33,51,2,0.002875,True
real_001270.txt,12,19,4,0.001825,True
real_001271.txt,18,31,3,0.002099,True
real_001272.txt,29,82,10,0.023951,True
real_001273.txt,15,20,2,0.000714,True
real_001274.txt,17,19,2,0.000521,True
real_001275.txt,16,48,7,0.005402,True
real_001276.txt,27,171,20,0.081906,True
real_001277.txt,17,19,2,0.000512,True
real_001278.txt,23,51,8,0.013551,True
real_001279.txt,17,19,2,0.000478,True
real_001280.txt,13,14,1,0.000322,True
real_001281.txt,19,82,7,0.012602,True
real_001282.txt,25,120,11,0.040924,True
real_001283.txt,34,123,14,0.050974,True
real_001284.txt,18,28,2,0.001974,True
real_001285.txt,18,153,16,0.019262,True
real_001286.txt,15,20,2,0.000721,True
real_001287.txt,35,135,16,0.064216,True
real_001288.txt,20,32,6,0.003673,True
real_001289.txt,21,91,12,0.016806,True
real_001290.txt,13,14,1,0.000352,True
real_001291.txt,27,62,5,0.012907,True
real_001292.txt,23,51,8,0.013969,True
real_001293.txt,26,44,8,0.005386,True
real_001294.txt,10,17,4,0.001284,True
real_001295.txt,22,137,11,0.047229,True
real_001296.txt,12,21,3,0.001283,True
real_001297.txt,13,14,1,0.000317,True
real_001298.txt,18,42,5,0.004345,True
real_001299.txt,25,46,10,0.012635,True
real_001300.txt,35,80,10,0.023036,True
real_001301.txt,27,130,16,0.05007,True
real_001302.txt,22,46,6,0.0052,True
real_001303.txt,10,17,4,0.001217,True
real_001304.txt,25,46,10,0.013431,True
real_001305.txt,23,51,8,0.015395,True
real_001306.txt,14,42,5,0.004192,True
real_001307.txt,13,14,1,0.000244,True
real_001308.txt,22,73,6,0.01038,True
real_001309.txt,24,39,7,0.008094,True
real_001310.txt,26,45,7,0.00661,True
real_001311.txt,25,53,10,0.016409,True
real_001312.txt,20,27,3,0.001532,True
real_001313.txt,31,128,9,0.042218,True
real_001314.txt,26,104,12,0.035719,True
real_001315.txt,30,355,25,0.15233,True
real_001316.txt,13,14,1,0.000267,True
real_001317.txt,19,48,5,0.005279,True
real_001318.txt,15,20,2,0.000649,True
real_001319.txt,15,20,2,0.000702,True
real_001320.txt,13,14,1,0.000282,True
real_001321.txt,15,17,2,0.000598,True
real_001322.txt,15,28,6,0.003149,True
real_001323.txt,12,24,4,0.002006,True
real_001324.txt,23,47,6,0.003973,True
real_001325.txt,29,54,8,0.012801,True
real_001326.txt,13,14,1,0.000237,True
real_001327.txt,20,40,3,0.002193,True
real_001328.txt,13,38,7,0.00452,True
real_001329.txt,27,46,9,0.012656,True
real_001330.txt,34,106,8,0.035224,True
real_001331.txt,20,69,10,0.010759,True
real_001332.txt,12,22,3,0.001503,True
real_001333.txt,20,50,6,0.005693,True
real_001334.txt,13,14,1,0.000244,True
real_001335.txt,29,79,8,0.020795,True
real_001336.txt,25,86,9,0.026455,True
real_001337.txt,15,20,2,0.000683,True
real_001338.txt,17,34,4,0.002831,True
real_001339.txt,18,33,7,0.004464,True
real_001340.txt,28,60,10,0.01825,True
real_001341.txt,31,50,8,0.010897,True
real_001342.txt,33,91,11,0.032769,True
real_001343.txt,19,23,2,0.001003,True
real_001344.txt,31,75,12,0.025841,True
real_001345.txt,11,22,3,0.001522,True
real_001346.txt,13,17,3,0.001018,True
real_001347.txt,15,20,2,0.0007,True
real_001348.txt,13,14,1,0.000242,True
real_001349.txt,15,20,2,0.000678,True
real_001350.txt,17,31,6,0.004322,True
real_001351.txt,28,75,9,0.018031,True
real_001352.txt,11,34,5,0.002995,True
real_001353.txt,25,41,8,0.010086,True
real_001354.txt,21,42,6,0.004754,True
real_001355.txt,22,42,4,0.004056,True
real_001356.txt,13,16,2,0.000553,True
real_001357.txt,12,26,3,0.001644,True
real_001358.txt,11,11,1,0.00016,True
real_001359.txt,13,24,4,0.001784,True
real_001360.txt,32,186,23,0.098594,True
real_001361.txt,32,89,11,0.030613,True
real_001362.txt,32,58,4,0.010019,True
real_001363.txt,15,102,12,0.011656,True
real_001364.txt,24,50,7,0.005404,True
real_001365.txt,30,61,7,0.013303,True
real_001366.txt,25,46,10,0.012011,True
real_001367.txt,24,41,5,0.004388,True
real_001368.txt,16,33,5,0.00342,True
real_001369.txt,31,143,8,0.043694,True
real_001370.txt,31,95,10,0.033112,True
real_001371.txt,16,28,4,0.002042,True
real_001372.txt,13,14,1,0.0003,True
real_001373.txt,20,89,8,0.014346,True
real_001374.txt,27,46,9,0.012409,True
real_001375.txt,32,130,17,0.054707,True
real_001376.txt,35,165,17,0.080035,True
real_001377.txt,11,31,7,0.003021,True
real_001378.txt,20,108,15,0.020067,True
real_001379.txt,30,142,17,0.062142,True
real_001380.txt,15,20,2,0.000636,True
real_001381.txt,25,50,6,0.004874,True
real_001382.txt,17,19,2,0.000626,True
real_001383.txt,23,42,7,0.005337,True
real_001384.txt,27,89,10,0.02901,True
real_001385.txt,33,53,5,0.009512,True
real_001386.txt,27,153,15,0.059948,True
real_001387.txt,13,21,5,0.001823,True
real_001388.txt,25,38,3,0.004021,True
real_001389.txt,18,39,7,0.004986,True
real_001390.txt,17,19,2,0.000399,True
real_001391.txt,24,52,5,0.005022,True
real_001392.txt,18,28,4,0.001827,True
real_001393.txt,13,14,1,0.000254,True
real_001394.txt,10,16,2,0.000834,True
real_001395.txt,13,16,2,0.000553,True
real_001396.txt,12,14,2,0.000274,True
real_001397.txt,29,91,10,0.02724,True
real_001398.txt,10,37,7,0.002315,True
real_001399.txt,18,28,5,0.002192,True
real_001400.txt,23,113,10,0.034589,True
real_001401.txt,11,11,1,0.000154,True
real_001402.txt,11,13,1,0.000404,True
real_001403.txt,15,20,2,0.000702,True
real_001404.txt,10,19,4,0.00149,True
real_001405.txt,17,35,4,0.002524,True
real_001406.txt,11,46,7,0.005075,True
real_001407.txt,15,16,1,0.000232,True
real_001408.txt,21,47,8,0.007171,True
real_001409.txt,25,48,7,0.009643,True
real_001410.txt,31,65,13,0.026357,True
real_001411.txt,18,29,5,0.003248,True
real_001412.txt,16,64,7,0.008331,True
real_001413.txt,13,14,1,0.000241,True
real_001414.txt,17,36,3,0.003406,True
real_001415.txt,25,46,4,0.007258,True
real_001416.txt,25,112,9,0.035768,True
real_001417.txt,28,66,4,0.013118,True
real_001418.txt,32,89,11,0.030872,True
real_001419.txt,21,45,8,0.007163,True
real_001420.txt,20,33,6,0.004141,True
real_001421.txt,17,19,2,0.000403,True
real_001422.txt,26,38,5,0.003233,True
real_001423.txt,23,81,11,0.026052,True
real_001424.txt,23,41,8,0.009402,True
real_001425.txt,13,14,1,0.000286,True
real_001426.txt,15,30,5,0.003024,True
real_001427.txt,14,63,10,0.007745,True
real_001428.txt,25,39,4,0.002643,True
real_001429.txt,13,14,1,0.000245,True
real_001430.txt,11,11,1,0.000158,True
real_001431.txt,19,33,5,0.002301,True
real_001432.txt,34,138,15,0.065237,True
real_001433.txt,29,53,8,0.013645,True
real_001434.txt,25,46,10,0.01244,True
real_001435.txt,18,51,10,0.008162,True
real_001436.txt,15,26,4,0.002357,True
real_001437.txt,17,19,2,0.000471,True
real_001438.txt,35,63,10,0.020248,True
real_001439.txt,21,45,7,0.007131,True
real_001440.txt,32,111,16,0.048089,True
real_001441.txt,17,19,2,0.000443,True
real_001442.txt,20,40,6,0.004206,True
real_001443.txt,13,14,1,0.00024,True
real_001444.txt,21,47,8,0.006884,True
real_001445.txt,17,20,2,0.00047,True
real_001446.txt,17,68,9,0.009627,True
real_001447.txt,32,58,10,0.016927,True
real_001448.txt,23,51,8,0.013177,True
real_001449.txt,11,13,1,0.000312,True
real_001450.txt,12,15,3,0.00079,True
real_001451.txt,34,78,7,0.02015,True
real_001452.txt,35,78,15,0.033935,True
real_001453.txt,30,87,10,0.028011,True
real_001454.txt,26,71,8,0.018811,True
real_001455.txt,31,136,14,0.057188,True
real_001456.txt,17,51,9,0.006808,True
real_001457.txt,22,101,15,0.038275,True
real_001458.txt,17,19,2,0.000414,True
real_001459.txt,29,52,6,0.010253,True
real_001460.txt,17,38,3,0.003153,True
real_001461.txt,18,28,5,0.002605,True
real_001462.txt,13,23,2,0.001252,True
real_001463.txt,20,48,6,0.006052,True
real_001464.txt,23,51,8,0.014774,True
real_001465.txt,14,57,8,0.007194,True
real_001466.txt,16,18,2,0.000544,True
real_001467.txt,35,77,14,0.034863,True
real_001468.txt,28,87,12,0.031292,True
real_001469.txt,35,93,13,0.037202,True
real_001470.txt,27,49,8,0.011507,True
real_001471.txt,29,55,5,0.012139,True
real_001472.txt,29,64,8,0.016149,True
real_001473.txt,35,85,10,0.02453,True
real_001474.txt,15,22,2,0.001308,True
real_001475.txt,23,51,8,0.013723,True
real_001476.txt,23,51,8,0.013824,True
real_001477.txt,23,51,8,0.013696,True
real_001478.txt,15,30,5,0.002932,True
real_001479.txt,10,17,4,0.001368,True
real_001480.txt,13,14,1,0.000248,True
real_001481.txt,18,24,2,0.00067,True
real_001482.txt,15,20,2,0.000685,True
real_001483.txt,22,37,7,0.005398,True
real_001484.txt,16,31,3,0.001845,True
real_001485.txt,20,52,4,0.005305,True
real_001486.txt,11,22,4,0.001779,True
real_001487.txt,13,21,4,0.001824,True
real_001488.txt,15,20,2,0.000755,True
real_001489.txt,13,14,1,0.000406,True
real_001490.txt,24,67,5,0.014109,True
real_001491.txt,15,20,2,0.000636,True
real_001492.txt,31,76,11,0.025044,True
real_001493.txt,23,63,9,0.011008,True
real_001494.txt,17,28,3,0.001677,True
real_001495.txt,13,14,1,0.000278,True
real_001496.txt,14,22,4,0.001917,True
real_001497.txt,19,34,5,0.003301,True
real_001498.txt,13,14,1,0.00031,True
real_001499.txt,22,35,7,0.004388,True
real_001500.txt,25,46,10,0.01336,True
real_001501.txt,17,19,2,0.000401,True
real_001502.txt,12,24,4,0.002122,True
real_001503.txt,22,64,7,0.008419,True
real_001504.txt,22,44,5,0.004091,True
real_001505.txt,10,17,4,0.00119,True
real_001506.txt,13,14,1,0.000264,True
real_001507.txt,16,45,7,0.004657,True
real_001508.txt,17,33,3,0.002247,True
real_001509.txt,25,178,15,0.07226,True
real_001510.txt,11,14,2,0.000443,True
real_001511.txt,13,14,1,0.000264,True
real_001512.txt,18,32,2,0.001942,True
real_001513.txt,31,59,7,0.014017,True
real_001514.txt,25,46,10,0.012423,True
real_001515.txt,10,17,4,0.001188,True
real_001516.txt,13,46,5,0.004451,True
real_001517.txt,10,17,4,0.001201,True
real_001518.txt,33,73,13,0.029005,True
real_001519.txt,29,46,4,0.00388,True
real_001520.txt,19,40,7,0.005736,True
real_001521.txt,15,20,2,0.000821,True
real_001522.txt,11,20,3,0.001204,True
real_001523.txt,15,31,5,0.002948,True
real_001524.txt,23,50,7,0.005884,True
real_001525.txt,10,17,4,0.001183,True
real_001526.txt,35,82,8,0.022438,True
real_001527.txt,24,87,7,0.021128,True
real_001528.txt,30,120,8,0.034993,True
real_001529.txt,13,14,1,0.000295,True
real_001530.txt,10,17,4,0.001455,True
real_001531.txt,10,10,1,0.000157,True
real_001532.txt,19,27,3,0.001645,True
real_001533.txt,17,31,7,0.0045,True
real_001534.txt,19,44,7,0.006065,True
real_001535.txt,10,13,2,0.000451,True
real_001536.txt,26,63,6,0.014333,True
real_001537.txt,19,40,8,0.005781,True
real_001538.txt,10,10,1,0.000161,True
real_001539.txt,30,58,5,0.00563,True
real_001540.txt,15,20,2,0.000681,True
real_001541.txt,15,30,5,0.002808,True
real_001542.txt,17,51,8,0.006924,True
real_001543.txt,21,46,6,0.004758,True
real_001544.txt,14,16,2,0.000387,True
real_001545.txt,10,17,4,0.001192,True
real_001546.txt,13,14,1,0.000244,True
real_001547.txt,19,42,5,0.00365,True
real_001548.txt,16,28,6,0.00298,True
real_001549.txt,13,37,4,0.003141,True
real_001550.txt,20,42,3,0.003354,True
real_001551.txt,32,50,4,0.007327,True
real_001552.txt,27,51,8,0.013203,True
real_001553.txt,31,55,9,0.014515,True
real_001554.txt,22,41,6,0.004797,True
real_001555.txt,20,39,5,0.003505,True
real_001556.txt,13,14,1,0.000259,True
real_001557.txt,22,35,5,0.003252,True
real_001558.txt,12,22,2,0.001271,True
real_001559.txt,22,180,16,0.070223,True
real_001560.txt,31,193,20,0.108933,True
real_001561.txt,23,33,4,0.002242,True
real_001562.txt,28,60,10,0.01848,True
real_001563.txt,13,14,1,0.000247,True
real_001564.txt,24,34,3,0.002574,True
real_001565.txt,18,36,4,0.002825,True
real_001566.txt,13,14,1,0.000279,True
real_001567.txt,32,59,9,0.015726,True
real_001568.txt,11,17,2,0.000782,True
real_001569.txt,30,64,11,0.022018,True
real_001570.txt,32,69,8,0.016398,True
real_001571.txt,31,67,7,0.018306,True
real_001572.txt,32,84,6,0.019262,True
real_001573.txt,21,56,5,0.00539,True
real_001574.txt,26,112,11,0.042362,True
real_001575.txt,13,14,1,0.000325,True
real_001576.txt,14,48,7,0.004918,True
real_001577.txt,11,18,3,0.001034,True
real_001578.txt,30,58,7,0.012297,True
real_001579.txt,17,19,2,0.000415,True
real_001580.txt,35,272,27,0.173319,True
real_001581.txt,23,51,8,0.012939,True
real_001582.txt,10,17,4,0.001223,True
real_001583.txt,17,28,4,0.002206,True
real_001584.txt,21,50,6,0.005377,True
real_001585.txt,27,61,9,0.008663,True
real_001586.txt,15,47,7,0.005274,True
real_001587.txt,21,51,6,0.006308,True
real_001588.txt,21,34,7,0.004306,True
real_001589.txt,11,32,5,0.002552,True
real_001590.txt,27,46,9,0.013356,True
real_001591.txt,28,74,8,0.018227,True
real_001592.txt,34,84,11,0.026682,True
real_001593.txt,24,42,5,0.002848,True
real_001594.txt,14,42,6,0.004083,True
real_001595.txt,25,109,9,0.032202,True
real_001596.txt,13,14,1,0.000243,True
real_001597.txt,22,231,20,0.057011,True
real_001598.txt,28,179,18,0.077925,True
real_001599.txt,21,43,9,0.006631,True
real_001600.txt,23,49,4,0.004707,True
real_001601.txt,10,17,4,0.001423,True
real_001602.txt,17,47,4,0.004597,True
real_001603.txt,10,14,2,0.000764,True
real_001604.txt,22,44,5,0.003386,True
real_001605.txt,11,15,2,0.00065,True
real_001606.txt,20,32,6,0.003646,True
real_001607.txt,27,90,12,0.031368,True
real_001608.txt,34,280,20,0.158066,True
real_001609.txt,30,87,10,0.02561,True
real_001610.txt,26,69,12,0.025461,True
real_001611.txt,13,14,1,0.000329,True
real_001612.txt,15,20,2,0.000754,True
real_001613.txt,17,19,2,0.00049,True
real_001614.txt,34,76,12,0.026963,True
real_001615.txt,31,255,19,0.168216,True
real_001616.txt,23,41,9,0.011005,True
real_001617.txt,30,64,11,0.022292,True
real_001618.txt,24,84,14,0.028542,True
real_001619.txt,11,12,1,0.000377,True
real_001620.txt,13,26,5,0.002444,True
real_001621.txt,32,43,4,0.002694,True
real_001622.txt,15,30,5,0.003244,True
real_001623.txt,24,47,6,0.006172,True
real_001624.txt,10,13,2,0.000563,True
real_001625.txt,11,11,1,0.000236,True
real_001626.txt,17,39,5,0.004285,True
real_001627.txt,13,14,1,0.000316,True
real_001628.txt,20,37,6,0.004668,True
real_001629.txt,16,33,5,0.003451,True
real_001630.txt,19,46,6,0.00529,True
real_001631.txt,23,38,7,0.007642,True
real_001632.txt,11,20,3,0.001574,True
real_001633.txt,13,38,7,0.004068,True
real_001634.txt,10,17,4,0.001328,True
real_001635.txt,32,57,10,0.017591,True
real_001636.txt,16,26,4,0.001887,True
real_001637.txt,34,78,7,0.020306,True
real_001638.txt,30,98,12,0.050473,True
real_001639.txt,29,59,8,0.007439,True
real_001640.txt,26,135,18,0.060606,True
real_001641.txt,16,34,6,0.003712,True
real_001642.txt,10,17,4,0.001293,True
real_001643.txt,19,28,5,0.00172,True
real_001644.txt,14,39,4,0.003087,True
real_001645.txt,28,212,16,0.093112,True
real_001646.txt,15,20,2,0.000704,True
real_001647.txt,25,41,4,0.00289,True
real_001648.txt,25,46,10,0.015085,True
real_001649.txt,15,30,4,0.004045,True
real_001650.txt,23,54,6,0.007081,True
real_001651.txt,13,14,1,0.000257,True
real_001652.txt,13,14,1,0.000244,True
real_001653.txt,20,41,8,0.005309,True
real_001654.txt,13,14,1,0.000249,True
real_001655.txt,16,29,5,0.002515,True
real_001656.txt,28,94,12,0.034543,True
real_001657.txt,14,21,2,0.000918,True
real_001658.txt,13,14,1,0.000307,True
real_001659.txt,10,17,4,0.001902,True
real_001660.txt,35,312,29,0.192758,True
real_001661.txt,21,69,5,0.007155,True
real_001662.txt,33,68,9,0.019941,True
real_001663.txt,15,31,5,0.00314,True
real_001664.txt,16,29,5,0.002897,True
real_001665.txt,15,20,2,0.00068,True
real_001666.txt,25,45,7,0.008742,True
real_001667.txt,18,31,5,0.002513,True
real_001668.txt,11,21,2,0.001069,True
real_001669.txt,34,150,11,0.062776,True
real_001670.txt,23,51,8,0.013759,True
real_001671.txt,15,25,5,0.002283,True
real_001672.txt,27,46,9,0.012592,True
real_001673.txt,25,46,10,0.012722,True
real_001674.txt,13,14,1,0.00026,True
real_001675.txt,10,17,4,0.001228,True
real_001676.txt,23,51,8,0.012988,True
real_001677.txt,26,54,8,0.00724,True
real_001678.txt,13,14,1,0.000288,True
real_001679.txt,27,46,9,0.012386,True
real_001680.txt,23,51,8,0.013314,True
real_001681.txt,12,29,4,0.00243,True
real_001682.txt,17,31,6,0.004054,True
real_001683.txt,27,46,9,0.012127,True
real_001684.txt,27,46,9,0.012096,True
real_001685.txt,23,44,5,0.004602,True
real_001686.txt,28,60,10,0.018891,True
real_001687.txt,25,46,10,0.012219,True
real_001688.txt,21,47,8,0.006649,True
real_001689.txt,14,18,1,0.000675,True
real_001690.txt,17,19,2,0.000399,True
real_001691.txt,13,47,6,0.004167,True
real_001692.txt,13,14,1,0.000236,True
real_001693.txt,13,14,1,0.000235,True
real_001694.txt,24,44,7,0.005566,True
real_001695.txt,10,15,2,0.000716,True
real_001696.txt,13,14,1,0.000299,True
real_001697.txt,17,19,2,0.000403,True
real_001698.txt,34,73,13,0.032083,True
real_001699.txt,16,29,4,0.002453,True
real_001700.txt,10,10,1,0.000154,True
real_001701.txt,27,50,8,0.006294,True
real_001702.txt,17,31,2,0.001755,True
real_001703.txt,13,14,1,0.000245,True
real_001704.txt,16,22,2,0.000878,True
real_001705.txt,11,20,4,0.001473,True
real_001706.txt,15,25,5,0.00234,True
real_001707.txt,13,14,1,0.000249,True
real_001708.txt,15,20,2,0.000666,True
real_001709.txt,29,85,6,0.021233,True
real_001710.txt,17,19,2,0.000457,True
real_001711.txt,11,33,5,0.002684,True
real_001712.txt,23,54,8,0.007913,True
real_001713.txt,13,14,1,0.00024,True
real_001714.txt,22,95,9,0.026608,True
real_001715.txt,11,18,2,0.000995,True
real_001716.txt,35,151,15,0.070696,True
real_001717.txt,13,14,1,0.000256,True
real_001718.txt,12,17,2,0.000861,True
real_001719.txt,22,58,6,0.007478,True
real_001720.txt,28,66,6,0.015244,True
real_001721.txt,16,25,4,0.001639,True
real_001722.txt,28,57,11,0.016503,True
real_001723.txt,20,33,6,0.004064,True
real_001724.txt,33,96,10,0.02847,True
real_001725.txt,13,14,1,0.000243,True
real_001726.txt,20,54,7,0.006471,True
real_001727.txt,23,36,4,0.002894,True
real_001728.txt,18,33,7,0.004428,True
real_001729.txt,30,68,6,0.016535,True
real_001730.txt,23,51,8,0.013775,True
real_001731.txt,29,66,5,0.013351,True
real_001732.txt,13,14,1,0.000233,True
real_001733.txt,15,20,2,0.000791,True
real_001734.txt,13,38,5,0.003423,True
real_001735.txt,13,14,1,0.000244,True
real_001736.txt,13,14,1,0.000269,True
real_001737.txt,11,29,5,0.002588,True
real_001738.txt,10,17,4,0.001215,True
real_001739.txt,11,23,5,0.001817,True
real_001740.txt,10,17,4,0.001264,True
real_001741.txt,26,92,6,0.022855,True
real_001742.txt,23,117,12,0.037737,True
real_001743.txt,21,37,8,0.005262,True
real_001744.txt,14,25,6,0.002694,True
real_001745.txt,23,51,8,0.013164,True
real_001746.txt,17,20,2,0.000677,True
real_001747.txt,14,16,2,0.000387,True
real_001748.txt,13,14,1,0.000268,True
real_001749.txt,16,26,4,0.001957,True
real_001750.txt,35,96,10,0.030517,True
real_001751.txt,22,40,9,0.010336,True
real_001752.txt,10,10,1,0.000154,True
real_001753.txt,13,14,1,0.000242,True
real_001754.txt,13,14,1,0.00023,True
real_001755.txt,16,17,1,0.000224,True
real_001756.txt,23,51,8,0.013263,True
real_001757.txt,16,22,1,0.000772,True
real_001758.txt,30,47,7,0.004594,True
real_001759.txt,14,33,4,0.002416,True
real_001760.txt,18,41,5,0.0039,True
real_001761.txt,11,18,2,0.000683,True
real_001762.txt,12,22,4,0.001712,True
real_001763.txt,24,62,8,0.008183,True
real_001764.txt,28,50,7,0.00982,True
real_001765.txt,14,28,4,0.002439,True
real_001766.txt,34,60,10,0.021664,True
real_001767.txt,12,28,3,0.00179,True
real_001768.txt,34,78,7,0.020251,True
real_001769.txt,15,20,2,0.00068,True
real_001770.txt,16,20,2,0.000646,True
real_001771.txt,11,55,9,0.004214,True
real_001772.txt,13,14,1,0.000245,True
real_001773.txt,23,53,8,0.007379,True
real_001774.txt,26,39,6,0.003886,True
real_001775.txt,21,86,12,0.014544,True
real_001776.txt,25,45,7,0.009246,True
real_001777.txt,25,46,10,0.01335,True
real_001778.txt,13,14,1,0.000248,True
real_001779.txt,10,17,4,0.001286,True
real_001780.txt,31,84,11,0.028184,True
real_001781.txt,12,22,4,0.001948,True
real_001782.txt,27,46,9,0.012019,True
real_001783.txt,18,72,10,0.01094,True
real_001784.txt,28,52,8,0.012902,True
real_001785.txt,21,37,8,0.005527,True
real_001786.txt,20,41,6,0.005437,True
real_001787.txt,23,51,8,0.01368,True
real_001788.txt,27,78,11,0.026816,True
real_001789.txt,16,37,6,0.003982,True
real_001790.txt,32,59,9,0.017057,True
real_001791.txt,22,68,6,0.00794,True
real_001792.txt,20,41,4,0.003782,True
real_001793.txt,15,20,2,0.000679,True
real_001794.txt,14,27,4,0.002178,True
real_001795.txt,13,14,1,0.000242,True
real_001796.txt,34,105,12,0.035825,True
real_001797.txt,19,35,6,0.003749,True
real_001798.txt,21,44,7,0.006143,True
real_001799.txt,10,20,3,0.00139,True
real_001800.txt,13,14,1,0.000242,True
real_001801.txt,20,74,7,0.009582,True
real_001802.txt,11,14,1,0.00047,True
real_001803.txt,13,14,1,0.00026,True
real_001804.txt,12,28,4,0.002192,True
real_001805.txt,12,22,3,0.001233,True
real_001806.txt,10,17,4,0.00137,True
real_001807.txt,32,57,10,0.017094,True
real_001808.txt,23,51,8,0.013116,True
real_001809.txt,16,17,1,0.000254,True
real_001810.txt,19,34,5,0.003061,True
real_001811.txt,13,14,1,0.00024,True
real_001812.txt,15,20,2,0.001329,True
real_001813.txt,34,263,24,0.150725,True
real_001814.txt,10,17,4,0.001215,True
real_001815.txt,29,102,10,0.031554,True
real_001816.txt,17,24,3,0.001221,True
real_001817.txt,13,14,1,0.000249,True
real_001818.txt,20,39,3,0.002983,True
real_001819.txt,15,105,13,0.011653,True
real_001820.txt,15,20,2,0.000805,True
real_001821.txt,17,19,2,0.000403,True
real_001822.txt,25,50,5,0.005366,True
real_001823.txt,23,51,8,0.014025,True
real_001824.txt,13,14,1,0.000285,True
real_001825.txt,33,56,7,0.013945,True
real_001826.txt,32,77,9,0.023693,True
real_001827.txt,30,79,12,0.031145,True
real_001828.txt,12,12,1,0.000159,True
real_001829.txt,25,46,10,0.012391,True
real_001830.txt,17,19,2,0.000535,True
real_001831.txt,17,19,2,0.000438,True
real_001832.txt,29,109,13,0.040984,True
real_001833.txt,28,78,10,0.021835,True
real_001834.txt,20,41,3,0.003112,True
real_001835.txt,17,19,2,0.000451,True
real_001836.txt,12,14,2,0.000307,True
real_001837.txt,15,20,2,0.001067,True
real_001838.txt,27,57,6,0.0124,True
real_001839.txt,16,26,3,0.001475,True
real_001840.txt,31,133,15,0.058999,True
real_001841.txt,34,87,9,0.02402,True
real_001842.txt,33,76,7,0.022522,True
real_001843.txt,32,69,12,0.02631,True
real_001844.txt,13,14,1,0.000239,True
real_001845.txt,13,34,7,0.003497,True
real_001846.txt,14,35,4,0.002765,True
real_001847.txt,32,89,11,0.033559,True
real_001848.txt,17,19,2,0.000411,True
real_001849.txt,16,28,6,0.003386,True
real_001850.txt,14,19,2,0.000748,True
real_001851.txt,15,23,4,0.002085,True
real_001852.txt,25,46,10,0.013043,True
real_001853.txt,17,19,2,0.000402,True
real_001854.txt,23,34,5,0.002438,True
real_001855.txt,10,10,1,0.000156,True
real_001856.txt,11,23,4,0.001687,True
real_001857.txt,31,149,16,0.062805,True
real_001858.txt,21,37,7,0.004866,True
real_001859.txt,18,43,7,0.004264,True
real_001860.txt,32,120,17,0.052788,True
real_001861.txt,11,13,1,0.000346,True
real_001862.txt,19,38,3,0.00324,True
real_001863.txt,28,65,6,0.014993,True
real_001864.txt,13,14,1,0.000389,True
real_001865.txt,10,17,4,0.001217,True
real_001866.txt,23,54,6,0.005959,True
real_001867.txt,11,20,3,0.001303,True
real_001868.txt,17,67,9,0.010432,True
real_001869.txt,11,21,3,0.001217,True
real_001870.txt,22,49,6,0.005661,True
real_001871.txt,23,44,8,0.010969,True
real_001872.txt,30,82,10,0.023502,True
real_001873.txt,13,14,1,0.000277,True
real_001874.txt,19,30,5,0.002243,True
real_001875.txt,26,53,5,0.00943,True
real_001876.txt,11,13,2,0.00027,True
real_001877.txt,27,109,15,0.044943,True
real_001878.txt,25,42,6,0.004779,True
real_001879.txt,34,264,18,0.162307,True
real_001880.txt,17,32,3,0.001975,True
real_001881.txt,21,49,5,0.005013,True
real_001882.txt,24,57,6,0.012735,True
real_001883.txt,20,36,3,0.00217,True
real_001884.txt,12,26,4,0.002246,True
real_001885.txt,15,20,2,0.000652,True
real_001886.txt,23,38,6,0.003596,True
real_001887.txt,21,37,3,0.002613,True
real_001888.txt,11,19,3,0.001063,True
real_001889.txt,22,51,6,0.005624,True
real_001890.txt,27,46,9,0.012101,True
real_001891.txt,17,33,5,0.002862,True
real_001892.txt,27,46,9,0.012204,True
real_001893.txt,21,44,7,0.005727,True
real_001894.txt,31,70,7,0.019533,True
real_001895.txt,19,40,8,0.005608,True
real_001896.txt,15,20,2,0.00063,True
real_001897.txt,11,16,3,0.001022,True
real_001898.txt,13,14,1,0.000235,True
real_001899.txt,13,14,1,0.00027,True
real_001900.txt,22,45,9,0.012129,True
real_001901.txt,34,78,7,0.020136,True
real_001902.txt,23,51,8,0.013475,True
real_001903.txt,28,72,8,0.018188,True
real_001904.txt,15,20,2,0.000631,True
real_001905.txt,12,25,3,0.001469,True
real_001906.txt,13,14,1,0.000287,True
real_001907.txt,16,38,7,0.003889,True
real_001908.txt,27,46,9,0.012166,True
real_001909.txt,13,14,1,0.000238,True
real_001910.txt,24,60,6,0.007144,True
real_001911.txt,30,85,11,0.026871,True
real_001912.txt,18,33,7,0.004892,True
real_001913.txt,15,20,2,0.00068,True
real_001914.txt,25,56,6,0.011767,True
real_001915.txt,22,52,6,0.006145,True
real_001916.txt,27,46,9,0.011922,True
real_001917.txt,25,82,8,0.023712,True
real_001918.txt,19,31,6,0.003452,True
real_001919.txt,13,14,1,0.000238,True
real_001920.txt,17,19,2,0.000446,True
real_001921.txt,26,43,8,0.011222,True
real_001922.txt,14,22,3,0.001083,True
real_001923.txt,15,20,2,0.000632,True
real_001924.txt,30,52,9,0.014923,True
real_001925.txt,16,35,5,0.003778,True
real_001926.txt,15,29,6,0.003093,True
real_001927.txt,31,55,9,0.014432,True
real_001928.txt,19,40,4,0.003213,True
real_001929.txt,29,106,8,0.032673,True
real_001930.txt,16,31,5,0.002618,True
real_001931.txt,30,90,14,0.030019,True
real_001932.txt,34,125,8,0.038394,True
real_001933.txt,24,54,5,0.009929,True
real_001934.txt,17,19,2,0.00044,True
real_001935.txt,25,88,9,0.032711,True
real_001936.txt,28,72,6,0.017027,True
real_001937.txt,34,161,17,0.08495,True
real_001938.txt,25,70,6,0.013697,True
real_001939.txt,18,33,7,0.004045,True
real_001940.txt,24,95,13,0.032516,True
real_001941.txt,27,46,9,0.011938,True
real_001942.txt,13,24,3,0.001439,True
real_001943.txt,15,20,2,0.00063,True
real_001944.txt,13,28,4,0.002318,True
real_001945.txt,30,63,6,0.015363,True
real_001946.txt,14,30,4,0.002327,True
real_001947.txt,14,25,4,0.001365,True
real_001948.txt,23,51,8,0.013157,True
real_001949.txt,23,42,7,0.008236,True
real_001950.txt,20,67,5,0.007091,True
real_001951.txt,14,15,1,0.000235,True
real_001952.txt,24,43,9,0.011039,True
real_001953.txt,23,51,8,0.013357,True
real_001954.txt,17,23,2,0.001122,True
real_001955.txt,24,36,2,0.002596,True
real_001956.txt,32,65,7,0.013417,True
real_001957.txt,17,43,6,0.004543,True
real_001958.txt,20,35,6,0.00374,True
real_001959.txt,34,72,7,0.018306,True
real_001960.txt,14,25,4,0.002249,True
real_001961.txt,27,51,8,0.01345,True
real_001962.txt,27,39,4,0.002175,True
real_001963.txt,26,51,5,0.010661,True
real_001964.txt,21,42,8,0.005515,True
real_001965.txt,20,36,3,0.002085,True
real_001966.txt,13,26,4,0.00181,True
real_001967.txt,13,25,3,0.001287,True
real_001968.txt,24,54,9,0.015305,True
real_001969.txt,28,93,10,0.036389,True
real_001970.txt,23,51,8,0.013383,True
real_001971.txt,29,366,24,0.168186,True
real_001972.txt,19,35,7,0.004187,True
real_001973.txt,15,20,2,0.000649,True
real_001974.txt,10,13,2,0.000484,True
real_001975.txt,16,33,5,0.00329,True
real_001976.txt,13,14,1,0.000247,True
real_001977.txt,22,52,10,0.014399,True
real_001978.txt,28,52,9,0.013627,True
real_001979.txt,14,18,2,0.000655,True
real_001980.txt,29,64,6,0.01318,True
real_001981.txt,12,26,4,0.002074,True
real_001982.txt,29,55,7,0.011539,True
real_001983.txt,15,20,2,0.000664,True
real_001984.txt,23,51,8,0.014435,True
real_001985.txt,14,28,4,0.002263,True
real_001986.txt,27,42,3,0.002939,True
real_001987.txt,11,23,5,0.001861,True
real_001988.txt,17,61,11,0.00904,True
real_001989.txt,15,74,8,0.008439,True
real_001990.txt,10,17,4,0.001172,True
real_001991.txt,22,38,3,0.002022,True
real_001992.txt,10,17,4,0.001186,True
real_001993.txt,29,66,7,0.00851,True
real_001994.txt,29,86,7,0.022534,True
real_001995.txt,15,29,3,0.001895,True
real_001996.txt,17,19,2,0.000458,True
real_001997.txt,33,62,9,0.0179,True
real_001998.txt,30,62,12,0.02114,True
real_001999.txt,10,17,4,0.001192,True
ba_000000.txt,19,34,3,0.002008,True
ba_000001.txt,18,32,3,0.002136,True
ba_000002.txt,19,34,4,0.002417,True
ba_000003.txt,30,56,5,0.01031,True
ba_000004.txt,34,64,5,0.012283,True
ba_000005.txt,23,42,4,0.003794,True
ba_000006.txt,21,38,4,0.00285,True
ba_000007.txt,28,75,8,0.019895,True
ba_000008.txt,33,62,4,0.009384,True
ba_000009.txt,35,66,6,0.012794,True
ba_000010.txt,27,72,8,0.020789,True
ba_000011.txt,28,52,5,0.004757,True
ba_000012.txt,23,60,5,0.013029,True
ba_000013.txt,31,58,5,0.009381,True
ba_000014.txt,21,54,6,0.0085,True
ba_000015.txt,15,36,4,0.003318,True
ba_000016.txt,28,52,4,0.004309,True
ba_000017.txt,21,38,4,0.003047,True
ba_000018.txt,34,64,5,0.006369,True
ba_000019.txt,19,34,3,0.002211,True
ba_000020.txt,16,28,4,0.002066,True
ba_000021.txt,17,42,4,0.003931,True
ba_000022.txt,28,52,4,0.004502,True
ba_000023.txt,30,81,8,0.022486,True
ba_000024.txt,22,40,3,0.00292,True
ba_000025.txt,23,42,5,0.003417,True
ba_000026.txt,30,56,5,0.009395,True
ba_000027.txt,30,81,7,0.023938,True
ba_000028.txt,30,56,4,0.004363,True
ba_000029.txt,22,40,4,0.00299,True
ba_000030.txt,26,48,3,0.003527,True
ba_000031.txt,19,48,5,0.005461,True
ba_000032.txt,25,46,4,0.003365,True
ba_000033.txt,32,87,8,0.026074,True
ba_000034.txt,26,69,8,0.018079,True
ba_000035.txt,18,32,3,0.00251,True
ba_000036.txt,35,66,5,0.012227,True
ba_000037.txt,25,66,6,0.016691,True
ba_000038.txt,22,40,4,0.003032,True
ba_000039.txt,27,50,4,0.004865,True
ba_000040.txt,31,84,8,0.026492,True
ba_000041.txt,24,63,7,0.014128,True
ba_000042.txt,22,40,3,0.002826,True
ba_000043.txt,23,42,3,0.003301,True
ba_000044.txt,35,66,5,0.012457,True
ba_000045.txt,21,38,4,0.002624,True
ba_000046.txt,32,60,4,0.009007,True
ba_000047.txt,30,81,7,0.021951,True
ba_000048.txt,28,52,5,0.005384,True
ba_000049.txt,28,75,8,0.02222,True
ba_000050.txt,27,50,4,0.007621,True
ba_000051.txt,35,66,6,0.019361,True
ba_000052.txt,19,48,5,0.004943,True
ba_000053.txt,30,81,5,0.018772,True
ba_000054.txt,25,66,7,0.017554,True
ba_000055.txt,29,54,3,0.007396,True
ba_000056.txt,20,51,6,0.005871,True
ba_000057.txt,31,58,6,0.011462,True
ba_000058.txt,25,66,8,0.016416,True
ba_000059.txt,15,36,4,0.003063,True
ba_000060.txt,24,44,4,0.003481,True
ba_000061.txt,32,87,8,0.034551,True
ba_000062.txt,23,60,9,0.019571,True
ba_000063.txt,26,69,8,0.018777,True
ba_000064.txt,22,57,5,0.007284,True
ba_000065.txt,19,48,6,0.005429,True
ba_000066.txt,30,56,4,0.008471,True
ba_000067.txt,23,42,3,0.003865,True
ba_000068.txt,16,28,3,0.001663,True
ba_000069.txt,15,26,3,0.001655,True
ba_000070.txt,16,28,3,0.001963,True
ba_000071.txt,21,38,3,0.002483,True
ba_000072.txt,25,46,4,0.00431,True
ba_000073.txt,19,34,4,0.002761,True
ba_000074.txt,31,84,9,0.025955,True
ba_000075.txt,21,38,3,0.00238,True
ba_000076.txt,15,36,4,0.003146,True
ba_000077.txt,28,75,9,0.022504,True
ba_000078.txt,22,40,4,0.002929,True
ba_000079.txt,34,64,6,0.011963,True
ba_000080.txt,24,44,3,0.002891,True
ba_000081.txt,16,39,5,0.003808,True
ba_000082.txt,17,42,5,0.004033,True
ba_000083.txt,22,40,4,0.003143,True
ba_000084.txt,28,75,6,0.019052,True
ba_000085.txt,35,66,6,0.01177,True
ba_000086.txt,24,63,7,0.01473,True
ba_000087.txt,32,87,7,0.026842,True
ba_000088.txt,32,87,9,0.032372,True
ba_000089.txt,27,72,6,0.017339,True
ba_000090.txt,23,60,6,0.012392,True
ba_000091.txt,34,64,7,0.013736,True
ba_000092.txt,29,54,5,0.004598,True
ba_000093.txt,28,52,2,0.00714,True
ba_000094.txt,22,40,3,0.002371,True
ba_000095.txt,15,26,3,0.002171,True
ba_000096.txt,20,36,3,0.002904,True
ba_000097.txt,18,32,3,0.001718,True
ba_000098.txt,21,38,3,0.002151,True
ba_000099.txt,24,44,3,0.003491,True
ba_000100.txt,29,54,4,0.004351,True
ba_000101.txt,16,39,5,0.004205,True
ba_000102.txt,29,78,7,0.025752,True
ba_000103.txt,29,78,10,0.025533,True
ba_000104.txt,16,39,5,0.003556,True
ba_000105.txt,22,57,6,0.01233,True
ba_000106.txt,25,46,5,0.004673,True
ba_000107.txt,30,81,8,0.021852,True
ba_000108.txt,19,48,5,0.004752,True
ba_000109.txt,27,72,8,0.021452,True
ba_000110.txt,30,81,7,0.023851,True
ba_000111.txt,15,26,3,0.001519,True
ba_000112.txt,35,96,9,0.040587,True
ba_000113.txt,24,44,3,0.003467,True
ba_000114.txt,18,32,3,0.002015,True
ba_000115.txt,35,66,7,0.013687,True
ba_000116.txt,31,84,7,0.024262,True
ba_000117.txt,27,72,8,0.019026,True
ba_000118.txt,16,28,2,0.00152,True
ba_000119.txt,23,60,7,0.013676,True
ba_000120.txt,16,39,4,0.003653,True
ba_000121.txt,17,30,3,0.001996,True
ba_000122.txt,24,63,7,0.014477,True
ba_000123.txt,17,30,3,0.001721,True
ba_000124.txt,25,66,6,0.014501,True
ba_000125.txt,31,58,4,0.008249,True
ba_000126.txt,30,81,8,0.025971,True
ba_000127.txt,18,32,3,0.00214,True
ba_000128.txt,16,28,3,0.001758,True
ba_000129.txt,31,58,6,0.00583,True
ba_000130.txt,21,54,4,0.006669,True
ba_000131.txt,28,75,8,0.020263,True
ba_000132.txt,20,51,5,0.005594,True
ba_000133.txt,16,28,3,0.001826,True
ba_000134.txt,27,50,4,0.004096,True
ba_000135.txt,23,42,4,0.003058,True
ba_000136.txt,15,26,3,0.001696,True
ba_000137.txt,29,54,5,0.004648,True
ba_000138.txt,22,57,7,0.010365,True
ba_000139.txt,16,39,5,0.004337,True
ba_000140.txt,28,52,4,0.004403,True
ba_000141.txt,27,50,4,0.004426,True
ba_000142.txt,34,64,6,0.011121,True
ba_000143.txt,18,32,4,0.002343,True
ba_000144.txt,25,46,4,0.003229,True
ba_000145.txt,24,44,5,0.003732,True
ba_000146.txt,26,48,6,0.004572,True
ba_000147.txt,21,54,6,0.006448,True
ba_000148.txt,30,56,5,0.008209,True
ba_000149.txt,26,69,7,0.017148,True
ba_000150.txt,27,50,5,0.004588,True
ba_000151.txt,24,44,4,0.00318,True
ba_000152.txt,26,48,5,0.004057,True
ba_000153.txt,32,87,11,0.032664,True
ba_000154.txt,28,75,7,0.021464,True
ba_000155.txt,16,28,4,0.002117,True
ba_000156.txt,19,48,5,0.004676,True
ba_000157.txt,21,38,4,0.003424,True
ba_000158.txt,27,72,7,0.019756,True
ba_000159.txt,18,32,4,0.002512,True
ba_000160.txt,20,51,5,0.005244,True
ba_000161.txt,34,64,6,0.01207,True
ba_000162.txt,20,36,3,0.002477,True
ba_000163.txt,22,57,6,0.011299,True
ba_000164.txt,21,54,5,0.005578,True
ba_000165.txt,32,60,5,0.009513,True
ba_000166.txt,35,96,9,0.030622,True
ba_000167.txt,28,52,5,0.004725,True
ba_000168.txt,29,78,7,0.023457,True
ba_000169.txt,18,45,6,0.00475,True
ba_000170.txt,19,48,6,0.005097,True
ba_000171.txt,16,28,3,0.001495,True
ba_000172.txt,25,46,6,0.004585,True
ba_000173.txt,30,81,6,0.021066,True
ba_000174.txt,26,69,8,0.020547,True
ba_000175.txt,20,51,6,0.005642,True
ba_000176.txt,31,84,8,0.027413,True
ba_000177.txt,33,90,8,0.029036,True
ba_000178.txt,22,57,5,0.0056,True
ba_000179.txt,33,62,5,0.010973,True
ba_000180.txt,30,81,9,0.026356,True
ba_000181.txt,26,48,4,0.003992,True
ba_000182.txt,22,40,4,0.002843,True
ba_000183.txt,31,84,8,0.028047,True
ba_000184.txt,32,87,7,0.027387,True
ba_000185.txt,16,39,4,0.003417,True
ba_000186.txt,22,40,4,0.003169,True
ba_000187.txt,27,72,7,0.018683,True
ba_000188.txt,25,66,5,0.017231,True
ba_000189.txt,17,42,4,0.004046,True
ba_000190.txt,28,75,8,0.020909,True
ba_000191.txt,31,84,9,0.026147,True
ba_000192.txt,33,90,8,0.028263,True
ba_000193.txt,30,81,8,0.026054,True
ba_000194.txt,33,62,4,0.010404,True
ba_000195.txt,23,60,7,0.01365,True
ba_000196.txt,24,63,5,0.012942,True
ba_000197.txt,29,78,8,0.023244,True
ba_000198.txt,19,34,3,0.002124,True
ba_000199.txt,17,42,5,0.004573,True
ba_000200.txt,22,40,5,0.002935,True
ba_000201.txt,25,66,5,0.014137,True
ba_000202.txt,22,57,8,0.01355,True
ba_000203.txt,28,75,8,0.021337,True
ba_000204.txt,20,36,4,0.002755,True
ba_000205.txt,27,50,5,0.004687,True
ba_000206.txt,24,44,4,0.004028,True
ba_000207.txt,28,52,3,0.003867,True
ba_000208.txt,18,32,2,0.00213,True
ba_000209.txt,18,45,6,0.006489,True
ba_000210.txt,26,69,7,0.01842,True
ba_000211.txt,26,48,4,0.003863,True
ba_000212.txt,35,66,6,0.012661,True
ba_000213.txt,30,81,7,0.024203,True
ba_000214.txt,22,40,4,0.003359,True
ba_000215.txt,16,39,5,0.003964,True
ba_000216.txt,29,78,9,0.022269,True
ba_000217.txt,27,72,7,0.019934,True
ba_000218.txt,30,56,5,0.009147,True
ba_000219.txt,27,50,4,0.004626,True
ba_000220.txt,15,36,5,0.003287,True
ba_000221.txt,32,60,6,0.011722,True
ba_000222.txt,34,64,6,0.010858,True
ba_000223.txt,28,52,6,0.006736,True
ba_000224.txt,18,45,5,0.004371,True
ba_000225.txt,18,45,5,0.004333,True
ba_000226.txt,26,48,5,0.004381,True
ba_000227.txt,33,90,9,0.029805,True
ba_000228.txt,29,78,8,0.024926,True
ba_000229.txt,19,34,3,0.002311,True
ba_000230.txt,23,60,5,0.011697,True
ba_000231.txt,33,62,6,0.010813,True
ba_000232.txt,35,96,9,0.03395,True
ba_000233.txt,31,84,8,0.028303,True
ba_000234.txt,29,78,7,0.019874,True
ba_000235.txt,24,63,7,0.014881,True
ba_000236.txt,17,30,3,0.002238,True
ba_000237.txt,28,52,6,0.005664,True
ba_000238.txt,30,81,8,0.023179,True
ba_000239.txt,27,50,6,0.005399,True
ba_000240.txt,35,96,10,0.031586,True
ba_000241.txt,25,46,5,0.004232,True
ba_000242.txt,32,87,8,0.027079,True
ba_000243.txt,18,45,4,0.004521,True
ba_000244.txt,22,40,4,0.002795,True
ba_000245.txt,24,63,7,0.017153,True
ba_000246.txt,28,75,6,0.021355,True
ba_000247.txt,18,32,4,0.002928,True
ba_000248.txt,26,48,4,0.004245,True
ba_000249.txt,31,84,8,0.025089,True
ba_000250.txt,30,56,5,0.009186,True
ba_000251.txt,20,51,6,0.005748,True
ba_000252.txt,34,64,5,0.005947,True
ba_000253.txt,21,54,6,0.006805,True
ba_000254.txt,20,51,6,0.006319,True
ba_000255.txt,35,66,5,0.010534,True
ba_000256.txt,28,75,7,0.025904,True
ba_000257.txt,20,36,3,0.002752,True
ba_000258.txt,28,75,7,0.020193,True
ba_000259.txt,25,66,7,0.016377,True
ba_000260.txt,34,93,9,0.034848,True
ba_000261.txt,31,58,4,0.007979,True
ba_000262.txt,34,93,9,0.032046,True
ba_000263.txt,20,51,6,0.00623,True
ba_000264.txt,32,87,9,0.028249,True
ba_000265.txt,31,84,8,0.025346,True
ba_000266.txt,26,48,5,0.003867,True
ba_000267.txt,25,46,3,0.00353,True
ba_000268.txt,35,66,6,0.011427,True
ba_000269.txt,15,26,3,0.001447,True
ba_000270.txt,21,54,6,0.006182,True
ba_000271.txt,33,62,6,0.011526,True
ba_000272.txt,33,62,5,0.005197,True
ba_000273.txt,21,38,3,0.002678,True
ba_000274.txt,19,48,6,0.005708,True
ba_000275.txt,25,46,4,0.00383,True
ba_000276.txt,16,28,3,0.001962,True
ba_000277.txt,32,60,3,0.00822,True
ba_000278.txt,34,93,9,0.028583,True
ba_000279.txt,16,39,5,0.004165,True
ba_000280.txt,22,40,4,0.003345,True
ba_000281.txt,18,45,5,0.004257,True
ba_000282.txt,28,75,7,0.01832,True
ba_000283.txt,33,62,6,0.006932,True
ba_000284.txt,33,62,5,0.011142,True
ba_000285.txt,24,44,4,0.00321,True
ba_000286.txt,18,45,6,0.00496,True
ba_000287.txt,31,84,8,0.025107,True
ba_000288.txt,19,34,4,0.002724,True
ba_000289.txt,29,54,5,0.009382,True
ba_000290.txt,15,36,5,0.00373,True
ba_000291.txt,25,46,5,0.004057,True
ba_000292.txt,21,54,6,0.006402,True
ba_000293.txt,18,45,5,0.004726,True
ba_000294.txt,18,32,3,0.001974,True
ba_000295.txt,16,39,5,0.00399,True
ba_000296.txt,24,63,6,0.013829,True
ba_000297.txt,22,57,6,0.012805,True
ba_000298.txt,33,62,6,0.013098,True
ba_000299.txt,34,93,9,0.034721,True
ba_000300.txt,17,42,5,0.005059,True
ba_000301.txt,15,36,4,0.003316,True
ba_000302.txt,34,64,5,0.013029,True
ba_000303.txt,28,75,8,0.022616,True
ba_000304.txt,30,81,9,0.024687,True
ba_000305.txt,23,60,7,0.014336,True
ba_000306.txt,28,75,8,0.020592,True
ba_000307.txt,34,64,6,0.011184,True
ba_000308.txt,15,26,3,0.001733,True
ba_000309.txt,34,64,6,0.006079,True
ba_000310.txt,16,28,4,0.002071,True
ba_000311.txt,29,78,7,0.023897,True
ba_000312.txt,30,56,4,0.009333,True
ba_000313.txt,31,84,8,0.025022,True
ba_000314.txt,23,60,7,0.012085,True
ba_000315.txt,30,56,5,0.004653,True
ba_000316.txt,31,84,9,0.031499,True
ba_000317.txt,24,63,6,0.01378,True
ba_000318.txt,32,60,5,0.011375,True
ba_000319.txt,35,66,5,0.011349,True
ba_000320.txt,23,42,4,0.002982,True
ba_000321.txt,32,87,10,0.030492,True
ba_000322.txt,27,72,8,0.01911,True
ba_000323.txt,19,48,5,0.004976,True
ba_000324.txt,19,34,4,0.00221,True
ba_000325.txt,23,42,4,0.003155,True
ba_000326.txt,34,93,9,0.028888,True
ba_000327.txt,20,36,3,0.002183,True
ba_000328.txt,33,90,10,0.029952,True
ba_000329.txt,27,72,8,0.019696,True
ba_000330.txt,34,64,5,0.010215,True
ba_000331.txt,24,44,5,0.003382,True
ba_000332.txt,23,60,5,0.011382,True
ba_000333.txt,35,96,8,0.026664,True
ba_000334.txt,28,75,7,0.018512,True
ba_000335.txt,31,84,9,0.031688,True
ba_000336.txt,21,38,2,0.002081,True
ba_000337.txt,20,51,5,0.005741,True
ba_000338.txt,22,40,4,0.003577,True
ba_000339.txt,31,58,6,0.010488,True
ba_000340.txt,19,34,3,0.002226,True
ba_000341.txt,34,93,9,0.031302,True
ba_000342.txt,23,60,5,0.011504,True
ba_000343.txt,15,36,4,0.003099,True
ba_000344.txt,32,60,6,0.011487,True
ba_000345.txt,18,45,4,0.004129,True
ba_000346.txt,23,60,7,0.012662,True
ba_000347.txt,27,72,8,0.018766,True
ba_000348.txt,23,42,5,0.003704,True
ba_000349.txt,23,42,4,0.003004,True
ba_000350.txt,31,84,8,0.024961,True
ba_000351.txt,20,36,4,0.002253,True
ba_000352.txt,28,52,4,0.004199,True
ba_000353.txt,23,42,4,0.003293,True
ba_000354.txt,29,78,9,0.022668,True
ba_000355.txt,28,75,6,0.019164,True
ba_000356.txt,20,51,6,0.005847,True
ba_000357.txt,32,87,8,0.026751,True
ba_000358.txt,18,32,3,0.002514,True
ba_000359.txt,31,84,7,0.024674,True
ba_000360.txt,18,45,5,0.004269,True
ba_000361.txt,31,84,9,0.02618,True
ba_000362.txt,23,60,5,0.011658,True
ba_000363.txt,15,26,3,0.001926,True
ba_000364.txt,29,54,4,0.004403,True
ba_000365.txt,23,42,4,0.004008,True
ba_000366.txt,17,42,6,0.005082,True
ba_000367.txt,34,64,7,0.012022,True
ba_000368.txt,34,64,5,0.010601,True
ba_000369.txt,15,26,3,0.001755,True
ba_000370.txt,17,42,4,0.003674,True
ba_000371.txt,33,90,10,0.028446,True
ba_000372.txt,15,26,3,0.00147,True
ba_000373.txt,29,54,5,0.004838,True
ba_000374.txt,31,84,9,0.027123,True
ba_000375.txt,32,87,9,0.029553,True
ba_000376.txt,33,90,8,0.028901,True
ba_000377.txt,21,54,5,0.006296,True
ba_000378.txt,29,78,7,0.025238,True
ba_000379.txt,25,66,9,0.018127,True
ba_000380.txt,16,39,4,0.003302,True
ba_000381.txt,25,66,7,0.016864,True
ba_000382.txt,21,38,4,0.002797,True
ba_000383.txt,16,39,5,0.003478,True
ba_000384.txt,27,50,5,0.004561,True
ba_000385.txt,32,60,4,0.010543,True
ba_000386.txt,25,46,4,0.004169,True
ba_000387.txt,31,84,8,0.026707,True
ba_000388.txt,20,36,4,0.003245,True
ba_000389.txt,35,96,9,0.031844,True
ba_000390.txt,20,36,3,0.00235,True
ba_000391.txt,33,90,8,0.029501,True
ba_000392.txt,31,58,4,0.00482,True
ba_000393.txt,23,60,6,0.013234,True
ba_000394.txt,16,39,4,0.003356,True
ba_000395.txt,31,58,5,0.005439,True
ba_000396.txt,23,42,4,0.003324,True
ba_000397.txt,20,51,6,0.005722,True
ba_000398.txt,34,93,9,0.033528,True
ba_000399.txt,16,39,5,0.004018,True
ba_000400.txt,34,93,8,0.032582,True
ba_000401.txt,21,54,6,0.006348,True
ba_000402.txt,34,64,6,0.00634,True
ba_000403.txt,31,58,5,0.004749,True
ba_000404.txt,29,54,4,0.004675,True
ba_000405.txt,18,32,4,0.002238,True
ba_000406.txt,31,84,8,0.025693,True
ba_000407.txt,29,54,6,0.005638,True
ba_000408.txt,23,60,6,0.014181,True
ba_000409.txt,27,50,4,0.003803,True
ba_000410.txt,17,42,5,0.004246,True
ba_000411.txt,32,87,9,0.028725,True
ba_000412.txt,32,60,5,0.004709,True
ba_000413.txt,21,54,6,0.006292,True
ba_000414.txt,31,84,9,0.026733,True
ba_000415.txt,29,54,5,0.009167,True
ba_000416.txt,17,30,2,0.001667,True
ba_000417.txt,34,64,5,0.005793,True
ba_000418.txt,16,39,5,0.003641,True
ba_000419.txt,22,40,4,0.002983,True
ba_000420.txt,21,54,6,0.006132,True
ba_000421.txt,18,32,3,0.002232,True
ba_000422.txt,33,90,9,0.033409,True
ba_000423.txt,34,93,8,0.029937,True
ba_000424.txt,23,42,4,0.003432,True
ba_000425.txt,30,56,6,0.009843,True
ba_000426.txt,15,26,3,0.001614,True
ba_000427.txt,28,75,7,0.019947,True
ba_000428.txt,28,75,7,0.021467,True
ba_000429.txt,32,87,10,0.031143,True
ba_000430.txt,17,42,6,0.004491,True
ba_000431.txt,34,64,4,0.010596,True
ba_000432.txt,32,87,8,0.031793,True
ba_000433.txt,28,52,6,0.013369,True
ba_000434.txt,28,75,8,0.022174,True
ba_000435.txt,35,96,8,0.030027,True
ba_000436.txt,21,54,6,0.006671,True
ba_000437.txt,17,30,4,0.002641,True
ba_000438.txt,26,69,7,0.018798,True
ba_000439.txt,32,60,3,0.013146,True
ba_000440.txt,18,45,5,0.007327,True
ba_000441.txt,25,46,4,0.005084,True
ba_000442.txt,33,90,10,0.036045,True
ba_000443.txt,30,81,7,0.021117,True
ba_000444.txt,23,42,4,0.003379,True
ba_000445.txt,20,36,4,0.002486,True
ba_000446.txt,31,58,7,0.00555,True
ba_000447.txt,33,62,5,0.010088,True
ba_000448.txt,21,38,4,0.002981,True
ba_000449.txt,23,42,4,0.00349,True
ba_000450.txt,23,42,3,0.002837,True
ba_000451.txt,25,46,4,0.00406,True
ba_000452.txt,25,66,6,0.014649,True
ba_000453.txt,34,93,10,0.039571,True
ba_000454.txt,17,30,3,0.002,True
ba_000455.txt,26,48,4,0.003539,True
ba_000456.txt,35,66,6,0.014299,True
ba_000457.txt,33,62,6,0.010669,True
ba_000458.txt,22,57,7,0.013216,True
ba_000459.txt,15,36,4,0.00316,True
ba_000460.txt,21,54,4,0.005654,True
ba_000461.txt,33,90,8,0.031541,True
ba_000462.txt,34,93,8,0.025622,True
ba_000463.txt,20,51,6,0.005916,True
ba_000464.txt,25,46,3,0.003022,True
ba_000465.txt,30,56,4,0.004381,True
ba_000466.txt,31,58,5,0.005109,True
ba_000467.txt,22,40,4,0.002916,True
ba_000468.txt,28,52,5,0.004457,True
ba_000469.txt,27,50,4,0.004348,True
ba_000470.txt,23,60,6,0.01266,True
ba_000471.txt,28,52,4,0.004491,True
ba_000472.txt,18,45,5,0.004385,True
ba_000473.txt,30,81,8,0.025605,True
ba_000474.txt,17,30,3,0.002024,True
ba_000475.txt,29,78,8,0.024977,True
ba_000476.txt,30,56,6,0.009804,True
ba_000477.txt,34,93,8,0.030752,True
ba_000478.txt,16,28,4,0.001976,True
ba_000479.txt,22,57,6,0.012897,True
ba_000480.txt,27,72,8,0.018077,True
ba_000481.txt,16,39,5,0.003631,True
ba_000482.txt,22,57,6,0.011442,True
ba_000483.txt,25,66,7,0.016057,True
ba_000484.txt,31,84,8,0.025339,True
ba_000485.txt,22,57,5,0.007184,True
ba_000486.txt,21,38,5,0.003395,True
ba_000487.txt,28,52,4,0.004348,True
ba_000488.txt,21,54,5,0.005828,True
ba_000489.txt,15,36,4,0.003084,True
ba_000490.txt,24,63,7,0.018856,True
ba_000491.txt,25,46,4,0.003776,True
ba_000492.txt,31,58,5,0.009784,True
ba_000493.txt,24,63,6,0.013006,True
ba_000494.txt,23,60,7,0.014509,True
ba_000495.txt,20,51,4,0.004983,True
ba_000496.txt,25,46,5,0.003259,True
ba_000497.txt,26,48,3,0.006207,True
ba_000498.txt,15,36,5,0.003257,True
ba_000499.txt,27,72,8,0.020577,True
ba_000500.txt,30,56,4,0.008406,True
ba_000501.txt,29,54,5,0.004767,True
ba_000502.txt,21,38,3,0.002818,True
ba_000503.txt,33,90,11,0.032374,True
ba_000504.txt,35,96,9,0.031789,True
ba_000505.txt,17,30,3,0.001791,True
ba_000506.txt,16,28,3,0.001725,True
ba_000507.txt,27,72,8,0.021146,True
ba_000508.txt,23,42,4,0.003931,True
ba_000509.txt,35,96,10,0.033638,True
ba_000510.txt,17,42,5,0.004016,True
ba_000511.txt,29,78,7,0.019897,True
ba_000512.txt,33,90,9,0.029748,True
ba_000513.txt,33,62,5,0.010914,True
ba_000514.txt,18,32,4,0.002405,True
ba_000515.txt,33,90,7,0.029556,True
ba_000516.txt,31,84,8,0.026407,True
ba_000517.txt,18,32,3,0.002038,True
ba_000518.txt,30,81,8,0.022612,True
ba_000519.txt,33,90,8,0.026403,True
ba_000520.txt,31,58,5,0.008725,True
ba_000521.txt,18,32,4,0.002279,True
ba_000522.txt,35,96,10,0.032684,True
ba_000523.txt,22,40,5,0.003231,True
ba_000524.txt,28,52,4,0.004225,True
ba_000525.txt,28,52,4,0.004214,True
ba_000526.txt,22,57,6,0.011605,True
ba_000527.txt,17,42,6,0.004429,True
ba_000528.txt,26,69,8,0.019444,True
ba_000529.txt,28,75,7,0.020718,True
ba_000530.txt,23,42,4,0.003186,True
ba_000531.txt,32,60,4,0.009501,True
ba_000532.txt,28,75,7,0.019303,True
ba_000533.txt,23,42,3,0.002811,True
ba_000534.txt,24,44,5,0.003594,True
ba_000535.txt,28,75,7,0.021278,True
ba_000536.txt,34,93,10,0.030562,True
ba_000537.txt,19,48,6,0.006052,True
ba_000538.txt,22,40,3,0.002632,True
ba_000539.txt,19,48,4,0.003979,True
ba_000540.txt,26,48,3,0.003634,True
ba_000541.txt,22,57,6,0.012227,True
ba_000542.txt,28,52,5,0.004894,True
ba_000543.txt,25,66,7,0.017956,True
ba_000544.txt,21,38,2,0.002642,True
ba_000545.txt,20,36,3,0.002521,True
ba_000546.txt,33,90,8,0.030187,True
ba_000547.txt,19,34,4,0.002607,True
ba_000548.txt,17,30,3,0.001999,True
ba_000549.txt,25,46,5,0.003604,True
ba_000550.txt,24,63,7,0.014839,True
ba_000551.txt,27,72,7,0.019395,True
ba_000552.txt,26,48,4,0.004911,True
ba_000553.txt,26,48,3,0.003327,True
ba_000554.txt,33,90,7,0.030329,True
ba_000555.txt,32,87,8,0.02954,True
ba_000556.txt,23,42,4,0.003884,True
ba_000557.txt,35,66,7,0.014535,True
ba_000558.txt,25,46,3,0.003347,True
ba_000559.txt,16,39,4,0.003599,True
ba_000560.txt,29,78,9,0.023388,True
ba_000561.txt,16,39,6,0.004196,True
ba_000562.txt,22,40,4,0.00375,True
ba_000563.txt,35,96,10,0.031788,True
ba_000564.txt,30,56,6,0.005712,True
ba_000565.txt,25,46,5,0.00514,True
ba_000566.txt,35,96,9,0.03189,True
ba_000567.txt,21,54,6,0.006626,True
ba_000568.txt,16,39,4,0.003827,True
ba_000569.txt,28,75,7,0.019919,True
ba_000570.txt,15,36,4,0.002897,True
ba_000571.txt,35,66,5,0.011671,True
ba_000572.txt,31,84,7,0.027609,True
ba_000573.txt,26,48,4,0.003823,True
ba_000574.txt,24,44,5,0.003562,True
ba_000575.txt,21,54,7,0.007428,True
ba_000576.txt,35,66,4,0.011696,True
ba_000577.txt,19,34,3,0.002081,True
ba_000578.txt,33,62,4,0.01122,True
ba_000579.txt,31,84,8,0.026275,True
ba_000580.txt,28,75,8,0.022387,True
ba_000581.txt,21,38,3,0.002309,True
ba_000582.txt,18,32,4,0.002182,True
ba_000583.txt,28,75,7,0.019453,True
ba_000584.txt,21,38,4,0.0023,True
ba_000585.txt,32,60,6,0.005908,True
ba_000586.txt,33,90,9,0.030262,True
ba_000587.txt,17,30,3,0.00227,True
ba_000588.txt,30,81,7,0.022058,True
ba_000589.txt,26,69,7,0.018389,True
ba_000590.txt,23,60,7,0.014317,True
ba_000591.txt,16,39,5,0.003603,True
ba_000592.txt,20,36,4,0.00261,True
ba_000593.txt,30,81,6,0.022066,True
ba_000594.txt,21,38,3,0.002564,True
ba_000595.txt,29,78,8,0.022487,True
ba_000596.txt,27,72,8,0.020315,True
ba_000597.txt,35,66,6,0.012587,True
ba_000598.txt,32,87,7,0.027384,True
ba_000599.txt,31,58,4,0.005072,True
ba_000600.txt,25,66,6,0.015715,True
ba_000601.txt,31,58,4,0.009046,True
ba_000602.txt,28,75,7,0.020739,True
ba_000603.txt,18,45,6,0.005022,True
ba_000604.txt,30,56,4,0.004773,True
ba_000605.txt,32,87,9,0.029139,True
ba_000606.txt,33,90,8,0.030671,True
ba_000607.txt,30,56,6,0.01019,True
ba_000608.txt,24,63,5,0.013827,True
ba_000609.txt,35,96,10,0.034447,True
ba_000610.txt,24,63,8,0.01566,True
ba_000611.txt,29,78,9,0.026017,True
ba_000612.txt,34,93,9,0.032885,True
ba_000613.txt,32,60,6,0.01062,True
ba_000614.txt,25,66,5,0.01361,True
ba_000615.txt,25,46,3,0.003892,True
ba_000616.txt,34,93,9,0.032607,True
ba_000617.txt,34,64,5,0.011001,True
ba_000618.txt,33,90,8,0.027969,True
ba_000619.txt,16,28,3,0.001708,True
ba_000620.txt,24,63,6,0.013219,True
ba_000621.txt,31,84,7,0.023066,True
ba_000622.txt,30,81,9,0.027621,True
ba_000623.txt,34,64,4,0.009711,True
ba_000624.txt,15,36,5,0.003598,True
ba_000625.txt,30,81,9,0.025411,True
ba_000626.txt,24,44,6,0.003961,True
ba_000627.txt,24,44,5,0.003143,True
ba_000628.txt,33,90,10,0.031722,True
ba_000629.txt,16,39,5,0.003703,True
ba_000630.txt,20,36,3,0.002647,True
ba_000631.txt,30,56,5,0.005587,True
ba_000632.txt,32,87,8,0.0292,True
ba_000633.txt,34,64,4,0.011889,True
ba_000634.txt,21,54,6,0.006359,True
ba_000635.txt,24,44,4,0.00351,True
ba_000636.txt,15,36,4,0.003412,True
ba_000637.txt,24,63,7,0.015734,True
ba_000638.txt,17,42,4,0.003511,True
ba_000639.txt,18,32,4,0.003304,True
ba_000640.txt,23,60,8,0.013734,True
ba_000641.txt,29,78,8,0.021408,True
ba_000642.txt,16,39,4,0.003057,True
ba_000643.txt,19,34,3,0.002351,True
ba_000644.txt,33,62,5,0.006034,True
ba_000645.txt,22,57,6,0.013098,True
ba_000646.txt,15,26,2,0.001608,True
ba_000647.txt,31,58,4,0.004694,True
ba_000648.txt,34,93,10,0.034958,True
ba_000649.txt,28,75,7,0.020084,True
ba_000650.txt,21,54,6,0.006401,True
ba_000651.txt,26,69,7,0.021576,True
ba_000652.txt,26,48,4,0.003855,True
ba_000653.txt,35,96,9,0.030248,True
ba_000654.txt,15,36,5,0.003497,True
ba_000655.txt,19,48,5,0.005173,True
ba_000656.txt,20,51,5,0.005667,True
ba_000657.txt,27,72,8,0.019072,True
ba_000658.txt,15,26,3,0.001636,True
ba_000659.txt,29,54,5,0.004894,True
ba_000660.txt,27,72,8,0.019898,True
ba_000661.txt,23,60,6,0.013667,True
ba_000662.txt,34,93,9,0.030046,True
ba_000663.txt,23,60,7,0.012988,True
ba_000664.txt,33,62,6,0.011216,True
ba_000665.txt,34,64,4,0.010385,True
ba_000666.txt,19,34,4,0.002627,True
ba_000667.txt,27,72,6,0.017054,True
ba_000668.txt,17,30,3,0.001914,True
ba_000669.txt,31,84,8,0.02734,True
ba_000670.txt,25,46,4,0.004276,True
ba_000671.txt,35,96,7,0.029992,True
ba_000672.txt,21,54,5,0.006106,True
ba_000673.txt,35,96,9,0.029096,True
ba_000674.txt,16,39,4,0.003228,True
ba_000675.txt,30,81,9,0.023777,True
ba_000676.txt,26,48,5,0.004412,True
ba_000677.txt,18,32,3,0.002628,True
ba_000678.txt,28,75,7,0.020713,True
ba_000679.txt,30,56,4,0.008212,True
ba_000680.txt,21,38,5,0.003,True
ba_000681.txt,27,50,4,0.004571,True
ba_000682.txt,16,39,4,0.003532,True
ba_000683.txt,34,64,6,0.010317,True
ba_000684.txt,24,44,5,0.003829,True
ba_000685.txt,27,72,9,0.020609,True
ba_000686.txt,32,87,9,0.028787,True
ba_000687.txt,15,26,2,0.001583,True
ba_000688.txt,30,81,9,0.028304,True
ba_000689.txt,28,75,7,0.019324,True
ba_000690.txt,35,66,5,0.011625,True
ba_000691.txt,32,60,5,0.005348,True
ba_000692.txt,31,58,5,0.010286,True
ba_000693.txt,15,26,3,0.001638,True
ba_000694.txt,23,42,3,0.003276,True
ba_000695.txt,26,69,5,0.016233,True
ba_000696.txt,21,38,3,0.002709,True
ba_000697.txt,25,46,5,0.004207,True
ba_000698.txt,28,52,5,0.005092,True
ba_000699.txt,33,62,5,0.010479,True
ba_000700.txt,34,93,10,0.03048,True
ba_000701.txt,17,30,3,0.002099,True
ba_000702.txt,33,62,4,0.01124,True
ba_000703.txt,26,69,6,0.019534,True
ba_000704.txt,20,36,3,0.002705,True
ba_000705.txt,19,48,6,0.005976,True
ba_000706.txt,20,36,3,0.002332,True
ba_000707.txt,19,48,5,0.005178,True
ba_000708.txt,20,51,5,0.005618,True
ba_000709.txt,17,42,6,0.004761,True
ba_000710.txt,17,30,3,0.002021,True
ba_000711.txt,29,78,7,0.020994,True
ba_000712.txt,18,32,3,0.002116,True
ba_000713.txt,34,93,8,0.035782,True
ba_000714.txt,21,54,6,0.006633,True
ba_000715.txt,32,87,10,0.029691,True
ba_000716.txt,26,69,6,0.016504,True
ba_000717.txt,17,30,3,0.001816,True
ba_000718.txt,32,87,7,0.026142,True
ba_000719.txt,22,40,4,0.003561,True
ba_000720.txt,19,48,6,0.005182,True
ba_000721.txt,18,32,3,0.002419,True
ba_000722.txt,33,90,9,0.035273,True
ba_000723.txt,15,36,3,0.002617,True
ba_000724.txt,18,32,4,0.002277,True
ba_000725.txt,33,90,9,0.029275,True
ba_000726.txt,16,28,3,0.001643,True
ba_000727.txt,30,56,4,0.003991,True
ba_000728.txt,15,36,5,0.003373,True
ba_000729.txt,32,87,10,0.033729,True
ba_000730.txt,28,75,8,0.02238,True
ba_000731.txt,24,63,7,0.01553,True
ba_000732.txt,23,42,4,0.00371,True
ba_000733.txt,16,28,3,0.001836,True
ba_000734.txt,21,38,4,0.002603,True
ba_000735.txt,33,90,10,0.032452,True
ba_000736.txt,34,93,9,0.032827,True
ba_000737.txt,28,75,8,0.021767,True
ba_000738.txt,23,42,4,0.003214,True
ba_000739.txt,34,93,10,0.034857,True
ba_000740.txt,19,34,3,0.002343,True
ba_000741.txt,20,51,6,0.006013,True
ba_000742.txt,18,45,3,0.003928,True
ba_000743.txt,19,48,6,0.006125,True
ba_000744.txt,24,44,5,0.003905,True
ba_000745.txt,32,87,8,0.032639,True
ba_000746.txt,18,45,5,0.004778,True
ba_000747.txt,35,96,8,0.033238,True
ba_000748.txt,17,30,3,0.002115,True
ba_000749.txt,30,56,6,0.005382,True
ba_000750.txt,22,40,4,0.002947,True
ba_000751.txt,33,62,6,0.012062,True
ba_000752.txt,16,39,5,0.003813,True
ba_000753.txt,31,84,9,0.028422,True
ba_000754.txt,27,72,8,0.019524,True
ba_000755.txt,27,72,7,0.020076,True
ba_000756.txt,27,50,3,0.003758,True
ba_000757.txt,25,46,4,0.00457,True
ba_000758.txt,15,26,3,0.001657,True
ba_000759.txt,22,57,6,0.010691,True
ba_000760.txt,34,64,5,0.01056,True
ba_000761.txt,33,62,5,0.012515,True
ba_000762.txt,33,62,4,0.010723,True
ba_000763.txt,29,78,8,0.023432,True
ba_000764.txt,33,62,5,0.005147,True
ba_000765.txt,34,93,8,0.029894,True
ba_000766.txt,16,28,3,0.001861,True
ba_000767.txt,21,38,4,0.002898,True
ba_000768.txt,22,57,6,0.011954,True
ba_000769.txt,26,48,4,0.004545,True
ba_000770.txt,32,60,5,0.013162,True
ba_000771.txt,19,48,6,0.005405,True
ba_000772.txt,23,60,7,0.014998,True
ba_000773.txt,25,66,7,0.017195,True
ba_000774.txt,30,56,4,0.008219,True
ba_000775.txt,16,39,5,0.003747,True
ba_000776.txt,26,48,5,0.004509,True
ba_000777.txt,20,51,7,0.007539,True
ba_000778.txt,23,42,4,0.00307,True
ba_000779.txt,20,36,4,0.00282,True
ba_000780.txt,30,56,3,0.004675,True
ba_000781.txt,26,48,4,0.007309,True
ba_000782.txt,30,81,7,0.023195,True
ba_000783.txt,18,32,3,0.002273,True
ba_000784.txt,26,69,8,0.022473,True
ba_000785.txt,15,36,4,0.004071,True
ba_000786.txt,19,34,4,0.002502,True
ba_000787.txt,29,78,7,0.019775,True
ba_000788.txt,27,50,3,0.006645,True
ba_000789.txt,23,42,4,0.003194,True
ba_000790.txt,20,51,5,0.005853,True
ba_000791.txt,20,36,3,0.002633,True
ba_000792.txt,19,34,3,0.002243,True
ba_000793.txt,17,30,4,0.002533,True
ba_000794.txt,28,75,7,0.019448,True
ba_000795.txt,35,66,4,0.011407,True
ba_000796.txt,32,60,5,0.005102,True
ba_000797.txt,30,56,5,0.013084,True
ba_000798.txt,18,45,6,0.005105,True
ba_000799.txt,23,42,4,0.002958,True
ba_000800.txt,16,39,4,0.003201,True
ba_000801.txt,19,48,6,0.005145,True
ba_000802.txt,22,57,6,0.013034,True
ba_000803.txt,23,60,7,0.014422,True
ba_000804.txt,28,75,6,0.029636,True
ba_000805.txt,31,58,5,0.014822,True
ba_000806.txt,23,42,3,0.003291,True
ba_000807.txt,19,48,5,0.006132,True
ba_000808.txt,32,87,8,0.028706,True
ba_000809.txt,35,96,9,0.034988,True
ba_000810.txt,23,60,7,0.012702,True
ba_000811.txt,28,75,7,0.019741,True
ba_000812.txt,24,63,7,0.01434,True
ba_000813.txt,35,96,10,0.032941,True
ba_000814.txt,24,63,6,0.014429,True
ba_000815.txt,15,26,2,0.001789,True
ba_000816.txt,25,66,6,0.015369,True
ba_000817.txt,24,63,7,0.014349,True
ba_000818.txt,35,66,6,0.014937,True
ba_000819.txt,26,69,6,0.016578,True
ba_000820.txt,26,69,6,0.015656,True
ba_000821.txt,18,32,3,0.002181,True
ba_000822.txt,17,30,3,0.002047,True
ba_000823.txt,20,36,3,0.002816,True
ba_000824.txt,35,66,5,0.010516,True
ba_000825.txt,22,57,6,0.012309,True
ba_000826.txt,22,57,6,0.010654,True
ba_000827.txt,18,45,5,0.004908,True
ba_000828.txt,31,58,5,0.004531,True
ba_000829.txt,19,34,3,0.002517,True
ba_000830.txt,35,96,10,0.031741,True
ba_000831.txt,32,87,8,0.0299,True
ba_000832.txt,27,50,4,0.004328,True
ba_000833.txt,29,54,5,0.005186,True
ba_000834.txt,23,42,4,0.00348,True
ba_000835.txt,29,78,8,0.023638,True
ba_000836.txt,31,84,8,0.024592,True
ba_000837.txt,22,57,7,0.012553,True
ba_000838.txt,22,57,7,0.012668,True
ba_000839.txt,33,90,9,0.030262,True
ba_000840.txt,15,26,3,0.001427,True
ba_000841.txt,32,87,9,0.028625,True
ba_000842.txt,17,30,3,0.002033,True
ba_000843.txt,17,30,3,0.001897,True
ba_000844.txt,30,81,6,0.022457,True
ba_000845.txt,24,44,3,0.003785,True
ba_000846.txt,22,40,3,0.002927,True
ba_000847.txt,30,56,5,0.008195,True
ba_000848.txt,29,78,5,0.018419,True
ba_000849.txt,33,90,8,0.029403,True
ba_000850.txt,18,32,3,0.002533,True
ba_000851.txt,23,60,6,0.012563,True
ba_000852.txt,23,42,4,0.003349,True
ba_000853.txt,23,42,4,0.003189,True
ba_000854.txt,19,48,5,0.004818,True
ba_000855.txt,15,26,2,0.001643,True
ba_000856.txt,20,51,4,0.004901,True
ba_000857.txt,25,46,5,0.003621,True
ba_000858.txt,33,62,4,0.010107,True
ba_000859.txt,19,34,3,0.002169,True
ba_000860.txt,25,46,4,0.00418,True
ba_000861.txt,22,40,4,0.002954,True
ba_000862.txt,32,60,4,0.01187,True
ba_000863.txt,19,34,3,0.00273,True
ba_000864.txt,15,36,5,0.003407,True
ba_000865.txt,24,63,6,0.014331,True
ba_000866.txt,26,69,8,0.02076,True
ba_000867.txt,21,38,4,0.002809,True
ba_000868.txt,17,30,3,0.001842,True
ba_000869.txt,30,81,7,0.022296,True
ba_000870.txt,31,84,7,0.02607,True
ba_000871.txt,16,28,3,0.001612,True
ba_000872.txt,28,75,8,0.020955,True
ba_000873.txt,35,66,5,0.013774,True
ba_000874.txt,16,28,3,0.001762,True
ba_000875.txt,32,87,8,0.028524,True
ba_000876.txt,35,66,6,0.015718,True
ba_000877.txt,33,62,6,0.011929,True
ba_000878.txt,25,66,8,0.017068,True
ba_000879.txt,20,51,5,0.005711,True
ba_000880.txt,28,75,7,0.020675,True
ba_000881.txt,17,30,3,0.001963,True
ba_000882.txt,35,66,6,0.012009,True
ba_000883.txt,19,34,4,0.002843,True
ba_000884.txt,23,60,5,0.011736,True
ba_000885.txt,29,78,9,0.02303,True
ba_000886.txt,18,45,5,0.005106,True
ba_000887.txt,33,90,10,0.033793,True
ba_000888.txt,32,87,7,0.027086,True
ba_000889.txt,35,66,4,0.009756,True
ba_000890.txt,30,81,8,0.024873,True
ba_000891.txt,24,44,4,0.003887,True
ba_000892.txt,23,42,4,0.00351,True
ba_000893.txt,23,60,6,0.012839,True
ba_000894.txt,20,51,5,0.005493,True
ba_000895.txt,35,66,6,0.011162,True
ba_000896.txt,28,75,10,0.021488,True
ba_000897.txt,25,46,4,0.003827,True
ba_000898.txt,20,36,4,0.002348,True
ba_000899.txt,19,34,2,0.002502,True
ba_000900.txt,16,39,5,0.003848,True
ba_000901.txt,25,66,6,0.016481,True
ba_000902.txt,27,72,7,0.019155,True
ba_000903.txt,27,72,7,0.017682,True
ba_000904.txt,19,34,3,0.002357,True
ba_000905.txt,33,90,9,0.031463,True
ba_000906.txt,23,60,6,0.013408,True
ba_000907.txt,19,34,3,0.002442,True
ba_000908.txt,35,66,3,0.011751,True
ba_000909.txt,16,39,5,0.003616,True
ba_000910.txt,18,32,4,0.001943,True
ba_000911.txt,34,93,8,0.029992,True
ba_000912.txt,18,45,6,0.005453,True
ba_000913.txt,34,64,4,0.012408,True
ba_000914.txt,31,84,9,0.027771,True
ba_000915.txt,24,63,7,0.0159,True
ba_000916.txt,18,32,3,0.002133,True
ba_000917.txt,20,51,6,0.006619,True
ba_000918.txt,29,54,5,0.004947,True
ba_000919.txt,34,93,9,0.031542,True
ba_000920.txt,32,60,5,0.009013,True
ba_000921.txt,29,78,7,0.021198,True
ba_000922.txt,34,64,5,0.009487,True
ba_000923.txt,35,96,11,0.034916,True
ba_000924.txt,33,62,6,0.009911,True
ba_000925.txt,21,38,3,0.00273,True
ba_000926.txt,18,45,6,0.005335,True
ba_000927.txt,30,56,4,0.005073,True
ba_000928.txt,31,84,7,0.027934,True
ba_000929.txt,29,54,4,0.004172,True
ba_000930.txt,33,62,5,0.009415,True
ba_000931.txt,15,36,5,0.003416,True
ba_000932.txt,28,75,8,0.020619,True
ba_000933.txt,29,78,7,0.020615,True
ba_000934.txt,25,46,5,0.004011,True
ba_000935.txt,24,44,4,0.003691,True
ba_000936.txt,27,72,8,0.019079,True
ba_000937.txt,30,81,9,0.024681,True
ba_000938.txt,32,87,7,0.025916,True
ba_000939.txt,16,39,4,0.003615,True
ba_000940.txt,21,38,4,0.002889,True
ba_000941.txt,26,48,3,0.003288,True
ba_000942.txt,32,87,8,0.028327,True
ba_000943.txt,19,34,3,0.002689,True
ba_000944.txt,22,40,4,0.00345,True
ba_000945.txt,26,69,6,0.017696,True
ba_000946.txt,34,93,7,0.03539,True
ba_000947.txt,18,45,5,0.004737,True
ba_000948.txt,15,26,3,0.001727,True
ba_000949.txt,21,54,6,0.006821,True
ba_000950.txt,17,30,3,0.001886,True
ba_000951.txt,23,60,6,0.014215,True
ba_000952.txt,30,81,8,0.023518,True
ba_000953.txt,18,32,3,0.002045,True
ba_000954.txt,22,40,4,0.003012,True
ba_000955.txt,15,36,3,0.002727,True
ba_000956.txt,22,40,3,0.002952,True
ba_000957.txt,28,75,8,0.021125,True
ba_000958.txt,18,45,5,0.005478,True
ba_000959.txt,17,30,3,0.001938,True
ba_000960.txt,33,62,6,0.01067,True
ba_000961.txt,31,58,6,0.011432,True
ba_000962.txt,27,72,7,0.018527,True
ba_000963.txt,33,62,4,0.008534,True
ba_000964.txt,19,34,3,0.002832,True
ba_000965.txt,15,36,5,0.0038,True
ba_000966.txt,28,52,4,0.0078,True
ba_000967.txt,24,63,6,0.014161,True
ba_000968.txt,30,81,8,0.023919,True
ba_000969.txt,25,46,5,0.003721,True
ba_000970.txt,28,75,7,0.019787,True
ba_000971.txt,20,51,6,0.005648,True
ba_000972.txt,24,63,8,0.015381,True
ba_000973.txt,19,34,3,0.002917,True
ba_000974.txt,26,48,5,0.004894,True
ba_000975.txt,20,36,4,0.002812,True
ba_000976.txt,16,28,3,0.00195,True
ba_000977.txt,33,62,6,0.012517,True
ba_000978.txt,26,69,7,0.019956,True
ba_000979.txt,24,63,8,0.016696,True
ba_000980.txt,35,96,9,0.030824,True
ba_000981.txt,16,39,4,0.003811,True
ba_000982.txt,17,30,4,0.002082,True
ba_000983.txt,23,60,5,0.011859,True
ba_000984.txt,18,45,4,0.004228,True
ba_000985.txt,31,58,4,0.008753,True
ba_000986.txt,24,44,3,0.003043,True
ba_000987.txt,24,63,7,0.014731,True
ba_000988.txt,22,57,7,0.009774,True
ba_000989.txt,34,64,6,0.015189,True
ba_000990.txt,16,39,6,0.003888,True
ba_000991.txt,19,48,5,0.005319,True
ba_000992.txt,33,90,9,0.032976,True
ba_000993.txt,30,56,5,0.009261,True
ba_000994.txt,26,48,5,0.003963,True
ba_000995.txt,22,40,3,0.00312,True
ba_000996.txt,31,84,7,0.025752,True
ba_000997.txt,24,44,4,0.003115,True
ba_000998.txt,23,60,5,0.011609,True
ba_000999.txt,34,64,6,0.013207,True
ba_001000.txt,19,34,4,0.002353,True
ba_001001.txt,33,62,5,0.009539,True
ba_001002.txt,26,48,4,0.003721,True
ba_001003.txt,35,66,5,0.01106,True
ba_001004.txt,22,40,3,0.003218,True
ba_001005.txt,34,64,5,0.011092,True
ba_001006.txt,26,48,5,0.003913,True
ba_001007.txt,30,81,8,0.022792,True
ba_001008.txt,15,26,3,0.001728,True
ba_001009.txt,25,46,4,0.004581,True
ba_001010.txt,31,58,5,0.008893,True
ba_001011.txt,33,90,8,0.026726,True
ba_001012.txt,26,48,4,0.004176,True
ba_001013.txt,35,96,7,0.031076,True
ba_001014.txt,33,62,5,0.01185,True
ba_001015.txt,18,45,6,0.005287,True
ba_001016.txt,27,72,9,0.020976,True
ba_001017.txt,27,50,5,0.004997,True
ba_001018.txt,22,57,7,0.0134,True
ba_001019.txt,30,81,8,0.02393,True
ba_001020.txt,35,96,8,0.030648,True
ba_001021.txt,26,69,8,0.018025,True
ba_001022.txt,34,93,9,0.032489,True
ba_001023.txt,32,87,8,0.032344,True
ba_001024.txt,17,30,2,0.001836,True
ba_001025.txt,23,60,7,0.014865,True
ba_001026.txt,20,36,3,0.002531,True
ba_001027.txt,15,26,3,0.001644,True
ba_001028.txt,22,40,4,0.003398,True
ba_001029.txt,29,54,3,0.006467,True
ba_001030.txt,34,64,7,0.010614,True
ba_001031.txt,27,50,4,0.003677,True
ba_001032.txt,15,26,3,0.001665,True
ba_001033.txt,16,28,4,0.001781,True
ba_001034.txt,33,62,6,0.006692,True
ba_001035.txt,21,38,4,0.002941,True
ba_001036.txt,23,60,4,0.012342,True
ba_001037.txt,19,34,3,0.00243,True
ba_001038.txt,15,26,2,0.00148,True
ba_001039.txt,26,48,5,0.004031,True
ba_001040.txt,29,78,9,0.023567,True
ba_001041.txt,28,75,6,0.018801,True
ba_001042.txt,29,54,4,0.005089,True
ba_001043.txt,24,44,4,0.004172,True
ba_001044.txt,20,36,3,0.002395,True
ba_001045.txt,19,48,6,0.006862,True
ba_001046.txt,19,34,4,0.002659,True
ba_001047.txt,26,48,3,0.00754,True
ba_001048.txt,16,39,4,0.003425,True
ba_001049.txt,17,30,4,0.001925,True
ba_001050.txt,16,39,4,0.003565,True
ba_001051.txt,24,63,7,0.014569,True
ba_001052.txt,30,56,5,0.008232,True
ba_001053.txt,35,66,6,0.01024,True
ba_001054.txt,25,66,5,0.016239,True
ba_001055.txt,26,48,5,0.003808,True
ba_001056.txt,17,42,6,0.004351,True
ba_001057.txt,25,66,7,0.015682,True
ba_001058.txt,31,58,5,0.00942,True
ba_001059.txt,19,34,4,0.00242,True
ba_001060.txt,30,56,5,0.005113,True
ba_001061.txt,27,72,5,0.015861,True
ba_001062.txt,19,48,6,0.005105,True
ba_001063.txt,34,93,11,0.034391,True
ba_001064.txt,29,54,5,0.004748,True
ba_001065.txt,25,46,4,0.003592,True
ba_001066.txt,32,60,5,0.009963,True
ba_001067.txt,23,42,4,0.003692,True
ba_001068.txt,30,81,8,0.023088,True
ba_001069.txt,21,54,6,0.006538,True
ba_001070.txt,35,66,6,0.0119,True
ba_001071.txt,20,36,4,0.002277,True
ba_001072.txt,21,54,7,0.006982,True
ba_001073.txt,26,69,7,0.01936,True
ba_001074.txt,16,28,3,0.001809,True
ba_001075.txt,24,63,6,0.014523,True
ba_001076.txt,16,39,6,0.004131,True
ba_001077.txt,28,75,7,0.020492,True
ba_001078.txt,28,52,4,0.004533,True
ba_001079.txt,22,40,4,0.003036,True
ba_001080.txt,18,32,3,0.002156,True
ba_001081.txt,24,63,6,0.013851,True
ba_001082.txt,31,58,5,0.005443,True
ba_001083.txt,20,36,4,0.002623,True
ba_001084.txt,15,26,2,0.00167,True
ba_001085.txt,22,40,4,0.002957,True
ba_001086.txt,30,56,5,0.009488,True
ba_001087.txt,27,50,4,0.004271,True
ba_001088.txt,31,58,6,0.00573,True
ba_001089.txt,31,58,5,0.009992,True
ba_001090.txt,16,39,5,0.003635,True
ba_001091.txt,20,36,4,0.002686,True
ba_001092.txt,25,46,3,0.003811,True
ba_001093.txt,25,66,7,0.01603,True
ba_001094.txt,20,36,3,0.002809,True
ba_001095.txt,30,56,5,0.010077,True
ba_001096.txt,15,36,5,0.00326,True
ba_001097.txt,28,52,5,0.004681,True
ba_001098.txt,31,58,4,0.009193,True
ba_001099.txt,25,46,5,0.003916,True
ba_001100.txt,20,51,6,0.005878,True
ba_001101.txt,19,48,5,0.005714,True
ba_001102.txt,34,93,9,0.030003,True
ba_001103.txt,31,58,6,0.005262,True
ba_001104.txt,16,28,3,0.001816,True
ba_001105.txt,28,52,6,0.004687,True
ba_001106.txt,27,50,4,0.004326,True
ba_001107.txt,30,56,4,0.005056,True
ba_001108.txt,23,42,3,0.002659,True
ba_001109.txt,21,54,7,0.006964,True
ba_001110.txt,22,57,6,0.013019,True
ba_001111.txt,34,64,6,0.013309,True
ba_001112.txt,22,40,4,0.00297,True
ba_001113.txt,35,96,9,0.029038,True
ba_001114.txt,28,52,5,0.004168,True
ba_001115.txt,16,28,3,0.002011,True
ba_001116.txt,21,54,6,0.006241,True
ba_001117.txt,23,42,4,0.003553,True
ba_001118.txt,30,81,6,0.020364,True
ba_001119.txt,33,90,8,0.027768,True
ba_001120.txt,26,48,5,0.00415,True
ba_001121.txt,33,90,9,0.031298,True
ba_001122.txt,26,69,8,0.019705,True
ba_001123.txt,21,54,6,0.006911,True
ba_001124.txt,15,36,5,0.003273,True
ba_001125.txt,17,30,2,0.00198,True
ba_001126.txt,26,69,5,0.014491,True
ba_001127.txt,31,84,10,0.033838,True
ba_001128.txt,18,32,3,0.002148,True
ba_001129.txt,28,52,3,0.003895,True
ba_001130.txt,28,75,8,0.023893,True
ba_001131.txt,24,44,5,0.003937,True
ba_001132.txt,27,72,8,0.019049,True
ba_001133.txt,18,32,3,0.00268,True
ba_001134.txt,21,54,5,0.006437,True
ba_001135.txt,33,90,9,0.02733,True
ba_001136.txt,30,81,8,0.024929,True
ba_001137.txt,16,39,5,0.003765,True
ba_001138.txt,34,64,5,0.009809,True
ba_001139.txt,20,51,5,0.005964,True
ba_001140.txt,26,48,4,0.004613,True
ba_001141.txt,27,72,8,0.020151,True
ba_001142.txt,31,58,5,0.005059,True
ba_001143.txt,29,54,5,0.008324,True
ba_001144.txt,23,60,7,0.015895,True
ba_001145.txt,34,93,10,0.033828,True
ba_001146.txt,29,78,8,0.024178,True
ba_001147.txt,25,46,5,0.003943,True
ba_001148.txt,27,72,8,0.019572,True
ba_001149.txt,16,39,4,0.003317,True
ba_001150.txt,16,39,4,0.00352,True
ba_001151.txt,35,66,4,0.010879,True
ba_001152.txt,28,75,6,0.019755,True
ba_001153.txt,25,66,7,0.017676,True
ba_001154.txt,30,56,5,0.012679,True
ba_001155.txt,33,62,5,0.011511,True
ba_001156.txt,18,45,5,0.004517,True
ba_001157.txt,21,38,3,0.002734,True
ba_001158.txt,34,64,6,0.014091,True
ba_001159.txt,18,32,3,0.002454,True
ba_001160.txt,21,54,5,0.006855,True
ba_001161.txt,32,60,6,0.009605,True
ba_001162.txt,22,40,3,0.002857,True
ba_001163.txt,28,75,7,0.019092,True
ba_001164.txt,27,50,5,0.004819,True
ba_001165.txt,27,50,4,0.007877,True
ba_001166.txt,21,54,6,0.007235,True
ba_001167.txt,19,48,5,0.007836,True
ba_001168.txt,29,54,6,0.005208,True
ba_001169.txt,18,32,3,0.002145,True
ba_001170.txt,16,28,4,0.00188,True
ba_001171.txt,29,54,5,0.004755,True
ba_001172.txt,35,96,10,0.033935,True
ba_001173.txt,19,34,3,0.002539,True
ba_001174.txt,15,26,2,0.001606,True
ba_001175.txt,23,42,3,0.003625,True
ba_001176.txt,18,32,4,0.003935,True
ba_001177.txt,20,36,3,0.002704,True
ba_001178.txt,17,30,3,0.002088,True
ba_001179.txt,28,52,5,0.005388,True
ba_001180.txt,23,42,4,0.003087,True
ba_001181.txt,16,39,5,0.00338,True
ba_001182.txt,27,72,7,0.018948,True
ba_001183.txt,29,54,4,0.004759,True
ba_001184.txt,34,93,9,0.03189,True
ba_001185.txt,16,39,6,0.00437,True
ba_001186.txt,30,81,7,0.022149,True
ba_001187.txt,16,28,2,0.001643,True
ba_001188.txt,27,50,5,0.004611,True
ba_001189.txt,26,69,8,0.024076,True
ba_001190.txt,31,84,6,0.023588,True
ba_001191.txt,26,69,5,0.01574,True
ba_001192.txt,19,34,3,0.002002,True
ba_001193.txt,25,46,4,0.004034,True
ba_001194.txt,30,81,7,0.022831,True
ba_001195.txt,32,60,6,0.005988,True
ba_001196.txt,23,60,6,0.011952,True
ba_001197.txt,18,32,4,0.002321,True
ba_001198.txt,25,66,6,0.015609,True
ba_001199.txt,28,52,5,0.004983,True
ba_001200.txt,20,36,3,0.002785,True
ba_001201.txt,22,40,3,0.00305,True
ba_001202.txt,24,44,3,0.003212,True
ba_001203.txt,30,81,8,0.024522,True
ba_001204.txt,30,81,8,0.024429,True
ba_001205.txt,28,75,7,0.023388,True
ba_001206.txt,28,52,4,0.004588,True
ba_001207.txt,18,45,5,0.004246,True
ba_001208.txt,35,66,6,0.015889,True
ba_001209.txt,18,32,4,0.002608,True
ba_001210.txt,32,60,7,0.011152,True
ba_001211.txt,31,58,4,0.009658,True
ba_001212.txt,30,56,4,0.008506,True
ba_001213.txt,22,57,6,0.007026,True
ba_001214.txt,27,72,8,0.023208,True
ba_001215.txt,15,36,4,0.003238,True
ba_001216.txt,29,54,5,0.008398,True
ba_001217.txt,23,60,7,0.013256,True
ba_001218.txt,15,36,5,0.003503,True
ba_001219.txt,27,50,5,0.004705,True
ba_001220.txt,18,32,3,0.002114,True
ba_001221.txt,30,56,4,0.005005,True
ba_001222.txt,26,69,7,0.01902,True
ba_001223.txt,19,48,6,0.006073,True
ba_001224.txt,22,40,4,0.002443,True
ba_001225.txt,32,87,9,0.029841,True
ba_001226.txt,30,56,4,0.005347,True
ba_001227.txt,31,58,4,0.005281,True
ba_001228.txt,32,60,5,0.005478,True
ba_001229.txt,33,90,6,0.025538,True
ba_001230.txt,24,63,7,0.015016,True
ba_001231.txt,23,60,6,0.013779,True
ba_001232.txt,15,26,2,0.001728,True
ba_001233.txt,18,45,4,0.004353,True
ba_001234.txt,27,72,8,0.021076,True
ba_001235.txt,21,38,3,0.003067,True
ba_001236.txt,26,48,3,0.003785,True
ba_001237.txt,31,58,5,0.005873,True
ba_001238.txt,24,44,4,0.004127,True
ba_001239.txt,28,52,5,0.005417,True
ba_001240.txt,24,44,4,0.003925,True
ba_001241.txt,22,40,5,0.003415,True
ba_001242.txt,33,62,5,0.009702,True
ba_001243.txt,25,46,4,0.007799,True
ba_001244.txt,31,58,5,0.005397,True
ba_001245.txt,27,50,4,0.003996,True
ba_001246.txt,34,64,6,0.010638,True
ba_001247.txt,20,36,4,0.002967,True
ba_001248.txt,16,39,5,0.003636,True
ba_001249.txt,19,34,4,0.002715,True
ba_001250.txt,27,72,7,0.019418,True
ba_001251.txt,25,46,5,0.004528,True
ba_001252.txt,29,78,8,0.022923,True
ba_001253.txt,23,42,3,0.003908,True
ba_001254.txt,19,34,5,0.00345,True
ba_001255.txt,23,60,8,0.016768,True
ba_001256.txt,28,75,8,0.020372,True
ba_001257.txt,29,54,4,0.005035,True
ba_001258.txt,27,72,7,0.020173,True
ba_001259.txt,20,36,4,0.002592,True
ba_001260.txt,19,34,3,0.002725,True
ba_001261.txt,15,36,5,0.003753,True
ba_001262.txt,25,46,5,0.003968,True
ba_001263.txt,17,30,3,0.001874,True
ba_001264.txt,20,51,6,0.005781,True
ba_001265.txt,33,90,8,0.027856,True
ba_001266.txt,15,26,2,0.00136,True
ba_001267.txt,28,75,7,0.021725,True
ba_001268.txt,31,84,7,0.026788,True
ba_001269.txt,21,54,6,0.006497,True
ba_001270.txt,26,69,7,0.018741,True
ba_001271.txt,19,34,4,0.002521,True
ba_001272.txt,32,87,10,0.031054,True
ba_001273.txt,24,63,6,0.013541,True
ba_001274.txt,18,32,3,0.002436,True
ba_001275.txt,16,28,2,0.001543,True
ba_001276.txt,23,42,4,0.003094,True
ba_001277.txt,20,51,6,0.007766,True
ba_001278.txt,25,66,7,0.019004,True
ba_001279.txt,16,28,3,0.001805,True
ba_001280.txt,24,63,6,0.012328,True
ba_001281.txt,26,48,5,0.004269,True
ba_001282.txt,27,72,8,0.019576,True
ba_001283.txt,28,75,8,0.020794,True
ba_001284.txt,17,30,3,0.001997,True
ba_001285.txt,34,64,6,0.012443,True
ba_001286.txt,27,50,4,0.004722,True
ba_001287.txt,15,36,5,0.00357,True
ba_001288.txt,15,26,3,0.00182,True
ba_001289.txt,22,40,5,0.004145,True
ba_001290.txt,23,60,6,0.013263,True
ba_001291.txt,25,46,5,0.003225,True
ba_001292.txt,18,32,3,0.002104,True
ba_001293.txt,17,42,5,0.004104,True
ba_001294.txt,28,75,9,0.02368,True
ba_001295.txt,27,72,7,0.020506,True
ba_001296.txt,23,42,5,0.004517,True
ba_001297.txt,24,44,2,0.002945,True
ba_001298.txt,20,36,3,0.00207,True
ba_001299.txt,34,64,6,0.00617,True
ba_001300.txt,16,28,2,0.001355,True
ba_001301.txt,15,36,5,0.003314,True
ba_001302.txt,29,54,6,0.010825,True
ba_001303.txt,29,78,9,0.023848,True
ba_001304.txt,19,34,3,0.002121,True
ba_001305.txt,24,44,3,0.003949,True
ba_001306.txt,19,48,5,0.0051,True
ba_001307.txt,21,38,5,0.003324,True
ba_001308.txt,32,60,6,0.009964,True
ba_001309.txt,33,90,8,0.027991,True
ba_001310.txt,27,50,4,0.004558,True
ba_001311.txt,23,42,4,0.003789,True
ba_001312.txt,32,60,4,0.008812,True
ba_001313.txt,15,36,5,0.003403,True
ba_001314.txt,28,75,7,0.020059,True
ba_001315.txt,21,54,5,0.006503,True
ba_001316.txt,27,50,4,0.003611,True
ba_001317.txt,29,78,8,0.022503,True
ba_001318.txt,29,54,5,0.004776,True
ba_001319.txt,18,32,4,0.002265,True
ba_001320.txt,34,64,5,0.012017,True
ba_001321.txt,20,51,6,0.006224,True
ba_001322.txt,27,50,5,0.008235,True
ba_001323.txt,15,26,2,0.001297,True
ba_001324.txt,31,58,4,0.008945,True
ba_001325.txt,30,81,7,0.023914,True
ba_001326.txt,32,60,6,0.009674,True
ba_001327.txt,22,57,7,0.013506,True
ba_001328.txt,18,32,4,0.002253,True
ba_001329.txt,21,54,5,0.005327,True
ba_001330.txt,25,46,4,0.003953,True
ba_001331.txt,17,42,5,0.004125,True
ba_001332.txt,26,69,8,0.017953,True
ba_001333.txt,15,26,3,0.001623,True
ba_001334.txt,19,34,4,0.002599,True
ba_001335.txt,22,40,4,0.003621,True
ba_001336.txt,18,32,3,0.002214,True
ba_001337.txt,27,72,7,0.018167,True
ba_001338.txt,32,60,5,0.010229,True
ba_001339.txt,24,63,7,0.016027,True
ba_001340.txt,33,90,10,0.032178,True
ba_001341.txt,29,54,4,0.008409,True
ba_001342.txt,32,87,8,0.026739,True
ba_001343.txt,15,36,4,0.002982,True
ba_001344.txt,29,78,7,0.021888,True
ba_001345.txt,33,62,6,0.012655,True
ba_001346.txt,26,69,6,0.016833,True
ba_001347.txt,17,30,4,0.002224,True
ba_001348.txt,32,60,4,0.00834,True
ba_001349.txt,28,52,4,0.004072,True
ba_001350.txt,21,38,3,0.003279,True
ba_001351.txt,30,81,8,0.022819,True
ba_001352.txt,29,54,3,0.007772,True
ba_001353.txt,24,63,6,0.014566,True
ba_001354.txt,17,30,3,0.00198,True
ba_001355.txt,25,66,6,0.016874,True
ba_001356.txt,27,72,8,0.023281,True
ba_001357.txt,16,28,4,0.001715,True
ba_001358.txt,32,87,11,0.035313,True
ba_001359.txt,28,52,4,0.007232,True
ba_001360.txt,19,48,5,0.005226,True
ba_001361.txt,20,36,4,0.00299,True
ba_001362.txt,31,58,6,0.010716,True
ba_001363.txt,21,38,4,0.003074,True
ba_001364.txt,32,87,6,0.02375,True
ba_001365.txt,27,50,4,0.007528,True
ba_001366.txt,30,56,5,0.009415,True
ba_001367.txt,35,96,9,0.030646,True
ba_001368.txt,28,52,5,0.004578,True
ba_001369.txt,18,32,3,0.002441,True
ba_001370.txt,34,93,9,0.030502,True
ba_001371.txt,22,40,4,0.002944,True
ba_001372.txt,24,63,7,0.016017,True
ba_001373.txt,32,87,8,0.026427,True
ba_001374.txt,26,48,3,0.003989,True
ba_001375.txt,22,57,8,0.014002,True
ba_001376.txt,20,51,6,0.006088,True
ba_001377.txt,25,66,6,0.015083,True
ba_001378.txt,22,40,4,0.003523,True
ba_001379.txt,18,32,4,0.002119,True
ba_001380.txt,30,81,7,0.022396,True
ba_001381.txt,20,51,5,0.005856,True
ba_001382.txt,24,44,3,0.003177,True
ba_001383.txt,22,57,6,0.012242,True
ba_001384.txt,23,42,4,0.003362,True
ba_001385.txt,29,78,9,0.030512,True
ba_001386.txt,27,72,8,0.019747,True
ba_001387.txt,25,66,7,0.016854,True
ba_001388.txt,17,30,3,0.001934,True
ba_001389.txt,23,42,4,0.003516,True
ba_001390.txt,31,58,5,0.011095,True
ba_001391.txt,30,81,9,0.028216,True
ba_001392.txt,24,63,8,0.016065,True
ba_001393.txt,30,81,9,0.024944,True
ba_001394.txt,34,64,5,0.010752,True
ba_001395.txt,28,52,4,0.004679,True
ba_001396.txt,33,90,9,0.029039,True
ba_001397.txt,26,48,2,0.00329,True
ba_001398.txt,22,40,4,0.00266,True
ba_001399.txt,23,42,5,0.003743,True
ba_001400.txt,18,32,2,0.002087,True
ba_001401.txt,30,56,4,0.007478,True
ba_001402.txt,30,56,4,0.008157,True
ba_001403.txt,31,58,5,0.009082,True
ba_001404.txt,18,45,5,0.004914,True
ba_001405.txt,32,60,4,0.010024,True
ba_001406.txt,24,63,7,0.014463,True
ba_001407.txt,31,84,8,0.02599,True
ba_001408.txt,25,46,5,0.003438,True
ba_001409.txt,30,81,8,0.02571,True
ba_001410.txt,17,42,4,0.004306,True
ba_001411.txt,25,46,4,0.00317,True
ba_001412.txt,19,34,3,0.002388,True
ba_001413.txt,30,56,6,0.005188,True
ba_001414.txt,31,58,5,0.009702,True
ba_001415.txt,34,64,5,0.011652,True
ba_001416.txt,16,39,6,0.003627,True
ba_001417.txt,17,30,2,0.001893,True
ba_001418.txt,23,60,5,0.01066,True
ba_001419.txt,32,87,7,0.026639,True
ba_001420.txt,17,30,2,0.001887,True
ba_001421.txt,28,75,6,0.017147,True
ba_001422.txt,23,60,6,0.012726,True
ba_001423.txt,33,62,7,0.013371,True
ba_001424.txt,22,40,4,0.003357,True
ba_001425.txt,33,90,9,0.029106,True
ba_001426.txt,32,60,4,0.009442,True
ba_001427.txt,29,54,4,0.004559,True
ba_001428.txt,29,78,8,0.024024,True
ba_001429.txt,32,87,10,0.028205,True
ba_001430.txt,24,44,3,0.003735,True
ba_001431.txt,24,44,4,0.003425,True
ba_001432.txt,32,60,7,0.0122,True
ba_001433.txt,35,66,4,0.009426,True
ba_001434.txt,30,81,8,0.022648,True
ba_001435.txt,28,52,5,0.005176,True
ba_001436.txt,15,36,4,0.003158,True
ba_001437.txt,18,45,5,0.004935,True
ba_001438.txt,32,60,6,0.012789,True
ba_001439.txt,21,38,4,0.002964,True
ba_001440.txt,21,54,6,0.006124,True
ba_001441.txt,25,66,8,0.017852,True
ba_001442.txt,19,34,3,0.002,True
ba_001443.txt,34,93,7,0.028236,True
ba_001444.txt,30,56,6,0.006516,True
ba_001445.txt,31,58,6,0.009603,True
ba_001446.txt,27,72,7,0.017311,True
ba_001447.txt,16,28,3,0.001861,True
ba_001448.txt,32,60,6,0.005256,True
ba_001449.txt,33,90,7,0.027025,True
ba_001450.txt,34,64,5,0.010731,True
ba_001451.txt,24,44,4,0.00288,True
ba_001452.txt,23,60,6,0.01255,True
ba_001453.txt,21,38,3,0.002862,True
ba_001454.txt,34,64,5,0.010493,True
ba_001455.txt,27,50,4,0.004313,True
ba_001456.txt,23,42,3,0.002504,True
ba_001457.txt,28,75,8,0.020587,True
ba_001458.txt,16,39,4,0.003515,True
ba_001459.txt,26,48,4,0.004427,True
ba_001460.txt,28,52,3,0.004017,True
ba_001461.txt,24,63,6,0.015995,True
ba_001462.txt,29,78,8,0.02212,True
ba_001463.txt,16,28,2,0.001831,True
ba_001464.txt,31,84,8,0.024566,True
ba_001465.txt,20,51,6,0.005453,True
ba_001466.txt,31,58,5,0.005404,True
ba_001467.txt,34,93,8,0.028629,True
ba_001468.txt,31,84,8,0.024421,True
ba_001469.txt,23,60,7,0.013199,True
ba_001470.txt,27,50,6,0.00511,True
ba_001471.txt,23,60,6,0.012469,True
ba_001472.txt,17,42,4,0.003841,True
ba_001473.txt,34,93,8,0.034049,True
ba_001474.txt,33,90,7,0.026764,True
ba_001475.txt,20,36,3,0.002422,True
ba_001476.txt,35,66,5,0.010958,True
ba_001477.txt,27,72,7,0.019188,True
ba_001478.txt,30,81,7,0.021286,True
ba_001479.txt,16,39,5,0.004208,True
ba_001480.txt,26,69,7,0.017773,True
ba_001481.txt,33,62,5,0.01022,True
ba_001482.txt,28,52,5,0.004489,True
ba_001483.txt,18,32,4,0.002246,True
ba_001484.txt,15,26,3,0.001543,True
ba_001485.txt,30,56,5,0.005336,True
ba_001486.txt,17,42,5,0.004714,True
ba_001487.txt,23,60,7,0.012865,True
ba_001488.txt,35,66,6,0.010251,True
ba_001489.txt,32,87,9,0.028322,True
ba_001490.txt,29,78,8,0.022464,True
ba_001491.txt,20,36,4,0.002198,True
ba_001492.txt,24,44,4,0.003127,True
ba_001493.txt,35,66,6,0.011838,True
ba_001494.txt,17,42,5,0.004196,True
ba_001495.txt,23,42,4,0.002937,True
ba_001496.txt,35,96,9,0.029213,True
ba_001497.txt,21,54,6,0.00656,True
ba_001498.txt,34,93,8,0.029489,True
ba_001499.txt,26,48,4,0.003528,True
ba_001500.txt,34,93,8,0.029339,True
ba_001501.txt,20,51,6,0.00658,True
ba_001502.txt,26,69,7,0.017557,True
ba_001503.txt,20,51,5,0.005536,True
ba_001504.txt,26,48,4,0.00373,True
ba_001505.txt,29,78,9,0.027246,True
ba_001506.txt,19,48,6,0.005508,True
ba_001507.txt,15,26,4,0.001872,True
ba_001508.txt,23,42,4,0.003871,True
ba_001509.txt,22,57,6,0.012108,True
ba_001510.txt,19,34,3,0.00205,True
ba_001511.txt,28,75,9,0.021402,True
ba_001512.txt,18,32,3,0.002206,True
ba_001513.txt,18,45,5,0.004551,True
ba_001514.txt,34,64,5,0.011074,True
ba_001515.txt,26,69,7,0.017776,True
ba_001516.txt,21,38,4,0.002725,True
ba_001517.txt,24,44,4,0.003497,True
ba_001518.txt,27,72,7,0.017251,True
ba_001519.txt,20,36,4,0.002476,True
ba_001520.txt,22,40,5,0.003014,True
ba_001521.txt,32,60,5,0.011172,True
ba_001522.txt,22,40,4,0.002964,True
ba_001523.txt,27,72,7,0.017577,True
ba_001524.txt,16,39,5,0.003789,True
ba_001525.txt,32,60,4,0.004878,True
ba_001526.txt,29,54,4,0.004297,True
ba_001527.txt,30,81,8,0.021742,True
ba_001528.txt,29,78,8,0.022363,True
ba_001529.txt,20,36,2,0.002029,True
ba_001530.txt,20,51,6,0.006327,True
ba_001531.txt,33,62,4,0.010821,True
ba_001532.txt,15,36,4,0.002929,True
ba_001533.txt,32,60,6,0.012043,True
ba_001534.txt,31,58,5,0.010378,True
ba_001535.txt,21,54,5,0.006155,True
ba_001536.txt,20,51,6,0.005466,True
ba_001537.txt,22,57,5,0.011114,True
ba_001538.txt,33,90,8,0.028912,True
ba_001539.txt,26,48,4,0.004217,True
ba_001540.txt,35,96,9,0.058547,True
ba_001541.txt,31,84,9,0.031495,True
ba_001542.txt,24,44,4,0.004113,True
ba_001543.txt,32,60,5,0.010059,True
ba_001544.txt,32,60,5,0.009966,True
ba_001545.txt,23,42,4,0.003384,True
ba_001546.txt,23,60,6,0.014026,True
ba_001547.txt,27,50,5,0.008557,True
ba_001548.txt,18,45,5,0.004492,True
ba_001549.txt,24,63,7,0.015874,True
ba_001550.txt,20,36,3,0.002147,True
ba_001551.txt,31,58,6,0.005932,True
ba_001552.txt,24,44,4,0.003141,True
ba_001553.txt,24,63,6,0.014496,True
ba_001554.txt,24,63,6,0.013811,True
ba_001555.txt,31,84,7,0.023155,True
ba_001556.txt,24,63,7,0.014886,True
ba_001557.txt,28,75,7,0.019361,True
ba_001558.txt,25,46,4,0.004245,True
ba_001559.txt,16,28,3,0.00172,True
ba_001560.txt,28,52,4,0.004009,True
ba_001561.txt,20,51,5,0.006079,True
ba_001562.txt,30,56,6,0.01069,True
ba_001563.txt,16,39,4,0.003548,True
ba_001564.txt,28,52,4,0.004932,True
ba_001565.txt,17,30,3,0.001885,True
ba_001566.txt,22,57,6,0.011955,True
ba_001567.txt,22,40,3,0.002821,True
ba_001568.txt,24,63,8,0.013944,True
ba_001569.txt,31,84,8,0.026612,True
ba_001570.txt,15,26,2,0.0017,True
ba_001571.txt,17,30,3,0.002105,True
ba_001572.txt,19,48,5,0.005217,True
ba_001573.txt,29,78,9,0.02455,True
ba_001574.txt,24,44,4,0.003914,True
ba_001575.txt,31,84,9,0.025777,True
ba_001576.txt,25,66,7,0.017399,True
ba_001577.txt,28,75,7,0.019642,True
ba_001578.txt,32,60,3,0.009851,True
ba_001579.txt,33,90,9,0.026788,True
ba_001580.txt,16,28,3,0.001899,True
ba_001581.txt,19,34,4,0.002715,True
ba_001582.txt,31,84,8,0.025112,True
ba_001583.txt,31,58,3,0.004433,True
ba_001584.txt,35,66,5,0.005743,True
ba_001585.txt,19,48,4,0.003952,True
ba_001586.txt,15,36,4,0.003096,True
ba_001587.txt,35,96,9,0.033033,True
ba_001588.txt,30,81,7,0.022636,True
ba_001589.txt,16,28,3,0.001837,True
ba_001590.txt,27,50,5,0.007713,True
ba_001591.txt,21,38,4,0.002783,True
ba_001592.txt,31,84,9,0.028455,True
ba_001593.txt,22,40,4,0.003155,True
ba_001594.txt,16,28,3,0.001968,True
ba_001595.txt,27,72,7,0.018619,True
ba_001596.txt,20,51,6,0.006359,True
ba_001597.txt,25,46,4,0.00475,True
ba_001598.txt,30,81,7,0.021732,True
ba_001599.txt,25,46,4,0.004137,True
ba_001600.txt,16,39,3,0.003127,True
ba_001601.txt,30,56,4,0.009041,True
ba_001602.txt,20,36,3,0.002424,True
ba_001603.txt,29,78,8,0.022096,True
ba_001604.txt,20,36,3,0.002606,True
ba_001605.txt,31,84,8,0.028898,True
ba_001606.txt,29,78,7,0.021383,True
ba_001607.txt,17,30,3,0.002194,True
ba_001608.txt,19,34,3,0.002272,True
ba_001609.txt,27,72,8,0.024996,True
ba_001610.txt,29,78,7,0.020508,True
ba_001611.txt,24,63,6,0.013656,True
ba_001612.txt,21,38,5,0.00262,True
ba_001613.txt,20,36,3,0.002126,True
ba_001614.txt,26,48,4,0.004338,True
ba_001615.txt,23,42,4,0.003182,True
ba_001616.txt,20,51,6,0.005434,True
ba_001617.txt,31,58,6,0.005377,True
ba_001618.txt,17,42,5,0.00422,True
ba_001619.txt,27,72,6,0.01799,True
ba_001620.txt,26,48,4,0.007775,True
ba_001621.txt,29,78,7,0.021828,True
ba_001622.txt,33,90,10,0.031496,True
ba_001623.txt,21,54,7,0.007272,True
ba_001624.txt,21,54,7,0.006982,True
ba_001625.txt,29,54,3,0.003971,True
ba_001626.txt,30,56,3,0.007789,True
ba_001627.txt,19,48,5,0.004323,True
ba_001628.txt,32,87,8,0.029112,True
ba_001629.txt,21,54,5,0.006147,True
ba_001630.txt,27,50,5,0.004742,True
ba_001631.txt,28,75,6,0.018881,True
ba_001632.txt,33,62,5,0.01069,True
ba_001633.txt,19,48,5,0.004732,True
ba_001634.txt,25,66,6,0.014518,True
ba_001635.txt,18,45,5,0.004806,True
ba_001636.txt,19,34,4,0.002264,True
ba_001637.txt,26,69,6,0.017626,True
ba_001638.txt,35,96,11,0.033515,True
ba_001639.txt,25,66,7,0.015675,True
ba_001640.txt,31,58,5,0.005405,True
ba_001641.txt,16,39,5,0.003625,True
ba_001642.txt,24,63,6,0.015949,True
ba_001643.txt,18,45,5,0.004646,True
ba_001644.txt,18,32,3,0.002251,True
ba_001645.txt,21,38,4,0.002762,True
ba_001646.txt,31,58,6,0.010067,True
ba_001647.txt,24,63,7,0.015998,True
ba_001648.txt,26,69,7,0.019209,True
ba_001649.txt,15,26,2,0.001675,True
ba_001650.txt,27,50,4,0.004557,True
ba_001651.txt,18,45,5,0.005007,True
ba_001652.txt,17,30,3,0.002431,True
ba_001653.txt,21,38,4,0.002445,True
ba_001654.txt,18,45,5,0.004242,True
ba_001655.txt,31,84,8,0.026963,True
ba_001656.txt,32,87,8,0.027847,True
ba_001657.txt,15,26,3,0.001568,True
ba_001658.txt,27,50,4,0.004562,True
ba_001659.txt,34,93,9,0.027824,True
ba_001660.txt,19,48,6,0.005508,True
ba_001661.txt,20,51,5,0.006129,True
ba_001662.txt,24,44,5,0.003496,True
ba_001663.txt,23,60,6,0.012132,True
ba_001664.txt,20,51,5,0.005536,True
ba_001665.txt,27,72,8,0.018398,True
ba_001666.txt,24,44,4,0.003959,True
ba_001667.txt,30,56,5,0.008593,True
ba_001668.txt,34,93,8,0.027585,True
ba_001669.txt,30,81,8,0.023559,True
ba_001670.txt,20,51,6,0.007688,True
ba_001671.txt,35,66,6,0.012287,True
ba_001672.txt,20,51,6,0.005802,True
ba_001673.txt,28,52,4,0.004224,True
ba_001674.txt,17,42,6,0.004901,True
ba_001675.txt,21,54,6,0.005923,True
ba_001676.txt,34,64,6,0.012171,True
ba_001677.txt,15,36,4,0.003736,True
ba_001678.txt,17,30,4,0.002033,True
ba_001679.txt,25,66,7,0.01664,True
ba_001680.txt,15,36,4,0.003444,True
ba_001681.txt,32,87,9,0.028139,True
ba_001682.txt,34,64,5,0.011756,True
ba_001683.txt,21,38,4,0.00279,True
ba_001684.txt,30,56,4,0.008213,True
ba_001685.txt,18,32,3,0.002068,True
ba_001686.txt,31,58,6,0.010296,True
ba_001687.txt,32,60,4,0.009885,True
ba_001688.txt,15,26,3,0.001658,True
ba_001689.txt,22,40,4,0.002761,True
ba_001690.txt,17,42,4,0.004045,True
ba_001691.txt,29,54,4,0.004706,True
ba_001692.txt,34,64,6,0.005911,True
ba_001693.txt,33,90,8,0.02713,True
ba_001694.txt,20,36,2,0.002503,True
ba_001695.txt,25,66,8,0.017978,True
ba_001696.txt,35,96,10,0.031052,True
ba_001697.txt,24,63,6,0.012674,True
ba_001698.txt,20,51,5,0.005814,True
ba_001699.txt,28,52,4,0.003496,True
ba_001700.txt,34,64,5,0.009943,True
ba_001701.txt,35,66,6,0.011945,True
ba_001702.txt,21,54,6,0.006798,True
ba_001703.txt,30,56,5,0.009148,True
ba_001704.txt,26,69,7,0.017981,True
ba_001705.txt,17,42,6,0.005016,True
ba_001706.txt,25,66,6,0.014778,True
ba_001707.txt,33,62,4,0.005133,True
ba_001708.txt,17,30,4,0.00194,True
ba_001709.txt,32,87,8,0.027544,True
ba_001710.txt,21,38,5,0.003099,True
ba_001711.txt,19,34,4,0.002512,True
ba_001712.txt,26,69,7,0.019013,True
ba_001713.txt,24,63,7,0.015622,True
ba_001714.txt,31,84,9,0.033644,True
ba_001715.txt,32,60,5,0.009714,True
ba_001716.txt,30,56,6,0.010115,True
ba_001717.txt,34,64,6,0.011015,True
ba_001718.txt,30,81,9,0.02506,True
ba_001719.txt,20,36,4,0.002546,True
ba_001720.txt,22,57,7,0.013574,True
ba_001721.txt,17,30,4,0.001903,True
ba_001722.txt,16,28,3,0.00177,True
ba_001723.txt,19,34,3,0.002631,True
ba_001724.txt,26,48,5,0.003273,True
ba_001725.txt,27,50,5,0.004478,True
ba_001726.txt,25,66,5,0.014282,True
ba_001727.txt,27,72,7,0.018527,True
ba_001728.txt,32,60,5,0.00485,True
ba_001729.txt,19,34,2,0.002112,True
ba_001730.txt,30,56,5,0.007996,True
ba_001731.txt,33,90,9,0.027583,True
ba_001732.txt,24,63,6,0.014973,True
ba_001733.txt,25,66,7,0.016677,True
ba_001734.txt,31,58,5,0.008465,True
ba_001735.txt,15,26,3,0.001484,True
ba_001736.txt,35,96,8,0.02989,True
ba_001737.txt,31,84,9,0.030981,True
ba_001738.txt,26,48,3,0.003604,True
ba_001739.txt,35,96,9,0.03363,True
ba_001740.txt,18,32,3,0.00203,True
ba_001741.txt,27,50,4,0.007892,True
ba_001742.txt,33,62,6,0.011415,True
ba_001743.txt,17,30,3,0.002101,True
ba_001744.txt,31,58,5,0.005416,True
ba_001745.txt,22,57,6,0.011606,True
ba_001746.txt,29,78,6,0.022435,True
ba_001747.txt,30,81,9,0.028537,True
ba_001748.txt,31,58,4,0.008427,True
ba_001749.txt,15,26,3,0.00167,True
ba_001750.txt,24,44,4,0.003537,True
ba_001751.txt,34,64,5,0.009899,True
ba_001752.txt,19,48,5,0.005685,True
ba_001753.txt,25,66,6,0.0143,True
ba_001754.txt,17,30,3,0.001805,True
ba_001755.txt,16,28,3,0.001731,True
ba_001756.txt,28,75,8,0.022348,True
ba_001757.txt,16,28,4,0.001894,True
ba_001758.txt,18,32,2,0.001698,True
ba_001759.txt,34,64,6,0.012681,True
ba_001760.txt,31,84,8,0.026668,True
ba_001761.txt,30,81,7,0.021814,True
ba_001762.txt,27,50,4,0.003987,True
ba_001763.txt,18,32,3,0.002313,True
ba_001764.txt,35,66,5,0.010132,True
ba_001765.txt,25,66,6,0.014909,True
ba_001766.txt,18,32,3,0.002136,True
ba_001767.txt,23,60,6,0.012,True
ba_001768.txt,27,50,4,0.004494,True
ba_001769.txt,26,48,5,0.004401,True
ba_001770.txt,29,54,6,0.005006,True
ba_001771.txt,26,48,5,0.004163,True
ba_001772.txt,26,69,6,0.018437,True
ba_001773.txt,15,26,2,0.001201,True
ba_001774.txt,30,56,5,0.004756,True
ba_001775.txt,31,84,8,0.025555,True
ba_001776.txt,23,60,7,0.012743,True
ba_001777.txt,34,64,6,0.012462,True
ba_001778.txt,28,52,5,0.004709,True
ba_001779.txt,21,54,7,0.009116,True
ba_001780.txt,16,39,5,0.003695,True
ba_001781.txt,35,96,9,0.03411,True
ba_001782.txt,33,90,9,0.029761,True
ba_001783.txt,28,52,5,0.004398,True
ba_001784.txt,18,45,5,0.004655,True
ba_001785.txt,28,52,6,0.005398,True
ba_001786.txt,25,46,5,0.004162,True
ba_001787.txt,24,63,7,0.014891,True
ba_001788.txt,18,32,2,0.001838,True
ba_001789.txt,34,64,6,0.01098,True
ba_001790.txt,20,51,5,0.005855,True
ba_001791.txt,18,32,4,0.002083,True
ba_001792.txt,17,30,4,0.00202,True
ba_001793.txt,33,90,8,0.027781,True
ba_001794.txt,29,54,5,0.005005,True
ba_001795.txt,31,84,9,0.024544,True
ba_001796.txt,28,75,7,0.018793,True
ba_001797.txt,34,64,6,0.010508,True
ba_001798.txt,20,51,6,0.005702,True
ba_001799.txt,22,40,4,0.003021,True
ba_001800.txt,23,42,3,0.003069,True
ba_001801.txt,33,62,6,0.010512,True
ba_001802.txt,31,84,8,0.025191,True
ba_001803.txt,19,48,5,0.005104,True
ba_001804.txt,24,63,6,0.013617,True
ba_001805.txt,26,69,8,0.01883,True
ba_001806.txt,33,90,10,0.031905,True
ba_001807.txt,31,58,6,0.009208,True
ba_001808.txt,21,54,6,0.006884,True
ba_001809.txt,30,56,4,0.008791,True
ba_001810.txt,17,42,5,0.004655,True
ba_001811.txt,22,40,4,0.003374,True
ba_001812.txt,19,48,7,0.005902,True
ba_001813.txt,23,60,5,0.011114,True
ba_001814.txt,31,58,5,0.004873,True
ba_001815.txt,29,78,8,0.02196,True
ba_001816.txt,33,62,5,0.010979,True
ba_001817.txt,27,50,3,0.00623,True
ba_001818.txt,25,66,7,0.019,True
ba_001819.txt,18,45,5,0.004585,True
ba_001820.txt,23,42,5,0.004089,True
ba_001821.txt,31,84,8,0.027191,True
ba_001822.txt,28,75,8,0.0187,True
ba_001823.txt,31,58,5,0.00479,True
ba_001824.txt,15,26,3,0.001562,True
ba_001825.txt,35,96,9,0.030482,True
ba_001826.txt,17,42,5,0.004446,True
ba_001827.txt,30,81,8,0.024538,True
ba_001828.txt,20,36,3,0.002086,True
ba_001829.txt,35,96,9,0.032167,True
ba_001830.txt,16,28,3,0.001863,True
ba_001831.txt,25,66,7,0.014691,True
ba_001832.txt,35,66,7,0.01403,True
ba_001833.txt,32,87,8,0.027295,True
ba_001834.txt,31,58,5,0.005807,True
ba_001835.txt,17,42,6,0.00437,True
ba_001836.txt,21,38,4,0.002691,True
ba_001837.txt,25,66,7,0.016589,True
ba_001838.txt,29,78,7,0.022896,True
ba_001839.txt,24,44,4,0.003999,True
ba_001840.txt,28,52,4,0.004558,True
ba_001841.txt,18,32,4,0.00205,True
ba_001842.txt,19,48,5,0.006016,True
ba_001843.txt,28,52,5,0.00511,True
ba_001844.txt,30,81,7,0.021394,True
ba_001845.txt,29,78,8,0.021554,True
ba_001846.txt,26,69,7,0.020526,True
ba_001847.txt,33,62,6,0.012076,True
ba_001848.txt,20,51,5,0.005868,True
ba_001849.txt,34,93,10,0.033665,True
ba_001850.txt,16,39,5,0.00404,True
ba_001851.txt,27,50,4,0.004061,True
ba_001852.txt,29,78,7,0.021238,True
ba_001853.txt,22,57,6,0.006858,True
ba_001854.txt,27,50,4,0.003877,True
ba_001855.txt,15,36,4,0.003393,True
ba_001856.txt,15,36,5,0.003645,True
ba_001857.txt,19,34,4,0.002267,True
ba_001858.txt,19,48,6,0.005684,True
ba_001859.txt,25,46,4,0.003931,True
ba_001860.txt,34,93,9,0.039801,True
ba_001861.txt,18,45,5,0.004734,True
ba_001862.txt,27,72,6,0.016476,True
ba_001863.txt,19,34,4,0.001997,True
ba_001864.txt,20,51,5,0.005092,True
ba_001865.txt,15,26,3,0.001564,True
ba_001866.txt,20,51,6,0.005693,True
ba_001867.txt,24,44,5,0.003675,True
ba_001868.txt,21,54,6,0.006051,True
ba_001869.txt,31,84,7,0.025252,True
ba_001870.txt,31,58,5,0.008655,True
ba_001871.txt,24,63,8,0.017097,True
ba_001872.txt,16,28,3,0.001945,True
ba_001873.txt,27,50,4,0.00449,True
ba_001874.txt,29,78,8,0.023344,True
ba_001875.txt,33,90,9,0.029714,True
ba_001876.txt,32,60,4,0.009118,True
ba_001877.txt,33,90,8,0.030478,True
ba_001878.txt,28,52,3,0.007506,True
ba_001879.txt,28,75,6,0.021,True
ba_001880.txt,21,54,6,0.006378,True
ba_001881.txt,26,69,8,0.02192,True
ba_001882.txt,30,81,10,0.026488,True
ba_001883.txt,27,72,5,0.018024,True
ba_001884.txt,31,58,4,0.006287,True
ba_001885.txt,35,66,5,0.010223,True
ba_001886.txt,33,90,8,0.03357,True
ba_001887.txt,34,64,7,0.015449,True
ba_001888.txt,26,69,6,0.019137,True
ba_001889.txt,25,66,7,0.016459,True
ba_001890.txt,30,81,9,0.023891,True
ba_001891.txt,16,28,3,0.00201,True
ba_001892.txt,17,42,4,0.003771,True
ba_001893.txt,20,36,4,0.002721,True
ba_001894.txt,15,36,5,0.003641,True
ba_001895.txt,25,46,4,0.003257,True
ba_001896.txt,26,48,4,0.004717,True
ba_001897.txt,28,52,5,0.004985,True
ba_001898.txt,23,60,6,0.013332,True
ba_001899.txt,29,54,4,0.00469,True
ba_001900.txt,25,66,7,0.016454,True
ba_001901.txt,31,84,8,0.024635,True
ba_001902.txt,16,28,3,0.001829,True
ba_001903.txt,20,36,3,0.002593,True
ba_001904.txt,19,34,3,0.002089,True
ba_001905.txt,22,57,6,0.011668,True
ba_001906.txt,17,42,5,0.003693,True
ba_001907.txt,16,28,3,0.001864,True
ba_001908.txt,35,96,10,0.033455,True
ba_001909.txt,23,42,3,0.002926,True
ba_001910.txt,21,38,5,0.00302,True
ba_001911.txt,25,46,5,0.004075,True
ba_001912.txt,31,58,5,0.010019,True
ba_001913.txt,23,60,6,0.01323,True
ba_001914.txt,26,48,4,0.004196,True
ba_001915.txt,26,48,4,0.004178,True
ba_001916.txt,18,45,5,0.004573,True
ba_001917.txt,35,66,6,0.012013,True
ba_001918.txt,35,66,7,0.006689,True
ba_001919.txt,29,78,8,0.02481,True
ba_001920.txt,26,69,8,0.01801,True
ba_001921.txt,26,69,8,0.01995,True
ba_001922.txt,33,62,5,0.011307,True
ba_001923.txt,35,66,5,0.010276,True
ba_001924.txt,28,75,7,0.020297,True
ba_001925.txt,31,58,6,0.010208,True
ba_001926.txt,35,96,10,0.038794,True
ba_001927.txt,33,62,4,0.00911,True
ba_001928.txt,29,78,8,0.020944,True
ba_001929.txt,17,30,3,0.002049,True
ba_001930.txt,26,48,4,0.004314,True
ba_001931.txt,18,32,3,0.001973,True
ba_001932.txt,21,38,4,0.003075,True
ba_001933.txt,30,81,8,0.023972,True
ba_001934.txt,34,93,9,0.028414,True
ba_001935.txt,18,32,3,0.002259,True
ba_001936.txt,19,48,6,0.005018,True
ba_001937.txt,28,52,5,0.004656,True
ba_001938.txt,24,63,8,0.017533,True
ba_001939.txt,18,45,5,0.004822,True
ba_001940.txt,19,34,3,0.002249,True
ba_001941.txt,25,46,4,0.003365,True
ba_001942.txt,17,30,4,0.002205,True
ba_001943.txt,16,28,3,0.001704,True
ba_001944.txt,27,50,5,0.004478,True
ba_001945.txt,33,90,7,0.029404,True
ba_001946.txt,19,48,6,0.007198,True
ba_001947.txt,34,93,10,0.033827,True
ba_001948.txt,24,63,6,0.014176,True
ba_001949.txt,30,56,6,0.005233,True
ba_001950.txt,27,50,4,0.004003,True
ba_001951.txt,26,69,8,0.018856,True
ba_001952.txt,26,48,4,0.004282,True
ba_001953.txt,32,60,4,0.008431,True
ba_001954.txt,33,62,4,0.011254,True
ba_001955.txt,19,34,4,0.002643,True
ba_001956.txt,30,81,8,0.023583,True
ba_001957.txt,29,78,8,0.023641,True
ba_001958.txt,19,48,6,0.005749,True
ba_001959.txt,17,30,4,0.001932,True
ba_001960.txt,16,39,4,0.003536,True
ba_001961.txt,24,44,4,0.003552,True
ba_001962.txt,25,46,6,0.004956,True
ba_001963.txt,33,62,6,0.010649,True
ba_001964.txt,19,34,3,0.002075,True
ba_001965.txt,28,52,3,0.007648,True
ba_001966.txt,18,45,5,0.004667,True
ba_001967.txt,27,72,7,0.019072,True
ba_001968.txt,26,69,8,0.017971,True
ba_001969.txt,29,54,4,0.007621,True
ba_001970.txt,19,34,4,0.002275,True
ba_001971.txt,28,52,5,0.004454,True
ba_001972.txt,25,46,4,0.003982,True
ba_001973.txt,19,34,3,0.002526,True
ba_001974.txt,17,30,2,0.001789,True
ba_001975.txt,30,81,7,0.021431,True
ba_001976.txt,17,42,5,0.004348,True
ba_001977.txt,26,48,4,0.003458,True
ba_001978.txt,33,90,10,0.029124,True
ba_001979.txt,22,57,6,0.011806,True
ba_001980.txt,20,51,7,0.006442,True
ba_001981.txt,28,52,5,0.004254,True
ba_001982.txt,26,48,3,0.006317,True
ba_001983.txt,31,58,4,0.0046,True
ba_001984.txt,35,96,9,0.033561,True
ba_001985.txt,22,57,6,0.01194,True
ba_001986.txt,24,44,4,0.003524,True
ba_001987.txt,25,46,3,0.00362,True
ba_001988.txt,28,52,4,0.00389,True
ba_001989.txt,16,39,5,0.003964,True
ba_001990.txt,20,36,4,0.003786,True
ba_001991.txt,15,26,3,0.001652,True
ba_001992.txt,24,63,8,0.013934,True
ba_001993.txt,30,81,7,0.022446,True
ba_001994.txt,24,63,5,0.011793,True
ba_001995.txt,31,84,8,0.026896,True
ba_001996.txt,31,58,4,0.009081,True
ba_001997.txt,28,75,7,0.020696,True
ba_001998.txt,33,90,8,0.029786,True
ba_001999.txt,31,58,4,0.005194,True
ws_000000.txt,16,32,6,0.003445,True
ws_000001.txt,29,58,10,0.020272,True
ws_000002.txt,20,40,7,0.005431,True
ws_000003.txt,31,62,11,0.021811,True
ws_000004.txt,28,56,10,0.017107,True
ws_000005.txt,30,60,10,0.018566,True
ws_000006.txt,33,66,11,0.027308,True
ws_000007.txt,15,30,6,0.003006,True
ws_000008.txt,16,32,6,0.003719,True
ws_000009.txt,26,52,10,0.015359,True
ws_000010.txt,24,48,9,0.01188,True
ws_000011.txt,21,42,7,0.005364,True
ws_000012.txt,23,46,8,0.010905,True
ws_000013.txt,30,60,11,0.022485,True
ws_000014.txt,33,66,11,0.02458,True
ws_000015.txt,29,58,10,0.018523,True
ws_000016.txt,29,58,10,0.018732,True
ws_000017.txt,16,32,6,0.003283,True
ws_000018.txt,18,36,7,0.004964,True
ws_000019.txt,35,70,12,0.026049,True
ws_000020.txt,28,56,10,0.017507,True
ws_000021.txt,28,56,10,0.018117,True
ws_000022.txt,17,34,6,0.003733,True
ws_000023.txt,17,34,6,0.003779,True
ws_000024.txt,25,50,9,0.013569,True
ws_000025.txt,30,60,10,0.019947,True
ws_000026.txt,16,32,6,0.003358,True
ws_000027.txt,32,64,11,0.022074,True
ws_000028.txt,32,64,11,0.023471,True
ws_000029.txt,35,70,12,0.025277,True
ws_000030.txt,31,62,10,0.022703,True
ws_000031.txt,21,42,7,0.006421,True
ws_000032.txt,31,62,11,0.019776,True
ws_000033.txt,31,62,10,0.023159,True
ws_000034.txt,27,54,9,0.017051,True
ws_000035.txt,26,52,9,0.014588,True
ws_000036.txt,35,70,11,0.025365,True
ws_000037.txt,28,56,9,0.014843,True
ws_000038.txt,29,58,10,0.017308,True
ws_000039.txt,16,32,6,0.003351,True
ws_000040.txt,18,36,6,0.004209,True
ws_000041.txt,26,52,9,0.013809,True
ws_000042.txt,33,66,12,0.023272,True
ws_000043.txt,31,62,11,0.019791,True
ws_000044.txt,25,50,8,0.01294,True
ws_000045.txt,33,66,11,0.022908,True
ws_000046.txt,28,56,10,0.017079,True
ws_000047.txt,19,38,6,0.004749,True
ws_000048.txt,23,46,9,0.012206,True
ws_000049.txt,26,52,9,0.015682,True
ws_000050.txt,20,40,7,0.005518,True
ws_000051.txt,16,32,6,0.003609,True
ws_000052.txt,28,56,10,0.016671,True
ws_000053.txt,27,54,9,0.015939,True
ws_000054.txt,30,60,10,0.018465,True
ws_000055.txt,35,70,12,0.028469,True
ws_000056.txt,25,50,9,0.013104,True
ws_000057.txt,32,64,11,0.02276,True
ws_000058.txt,29,58,10,0.018505,True
ws_000059.txt,23,46,8,0.011123,True
ws_000060.txt,18,36,6,0.005112,True
ws_000061.txt,24,48,9,0.014295,True
ws_000062.txt,21,42,6,0.004762,True
ws_000063.txt,15,30,6,0.002806,True
ws_000064.txt,30,60,10,0.020968,True
ws_000065.txt,34,68,12,0.02469,True
ws_000066.txt,21,42,7,0.005055,True
ws_000067.txt,23,46,8,0.01021,True
ws_000068.txt,25,50,8,0.012746,True
ws_000069.txt,16,32,5,0.002999,True
ws_000070.txt,35,70,12,0.024003,True
ws_000071.txt,28,56,10,0.015847,True
ws_000072.txt,24,48,9,0.012255,True
ws_000073.txt,28,56,10,0.016718,True
ws_000074.txt,31,62,10,0.020866,True
ws_000075.txt,34,68,12,0.025618,True
ws_000076.txt,35,70,12,0.027466,True
ws_000077.txt,16,32,6,0.003207,True
ws_000078.txt,20,40,8,0.00569,True
ws_000079.txt,21,42,7,0.005494,True
ws_000080.txt,22,44,8,0.010116,True
ws_000081.txt,15,30,6,0.002839,True
ws_000082.txt,17,34,6,0.003929,True
ws_000083.txt,20,40,7,0.005406,True
ws_000084.txt,25,50,8,0.01333,True
ws_000085.txt,22,44,8,0.011079,True
ws_000086.txt,15,30,6,0.003015,True
ws_000087.txt,32,64,11,0.022798,True
ws_000088.txt,24,48,8,0.013291,True
ws_000089.txt,26,52,9,0.014687,True
ws_000090.txt,27,54,9,0.015292,True
ws_000091.txt,19,38,7,0.00426,True
ws_000092.txt,35,70,13,0.031928,True
ws_000093.txt,35,70,13,0.028067,True
ws_000094.txt,24,48,8,0.011676,True
ws_000095.txt,24,48,9,0.012398,True
ws_000096.txt,24,48,8,0.01135,True
ws_000097.txt,21,42,8,0.006024,True
ws_000098.txt,32,64,11,0.026168,True
ws_000099.txt,19,38,7,0.005111,True
ws_000100.txt,15,30,5,0.003224,True
ws_000101.txt,35,70,12,0.031226,True
ws_000102.txt,27,54,9,0.014511,True
ws_000103.txt,26,52,9,0.014325,True
ws_000104.txt,16,32,5,0.003191,True
ws_000105.txt,17,34,6,0.003801,True
ws_000106.txt,31,62,11,0.021137,True
ws_000107.txt,34,68,11,0.024133,True
ws_000108.txt,17,34,6,0.003825,True
ws_000109.txt,31,62,10,0.01899,True
ws_000110.txt,34,68,11,0.023563,True
ws_000111.txt,25,50,8,0.012641,True
ws_000112.txt,17,34,6,0.003982,True
ws_000113.txt,33,66,10,0.023605,True
ws_000114.txt,16,32,6,0.003372,True
ws_000115.txt,17,34,6,0.003698,True
ws_000116.txt,28,56,10,0.017115,True
ws_000117.txt,15,30,6,0.002991,True
ws_000118.txt,34,68,12,0.023766,True
ws_000119.txt,23,46,8,0.009755,True
ws_000120.txt,20,40,7,0.00489,True
ws_000121.txt,15,30,5,0.002784,True
ws_000122.txt,25,50,8,0.012594,True
ws_000123.txt,21,42,7,0.005486,True
ws_000124.txt,30,60,10,0.019892,True
ws_000125.txt,33,66,11,0.026559,True
ws_000126.txt,33,66,12,0.025129,True
ws_000127.txt,25,50,9,0.011783,True
ws_000128.txt,20,40,7,0.005486,True
ws_000129.txt,22,44,7,0.009919,True
ws_000130.txt,18,36,6,0.004848,True
ws_000131.txt,26,52,8,0.017947,True
ws_000132.txt,18,36,7,0.004155,True
ws_000133.txt,30,60,10,0.020819,True
ws_000134.txt,15,30,5,0.002994,True
ws_000135.txt,18,36,6,0.003912,True
ws_000136.txt,18,36,6,0.004161,True
ws_000137.txt,19,38,7,0.00494,True
ws_000138.txt,32,64,11,0.021974,True
ws_000139.txt,25,50,9,0.014094,True
ws_000140.txt,16,32,6,0.003421,True
ws_000141.txt,31,62,11,0.022907,True
ws_000142.txt,20,40,6,0.005346,True
ws_000143.txt,32,64,11,0.02414,True
ws_000144.txt,30,60,10,0.017625,True
ws_000145.txt,19,38,7,0.004955,True
ws_000146.txt,28,56,10,0.016477,True
ws_000147.txt,16,32,6,0.003894,True
ws_000148.txt,27,54,10,0.017277,True
ws_000149.txt,28,56,10,0.017528,True
ws_000150.txt,23,46,8,0.010169,True
ws_000151.txt,15,30,5,0.002673,True
ws_000152.txt,35,70,13,0.028871,True
ws_000153.txt,18,36,7,0.004663,True
ws_000154.txt,19,38,7,0.004862,True
ws_000155.txt,25,50,9,0.015961,True
ws_000156.txt,23,46,8,0.00976,True
ws_000157.txt,21,42,7,0.005411,True
ws_000158.txt,35,70,12,0.026319,True
ws_000159.txt,33,66,11,0.023847,True
ws_000160.txt,34,68,11,0.023175,True
ws_000161.txt,22,44,7,0.010091,True
ws_000162.txt,23,46,8,0.010106,True
ws_000163.txt,33,66,12,0.024022,True
ws_000164.txt,18,36,6,0.003986,True
ws_000165.txt,21,42,8,0.006062,True
ws_000166.txt,31,62,10,0.021414,True
ws_000167.txt,30,60,10,0.019721,True
ws_000168.txt,31,62,11,0.023354,True
ws_000169.txt,26,52,9,0.01467,True
ws_000170.txt,22,44,8,0.010746,True
ws_000171.txt,30,60,10,0.019683,True
ws_000172.txt,29,58,10,0.019161,True
ws_000173.txt,32,64,11,0.0305,True
ws_000174.txt,31,62,10,0.019326,True
ws_000175.txt,16,32,6,0.00368,True
ws_000176.txt,29,58,11,0.019219,True
ws_000177.txt,20,40,7,0.007128,True
ws_000178.txt,19,38,8,0.005035,True
ws_000179.txt,31,62,11,0.023751,True
ws_000180.txt,31,62,11,0.029849,True
ws_000181.txt,28,56,10,0.01779,True
ws_000182.txt,26,52,9,0.013285,True
ws_000183.txt,20,40,7,0.005371,True
ws_000184.txt,21,42,7,0.005323,True
ws_000185.txt,34,68,12,0.025918,True
ws_000186.txt,18,36,7,0.004372,True
ws_000187.txt,18,36,6,0.004117,True
ws_000188.txt,30,60,10,0.02049,True
ws_000189.txt,22,44,7,0.008682,True
ws_000190.txt,23,46,8,0.012454,True
ws_000191.txt,34,68,11,0.029166,True
ws_000192.txt,17,34,6,0.003714,True
ws_000193.txt,33,66,11,0.026128,True
ws_000194.txt,35,70,12,0.025739,True
ws_000195.txt,27,54,9,0.016575,True
ws_000196.txt,27,54,9,0.014846,True
ws_000197.txt,31,62,11,0.020959,True
ws_000198.txt,17,34,6,0.003648,True
ws_000199.txt,31,62,11,0.023416,True
ws_000200.txt,27,54,10,0.017144,True
ws_000201.txt,20,40,7,0.005425,True
ws_000202.txt,16,32,6,0.003642,True
ws_000203.txt,30,60,11,0.020702,True
ws_000204.txt,30,60,11,0.020634,True
ws_000205.txt,19,38,7,0.004712,True
ws_000206.txt,29,58,10,0.018257,True
ws_000207.txt,30,60,10,0.018768,True
ws_000208.txt,26,52,9,0.018776,True
ws_000209.txt,21,42,7,0.009004,True
ws_000210.txt,30,60,11,0.02359,True
ws_000211.txt,29,58,10,0.020084,True
ws_000212.txt,22,44,8,0.011062,True
ws_000213.txt,23,46,8,0.011088,True
ws_000214.txt,33,66,12,0.024802,True
ws_000215.txt,32,64,11,0.023438,True
ws_000216.txt,26,52,8,0.018193,True
ws_000217.txt,21,42,7,0.006535,True
ws_000218.txt,16,32,6,0.003286,True
ws_000219.txt,24,48,8,0.011018,True
ws_000220.txt,30,60,10,0.01932,True
ws_000221.txt,19,38,6,0.004376,True
ws_000222.txt,32,64,11,0.023512,True
ws_000223.txt,31,62,11,0.022513,True
ws_000224.txt,19,38,7,0.004944,True
ws_000225.txt,16,32,6,0.003455,True
ws_000226.txt,33,66,12,0.024155,True
ws_000227.txt,17,34,6,0.004975,True
ws_000228.txt,35,70,11,0.02573,True
ws_000229.txt,24,48,9,0.012195,True
ws_000230.txt,32,64,11,0.024171,True
ws_000231.txt,17,34,6,0.003493,True
ws_000232.txt,27,54,9,0.016216,True
ws_000233.txt,35,70,12,0.024444,True
ws_000234.txt,32,64,11,0.02791,True
ws_000235.txt,26,52,9,0.013818,True
ws_000236.txt,26,52,9,0.0175,True
ws_000237.txt,28,56,10,0.017599,True
ws_000238.txt,27,54,10,0.016447,True
ws_000239.txt,18,36,7,0.004335,True
ws_000240.txt,21,42,8,0.005969,True
ws_000241.txt,35,70,12,0.025478,True
ws_000242.txt,25,50,9,0.013407,True
ws_000243.txt,27,54,9,0.01491,True
ws_000244.txt,23,46,8,0.0109,True
ws_000245.txt,22,44,7,0.013683,True
ws_000246.txt,28,56,10,0.017569,True
ws_000247.txt,20,40,7,0.005372,True
ws_000248.txt,31,62,10,0.025376,True
ws_000249.txt,22,44,8,0.009978,True
ws_000250.txt,17,34,6,0.004033,True
ws_000251.txt,29,58,9,0.016318,True
ws_000252.txt,25,50,8,0.012884,True
ws_000253.txt,24,48,9,0.011471,True
ws_000254.txt,16,32,6,0.00346,True
ws_000255.txt,20,40,7,0.005068,True
ws_000256.txt,27,54,9,0.015016,True
ws_000257.txt,33,66,11,0.023962,True
ws_000258.txt,26,52,9,0.01371,True
ws_000259.txt,15,30,6,0.003258,True
ws_000260.txt,16,32,6,0.003808,True
ws_000261.txt,16,32,6,0.003738,True
ws_000262.txt,28,56,10,0.017826,True
ws_000263.txt,31,62,11,0.022524,True
ws_000264.txt,20,40,7,0.004827,True
ws_000265.txt,24,48,9,0.012445,True
ws_000266.txt,17,34,6,0.004252,True
ws_000267.txt,16,32,5,0.003356,True
ws_000268.txt,17,34,6,0.00382,True
ws_000269.txt,32,64,11,0.020869,True
ws_000270.txt,18,36,6,0.004638,True
ws_000271.txt,35,70,11,0.025441,True
ws_000272.txt,27,54,8,0.014572,True
ws_000273.txt,24,48,8,0.011448,True
ws_000274.txt,23,46,8,0.01119,True
ws_000275.txt,16,32,5,0.003708,True
ws_000276.txt,34,68,10,0.024068,True
ws_000277.txt,17,34,6,0.004006,True
ws_000278.txt,28,56,10,0.017123,True
ws_000279.txt,34,68,11,0.023305,True
ws_000280.txt,18,36,6,0.004013,True
ws_000281.txt,33,66,11,0.026704,True
ws_000282.txt,28,56,10,0.018112,True
ws_000283.txt,28,56,9,0.017441,True
ws_000284.txt,29,58,10,0.018055,True
ws_000285.txt,33,66,12,0.024607,True
ws_000286.txt,24,48,9,0.012044,True
ws_000287.txt,25,50,9,0.013056,True
ws_000288.txt,20,40,7,0.005295,True
ws_000289.txt,20,40,7,0.005509,True
ws_000290.txt,25,50,9,0.017178,True
ws_000291.txt,15,30,6,0.003145,True
ws_000292.txt,21,42,7,0.007037,True
ws_000293.txt,35,70,12,0.027289,True
ws_000294.txt,32,64,10,0.028137,True
ws_000295.txt,20,40,7,0.005337,True
ws_000296.txt,20,40,7,0.00561,True
ws_000297.txt,33,66,11,0.029508,True
ws_000298.txt,26,52,9,0.016162,True
ws_000299.txt,23,46,7,0.010356,True
ws_000300.txt,27,54,10,0.017835,True
ws_000301.txt,34,68,12,0.026069,True
ws_000302.txt,26,52,9,0.015647,True
ws_000303.txt,28,56,9,0.016778,True
ws_000304.txt,34,68,12,0.027339,True
ws_000305.txt,15,30,5,0.003233,True
ws_000306.txt,30,60,10,0.021643,True
ws_000307.txt,24,48,8,0.010913,True
ws_000308.txt,26,52,9,0.01433,True
ws_000309.txt,35,70,12,0.026599,True
ws_000310.txt,34,68,11,0.024593,True
ws_000311.txt,30,60,10,0.022184,True
ws_000312.txt,25,50,9,0.013035,True
ws_000313.txt,27,54,10,0.017935,True
ws_000314.txt,35,70,11,0.025003,True
ws_000315.txt,19,38,7,0.004828,True
ws_000316.txt,27,54,10,0.015954,True
ws_000317.txt,20,40,7,0.005724,True
ws_000318.txt,28,56,9,0.017073,True
ws_000319.txt,24,48,9,0.012465,True
ws_000320.txt,22,44,8,0.006071,True
ws_000321.txt,27,54,10,0.016581,True
ws_000322.txt,30,60,11,0.021334,True
ws_000323.txt,18,36,7,0.004472,True
ws_000324.txt,21,42,8,0.006469,True
ws_000325.txt,19,38,7,0.00586,True
ws_000326.txt,24,48,8,0.010714,True
ws_000327.txt,25,50,9,0.014694,True
ws_000328.txt,22,44,9,0.011997,True
ws_000329.txt,16,32,6,0.003549,True
ws_000330.txt,15,30,6,0.003443,True
ws_000331.txt,29,58,10,0.01851,True
ws_000332.txt,34,68,11,0.033001,True
ws_000333.txt,23,46,7,0.012799,True
ws_000334.txt,24,48,8,0.012677,True
ws_000335.txt,20,40,7,0.00539,True
ws_000336.txt,27,54,9,0.016597,True
ws_000337.txt,30,60,10,0.020622,True
ws_000338.txt,28,56,10,0.017711,True
ws_000339.txt,32,64,11,0.025118,True
ws_000340.txt,30,60,9,0.017539,True
ws_000341.txt,33,66,11,0.024536,True
ws_000342.txt,31,62,10,0.023756,True
ws_000343.txt,23,46,8,0.011931,True
ws_000344.txt,17,34,6,0.004349,True
ws_000345.txt,33,66,11,0.023957,True
ws_000346.txt,33,66,12,0.026479,True
ws_000347.txt,26,52,9,0.013254,True
ws_000348.txt,22,44,8,0.010631,True
ws_000349.txt,31,62,11,0.02308,True
ws_000350.txt,17,34,6,0.004291,True
ws_000351.txt,25,50,9,0.013521,True
ws_000352.txt,20,40,7,0.005343,True
ws_000353.txt,21,42,7,0.006448,True
ws_000354.txt,23,46,8,0.012679,True
ws_000355.txt,20,40,6,0.005699,True
ws_000356.txt,17,34,6,0.003838,True
ws_000357.txt,26,52,8,0.015964,True
ws_000358.txt,21,42,7,0.005295,True
ws_000359.txt,32,64,11,0.022691,True
ws_000360.txt,30,60,11,0.022613,True
ws_000361.txt,33,66,11,0.029256,True
ws_000362.txt,29,58,10,0.016703,True
ws_000363.txt,29,58,10,0.019826,True
ws_000364.txt,35,70,12,0.026744,True
ws_000365.txt,34,68,12,0.024194,True
ws_000366.txt,31,62,11,0.023174,True
ws_000367.txt,29,58,10,0.020337,True
ws_000368.txt,31,62,11,0.023329,True
ws_000369.txt,24,48,9,0.013006,True
ws_000370.txt,18,36,6,0.004103,True
ws_000371.txt,29,58,10,0.018508,True
ws_000372.txt,20,40,6,0.004952,True
ws_000373.txt,33,66,11,0.024037,True
ws_000374.txt,20,40,7,0.005782,True
ws_000375.txt,31,62,11,0.023107,True
ws_000376.txt,21,42,7,0.005457,True
ws_000377.txt,23,46,8,0.011779,True
ws_000378.txt,21,42,7,0.005945,True
ws_000379.txt,19,38,6,0.004969,True
ws_000380.txt,18,36,6,0.003903,True
ws_000381.txt,26,52,9,0.015433,True
ws_000382.txt,28,56,10,0.015959,True
ws_000383.txt,25,50,9,0.013097,True
ws_000384.txt,29,58,10,0.017782,True
ws_000385.txt,29,58,9,0.021141,True
ws_000386.txt,20,40,7,0.00666,True
ws_000387.txt,28,56,9,0.015847,True
ws_000388.txt,25,50,8,0.012773,True
ws_000389.txt,29,58,10,0.01869,True
ws_000390.txt,34,68,12,0.024484,True
ws_000391.txt,28,56,10,0.019334,True
ws_000392.txt,25,50,9,0.014233,True
ws_000393.txt,30,60,10,0.020278,True
ws_000394.txt,28,56,10,0.017011,True
ws_000395.txt,29,58,10,0.01855,True
ws_000396.txt,32,64,10,0.023379,True
ws_000397.txt,15,30,5,0.00298,True
ws_000398.txt,34,68,11,0.027801,True
ws_000399.txt,28,56,9,0.016157,True
ws_000400.txt,27,54,9,0.017762,True
ws_000401.txt,23,46,8,0.011514,True
ws_000402.txt,30,60,10,0.022183,True
ws_000403.txt,15,30,5,0.003649,True
ws_000404.txt,27,54,10,0.017832,True
ws_000405.txt,23,46,8,0.010468,True
ws_000406.txt,24,48,8,0.010801,True
ws_000407.txt,26,52,9,0.014055,True
ws_000408.txt,27,54,9,0.016989,True
ws_000409.txt,24,48,8,0.012376,True
ws_000410.txt,24,48,9,0.011362,True
ws_000411.txt,19,38,7,0.005179,True
ws_000412.txt,33,66,10,0.021826,True
ws_000413.txt,21,42,7,0.005784,True
ws_000414.txt,21,42,8,0.005886,True
ws_000415.txt,18,36,6,0.004452,True
ws_000416.txt,33,66,12,0.025963,True
ws_000417.txt,27,54,10,0.014876,True
ws_000418.txt,20,40,6,0.005331,True
ws_000419.txt,19,38,7,0.004615,True
ws_000420.txt,27,54,9,0.015593,True
ws_000421.txt,34,68,12,0.023701,True
ws_000422.txt,20,40,7,0.006315,True
ws_000423.txt,24,48,8,0.013068,True
ws_000424.txt,22,44,8,0.011099,True
ws_000425.txt,32,64,11,0.022926,True
ws_000426.txt,18,36,6,0.004132,True
ws_000427.txt,30,60,11,0.021335,True
ws_000428.txt,35,70,12,0.027454,True
ws_000429.txt,31,62,11,0.021097,True
ws_000430.txt,16,32,6,0.003974,True
ws_000431.txt,34,68,11,0.034648,True
ws_000432.txt,28,56,10,0.018518,True
ws_000433.txt,31,62,10,0.021354,True
ws_000434.txt,29,58,10,0.019606,True
ws_000435.txt,34,68,12,0.02831,True
ws_000436.txt,19,38,7,0.005242,True
ws_000437.txt,22,44,8,0.010941,True
ws_000438.txt,35,70,12,0.024463,True
ws_000439.txt,31,62,10,0.021491,True
ws_000440.txt,19,38,7,0.004634,True
ws_000441.txt,24,48,8,0.012217,True
ws_000442.txt,25,50,9,0.013595,True
ws_000443.txt,18,36,6,0.004426,True
ws_000444.txt,15,30,5,0.00271,True
ws_000445.txt,25,50,9,0.01434,True
ws_000446.txt,21,42,7,0.005908,True
ws_000447.txt,20,40,7,0.005239,True
ws_000448.txt,19,38,6,0.004265,True
ws_000449.txt,22,44,7,0.009186,True
ws_000450.txt,24,48,9,0.013097,True
ws_000451.txt,26,52,8,0.016326,True
ws_000452.txt,21,42,7,0.006089,True
ws_000453.txt,21,42,8,0.005847,True
ws_000454.txt,27,54,9,0.02146,True
ws_000455.txt,24,48,9,0.013629,True
ws_000456.txt,28,56,10,0.018544,True
ws_000457.txt,29,58,9,0.017519,True
ws_000458.txt,22,44,8,0.010243,True
ws_000459.txt,26,52,9,0.015798,True
ws_000460.txt,25,50,9,0.013068,True
ws_000461.txt,30,60,10,0.02034,True
ws_000462.txt,22,44,9,0.014566,True
ws_000463.txt,22,44,8,0.011204,True
ws_000464.txt,28,56,10,0.019811,True
ws_000465.txt,29,58,11,0.020225,True
ws_000466.txt,22,44,8,0.010636,True
ws_000467.txt,18,36,7,0.004678,True
ws_000468.txt,25,50,9,0.013559,True
ws_000469.txt,20,40,7,0.005454,True
ws_000470.txt,26,52,9,0.013983,True
ws_000471.txt,23,46,8,0.010184,True
ws_000472.txt,30,60,11,0.019412,True
ws_000473.txt,22,44,8,0.011182,True
ws_000474.txt,20,40,7,0.004814,True
ws_000475.txt,25,50,9,0.01343,True
ws_000476.txt,35,70,12,0.030773,True
ws_000477.txt,27,54,10,0.017132,True
ws_000478.txt,20,40,7,0.005925,True
ws_000479.txt,24,48,9,0.01141,True
ws_000480.txt,35,70,12,0.026776,True
ws_000481.txt,35,70,12,0.029293,True
ws_000482.txt,32,64,11,0.02467,True
ws_000483.txt,33,66,11,0.035236,True
ws_000484.txt,29,58,10,0.018188,True
ws_000485.txt,34,68,11,0.027216,True
ws_000486.txt,26,52,10,0.016762,True
ws_000487.txt,17,34,6,0.004023,True
ws_000488.txt,21,42,8,0.005933,True
ws_000489.txt,22,44,8,0.012117,True
ws_000490.txt,25,50,9,0.014834,True
ws_000491.txt,27,54,9,0.016617,True
ws_000492.txt,24,48,9,0.013767,True
ws_000493.txt,25,50,9,0.013374,True
ws_000494.txt,15,30,5,0.002744,True
ws_000495.txt,20,40,7,0.005643,True
ws_000496.txt,21,42,6,0.005439,True
ws_000497.txt,33,66,11,0.023697,True
ws_000498.txt,25,50,8,0.013509,True
ws_000499.txt,26,52,9,0.017554,True
ws_000500.txt,21,42,7,0.006023,True
ws_000501.txt,18,36,6,0.004239,True
ws_000502.txt,23,46,8,0.011356,True
ws_000503.txt,31,62,11,0.022676,True
ws_000504.txt,17,34,6,0.003604,True
ws_000505.txt,35,70,12,0.037827,True
ws_000506.txt,33,66,11,0.030526,True
ws_000507.txt,27,54,10,0.016254,True
ws_000508.txt,25,50,9,0.01322,True
ws_000509.txt,25,50,9,0.015735,True
ws_000510.txt,32,64,12,0.029697,True
ws_000511.txt,22,44,8,0.010823,True
ws_000512.txt,34,68,11,0.023549,True
ws_000513.txt,23,46,7,0.009677,True
ws_000514.txt,25,50,9,0.014094,True
ws_000515.txt,33,66,11,0.023707,True
ws_000516.txt,28,56,10,0.017208,True
ws_000517.txt,22,44,8,0.010091,True
ws_000518.txt,28,56,10,0.017272,True
ws_000519.txt,18,36,6,0.004201,True
ws_000520.txt,31,62,11,0.024154,True
ws_000521.txt,20,40,7,0.00499,True
ws_000522.txt,31,62,11,0.023014,True
ws_000523.txt,16,32,6,0.003624,True
ws_000524.txt,32,64,11,0.021372,True
ws_000525.txt,25,50,9,0.012669,True
ws_000526.txt,28,56,10,0.017581,True
ws_000527.txt,21,42,7,0.007178,True
ws_000528.txt,26,52,9,0.014426,True
ws_000529.txt,19,38,7,0.004253,True
ws_000530.txt,16,32,6,0.003904,True
ws_000531.txt,20,40,7,0.005862,True
ws_000532.txt,22,44,8,0.011343,True
ws_000533.txt,33,66,11,0.027996,True
ws_000534.txt,16,32,6,0.004016,True
ws_000535.txt,24,48,8,0.012857,True
ws_000536.txt,21,42,8,0.006259,True
ws_000537.txt,26,52,9,0.016733,True
ws_000538.txt,21,42,8,0.006899,True
ws_000539.txt,20,40,7,0.005286,True
ws_000540.txt,20,40,7,0.005777,True
ws_000541.txt,30,60,11,0.019262,True
ws_000542.txt,29,58,10,0.018255,True
ws_000543.txt,27,54,10,0.01755,True
ws_000544.txt,18,36,7,0.004293,True
ws_000545.txt,23,46,8,0.011289,True
ws_000546.txt,23,46,8,0.010835,True
ws_000547.txt,28,56,10,0.018479,True
ws_000548.txt,27,54,9,0.015938,True
ws_000549.txt,21,42,7,0.007333,True
ws_000550.txt,32,64,11,0.023367,True
ws_000551.txt,20,40,7,0.005378,True
ws_000552.txt,25,50,8,0.011836,True
ws_000553.txt,32,64,11,0.024471,True
ws_000554.txt,33,66,11,0.021566,True
ws_000555.txt,33,66,11,0.025489,True
ws_000556.txt,19,38,7,0.004431,True
ws_000557.txt,17,34,6,0.003776,True
ws_000558.txt,35,70,12,0.028459,True
ws_000559.txt,32,64,11,0.021698,True
ws_000560.txt,17,34,7,0.0041,True
ws_000561.txt,20,40,7,0.004831,True
ws_000562.txt,21,42,7,0.006682,True
ws_000563.txt,20,40,7,0.00539,True
ws_000564.txt,22,44,8,0.008075,True
ws_000565.txt,25,50,9,0.012262,True
ws_000566.txt,22,44,7,0.009925,True
ws_000567.txt,28,56,9,0.015346,True
ws_000568.txt,26,52,9,0.01379,True
ws_000569.txt,17,34,6,0.003895,True
ws_000570.txt,35,70,12,0.028425,True
ws_000571.txt,31,62,11,0.021242,True
ws_000572.txt,19,38,7,0.00495,True
ws_000573.txt,27,54,9,0.014527,True
ws_000574.txt,33,66,11,0.022896,True
ws_000575.txt,29,58,10,0.019574,True
ws_000576.txt,22,44,8,0.009711,True
ws_000577.txt,31,62,11,0.021667,True
ws_000578.txt,31,62,10,0.026378,True
ws_000579.txt,23,46,7,0.0106,True
ws_000580.txt,16,32,6,0.003269,True
ws_000581.txt,18,36,7,0.004404,True
ws_000582.txt,32,64,11,0.023025,True
ws_000583.txt,34,68,11,0.023597,True
ws_000584.txt,21,42,7,0.005454,True
ws_000585.txt,26,52,9,0.013769,True
ws_000586.txt,34,68,12,0.026638,True
ws_000587.txt,16,32,5,0.003503,True
ws_000588.txt,16,32,6,0.003483,True
ws_000589.txt,24,48,8,0.012187,True
ws_000590.txt,26,52,9,0.01504,True
ws_000591.txt,28,56,10,0.018007,True
ws_000592.txt,24,48,8,0.012733,True
ws_000593.txt,24,48,8,0.011448,True
ws_000594.txt,20,40,7,0.006646,True
ws_000595.txt,35,70,12,0.027938,True
ws_000596.txt,31,62,11,0.022815,True
ws_000597.txt,25,50,9,0.014841,True
ws_000598.txt,21,42,8,0.006403,True
ws_000599.txt,20,40,7,0.006491,True
ws_000600.txt,18,36,6,0.004443,True
ws_000601.txt,27,54,10,0.017393,True
ws_000602.txt,27,54,9,0.014734,True
ws_000603.txt,35,70,12,0.025497,True
ws_000604.txt,23,46,9,0.010191,True
ws_000605.txt,19,38,6,0.005455,True
ws_000606.txt,18,36,6,0.004461,True
ws_000607.txt,17,34,7,0.004003,True
ws_000608.txt,35,70,12,0.025749,True
ws_000609.txt,22,44,8,0.009706,True
ws_000610.txt,26,52,9,0.014907,True
ws_000611.txt,22,44,8,0.011681,True
ws_000612.txt,17,34,6,0.004181,True
ws_000613.txt,22,44,8,0.009875,True
ws_000614.txt,27,54,9,0.015847,True
ws_000615.txt,35,70,12,0.025268,True
ws_000616.txt,18,36,6,0.006239,True
ws_000617.txt,27,54,10,0.016798,True
ws_000618.txt,26,52,9,0.015158,True
ws_000619.txt,22,44,8,0.010241,True
ws_000620.txt,31,62,11,0.021716,True
ws_000621.txt,26,52,9,0.015714,True
ws_000622.txt,16,32,6,0.003422,True
ws_000623.txt,27,54,9,0.021178,True
ws_000624.txt,18,36,6,0.00493,True
ws_000625.txt,20,40,7,0.005811,True
ws_000626.txt,30,60,10,0.017646,True
ws_000627.txt,24,48,8,0.013323,True
ws_000628.txt,25,50,9,0.014507,True
ws_000629.txt,21,42,7,0.006323,True
ws_000630.txt,18,36,6,0.005113,True
ws_000631.txt,16,32,5,0.003448,True
ws_000632.txt,19,38,7,0.005707,True
ws_000633.txt,18,36,7,0.004687,True
ws_000634.txt,30,60,10,0.022585,True
ws_000635.txt,15,30,5,0.00322,True
ws_000636.txt,34,68,11,0.022327,True
ws_000637.txt,25,50,9,0.013138,True
ws_000638.txt,21,42,7,0.005219,True
ws_000639.txt,20,40,7,0.004834,True
ws_000640.txt,18,36,7,0.004514,True
ws_000641.txt,34,68,12,0.03199,True
ws_000642.txt,15,30,5,0.002788,True
ws_000643.txt,19,38,7,0.005608,True
ws_000644.txt,29,58,10,0.017967,True
ws_000645.txt,28,56,10,0.017844,True
ws_000646.txt,28,56,10,0.018213,True
ws_000647.txt,15,30,6,0.003049,True
ws_000648.txt,19,38,6,0.005268,True
ws_000649.txt,26,52,9,0.015012,True
ws_000650.txt,32,64,11,0.028247,True
ws_000651.txt,15,30,6,0.003928,True
ws_000652.txt,15,30,6,0.003098,True
ws_000653.txt,21,42,8,0.006684,True
ws_000654.txt,15,30,5,0.003191,True
ws_000655.txt,31,62,11,0.022051,True
ws_000656.txt,15,30,6,0.002847,True
ws_000657.txt,27,54,10,0.015313,True
ws_000658.txt,15,30,6,0.003143,True
ws_000659.txt,26,52,9,0.014396,True
ws_000660.txt,26,52,9,0.015743,True
ws_000661.txt,16,32,6,0.003542,True
ws_000662.txt,21,42,7,0.00564,True
ws_000663.txt,21,42,8,0.006198,True
ws_000664.txt,31,62,11,0.019812,True
ws_000665.txt,21,42,7,0.006895,True
ws_000666.txt,24,48,8,0.013488,True
ws_000667.txt,21,42,8,0.005951,True
ws_000668.txt,29,58,9,0.016352,True
ws_000669.txt,21,42,8,0.006347,True
ws_000670.txt,15,30,6,0.003152,True
ws_000671.txt,26,52,9,0.013962,True
ws_000672.txt,18,36,7,0.004521,True
ws_000673.txt,20,40,6,0.004601,True
ws_000674.txt,33,66,12,0.024919,True
ws_000675.txt,15,30,5,0.003001,True
ws_000676.txt,32,64,10,0.021744,True
ws_000677.txt,33,66,11,0.024993,True
ws_000678.txt,27,54,9,0.015204,True
ws_000679.txt,32,64,11,0.023994,True
ws_000680.txt,19,38,7,0.005159,True
ws_000681.txt,22,44,8,0.010801,True
ws_000682.txt,22,44,7,0.010563,True
ws_000683.txt,35,70,11,0.024485,True
ws_000684.txt,25,50,9,0.012736,True
ws_000685.txt,34,68,12,0.028979,True
ws_000686.txt,32,64,11,0.024198,True
ws_000687.txt,33,66,12,0.024162,True
ws_000688.txt,31,62,11,0.023419,True
ws_000689.txt,23,46,8,0.010803,True
ws_000690.txt,24,48,8,0.011686,True
ws_000691.txt,26,52,9,0.014054,True
ws_000692.txt,29,58,10,0.017517,True
ws_000693.txt,32,64,11,0.023412,True
ws_000694.txt,23,46,8,0.009934,True
ws_000695.txt,31,62,11,0.022465,True
ws_000696.txt,23,46,8,0.011805,True
ws_000697.txt,30,60,11,0.02315,True
ws_000698.txt,31,62,11,0.022682,True
ws_000699.txt,30,60,10,0.022326,True
ws_000700.txt,17,34,6,0.004051,True
ws_000701.txt,20,40,7,0.005468,True
ws_000702.txt,23,46,8,0.011355,True
ws_000703.txt,15,30,6,0.003455,True
ws_000704.txt,28,56,10,0.017491,True
ws_000705.txt,18,36,7,0.004737,True
ws_000706.txt,15,30,5,0.002763,True
ws_000707.txt,24,48,8,0.013064,True
ws_000708.txt,28,56,9,0.01767,True
ws_000709.txt,32,64,11,0.028805,True
ws_000710.txt,20,40,7,0.005152,True
ws_000711.txt,17,34,6,0.003817,True
ws_000712.txt,34,68,12,0.023954,True
ws_000713.txt,34,68,12,0.025259,True
ws_000714.txt,15,30,6,0.003242,True
ws_000715.txt,24,48,8,0.010638,True
ws_000716.txt,35,70,12,0.027659,True
ws_000717.txt,35,70,12,0.03066,True
ws_000718.txt,24,48,8,0.010899,True
ws_000719.txt,29,58,9,0.01785,True
ws_000720.txt,17,34,6,0.004022,True
ws_000721.txt,16,32,5,0.00317,True
ws_000722.txt,15,30,5,0.002826,True
ws_000723.txt,22,44,8,0.011297,True
ws_000724.txt,16,32,6,0.00364,True
ws_000725.txt,22,44,8,0.010105,True
ws_000726.txt,28,56,10,0.017364,True
ws_000727.txt,28,56,10,0.01685,True
ws_000728.txt,22,44,8,0.010583,True
ws_000729.txt,24,48,8,0.010893,True
ws_000730.txt,30,60,10,0.018496,True
ws_000731.txt,25,50,9,0.013734,True
ws_000732.txt,34,68,12,0.027324,True
ws_000733.txt,29,58,11,0.020937,True
ws_000734.txt,17,34,6,0.00336,True
ws_000735.txt,18,36,6,0.004293,True
ws_000736.txt,35,70,12,0.026614,True
ws_000737.txt,33,66,11,0.022714,True
ws_000738.txt,25,50,9,0.013205,True
ws_000739.txt,33,66,12,0.023538,True
ws_000740.txt,29,58,10,0.017717,True
ws_000741.txt,21,42,7,0.006554,True
ws_000742.txt,22,44,8,0.010377,True
ws_000743.txt,21,42,7,0.006035,True
ws_000744.txt,29,58,10,0.017509,True
ws_000745.txt,25,50,9,0.014238,True
ws_000746.txt,18,36,7,0.004599,True
ws_000747.txt,29,58,10,0.022079,True
ws_000748.txt,22,44,8,0.011067,True
ws_000749.txt,22,44,7,0.011365,True
ws_000750.txt,25,50,9,0.013351,True
ws_000751.txt,28,56,9,0.017158,True
ws_000752.txt,33,66,12,0.022744,True
ws_000753.txt,27,54,10,0.017899,True
ws_000754.txt,26,52,9,0.014387,True
ws_000755.txt,31,62,10,0.024117,True
ws_000756.txt,18,36,6,0.004664,True
ws_000757.txt,23,46,8,0.009684,True
ws_000758.txt,33,66,11,0.02371,True
ws_000759.txt,32,64,11,0.023631,True
ws_000760.txt,20,40,7,0.004983,True
ws_000761.txt,24,48,9,0.010807,True
ws_000762.txt,32,64,11,0.021719,True
ws_000763.txt,24,48,9,0.012846,True
ws_000764.txt,19,38,7,0.004241,True
ws_000765.txt,29,58,10,0.019539,True
ws_000766.txt,33,66,11,0.022319,True
ws_000767.txt,28,56,9,0.01687,True
ws_000768.txt,22,44,8,0.010106,True
ws_000769.txt,30,60,11,0.02044,True
ws_000770.txt,19,38,6,0.004991,True
ws_000771.txt,15,30,6,0.003022,True
ws_000772.txt,17,34,6,0.003851,True
ws_000773.txt,24,48,9,0.012421,True
ws_000774.txt,34,68,12,0.025462,True
ws_000775.txt,33,66,11,0.020717,True
ws_000776.txt,28,56,9,0.015593,True
ws_000777.txt,30,60,10,0.021975,True
ws_000778.txt,34,68,12,0.025352,True
ws_000779.txt,27,54,9,0.016786,True
ws_000780.txt,23,46,8,0.011506,True
ws_000781.txt,21,42,7,0.005688,True
ws_000782.txt,18,36,6,0.004122,True
ws_000783.txt,34,68,12,0.025319,True
ws_000784.txt,29,58,10,0.019233,True
ws_000785.txt,15,30,6,0.003108,True
ws_000786.txt,23,46,8,0.012025,True
ws_000787.txt,15,30,6,0.003115,True
ws_000788.txt,22,44,8,0.01132,True
ws_000789.txt,27,54,9,0.017489,True
ws_000790.txt,22,44,7,0.009258,True
ws_000791.txt,28,56,9,0.017655,True
ws_000792.txt,25,50,9,0.014151,True
ws_000793.txt,31,62,10,0.021847,True
ws_000794.txt,18,36,6,0.003886,True
ws_000795.txt,15,30,6,0.002792,True
ws_000796.txt,34,68,12,0.027298,True
ws_000797.txt,33,66,11,0.027657,True
ws_000798.txt,17,34,7,0.006282,True
ws_000799.txt,32,64,11,0.023654,True
ws_000800.txt,20,40,7,0.005261,True
ws_000801.txt,30,60,10,0.02679,True
ws_000802.txt,22,44,7,0.010148,True
ws_000803.txt,32,64,11,0.033398,True
ws_000804.txt,17,34,6,0.007211,True
ws_000805.txt,25,50,9,0.018541,True
ws_000806.txt,34,68,11,0.031497,True
ws_000807.txt,19,38,7,0.005402,True
ws_000808.txt,25,50,9,0.014671,True
ws_000809.txt,19,38,7,0.005123,True
ws_000810.txt,22,44,8,0.010696,True
ws_000811.txt,21,42,7,0.005072,True
ws_000812.txt,19,38,6,0.005323,True
ws_000813.txt,31,62,10,0.020528,True
ws_000814.txt,33,66,11,0.021318,True
ws_000815.txt,19,38,7,0.004968,True
ws_000816.txt,29,58,10,0.017814,True
ws_000817.txt,31,62,11,0.024072,True
ws_000818.txt,29,58,9,0.018635,True
ws_000819.txt,29,58,10,0.017343,True
ws_000820.txt,15,30,5,0.003079,True
ws_000821.txt,33,66,12,0.025195,True
ws_000822.txt,25,50,9,0.014519,True
ws_000823.txt,18,36,6,0.004881,True
ws_000824.txt,18,36,6,0.004787,True
ws_000825.txt,31,62,11,0.020668,True
ws_000826.txt,23,46,8,0.010684,True
ws_000827.txt,20,40,6,0.00474,True
ws_000828.txt,20,40,7,0.005155,True
ws_000829.txt,16,32,6,0.003741,True
ws_000830.txt,20,40,7,0.005576,True
ws_000831.txt,29,58,11,0.018794,True
ws_000832.txt,24,48,8,0.011029,True
ws_000833.txt,24,48,7,0.010376,True
ws_000834.txt,21,42,7,0.005395,True
ws_000835.txt,24,48,9,0.014266,True
ws_000836.txt,21,42,7,0.005401,True
ws_000837.txt,23,46,9,0.011959,True
ws_000838.txt,23,46,8,0.011464,True
ws_000839.txt,31,62,11,0.024493,True
ws_000840.txt,30,60,10,0.02021,True
ws_000841.txt,21,42,7,0.007621,True
ws_000842.txt,32,64,11,0.022922,True
ws_000843.txt,30,60,11,0.021697,True
ws_000844.txt,20,40,7,0.005361,True
ws_000845.txt,26,52,9,0.014572,True
ws_000846.txt,25,50,8,0.012636,True
ws_000847.txt,18,36,6,0.004721,True
ws_000848.txt,20,40,7,0.005424,True
ws_000849.txt,32,64,11,0.023134,True
ws_000850.txt,23,46,8,0.009628,True
ws_000851.txt,31,62,10,0.020899,True
ws_000852.txt,22,44,7,0.017718,True
ws_000853.txt,30,60,10,0.020573,True
ws_000854.txt,29,58,10,0.017525,True
ws_000855.txt,23,46,8,0.010763,True
ws_000856.txt,34,68,12,0.024354,True
ws_000857.txt,35,70,12,0.028878,True
ws_000858.txt,24,48,8,0.016392,True
ws_000859.txt,15,30,4,0.00265,True
ws_000860.txt,30,60,11,0.022342,True
ws_000861.txt,26,52,9,0.014149,True
ws_000862.txt,25,50,8,0.013327,True
ws_000863.txt,16,32,6,0.005005,True
ws_000864.txt,26,52,9,0.014635,True
ws_000865.txt,16,32,6,0.003163,True
ws_000866.txt,18,36,6,0.004303,True
ws_000867.txt,35,70,12,0.025693,True
ws_000868.txt,34,68,12,0.025551,True
ws_000869.txt,32,64,11,0.022468,True
ws_000870.txt,20,40,7,0.004925,True
ws_000871.txt,18,36,7,0.004201,True
ws_000872.txt,35,70,12,0.026773,True
ws_000873.txt,28,56,10,0.016923,True
ws_000874.txt,32,64,11,0.026158,True
ws_000875.txt,18,36,6,0.00385,True
ws_000876.txt,21,42,8,0.005254,True
ws_000877.txt,21,42,8,0.006456,True
ws_000878.txt,32,64,11,0.022853,True
ws_000879.txt,25,50,9,0.012997,True
ws_000880.txt,16,32,6,0.003379,True
ws_000881.txt,31,62,10,0.01956,True
ws_000882.txt,16,32,6,0.003946,True
ws_000883.txt,15,30,5,0.002664,True
ws_000884.txt,17,34,6,0.003818,True
ws_000885.txt,20,40,7,0.005638,True
ws_000886.txt,15,30,5,0.002867,True
ws_000887.txt,35,70,12,0.026265,True
ws_000888.txt,15,30,5,0.003328,True
ws_000889.txt,33,66,11,0.024281,True
ws_000890.txt,34,68,12,0.024794,True
ws_000891.txt,32,64,11,0.02532,True
ws_000892.txt,23,46,8,0.009974,True
ws_000893.txt,20,40,7,0.005102,True
ws_000894.txt,27,54,10,0.016147,True
ws_000895.txt,31,62,10,0.020758,True
ws_000896.txt,24,48,8,0.011303,True
ws_000897.txt,31,62,11,0.019991,True
ws_000898.txt,21,42,8,0.005909,True
ws_000899.txt,19,38,6,0.004651,True
ws_000900.txt,25,50,9,0.013235,True
ws_000901.txt,25,50,9,0.013153,True
ws_000902.txt,30,60,11,0.021135,True
ws_000903.txt,34,68,12,0.025128,True
ws_000904.txt,31,62,10,0.020604,True
ws_000905.txt,35,70,12,0.026047,True
ws_000906.txt,23,46,8,0.01111,True
ws_000907.txt,32,64,11,0.022083,True
ws_000908.txt,25,50,10,0.014993,True
ws_000909.txt,20,40,7,0.005541,True
ws_000910.txt,16,32,6,0.003724,True
ws_000911.txt,32,64,11,0.022417,True
ws_000912.txt,23,46,8,0.011364,True
ws_000913.txt,29,58,9,0.018576,True
ws_000914.txt,21,42,8,0.005937,True
ws_000915.txt,35,70,10,0.024011,True
ws_000916.txt,27,54,9,0.015924,True
ws_000917.txt,26,52,9,0.014124,True
ws_000918.txt,15,30,5,0.00287,True
ws_000919.txt,18,36,6,0.003908,True
ws_000920.txt,27,54,9,0.016271,True
ws_000921.txt,29,58,10,0.018262,True
ws_000922.txt,33,66,11,0.026463,True
ws_000923.txt,21,42,8,0.005681,True
ws_000924.txt,16,32,6,0.003237,True
ws_000925.txt,33,66,12,0.027965,True
ws_000926.txt,35,70,12,0.027262,True
ws_000927.txt,15,30,5,0.003246,True
ws_000928.txt,20,40,7,0.005353,True
ws_000929.txt,33,66,11,0.02448,True
ws_000930.txt,31,62,10,0.02044,True
ws_000931.txt,15,30,6,0.003396,True
ws_000932.txt,18,36,7,0.004346,True
ws_000933.txt,29,58,10,0.018672,True
ws_000934.txt,21,42,7,0.006707,True
ws_000935.txt,25,50,9,0.013396,True
ws_000936.txt,31,62,10,0.021106,True
ws_000937.txt,19,38,7,0.005002,True
ws_000938.txt,20,40,7,0.005249,True
ws_000939.txt,31,62,11,0.01993,True
ws_000940.txt,33,66,11,0.027299,True
ws_000941.txt,28,56,9,0.018432,True
ws_000942.txt,24,48,8,0.011552,True
ws_000943.txt,24,48,9,0.013909,True
ws_000944.txt,25,50,8,0.013768,True
ws_000945.txt,20,40,8,0.005869,True
ws_000946.txt,23,46,7,0.011802,True
ws_000947.txt,30,60,10,0.026749,True
ws_000948.txt,16,32,6,0.003436,True
ws_000949.txt,35,70,12,0.02825,True
ws_000950.txt,28,56,9,0.015484,True
ws_000951.txt,29,58,10,0.020399,True
ws_000952.txt,25,50,8,0.013401,True
ws_000953.txt,30,60,10,0.020915,True
ws_000954.txt,15,30,6,0.003481,True
ws_000955.txt,27,54,10,0.016844,True
ws_000956.txt,17,34,5,0.004051,True
ws_000957.txt,26,52,9,0.015161,True
ws_000958.txt,30,60,11,0.019949,True
ws_000959.txt,22,44,8,0.010759,True
ws_000960.txt,28,56,10,0.017414,True
ws_000961.txt,16,32,6,0.003636,True
ws_000962.txt,19,38,7,0.005173,True
ws_000963.txt,19,38,7,0.004988,True
ws_000964.txt,22,44,8,0.005905,True
ws_000965.txt,23,46,8,0.010733,True
ws_000966.txt,23,46,8,0.010146,True
ws_000967.txt,15,30,5,0.002795,True
ws_000968.txt,25,50,9,0.014611,True
ws_000969.txt,35,70,12,0.025712,True
ws_000970.txt,21,42,7,0.005495,True
ws_000971.txt,26,52,9,0.013232,True
ws_000972.txt,22,44,7,0.00877,True
ws_000973.txt,31,62,11,0.021299,True
ws_000974.txt,27,54,9,0.015366,True
ws_000975.txt,32,64,11,0.036532,True
ws_000976.txt,29,58,10,0.01856,True
ws_000977.txt,28,56,10,0.01802,True
ws_000978.txt,25,50,9,0.01266,True
ws_000979.txt,24,48,8,0.012593,True
ws_000980.txt,35,70,13,0.028284,True
ws_000981.txt,33,66,11,0.02409,True
ws_000982.txt,22,44,8,0.011877,True
ws_000983.txt,27,54,10,0.017985,True
ws_000984.txt,29,58,10,0.018162,True
ws_000985.txt,24,48,9,0.012267,True
ws_000986.txt,22,44,8,0.010277,True
ws_000987.txt,27,54,9,0.015305,True
ws_000988.txt,33,66,11,0.024867,True
ws_000989.txt,27,54,9,0.014175,True
ws_000990.txt,24,48,9,0.012108,True
ws_000991.txt,23,46,8,0.010371,True
ws_000992.txt,22,44,8,0.010179,True
ws_000993.txt,23,46,8,0.012254,True
ws_000994.txt,24,48,8,0.014528,True
ws_000995.txt,31,62,10,0.020935,True
ws_000996.txt,27,54,9,0.018062,True
ws_000997.txt,20,40,7,0.004938,True
ws_000998.txt,17,34,6,0.003756,True
ws_000999.txt,17,34,6,0.003675,True
ws_001000.txt,26,52,9,0.016008,True
ws_001001.txt,19,38,7,0.004725,True
ws_001002.txt,32,64,11,0.022618,True
ws_001003.txt,34,68,12,0.027286,True
ws_001004.txt,16,32,6,0.003172,True
ws_001005.txt,21,42,7,0.005899,True
ws_001006.txt,20,40,7,0.005883,True
ws_001007.txt,20,40,7,0.004856,True
ws_001008.txt,26,52,8,0.012281,True
ws_001009.txt,21,42,7,0.005253,True
ws_001010.txt,26,52,9,0.014192,True
ws_001011.txt,21,42,7,0.005377,True
ws_001012.txt,17,34,6,0.003559,True
ws_001013.txt,15,30,5,0.003119,True
ws_001014.txt,21,42,7,0.005783,True
ws_001015.txt,26,52,9,0.016284,True
ws_001016.txt,30,60,10,0.021043,True
ws_001017.txt,23,46,8,0.010899,True
ws_001018.txt,33,66,11,0.02295,True
ws_001019.txt,32,64,11,0.021399,True
ws_001020.txt,22,44,8,0.010379,True
ws_001021.txt,23,46,8,0.010609,True
ws_001022.txt,22,44,8,0.005865,True
ws_001023.txt,15,30,5,0.002652,True
ws_001024.txt,31,62,10,0.022108,True
ws_001025.txt,34,68,11,0.03114,True
ws_001026.txt,21,42,7,0.006818,True
ws_001027.txt,15,30,5,0.003094,True
ws_001028.txt,27,54,10,0.017412,True
ws_001029.txt,20,40,6,0.005648,True
ws_001030.txt,16,32,6,0.003498,True
ws_001031.txt,34,68,12,0.02404,True
ws_001032.txt,24,48,9,0.013407,True
ws_001033.txt,18,36,6,0.004508,True
ws_001034.txt,18,36,7,0.004452,True
ws_001035.txt,33,66,12,0.024632,True
ws_001036.txt,18,36,6,0.004178,True
ws_001037.txt,15,30,6,0.002768,True
ws_001038.txt,26,52,9,0.014497,True
ws_001039.txt,15,30,5,0.003092,True
ws_001040.txt,15,30,6,0.004007,True
ws_001041.txt,29,58,10,0.017918,True
ws_001042.txt,33,66,11,0.026002,True
ws_001043.txt,27,54,9,0.017335,True
ws_001044.txt,17,34,6,0.003589,True
ws_001045.txt,34,68,11,0.024176,True
ws_001046.txt,20,40,7,0.006697,True
ws_001047.txt,28,56,10,0.019801,True
ws_001048.txt,28,56,10,0.01709,True
ws_001049.txt,18,36,7,0.004198,True
ws_001050.txt,17,34,6,0.004161,True
ws_001051.txt,18,36,7,0.004253,True
ws_001052.txt,19,38,6,0.004937,True
ws_001053.txt,27,54,10,0.016414,True
ws_001054.txt,25,50,9,0.014571,True
ws_001055.txt,29,58,10,0.016255,True
ws_001056.txt,25,50,9,0.014415,True
ws_001057.txt,21,42,7,0.005248,True
ws_001058.txt,19,38,6,0.00447,True
ws_001059.txt,16,32,6,0.003649,True
ws_001060.txt,22,44,8,0.010306,True
ws_001061.txt,18,36,6,0.003807,True
ws_001062.txt,31,62,11,0.021836,True
ws_001063.txt,27,54,10,0.015168,True
ws_001064.txt,31,62,11,0.022106,True
ws_001065.txt,15,30,6,0.003671,True
ws_001066.txt,16,32,5,0.003498,True
ws_001067.txt,21,42,7,0.005957,True
ws_001068.txt,21,42,7,0.005902,True
ws_001069.txt,35,70,12,0.026305,True
ws_001070.txt,16,32,6,0.003603,True
ws_001071.txt,28,56,10,0.019261,True
ws_001072.txt,23,46,8,0.014978,True
ws_001073.txt,27,54,9,0.015203,True
ws_001074.txt,16,32,5,0.003708,True
ws_001075.txt,16,32,6,0.003457,True
ws_001076.txt,23,46,8,0.010301,True
ws_001077.txt,26,52,9,0.013899,True
ws_001078.txt,30,60,11,0.021286,True
ws_001079.txt,30,60,10,0.020641,True
ws_001080.txt,23,46,8,0.011103,True
ws_001081.txt,19,38,7,0.0045,True
ws_001082.txt,32,64,10,0.021808,True
ws_001083.txt,24,48,9,0.013402,True
ws_001084.txt,23,46,8,0.010689,True
ws_001085.txt,23,46,8,0.012178,True
ws_001086.txt,21,42,7,0.006554,True
ws_001087.txt,19,38,7,0.004623,True
ws_001088.txt,23,46,9,0.013425,True
ws_001089.txt,25,50,9,0.014193,True
ws_001090.txt,34,68,12,0.024123,True
ws_001091.txt,33,66,12,0.022835,True
ws_001092.txt,32,64,10,0.034334,True
ws_001093.txt,32,64,11,0.030709,True
ws_001094.txt,32,64,11,0.023778,True
ws_001095.txt,18,36,7,0.004808,True
ws_001096.txt,26,52,9,0.015636,True
ws_001097.txt,26,52,9,0.01417,True
ws_001098.txt,34,68,12,0.023778,True
ws_001099.txt,35,70,12,0.038152,True
ws_001100.txt,15,30,6,0.005277,True
ws_001101.txt,27,54,9,0.016031,True
ws_001102.txt,33,66,11,0.023043,True
ws_001103.txt,29,58,10,0.017234,True
ws_001104.txt,31,62,10,0.028855,True
ws_001105.txt,32,64,11,0.032649,True
ws_001106.txt,31,62,10,0.021067,True
ws_001107.txt,33,66,12,0.025188,True
ws_001108.txt,20,40,7,0.005194,True
ws_001109.txt,33,66,12,0.02597,True
ws_001110.txt,23,46,8,0.010574,True
ws_001111.txt,29,58,10,0.018872,True
ws_001112.txt,20,40,7,0.004927,True
ws_001113.txt,35,70,12,0.028056,True
ws_001114.txt,23,46,8,0.012084,True
ws_001115.txt,34,68,11,0.02599,True
ws_001116.txt,20,40,7,0.005508,True
ws_001117.txt,30,60,11,0.020334,True
ws_001118.txt,15,30,5,0.002891,True
ws_001119.txt,16,32,6,0.003339,True
ws_001120.txt,35,70,12,0.030971,True
ws_001121.txt,28,56,10,0.016673,True
ws_001122.txt,34,68,12,0.025462,True
ws_001123.txt,19,38,7,0.005176,True
ws_001124.txt,23,46,8,0.011245,True
ws_001125.txt,21,42,7,0.006684,True
ws_001126.txt,21,42,7,0.005992,True
ws_001127.txt,17,34,6,0.004128,True
ws_001128.txt,27,54,9,0.016815,True
ws_001129.txt,17,34,6,0.003916,True
ws_001130.txt,33,66,12,0.024953,True
ws_001131.txt,20,40,7,0.005592,True
ws_001132.txt,16,32,6,0.003725,True
ws_001133.txt,27,54,10,0.017053,True
ws_001134.txt,28,56,10,0.01755,True
ws_001135.txt,21,42,7,0.005916,True
ws_001136.txt,15,30,5,0.002565,True
ws_001137.txt,25,50,9,0.014955,True
ws_001138.txt,28,56,10,0.018309,True
ws_001139.txt,28,56,10,0.017303,True
ws_001140.txt,27,54,9,0.017703,True
ws_001141.txt,18,36,6,0.00422,True
ws_001142.txt,35,70,11,0.032963,True
ws_001143.txt,24,48,7,0.011933,True
ws_001144.txt,35,70,12,0.029014,True
ws_001145.txt,30,60,10,0.01945,True
ws_001146.txt,25,50,9,0.012522,True
ws_001147.txt,31,62,11,0.021577,True
ws_001148.txt,26,52,9,0.01532,True
ws_001149.txt,16,32,5,0.003354,True
ws_001150.txt,21,42,7,0.005948,True
ws_001151.txt,24,48,9,0.013257,True
ws_001152.txt,34,68,10,0.020886,True
ws_001153.txt,17,34,6,0.004284,True
ws_001154.txt,18,36,6,0.00432,True
ws_001155.txt,34,68,11,0.028308,True
ws_001156.txt,34,68,11,0.024386,True
ws_001157.txt,20,40,7,0.006225,True
ws_001158.txt,20,40,7,0.005929,True
ws_001159.txt,29,58,10,0.021785,True
ws_001160.txt,30,60,11,0.021861,True
ws_001161.txt,20,40,8,0.006047,True
ws_001162.txt,27,54,9,0.0146,True
ws_001163.txt,30,60,10,0.018272,True
ws_001164.txt,28,56,9,0.020207,True
ws_001165.txt,21,42,7,0.007797,True
ws_001166.txt,26,52,9,0.012759,True
ws_001167.txt,18,36,7,0.004095,True
ws_001168.txt,17,34,6,0.003487,True
ws_001169.txt,23,46,8,0.010057,True
ws_001170.txt,32,64,12,0.024579,True
ws_001171.txt,34,68,12,0.023754,True
ws_001172.txt,30,60,10,0.022011,True
ws_001173.txt,32,64,11,0.021324,True
ws_001174.txt,15,30,6,0.003291,True
ws_001175.txt,34,68,12,0.025075,True
ws_001176.txt,20,40,8,0.005945,True
ws_001177.txt,15,30,5,0.0032,True
ws_001178.txt,31,62,11,0.022344,True
ws_001179.txt,16,32,6,0.003552,True
ws_001180.txt,33,66,12,0.024322,True
ws_001181.txt,23,46,8,0.009825,True
ws_001182.txt,19,38,7,0.004966,True
ws_001183.txt,24,48,9,0.014106,True
ws_001184.txt,24,48,8,0.015176,True
ws_001185.txt,18,36,7,0.004552,True
ws_001186.txt,17,34,6,0.003882,True
ws_001187.txt,35,70,12,0.028768,True
ws_001188.txt,21,42,7,0.006169,True
ws_001189.txt,34,68,12,0.026219,True
ws_001190.txt,28,56,10,0.015907,True
ws_001191.txt,30,60,10,0.022331,True
ws_001192.txt,33,66,11,0.022387,True
ws_001193.txt,26,52,10,0.017746,True
ws_001194.txt,31,62,10,0.021716,True
ws_001195.txt,32,64,11,0.021299,True
ws_001196.txt,32,64,11,0.021553,True
ws_001197.txt,15,30,5,0.002645,True
ws_001198.txt,34,68,12,0.026518,True
ws_001199.txt,32,64,11,0.022484,True
ws_001200.txt,15,30,5,0.003424,True
ws_001201.txt,33,66,11,0.023711,True
ws_001202.txt,25,50,8,0.012461,True
ws_001203.txt,28,56,10,0.018311,True
ws_001204.txt,28,56,10,0.016853,True
ws_001205.txt,24,48,9,0.011552,True
ws_001206.txt,17,34,7,0.004547,True
ws_001207.txt,17,34,6,0.004335,True
ws_001208.txt,29,58,10,0.019066,True
ws_001209.txt,24,48,8,0.012394,True
ws_001210.txt,30,60,10,0.021804,True
ws_001211.txt,28,56,9,0.019479,True
ws_001212.txt,18,36,7,0.005261,True
ws_001213.txt,18,36,6,0.005407,True
ws_001214.txt,19,38,7,0.004817,True
ws_001215.txt,30,60,10,0.021705,True
ws_001216.txt,17,34,6,0.004259,True
ws_001217.txt,30,60,10,0.020907,True
ws_001218.txt,30,60,10,0.019598,True
ws_001219.txt,18,36,7,0.004733,True
ws_001220.txt,29,58,10,0.018877,True
ws_001221.txt,27,54,10,0.016671,True
ws_001222.txt,16,32,6,0.003265,True
ws_001223.txt,32,64,11,0.024569,True
ws_001224.txt,22,44,8,0.009794,True
ws_001225.txt,19,38,6,0.004338,True
ws_001226.txt,25,50,9,0.014094,True
ws_001227.txt,25,50,9,0.014094,True
ws_001228.txt,17,34,6,0.003542,True
ws_001229.txt,27,54,9,0.016453,True
ws_001230.txt,19,38,7,0.005039,True
ws_001231.txt,30,60,10,0.021574,True
ws_001232.txt,30,60,11,0.020852,True
ws_001233.txt,21,42,7,0.007039,True
ws_001234.txt,19,38,7,0.005001,True
ws_001235.txt,31,62,10,0.021042,True
ws_001236.txt,18,36,6,0.004149,True
ws_001237.txt,24,48,9,0.01324,True
ws_001238.txt,27,54,10,0.017195,True
ws_001239.txt,18,36,7,0.004268,True
ws_001240.txt,30,60,11,0.022443,True
ws_001241.txt,35,70,12,0.030116,True
ws_001242.txt,33,66,11,0.020611,True
ws_001243.txt,15,30,6,0.002829,True
ws_001244.txt,16,32,6,0.003751,True
ws_001245.txt,30,60,10,0.021491,True
ws_001246.txt,21,42,7,0.007007,True
ws_001247.txt,29,58,10,0.017269,True
ws_001248.txt,30,60,10,0.019433,True
ws_001249.txt,33,66,11,0.022776,True
ws_001250.txt,17,34,6,0.003772,True
ws_001251.txt,16,32,6,0.003663,True
ws_001252.txt,22,44,7,0.009421,True
ws_001253.txt,26,52,8,0.015039,True
ws_001254.txt,35,70,11,0.026337,True
ws_001255.txt,25,50,9,0.013985,True
ws_001256.txt,32,64,10,0.023348,True
ws_001257.txt,20,40,7,0.006045,True
ws_001258.txt,19,38,7,0.005145,True
ws_001259.txt,32,64,11,0.022946,True
ws_001260.txt,29,58,10,0.019757,True
ws_001261.txt,16,32,6,0.003368,True
ws_001262.txt,35,70,12,0.027479,True
ws_001263.txt,33,66,10,0.02061,True
ws_001264.txt,24,48,8,0.010428,True
ws_001265.txt,31,62,10,0.021977,True
ws_001266.txt,18,36,7,0.004811,True
ws_001267.txt,34,68,12,0.024996,True
ws_001268.txt,22,44,8,0.010653,True
ws_001269.txt,34,68,11,0.022685,True
ws_001270.txt,32,64,11,0.02598,True
ws_001271.txt,32,64,11,0.02104,True
ws_001272.txt,19,38,6,0.004709,True
ws_001273.txt,33,66,12,0.021429,True
ws_001274.txt,20,40,7,0.005492,True
ws_001275.txt,23,46,8,0.010426,True
ws_001276.txt,27,54,9,0.015788,True
ws_001277.txt,21,42,7,0.005382,True
ws_001278.txt,33,66,11,0.025348,True
ws_001279.txt,32,64,11,0.022465,True
ws_001280.txt,27,54,9,0.014016,True
ws_001281.txt,30,60,10,0.021073,True
ws_001282.txt,31,62,11,0.022819,True
ws_001283.txt,30,60,11,0.021006,True
ws_001284.txt,17,34,6,0.00425,True
ws_001285.txt,27,54,9,0.015063,True
ws_001286.txt,17,34,7,0.004096,True
ws_001287.txt,33,66,11,0.023104,True
ws_001288.txt,33,66,11,0.022733,True
ws_001289.txt,34,68,12,0.026432,True
ws_001290.txt,34,68,12,0.025734,True
ws_001291.txt,22,44,8,0.009902,True
ws_001292.txt,18,36,6,0.0041,True
ws_001293.txt,32,64,11,0.024215,True
ws_001294.txt,19,38,7,0.00416,True
ws_001295.txt,20,40,7,0.004941,True
ws_001296.txt,35,70,12,0.029283,True
ws_001297.txt,15,30,6,0.003264,True
ws_001298.txt,23,46,9,0.011207,True
ws_001299.txt,26,52,9,0.014329,True
ws_001300.txt,22,44,8,0.010605,True
ws_001301.txt,23,46,9,0.011074,True
ws_001302.txt,19,38,7,0.005238,True
ws_001303.txt,18,36,6,0.004341,True
ws_001304.txt,35,70,12,0.030467,True
ws_001305.txt,16,32,6,0.003658,True
ws_001306.txt,21,42,8,0.006016,True
ws_001307.txt,26,52,9,0.016001,True
ws_001308.txt,21,42,8,0.006176,True
ws_001309.txt,35,70,13,0.027896,True
ws_001310.txt,28,56,10,0.016816,True
ws_001311.txt,17,34,6,0.003847,True
ws_001312.txt,31,62,11,0.019205,True
ws_001313.txt,15,30,5,0.002699,True
ws_001314.txt,23,46,8,0.013327,True
ws_001315.txt,24,48,9,0.012091,True
ws_001316.txt,31,62,10,0.019784,True
ws_001317.txt,18,36,6,0.004318,True
ws_001318.txt,23,46,9,0.01139,True
ws_001319.txt,31,62,10,0.022182,True
ws_001320.txt,18,36,6,0.00422,True
ws_001321.txt,18,36,7,0.004697,True
ws_001322.txt,16,32,6,0.003754,True
ws_001323.txt,24,48,8,0.010624,True
ws_001324.txt,30,60,11,0.019614,True
ws_001325.txt,34,68,11,0.022443,True
ws_001326.txt,31,62,11,0.024011,True
ws_001327.txt,28,56,10,0.016843,True
ws_001328.txt,32,64,11,0.025204,True
ws_001329.txt,35,70,12,0.026278,True
ws_001330.txt,34,68,11,0.024856,True
ws_001331.txt,28,56,10,0.019964,True
ws_001332.txt,15,30,5,0.002804,True
ws_001333.txt,20,40,7,0.005505,True
ws_001334.txt,16,32,5,0.003247,True
ws_001335.txt,35,70,12,0.026488,True
ws_001336.txt,27,54,10,0.016018,True
ws_001337.txt,34,68,12,0.023316,True
ws_001338.txt,19,38,7,0.004535,True
ws_001339.txt,17,34,7,0.004177,True
ws_001340.txt,25,50,8,0.01124,True
ws_001341.txt,20,40,7,0.005421,True
ws_001342.txt,22,44,7,0.009868,True
ws_001343.txt,17,34,5,0.004664,True
ws_001344.txt,34,68,12,0.025786,True
ws_001345.txt,31,62,10,0.017961,True
ws_001346.txt,28,56,9,0.015899,True
ws_001347.txt,21,42,7,0.005506,True
ws_001348.txt,23,46,9,0.011101,True
ws_001349.txt,31,62,10,0.020299,True
ws_001350.txt,18,36,6,0.004448,True
ws_001351.txt,17,34,6,0.004011,True
ws_001352.txt,22,44,8,0.009839,True
ws_001353.txt,23,46,8,0.009738,True
ws_001354.txt,31,62,10,0.019445,True
ws_001355.txt,15,30,5,0.003661,True
ws_001356.txt,17,34,5,0.003107,True
ws_001357.txt,22,44,8,0.010854,True
ws_001358.txt,26,52,8,0.012699,True
ws_001359.txt,23,46,8,0.011124,True
ws_001360.txt,19,38,7,0.004764,True
ws_001361.txt,21,42,8,0.006036,True
ws_001362.txt,33,66,12,0.026349,True
ws_001363.txt,28,56,10,0.017525,True
ws_001364.txt,28,56,10,0.016612,True
ws_001365.txt,26,52,8,0.013684,True
ws_001366.txt,33,66,11,0.024588,True
ws_001367.txt,25,50,9,0.012994,True
ws_001368.txt,22,44,8,0.010163,True
ws_001369.txt,35,70,11,0.024782,True
ws_001370.txt,27,54,9,0.015893,True
ws_001371.txt,23,46,8,0.010443,True
ws_001372.txt,33,66,12,0.024178,True
ws_001373.txt,20,40,7,0.006895,True
ws_001374.txt,32,64,11,0.026721,True
ws_001375.txt,26,52,10,0.015423,True
ws_001376.txt,29,58,10,0.019588,True
ws_001377.txt,18,36,7,0.004596,True
ws_001378.txt,15,30,5,0.002607,True
ws_001379.txt,28,56,10,0.017958,True
ws_001380.txt,19,38,6,0.005908,True
ws_001381.txt,22,44,7,0.014263,True
ws_001382.txt,15,30,6,0.00358,True
ws_001383.txt,26,52,8,0.014931,True
ws_001384.txt,18,36,6,0.00433,True
ws_001385.txt,17,34,6,0.004117,True
ws_001386.txt,32,64,11,0.022637,True
ws_001387.txt,25,50,9,0.015446,True
ws_001388.txt,21,42,7,0.00592,True
ws_001389.txt,15,30,5,0.003259,True
ws_001390.txt,35,70,12,0.02761,True
ws_001391.txt,16,32,6,0.003622,True
ws_001392.txt,34,68,12,0.026757,True
ws_001393.txt,21,42,7,0.005945,True
ws_001394.txt,27,54,9,0.01639,True
ws_001395.txt,26,52,9,0.016364,True
ws_001396.txt,15,30,5,0.00349,True
ws_001397.txt,24,48,8,0.016082,True
ws_001398.txt,23,46,8,0.01096,True
ws_001399.txt,26,52,8,0.018291,True
ws_001400.txt,35,70,12,0.025624,True
ws_001401.txt,26,52,9,0.015878,True
ws_001402.txt,33,66,11,0.025505,True
ws_001403.txt,34,68,12,0.027068,True
ws_001404.txt,24,48,9,0.011618,True
ws_001405.txt,21,42,7,0.005904,True
ws_001406.txt,28,56,9,0.021458,True
ws_001407.txt,34,68,12,0.025824,True
ws_001408.txt,16,32,6,0.003605,True
ws_001409.txt,23,46,8,0.010875,True
ws_001410.txt,30,60,11,0.021949,True
ws_001411.txt,29,58,11,0.019124,True
ws_001412.txt,17,34,6,0.003779,True
ws_001413.txt,23,46,8,0.011454,True
ws_001414.txt,32,64,11,0.021152,True
ws_001415.txt,23,46,8,0.011084,True
ws_001416.txt,16,32,6,0.003561,True
ws_001417.txt,35,70,12,0.02436,True
ws_001418.txt,31,62,11,0.024173,True
ws_001419.txt,15,30,5,0.00271,True
ws_001420.txt,24,48,8,0.010562,True
ws_001421.txt,31,62,11,0.024608,True
ws_001422.txt,20,40,7,0.005607,True
ws_001423.txt,21,42,7,0.005474,True
ws_001424.txt,15,30,5,0.002848,True
ws_001425.txt,33,66,11,0.021951,True
ws_001426.txt,29,58,10,0.017029,True
ws_001427.txt,30,60,11,0.021805,True
ws_001428.txt,26,52,9,0.014925,True
ws_001429.txt,25,50,9,0.014077,True
ws_001430.txt,22,44,8,0.010346,True
ws_001431.txt,34,68,11,0.02143,True
ws_001432.txt,30,60,11,0.019102,True
ws_001433.txt,28,56,9,0.018516,True
ws_001434.txt,33,66,12,0.025544,True
ws_001435.txt,17,34,6,0.004102,True
ws_001436.txt,34,68,12,0.026854,True
ws_001437.txt,28,56,10,0.0186,True
ws_001438.txt,19,38,7,0.004758,True
ws_001439.txt,16,32,6,0.003928,True
ws_001440.txt,28,56,10,0.017336,True
ws_001441.txt,27,54,10,0.015861,True
ws_001442.txt,24,48,9,0.013378,True
ws_001443.txt,22,44,7,0.009741,True
ws_001444.txt,32,64,12,0.024449,True
ws_001445.txt,35,70,12,0.027292,True
ws_001446.txt,26,52,9,0.016248,True
ws_001447.txt,19,38,7,0.005472,True
ws_001448.txt,28,56,10,0.017764,True
ws_001449.txt,29,58,10,0.019075,True
ws_001450.txt,30,60,10,0.019147,True
ws_001451.txt,15,30,6,0.003206,True
ws_001452.txt,20,40,7,0.005183,True
ws_001453.txt,20,40,7,0.005143,True
ws_001454.txt,31,62,10,0.026372,True
ws_001455.txt,15,30,6,0.003092,True
ws_001456.txt,21,42,8,0.005868,True
ws_001457.txt,22,44,8,0.011038,True
ws_001458.txt,34,68,12,0.026134,True
ws_001459.txt,35,70,12,0.024611,True
ws_001460.txt,29,58,10,0.020669,True
ws_001461.txt,34,68,11,0.02171,True
ws_001462.txt,25,50,9,0.013657,True
ws_001463.txt,23,46,8,0.011482,True
ws_001464.txt,24,48,8,0.012014,True
ws_001465.txt,21,42,8,0.007086,True
ws_001466.txt,26,52,9,0.015856,True
ws_001467.txt,18,36,7,0.004452,True
ws_001468.txt,25,50,9,0.013787,True
ws_001469.txt,33,66,11,0.024299,True
ws_001470.txt,17,34,6,0.003922,True
ws_001471.txt,31,62,11,0.022281,True
ws_001472.txt,17,34,6,0.004103,True
ws_001473.txt,20,40,7,0.005511,True
ws_001474.txt,34,68,12,0.026707,True
ws_001475.txt,15,30,5,0.003585,True
ws_001476.txt,31,62,10,0.019199,True
ws_001477.txt,18,36,7,0.004189,True
ws_001478.txt,25,50,9,0.013347,True
ws_001479.txt,35,70,13,0.027638,True
ws_001480.txt,20,40,8,0.006122,True
ws_001481.txt,30,60,11,0.021579,True
ws_001482.txt,18,36,6,0.004214,True
ws_001483.txt,28,56,9,0.016286,True
ws_001484.txt,35,70,12,0.026253,True
ws_001485.txt,29,58,10,0.018275,True
ws_001486.txt,15,30,6,0.003014,True
ws_001487.txt,18,36,6,0.004368,True
ws_001488.txt,23,46,8,0.011032,True
ws_001489.txt,29,58,10,0.018782,True
ws_001490.txt,27,54,10,0.017951,True
ws_001491.txt,33,66,11,0.022898,True
ws_001492.txt,34,68,12,0.024802,True
ws_001493.txt,29,58,10,0.01761,True
ws_001494.txt,33,66,11,0.02541,True
ws_001495.txt,20,40,7,0.0055,True
ws_001496.txt,19,38,7,0.005096,True
ws_001497.txt,23,46,8,0.010746,True
ws_001498.txt,20,40,7,0.006033,True
ws_001499.txt,34,68,11,0.023345,True
ws_001500.txt,16,32,5,0.00385,True
ws_001501.txt,28,56,9,0.015321,True
ws_001502.txt,34,68,12,0.025071,True
ws_001503.txt,35,70,12,0.02786,True
ws_001504.txt,31,62,11,0.022683,True
ws_001505.txt,29,58,10,0.019197,True
ws_001506.txt,29,58,10,0.018543,True
ws_001507.txt,28,56,9,0.016464,True
ws_001508.txt,27,54,9,0.015066,True
ws_001509.txt,30,60,10,0.021337,True
ws_001510.txt,24,48,8,0.012441,True
ws_001511.txt,35,70,12,0.025276,True
ws_001512.txt,31,62,10,0.020264,True
ws_001513.txt,23,46,8,0.009458,True
ws_001514.txt,33,66,12,0.024614,True
ws_001515.txt,30,60,10,0.021543,True
ws_001516.txt,35,70,12,0.025331,True
ws_001517.txt,26,52,9,0.01582,True
ws_001518.txt,24,48,8,0.013062,True
ws_001519.txt,26,52,9,0.014624,True
ws_001520.txt,32,64,11,0.022537,True
ws_001521.txt,24,48,8,0.010675,True
ws_001522.txt,17,34,6,0.003801,True
ws_001523.txt,25,50,9,0.014753,True
ws_001524.txt,31,62,10,0.016634,True
ws_001525.txt,33,66,10,0.023722,True
ws_001526.txt,31,62,10,0.018851,True
ws_001527.txt,23,46,7,0.009671,True
ws_001528.txt,19,38,6,0.004553,True
ws_001529.txt,16,32,5,0.003115,True
ws_001530.txt,30,60,10,0.020207,True
ws_001531.txt,26,52,9,0.014871,True
ws_001532.txt,34,68,12,0.023932,True
ws_001533.txt,33,66,11,0.024037,True
ws_001534.txt,20,40,7,0.006233,True
ws_001535.txt,17,34,6,0.004207,True
ws_001536.txt,35,70,12,0.028832,True
ws_001537.txt,30,60,10,0.020392,True
ws_001538.txt,23,46,8,0.010065,True
ws_001539.txt,22,44,8,0.010029,True
ws_001540.txt,32,64,11,0.022995,True
ws_001541.txt,34,68,13,0.028285,True
ws_001542.txt,29,58,10,0.01862,True
ws_001543.txt,17,34,6,0.004059,True
ws_001544.txt,16,32,6,0.003628,True
ws_001545.txt,24,48,8,0.012779,True
ws_001546.txt,19,38,7,0.005102,True
ws_001547.txt,18,36,6,0.004111,True
ws_001548.txt,34,68,11,0.024886,True
ws_001549.txt,25,50,8,0.011287,True
ws_001550.txt,25,50,9,0.014909,True
ws_001551.txt,26,52,9,0.014301,True
ws_001552.txt,27,54,10,0.015486,True
ws_001553.txt,35,70,12,0.026445,True
ws_001554.txt,28,56,10,0.015976,True
ws_001555.txt,26,52,9,0.014123,True
ws_001556.txt,32,64,11,0.021782,True
ws_001557.txt,34,68,11,0.023471,True
ws_001558.txt,15,30,6,0.003245,True
ws_001559.txt,33,66,12,0.024691,True
ws_001560.txt,30,60,10,0.020263,True
ws_001561.txt,31,62,11,0.022341,True
ws_001562.txt,21,42,7,0.006094,True
ws_001563.txt,27,54,9,0.013977,True
ws_001564.txt,32,64,10,0.020992,True
ws_001565.txt,28,56,10,0.016791,True
ws_001566.txt,17,34,6,0.004302,True
ws_001567.txt,23,46,8,0.011927,True
ws_001568.txt,29,58,10,0.018949,True
ws_001569.txt,30,60,11,0.019617,True
ws_001570.txt,31,62,11,0.024243,True
ws_001571.txt,33,66,11,0.02255,True
ws_001572.txt,18,36,7,0.004177,True
ws_001573.txt,16,32,6,0.003361,True
ws_001574.txt,21,42,7,0.005842,True
ws_001575.txt,19,38,6,0.004322,True
ws_001576.txt,18,36,6,0.004773,True
ws_001577.txt,19,38,7,0.004216,True
ws_001578.txt,21,42,7,0.00516,True
ws_001579.txt,34,68,12,0.02378,True
ws_001580.txt,27,54,9,0.01633,True
ws_001581.txt,22,44,8,0.010531,True
ws_001582.txt,28,56,10,0.017838,True
ws_001583.txt,18,36,7,0.004511,True
ws_001584.txt,28,56,9,0.015252,True
ws_001585.txt,25,50,9,0.014618,True
ws_001586.txt,28,56,10,0.018121,True
ws_001587.txt,25,50,9,0.014602,True
ws_001588.txt,27,54,10,0.016687,True
ws_001589.txt,35,70,12,0.024795,True
ws_001590.txt,34,68,11,0.024635,True
ws_001591.txt,29,58,11,0.020296,True
ws_001592.txt,16,32,6,0.003508,True
ws_001593.txt,30,60,10,0.023434,True
ws_001594.txt,33,66,11,0.020867,True
ws_001595.txt,21,42,6,0.004734,True
ws_001596.txt,19,38,7,0.004743,True
ws_001597.txt,21,42,8,0.00574,True
ws_001598.txt,16,32,6,0.003187,True
ws_001599.txt,29,58,10,0.02036,True
ws_001600.txt,31,62,11,0.023443,True
ws_001601.txt,32,64,11,0.023337,True
ws_001602.txt,22,44,8,0.009455,True
ws_001603.txt,19,38,7,0.006383,True
ws_001604.txt,31,62,10,0.019681,True
ws_001605.txt,20,40,7,0.006393,True
ws_001606.txt,18,36,6,0.004809,True
ws_001607.txt,25,50,8,0.01277,True
ws_001608.txt,26,52,9,0.015121,True
ws_001609.txt,30,60,10,0.017261,True
ws_001610.txt,28,56,10,0.016631,True
ws_001611.txt,16,32,6,0.003657,True
ws_001612.txt,33,66,11,0.022259,True
ws_001613.txt,31,62,10,0.020105,True
ws_001614.txt,34,68,12,0.026344,True
ws_001615.txt,27,54,9,0.01582,True
ws_001616.txt,21,42,7,0.005369,True
ws_001617.txt,15,30,5,0.002721,True
ws_001618.txt,23,46,8,0.010088,True
ws_001619.txt,28,56,10,0.019394,True
ws_001620.txt,24,48,8,0.010976,True
ws_001621.txt,23,46,7,0.010531,True
ws_001622.txt,34,68,11,0.02624,True
ws_001623.txt,20,40,7,0.005627,True
ws_001624.txt,34,68,12,0.02334,True
ws_001625.txt,24,48,8,0.011584,True
ws_001626.txt,21,42,7,0.005769,True
ws_001627.txt,31,62,11,0.021159,True
ws_001628.txt,19,38,7,0.004807,True
ws_001629.txt,20,40,7,0.006136,True
ws_001630.txt,33,66,11,0.022174,True
ws_001631.txt,29,58,11,0.019045,True
ws_001632.txt,29,58,11,0.018414,True
ws_001633.txt,19,38,7,0.004769,True
ws_001634.txt,35,70,13,0.025823,True
ws_001635.txt,29,58,10,0.017791,True
ws_001636.txt,16,32,6,0.003177,True
ws_001637.txt,34,68,12,0.024867,True
ws_001638.txt,24,48,9,0.013472,True
ws_001639.txt,22,44,8,0.010016,True
ws_001640.txt,31,62,11,0.022928,True
ws_001641.txt,20,40,7,0.00579,True
ws_001642.txt,29,58,10,0.018275,True
ws_001643.txt,25,50,9,0.012828,True
ws_001644.txt,25,50,8,0.013478,True
ws_001645.txt,33,66,12,0.023748,True
ws_001646.txt,17,34,6,0.003638,True
ws_001647.txt,27,54,10,0.017206,True
ws_001648.txt,15,30,5,0.003038,True
ws_001649.txt,28,56,9,0.016353,True
ws_001650.txt,33,66,11,0.022169,True
ws_001651.txt,34,68,12,0.027796,True
ws_001652.txt,24,48,9,0.012398,True
ws_001653.txt,21,42,7,0.005968,True
ws_001654.txt,15,30,6,0.003127,True
ws_001655.txt,31,62,11,0.02756,True
ws_001656.txt,17,34,6,0.004025,True
ws_001657.txt,27,54,9,0.016943,True
ws_001658.txt,16,32,6,0.003534,True
ws_001659.txt,30,60,10,0.021342,True
ws_001660.txt,32,64,11,0.021295,True
ws_001661.txt,15,30,5,0.003261,True
ws_001662.txt,33,66,12,0.024489,True
ws_001663.txt,20,40,7,0.005248,True
ws_001664.txt,28,56,10,0.018316,True
ws_001665.txt,20,40,7,0.004775,True
ws_001666.txt,29,58,9,0.01979,True
ws_001667.txt,33,66,11,0.02615,True
ws_001668.txt,22,44,8,0.011524,True
ws_001669.txt,25,50,8,0.012176,True
ws_001670.txt,21,42,7,0.00624,True
ws_001671.txt,34,68,11,0.022836,True
ws_001672.txt,25,50,8,0.012788,True
ws_001673.txt,34,68,12,0.028383,True
ws_001674.txt,27,54,10,0.017402,True
ws_001675.txt,30,60,10,0.022791,True
ws_001676.txt,18,36,7,0.004464,True
ws_001677.txt,34,68,12,0.026299,True
ws_001678.txt,26,52,9,0.017237,True
ws_001679.txt,26,52,10,0.016041,True
ws_001680.txt,19,38,6,0.00565,True
ws_001681.txt,31,62,10,0.021841,True
ws_001682.txt,23,46,8,0.009917,True
ws_001683.txt,22,44,7,0.009617,True
ws_001684.txt,24,48,9,0.012947,True
ws_001685.txt,34,68,12,0.027225,True
ws_001686.txt,17,34,6,0.004154,True
ws_001687.txt,33,66,11,0.02523,True
ws_001688.txt,35,70,12,0.025878,True
ws_001689.txt,28,56,10,0.017364,True
ws_001690.txt,15,30,5,0.002633,True
ws_001691.txt,26,52,9,0.014897,True
ws_001692.txt,25,50,8,0.013987,True
ws_001693.txt,31,62,11,0.023665,True
ws_001694.txt,22,44,8,0.010977,True
ws_001695.txt,20,40,7,0.005183,True
ws_001696.txt,23,46,8,0.012742,True
ws_001697.txt,30,60,11,0.021364,True
ws_001698.txt,25,50,9,0.014787,True
ws_001699.txt,20,40,7,0.005916,True
ws_001700.txt,21,42,7,0.007276,True
ws_001701.txt,27,54,10,0.017249,True
ws_001702.txt,27,54,10,0.015848,True
ws_001703.txt,19,38,7,0.005319,True
ws_001704.txt,22,44,8,0.010328,True
ws_001705.txt,23,46,8,0.01176,True
ws_001706.txt,21,42,7,0.005571,True
ws_001707.txt,22,44,7,0.009155,True
ws_001708.txt,22,44,8,0.010966,True
ws_001709.txt,28,56,9,0.017689,True
ws_001710.txt,18,36,6,0.003706,True
ws_001711.txt,35,70,12,0.027262,True
ws_001712.txt,25,50,9,0.01255,True
ws_001713.txt,27,54,9,0.015938,True
ws_001714.txt,29,58,10,0.015927,True
ws_001715.txt,33,66,10,0.021903,True
ws_001716.txt,34,68,11,0.024894,True
ws_001717.txt,25,50,9,0.013257,True
ws_001718.txt,35,70,12,0.025523,True
ws_001719.txt,35,70,13,0.026381,True
ws_001720.txt,15,30,5,0.0028,True
ws_001721.txt,32,64,11,0.021212,True
ws_001722.txt,18,36,7,0.004797,True
ws_001723.txt,17,34,6,0.005321,True
ws_001724.txt,15,30,5,0.00283,True
ws_001725.txt,25,50,9,0.013928,True
ws_001726.txt,30,60,11,0.02132,True
ws_001727.txt,21,42,8,0.005521,True
ws_001728.txt,25,50,9,0.012355,True
ws_001729.txt,29,58,11,0.02011,True
ws_001730.txt,20,40,7,0.005189,True
ws_001731.txt,35,70,11,0.035652,True
ws_001732.txt,19,38,6,0.004969,True
ws_001733.txt,25,50,10,0.013357,True
ws_001734.txt,19,38,7,0.005072,True
ws_001735.txt,17,34,6,0.003921,True
ws_001736.txt,31,62,10,0.021352,True
ws_001737.txt,33,66,11,0.021139,True
ws_001738.txt,24,48,9,0.011186,True
ws_001739.txt,32,64,11,0.024821,True
ws_001740.txt,33,66,12,0.028076,True
ws_001741.txt,20,40,7,0.005348,True
ws_001742.txt,23,46,8,0.012314,True
ws_001743.txt,20,40,7,0.006019,True
ws_001744.txt,16,32,6,0.003672,True
ws_001745.txt,27,54,9,0.014766,True
ws_001746.txt,16,32,6,0.003809,True
ws_001747.txt,15,30,5,0.003635,True
ws_001748.txt,32,64,11,0.026282,True
ws_001749.txt,34,68,11,0.023792,True
ws_001750.txt,17,34,6,0.004297,True
ws_001751.txt,27,54,9,0.016573,True
ws_001752.txt,21,42,8,0.00659,True
ws_001753.txt,21,42,8,0.006476,True
ws_001754.txt,18,36,7,0.00441,True
ws_001755.txt,34,68,12,0.027081,True
ws_001756.txt,31,62,11,0.021622,True
ws_001757.txt,29,58,9,0.016006,True
ws_001758.txt,22,44,7,0.005827,True
ws_001759.txt,31,62,10,0.019784,True
ws_001760.txt,17,34,6,0.004006,True
ws_001761.txt,29,58,10,0.01799,True
ws_001762.txt,31,62,10,0.021269,True
ws_001763.txt,27,54,10,0.01578,True
ws_001764.txt,21,42,7,0.005924,True
ws_001765.txt,20,40,6,0.004646,True
ws_001766.txt,18,36,7,0.004628,True
ws_001767.txt,25,50,9,0.01311,True
ws_001768.txt,35,70,12,0.02745,True
ws_001769.txt,25,50,8,0.015553,True
ws_001770.txt,31,62,10,0.022505,True
ws_001771.txt,30,60,10,0.018896,True
ws_001772.txt,19,38,6,0.005813,True
ws_001773.txt,17,34,6,0.003891,True
ws_001774.txt,25,50,9,0.014861,True
ws_001775.txt,21,42,7,0.005589,True
ws_001776.txt,29,58,10,0.017465,True
ws_001777.txt,32,64,11,0.02582,True
ws_001778.txt,34,68,12,0.033705,True
ws_001779.txt,32,64,11,0.025783,True
ws_001780.txt,21,42,7,0.005768,True
ws_001781.txt,28,56,9,0.015588,True
ws_001782.txt,20,40,7,0.005166,True
ws_001783.txt,15,30,5,0.003201,True
ws_001784.txt,21,42,7,0.005829,True
ws_001785.txt,25,50,9,0.0136,True
ws_001786.txt,26,52,9,0.014876,True
ws_001787.txt,30,60,11,0.021137,True
ws_001788.txt,27,54,10,0.017899,True
ws_001789.txt,32,64,11,0.023958,True
ws_001790.txt,29,58,9,0.018629,True
ws_001791.txt,24,48,8,0.011339,True
ws_001792.txt,24,48,8,0.013074,True
ws_001793.txt,30,60,10,0.020552,True
ws_001794.txt,30,60,11,0.021938,True
ws_001795.txt,27,54,9,0.015669,True
ws_001796.txt,32,64,10,0.021338,True
ws_001797.txt,35,70,12,0.024963,True
ws_001798.txt,24,48,9,0.012884,True
ws_001799.txt,32,64,11,0.022543,True
ws_001800.txt,18,36,7,0.004627,True
ws_001801.txt,32,64,11,0.021803,True
ws_001802.txt,18,36,7,0.004791,True
ws_001803.txt,31,62,11,0.019528,True
ws_001804.txt,20,40,7,0.00665,True
ws_001805.txt,29,58,9,0.018329,True
ws_001806.txt,33,66,11,0.022604,True
ws_001807.txt,25,50,9,0.012853,True
ws_001808.txt,25,50,9,0.013356,True
ws_001809.txt,35,70,12,0.028596,True
ws_001810.txt,24,48,8,0.010888,True
ws_001811.txt,35,70,12,0.027425,True
ws_001812.txt,19,38,7,0.004626,True
ws_001813.txt,32,64,11,0.028887,True
ws_001814.txt,35,70,11,0.025754,True
ws_001815.txt,22,44,8,0.010057,True
ws_001816.txt,33,66,12,0.022826,True
ws_001817.txt,20,40,7,0.005181,True
ws_001818.txt,17,34,6,0.003908,True
ws_001819.txt,30,60,10,0.01892,True
ws_001820.txt,28,56,9,0.018443,True
ws_001821.txt,33,66,12,0.024867,True
ws_001822.txt,26,52,9,0.014281,True
ws_001823.txt,26,52,9,0.015725,True
ws_001824.txt,28,56,9,0.015659,True
ws_001825.txt,24,48,8,0.011933,True
ws_001826.txt,24,48,9,0.012334,True
ws_001827.txt,20,40,8,0.005896,True
ws_001828.txt,32,64,10,0.024813,True
ws_001829.txt,29,58,10,0.020018,True
ws_001830.txt,16,32,6,0.003574,True
ws_001831.txt,15,30,6,0.003226,True
ws_001832.txt,17,34,6,0.003518,True
ws_001833.txt,32,64,11,0.024475,True
ws_001834.txt,21,42,7,0.006161,True
ws_001835.txt,22,44,8,0.010666,True
ws_001836.txt,29,58,10,0.020406,True
ws_001837.txt,19,38,6,0.005311,True
ws_001838.txt,16,32,6,0.00338,True
ws_001839.txt,17,34,6,0.003795,True
ws_001840.txt,26,52,8,0.022157,True
ws_001841.txt,15,30,5,0.003112,True
ws_001842.txt,16,32,5,0.003147,True
ws_001843.txt,19,38,6,0.004507,True
ws_001844.txt,17,34,6,0.003803,True
ws_001845.txt,24,48,8,0.011262,True
ws_001846.txt,19,38,6,0.004333,True
ws_001847.txt,30,60,10,0.019521,True
ws_001848.txt,23,46,8,0.009866,True
ws_001849.txt,23,46,8,0.011789,True
ws_001850.txt,15,30,6,0.003129,True
ws_001851.txt,28,56,9,0.017985,True
ws_001852.txt,21,42,7,0.005723,True
ws_001853.txt,18,36,6,0.004441,True
ws_001854.txt,18,36,6,0.003997,True
ws_001855.txt,15,30,5,0.002929,True
ws_001856.txt,33,66,10,0.020667,True
ws_001857.txt,18,36,6,0.004032,True
ws_001858.txt,29,58,10,0.022843,True
ws_001859.txt,18,36,6,0.004046,True
ws_001860.txt,30,60,11,0.022705,True
ws_001861.txt,19,38,6,0.006103,True
ws_001862.txt,28,56,9,0.015687,True
ws_001863.txt,25,50,9,0.013388,True
ws_001864.txt,15,30,5,0.002828,True
ws_001865.txt,33,66,12,0.024958,True
ws_001866.txt,22,44,8,0.010033,True
ws_001867.txt,22,44,8,0.01043,True
ws_001868.txt,15,30,5,0.00307,True
ws_001869.txt,19,38,7,0.004612,True
ws_001870.txt,17,34,6,0.004131,True
ws_001871.txt,18,36,7,0.004549,True
ws_001872.txt,20,40,7,0.005228,True
ws_001873.txt,19,38,7,0.005282,True
ws_001874.txt,20,40,7,0.005863,True
ws_001875.txt,32,64,11,0.026704,True
ws_001876.txt,28,56,10,0.016986,True
ws_001877.txt,21,42,8,0.006092,True
ws_001878.txt,20,40,7,0.005269,True
ws_001879.txt,29,58,10,0.018973,True
ws_001880.txt,35,70,12,0.030821,True
ws_001881.txt,17,34,6,0.004168,True
ws_001882.txt,21,42,8,0.005883,True
ws_001883.txt,31,62,11,0.022206,True
ws_001884.txt,27,54,10,0.015341,True
ws_001885.txt,24,48,9,0.012454,True
ws_001886.txt,26,52,9,0.015508,True
ws_001887.txt,23,46,8,0.009894,True
ws_001888.txt,19,38,7,0.004459,True
ws_001889.txt,35,70,11,0.023375,True
ws_001890.txt,24,48,9,0.011349,True
ws_001891.txt,29,58,10,0.020587,True
ws_001892.txt,28,56,10,0.01641,True
ws_001893.txt,26,52,9,0.014048,True
ws_001894.txt,29,58,10,0.019218,True
ws_001895.txt,16,32,6,0.003535,True
ws_001896.txt,32,64,11,0.022935,True
ws_001897.txt,25,50,8,0.013148,True
ws_001898.txt,21,42,7,0.00606,True
ws_001899.txt,28,56,10,0.017263,True
ws_001900.txt,30,60,11,0.021052,True
ws_001901.txt,15,30,6,0.002965,True
ws_001902.txt,32,64,11,0.022841,True
ws_001903.txt,34,68,12,0.024876,True
ws_001904.txt,27,54,9,0.014484,True
ws_001905.txt,18,36,6,0.004488,True
ws_001906.txt,33,66,11,0.022741,True
ws_001907.txt,28,56,9,0.015615,True
ws_001908.txt,30,60,10,0.019896,True
ws_001909.txt,15,30,6,0.002999,True
ws_001910.txt,17,34,6,0.003483,True
ws_001911.txt,29,58,9,0.018104,True
ws_001912.txt,31,62,11,0.022255,True
ws_001913.txt,30,60,10,0.020213,True
ws_001914.txt,29,58,10,0.019449,True
ws_001915.txt,29,58,8,0.018136,True
ws_001916.txt,30,60,11,0.021289,True
ws_001917.txt,29,58,10,0.017823,True
ws_001918.txt,25,50,9,0.014507,True
ws_001919.txt,32,64,11,0.023343,True
ws_001920.txt,27,54,9,0.013507,True
ws_001921.txt,26,52,10,0.014824,True
ws_001922.txt,26,52,8,0.017003,True
ws_001923.txt,24,48,7,0.011007,True
ws_001924.txt,32,64,11,0.021677,True
ws_001925.txt,27,54,9,0.020925,True
ws_001926.txt,24,48,8,0.010602,True
ws_001927.txt,22,44,8,0.010722,True
ws_001928.txt,18,36,6,0.004398,True
ws_001929.txt,17,34,6,0.003907,True
ws_001930.txt,35,70,12,0.026039,True
ws_001931.txt,33,66,12,0.027048,True
ws_001932.txt,24,48,8,0.016484,True
ws_001933.txt,23,46,8,0.010786,True
ws_001934.txt,16,32,6,0.0035,True
ws_001935.txt,26,52,8,0.014663,True
ws_001936.txt,16,32,6,0.003841,True
ws_001937.txt,23,46,8,0.010848,True
ws_001938.txt,32,64,11,0.022766,True
ws_001939.txt,19,38,7,0.004974,True
ws_001940.txt,26,52,8,0.013658,True
ws_001941.txt,22,44,8,0.011726,True
ws_001942.txt,30,60,10,0.020079,True
ws_001943.txt,16,32,6,0.003176,True
ws_001944.txt,16,32,5,0.00359,True
ws_001945.txt,31,62,10,0.019488,True
ws_001946.txt,21,42,8,0.006411,True
ws_001947.txt,17,34,6,0.003896,True
ws_001948.txt,31,62,11,0.02187,True
ws_001949.txt,33,66,12,0.02463,True
ws_001950.txt,16,32,6,0.003447,True
ws_001951.txt,26,52,9,0.014745,True
ws_001952.txt,18,36,7,0.004855,True
ws_001953.txt,35,70,12,0.027065,True
ws_001954.txt,24,48,8,0.012663,True
ws_001955.txt,26,52,8,0.013971,True
ws_001956.txt,21,42,7,0.005831,True
ws_001957.txt,24,48,8,0.014322,True
ws_001958.txt,15,30,6,0.003395,True
ws_001959.txt,29,58,10,0.01827,True
ws_001960.txt,35,70,11,0.0256,True
ws_001961.txt,23,46,8,0.011041,True
ws_001962.txt,23,46,9,0.012145,True
ws_001963.txt,23,46,7,0.009974,True
ws_001964.txt,29,58,10,0.016487,True
ws_001965.txt,20,40,7,0.005561,True
ws_001966.txt,35,70,12,0.025734,True
ws_001967.txt,18,36,7,0.004594,True
ws_001968.txt,20,40,7,0.006248,True
ws_001969.txt,25,50,9,0.014652,True
ws_001970.txt,16,32,5,0.003613,True
ws_001971.txt,20,40,7,0.0049,True
ws_001972.txt,24,48,8,0.011666,True
ws_001973.txt,31,62,10,0.019816,True
ws_001974.txt,16,32,6,0.003587,True
ws_001975.txt,17,34,6,0.00346,True
ws_001976.txt,26,52,9,0.015288,True
ws_001977.txt,35,70,13,0.029674,True
ws_001978.txt,22,44,7,0.010282,True
ws_001979.txt,26,52,8,0.013659,True
ws_001980.txt,20,40,6,0.004625,True
ws_001981.txt,27,54,10,0.016071,True
ws_001982.txt,30,60,10,0.018005,True
ws_001983.txt,15,30,4,0.002558,True
ws_001984.txt,21,42,8,0.006582,True
ws_001985.txt,18,36,6,0.004441,True
ws_001986.txt,24,48,8,0.013066,True
ws_001987.txt,20,40,7,0.005497,True
ws_001988.txt,32,64,11,0.024998,True
ws_001989.txt,22,44,8,0.009613,True
ws_001990.txt,34,68,12,0.025189,True
ws_001991.txt,23,46,8,0.010823,True
ws_001992.txt,29,58,10,0.02045,True
ws_001993.txt,30,60,10,0.018722,True
ws_001994.txt,26,52,10,0.014841,True
ws_001995.txt,18,36,7,0.004527,True
ws_001996.txt,20,40,7,0.004931,True
ws_001997.txt,22,44,7,0.009648,True
ws_001998.txt,26,52,9,0.016465,True
ws_001999.txt,32,64,11,0.022295,True
