file,n,m,FVS_size,runtime,validity
grid_000000.txt,25,40,6,0.005296,True
grid_000002.txt,20,31,5,0.002224,True
grid_000004.txt,15,22,3,0.001019,True
grid_000006.txt,20,31,5,0.002076,True
grid_000008.txt,20,31,5,0.002066,True
grid_000010.txt,18,27,4,0.001407,True
grid_000012.txt,15,22,3,0.001078,True
grid_000014.txt,16,24,4,0.001306,True
grid_000016.txt,16,24,4,0.001314,True
grid_000018.txt,15,22,3,0.000988,True
grid_000020.txt,12,17,3,0.000696,True
grid_000022.txt,15,22,3,0.001035,True
grid_000024.txt,15,22,3,0.001004,True
grid_000026.txt,20,31,5,0.002072,True
grid_000028.txt,12,17,3,0.00069,True
grid_000030.txt,18,27,4,0.001367,True
grid_000032.txt,12,17,3,0.00069,True
grid_000034.txt,18,27,4,0.001377,True
grid_000036.txt,20,31,5,0.002075,True
grid_000038.txt,25,40,6,0.005028,True
grid_000040.txt,30,49,8,0.008233,True
grid_000042.txt,16,24,4,0.001342,True
grid_000044.txt,15,22,3,0.000998,True
grid_000046.txt,20,31,5,0.002025,True
grid_000048.txt,12,17,3,0.000702,True
grid_000050.txt,24,38,6,0.005328,True
grid_000052.txt,25,40,6,0.004814,True
grid_000054.txt,18,27,4,0.00138,True
grid_000056.txt,30,49,8,0.008023,True
grid_000058.txt,16,24,4,0.00141,True
grid_000060.txt,15,22,3,0.00099,True
grid_000062.txt,24,38,6,0.005348,True
grid_000064.txt,30,49,8,0.008795,True
grid_000066.txt,15,22,3,0.001064,True
grid_000068.txt,18,27,4,0.001371,True
grid_000070.txt,30,49,8,0.008028,True
grid_000072.txt,15,22,3,0.001012,True
grid_000074.txt,12,17,3,0.000708,True
grid_000076.txt,20,31,5,0.002323,True
grid_000078.txt,12,17,3,0.000706,True
grid_000080.txt,24,38,6,0.005048,True
grid_000082.txt,16,24,4,0.001322,True
grid_000084.txt,20,31,5,0.002282,True
grid_000086.txt,12,17,3,0.000804,True
grid_000088.txt,9,12,2,0.000416,True
grid_000090.txt,30,49,8,0.008536,True
grid_000092.txt,25,40,6,0.004997,True
grid_000094.txt,12,17,3,0.00071,True
grid_000096.txt,15,22,3,0.000996,True
grid_000098.txt,12,17,3,0.000705,True
grid_000100.txt,12,17,3,0.000687,True
grid_000102.txt,30,49,8,0.008229,True
grid_000104.txt,20,31,5,0.002438,True
grid_000106.txt,24,38,6,0.005097,True
grid_000108.txt,20,31,5,0.002271,True
grid_000110.txt,15,22,3,0.000998,True
grid_000112.txt,15,22,3,0.000982,True
grid_000114.txt,20,31,5,0.002013,True
grid_000116.txt,15,22,3,0.001043,True
grid_000118.txt,24,38,6,0.005069,True
grid_000120.txt,18,27,4,0.00138,True
grid_000122.txt,18,27,4,0.001405,True
grid_000124.txt,30,49,8,0.008133,True
grid_000126.txt,24,38,6,0.005072,True
grid_000128.txt,9,12,2,0.000415,True
grid_000130.txt,30,49,8,0.008497,True
grid_000132.txt,25,40,6,0.005939,True
grid_000134.txt,25,40,6,0.004851,True
grid_000136.txt,15,22,3,0.001047,True
grid_000138.txt,24,38,6,0.006033,True
grid_000140.txt,15,22,3,0.001003,True
grid_000142.txt,20,31,5,0.002336,True
grid_000144.txt,12,17,3,0.000699,True
grid_000146.txt,18,27,4,0.001395,True
grid_000148.txt,24,38,6,0.00507,True
grid_000150.txt,30,49,8,0.008671,True
grid_000152.txt,9,12,2,0.000434,True
grid_000154.txt,12,17,3,0.000692,True
grid_000156.txt,12,17,3,0.000676,True
grid_000158.txt,18,27,4,0.00145,True
grid_000160.txt,15,22,3,0.001057,True
grid_000162.txt,24,38,6,0.005091,True
grid_000164.txt,15,22,3,0.001004,True
grid_000166.txt,25,40,6,0.004839,True
grid_000168.txt,20,31,5,0.002058,True
grid_000170.txt,12,17,3,0.000721,True
grid_000172.txt,24,38,6,0.005097,True
grid_000174.txt,30,49,8,0.008179,True
grid_000176.txt,9,12,2,0.000442,True
grid_000178.txt,9,12,2,0.000429,True
grid_000180.txt,18,27,4,0.001389,True
grid_000182.txt,9,12,2,0.000415,True
grid_000184.txt,20,31,5,0.00225,True
grid_000186.txt,12,17,3,0.000734,True
grid_000188.txt,30,49,8,0.008212,True
grid_000190.txt,9,12,2,0.000429,True
grid_000192.txt,16,24,4,0.001603,True
grid_000194.txt,12,17,3,0.000695,True
grid_000196.txt,16,24,4,0.001331,True
grid_000198.txt,18,27,4,0.001384,True
grid_000200.txt,25,40,6,0.004763,True
grid_000202.txt,25,40,6,0.004749,True
grid_000204.txt,18,27,4,0.001396,True
grid_000206.txt,20,31,5,0.002248,True
grid_000208.txt,30,49,8,0.00807,True
grid_000210.txt,25,40,6,0.004819,True
grid_000212.txt,15,22,3,0.001033,True
grid_000214.txt,24,38,6,0.005476,True
grid_000216.txt,18,27,4,0.001421,True
grid_000218.txt,30,49,8,0.008125,True
grid_000220.txt,12,17,3,0.000713,True
grid_000222.txt,25,40,6,0.004895,True
grid_000224.txt,9,12,2,0.000425,True
grid_000226.txt,24,38,6,0.00514,True
grid_000228.txt,12,17,3,0.000987,True
grid_000230.txt,18,27,4,0.001467,True
grid_000232.txt,15,22,3,0.001045,True
grid_000234.txt,24,38,6,0.005273,True
grid_000236.txt,15,22,3,0.001054,True
grid_000238.txt,20,31,5,0.002032,True
grid_000240.txt,24,38,6,0.005009,True
grid_000242.txt,15,22,3,0.001043,True
grid_000244.txt,12,17,3,0.000705,True
grid_000246.txt,20,31,5,0.00227,True
grid_000248.txt,30,49,8,0.008178,True
grid_000250.txt,16,24,4,0.001577,True
grid_000252.txt,24,38,6,0.005279,True
grid_000254.txt,20,31,5,0.002305,True
grid_000256.txt,20,31,5,0.002102,True
grid_000258.txt,12,17,3,0.000703,True
grid_000260.txt,15,22,3,0.001059,True
grid_000262.txt,30,49,8,0.008164,True
grid_000264.txt,18,27,4,0.00138,True
grid_000266.txt,12,17,3,0.000744,True
grid_000268.txt,24,38,6,0.005022,True
grid_000270.txt,20,31,5,0.002036,True
grid_000272.txt,20,31,5,0.002028,True
grid_000274.txt,25,40,6,0.004773,True
grid_000276.txt,9,12,2,0.000426,True
grid_000278.txt,20,31,5,0.002074,True
grid_000280.txt,12,17,3,0.000694,True
grid_000282.txt,12,17,3,0.000678,True
grid_000284.txt,20,31,5,0.002287,True
grid_000286.txt,25,40,6,0.004879,True
grid_000288.txt,9,12,2,0.000468,True
grid_000290.txt,12,17,3,0.000744,True
grid_000292.txt,20,31,5,0.00205,True
grid_000294.txt,15,22,3,0.00101,True
grid_000296.txt,24,38,6,0.005044,True
grid_000298.txt,20,31,5,0.002307,True
grid_000300.txt,25,40,6,0.004802,True
grid_000302.txt,16,24,4,0.001341,True
grid_000304.txt,9,12,2,0.000452,True
grid_000306.txt,20,31,5,0.002064,True
grid_000308.txt,15,22,3,0.001103,True
grid_000310.txt,9,12,2,0.000443,True
grid_000312.txt,12,17,3,0.000738,True
grid_000314.txt,25,40,6,0.004914,True
grid_000316.txt,9,12,2,0.000423,True
grid_000318.txt,18,27,4,0.00145,True
grid_000320.txt,24,38,6,0.00509,True
grid_000322.txt,12,17,3,0.000752,True
grid_000324.txt,20,31,5,0.002278,True
grid_000326.txt,16,24,4,0.001332,True
grid_000328.txt,15,22,3,0.000985,True
grid_000330.txt,15,22,3,0.001035,True
grid_000332.txt,18,27,4,0.00141,True
grid_000334.txt,18,27,4,0.001371,True
grid_000336.txt,12,17,3,0.000709,True
grid_000338.txt,12,17,3,0.000756,True
grid_000340.txt,12,17,3,0.000689,True
grid_000342.txt,30,49,8,0.010603,True
grid_000344.txt,24,38,6,0.00509,True
grid_000346.txt,20,31,5,0.002292,True
grid_000348.txt,12,17,3,0.000683,True
grid_000350.txt,15,22,3,0.001042,True
grid_000352.txt,25,40,6,0.005227,True
grid_000354.txt,16,24,4,0.001537,True
grid_000356.txt,20,31,5,0.002053,True
grid_000358.txt,12,17,3,0.000708,True
grid_000360.txt,24,38,6,0.005184,True
grid_000362.txt,15,22,3,0.001102,True
grid_000364.txt,12,17,3,0.000733,True
grid_000366.txt,15,22,3,0.001043,True
grid_000368.txt,18,27,4,0.001404,True
grid_000370.txt,30,49,8,0.008178,True
grid_000372.txt,18,27,4,0.001494,True
grid_000374.txt,12,17,3,0.000702,True
grid_000376.txt,15,22,3,0.001077,True
grid_000378.txt,18,27,4,0.001426,True
grid_000380.txt,16,24,4,0.00138,True
grid_000382.txt,15,22,3,0.001007,True
grid_000384.txt,15,22,3,0.001071,True
grid_000386.txt,12,17,3,0.000703,True
grid_000388.txt,12,17,3,0.000695,True
grid_000390.txt,12,17,3,0.000684,True
grid_000392.txt,18,27,4,0.001425,True
grid_000394.txt,20,31,5,0.002293,True
grid_000396.txt,20,31,5,0.002236,True
grid_000398.txt,18,27,4,0.001389,True
grid_000400.txt,18,27,4,0.002346,True
grid_000402.txt,15,22,3,0.001112,True
grid_000404.txt,20,31,5,0.002344,True
grid_000406.txt,30,49,8,0.008499,True
grid_000408.txt,30,49,8,0.008219,True
grid_000410.txt,16,24,4,0.001395,True
grid_000412.txt,12,17,3,0.000705,True
grid_000414.txt,20,31,5,0.00213,True
grid_000416.txt,30,49,8,0.009313,True
grid_000418.txt,16,24,4,0.001375,True
grid_000420.txt,16,24,4,0.001336,True
grid_000422.txt,18,27,4,0.00143,True
grid_000424.txt,12,17,3,0.000973,True
grid_000426.txt,24,38,6,0.005918,True
grid_000428.txt,20,31,5,0.002743,True
grid_000430.txt,16,24,4,0.001442,True
grid_000432.txt,20,31,5,0.002018,True
grid_000434.txt,15,22,3,0.001035,True
grid_000436.txt,16,24,4,0.001363,True
grid_000438.txt,16,24,4,0.001312,True
grid_000440.txt,25,40,6,0.004874,True
grid_000442.txt,9,12,2,0.000439,True
grid_000444.txt,20,31,5,0.002464,True
grid_000446.txt,30,49,8,0.00951,True
grid_000448.txt,24,38,6,0.006391,True
grid_000450.txt,15,22,3,0.001066,True
grid_000452.txt,20,31,5,0.002045,True
grid_000454.txt,20,31,5,0.002291,True
grid_000456.txt,9,12,2,0.00041,True
grid_000458.txt,12,17,3,0.000738,True
grid_000460.txt,12,17,3,0.00069,True
grid_000462.txt,25,40,6,0.004939,True
grid_000464.txt,18,27,4,0.001519,True
grid_000466.txt,12,17,3,0.000692,True
grid_000468.txt,15,22,3,0.001076,True
grid_000470.txt,18,27,4,0.001381,True
grid_000472.txt,15,22,3,0.001077,True
grid_000474.txt,12,17,3,0.000704,True
grid_000476.txt,20,31,5,0.002308,True
grid_000478.txt,15,22,3,0.000994,True
grid_000480.txt,20,31,5,0.00216,True
grid_000482.txt,12,17,3,0.000711,True
grid_000484.txt,12,17,3,0.000692,True
grid_000486.txt,16,24,4,0.001598,True
grid_000488.txt,18,27,4,0.001428,True
grid_000490.txt,20,31,5,0.002315,True
grid_000492.txt,15,22,3,0.001084,True
grid_000494.txt,18,27,4,0.001386,True
grid_000496.txt,12,17,3,0.000738,True
grid_000498.txt,20,31,5,0.002257,True
grid_000500.txt,24,38,6,0.005021,True
grid_000502.txt,20,31,5,0.002076,True
grid_000504.txt,24,38,6,0.005051,True
grid_000506.txt,18,27,4,0.001453,True
grid_000508.txt,18,27,4,0.001386,True
grid_000510.txt,20,31,5,0.002245,True
grid_000512.txt,9,12,2,0.000414,True
grid_000514.txt,15,22,3,0.001007,True
grid_000516.txt,15,22,3,0.000998,True
grid_000518.txt,15,22,3,0.001047,True
grid_000520.txt,30,49,8,0.008281,True
grid_000522.txt,25,40,6,0.004908,True
grid_000524.txt,25,40,6,0.005634,True
grid_000526.txt,18,27,4,0.001455,True
grid_000528.txt,20,31,5,0.002132,True
grid_000530.txt,16,24,4,0.001346,True
grid_000532.txt,15,22,3,0.001041,True
grid_000534.txt,9,12,2,0.000431,True
grid_000536.txt,25,40,6,0.004891,True
grid_000538.txt,24,38,6,0.005114,True
grid_000540.txt,20,31,5,0.002121,True
grid_000542.txt,18,27,4,0.001411,True
grid_000544.txt,15,22,3,0.001117,True
grid_000546.txt,18,27,4,0.001401,True
grid_000548.txt,9,12,2,0.000432,True
grid_000550.txt,25,40,6,0.005156,True
grid_000552.txt,15,22,3,0.001053,True
grid_000554.txt,12,17,3,0.000716,True
grid_000556.txt,12,17,3,0.000692,True
grid_000558.txt,12,17,3,0.000718,True
grid_000560.txt,12,17,3,0.000721,True
grid_000562.txt,12,17,3,0.000708,True
grid_000564.txt,16,24,4,0.001381,True
grid_000566.txt,25,40,6,0.004892,True
grid_000568.txt,20,31,5,0.002351,True
grid_000570.txt,30,49,8,0.008283,True
grid_000572.txt,15,22,3,0.001064,True
grid_000574.txt,12,17,3,0.000707,True
grid_000576.txt,9,12,2,0.00048,True
grid_000578.txt,9,12,2,0.000409,True
grid_000580.txt,15,22,3,0.001046,True
grid_000582.txt,9,12,2,0.000425,True
grid_000584.txt,30,49,8,0.008403,True
grid_000586.txt,15,22,3,0.001105,True
grid_000588.txt,24,38,6,0.005282,True
grid_000590.txt,24,38,6,0.005119,True
grid_000592.txt,15,22,3,0.00101,True
grid_000594.txt,20,31,5,0.002087,True
grid_000596.txt,20,31,5,0.002028,True
grid_000598.txt,20,31,5,0.002321,True
grid_000600.txt,15,22,3,0.00109,True
grid_000602.txt,30,49,8,0.008229,True
grid_000604.txt,20,31,5,0.002338,True
grid_000606.txt,15,22,3,0.001097,True
grid_000608.txt,9,12,2,0.000416,True
grid_000610.txt,24,38,6,0.005175,True
grid_000612.txt,9,12,2,0.000683,True
grid_000614.txt,25,40,6,0.00496,True
grid_000616.txt,24,38,6,0.005204,True
grid_000618.txt,9,12,2,0.000432,True
grid_000620.txt,30,49,8,0.008295,True
grid_000622.txt,16,24,4,0.00137,True
grid_000624.txt,9,12,2,0.000425,True
grid_000626.txt,16,24,4,0.001363,True
grid_000628.txt,15,22,3,0.001047,True
grid_000630.txt,18,27,4,0.001416,True
grid_000632.txt,20,31,5,0.002116,True
grid_000634.txt,15,22,3,0.001004,True
grid_000636.txt,12,17,3,0.000702,True
grid_000638.txt,9,12,2,0.000474,True
grid_000640.txt,12,17,3,0.000692,True
grid_000642.txt,9,12,2,0.000402,True
grid_000644.txt,20,31,5,0.002078,True
grid_000646.txt,15,22,3,0.001009,True
grid_000648.txt,12,17,3,0.000703,True
grid_000650.txt,12,17,3,0.000706,True
grid_000652.txt,25,40,6,0.0049,True
grid_000654.txt,12,17,3,0.000692,True
grid_000656.txt,18,27,4,0.00138,True
grid_000658.txt,30,49,8,0.009084,True
grid_000660.txt,15,22,3,0.001056,True
grid_000662.txt,20,31,5,0.00228,True
grid_000664.txt,24,38,6,0.005088,True
grid_000666.txt,20,31,5,0.002051,True
grid_000668.txt,24,38,6,0.005104,True
grid_000670.txt,20,31,5,0.002287,True
grid_000672.txt,15,22,3,0.001046,True
grid_000674.txt,20,31,5,0.002043,True
grid_000676.txt,12,17,3,0.000698,True
grid_000678.txt,18,27,4,0.001472,True
grid_000680.txt,25,40,6,0.004848,True
grid_000682.txt,24,38,6,0.00499,True
grid_000684.txt,25,40,6,0.004749,True
grid_000686.txt,18,27,4,0.001388,True
grid_000688.txt,15,22,3,0.001045,True
grid_000690.txt,15,22,3,0.001006,True
grid_000692.txt,12,17,3,0.000724,True
grid_000694.txt,30,49,8,0.008233,True
grid_000696.txt,12,17,3,0.000697,True
grid_000698.txt,24,38,6,0.005062,True
grid_000700.txt,16,24,4,0.001343,True
grid_000702.txt,12,17,3,0.000755,True
grid_000704.txt,12,17,3,0.000697,True
grid_000706.txt,20,31,5,0.002352,True
grid_000708.txt,20,31,5,0.002237,True
grid_000710.txt,12,17,3,0.000708,True
grid_000712.txt,20,31,5,0.002269,True
grid_000714.txt,24,38,6,0.005072,True
grid_000716.txt,9,12,2,0.00042,True
grid_000718.txt,12,17,3,0.000699,True
grid_000720.txt,15,22,3,0.00104,True
grid_000722.txt,12,17,3,0.000691,True
grid_000724.txt,18,27,4,0.001394,True
grid_000726.txt,25,40,6,0.004817,True
grid_000728.txt,20,31,5,0.002117,True
grid_000730.txt,24,38,6,0.005074,True
grid_000732.txt,15,22,3,0.001062,True
grid_000734.txt,30,49,8,0.008086,True
grid_000736.txt,20,31,5,0.002671,True
grid_000738.txt,9,12,2,0.000424,True
grid_000740.txt,30,49,8,0.00801,True
grid_000742.txt,24,38,6,0.005114,True
grid_000744.txt,16,24,4,0.001347,True
grid_000746.txt,24,38,6,0.005061,True
grid_000748.txt,18,27,4,0.001396,True
grid_000750.txt,18,27,4,0.001405,True
grid_000752.txt,16,24,4,0.001338,True
grid_000754.txt,12,17,3,0.000874,True
grid_000756.txt,20,31,5,0.002295,True
grid_000758.txt,24,38,6,0.005043,True
grid_000760.txt,12,17,3,0.000699,True
grid_000762.txt,12,17,3,0.000713,True
grid_000764.txt,25,40,6,0.004779,True
grid_000766.txt,25,40,6,0.004713,True
grid_000768.txt,12,17,3,0.000699,True
grid_000770.txt,12,17,3,0.000696,True
grid_000772.txt,18,27,4,0.001415,True
grid_000774.txt,30,49,8,0.009826,True
grid_000776.txt,15,22,3,0.00106,True
grid_000778.txt,12,17,3,0.000723,True
grid_000780.txt,15,22,3,0.001042,True
grid_000782.txt,15,22,3,0.00102,True
grid_000784.txt,12,17,3,0.000708,True
grid_000786.txt,30,49,8,0.008304,True
grid_000788.txt,25,40,6,0.005507,True
grid_000790.txt,24,38,6,0.005239,True
grid_000792.txt,12,17,3,0.000713,True
grid_000794.txt,25,40,6,0.00479,True
grid_000796.txt,30,49,8,0.008197,True
grid_000798.txt,20,31,5,0.002096,True
grid_000800.txt,20,31,5,0.002575,True
grid_000802.txt,16,24,4,0.001411,True
grid_000804.txt,12,17,3,0.00071,True
grid_000806.txt,9,12,2,0.000408,True
grid_000808.txt,12,17,3,0.000695,True
grid_000810.txt,12,17,3,0.000721,True
grid_000812.txt,20,31,5,0.002301,True
grid_000814.txt,18,27,4,0.001377,True
grid_000816.txt,18,27,4,0.001364,True
grid_000818.txt,9,12,2,0.000431,True
grid_000820.txt,30,49,8,0.008212,True
grid_000822.txt,20,31,5,0.002254,True
grid_000824.txt,25,40,6,0.004741,True
grid_000826.txt,12,17,3,0.000724,True
grid_000828.txt,20,31,5,0.002137,True
grid_000830.txt,30,49,8,0.008047,True
grid_000832.txt,12,17,3,0.000716,True
grid_000834.txt,18,27,4,0.00138,True
grid_000836.txt,20,31,5,0.002072,True
grid_000838.txt,9,12,2,0.000426,True
grid_000840.txt,15,22,3,0.000999,True
grid_000842.txt,25,40,6,0.004917,True
grid_000844.txt,20,31,5,0.002037,True
grid_000846.txt,16,24,4,0.002118,True
grid_000848.txt,25,40,6,0.005165,True
grid_000850.txt,24,38,6,0.005114,True
grid_000852.txt,20,31,5,0.002277,True
grid_000854.txt,16,24,4,0.001333,True
grid_000856.txt,24,38,6,0.00509,True
grid_000858.txt,15,22,3,0.001053,True
grid_000860.txt,16,24,4,0.001312,True
grid_000862.txt,12,17,3,0.000735,True
grid_000864.txt,12,17,3,0.000682,True
grid_000866.txt,16,24,4,0.001308,True
grid_000868.txt,15,22,3,0.000992,True
grid_000870.txt,24,38,6,0.004947,True
grid_000872.txt,18,27,4,0.001413,True
grid_000874.txt,30,49,8,0.008267,True
grid_000876.txt,20,31,5,0.002081,True
grid_000878.txt,16,24,4,0.001306,True
grid_000880.txt,20,31,5,0.002253,True
grid_000882.txt,25,40,6,0.004779,True
grid_000884.txt,16,24,4,0.001941,True
grid_000886.txt,18,27,4,0.001508,True
grid_000888.txt,30,49,8,0.008186,True
grid_000890.txt,18,27,4,0.001405,True
grid_000892.txt,20,31,5,0.002338,True
grid_000894.txt,24,38,6,0.005064,True
grid_000896.txt,9,12,2,0.000446,True
grid_000898.txt,24,38,6,0.005956,True
grid_000900.txt,30,49,8,0.013619,True
grid_000902.txt,15,22,3,0.001105,True
grid_000904.txt,25,40,6,0.004893,True
grid_000906.txt,18,27,4,0.001441,True
grid_000908.txt,25,40,6,0.006105,True
grid_000910.txt,12,17,3,0.00124,True
grid_000912.txt,9,12,2,0.000427,True
grid_000914.txt,12,17,3,0.000733,True
grid_000916.txt,12,17,3,0.00069,True
grid_000918.txt,12,17,3,0.000701,True
grid_000920.txt,15,22,3,0.001082,True
grid_000922.txt,12,17,3,0.000726,True
grid_000924.txt,18,27,4,0.002113,True
grid_000926.txt,25,40,6,0.004819,True
grid_000928.txt,15,22,3,0.001049,True
grid_000930.txt,12,17,3,0.000726,True
grid_000932.txt,20,31,5,0.002057,True
grid_000934.txt,20,31,5,0.002203,True
grid_000936.txt,20,31,5,0.002703,True
grid_000938.txt,16,24,4,0.001384,True
grid_000940.txt,15,22,3,0.001028,True
grid_000942.txt,12,17,3,0.000767,True
grid_000944.txt,9,12,2,0.000412,True
grid_000946.txt,24,38,6,0.005177,True
grid_000948.txt,9,12,2,0.000421,True
grid_000950.txt,24,38,6,0.005387,True
grid_000952.txt,12,17,3,0.000706,True
grid_000954.txt,12,17,3,0.000688,True
grid_000956.txt,25,40,6,0.004933,True
grid_000958.txt,20,31,5,0.002325,True
grid_000960.txt,30,49,8,0.008278,True
grid_000962.txt,15,22,3,0.001052,True
grid_000964.txt,20,31,5,0.002082,True
grid_000966.txt,24,38,6,0.005033,True
grid_000968.txt,25,40,6,0.005297,True
grid_000970.txt,18,27,4,0.001509,True
grid_000972.txt,16,24,4,0.00168,True
grid_000974.txt,25,40,6,0.004876,True
grid_000976.txt,18,27,4,0.00173,True
grid_000978.txt,25,40,6,0.004853,True
grid_000980.txt,12,17,3,0.001187,True
grid_000982.txt,18,27,4,0.001571,True
grid_000984.txt,18,27,4,0.001883,True
grid_000986.txt,16,24,4,0.001373,True
grid_000988.txt,20,31,5,0.002558,True
grid_000990.txt,18,27,4,0.002007,True
grid_000992.txt,18,27,4,0.00144,True
grid_000994.txt,12,17,3,0.000718,True
grid_000996.txt,15,22,3,0.001052,True
grid_000998.txt,15,22,3,0.001172,True
grid_001000.txt,12,17,3,0.000698,True
grid_001002.txt,24,38,6,0.005364,True
grid_001004.txt,15,22,3,0.00106,True
grid_001006.txt,12,17,3,0.000698,True
grid_001008.txt,12,17,3,0.000672,True
grid_001010.txt,25,40,6,0.004841,True
grid_001012.txt,9,12,2,0.000706,True
grid_001014.txt,25,40,6,0.004974,True
grid_001016.txt,18,27,4,0.001458,True
grid_001018.txt,15,22,3,0.001034,True
grid_001020.txt,20,31,5,0.002084,True
grid_001022.txt,20,31,5,0.002026,True
grid_001024.txt,30,49,8,0.008262,True
grid_001026.txt,20,31,5,0.002276,True
grid_001028.txt,30,49,8,0.008012,True
grid_001030.txt,30,49,8,0.008364,True
grid_001032.txt,18,27,4,0.001381,True
grid_001034.txt,20,31,5,0.002308,True
grid_001036.txt,16,24,4,0.001302,True
grid_001038.txt,24,38,6,0.005068,True
grid_001040.txt,20,31,5,0.002253,True
grid_001042.txt,16,24,4,0.001307,True
grid_001044.txt,30,49,8,0.008178,True
grid_001046.txt,25,40,6,0.004859,True
grid_001048.txt,25,40,6,0.004876,True
grid_001050.txt,30,49,8,0.008138,True
grid_001052.txt,12,17,3,0.000711,True
grid_001054.txt,9,12,2,0.000422,True
grid_001056.txt,18,27,4,0.001395,True
grid_001058.txt,15,22,3,0.001512,True
grid_001060.txt,12,17,3,0.000718,True
grid_001062.txt,12,17,3,0.000707,True
grid_001064.txt,18,27,4,0.001417,True
grid_001066.txt,18,27,4,0.001381,True
grid_001068.txt,24,38,6,0.004992,True
grid_001070.txt,12,17,3,0.000699,True
grid_001072.txt,9,12,2,0.000422,True
grid_001074.txt,20,31,5,0.002277,True
grid_001076.txt,15,22,3,0.000995,True
grid_001078.txt,30,49,8,0.008253,True
grid_001080.txt,15,22,3,0.001006,True
grid_001082.txt,20,31,5,0.002051,True
grid_001084.txt,15,22,3,0.001037,True
grid_001086.txt,12,17,3,0.000682,True
grid_001088.txt,24,38,6,0.005255,True
grid_001090.txt,15,22,3,0.001016,True
grid_001092.txt,15,22,3,0.001086,True
grid_001094.txt,25,40,6,0.004945,True
grid_001096.txt,12,17,3,0.000709,True
grid_001098.txt,24,38,6,0.005055,True
grid_001100.txt,15,22,3,0.001183,True
grid_001102.txt,9,12,2,0.000442,True
grid_001104.txt,15,22,3,0.00099,True
grid_001106.txt,24,38,6,0.005302,True
grid_001108.txt,12,17,3,0.000707,True
grid_001110.txt,9,12,2,0.000413,True
grid_001112.txt,18,27,4,0.001392,True
grid_001114.txt,16,24,4,0.001401,True
grid_001116.txt,24,38,6,0.005235,True
grid_001118.txt,20,31,5,0.002043,True
grid_001120.txt,20,31,5,0.002013,True
grid_001122.txt,20,31,5,0.002286,True
grid_001124.txt,30,49,8,0.008228,True
grid_001126.txt,15,22,3,0.001092,True
grid_001128.txt,20,31,5,0.002029,True
grid_001130.txt,9,12,2,0.00042,True
grid_001132.txt,12,17,3,0.00069,True
grid_001134.txt,24,38,6,0.005086,True
grid_001136.txt,9,12,2,0.000422,True
grid_001138.txt,30,49,8,0.008079,True
grid_001140.txt,20,31,5,0.002268,True
grid_001142.txt,24,38,6,0.005113,True
grid_001144.txt,15,22,3,0.001057,True
grid_001146.txt,18,27,4,0.001391,True
grid_001148.txt,18,27,4,0.001465,True
grid_001150.txt,20,31,5,0.002287,True
grid_001152.txt,30,49,8,0.008084,True
grid_001154.txt,9,12,2,0.000438,True
grid_001156.txt,20,31,5,0.002282,True
grid_001158.txt,16,24,4,0.001343,True
grid_001160.txt,30,49,8,0.008812,True
grid_001162.txt,24,38,6,0.005054,True
grid_001164.txt,9,12,2,0.000425,True
grid_001166.txt,12,17,3,0.000687,True
grid_001168.txt,20,31,5,0.002293,True
grid_001170.txt,12,17,3,0.000695,True
grid_001172.txt,20,31,5,0.002042,True
grid_001174.txt,20,31,5,0.002319,True
grid_001176.txt,12,17,3,0.000686,True
grid_001178.txt,20,31,5,0.002253,True
grid_001180.txt,18,27,4,0.001368,True
grid_001182.txt,15,22,3,0.001043,True
grid_001184.txt,30,49,8,0.008191,True
grid_001186.txt,18,27,4,0.001474,True
grid_001188.txt,15,22,3,0.001149,True
grid_001190.txt,15,22,3,0.001033,True
grid_001192.txt,16,24,4,0.001304,True
grid_001194.txt,15,22,3,0.000997,True
grid_001196.txt,25,40,6,0.00503,True
grid_001198.txt,30,49,8,0.00812,True
grid_001200.txt,12,17,3,0.000737,True
grid_001202.txt,20,31,5,0.002019,True
grid_001204.txt,30,49,8,0.008221,True
grid_001206.txt,20,31,5,0.002447,True
grid_001208.txt,24,38,6,0.005067,True
grid_001210.txt,20,31,5,0.002338,True
grid_001212.txt,30,49,8,0.008275,True
grid_001214.txt,16,24,4,0.001395,True
grid_001216.txt,12,17,3,0.000713,True
grid_001218.txt,18,27,4,0.001403,True
grid_001220.txt,9,12,2,0.00042,True
grid_001222.txt,25,40,6,0.005177,True
grid_001224.txt,18,27,4,0.001422,True
grid_001226.txt,15,22,3,0.001019,True
grid_001228.txt,24,38,6,0.005076,True
grid_001230.txt,30,49,8,0.008287,True
grid_001232.txt,18,27,4,0.001405,True
grid_001234.txt,12,17,3,0.000714,True
grid_001236.txt,30,49,8,0.008295,True
grid_001238.txt,20,31,5,0.002056,True
grid_001240.txt,18,27,4,0.001389,True
grid_001242.txt,20,31,5,0.002087,True
grid_001244.txt,24,38,6,0.005136,True
grid_001246.txt,20,31,5,0.002292,True
grid_001248.txt,9,12,2,0.00041,True
grid_001250.txt,20,31,5,0.002094,True
grid_001252.txt,12,17,3,0.000694,True
grid_001254.txt,20,31,5,0.002173,True
grid_001256.txt,24,38,6,0.004994,True
grid_001258.txt,9,12,2,0.000414,True
grid_001260.txt,18,27,4,0.001393,True
grid_001262.txt,12,17,3,0.000699,True
grid_001264.txt,9,12,2,0.000398,True
grid_001266.txt,15,22,3,0.001029,True
grid_001268.txt,24,38,6,0.005067,True
grid_001270.txt,24,38,6,0.00512,True
grid_001272.txt,9,12,2,0.000409,True
grid_001274.txt,16,24,4,0.0014,True
grid_001276.txt,20,31,5,0.002032,True
grid_001278.txt,15,22,3,0.00104,True
grid_001280.txt,20,31,5,0.002432,True
grid_001282.txt,15,22,3,0.001108,True
grid_001284.txt,16,24,4,0.001373,True
grid_001286.txt,16,24,4,0.001322,True
grid_001288.txt,20,31,5,0.00211,True
grid_001290.txt,9,12,2,0.000421,True
grid_001292.txt,12,17,3,0.000712,True
grid_001294.txt,20,31,5,0.002325,True
grid_001296.txt,30,49,8,0.00905,True
grid_001298.txt,15,22,3,0.001058,True
grid_001300.txt,12,17,3,0.000717,True
grid_001302.txt,25,40,6,0.004809,True
grid_001304.txt,30,49,8,0.008197,True
grid_001306.txt,15,22,3,0.001061,True
grid_001308.txt,30,49,8,0.008504,True
grid_001310.txt,20,31,5,0.002354,True
grid_001312.txt,12,17,3,0.000731,True
grid_001314.txt,20,31,5,0.002074,True
grid_001316.txt,15,22,3,0.001012,True
grid_001318.txt,16,24,4,0.001415,True
grid_001320.txt,15,22,3,0.000999,True
grid_001322.txt,16,24,4,0.001374,True
grid_001324.txt,15,22,3,0.001031,True
grid_001326.txt,12,17,3,0.000735,True
grid_001328.txt,12,17,3,0.000721,True
grid_001330.txt,20,31,5,0.002067,True
grid_001332.txt,15,22,3,0.000996,True
grid_001334.txt,16,24,4,0.001323,True
grid_001336.txt,18,27,4,0.001383,True
grid_001338.txt,24,38,6,0.005028,True
grid_001340.txt,12,17,3,0.000701,True
grid_001342.txt,15,22,3,0.000996,True
grid_001344.txt,9,12,2,0.000414,True
grid_001346.txt,9,12,2,0.000402,True
grid_001348.txt,9,12,2,0.000396,True
grid_001350.txt,30,49,8,0.008291,True
grid_001352.txt,9,12,2,0.000435,True
grid_001354.txt,20,31,5,0.00218,True
grid_001356.txt,20,31,5,0.002074,True
grid_001358.txt,16,24,4,0.001345,True
grid_001360.txt,20,31,5,0.002288,True
grid_001362.txt,9,12,2,0.000415,True
grid_001364.txt,20,31,5,0.002343,True
grid_001366.txt,25,40,6,0.00487,True
grid_001368.txt,18,27,4,0.001441,True
grid_001370.txt,24,38,6,0.00503,True
grid_001372.txt,18,27,4,0.001392,True
grid_001374.txt,12,17,3,0.000782,True
grid_001376.txt,30,49,8,0.008165,True
grid_001378.txt,9,12,2,0.000423,True
grid_001380.txt,20,31,5,0.002085,True
grid_001382.txt,15,22,3,0.001078,True
grid_001384.txt,9,12,2,0.000411,True
grid_001386.txt,30,49,8,0.00829,True
grid_001388.txt,15,22,3,0.001065,True
grid_001390.txt,30,49,8,0.008345,True
grid_001392.txt,20,31,5,0.002267,True
grid_001394.txt,18,27,4,0.001382,True
grid_001396.txt,9,12,2,0.000409,True
grid_001398.txt,12,17,3,0.000725,True
grid_001400.txt,15,22,3,0.001102,True
grid_001402.txt,16,24,4,0.001322,True
grid_001404.txt,20,31,5,0.002274,True
grid_001406.txt,30,49,8,0.009243,True
grid_001408.txt,20,31,5,0.002348,True
grid_001410.txt,24,38,6,0.005086,True
grid_001412.txt,20,31,5,0.002272,True
grid_001414.txt,16,24,4,0.001334,True
grid_001416.txt,30,49,8,0.008246,True
grid_001418.txt,12,17,3,0.000698,True
grid_001420.txt,16,24,4,0.001363,True
grid_001422.txt,12,17,3,0.000685,True
grid_001424.txt,12,17,3,0.000697,True
grid_001426.txt,9,12,2,0.000405,True
grid_001428.txt,12,17,3,0.000754,True
grid_001430.txt,12,17,3,0.000696,True
grid_001432.txt,20,31,5,0.002058,True
grid_001434.txt,12,17,3,0.000696,True
grid_001436.txt,9,12,2,0.000415,True
grid_001438.txt,12,17,3,0.000693,True
grid_001440.txt,20,31,5,0.002074,True
grid_001442.txt,12,17,3,0.000705,True
grid_001444.txt,9,12,2,0.000596,True
grid_001446.txt,15,22,3,0.001161,True
grid_001448.txt,15,22,3,0.001017,True
grid_001450.txt,20,31,5,0.002068,True
grid_001452.txt,20,31,5,0.002065,True
grid_001454.txt,24,38,6,0.005086,True
grid_001456.txt,18,27,4,0.001393,True
grid_001458.txt,15,22,3,0.001052,True
grid_001460.txt,16,24,4,0.001701,True
grid_001462.txt,20,31,5,0.002287,True
grid_001464.txt,12,17,3,0.000732,True
grid_001466.txt,15,22,3,0.000994,True
grid_001468.txt,12,17,3,0.000697,True
grid_001470.txt,30,49,8,0.008274,True
grid_001472.txt,16,24,4,0.001359,True
grid_001474.txt,15,22,3,0.00099,True
grid_001476.txt,15,22,3,0.000983,True
grid_001478.txt,9,12,2,0.000413,True
grid_001480.txt,24,38,6,0.005338,True
grid_001482.txt,20,31,5,0.00209,True
grid_001484.txt,9,12,2,0.000405,True
grid_001486.txt,24,38,6,0.005098,True
grid_001488.txt,12,17,3,0.000724,True
grid_001490.txt,20,31,5,0.002051,True
grid_001492.txt,12,17,3,0.000697,True
grid_001494.txt,18,27,4,0.001412,True
grid_001496.txt,12,17,3,0.0007,True
grid_001498.txt,12,17,3,0.000741,True
grid_001500.txt,12,17,3,0.000696,True
grid_001502.txt,18,27,4,0.00143,True
grid_001504.txt,12,17,3,0.000695,True
grid_001506.txt,12,17,3,0.000734,True
grid_001508.txt,18,27,4,0.001442,True
grid_001510.txt,12,17,3,0.00071,True
grid_001512.txt,25,40,6,0.005025,True
grid_001514.txt,12,17,3,0.001058,True
grid_001516.txt,9,12,2,0.00047,True
grid_001518.txt,20,31,5,0.002126,True
grid_001520.txt,25,40,6,0.005704,True
grid_001522.txt,20,31,5,0.002328,True
grid_001524.txt,20,31,5,0.002274,True
grid_001526.txt,24,38,6,0.006727,True
grid_001528.txt,30,49,8,0.008374,True
grid_001530.txt,20,31,5,0.002291,True
grid_001532.txt,25,40,6,0.004915,True
grid_001534.txt,16,24,4,0.001336,True
grid_001536.txt,16,24,4,0.001317,True
grid_001538.txt,12,17,3,0.000702,True
grid_001540.txt,25,40,6,0.004811,True
grid_001542.txt,24,38,6,0.005031,True
grid_001544.txt,16,24,4,0.001355,True
grid_001546.txt,30,49,8,0.00815,True
grid_001548.txt,24,38,6,0.005053,True
grid_001550.txt,20,31,5,0.002061,True
grid_001552.txt,24,38,6,0.00506,True
grid_001554.txt,12,17,3,0.000721,True
grid_001556.txt,25,40,6,0.004936,True
grid_001558.txt,20,31,5,0.002111,True
grid_001560.txt,25,40,6,0.004853,True
grid_001562.txt,24,38,6,0.005112,True
grid_001564.txt,15,22,3,0.001051,True
grid_001566.txt,16,24,4,0.001386,True
grid_001568.txt,24,38,6,0.005275,True
grid_001570.txt,18,27,4,0.001653,True
grid_001572.txt,20,31,5,0.002186,True
grid_001574.txt,30,49,8,0.009097,True
grid_001576.txt,12,17,3,0.000729,True
grid_001578.txt,15,22,3,0.001243,True
grid_001580.txt,20,31,5,0.002165,True
grid_001582.txt,20,31,5,0.00203,True
grid_001584.txt,12,17,3,0.000753,True
grid_001586.txt,25,40,6,0.004856,True
grid_001588.txt,15,22,3,0.001051,True
grid_001590.txt,12,17,3,0.000711,True
grid_001592.txt,20,31,5,0.002293,True
grid_001594.txt,12,17,3,0.000809,True
grid_001596.txt,15,22,3,0.001236,True
grid_001598.txt,16,24,4,0.00131,True
grid_001600.txt,16,24,4,0.001438,True
grid_001602.txt,20,31,5,0.002253,True
grid_001604.txt,24,38,6,0.005146,True
grid_001606.txt,30,49,8,0.00816,True
grid_001608.txt,12,17,3,0.000734,True
grid_001610.txt,25,40,6,0.005874,True
grid_001612.txt,18,27,4,0.001399,True
grid_001614.txt,20,31,5,0.002026,True
grid_001616.txt,15,22,3,0.001021,True
grid_001618.txt,25,40,6,0.005118,True
grid_001620.txt,16,24,4,0.001329,True
grid_001622.txt,15,22,3,0.001026,True
grid_001624.txt,20,31,5,0.002316,True
grid_001626.txt,30,49,8,0.008143,True
grid_001628.txt,24,38,6,0.006016,True
grid_001630.txt,9,12,2,0.000448,True
grid_001632.txt,30,49,8,0.008221,True
grid_001634.txt,12,17,3,0.000702,True
grid_001636.txt,20,31,5,0.002278,True
grid_001638.txt,15,22,3,0.001035,True
grid_001640.txt,15,22,3,0.001028,True
grid_001642.txt,24,38,6,0.005126,True
grid_001644.txt,15,22,3,0.001066,True
grid_001646.txt,30,49,8,0.008987,True
grid_001648.txt,18,27,4,0.001411,True
grid_001650.txt,18,27,4,0.001381,True
grid_001652.txt,30,49,8,0.008178,True
grid_001654.txt,9,12,2,0.000431,True
grid_001656.txt,25,40,6,0.004769,True
grid_001658.txt,16,24,4,0.001326,True
grid_001660.txt,16,24,4,0.001314,True
grid_001662.txt,20,31,5,0.002047,True
grid_001664.txt,20,31,5,0.002062,True
grid_001666.txt,15,22,3,0.001128,True
grid_001668.txt,12,17,3,0.000794,True
grid_001670.txt,9,12,2,0.000468,True
grid_001672.txt,16,24,4,0.001411,True
grid_001674.txt,18,27,4,0.001398,True
grid_001676.txt,25,40,6,0.004799,True
grid_001678.txt,16,24,4,0.001326,True
grid_001680.txt,12,17,3,0.000742,True
grid_001682.txt,24,38,6,0.00505,True
grid_001684.txt,9,12,2,0.000411,True
grid_001686.txt,24,38,6,0.005011,True
grid_001688.txt,25,40,6,0.004824,True
grid_001690.txt,18,27,4,0.001397,True
grid_001692.txt,30,49,8,0.008086,True
grid_001694.txt,25,40,6,0.004721,True
grid_001696.txt,15,22,3,0.001026,True
grid_001698.txt,18,27,4,0.002222,True
grid_001700.txt,15,22,3,0.001885,True
grid_001702.txt,24,38,6,0.005795,True
grid_001704.txt,15,22,3,0.001222,True
grid_001706.txt,30,49,8,0.008474,True
grid_001708.txt,18,27,4,0.001425,True
grid_001710.txt,15,22,3,0.001001,True
grid_001712.txt,18,27,4,0.001995,True
grid_001714.txt,15,22,3,0.001076,True
grid_001716.txt,25,40,6,0.0055,True
grid_001718.txt,18,27,4,0.001419,True
grid_001720.txt,30,49,8,0.010575,True
grid_001722.txt,15,22,3,0.001081,True
grid_001724.txt,15,22,3,0.001683,True
grid_001726.txt,16,24,4,0.001383,True
grid_001728.txt,15,22,3,0.001013,True
grid_001730.txt,12,17,3,0.000739,True
grid_001732.txt,12,17,3,0.000739,True
grid_001734.txt,16,24,4,0.001339,True
grid_001736.txt,24,38,6,0.005113,True
grid_001738.txt,12,17,3,0.001258,True
grid_001740.txt,16,24,4,0.00146,True
grid_001742.txt,16,24,4,0.001931,True
grid_001744.txt,16,24,4,0.00133,True
grid_001746.txt,12,17,3,0.000697,True
grid_001748.txt,12,17,3,0.000741,True
grid_001750.txt,20,31,5,0.002344,True
grid_001752.txt,18,27,4,0.001507,True
grid_001754.txt,18,27,4,0.001427,True
grid_001756.txt,9,12,2,0.000511,True
grid_001758.txt,20,31,5,0.002952,True
grid_001760.txt,18,27,4,0.001463,True
grid_001762.txt,20,31,5,0.002941,True
grid_001764.txt,9,12,2,0.00054,True
grid_001766.txt,16,24,4,0.001491,True
grid_001768.txt,15,22,3,0.001052,True
grid_001770.txt,20,31,5,0.002527,True
grid_001772.txt,12,17,3,0.000965,True
grid_001774.txt,30,49,8,0.010799,True
grid_001776.txt,9,12,2,0.000441,True
grid_001778.txt,30,49,8,0.009925,True
grid_001780.txt,18,27,4,0.001905,True
grid_001782.txt,18,27,4,0.001465,True
grid_001784.txt,18,27,4,0.002255,True
grid_001786.txt,30,49,8,0.010786,True
grid_001788.txt,20,31,5,0.0023,True
grid_001790.txt,15,22,3,0.001212,True
grid_001792.txt,18,27,4,0.001728,True
grid_001794.txt,20,31,5,0.002259,True
grid_001796.txt,15,22,3,0.001049,True
grid_001798.txt,20,31,5,0.003214,True
grid_001800.txt,30,49,8,0.008547,True
grid_001802.txt,18,27,4,0.001407,True
grid_001804.txt,20,31,5,0.002398,True
grid_001806.txt,20,31,5,0.002239,True
grid_001808.txt,20,31,5,0.002045,True
grid_001810.txt,16,24,4,0.001695,True
grid_001812.txt,16,24,4,0.001407,True
grid_001814.txt,16,24,4,0.001343,True
grid_001816.txt,15,22,3,0.001141,True
grid_001818.txt,16,24,4,0.002173,True
grid_001820.txt,25,40,6,0.004843,True
grid_001822.txt,25,40,6,0.005342,True
grid_001824.txt,12,17,3,0.00088,True
grid_001826.txt,12,17,3,0.000762,True
grid_001828.txt,15,22,3,0.001072,True
grid_001830.txt,25,40,6,0.005142,True
grid_001832.txt,12,17,3,0.000714,True
grid_001834.txt,25,40,6,0.006536,True
grid_001836.txt,30,49,8,0.008572,True
grid_001838.txt,20,31,5,0.002052,True
grid_001840.txt,20,31,5,0.002887,True
grid_001842.txt,30,49,8,0.00966,True
grid_001844.txt,16,24,4,0.002154,True
grid_001846.txt,15,22,3,0.001129,True
grid_001848.txt,15,22,3,0.00108,True
grid_001850.txt,25,40,6,0.004836,True
grid_001852.txt,16,24,4,0.001377,True
grid_001854.txt,15,22,3,0.001061,True
grid_001856.txt,20,31,5,0.002062,True
grid_001858.txt,12,17,3,0.000716,True
grid_001860.txt,18,27,4,0.001404,True
grid_001862.txt,12,17,3,0.000703,True
grid_001864.txt,18,27,4,0.001393,True
grid_001866.txt,12,17,3,0.000692,True
grid_001868.txt,20,31,5,0.002084,True
grid_001870.txt,12,17,3,0.000701,True
grid_001872.txt,20,31,5,0.002332,True
grid_001874.txt,20,31,5,0.002249,True
grid_001876.txt,30,49,8,0.009002,True
grid_001878.txt,18,27,4,0.001494,True
grid_001880.txt,25,40,6,0.004797,True
grid_001882.txt,18,27,4,0.00143,True
grid_001884.txt,12,17,3,0.000708,True
grid_001886.txt,20,31,5,0.00264,True
grid_001888.txt,25,40,6,0.004797,True
grid_001890.txt,25,40,6,0.004936,True
grid_001892.txt,15,22,3,0.00106,True
grid_001894.txt,20,31,5,0.002269,True
grid_001896.txt,18,27,4,0.001412,True
grid_001898.txt,9,12,2,0.000418,True
grid_001900.txt,16,24,4,0.001348,True
grid_001902.txt,15,22,3,0.001056,True
grid_001904.txt,12,17,3,0.000782,True
grid_001906.txt,18,27,4,0.00237,True
grid_001908.txt,24,38,6,0.006593,True
grid_001910.txt,30,49,8,0.008295,True
grid_001912.txt,15,22,3,0.00105,True
grid_001914.txt,15,22,3,0.001041,True
grid_001916.txt,9,12,2,0.000428,True
grid_001918.txt,24,38,6,0.005055,True
grid_001920.txt,18,27,4,0.001414,True
grid_001922.txt,15,22,3,0.001042,True
grid_001924.txt,20,31,5,0.002275,True
grid_001926.txt,20,31,5,0.002043,True
grid_001928.txt,20,31,5,0.002278,True
grid_001930.txt,12,17,3,0.000705,True
grid_001932.txt,20,31,5,0.002336,True
grid_001934.txt,18,27,4,0.001373,True
grid_001936.txt,20,31,5,0.002898,True
grid_001938.txt,25,40,6,0.005053,True
grid_001940.txt,15,22,3,0.001987,True
grid_001942.txt,15,22,3,0.001861,True
grid_001944.txt,12,17,3,0.000771,True
grid_001946.txt,12,17,3,0.00071,True
grid_001948.txt,15,22,3,0.001122,True
grid_001950.txt,25,40,6,0.005515,True
grid_001952.txt,9,12,2,0.000511,True
grid_001954.txt,12,17,3,0.000705,True
grid_001956.txt,12,17,3,0.000735,True
grid_001958.txt,30,49,8,0.009891,True
grid_001960.txt,9,12,2,0.000437,True
grid_001962.txt,18,27,4,0.001448,True
grid_001964.txt,15,22,3,0.00103,True
grid_001966.txt,12,17,3,0.000748,True
grid_001968.txt,9,12,2,0.000528,True
grid_001970.txt,12,17,3,0.000693,True
grid_001972.txt,15,22,3,0.001398,True
grid_001974.txt,20,31,5,0.002335,True
grid_001976.txt,20,31,5,0.002362,True
grid_001978.txt,20,31,5,0.002101,True
grid_001980.txt,25,40,6,0.005494,True
grid_001982.txt,12,17,3,0.000708,True
grid_001984.txt,20,31,5,0.002366,True
grid_001986.txt,25,40,6,0.005599,True
grid_001988.txt,18,27,4,0.001499,True
grid_001990.txt,12,17,3,0.000842,True
grid_001992.txt,25,40,6,0.004911,True
grid_001994.txt,12,17,3,0.000744,True
grid_001996.txt,15,22,3,0.001004,True
grid_001998.txt,25,40,6,0.005807,True
tree_000001.txt,17,16,0,5.1e-05,True
tree_000003.txt,31,30,0,3.3e-05,True
tree_000005.txt,30,29,0,2.7e-05,True
tree_000007.txt,16,15,0,1.7e-05,True
tree_000009.txt,35,34,0,5.9e-05,True
tree_000011.txt,13,12,0,2.2e-05,True
tree_000013.txt,17,16,0,2.2e-05,True
tree_000015.txt,32,31,0,3.6e-05,True
tree_000017.txt,22,21,0,3.9e-05,True
tree_000019.txt,22,21,0,1.4e-05,True
tree_000021.txt,22,21,0,1.3e-05,True
tree_000023.txt,17,16,0,1e-05,True
tree_000025.txt,26,25,0,1.4e-05,True
tree_000027.txt,11,10,0,6e-06,True
tree_000029.txt,21,20,0,4.9e-05,True
tree_000031.txt,30,29,0,5.7e-05,True
tree_000033.txt,31,30,0,2.6e-05,True
tree_000035.txt,20,19,0,2e-05,True
tree_000037.txt,20,19,0,4.7e-05,True
tree_000039.txt,15,14,0,4.1e-05,True
tree_000041.txt,23,22,0,2.1e-05,True
tree_000043.txt,11,10,0,1e-05,True
tree_000045.txt,25,24,0,1.7e-05,True
tree_000047.txt,31,30,0,1.8e-05,True
tree_000049.txt,35,34,0,1.6e-05,True
tree_000051.txt,20,19,0,1.3e-05,True
tree_000053.txt,20,19,0,1.2e-05,True
tree_000055.txt,33,32,0,5.7e-05,True
tree_000057.txt,29,28,0,4.3e-05,True
tree_000059.txt,28,27,0,1.9e-05,True
tree_000061.txt,33,32,0,1.5e-05,True
tree_000063.txt,34,33,0,1.7e-05,True
tree_000065.txt,32,31,0,1.4e-05,True
tree_000067.txt,25,24,0,1.3e-05,True
tree_000069.txt,17,16,0,1e-05,True
tree_000071.txt,20,19,0,1.2e-05,True
tree_000073.txt,15,14,0,5e-05,True
tree_000075.txt,24,23,0,3.2e-05,True
tree_000077.txt,34,33,0,2.2e-05,True
tree_000079.txt,34,33,0,1.6e-05,True
tree_000081.txt,23,22,0,6.2e-05,True
tree_000083.txt,12,11,0,2.3e-05,True
tree_000085.txt,32,31,0,2.8e-05,True
tree_000087.txt,20,19,0,1.5e-05,True
tree_000089.txt,10,9,0,1e-05,True
tree_000091.txt,18,17,0,1.1e-05,True
tree_000093.txt,20,19,0,1.2e-05,True
tree_000095.txt,24,23,0,1.5e-05,True
tree_000097.txt,23,22,0,1.3e-05,True
tree_000099.txt,10,9,0,7e-06,True
tree_000101.txt,12,11,0,8e-06,True
tree_000103.txt,20,19,0,1.5e-05,True
tree_000105.txt,16,15,0,9e-06,True
tree_000107.txt,19,18,0,5.3e-05,True
tree_000109.txt,35,34,0,3.6e-05,True
tree_000111.txt,27,26,0,2.7e-05,True
tree_000113.txt,18,17,0,1.9e-05,True
tree_000115.txt,22,21,0,3e-05,True
tree_000117.txt,22,21,0,1.5e-05,True
tree_000119.txt,30,29,0,1.7e-05,True
tree_000121.txt,13,12,0,1.1e-05,True
tree_000123.txt,31,30,0,1.9e-05,True
tree_000125.txt,19,18,0,1.1e-05,True
tree_000127.txt,29,28,0,1.6e-05,True
tree_000129.txt,21,20,0,1.5e-05,True
tree_000131.txt,24,23,0,2.3e-05,True
tree_000133.txt,15,14,0,4.4e-05,True
tree_000135.txt,11,10,0,2.3e-05,True
tree_000137.txt,28,27,0,3.5e-05,True
tree_000139.txt,18,17,0,2.4e-05,True
tree_000141.txt,14,13,0,1.9e-05,True
tree_000143.txt,25,24,0,2.5e-05,True
tree_000145.txt,35,34,0,3.2e-05,True
tree_000147.txt,30,29,0,2.7e-05,True
tree_000149.txt,13,12,0,1.6e-05,True
tree_000151.txt,26,25,0,2.4e-05,True
tree_000153.txt,15,14,0,1.7e-05,True
tree_000155.txt,25,24,0,2.3e-05,True
tree_000157.txt,35,34,0,2.7e-05,True
tree_000159.txt,25,24,0,2.4e-05,True
tree_000161.txt,31,30,0,2.6e-05,True
tree_000163.txt,24,23,0,2.3e-05,True
tree_000165.txt,16,15,0,2.4e-05,True
tree_000167.txt,24,23,0,3e-05,True
tree_000169.txt,27,26,0,3e-05,True
tree_000171.txt,24,23,0,5.8e-05,True
tree_000173.txt,21,20,0,2.5e-05,True
tree_000175.txt,23,22,0,1.7e-05,True
tree_000177.txt,11,10,0,9e-06,True
tree_000179.txt,23,22,0,1.6e-05,True
tree_000181.txt,28,27,0,1.8e-05,True
tree_000183.txt,31,30,0,6.3e-05,True
tree_000185.txt,26,25,0,2.7e-05,True
tree_000187.txt,11,10,0,1e-05,True
tree_000189.txt,26,25,0,2.2e-05,True
tree_000191.txt,35,34,0,2.4e-05,True
tree_000193.txt,10,9,0,1e-05,True
tree_000195.txt,14,13,0,1.3e-05,True
tree_000197.txt,12,11,0,4.3e-05,True
tree_000199.txt,29,28,0,3.2e-05,True
tree_000201.txt,29,28,0,6.7e-05,True
tree_000203.txt,12,11,0,2.1e-05,True
tree_000205.txt,26,25,0,0.000103,True
tree_000207.txt,28,27,0,6.6e-05,True
tree_000209.txt,11,10,0,1.2e-05,True
tree_000211.txt,28,27,0,2.7e-05,True
tree_000213.txt,23,22,0,2e-05,True
tree_000215.txt,22,21,0,1.9e-05,True
tree_000217.txt,16,15,0,1.7e-05,True
tree_000219.txt,16,15,0,1.7e-05,True
tree_000221.txt,20,19,0,1.9e-05,True
tree_000223.txt,23,22,0,2.5e-05,True
tree_000225.txt,20,19,0,1.6e-05,True
tree_000227.txt,32,31,0,2.2e-05,True
tree_000229.txt,14,13,0,1.3e-05,True
tree_000231.txt,32,31,0,2.2e-05,True
tree_000233.txt,12,11,0,1e-05,True
tree_000235.txt,14,13,0,1.1e-05,True
tree_000237.txt,13,12,0,1.6e-05,True
tree_000239.txt,18,17,0,2.3e-05,True
tree_000241.txt,17,16,0,2.6e-05,True
tree_000243.txt,29,28,0,4.1e-05,True
tree_000245.txt,29,28,0,3.8e-05,True
tree_000247.txt,26,25,0,5.7e-05,True
tree_000249.txt,19,18,0,2.4e-05,True
tree_000251.txt,13,12,0,4.9e-05,True
tree_000253.txt,27,26,0,3.1e-05,True
tree_000255.txt,35,34,0,3.5e-05,True
tree_000257.txt,33,32,0,2.6e-05,True
tree_000259.txt,25,24,0,1.8e-05,True
tree_000261.txt,16,15,0,1.4e-05,True
tree_000263.txt,20,19,0,1.6e-05,True
tree_000265.txt,35,34,0,6.7e-05,True
tree_000267.txt,27,26,0,3.8e-05,True
tree_000269.txt,26,25,0,2.7e-05,True
tree_000271.txt,32,31,0,2.7e-05,True
tree_000273.txt,30,29,0,2.5e-05,True
tree_000275.txt,19,18,0,1.7e-05,True
tree_000277.txt,29,28,0,5.4e-05,True
tree_000279.txt,14,13,0,1.8e-05,True
tree_000281.txt,32,31,0,5.2e-05,True
tree_000283.txt,14,13,0,1.5e-05,True
tree_000285.txt,10,9,0,1.2e-05,True
tree_000287.txt,26,25,0,2.1e-05,True
tree_000289.txt,24,23,0,4.7e-05,True
tree_000291.txt,27,26,0,2.8e-05,True
tree_000293.txt,16,15,0,1.7e-05,True
tree_000295.txt,17,16,0,4.3e-05,True
tree_000297.txt,29,28,0,2e-05,True
tree_000299.txt,20,19,0,1.3e-05,True
tree_000301.txt,34,33,0,1.5e-05,True
tree_000303.txt,33,32,0,1.3e-05,True
tree_000305.txt,32,31,0,5.3e-05,True
tree_000307.txt,27,26,0,4.4e-05,True
tree_000309.txt,15,14,0,2.4e-05,True
tree_000311.txt,18,17,0,2.1e-05,True
tree_000313.txt,35,34,0,6.2e-05,True
tree_000315.txt,18,17,0,2.1e-05,True
tree_000317.txt,15,14,0,1.4e-05,True
tree_000319.txt,34,33,0,2.4e-05,True
tree_000321.txt,29,28,0,1.7e-05,True
tree_000323.txt,20,19,0,1.5e-05,True
tree_000325.txt,34,33,0,1.9e-05,True
tree_000327.txt,29,28,0,1.7e-05,True
tree_000329.txt,30,29,0,1.7e-05,True
tree_000331.txt,27,26,0,1.5e-05,True
tree_000333.txt,34,33,0,1.8e-05,True
tree_000335.txt,34,33,0,1.7e-05,True
tree_000337.txt,30,29,0,1.7e-05,True
tree_000339.txt,23,22,0,1.6e-05,True
tree_000341.txt,25,24,0,1.4e-05,True
tree_000343.txt,26,25,0,1.3e-05,True
tree_000345.txt,23,22,0,1.7e-05,True
tree_000347.txt,34,33,0,2e-05,True
tree_000349.txt,15,14,0,1.3e-05,True
tree_000351.txt,12,11,0,9e-06,True
tree_000353.txt,25,24,0,2.3e-05,True
tree_000355.txt,34,33,0,2.9e-05,True
tree_000357.txt,13,12,0,1e-05,True
tree_000359.txt,29,28,0,2.1e-05,True
tree_000361.txt,15,14,0,1.1e-05,True
tree_000363.txt,15,14,0,9e-06,True
tree_000365.txt,10,9,0,8e-06,True
tree_000367.txt,28,27,0,1.7e-05,True
tree_000369.txt,17,16,0,1.1e-05,True
tree_000371.txt,12,11,0,1e-05,True
tree_000373.txt,22,21,0,1.7e-05,True
tree_000375.txt,28,27,0,1.6e-05,True
tree_000377.txt,12,11,0,8e-06,True
tree_000379.txt,14,13,0,1e-05,True
tree_000381.txt,35,34,0,2.1e-05,True
tree_000383.txt,10,9,0,7e-06,True
tree_000385.txt,24,23,0,1.5e-05,True
tree_000387.txt,11,10,0,8e-06,True
tree_000389.txt,31,30,0,1.7e-05,True
tree_000391.txt,29,28,0,1.5e-05,True
tree_000393.txt,21,20,0,1.3e-05,True
tree_000395.txt,11,10,0,7e-06,True
tree_000397.txt,30,29,0,2.5e-05,True
tree_000399.txt,32,31,0,2e-05,True
tree_000401.txt,26,25,0,1.4e-05,True
tree_000403.txt,34,33,0,1.7e-05,True
tree_000405.txt,12,11,0,1e-05,True
tree_000407.txt,33,32,0,1.8e-05,True
tree_000409.txt,20,19,0,1.5e-05,True
tree_000411.txt,14,13,0,1e-05,True
tree_000413.txt,20,19,0,1.3e-05,True
tree_000415.txt,24,23,0,1.7e-05,True
tree_000417.txt,15,14,0,1.9e-05,True
tree_000419.txt,34,33,0,2.4e-05,True
tree_000421.txt,31,30,0,2.1e-05,True
tree_000423.txt,34,33,0,2.1e-05,True
tree_000425.txt,31,30,0,3.2e-05,True
tree_000427.txt,28,27,0,2.5e-05,True
tree_000429.txt,14,13,0,1.4e-05,True
tree_000431.txt,19,18,0,1.2e-05,True
tree_000433.txt,26,25,0,1.6e-05,True
tree_000435.txt,35,34,0,2e-05,True
tree_000437.txt,33,32,0,1.6e-05,True
tree_000439.txt,34,33,0,1.7e-05,True
tree_000441.txt,23,22,0,1.2e-05,True
tree_000443.txt,35,34,0,2e-05,True
tree_000445.txt,23,22,0,1.4e-05,True
tree_000447.txt,30,29,0,1.8e-05,True
tree_000449.txt,31,30,0,1.7e-05,True
tree_000451.txt,10,9,0,1.6e-05,True
tree_000453.txt,33,32,0,2.3e-05,True
tree_000455.txt,23,22,0,3.1e-05,True
tree_000457.txt,14,13,0,1.1e-05,True
tree_000459.txt,12,11,0,1e-05,True
tree_000461.txt,20,19,0,1.2e-05,True
tree_000463.txt,11,10,0,7e-06,True
tree_000465.txt,19,18,0,1.1e-05,True
tree_000467.txt,15,14,0,1e-05,True
tree_000469.txt,16,15,0,2.9e-05,True
tree_000471.txt,24,23,0,1.7e-05,True
tree_000473.txt,13,12,0,8e-06,True
tree_000475.txt,33,32,0,2.7e-05,True
tree_000477.txt,24,23,0,2.1e-05,True
tree_000479.txt,12,11,0,1e-05,True
tree_000481.txt,27,26,0,1.7e-05,True
tree_000483.txt,17,16,0,1.1e-05,True
tree_000485.txt,19,18,0,1.2e-05,True
tree_000487.txt,26,25,0,1.5e-05,True
tree_000489.txt,34,33,0,1.8e-05,True
tree_000491.txt,10,9,0,1e-05,True
tree_000493.txt,19,18,0,1.4e-05,True
tree_000495.txt,25,24,0,3.3e-05,True
tree_000497.txt,14,13,0,1.8e-05,True
tree_000499.txt,12,11,0,1.4e-05,True
tree_000501.txt,12,11,0,1.3e-05,True
tree_000503.txt,15,14,0,1.5e-05,True
tree_000505.txt,14,13,0,1.1e-05,True
tree_000507.txt,15,14,0,1.3e-05,True
tree_000509.txt,14,13,0,1.1e-05,True
tree_000511.txt,12,11,0,1e-05,True
tree_000513.txt,18,17,0,1.6e-05,True
tree_000515.txt,26,25,0,2e-05,True
tree_000517.txt,28,27,0,2.3e-05,True
tree_000519.txt,33,32,0,2.8e-05,True
tree_000521.txt,33,32,0,2e-05,True
tree_000523.txt,26,25,0,1.6e-05,True
tree_000525.txt,35,34,0,2.7e-05,True
tree_000527.txt,25,24,0,1.7e-05,True
tree_000529.txt,22,21,0,1.7e-05,True
tree_000531.txt,11,10,0,9e-06,True
tree_000533.txt,18,17,0,1.4e-05,True
tree_000535.txt,31,30,0,2.2e-05,True
tree_000537.txt,10,9,0,9e-06,True
tree_000539.txt,13,12,0,1.1e-05,True
tree_000541.txt,25,24,0,2e-05,True
tree_000543.txt,34,33,0,3.1e-05,True
tree_000545.txt,13,12,0,1.3e-05,True
tree_000547.txt,30,29,0,2.5e-05,True
tree_000549.txt,15,14,0,1.3e-05,True
tree_000551.txt,18,17,0,1.5e-05,True
tree_000553.txt,12,11,0,2.1e-05,True
tree_000555.txt,21,20,0,7.1e-05,True
tree_000557.txt,24,23,0,2.5e-05,True
tree_000559.txt,11,10,0,4.3e-05,True
tree_000561.txt,31,30,0,3.5e-05,True
tree_000563.txt,30,29,0,4.5e-05,True
tree_000565.txt,30,29,0,2.4e-05,True
tree_000567.txt,21,20,0,2.2e-05,True
tree_000569.txt,23,22,0,2.4e-05,True
tree_000571.txt,24,23,0,2.7e-05,True
tree_000573.txt,23,22,0,6.6e-05,True
tree_000575.txt,34,33,0,7.4e-05,True
tree_000577.txt,23,22,0,5.6e-05,True
tree_000579.txt,19,18,0,2.6e-05,True
tree_000581.txt,21,20,0,2.5e-05,True
tree_000583.txt,16,15,0,2.1e-05,True
tree_000585.txt,31,30,0,3.9e-05,True
tree_000587.txt,20,19,0,2.1e-05,True
tree_000589.txt,18,17,0,2e-05,True
tree_000591.txt,35,34,0,3.1e-05,True
tree_000593.txt,28,27,0,2.4e-05,True
tree_000595.txt,35,34,0,3.3e-05,True
tree_000597.txt,35,34,0,4.3e-05,True
tree_000599.txt,29,28,0,3.6e-05,True
tree_000601.txt,31,30,0,3.3e-05,True
tree_000603.txt,25,24,0,2.9e-05,True
tree_000605.txt,33,32,0,2.4e-05,True
tree_000607.txt,27,26,0,6e-05,True
tree_000609.txt,29,28,0,3.3e-05,True
tree_000611.txt,23,22,0,5.8e-05,True
tree_000613.txt,13,12,0,2.8e-05,True
tree_000615.txt,10,9,0,2.9e-05,True
tree_000617.txt,12,11,0,1.9e-05,True
tree_000619.txt,32,31,0,7e-05,True
tree_000621.txt,22,21,0,3.2e-05,True
tree_000623.txt,19,18,0,7e-05,True
tree_000625.txt,16,15,0,2.2e-05,True
tree_000627.txt,15,14,0,1.8e-05,True
tree_000629.txt,20,19,0,2.7e-05,True
tree_000631.txt,18,17,0,4.3e-05,True
tree_000633.txt,20,19,0,2.1e-05,True
tree_000635.txt,20,19,0,2e-05,True
tree_000637.txt,34,33,0,3.1e-05,True
tree_000639.txt,26,25,0,2.2e-05,True
tree_000641.txt,23,22,0,1.8e-05,True
tree_000643.txt,22,21,0,2e-05,True
tree_000645.txt,27,26,0,4e-05,True
tree_000647.txt,27,26,0,7.6e-05,True
tree_000649.txt,25,24,0,6.1e-05,True
tree_000651.txt,18,17,0,5.3e-05,True
tree_000653.txt,14,13,0,2.6e-05,True
tree_000655.txt,21,20,0,2.6e-05,True
tree_000657.txt,11,10,0,1.5e-05,True
tree_000659.txt,27,26,0,3.5e-05,True
tree_000661.txt,33,32,0,3e-05,True
tree_000663.txt,35,34,0,3e-05,True
tree_000665.txt,10,9,0,1.5e-05,True
tree_000667.txt,19,18,0,1.9e-05,True
tree_000669.txt,12,11,0,1.4e-05,True
tree_000671.txt,29,28,0,3.5e-05,True
tree_000673.txt,16,15,0,1.6e-05,True
tree_000675.txt,32,31,0,2.7e-05,True
tree_000677.txt,15,14,0,1.4e-05,True
tree_000679.txt,23,22,0,2.4e-05,True
tree_000681.txt,26,25,0,2.2e-05,True
tree_000683.txt,22,21,0,1.8e-05,True
tree_000685.txt,15,14,0,1.6e-05,True
tree_000687.txt,13,12,0,1.5e-05,True
tree_000689.txt,21,20,0,2.2e-05,True
tree_000691.txt,10,9,0,1.4e-05,True
tree_000693.txt,21,20,0,2.3e-05,True
tree_000695.txt,23,22,0,2.4e-05,True
tree_000697.txt,11,10,0,1.2e-05,True
tree_000699.txt,21,20,0,2.5e-05,True
tree_000701.txt,26,25,0,2.8e-05,True
tree_000703.txt,14,13,0,1.4e-05,True
tree_000705.txt,20,19,0,2.3e-05,True
tree_000707.txt,24,23,0,2.3e-05,True
tree_000709.txt,32,31,0,6.6e-05,True
tree_000711.txt,22,21,0,2.6e-05,True
tree_000713.txt,30,29,0,3.1e-05,True
tree_000715.txt,27,26,0,1.7e-05,True
tree_000717.txt,20,19,0,1.3e-05,True
tree_000719.txt,31,30,0,2.8e-05,True
tree_000721.txt,21,20,0,1.4e-05,True
tree_000723.txt,26,25,0,6e-05,True
tree_000725.txt,27,26,0,3.5e-05,True
tree_000727.txt,15,14,0,2e-05,True
tree_000729.txt,33,32,0,3.1e-05,True
tree_000731.txt,22,21,0,2.4e-05,True
tree_000733.txt,31,30,0,2.4e-05,True
tree_000735.txt,12,11,0,1.3e-05,True
tree_000737.txt,35,34,0,2.5e-05,True
tree_000739.txt,24,23,0,2e-05,True
tree_000741.txt,12,11,0,1.2e-05,True
tree_000743.txt,11,10,0,1.2e-05,True
tree_000745.txt,22,21,0,2.5e-05,True
tree_000747.txt,15,14,0,2.1e-05,True
tree_000749.txt,14,13,0,1.4e-05,True
tree_000751.txt,22,21,0,2.2e-05,True
tree_000753.txt,13,12,0,1.7e-05,True
tree_000755.txt,23,22,0,2.2e-05,True
tree_000757.txt,28,27,0,2.3e-05,True
tree_000759.txt,31,30,0,2.5e-05,True
tree_000761.txt,13,12,0,1.2e-05,True
tree_000763.txt,12,11,0,1.4e-05,True
tree_000765.txt,17,16,0,1.6e-05,True
tree_000767.txt,21,20,0,2.1e-05,True
tree_000769.txt,32,31,0,2.9e-05,True
tree_000771.txt,14,13,0,1.6e-05,True
tree_000773.txt,26,25,0,2.2e-05,True
tree_000775.txt,28,27,0,2.2e-05,True
tree_000777.txt,25,24,0,2e-05,True
tree_000779.txt,13,12,0,1.2e-05,True
tree_000781.txt,22,21,0,1.8e-05,True
tree_000783.txt,15,14,0,1.3e-05,True
tree_000785.txt,21,20,0,1.8e-05,True
tree_000787.txt,32,31,0,4.3e-05,True
tree_000789.txt,31,30,0,2.5e-05,True
tree_000791.txt,17,16,0,1.3e-05,True
tree_000793.txt,10,9,0,9e-06,True
tree_000795.txt,22,21,0,2.4e-05,True
tree_000797.txt,10,9,0,1.3e-05,True
tree_000799.txt,23,22,0,2e-05,True
tree_000801.txt,25,24,0,1.7e-05,True
tree_000803.txt,15,14,0,1.4e-05,True
tree_000805.txt,29,28,0,2.4e-05,True
tree_000807.txt,27,26,0,2.1e-05,True
tree_000809.txt,30,29,0,3.9e-05,True
tree_000811.txt,22,21,0,2.2e-05,True
tree_000813.txt,28,27,0,2.6e-05,True
tree_000815.txt,26,25,0,5.9e-05,True
tree_000817.txt,20,19,0,2.4e-05,True
tree_000819.txt,23,22,0,2.6e-05,True
tree_000821.txt,24,23,0,2.2e-05,True
tree_000823.txt,27,26,0,2.2e-05,True
tree_000825.txt,13,12,0,1.7e-05,True
tree_000827.txt,27,26,0,2.2e-05,True
tree_000829.txt,24,23,0,1.9e-05,True
tree_000831.txt,30,29,0,2.2e-05,True
tree_000833.txt,17,16,0,1.6e-05,True
tree_000835.txt,13,12,0,1.3e-05,True
tree_000837.txt,30,29,0,2.5e-05,True
tree_000839.txt,25,24,0,1.8e-05,True
tree_000841.txt,26,25,0,1.6e-05,True
tree_000843.txt,23,22,0,1.5e-05,True
tree_000845.txt,31,30,0,2e-05,True
tree_000847.txt,17,16,0,1.5e-05,True
tree_000849.txt,14,13,0,1.3e-05,True
tree_000851.txt,28,27,0,3.1e-05,True
tree_000853.txt,23,22,0,2.3e-05,True
tree_000855.txt,34,33,0,3e-05,True
tree_000857.txt,13,12,0,1.5e-05,True
tree_000859.txt,35,34,0,2.8e-05,True
tree_000861.txt,19,18,0,1.5e-05,True
tree_000863.txt,13,12,0,1.1e-05,True
tree_000865.txt,31,30,0,2.4e-05,True
tree_000867.txt,30,29,0,2.1e-05,True
tree_000869.txt,35,34,0,2.2e-05,True
tree_000871.txt,12,11,0,1.6e-05,True
tree_000873.txt,30,29,0,2.4e-05,True
tree_000875.txt,34,33,0,2.8e-05,True
tree_000877.txt,34,33,0,2.4e-05,True
tree_000879.txt,16,15,0,1.7e-05,True
tree_000881.txt,19,18,0,1.6e-05,True
tree_000883.txt,21,20,0,1.7e-05,True
tree_000885.txt,16,15,0,1.4e-05,True
tree_000887.txt,15,14,0,1.4e-05,True
tree_000889.txt,30,29,0,2.3e-05,True
tree_000891.txt,31,30,0,2.1e-05,True
tree_000893.txt,22,21,0,1.8e-05,True
tree_000895.txt,22,21,0,1.5e-05,True
tree_000897.txt,11,10,0,1.1e-05,True
tree_000899.txt,17,16,0,5.1e-05,True
tree_000901.txt,14,13,0,2.5e-05,True
tree_000903.txt,12,11,0,2.6e-05,True
tree_000905.txt,19,18,0,1.5e-05,True
tree_000907.txt,21,20,0,1.5e-05,True
tree_000909.txt,28,27,0,1.9e-05,True
tree_000911.txt,19,18,0,1.4e-05,True
tree_000913.txt,30,29,0,1.9e-05,True
tree_000915.txt,20,19,0,1.7e-05,True
tree_000917.txt,16,15,0,1.5e-05,True
tree_000919.txt,34,33,0,2e-05,True
tree_000921.txt,25,24,0,1.5e-05,True
tree_000923.txt,16,15,0,1.2e-05,True
tree_000925.txt,23,22,0,1.4e-05,True
tree_000927.txt,29,28,0,1.9e-05,True
tree_000929.txt,11,10,0,9e-06,True
tree_000931.txt,12,11,0,1e-05,True
tree_000933.txt,13,12,0,1e-05,True
tree_000935.txt,21,20,0,1.7e-05,True
tree_000937.txt,19,18,0,5.3e-05,True
tree_000939.txt,18,17,0,1.8e-05,True
tree_000941.txt,30,29,0,2.4e-05,True
tree_000943.txt,23,22,0,1.8e-05,True
tree_000945.txt,34,33,0,2.3e-05,True
tree_000947.txt,17,16,0,1.4e-05,True
tree_000949.txt,23,22,0,1.6e-05,True
tree_000951.txt,29,28,0,6.7e-05,True
tree_000953.txt,26,25,0,2.9e-05,True
tree_000955.txt,15,14,0,1.8e-05,True
tree_000957.txt,22,21,0,2.1e-05,True
tree_000959.txt,12,11,0,1.1e-05,True
tree_000961.txt,27,26,0,2.1e-05,True
tree_000963.txt,27,26,0,2.1e-05,True
tree_000965.txt,20,19,0,1.8e-05,True
tree_000967.txt,18,17,0,1.8e-05,True
tree_000969.txt,32,31,0,3.1e-05,True
tree_000971.txt,18,17,0,1.8e-05,True
tree_000973.txt,17,16,0,4.8e-05,True
tree_000975.txt,28,27,0,2.7e-05,True
tree_000977.txt,30,29,0,2.2e-05,True
tree_000979.txt,28,27,0,2.5e-05,True
tree_000981.txt,16,15,0,2.5e-05,True
tree_000983.txt,33,32,0,2.8e-05,True
tree_000985.txt,30,29,0,3.3e-05,True
tree_000987.txt,11,10,0,1.3e-05,True
tree_000989.txt,24,23,0,2.1e-05,True
tree_000991.txt,19,18,0,9.5e-05,True
tree_000993.txt,17,16,0,2.5e-05,True
tree_000995.txt,27,26,0,2.3e-05,True
tree_000997.txt,15,14,0,1.6e-05,True
tree_000999.txt,25,24,0,2.2e-05,True
tree_001001.txt,29,28,0,6.9e-05,True
tree_001003.txt,30,29,0,3.9e-05,True
tree_001005.txt,27,26,0,3.4e-05,True
tree_001007.txt,22,21,0,6e-05,True
tree_001009.txt,29,28,0,6.7e-05,True
tree_001011.txt,25,24,0,7e-05,True
tree_001013.txt,17,16,0,3.4e-05,True
tree_001015.txt,29,28,0,3.7e-05,True
tree_001017.txt,35,34,0,3.5e-05,True
tree_001019.txt,27,26,0,2.5e-05,True
tree_001021.txt,33,32,0,7.3e-05,True
tree_001023.txt,16,15,0,6.3e-05,True
tree_001025.txt,23,22,0,6e-05,True
tree_001027.txt,18,17,0,2.7e-05,True
tree_001029.txt,29,28,0,3.4e-05,True
tree_001031.txt,20,19,0,2.5e-05,True
tree_001033.txt,21,20,0,2.3e-05,True
tree_001035.txt,24,23,0,3.1e-05,True
tree_001037.txt,12,11,0,1.4e-05,True
tree_001039.txt,33,32,0,3.6e-05,True
tree_001041.txt,23,22,0,2.6e-05,True
tree_001043.txt,16,15,0,2.3e-05,True
tree_001045.txt,17,16,0,5.3e-05,True
tree_001047.txt,30,29,0,6.3e-05,True
tree_001049.txt,13,12,0,4.2e-05,True
tree_001051.txt,27,26,0,4.5e-05,True
tree_001053.txt,14,13,0,2e-05,True
tree_001055.txt,12,11,0,1.5e-05,True
tree_001057.txt,11,10,0,4.6e-05,True
tree_001059.txt,28,27,0,3.9e-05,True
tree_001061.txt,12,11,0,2.2e-05,True
tree_001063.txt,25,24,0,2.8e-05,True
tree_001065.txt,33,32,0,2.9e-05,True
tree_001067.txt,23,22,0,1.8e-05,True
tree_001069.txt,32,31,0,6.5e-05,True
tree_001071.txt,32,31,0,3.9e-05,True
tree_001073.txt,24,23,0,2.4e-05,True
tree_001075.txt,26,25,0,2.6e-05,True
tree_001077.txt,31,30,0,2.8e-05,True
tree_001079.txt,24,23,0,1.8e-05,True
tree_001081.txt,34,33,0,3.4e-05,True
tree_001083.txt,27,26,0,2.1e-05,True
tree_001085.txt,31,30,0,2.4e-05,True
tree_001087.txt,14,13,0,1.3e-05,True
tree_001089.txt,20,19,0,1.7e-05,True
tree_001091.txt,19,18,0,1.8e-05,True
tree_001093.txt,33,32,0,3.5e-05,True
tree_001095.txt,20,19,0,1.7e-05,True
tree_001097.txt,22,21,0,1.8e-05,True
tree_001099.txt,24,23,0,1.8e-05,True
tree_001101.txt,22,21,0,1.8e-05,True
tree_001103.txt,30,29,0,2.5e-05,True
tree_001105.txt,32,31,0,2.8e-05,True
tree_001107.txt,20,19,0,1.7e-05,True
tree_001109.txt,23,22,0,3.1e-05,True
tree_001111.txt,25,24,0,2.3e-05,True
tree_001113.txt,25,24,0,6.1e-05,True
tree_001115.txt,34,33,0,3.5e-05,True
tree_001117.txt,33,32,0,2.4e-05,True
tree_001119.txt,19,18,0,2.3e-05,True
tree_001121.txt,31,30,0,6.2e-05,True
tree_001123.txt,21,20,0,4.2e-05,True
tree_001125.txt,30,29,0,4.9e-05,True
tree_001127.txt,27,26,0,2.1e-05,True
tree_001129.txt,21,20,0,1.8e-05,True
tree_001131.txt,33,32,0,2.2e-05,True
tree_001133.txt,23,22,0,1.6e-05,True
tree_001135.txt,19,18,0,1.4e-05,True
tree_001137.txt,23,22,0,1.7e-05,True
tree_001139.txt,29,28,0,1.8e-05,True
tree_001141.txt,17,16,0,1.2e-05,True
tree_001143.txt,10,9,0,8e-06,True
tree_001145.txt,23,22,0,1.5e-05,True
tree_001147.txt,29,28,0,1.8e-05,True
tree_001149.txt,20,19,0,1.3e-05,True
tree_001151.txt,29,28,0,1.6e-05,True
tree_001153.txt,26,25,0,1.6e-05,True
tree_001155.txt,32,31,0,1.9e-05,True
tree_001157.txt,28,27,0,1.6e-05,True
tree_001159.txt,28,27,0,1.5e-05,True
tree_001161.txt,13,12,0,1e-05,True
tree_001163.txt,17,16,0,1.2e-05,True
tree_001165.txt,15,14,0,1.1e-05,True
tree_001167.txt,34,33,0,2e-05,True
tree_001169.txt,28,27,0,1.7e-05,True
tree_001171.txt,18,17,0,1.2e-05,True
tree_001173.txt,27,26,0,6.7e-05,True
tree_001175.txt,22,21,0,6e-05,True
tree_001177.txt,24,23,0,8.5e-05,True
tree_001179.txt,14,13,0,3.2e-05,True
tree_001181.txt,19,18,0,2.3e-05,True
tree_001183.txt,10,9,0,1.5e-05,True
tree_001185.txt,26,25,0,2.9e-05,True
tree_001187.txt,11,10,0,1.4e-05,True
tree_001189.txt,22,21,0,2.3e-05,True
tree_001191.txt,34,33,0,3.1e-05,True
tree_001193.txt,28,27,0,2.5e-05,True
tree_001195.txt,30,29,0,2.2e-05,True
tree_001197.txt,25,24,0,2.7e-05,True
tree_001199.txt,35,34,0,2.9e-05,True
tree_001201.txt,34,33,0,2.6e-05,True
tree_001203.txt,14,13,0,2.3e-05,True
tree_001205.txt,19,18,0,1.8e-05,True
tree_001207.txt,23,22,0,2.5e-05,True
tree_001209.txt,17,16,0,2e-05,True
tree_001211.txt,31,30,0,3e-05,True
tree_001213.txt,35,34,0,3e-05,True
tree_001215.txt,32,31,0,2.8e-05,True
tree_001217.txt,12,11,0,1.5e-05,True
tree_001219.txt,35,34,0,3.1e-05,True
tree_001221.txt,31,30,0,3e-05,True
tree_001223.txt,27,26,0,2.6e-05,True
tree_001225.txt,31,30,0,2.6e-05,True
tree_001227.txt,16,15,0,2.4e-05,True
tree_001229.txt,14,13,0,1.9e-05,True
tree_001231.txt,25,24,0,3.1e-05,True
tree_001233.txt,15,14,0,1.6e-05,True
tree_001235.txt,34,33,0,4.6e-05,True
tree_001237.txt,18,17,0,2e-05,True
tree_001239.txt,32,31,0,2.8e-05,True
tree_001241.txt,29,28,0,2.7e-05,True
tree_001243.txt,14,13,0,1.3e-05,True
tree_001245.txt,22,21,0,2.3e-05,True
tree_001247.txt,28,27,0,2.5e-05,True
tree_001249.txt,22,21,0,2.1e-05,True
tree_001251.txt,32,31,0,2.8e-05,True
tree_001253.txt,17,16,0,2e-05,True
tree_001255.txt,28,27,0,2.7e-05,True
tree_001257.txt,25,24,0,2e-05,True
tree_001259.txt,23,22,0,2e-05,True
tree_001261.txt,22,21,0,2.4e-05,True
tree_001263.txt,21,20,0,1.8e-05,True
tree_001265.txt,30,29,0,3e-05,True
tree_001267.txt,26,25,0,1.8e-05,True
tree_001269.txt,25,24,0,2e-05,True
tree_001271.txt,25,24,0,2e-05,True
tree_001273.txt,26,25,0,2.1e-05,True
tree_001275.txt,31,30,0,2.3e-05,True
tree_001277.txt,31,30,0,2.6e-05,True
tree_001279.txt,29,28,0,2.8e-05,True
tree_001281.txt,31,30,0,2.8e-05,True
tree_001283.txt,33,32,0,2.8e-05,True
tree_001285.txt,31,30,0,2.9e-05,True
tree_001287.txt,23,22,0,3.1e-05,True
tree_001289.txt,20,19,0,2.5e-05,True
tree_001291.txt,10,9,0,1.6e-05,True
tree_001293.txt,12,11,0,1.6e-05,True
tree_001295.txt,13,12,0,1.9e-05,True
tree_001297.txt,14,13,0,2e-05,True
tree_001299.txt,13,12,0,1.6e-05,True
tree_001301.txt,14,13,0,4.5e-05,True
tree_001303.txt,22,21,0,5.2e-05,True
tree_001305.txt,30,29,0,3.8e-05,True
tree_001307.txt,26,25,0,3.2e-05,True
tree_001309.txt,24,23,0,2.9e-05,True
tree_001311.txt,21,20,0,2.5e-05,True
tree_001313.txt,22,21,0,2.7e-05,True
tree_001315.txt,23,22,0,2.7e-05,True
tree_001317.txt,12,11,0,1.9e-05,True
tree_001319.txt,33,32,0,3.3e-05,True
tree_001321.txt,22,21,0,2.6e-05,True
tree_001323.txt,26,25,0,2.6e-05,True
tree_001325.txt,11,10,0,2.5e-05,True
tree_001327.txt,21,20,0,3.2e-05,True
tree_001329.txt,35,34,0,3.7e-05,True
tree_001331.txt,14,13,0,2.5e-05,True
tree_001333.txt,13,12,0,2.1e-05,True
tree_001335.txt,22,21,0,2.6e-05,True
tree_001337.txt,17,16,0,2.7e-05,True
tree_001339.txt,27,26,0,2.9e-05,True
tree_001341.txt,23,22,0,2.6e-05,True
tree_001343.txt,24,23,0,2.5e-05,True
tree_001345.txt,18,17,0,2.1e-05,True
tree_001347.txt,31,30,0,3.8e-05,True
tree_001349.txt,18,17,0,2.6e-05,True
tree_001351.txt,25,24,0,3.4e-05,True
tree_001353.txt,24,23,0,3e-05,True
tree_001355.txt,26,25,0,2.9e-05,True
tree_001357.txt,15,14,0,2.3e-05,True
tree_001359.txt,28,27,0,2.6e-05,True
tree_001361.txt,11,10,0,1.6e-05,True
tree_001363.txt,24,23,0,2.4e-05,True
tree_001365.txt,32,31,0,3.4e-05,True
tree_001367.txt,24,23,0,2.6e-05,True
tree_001369.txt,33,32,0,4.3e-05,True
tree_001371.txt,25,24,0,2.7e-05,True
tree_001373.txt,28,27,0,3.1e-05,True
tree_001375.txt,27,26,0,2.9e-05,True
tree_001377.txt,34,33,0,3.1e-05,True
tree_001379.txt,17,16,0,2e-05,True
tree_001381.txt,14,13,0,1.8e-05,True
tree_001383.txt,12,11,0,1.6e-05,True
tree_001385.txt,27,26,0,2.8e-05,True
tree_001387.txt,19,18,0,2.5e-05,True
tree_001389.txt,26,25,0,2.9e-05,True
tree_001391.txt,23,22,0,5.9e-05,True
tree_001393.txt,32,31,0,3.5e-05,True
tree_001395.txt,33,32,0,2.7e-05,True
tree_001397.txt,24,23,0,2e-05,True
tree_001399.txt,18,17,0,1.8e-05,True
tree_001401.txt,13,12,0,9e-06,True
tree_001403.txt,20,19,0,2.9e-05,True
tree_001405.txt,10,9,0,1.1e-05,True
tree_001407.txt,27,26,0,2.4e-05,True
tree_001409.txt,12,11,0,8.7e-05,True
tree_001411.txt,35,34,0,2.8e-05,True
tree_001413.txt,33,32,0,2.1e-05,True
tree_001415.txt,27,26,0,1.8e-05,True
tree_001417.txt,19,18,0,1.6e-05,True
tree_001419.txt,24,23,0,1.8e-05,True
tree_001421.txt,33,32,0,3e-05,True
tree_001423.txt,25,24,0,1.7e-05,True
tree_001425.txt,23,22,0,1.8e-05,True
tree_001427.txt,23,22,0,1.7e-05,True
tree_001429.txt,20,19,0,1.2e-05,True
tree_001431.txt,12,11,0,8e-06,True
tree_001433.txt,16,15,0,1.6e-05,True
tree_001435.txt,31,30,0,2.1e-05,True
tree_001437.txt,26,25,0,2.3e-05,True
tree_001439.txt,35,34,0,1.9e-05,True
tree_001441.txt,11,10,0,8e-06,True
tree_001443.txt,29,28,0,1.7e-05,True
tree_001445.txt,24,23,0,1.5e-05,True
tree_001447.txt,20,19,0,1.6e-05,True
tree_001449.txt,28,27,0,1.6e-05,True
tree_001451.txt,24,23,0,1.9e-05,True
tree_001453.txt,31,30,0,2.2e-05,True
tree_001455.txt,22,21,0,1.5e-05,True
tree_001457.txt,18,17,0,1.1e-05,True
tree_001459.txt,13,12,0,3.7e-05,True
tree_001461.txt,15,14,0,1.7e-05,True
tree_001463.txt,31,30,0,2.1e-05,True
tree_001465.txt,33,32,0,1.6e-05,True
tree_001467.txt,14,13,0,7e-06,True
tree_001469.txt,28,27,0,1.4e-05,True
tree_001471.txt,26,25,0,1.5e-05,True
tree_001473.txt,12,11,0,1e-05,True
tree_001475.txt,14,13,0,1.2e-05,True
tree_001477.txt,26,25,0,2e-05,True
tree_001479.txt,21,20,0,1.7e-05,True
tree_001481.txt,29,28,0,1.7e-05,True
tree_001483.txt,21,20,0,1.3e-05,True
tree_001485.txt,22,21,0,1.6e-05,True
tree_001487.txt,25,24,0,1.4e-05,True
tree_001489.txt,15,14,0,1e-05,True
tree_001491.txt,29,28,0,1.6e-05,True
tree_001493.txt,20,19,0,1.3e-05,True
tree_001495.txt,31,30,0,1.7e-05,True
tree_001497.txt,16,15,0,1.1e-05,True
tree_001499.txt,27,26,0,1.7e-05,True
tree_001501.txt,35,34,0,6.3e-05,True
tree_001503.txt,10,9,0,1.4e-05,True
tree_001505.txt,33,32,0,2.4e-05,True
tree_001507.txt,29,28,0,1.9e-05,True
tree_001509.txt,23,22,0,1.4e-05,True
tree_001511.txt,30,29,0,1.6e-05,True
tree_001513.txt,32,31,0,1.8e-05,True
tree_001515.txt,21,20,0,1.2e-05,True
tree_001517.txt,27,26,0,1.6e-05,True
tree_001519.txt,21,20,0,1.6e-05,True
tree_001521.txt,21,20,0,1.8e-05,True
tree_001523.txt,14,13,0,1.2e-05,True
tree_001525.txt,27,26,0,2.7e-05,True
tree_001527.txt,15,14,0,1.9e-05,True
tree_001529.txt,23,22,0,1.9e-05,True
tree_001531.txt,10,9,0,1e-05,True
tree_001533.txt,17,16,0,1.3e-05,True
tree_001535.txt,19,18,0,1.2e-05,True
tree_001537.txt,33,32,0,2e-05,True
tree_001539.txt,20,19,0,1.5e-05,True
tree_001541.txt,11,10,0,8e-06,True
tree_001543.txt,22,21,0,1.8e-05,True
tree_001545.txt,35,34,0,2e-05,True
tree_001547.txt,12,11,0,8e-06,True
tree_001549.txt,13,12,0,1.1e-05,True
tree_001551.txt,12,11,0,9e-06,True
tree_001553.txt,23,22,0,1.3e-05,True
tree_001555.txt,18,17,0,1.3e-05,True
tree_001557.txt,18,17,0,1.1e-05,True
tree_001559.txt,25,24,0,2e-05,True
tree_001561.txt,27,26,0,2.2e-05,True
tree_001563.txt,27,26,0,1.6e-05,True
tree_001565.txt,26,25,0,1.5e-05,True
tree_001567.txt,17,16,0,1.1e-05,True
tree_001569.txt,18,17,0,1.2e-05,True
tree_001571.txt,28,27,0,1.7e-05,True
tree_001573.txt,19,18,0,1.2e-05,True
tree_001575.txt,32,31,0,1.8e-05,True
tree_001577.txt,14,13,0,9e-06,True
tree_001579.txt,12,11,0,9e-06,True
tree_001581.txt,19,18,0,1.5e-05,True
tree_001583.txt,20,19,0,1.1e-05,True
tree_001585.txt,15,14,0,1e-05,True
tree_001587.txt,26,25,0,1.8e-05,True
tree_001589.txt,25,24,0,1.6e-05,True
tree_001591.txt,32,31,0,1.7e-05,True
tree_001593.txt,22,21,0,1.5e-05,True
tree_001595.txt,16,15,0,1.9e-05,True
tree_001597.txt,24,23,0,1.8e-05,True
tree_001599.txt,24,23,0,5e-05,True
tree_001601.txt,16,15,0,2.2e-05,True
tree_001603.txt,32,31,0,3e-05,True
tree_001605.txt,11,10,0,1.7e-05,True
tree_001607.txt,25,24,0,3e-05,True
tree_001609.txt,24,23,0,2e-05,True
tree_001611.txt,32,31,0,2.4e-05,True
tree_001613.txt,29,28,0,2.3e-05,True
tree_001615.txt,21,20,0,2.1e-05,True
tree_001617.txt,29,28,0,2.6e-05,True
tree_001619.txt,22,21,0,2e-05,True
tree_001621.txt,22,21,0,2e-05,True
tree_001623.txt,13,12,0,1.2e-05,True
tree_001625.txt,12,11,0,9e-06,True
tree_001627.txt,34,33,0,3.3e-05,True
tree_001629.txt,35,34,0,6e-05,True
tree_001631.txt,22,21,0,2.3e-05,True
tree_001633.txt,34,33,0,2.2e-05,True
tree_001635.txt,18,17,0,1.3e-05,True
tree_001637.txt,28,27,0,2.4e-05,True
tree_001639.txt,30,29,0,2.1e-05,True
tree_001641.txt,20,19,0,1.8e-05,True
tree_001643.txt,28,27,0,1.7e-05,True
tree_001645.txt,28,27,0,1.7e-05,True
tree_001647.txt,32,31,0,2.5e-05,True
tree_001649.txt,27,26,0,1.7e-05,True
tree_001651.txt,11,10,0,1e-05,True
tree_001653.txt,10,9,0,1.1e-05,True
tree_001655.txt,26,25,0,5.1e-05,True
tree_001657.txt,33,32,0,3.5e-05,True
tree_001659.txt,20,19,0,2.1e-05,True
tree_001661.txt,13,12,0,1.6e-05,True
tree_001663.txt,21,20,0,4.9e-05,True
tree_001665.txt,29,28,0,2.9e-05,True
tree_001667.txt,33,32,0,1.9e-05,True
tree_001669.txt,23,22,0,4.8e-05,True
tree_001671.txt,29,28,0,3.3e-05,True
tree_001673.txt,29,28,0,2.9e-05,True
tree_001675.txt,33,32,0,2.9e-05,True
tree_001677.txt,22,21,0,2.1e-05,True
tree_001679.txt,17,16,0,1.7e-05,True
tree_001681.txt,35,34,0,2.9e-05,True
tree_001683.txt,35,34,0,2.5e-05,True
tree_001685.txt,24,23,0,2.3e-05,True
tree_001687.txt,28,27,0,1.9e-05,True
tree_001689.txt,28,27,0,2.5e-05,True
tree_001691.txt,28,27,0,1.8e-05,True
tree_001693.txt,10,9,0,9e-06,True
tree_001695.txt,33,32,0,1.7e-05,True
tree_001697.txt,12,11,0,9e-06,True
tree_001699.txt,27,26,0,2e-05,True
tree_001701.txt,15,14,0,1.3e-05,True
tree_001703.txt,11,10,0,8e-06,True
tree_001705.txt,30,29,0,2e-05,True
tree_001707.txt,26,25,0,1.5e-05,True
tree_001709.txt,21,20,0,1.3e-05,True
tree_001711.txt,10,9,0,7e-06,True
tree_001713.txt,16,15,0,1.2e-05,True
tree_001715.txt,25,24,0,1.8e-05,True
tree_001717.txt,21,20,0,2.2e-05,True
tree_001719.txt,15,14,0,1e-05,True
tree_001721.txt,12,11,0,7e-06,True
tree_001723.txt,14,13,0,1e-05,True
tree_001725.txt,21,20,0,1.3e-05,True
tree_001727.txt,33,32,0,1.8e-05,True
tree_001729.txt,12,11,0,8e-06,True
tree_001731.txt,31,30,0,2.1e-05,True
tree_001733.txt,21,20,0,4.7e-05,True
tree_001735.txt,24,23,0,1.9e-05,True
tree_001737.txt,14,13,0,1.1e-05,True
tree_001739.txt,21,20,0,1.7e-05,True
tree_001741.txt,13,12,0,1.3e-05,True
tree_001743.txt,24,23,0,1.8e-05,True
tree_001745.txt,29,28,0,2.2e-05,True
tree_001747.txt,16,15,0,1.5e-05,True
tree_001749.txt,18,17,0,1.5e-05,True
tree_001751.txt,32,31,0,2.7e-05,True
tree_001753.txt,19,18,0,1.5e-05,True
tree_001755.txt,11,10,0,7e-06,True
tree_001757.txt,19,18,0,1.8e-05,True
tree_001759.txt,22,21,0,1.5e-05,True
tree_001761.txt,25,24,0,1.8e-05,True
tree_001763.txt,12,11,0,1e-05,True
tree_001765.txt,22,21,0,1.8e-05,True
tree_001767.txt,21,20,0,1.2e-05,True
tree_001769.txt,10,9,0,9e-06,True
tree_001771.txt,33,32,0,2.7e-05,True
tree_001773.txt,29,28,0,2e-05,True
tree_001775.txt,16,15,0,1.2e-05,True
tree_001777.txt,18,17,0,1e-05,True
tree_001779.txt,24,23,0,1.3e-05,True
tree_001781.txt,32,31,0,2.4e-05,True
tree_001783.txt,24,23,0,1.9e-05,True
tree_001785.txt,33,32,0,1.6e-05,True
tree_001787.txt,30,29,0,1.4e-05,True
tree_001789.txt,34,33,0,1.6e-05,True
tree_001791.txt,25,24,0,1.5e-05,True
tree_001793.txt,20,19,0,1.1e-05,True
tree_001795.txt,34,33,0,1.8e-05,True
tree_001797.txt,32,31,0,1.7e-05,True
tree_001799.txt,22,21,0,1.5e-05,True
tree_001801.txt,13,12,0,9e-06,True
tree_001803.txt,34,33,0,1.8e-05,True
tree_001805.txt,30,29,0,2.2e-05,True
tree_001807.txt,21,20,0,1.3e-05,True
tree_001809.txt,19,18,0,1.2e-05,True
tree_001811.txt,12,11,0,7e-06,True
tree_001813.txt,25,24,0,1.5e-05,True
tree_001815.txt,24,23,0,1.3e-05,True
tree_001817.txt,30,29,0,1.6e-05,True
tree_001819.txt,33,32,0,1.9e-05,True
tree_001821.txt,23,22,0,1.6e-05,True
tree_001823.txt,13,12,0,9e-06,True
tree_001825.txt,20,19,0,1.5e-05,True
tree_001827.txt,16,15,0,1.1e-05,True
tree_001829.txt,23,22,0,1.9e-05,True
tree_001831.txt,20,19,0,1.2e-05,True
tree_001833.txt,35,34,0,1.9e-05,True
tree_001835.txt,14,13,0,9e-06,True
tree_001837.txt,28,27,0,1.4e-05,True
tree_001839.txt,29,28,0,1.6e-05,True
tree_001841.txt,19,18,0,1.2e-05,True
tree_001843.txt,11,10,0,7e-06,True
tree_001845.txt,23,22,0,1.5e-05,True
tree_001847.txt,16,15,0,1e-05,True
tree_001849.txt,22,21,0,3.7e-05,True
tree_001851.txt,27,26,0,1.6e-05,True
tree_001853.txt,26,25,0,1.4e-05,True
tree_001855.txt,15,14,0,1.3e-05,True
tree_001857.txt,24,23,0,1.7e-05,True
tree_001859.txt,17,16,0,1.4e-05,True
tree_001861.txt,31,30,0,2.5e-05,True
tree_001863.txt,23,22,0,4.9e-05,True
tree_001865.txt,26,25,0,1.9e-05,True
tree_001867.txt,14,13,0,8e-06,True
tree_001869.txt,16,15,0,9e-06,True
tree_001871.txt,12,11,0,5.1e-05,True
tree_001873.txt,28,27,0,3.2e-05,True
tree_001875.txt,33,32,0,3.5e-05,True
tree_001877.txt,19,18,0,2.4e-05,True
tree_001879.txt,24,23,0,2.4e-05,True
tree_001881.txt,13,12,0,1.9e-05,True
tree_001883.txt,26,25,0,2.7e-05,True
tree_001885.txt,26,25,0,2.4e-05,True
tree_001887.txt,31,30,0,2.8e-05,True
tree_001889.txt,20,19,0,2.1e-05,True
tree_001891.txt,28,27,0,2.4e-05,True
tree_001893.txt,29,28,0,2.9e-05,True
tree_001895.txt,15,14,0,1.9e-05,True
tree_001897.txt,13,12,0,1.7e-05,True
tree_001899.txt,14,13,0,2.4e-05,True
tree_001901.txt,16,15,0,2e-05,True
tree_001903.txt,18,17,0,2.6e-05,True
tree_001905.txt,12,11,0,1.6e-05,True
tree_001907.txt,28,27,0,2.5e-05,True
tree_001909.txt,29,28,0,2.1e-05,True
tree_001911.txt,28,27,0,1.8e-05,True
tree_001913.txt,13,12,0,1.2e-05,True
tree_001915.txt,15,14,0,1.3e-05,True
tree_001917.txt,23,22,0,1.7e-05,True
tree_001919.txt,22,21,0,2.1e-05,True
tree_001921.txt,19,18,0,1.7e-05,True
tree_001923.txt,10,9,0,1.4e-05,True
tree_001925.txt,18,17,0,2.2e-05,True
tree_001927.txt,21,20,0,2.9e-05,True
tree_001929.txt,27,26,0,2.5e-05,True
tree_001931.txt,33,32,0,2.4e-05,True
tree_001933.txt,14,13,0,1.4e-05,True
tree_001935.txt,31,30,0,1.8e-05,True
tree_001937.txt,23,22,0,1.7e-05,True
tree_001939.txt,16,15,0,1.1e-05,True
tree_001941.txt,29,28,0,2.2e-05,True
tree_001943.txt,23,22,0,3.3e-05,True
tree_001945.txt,21,20,0,1.9e-05,True
tree_001947.txt,32,31,0,2.5e-05,True
tree_001949.txt,26,25,0,3.2e-05,True
tree_001951.txt,11,10,0,1.6e-05,True
tree_001953.txt,33,32,0,2.8e-05,True
tree_001955.txt,21,20,0,2.3e-05,True
tree_001957.txt,31,30,0,2.7e-05,True
tree_001959.txt,16,15,0,1.7e-05,True
tree_001961.txt,24,23,0,2.7e-05,True
tree_001963.txt,15,14,0,2.3e-05,True
tree_001965.txt,10,9,0,1.6e-05,True
tree_001967.txt,23,22,0,3.1e-05,True
tree_001969.txt,11,10,0,1.6e-05,True
tree_001971.txt,34,33,0,2.9e-05,True
tree_001973.txt,16,15,0,1.5e-05,True
tree_001975.txt,35,34,0,6.1e-05,True
tree_001977.txt,35,34,0,1.7e-05,True
tree_001979.txt,25,24,0,1.3e-05,True
tree_001981.txt,17,16,0,4.4e-05,True
tree_001983.txt,25,24,0,3.2e-05,True
tree_001985.txt,25,24,0,3.1e-05,True
tree_001987.txt,27,26,0,0.000377,True
tree_001989.txt,16,15,0,2.7e-05,True
tree_001991.txt,25,24,0,3.4e-05,True
tree_001993.txt,20,19,0,2.7e-05,True
tree_001995.txt,12,11,0,2.5e-05,True
tree_001997.txt,22,21,0,2.6e-05,True
tree_001999.txt,25,24,0,3e-05,True
er_000000.txt,23,85,11,0.016236,True
er_000001.txt,19,70,9,0.008182,True
er_000002.txt,18,46,7,0.003902,True
er_000003.txt,30,178,18,0.055359,True
er_000004.txt,23,90,12,0.019759,True
er_000005.txt,20,55,8,0.005204,True
er_000006.txt,29,141,16,0.046374,True
er_000007.txt,13,38,6,0.002586,True
er_000008.txt,20,73,9,0.008073,True
er_000009.txt,29,108,14,0.025777,True
er_000010.txt,11,15,2,0.000886,True
er_000011.txt,13,14,2,0.000574,True
er_000012.txt,26,110,14,0.024911,True
er_000013.txt,18,46,6,0.003332,True
er_000014.txt,19,66,9,0.007299,True
er_000015.txt,26,45,6,0.006295,True
er_000016.txt,28,109,14,0.027639,True
er_000017.txt,18,22,4,0.001237,True
er_000018.txt,24,21,2,0.001604,True
er_000019.txt,17,31,4,0.001802,True
er_000020.txt,20,42,6,0.004365,True
er_000021.txt,17,41,6,0.002777,True
er_000022.txt,24,84,11,0.017767,True
er_000023.txt,14,8,0,2.2e-05,True
er_000024.txt,30,80,10,0.01579,True
er_000025.txt,10,17,3,0.000811,True
er_000026.txt,26,101,11,0.020873,True
er_000027.txt,19,28,3,0.001621,True
er_000028.txt,16,29,4,0.00166,True
er_000029.txt,11,5,0,1.6e-05,True
er_000030.txt,23,59,8,0.010403,True
er_000031.txt,25,77,9,0.014835,True
er_000032.txt,28,107,15,0.028743,True
er_000033.txt,15,13,1,0.000598,True
er_000034.txt,22,68,9,0.011222,True
er_000035.txt,12,36,5,0.002211,True
er_000036.txt,14,16,2,0.000854,True
er_000037.txt,12,21,3,0.001033,True
er_000038.txt,23,53,7,0.007485,True
er_000039.txt,21,61,8,0.005849,True
er_000040.txt,29,69,9,0.013248,True
er_000041.txt,24,57,6,0.009172,True
er_000042.txt,16,33,5,0.002171,True
er_000043.txt,22,79,10,0.014551,True
er_000044.txt,13,24,3,0.001173,True
er_000045.txt,16,37,5,0.002388,True
er_000046.txt,17,36,6,0.002789,True
er_000047.txt,27,124,15,0.0366,True
er_000048.txt,16,29,4,0.001847,True
er_000049.txt,17,24,3,0.001326,True
er_000050.txt,23,48,6,0.006369,True
er_000051.txt,17,14,1,0.000662,True
er_000052.txt,17,45,6,0.003335,True
er_000053.txt,19,61,9,0.00604,True
er_000054.txt,12,23,4,0.001153,True
er_000055.txt,15,24,3,0.001331,True
er_000056.txt,20,58,8,0.00543,True
er_000057.txt,22,83,11,0.017659,True
er_000058.txt,17,43,7,0.003567,True
er_000059.txt,22,64,8,0.010287,True
er_000060.txt,15,29,5,0.001861,True
er_000061.txt,23,66,9,0.011869,True
er_000062.txt,16,28,4,0.002645,True
er_000063.txt,30,137,15,0.046824,True
er_000064.txt,16,45,6,0.003599,True
er_000065.txt,24,48,6,0.006591,True
er_000066.txt,20,43,6,0.003748,True
er_000067.txt,13,31,5,0.00186,True
er_000068.txt,21,85,11,0.01103,True
er_000069.txt,18,57,7,0.006053,True
er_000070.txt,17,20,2,0.000977,True
er_000071.txt,10,17,3,0.000757,True
er_000072.txt,20,33,5,0.002233,True
er_000073.txt,17,60,8,0.00719,True
er_000074.txt,28,48,6,0.006972,True
er_000075.txt,10,14,2,0.000582,True
er_000076.txt,10,11,1,0.000403,True
er_000077.txt,25,84,10,0.017384,True
er_000078.txt,28,112,14,0.040449,True
er_000079.txt,27,39,5,0.004967,True
er_000080.txt,13,18,2,0.000777,True
er_000081.txt,12,9,1,0.000371,True
er_000082.txt,13,25,4,0.001417,True
er_000083.txt,10,3,0,1e-05,True
er_000084.txt,30,61,8,0.010228,True
er_000085.txt,17,35,5,0.002221,True
er_000086.txt,23,75,12,0.017374,True
er_000087.txt,16,33,5,0.002096,True
er_000088.txt,21,83,11,0.010792,True
er_000089.txt,27,89,11,0.019536,True
er_000090.txt,28,117,14,0.031399,True
er_000091.txt,11,19,3,0.00094,True
er_000092.txt,25,37,4,0.003686,True
er_000093.txt,21,24,2,0.001191,True
er_000094.txt,30,155,18,0.048806,True
er_000095.txt,27,69,9,0.013807,True
er_000096.txt,28,138,15,0.036021,True
er_000097.txt,10,13,2,0.000873,True
er_000098.txt,17,18,2,0.000909,True
er_000099.txt,19,57,8,0.006042,True
er_000100.txt,27,87,10,0.018385,True
er_000101.txt,11,19,3,0.000955,True
er_000102.txt,29,73,10,0.013866,True
er_000103.txt,21,27,3,0.001354,True
er_000104.txt,19,38,5,0.002723,True
er_000105.txt,18,42,6,0.003108,True
er_000106.txt,28,76,10,0.015749,True
er_000107.txt,24,39,5,0.004282,True
er_000108.txt,15,31,4,0.001778,True
er_000109.txt,21,20,1,0.000841,True
er_000110.txt,20,64,8,0.006804,True
er_000111.txt,22,107,13,0.024584,True
er_000112.txt,26,124,15,0.032991,True
er_000113.txt,16,13,1,0.000591,True
er_000114.txt,30,85,12,0.018536,True
er_000115.txt,10,9,1,0.000369,True
er_000116.txt,11,7,0,1.6e-05,True
er_000117.txt,25,116,13,0.031066,True
er_000118.txt,21,86,10,0.011248,True
er_000119.txt,22,75,9,0.013723,True
er_000120.txt,16,28,5,0.002447,True
er_000121.txt,21,82,11,0.009966,True
er_000122.txt,14,33,4,0.001903,True
er_000123.txt,23,76,10,0.01545,True
er_000124.txt,21,75,10,0.00872,True
er_000125.txt,23,41,6,0.006509,True
er_000126.txt,15,21,3,0.001054,True
er_000127.txt,11,18,3,0.000793,True
er_000128.txt,19,15,1,0.000634,True
er_000129.txt,30,56,6,0.008586,True
er_000130.txt,16,48,7,0.00373,True
er_000131.txt,13,34,6,0.002578,True
er_000132.txt,30,125,15,0.033798,True
er_000133.txt,20,70,9,0.007183,True
er_000134.txt,29,108,12,0.024832,True
er_000135.txt,24,31,3,0.002638,True
er_000136.txt,18,54,8,0.004925,True
er_000137.txt,18,15,1,0.000598,True
er_000138.txt,26,130,14,0.034186,True
er_000139.txt,14,26,4,0.001597,True
er_000140.txt,12,24,3,0.00118,True
er_000141.txt,19,22,2,0.001059,True
er_000142.txt,23,88,11,0.017892,True
er_000143.txt,22,97,12,0.02058,True
er_000144.txt,14,25,4,0.001375,True
er_000145.txt,20,30,3,0.001885,True
er_000146.txt,28,143,17,0.042777,True
er_000147.txt,11,16,2,0.000754,True
er_000148.txt,29,110,14,0.026534,True
er_000149.txt,20,51,8,0.004988,True
er_000150.txt,11,20,4,0.000987,True
er_000151.txt,10,17,3,0.000799,True
er_000152.txt,18,27,4,0.001681,True
er_000153.txt,16,15,1,0.000619,True
er_000154.txt,19,41,6,0.003288,True
er_000155.txt,12,28,4,0.001606,True
er_000156.txt,28,127,13,0.045118,True
er_000157.txt,27,48,7,0.007364,True
er_000158.txt,26,73,9,0.01372,True
er_000159.txt,16,8,1,0.000437,True
er_000160.txt,10,17,2,0.000752,True
er_000161.txt,10,5,0,1.3e-05,True
er_000162.txt,23,48,6,0.006319,True
er_000163.txt,28,108,13,0.032099,True
er_000164.txt,27,105,13,0.025908,True
er_000165.txt,18,46,6,0.003732,True
er_000166.txt,16,26,3,0.001298,True
er_000167.txt,23,92,11,0.019689,True
er_000168.txt,12,21,3,0.00105,True
er_000169.txt,18,37,6,0.002912,True
er_000170.txt,10,4,0,2e-05,True
er_000171.txt,18,57,7,0.005099,True
er_000172.txt,10,16,2,0.000671,True
er_000173.txt,25,31,3,0.00253,True
er_000174.txt,16,18,2,0.000803,True
er_000175.txt,25,45,6,0.006787,True
er_000176.txt,22,79,11,0.016081,True
er_000177.txt,26,40,4,0.004236,True
er_000178.txt,11,3,0,1.8e-05,True
er_000179.txt,27,88,13,0.019377,True
er_000180.txt,20,62,9,0.006161,True
er_000181.txt,26,98,12,0.021785,True
er_000182.txt,17,44,6,0.004071,True
er_000183.txt,30,159,17,0.055513,True
er_000184.txt,27,40,4,0.004503,True
er_000185.txt,29,100,13,0.02368,True
er_000186.txt,25,28,4,0.003199,True
er_000187.txt,16,21,2,0.001023,True
er_000188.txt,15,16,2,0.000689,True
er_000189.txt,14,22,3,0.001006,True
er_000190.txt,29,142,16,0.062415,True
er_000191.txt,20,51,7,0.004435,True
er_000192.txt,13,22,3,0.001153,True
er_000193.txt,16,47,7,0.005594,True
er_000194.txt,25,62,8,0.012181,True
er_000195.txt,23,20,2,0.001346,True
er_000196.txt,13,6,0,1.5e-05,True
er_000197.txt,16,32,4,0.001817,True
er_000198.txt,21,36,5,0.00268,True
er_000199.txt,26,123,15,0.03378,True
er_000200.txt,18,45,6,0.00367,True
er_000201.txt,30,67,8,0.0114,True
er_000202.txt,15,20,2,0.000825,True
er_000203.txt,27,146,16,0.05222,True
er_000204.txt,26,70,9,0.018592,True
er_000205.txt,16,38,5,0.003933,True
er_000206.txt,14,34,5,0.002253,True
er_000207.txt,10,4,0,2.1e-05,True
er_000208.txt,18,38,5,0.003428,True
er_000209.txt,13,31,5,0.002869,True
er_000210.txt,29,152,18,0.048373,True
er_000211.txt,11,15,2,0.000679,True
er_000212.txt,29,123,15,0.036756,True
er_000213.txt,21,21,2,0.001067,True
er_000214.txt,21,60,8,0.005842,True
er_000215.txt,12,13,1,0.000511,True
er_000216.txt,27,108,13,0.033919,True
er_000217.txt,13,7,0,1.7e-05,True
er_000218.txt,27,74,9,0.01368,True
er_000219.txt,14,17,2,0.000768,True
er_000220.txt,18,56,8,0.004717,True
er_000221.txt,19,43,6,0.002948,True
er_000222.txt,14,22,3,0.001159,True
er_000223.txt,11,5,0,1e-05,True
er_000224.txt,22,72,9,0.011234,True
er_000225.txt,17,45,6,0.003388,True
er_000226.txt,14,13,1,0.000523,True
er_000227.txt,27,93,12,0.02849,True
er_000228.txt,26,86,12,0.020032,True
er_000229.txt,24,91,12,0.019336,True
er_000230.txt,15,34,5,0.002116,True
er_000231.txt,10,18,3,0.000815,True
er_000232.txt,10,7,0,1.2e-05,True
er_000233.txt,17,49,7,0.003746,True
er_000234.txt,22,70,9,0.013123,True
er_000235.txt,12,16,2,0.000708,True
er_000236.txt,25,39,5,0.005012,True
er_000237.txt,17,51,8,0.005354,True
er_000238.txt,12,30,5,0.001926,True
er_000239.txt,12,28,4,0.001594,True
er_000240.txt,28,53,7,0.008289,True
er_000241.txt,30,81,10,0.018707,True
er_000242.txt,14,17,2,0.000773,True
er_000243.txt,11,6,0,1.1e-05,True
er_000244.txt,24,31,3,0.003184,True
er_000245.txt,24,58,8,0.009765,True
er_000246.txt,16,53,8,0.005129,True
er_000247.txt,13,5,0,3.6e-05,True
er_000248.txt,19,62,8,0.005403,True
er_000249.txt,10,10,2,0.000444,True
er_000250.txt,25,126,16,0.033207,True
er_000251.txt,20,57,8,0.005402,True
er_000252.txt,24,49,7,0.007597,True
er_000253.txt,15,35,5,0.002442,True
er_000254.txt,28,34,4,0.004037,True
er_000255.txt,21,87,11,0.009917,True
er_000256.txt,27,135,16,0.038779,True
er_000257.txt,23,40,5,0.004509,True
er_000258.txt,12,19,3,0.000891,True
er_000259.txt,14,25,3,0.001238,True
er_000260.txt,21,70,10,0.00803,True
er_000261.txt,25,63,8,0.011271,True
er_000262.txt,29,79,11,0.017083,True
er_000263.txt,19,36,5,0.002508,True
er_000264.txt,20,20,2,0.000868,True
er_000265.txt,24,22,2,0.001507,True
er_000266.txt,26,120,14,0.031401,True
er_000267.txt,17,19,2,0.000907,True
er_000268.txt,26,89,11,0.019268,True
er_000269.txt,21,45,6,0.003574,True
er_000270.txt,22,45,6,0.005887,True
er_000271.txt,26,104,13,0.024114,True
er_000272.txt,17,47,7,0.004129,True
er_000273.txt,14,16,2,0.000728,True
er_000274.txt,16,34,5,0.002069,True
er_000275.txt,24,95,11,0.021473,True
er_000276.txt,13,17,3,0.000848,True
er_000277.txt,18,26,3,0.00134,True
er_000278.txt,23,43,6,0.005136,True
er_000279.txt,22,29,4,0.002633,True
er_000280.txt,17,20,2,0.000924,True
er_000281.txt,28,142,16,0.049529,True
er_000282.txt,20,70,10,0.006667,True
er_000283.txt,10,7,0,4.6e-05,True
er_000284.txt,10,8,1,0.000429,True
er_000285.txt,24,55,8,0.010051,True
er_000286.txt,24,48,7,0.007855,True
er_000287.txt,25,100,11,0.021983,True
er_000288.txt,19,48,7,0.004033,True
er_000289.txt,23,31,4,0.002633,True
er_000290.txt,24,58,9,0.0102,True
er_000291.txt,26,69,8,0.014988,True
er_000292.txt,27,81,11,0.020178,True
er_000293.txt,11,7,0,1.9e-05,True
er_000294.txt,22,46,6,0.006436,True
er_000295.txt,10,9,1,0.000313,True
er_000296.txt,30,147,16,0.043942,True
er_000297.txt,15,31,5,0.002149,True
er_000298.txt,20,63,9,0.006728,True
er_000299.txt,14,24,3,0.001108,True
er_000300.txt,25,59,8,0.011758,True
er_000301.txt,14,15,1,0.000479,True
er_000302.txt,28,92,12,0.020915,True
er_000303.txt,12,25,4,0.001338,True
er_000304.txt,26,108,13,0.02625,True
er_000305.txt,21,36,5,0.002393,True
er_000306.txt,29,140,15,0.037533,True
er_000307.txt,23,80,10,0.014967,True
er_000308.txt,21,26,4,0.001869,True
er_000309.txt,28,55,7,0.009879,True
er_000310.txt,29,127,16,0.043803,True
er_000311.txt,27,119,15,0.033513,True
er_000312.txt,18,40,6,0.002975,True
er_000313.txt,25,101,12,0.021201,True
er_000314.txt,21,68,10,0.007211,True
er_000315.txt,16,43,6,0.003422,True
er_000316.txt,17,19,2,0.000835,True
er_000317.txt,25,64,10,0.011746,True
er_000318.txt,20,43,6,0.003364,True
er_000319.txt,26,68,9,0.013218,True
er_000320.txt,18,53,7,0.004602,True
er_000321.txt,11,25,3,0.0013,True
er_000322.txt,27,51,7,0.00797,True
er_000323.txt,16,49,7,0.003739,True
er_000324.txt,22,54,7,0.00729,True
er_000325.txt,29,163,18,0.045452,True
er_000326.txt,27,58,8,0.010109,True
er_000327.txt,14,25,3,0.001179,True
er_000328.txt,28,148,16,0.043044,True
er_000329.txt,21,73,8,0.007433,True
er_000330.txt,29,48,5,0.006741,True
er_000331.txt,13,12,1,0.000425,True
er_000332.txt,20,65,8,0.006136,True
er_000333.txt,29,52,7,0.008297,True
er_000334.txt,11,9,0,3e-05,True
er_000335.txt,11,11,1,0.000396,True
er_000336.txt,28,93,12,0.029032,True
er_000337.txt,30,109,12,0.029043,True
er_000338.txt,11,21,3,0.0009,True
er_000339.txt,11,16,3,0.000743,True
er_000340.txt,12,18,2,0.000749,True
er_000341.txt,22,66,9,0.011213,True
er_000342.txt,23,44,5,0.005307,True
er_000343.txt,13,30,5,0.00179,True
er_000344.txt,13,14,2,0.000652,True
er_000345.txt,28,70,9,0.014007,True
er_000346.txt,16,20,2,0.000837,True
er_000347.txt,21,69,9,0.007008,True
er_000348.txt,18,36,5,0.002275,True
er_000349.txt,30,181,19,0.062,True
er_000350.txt,24,102,11,0.021931,True
er_000351.txt,30,151,17,0.053089,True
er_000352.txt,20,42,6,0.003592,True
er_000353.txt,16,24,4,0.001528,True
er_000354.txt,10,4,0,1e-05,True
er_000355.txt,27,62,9,0.011297,True
er_000356.txt,21,73,9,0.007266,True
er_000357.txt,28,75,9,0.014063,True
er_000358.txt,11,5,0,1.4e-05,True
er_000359.txt,21,72,9,0.008522,True
er_000360.txt,19,55,8,0.005078,True
er_000361.txt,21,73,10,0.009253,True
er_000362.txt,13,18,3,0.00098,True
er_000363.txt,25,84,11,0.018219,True
er_000364.txt,12,22,3,0.0014,True
er_000365.txt,20,42,6,0.004114,True
er_000366.txt,26,44,5,0.007394,True
er_000367.txt,30,83,11,0.019077,True
er_000368.txt,15,13,1,0.000539,True
er_000369.txt,19,43,6,0.003492,True
er_000370.txt,11,13,2,0.000491,True
er_000371.txt,26,120,14,0.033152,True
er_000372.txt,20,17,1,0.000708,True
er_000373.txt,18,48,6,0.003609,True
er_000374.txt,27,102,12,0.02835,True
er_000375.txt,12,29,4,0.001723,True
er_000376.txt,30,119,14,0.040766,True
er_000377.txt,11,12,1,0.000346,True
er_000378.txt,19,67,8,0.007191,True
er_000379.txt,19,13,1,0.000571,True
er_000380.txt,25,44,6,0.006098,True
er_000381.txt,21,59,9,0.006222,True
er_000382.txt,26,114,13,0.028395,True
er_000383.txt,24,92,10,0.016922,True
er_000384.txt,13,12,2,0.00059,True
er_000385.txt,27,58,7,0.008879,True
er_000386.txt,16,9,0,2e-05,True
er_000387.txt,28,95,13,0.023211,True
er_000388.txt,27,36,3,0.003547,True
er_000389.txt,19,42,6,0.003371,True
er_000390.txt,22,53,7,0.007788,True
er_000391.txt,28,34,3,0.003337,True
er_000392.txt,20,16,1,0.000732,True
er_000393.txt,24,38,5,0.003868,True
er_000394.txt,25,85,11,0.016301,True
er_000395.txt,16,23,4,0.001263,True
er_000396.txt,29,88,12,0.026334,True
er_000397.txt,21,60,9,0.006241,True
er_000398.txt,19,38,5,0.002873,True
er_000399.txt,17,19,2,0.00093,True
er_000400.txt,17,34,5,0.002634,True
er_000401.txt,23,63,9,0.015056,True
er_000402.txt,14,30,4,0.001735,True
er_000403.txt,12,7,0,9e-06,True
er_000404.txt,11,9,1,0.000351,True
er_000405.txt,15,28,5,0.001764,True
er_000406.txt,22,29,4,0.002864,True
er_000407.txt,17,40,6,0.003763,True
er_000408.txt,26,100,12,0.02292,True
er_000409.txt,25,50,6,0.008304,True
er_000410.txt,30,116,14,0.036055,True
er_000411.txt,13,25,3,0.001243,True
er_000412.txt,10,12,2,0.000437,True
er_000413.txt,15,13,2,0.000589,True
er_000414.txt,17,21,2,0.00088,True
er_000415.txt,23,107,12,0.023366,True
er_000416.txt,22,86,11,0.018766,True
er_000417.txt,26,94,11,0.02321,True
er_000418.txt,11,17,3,0.000802,True
er_000419.txt,25,35,4,0.003537,True
er_000420.txt,23,57,9,0.010105,True
er_000421.txt,22,62,8,0.010078,True
er_000422.txt,10,11,1,0.000368,True
er_000423.txt,20,78,11,0.009335,True
er_000424.txt,15,36,5,0.002332,True
er_000425.txt,21,42,6,0.0031,True
er_000426.txt,12,17,2,0.000703,True
er_000427.txt,10,12,2,0.000447,True
er_000428.txt,22,83,11,0.016633,True
er_000429.txt,16,12,1,0.000503,True
er_000430.txt,17,15,1,0.000554,True
er_000431.txt,23,103,12,0.025583,True
er_000432.txt,18,53,8,0.004718,True
er_000433.txt,18,43,7,0.003911,True
er_000434.txt,11,13,2,0.000452,True
er_000435.txt,18,23,2,0.001056,True
er_000436.txt,13,12,1,0.000407,True
er_000437.txt,23,89,11,0.018495,True
er_000438.txt,27,80,10,0.015883,True
er_000439.txt,23,55,7,0.009281,True
er_000440.txt,11,17,2,0.000665,True
er_000441.txt,18,48,7,0.004256,True
er_000442.txt,25,92,12,0.019474,True
er_000443.txt,24,75,10,0.0147,True
er_000444.txt,22,59,9,0.009481,True
er_000445.txt,14,16,1,0.000623,True
er_000446.txt,19,53,8,0.005385,True
er_000447.txt,20,46,6,0.003846,True
er_000448.txt,29,81,11,0.017058,True
er_000449.txt,25,54,8,0.009215,True
er_000450.txt,26,85,11,0.017422,True
er_000451.txt,10,9,1,0.000374,True
er_000452.txt,23,43,6,0.006076,True
er_000453.txt,22,46,6,0.005943,True
er_000454.txt,24,96,11,0.019904,True
er_000455.txt,19,27,4,0.001616,True
er_000456.txt,28,155,17,0.054316,True
er_000457.txt,22,61,9,0.010274,True
er_000458.txt,23,24,2,0.001656,True
er_000459.txt,15,37,5,0.002456,True
er_000460.txt,20,54,7,0.004911,True
er_000461.txt,12,25,4,0.001385,True
er_000462.txt,23,81,10,0.016081,True
er_000463.txt,22,64,9,0.011459,True
er_000464.txt,18,61,9,0.006412,True
er_000465.txt,14,8,0,2.8e-05,True
er_000466.txt,11,11,1,0.000409,True
er_000467.txt,23,67,8,0.010606,True
er_000468.txt,13,24,4,0.00138,True
er_000469.txt,21,57,7,0.004792,True
er_000470.txt,19,62,9,0.006596,True
er_000471.txt,14,16,2,0.00076,True
er_000472.txt,24,68,10,0.013293,True
er_000473.txt,28,39,4,0.004869,True
er_000474.txt,13,24,4,0.001361,True
er_000475.txt,12,25,4,0.00138,True
er_000476.txt,27,89,12,0.021,True
er_000477.txt,15,29,4,0.001847,True
er_000478.txt,13,8,0,1.7e-05,True
er_000479.txt,16,21,2,0.000971,True
er_000480.txt,24,73,9,0.016252,True
er_000481.txt,17,23,3,0.001236,True
er_000482.txt,29,47,5,0.005879,True
er_000483.txt,27,93,11,0.020667,True
er_000484.txt,22,55,7,0.008009,True
er_000485.txt,17,24,3,0.00128,True
er_000486.txt,10,5,0,1.8e-05,True
er_000487.txt,30,63,8,0.011385,True
er_000488.txt,23,69,10,0.013044,True
er_000489.txt,20,48,8,0.004722,True
er_000490.txt,23,34,3,0.002888,True
er_000491.txt,19,38,5,0.002747,True
er_000492.txt,30,102,14,0.025653,True
er_000493.txt,28,136,17,0.038399,True
er_000494.txt,19,66,8,0.006122,True
er_000495.txt,27,38,4,0.004518,True
er_000496.txt,14,31,5,0.002311,True
er_000497.txt,26,135,15,0.043599,True
er_000498.txt,14,10,1,0.000448,True
er_000499.txt,21,78,10,0.009172,True
er_000500.txt,16,23,3,0.001327,True
er_000501.txt,14,27,3,0.001337,True
er_000502.txt,20,32,4,0.002382,True
er_000503.txt,26,52,7,0.008905,True
er_000504.txt,21,80,11,0.009043,True
er_000505.txt,26,51,6,0.007999,True
er_000506.txt,12,13,1,0.000541,True
er_000507.txt,15,32,5,0.002152,True
er_000508.txt,13,11,1,0.000448,True
er_000509.txt,26,106,13,0.026604,True
er_000510.txt,13,17,1,0.000731,True
er_000511.txt,27,94,12,0.024499,True
er_000512.txt,27,123,14,0.040361,True
er_000513.txt,11,23,3,0.001256,True
er_000514.txt,18,57,8,0.004983,True
er_000515.txt,30,128,15,0.036453,True
er_000516.txt,17,14,1,0.000625,True
er_000517.txt,26,69,10,0.014114,True
er_000518.txt,15,38,5,0.002535,True
er_000519.txt,22,63,9,0.010721,True
er_000520.txt,19,54,8,0.005245,True
er_000521.txt,23,63,9,0.0115,True
er_000522.txt,26,46,5,0.006155,True
er_000523.txt,20,49,6,0.003795,True
er_000524.txt,13,15,2,0.000637,True
er_000525.txt,26,121,15,0.031259,True
er_000526.txt,21,65,8,0.006861,True
er_000527.txt,19,69,9,0.007456,True
er_000528.txt,23,79,11,0.017401,True
er_000529.txt,26,52,7,0.008693,True
er_000530.txt,17,59,9,0.00593,True
er_000531.txt,13,21,3,0.001817,True
er_000532.txt,13,27,5,0.001638,True
er_000533.txt,13,30,5,0.001892,True
er_000534.txt,30,139,17,0.04118,True
er_000535.txt,15,30,4,0.00164,True
er_000536.txt,13,24,3,0.00126,True
er_000537.txt,11,11,1,0.000409,True
er_000538.txt,25,95,12,0.019714,True
er_000539.txt,15,39,6,0.002676,True
er_000540.txt,30,110,14,0.031088,True
er_000541.txt,23,27,3,0.00211,True
er_000542.txt,13,36,5,0.002215,True
er_000543.txt,30,165,19,0.051893,True
er_000544.txt,19,56,8,0.005438,True
er_000545.txt,29,107,13,0.026351,True
er_000546.txt,22,29,4,0.002847,True
er_000547.txt,11,20,3,0.00094,True
er_000548.txt,30,133,16,0.03718,True
er_000549.txt,26,50,7,0.007206,True
er_000550.txt,18,17,1,0.000711,True
er_000551.txt,30,88,12,0.021428,True
er_000552.txt,19,63,10,0.007242,True
er_000553.txt,15,14,1,0.00057,True
er_000554.txt,18,22,3,0.001129,True
er_000555.txt,22,80,11,0.015935,True
er_000556.txt,12,20,3,0.001045,True
er_000557.txt,29,60,8,0.013247,True
er_000558.txt,10,6,0,2.6e-05,True
er_000559.txt,14,21,3,0.001046,True
er_000560.txt,24,91,12,0.019297,True
er_000561.txt,23,78,11,0.015733,True
er_000562.txt,21,84,11,0.010465,True
er_000563.txt,22,75,10,0.01321,True
er_000564.txt,17,38,5,0.002692,True
er_000565.txt,15,27,4,0.001774,True
er_000566.txt,21,26,3,0.001342,True
er_000567.txt,28,82,10,0.01629,True
er_000568.txt,27,53,7,0.011074,True
er_000569.txt,22,72,11,0.014016,True
er_000570.txt,17,21,2,0.001045,True
er_000571.txt,17,28,3,0.001379,True
er_000572.txt,25,48,8,0.007318,True
er_000573.txt,30,153,17,0.047658,True
er_000574.txt,15,29,4,0.001534,True
er_000575.txt,15,16,2,0.000762,True
er_000576.txt,23,74,10,0.019144,True
er_000577.txt,22,60,8,0.008518,True
er_000578.txt,12,22,4,0.001348,True
er_000579.txt,25,107,13,0.026336,True
er_000580.txt,13,26,4,0.001476,True
er_000581.txt,18,26,4,0.001537,True
er_000582.txt,15,35,3,0.002036,True
er_000583.txt,29,124,13,0.036366,True
er_000584.txt,27,41,5,0.004906,True
er_000585.txt,12,23,3,0.001464,True
er_000586.txt,22,86,11,0.018289,True
er_000587.txt,14,28,4,0.001594,True
er_000588.txt,28,138,15,0.036656,True
er_000589.txt,10,8,0,2.5e-05,True
er_000590.txt,15,43,6,0.003285,True
er_000591.txt,29,118,14,0.031801,True
er_000592.txt,27,90,11,0.026201,True
er_000593.txt,25,91,13,0.01957,True
er_000594.txt,17,47,7,0.003694,True
er_000595.txt,10,7,0,1.7e-05,True
er_000596.txt,19,56,8,0.006186,True
er_000597.txt,18,35,5,0.003481,True
er_000598.txt,26,29,3,0.002358,True
er_000599.txt,19,52,8,0.00644,True
er_000600.txt,28,56,8,0.00917,True
er_000601.txt,10,18,4,0.001101,True
er_000602.txt,19,35,5,0.002472,True
er_000603.txt,23,54,8,0.008948,True
er_000604.txt,30,150,16,0.057249,True
er_000605.txt,25,39,5,0.004734,True
er_000606.txt,30,67,8,0.011356,True
er_000607.txt,17,36,5,0.002507,True
er_000608.txt,25,49,6,0.006904,True
er_000609.txt,30,165,17,0.051531,True
er_000610.txt,20,51,8,0.005754,True
er_000611.txt,13,17,2,0.000815,True
er_000612.txt,11,10,1,0.000401,True
er_000613.txt,22,59,9,0.00876,True
er_000614.txt,18,25,3,0.001509,True
er_000615.txt,26,115,14,0.027598,True
er_000616.txt,29,151,18,0.050027,True
er_000617.txt,17,17,2,0.000799,True
er_000618.txt,29,113,14,0.032797,True
er_000619.txt,15,29,4,0.001615,True
er_000620.txt,21,37,5,0.002781,True
er_000621.txt,17,31,5,0.002082,True
er_000622.txt,18,36,5,0.002466,True
er_000623.txt,23,65,8,0.012416,True
er_000624.txt,21,33,4,0.002116,True
er_000625.txt,22,42,5,0.005819,True
er_000626.txt,13,21,3,0.001154,True
er_000627.txt,21,51,6,0.004243,True
er_000628.txt,10,7,1,0.000279,True
er_000629.txt,26,60,8,0.010917,True
er_000630.txt,26,85,11,0.019094,True
er_000631.txt,13,9,0,4.6e-05,True
er_000632.txt,19,22,3,0.001229,True
er_000633.txt,21,38,6,0.004621,True
er_000634.txt,16,38,6,0.004188,True
er_000635.txt,12,17,3,0.001295,True
er_000636.txt,17,23,3,0.001111,True
er_000637.txt,14,20,2,0.000958,True
er_000638.txt,13,20,3,0.001101,True
er_000639.txt,26,107,13,0.038959,True
er_000640.txt,22,30,4,0.004013,True
er_000641.txt,12,20,3,0.000979,True
er_000642.txt,21,46,7,0.004468,True
er_000643.txt,11,10,1,0.000428,True
er_000644.txt,24,81,11,0.017359,True
er_000645.txt,12,8,0,2.2e-05,True
er_000646.txt,12,16,2,0.000632,True
er_000647.txt,28,117,14,0.037763,True
er_000648.txt,16,18,1,0.000704,True
er_000649.txt,20,35,5,0.002382,True
er_000650.txt,14,43,6,0.003012,True
er_000651.txt,28,73,9,0.015554,True
er_000652.txt,27,74,10,0.014507,True
er_000653.txt,27,75,11,0.015335,True
er_000654.txt,26,130,14,0.031627,True
er_000655.txt,11,5,0,3e-05,True
er_000656.txt,25,77,10,0.016152,True
er_000657.txt,11,16,3,0.000718,True
er_000658.txt,22,70,9,0.013206,True
er_000659.txt,18,36,5,0.002249,True
er_000660.txt,10,16,3,0.000679,True
er_000661.txt,14,19,2,0.000926,True
er_000662.txt,19,20,2,0.001485,True
er_000663.txt,14,27,4,0.001624,True
er_000664.txt,10,16,2,0.000589,True
er_000665.txt,24,83,11,0.018651,True
er_000666.txt,25,100,12,0.02646,True
er_000667.txt,12,17,2,0.000727,True
er_000668.txt,26,94,12,0.022231,True
er_000669.txt,22,49,6,0.00752,True
er_000670.txt,26,73,10,0.018384,True
er_000671.txt,21,18,1,0.00086,True
er_000672.txt,22,80,11,0.01583,True
er_000673.txt,30,144,16,0.04248,True
er_000674.txt,27,89,11,0.019882,True
er_000675.txt,14,25,4,0.001386,True
er_000676.txt,25,66,9,0.011386,True
er_000677.txt,27,46,6,0.006498,True
er_000678.txt,27,126,15,0.0376,True
er_000679.txt,27,156,16,0.042452,True
er_000680.txt,22,54,7,0.008414,True
er_000681.txt,11,10,1,0.000326,True
er_000682.txt,20,31,4,0.001901,True
er_000683.txt,17,28,4,0.00175,True
er_000684.txt,30,104,13,0.028035,True
er_000685.txt,26,102,13,0.025912,True
er_000686.txt,29,126,15,0.048025,True
er_000687.txt,22,78,10,0.015535,True
er_000688.txt,28,85,13,0.020851,True
er_000689.txt,26,33,3,0.00401,True
er_000690.txt,16,20,3,0.000975,True
er_000691.txt,13,24,3,0.001075,True
er_000692.txt,29,59,7,0.010019,True
er_000693.txt,25,60,8,0.013943,True
er_000694.txt,19,34,5,0.002884,True
er_000695.txt,23,37,5,0.003808,True
er_000696.txt,30,136,17,0.041164,True
er_000697.txt,13,9,0,1.8e-05,True
er_000698.txt,18,50,7,0.004311,True
er_000699.txt,15,24,4,0.001312,True
er_000700.txt,21,58,9,0.00619,True
er_000701.txt,29,37,4,0.004196,True
er_000702.txt,16,11,1,0.000714,True
er_000703.txt,13,32,6,0.002164,True
er_000704.txt,28,43,5,0.005497,True
er_000705.txt,12,5,0,1.9e-05,True
er_000706.txt,22,35,4,0.003249,True
er_000707.txt,23,95,12,0.020849,True
er_000708.txt,26,109,13,0.028391,True
er_000709.txt,21,65,8,0.005965,True
er_000710.txt,11,22,3,0.001216,True
er_000711.txt,11,20,2,0.000835,True
er_000712.txt,10,11,2,0.000477,True
er_000713.txt,18,52,8,0.004665,True
er_000714.txt,18,31,4,0.001788,True
er_000715.txt,28,44,4,0.004919,True
er_000716.txt,23,85,12,0.017425,True
er_000717.txt,27,78,10,0.01661,True
er_000718.txt,30,110,15,0.030237,True
er_000719.txt,15,23,2,0.00191,True
er_000720.txt,30,49,5,0.006958,True
er_000721.txt,29,44,5,0.006753,True
er_000722.txt,24,61,10,0.011761,True
er_000723.txt,25,38,4,0.005251,True
er_000724.txt,23,26,2,0.001814,True
er_000725.txt,25,44,6,0.007962,True
er_000726.txt,26,75,10,0.016197,True
er_000727.txt,25,38,5,0.005988,True
er_000728.txt,10,13,2,0.000498,True
er_000729.txt,16,19,2,0.000864,True
er_000730.txt,10,8,0,3.5e-05,True
er_000731.txt,28,119,16,0.03309,True
er_000732.txt,23,86,12,0.020316,True
er_000733.txt,30,80,11,0.018847,True
er_000734.txt,18,51,7,0.004682,True
er_000735.txt,11,9,1,0.000423,True
er_000736.txt,28,114,13,0.028249,True
er_000737.txt,22,36,4,0.003682,True
er_000738.txt,29,82,10,0.016944,True
er_000739.txt,24,84,11,0.016314,True
er_000740.txt,11,4,0,1.2e-05,True
er_000741.txt,14,31,5,0.001804,True
er_000742.txt,18,40,6,0.003078,True
er_000743.txt,12,20,3,0.001007,True
er_000744.txt,16,36,5,0.002647,True
er_000745.txt,28,123,15,0.048123,True
er_000746.txt,15,15,1,0.000526,True
er_000747.txt,12,2,0,2.8e-05,True
er_000748.txt,18,55,7,0.004455,True
er_000749.txt,28,60,8,0.009754,True
er_000750.txt,26,105,13,0.026638,True
er_000751.txt,27,100,13,0.026678,True
er_000752.txt,30,150,16,0.051635,True
er_000753.txt,24,67,9,0.011858,True
er_000754.txt,26,93,13,0.02377,True
er_000755.txt,14,26,4,0.001627,True
er_000756.txt,30,90,11,0.027401,True
er_000757.txt,20,35,4,0.002321,True
er_000758.txt,20,29,3,0.001583,True
er_000759.txt,21,48,7,0.004081,True
er_000760.txt,13,33,5,0.0019,True
er_000761.txt,13,29,4,0.001522,True
er_000762.txt,24,81,11,0.016852,True
er_000763.txt,26,85,11,0.018054,True
er_000764.txt,14,19,3,0.000946,True
er_000765.txt,11,13,2,0.00056,True
er_000766.txt,23,67,10,0.01245,True
er_000767.txt,27,48,7,0.007238,True
er_000768.txt,19,19,2,0.000845,True
er_000769.txt,26,73,10,0.014833,True
er_000770.txt,18,30,4,0.002745,True
er_000771.txt,23,103,12,0.024311,True
er_000772.txt,17,32,5,0.002106,True
er_000773.txt,13,19,3,0.000897,True
er_000774.txt,29,63,8,0.01201,True
er_000775.txt,23,76,10,0.012986,True
er_000776.txt,10,12,1,0.00048,True
er_000777.txt,12,20,3,0.001022,True
er_000778.txt,29,138,15,0.043706,True
er_000779.txt,28,127,16,0.034989,True
er_000780.txt,12,30,4,0.001722,True
er_000781.txt,13,13,2,0.000646,True
er_000782.txt,18,48,7,0.004094,True
er_000783.txt,20,76,9,0.009057,True
er_000784.txt,27,90,12,0.021215,True
er_000785.txt,29,68,10,0.013384,True
er_000786.txt,23,105,13,0.024964,True
er_000787.txt,20,51,7,0.005821,True
er_000788.txt,20,13,1,0.000644,True
er_000789.txt,10,15,2,0.000604,True
er_000790.txt,11,6,0,2.1e-05,True
er_000791.txt,11,5,0,2.5e-05,True
er_000792.txt,20,59,8,0.005783,True
er_000793.txt,20,44,6,0.003451,True
er_000794.txt,14,26,4,0.001448,True
er_000795.txt,21,64,8,0.006178,True
er_000796.txt,18,11,0,3e-05,True
er_000797.txt,25,76,10,0.020068,True
er_000798.txt,19,57,8,0.005603,True
er_000799.txt,28,70,8,0.012717,True
er_000800.txt,28,114,14,0.037144,True
er_000801.txt,16,37,6,0.002542,True
er_000802.txt,18,33,5,0.002354,True
er_000803.txt,20,74,10,0.008105,True
er_000804.txt,24,47,6,0.005798,True
er_000805.txt,10,3,0,1.7e-05,True
er_000806.txt,27,148,16,0.050123,True
er_000807.txt,20,34,5,0.002367,True
er_000808.txt,30,160,18,0.054488,True
er_000809.txt,21,37,4,0.002652,True
er_000810.txt,23,55,8,0.009328,True
er_000811.txt,28,92,13,0.022684,True
er_000812.txt,13,14,1,0.000527,True
er_000813.txt,22,88,11,0.017348,True
er_000814.txt,12,17,2,0.000737,True
er_000815.txt,11,14,2,0.000544,True
er_000816.txt,23,22,2,0.001473,True
er_000817.txt,22,24,3,0.001811,True
er_000818.txt,10,17,3,0.000804,True
er_000819.txt,22,41,6,0.005343,True
er_000820.txt,25,99,12,0.022458,True
er_000821.txt,18,27,3,0.001422,True
er_000822.txt,21,79,10,0.010058,True
er_000823.txt,24,31,3,0.002674,True
er_000824.txt,26,108,14,0.030828,True
er_000825.txt,13,22,3,0.001048,True
er_000826.txt,15,22,3,0.001029,True
er_000827.txt,10,11,1,0.000412,True
er_000828.txt,11,17,3,0.000762,True
er_000829.txt,10,13,2,0.000492,True
er_000830.txt,18,18,2,0.000823,True
er_000831.txt,29,155,18,0.0478,True
er_000832.txt,14,27,5,0.001918,True
er_000833.txt,21,49,7,0.004544,True
er_000834.txt,11,14,2,0.000552,True
er_000835.txt,12,25,4,0.001504,True
er_000836.txt,11,13,2,0.000578,True
er_000837.txt,20,64,9,0.007592,True
er_000838.txt,22,39,6,0.00508,True
er_000839.txt,21,48,7,0.005102,True
er_000840.txt,10,8,1,0.000308,True
er_000841.txt,27,126,14,0.030917,True
er_000842.txt,29,104,14,0.0272,True
er_000843.txt,25,75,10,0.014712,True
er_000844.txt,17,56,8,0.005006,True
er_000845.txt,16,35,4,0.00208,True
er_000846.txt,20,47,7,0.004139,True
er_000847.txt,17,41,6,0.002915,True
er_000848.txt,21,82,10,0.011046,True
er_000849.txt,29,81,10,0.018151,True
er_000850.txt,12,30,5,0.001762,True
er_000851.txt,13,19,2,0.000781,True
er_000852.txt,12,17,2,0.000661,True
er_000853.txt,22,64,8,0.011321,True
er_000854.txt,30,111,14,0.02876,True
er_000855.txt,22,81,11,0.017247,True
er_000856.txt,29,92,12,0.019668,True
er_000857.txt,28,158,17,0.054446,True
er_000858.txt,27,131,16,0.036366,True
er_000859.txt,22,14,0,2.4e-05,True
er_000860.txt,27,33,3,0.003193,True
er_000861.txt,17,34,5,0.002338,True
er_000862.txt,22,49,6,0.006368,True
er_000863.txt,12,25,4,0.001368,True
er_000864.txt,27,105,13,0.033139,True
er_000865.txt,18,66,9,0.006293,True
er_000866.txt,28,130,15,0.035216,True
er_000867.txt,26,87,12,0.018423,True
er_000868.txt,14,10,1,0.000442,True
er_000869.txt,19,63,9,0.007318,True
er_000870.txt,22,61,9,0.010887,True
er_000871.txt,11,13,2,0.00051,True
er_000872.txt,20,62,9,0.006067,True
er_000873.txt,25,76,11,0.015505,True
er_000874.txt,11,12,2,0.000584,True
er_000875.txt,17,51,7,0.00491,True
er_000876.txt,11,25,4,0.001342,True
er_000877.txt,18,40,6,0.003203,True
er_000878.txt,16,37,5,0.00232,True
er_000879.txt,10,5,0,1.9e-05,True
er_000880.txt,18,32,5,0.002065,True
er_000881.txt,20,52,7,0.004409,True
er_000882.txt,19,72,9,0.008221,True
er_000883.txt,29,71,9,0.013419,True
er_000884.txt,12,8,0,2.9e-05,True
er_000885.txt,21,72,9,0.010193,True
er_000886.txt,10,12,1,0.000469,True
er_000887.txt,15,15,1,0.000543,True
er_000888.txt,22,94,11,0.021472,True
er_000889.txt,17,47,7,0.003663,True
er_000890.txt,22,60,9,0.010546,True
er_000891.txt,24,69,10,0.017274,True
er_000892.txt,22,88,11,0.017822,True
er_000893.txt,26,87,11,0.020613,True
er_000894.txt,27,80,11,0.017979,True
er_000895.txt,20,38,6,0.002778,True
er_000896.txt,11,20,3,0.000978,True
er_000897.txt,11,14,2,0.000565,True
er_000898.txt,23,34,4,0.003332,True
er_000899.txt,22,81,10,0.015752,True
er_000900.txt,27,51,8,0.010177,True
er_000901.txt,24,34,3,0.005353,True
er_000902.txt,16,38,6,0.003253,True
er_000903.txt,24,101,11,0.036712,True
er_000904.txt,22,46,6,0.008855,True
er_000905.txt,11,22,4,0.001245,True
er_000906.txt,14,38,6,0.002507,True
er_000907.txt,18,17,1,0.000673,True
er_000908.txt,10,6,0,1.6e-05,True
er_000909.txt,22,66,10,0.011304,True
er_000910.txt,10,10,1,0.000365,True
er_000911.txt,17,25,3,0.001464,True
er_000912.txt,30,135,17,0.040146,True
er_000913.txt,21,43,6,0.005031,True
er_000914.txt,21,48,7,0.004904,True
er_000915.txt,12,12,2,0.000565,True
er_000916.txt,27,53,7,0.009196,True
er_000917.txt,26,99,12,0.022193,True
er_000918.txt,28,136,16,0.036905,True
er_000919.txt,11,8,0,2.1e-05,True
er_000920.txt,30,141,16,0.038803,True
er_000921.txt,20,61,9,0.006002,True
er_000922.txt,11,4,0,2.9e-05,True
er_000923.txt,17,35,5,0.002462,True
er_000924.txt,25,75,11,0.015589,True
er_000925.txt,30,121,15,0.031581,True
er_000926.txt,24,31,4,0.002998,True
er_000927.txt,30,131,14,0.03836,True
er_000928.txt,13,25,4,0.00135,True
er_000929.txt,23,32,4,0.003139,True
er_000930.txt,30,84,11,0.01972,True
er_000931.txt,11,12,1,0.000482,True
er_000932.txt,15,26,4,0.001456,True
er_000933.txt,12,21,3,0.001592,True
er_000934.txt,14,24,4,0.001253,True
er_000935.txt,11,4,0,1.2e-05,True
er_000936.txt,25,69,10,0.013259,True
er_000937.txt,21,87,11,0.011808,True
er_000938.txt,16,17,2,0.000724,True
er_000939.txt,10,16,2,0.000606,True
er_000940.txt,12,8,0,1.2e-05,True
er_000941.txt,30,48,6,0.006868,True
er_000942.txt,25,41,4,0.004176,True
er_000943.txt,25,50,7,0.009121,True
er_000944.txt,28,50,7,0.007792,True
er_000945.txt,24,94,13,0.022832,True
er_000946.txt,25,65,9,0.012677,True
er_000947.txt,18,13,1,0.000567,True
er_000948.txt,22,53,6,0.007564,True
er_000949.txt,28,53,7,0.008636,True
er_000950.txt,27,154,17,0.042693,True
er_000951.txt,23,101,13,0.021073,True
er_000952.txt,29,50,6,0.007873,True
er_000953.txt,26,95,12,0.02143,True
er_000954.txt,21,46,7,0.003997,True
er_000955.txt,22,63,9,0.01056,True
er_000956.txt,20,25,3,0.001561,True
er_000957.txt,24,107,13,0.024225,True
er_000958.txt,24,67,8,0.010525,True
er_000959.txt,15,18,2,0.000819,True
er_000960.txt,20,37,5,0.002774,True
er_000961.txt,14,25,3,0.001345,True
er_000962.txt,15,10,0,3.7e-05,True
er_000963.txt,12,16,2,0.000694,True
er_000964.txt,28,44,5,0.006344,True
er_000965.txt,29,77,10,0.016632,True
er_000966.txt,18,55,8,0.005598,True
er_000967.txt,13,25,4,0.001383,True
er_000968.txt,20,81,10,0.010264,True
er_000969.txt,29,83,11,0.024061,True
er_000970.txt,28,117,14,0.036932,True
er_000971.txt,21,92,11,0.011548,True
er_000972.txt,23,60,8,0.00957,True
er_000973.txt,28,122,14,0.032016,True
er_000974.txt,30,89,12,0.020254,True
er_000975.txt,21,23,2,0.00105,True
er_000976.txt,29,108,13,0.027227,True
er_000977.txt,11,19,3,0.001299,True
er_000978.txt,29,106,14,0.027706,True
er_000979.txt,22,41,6,0.004943,True
er_000980.txt,29,42,5,0.0061,True
er_000981.txt,20,67,9,0.007536,True
er_000982.txt,24,75,10,0.015054,True
er_000983.txt,28,74,11,0.014641,True
er_000984.txt,15,13,1,0.000548,True
er_000985.txt,12,13,2,0.000519,True
er_000986.txt,13,28,4,0.001596,True
er_000987.txt,18,19,2,0.000791,True
er_000988.txt,30,144,16,0.049328,True
er_000989.txt,29,127,15,0.036344,True
er_000990.txt,14,31,5,0.002529,True
er_000991.txt,26,87,11,0.022377,True
er_000992.txt,26,45,6,0.00565,True
er_000993.txt,10,14,2,0.000582,True
er_000994.txt,29,59,8,0.011652,True
er_000995.txt,29,58,7,0.01014,True
er_000996.txt,11,15,2,0.000663,True
er_000997.txt,29,99,12,0.02423,True
er_000998.txt,29,162,16,0.044592,True
er_000999.txt,15,14,1,0.000608,True
er_001000.txt,29,104,13,0.032953,True
er_001001.txt,24,71,10,0.012753,True
er_001002.txt,23,29,3,0.002319,True
er_001003.txt,17,47,7,0.003515,True
er_001004.txt,28,139,15,0.055184,True
er_001005.txt,10,12,1,0.000491,True
er_001006.txt,26,126,15,0.034468,True
er_001007.txt,18,12,1,0.000536,True
er_001008.txt,23,44,5,0.004897,True
er_001009.txt,26,109,13,0.030261,True
er_001010.txt,15,16,2,0.000669,True
er_001011.txt,14,13,0,1.9e-05,True
er_001012.txt,22,88,11,0.018149,True
er_001013.txt,22,84,10,0.016926,True
er_001014.txt,21,56,8,0.005143,True
er_001015.txt,15,8,0,3.8e-05,True
er_001016.txt,12,19,3,0.000994,True
er_001017.txt,25,94,12,0.021911,True
er_001018.txt,23,100,12,0.022622,True
er_001019.txt,28,126,15,0.050342,True
er_001020.txt,10,19,3,0.000843,True
er_001021.txt,28,112,14,0.027313,True
er_001022.txt,11,21,3,0.001208,True
er_001023.txt,19,30,4,0.001657,True
er_001024.txt,30,148,17,0.048294,True
er_001025.txt,24,74,10,0.014733,True
er_001026.txt,21,53,6,0.004776,True
er_001027.txt,18,54,7,0.004235,True
er_001028.txt,26,64,9,0.011789,True
er_001029.txt,10,14,2,0.000506,True
er_001030.txt,18,55,7,0.004765,True
er_001031.txt,19,24,3,0.001199,True
er_001032.txt,13,21,3,0.001116,True
er_001033.txt,30,45,6,0.00652,True
er_001034.txt,26,47,7,0.007134,True
er_001035.txt,28,48,6,0.006797,True
er_001036.txt,26,109,11,0.029743,True
er_001037.txt,16,24,3,0.001326,True
er_001038.txt,19,25,3,0.001193,True
er_001039.txt,18,22,3,0.001075,True
er_001040.txt,30,157,17,0.048033,True
er_001041.txt,29,163,18,0.046369,True
er_001042.txt,25,64,9,0.011582,True
er_001043.txt,15,23,3,0.0012,True
er_001044.txt,27,111,14,0.028149,True
er_001045.txt,22,54,7,0.007825,True
er_001046.txt,27,98,13,0.023335,True
er_001047.txt,26,79,10,0.016728,True
er_001048.txt,30,158,18,0.048248,True
er_001049.txt,26,138,15,0.05142,True
er_001050.txt,13,25,4,0.00158,True
er_001051.txt,19,13,0,3e-05,True
er_001052.txt,13,11,2,0.00051,True
er_001053.txt,24,106,12,0.026423,True
er_001054.txt,19,28,4,0.001974,True
er_001055.txt,25,64,9,0.011166,True
er_001056.txt,22,18,0,3.2e-05,True
er_001057.txt,16,50,7,0.004159,True
er_001058.txt,28,42,5,0.005081,True
er_001059.txt,19,49,7,0.003739,True
er_001060.txt,14,26,3,0.001259,True
er_001061.txt,22,39,5,0.004554,True
er_001062.txt,11,19,3,0.000895,True
er_001063.txt,12,14,2,0.000602,True
er_001064.txt,19,63,9,0.007405,True
er_001065.txt,19,35,5,0.002669,True
er_001066.txt,19,35,5,0.002217,True
er_001067.txt,17,20,1,0.000782,True
er_001068.txt,26,30,3,0.002666,True
er_001069.txt,12,15,2,0.000655,True
er_001070.txt,23,73,11,0.014397,True
er_001071.txt,20,42,6,0.003443,True
er_001072.txt,25,83,10,0.016407,True
er_001073.txt,19,29,4,0.001983,True
er_001074.txt,13,11,1,0.000534,True
er_001075.txt,23,90,12,0.019451,True
er_001076.txt,22,80,10,0.015498,True
er_001077.txt,12,16,2,0.000681,True
er_001078.txt,10,9,1,0.000351,True
er_001079.txt,11,18,3,0.000928,True
er_001080.txt,12,14,2,0.000622,True
er_001081.txt,19,55,8,0.005627,True
er_001082.txt,21,60,8,0.006431,True
er_001083.txt,14,13,2,0.000608,True
er_001084.txt,28,80,10,0.016422,True
er_001085.txt,16,33,5,0.002572,True
er_001086.txt,11,4,0,3.6e-05,True
er_001087.txt,19,35,5,0.002559,True
er_001088.txt,28,51,7,0.008362,True
er_001089.txt,20,60,8,0.006161,True
er_001090.txt,24,96,13,0.022939,True
er_001091.txt,18,41,5,0.003079,True
er_001092.txt,26,129,14,0.033631,True
er_001093.txt,21,40,5,0.003057,True
er_001094.txt,27,80,11,0.017566,True
er_001095.txt,15,41,6,0.003024,True
er_001096.txt,23,77,10,0.014422,True
er_001097.txt,10,15,2,0.000697,True
er_001098.txt,13,28,5,0.001699,True
er_001099.txt,13,17,3,0.000819,True
er_001100.txt,27,72,10,0.014236,True
er_001101.txt,25,108,14,0.024064,True
er_001102.txt,24,60,8,0.009435,True
er_001103.txt,14,25,4,0.001376,True
er_001104.txt,20,71,9,0.008556,True
er_001105.txt,15,30,4,0.001686,True
er_001106.txt,11,14,2,0.000615,True
er_001107.txt,21,52,7,0.004662,True
er_001108.txt,18,56,7,0.005021,True
er_001109.txt,30,84,11,0.018168,True
er_001110.txt,25,67,9,0.012305,True
er_001111.txt,11,17,2,0.000738,True
er_001112.txt,28,44,6,0.006423,True
er_001113.txt,14,14,1,0.000561,True
er_001114.txt,24,48,6,0.007446,True
er_001115.txt,16,24,3,0.001362,True
er_001116.txt,14,39,6,0.002633,True
er_001117.txt,27,42,5,0.005545,True
er_001118.txt,10,11,1,0.000455,True
er_001119.txt,14,25,3,0.00128,True
er_001120.txt,22,66,9,0.011973,True
er_001121.txt,22,83,11,0.016238,True
er_001122.txt,13,11,1,0.000497,True
er_001123.txt,17,45,5,0.003103,True
er_001124.txt,14,12,1,0.000477,True
er_001125.txt,18,22,3,0.001263,True
er_001126.txt,30,49,6,0.006658,True
er_001127.txt,10,18,3,0.001045,True
er_001128.txt,28,141,16,0.039537,True
er_001129.txt,19,55,8,0.005324,True
er_001130.txt,24,31,3,0.002686,True
er_001131.txt,17,40,6,0.003122,True
er_001132.txt,11,8,0,4.8e-05,True
er_001133.txt,22,62,8,0.010221,True
er_001134.txt,29,53,6,0.008579,True
er_001135.txt,16,49,7,0.004174,True
er_001136.txt,17,39,6,0.003032,True
er_001137.txt,28,42,5,0.00672,True
er_001138.txt,20,29,4,0.001824,True
er_001139.txt,25,73,9,0.016906,True
er_001140.txt,24,57,8,0.00949,True
er_001141.txt,20,66,9,0.006831,True
er_001142.txt,22,75,10,0.013751,True
er_001143.txt,27,71,10,0.015278,True
er_001144.txt,11,15,2,0.000701,True
er_001145.txt,13,31,5,0.002428,True
er_001146.txt,15,29,5,0.002009,True
er_001147.txt,15,21,2,0.000905,True
er_001148.txt,16,31,4,0.001816,True
er_001149.txt,19,50,7,0.005366,True
er_001150.txt,28,110,14,0.040788,True
er_001151.txt,10,5,0,2.8e-05,True
er_001152.txt,26,89,12,0.020333,True
er_001153.txt,12,21,3,0.000933,True
er_001154.txt,29,136,15,0.039084,True
er_001155.txt,16,37,6,0.003239,True
er_001156.txt,12,17,3,0.001108,True
er_001157.txt,20,34,5,0.002434,True
er_001158.txt,26,69,9,0.015662,True
er_001159.txt,22,69,9,0.013357,True
er_001160.txt,18,28,3,0.001623,True
er_001161.txt,22,43,6,0.005368,True
er_001162.txt,30,152,18,0.047719,True
er_001163.txt,25,56,8,0.010302,True
er_001164.txt,10,13,1,0.000463,True
er_001165.txt,18,18,2,0.000892,True
er_001166.txt,14,29,4,0.00168,True
er_001167.txt,29,64,8,0.011879,True
er_001168.txt,13,17,2,0.000689,True
er_001169.txt,11,12,1,0.000439,True
er_001170.txt,27,113,14,0.032321,True
er_001171.txt,10,21,3,0.00111,True
er_001172.txt,18,19,2,0.000947,True
er_001173.txt,14,11,2,0.000611,True
er_001174.txt,21,56,8,0.005152,True
er_001175.txt,11,16,2,0.000685,True
er_001176.txt,18,47,6,0.00357,True
er_001177.txt,11,9,0,2.1e-05,True
er_001178.txt,16,23,3,0.001289,True
er_001179.txt,29,148,16,0.045765,True
er_001180.txt,25,70,9,0.013111,True
er_001181.txt,16,52,7,0.00401,True
er_001182.txt,12,22,3,0.001071,True
er_001183.txt,11,13,2,0.000516,True
er_001184.txt,30,114,14,0.034073,True
er_001185.txt,30,116,14,0.041114,True
er_001186.txt,23,38,4,0.003908,True
er_001187.txt,21,23,2,0.000947,True
er_001188.txt,20,62,9,0.006676,True
er_001189.txt,30,80,10,0.020983,True
er_001190.txt,27,112,14,0.028987,True
er_001191.txt,10,9,2,0.000427,True
er_001192.txt,13,24,4,0.001415,True
er_001193.txt,23,52,8,0.010416,True
er_001194.txt,25,112,13,0.025479,True
er_001195.txt,21,62,10,0.006863,True
er_001196.txt,27,45,5,0.005733,True
er_001197.txt,17,39,6,0.002768,True
er_001198.txt,24,100,12,0.02149,True
er_001199.txt,21,22,2,0.001024,True
er_001200.txt,24,37,4,0.00393,True
er_001201.txt,24,70,9,0.011807,True
er_001202.txt,13,17,2,0.000738,True
er_001203.txt,21,60,8,0.006192,True
er_001204.txt,30,153,17,0.044092,True
er_001205.txt,28,140,16,0.039697,True
er_001206.txt,22,33,4,0.003565,True
er_001207.txt,25,30,4,0.002982,True
er_001208.txt,29,129,16,0.035662,True
er_001209.txt,12,21,4,0.001163,True
er_001210.txt,18,35,5,0.002206,True
er_001211.txt,13,11,1,0.000394,True
er_001212.txt,19,32,4,0.001956,True
er_001213.txt,17,30,4,0.001728,True
er_001214.txt,24,66,9,0.015796,True
er_001215.txt,22,87,11,0.017436,True
er_001216.txt,26,35,3,0.00346,True
er_001217.txt,27,93,12,0.021283,True
er_001218.txt,28,150,17,0.043545,True
er_001219.txt,19,61,8,0.006366,True
er_001220.txt,14,31,4,0.001819,True
er_001221.txt,27,38,4,0.004512,True
er_001222.txt,19,38,6,0.003128,True
er_001223.txt,17,12,1,0.000505,True
er_001224.txt,10,17,3,0.000716,True
er_001225.txt,18,56,8,0.004763,True
er_001226.txt,29,92,13,0.020685,True
er_001227.txt,28,88,12,0.02473,True
er_001228.txt,30,107,14,0.027165,True
er_001229.txt,17,47,6,0.003896,True
er_001230.txt,14,18,2,0.000768,True
er_001231.txt,27,47,5,0.006158,True
er_001232.txt,23,102,13,0.023067,True
er_001233.txt,15,13,2,0.000602,True
er_001234.txt,26,58,8,0.009672,True
er_001235.txt,16,42,6,0.004228,True
er_001236.txt,19,34,5,0.002122,True
er_001237.txt,11,19,3,0.000862,True
er_001238.txt,23,45,7,0.006993,True
er_001239.txt,11,21,3,0.00101,True
er_001240.txt,30,115,13,0.029064,True
er_001241.txt,24,67,9,0.012189,True
er_001242.txt,12,27,4,0.001423,True
er_001243.txt,26,96,12,0.023022,True
er_001244.txt,23,25,2,0.001913,True
er_001245.txt,26,44,6,0.00662,True
er_001246.txt,14,33,5,0.002067,True
er_001247.txt,14,18,3,0.00087,True
er_001248.txt,13,28,4,0.001562,True
er_001249.txt,11,19,4,0.001029,True
er_001250.txt,22,43,6,0.005801,True
er_001251.txt,29,149,17,0.050094,True
er_001252.txt,23,84,11,0.018248,True
er_001253.txt,20,46,6,0.003378,True
er_001254.txt,26,57,8,0.009782,True
er_001255.txt,15,15,2,0.000748,True
er_001256.txt,17,36,6,0.002855,True
er_001257.txt,22,25,2,0.001813,True
er_001258.txt,19,52,7,0.004426,True
er_001259.txt,12,27,4,0.001479,True
er_001260.txt,10,11,2,0.000511,True
er_001261.txt,23,88,11,0.01782,True
er_001262.txt,14,34,6,0.002278,True
er_001263.txt,21,95,12,0.01215,True
er_001264.txt,30,111,14,0.030065,True
er_001265.txt,14,24,4,0.001819,True
er_001266.txt,27,151,16,0.044978,True
er_001267.txt,13,11,1,0.000493,True
er_001268.txt,23,35,4,0.003625,True
er_001269.txt,25,54,8,0.010162,True
er_001270.txt,22,78,10,0.014426,True
er_001271.txt,12,7,0,2.7e-05,True
er_001272.txt,13,22,3,0.001134,True
er_001273.txt,15,35,5,0.00249,True
er_001274.txt,13,9,1,0.000438,True
er_001275.txt,20,67,9,0.006814,True
er_001276.txt,19,50,7,0.004674,True
er_001277.txt,14,32,5,0.002024,True
er_001278.txt,19,30,3,0.001821,True
er_001279.txt,17,29,4,0.001664,True
er_001280.txt,27,50,6,0.007944,True
er_001281.txt,26,111,13,0.029765,True
er_001282.txt,21,74,11,0.009744,True
er_001283.txt,25,41,5,0.006891,True
er_001284.txt,24,54,7,0.009154,True
er_001285.txt,24,44,6,0.00633,True
er_001286.txt,13,14,2,0.000645,True
er_001287.txt,24,87,10,0.023034,True
er_001288.txt,28,141,17,0.041958,True
er_001289.txt,16,18,1,0.000845,True
er_001290.txt,14,26,4,0.001514,True
er_001291.txt,18,35,5,0.002255,True
er_001292.txt,21,27,4,0.001964,True
er_001293.txt,21,34,3,0.001942,True
er_001294.txt,11,16,2,0.00077,True
er_001295.txt,23,81,10,0.014678,True
er_001296.txt,30,97,12,0.023611,True
er_001297.txt,29,105,13,0.028378,True
er_001298.txt,14,35,5,0.002356,True
er_001299.txt,17,47,6,0.004179,True
er_001300.txt,26,55,7,0.008674,True
er_001301.txt,13,23,3,0.001102,True
er_001302.txt,26,74,10,0.015961,True
er_001303.txt,22,70,11,0.01535,True
er_001304.txt,12,13,2,0.001082,True
er_001305.txt,21,77,10,0.00864,True
er_001306.txt,11,5,0,2.3e-05,True
er_001307.txt,17,32,5,0.00221,True
er_001308.txt,21,64,8,0.006619,True
er_001309.txt,23,79,10,0.015523,True
er_001310.txt,13,29,4,0.001594,True
er_001311.txt,27,105,14,0.028334,True
er_001312.txt,11,18,3,0.000773,True
er_001313.txt,25,79,11,0.018191,True
er_001314.txt,11,18,2,0.000737,True
er_001315.txt,28,107,14,0.02597,True
er_001316.txt,11,13,2,0.00052,True
er_001317.txt,26,61,7,0.010196,True
er_001318.txt,15,25,4,0.001419,True
er_001319.txt,12,23,4,0.001188,True
er_001320.txt,25,56,8,0.008915,True
er_001321.txt,15,14,1,0.000475,True
er_001322.txt,26,59,8,0.008954,True
er_001323.txt,28,164,17,0.050061,True
er_001324.txt,29,51,6,0.008603,True
er_001325.txt,25,57,7,0.008679,True
er_001326.txt,25,38,4,0.004719,True
er_001327.txt,10,15,2,0.0005,True
er_001328.txt,11,14,2,0.000615,True
er_001329.txt,22,88,11,0.021598,True
er_001330.txt,15,22,3,0.000999,True
er_001331.txt,27,149,17,0.043044,True
er_001332.txt,12,13,2,0.000577,True
er_001333.txt,22,59,8,0.009508,True
er_001334.txt,28,123,14,0.034148,True
er_001335.txt,24,38,5,0.00432,True
er_001336.txt,29,80,11,0.016808,True
er_001337.txt,27,122,14,0.029001,True
er_001338.txt,11,11,1,0.000368,True
er_001339.txt,21,33,5,0.002323,True
er_001340.txt,16,15,2,0.000694,True
er_001341.txt,27,61,8,0.011508,True
er_001342.txt,22,81,10,0.01582,True
er_001343.txt,13,13,1,0.000476,True
er_001344.txt,10,20,3,0.00088,True
er_001345.txt,18,55,7,0.004804,True
er_001346.txt,11,9,0,1.4e-05,True
er_001347.txt,22,45,7,0.006352,True
er_001348.txt,27,131,15,0.0385,True
er_001349.txt,26,93,12,0.021879,True
er_001350.txt,29,136,15,0.043854,True
er_001351.txt,18,48,7,0.005017,True
er_001352.txt,24,87,11,0.017767,True
er_001353.txt,29,157,17,0.051738,True
er_001354.txt,15,35,5,0.002101,True
er_001355.txt,28,154,16,0.044058,True
er_001356.txt,22,31,4,0.00271,True
er_001357.txt,16,28,4,0.001622,True
er_001358.txt,22,24,2,0.001732,True
er_001359.txt,27,85,11,0.018601,True
er_001360.txt,26,115,14,0.030961,True
er_001361.txt,10,13,2,0.000607,True
er_001362.txt,18,47,7,0.003804,True
er_001363.txt,12,23,4,0.001266,True
er_001364.txt,11,23,4,0.001225,True
er_001365.txt,15,17,3,0.000887,True
er_001366.txt,17,37,5,0.002946,True
er_001367.txt,23,27,3,0.002107,True
er_001368.txt,27,99,14,0.0239,True
er_001369.txt,29,74,11,0.01629,True
er_001370.txt,14,13,1,0.000525,True
er_001371.txt,19,70,10,0.0085,True
er_001372.txt,10,5,0,3.9e-05,True
er_001373.txt,19,41,5,0.002909,True
er_001374.txt,27,88,11,0.020437,True
er_001375.txt,10,3,0,2.7e-05,True
er_001376.txt,18,25,3,0.001387,True
er_001377.txt,15,28,4,0.001564,True
er_001378.txt,19,29,3,0.001782,True
er_001379.txt,19,22,3,0.001286,True
er_001380.txt,27,100,13,0.031687,True
er_001381.txt,25,56,7,0.009753,True
er_001382.txt,19,20,2,0.001011,True
er_001383.txt,12,23,4,0.001416,True
er_001384.txt,11,12,2,0.000662,True
er_001385.txt,28,57,8,0.010103,True
er_001386.txt,28,49,6,0.008094,True
er_001387.txt,22,53,7,0.008398,True
er_001388.txt,25,127,15,0.031746,True
er_001389.txt,25,102,13,0.023649,True
er_001390.txt,13,31,5,0.002006,True
er_001391.txt,21,65,10,0.006922,True
er_001392.txt,18,25,3,0.001463,True
er_001393.txt,19,17,1,0.000767,True
er_001394.txt,20,32,4,0.002203,True
er_001395.txt,15,21,3,0.001015,True
er_001396.txt,10,12,1,0.000479,True
er_001397.txt,20,64,9,0.005979,True
er_001398.txt,10,10,2,0.000496,True
er_001399.txt,15,32,5,0.002005,True
er_001400.txt,11,14,2,0.00062,True
er_001401.txt,16,38,6,0.002731,True
er_001402.txt,24,79,10,0.017736,True
er_001403.txt,20,31,4,0.001942,True
er_001404.txt,16,14,1,0.000608,True
er_001405.txt,24,112,12,0.025167,True
er_001406.txt,26,36,4,0.003833,True
er_001407.txt,20,61,9,0.006787,True
er_001408.txt,15,17,2,0.000849,True
er_001409.txt,15,24,4,0.001337,True
er_001410.txt,26,90,12,0.02122,True
er_001411.txt,29,142,17,0.042333,True
er_001412.txt,17,46,6,0.003507,True
er_001413.txt,26,114,14,0.032238,True
er_001414.txt,11,15,2,0.0006,True
er_001415.txt,11,16,2,0.000673,True
er_001416.txt,19,30,4,0.001814,True
er_001417.txt,25,52,7,0.010808,True
er_001418.txt,23,52,8,0.009542,True
er_001419.txt,18,66,9,0.006593,True
er_001420.txt,26,130,14,0.034127,True
er_001421.txt,25,84,11,0.019392,True
er_001422.txt,24,114,13,0.029343,True
er_001423.txt,17,33,5,0.002199,True
er_001424.txt,22,13,2,0.001106,True
er_001425.txt,15,38,5,0.002323,True
er_001426.txt,25,74,10,0.015586,True
er_001427.txt,23,63,8,0.010802,True
er_001428.txt,17,33,4,0.002177,True
er_001429.txt,16,32,4,0.002999,True
er_001430.txt,19,28,4,0.00183,True
er_001431.txt,21,42,6,0.004988,True
er_001432.txt,14,14,2,0.000767,True
er_001433.txt,18,49,7,0.00799,True
er_001434.txt,18,43,7,0.004829,True
er_001435.txt,23,60,9,0.011427,True
er_001436.txt,16,22,3,0.001385,True
er_001437.txt,30,140,16,0.061819,True
er_001438.txt,29,99,14,0.03109,True
er_001439.txt,13,30,4,0.001714,True
er_001440.txt,19,37,5,0.002564,True
er_001441.txt,13,29,5,0.002388,True
er_001442.txt,22,43,6,0.007521,True
er_001443.txt,17,60,8,0.006512,True
er_001444.txt,13,25,4,0.002304,True
er_001445.txt,17,24,3,0.001271,True
er_001446.txt,30,140,16,0.047393,True
er_001447.txt,29,69,9,0.014405,True
er_001448.txt,14,24,4,0.001322,True
er_001449.txt,16,21,2,0.00092,True
er_001450.txt,22,67,9,0.013154,True
er_001451.txt,25,70,9,0.013348,True
er_001452.txt,28,94,12,0.031703,True
er_001453.txt,28,138,16,0.043967,True
er_001454.txt,19,29,4,0.00316,True
er_001455.txt,20,19,1,0.001037,True
er_001456.txt,20,50,7,0.004551,True
er_001457.txt,18,42,6,0.006258,True
er_001458.txt,25,33,4,0.003327,True
er_001459.txt,10,10,1,0.000332,True
er_001460.txt,25,78,9,0.014937,True
er_001461.txt,14,25,4,0.001353,True
er_001462.txt,19,47,6,0.003497,True
er_001463.txt,16,21,2,0.001066,True
er_001464.txt,27,122,15,0.033301,True
er_001465.txt,16,14,2,0.00077,True
er_001466.txt,22,43,6,0.006682,True
er_001467.txt,22,38,5,0.005226,True
er_001468.txt,27,76,10,0.016366,True
er_001469.txt,18,46,7,0.004379,True
er_001470.txt,10,10,1,0.000354,True
er_001471.txt,27,91,11,0.01839,True
er_001472.txt,18,34,5,0.002335,True
er_001473.txt,24,107,12,0.023841,True
er_001474.txt,26,66,9,0.012898,True
er_001475.txt,30,72,10,0.015348,True
er_001476.txt,21,35,4,0.002228,True
er_001477.txt,29,98,13,0.025784,True
er_001478.txt,26,117,14,0.036028,True
er_001479.txt,20,34,4,0.002461,True
er_001480.txt,26,51,7,0.007671,True
er_001481.txt,19,18,2,0.000958,True
er_001482.txt,17,16,3,0.000952,True
er_001483.txt,13,20,3,0.000931,True
er_001484.txt,14,24,4,0.001344,True
er_001485.txt,26,114,13,0.028826,True
er_001486.txt,15,31,4,0.001789,True
er_001487.txt,16,40,6,0.002781,True
er_001488.txt,21,72,9,0.009814,True
er_001489.txt,20,57,8,0.005497,True
er_001490.txt,29,79,11,0.018657,True
er_001491.txt,29,94,13,0.025175,True
er_001492.txt,11,26,4,0.001391,True
er_001493.txt,18,39,6,0.002914,True
er_001494.txt,22,80,10,0.016769,True
er_001495.txt,13,23,4,0.001411,True
er_001496.txt,24,79,10,0.017758,True
er_001497.txt,25,108,13,0.029387,True
er_001498.txt,21,43,4,0.003136,True
er_001499.txt,17,65,9,0.007621,True
er_001500.txt,19,53,8,0.005336,True
er_001501.txt,26,104,12,0.024537,True
er_001502.txt,11,13,1,0.00049,True
er_001503.txt,20,49,8,0.004448,True
er_001504.txt,14,39,6,0.002777,True
er_001505.txt,12,20,3,0.000906,True
er_001506.txt,24,51,7,0.007665,True
er_001507.txt,27,87,12,0.024134,True
er_001508.txt,22,39,5,0.004356,True
er_001509.txt,23,31,3,0.002747,True
er_001510.txt,10,15,2,0.000578,True
er_001511.txt,18,54,7,0.005183,True
er_001512.txt,30,71,10,0.015573,True
er_001513.txt,15,11,0,1.7e-05,True
er_001514.txt,14,20,3,0.001065,True
er_001515.txt,21,54,8,0.005202,True
er_001516.txt,12,27,4,0.001516,True
er_001517.txt,20,19,1,0.000837,True
er_001518.txt,10,13,2,0.000497,True
er_001519.txt,12,19,2,0.000771,True
er_001520.txt,16,37,5,0.002363,True
er_001521.txt,11,16,2,0.001103,True
er_001522.txt,25,108,14,0.034017,True
er_001523.txt,15,23,3,0.001486,True
er_001524.txt,15,20,2,0.000993,True
er_001525.txt,25,70,9,0.014637,True
er_001526.txt,30,172,18,0.056693,True
er_001527.txt,12,13,2,0.000623,True
er_001528.txt,10,19,3,0.001454,True
er_001529.txt,18,40,6,0.003627,True
er_001530.txt,24,39,5,0.004712,True
er_001531.txt,16,16,1,0.000573,True
er_001532.txt,23,109,13,0.025608,True
er_001533.txt,26,58,8,0.010082,True
er_001534.txt,11,15,2,0.000801,True
er_001535.txt,13,34,6,0.00251,True
er_001536.txt,23,36,4,0.003693,True
er_001537.txt,14,19,2,0.000786,True
er_001538.txt,18,55,7,0.004945,True
er_001539.txt,18,67,10,0.008229,True
er_001540.txt,20,75,9,0.011191,True
er_001541.txt,15,28,4,0.001699,True
er_001542.txt,13,28,4,0.00185,True
er_001543.txt,22,90,11,0.024896,True
er_001544.txt,17,27,3,0.001702,True
er_001545.txt,27,120,14,0.037016,True
er_001546.txt,15,21,2,0.000958,True
er_001547.txt,30,40,4,0.004443,True
er_001548.txt,22,74,9,0.015283,True
er_001549.txt,26,123,14,0.033711,True
er_001550.txt,15,22,3,0.001206,True
er_001551.txt,29,105,14,0.027201,True
er_001552.txt,26,36,4,0.003243,True
er_001553.txt,26,59,8,0.010775,True
er_001554.txt,19,28,3,0.002555,True
er_001555.txt,22,62,8,0.010333,True
er_001556.txt,16,12,1,0.000581,True
er_001557.txt,19,66,9,0.007402,True
er_001558.txt,10,11,1,0.000434,True
er_001559.txt,30,72,10,0.014927,True
er_001560.txt,21,63,8,0.006248,True
er_001561.txt,24,83,10,0.020513,True
er_001562.txt,26,124,15,0.03825,True
er_001563.txt,25,33,3,0.003264,True
er_001564.txt,16,54,8,0.004637,True
er_001565.txt,24,98,13,0.027761,True
er_001566.txt,23,74,10,0.016039,True
er_001567.txt,17,24,3,0.001355,True
er_001568.txt,24,67,10,0.013657,True
er_001569.txt,26,129,15,0.035882,True
er_001570.txt,21,22,3,0.001247,True
er_001571.txt,27,45,5,0.006303,True
er_001572.txt,11,12,2,0.000634,True
er_001573.txt,15,14,1,0.001198,True
er_001574.txt,29,125,15,0.035006,True
er_001575.txt,21,76,10,0.00951,True
er_001576.txt,14,23,3,0.001362,True
er_001577.txt,18,30,5,0.002125,True
er_001578.txt,15,17,1,0.000728,True
er_001579.txt,13,28,4,0.001656,True
er_001580.txt,16,24,3,0.001281,True
er_001581.txt,12,10,1,0.000589,True
er_001582.txt,24,99,12,0.022758,True
er_001583.txt,14,30,5,0.001932,True
er_001584.txt,12,14,2,0.000748,True
er_001585.txt,17,42,6,0.003237,True
er_001586.txt,22,42,4,0.00487,True
er_001587.txt,19,36,5,0.002722,True
er_001588.txt,17,38,5,0.002535,True
er_001589.txt,27,44,5,0.006347,True
er_001590.txt,15,33,5,0.002297,True
er_001591.txt,24,77,11,0.017258,True
er_001592.txt,11,8,1,0.00039,True
er_001593.txt,11,10,1,0.00046,True
er_001594.txt,26,41,5,0.004837,True
er_001595.txt,14,35,5,0.002279,True
er_001596.txt,19,68,9,0.007069,True
er_001597.txt,10,7,0,3.2e-05,True
er_001598.txt,12,15,2,0.00073,True
er_001599.txt,20,38,5,0.00333,True
er_001600.txt,10,11,1,0.000448,True
er_001601.txt,28,135,15,0.037422,True
er_001602.txt,24,72,10,0.013625,True
er_001603.txt,14,25,4,0.001716,True
er_001604.txt,12,29,4,0.001612,True
er_001605.txt,27,94,12,0.022944,True
er_001606.txt,28,89,12,0.023023,True
er_001607.txt,27,128,15,0.035812,True
er_001608.txt,20,19,2,0.001049,True
er_001609.txt,13,4,0,2.7e-05,True
er_001610.txt,11,10,1,0.000433,True
er_001611.txt,14,26,4,0.001593,True
er_001612.txt,28,83,12,0.019059,True
er_001613.txt,13,25,4,0.001689,True
er_001614.txt,23,28,2,0.002285,True
er_001615.txt,10,5,0,2.2e-05,True
er_001616.txt,27,70,9,0.013894,True
er_001617.txt,14,14,2,0.000713,True
er_001618.txt,24,43,6,0.005632,True
er_001619.txt,18,63,8,0.005957,True
er_001620.txt,29,158,17,0.045389,True
er_001621.txt,28,129,15,0.03596,True
er_001622.txt,12,9,1,0.000463,True
er_001623.txt,15,25,3,0.001142,True
er_001624.txt,16,42,6,0.002958,True
er_001625.txt,18,55,8,0.005262,True
er_001626.txt,27,105,13,0.02612,True
er_001627.txt,24,107,13,0.02642,True
er_001628.txt,16,18,2,0.001326,True
er_001629.txt,12,24,4,0.001435,True
er_001630.txt,25,87,11,0.018962,True
er_001631.txt,29,161,17,0.064451,True
er_001632.txt,18,39,6,0.003016,True
er_001633.txt,11,22,3,0.001092,True
er_001634.txt,27,89,12,0.020589,True
er_001635.txt,25,52,8,0.008924,True
er_001636.txt,15,7,0,2.9e-05,True
er_001637.txt,12,19,3,0.000899,True
er_001638.txt,11,9,0,1.3e-05,True
er_001639.txt,10,17,3,0.000721,True
er_001640.txt,16,7,0,1.5e-05,True
er_001641.txt,19,47,7,0.004183,True
er_001642.txt,30,88,13,0.024905,True
er_001643.txt,12,6,0,3.2e-05,True
er_001644.txt,19,26,3,0.001517,True
er_001645.txt,14,27,4,0.001595,True
er_001646.txt,18,61,8,0.006163,True
er_001647.txt,19,56,7,0.005266,True
er_001648.txt,18,51,8,0.004711,True
er_001649.txt,18,43,7,0.003652,True
er_001650.txt,29,104,12,0.022379,True
er_001651.txt,13,13,2,0.000699,True
er_001652.txt,12,26,4,0.001391,True
er_001653.txt,30,113,15,0.033159,True
er_001654.txt,13,22,3,0.00117,True
er_001655.txt,20,71,9,0.007485,True
er_001656.txt,26,107,14,0.026973,True
er_001657.txt,29,69,11,0.015274,True
er_001658.txt,20,81,10,0.010001,True
er_001659.txt,24,52,7,0.008289,True
er_001660.txt,23,33,4,0.003229,True
er_001661.txt,19,66,9,0.007328,True
er_001662.txt,23,45,6,0.006315,True
er_001663.txt,22,45,6,0.005829,True
er_001664.txt,30,70,8,0.013021,True
er_001665.txt,10,12,2,0.000559,True
er_001666.txt,12,19,2,0.000927,True
er_001667.txt,18,51,8,0.004943,True
er_001668.txt,13,22,3,0.001157,True
er_001669.txt,19,48,7,0.005544,True
er_001670.txt,19,62,9,0.006369,True
er_001671.txt,11,17,3,0.000804,True
er_001672.txt,24,51,7,0.008521,True
er_001673.txt,16,16,1,0.000671,True
er_001674.txt,22,28,3,0.00256,True
er_001675.txt,15,27,3,0.001347,True
er_001676.txt,22,71,9,0.01637,True
er_001677.txt,16,35,5,0.002363,True
er_001678.txt,21,48,7,0.004192,True
er_001679.txt,17,47,7,0.00476,True
er_001680.txt,29,51,6,0.007391,True
er_001681.txt,28,115,13,0.030906,True
er_001682.txt,11,16,2,0.00073,True
er_001683.txt,30,175,19,0.060902,True
er_001684.txt,28,129,15,0.039872,True
er_001685.txt,22,82,10,0.01661,True
er_001686.txt,25,126,14,0.029654,True
er_001687.txt,15,23,3,0.001155,True
er_001688.txt,20,22,2,0.001106,True
er_001689.txt,17,33,5,0.002205,True
er_001690.txt,15,43,6,0.003165,True
er_001691.txt,30,117,14,0.030437,True
er_001692.txt,27,64,9,0.012161,True
er_001693.txt,11,11,1,0.000495,True
er_001694.txt,27,109,13,0.026832,True
er_001695.txt,14,32,5,0.002034,True
er_001696.txt,12,24,4,0.001355,True
er_001697.txt,13,29,5,0.001948,True
er_001698.txt,19,44,6,0.00347,True
er_001699.txt,21,67,9,0.007164,True
er_001700.txt,12,14,2,0.000704,True
er_001701.txt,27,92,12,0.020934,True
er_001702.txt,17,29,3,0.00183,True
er_001703.txt,27,56,7,0.010125,True
er_001704.txt,19,33,4,0.002124,True
er_001705.txt,30,77,10,0.015015,True
er_001706.txt,17,25,3,0.001423,True
er_001707.txt,21,48,8,0.004614,True
er_001708.txt,22,54,8,0.009329,True
er_001709.txt,14,30,4,0.001766,True
er_001710.txt,13,18,2,0.000723,True
er_001711.txt,28,62,10,0.011472,True
er_001712.txt,24,35,4,0.003545,True
er_001713.txt,24,47,6,0.006597,True
er_001714.txt,20,42,6,0.004479,True
er_001715.txt,25,72,10,0.014854,True
er_001716.txt,15,36,5,0.002911,True
er_001717.txt,17,25,3,0.001327,True
er_001718.txt,20,18,2,0.000925,True
er_001719.txt,17,30,5,0.001941,True
er_001720.txt,22,71,10,0.013813,True
er_001721.txt,19,43,6,0.003615,True
er_001722.txt,17,41,5,0.002724,True
er_001723.txt,19,38,6,0.00318,True
er_001724.txt,12,28,5,0.0019,True
er_001725.txt,19,42,7,0.00362,True
er_001726.txt,12,6,0,2.2e-05,True
er_001727.txt,28,48,6,0.007569,True
er_001728.txt,10,4,0,2.5e-05,True
er_001729.txt,27,129,14,0.037413,True
er_001730.txt,29,89,12,0.021791,True
er_001731.txt,22,69,9,0.012017,True
er_001732.txt,10,22,3,0.001035,True
er_001733.txt,28,85,11,0.0183,True
er_001734.txt,17,30,4,0.001794,True
er_001735.txt,30,143,16,0.041372,True
er_001736.txt,27,64,8,0.012804,True
er_001737.txt,15,22,3,0.001163,True
er_001738.txt,23,61,8,0.008899,True
er_001739.txt,27,39,4,0.004294,True
er_001740.txt,30,139,16,0.0393,True
er_001741.txt,11,27,4,0.001495,True
er_001742.txt,14,30,5,0.001928,True
er_001743.txt,12,19,3,0.000857,True
er_001744.txt,11,25,4,0.00145,True
er_001745.txt,13,26,5,0.001585,True
er_001746.txt,18,59,9,0.005749,True
er_001747.txt,24,40,5,0.005392,True
er_001748.txt,15,33,5,0.001975,True
er_001749.txt,14,31,4,0.001672,True
er_001750.txt,12,17,2,0.000746,True
er_001751.txt,27,104,14,0.027501,True
er_001752.txt,21,46,6,0.003899,True
er_001753.txt,20,42,6,0.003309,True
er_001754.txt,19,46,5,0.004997,True
er_001755.txt,20,56,8,0.005446,True
er_001756.txt,10,18,3,0.001177,True
er_001757.txt,12,15,2,0.000652,True
er_001758.txt,17,18,2,0.000895,True
er_001759.txt,20,72,9,0.010223,True
er_001760.txt,23,100,13,0.022311,True
er_001761.txt,25,78,11,0.017222,True
er_001762.txt,22,33,4,0.00611,True
er_001763.txt,13,18,3,0.000977,True
er_001764.txt,18,18,2,0.000839,True
er_001765.txt,10,15,2,0.000649,True
er_001766.txt,22,44,7,0.006435,True
er_001767.txt,21,31,5,0.002144,True
er_001768.txt,27,61,8,0.011683,True
er_001769.txt,18,44,6,0.003416,True
er_001770.txt,18,42,6,0.002866,True
er_001771.txt,11,9,1,0.00038,True
er_001772.txt,22,37,5,0.003994,True
er_001773.txt,28,151,17,0.046438,True
er_001774.txt,24,71,10,0.014272,True
er_001775.txt,24,37,4,0.004237,True
er_001776.txt,30,128,16,0.038762,True
er_001777.txt,15,19,2,0.000818,True
er_001778.txt,12,21,3,0.001018,True
er_001779.txt,12,21,3,0.001027,True
er_001780.txt,23,28,3,0.002557,True
er_001781.txt,22,73,10,0.014196,True
er_001782.txt,27,99,13,0.023414,True
er_001783.txt,18,38,6,0.002942,True
er_001784.txt,30,101,14,0.032832,True
er_001785.txt,24,110,13,0.024688,True
er_001786.txt,27,53,6,0.007999,True
er_001787.txt,29,71,10,0.018138,True
er_001788.txt,27,83,11,0.019083,True
er_001789.txt,17,40,6,0.003573,True
er_001790.txt,20,63,10,0.008165,True
er_001791.txt,25,101,12,0.032832,True
er_001792.txt,28,83,11,0.022542,True
er_001793.txt,12,7,0,3.8e-05,True
er_001794.txt,22,104,12,0.03058,True
er_001795.txt,12,13,1,0.000542,True
er_001796.txt,23,60,8,0.015038,True
er_001797.txt,29,67,8,0.014947,True
er_001798.txt,15,37,5,0.002698,True
er_001799.txt,25,66,10,0.012699,True
er_001800.txt,24,83,11,0.022586,True
er_001801.txt,28,133,16,0.040735,True
er_001802.txt,28,123,16,0.037942,True
er_001803.txt,30,65,9,0.013598,True
er_001804.txt,23,25,2,0.002442,True
er_001805.txt,29,121,16,0.034144,True
er_001806.txt,17,13,1,0.000682,True
er_001807.txt,12,25,4,0.001536,True
er_001808.txt,26,85,11,0.018844,True
er_001809.txt,14,15,2,0.000746,True
er_001810.txt,29,64,9,0.01209,True
er_001811.txt,10,8,1,0.000428,True
er_001812.txt,16,19,2,0.000984,True
er_001813.txt,14,29,4,0.001635,True
er_001814.txt,25,58,8,0.009854,True
er_001815.txt,12,21,3,0.001221,True
er_001816.txt,26,126,15,0.03836,True
er_001817.txt,23,83,11,0.019017,True
er_001818.txt,19,34,5,0.002722,True
er_001819.txt,21,34,5,0.002428,True
er_001820.txt,26,97,13,0.02435,True
er_001821.txt,19,18,1,0.000732,True
er_001822.txt,15,24,4,0.001363,True
er_001823.txt,29,110,13,0.035028,True
er_001824.txt,20,27,4,0.001742,True
er_001825.txt,21,44,6,0.003866,True
er_001826.txt,29,166,16,0.067168,True
er_001827.txt,14,13,2,0.000567,True
er_001828.txt,27,87,10,0.017637,True
er_001829.txt,19,17,1,0.000723,True
er_001830.txt,26,99,12,0.023839,True
er_001831.txt,28,148,16,0.042692,True
er_001832.txt,16,37,6,0.002714,True
er_001833.txt,26,66,10,0.014295,True
er_001834.txt,26,47,7,0.007402,True
er_001835.txt,20,40,6,0.003224,True
er_001836.txt,19,43,7,0.003914,True
er_001837.txt,20,50,7,0.004662,True
er_001838.txt,13,22,3,0.001081,True
er_001839.txt,28,73,10,0.014761,True
er_001840.txt,12,16,2,0.000597,True
er_001841.txt,19,54,8,0.004787,True
er_001842.txt,13,32,5,0.00192,True
er_001843.txt,26,62,9,0.010904,True
er_001844.txt,21,60,9,0.006084,True
er_001845.txt,17,40,5,0.002584,True
er_001846.txt,26,88,11,0.019337,True
er_001847.txt,22,31,3,0.002641,True
er_001848.txt,24,47,5,0.005792,True
er_001849.txt,25,50,7,0.011586,True
er_001850.txt,25,38,5,0.00558,True
er_001851.txt,19,52,8,0.005934,True
er_001852.txt,20,40,6,0.005231,True
er_001853.txt,24,28,3,0.002495,True
er_001854.txt,22,76,10,0.015266,True
er_001855.txt,29,155,17,0.057454,True
er_001856.txt,10,9,1,0.000428,True
er_001857.txt,30,134,16,0.038312,True
er_001858.txt,11,13,1,0.00051,True
er_001859.txt,21,80,11,0.00975,True
er_001860.txt,25,63,9,0.011621,True
er_001861.txt,14,26,4,0.001954,True
er_001862.txt,10,18,2,0.0007,True
er_001863.txt,13,23,3,0.00108,True
er_001864.txt,15,11,1,0.00055,True
er_001865.txt,14,11,2,0.000565,True
er_001866.txt,25,118,14,0.031067,True
er_001867.txt,18,17,3,0.001068,True
er_001868.txt,16,15,2,0.001126,True
er_001869.txt,11,14,2,0.001279,True
er_001870.txt,11,16,3,0.00083,True
er_001871.txt,15,34,5,0.002056,True
er_001872.txt,25,67,9,0.012795,True
er_001873.txt,25,59,8,0.009531,True
er_001874.txt,10,15,3,0.00078,True
er_001875.txt,26,119,14,0.033015,True
er_001876.txt,27,76,10,0.015878,True
er_001877.txt,15,15,1,0.000598,True
er_001878.txt,14,13,2,0.000615,True
er_001879.txt,30,108,14,0.035212,True
er_001880.txt,25,107,13,0.024658,True
er_001881.txt,26,31,3,0.002821,True
er_001882.txt,28,53,8,0.008411,True
er_001883.txt,29,82,12,0.019505,True
er_001884.txt,26,99,12,0.027528,True
er_001885.txt,18,37,6,0.002635,True
er_001886.txt,21,25,3,0.001539,True
er_001887.txt,26,56,6,0.008316,True
er_001888.txt,11,10,1,0.000407,True
er_001889.txt,27,68,9,0.014472,True
er_001890.txt,21,74,10,0.008277,True
er_001891.txt,22,70,10,0.014396,True
er_001892.txt,13,24,3,0.001208,True
er_001893.txt,29,53,7,0.01006,True
er_001894.txt,24,38,6,0.00651,True
er_001895.txt,17,53,8,0.004984,True
er_001896.txt,14,20,3,0.000984,True
er_001897.txt,16,43,6,0.003745,True
er_001898.txt,11,6,0,1.8e-05,True
er_001899.txt,22,41,6,0.005162,True
er_001900.txt,25,105,14,0.029296,True
er_001901.txt,12,26,4,0.001487,True
er_001902.txt,12,19,3,0.000903,True
er_001903.txt,25,113,13,0.028394,True
er_001904.txt,17,39,6,0.003078,True
er_001905.txt,19,60,9,0.007075,True
er_001906.txt,23,93,13,0.024343,True
er_001907.txt,14,27,4,0.001767,True
er_001908.txt,29,150,17,0.052574,True
er_001909.txt,16,13,1,0.000632,True
er_001910.txt,21,35,5,0.002881,True
er_001911.txt,17,48,6,0.003981,True
er_001912.txt,11,22,3,0.001078,True
er_001913.txt,18,41,5,0.003053,True
er_001914.txt,12,8,0,4.1e-05,True
er_001915.txt,25,81,10,0.017918,True
er_001916.txt,25,65,9,0.012876,True
er_001917.txt,23,65,9,0.012464,True
er_001918.txt,16,39,6,0.002649,True
er_001919.txt,10,20,4,0.001025,True
er_001920.txt,16,50,7,0.005206,True
er_001921.txt,28,65,8,0.011506,True
er_001922.txt,27,127,14,0.031952,True
er_001923.txt,27,38,5,0.004615,True
er_001924.txt,27,47,6,0.006866,True
er_001925.txt,19,70,10,0.007876,True
er_001926.txt,11,20,3,0.000916,True
er_001927.txt,20,34,4,0.002111,True
er_001928.txt,19,22,3,0.001114,True
er_001929.txt,16,48,7,0.003913,True
er_001930.txt,24,48,7,0.006727,True
er_001931.txt,15,20,3,0.001117,True
er_001932.txt,12,19,2,0.000965,True
er_001933.txt,15,36,5,0.002867,True
er_001934.txt,16,51,7,0.004036,True
er_001935.txt,24,47,7,0.007183,True
er_001936.txt,11,25,4,0.001317,True
er_001937.txt,25,97,12,0.029767,True
er_001938.txt,25,83,11,0.018697,True
er_001939.txt,20,39,6,0.003248,True
er_001940.txt,30,83,11,0.017622,True
er_001941.txt,18,21,3,0.001019,True
er_001942.txt,28,86,11,0.020862,True
er_001943.txt,20,38,5,0.002589,True
er_001944.txt,30,116,14,0.031818,True
er_001945.txt,26,109,14,0.026839,True
er_001946.txt,25,41,4,0.004937,True
er_001947.txt,22,89,11,0.021172,True
er_001948.txt,29,162,17,0.06763,True
er_001949.txt,27,49,7,0.007532,True
er_001950.txt,14,22,3,0.001216,True
er_001951.txt,16,17,2,0.00085,True
er_001952.txt,30,126,15,0.035167,True
er_001953.txt,28,127,15,0.047597,True
er_001954.txt,20,36,5,0.002639,True
er_001955.txt,12,5,0,2e-05,True
er_001956.txt,26,84,10,0.017146,True
er_001957.txt,11,16,3,0.000746,True
er_001958.txt,18,32,5,0.002264,True
er_001959.txt,21,56,8,0.005662,True
er_001960.txt,19,54,8,0.005405,True
er_001961.txt,15,14,2,0.000646,True
er_001962.txt,21,58,9,0.005964,True
er_001963.txt,22,24,1,0.001414,True
er_001964.txt,28,88,12,0.018941,True
er_001965.txt,24,53,7,0.008382,True
er_001966.txt,11,13,2,0.000557,True
er_001967.txt,28,62,8,0.011299,True
er_001968.txt,19,64,9,0.006815,True
er_001969.txt,30,114,14,0.032483,True
er_001970.txt,26,88,11,0.019306,True
er_001971.txt,12,15,2,0.000705,True
er_001972.txt,15,24,3,0.001214,True
er_001973.txt,26,61,7,0.012534,True
er_001974.txt,22,84,12,0.017766,True
er_001975.txt,28,56,7,0.009571,True
er_001976.txt,27,64,10,0.012806,True
er_001977.txt,24,70,9,0.012811,True
er_001978.txt,22,30,3,0.00241,True
er_001979.txt,25,78,11,0.017725,True
er_001980.txt,11,16,3,0.000699,True
er_001981.txt,17,31,4,0.003159,True
er_001982.txt,23,53,7,0.008869,True
er_001983.txt,16,19,1,0.000656,True
er_001984.txt,13,14,1,0.000663,True
er_001985.txt,15,27,4,0.001631,True
er_001986.txt,22,85,11,0.02283,True
er_001987.txt,26,126,14,0.032085,True
er_001988.txt,22,33,4,0.003093,True
er_001989.txt,30,148,18,0.053532,True
er_001990.txt,11,6,0,3.1e-05,True
er_001991.txt,11,18,3,0.000925,True
er_001992.txt,10,4,0,4e-05,True
er_001993.txt,15,44,6,0.003,True
er_001994.txt,22,21,1,0.001431,True
er_001995.txt,19,71,10,0.008032,True
er_001996.txt,24,51,8,0.008654,True
er_001997.txt,23,23,2,0.001618,True
er_001998.txt,30,41,4,0.005193,True
er_001999.txt,12,22,3,0.001097,True
real_000000.txt,17,71,7,0.006093,True
real_000001.txt,25,46,10,0.0081,True
real_000002.txt,31,71,6,0.011918,True
real_000003.txt,15,25,3,0.001364,True
real_000004.txt,31,77,7,0.014965,True
real_000005.txt,14,24,5,0.001519,True
real_000006.txt,15,20,2,0.000877,True
real_000007.txt,25,62,7,0.00972,True
real_000008.txt,13,14,1,0.0005,True
real_000009.txt,17,58,6,0.004358,True
real_000010.txt,16,28,6,0.002101,True
real_000011.txt,15,20,2,0.0009,True
real_000012.txt,24,34,1,0.002472,True
real_000013.txt,11,32,4,0.001686,True
real_000014.txt,21,46,4,0.003686,True
real_000015.txt,31,50,6,0.007704,True
real_000016.txt,28,52,8,0.009057,True
real_000017.txt,30,86,14,0.023804,True
real_000018.txt,17,33,6,0.002594,True
real_000019.txt,13,14,1,0.000492,True
real_000020.txt,20,36,6,0.002993,True
real_000021.txt,10,17,4,0.000862,True
real_000022.txt,13,14,1,0.000496,True
real_000023.txt,12,19,4,0.001103,True
real_000024.txt,23,52,9,0.008971,True
real_000025.txt,13,23,4,0.001355,True
real_000026.txt,16,33,3,0.001657,True
real_000027.txt,15,20,2,0.000911,True
real_000028.txt,13,16,3,0.000817,True
real_000029.txt,32,466,29,0.13239,True
real_000030.txt,31,86,10,0.017517,True
real_000031.txt,13,14,1,0.000516,True
real_000032.txt,23,51,8,0.010466,True
real_000033.txt,22,46,4,0.006095,True
real_000034.txt,11,18,2,0.000869,True
real_000035.txt,17,25,3,0.001482,True
real_000036.txt,10,10,1,0.00035,True
real_000037.txt,17,37,6,0.002999,True
real_000038.txt,14,24,3,0.001204,True
real_000039.txt,19,37,2,0.001797,True
real_000040.txt,35,78,15,0.022483,True
real_000041.txt,17,19,2,0.000913,True
real_000042.txt,13,14,1,0.000454,True
real_000043.txt,26,38,2,0.00371,True
real_000044.txt,11,18,4,0.000925,True
real_000045.txt,27,50,6,0.00713,True
real_000046.txt,14,22,4,0.001383,True
real_000047.txt,10,17,2,0.000726,True
real_000048.txt,10,10,1,0.000324,True
real_000049.txt,15,16,1,0.000678,True
real_000050.txt,23,62,7,0.010578,True
real_000051.txt,10,14,2,0.000561,True
real_000052.txt,19,28,3,0.001648,True
real_000053.txt,12,13,1,0.000476,True
real_000054.txt,33,69,9,0.015085,True
real_000055.txt,16,42,7,0.003658,True
real_000056.txt,25,114,9,0.021861,True
real_000057.txt,29,112,9,0.022289,True
real_000058.txt,12,22,3,0.001046,True
real_000059.txt,23,51,8,0.008515,True
real_000060.txt,28,76,8,0.014868,True
real_000061.txt,10,17,4,0.001024,True
real_000062.txt,11,21,3,0.001348,True
real_000063.txt,13,24,5,0.002024,True
real_000064.txt,13,14,1,0.000525,True
real_000065.txt,14,28,5,0.001641,True
real_000066.txt,21,50,7,0.005519,True
real_000067.txt,23,51,8,0.008291,True
real_000068.txt,32,73,6,0.013306,True
real_000069.txt,27,46,9,0.008391,True
real_000070.txt,15,20,2,0.000877,True
real_000071.txt,10,13,2,0.000804,True
real_000072.txt,10,9,0,3.6e-05,True
real_000073.txt,35,88,5,0.013686,True
real_000074.txt,22,53,7,0.008161,True
real_000075.txt,13,27,4,0.001412,True
real_000076.txt,35,393,27,0.134226,True
real_000077.txt,13,14,1,0.000472,True
real_000078.txt,16,23,1,0.000852,True
real_000079.txt,29,46,2,0.004214,True
real_000080.txt,26,64,6,0.009957,True
real_000081.txt,17,28,5,0.002049,True
real_000082.txt,12,30,5,0.001702,True
real_000083.txt,11,17,3,0.000714,True
real_000084.txt,15,25,5,0.001513,True
real_000085.txt,10,17,4,0.000827,True
real_000086.txt,29,42,4,0.004928,True
real_000087.txt,25,46,5,0.005905,True
real_000088.txt,23,118,10,0.021455,True
real_000089.txt,23,53,6,0.007074,True
real_000090.txt,11,12,1,0.000396,True
real_000091.txt,15,20,2,0.000841,True
real_000092.txt,13,21,2,0.000917,True
real_000093.txt,10,16,3,0.000907,True
real_000094.txt,14,17,2,0.000783,True
real_000095.txt,13,14,1,0.000486,True
real_000096.txt,22,143,11,0.029918,True
real_000097.txt,13,14,1,0.000506,True
real_000098.txt,17,31,7,0.00268,True
real_000099.txt,13,14,1,0.000559,True
real_000100.txt,23,51,8,0.009241,True
real_000101.txt,10,14,2,0.000892,True
real_000102.txt,27,46,9,0.008597,True
real_000103.txt,22,47,3,0.004776,True
real_000104.txt,10,17,4,0.000887,True
real_000105.txt,15,30,5,0.002029,True
real_000106.txt,18,59,10,0.006219,True
real_000107.txt,19,41,5,0.003092,True
real_000108.txt,10,17,4,0.000864,True
real_000109.txt,32,89,11,0.019773,True
real_000110.txt,15,20,2,0.001053,True
real_000111.txt,10,17,4,0.000862,True
real_000112.txt,22,48,5,0.006988,True
real_000113.txt,32,78,8,0.015785,True
real_000114.txt,15,16,1,0.0006,True
real_000115.txt,17,35,7,0.003278,True
real_000116.txt,13,14,1,0.000544,True
real_000117.txt,16,29,6,0.002202,True
real_000118.txt,22,53,8,0.008327,True
real_000119.txt,13,14,1,0.000484,True
real_000120.txt,20,31,5,0.002449,True
real_000121.txt,26,103,11,0.020917,True
real_000122.txt,14,21,4,0.001195,True
real_000123.txt,10,26,4,0.001459,True
real_000124.txt,23,51,8,0.008524,True
real_000125.txt,15,20,2,0.00084,True
real_000126.txt,21,37,8,0.003663,True
real_000127.txt,30,53,5,0.007124,True
real_000128.txt,17,19,2,0.001136,True
real_000129.txt,25,46,10,0.008404,True
real_000130.txt,11,14,2,0.000567,True
real_000131.txt,32,135,14,0.034901,True
real_000132.txt,13,14,1,0.000444,True
real_000133.txt,10,17,4,0.000824,True
real_000134.txt,15,20,2,0.00084,True
real_000135.txt,18,41,7,0.004183,True
real_000136.txt,17,35,4,0.002091,True
real_000137.txt,13,14,1,0.000476,True
real_000138.txt,10,13,3,0.000626,True
real_000139.txt,15,81,11,0.006858,True
real_000140.txt,24,53,6,0.00728,True
real_000141.txt,17,19,2,0.0009,True
real_000142.txt,13,14,1,0.000453,True
real_000143.txt,25,48,6,0.006474,True
real_000144.txt,18,66,6,0.005032,True
real_000145.txt,23,84,10,0.015822,True
real_000146.txt,13,14,1,0.000479,True
real_000147.txt,29,75,10,0.014972,True
real_000148.txt,26,48,8,0.00859,True
real_000149.txt,11,18,2,0.000789,True
real_000150.txt,21,37,5,0.002675,True
real_000151.txt,27,59,10,0.012149,True
real_000152.txt,10,18,4,0.000883,True
real_000153.txt,15,23,4,0.001257,True
real_000154.txt,34,236,18,0.080984,True
real_000155.txt,33,117,16,0.036511,True
real_000156.txt,15,22,1,0.000779,True
real_000157.txt,13,14,1,0.000445,True
real_000158.txt,26,47,3,0.006229,True
real_000159.txt,10,17,4,0.000855,True
real_000160.txt,27,46,9,0.008357,True
real_000161.txt,17,35,4,0.00202,True
real_000162.txt,15,20,2,0.000925,True
real_000163.txt,10,17,4,0.000892,True
real_000164.txt,11,22,3,0.000999,True
real_000165.txt,12,21,4,0.001116,True
real_000166.txt,20,32,5,0.002307,True
real_000167.txt,13,14,1,0.000466,True
real_000168.txt,32,70,12,0.018375,True
real_000169.txt,16,60,8,0.00536,True
real_000170.txt,28,103,11,0.021321,True
real_000171.txt,17,29,5,0.002122,True
real_000172.txt,10,17,4,0.000913,True
real_000173.txt,14,21,3,0.001078,True
real_000174.txt,17,34,6,0.00373,True
real_000175.txt,13,14,1,0.000546,True
real_000176.txt,27,46,9,0.010581,True
real_000177.txt,23,51,8,0.013721,True
real_000178.txt,15,20,2,0.001135,True
real_000179.txt,30,69,8,0.017111,True
real_000180.txt,32,89,11,0.022546,True
real_000181.txt,30,87,8,0.016571,True
real_000182.txt,27,46,9,0.008987,True
real_000183.txt,15,24,3,0.001264,True
real_000184.txt,23,101,11,0.021365,True
real_000185.txt,25,46,10,0.008175,True
real_000186.txt,32,89,11,0.019753,True
real_000187.txt,18,32,4,0.001844,True
real_000188.txt,15,28,6,0.001949,True
real_000189.txt,22,49,8,0.008613,True
real_000190.txt,14,38,6,0.003058,True
real_000191.txt,16,29,3,0.00144,True
real_000192.txt,18,54,7,0.004398,True
real_000193.txt,16,26,2,0.00127,True
real_000194.txt,16,26,4,0.001675,True
real_000195.txt,23,51,8,0.008477,True
real_000196.txt,10,17,4,0.000841,True
real_000197.txt,11,18,4,0.001156,True
real_000198.txt,14,31,6,0.002372,True
real_000199.txt,13,14,1,0.000488,True
real_000200.txt,22,29,3,0.002493,True
real_000201.txt,32,89,11,0.020622,True
real_000202.txt,15,51,7,0.004285,True
real_000203.txt,18,27,2,0.001333,True
real_000204.txt,23,51,8,0.010782,True
real_000205.txt,12,22,3,0.001048,True
real_000206.txt,11,18,3,0.000804,True
real_000207.txt,29,125,10,0.026283,True
real_000208.txt,18,51,5,0.003652,True
real_000209.txt,13,14,1,0.000498,True
real_000210.txt,11,12,1,0.000405,True
real_000211.txt,23,51,8,0.008451,True
real_000212.txt,15,19,3,0.000982,True
real_000213.txt,34,76,11,0.016049,True
real_000214.txt,15,20,2,0.001107,True
real_000215.txt,25,57,8,0.01056,True
real_000216.txt,26,63,6,0.01187,True
real_000217.txt,13,14,1,0.000519,True
real_000218.txt,18,36,4,0.002062,True
real_000219.txt,13,14,1,0.000763,True
real_000220.txt,31,123,16,0.035441,True
real_000221.txt,12,19,3,0.000973,True
real_000222.txt,23,41,9,0.008333,True
real_000223.txt,17,29,4,0.001855,True
real_000224.txt,24,65,9,0.011122,True
real_000225.txt,32,74,7,0.013313,True
real_000226.txt,15,27,4,0.001482,True
real_000227.txt,19,22,3,0.001234,True
real_000228.txt,13,14,1,0.000475,True
real_000229.txt,14,25,3,0.001203,True
real_000230.txt,30,55,7,0.011063,True
real_000231.txt,15,37,5,0.002749,True
real_000232.txt,15,28,3,0.001467,True
real_000233.txt,28,130,14,0.032899,True
real_000234.txt,13,21,3,0.00106,True
real_000235.txt,10,17,4,0.000934,True
real_000236.txt,13,14,1,0.000488,True
real_000237.txt,20,30,4,0.001899,True
real_000238.txt,34,82,8,0.016413,True
real_000239.txt,10,17,4,0.000884,True
real_000240.txt,28,71,7,0.01317,True
real_000241.txt,19,86,10,0.009525,True
real_000242.txt,30,55,9,0.013011,True
real_000243.txt,12,18,3,0.000833,True
real_000244.txt,17,19,2,0.000906,True
real_000245.txt,23,33,2,0.002727,True
real_000246.txt,27,45,5,0.006377,True
real_000247.txt,18,30,4,0.00187,True
real_000248.txt,25,46,10,0.008235,True
real_000249.txt,19,58,6,0.004687,True
real_000250.txt,15,20,2,0.000895,True
real_000251.txt,27,63,5,0.008802,True
real_000252.txt,27,59,10,0.012106,True
real_000253.txt,27,97,12,0.022577,True
real_000254.txt,23,41,6,0.005516,True
real_000255.txt,32,89,11,0.020452,True
real_000256.txt,16,56,7,0.006406,True
real_000257.txt,18,24,3,0.001296,True
real_000258.txt,13,14,1,0.000429,True
real_000259.txt,17,39,5,0.002705,True
real_000260.txt,10,17,4,0.001019,True
real_000261.txt,25,46,10,0.011656,True
real_000262.txt,16,26,4,0.001737,True
real_000263.txt,10,17,4,0.000877,True
real_000264.txt,20,35,5,0.002495,True
real_000265.txt,27,45,3,0.005125,True
real_000266.txt,22,48,8,0.00764,True
real_000267.txt,19,78,9,0.00817,True
real_000268.txt,15,17,2,0.000656,True
real_000269.txt,35,104,11,0.024911,True
real_000270.txt,20,31,5,0.002493,True
real_000271.txt,17,19,2,0.000928,True
real_000272.txt,19,59,7,0.005484,True
real_000273.txt,27,53,7,0.009404,True
real_000274.txt,14,25,3,0.001537,True
real_000275.txt,23,47,5,0.005924,True
real_000276.txt,30,168,17,0.053974,True
real_000277.txt,13,14,1,0.000777,True
real_000278.txt,10,27,4,0.00141,True
real_000279.txt,15,20,2,0.000879,True
real_000280.txt,12,26,5,0.001592,True
real_000281.txt,24,40,8,0.00581,True
real_000282.txt,32,75,7,0.01176,True
real_000283.txt,10,12,2,0.000563,True
real_000284.txt,23,51,8,0.008568,True
real_000285.txt,28,136,10,0.029604,True
real_000286.txt,28,63,7,0.01082,True
real_000287.txt,25,58,9,0.010747,True
real_000288.txt,13,21,4,0.001174,True
real_000289.txt,16,24,3,0.001164,True
real_000290.txt,27,55,11,0.012585,True
real_000291.txt,13,14,1,0.000514,True
real_000292.txt,12,27,4,0.001402,True
real_000293.txt,17,19,2,0.001525,True
real_000294.txt,20,32,6,0.002589,True
real_000295.txt,23,51,8,0.010068,True
real_000296.txt,26,49,8,0.009342,True
real_000297.txt,23,51,8,0.008417,True
real_000298.txt,27,65,6,0.013824,True
real_000299.txt,32,69,13,0.018785,True
real_000300.txt,17,19,2,0.000859,True
real_000301.txt,10,17,4,0.000963,True
real_000302.txt,26,60,8,0.01139,True
real_000303.txt,13,14,1,0.00052,True
real_000304.txt,13,22,2,0.000948,True
real_000305.txt,15,28,4,0.00153,True
real_000306.txt,29,53,7,0.008596,True
real_000307.txt,21,35,6,0.003072,True
real_000308.txt,17,35,7,0.003025,True
real_000309.txt,30,62,12,0.015917,True
real_000310.txt,11,34,5,0.001896,True
real_000311.txt,13,14,1,0.000452,True
real_000312.txt,23,46,7,0.006726,True
real_000313.txt,16,33,4,0.001904,True
real_000314.txt,30,53,9,0.009863,True
real_000315.txt,16,29,6,0.00232,True
real_000316.txt,16,29,6,0.002248,True
real_000317.txt,24,39,4,0.004667,True
real_000318.txt,25,46,10,0.00889,True
real_000319.txt,21,70,11,0.009122,True
real_000320.txt,26,84,11,0.016867,True
real_000321.txt,12,27,5,0.001666,True
real_000322.txt,23,51,8,0.00895,True
real_000323.txt,12,24,3,0.001196,True
real_000324.txt,35,73,7,0.014513,True
real_000325.txt,10,15,2,0.000626,True
real_000326.txt,16,49,7,0.004324,True
real_000327.txt,15,34,5,0.002191,True
real_000328.txt,23,51,8,0.009463,True
real_000329.txt,16,24,3,0.001226,True
real_000330.txt,23,53,6,0.007652,True
real_000331.txt,13,14,1,0.000506,True
real_000332.txt,16,37,5,0.002611,True
real_000333.txt,35,172,13,0.050506,True
real_000334.txt,17,19,2,0.001367,True
real_000335.txt,30,93,13,0.022744,True
real_000336.txt,24,43,7,0.006467,True
real_000337.txt,28,60,6,0.009256,True
real_000338.txt,24,135,12,0.029951,True
real_000339.txt,33,59,11,0.013599,True
real_000340.txt,15,20,2,0.000956,True
real_000341.txt,29,302,21,0.095373,True
real_000342.txt,23,51,8,0.009389,True
real_000343.txt,13,14,1,0.000543,True
real_000344.txt,13,14,1,0.00046,True
real_000345.txt,15,20,2,0.001486,True
real_000346.txt,16,29,2,0.001419,True
real_000347.txt,33,99,12,0.024911,True
real_000348.txt,23,76,10,0.014307,True
real_000349.txt,32,116,9,0.024325,True
real_000350.txt,18,33,7,0.003086,True
real_000351.txt,22,90,10,0.018879,True
real_000352.txt,10,38,6,0.002621,True
real_000353.txt,17,31,4,0.002242,True
real_000354.txt,32,146,17,0.045753,True
real_000355.txt,10,17,4,0.000903,True
real_000356.txt,15,20,2,0.000893,True
real_000357.txt,35,138,17,0.044003,True
real_000358.txt,15,20,2,0.000946,True
real_000359.txt,10,10,1,0.000569,True
real_000360.txt,15,30,5,0.002058,True
real_000361.txt,10,15,2,0.000713,True
real_000362.txt,13,14,1,0.000481,True
real_000363.txt,13,14,1,0.000489,True
real_000364.txt,10,17,4,0.000888,True
real_000365.txt,26,41,3,0.00462,True
real_000366.txt,16,28,6,0.002299,True
real_000367.txt,18,57,8,0.004928,True
real_000368.txt,20,65,6,0.005612,True
real_000369.txt,24,204,17,0.054504,True
real_000370.txt,10,16,4,0.00101,True
real_000371.txt,11,16,2,0.000679,True
real_000372.txt,30,85,11,0.016879,True
real_000373.txt,25,46,10,0.008355,True
real_000374.txt,10,17,4,0.000911,True
real_000375.txt,14,24,3,0.001276,True
real_000376.txt,19,42,6,0.003796,True
real_000377.txt,17,28,6,0.002225,True
real_000378.txt,23,43,7,0.006437,True
real_000379.txt,25,56,6,0.008523,True
real_000380.txt,13,25,4,0.001397,True
real_000381.txt,31,54,9,0.010023,True
real_000382.txt,31,80,9,0.016647,True
real_000383.txt,13,26,3,0.00129,True
real_000384.txt,23,51,8,0.008626,True
real_000385.txt,10,17,4,0.00088,True
real_000386.txt,23,38,7,0.005476,True
real_000387.txt,12,19,4,0.001071,True
real_000388.txt,13,25,2,0.001048,True
real_000389.txt,26,48,8,0.008494,True
real_000390.txt,12,28,4,0.00161,True
real_000391.txt,27,46,9,0.008428,True
real_000392.txt,26,190,19,0.046482,True
real_000393.txt,28,71,7,0.012714,True
real_000394.txt,13,14,1,0.000486,True
real_000395.txt,24,70,10,0.012853,True
real_000396.txt,13,14,1,0.000531,True
real_000397.txt,31,71,6,0.01152,True
real_000398.txt,16,35,3,0.002015,True
real_000399.txt,15,35,4,0.002033,True
real_000400.txt,13,14,1,0.000539,True
real_000401.txt,32,52,3,0.006857,True
real_000402.txt,17,19,2,0.000877,True
real_000403.txt,16,29,6,0.002216,True
real_000404.txt,10,17,4,0.000903,True
real_000405.txt,10,17,4,0.000928,True
real_000406.txt,33,91,8,0.018693,True
real_000407.txt,35,146,17,0.046135,True
real_000408.txt,17,19,2,0.000873,True
real_000409.txt,19,43,4,0.003019,True
real_000410.txt,23,62,10,0.013523,True
real_000411.txt,15,17,2,0.000676,True
real_000412.txt,13,14,1,0.000492,True
real_000413.txt,22,128,12,0.02749,True
real_000414.txt,28,57,11,0.01185,True
real_000415.txt,15,72,9,0.006485,True
real_000416.txt,35,136,15,0.039631,True
real_000417.txt,11,11,1,0.000411,True
real_000418.txt,10,17,4,0.000842,True
real_000419.txt,13,21,3,0.001023,True
real_000420.txt,24,54,7,0.008254,True
real_000421.txt,30,56,9,0.011883,True
real_000422.txt,30,41,4,0.005243,True
real_000423.txt,32,74,7,0.014254,True
real_000424.txt,10,10,1,0.00036,True
real_000425.txt,10,13,2,0.001219,True
real_000426.txt,19,34,5,0.002642,True
real_000427.txt,26,169,17,0.049189,True
real_000428.txt,23,51,8,0.010195,True
real_000429.txt,10,19,3,0.000845,True
real_000430.txt,13,14,1,0.000468,True
real_000431.txt,34,76,14,0.027259,True
real_000432.txt,29,62,4,0.007701,True
real_000433.txt,15,55,7,0.004559,True
real_000434.txt,23,51,8,0.009045,True
real_000435.txt,21,76,7,0.008136,True
real_000436.txt,12,62,8,0.00406,True
real_000437.txt,19,47,6,0.00468,True
real_000438.txt,25,28,2,0.002645,True
real_000439.txt,13,14,1,0.000547,True
real_000440.txt,25,79,11,0.019755,True
real_000441.txt,27,46,9,0.008924,True
real_000442.txt,31,53,3,0.007795,True
real_000443.txt,13,14,1,0.000489,True
real_000444.txt,27,46,9,0.013732,True
real_000445.txt,21,39,4,0.003976,True
real_000446.txt,22,51,7,0.007595,True
real_000447.txt,20,157,13,0.024628,True
real_000448.txt,13,14,1,0.000822,True
real_000449.txt,10,17,4,0.000859,True
real_000450.txt,13,14,1,0.000472,True
real_000451.txt,12,12,1,0.000439,True
real_000452.txt,18,56,7,0.005083,True
real_000453.txt,22,75,11,0.014533,True
real_000454.txt,18,30,3,0.001654,True
real_000455.txt,20,66,8,0.006441,True
real_000456.txt,13,14,1,0.000576,True
real_000457.txt,13,14,1,0.00051,True
real_000458.txt,35,152,20,0.060764,True
real_000459.txt,10,22,4,0.001111,True
real_000460.txt,13,14,1,0.000941,True
real_000461.txt,17,24,4,0.001458,True
real_000462.txt,10,17,4,0.000894,True
real_000463.txt,12,28,4,0.002341,True
real_000464.txt,11,25,5,0.001415,True
real_000465.txt,17,31,6,0.004178,True
real_000466.txt,22,39,5,0.004421,True
real_000467.txt,32,53,5,0.008994,True
real_000468.txt,11,12,1,0.000435,True
real_000469.txt,16,25,5,0.002835,True
real_000470.txt,26,77,10,0.016908,True
real_000471.txt,32,57,10,0.012992,True
real_000472.txt,11,22,4,0.001896,True
real_000473.txt,22,36,7,0.005243,True
real_000474.txt,13,14,1,0.000477,True
real_000475.txt,16,33,5,0.002597,True
real_000476.txt,16,31,5,0.003152,True
real_000477.txt,28,65,6,0.010876,True
real_000478.txt,31,154,13,0.041461,True
real_000479.txt,18,34,4,0.002244,True
real_000480.txt,27,57,9,0.010428,True
real_000481.txt,18,58,6,0.004147,True
real_000482.txt,31,136,16,0.037066,True
real_000483.txt,17,19,2,0.001155,True
real_000484.txt,28,73,8,0.013005,True
real_000485.txt,13,25,4,0.0015,True
real_000486.txt,24,49,6,0.0069,True
real_000487.txt,32,79,11,0.020316,True
real_000488.txt,23,57,6,0.007918,True
real_000489.txt,17,76,9,0.006932,True
real_000490.txt,13,14,1,0.000532,True
real_000491.txt,20,35,7,0.003078,True
real_000492.txt,18,59,8,0.006691,True
real_000493.txt,14,26,4,0.003498,True
real_000494.txt,30,56,8,0.010627,True
real_000495.txt,30,58,6,0.010127,True
real_000496.txt,26,43,4,0.005752,True
real_000497.txt,17,19,2,0.000921,True
real_000498.txt,32,89,11,0.023964,True
real_000499.txt,16,33,5,0.002294,True
real_000500.txt,23,37,7,0.008073,True
real_000501.txt,29,133,13,0.047511,True
real_000502.txt,18,29,5,0.002127,True
real_000503.txt,35,64,12,0.017331,True
real_000504.txt,18,28,3,0.002036,True
real_000505.txt,35,91,8,0.021139,True
real_000506.txt,15,31,6,0.002277,True
real_000507.txt,17,19,2,0.000901,True
real_000508.txt,27,46,9,0.008442,True
real_000509.txt,13,14,1,0.000501,True
real_000510.txt,13,14,1,0.000583,True
real_000511.txt,33,115,9,0.033197,True
real_000512.txt,22,40,9,0.00825,True
real_000513.txt,20,58,9,0.005433,True
real_000514.txt,15,23,4,0.001354,True
real_000515.txt,34,95,10,0.020937,True
real_000516.txt,15,20,2,0.001264,True
real_000517.txt,15,20,2,0.000903,True
real_000518.txt,13,14,1,0.000508,True
real_000519.txt,13,14,1,0.000442,True
real_000520.txt,17,37,6,0.00301,True
real_000521.txt,11,13,2,0.000538,True
real_000522.txt,14,17,1,0.000672,True
real_000523.txt,14,21,3,0.001034,True
real_000524.txt,29,61,12,0.013817,True
real_000525.txt,30,69,8,0.012792,True
real_000526.txt,34,78,7,0.015238,True
real_000527.txt,27,46,9,0.008303,True
real_000528.txt,13,14,1,0.000522,True
real_000529.txt,16,47,6,0.003143,True
real_000530.txt,10,21,3,0.00091,True
real_000531.txt,28,80,10,0.016241,True
real_000532.txt,13,14,1,0.000505,True
real_000533.txt,13,18,2,0.00082,True
real_000534.txt,25,46,10,0.008033,True
real_000535.txt,23,51,8,0.010448,True
real_000536.txt,13,14,1,0.000899,True
real_000537.txt,25,46,10,0.00828,True
real_000538.txt,26,45,7,0.008377,True
real_000539.txt,14,36,5,0.002706,True
real_000540.txt,20,36,4,0.002194,True
real_000541.txt,11,17,2,0.00092,True
real_000542.txt,18,29,5,0.002176,True
real_000543.txt,21,101,12,0.01377,True
real_000544.txt,35,135,15,0.042333,True
real_000545.txt,30,62,12,0.016131,True
real_000546.txt,19,43,6,0.006072,True
real_000547.txt,28,68,7,0.012685,True
real_000548.txt,25,46,10,0.00843,True
real_000549.txt,17,19,2,0.00091,True
real_000550.txt,16,34,5,0.003066,True
real_000551.txt,29,60,12,0.015009,True
real_000552.txt,16,33,5,0.002292,True
real_000553.txt,34,64,8,0.014293,True
real_000554.txt,13,14,1,0.000536,True
real_000555.txt,27,46,9,0.008539,True
real_000556.txt,15,29,3,0.00166,True
real_000557.txt,17,19,2,0.000944,True
real_000558.txt,10,17,4,0.000886,True
real_000559.txt,14,47,5,0.002982,True
real_000560.txt,17,19,2,0.000911,True
real_000561.txt,10,15,2,0.000596,True
real_000562.txt,17,19,2,0.001356,True
real_000563.txt,34,78,7,0.015471,True
real_000564.txt,23,51,8,0.008539,True
real_000565.txt,27,170,19,0.053555,True
real_000566.txt,22,37,4,0.003652,True
real_000567.txt,10,17,4,0.001193,True
real_000568.txt,10,17,4,0.000862,True
real_000569.txt,25,46,10,0.007959,True
real_000570.txt,20,42,7,0.004356,True
real_000571.txt,25,46,10,0.008381,True
real_000572.txt,25,46,10,0.009026,True
real_000573.txt,30,332,22,0.129531,True
real_000574.txt,24,36,4,0.00417,True
real_000575.txt,13,14,1,0.000474,True
real_000576.txt,13,14,1,0.000476,True
real_000577.txt,28,174,17,0.049954,True
real_000578.txt,22,28,1,0.00181,True
real_000579.txt,18,39,4,0.002569,True
real_000580.txt,10,17,4,0.000888,True
real_000581.txt,29,56,7,0.009716,True
real_000582.txt,18,33,3,0.002089,True
real_000583.txt,22,62,9,0.010674,True
real_000584.txt,13,24,2,0.00103,True
real_000585.txt,32,89,11,0.019789,True
real_000586.txt,27,46,9,0.008482,True
real_000587.txt,16,32,2,0.001692,True
real_000588.txt,34,87,12,0.024362,True
real_000589.txt,25,55,4,0.007119,True
real_000590.txt,10,16,3,0.00074,True
real_000591.txt,25,46,10,0.008848,True
real_000592.txt,33,113,17,0.031612,True
real_000593.txt,12,20,4,0.001319,True
real_000594.txt,22,66,11,0.013727,True
real_000595.txt,27,41,5,0.005265,True
real_000596.txt,27,56,7,0.008739,True
real_000597.txt,30,48,5,0.007721,True
real_000598.txt,31,66,11,0.014708,True
real_000599.txt,23,51,8,0.008826,True
real_000600.txt,15,40,8,0.003396,True
real_000601.txt,11,18,3,0.000907,True
real_000602.txt,12,25,4,0.001411,True
real_000603.txt,23,51,8,0.009017,True
real_000604.txt,13,14,1,0.000531,True
real_000605.txt,10,10,1,0.000424,True
real_000606.txt,13,14,1,0.000565,True
real_000607.txt,32,255,20,0.104581,True
real_000608.txt,12,12,1,0.000541,True
real_000609.txt,12,21,5,0.0014,True
real_000610.txt,10,16,3,0.000883,True
real_000611.txt,30,134,15,0.037501,True
real_000612.txt,16,28,3,0.001417,True
real_000613.txt,27,98,10,0.021,True
real_000614.txt,33,74,9,0.014679,True
real_000615.txt,14,23,2,0.001305,True
real_000616.txt,34,118,9,0.027412,True
real_000617.txt,10,11,1,0.000518,True
real_000618.txt,25,46,10,0.014082,True
real_000619.txt,10,16,3,0.000825,True
real_000620.txt,22,37,7,0.005314,True
real_000621.txt,15,20,2,0.001229,True
real_000622.txt,28,65,7,0.01337,True
real_000623.txt,14,27,4,0.001541,True
real_000624.txt,24,45,6,0.005895,True
real_000625.txt,15,60,8,0.005994,True
real_000626.txt,13,14,1,0.000586,True
real_000627.txt,13,14,1,0.000534,True
real_000628.txt,13,14,1,0.000602,True
real_000629.txt,22,48,4,0.007868,True
real_000630.txt,12,22,3,0.001544,True
real_000631.txt,23,61,7,0.008994,True
real_000632.txt,13,14,1,0.000589,True
real_000633.txt,17,31,7,0.0032,True
real_000634.txt,29,54,8,0.011711,True
real_000635.txt,22,61,6,0.008823,True
real_000636.txt,19,33,2,0.001593,True
real_000637.txt,16,17,1,0.000992,True
real_000638.txt,32,67,9,0.014642,True
real_000639.txt,21,66,9,0.007209,True
real_000640.txt,27,74,9,0.015584,True
real_000641.txt,11,26,5,0.001414,True
real_000642.txt,23,51,8,0.0093,True
real_000643.txt,18,57,8,0.005454,True
real_000644.txt,16,18,2,0.002026,True
real_000645.txt,15,22,3,0.001237,True
real_000646.txt,13,14,1,0.00057,True
real_000647.txt,16,33,3,0.001807,True
real_000648.txt,10,10,1,0.000479,True
real_000649.txt,28,52,8,0.012014,True
real_000650.txt,20,51,7,0.004276,True
real_000651.txt,14,31,4,0.0019,True
real_000652.txt,11,18,2,0.001209,True
real_000653.txt,33,80,7,0.016871,True
real_000654.txt,13,14,1,0.000586,True
real_000655.txt,13,14,1,0.000571,True
real_000656.txt,27,39,4,0.004936,True
real_000657.txt,31,67,12,0.017866,True
real_000658.txt,14,19,2,0.000913,True
real_000659.txt,17,19,2,0.000932,True
real_000660.txt,32,139,13,0.037803,True
real_000661.txt,14,50,6,0.003515,True
real_000662.txt,13,14,1,0.000528,True
real_000663.txt,10,17,4,0.00096,True
real_000664.txt,13,18,2,0.000887,True
real_000665.txt,29,187,14,0.049387,True
real_000666.txt,21,39,4,0.003057,True
real_000667.txt,15,34,6,0.0024,True
real_000668.txt,14,63,8,0.005491,True
real_000669.txt,33,52,8,0.009826,True
real_000670.txt,26,72,10,0.014229,True
real_000671.txt,31,73,7,0.014567,True
real_000672.txt,17,19,2,0.000871,True
real_000673.txt,22,45,4,0.005627,True
real_000674.txt,13,14,1,0.000542,True
real_000675.txt,23,92,9,0.016858,True
real_000676.txt,23,38,7,0.005478,True
real_000677.txt,35,107,13,0.030468,True
real_000678.txt,10,16,4,0.001021,True
real_000679.txt,34,134,14,0.039882,True
real_000680.txt,10,17,4,0.001165,True
real_000681.txt,19,34,3,0.001931,True
real_000682.txt,17,19,2,0.000916,True
real_000683.txt,16,23,3,0.001321,True
real_000684.txt,12,18,1,0.000619,True
real_000685.txt,26,57,10,0.01466,True
real_000686.txt,10,15,2,0.000686,True
real_000687.txt,10,17,4,0.001377,True
real_000688.txt,17,19,2,0.000969,True
real_000689.txt,13,14,1,0.000612,True
real_000690.txt,20,42,4,0.002969,True
real_000691.txt,22,129,15,0.025521,True
real_000692.txt,25,112,9,0.024136,True
real_000693.txt,12,23,3,0.001138,True
real_000694.txt,10,36,5,0.002067,True
real_000695.txt,14,16,2,0.000737,True
real_000696.txt,23,51,8,0.008331,True
real_000697.txt,11,29,4,0.002354,True
real_000698.txt,29,84,11,0.017574,True
real_000699.txt,28,72,10,0.015556,True
real_000700.txt,20,63,9,0.007,True
real_000701.txt,20,166,16,0.020727,True
real_000702.txt,27,46,9,0.009229,True
real_000703.txt,23,115,12,0.025157,True
real_000704.txt,10,10,1,0.000432,True
real_000705.txt,13,14,1,0.000519,True
real_000706.txt,24,77,7,0.017197,True
real_000707.txt,33,76,7,0.013561,True
real_000708.txt,32,48,3,0.006159,True
real_000709.txt,13,14,1,0.0006,True
real_000710.txt,10,17,4,0.00159,True
real_000711.txt,24,136,15,0.038013,True
real_000712.txt,13,14,1,0.000879,True
real_000713.txt,26,43,8,0.006991,True
real_000714.txt,18,35,6,0.002829,True
real_000715.txt,13,31,3,0.001488,True
real_000716.txt,16,34,6,0.002487,True
real_000717.txt,31,85,10,0.019481,True
real_000718.txt,22,48,8,0.007097,True
real_000719.txt,25,46,10,0.008925,True
real_000720.txt,29,54,7,0.00975,True
real_000721.txt,17,19,2,0.000938,True
real_000722.txt,17,19,2,0.001273,True
real_000723.txt,10,17,4,0.000932,True
real_000724.txt,25,46,10,0.008305,True
real_000725.txt,11,21,4,0.000997,True
real_000726.txt,17,28,6,0.002489,True
real_000727.txt,13,14,1,0.000598,True
real_000728.txt,24,43,9,0.007317,True
real_000729.txt,27,46,9,0.009884,True
real_000730.txt,10,15,4,0.000845,True
real_000731.txt,14,31,4,0.001876,True
real_000732.txt,12,22,4,0.001176,True
real_000733.txt,23,38,7,0.005489,True
real_000734.txt,14,24,4,0.001997,True
real_000735.txt,17,37,6,0.003046,True
real_000736.txt,32,153,16,0.049769,True
real_000737.txt,29,86,7,0.015272,True
real_000738.txt,13,14,1,0.000591,True
real_000739.txt,19,38,2,0.002149,True
real_000740.txt,10,14,2,0.00057,True
real_000741.txt,21,37,8,0.003783,True
real_000742.txt,12,42,6,0.002693,True
real_000743.txt,35,77,14,0.024059,True
real_000744.txt,22,48,8,0.006971,True
real_000745.txt,12,31,4,0.001684,True
real_000746.txt,18,26,4,0.001592,True
real_000747.txt,19,89,11,0.009614,True
real_000748.txt,31,66,7,0.012672,True
real_000749.txt,13,14,1,0.000513,True
real_000750.txt,17,19,2,0.000876,True
real_000751.txt,28,90,10,0.018431,True
real_000752.txt,34,62,8,0.010953,True
real_000753.txt,10,17,2,0.000677,True
real_000754.txt,27,50,8,0.010163,True
real_000755.txt,35,67,11,0.016805,True
real_000756.txt,19,40,7,0.003586,True
real_000757.txt,11,29,6,0.001782,True
real_000758.txt,26,60,12,0.014939,True
real_000759.txt,10,17,4,0.000959,True
real_000760.txt,18,30,3,0.001759,True
real_000761.txt,28,87,11,0.025667,True
real_000762.txt,10,17,3,0.000924,True
real_000763.txt,15,20,2,0.000977,True
real_000764.txt,33,66,6,0.009787,True
real_000765.txt,26,82,12,0.017491,True
real_000766.txt,33,206,14,0.060781,True
real_000767.txt,23,51,8,0.008607,True
real_000768.txt,25,46,5,0.005376,True
real_000769.txt,22,40,8,0.006709,True
real_000770.txt,24,39,7,0.00753,True
real_000771.txt,17,68,8,0.006242,True
real_000772.txt,24,73,7,0.012793,True
real_000773.txt,31,64,12,0.024754,True
real_000774.txt,21,55,7,0.006377,True
real_000775.txt,18,36,6,0.003091,True
real_000776.txt,17,19,2,0.000962,True
real_000777.txt,13,14,1,0.000583,True
real_000778.txt,11,11,1,0.000447,True
real_000779.txt,31,102,15,0.029182,True
real_000780.txt,12,21,3,0.001048,True
real_000781.txt,32,58,5,0.009313,True
real_000782.txt,13,14,1,0.000549,True
real_000783.txt,23,118,12,0.023261,True
real_000784.txt,22,25,1,0.001669,True
real_000785.txt,15,20,2,0.000933,True
real_000786.txt,16,22,2,0.001029,True
real_000787.txt,15,20,2,0.000907,True
real_000788.txt,20,74,9,0.007789,True
real_000789.txt,17,19,2,0.001045,True
real_000790.txt,15,51,8,0.005354,True
real_000791.txt,13,14,1,0.001054,True
real_000792.txt,35,58,5,0.012634,True
real_000793.txt,16,34,6,0.002574,True
real_000794.txt,34,111,16,0.03489,True
real_000795.txt,18,78,9,0.008362,True
real_000796.txt,25,74,6,0.011708,True
real_000797.txt,13,14,1,0.000559,True
real_000798.txt,26,142,15,0.034793,True
real_000799.txt,15,30,2,0.001382,True
real_000800.txt,20,32,6,0.00258,True
real_000801.txt,17,19,2,0.000912,True
real_000802.txt,11,17,1,0.000637,True
real_000803.txt,13,14,1,0.000512,True
real_000804.txt,22,38,3,0.004155,True
real_000805.txt,25,57,7,0.012618,True
real_000806.txt,10,17,4,0.00094,True
real_000807.txt,31,55,9,0.01095,True
real_000808.txt,20,33,6,0.003344,True
real_000809.txt,13,25,4,0.001427,True
real_000810.txt,10,16,3,0.000769,True
real_000811.txt,10,17,4,0.000943,True
real_000812.txt,33,53,5,0.008465,True
real_000813.txt,17,39,4,0.002563,True
real_000814.txt,17,19,2,0.000993,True
real_000815.txt,11,12,1,0.000483,True
real_000816.txt,32,48,4,0.009422,True
real_000817.txt,13,14,1,0.000608,True
real_000818.txt,15,26,4,0.001543,True
real_000819.txt,13,14,1,0.000607,True
real_000820.txt,17,34,5,0.002316,True
real_000821.txt,15,20,2,0.001377,True
real_000822.txt,23,51,8,0.008464,True
real_000823.txt,13,14,1,0.00047,True
real_000824.txt,17,19,2,0.000915,True
real_000825.txt,13,14,1,0.000697,True
real_000826.txt,13,24,4,0.001349,True
real_000827.txt,13,23,5,0.001399,True
real_000828.txt,27,55,11,0.01179,True
real_000829.txt,29,88,9,0.015954,True
real_000830.txt,20,43,5,0.002949,True
real_000831.txt,17,96,10,0.010273,True
real_000832.txt,13,14,1,0.000556,True
real_000833.txt,27,46,9,0.008248,True
real_000834.txt,25,55,9,0.009958,True
real_000835.txt,15,28,5,0.00177,True
real_000836.txt,27,46,9,0.010267,True
real_000837.txt,15,20,2,0.000924,True
real_000838.txt,23,51,8,0.008431,True
real_000839.txt,13,14,1,0.000514,True
real_000840.txt,29,50,8,0.007912,True
real_000841.txt,32,89,11,0.02321,True
real_000842.txt,17,19,2,0.000932,True
real_000843.txt,17,19,2,0.001069,True
real_000844.txt,12,17,1,0.000605,True
real_000845.txt,28,121,14,0.031526,True
real_000846.txt,12,37,6,0.002147,True
real_000847.txt,14,19,2,0.000819,True
real_000848.txt,27,134,18,0.040139,True
real_000849.txt,17,19,2,0.000961,True
real_000850.txt,15,20,2,0.000833,True
real_000851.txt,15,20,2,0.000842,True
real_000852.txt,24,43,7,0.006469,True
real_000853.txt,12,24,4,0.001325,True
real_000854.txt,19,38,3,0.002457,True
real_000855.txt,13,14,1,0.000527,True
real_000856.txt,13,14,1,0.000973,True
real_000857.txt,17,27,5,0.00327,True
real_000858.txt,27,56,11,0.016861,True
real_000859.txt,12,23,3,0.0011,True
real_000860.txt,34,160,13,0.050489,True
real_000861.txt,20,36,6,0.002825,True
real_000862.txt,15,74,9,0.006502,True
real_000863.txt,23,40,6,0.005259,True
real_000864.txt,13,14,1,0.000514,True
real_000865.txt,23,52,8,0.008178,True
real_000866.txt,15,20,2,0.000885,True
real_000867.txt,16,25,5,0.001923,True
real_000868.txt,28,192,15,0.051642,True
real_000869.txt,34,63,10,0.013282,True
real_000870.txt,19,31,3,0.001596,True
real_000871.txt,10,17,4,0.000849,True
real_000872.txt,25,57,6,0.00844,True
real_000873.txt,19,31,6,0.002552,True
real_000874.txt,30,111,16,0.032693,True
real_000875.txt,13,14,1,0.000462,True
real_000876.txt,34,73,13,0.019964,True
real_000877.txt,31,95,8,0.02,True
real_000878.txt,24,57,6,0.007609,True
real_000879.txt,19,31,5,0.002162,True
real_000880.txt,10,19,3,0.000809,True
real_000881.txt,26,59,6,0.008278,True
real_000882.txt,11,19,4,0.001016,True
real_000883.txt,32,58,8,0.011587,True
real_000884.txt,29,48,5,0.006291,True
real_000885.txt,31,67,12,0.017482,True
real_000886.txt,27,46,9,0.008145,True
real_000887.txt,10,17,4,0.000866,True
real_000888.txt,17,19,2,0.000874,True
real_000889.txt,13,24,4,0.001312,True
real_000890.txt,10,10,1,0.000359,True
real_000891.txt,18,70,7,0.005917,True
real_000892.txt,13,14,1,0.000514,True
real_000893.txt,14,20,2,0.000962,True
real_000894.txt,13,14,1,0.000505,True
real_000895.txt,17,19,2,0.000903,True
real_000896.txt,34,227,14,0.079937,True
real_000897.txt,28,74,8,0.012532,True
real_000898.txt,34,74,14,0.020459,True
real_000899.txt,33,61,10,0.012405,True
real_000900.txt,13,14,1,0.00077,True
real_000901.txt,10,17,4,0.000877,True
real_000902.txt,25,46,10,0.008259,True
real_000903.txt,15,20,2,0.00086,True
real_000904.txt,12,23,4,0.001175,True
real_000905.txt,10,11,1,0.000379,True
real_000906.txt,15,20,1,0.00074,True
real_000907.txt,33,345,19,0.113255,True
real_000908.txt,21,37,6,0.00291,True
real_000909.txt,11,13,1,0.000556,True
real_000910.txt,22,40,8,0.005905,True
real_000911.txt,10,17,4,0.000875,True
real_000912.txt,18,31,5,0.002068,True
real_000913.txt,27,86,10,0.018352,True
real_000914.txt,11,22,3,0.001082,True
real_000915.txt,31,87,11,0.020361,True
real_000916.txt,26,57,7,0.009401,True
real_000917.txt,15,20,2,0.000878,True
real_000918.txt,10,17,4,0.000848,True
real_000919.txt,11,24,4,0.001248,True
real_000920.txt,33,76,7,0.014791,True
real_000921.txt,13,36,6,0.002698,True
real_000922.txt,12,16,2,0.000647,True
real_000923.txt,19,55,8,0.004551,True
real_000924.txt,30,108,10,0.030248,True
real_000925.txt,32,268,21,0.088936,True
real_000926.txt,22,30,1,0.002155,True
real_000927.txt,32,49,6,0.008088,True
real_000928.txt,29,63,5,0.008887,True
real_000929.txt,24,58,5,0.008535,True
real_000930.txt,15,27,5,0.003227,True
real_000931.txt,23,38,6,0.0076,True
real_000932.txt,13,14,1,0.000609,True
real_000933.txt,24,55,6,0.007733,True
real_000934.txt,13,14,1,0.000475,True
real_000935.txt,19,32,3,0.002027,True
real_000936.txt,29,80,7,0.016277,True
real_000937.txt,19,75,9,0.009698,True
real_000938.txt,33,77,9,0.01532,True
real_000939.txt,12,13,1,0.000441,True
real_000940.txt,21,34,7,0.002939,True
real_000941.txt,14,30,5,0.001698,True
real_000942.txt,26,47,5,0.006761,True
real_000943.txt,23,141,12,0.033639,True
real_000944.txt,35,174,16,0.056896,True
real_000945.txt,13,21,4,0.001238,True
real_000946.txt,15,20,2,0.000907,True
real_000947.txt,28,75,6,0.010711,True
real_000948.txt,15,46,6,0.003056,True
real_000949.txt,19,41,8,0.003984,True
real_000950.txt,21,37,4,0.002536,True
real_000951.txt,29,59,11,0.012626,True
real_000952.txt,20,36,4,0.002584,True
real_000953.txt,30,61,10,0.015126,True
real_000954.txt,13,45,6,0.00316,True
real_000955.txt,35,275,26,0.112403,True
real_000956.txt,15,20,2,0.000934,True
real_000957.txt,15,20,2,0.000886,True
real_000958.txt,17,39,5,0.002697,True
real_000959.txt,31,66,9,0.016998,True
real_000960.txt,11,46,8,0.002867,True
real_000961.txt,33,72,6,0.014028,True
real_000962.txt,29,74,11,0.015475,True
real_000963.txt,27,67,7,0.010699,True
real_000964.txt,20,65,9,0.006252,True
real_000965.txt,16,26,3,0.001343,True
real_000966.txt,13,14,1,0.000468,True
real_000967.txt,13,14,1,0.000455,True
real_000968.txt,27,46,9,0.008346,True
real_000969.txt,25,46,10,0.008425,True
real_000970.txt,22,34,3,0.003072,True
real_000971.txt,29,80,10,0.016637,True
real_000972.txt,10,17,3,0.000771,True
real_000973.txt,19,49,8,0.004757,True
real_000974.txt,10,17,4,0.000906,True
real_000975.txt,10,15,3,0.000713,True
real_000976.txt,15,76,8,0.006043,True
real_000977.txt,13,14,1,0.00056,True
real_000978.txt,27,59,10,0.01279,True
real_000979.txt,16,23,3,0.001317,True
real_000980.txt,10,17,4,0.000867,True
real_000981.txt,13,14,1,0.000532,True
real_000982.txt,25,51,5,0.007753,True
real_000983.txt,27,141,15,0.039432,True
real_000984.txt,30,96,8,0.019229,True
real_000985.txt,23,51,8,0.00861,True
real_000986.txt,12,32,6,0.001951,True
real_000987.txt,23,41,8,0.006014,True
real_000988.txt,21,47,8,0.004339,True
real_000989.txt,13,14,1,0.000497,True
real_000990.txt,19,29,6,0.002367,True
real_000991.txt,17,19,2,0.000908,True
real_000992.txt,23,51,8,0.010732,True
real_000993.txt,24,60,6,0.008777,True
real_000994.txt,31,75,9,0.015918,True
real_000995.txt,34,96,6,0.019232,True
real_000996.txt,15,105,13,0.008543,True
real_000997.txt,13,14,1,0.000514,True
real_000998.txt,10,17,4,0.000892,True
real_000999.txt,11,24,4,0.002186,True
real_001000.txt,25,46,10,0.008719,True
real_001001.txt,18,71,7,0.006861,True
real_001002.txt,14,25,5,0.001657,True
real_001003.txt,15,20,2,0.000876,True
real_001004.txt,24,57,6,0.007554,True
real_001005.txt,12,21,3,0.001026,True
real_001006.txt,32,89,11,0.022425,True
real_001007.txt,27,59,10,0.011999,True
real_001008.txt,18,29,5,0.00217,True
real_001009.txt,24,46,8,0.007076,True
real_001010.txt,13,14,1,0.000494,True
real_001011.txt,20,64,5,0.005101,True
real_001012.txt,13,14,1,0.000498,True
real_001013.txt,32,159,14,0.045523,True
real_001014.txt,23,103,11,0.031464,True
real_001015.txt,11,14,2,0.000589,True
real_001016.txt,27,118,14,0.032576,True
real_001017.txt,26,57,10,0.012624,True
real_001018.txt,10,17,4,0.001272,True
real_001019.txt,15,20,2,0.001409,True
real_001020.txt,24,73,11,0.018556,True
real_001021.txt,15,20,2,0.000853,True
real_001022.txt,18,30,6,0.002474,True
real_001023.txt,13,18,2,0.00135,True
real_001024.txt,25,56,5,0.007406,True
real_001025.txt,23,51,8,0.010336,True
real_001026.txt,10,20,4,0.001022,True
real_001027.txt,34,185,19,0.075613,True
real_001028.txt,13,14,1,0.000914,True
real_001029.txt,26,51,6,0.009539,True
real_001030.txt,32,89,11,0.023024,True
real_001031.txt,25,46,10,0.008639,True
real_001032.txt,30,65,12,0.016671,True
real_001033.txt,16,41,5,0.002708,True
real_001034.txt,24,36,4,0.003804,True
real_001035.txt,32,89,11,0.021473,True
real_001036.txt,13,14,1,0.000497,True
real_001037.txt,17,28,6,0.002174,True
real_001038.txt,13,14,1,0.000463,True
real_001039.txt,17,58,7,0.00463,True
real_001040.txt,24,39,7,0.007207,True
real_001041.txt,29,68,7,0.01237,True
real_001042.txt,23,50,7,0.007706,True
real_001043.txt,34,78,7,0.015751,True
real_001044.txt,20,131,11,0.01695,True
real_001045.txt,15,20,2,0.000908,True
real_001046.txt,18,45,5,0.003195,True
real_001047.txt,29,68,6,0.01148,True
real_001048.txt,31,58,6,0.009856,True
real_001049.txt,32,292,24,0.095322,True
real_001050.txt,23,51,8,0.008618,True
real_001051.txt,29,56,5,0.008496,True
real_001052.txt,15,37,5,0.002372,True
real_001053.txt,13,14,1,0.000715,True
real_001054.txt,33,80,10,0.017636,True
real_001055.txt,31,75,9,0.01621,True
real_001056.txt,16,25,5,0.001638,True
real_001057.txt,23,63,9,0.012106,True
real_001058.txt,26,48,8,0.008303,True
real_001059.txt,14,24,5,0.001491,True
real_001060.txt,10,16,3,0.000737,True
real_001061.txt,13,14,1,0.000507,True
real_001062.txt,10,17,4,0.000931,True
real_001063.txt,22,47,8,0.007792,True
real_001064.txt,10,17,4,0.000896,True
real_001065.txt,10,12,2,0.000496,True
real_001066.txt,14,24,4,0.001476,True
real_001067.txt,16,34,6,0.002438,True
real_001068.txt,25,46,10,0.009849,True
real_001069.txt,12,18,2,0.000803,True
real_001070.txt,13,14,1,0.000643,True
real_001071.txt,13,14,1,0.000505,True
real_001072.txt,32,59,9,0.010636,True
real_001073.txt,31,81,8,0.016387,True
real_001074.txt,23,41,9,0.007272,True
real_001075.txt,26,47,7,0.00689,True
real_001076.txt,21,35,6,0.003116,True
real_001077.txt,10,17,4,0.000869,True
real_001078.txt,15,20,2,0.00084,True
real_001079.txt,22,44,5,0.007029,True
real_001080.txt,20,43,6,0.003707,True
real_001081.txt,26,84,12,0.020717,True
real_001082.txt,13,29,2,0.00118,True
real_001083.txt,22,34,3,0.003159,True
real_001084.txt,12,29,3,0.001472,True
real_001085.txt,22,35,6,0.004215,True
real_001086.txt,15,20,2,0.000903,True
real_001087.txt,25,49,6,0.006762,True
real_001088.txt,12,15,3,0.00078,True
real_001089.txt,21,32,2,0.001695,True
real_001090.txt,12,23,5,0.001481,True
real_001091.txt,10,11,1,0.000437,True
real_001092.txt,11,16,2,0.00068,True
real_001093.txt,34,88,9,0.019126,True
real_001094.txt,13,32,5,0.001933,True
real_001095.txt,27,46,9,0.008914,True
real_001096.txt,28,167,14,0.041844,True
real_001097.txt,29,223,16,0.063234,True
real_001098.txt,10,25,5,0.001623,True
real_001099.txt,13,14,1,0.000516,True
real_001100.txt,21,34,3,0.001885,True
real_001101.txt,23,51,8,0.008518,True
real_001102.txt,22,84,6,0.013171,True
real_001103.txt,16,25,5,0.002428,True
real_001104.txt,13,14,1,0.000466,True
real_001105.txt,33,184,12,0.051596,True
real_001106.txt,34,144,12,0.03809,True
real_001107.txt,34,71,7,0.013116,True
real_001108.txt,14,24,6,0.001748,True
real_001109.txt,21,37,6,0.002999,True
real_001110.txt,27,46,9,0.008717,True
real_001111.txt,34,62,11,0.014898,True
real_001112.txt,17,19,2,0.000863,True
real_001113.txt,20,44,8,0.004391,True
real_001114.txt,27,71,9,0.014346,True
real_001115.txt,25,52,11,0.010486,True
real_001116.txt,34,78,7,0.016613,True
real_001117.txt,24,54,9,0.009918,True
real_001118.txt,12,27,4,0.001408,True
real_001119.txt,15,46,5,0.003005,True
real_001120.txt,10,17,4,0.000883,True
real_001121.txt,10,17,4,0.000862,True
real_001122.txt,15,16,1,0.000594,True
real_001123.txt,10,31,6,0.001666,True
real_001124.txt,32,74,7,0.014416,True
real_001125.txt,27,67,6,0.01196,True
real_001126.txt,33,145,12,0.036432,True
real_001127.txt,22,28,4,0.002453,True
real_001128.txt,25,103,9,0.019079,True
real_001129.txt,29,121,13,0.035383,True
real_001130.txt,28,57,6,0.008445,True
real_001131.txt,27,46,9,0.008363,True
real_001132.txt,16,28,2,0.00115,True
real_001133.txt,26,52,4,0.010181,True
real_001134.txt,35,76,9,0.019732,True
real_001135.txt,15,20,2,0.001255,True
real_001136.txt,18,26,3,0.001463,True
real_001137.txt,23,85,12,0.018297,True
real_001138.txt,10,10,1,0.000341,True
real_001139.txt,27,46,9,0.008175,True
real_001140.txt,10,17,4,0.00085,True
real_001141.txt,12,49,8,0.00351,True
real_001142.txt,22,58,6,0.008049,True
real_001143.txt,13,14,1,0.000503,True
real_001144.txt,10,17,4,0.000912,True
real_001145.txt,13,14,1,0.00061,True
real_001146.txt,20,35,5,0.002463,True
real_001147.txt,15,20,2,0.000905,True
real_001148.txt,15,20,2,0.000853,True
real_001149.txt,21,38,8,0.004249,True
real_001150.txt,14,27,3,0.001532,True
real_001151.txt,21,38,4,0.002654,True
real_001152.txt,35,66,6,0.011346,True
real_001153.txt,29,399,25,0.109651,True
real_001154.txt,25,46,10,0.00939,True
real_001155.txt,12,62,8,0.004756,True
real_001156.txt,16,34,6,0.002556,True
real_001157.txt,13,27,3,0.001334,True
real_001158.txt,12,13,1,0.000463,True
real_001159.txt,11,11,1,0.000409,True
real_001160.txt,19,70,7,0.006448,True
real_001161.txt,13,14,1,0.001107,True
real_001162.txt,12,16,1,0.000594,True
real_001163.txt,26,48,8,0.009108,True
real_001164.txt,19,69,8,0.007642,True
real_001165.txt,27,57,8,0.011247,True
real_001166.txt,18,32,4,0.002071,True
real_001167.txt,11,22,3,0.001156,True
real_001168.txt,13,14,1,0.000809,True
real_001169.txt,13,14,1,0.000569,True
real_001170.txt,25,45,7,0.006881,True
real_001171.txt,21,100,9,0.012752,True
real_001172.txt,27,66,10,0.013663,True
real_001173.txt,35,75,10,0.017153,True
real_001174.txt,22,36,7,0.00458,True
real_001175.txt,23,41,6,0.005596,True
real_001176.txt,22,41,7,0.005594,True
real_001177.txt,14,27,5,0.001691,True
real_001178.txt,10,17,4,0.000825,True
real_001179.txt,17,75,9,0.006761,True
real_001180.txt,15,20,2,0.000922,True
real_001181.txt,20,50,7,0.004475,True
real_001182.txt,10,17,4,0.000829,True
real_001183.txt,10,16,4,0.000905,True
real_001184.txt,13,14,1,0.000636,True
real_001185.txt,13,14,1,0.000512,True
real_001186.txt,13,14,1,0.000776,True
real_001187.txt,23,41,8,0.006145,True
real_001188.txt,13,14,1,0.000491,True
real_001189.txt,23,47,4,0.005901,True
real_001190.txt,10,10,1,0.000381,True
real_001191.txt,11,10,0,3.2e-05,True
real_001192.txt,28,172,19,0.050582,True
real_001193.txt,12,23,3,0.001123,True
real_001194.txt,26,62,6,0.00976,True
real_001195.txt,13,28,4,0.00162,True
real_001196.txt,22,49,8,0.008418,True
real_001197.txt,13,24,5,0.001481,True
real_001198.txt,13,14,1,0.00051,True
real_001199.txt,10,21,4,0.001223,True
real_001200.txt,27,67,7,0.011953,True
real_001201.txt,27,46,9,0.008399,True
real_001202.txt,34,78,7,0.015446,True
real_001203.txt,18,38,6,0.003097,True
real_001204.txt,26,85,12,0.020371,True
real_001205.txt,19,34,7,0.002649,True
real_001206.txt,21,39,4,0.002683,True
real_001207.txt,16,33,6,0.002433,True
real_001208.txt,26,93,10,0.021389,True
real_001209.txt,32,220,17,0.067661,True
real_001210.txt,26,67,7,0.01176,True
real_001211.txt,11,11,1,0.000367,True
real_001212.txt,17,19,2,0.000926,True
real_001213.txt,17,83,8,0.00746,True
real_001214.txt,13,14,1,0.00048,True
real_001215.txt,27,65,6,0.009397,True
real_001216.txt,22,65,8,0.014028,True
real_001217.txt,20,48,4,0.003358,True
real_001218.txt,12,21,2,0.001104,True
real_001219.txt,19,34,7,0.003163,True
real_001220.txt,22,53,5,0.006552,True
real_001221.txt,34,80,10,0.018576,True
real_001222.txt,12,29,5,0.002016,True
real_001223.txt,30,70,10,0.01558,True
real_001224.txt,18,42,3,0.00254,True
real_001225.txt,28,63,9,0.01234,True
real_001226.txt,25,46,10,0.010079,True
real_001227.txt,22,48,8,0.007318,True
real_001228.txt,31,71,6,0.011693,True
real_001229.txt,31,142,15,0.051633,True
real_001230.txt,21,37,8,0.003657,True
real_001231.txt,35,75,10,0.017507,True
real_001232.txt,29,154,13,0.041288,True
real_001233.txt,23,55,5,0.007739,True
real_001234.txt,14,41,5,0.002561,True
real_001235.txt,15,20,2,0.000908,True
real_001236.txt,23,51,8,0.009786,True
real_001237.txt,13,14,1,0.000527,True
real_001238.txt,22,37,3,0.004005,True
real_001239.txt,24,140,13,0.03564,True
real_001240.txt,16,32,6,0.002266,True
real_001241.txt,13,15,2,0.000688,True
real_001242.txt,34,55,7,0.011414,True
real_001243.txt,23,51,8,0.008519,True
real_001244.txt,30,69,10,0.012945,True
real_001245.txt,16,41,3,0.002432,True
real_001246.txt,15,20,2,0.000871,True
real_001247.txt,12,12,1,0.000406,True
real_001248.txt,25,64,6,0.009863,True
real_001249.txt,28,56,11,0.011353,True
real_001250.txt,10,17,4,0.000887,True
real_001251.txt,34,64,10,0.01796,True
real_001252.txt,32,89,11,0.020885,True
real_001253.txt,13,14,1,0.000586,True
real_001254.txt,14,22,4,0.001311,True
real_001255.txt,23,51,8,0.010854,True
real_001256.txt,12,19,2,0.001316,True
real_001257.txt,10,17,4,0.000901,True
real_001258.txt,21,27,2,0.002432,True
real_001259.txt,18,34,4,0.002164,True
real_001260.txt,15,29,2,0.001233,True
real_001261.txt,19,38,7,0.003266,True
real_001262.txt,28,45,7,0.00927,True
real_001263.txt,13,14,1,0.000565,True
real_001264.txt,10,11,1,0.000426,True
real_001265.txt,18,26,4,0.00185,True
real_001266.txt,23,51,8,0.008323,True
real_001267.txt,15,20,2,0.001099,True
real_001268.txt,23,51,8,0.008343,True
real_001269.txt,33,51,2,0.005451,True
real_001270.txt,12,19,4,0.001811,True
real_001271.txt,18,31,3,0.00149,True
real_001272.txt,29,82,10,0.017574,True
real_001273.txt,15,20,2,0.000927,True
real_001274.txt,17,19,2,0.000865,True
real_001275.txt,16,48,7,0.005467,True
real_001276.txt,27,171,20,0.054672,True
real_001277.txt,17,19,2,0.000894,True
real_001278.txt,23,51,8,0.008419,True
real_001279.txt,17,19,2,0.000877,True
real_001280.txt,13,14,1,0.000504,True
real_001281.txt,19,82,7,0.008191,True
real_001282.txt,25,120,11,0.025798,True
real_001283.txt,34,123,14,0.037706,True
real_001284.txt,18,28,2,0.001468,True
real_001285.txt,18,153,16,0.013237,True
real_001286.txt,15,20,2,0.000848,True
real_001287.txt,35,135,16,0.042597,True
real_001288.txt,20,32,6,0.002834,True
real_001289.txt,21,91,12,0.013857,True
real_001290.txt,13,14,1,0.000458,True
real_001291.txt,27,62,5,0.010028,True
real_001292.txt,23,51,8,0.008467,True
real_001293.txt,26,44,8,0.009062,True
real_001294.txt,10,17,4,0.000902,True
real_001295.txt,22,137,11,0.029484,True
real_001296.txt,12,21,3,0.001026,True
real_001297.txt,13,14,1,0.000535,True
real_001298.txt,18,42,5,0.002852,True
real_001299.txt,25,46,10,0.0112,True
real_001300.txt,35,80,10,0.016911,True
real_001301.txt,27,130,16,0.031428,True
real_001302.txt,22,46,6,0.007442,True
real_001303.txt,10,17,4,0.001425,True
real_001304.txt,25,46,10,0.00833,True
real_001305.txt,23,51,8,0.008393,True
real_001306.txt,14,42,5,0.002643,True
real_001307.txt,13,14,1,0.000459,True
real_001308.txt,22,73,6,0.011166,True
real_001309.txt,24,39,7,0.005587,True
real_001310.txt,26,45,7,0.007308,True
real_001311.txt,25,53,10,0.010611,True
real_001312.txt,20,27,3,0.001512,True
real_001313.txt,31,128,9,0.02725,True
real_001314.txt,26,104,12,0.023636,True
real_001315.txt,30,355,25,0.10456,True
real_001316.txt,13,14,1,0.000457,True
real_001317.txt,19,48,5,0.003662,True
real_001318.txt,15,20,2,0.00087,True
real_001319.txt,15,20,2,0.000919,True
real_001320.txt,13,14,1,0.00048,True
real_001321.txt,15,17,2,0.000782,True
real_001322.txt,15,28,6,0.002094,True
real_001323.txt,12,24,4,0.001323,True
real_001324.txt,23,47,6,0.007046,True
real_001325.txt,29,54,8,0.00936,True
real_001326.txt,13,14,1,0.000601,True
real_001327.txt,20,40,3,0.002113,True
real_001328.txt,13,38,7,0.002705,True
real_001329.txt,27,46,9,0.008301,True
real_001330.txt,34,106,8,0.022022,True
real_001331.txt,20,69,10,0.007813,True
real_001332.txt,12,22,3,0.001063,True
real_001333.txt,20,50,6,0.004065,True
real_001334.txt,13,14,1,0.000461,True
real_001335.txt,29,79,8,0.013584,True
real_001336.txt,25,86,9,0.016601,True
real_001337.txt,15,20,2,0.000866,True
real_001338.txt,17,34,4,0.002116,True
real_001339.txt,18,33,7,0.002972,True
real_001340.txt,28,60,10,0.013331,True
real_001341.txt,31,50,8,0.009332,True
real_001342.txt,33,91,11,0.02117,True
real_001343.txt,19,23,2,0.001079,True
real_001344.txt,31,75,12,0.01793,True
real_001345.txt,11,22,3,0.001633,True
real_001346.txt,13,17,3,0.001172,True
real_001347.txt,15,20,2,0.000908,True
real_001348.txt,13,14,1,0.000498,True
real_001349.txt,15,20,2,0.001013,True
real_001350.txt,17,31,6,0.002721,True
real_001351.txt,28,75,9,0.014784,True
real_001352.txt,11,34,5,0.002067,True
real_001353.txt,25,41,8,0.006884,True
real_001354.txt,21,42,6,0.003497,True
real_001355.txt,22,42,4,0.004666,True
real_001356.txt,13,16,2,0.000726,True
real_001357.txt,12,26,3,0.001221,True
real_001358.txt,11,11,1,0.000473,True
real_001359.txt,13,24,4,0.002134,True
real_001360.txt,32,186,23,0.076396,True
real_001361.txt,32,89,11,0.020734,True
real_001362.txt,32,58,4,0.009606,True
real_001363.txt,15,102,12,0.007865,True
real_001364.txt,24,50,7,0.007544,True
real_001365.txt,30,61,7,0.010471,True
real_001366.txt,25,46,10,0.007989,True
real_001367.txt,24,41,5,0.005596,True
real_001368.txt,16,33,5,0.002166,True
real_001369.txt,31,143,8,0.02567,True
real_001370.txt,31,95,10,0.020604,True
real_001371.txt,16,28,4,0.001904,True
real_001372.txt,13,14,1,0.000579,True
real_001373.txt,20,89,8,0.008834,True
real_001374.txt,27,46,9,0.008314,True
real_001375.txt,32,130,17,0.038113,True
real_001376.txt,35,165,17,0.052122,True
real_001377.txt,11,31,7,0.002149,True
real_001378.txt,20,108,15,0.013943,True
real_001379.txt,30,142,17,0.041868,True
real_001380.txt,15,20,2,0.00137,True
real_001381.txt,25,50,6,0.007969,True
real_001382.txt,17,19,2,0.000902,True
real_001383.txt,23,42,7,0.007201,True
real_001384.txt,27,89,10,0.018246,True
real_001385.txt,33,53,5,0.011707,True
real_001386.txt,27,153,14,0.043994,True
real_001387.txt,13,21,5,0.001422,True
real_001388.txt,25,38,3,0.003676,True
real_001389.txt,18,39,7,0.003396,True
real_001390.txt,17,19,2,0.000865,True
real_001391.txt,24,52,5,0.007025,True
real_001392.txt,18,28,4,0.001669,True
real_001393.txt,13,14,1,0.000516,True
real_001394.txt,10,16,2,0.000597,True
real_001395.txt,13,16,2,0.000804,True
real_001396.txt,12,14,2,0.00057,True
real_001397.txt,29,91,10,0.018259,True
real_001398.txt,10,37,7,0.002666,True
real_001399.txt,18,28,5,0.002089,True
real_001400.txt,23,113,10,0.021511,True
real_001401.txt,11,11,1,0.000356,True
real_001402.txt,11,13,1,0.000481,True
real_001403.txt,15,20,2,0.001062,True
real_001404.txt,10,19,4,0.000884,True
real_001405.txt,17,35,4,0.002054,True
real_001406.txt,11,46,7,0.00313,True
real_001407.txt,15,16,1,0.000588,True
real_001408.txt,21,47,8,0.004947,True
real_001409.txt,25,48,7,0.007167,True
real_001410.txt,31,65,13,0.016347,True
real_001411.txt,18,29,5,0.00212,True
real_001412.txt,16,64,7,0.005321,True
real_001413.txt,13,14,1,0.000449,True
real_001414.txt,17,36,3,0.001956,True
real_001415.txt,25,46,4,0.005958,True
real_001416.txt,25,112,9,0.02055,True
real_001417.txt,28,66,4,0.009006,True
real_001418.txt,32,89,11,0.02002,True
real_001419.txt,21,45,8,0.004694,True
real_001420.txt,20,33,6,0.002808,True
real_001421.txt,17,19,2,0.000863,True
real_001422.txt,26,38,5,0.005001,True
real_001423.txt,23,81,11,0.018479,True
real_001424.txt,23,41,8,0.005875,True
real_001425.txt,13,14,1,0.0005,True
real_001426.txt,15,30,5,0.002005,True
real_001427.txt,14,63,10,0.00538,True
real_001428.txt,25,39,4,0.003918,True
real_001429.txt,13,14,1,0.000454,True
real_001430.txt,11,11,1,0.00033,True
real_001431.txt,19,33,5,0.002319,True
real_001432.txt,34,138,15,0.042205,True
real_001433.txt,29,53,8,0.009583,True
real_001434.txt,25,46,10,0.008175,True
real_001435.txt,18,51,10,0.005206,True
real_001436.txt,15,26,4,0.001337,True
real_001437.txt,17,19,2,0.00083,True
real_001438.txt,35,63,10,0.014693,True
real_001439.txt,21,45,7,0.00421,True
real_001440.txt,32,111,16,0.031165,True
real_001441.txt,17,19,2,0.000857,True
real_001442.txt,20,40,6,0.003811,True
real_001443.txt,13,14,1,0.000439,True
real_001444.txt,21,47,8,0.004145,True
real_001445.txt,17,20,2,0.000853,True
real_001446.txt,17,68,9,0.006435,True
real_001447.txt,32,58,10,0.012314,True
real_001448.txt,23,51,8,0.008231,True
real_001449.txt,11,13,1,0.00044,True
real_001450.txt,12,15,3,0.000708,True
real_001451.txt,34,78,7,0.016888,True
real_001452.txt,35,78,15,0.022723,True
real_001453.txt,30,87,10,0.017217,True
real_001454.txt,26,71,8,0.013282,True
real_001455.txt,31,136,14,0.037657,True
real_001456.txt,17,51,9,0.004776,True
real_001457.txt,22,101,15,0.023491,True
real_001458.txt,17,19,2,0.00086,True
real_001459.txt,29,52,6,0.007359,True
real_001460.txt,17,38,3,0.002249,True
real_001461.txt,18,28,5,0.002083,True
real_001462.txt,13,23,2,0.000948,True
real_001463.txt,20,48,6,0.003751,True
real_001464.txt,23,51,8,0.008324,True
real_001465.txt,14,57,8,0.004605,True
real_001466.txt,16,18,2,0.000952,True
real_001467.txt,35,77,14,0.021975,True
real_001468.txt,28,87,12,0.021737,True
real_001469.txt,35,93,13,0.023008,True
real_001470.txt,27,49,8,0.008611,True
real_001471.txt,29,55,5,0.007754,True
real_001472.txt,29,64,8,0.012126,True
real_001473.txt,35,85,10,0.01909,True
real_001474.txt,15,22,2,0.001006,True
real_001475.txt,23,51,8,0.008899,True
real_001476.txt,23,51,8,0.008224,True
real_001477.txt,23,51,8,0.008211,True
real_001478.txt,15,30,5,0.001885,True
real_001479.txt,10,17,4,0.001298,True
real_001480.txt,13,14,1,0.00053,True
real_001481.txt,18,24,2,0.001098,True
real_001482.txt,15,20,2,0.000857,True
real_001483.txt,22,37,7,0.004927,True
real_001484.txt,16,31,3,0.0021,True
real_001485.txt,20,52,4,0.003698,True
real_001486.txt,11,22,4,0.001235,True
real_001487.txt,13,21,4,0.00122,True
real_001488.txt,15,20,2,0.000856,True
real_001489.txt,13,14,1,0.000481,True
real_001490.txt,24,67,5,0.009329,True
real_001491.txt,15,20,2,0.000907,True
real_001492.txt,31,76,11,0.016809,True
real_001493.txt,23,63,9,0.011978,True
real_001494.txt,17,28,3,0.001987,True
real_001495.txt,13,14,1,0.000715,True
real_001496.txt,14,22,4,0.001384,True
real_001497.txt,19,34,5,0.002414,True
real_001498.txt,13,14,1,0.0005,True
real_001499.txt,22,35,7,0.004535,True
real_001500.txt,25,46,10,0.008289,True
real_001501.txt,17,19,2,0.000854,True
real_001502.txt,12,24,4,0.001312,True
real_001503.txt,22,64,7,0.010978,True
real_001504.txt,22,44,5,0.004854,True
real_001505.txt,10,17,4,0.000845,True
real_001506.txt,13,14,1,0.000435,True
real_001507.txt,16,45,7,0.00389,True
real_001508.txt,17,33,3,0.001696,True
real_001509.txt,25,178,15,0.042783,True
real_001510.txt,11,14,2,0.000658,True
real_001511.txt,13,14,1,0.000498,True
real_001512.txt,18,32,2,0.001663,True
real_001513.txt,31,59,7,0.010134,True
real_001514.txt,25,46,10,0.008263,True
real_001515.txt,10,17,4,0.000897,True
real_001516.txt,13,46,5,0.003336,True
real_001517.txt,10,17,4,0.000875,True
real_001518.txt,33,73,13,0.01973,True
real_001519.txt,29,46,4,0.005981,True
real_001520.txt,19,40,7,0.003529,True
real_001521.txt,15,20,2,0.000861,True
real_001522.txt,11,20,3,0.001003,True
real_001523.txt,15,31,5,0.001873,True
real_001524.txt,23,50,7,0.008662,True
real_001525.txt,10,17,4,0.00085,True
real_001526.txt,35,82,8,0.017508,True
real_001527.txt,24,87,7,0.013927,True
real_001528.txt,30,120,8,0.026487,True
real_001529.txt,13,14,1,0.000477,True
real_001530.txt,10,17,4,0.000829,True
real_001531.txt,10,10,1,0.000397,True
real_001532.txt,19,27,3,0.001788,True
real_001533.txt,17,31,7,0.002642,True
real_001534.txt,19,44,7,0.003827,True
real_001535.txt,10,13,2,0.00065,True
real_001536.txt,26,63,6,0.009078,True
real_001537.txt,19,40,8,0.003819,True
real_001538.txt,10,10,1,0.000329,True
real_001539.txt,30,58,5,0.008524,True
real_001540.txt,15,20,2,0.000836,True
real_001541.txt,15,30,5,0.001873,True
real_001542.txt,17,51,8,0.00466,True
real_001543.txt,21,46,6,0.003865,True
real_001544.txt,14,16,2,0.000674,True
real_001545.txt,10,17,4,0.000881,True
real_001546.txt,13,14,1,0.000487,True
real_001547.txt,19,42,5,0.002972,True
real_001548.txt,16,28,6,0.002073,True
real_001549.txt,13,37,4,0.002269,True
real_001550.txt,20,42,3,0.002601,True
real_001551.txt,32,50,4,0.006372,True
real_001552.txt,27,51,8,0.008768,True
real_001553.txt,31,55,9,0.010823,True
real_001554.txt,22,41,6,0.00565,True
real_001555.txt,20,39,5,0.002702,True
real_001556.txt,13,14,1,0.000454,True
real_001557.txt,22,35,5,0.004042,True
real_001558.txt,12,22,2,0.000912,True
real_001559.txt,22,180,16,0.045354,True
real_001560.txt,31,193,20,0.068144,True
real_001561.txt,23,33,4,0.003168,True
real_001562.txt,28,60,10,0.014318,True
real_001563.txt,13,14,1,0.000548,True
real_001564.txt,24,34,3,0.003717,True
real_001565.txt,18,36,4,0.002114,True
real_001566.txt,13,14,1,0.000727,True
real_001567.txt,32,59,9,0.012353,True
real_001568.txt,11,17,2,0.000724,True
real_001569.txt,30,64,11,0.015689,True
real_001570.txt,32,69,8,0.013775,True
real_001571.txt,31,67,7,0.011266,True
real_001572.txt,32,84,6,0.016388,True
real_001573.txt,21,56,5,0.004736,True
real_001574.txt,26,112,11,0.024303,True
real_001575.txt,13,14,1,0.000521,True
real_001576.txt,14,48,7,0.003598,True
real_001577.txt,11,18,3,0.00082,True
real_001578.txt,30,58,7,0.009478,True
real_001579.txt,17,19,2,0.000908,True
real_001580.txt,35,272,27,0.117162,True
real_001581.txt,23,51,8,0.009688,True
real_001582.txt,10,17,4,0.001022,True
real_001583.txt,17,28,4,0.002164,True
real_001584.txt,21,50,6,0.004354,True
real_001585.txt,27,61,9,0.012211,True
real_001586.txt,15,47,7,0.004598,True
real_001587.txt,21,51,6,0.00412,True
real_001588.txt,21,34,7,0.003097,True
real_001589.txt,11,32,5,0.00195,True
real_001590.txt,27,46,9,0.008547,True
real_001591.txt,28,74,8,0.0161,True
real_001592.txt,34,84,11,0.025196,True
real_001593.txt,24,42,5,0.005232,True
real_001594.txt,14,42,6,0.003439,True
real_001595.txt,25,109,9,0.025588,True
real_001596.txt,13,14,1,0.000566,True
real_001597.txt,22,231,20,0.042951,True
real_001598.txt,28,179,18,0.051489,True
real_001599.txt,21,43,9,0.00445,True
real_001600.txt,23,49,4,0.005792,True
real_001601.txt,10,17,4,0.000943,True
real_001602.txt,17,47,4,0.00422,True
real_001603.txt,10,14,2,0.000565,True
real_001604.txt,22,44,5,0.005174,True
real_001605.txt,11,15,2,0.000627,True
real_001606.txt,20,32,6,0.003763,True
real_001607.txt,27,90,12,0.020604,True
real_001608.txt,34,280,20,0.113596,True
real_001609.txt,30,87,10,0.018932,True
real_001610.txt,26,69,12,0.019109,True
real_001611.txt,13,14,1,0.000472,True
real_001612.txt,15,20,2,0.000885,True
real_001613.txt,17,19,2,0.000985,True
real_001614.txt,34,76,12,0.017803,True
real_001615.txt,31,255,19,0.11573,True
real_001616.txt,23,41,9,0.007174,True
real_001617.txt,30,64,11,0.016269,True
real_001618.txt,24,84,14,0.01876,True
real_001619.txt,11,12,1,0.000456,True
real_001620.txt,13,26,5,0.00173,True
real_001621.txt,32,43,4,0.006075,True
real_001622.txt,15,30,5,0.002036,True
real_001623.txt,24,47,6,0.00766,True
real_001624.txt,10,13,2,0.000566,True
real_001625.txt,11,11,1,0.000399,True
real_001626.txt,17,39,5,0.002622,True
real_001627.txt,13,14,1,0.000527,True
real_001628.txt,20,37,6,0.002852,True
real_001629.txt,16,33,5,0.002591,True
real_001630.txt,19,46,6,0.003413,True
real_001631.txt,23,38,7,0.004978,True
real_001632.txt,11,20,3,0.001061,True
real_001633.txt,13,38,7,0.002693,True
real_001634.txt,10,17,4,0.000959,True
real_001635.txt,32,57,10,0.010643,True
real_001636.txt,16,26,4,0.001625,True
real_001637.txt,34,78,7,0.017748,True
real_001638.txt,30,98,12,0.031553,True
real_001639.txt,29,59,8,0.011714,True
real_001640.txt,26,135,18,0.039744,True
real_001641.txt,16,34,6,0.002436,True
real_001642.txt,10,17,4,0.000975,True
real_001643.txt,19,28,5,0.001989,True
real_001644.txt,14,39,4,0.002143,True
real_001645.txt,28,212,16,0.059093,True
real_001646.txt,15,20,2,0.000948,True
real_001647.txt,25,41,4,0.004832,True
real_001648.txt,25,46,10,0.008654,True
real_001649.txt,15,30,4,0.002277,True
real_001650.txt,23,54,6,0.007531,True
real_001651.txt,13,14,1,0.000517,True
real_001652.txt,13,14,1,0.000583,True
real_001653.txt,20,41,8,0.004147,True
real_001654.txt,13,14,1,0.00046,True
real_001655.txt,16,29,5,0.001978,True
real_001656.txt,28,94,12,0.025525,True
real_001657.txt,14,21,2,0.000886,True
real_001658.txt,13,14,1,0.000486,True
real_001659.txt,10,17,4,0.000866,True
real_001660.txt,35,312,29,0.139036,True
real_001661.txt,21,69,5,0.004797,True
real_001662.txt,33,68,9,0.016514,True
real_001663.txt,15,31,5,0.002045,True
real_001664.txt,16,29,5,0.001929,True
real_001665.txt,15,20,2,0.000924,True
real_001666.txt,25,45,7,0.008071,True
real_001667.txt,18,31,5,0.002264,True
real_001668.txt,11,21,2,0.000914,True
real_001669.txt,34,150,11,0.036835,True
real_001670.txt,23,51,8,0.008411,True
real_001671.txt,15,25,5,0.001816,True
real_001672.txt,27,46,9,0.009374,True
real_001673.txt,25,46,10,0.009844,True
real_001674.txt,13,14,1,0.000795,True
real_001675.txt,10,17,4,0.000894,True
real_001676.txt,23,51,8,0.00834,True
real_001677.txt,26,54,8,0.009286,True
real_001678.txt,13,14,1,0.000536,True
real_001679.txt,27,46,9,0.008044,True
real_001680.txt,23,51,8,0.009716,True
real_001681.txt,12,29,4,0.001734,True
real_001682.txt,17,31,6,0.002733,True
real_001683.txt,27,46,9,0.008433,True
real_001684.txt,27,46,9,0.009673,True
real_001685.txt,23,44,5,0.005996,True
real_001686.txt,28,60,10,0.013162,True
real_001687.txt,25,46,10,0.008868,True
real_001688.txt,21,47,8,0.005238,True
real_001689.txt,14,18,1,0.000717,True
real_001690.txt,17,19,2,0.000903,True
real_001691.txt,13,47,6,0.003077,True
real_001692.txt,13,14,1,0.000456,True
real_001693.txt,13,14,1,0.000504,True
real_001694.txt,24,44,7,0.006594,True
real_001695.txt,10,15,2,0.000683,True
real_001696.txt,13,14,1,0.000475,True
real_001697.txt,17,19,2,0.000876,True
real_001698.txt,34,73,13,0.02132,True
real_001699.txt,16,29,4,0.001558,True
real_001700.txt,10,10,1,0.000388,True
real_001701.txt,27,50,8,0.009243,True
real_001702.txt,17,31,2,0.001369,True
real_001703.txt,13,14,1,0.000606,True
real_001704.txt,16,22,2,0.00095,True
real_001705.txt,11,20,4,0.001072,True
real_001706.txt,15,25,5,0.001537,True
real_001707.txt,13,14,1,0.000505,True
real_001708.txt,15,20,2,0.000893,True
real_001709.txt,29,85,6,0.014177,True
real_001710.txt,17,19,2,0.000927,True
real_001711.txt,11,33,5,0.001879,True
real_001712.txt,23,54,8,0.008542,True
real_001713.txt,13,14,1,0.00059,True
real_001714.txt,22,95,9,0.01723,True
real_001715.txt,11,18,2,0.001268,True
real_001716.txt,35,151,15,0.053293,True
real_001717.txt,13,14,1,0.000541,True
real_001718.txt,12,17,2,0.000779,True
real_001719.txt,22,58,6,0.009072,True
real_001720.txt,28,66,6,0.011223,True
real_001721.txt,16,25,4,0.001525,True
real_001722.txt,28,57,11,0.013835,True
real_001723.txt,20,33,6,0.003838,True
real_001724.txt,33,96,10,0.023559,True
real_001725.txt,13,14,1,0.000571,True
real_001726.txt,20,54,7,0.004514,True
real_001727.txt,23,36,4,0.003967,True
real_001728.txt,18,33,7,0.002985,True
real_001729.txt,30,68,6,0.012569,True
real_001730.txt,23,51,8,0.008399,True
real_001731.txt,29,66,5,0.009228,True
real_001732.txt,13,14,1,0.000571,True
real_001733.txt,15,20,2,0.000896,True
real_001734.txt,13,38,5,0.003223,True
real_001735.txt,13,14,1,0.000451,True
real_001736.txt,13,14,1,0.000511,True
real_001737.txt,11,29,5,0.001802,True
real_001738.txt,10,17,4,0.001611,True
real_001739.txt,11,23,5,0.001924,True
real_001740.txt,10,17,4,0.001079,True
real_001741.txt,26,92,6,0.014841,True
real_001742.txt,23,117,12,0.02793,True
real_001743.txt,21,37,8,0.003794,True
real_001744.txt,14,25,6,0.001796,True
real_001745.txt,23,51,8,0.008298,True
real_001746.txt,17,20,2,0.000996,True
real_001747.txt,14,16,2,0.000659,True
real_001748.txt,13,14,1,0.000447,True
real_001749.txt,16,26,4,0.00146,True
real_001750.txt,35,96,10,0.026954,True
real_001751.txt,22,40,9,0.008127,True
real_001752.txt,10,10,1,0.000676,True
real_001753.txt,13,14,1,0.000509,True
real_001754.txt,13,14,1,0.000523,True
real_001755.txt,16,17,1,0.000675,True
real_001756.txt,23,51,8,0.01121,True
real_001757.txt,16,22,1,0.000951,True
real_001758.txt,30,47,7,0.011877,True
real_001759.txt,14,33,4,0.001889,True
real_001760.txt,18,41,5,0.003835,True
real_001761.txt,11,18,2,0.000794,True
real_001762.txt,12,22,4,0.001159,True
real_001763.txt,24,62,8,0.010887,True
real_001764.txt,28,50,7,0.0088,True
real_001765.txt,14,28,4,0.001764,True
real_001766.txt,34,60,10,0.019864,True
real_001767.txt,12,28,3,0.0013,True
real_001768.txt,34,78,7,0.017785,True
real_001769.txt,15,20,2,0.000985,True
real_001770.txt,16,20,2,0.000961,True
real_001771.txt,11,55,9,0.00314,True
real_001772.txt,13,14,1,0.000604,True
real_001773.txt,23,53,8,0.010519,True
real_001774.txt,26,39,6,0.004873,True
real_001775.txt,21,86,12,0.011885,True
real_001776.txt,25,45,7,0.006961,True
real_001777.txt,25,46,10,0.008126,True
real_001778.txt,13,14,1,0.00053,True
real_001779.txt,10,17,4,0.000932,True
real_001780.txt,31,84,11,0.020265,True
real_001781.txt,12,22,4,0.001543,True
real_001782.txt,27,46,9,0.009456,True
real_001783.txt,18,72,10,0.00792,True
real_001784.txt,28,52,8,0.009174,True
real_001785.txt,21,37,8,0.004031,True
real_001786.txt,20,41,6,0.004185,True
real_001787.txt,23,51,8,0.009721,True
real_001788.txt,27,78,11,0.017998,True
real_001789.txt,16,37,6,0.003073,True
real_001790.txt,32,59,9,0.010452,True
real_001791.txt,22,68,6,0.009397,True
real_001792.txt,20,41,4,0.003255,True
real_001793.txt,15,20,2,0.000954,True
real_001794.txt,14,27,4,0.001744,True
real_001795.txt,13,14,1,0.000805,True
real_001796.txt,34,105,12,0.026482,True
real_001797.txt,19,35,6,0.003014,True
real_001798.txt,21,44,7,0.003945,True
real_001799.txt,10,20,3,0.001041,True
real_001800.txt,13,14,1,0.000673,True
real_001801.txt,20,74,7,0.007596,True
real_001802.txt,11,14,1,0.000617,True
real_001803.txt,13,14,1,0.000609,True
real_001804.txt,12,28,4,0.001632,True
real_001805.txt,12,22,3,0.001126,True
real_001806.txt,10,17,4,0.000942,True
real_001807.txt,32,57,10,0.012322,True
real_001808.txt,23,51,8,0.008275,True
real_001809.txt,16,17,1,0.000734,True
real_001810.txt,19,34,5,0.002488,True
real_001811.txt,13,14,1,0.000575,True
real_001812.txt,15,20,2,0.000947,True
real_001813.txt,34,263,24,0.099685,True
real_001814.txt,10,17,4,0.001634,True
real_001815.txt,29,102,9,0.023355,True
real_001816.txt,17,24,3,0.001521,True
real_001817.txt,13,14,1,0.000755,True
real_001818.txt,20,39,3,0.00241,True
real_001819.txt,15,105,13,0.007561,True
real_001820.txt,15,20,2,0.000958,True
real_001821.txt,17,19,2,0.00097,True
real_001822.txt,25,50,5,0.006583,True
real_001823.txt,23,51,8,0.010253,True
real_001824.txt,13,14,1,0.000619,True
real_001825.txt,33,56,7,0.010445,True
real_001826.txt,32,77,9,0.021516,True
real_001827.txt,30,79,12,0.020586,True
real_001828.txt,12,12,1,0.000524,True
real_001829.txt,25,46,10,0.00832,True
real_001830.txt,17,19,2,0.000949,True
real_001831.txt,17,19,2,0.000942,True
real_001832.txt,29,109,13,0.026756,True
real_001833.txt,28,78,10,0.015346,True
real_001834.txt,20,41,3,0.002773,True
real_001835.txt,17,19,2,0.000986,True
real_001836.txt,12,14,2,0.000655,True
real_001837.txt,15,20,2,0.001511,True
real_001838.txt,27,57,6,0.01003,True
real_001839.txt,16,26,3,0.001845,True
real_001840.txt,31,133,16,0.037861,True
real_001841.txt,34,87,9,0.020024,True
real_001842.txt,33,76,7,0.012862,True
real_001843.txt,32,69,12,0.017902,True
real_001844.txt,13,14,1,0.00072,True
real_001845.txt,13,34,7,0.002601,True
real_001846.txt,14,35,4,0.002294,True
real_001847.txt,32,89,11,0.02343,True
real_001848.txt,17,19,2,0.001019,True
real_001849.txt,16,28,6,0.002763,True
real_001850.txt,14,19,2,0.001898,True
real_001851.txt,15,23,4,0.001462,True
real_001852.txt,25,46,10,0.008698,True
real_001853.txt,17,19,2,0.00095,True
real_001854.txt,23,34,5,0.003708,True
real_001855.txt,10,10,1,0.000433,True
real_001856.txt,11,23,4,0.001273,True
real_001857.txt,31,149,16,0.044436,True
real_001858.txt,21,37,7,0.003579,True
real_001859.txt,18,43,7,0.003718,True
real_001860.txt,32,120,17,0.037367,True
real_001861.txt,11,13,1,0.000585,True
real_001862.txt,19,38,3,0.002765,True
real_001863.txt,28,65,6,0.009427,True
real_001864.txt,13,14,1,0.000522,True
real_001865.txt,10,17,4,0.000959,True
real_001866.txt,23,54,6,0.00749,True
real_001867.txt,11,20,3,0.001226,True
real_001868.txt,17,67,9,0.007084,True
real_001869.txt,11,21,3,0.001119,True
real_001870.txt,22,49,6,0.006379,True
real_001871.txt,23,44,8,0.006701,True
real_001872.txt,30,82,10,0.016206,True
real_001873.txt,13,14,1,0.000592,True
real_001874.txt,19,30,5,0.002215,True
real_001875.txt,26,53,5,0.007059,True
real_001876.txt,11,13,2,0.000635,True
real_001877.txt,27,109,15,0.029666,True
real_001878.txt,25,42,6,0.006268,True
real_001879.txt,34,264,18,0.105447,True
real_001880.txt,17,32,3,0.001544,True
real_001881.txt,21,49,5,0.003801,True
real_001882.txt,24,57,6,0.007462,True
real_001883.txt,20,36,3,0.001993,True
real_001884.txt,12,26,4,0.001549,True
real_001885.txt,15,20,2,0.000922,True
real_001886.txt,23,38,6,0.004746,True
real_001887.txt,21,37,3,0.002469,True
real_001888.txt,11,19,3,0.000877,True
real_001889.txt,22,51,6,0.006865,True
real_001890.txt,27,46,9,0.008286,True
real_001891.txt,17,33,5,0.002268,True
real_001892.txt,27,46,9,0.0084,True
real_001893.txt,21,44,7,0.003903,True
real_001894.txt,31,70,7,0.013771,True
real_001895.txt,19,40,8,0.004432,True
real_001896.txt,15,20,2,0.000942,True
real_001897.txt,11,16,3,0.00106,True
real_001898.txt,13,14,1,0.000558,True
real_001899.txt,13,14,1,0.000564,True
real_001900.txt,22,45,9,0.00804,True
real_001901.txt,34,78,7,0.015389,True
real_001902.txt,23,51,8,0.008508,True
real_001903.txt,28,72,8,0.012914,True
real_001904.txt,15,20,2,0.000958,True
real_001905.txt,12,25,3,0.001339,True
real_001906.txt,13,14,1,0.000572,True
real_001907.txt,16,38,7,0.003778,True
real_001908.txt,27,46,9,0.008189,True
real_001909.txt,13,14,1,0.000462,True
real_001910.txt,24,60,6,0.010556,True
real_001911.txt,30,85,11,0.027884,True
real_001912.txt,18,33,7,0.003247,True
real_001913.txt,15,20,2,0.001755,True
real_001914.txt,25,56,6,0.007822,True
real_001915.txt,22,52,6,0.010428,True
real_001916.txt,27,46,9,0.008941,True
real_001917.txt,25,82,8,0.014474,True
real_001918.txt,19,31,6,0.002273,True
real_001919.txt,13,14,1,0.000499,True
real_001920.txt,17,19,2,0.000939,True
real_001921.txt,26,43,8,0.007467,True
real_001922.txt,14,22,3,0.001183,True
real_001923.txt,15,20,2,0.000939,True
real_001924.txt,30,52,9,0.01106,True
real_001925.txt,16,35,5,0.002701,True
real_001926.txt,15,29,6,0.002171,True
real_001927.txt,31,55,9,0.01071,True
real_001928.txt,19,40,4,0.002658,True
real_001929.txt,29,106,8,0.02288,True
real_001930.txt,16,31,5,0.002104,True
real_001931.txt,30,90,14,0.022563,True
real_001932.txt,34,125,8,0.026687,True
real_001933.txt,24,54,5,0.006952,True
real_001934.txt,17,19,2,0.000961,True
real_001935.txt,25,88,10,0.017082,True
real_001936.txt,28,72,6,0.010676,True
real_001937.txt,34,161,17,0.055575,True
real_001938.txt,25,70,6,0.010647,True
real_001939.txt,18,33,7,0.003225,True
real_001940.txt,24,95,13,0.020176,True
real_001941.txt,27,46,9,0.008138,True
real_001942.txt,13,24,3,0.001102,True
real_001943.txt,15,20,2,0.000845,True
real_001944.txt,13,28,4,0.001701,True
real_001945.txt,30,63,6,0.011968,True
real_001946.txt,14,30,4,0.001752,True
real_001947.txt,14,25,4,0.001349,True
real_001948.txt,23,51,8,0.009308,True
real_001949.txt,23,42,7,0.006523,True
real_001950.txt,20,67,5,0.004854,True
real_001951.txt,14,15,1,0.000781,True
real_001952.txt,24,43,9,0.007656,True
real_001953.txt,23,51,8,0.008228,True
real_001954.txt,17,23,2,0.001195,True
real_001955.txt,24,36,2,0.003277,True
real_001956.txt,32,65,7,0.011387,True
real_001957.txt,17,43,6,0.0031,True
real_001958.txt,20,35,6,0.002699,True
real_001959.txt,34,72,7,0.013593,True
real_001960.txt,14,25,4,0.001557,True
real_001961.txt,27,51,8,0.008822,True
real_001962.txt,27,39,4,0.004634,True
real_001963.txt,26,51,5,0.008466,True
real_001964.txt,21,42,8,0.006959,True
real_001965.txt,20,36,3,0.002826,True
real_001966.txt,13,26,4,0.001523,True
real_001967.txt,13,25,3,0.001237,True
real_001968.txt,24,54,9,0.014072,True
real_001969.txt,28,93,10,0.021832,True
real_001970.txt,23,51,8,0.008418,True
real_001971.txt,29,366,24,0.120456,True
real_001972.txt,19,35,7,0.002904,True
real_001973.txt,15,20,2,0.000879,True
real_001974.txt,10,13,2,0.000555,True
real_001975.txt,16,33,5,0.002171,True
real_001976.txt,13,14,1,0.00051,True
real_001977.txt,22,52,10,0.008859,True
real_001978.txt,28,52,9,0.01105,True
real_001979.txt,14,18,2,0.000757,True
real_001980.txt,29,64,6,0.011019,True
real_001981.txt,12,26,4,0.00218,True
real_001982.txt,29,55,7,0.011809,True
real_001983.txt,15,20,2,0.000911,True
real_001984.txt,23,51,8,0.009249,True
real_001985.txt,14,28,4,0.001652,True
real_001986.txt,27,42,3,0.004732,True
real_001987.txt,11,23,5,0.001373,True
real_001988.txt,17,61,11,0.00708,True
real_001989.txt,15,74,8,0.006074,True
real_001990.txt,10,17,4,0.00116,True
real_001991.txt,22,38,3,0.00308,True
real_001992.txt,10,17,4,0.001123,True
real_001993.txt,29,66,7,0.011287,True
real_001994.txt,29,86,7,0.014971,True
real_001995.txt,15,29,3,0.001461,True
real_001996.txt,17,19,2,0.000926,True
real_001997.txt,33,62,9,0.012572,True
real_001998.txt,30,62,12,0.014714,True
real_001999.txt,10,17,4,0.000885,True
ba_000000.txt,19,34,3,0.001925,True
ba_000001.txt,18,32,3,0.001701,True
ba_000002.txt,19,34,4,0.001963,True
ba_000003.txt,30,56,5,0.007659,True
ba_000004.txt,34,64,5,0.009138,True
ba_000005.txt,23,42,4,0.004665,True
ba_000006.txt,21,38,4,0.002313,True
ba_000007.txt,28,75,8,0.01324,True
ba_000008.txt,33,62,4,0.00926,True
ba_000009.txt,35,66,6,0.010768,True
ba_000010.txt,27,72,8,0.012266,True
ba_000011.txt,28,52,5,0.008095,True
ba_000012.txt,23,60,5,0.008272,True
ba_000013.txt,31,58,5,0.00905,True
ba_000014.txt,21,54,6,0.00552,True
ba_000015.txt,15,36,4,0.002204,True
ba_000016.txt,28,52,4,0.006415,True
ba_000017.txt,21,38,4,0.0024,True
ba_000018.txt,34,64,5,0.009305,True
ba_000019.txt,19,34,3,0.001781,True
ba_000020.txt,16,28,4,0.001542,True
ba_000021.txt,17,42,4,0.00259,True
ba_000022.txt,28,52,4,0.006098,True
ba_000023.txt,30,81,8,0.015208,True
ba_000024.txt,22,40,3,0.003869,True
ba_000025.txt,23,42,5,0.004412,True
ba_000026.txt,30,56,5,0.007542,True
ba_000027.txt,30,81,7,0.014635,True
ba_000028.txt,30,56,4,0.007609,True
ba_000029.txt,22,40,4,0.004163,True
ba_000030.txt,26,48,3,0.005224,True
ba_000031.txt,19,48,5,0.003381,True
ba_000032.txt,25,46,4,0.005307,True
ba_000033.txt,32,87,8,0.016487,True
ba_000034.txt,26,69,8,0.011625,True
ba_000035.txt,18,32,3,0.001732,True
ba_000036.txt,35,66,5,0.009688,True
ba_000037.txt,25,66,6,0.011302,True
ba_000038.txt,22,40,4,0.003941,True
ba_000039.txt,27,50,4,0.006369,True
ba_000040.txt,31,84,8,0.016537,True
ba_000041.txt,24,63,7,0.010373,True
ba_000042.txt,22,40,3,0.003664,True
ba_000043.txt,23,42,3,0.00474,True
ba_000044.txt,35,66,5,0.009542,True
ba_000045.txt,21,38,4,0.002294,True
ba_000046.txt,32,60,4,0.007937,True
ba_000047.txt,30,81,7,0.014039,True
ba_000048.txt,28,52,5,0.006821,True
ba_000049.txt,28,75,8,0.015442,True
ba_000050.txt,27,50,4,0.006089,True
ba_000051.txt,35,66,6,0.011509,True
ba_000052.txt,19,48,5,0.003484,True
ba_000053.txt,30,81,5,0.011596,True
ba_000054.txt,25,66,7,0.010916,True
ba_000055.txt,29,54,3,0.005512,True
ba_000056.txt,20,51,6,0.003934,True
ba_000057.txt,31,58,7,0.009313,True
ba_000058.txt,25,66,8,0.011198,True
ba_000059.txt,15,36,4,0.002089,True
ba_000060.txt,24,44,4,0.004691,True
ba_000061.txt,32,87,8,0.017612,True
ba_000062.txt,23,60,9,0.010327,True
ba_000063.txt,26,69,8,0.011944,True
ba_000064.txt,22,57,5,0.00794,True
ba_000065.txt,19,48,6,0.003655,True
ba_000066.txt,30,56,4,0.006528,True
ba_000067.txt,23,42,3,0.00395,True
ba_000068.txt,16,28,3,0.001516,True
ba_000069.txt,15,26,3,0.001792,True
ba_000070.txt,16,28,3,0.001403,True
ba_000071.txt,21,38,3,0.002414,True
ba_000072.txt,25,46,4,0.005857,True
ba_000073.txt,19,34,4,0.002126,True
ba_000074.txt,31,84,9,0.017491,True
ba_000075.txt,21,38,3,0.00233,True
ba_000076.txt,15,36,4,0.003313,True
ba_000077.txt,28,75,9,0.014703,True
ba_000078.txt,22,40,4,0.003756,True
ba_000079.txt,34,64,6,0.009993,True
ba_000080.txt,24,44,3,0.004613,True
ba_000081.txt,16,39,5,0.002634,True
ba_000082.txt,17,42,5,0.002651,True
ba_000083.txt,22,40,4,0.003887,True
ba_000084.txt,28,75,6,0.011403,True
ba_000085.txt,35,66,7,0.011374,True
ba_000086.txt,24,63,7,0.009699,True
ba_000087.txt,32,87,7,0.016275,True
ba_000088.txt,32,87,9,0.019274,True
ba_000089.txt,27,72,6,0.01051,True
ba_000090.txt,23,60,6,0.007894,True
ba_000091.txt,34,64,7,0.010466,True
ba_000092.txt,29,54,5,0.007067,True
ba_000093.txt,28,52,2,0.00565,True
ba_000094.txt,22,40,3,0.003859,True
ba_000095.txt,15,26,3,0.001243,True
ba_000096.txt,20,36,3,0.002123,True
ba_000097.txt,18,32,3,0.001608,True
ba_000098.txt,21,38,3,0.002126,True
ba_000099.txt,24,44,3,0.004078,True
ba_000100.txt,29,54,4,0.006667,True
ba_000101.txt,16,39,5,0.002722,True
ba_000102.txt,29,78,7,0.015313,True
ba_000103.txt,29,78,10,0.015718,True
ba_000104.txt,16,39,5,0.002388,True
ba_000105.txt,22,57,6,0.007559,True
ba_000106.txt,25,46,5,0.006654,True
ba_000107.txt,30,81,8,0.015766,True
ba_000108.txt,19,48,5,0.003603,True
ba_000109.txt,27,72,8,0.01278,True
ba_000110.txt,30,81,7,0.014118,True
ba_000111.txt,15,26,3,0.001374,True
ba_000112.txt,35,96,9,0.025424,True
ba_000113.txt,24,44,3,0.006464,True
ba_000114.txt,18,32,3,0.001735,True
ba_000115.txt,35,66,7,0.014913,True
ba_000116.txt,31,84,7,0.01466,True
ba_000117.txt,27,72,8,0.011918,True
ba_000118.txt,16,28,2,0.001198,True
ba_000119.txt,23,60,7,0.00904,True
ba_000120.txt,16,39,4,0.002424,True
ba_000121.txt,17,30,3,0.001733,True
ba_000122.txt,24,63,7,0.010752,True
ba_000123.txt,17,30,3,0.002106,True
ba_000124.txt,25,66,6,0.014047,True
ba_000125.txt,31,58,4,0.009024,True
ba_000126.txt,30,81,8,0.017733,True
ba_000127.txt,18,32,3,0.002589,True
ba_000128.txt,16,28,3,0.001525,True
ba_000129.txt,31,58,6,0.013974,True
ba_000130.txt,21,54,4,0.004524,True
ba_000131.txt,28,75,8,0.013449,True
ba_000132.txt,20,51,5,0.005433,True
ba_000133.txt,16,28,3,0.001479,True
ba_000134.txt,27,50,4,0.00637,True
ba_000135.txt,23,42,4,0.006401,True
ba_000136.txt,15,26,3,0.001339,True
ba_000137.txt,29,54,5,0.01311,True
ba_000138.txt,22,57,8,0.013922,True
ba_000139.txt,16,39,5,0.002993,True
ba_000140.txt,28,52,4,0.006972,True
ba_000141.txt,27,50,4,0.010139,True
ba_000142.txt,34,64,6,0.010886,True
ba_000143.txt,18,32,4,0.002084,True
ba_000144.txt,25,46,4,0.005527,True
ba_000145.txt,24,44,5,0.005156,True
ba_000146.txt,26,48,6,0.006398,True
ba_000147.txt,21,54,6,0.00458,True
ba_000148.txt,30,56,5,0.008058,True
ba_000149.txt,26,69,7,0.010831,True
ba_000150.txt,27,50,5,0.007011,True
ba_000151.txt,24,44,4,0.004779,True
ba_000152.txt,26,48,5,0.007221,True
ba_000153.txt,32,87,11,0.019556,True
ba_000154.txt,28,75,7,0.014271,True
ba_000155.txt,16,28,4,0.002193,True
ba_000156.txt,19,48,5,0.004176,True
ba_000157.txt,21,38,4,0.002422,True
ba_000158.txt,27,72,7,0.013551,True
ba_000159.txt,18,32,4,0.00259,True
ba_000160.txt,20,51,5,0.003617,True
ba_000161.txt,34,64,6,0.012364,True
ba_000162.txt,20,36,3,0.002299,True
ba_000163.txt,22,57,6,0.007447,True
ba_000164.txt,21,54,5,0.004036,True
ba_000165.txt,32,60,5,0.009477,True
ba_000166.txt,35,96,9,0.021678,True
ba_000167.txt,28,52,5,0.009644,True
ba_000168.txt,29,78,7,0.014125,True
ba_000169.txt,18,45,6,0.003296,True
ba_000170.txt,19,48,6,0.00429,True
ba_000171.txt,16,28,3,0.001883,True
ba_000172.txt,25,46,6,0.007325,True
ba_000173.txt,30,81,6,0.014359,True
ba_000174.txt,26,69,8,0.012604,True
ba_000175.txt,20,51,6,0.003859,True
ba_000176.txt,31,84,8,0.021531,True
ba_000177.txt,33,90,8,0.018043,True
ba_000178.txt,22,57,5,0.007156,True
ba_000179.txt,33,62,5,0.01058,True
ba_000180.txt,30,81,8,0.020094,True
ba_000181.txt,26,48,4,0.005632,True
ba_000182.txt,22,40,4,0.004154,True
ba_000183.txt,31,84,8,0.018783,True
ba_000184.txt,32,87,7,0.015353,True
ba_000185.txt,16,39,4,0.002847,True
ba_000186.txt,22,40,4,0.004572,True
ba_000187.txt,27,72,7,0.011603,True
ba_000188.txt,25,66,5,0.010755,True
ba_000189.txt,17,42,4,0.002766,True
ba_000190.txt,28,75,8,0.012918,True
ba_000191.txt,31,84,9,0.01893,True
ba_000192.txt,33,90,8,0.018815,True
ba_000193.txt,30,81,9,0.017222,True
ba_000194.txt,33,62,4,0.009068,True
ba_000195.txt,23,60,7,0.008257,True
ba_000196.txt,24,63,5,0.008277,True
ba_000197.txt,29,78,8,0.01384,True
ba_000198.txt,19,34,3,0.002162,True
ba_000199.txt,17,42,5,0.003446,True
ba_000200.txt,22,40,5,0.004212,True
ba_000201.txt,25,66,5,0.010966,True
ba_000202.txt,22,57,8,0.008776,True
ba_000203.txt,28,75,8,0.014671,True
ba_000204.txt,20,36,4,0.002859,True
ba_000205.txt,27,50,5,0.006276,True
ba_000206.txt,24,44,4,0.006295,True
ba_000207.txt,28,52,3,0.007028,True
ba_000208.txt,18,32,2,0.002082,True
ba_000209.txt,18,45,6,0.003215,True
ba_000210.txt,26,69,7,0.012715,True
ba_000211.txt,26,48,4,0.005358,True
ba_000212.txt,35,66,6,0.012155,True
ba_000213.txt,30,81,7,0.016555,True
ba_000214.txt,22,40,4,0.003542,True
ba_000215.txt,16,39,5,0.002669,True
ba_000216.txt,29,78,9,0.020922,True
ba_000217.txt,27,72,7,0.016974,True
ba_000218.txt,30,56,5,0.012592,True
ba_000219.txt,27,50,4,0.00641,True
ba_000220.txt,15,36,5,0.003666,True
ba_000221.txt,32,60,6,0.012893,True
ba_000222.txt,34,64,6,0.011142,True
ba_000223.txt,28,52,6,0.008996,True
ba_000224.txt,18,45,5,0.004506,True
ba_000225.txt,18,45,5,0.002997,True
ba_000226.txt,26,48,5,0.006743,True
ba_000227.txt,33,90,9,0.024483,True
ba_000228.txt,29,78,8,0.022214,True
ba_000229.txt,19,34,3,0.002594,True
ba_000230.txt,23,60,5,0.009751,True
ba_000231.txt,33,62,6,0.011668,True
ba_000232.txt,35,96,9,0.02837,True
ba_000233.txt,31,84,8,0.019977,True
ba_000234.txt,29,78,7,0.016246,True
ba_000235.txt,24,63,7,0.013361,True
ba_000236.txt,17,30,3,0.001766,True
ba_000237.txt,28,52,6,0.009006,True
ba_000238.txt,30,81,8,0.018466,True
ba_000239.txt,27,50,6,0.008361,True
ba_000240.txt,35,96,10,0.028622,True
ba_000241.txt,25,46,5,0.005975,True
ba_000242.txt,32,87,8,0.019324,True
ba_000243.txt,18,45,4,0.00381,True
ba_000244.txt,22,40,4,0.006896,True
ba_000245.txt,24,63,7,0.011983,True
ba_000246.txt,28,75,6,0.015487,True
ba_000247.txt,18,32,4,0.001924,True
ba_000248.txt,26,48,4,0.006316,True
ba_000249.txt,31,84,8,0.017927,True
ba_000250.txt,30,56,5,0.009137,True
ba_000251.txt,20,51,6,0.005062,True
ba_000252.txt,34,64,5,0.010874,True
ba_000253.txt,21,54,6,0.005405,True
ba_000254.txt,20,51,6,0.006312,True
ba_000255.txt,35,66,5,0.009757,True
ba_000256.txt,28,75,7,0.017705,True
ba_000257.txt,20,36,3,0.002213,True
ba_000258.txt,28,75,7,0.017192,True
ba_000259.txt,25,66,7,0.01116,True
ba_000260.txt,34,93,9,0.030386,True
ba_000261.txt,31,58,4,0.009027,True
ba_000262.txt,34,93,9,0.021454,True
ba_000263.txt,20,51,6,0.004759,True
ba_000264.txt,32,87,9,0.022431,True
ba_000265.txt,31,84,8,0.01553,True
ba_000266.txt,26,48,5,0.006496,True
ba_000267.txt,25,46,3,0.006699,True
ba_000268.txt,35,66,6,0.009727,True
ba_000269.txt,15,26,3,0.001436,True
ba_000270.txt,21,54,6,0.004164,True
ba_000271.txt,33,62,6,0.011033,True
ba_000272.txt,33,62,5,0.011447,True
ba_000273.txt,21,38,3,0.002977,True
ba_000274.txt,19,48,6,0.004512,True
ba_000275.txt,25,46,4,0.005374,True
ba_000276.txt,16,28,3,0.001555,True
ba_000277.txt,32,60,3,0.007648,True
ba_000278.txt,34,93,9,0.020857,True
ba_000279.txt,16,39,5,0.002761,True
ba_000280.txt,22,40,4,0.005018,True
ba_000281.txt,18,45,5,0.003142,True
ba_000282.txt,28,75,7,0.016104,True
ba_000283.txt,33,62,6,0.008873,True
ba_000284.txt,33,62,5,0.012411,True
ba_000285.txt,24,44,4,0.007447,True
ba_000286.txt,18,45,6,0.004702,True
ba_000287.txt,31,84,8,0.020705,True
ba_000288.txt,19,34,4,0.002222,True
ba_000289.txt,29,54,5,0.008811,True
ba_000290.txt,15,36,5,0.002674,True
ba_000291.txt,25,46,5,0.012052,True
ba_000292.txt,21,54,6,0.007194,True
ba_000293.txt,18,45,5,0.004374,True
ba_000294.txt,18,32,3,0.002661,True
ba_000295.txt,16,39,5,0.003326,True
ba_000296.txt,24,63,6,0.010462,True
ba_000297.txt,22,57,6,0.008753,True
ba_000298.txt,33,62,6,0.010268,True
ba_000299.txt,34,93,9,0.02119,True
ba_000300.txt,17,42,5,0.003603,True
ba_000301.txt,15,36,4,0.002289,True
ba_000302.txt,34,64,5,0.011435,True
ba_000303.txt,28,75,8,0.01521,True
ba_000304.txt,30,81,9,0.016677,True
ba_000305.txt,23,60,7,0.010707,True
ba_000306.txt,28,75,8,0.015546,True
ba_000307.txt,34,64,6,0.010804,True
ba_000308.txt,15,26,3,0.001702,True
ba_000309.txt,34,64,6,0.010588,True
ba_000310.txt,16,28,4,0.001665,True
ba_000311.txt,29,78,7,0.015389,True
ba_000312.txt,30,56,4,0.008451,True
ba_000313.txt,31,84,8,0.015701,True
ba_000314.txt,23,60,7,0.008419,True
ba_000315.txt,30,56,5,0.008241,True
ba_000316.txt,31,84,9,0.021168,True
ba_000317.txt,24,63,6,0.010718,True
ba_000318.txt,32,60,5,0.009993,True
ba_000319.txt,35,66,5,0.011752,True
ba_000320.txt,23,42,4,0.004175,True
ba_000321.txt,32,87,10,0.018091,True
ba_000322.txt,27,72,8,0.011294,True
ba_000323.txt,19,48,5,0.003476,True
ba_000324.txt,19,34,4,0.002422,True
ba_000325.txt,23,42,4,0.008422,True
ba_000326.txt,34,93,9,0.020491,True
ba_000327.txt,20,36,3,0.002369,True
ba_000328.txt,33,90,10,0.023262,True
ba_000329.txt,27,72,8,0.013674,True
ba_000330.txt,34,64,5,0.009294,True
ba_000331.txt,24,44,5,0.005176,True
ba_000332.txt,23,60,5,0.007359,True
ba_000333.txt,35,96,8,0.019149,True
ba_000334.txt,28,75,7,0.013111,True
ba_000335.txt,31,84,9,0.020845,True
ba_000336.txt,21,38,2,0.002839,True
ba_000337.txt,20,51,5,0.003798,True
ba_000338.txt,22,40,4,0.00483,True
ba_000339.txt,31,58,6,0.01036,True
ba_000340.txt,19,34,3,0.001903,True
ba_000341.txt,34,93,9,0.023034,True
ba_000342.txt,23,60,5,0.007277,True
ba_000343.txt,15,36,4,0.00219,True
ba_000344.txt,32,60,6,0.011425,True
ba_000345.txt,18,45,4,0.003063,True
ba_000346.txt,23,60,7,0.00836,True
ba_000347.txt,27,72,8,0.013278,True
ba_000348.txt,23,42,5,0.004917,True
ba_000349.txt,23,42,4,0.004268,True
ba_000350.txt,31,84,8,0.017009,True
ba_000351.txt,20,36,4,0.002421,True
ba_000352.txt,28,52,4,0.008107,True
ba_000353.txt,23,42,4,0.005249,True
ba_000354.txt,29,78,9,0.015388,True
ba_000355.txt,28,75,6,0.012042,True
ba_000356.txt,20,51,6,0.003919,True
ba_000357.txt,32,87,8,0.018312,True
ba_000358.txt,18,32,3,0.001771,True
ba_000359.txt,31,84,7,0.015188,True
ba_000360.txt,18,45,5,0.002915,True
ba_000361.txt,31,84,9,0.016325,True
ba_000362.txt,23,60,5,0.007844,True
ba_000363.txt,15,26,3,0.001466,True
ba_000364.txt,29,54,4,0.006809,True
ba_000365.txt,23,42,4,0.004317,True
ba_000366.txt,17,42,6,0.003194,True
ba_000367.txt,34,64,7,0.011498,True
ba_000368.txt,34,64,5,0.009689,True
ba_000369.txt,15,26,3,0.001691,True
ba_000370.txt,17,42,4,0.002408,True
ba_000371.txt,33,90,10,0.018024,True
ba_000372.txt,15,26,3,0.001275,True
ba_000373.txt,29,54,5,0.007016,True
ba_000374.txt,31,84,9,0.016361,True
ba_000375.txt,32,87,9,0.018023,True
ba_000376.txt,33,90,8,0.018479,True
ba_000377.txt,21,54,5,0.003856,True
ba_000378.txt,29,78,8,0.013356,True
ba_000379.txt,25,66,9,0.01194,True
ba_000380.txt,16,39,4,0.00219,True
ba_000381.txt,25,66,7,0.010643,True
ba_000382.txt,21,38,4,0.002411,True
ba_000383.txt,16,39,5,0.002755,True
ba_000384.txt,27,50,5,0.007136,True
ba_000385.txt,32,60,4,0.008891,True
ba_000386.txt,25,46,4,0.005252,True
ba_000387.txt,31,84,8,0.017548,True
ba_000388.txt,20,36,4,0.002902,True
ba_000389.txt,35,96,9,0.019937,True
ba_000390.txt,20,36,3,0.002075,True
ba_000391.txt,33,90,8,0.018244,True
ba_000392.txt,31,58,4,0.008425,True
ba_000393.txt,23,60,6,0.007975,True
ba_000394.txt,16,39,4,0.002443,True
ba_000395.txt,31,58,5,0.008324,True
ba_000396.txt,23,42,4,0.004484,True
ba_000397.txt,20,51,6,0.004498,True
ba_000398.txt,34,93,9,0.021166,True
ba_000399.txt,16,39,5,0.002618,True
ba_000400.txt,34,93,8,0.018592,True
ba_000401.txt,21,54,6,0.004372,True
ba_000402.txt,34,64,6,0.009573,True
ba_000403.txt,31,58,5,0.008551,True
ba_000404.txt,29,54,4,0.006983,True
ba_000405.txt,18,32,4,0.001894,True
ba_000406.txt,31,84,9,0.01786,True
ba_000407.txt,29,54,6,0.007868,True
ba_000408.txt,23,60,6,0.009696,True
ba_000409.txt,27,50,4,0.006618,True
ba_000410.txt,17,42,5,0.002946,True
ba_000411.txt,32,87,9,0.018121,True
ba_000412.txt,32,60,5,0.008397,True
ba_000413.txt,21,54,6,0.004638,True
ba_000414.txt,31,84,10,0.017739,True
ba_000415.txt,29,54,5,0.008111,True
ba_000416.txt,17,30,2,0.001407,True
ba_000417.txt,34,64,5,0.01045,True
ba_000418.txt,16,39,5,0.003034,True
ba_000419.txt,22,40,4,0.00792,True
ba_000420.txt,21,54,6,0.006696,True
ba_000421.txt,18,32,3,0.001877,True
ba_000422.txt,33,90,9,0.029383,True
ba_000423.txt,34,93,8,0.019737,True
ba_000424.txt,23,42,4,0.004195,True
ba_000425.txt,30,56,7,0.008148,True
ba_000426.txt,15,26,3,0.001268,True
ba_000427.txt,28,75,7,0.012507,True
ba_000428.txt,28,75,7,0.013464,True
ba_000429.txt,32,87,10,0.01925,True
ba_000430.txt,17,42,6,0.003051,True
ba_000431.txt,34,64,4,0.010213,True
ba_000432.txt,32,87,8,0.018923,True
ba_000433.txt,28,52,5,0.008038,True
ba_000434.txt,28,75,8,0.016317,True
ba_000435.txt,35,96,8,0.021015,True
ba_000436.txt,21,54,6,0.00429,True
ba_000437.txt,17,30,4,0.002007,True
ba_000438.txt,26,69,7,0.012627,True
ba_000439.txt,32,60,3,0.008197,True
ba_000440.txt,18,45,5,0.003124,True
ba_000441.txt,25,46,4,0.005124,True
ba_000442.txt,33,90,10,0.020654,True
ba_000443.txt,30,81,7,0.01376,True
ba_000444.txt,23,42,4,0.004216,True
ba_000445.txt,20,36,4,0.002238,True
ba_000446.txt,31,58,7,0.008828,True
ba_000447.txt,33,62,5,0.010531,True
ba_000448.txt,21,38,4,0.002847,True
ba_000449.txt,23,42,4,0.004481,True
ba_000450.txt,23,42,3,0.003888,True
ba_000451.txt,25,46,4,0.006184,True
ba_000452.txt,25,66,6,0.01141,True
ba_000453.txt,34,93,10,0.026759,True
ba_000454.txt,17,30,3,0.001598,True
ba_000455.txt,26,48,4,0.00654,True
ba_000456.txt,35,66,6,0.010848,True
ba_000457.txt,33,62,5,0.009905,True
ba_000458.txt,22,57,7,0.008658,True
ba_000459.txt,15,36,4,0.002199,True
ba_000460.txt,21,54,4,0.003823,True
ba_000461.txt,33,90,8,0.020285,True
ba_000462.txt,34,93,8,0.01762,True
ba_000463.txt,20,51,6,0.004981,True
ba_000464.txt,25,46,3,0.005583,True
ba_000465.txt,30,56,4,0.007043,True
ba_000466.txt,31,58,5,0.007694,True
ba_000467.txt,22,40,4,0.004106,True
ba_000468.txt,28,52,5,0.006968,True
ba_000469.txt,27,50,4,0.006188,True
ba_000470.txt,23,60,6,0.007996,True
ba_000471.txt,28,52,4,0.006846,True
ba_000472.txt,18,45,5,0.002987,True
ba_000473.txt,30,81,8,0.016061,True
ba_000474.txt,17,30,3,0.001578,True
ba_000475.txt,29,78,8,0.015642,True
ba_000476.txt,30,56,6,0.008431,True
ba_000477.txt,34,93,8,0.019503,True
ba_000478.txt,16,28,4,0.001617,True
ba_000479.txt,22,57,6,0.008123,True
ba_000480.txt,27,72,8,0.011116,True
ba_000481.txt,16,39,5,0.00243,True
ba_000482.txt,22,57,6,0.007011,True
ba_000483.txt,25,66,7,0.010068,True
ba_000484.txt,31,84,8,0.015455,True
ba_000485.txt,22,57,5,0.007299,True
ba_000486.txt,21,38,5,0.002652,True
ba_000487.txt,28,52,4,0.005798,True
ba_000488.txt,21,54,5,0.003973,True
ba_000489.txt,15,36,4,0.002244,True
ba_000490.txt,24,63,7,0.012206,True
ba_000491.txt,25,46,4,0.006107,True
ba_000492.txt,31,58,5,0.008636,True
ba_000493.txt,24,63,7,0.009959,True
ba_000494.txt,23,60,7,0.00927,True
ba_000495.txt,20,51,4,0.003353,True
ba_000496.txt,25,46,5,0.006063,True
ba_000497.txt,26,48,3,0.004947,True
ba_000498.txt,15,36,5,0.002347,True
ba_000499.txt,27,72,8,0.012955,True
ba_000500.txt,30,56,4,0.007302,True
ba_000501.txt,29,54,5,0.006983,True
ba_000502.txt,21,38,3,0.002512,True
ba_000503.txt,33,90,10,0.026462,True
ba_000504.txt,35,96,9,0.020803,True
ba_000505.txt,17,30,3,0.001577,True
ba_000506.txt,16,28,3,0.001463,True
ba_000507.txt,27,72,8,0.013184,True
ba_000508.txt,23,42,4,0.004711,True
ba_000509.txt,35,96,10,0.021191,True
ba_000510.txt,17,42,5,0.002723,True
ba_000511.txt,29,78,7,0.012322,True
ba_000512.txt,33,90,9,0.018131,True
ba_000513.txt,33,62,5,0.008945,True
ba_000514.txt,18,32,4,0.002053,True
ba_000515.txt,33,90,7,0.017487,True
ba_000516.txt,31,84,8,0.017391,True
ba_000517.txt,18,32,3,0.0018,True
ba_000518.txt,30,81,8,0.014332,True
ba_000519.txt,33,90,8,0.016646,True
ba_000520.txt,31,58,5,0.008584,True
ba_000521.txt,18,32,4,0.001865,True
ba_000522.txt,35,96,10,0.020201,True
ba_000523.txt,22,40,5,0.004031,True
ba_000524.txt,28,52,4,0.005692,True
ba_000525.txt,28,52,4,0.006623,True
ba_000526.txt,22,57,6,0.007563,True
ba_000527.txt,17,42,6,0.003231,True
ba_000528.txt,26,69,8,0.013102,True
ba_000529.txt,28,75,7,0.012776,True
ba_000530.txt,23,42,4,0.004136,True
ba_000531.txt,32,60,4,0.00898,True
ba_000532.txt,28,75,7,0.01234,True
ba_000533.txt,23,42,3,0.003641,True
ba_000534.txt,24,44,5,0.00551,True
ba_000535.txt,28,75,7,0.013835,True
ba_000536.txt,34,93,10,0.018992,True
ba_000537.txt,19,48,6,0.004221,True
ba_000538.txt,22,40,3,0.004069,True
ba_000539.txt,19,48,4,0.003191,True
ba_000540.txt,26,48,3,0.005316,True
ba_000541.txt,22,57,6,0.008102,True
ba_000542.txt,28,52,5,0.007776,True
ba_000543.txt,25,66,7,0.011592,True
ba_000544.txt,21,38,2,0.002053,True
ba_000545.txt,20,36,3,0.003326,True
ba_000546.txt,33,90,8,0.018524,True
ba_000547.txt,19,34,4,0.002121,True
ba_000548.txt,17,30,3,0.001564,True
ba_000549.txt,25,46,5,0.005901,True
ba_000550.txt,24,63,7,0.009748,True
ba_000551.txt,27,72,7,0.013124,True
ba_000552.txt,26,48,4,0.005758,True
ba_000553.txt,26,48,3,0.00556,True
ba_000554.txt,33,90,7,0.017396,True
ba_000555.txt,32,87,8,0.017176,True
ba_000556.txt,23,42,4,0.004259,True
ba_000557.txt,35,66,7,0.010985,True
ba_000558.txt,25,46,3,0.00482,True
ba_000559.txt,16,39,4,0.002348,True
ba_000560.txt,29,78,8,0.017188,True
ba_000561.txt,16,39,6,0.002747,True
ba_000562.txt,22,40,4,0.004239,True
ba_000563.txt,35,96,10,0.021065,True
ba_000564.txt,30,56,6,0.008959,True
ba_000565.txt,25,46,5,0.005899,True
ba_000566.txt,35,96,9,0.020607,True
ba_000567.txt,21,54,6,0.004595,True
ba_000568.txt,16,39,4,0.002899,True
ba_000569.txt,28,75,7,0.012286,True
ba_000570.txt,15,36,4,0.001971,True
ba_000571.txt,35,66,5,0.010366,True
ba_000572.txt,31,84,7,0.016734,True
ba_000573.txt,26,48,4,0.005775,True
ba_000574.txt,24,44,5,0.00497,True
ba_000575.txt,21,54,7,0.005235,True
ba_000576.txt,35,66,4,0.008735,True
ba_000577.txt,19,34,3,0.001975,True
ba_000578.txt,33,62,4,0.007804,True
ba_000579.txt,31,84,8,0.016388,True
ba_000580.txt,28,75,8,0.013219,True
ba_000581.txt,21,38,3,0.002322,True
ba_000582.txt,18,32,4,0.002343,True
ba_000583.txt,28,75,7,0.012452,True
ba_000584.txt,21,38,4,0.002577,True
ba_000585.txt,32,60,6,0.008328,True
ba_000586.txt,33,90,9,0.01875,True
ba_000587.txt,17,30,3,0.0016,True
ba_000588.txt,30,81,7,0.013418,True
ba_000589.txt,26,69,7,0.012117,True
ba_000590.txt,23,60,7,0.008928,True
ba_000591.txt,16,39,5,0.002498,True
ba_000592.txt,20,36,4,0.002329,True
ba_000593.txt,30,81,6,0.012546,True
ba_000594.txt,21,38,3,0.00234,True
ba_000595.txt,29,78,8,0.014183,True
ba_000596.txt,27,72,8,0.012005,True
ba_000597.txt,35,66,6,0.011746,True
ba_000598.txt,32,87,7,0.016302,True
ba_000599.txt,31,58,4,0.008042,True
ba_000600.txt,25,66,6,0.011251,True
ba_000601.txt,31,58,4,0.007441,True
ba_000602.txt,28,75,7,0.013655,True
ba_000603.txt,18,45,6,0.003558,True
ba_000604.txt,30,56,4,0.007047,True
ba_000605.txt,32,87,9,0.018567,True
ba_000606.txt,33,90,8,0.022423,True
ba_000607.txt,30,56,6,0.008803,True
ba_000608.txt,24,63,5,0.008506,True
ba_000609.txt,35,96,10,0.021877,True
ba_000610.txt,24,63,8,0.009635,True
ba_000611.txt,29,78,9,0.016371,True
ba_000612.txt,34,93,9,0.023396,True
ba_000613.txt,32,60,6,0.009545,True
ba_000614.txt,25,66,5,0.009419,True
ba_000615.txt,25,46,3,0.005227,True
ba_000616.txt,34,93,9,0.021931,True
ba_000617.txt,34,64,5,0.01259,True
ba_000618.txt,33,90,8,0.019266,True
ba_000619.txt,16,28,3,0.001422,True
ba_000620.txt,24,63,6,0.009016,True
ba_000621.txt,31,84,7,0.016363,True
ba_000622.txt,30,81,9,0.017482,True
ba_000623.txt,34,64,4,0.009645,True
ba_000624.txt,15,36,5,0.002502,True
ba_000625.txt,30,81,9,0.0163,True
ba_000626.txt,24,44,6,0.005764,True
ba_000627.txt,24,44,5,0.00564,True
ba_000628.txt,33,90,10,0.021505,True
ba_000629.txt,16,39,5,0.002582,True
ba_000630.txt,20,36,3,0.00231,True
ba_000631.txt,30,56,5,0.008148,True
ba_000632.txt,32,87,8,0.019797,True
ba_000633.txt,34,64,4,0.011567,True
ba_000634.txt,21,54,6,0.004238,True
ba_000635.txt,24,44,4,0.004772,True
ba_000636.txt,15,36,4,0.002264,True
ba_000637.txt,24,63,7,0.009773,True
ba_000638.txt,17,42,4,0.002348,True
ba_000639.txt,18,32,4,0.002091,True
ba_000640.txt,23,60,8,0.008878,True
ba_000641.txt,29,78,8,0.013644,True
ba_000642.txt,16,39,4,0.002422,True
ba_000643.txt,19,34,3,0.00206,True
ba_000644.txt,33,62,5,0.010715,True
ba_000645.txt,22,57,6,0.008437,True
ba_000646.txt,15,26,2,0.001118,True
ba_000647.txt,31,58,4,0.008539,True
ba_000648.txt,34,93,10,0.02136,True
ba_000649.txt,28,75,7,0.01305,True
ba_000650.txt,21,54,6,0.004361,True
ba_000651.txt,26,69,7,0.012353,True
ba_000652.txt,26,48,4,0.006779,True
ba_000653.txt,35,96,9,0.019748,True
ba_000654.txt,15,36,5,0.00246,True
ba_000655.txt,19,48,5,0.003607,True
ba_000656.txt,20,51,5,0.003803,True
ba_000657.txt,27,72,8,0.012918,True
ba_000658.txt,15,26,3,0.001355,True
ba_000659.txt,29,54,5,0.008504,True
ba_000660.txt,27,72,8,0.012425,True
ba_000661.txt,23,60,6,0.008298,True
ba_000662.txt,34,93,9,0.020002,True
ba_000663.txt,23,60,7,0.008294,True
ba_000664.txt,33,62,6,0.00926,True
ba_000665.txt,34,64,4,0.010633,True
ba_000666.txt,19,34,4,0.002042,True
ba_000667.txt,27,72,6,0.010176,True
ba_000668.txt,17,30,3,0.001648,True
ba_000669.txt,31,84,8,0.016148,True
ba_000670.txt,25,46,4,0.005612,True
ba_000671.txt,35,96,7,0.018256,True
ba_000672.txt,21,54,5,0.003912,True
ba_000673.txt,35,96,9,0.018166,True
ba_000674.txt,16,39,4,0.002451,True
ba_000675.txt,30,81,9,0.015472,True
ba_000676.txt,26,48,5,0.00649,True
ba_000677.txt,18,32,3,0.001763,True
ba_000678.txt,28,75,7,0.012496,True
ba_000679.txt,30,56,4,0.006861,True
ba_000680.txt,21,38,5,0.002743,True
ba_000681.txt,27,50,4,0.005727,True
ba_000682.txt,16,39,4,0.002244,True
ba_000683.txt,34,64,6,0.01047,True
ba_000684.txt,24,44,5,0.005127,True
ba_000685.txt,27,72,9,0.013031,True
ba_000686.txt,32,87,9,0.018773,True
ba_000687.txt,15,26,2,0.001253,True
ba_000688.txt,30,81,9,0.017518,True
ba_000689.txt,28,75,7,0.011693,True
ba_000690.txt,35,66,5,0.009082,True
ba_000691.txt,32,60,5,0.008278,True
ba_000692.txt,31,58,5,0.008103,True
ba_000693.txt,15,26,3,0.001362,True
ba_000694.txt,23,42,3,0.004973,True
ba_000695.txt,26,69,5,0.010366,True
ba_000696.txt,21,38,3,0.002334,True
ba_000697.txt,25,46,5,0.005856,True
ba_000698.txt,28,52,5,0.009654,True
ba_000699.txt,33,62,5,0.010843,True
ba_000700.txt,34,93,10,0.019376,True
ba_000701.txt,17,30,3,0.001668,True
ba_000702.txt,33,62,5,0.011421,True
ba_000703.txt,26,69,6,0.013464,True
ba_000704.txt,20,36,3,0.002265,True
ba_000705.txt,19,48,6,0.0037,True
ba_000706.txt,20,36,3,0.002196,True
ba_000707.txt,19,48,5,0.003911,True
ba_000708.txt,20,51,5,0.004717,True
ba_000709.txt,17,42,6,0.003122,True
ba_000710.txt,17,30,3,0.00151,True
ba_000711.txt,29,78,7,0.015647,True
ba_000712.txt,18,32,3,0.001833,True
ba_000713.txt,34,93,8,0.023068,True
ba_000714.txt,21,54,6,0.004855,True
ba_000715.txt,32,87,10,0.02393,True
ba_000716.txt,26,69,6,0.012372,True
ba_000717.txt,17,30,3,0.001713,True
ba_000718.txt,32,87,7,0.018167,True
ba_000719.txt,22,40,4,0.004037,True
ba_000720.txt,19,48,6,0.003839,True
ba_000721.txt,18,32,3,0.001751,True
ba_000722.txt,33,90,9,0.023213,True
ba_000723.txt,15,36,3,0.002296,True
ba_000724.txt,18,32,4,0.002064,True
ba_000725.txt,33,90,9,0.022457,True
ba_000726.txt,16,28,3,0.0018,True
ba_000727.txt,30,56,4,0.006505,True
ba_000728.txt,15,36,5,0.002175,True
ba_000729.txt,32,87,10,0.020885,True
ba_000730.txt,28,75,8,0.013645,True
ba_000731.txt,24,63,7,0.010201,True
ba_000732.txt,23,42,4,0.004572,True
ba_000733.txt,16,28,3,0.001462,True
ba_000734.txt,21,38,4,0.002374,True
ba_000735.txt,33,90,10,0.020578,True
ba_000736.txt,34,93,9,0.020516,True
ba_000737.txt,28,75,8,0.013669,True
ba_000738.txt,23,42,4,0.004615,True
ba_000739.txt,34,93,10,0.022414,True
ba_000740.txt,19,34,3,0.002083,True
ba_000741.txt,20,51,6,0.004085,True
ba_000742.txt,18,45,3,0.002629,True
ba_000743.txt,19,48,6,0.004137,True
ba_000744.txt,24,44,5,0.005555,True
ba_000745.txt,32,87,8,0.019851,True
ba_000746.txt,18,45,5,0.003597,True
ba_000747.txt,35,96,8,0.0226,True
ba_000748.txt,17,30,3,0.00184,True
ba_000749.txt,30,56,6,0.009194,True
ba_000750.txt,22,40,4,0.00454,True
ba_000751.txt,33,62,6,0.010504,True
ba_000752.txt,16,39,5,0.00265,True
ba_000753.txt,31,84,9,0.017514,True
ba_000754.txt,27,72,8,0.012075,True
ba_000755.txt,27,72,7,0.011983,True
ba_000756.txt,27,50,3,0.005259,True
ba_000757.txt,25,46,4,0.005183,True
ba_000758.txt,15,26,3,0.001274,True
ba_000759.txt,22,57,6,0.006852,True
ba_000760.txt,34,64,5,0.00933,True
ba_000761.txt,33,62,5,0.009181,True
ba_000762.txt,33,62,4,0.008799,True
ba_000763.txt,29,78,8,0.014049,True
ba_000764.txt,33,62,5,0.008465,True
ba_000765.txt,34,93,8,0.019513,True
ba_000766.txt,16,28,3,0.002612,True
ba_000767.txt,21,38,4,0.002733,True
ba_000768.txt,22,57,6,0.00769,True
ba_000769.txt,26,48,4,0.005888,True
ba_000770.txt,32,60,5,0.01076,True
ba_000771.txt,19,48,6,0.003865,True
ba_000772.txt,23,60,8,0.009028,True
ba_000773.txt,25,66,7,0.010264,True
ba_000774.txt,30,56,4,0.007307,True
ba_000775.txt,16,39,5,0.002551,True
ba_000776.txt,26,48,5,0.006052,True
ba_000777.txt,20,51,7,0.004574,True
ba_000778.txt,23,42,4,0.004244,True
ba_000779.txt,20,36,4,0.002549,True
ba_000780.txt,30,56,3,0.009209,True
ba_000781.txt,26,48,4,0.005727,True
ba_000782.txt,30,81,7,0.014645,True
ba_000783.txt,18,32,3,0.001821,True
ba_000784.txt,26,69,8,0.013646,True
ba_000785.txt,15,36,4,0.002244,True
ba_000786.txt,19,34,4,0.002106,True
ba_000787.txt,29,78,7,0.014011,True
ba_000788.txt,27,50,3,0.005069,True
ba_000789.txt,23,42,4,0.004768,True
ba_000790.txt,20,51,5,0.004027,True
ba_000791.txt,20,36,3,0.002254,True
ba_000792.txt,19,34,3,0.001969,True
ba_000793.txt,17,30,4,0.001865,True
ba_000794.txt,28,75,7,0.014969,True
ba_000795.txt,35,66,4,0.009699,True
ba_000796.txt,32,60,5,0.007692,True
ba_000797.txt,30,56,5,0.008082,True
ba_000798.txt,18,45,6,0.003576,True
ba_000799.txt,23,42,4,0.004454,True
ba_000800.txt,16,39,4,0.002425,True
ba_000801.txt,19,48,6,0.003527,True
ba_000802.txt,22,57,6,0.008329,True
ba_000803.txt,23,60,7,0.0086,True
ba_000804.txt,28,75,6,0.015143,True
ba_000805.txt,31,58,5,0.00836,True
ba_000806.txt,23,42,3,0.004108,True
ba_000807.txt,19,48,5,0.003943,True
ba_000808.txt,32,87,8,0.017889,True
ba_000809.txt,35,96,9,0.022651,True
ba_000810.txt,23,60,7,0.008184,True
ba_000811.txt,28,75,7,0.014878,True
ba_000812.txt,24,63,7,0.010892,True
ba_000813.txt,35,96,10,0.021453,True
ba_000814.txt,24,63,6,0.008315,True
ba_000815.txt,15,26,2,0.001206,True
ba_000816.txt,25,66,6,0.010562,True
ba_000817.txt,24,63,7,0.009846,True
ba_000818.txt,35,66,6,0.010811,True
ba_000819.txt,26,69,6,0.010169,True
ba_000820.txt,26,69,6,0.0098,True
ba_000821.txt,18,32,3,0.001736,True
ba_000822.txt,17,30,3,0.001578,True
ba_000823.txt,20,36,3,0.002308,True
ba_000824.txt,35,66,5,0.009752,True
ba_000825.txt,22,57,6,0.008188,True
ba_000826.txt,22,57,6,0.007268,True
ba_000827.txt,18,45,5,0.003302,True
ba_000828.txt,31,58,5,0.00816,True
ba_000829.txt,19,34,3,0.001946,True
ba_000830.txt,35,96,9,0.024955,True
ba_000831.txt,32,87,8,0.017014,True
ba_000832.txt,27,50,4,0.005841,True
ba_000833.txt,29,54,5,0.007166,True
ba_000834.txt,23,42,4,0.004637,True
ba_000835.txt,29,78,8,0.014416,True
ba_000836.txt,31,84,8,0.019336,True
ba_000837.txt,22,57,7,0.009862,True
ba_000838.txt,22,57,7,0.008143,True
ba_000839.txt,33,90,9,0.020369,True
ba_000840.txt,15,26,3,0.001327,True
ba_000841.txt,32,87,9,0.019425,True
ba_000842.txt,17,30,3,0.001762,True
ba_000843.txt,17,30,3,0.001584,True
ba_000844.txt,30,81,6,0.014248,True
ba_000845.txt,24,44,3,0.003773,True
ba_000846.txt,22,40,3,0.004019,True
ba_000847.txt,30,56,5,0.007785,True
ba_000848.txt,29,78,5,0.011484,True
ba_000849.txt,33,90,8,0.019314,True
ba_000850.txt,18,32,3,0.001779,True
ba_000851.txt,23,60,6,0.007837,True
ba_000852.txt,23,42,4,0.004243,True
ba_000853.txt,23,42,4,0.004225,True
ba_000854.txt,19,48,5,0.003187,True
ba_000855.txt,15,26,2,0.001157,True
ba_000856.txt,20,51,4,0.003834,True
ba_000857.txt,25,46,5,0.00549,True
ba_000858.txt,33,62,4,0.008615,True
ba_000859.txt,19,34,3,0.001897,True
ba_000860.txt,25,46,4,0.004945,True
ba_000861.txt,22,40,4,0.003729,True
ba_000862.txt,32,60,4,0.009551,True
ba_000863.txt,19,34,3,0.001812,True
ba_000864.txt,15,36,5,0.002111,True
ba_000865.txt,24,63,6,0.00877,True
ba_000866.txt,26,69,8,0.013039,True
ba_000867.txt,21,38,4,0.002475,True
ba_000868.txt,17,30,3,0.001565,True
ba_000869.txt,30,81,7,0.014846,True
ba_000870.txt,31,84,7,0.020698,True
ba_000871.txt,16,28,3,0.001544,True
ba_000872.txt,28,75,8,0.012724,True
ba_000873.txt,35,66,5,0.009642,True
ba_000874.txt,16,28,3,0.001462,True
ba_000875.txt,32,87,8,0.017982,True
ba_000876.txt,35,66,6,0.011383,True
ba_000877.txt,33,62,6,0.010448,True
ba_000878.txt,25,66,8,0.011719,True
ba_000879.txt,20,51,5,0.004073,True
ba_000880.txt,28,75,7,0.011136,True
ba_000881.txt,17,30,3,0.00162,True
ba_000882.txt,35,66,6,0.009631,True
ba_000883.txt,19,34,4,0.002178,True
ba_000884.txt,23,60,5,0.007218,True
ba_000885.txt,29,78,9,0.014393,True
ba_000886.txt,18,45,5,0.004419,True
ba_000887.txt,33,90,10,0.019755,True
ba_000888.txt,32,87,7,0.015608,True
ba_000889.txt,35,66,4,0.008543,True
ba_000890.txt,30,81,8,0.015234,True
ba_000891.txt,24,44,4,0.005622,True
ba_000892.txt,23,42,4,0.004629,True
ba_000893.txt,23,60,6,0.008136,True
ba_000894.txt,20,51,5,0.003965,True
ba_000895.txt,35,66,6,0.010383,True
ba_000896.txt,28,75,10,0.013546,True
ba_000897.txt,25,46,4,0.006459,True
ba_000898.txt,20,36,4,0.002465,True
ba_000899.txt,19,34,2,0.001809,True
ba_000900.txt,16,39,5,0.002669,True
ba_000901.txt,25,66,6,0.010635,True
ba_000902.txt,27,72,7,0.011867,True
ba_000903.txt,27,72,7,0.012368,True
ba_000904.txt,19,34,3,0.002043,True
ba_000905.txt,33,90,9,0.018789,True
ba_000906.txt,23,60,6,0.008602,True
ba_000907.txt,19,34,3,0.002307,True
ba_000908.txt,35,66,3,0.007787,True
ba_000909.txt,16,39,5,0.002639,True
ba_000910.txt,18,32,4,0.001897,True
ba_000911.txt,34,93,8,0.019429,True
ba_000912.txt,18,45,6,0.004699,True
ba_000913.txt,34,64,5,0.009944,True
ba_000914.txt,31,84,9,0.017087,True
ba_000915.txt,24,63,7,0.009919,True
ba_000916.txt,18,32,3,0.001557,True
ba_000917.txt,20,51,6,0.004133,True
ba_000918.txt,29,54,5,0.007436,True
ba_000919.txt,34,93,8,0.021653,True
ba_000920.txt,32,60,5,0.009178,True
ba_000921.txt,29,78,7,0.012947,True
ba_000922.txt,34,64,5,0.009952,True
ba_000923.txt,35,96,11,0.030408,True
ba_000924.txt,33,62,6,0.014217,True
ba_000925.txt,21,38,3,0.002133,True
ba_000926.txt,18,45,6,0.003619,True
ba_000927.txt,30,56,4,0.007205,True
ba_000928.txt,31,84,7,0.017397,True
ba_000929.txt,29,54,4,0.007263,True
ba_000930.txt,33,62,5,0.008893,True
ba_000931.txt,15,36,5,0.002314,True
ba_000932.txt,28,75,8,0.013968,True
ba_000933.txt,29,78,7,0.013879,True
ba_000934.txt,25,46,5,0.005443,True
ba_000935.txt,24,44,4,0.005158,True
ba_000936.txt,27,72,8,0.012191,True
ba_000937.txt,30,81,9,0.016035,True
ba_000938.txt,32,87,7,0.016557,True
ba_000939.txt,16,39,4,0.002338,True
ba_000940.txt,21,38,4,0.002543,True
ba_000941.txt,26,48,3,0.005357,True
ba_000942.txt,32,87,8,0.017726,True
ba_000943.txt,19,34,3,0.001914,True
ba_000944.txt,22,40,4,0.00436,True
ba_000945.txt,26,69,6,0.010868,True
ba_000946.txt,34,93,7,0.02117,True
ba_000947.txt,18,45,5,0.003207,True
ba_000948.txt,15,26,3,0.00144,True
ba_000949.txt,21,54,6,0.004655,True
ba_000950.txt,17,30,3,0.001625,True
ba_000951.txt,23,60,6,0.009589,True
ba_000952.txt,30,81,8,0.014891,True
ba_000953.txt,18,32,3,0.001639,True
ba_000954.txt,22,40,4,0.003831,True
ba_000955.txt,15,36,3,0.001958,True
ba_000956.txt,22,40,3,0.004087,True
ba_000957.txt,28,75,8,0.013659,True
ba_000958.txt,18,45,5,0.003211,True
ba_000959.txt,17,30,3,0.001628,True
ba_000960.txt,33,62,6,0.011319,True
ba_000961.txt,31,58,6,0.00844,True
ba_000962.txt,27,72,7,0.012504,True
ba_000963.txt,33,62,4,0.009111,True
ba_000964.txt,19,34,3,0.002006,True
ba_000965.txt,15,36,5,0.002573,True
ba_000966.txt,28,52,4,0.005989,True
ba_000967.txt,24,63,6,0.009114,True
ba_000968.txt,30,81,8,0.017434,True
ba_000969.txt,25,46,5,0.005834,True
ba_000970.txt,28,75,7,0.013289,True
ba_000971.txt,20,51,6,0.00397,True
ba_000972.txt,24,63,8,0.009912,True
ba_000973.txt,19,34,3,0.002137,True
ba_000974.txt,26,48,5,0.006705,True
ba_000975.txt,20,36,4,0.002336,True
ba_000976.txt,16,28,3,0.001472,True
ba_000977.txt,33,62,5,0.008713,True
ba_000978.txt,26,69,7,0.011212,True
ba_000979.txt,24,63,8,0.010656,True
ba_000980.txt,35,96,9,0.019556,True
ba_000981.txt,16,39,4,0.002236,True
ba_000982.txt,17,30,4,0.001845,True
ba_000983.txt,23,60,5,0.008607,True
ba_000984.txt,18,45,4,0.002807,True
ba_000985.txt,31,58,4,0.008096,True
ba_000986.txt,24,44,3,0.003768,True
ba_000987.txt,24,63,7,0.010186,True
ba_000988.txt,22,57,7,0.008708,True
ba_000989.txt,34,64,6,0.015044,True
ba_000990.txt,16,39,6,0.002707,True
ba_000991.txt,19,48,5,0.003615,True
ba_000992.txt,33,90,9,0.020329,True
ba_000993.txt,30,56,5,0.008108,True
ba_000994.txt,26,48,5,0.005678,True
ba_000995.txt,22,40,3,0.003526,True
ba_000996.txt,31,84,7,0.015937,True
ba_000997.txt,24,44,4,0.004499,True
ba_000998.txt,23,60,5,0.007474,True
ba_000999.txt,34,64,6,0.010565,True
ba_001000.txt,19,34,4,0.002174,True
ba_001001.txt,33,62,5,0.009587,True
ba_001002.txt,26,48,4,0.005411,True
ba_001003.txt,35,66,5,0.008619,True
ba_001004.txt,22,40,3,0.00352,True
ba_001005.txt,34,64,5,0.009646,True
ba_001006.txt,26,48,5,0.007265,True
ba_001007.txt,30,81,8,0.014517,True
ba_001008.txt,15,26,3,0.001808,True
ba_001009.txt,25,46,4,0.005846,True
ba_001010.txt,31,58,5,0.009293,True
ba_001011.txt,33,90,8,0.016789,True
ba_001012.txt,26,48,4,0.005584,True
ba_001013.txt,35,96,7,0.017773,True
ba_001014.txt,33,62,5,0.010661,True
ba_001015.txt,18,45,6,0.003314,True
ba_001016.txt,27,72,9,0.013415,True
ba_001017.txt,27,50,5,0.007173,True
ba_001018.txt,22,57,7,0.008499,True
ba_001019.txt,30,81,8,0.014601,True
ba_001020.txt,35,96,8,0.018759,True
ba_001021.txt,26,69,8,0.012327,True
ba_001022.txt,34,93,9,0.018977,True
ba_001023.txt,32,87,8,0.01972,True
ba_001024.txt,17,30,2,0.001488,True
ba_001025.txt,23,60,7,0.009073,True
ba_001026.txt,20,36,3,0.002093,True
ba_001027.txt,15,26,3,0.001313,True
ba_001028.txt,22,40,4,0.003478,True
ba_001029.txt,29,54,3,0.006155,True
ba_001030.txt,34,64,7,0.011135,True
ba_001031.txt,27,50,4,0.005816,True
ba_001032.txt,15,26,3,0.001321,True
ba_001033.txt,16,28,4,0.001635,True
ba_001034.txt,33,62,6,0.010541,True
ba_001035.txt,21,38,4,0.002987,True
ba_001036.txt,23,60,4,0.007616,True
ba_001037.txt,19,34,3,0.001979,True
ba_001038.txt,15,26,2,0.001212,True
ba_001039.txt,26,48,5,0.00739,True
ba_001040.txt,29,78,9,0.015071,True
ba_001041.txt,28,75,6,0.013849,True
ba_001042.txt,29,54,4,0.007111,True
ba_001043.txt,24,44,4,0.004782,True
ba_001044.txt,20,36,3,0.002032,True
ba_001045.txt,19,48,6,0.004114,True
ba_001046.txt,19,34,4,0.002317,True
ba_001047.txt,26,48,3,0.004824,True
ba_001048.txt,16,39,4,0.00243,True
ba_001049.txt,17,30,4,0.001719,True
ba_001050.txt,16,39,4,0.002431,True
ba_001051.txt,24,63,7,0.009393,True
ba_001052.txt,30,56,5,0.007104,True
ba_001053.txt,35,66,6,0.010035,True
ba_001054.txt,25,66,5,0.008866,True
ba_001055.txt,26,48,5,0.005954,True
ba_001056.txt,17,42,6,0.002886,True
ba_001057.txt,25,66,7,0.010673,True
ba_001058.txt,31,58,5,0.008016,True
ba_001059.txt,19,34,4,0.002081,True
ba_001060.txt,30,56,5,0.00816,True
ba_001061.txt,27,72,5,0.010128,True
ba_001062.txt,19,48,6,0.004113,True
ba_001063.txt,34,93,11,0.022223,True
ba_001064.txt,29,54,5,0.00698,True
ba_001065.txt,25,46,4,0.004623,True
ba_001066.txt,32,60,5,0.008775,True
ba_001067.txt,23,42,4,0.004125,True
ba_001068.txt,30,81,8,0.014241,True
ba_001069.txt,21,54,6,0.005232,True
ba_001070.txt,35,66,6,0.010541,True
ba_001071.txt,20,36,4,0.002249,True
ba_001072.txt,21,54,7,0.004624,True
ba_001073.txt,26,69,7,0.013012,True
ba_001074.txt,16,28,3,0.001565,True
ba_001075.txt,24,63,6,0.009153,True
ba_001076.txt,16,39,6,0.003477,True
ba_001077.txt,28,75,7,0.013108,True
ba_001078.txt,28,52,4,0.006481,True
ba_001079.txt,22,40,4,0.004264,True
ba_001080.txt,18,32,3,0.001715,True
ba_001081.txt,24,63,6,0.010072,True
ba_001082.txt,31,58,5,0.008763,True
ba_001083.txt,20,36,4,0.002517,True
ba_001084.txt,15,26,2,0.001166,True
ba_001085.txt,22,40,4,0.005113,True
ba_001086.txt,30,56,5,0.007618,True
ba_001087.txt,27,50,4,0.006253,True
ba_001088.txt,31,58,6,0.007748,True
ba_001089.txt,31,58,5,0.01024,True
ba_001090.txt,16,39,5,0.002462,True
ba_001091.txt,20,36,4,0.002464,True
ba_001092.txt,25,46,3,0.004804,True
ba_001093.txt,25,66,7,0.010353,True
ba_001094.txt,20,36,3,0.002242,True
ba_001095.txt,30,56,5,0.0077,True
ba_001096.txt,15,36,5,0.002453,True
ba_001097.txt,28,52,5,0.006529,True
ba_001098.txt,31,58,4,0.006938,True
ba_001099.txt,25,46,5,0.005408,True
ba_001100.txt,20,51,6,0.004093,True
ba_001101.txt,19,48,5,0.003832,True
ba_001102.txt,34,93,9,0.020278,True
ba_001103.txt,31,58,6,0.008258,True
ba_001104.txt,16,28,3,0.001422,True
ba_001105.txt,28,52,6,0.008982,True
ba_001106.txt,27,50,4,0.005819,True
ba_001107.txt,30,56,4,0.007143,True
ba_001108.txt,23,42,3,0.004001,True
ba_001109.txt,21,54,7,0.006511,True
ba_001110.txt,22,57,6,0.008865,True
ba_001111.txt,34,64,6,0.011006,True
ba_001112.txt,22,40,4,0.004425,True
ba_001113.txt,35,96,9,0.022115,True
ba_001114.txt,28,52,5,0.008059,True
ba_001115.txt,16,28,3,0.00152,True
ba_001116.txt,21,54,6,0.004663,True
ba_001117.txt,23,42,4,0.004222,True
ba_001118.txt,30,81,6,0.01497,True
ba_001119.txt,33,90,8,0.018715,True
ba_001120.txt,26,48,5,0.006527,True
ba_001121.txt,33,90,9,0.02175,True
ba_001122.txt,26,69,8,0.01682,True
ba_001123.txt,21,54,6,0.006742,True
ba_001124.txt,15,36,5,0.004181,True
ba_001125.txt,17,30,2,0.002571,True
ba_001126.txt,26,69,5,0.011595,True
ba_001127.txt,31,84,10,0.027161,True
ba_001128.txt,18,32,3,0.00182,True
ba_001129.txt,28,52,3,0.008065,True
ba_001130.txt,28,75,9,0.016747,True
ba_001131.txt,24,44,5,0.006023,True
ba_001132.txt,27,72,8,0.013021,True
ba_001133.txt,18,32,3,0.001623,True
ba_001134.txt,21,54,5,0.0039,True
ba_001135.txt,33,90,9,0.020476,True
ba_001136.txt,30,81,8,0.020394,True
ba_001137.txt,16,39,5,0.00297,True
ba_001138.txt,34,64,5,0.013047,True
ba_001139.txt,20,51,5,0.0054,True
ba_001140.txt,26,48,4,0.006586,True
ba_001141.txt,27,72,8,0.012534,True
ba_001142.txt,31,58,5,0.007917,True
ba_001143.txt,29,54,5,0.00756,True
ba_001144.txt,23,60,7,0.009828,True
ba_001145.txt,34,93,10,0.02211,True
ba_001146.txt,29,78,8,0.016647,True
ba_001147.txt,25,46,5,0.006275,True
ba_001148.txt,27,72,8,0.013904,True
ba_001149.txt,16,39,4,0.002505,True
ba_001150.txt,16,39,4,0.003463,True
ba_001151.txt,35,66,4,0.011981,True
ba_001152.txt,28,75,6,0.01366,True
ba_001153.txt,25,66,7,0.013903,True
ba_001154.txt,30,56,5,0.014122,True
ba_001155.txt,33,62,5,0.011815,True
ba_001156.txt,18,45,5,0.004049,True
ba_001157.txt,21,38,3,0.002178,True
ba_001158.txt,34,64,6,0.012311,True
ba_001159.txt,18,32,3,0.001639,True
ba_001160.txt,21,54,5,0.005273,True
ba_001161.txt,32,60,6,0.009762,True
ba_001162.txt,22,40,3,0.005472,True
ba_001163.txt,28,75,7,0.014424,True
ba_001164.txt,27,50,5,0.007349,True
ba_001165.txt,27,50,4,0.005607,True
ba_001166.txt,21,54,6,0.004748,True
ba_001167.txt,19,48,5,0.004736,True
ba_001168.txt,29,54,6,0.007357,True
ba_001169.txt,18,32,3,0.001867,True
ba_001170.txt,16,28,4,0.002504,True
ba_001171.txt,29,54,5,0.009075,True
ba_001172.txt,35,96,10,0.025062,True
ba_001173.txt,19,34,3,0.002585,True
ba_001174.txt,15,26,2,0.001176,True
ba_001175.txt,23,42,3,0.005579,True
ba_001176.txt,18,32,4,0.001968,True
ba_001177.txt,20,36,3,0.002792,True
ba_001178.txt,17,30,3,0.001657,True
ba_001179.txt,28,52,5,0.009113,True
ba_001180.txt,23,42,4,0.005241,True
ba_001181.txt,16,39,5,0.00262,True
ba_001182.txt,27,72,7,0.014972,True
ba_001183.txt,29,54,4,0.007995,True
ba_001184.txt,34,93,9,0.024287,True
ba_001185.txt,16,39,6,0.002981,True
ba_001186.txt,30,81,7,0.013187,True
ba_001187.txt,16,28,2,0.001416,True
ba_001188.txt,27,50,5,0.007031,True
ba_001189.txt,26,69,8,0.012392,True
ba_001190.txt,31,84,6,0.016568,True
ba_001191.txt,26,69,5,0.011103,True
ba_001192.txt,19,34,3,0.002043,True
ba_001193.txt,25,46,4,0.006115,True
ba_001194.txt,30,81,7,0.014969,True
ba_001195.txt,32,60,6,0.010188,True
ba_001196.txt,23,60,6,0.007426,True
ba_001197.txt,18,32,4,0.002031,True
ba_001198.txt,25,66,6,0.009499,True
ba_001199.txt,28,52,5,0.007533,True
ba_001200.txt,20,36,3,0.002224,True
ba_001201.txt,22,40,3,0.003358,True
ba_001202.txt,24,44,3,0.004325,True
ba_001203.txt,30,81,8,0.014593,True
ba_001204.txt,30,81,8,0.016356,True
ba_001205.txt,28,75,7,0.013673,True
ba_001206.txt,28,52,4,0.006507,True
ba_001207.txt,18,45,5,0.003392,True
ba_001208.txt,35,66,6,0.012308,True
ba_001209.txt,18,32,4,0.002082,True
ba_001210.txt,32,60,7,0.012365,True
ba_001211.txt,31,58,4,0.008296,True
ba_001212.txt,30,56,4,0.007863,True
ba_001213.txt,22,57,6,0.007044,True
ba_001214.txt,27,72,8,0.015703,True
ba_001215.txt,15,36,4,0.002236,True
ba_001216.txt,29,54,5,0.007535,True
ba_001217.txt,23,60,7,0.008285,True
ba_001218.txt,15,36,5,0.002244,True
ba_001219.txt,27,50,5,0.006335,True
ba_001220.txt,18,32,3,0.001931,True
ba_001221.txt,30,56,4,0.007495,True
ba_001222.txt,26,69,7,0.013896,True
ba_001223.txt,19,48,6,0.003849,True
ba_001224.txt,22,40,4,0.003654,True
ba_001225.txt,32,87,9,0.018191,True
ba_001226.txt,30,56,4,0.006949,True
ba_001227.txt,31,58,4,0.007797,True
ba_001228.txt,32,60,5,0.0088,True
ba_001229.txt,33,90,6,0.015667,True
ba_001230.txt,24,63,7,0.010337,True
ba_001231.txt,23,60,6,0.008376,True
ba_001232.txt,15,26,2,0.001104,True
ba_001233.txt,18,45,4,0.002966,True
ba_001234.txt,27,72,8,0.013199,True
ba_001235.txt,21,38,3,0.002576,True
ba_001236.txt,26,48,3,0.00498,True
ba_001237.txt,31,58,5,0.008101,True
ba_001238.txt,24,44,4,0.005524,True
ba_001239.txt,28,52,5,0.007657,True
ba_001240.txt,24,44,4,0.005004,True
ba_001241.txt,22,40,5,0.004536,True
ba_001242.txt,33,62,5,0.009023,True
ba_001243.txt,25,46,4,0.005192,True
ba_001244.txt,31,58,5,0.00718,True
ba_001245.txt,27,50,4,0.005916,True
ba_001246.txt,34,64,6,0.010282,True
ba_001247.txt,20,36,4,0.002384,True
ba_001248.txt,16,39,5,0.002448,True
ba_001249.txt,19,34,4,0.002203,True
ba_001250.txt,27,72,7,0.012115,True
ba_001251.txt,25,46,6,0.005597,True
ba_001252.txt,29,78,8,0.014295,True
ba_001253.txt,23,42,3,0.003959,True
ba_001254.txt,19,34,5,0.002278,True
ba_001255.txt,23,60,8,0.009576,True
ba_001256.txt,28,75,8,0.012826,True
ba_001257.txt,29,54,4,0.006629,True
ba_001258.txt,27,72,7,0.016043,True
ba_001259.txt,20,36,4,0.003157,True
ba_001260.txt,19,34,3,0.003166,True
ba_001261.txt,15,36,5,0.002432,True
ba_001262.txt,25,46,5,0.005783,True
ba_001263.txt,17,30,3,0.001572,True
ba_001264.txt,20,51,6,0.004797,True
ba_001265.txt,33,90,8,0.017466,True
ba_001266.txt,15,26,2,0.001354,True
ba_001267.txt,28,75,7,0.01334,True
ba_001268.txt,31,84,7,0.016657,True
ba_001269.txt,21,54,6,0.004582,True
ba_001270.txt,26,69,7,0.011275,True
ba_001271.txt,19,34,4,0.001957,True
ba_001272.txt,32,87,10,0.020821,True
ba_001273.txt,24,63,6,0.009612,True
ba_001274.txt,18,32,3,0.00264,True
ba_001275.txt,16,28,2,0.001608,True
ba_001276.txt,23,42,4,0.005345,True
ba_001277.txt,20,51,6,0.00531,True
ba_001278.txt,25,66,7,0.011145,True
ba_001279.txt,16,28,3,0.001527,True
ba_001280.txt,24,63,6,0.008383,True
ba_001281.txt,26,48,5,0.006401,True
ba_001282.txt,27,72,8,0.012308,True
ba_001283.txt,28,75,8,0.015192,True
ba_001284.txt,17,30,3,0.001601,True
ba_001285.txt,34,64,6,0.01187,True
ba_001286.txt,27,50,4,0.005952,True
ba_001287.txt,15,36,5,0.002918,True
ba_001288.txt,15,26,3,0.001437,True
ba_001289.txt,22,40,5,0.004468,True
ba_001290.txt,23,60,6,0.008283,True
ba_001291.txt,25,46,5,0.00573,True
ba_001292.txt,18,32,3,0.001596,True
ba_001293.txt,17,42,5,0.002767,True
ba_001294.txt,28,75,9,0.01422,True
ba_001295.txt,27,72,7,0.01213,True
ba_001296.txt,23,42,5,0.005776,True
ba_001297.txt,24,44,2,0.005105,True
ba_001298.txt,20,36,3,0.002922,True
ba_001299.txt,34,64,6,0.009273,True
ba_001300.txt,16,28,2,0.001382,True
ba_001301.txt,15,36,5,0.002457,True
ba_001302.txt,29,54,5,0.007989,True
ba_001303.txt,29,78,9,0.014549,True
ba_001304.txt,19,34,3,0.001998,True
ba_001305.txt,24,44,3,0.004466,True
ba_001306.txt,19,48,5,0.003627,True
ba_001307.txt,21,38,5,0.002751,True
ba_001308.txt,32,60,6,0.008784,True
ba_001309.txt,33,90,8,0.018696,True
ba_001310.txt,27,50,4,0.006824,True
ba_001311.txt,23,42,5,0.004322,True
ba_001312.txt,32,60,4,0.009466,True
ba_001313.txt,15,36,5,0.002363,True
ba_001314.txt,28,75,8,0.015802,True
ba_001315.txt,21,54,5,0.004053,True
ba_001316.txt,27,50,4,0.006311,True
ba_001317.txt,29,78,8,0.013351,True
ba_001318.txt,29,54,5,0.007121,True
ba_001319.txt,18,32,4,0.001916,True
ba_001320.txt,34,64,5,0.009507,True
ba_001321.txt,20,51,6,0.004316,True
ba_001322.txt,27,50,5,0.007297,True
ba_001323.txt,15,26,2,0.001113,True
ba_001324.txt,31,58,4,0.007522,True
ba_001325.txt,30,81,7,0.014791,True
ba_001326.txt,32,60,6,0.009764,True
ba_001327.txt,22,57,7,0.008321,True
ba_001328.txt,18,32,4,0.001977,True
ba_001329.txt,21,54,5,0.004397,True
ba_001330.txt,25,46,4,0.005279,True
ba_001331.txt,17,42,5,0.002729,True
ba_001332.txt,26,69,8,0.012277,True
ba_001333.txt,15,26,3,0.001272,True
ba_001334.txt,19,34,4,0.002055,True
ba_001335.txt,22,40,4,0.004091,True
ba_001336.txt,18,32,3,0.00172,True
ba_001337.txt,27,72,7,0.011449,True
ba_001338.txt,32,60,5,0.008787,True
ba_001339.txt,24,63,8,0.009989,True
ba_001340.txt,33,90,10,0.02171,True
ba_001341.txt,29,54,4,0.006228,True
ba_001342.txt,32,87,7,0.018086,True
ba_001343.txt,15,36,4,0.002849,True
ba_001344.txt,29,78,7,0.013764,True
ba_001345.txt,33,62,6,0.008954,True
ba_001346.txt,26,69,6,0.011282,True
ba_001347.txt,17,30,4,0.001798,True
ba_001348.txt,32,60,4,0.008647,True
ba_001349.txt,28,52,4,0.007076,True
ba_001350.txt,21,38,3,0.002336,True
ba_001351.txt,30,81,8,0.01381,True
ba_001352.txt,29,54,3,0.006582,True
ba_001353.txt,24,63,6,0.008628,True
ba_001354.txt,17,30,3,0.001489,True
ba_001355.txt,25,66,6,0.009848,True
ba_001356.txt,27,72,8,0.012915,True
ba_001357.txt,16,28,4,0.001486,True
ba_001358.txt,32,87,11,0.021801,True
ba_001359.txt,28,52,4,0.006568,True
ba_001360.txt,19,48,5,0.003241,True
ba_001361.txt,20,36,4,0.002469,True
ba_001362.txt,31,58,6,0.009782,True
ba_001363.txt,21,38,4,0.002378,True
ba_001364.txt,32,87,6,0.015774,True
ba_001365.txt,27,50,4,0.005427,True
ba_001366.txt,30,56,5,0.008357,True
ba_001367.txt,35,96,9,0.020216,True
ba_001368.txt,28,52,5,0.006974,True
ba_001369.txt,18,32,3,0.001804,True
ba_001370.txt,34,93,9,0.018941,True
ba_001371.txt,22,40,4,0.003795,True
ba_001372.txt,24,63,7,0.009925,True
ba_001373.txt,32,87,8,0.017467,True
ba_001374.txt,26,48,3,0.004918,True
ba_001375.txt,22,57,7,0.011192,True
ba_001376.txt,20,51,6,0.004164,True
ba_001377.txt,25,66,6,0.011124,True
ba_001378.txt,22,40,4,0.004305,True
ba_001379.txt,18,32,4,0.00195,True
ba_001380.txt,30,81,7,0.013752,True
ba_001381.txt,20,51,5,0.003995,True
ba_001382.txt,24,44,3,0.004256,True
ba_001383.txt,22,57,6,0.007556,True
ba_001384.txt,23,42,4,0.004195,True
ba_001385.txt,29,78,9,0.017885,True
ba_001386.txt,27,72,8,0.012252,True
ba_001387.txt,25,66,7,0.01042,True
ba_001388.txt,17,30,3,0.001634,True
ba_001389.txt,23,42,4,0.004458,True
ba_001390.txt,31,58,5,0.008834,True
ba_001391.txt,30,81,9,0.017387,True
ba_001392.txt,24,63,8,0.010627,True
ba_001393.txt,30,81,9,0.016544,True
ba_001394.txt,34,64,5,0.009762,True
ba_001395.txt,28,52,4,0.006263,True
ba_001396.txt,33,90,9,0.019188,True
ba_001397.txt,26,48,2,0.004479,True
ba_001398.txt,22,40,4,0.004786,True
ba_001399.txt,23,42,5,0.004672,True
ba_001400.txt,18,32,2,0.00142,True
ba_001401.txt,30,56,4,0.007355,True
ba_001402.txt,30,56,4,0.007734,True
ba_001403.txt,31,58,5,0.007917,True
ba_001404.txt,18,45,5,0.003149,True
ba_001405.txt,32,60,4,0.007767,True
ba_001406.txt,24,63,7,0.008897,True
ba_001407.txt,31,84,8,0.01628,True
ba_001408.txt,25,46,5,0.00496,True
ba_001409.txt,30,81,8,0.015569,True
ba_001410.txt,17,42,4,0.002681,True
ba_001411.txt,25,46,4,0.005831,True
ba_001412.txt,19,34,3,0.001834,True
ba_001413.txt,30,56,6,0.007818,True
ba_001414.txt,31,58,5,0.008175,True
ba_001415.txt,34,64,5,0.009685,True
ba_001416.txt,16,39,6,0.00262,True
ba_001417.txt,17,30,2,0.00222,True
ba_001418.txt,23,60,5,0.011803,True
ba_001419.txt,32,87,7,0.017861,True
ba_001420.txt,17,30,2,0.00199,True
ba_001421.txt,28,75,6,0.011312,True
ba_001422.txt,23,60,6,0.007869,True
ba_001423.txt,33,62,7,0.011688,True
ba_001424.txt,22,40,4,0.004726,True
ba_001425.txt,33,90,9,0.01965,True
ba_001426.txt,32,60,4,0.010176,True
ba_001427.txt,29,54,4,0.006836,True
ba_001428.txt,29,78,8,0.022186,True
ba_001429.txt,32,87,10,0.031982,True
ba_001430.txt,24,44,3,0.005112,True
ba_001431.txt,24,44,4,0.004894,True
ba_001432.txt,32,60,7,0.011889,True
ba_001433.txt,35,66,4,0.008413,True
ba_001434.txt,30,81,8,0.016447,True
ba_001435.txt,28,52,5,0.006801,True
ba_001436.txt,15,36,4,0.002197,True
ba_001437.txt,18,45,5,0.003399,True
ba_001438.txt,32,60,6,0.013124,True
ba_001439.txt,21,38,4,0.004454,True
ba_001440.txt,21,54,6,0.004452,True
ba_001441.txt,25,66,8,0.011197,True
ba_001442.txt,19,34,3,0.002078,True
ba_001443.txt,34,93,7,0.018607,True
ba_001444.txt,30,56,6,0.00957,True
ba_001445.txt,31,58,6,0.009102,True
ba_001446.txt,27,72,7,0.010933,True
ba_001447.txt,16,28,3,0.001596,True
ba_001448.txt,32,60,6,0.011037,True
ba_001449.txt,33,90,7,0.016799,True
ba_001450.txt,34,64,5,0.009647,True
ba_001451.txt,24,44,4,0.004843,True
ba_001452.txt,23,60,6,0.008693,True
ba_001453.txt,21,38,3,0.002371,True
ba_001454.txt,34,64,5,0.009088,True
ba_001455.txt,27,50,4,0.005603,True
ba_001456.txt,23,42,3,0.005355,True
ba_001457.txt,28,75,8,0.014813,True
ba_001458.txt,16,39,4,0.002387,True
ba_001459.txt,26,48,4,0.005679,True
ba_001460.txt,28,52,3,0.006001,True
ba_001461.txt,24,63,6,0.009316,True
ba_001462.txt,29,78,8,0.013733,True
ba_001463.txt,16,28,2,0.001374,True
ba_001464.txt,31,84,8,0.015034,True
ba_001465.txt,20,51,6,0.003669,True
ba_001466.txt,31,58,5,0.008758,True
ba_001467.txt,34,93,8,0.019895,True
ba_001468.txt,31,84,8,0.016229,True
ba_001469.txt,23,60,7,0.010515,True
ba_001470.txt,27,50,6,0.006387,True
ba_001471.txt,23,60,6,0.009516,True
ba_001472.txt,17,42,4,0.003561,True
ba_001473.txt,34,93,8,0.021039,True
ba_001474.txt,33,90,7,0.019246,True
ba_001475.txt,20,36,3,0.002674,True
ba_001476.txt,35,66,5,0.012026,True
ba_001477.txt,27,72,7,0.014551,True
ba_001478.txt,30,81,7,0.013255,True
ba_001479.txt,16,39,5,0.002878,True
ba_001480.txt,26,69,7,0.011433,True
ba_001481.txt,33,62,5,0.009329,True
ba_001482.txt,28,52,5,0.009476,True
ba_001483.txt,18,32,4,0.001938,True
ba_001484.txt,15,26,3,0.001224,True
ba_001485.txt,30,56,5,0.007783,True
ba_001486.txt,17,42,5,0.00309,True
ba_001487.txt,23,60,7,0.008697,True
ba_001488.txt,35,66,6,0.009976,True
ba_001489.txt,32,87,9,0.020843,True
ba_001490.txt,29,78,8,0.015097,True
ba_001491.txt,20,36,4,0.00215,True
ba_001492.txt,24,44,4,0.00658,True
ba_001493.txt,35,66,6,0.010803,True
ba_001494.txt,17,42,5,0.0028,True
ba_001495.txt,23,42,4,0.005106,True
ba_001496.txt,35,96,9,0.019345,True
ba_001497.txt,21,54,6,0.004538,True
ba_001498.txt,34,93,8,0.019906,True
ba_001499.txt,26,48,4,0.005323,True
ba_001500.txt,34,93,8,0.020613,True
ba_001501.txt,20,51,6,0.005678,True
ba_001502.txt,26,69,7,0.012824,True
ba_001503.txt,20,51,5,0.003929,True
ba_001504.txt,26,48,4,0.00613,True
ba_001505.txt,29,78,9,0.022796,True
ba_001506.txt,19,48,6,0.004491,True
ba_001507.txt,15,26,4,0.002083,True
ba_001508.txt,23,42,4,0.004713,True
ba_001509.txt,22,57,6,0.007898,True
ba_001510.txt,19,34,3,0.001992,True
ba_001511.txt,28,75,9,0.013448,True
ba_001512.txt,18,32,3,0.0025,True
ba_001513.txt,18,45,5,0.003622,True
ba_001514.txt,34,64,5,0.010701,True
ba_001515.txt,26,69,7,0.011278,True
ba_001516.txt,21,38,4,0.002559,True
ba_001517.txt,24,44,4,0.005057,True
ba_001518.txt,27,72,7,0.011646,True
ba_001519.txt,20,36,4,0.002459,True
ba_001520.txt,22,40,5,0.004054,True
ba_001521.txt,32,60,5,0.009429,True
ba_001522.txt,22,40,4,0.004642,True
ba_001523.txt,27,72,7,0.011228,True
ba_001524.txt,16,39,5,0.002662,True
ba_001525.txt,32,60,4,0.008916,True
ba_001526.txt,29,54,4,0.006354,True
ba_001527.txt,30,81,8,0.014269,True
ba_001528.txt,29,78,8,0.014477,True
ba_001529.txt,20,36,2,0.001877,True
ba_001530.txt,20,51,6,0.004114,True
ba_001531.txt,33,62,4,0.009061,True
ba_001532.txt,15,36,4,0.002544,True
ba_001533.txt,32,60,6,0.01044,True
ba_001534.txt,31,58,5,0.009477,True
ba_001535.txt,21,54,5,0.004978,True
ba_001536.txt,20,51,6,0.00404,True
ba_001537.txt,22,57,5,0.008038,True
ba_001538.txt,33,90,8,0.01878,True
ba_001539.txt,26,48,4,0.005551,True
ba_001540.txt,35,96,9,0.024656,True
ba_001541.txt,31,84,9,0.01693,True
ba_001542.txt,24,44,4,0.006746,True
ba_001543.txt,32,60,5,0.008498,True
ba_001544.txt,32,60,5,0.007853,True
ba_001545.txt,23,42,4,0.004703,True
ba_001546.txt,23,60,6,0.00857,True
ba_001547.txt,27,50,5,0.007259,True
ba_001548.txt,18,45,5,0.002959,True
ba_001549.txt,24,63,7,0.010388,True
ba_001550.txt,20,36,3,0.00301,True
ba_001551.txt,31,58,6,0.009415,True
ba_001552.txt,24,44,4,0.005454,True
ba_001553.txt,24,63,6,0.009328,True
ba_001554.txt,24,63,6,0.008893,True
ba_001555.txt,31,84,7,0.013498,True
ba_001556.txt,24,63,7,0.00991,True
ba_001557.txt,28,75,7,0.013315,True
ba_001558.txt,25,46,4,0.00512,True
ba_001559.txt,16,28,3,0.00144,True
ba_001560.txt,28,52,4,0.006768,True
ba_001561.txt,20,51,5,0.003988,True
ba_001562.txt,30,56,6,0.012152,True
ba_001563.txt,16,39,4,0.002406,True
ba_001564.txt,28,52,4,0.006175,True
ba_001565.txt,17,30,3,0.001709,True
ba_001566.txt,22,57,6,0.007587,True
ba_001567.txt,22,40,3,0.003718,True
ba_001568.txt,24,63,8,0.010148,True
ba_001569.txt,31,84,8,0.016384,True
ba_001570.txt,15,26,2,0.001042,True
ba_001571.txt,17,30,3,0.001828,True
ba_001572.txt,19,48,5,0.003378,True
ba_001573.txt,29,78,9,0.014956,True
ba_001574.txt,24,44,4,0.004854,True
ba_001575.txt,31,84,9,0.016047,True
ba_001576.txt,25,66,7,0.011422,True
ba_001577.txt,28,75,7,0.014069,True
ba_001578.txt,32,60,3,0.006647,True
ba_001579.txt,33,90,9,0.018129,True
ba_001580.txt,16,28,3,0.001331,True
ba_001581.txt,19,34,4,0.00221,True
ba_001582.txt,31,84,8,0.015999,True
ba_001583.txt,31,58,3,0.006505,True
ba_001584.txt,35,66,5,0.010348,True
ba_001585.txt,19,48,4,0.003203,True
ba_001586.txt,15,36,4,0.002204,True
ba_001587.txt,35,96,9,0.021101,True
ba_001588.txt,30,81,7,0.015109,True
ba_001589.txt,16,28,3,0.001411,True
ba_001590.txt,27,50,5,0.006815,True
ba_001591.txt,21,38,4,0.003328,True
ba_001592.txt,31,84,9,0.017887,True
ba_001593.txt,22,40,4,0.003894,True
ba_001594.txt,16,28,3,0.001513,True
ba_001595.txt,27,72,7,0.011668,True
ba_001596.txt,20,51,6,0.004268,True
ba_001597.txt,25,46,4,0.006033,True
ba_001598.txt,30,81,7,0.014595,True
ba_001599.txt,25,46,4,0.005515,True
ba_001600.txt,16,39,3,0.00337,True
ba_001601.txt,30,56,4,0.010517,True
ba_001602.txt,20,36,3,0.002066,True
ba_001603.txt,29,78,8,0.013902,True
ba_001604.txt,20,36,3,0.002226,True
ba_001605.txt,31,84,8,0.016113,True
ba_001606.txt,29,78,7,0.01442,True
ba_001607.txt,17,30,3,0.001511,True
ba_001608.txt,19,34,3,0.001895,True
ba_001609.txt,27,72,8,0.016155,True
ba_001610.txt,29,78,7,0.01333,True
ba_001611.txt,24,63,6,0.010483,True
ba_001612.txt,21,38,5,0.002869,True
ba_001613.txt,20,36,3,0.002309,True
ba_001614.txt,26,48,4,0.005533,True
ba_001615.txt,23,42,4,0.004341,True
ba_001616.txt,20,51,6,0.004169,True
ba_001617.txt,31,58,6,0.008647,True
ba_001618.txt,17,42,5,0.002836,True
ba_001619.txt,27,72,6,0.0111,True
ba_001620.txt,26,48,4,0.006041,True
ba_001621.txt,29,78,7,0.013532,True
ba_001622.txt,33,90,10,0.01991,True
ba_001623.txt,21,54,7,0.005069,True
ba_001624.txt,21,54,7,0.004706,True
ba_001625.txt,29,54,3,0.006287,True
ba_001626.txt,30,56,3,0.007048,True
ba_001627.txt,19,48,5,0.004637,True
ba_001628.txt,32,87,8,0.018848,True
ba_001629.txt,21,54,5,0.00401,True
ba_001630.txt,27,50,5,0.007205,True
ba_001631.txt,28,75,6,0.01261,True
ba_001632.txt,33,62,5,0.009723,True
ba_001633.txt,19,48,5,0.00319,True
ba_001634.txt,25,66,7,0.012702,True
ba_001635.txt,18,45,5,0.00358,True
ba_001636.txt,19,34,4,0.002304,True
ba_001637.txt,26,69,6,0.012503,True
ba_001638.txt,35,96,11,0.021194,True
ba_001639.txt,25,66,7,0.010462,True
ba_001640.txt,31,58,5,0.007128,True
ba_001641.txt,16,39,5,0.00244,True
ba_001642.txt,24,63,6,0.009643,True
ba_001643.txt,18,45,5,0.003216,True
ba_001644.txt,18,32,3,0.001923,True
ba_001645.txt,21,38,4,0.002212,True
ba_001646.txt,31,58,6,0.010859,True
ba_001647.txt,24,63,7,0.010267,True
ba_001648.txt,26,69,7,0.013494,True
ba_001649.txt,15,26,2,0.001049,True
ba_001650.txt,27,50,4,0.006245,True
ba_001651.txt,18,45,5,0.003304,True
ba_001652.txt,17,30,3,0.001618,True
ba_001653.txt,21,38,4,0.003272,True
ba_001654.txt,18,45,5,0.002822,True
ba_001655.txt,31,84,8,0.016138,True
ba_001656.txt,32,87,8,0.017436,True
ba_001657.txt,15,26,3,0.00117,True
ba_001658.txt,27,50,4,0.006018,True
ba_001659.txt,34,93,9,0.017624,True
ba_001660.txt,19,48,6,0.003723,True
ba_001661.txt,20,51,5,0.003899,True
ba_001662.txt,24,44,5,0.005013,True
ba_001663.txt,23,60,6,0.007735,True
ba_001664.txt,20,51,5,0.003714,True
ba_001665.txt,27,72,8,0.012724,True
ba_001666.txt,24,44,4,0.004504,True
ba_001667.txt,30,56,5,0.007893,True
ba_001668.txt,34,93,8,0.018233,True
ba_001669.txt,30,81,8,0.014369,True
ba_001670.txt,20,51,6,0.005065,True
ba_001671.txt,35,66,6,0.010376,True
ba_001672.txt,20,51,6,0.003769,True
ba_001673.txt,28,52,4,0.005902,True
ba_001674.txt,17,42,6,0.003284,True
ba_001675.txt,21,54,6,0.003983,True
ba_001676.txt,34,64,6,0.011301,True
ba_001677.txt,15,36,4,0.002348,True
ba_001678.txt,17,30,4,0.00171,True
ba_001679.txt,25,66,7,0.01194,True
ba_001680.txt,15,36,4,0.002319,True
ba_001681.txt,32,87,9,0.017616,True
ba_001682.txt,34,64,5,0.010236,True
ba_001683.txt,21,38,4,0.002506,True
ba_001684.txt,30,56,4,0.009332,True
ba_001685.txt,18,32,3,0.001701,True
ba_001686.txt,31,58,6,0.008593,True
ba_001687.txt,32,60,4,0.008097,True
ba_001688.txt,15,26,3,0.001183,True
ba_001689.txt,22,40,4,0.004172,True
ba_001690.txt,17,42,4,0.002779,True
ba_001691.txt,29,54,4,0.007077,True
ba_001692.txt,34,64,6,0.010277,True
ba_001693.txt,33,90,8,0.017041,True
ba_001694.txt,20,36,2,0.001803,True
ba_001695.txt,25,66,8,0.011113,True
ba_001696.txt,35,96,10,0.022914,True
ba_001697.txt,24,63,6,0.008551,True
ba_001698.txt,20,51,5,0.004627,True
ba_001699.txt,28,52,4,0.006554,True
ba_001700.txt,34,64,5,0.010538,True
ba_001701.txt,35,66,6,0.00986,True
ba_001702.txt,21,54,6,0.004575,True
ba_001703.txt,30,56,5,0.007609,True
ba_001704.txt,26,69,7,0.011692,True
ba_001705.txt,17,42,6,0.003432,True
ba_001706.txt,25,66,6,0.009623,True
ba_001707.txt,33,62,4,0.008866,True
ba_001708.txt,17,30,4,0.001912,True
ba_001709.txt,32,87,8,0.018941,True
ba_001710.txt,21,38,5,0.002873,True
ba_001711.txt,19,34,4,0.002247,True
ba_001712.txt,26,69,7,0.012355,True
ba_001713.txt,24,63,7,0.010262,True
ba_001714.txt,31,84,9,0.021059,True
ba_001715.txt,32,60,5,0.008794,True
ba_001716.txt,30,56,6,0.007898,True
ba_001717.txt,34,64,6,0.009988,True
ba_001718.txt,30,81,9,0.015457,True
ba_001719.txt,20,36,4,0.002431,True
ba_001720.txt,22,57,7,0.008892,True
ba_001721.txt,17,30,4,0.001631,True
ba_001722.txt,16,28,3,0.001419,True
ba_001723.txt,19,34,3,0.001836,True
ba_001724.txt,26,48,6,0.006924,True
ba_001725.txt,27,50,5,0.007324,True
ba_001726.txt,25,66,5,0.009106,True
ba_001727.txt,27,72,7,0.011328,True
ba_001728.txt,32,60,5,0.009405,True
ba_001729.txt,19,34,2,0.001941,True
ba_001730.txt,30,56,5,0.006855,True
ba_001731.txt,33,90,9,0.017984,True
ba_001732.txt,24,63,6,0.009586,True
ba_001733.txt,25,66,7,0.011012,True
ba_001734.txt,31,58,5,0.007898,True
ba_001735.txt,15,26,3,0.001557,True
ba_001736.txt,35,96,8,0.018973,True
ba_001737.txt,31,84,9,0.019853,True
ba_001738.txt,26,48,3,0.004987,True
ba_001739.txt,35,96,9,0.020997,True
ba_001740.txt,18,32,3,0.001695,True
ba_001741.txt,27,50,4,0.00632,True
ba_001742.txt,33,62,6,0.010386,True
ba_001743.txt,17,30,3,0.001561,True
ba_001744.txt,31,58,5,0.009996,True
ba_001745.txt,22,57,6,0.007124,True
ba_001746.txt,29,78,6,0.015616,True
ba_001747.txt,30,81,9,0.015466,True
ba_001748.txt,31,58,4,0.00783,True
ba_001749.txt,15,26,3,0.001311,True
ba_001750.txt,24,44,4,0.00493,True
ba_001751.txt,34,64,5,0.009234,True
ba_001752.txt,19,48,5,0.003534,True
ba_001753.txt,25,66,6,0.010309,True
ba_001754.txt,17,30,3,0.00145,True
ba_001755.txt,16,28,3,0.001402,True
ba_001756.txt,28,75,8,0.013434,True
ba_001757.txt,16,28,4,0.001627,True
ba_001758.txt,18,32,2,0.001587,True
ba_001759.txt,34,64,6,0.01139,True
ba_001760.txt,31,84,8,0.016975,True
ba_001761.txt,30,81,7,0.01366,True
ba_001762.txt,27,50,4,0.00641,True
ba_001763.txt,18,32,3,0.001706,True
ba_001764.txt,35,66,5,0.010562,True
ba_001765.txt,25,66,6,0.00952,True
ba_001766.txt,18,32,3,0.001918,True
ba_001767.txt,23,60,6,0.007487,True
ba_001768.txt,27,50,4,0.00591,True
ba_001769.txt,26,48,5,0.005835,True
ba_001770.txt,29,54,6,0.007492,True
ba_001771.txt,26,48,5,0.006252,True
ba_001772.txt,26,69,6,0.011262,True
ba_001773.txt,15,26,2,0.001193,True
ba_001774.txt,30,56,5,0.007651,True
ba_001775.txt,31,84,8,0.015555,True
ba_001776.txt,23,60,7,0.00828,True
ba_001777.txt,34,64,6,0.011451,True
ba_001778.txt,28,52,5,0.006752,True
ba_001779.txt,21,54,7,0.005354,True
ba_001780.txt,16,39,5,0.002512,True
ba_001781.txt,35,96,9,0.023438,True
ba_001782.txt,33,90,9,0.022032,True
ba_001783.txt,28,52,5,0.007681,True
ba_001784.txt,18,45,5,0.003178,True
ba_001785.txt,28,52,6,0.007097,True
ba_001786.txt,25,46,5,0.005893,True
ba_001787.txt,24,63,7,0.009307,True
ba_001788.txt,18,32,2,0.001862,True
ba_001789.txt,34,64,6,0.009956,True
ba_001790.txt,20,51,5,0.004355,True
ba_001791.txt,18,32,4,0.002003,True
ba_001792.txt,17,30,4,0.00171,True
ba_001793.txt,33,90,8,0.017217,True
ba_001794.txt,29,54,5,0.006898,True
ba_001795.txt,31,84,9,0.015381,True
ba_001796.txt,28,75,7,0.012121,True
ba_001797.txt,34,64,6,0.011062,True
ba_001798.txt,20,51,6,0.004025,True
ba_001799.txt,22,40,4,0.004074,True
ba_001800.txt,23,42,3,0.004089,True
ba_001801.txt,33,62,7,0.010604,True
ba_001802.txt,31,84,8,0.015808,True
ba_001803.txt,19,48,5,0.003388,True
ba_001804.txt,24,63,6,0.008736,True
ba_001805.txt,26,69,8,0.012141,True
ba_001806.txt,33,90,10,0.020064,True
ba_001807.txt,31,58,6,0.009052,True
ba_001808.txt,21,54,6,0.005624,True
ba_001809.txt,30,56,4,0.007429,True
ba_001810.txt,17,42,5,0.003101,True
ba_001811.txt,22,40,4,0.004287,True
ba_001812.txt,19,48,6,0.004081,True
ba_001813.txt,23,60,5,0.007017,True
ba_001814.txt,31,58,5,0.008423,True
ba_001815.txt,29,78,8,0.013515,True
ba_001816.txt,33,62,5,0.008934,True
ba_001817.txt,27,50,3,0.00618,True
ba_001818.txt,25,66,7,0.013332,True
ba_001819.txt,18,45,5,0.003082,True
ba_001820.txt,23,42,5,0.005339,True
ba_001821.txt,31,84,8,0.016539,True
ba_001822.txt,28,75,8,0.013252,True
ba_001823.txt,31,58,5,0.007985,True
ba_001824.txt,15,26,3,0.001224,True
ba_001825.txt,35,96,9,0.019228,True
ba_001826.txt,17,42,5,0.003088,True
ba_001827.txt,30,81,8,0.015326,True
ba_001828.txt,20,36,3,0.003049,True
ba_001829.txt,35,96,9,0.02025,True
ba_001830.txt,16,28,3,0.001509,True
ba_001831.txt,25,66,7,0.011273,True
ba_001832.txt,35,66,7,0.011557,True
ba_001833.txt,32,87,8,0.017377,True
ba_001834.txt,31,58,5,0.007853,True
ba_001835.txt,17,42,6,0.002946,True
ba_001836.txt,21,38,4,0.002425,True
ba_001837.txt,25,66,7,0.010617,True
ba_001838.txt,29,78,7,0.013893,True
ba_001839.txt,24,44,4,0.004606,True
ba_001840.txt,28,52,4,0.008399,True
ba_001841.txt,18,32,4,0.002761,True
ba_001842.txt,19,48,5,0.004935,True
ba_001843.txt,28,52,5,0.007846,True
ba_001844.txt,30,81,7,0.013292,True
ba_001845.txt,29,78,8,0.013881,True
ba_001846.txt,26,69,7,0.012635,True
ba_001847.txt,33,62,6,0.010174,True
ba_001848.txt,20,51,5,0.003977,True
ba_001849.txt,34,93,10,0.021567,True
ba_001850.txt,16,39,5,0.00304,True
ba_001851.txt,27,50,4,0.006815,True
ba_001852.txt,29,78,7,0.01264,True
ba_001853.txt,22,57,6,0.0078,True
ba_001854.txt,27,50,4,0.006743,True
ba_001855.txt,15,36,4,0.002299,True
ba_001856.txt,15,36,5,0.003065,True
ba_001857.txt,19,34,4,0.002156,True
ba_001858.txt,19,48,6,0.004134,True
ba_001859.txt,25,46,4,0.005228,True
ba_001860.txt,34,93,9,0.019362,True
ba_001861.txt,18,45,5,0.003398,True
ba_001862.txt,27,72,6,0.010033,True
ba_001863.txt,19,34,4,0.002499,True
ba_001864.txt,20,51,5,0.005316,True
ba_001865.txt,15,26,3,0.001523,True
ba_001866.txt,20,51,6,0.004492,True
ba_001867.txt,24,44,5,0.004884,True
ba_001868.txt,21,54,6,0.004267,True
ba_001869.txt,31,84,7,0.015437,True
ba_001870.txt,31,58,5,0.007693,True
ba_001871.txt,24,63,8,0.01052,True
ba_001872.txt,16,28,3,0.00143,True
ba_001873.txt,27,50,4,0.005846,True
ba_001874.txt,29,78,8,0.014677,True
ba_001875.txt,33,90,9,0.020612,True
ba_001876.txt,32,60,4,0.008364,True
ba_001877.txt,33,90,8,0.01959,True
ba_001878.txt,28,52,3,0.005981,True
ba_001879.txt,28,75,7,0.012533,True
ba_001880.txt,21,54,6,0.004409,True
ba_001881.txt,26,69,8,0.01088,True
ba_001882.txt,30,81,10,0.016422,True
ba_001883.txt,27,72,5,0.01079,True
ba_001884.txt,31,58,4,0.008322,True
ba_001885.txt,35,66,5,0.009827,True
ba_001886.txt,33,90,8,0.016395,True
ba_001887.txt,34,64,7,0.011896,True
ba_001888.txt,26,69,6,0.010477,True
ba_001889.txt,25,66,7,0.010397,True
ba_001890.txt,30,81,9,0.016047,True
ba_001891.txt,16,28,3,0.002019,True
ba_001892.txt,17,42,4,0.002554,True
ba_001893.txt,20,36,4,0.003106,True
ba_001894.txt,15,36,5,0.002436,True
ba_001895.txt,25,46,4,0.004821,True
ba_001896.txt,26,48,4,0.005435,True
ba_001897.txt,28,52,5,0.007902,True
ba_001898.txt,23,60,6,0.008292,True
ba_001899.txt,29,54,4,0.006903,True
ba_001900.txt,25,66,7,0.01038,True
ba_001901.txt,31,84,8,0.01551,True
ba_001902.txt,16,28,3,0.001404,True
ba_001903.txt,20,36,3,0.002506,True
ba_001904.txt,19,34,3,0.002287,True
ba_001905.txt,22,57,6,0.010412,True
ba_001906.txt,17,42,5,0.002822,True
ba_001907.txt,16,28,3,0.002258,True
ba_001908.txt,35,96,9,0.022256,True
ba_001909.txt,23,42,3,0.004228,True
ba_001910.txt,21,38,5,0.002652,True
ba_001911.txt,25,46,5,0.006276,True
ba_001912.txt,31,58,5,0.007511,True
ba_001913.txt,23,60,6,0.008274,True
ba_001914.txt,26,48,4,0.005576,True
ba_001915.txt,26,48,4,0.005548,True
ba_001916.txt,18,45,5,0.003183,True
ba_001917.txt,35,66,6,0.010493,True
ba_001918.txt,35,66,7,0.01054,True
ba_001919.txt,29,78,8,0.015195,True
ba_001920.txt,26,69,8,0.012391,True
ba_001921.txt,26,69,8,0.012202,True
ba_001922.txt,33,62,5,0.009532,True
ba_001923.txt,35,66,5,0.01123,True
ba_001924.txt,28,75,7,0.012909,True
ba_001925.txt,31,58,6,0.008507,True
ba_001926.txt,35,96,10,0.024433,True
ba_001927.txt,33,62,4,0.008469,True
ba_001928.txt,29,78,8,0.012776,True
ba_001929.txt,17,30,3,0.001666,True
ba_001930.txt,26,48,4,0.005745,True
ba_001931.txt,18,32,3,0.001575,True
ba_001932.txt,21,38,4,0.002565,True
ba_001933.txt,30,81,8,0.01611,True
ba_001934.txt,34,93,9,0.020024,True
ba_001935.txt,18,32,3,0.001606,True
ba_001936.txt,19,48,6,0.003653,True
ba_001937.txt,28,52,5,0.006158,True
ba_001938.txt,24,63,8,0.011166,True
ba_001939.txt,18,45,5,0.003827,True
ba_001940.txt,19,34,3,0.001986,True
ba_001941.txt,25,46,4,0.005228,True
ba_001942.txt,17,30,4,0.001824,True
ba_001943.txt,16,28,3,0.002059,True
ba_001944.txt,27,50,5,0.007028,True
ba_001945.txt,33,90,7,0.017536,True
ba_001946.txt,19,48,6,0.004645,True
ba_001947.txt,34,93,10,0.025125,True
ba_001948.txt,24,63,6,0.010984,True
ba_001949.txt,30,56,6,0.010105,True
ba_001950.txt,27,50,4,0.007722,True
ba_001951.txt,26,69,8,0.013923,True
ba_001952.txt,26,48,4,0.007448,True
ba_001953.txt,32,60,4,0.007697,True
ba_001954.txt,33,62,4,0.00856,True
ba_001955.txt,19,34,4,0.002172,True
ba_001956.txt,30,81,8,0.01611,True
ba_001957.txt,29,78,8,0.014577,True
ba_001958.txt,19,48,6,0.003829,True
ba_001959.txt,17,30,4,0.001794,True
ba_001960.txt,16,39,4,0.002427,True
ba_001961.txt,24,44,4,0.004974,True
ba_001962.txt,25,46,6,0.006502,True
ba_001963.txt,33,62,6,0.009587,True
ba_001964.txt,19,34,3,0.001907,True
ba_001965.txt,28,52,3,0.005583,True
ba_001966.txt,18,45,5,0.003187,True
ba_001967.txt,27,72,7,0.012691,True
ba_001968.txt,26,69,8,0.011456,True
ba_001969.txt,29,54,4,0.006585,True
ba_001970.txt,19,34,4,0.00194,True
ba_001971.txt,28,52,5,0.006175,True
ba_001972.txt,25,46,4,0.005416,True
ba_001973.txt,19,34,3,0.00219,True
ba_001974.txt,17,30,2,0.001475,True
ba_001975.txt,30,81,7,0.01518,True
ba_001976.txt,17,42,5,0.00285,True
ba_001977.txt,26,48,4,0.00526,True
ba_001978.txt,33,90,10,0.020413,True
ba_001979.txt,22,57,6,0.007715,True
ba_001980.txt,20,51,7,0.004686,True
ba_001981.txt,28,52,5,0.00674,True
ba_001982.txt,26,48,3,0.005385,True
ba_001983.txt,31,58,4,0.008919,True
ba_001984.txt,35,96,9,0.022458,True
ba_001985.txt,22,57,6,0.00759,True
ba_001986.txt,24,44,4,0.005713,True
ba_001987.txt,25,46,3,0.005004,True
ba_001988.txt,28,52,4,0.006448,True
ba_001989.txt,16,39,5,0.002755,True
ba_001990.txt,20,36,4,0.002453,True
ba_001991.txt,15,26,3,0.001258,True
ba_001992.txt,24,63,8,0.009823,True
ba_001993.txt,30,81,7,0.014639,True
ba_001994.txt,24,63,5,0.00854,True
ba_001995.txt,31,84,8,0.016936,True
ba_001996.txt,31,58,4,0.007572,True
ba_001997.txt,28,75,7,0.012789,True
ba_001998.txt,33,90,8,0.017927,True
ba_001999.txt,31,58,4,0.007368,True
ws_000000.txt,16,32,6,0.002355,True
ws_000001.txt,29,58,10,0.013274,True
ws_000002.txt,20,40,7,0.004016,True
ws_000003.txt,31,62,11,0.014384,True
ws_000004.txt,28,56,10,0.011557,True
ws_000005.txt,30,60,10,0.011766,True
ws_000006.txt,33,66,11,0.018612,True
ws_000007.txt,15,30,6,0.002079,True
ws_000008.txt,16,32,6,0.002551,True
ws_000009.txt,26,52,10,0.010545,True
ws_000010.txt,24,48,9,0.008227,True
ws_000011.txt,21,42,7,0.003657,True
ws_000012.txt,23,46,8,0.00705,True
ws_000013.txt,30,60,11,0.014879,True
ws_000014.txt,33,66,11,0.015967,True
ws_000015.txt,29,58,10,0.013332,True
ws_000016.txt,29,58,10,0.012576,True
ws_000017.txt,16,32,6,0.002225,True
ws_000018.txt,18,36,7,0.003969,True
ws_000019.txt,35,70,12,0.018118,True
ws_000020.txt,28,56,10,0.012965,True
ws_000021.txt,28,56,10,0.012121,True
ws_000022.txt,17,34,6,0.003181,True
ws_000023.txt,17,34,6,0.003392,True
ws_000024.txt,25,50,9,0.010085,True
ws_000025.txt,30,60,10,0.014483,True
ws_000026.txt,16,32,6,0.002382,True
ws_000027.txt,32,64,11,0.01539,True
ws_000028.txt,32,64,11,0.014815,True
ws_000029.txt,35,70,12,0.020341,True
ws_000030.txt,31,62,10,0.015615,True
ws_000031.txt,21,42,7,0.004301,True
ws_000032.txt,31,62,11,0.014705,True
ws_000033.txt,31,62,10,0.015487,True
ws_000034.txt,27,54,9,0.013526,True
ws_000035.txt,26,52,9,0.009238,True
ws_000036.txt,35,70,11,0.01636,True
ws_000037.txt,28,56,9,0.009452,True
ws_000038.txt,29,58,10,0.011317,True
ws_000039.txt,16,32,6,0.002274,True
ws_000040.txt,18,36,6,0.002873,True
ws_000041.txt,26,52,9,0.009225,True
ws_000042.txt,33,66,12,0.016509,True
ws_000043.txt,31,62,10,0.017194,True
ws_000044.txt,25,50,8,0.009488,True
ws_000045.txt,33,66,11,0.016156,True
ws_000046.txt,28,56,10,0.011823,True
ws_000047.txt,19,38,6,0.003753,True
ws_000048.txt,23,46,9,0.007821,True
ws_000049.txt,26,52,9,0.009859,True
ws_000050.txt,20,40,7,0.003699,True
ws_000051.txt,16,32,6,0.002541,True
ws_000052.txt,28,56,10,0.011256,True
ws_000053.txt,27,54,9,0.011024,True
ws_000054.txt,30,60,10,0.011674,True
ws_000055.txt,35,70,12,0.018053,True
ws_000056.txt,25,50,9,0.008829,True
ws_000057.txt,32,64,11,0.014729,True
ws_000058.txt,29,58,10,0.012164,True
ws_000059.txt,23,46,8,0.007563,True
ws_000060.txt,18,36,6,0.003596,True
ws_000061.txt,24,48,8,0.014143,True
ws_000062.txt,21,42,6,0.003109,True
ws_000063.txt,15,30,6,0.002154,True
ws_000064.txt,30,60,10,0.013863,True
ws_000065.txt,34,68,12,0.01636,True
ws_000066.txt,21,42,7,0.003442,True
ws_000067.txt,23,46,8,0.00685,True
ws_000068.txt,25,50,8,0.008103,True
ws_000069.txt,16,32,5,0.002085,True
ws_000070.txt,35,70,12,0.018559,True
ws_000071.txt,28,56,10,0.010739,True
ws_000072.txt,24,48,9,0.00861,True
ws_000073.txt,28,56,10,0.011546,True
ws_000074.txt,31,62,10,0.014006,True
ws_000075.txt,34,68,12,0.016499,True
ws_000076.txt,35,70,12,0.018133,True
ws_000077.txt,16,32,6,0.002143,True
ws_000078.txt,20,40,8,0.004108,True
ws_000079.txt,21,42,7,0.003678,True
ws_000080.txt,22,44,8,0.007289,True
ws_000081.txt,15,30,6,0.001994,True
ws_000082.txt,17,34,6,0.002645,True
ws_000083.txt,20,40,7,0.003602,True
ws_000084.txt,25,50,8,0.009261,True
ws_000085.txt,22,44,8,0.007096,True
ws_000086.txt,15,30,6,0.002069,True
ws_000087.txt,32,64,11,0.016428,True
ws_000088.txt,24,48,8,0.008972,True
ws_000089.txt,26,52,9,0.00946,True
ws_000090.txt,27,54,9,0.009841,True
ws_000091.txt,19,38,7,0.003134,True
ws_000092.txt,35,70,13,0.020423,True
ws_000093.txt,35,70,13,0.018732,True
ws_000094.txt,24,48,8,0.008057,True
ws_000095.txt,24,48,9,0.00872,True
ws_000096.txt,24,48,8,0.007781,True
ws_000097.txt,21,42,7,0.005457,True
ws_000098.txt,32,64,11,0.017718,True
ws_000099.txt,19,38,7,0.003272,True
ws_000100.txt,15,30,5,0.002108,True
ws_000101.txt,35,70,12,0.020121,True
ws_000102.txt,27,54,9,0.009355,True
ws_000103.txt,26,52,9,0.01003,True
ws_000104.txt,16,32,5,0.002166,True
ws_000105.txt,17,34,6,0.002561,True
ws_000106.txt,31,62,11,0.013821,True
ws_000107.txt,34,68,11,0.015785,True
ws_000108.txt,17,34,6,0.002754,True
ws_000109.txt,31,62,10,0.012904,True
ws_000110.txt,34,68,11,0.015628,True
ws_000111.txt,25,50,8,0.009673,True
ws_000112.txt,17,34,6,0.002736,True
ws_000113.txt,33,66,10,0.015901,True
ws_000114.txt,16,32,6,0.002361,True
ws_000115.txt,17,34,6,0.002454,True
ws_000116.txt,28,56,10,0.013912,True
ws_000117.txt,15,30,6,0.002986,True
ws_000118.txt,34,68,12,0.017209,True
ws_000119.txt,23,46,8,0.007565,True
ws_000120.txt,20,40,7,0.003215,True
ws_000121.txt,15,30,5,0.002581,True
ws_000122.txt,25,50,8,0.007956,True
ws_000123.txt,21,42,7,0.005465,True
ws_000124.txt,30,60,10,0.012323,True
ws_000125.txt,33,66,11,0.018061,True
ws_000126.txt,33,66,12,0.016987,True
ws_000127.txt,25,50,9,0.00838,True
ws_000128.txt,20,40,7,0.003459,True
ws_000129.txt,22,44,7,0.006401,True
ws_000130.txt,18,36,6,0.004893,True
ws_000131.txt,26,52,8,0.011204,True
ws_000132.txt,18,36,7,0.002841,True
ws_000133.txt,30,60,10,0.013344,True
ws_000134.txt,15,30,5,0.002044,True
ws_000135.txt,18,36,6,0.002558,True
ws_000136.txt,18,36,6,0.002653,True
ws_000137.txt,19,38,7,0.003427,True
ws_000138.txt,32,64,11,0.014615,True
ws_000139.txt,25,50,9,0.012731,True
ws_000140.txt,16,32,6,0.003772,True
ws_000141.txt,31,62,11,0.020372,True
ws_000142.txt,20,40,6,0.004437,True
ws_000143.txt,32,64,11,0.017991,True
ws_000144.txt,30,60,10,0.01221,True
ws_000145.txt,19,38,7,0.004024,True
ws_000146.txt,28,56,10,0.011299,True
ws_000147.txt,16,32,6,0.002577,True
ws_000148.txt,27,54,10,0.01274,True
ws_000149.txt,28,56,10,0.013996,True
ws_000150.txt,23,46,8,0.006658,True
ws_000151.txt,15,30,5,0.00175,True
ws_000152.txt,35,70,13,0.019479,True
ws_000153.txt,18,36,7,0.003045,True
ws_000154.txt,19,38,7,0.00417,True
ws_000155.txt,25,50,9,0.009466,True
ws_000156.txt,23,46,8,0.006124,True
ws_000157.txt,21,42,7,0.003448,True
ws_000158.txt,35,70,12,0.019739,True
ws_000159.txt,33,66,11,0.01551,True
ws_000160.txt,34,68,11,0.01526,True
ws_000161.txt,22,44,7,0.009598,True
ws_000162.txt,23,46,8,0.007109,True
ws_000163.txt,33,66,12,0.016352,True
ws_000164.txt,18,36,6,0.00304,True
ws_000165.txt,21,42,8,0.004752,True
ws_000166.txt,31,62,10,0.01405,True
ws_000167.txt,30,60,10,0.014506,True
ws_000168.txt,31,62,11,0.015526,True
ws_000169.txt,26,52,9,0.013107,True
ws_000170.txt,22,44,8,0.009378,True
ws_000171.txt,30,60,10,0.012848,True
ws_000172.txt,29,58,10,0.013658,True
ws_000173.txt,32,64,11,0.021162,True
ws_000174.txt,31,62,10,0.015954,True
ws_000175.txt,16,32,6,0.002604,True
ws_000176.txt,29,58,11,0.013083,True
ws_000177.txt,20,40,7,0.003868,True
ws_000178.txt,19,38,8,0.003486,True
ws_000179.txt,31,62,11,0.017758,True
ws_000180.txt,31,62,11,0.019047,True
ws_000181.txt,28,56,10,0.012616,True
ws_000182.txt,26,52,9,0.01119,True
ws_000183.txt,20,40,7,0.003558,True
ws_000184.txt,21,42,7,0.004546,True
ws_000185.txt,34,68,12,0.015647,True
ws_000186.txt,18,36,7,0.003028,True
ws_000187.txt,18,36,6,0.002474,True
ws_000188.txt,30,60,10,0.013368,True
ws_000189.txt,22,44,7,0.005586,True
ws_000190.txt,23,46,8,0.009149,True
ws_000191.txt,34,68,11,0.021091,True
ws_000192.txt,17,34,6,0.003231,True
ws_000193.txt,33,66,11,0.017734,True
ws_000194.txt,35,70,12,0.017527,True
ws_000195.txt,27,54,9,0.012085,True
ws_000196.txt,27,54,9,0.010007,True
ws_000197.txt,31,62,11,0.015527,True
ws_000198.txt,17,34,6,0.002599,True
ws_000199.txt,31,62,11,0.014536,True
ws_000200.txt,27,54,10,0.011325,True
ws_000201.txt,20,40,7,0.004132,True
ws_000202.txt,16,32,6,0.00373,True
ws_000203.txt,30,60,11,0.014978,True
ws_000204.txt,30,60,11,0.013809,True
ws_000205.txt,19,38,7,0.003433,True
ws_000206.txt,29,58,10,0.012213,True
ws_000207.txt,30,60,10,0.012281,True
ws_000208.txt,26,52,9,0.010737,True
ws_000209.txt,21,42,7,0.003976,True
ws_000210.txt,30,60,11,0.015012,True
ws_000211.txt,29,58,10,0.012937,True
ws_000212.txt,22,44,8,0.007984,True
ws_000213.txt,23,46,8,0.007493,True
ws_000214.txt,33,66,12,0.017375,True
ws_000215.txt,32,64,11,0.015289,True
ws_000216.txt,26,52,8,0.012375,True
ws_000217.txt,21,42,7,0.003937,True
ws_000218.txt,16,32,6,0.002438,True
ws_000219.txt,24,48,8,0.007538,True
ws_000220.txt,30,60,10,0.015466,True
ws_000221.txt,19,38,6,0.002896,True
ws_000222.txt,32,64,11,0.017339,True
ws_000223.txt,31,62,11,0.016847,True
ws_000224.txt,19,38,7,0.003553,True
ws_000225.txt,16,32,6,0.002761,True
ws_000226.txt,33,66,12,0.016607,True
ws_000227.txt,17,34,6,0.003578,True
ws_000228.txt,35,70,11,0.016935,True
ws_000229.txt,24,48,9,0.008718,True
ws_000230.txt,32,64,11,0.014985,True
ws_000231.txt,17,34,6,0.002435,True
ws_000232.txt,27,54,9,0.011365,True
ws_000233.txt,35,70,12,0.017403,True
ws_000234.txt,32,64,11,0.019621,True
ws_000235.txt,26,52,9,0.009347,True
ws_000236.txt,26,52,9,0.011836,True
ws_000237.txt,28,56,10,0.011551,True
ws_000238.txt,27,54,10,0.010993,True
ws_000239.txt,18,36,7,0.00297,True
ws_000240.txt,21,42,8,0.004009,True
ws_000241.txt,35,70,12,0.016048,True
ws_000242.txt,25,50,9,0.010538,True
ws_000243.txt,27,54,9,0.011456,True
ws_000244.txt,23,46,8,0.007369,True
ws_000245.txt,22,44,7,0.008361,True
ws_000246.txt,28,56,10,0.012569,True
ws_000247.txt,20,40,7,0.003839,True
ws_000248.txt,31,62,10,0.016286,True
ws_000249.txt,22,44,8,0.006527,True
ws_000250.txt,17,34,6,0.002731,True
ws_000251.txt,29,58,9,0.010555,True
ws_000252.txt,25,50,8,0.00955,True
ws_000253.txt,24,48,9,0.00849,True
ws_000254.txt,16,32,6,0.0023,True
ws_000255.txt,20,40,7,0.00342,True
ws_000256.txt,27,54,9,0.009458,True
ws_000257.txt,33,66,11,0.015763,True
ws_000258.txt,26,52,9,0.009657,True
ws_000259.txt,15,30,6,0.002338,True
ws_000260.txt,16,32,6,0.00264,True
ws_000261.txt,16,32,6,0.00234,True
ws_000262.txt,28,56,10,0.011651,True
ws_000263.txt,31,62,11,0.014996,True
ws_000264.txt,20,40,7,0.003303,True
ws_000265.txt,24,48,9,0.009822,True
ws_000266.txt,17,34,6,0.003008,True
ws_000267.txt,16,32,5,0.002096,True
ws_000268.txt,17,34,6,0.002685,True
ws_000269.txt,32,64,11,0.01481,True
ws_000270.txt,18,36,6,0.003016,True
ws_000271.txt,35,70,11,0.018259,True
ws_000272.txt,27,54,8,0.009143,True
ws_000273.txt,24,48,8,0.007861,True
ws_000274.txt,23,46,8,0.007549,True
ws_000275.txt,16,32,5,0.002316,True
ws_000276.txt,34,68,10,0.019546,True
ws_000277.txt,17,34,6,0.002826,True
ws_000278.txt,28,56,9,0.0189,True
ws_000279.txt,34,68,11,0.014929,True
ws_000280.txt,18,36,6,0.002847,True
ws_000281.txt,33,66,11,0.018811,True
ws_000282.txt,28,56,10,0.012642,True
ws_000283.txt,28,56,9,0.013663,True
ws_000284.txt,29,58,10,0.011936,True
ws_000285.txt,33,66,12,0.018692,True
ws_000286.txt,24,48,9,0.009629,True
ws_000287.txt,25,50,9,0.012286,True
ws_000288.txt,20,40,7,0.003567,True
ws_000289.txt,20,40,7,0.004927,True
ws_000290.txt,25,50,9,0.01008,True
ws_000291.txt,15,30,6,0.002203,True
ws_000292.txt,21,42,7,0.004679,True
ws_000293.txt,35,70,12,0.021449,True
ws_000294.txt,32,64,10,0.018798,True
ws_000295.txt,20,40,7,0.003542,True
ws_000296.txt,20,40,7,0.004077,True
ws_000297.txt,33,66,11,0.018895,True
ws_000298.txt,26,52,9,0.012091,True
ws_000299.txt,23,46,7,0.006221,True
ws_000300.txt,27,54,10,0.013223,True
ws_000301.txt,34,68,12,0.018463,True
ws_000302.txt,26,52,9,0.010807,True
ws_000303.txt,28,56,9,0.010351,True
ws_000304.txt,34,68,12,0.017977,True
ws_000305.txt,15,30,5,0.002203,True
ws_000306.txt,30,60,10,0.013389,True
ws_000307.txt,24,48,8,0.008289,True
ws_000308.txt,26,52,9,0.009148,True
ws_000309.txt,35,70,12,0.018867,True
ws_000310.txt,34,68,11,0.017256,True
ws_000311.txt,30,60,10,0.01373,True
ws_000312.txt,25,50,9,0.008506,True
ws_000313.txt,27,54,10,0.011833,True
ws_000314.txt,35,70,11,0.018271,True
ws_000315.txt,19,38,7,0.003233,True
ws_000316.txt,27,54,10,0.010835,True
ws_000317.txt,20,40,7,0.003456,True
ws_000318.txt,28,56,9,0.010557,True
ws_000319.txt,24,48,9,0.008453,True
ws_000320.txt,22,44,8,0.007181,True
ws_000321.txt,27,54,10,0.011004,True
ws_000322.txt,30,60,11,0.014252,True
ws_000323.txt,18,36,7,0.003161,True
ws_000324.txt,21,42,8,0.004312,True
ws_000325.txt,19,38,7,0.003334,True
ws_000326.txt,24,48,8,0.006692,True
ws_000327.txt,25,50,9,0.008959,True
ws_000328.txt,22,44,9,0.007624,True
ws_000329.txt,16,32,6,0.002396,True
ws_000330.txt,15,30,6,0.002476,True
ws_000331.txt,29,58,10,0.012263,True
ws_000332.txt,34,68,11,0.026334,True
ws_000333.txt,23,46,7,0.009439,True
ws_000334.txt,24,48,8,0.008128,True
ws_000335.txt,20,40,7,0.003738,True
ws_000336.txt,27,54,9,0.009917,True
ws_000337.txt,30,60,10,0.014181,True
ws_000338.txt,28,56,10,0.013793,True
ws_000339.txt,32,64,11,0.019543,True
ws_000340.txt,30,60,9,0.010991,True
ws_000341.txt,33,66,11,0.017512,True
ws_000342.txt,31,62,10,0.022422,True
ws_000343.txt,23,46,8,0.011116,True
ws_000344.txt,17,34,6,0.002692,True
ws_000345.txt,33,66,11,0.015574,True
ws_000346.txt,33,66,12,0.018486,True
ws_000347.txt,26,52,9,0.009189,True
ws_000348.txt,22,44,8,0.00654,True
ws_000349.txt,31,62,11,0.014678,True
ws_000350.txt,17,34,6,0.002771,True
ws_000351.txt,25,50,9,0.008732,True
ws_000352.txt,20,40,7,0.003934,True
ws_000353.txt,21,42,7,0.004952,True
ws_000354.txt,23,46,8,0.007589,True
ws_000355.txt,20,40,6,0.003698,True
ws_000356.txt,17,34,6,0.00272,True
ws_000357.txt,26,52,8,0.00945,True
ws_000358.txt,21,42,7,0.003844,True
ws_000359.txt,32,64,11,0.017709,True
ws_000360.txt,30,60,11,0.013729,True
ws_000361.txt,33,66,11,0.019681,True
ws_000362.txt,29,58,10,0.011089,True
ws_000363.txt,29,58,10,0.013836,True
ws_000364.txt,35,70,12,0.017768,True
ws_000365.txt,34,68,12,0.017903,True
ws_000366.txt,31,62,11,0.015933,True
ws_000367.txt,29,58,10,0.013769,True
ws_000368.txt,31,62,11,0.01877,True
ws_000369.txt,24,48,9,0.01056,True
ws_000370.txt,18,36,6,0.002885,True
ws_000371.txt,29,58,10,0.01331,True
ws_000372.txt,20,40,6,0.003347,True
ws_000373.txt,33,66,11,0.016509,True
ws_000374.txt,20,40,7,0.003981,True
ws_000375.txt,31,62,11,0.015449,True
ws_000376.txt,21,42,7,0.003812,True
ws_000377.txt,23,46,8,0.007883,True
ws_000378.txt,21,42,7,0.003952,True
ws_000379.txt,19,38,6,0.003187,True
ws_000380.txt,18,36,6,0.003009,True
ws_000381.txt,26,52,9,0.010601,True
ws_000382.txt,28,56,10,0.01187,True
ws_000383.txt,25,50,9,0.008983,True
ws_000384.txt,29,58,10,0.011937,True
ws_000385.txt,29,58,9,0.013016,True
ws_000386.txt,20,40,7,0.004657,True
ws_000387.txt,28,56,9,0.009957,True
ws_000388.txt,25,50,8,0.008088,True
ws_000389.txt,29,58,10,0.012794,True
ws_000390.txt,34,68,12,0.016766,True
ws_000391.txt,28,56,10,0.012267,True
ws_000392.txt,25,50,9,0.009373,True
ws_000393.txt,30,60,10,0.01234,True
ws_000394.txt,28,56,10,0.011094,True
ws_000395.txt,29,58,10,0.012791,True
ws_000396.txt,32,64,10,0.015155,True
ws_000397.txt,15,30,5,0.001964,True
ws_000398.txt,34,68,11,0.017435,True
ws_000399.txt,28,56,9,0.010998,True
ws_000400.txt,27,54,9,0.012011,True
ws_000401.txt,23,46,8,0.008019,True
ws_000402.txt,30,60,10,0.013807,True
ws_000403.txt,15,30,5,0.002324,True
ws_000404.txt,27,54,10,0.011017,True
ws_000405.txt,23,46,8,0.00698,True
ws_000406.txt,24,48,8,0.007603,True
ws_000407.txt,26,52,8,0.012235,True
ws_000408.txt,27,54,9,0.011965,True
ws_000409.txt,24,48,8,0.009142,True
ws_000410.txt,24,48,9,0.008607,True
ws_000411.txt,19,38,7,0.003643,True
ws_000412.txt,33,66,10,0.015676,True
ws_000413.txt,21,42,7,0.004084,True
ws_000414.txt,21,42,8,0.004248,True
ws_000415.txt,18,36,6,0.002975,True
ws_000416.txt,33,66,12,0.01737,True
ws_000417.txt,27,54,10,0.010328,True
ws_000418.txt,20,40,6,0.003174,True
ws_000419.txt,19,38,7,0.003259,True
ws_000420.txt,27,54,9,0.010392,True
ws_000421.txt,34,68,12,0.015586,True
ws_000422.txt,20,40,7,0.004316,True
ws_000423.txt,24,48,8,0.009006,True
ws_000424.txt,22,44,8,0.007259,True
ws_000425.txt,32,64,11,0.01508,True
ws_000426.txt,18,36,6,0.002821,True
ws_000427.txt,30,60,11,0.014342,True
ws_000428.txt,35,70,12,0.018311,True
ws_000429.txt,31,62,11,0.014428,True
ws_000430.txt,16,32,6,0.002587,True
ws_000431.txt,34,68,11,0.022034,True
ws_000432.txt,28,56,10,0.012478,True
ws_000433.txt,31,62,10,0.013533,True
ws_000434.txt,29,58,10,0.013305,True
ws_000435.txt,34,68,12,0.018872,True
ws_000436.txt,19,38,7,0.003559,True
ws_000437.txt,22,44,8,0.007429,True
ws_000438.txt,35,70,12,0.016689,True
ws_000439.txt,31,62,10,0.014218,True
ws_000440.txt,19,38,7,0.003597,True
ws_000441.txt,24,48,8,0.007853,True
ws_000442.txt,25,50,9,0.009249,True
ws_000443.txt,18,36,6,0.003102,True
ws_000444.txt,15,30,5,0.001961,True
ws_000445.txt,25,50,9,0.010585,True
ws_000446.txt,21,42,7,0.003812,True
ws_000447.txt,20,40,7,0.003515,True
ws_000448.txt,19,38,6,0.003189,True
ws_000449.txt,22,44,7,0.005853,True
ws_000450.txt,24,48,9,0.008823,True
ws_000451.txt,26,52,8,0.010632,True
ws_000452.txt,21,42,7,0.004247,True
ws_000453.txt,21,42,8,0.004234,True
ws_000454.txt,27,54,9,0.014335,True
ws_000455.txt,24,48,9,0.008983,True
ws_000456.txt,28,56,10,0.014786,True
ws_000457.txt,29,58,9,0.012975,True
ws_000458.txt,22,44,8,0.007943,True
ws_000459.txt,26,52,9,0.010652,True
ws_000460.txt,25,50,9,0.008493,True
ws_000461.txt,30,60,10,0.013525,True
ws_000462.txt,22,44,9,0.007952,True
ws_000463.txt,22,44,8,0.007391,True
ws_000464.txt,28,56,10,0.01356,True
ws_000465.txt,29,58,11,0.014442,True
ws_000466.txt,22,44,8,0.007363,True
ws_000467.txt,18,36,7,0.004002,True
ws_000468.txt,25,50,9,0.010305,True
ws_000469.txt,20,40,7,0.003695,True
ws_000470.txt,26,52,9,0.009258,True
ws_000471.txt,23,46,8,0.006967,True
ws_000472.txt,30,60,11,0.012728,True
ws_000473.txt,22,44,8,0.007143,True
ws_000474.txt,20,40,7,0.003422,True
ws_000475.txt,25,50,9,0.00849,True
ws_000476.txt,35,70,12,0.019721,True
ws_000477.txt,27,54,10,0.012332,True
ws_000478.txt,20,40,7,0.003962,True
ws_000479.txt,24,48,9,0.007576,True
ws_000480.txt,35,70,12,0.016841,True
ws_000481.txt,35,70,11,0.02608,True
ws_000482.txt,32,64,11,0.015475,True
ws_000483.txt,33,66,11,0.024317,True
ws_000484.txt,29,58,10,0.01352,True
ws_000485.txt,34,68,11,0.016699,True
ws_000486.txt,26,52,10,0.01099,True
ws_000487.txt,17,34,6,0.003454,True
ws_000488.txt,21,42,8,0.003939,True
ws_000489.txt,22,44,8,0.008726,True
ws_000490.txt,25,50,9,0.011039,True
ws_000491.txt,27,54,9,0.010953,True
ws_000492.txt,24,48,9,0.010114,True
ws_000493.txt,25,50,9,0.009102,True
ws_000494.txt,15,30,5,0.001849,True
ws_000495.txt,20,40,7,0.003766,True
ws_000496.txt,21,42,6,0.003947,True
ws_000497.txt,33,66,11,0.015561,True
ws_000498.txt,25,50,8,0.008975,True
ws_000499.txt,26,52,9,0.011309,True
ws_000500.txt,21,42,7,0.003884,True
ws_000501.txt,18,36,6,0.002772,True
ws_000502.txt,23,46,8,0.007033,True
ws_000503.txt,31,62,11,0.014505,True
ws_000504.txt,17,34,6,0.003066,True
ws_000505.txt,35,70,12,0.022316,True
ws_000506.txt,33,66,11,0.02047,True
ws_000507.txt,27,54,10,0.013881,True
ws_000508.txt,25,50,9,0.00965,True
ws_000509.txt,25,50,9,0.012537,True
ws_000510.txt,32,64,12,0.020416,True
ws_000511.txt,22,44,8,0.007769,True
ws_000512.txt,34,68,11,0.017082,True
ws_000513.txt,23,46,7,0.006137,True
ws_000514.txt,25,50,9,0.012529,True
ws_000515.txt,33,66,11,0.019755,True
ws_000516.txt,28,56,10,0.01343,True
ws_000517.txt,22,44,8,0.008213,True
ws_000518.txt,28,56,10,0.013772,True
ws_000519.txt,18,36,6,0.002991,True
ws_000520.txt,31,62,11,0.016479,True
ws_000521.txt,20,40,7,0.004351,True
ws_000522.txt,31,62,11,0.016239,True
ws_000523.txt,16,32,6,0.002428,True
ws_000524.txt,32,64,11,0.01568,True
ws_000525.txt,25,50,8,0.015093,True
ws_000526.txt,28,56,10,0.01277,True
ws_000527.txt,21,42,7,0.003893,True
ws_000528.txt,26,52,9,0.0099,True
ws_000529.txt,19,38,7,0.003196,True
ws_000530.txt,16,32,6,0.00257,True
ws_000531.txt,20,40,7,0.004327,True
ws_000532.txt,22,44,8,0.008367,True
ws_000533.txt,33,66,11,0.021964,True
ws_000534.txt,16,32,6,0.002326,True
ws_000535.txt,24,48,8,0.008688,True
ws_000536.txt,21,42,8,0.004347,True
ws_000537.txt,26,52,9,0.012094,True
ws_000538.txt,21,42,8,0.006147,True
ws_000539.txt,20,40,7,0.003532,True
ws_000540.txt,20,40,7,0.004557,True
ws_000541.txt,30,60,11,0.0176,True
ws_000542.txt,29,58,10,0.012647,True
ws_000543.txt,27,54,10,0.01529,True
ws_000544.txt,18,36,7,0.003218,True
ws_000545.txt,23,46,8,0.008878,True
ws_000546.txt,23,46,8,0.009434,True
ws_000547.txt,28,56,10,0.015061,True
ws_000548.txt,27,54,9,0.011096,True
ws_000549.txt,21,42,7,0.00818,True
ws_000550.txt,32,64,11,0.019728,True
ws_000551.txt,20,40,7,0.003506,True
ws_000552.txt,25,50,8,0.011493,True
ws_000553.txt,32,64,11,0.019568,True
ws_000554.txt,33,66,11,0.018962,True
ws_000555.txt,33,66,11,0.021557,True
ws_000556.txt,19,38,7,0.00307,True
ws_000557.txt,17,34,6,0.002766,True
ws_000558.txt,35,70,12,0.021786,True
ws_000559.txt,32,64,11,0.017229,True
ws_000560.txt,17,34,7,0.002936,True
ws_000561.txt,20,40,7,0.006652,True
ws_000562.txt,21,42,7,0.006076,True
ws_000563.txt,20,40,7,0.004183,True
ws_000564.txt,22,44,8,0.007078,True
ws_000565.txt,25,50,9,0.009122,True
ws_000566.txt,22,44,7,0.00631,True
ws_000567.txt,28,56,9,0.010464,True
ws_000568.txt,26,52,9,0.009817,True
ws_000569.txt,17,34,6,0.002589,True
ws_000570.txt,35,70,12,0.019121,True
ws_000571.txt,31,62,11,0.014238,True
ws_000572.txt,19,38,7,0.003352,True
ws_000573.txt,27,54,9,0.009431,True
ws_000574.txt,33,66,11,0.017997,True
ws_000575.txt,29,58,10,0.012575,True
ws_000576.txt,22,44,8,0.008252,True
ws_000577.txt,31,62,11,0.014421,True
ws_000578.txt,31,62,10,0.020191,True
ws_000579.txt,23,46,7,0.007804,True
ws_000580.txt,16,32,6,0.002345,True
ws_000581.txt,18,36,7,0.003101,True
ws_000582.txt,32,64,11,0.016446,True
ws_000583.txt,34,68,11,0.019379,True
ws_000584.txt,21,42,7,0.003754,True
ws_000585.txt,26,52,9,0.010301,True
ws_000586.txt,34,68,12,0.018376,True
ws_000587.txt,16,32,5,0.002288,True
ws_000588.txt,16,32,6,0.002517,True
ws_000589.txt,24,48,8,0.008235,True
ws_000590.txt,26,52,9,0.011551,True
ws_000591.txt,28,56,10,0.012399,True
ws_000592.txt,24,48,8,0.011546,True
ws_000593.txt,24,48,8,0.008446,True
ws_000594.txt,20,40,7,0.003719,True
ws_000595.txt,35,70,12,0.018452,True
ws_000596.txt,31,62,11,0.017961,True
ws_000597.txt,25,50,9,0.009282,True
ws_000598.txt,21,42,8,0.004332,True
ws_000599.txt,20,40,7,0.003825,True
ws_000600.txt,18,36,6,0.002759,True
ws_000601.txt,27,54,10,0.010828,True
ws_000602.txt,27,54,9,0.009898,True
ws_000603.txt,35,70,12,0.017992,True
ws_000604.txt,23,46,9,0.007189,True
ws_000605.txt,19,38,6,0.003416,True
ws_000606.txt,18,36,6,0.003243,True
ws_000607.txt,17,34,7,0.003902,True
ws_000608.txt,35,70,12,0.017237,True
ws_000609.txt,22,44,8,0.006133,True
ws_000610.txt,26,52,9,0.010709,True
ws_000611.txt,22,44,8,0.010969,True
ws_000612.txt,17,34,6,0.003449,True
ws_000613.txt,22,44,8,0.006491,True
ws_000614.txt,27,54,9,0.010328,True
ws_000615.txt,35,70,12,0.017086,True
ws_000616.txt,18,36,6,0.004455,True
ws_000617.txt,27,54,10,0.010948,True
ws_000618.txt,26,52,9,0.012076,True
ws_000619.txt,22,44,8,0.00683,True
ws_000620.txt,31,62,11,0.014791,True
ws_000621.txt,26,52,9,0.012841,True
ws_000622.txt,16,32,6,0.002357,True
ws_000623.txt,27,54,9,0.013679,True
ws_000624.txt,18,36,6,0.0031,True
ws_000625.txt,20,40,7,0.004217,True
ws_000626.txt,30,60,10,0.01177,True
ws_000627.txt,24,48,8,0.009589,True
ws_000628.txt,25,50,9,0.011551,True
ws_000629.txt,21,42,7,0.004263,True
ws_000630.txt,18,36,6,0.00366,True
ws_000631.txt,16,32,5,0.002883,True
ws_000632.txt,19,38,7,0.003236,True
ws_000633.txt,18,36,7,0.003245,True
ws_000634.txt,30,60,10,0.015532,True
ws_000635.txt,15,30,5,0.002344,True
ws_000636.txt,34,68,11,0.015372,True
ws_000637.txt,25,50,9,0.010107,True
ws_000638.txt,21,42,7,0.003933,True
ws_000639.txt,20,40,7,0.003855,True
ws_000640.txt,18,36,7,0.003245,True
ws_000641.txt,34,68,12,0.026067,True
ws_000642.txt,15,30,5,0.00186,True
ws_000643.txt,19,38,7,0.003898,True
ws_000644.txt,29,58,10,0.010828,True
ws_000645.txt,28,56,10,0.013276,True
ws_000646.txt,28,56,10,0.012783,True
ws_000647.txt,15,30,6,0.002522,True
ws_000648.txt,19,38,6,0.003551,True
ws_000649.txt,26,52,9,0.01262,True
ws_000650.txt,32,64,11,0.017785,True
ws_000651.txt,15,30,6,0.003436,True
ws_000652.txt,15,30,6,0.002236,True
ws_000653.txt,21,42,8,0.004184,True
ws_000654.txt,15,30,5,0.002139,True
ws_000655.txt,31,62,11,0.01783,True
ws_000656.txt,15,30,6,0.002006,True
ws_000657.txt,27,54,10,0.010294,True
ws_000658.txt,15,30,6,0.002284,True
ws_000659.txt,26,52,9,0.008933,True
ws_000660.txt,26,52,9,0.010477,True
ws_000661.txt,16,32,6,0.002623,True
ws_000662.txt,21,42,7,0.004074,True
ws_000663.txt,21,42,8,0.004214,True
ws_000664.txt,31,62,10,0.018375,True
ws_000665.txt,21,42,7,0.004391,True
ws_000666.txt,24,48,8,0.00844,True
ws_000667.txt,21,42,8,0.00415,True
ws_000668.txt,29,58,9,0.009991,True
ws_000669.txt,21,42,8,0.004391,True
ws_000670.txt,15,30,6,0.002171,True
ws_000671.txt,26,52,9,0.009342,True
ws_000672.txt,18,36,7,0.003147,True
ws_000673.txt,20,40,6,0.003514,True
ws_000674.txt,33,66,12,0.016499,True
ws_000675.txt,15,30,5,0.00284,True
ws_000676.txt,32,64,10,0.027058,True
ws_000677.txt,33,66,11,0.017507,True
ws_000678.txt,27,54,9,0.009502,True
ws_000679.txt,32,64,11,0.015057,True
ws_000680.txt,19,38,7,0.003345,True
ws_000681.txt,22,44,8,0.006996,True
ws_000682.txt,22,44,7,0.008226,True
ws_000683.txt,35,70,10,0.021692,True
ws_000684.txt,25,50,9,0.008405,True
ws_000685.txt,34,68,12,0.020591,True
ws_000686.txt,32,64,11,0.016345,True
ws_000687.txt,33,66,12,0.015151,True
ws_000688.txt,31,62,11,0.02087,True
ws_000689.txt,23,46,8,0.007801,True
ws_000690.txt,24,48,8,0.010001,True
ws_000691.txt,26,52,9,0.009047,True
ws_000692.txt,29,58,10,0.013275,True
ws_000693.txt,32,64,11,0.015063,True
ws_000694.txt,23,46,8,0.00722,True
ws_000695.txt,31,62,11,0.015815,True
ws_000696.txt,23,46,8,0.008006,True
ws_000697.txt,30,60,11,0.015373,True
ws_000698.txt,31,62,11,0.015663,True
ws_000699.txt,30,60,10,0.015227,True
ws_000700.txt,17,34,6,0.002984,True
ws_000701.txt,20,40,7,0.00423,True
ws_000702.txt,23,46,8,0.00826,True
ws_000703.txt,15,30,6,0.006333,True
ws_000704.txt,28,56,10,0.013878,True
ws_000705.txt,18,36,7,0.003084,True
ws_000706.txt,15,30,5,0.002476,True
ws_000707.txt,24,48,8,0.00836,True
ws_000708.txt,28,56,9,0.011411,True
ws_000709.txt,32,64,11,0.019787,True
ws_000710.txt,20,40,7,0.004158,True
ws_000711.txt,17,34,6,0.002623,True
ws_000712.txt,34,68,12,0.019911,True
ws_000713.txt,34,68,12,0.024535,True
ws_000714.txt,15,30,6,0.002414,True
ws_000715.txt,24,48,8,0.008962,True
ws_000716.txt,35,70,12,0.021147,True
ws_000717.txt,35,70,12,0.021001,True
ws_000718.txt,24,48,8,0.008004,True
ws_000719.txt,29,58,9,0.011919,True
ws_000720.txt,17,34,6,0.005351,True
ws_000721.txt,16,32,5,0.002442,True
ws_000722.txt,15,30,5,0.001828,True
ws_000723.txt,22,44,8,0.008509,True
ws_000724.txt,16,32,6,0.002468,True
ws_000725.txt,22,44,8,0.007784,True
ws_000726.txt,28,56,10,0.011939,True
ws_000727.txt,28,56,10,0.011306,True
ws_000728.txt,22,44,8,0.007577,True
ws_000729.txt,24,48,8,0.010958,True
ws_000730.txt,30,60,10,0.014808,True
ws_000731.txt,25,50,9,0.010225,True
ws_000732.txt,34,68,12,0.019826,True
ws_000733.txt,29,58,11,0.014266,True
ws_000734.txt,17,34,6,0.002324,True
ws_000735.txt,18,36,6,0.002903,True
ws_000736.txt,35,70,12,0.019416,True
ws_000737.txt,33,66,11,0.015807,True
ws_000738.txt,25,50,9,0.009109,True
ws_000739.txt,33,66,11,0.022422,True
ws_000740.txt,29,58,10,0.012285,True
ws_000741.txt,21,42,7,0.00548,True
ws_000742.txt,22,44,8,0.008824,True
ws_000743.txt,21,42,7,0.004155,True
ws_000744.txt,29,58,10,0.014501,True
ws_000745.txt,25,50,9,0.010458,True
ws_000746.txt,18,36,7,0.003143,True
ws_000747.txt,29,58,10,0.01564,True
ws_000748.txt,22,44,8,0.00731,True
ws_000749.txt,22,44,7,0.007518,True
ws_000750.txt,25,50,9,0.008855,True
ws_000751.txt,28,56,9,0.012358,True
ws_000752.txt,33,66,12,0.015456,True
ws_000753.txt,27,54,10,0.014416,True
ws_000754.txt,26,52,9,0.016208,True
ws_000755.txt,31,62,10,0.023797,True
ws_000756.txt,18,36,6,0.003575,True
ws_000757.txt,23,46,8,0.006496,True
ws_000758.txt,33,66,11,0.016353,True
ws_000759.txt,32,64,11,0.01625,True
ws_000760.txt,20,40,7,0.003547,True
ws_000761.txt,24,48,9,0.008569,True
ws_000762.txt,32,64,11,0.015679,True
ws_000763.txt,24,48,9,0.008902,True
ws_000764.txt,19,38,7,0.00313,True
ws_000765.txt,29,58,10,0.01349,True
ws_000766.txt,33,66,11,0.013892,True
ws_000767.txt,28,56,9,0.011737,True
ws_000768.txt,22,44,8,0.006591,True
ws_000769.txt,30,60,11,0.0133,True
ws_000770.txt,19,38,6,0.003964,True
ws_000771.txt,15,30,6,0.002102,True
ws_000772.txt,17,34,6,0.003769,True
ws_000773.txt,24,48,9,0.009999,True
ws_000774.txt,34,68,12,0.016958,True
ws_000775.txt,33,66,11,0.01427,True
ws_000776.txt,28,56,9,0.010001,True
ws_000777.txt,30,60,10,0.01676,True
ws_000778.txt,34,68,12,0.017343,True
ws_000779.txt,27,54,9,0.010889,True
ws_000780.txt,23,46,8,0.007526,True
ws_000781.txt,21,42,7,0.003869,True
ws_000782.txt,18,36,6,0.004026,True
ws_000783.txt,34,68,12,0.017765,True
ws_000784.txt,29,58,10,0.012667,True
ws_000785.txt,15,30,6,0.002214,True
ws_000786.txt,23,46,8,0.007398,True
ws_000787.txt,15,30,6,0.0021,True
ws_000788.txt,22,44,8,0.007457,True
ws_000789.txt,27,54,9,0.011302,True
ws_000790.txt,22,44,7,0.006138,True
ws_000791.txt,28,56,9,0.011309,True
ws_000792.txt,25,50,9,0.009079,True
ws_000793.txt,31,62,10,0.01482,True
ws_000794.txt,18,36,6,0.002669,True
ws_000795.txt,15,30,6,0.002639,True
ws_000796.txt,34,68,12,0.019879,True
ws_000797.txt,33,66,11,0.022155,True
ws_000798.txt,17,34,7,0.003104,True
ws_000799.txt,32,64,11,0.017426,True
ws_000800.txt,20,40,7,0.003358,True
ws_000801.txt,30,60,10,0.019014,True
ws_000802.txt,22,44,7,0.00766,True
ws_000803.txt,32,64,11,0.020509,True
ws_000804.txt,17,34,6,0.004527,True
ws_000805.txt,25,50,9,0.011269,True
ws_000806.txt,34,68,11,0.021354,True
ws_000807.txt,19,38,7,0.003506,True
ws_000808.txt,25,50,9,0.011211,True
ws_000809.txt,19,38,7,0.005284,True
ws_000810.txt,22,44,8,0.011201,True
ws_000811.txt,21,42,7,0.003848,True
ws_000812.txt,19,38,6,0.003589,True
ws_000813.txt,31,62,10,0.014459,True
ws_000814.txt,33,66,11,0.014993,True
ws_000815.txt,19,38,6,0.005872,True
ws_000816.txt,29,58,10,0.012671,True
ws_000817.txt,31,62,11,0.016279,True
ws_000818.txt,29,58,9,0.012786,True
ws_000819.txt,29,58,10,0.011355,True
ws_000820.txt,15,30,5,0.002078,True
ws_000821.txt,33,66,12,0.019044,True
ws_000822.txt,25,50,9,0.011395,True
ws_000823.txt,18,36,6,0.003802,True
ws_000824.txt,18,36,6,0.00331,True
ws_000825.txt,31,62,11,0.014496,True
ws_000826.txt,23,46,8,0.00771,True
ws_000827.txt,20,40,6,0.004516,True
ws_000828.txt,20,40,7,0.004868,True
ws_000829.txt,16,32,6,0.002624,True
ws_000830.txt,20,40,7,0.005427,True
ws_000831.txt,29,58,11,0.01324,True
ws_000832.txt,24,48,8,0.007338,True
ws_000833.txt,24,48,7,0.008169,True
ws_000834.txt,21,42,7,0.003743,True
ws_000835.txt,24,48,9,0.011042,True
ws_000836.txt,21,42,7,0.003645,True
ws_000837.txt,23,46,9,0.008755,True
ws_000838.txt,23,46,8,0.008255,True
ws_000839.txt,31,62,11,0.015918,True
ws_000840.txt,30,60,10,0.01368,True
ws_000841.txt,21,42,7,0.00514,True
ws_000842.txt,32,64,11,0.015366,True
ws_000843.txt,30,60,11,0.021009,True
ws_000844.txt,20,40,7,0.003665,True
ws_000845.txt,26,52,9,0.010126,True
ws_000846.txt,25,50,8,0.008384,True
ws_000847.txt,18,36,6,0.003145,True
ws_000848.txt,20,40,7,0.003825,True
ws_000849.txt,32,64,11,0.016243,True
ws_000850.txt,23,46,8,0.006251,True
ws_000851.txt,31,62,10,0.013197,True
ws_000852.txt,22,44,7,0.010147,True
ws_000853.txt,30,60,10,0.013513,True
ws_000854.txt,29,58,10,0.011605,True
ws_000855.txt,23,46,8,0.007169,True
ws_000856.txt,34,68,12,0.016282,True
ws_000857.txt,35,70,12,0.019074,True
ws_000858.txt,24,48,8,0.010648,True
ws_000859.txt,15,30,4,0.001637,True
ws_000860.txt,30,60,11,0.014284,True
ws_000861.txt,26,52,9,0.009579,True
ws_000862.txt,25,50,8,0.009032,True
ws_000863.txt,16,32,6,0.002642,True
ws_000864.txt,26,52,9,0.009522,True
ws_000865.txt,16,32,6,0.002258,True
ws_000866.txt,18,36,6,0.003069,True
ws_000867.txt,35,70,12,0.016132,True
ws_000868.txt,34,68,12,0.017507,True
ws_000869.txt,32,64,11,0.014987,True
ws_000870.txt,20,40,7,0.003676,True
ws_000871.txt,18,36,7,0.002852,True
ws_000872.txt,35,70,12,0.018047,True
ws_000873.txt,28,56,10,0.011711,True
ws_000874.txt,32,64,11,0.017916,True
ws_000875.txt,18,36,6,0.002635,True
ws_000876.txt,21,42,8,0.003738,True
ws_000877.txt,21,42,8,0.004465,True
ws_000878.txt,32,64,11,0.014916,True
ws_000879.txt,25,50,8,0.009319,True
ws_000880.txt,16,32,6,0.002385,True
ws_000881.txt,31,62,10,0.012987,True
ws_000882.txt,16,32,6,0.002802,True
ws_000883.txt,15,30,5,0.001839,True
ws_000884.txt,17,34,6,0.002714,True
ws_000885.txt,20,40,7,0.004005,True
ws_000886.txt,15,30,5,0.001785,True
ws_000887.txt,35,70,12,0.016945,True
ws_000888.txt,15,30,5,0.002256,True
ws_000889.txt,33,66,11,0.017594,True
ws_000890.txt,34,68,12,0.016146,True
ws_000891.txt,32,64,11,0.016883,True
ws_000892.txt,23,46,8,0.006958,True
ws_000893.txt,20,40,7,0.003431,True
ws_000894.txt,27,54,10,0.01042,True
ws_000895.txt,31,62,10,0.013883,True
ws_000896.txt,24,48,8,0.00747,True
ws_000897.txt,31,62,11,0.014367,True
ws_000898.txt,21,42,8,0.004112,True
ws_000899.txt,19,38,6,0.002998,True
ws_000900.txt,25,50,9,0.01059,True
ws_000901.txt,25,50,9,0.008388,True
ws_000902.txt,30,60,11,0.01417,True
ws_000903.txt,34,68,12,0.016352,True
ws_000904.txt,31,62,10,0.013803,True
ws_000905.txt,35,70,12,0.017471,True
ws_000906.txt,23,46,8,0.008308,True
ws_000907.txt,32,64,10,0.021503,True
ws_000908.txt,25,50,10,0.010234,True
ws_000909.txt,20,40,7,0.003745,True
ws_000910.txt,16,32,6,0.00259,True
ws_000911.txt,32,64,11,0.017791,True
ws_000912.txt,23,46,8,0.00925,True
ws_000913.txt,29,58,9,0.013781,True
ws_000914.txt,21,42,8,0.004694,True
ws_000915.txt,35,70,10,0.017128,True
ws_000916.txt,27,54,9,0.012404,True
ws_000917.txt,26,52,9,0.009734,True
ws_000918.txt,15,30,5,0.001998,True
ws_000919.txt,18,36,6,0.00357,True
ws_000920.txt,27,54,9,0.012372,True
ws_000921.txt,29,58,10,0.014642,True
ws_000922.txt,33,66,11,0.02303,True
ws_000923.txt,21,42,8,0.004257,True
ws_000924.txt,16,32,6,0.002287,True
ws_000925.txt,33,66,12,0.019384,True
ws_000926.txt,35,70,12,0.018822,True
ws_000927.txt,15,30,5,0.002005,True
ws_000928.txt,20,40,7,0.003744,True
ws_000929.txt,33,66,11,0.015508,True
ws_000930.txt,31,62,10,0.014217,True
ws_000931.txt,15,30,6,0.002277,True
ws_000932.txt,18,36,7,0.003092,True
ws_000933.txt,29,58,10,0.011977,True
ws_000934.txt,21,42,7,0.004404,True
ws_000935.txt,25,50,9,0.009245,True
ws_000936.txt,31,62,10,0.014826,True
ws_000937.txt,19,38,7,0.004034,True
ws_000938.txt,20,40,7,0.005117,True
ws_000939.txt,31,62,11,0.014988,True
ws_000940.txt,33,66,11,0.018531,True
ws_000941.txt,28,56,9,0.012791,True
ws_000942.txt,24,48,8,0.010748,True
ws_000943.txt,24,48,9,0.010001,True
ws_000944.txt,25,50,9,0.008386,True
ws_000945.txt,20,40,8,0.004789,True
ws_000946.txt,23,46,7,0.009452,True
ws_000947.txt,30,60,10,0.022706,True
ws_000948.txt,16,32,6,0.002335,True
ws_000949.txt,35,70,12,0.020334,True
ws_000950.txt,28,56,9,0.010381,True
ws_000951.txt,29,58,10,0.012588,True
ws_000952.txt,25,50,8,0.012542,True
ws_000953.txt,30,60,10,0.014463,True
ws_000954.txt,15,30,6,0.002299,True
ws_000955.txt,27,54,10,0.011357,True
ws_000956.txt,17,34,5,0.002328,True
ws_000957.txt,26,52,9,0.00942,True
ws_000958.txt,30,60,11,0.013197,True
ws_000959.txt,22,44,8,0.007646,True
ws_000960.txt,28,56,10,0.01204,True
ws_000961.txt,16,32,6,0.00255,True
ws_000962.txt,19,38,7,0.003763,True
ws_000963.txt,19,38,7,0.003482,True
ws_000964.txt,22,44,8,0.007642,True
ws_000965.txt,23,46,8,0.008332,True
ws_000966.txt,23,46,8,0.007647,True
ws_000967.txt,15,30,5,0.001924,True
ws_000968.txt,25,50,9,0.009919,True
ws_000969.txt,35,70,12,0.017107,True
ws_000970.txt,21,42,7,0.003711,True
ws_000971.txt,26,52,9,0.009753,True
ws_000972.txt,22,44,7,0.005693,True
ws_000973.txt,31,62,11,0.015531,True
ws_000974.txt,27,54,9,0.010377,True
ws_000975.txt,32,64,11,0.023665,True
ws_000976.txt,29,58,10,0.011761,True
ws_000977.txt,28,56,10,0.012052,True
ws_000978.txt,25,50,8,0.012471,True
ws_000979.txt,24,48,8,0.008327,True
ws_000980.txt,35,70,13,0.020462,True
ws_000981.txt,33,66,11,0.015999,True
ws_000982.txt,22,44,8,0.007202,True
ws_000983.txt,27,54,10,0.011726,True
ws_000984.txt,29,58,10,0.015696,True
ws_000985.txt,24,48,9,0.008267,True
ws_000986.txt,22,44,8,0.006641,True
ws_000987.txt,27,54,9,0.012201,True
ws_000988.txt,33,66,11,0.021924,True
ws_000989.txt,27,54,9,0.011744,True
ws_000990.txt,24,48,9,0.008786,True
ws_000991.txt,23,46,8,0.006806,True
ws_000992.txt,22,44,8,0.006568,True
ws_000993.txt,23,46,8,0.010166,True
ws_000994.txt,24,48,8,0.009467,True
ws_000995.txt,31,62,10,0.014246,True
ws_000996.txt,27,54,9,0.013425,True
ws_000997.txt,20,40,7,0.003484,True
ws_000998.txt,17,34,6,0.002671,True
ws_000999.txt,17,34,6,0.002519,True
ws_001000.txt,26,52,9,0.011637,True
ws_001001.txt,19,38,7,0.003415,True
ws_001002.txt,32,64,11,0.014945,True
ws_001003.txt,34,68,12,0.018781,True
ws_001004.txt,16,32,6,0.002286,True
ws_001005.txt,21,42,7,0.003874,True
ws_001006.txt,20,40,7,0.003749,True
ws_001007.txt,20,40,7,0.003462,True
ws_001008.txt,26,52,8,0.007984,True
ws_001009.txt,21,42,7,0.003679,True
ws_001010.txt,26,52,9,0.008966,True
ws_001011.txt,21,42,7,0.00431,True
ws_001012.txt,17,34,6,0.002508,True
ws_001013.txt,15,30,5,0.002049,True
ws_001014.txt,21,42,7,0.003759,True
ws_001015.txt,26,52,9,0.011268,True
ws_001016.txt,30,60,10,0.014911,True
ws_001017.txt,23,46,8,0.007388,True
ws_001018.txt,33,66,11,0.016045,True
ws_001019.txt,32,64,11,0.015356,True
ws_001020.txt,22,44,8,0.006728,True
ws_001021.txt,23,46,8,0.006985,True
ws_001022.txt,22,44,8,0.006721,True
ws_001023.txt,15,30,5,0.001844,True
ws_001024.txt,31,62,10,0.015449,True
ws_001025.txt,34,68,11,0.020495,True
ws_001026.txt,21,42,7,0.004683,True
ws_001027.txt,15,30,5,0.002409,True
ws_001028.txt,27,54,10,0.012911,True
ws_001029.txt,20,40,6,0.003851,True
ws_001030.txt,16,32,6,0.002417,True
ws_001031.txt,34,68,12,0.016398,True
ws_001032.txt,24,48,9,0.009937,True
ws_001033.txt,18,36,6,0.003001,True
ws_001034.txt,18,36,7,0.003076,True
ws_001035.txt,33,66,12,0.015787,True
ws_001036.txt,18,36,6,0.0029,True
ws_001037.txt,15,30,6,0.002552,True
ws_001038.txt,26,52,9,0.009613,True
ws_001039.txt,15,30,5,0.002245,True
ws_001040.txt,15,30,6,0.002126,True
ws_001041.txt,29,58,10,0.012669,True
ws_001042.txt,33,66,11,0.016354,True
ws_001043.txt,27,54,9,0.012928,True
ws_001044.txt,17,34,6,0.003105,True
ws_001045.txt,34,68,11,0.018899,True
ws_001046.txt,20,40,7,0.00352,True
ws_001047.txt,28,56,10,0.012887,True
ws_001048.txt,28,56,10,0.015895,True
ws_001049.txt,18,36,7,0.003132,True
ws_001050.txt,17,34,6,0.003165,True
ws_001051.txt,18,36,7,0.003401,True
ws_001052.txt,19,38,6,0.007678,True
ws_001053.txt,27,54,10,0.02216,True
ws_001054.txt,25,50,9,0.021223,True
ws_001055.txt,29,58,10,0.018243,True
ws_001056.txt,25,50,9,0.012638,True
ws_001057.txt,21,42,7,0.003666,True
ws_001058.txt,19,38,6,0.004548,True
ws_001059.txt,16,32,6,0.002649,True
ws_001060.txt,22,44,8,0.011832,True
ws_001061.txt,18,36,6,0.003196,True
ws_001062.txt,31,62,11,0.016359,True
ws_001063.txt,27,54,9,0.012189,True
ws_001064.txt,31,62,11,0.016676,True
ws_001065.txt,15,30,6,0.002453,True
ws_001066.txt,16,32,5,0.003191,True
ws_001067.txt,21,42,7,0.00377,True
ws_001068.txt,21,42,7,0.004588,True
ws_001069.txt,35,70,12,0.019285,True
ws_001070.txt,16,32,6,0.002409,True
ws_001071.txt,28,56,10,0.013021,True
ws_001072.txt,23,46,8,0.009068,True
ws_001073.txt,27,54,9,0.01158,True
ws_001074.txt,16,32,5,0.003436,True
ws_001075.txt,16,32,6,0.002327,True
ws_001076.txt,23,46,8,0.006841,True
ws_001077.txt,26,52,9,0.010256,True
ws_001078.txt,30,60,11,0.015728,True
ws_001079.txt,30,60,10,0.013283,True
ws_001080.txt,23,46,8,0.009032,True
ws_001081.txt,19,38,7,0.003275,True
ws_001082.txt,32,64,10,0.020219,True
ws_001083.txt,24,48,9,0.010204,True
ws_001084.txt,23,46,8,0.007219,True
ws_001085.txt,23,46,8,0.009734,True
ws_001086.txt,21,42,7,0.004703,True
ws_001087.txt,19,38,7,0.003601,True
ws_001088.txt,23,46,9,0.009,True
ws_001089.txt,25,50,9,0.011226,True
ws_001090.txt,34,68,12,0.019173,True
ws_001091.txt,33,66,12,0.017266,True
ws_001092.txt,32,64,10,0.024677,True
ws_001093.txt,32,64,11,0.030804,True
ws_001094.txt,32,64,11,0.019549,True
ws_001095.txt,18,36,7,0.003373,True
ws_001096.txt,26,52,9,0.01105,True
ws_001097.txt,26,52,9,0.011825,True
ws_001098.txt,34,68,12,0.016685,True
ws_001099.txt,35,70,12,0.017792,True
ws_001100.txt,15,30,6,0.002399,True
ws_001101.txt,27,54,9,0.011461,True
ws_001102.txt,33,66,11,0.02023,True
ws_001103.txt,29,58,10,0.013862,True
ws_001104.txt,31,62,10,0.023903,True
ws_001105.txt,32,64,11,0.020218,True
ws_001106.txt,31,62,10,0.015147,True
ws_001107.txt,33,66,12,0.020908,True
ws_001108.txt,20,40,7,0.003975,True
ws_001109.txt,33,66,12,0.019676,True
ws_001110.txt,23,46,8,0.006956,True
ws_001111.txt,29,58,10,0.014978,True
ws_001112.txt,20,40,7,0.003452,True
ws_001113.txt,35,70,12,0.024186,True
ws_001114.txt,23,46,8,0.008876,True
ws_001115.txt,34,68,11,0.017219,True
ws_001116.txt,20,40,7,0.004716,True
ws_001117.txt,30,60,11,0.015536,True
ws_001118.txt,15,30,5,0.00223,True
ws_001119.txt,16,32,6,0.003109,True
ws_001120.txt,35,70,12,0.02147,True
ws_001121.txt,28,56,10,0.010978,True
ws_001122.txt,34,68,12,0.016181,True
ws_001123.txt,19,38,7,0.003539,True
ws_001124.txt,23,46,8,0.007431,True
ws_001125.txt,21,42,7,0.00482,True
ws_001126.txt,21,42,7,0.004227,True
ws_001127.txt,17,34,6,0.003071,True
ws_001128.txt,27,54,9,0.010381,True
ws_001129.txt,17,34,6,0.002659,True
ws_001130.txt,33,66,12,0.01672,True
ws_001131.txt,20,40,7,0.003773,True
ws_001132.txt,16,32,6,0.002524,True
ws_001133.txt,27,54,10,0.011188,True
ws_001134.txt,28,56,10,0.01214,True
ws_001135.txt,21,42,7,0.004502,True
ws_001136.txt,15,30,5,0.001827,True
ws_001137.txt,25,50,9,0.010599,True
ws_001138.txt,28,56,10,0.011875,True
ws_001139.txt,28,56,10,0.010689,True
ws_001140.txt,27,54,9,0.011145,True
ws_001141.txt,18,36,6,0.003736,True
ws_001142.txt,35,70,11,0.024901,True
ws_001143.txt,24,48,7,0.00945,True
ws_001144.txt,35,70,12,0.020181,True
ws_001145.txt,30,60,10,0.012263,True
ws_001146.txt,25,50,9,0.009198,True
ws_001147.txt,31,62,11,0.014325,True
ws_001148.txt,26,52,9,0.010672,True
ws_001149.txt,16,32,5,0.002398,True
ws_001150.txt,21,42,7,0.003936,True
ws_001151.txt,24,48,9,0.008566,True
ws_001152.txt,34,68,10,0.019055,True
ws_001153.txt,17,34,6,0.005068,True
ws_001154.txt,18,36,6,0.002891,True
ws_001155.txt,34,68,11,0.018704,True
ws_001156.txt,34,68,11,0.016038,True
ws_001157.txt,20,40,7,0.004566,True
ws_001158.txt,20,40,7,0.003567,True
ws_001159.txt,29,58,10,0.015124,True
ws_001160.txt,30,60,11,0.014653,True
ws_001161.txt,20,40,8,0.003957,True
ws_001162.txt,27,54,9,0.009517,True
ws_001163.txt,30,60,10,0.014111,True
ws_001164.txt,28,56,9,0.011583,True
ws_001165.txt,21,42,7,0.005169,True
ws_001166.txt,26,52,9,0.008696,True
ws_001167.txt,18,36,7,0.002929,True
ws_001168.txt,17,34,6,0.002292,True
ws_001169.txt,23,46,8,0.00684,True
ws_001170.txt,32,64,12,0.016795,True
ws_001171.txt,34,68,12,0.016449,True
ws_001172.txt,30,60,10,0.014747,True
ws_001173.txt,32,64,10,0.017618,True
ws_001174.txt,15,30,6,0.002489,True
ws_001175.txt,34,68,11,0.017779,True
ws_001176.txt,20,40,8,0.004685,True
ws_001177.txt,15,30,5,0.002357,True
ws_001178.txt,31,62,10,0.013081,True
ws_001179.txt,16,32,6,0.002352,True
ws_001180.txt,33,66,12,0.016988,True
ws_001181.txt,23,46,8,0.006112,True
ws_001182.txt,19,38,7,0.003246,True
ws_001183.txt,24,48,9,0.011488,True
ws_001184.txt,24,48,8,0.008987,True
ws_001185.txt,18,36,7,0.002956,True
ws_001186.txt,17,34,6,0.002597,True
ws_001187.txt,35,70,12,0.018963,True
ws_001188.txt,21,42,7,0.00422,True
ws_001189.txt,34,68,12,0.016958,True
ws_001190.txt,28,56,10,0.012231,True
ws_001191.txt,30,60,10,0.015358,True
ws_001192.txt,33,66,11,0.017631,True
ws_001193.txt,26,52,10,0.013378,True
ws_001194.txt,31,62,10,0.013868,True
ws_001195.txt,32,64,11,0.015044,True
ws_001196.txt,32,64,11,0.015941,True
ws_001197.txt,15,30,5,0.002069,True
ws_001198.txt,34,68,12,0.018047,True
ws_001199.txt,32,64,11,0.014376,True
ws_001200.txt,15,30,5,0.002253,True
ws_001201.txt,33,66,11,0.015146,True
ws_001202.txt,25,50,8,0.007927,True
ws_001203.txt,28,56,10,0.012813,True
ws_001204.txt,28,56,10,0.012647,True
ws_001205.txt,24,48,9,0.008015,True
ws_001206.txt,17,34,7,0.003098,True
ws_001207.txt,17,34,6,0.002934,True
ws_001208.txt,29,58,10,0.012761,True
ws_001209.txt,24,48,8,0.009553,True
ws_001210.txt,30,60,10,0.014461,True
ws_001211.txt,28,56,9,0.012147,True
ws_001212.txt,18,36,7,0.003441,True
ws_001213.txt,18,36,6,0.003469,True
ws_001214.txt,19,38,7,0.003184,True
ws_001215.txt,30,60,10,0.01449,True
ws_001216.txt,17,34,6,0.002955,True
ws_001217.txt,30,60,10,0.012497,True
ws_001218.txt,30,60,10,0.012572,True
ws_001219.txt,18,36,7,0.004007,True
ws_001220.txt,29,58,10,0.013609,True
ws_001221.txt,27,54,10,0.01187,True
ws_001222.txt,16,32,6,0.002254,True
ws_001223.txt,32,64,11,0.017743,True
ws_001224.txt,22,44,8,0.006707,True
ws_001225.txt,19,38,6,0.003648,True
ws_001226.txt,25,50,9,0.009011,True
ws_001227.txt,25,50,9,0.00919,True
ws_001228.txt,17,34,6,0.002427,True
ws_001229.txt,27,54,9,0.010252,True
ws_001230.txt,19,38,7,0.003428,True
ws_001231.txt,30,60,10,0.014676,True
ws_001232.txt,30,60,11,0.012983,True
ws_001233.txt,21,42,7,0.004009,True
ws_001234.txt,19,38,7,0.003172,True
ws_001235.txt,31,62,11,0.014021,True
ws_001236.txt,18,36,6,0.003034,True
ws_001237.txt,24,48,9,0.009314,True
ws_001238.txt,27,54,10,0.011533,True
ws_001239.txt,18,36,7,0.002954,True
ws_001240.txt,30,60,11,0.014313,True
ws_001241.txt,35,70,12,0.018427,True
ws_001242.txt,33,66,11,0.013063,True
ws_001243.txt,15,30,6,0.001986,True
ws_001244.txt,16,32,6,0.002433,True
ws_001245.txt,30,60,10,0.013953,True
ws_001246.txt,21,42,7,0.004387,True
ws_001247.txt,29,58,10,0.012005,True
ws_001248.txt,30,60,10,0.012633,True
ws_001249.txt,33,66,11,0.015434,True
ws_001250.txt,17,34,6,0.002597,True
ws_001251.txt,16,32,6,0.002457,True
ws_001252.txt,22,44,7,0.007224,True
ws_001253.txt,26,52,8,0.010631,True
ws_001254.txt,35,70,11,0.017474,True
ws_001255.txt,25,50,9,0.00925,True
ws_001256.txt,32,64,10,0.01556,True
ws_001257.txt,20,40,7,0.004269,True
ws_001258.txt,19,38,7,0.003616,True
ws_001259.txt,32,64,11,0.014398,True
ws_001260.txt,29,58,10,0.012894,True
ws_001261.txt,16,32,6,0.002284,True
ws_001262.txt,35,70,12,0.017908,True
ws_001263.txt,33,66,10,0.014728,True
ws_001264.txt,24,48,8,0.007354,True
ws_001265.txt,31,62,10,0.015707,True
ws_001266.txt,18,36,7,0.003163,True
ws_001267.txt,34,68,12,0.016999,True
ws_001268.txt,22,44,8,0.006975,True
ws_001269.txt,34,68,11,0.015727,True
ws_001270.txt,32,64,11,0.017647,True
ws_001271.txt,32,64,11,0.013242,True
ws_001272.txt,19,38,6,0.003162,True
ws_001273.txt,33,66,12,0.014825,True
ws_001274.txt,20,40,7,0.003661,True
ws_001275.txt,23,46,8,0.006907,True
ws_001276.txt,27,54,9,0.010562,True
ws_001277.txt,21,42,7,0.003903,True
ws_001278.txt,33,66,11,0.01755,True
ws_001279.txt,32,64,11,0.016056,True
ws_001280.txt,27,54,9,0.009273,True
ws_001281.txt,30,60,10,0.015054,True
ws_001282.txt,31,62,11,0.015562,True
ws_001283.txt,30,60,11,0.014322,True
ws_001284.txt,17,34,6,0.002635,True
ws_001285.txt,27,54,9,0.010096,True
ws_001286.txt,17,34,7,0.002847,True
ws_001287.txt,33,66,11,0.015953,True
ws_001288.txt,33,66,11,0.014987,True
ws_001289.txt,34,68,12,0.018547,True
ws_001290.txt,34,68,11,0.024394,True
ws_001291.txt,22,44,8,0.007338,True
ws_001292.txt,18,36,6,0.003176,True
ws_001293.txt,32,64,11,0.015304,True
ws_001294.txt,19,38,7,0.002942,True
ws_001295.txt,20,40,7,0.003389,True
ws_001296.txt,35,70,12,0.019258,True
ws_001297.txt,15,30,6,0.003158,True
ws_001298.txt,23,46,8,0.007674,True
ws_001299.txt,26,52,9,0.011653,True
ws_001300.txt,22,44,8,0.008703,True
ws_001301.txt,23,46,9,0.007575,True
ws_001302.txt,19,38,7,0.003644,True
ws_001303.txt,18,36,6,0.002967,True
ws_001304.txt,35,70,12,0.019577,True
ws_001305.txt,16,32,6,0.002576,True
ws_001306.txt,21,42,8,0.004091,True
ws_001307.txt,26,52,9,0.010371,True
ws_001308.txt,21,42,8,0.004057,True
ws_001309.txt,35,70,13,0.019337,True
ws_001310.txt,28,56,10,0.013483,True
ws_001311.txt,17,34,6,0.003056,True
ws_001312.txt,31,62,11,0.013531,True
ws_001313.txt,15,30,5,0.002917,True
ws_001314.txt,23,46,8,0.010561,True
ws_001315.txt,24,48,9,0.009885,True
ws_001316.txt,31,62,10,0.013816,True
ws_001317.txt,18,36,6,0.003317,True
ws_001318.txt,23,46,9,0.00835,True
ws_001319.txt,31,62,10,0.017382,True
ws_001320.txt,18,36,6,0.003554,True
ws_001321.txt,18,36,7,0.00321,True
ws_001322.txt,16,32,6,0.002462,True
ws_001323.txt,24,48,8,0.007584,True
ws_001324.txt,30,60,11,0.013274,True
ws_001325.txt,34,68,11,0.015914,True
ws_001326.txt,31,62,11,0.018234,True
ws_001327.txt,28,56,10,0.012502,True
ws_001328.txt,32,64,11,0.017653,True
ws_001329.txt,35,70,12,0.01757,True
ws_001330.txt,34,68,11,0.015967,True
ws_001331.txt,28,56,10,0.013337,True
ws_001332.txt,15,30,5,0.001848,True
ws_001333.txt,20,40,7,0.004102,True
ws_001334.txt,16,32,5,0.002417,True
ws_001335.txt,35,70,12,0.020157,True
ws_001336.txt,27,54,10,0.012578,True
ws_001337.txt,34,68,12,0.017586,True
ws_001338.txt,19,38,7,0.004079,True
ws_001339.txt,17,34,7,0.002921,True
ws_001340.txt,25,50,8,0.008702,True
ws_001341.txt,20,40,7,0.004593,True
ws_001342.txt,22,44,7,0.007125,True
ws_001343.txt,17,34,5,0.003819,True
ws_001344.txt,34,68,12,0.017421,True
ws_001345.txt,31,62,10,0.011873,True
ws_001346.txt,28,56,9,0.012008,True
ws_001347.txt,21,42,7,0.003982,True
ws_001348.txt,23,46,9,0.008075,True
ws_001349.txt,31,62,10,0.013633,True
ws_001350.txt,18,36,6,0.002971,True
ws_001351.txt,17,34,6,0.002918,True
ws_001352.txt,22,44,8,0.007087,True
ws_001353.txt,23,46,8,0.006259,True
ws_001354.txt,31,62,10,0.013287,True
ws_001355.txt,15,30,5,0.002379,True
ws_001356.txt,17,34,5,0.002149,True
ws_001357.txt,22,44,8,0.007034,True
ws_001358.txt,26,52,8,0.008831,True
ws_001359.txt,23,46,8,0.007577,True
ws_001360.txt,19,38,7,0.003387,True
ws_001361.txt,21,42,8,0.004365,True
ws_001362.txt,33,66,12,0.017832,True
ws_001363.txt,28,56,10,0.012608,True
ws_001364.txt,28,56,10,0.012998,True
ws_001365.txt,26,52,9,0.009813,True
ws_001366.txt,33,66,11,0.016545,True
ws_001367.txt,25,50,9,0.008983,True
ws_001368.txt,22,44,8,0.006705,True
ws_001369.txt,35,70,11,0.017822,True
ws_001370.txt,27,54,9,0.011242,True
ws_001371.txt,23,46,8,0.006713,True
ws_001372.txt,33,66,12,0.016857,True
ws_001373.txt,20,40,7,0.003785,True
ws_001374.txt,32,64,11,0.016145,True
ws_001375.txt,26,52,9,0.013331,True
ws_001376.txt,29,58,10,0.013763,True
ws_001377.txt,18,36,7,0.003231,True
ws_001378.txt,15,30,5,0.001859,True
ws_001379.txt,28,56,10,0.011044,True
ws_001380.txt,19,38,6,0.00312,True
ws_001381.txt,22,44,7,0.006441,True
ws_001382.txt,15,30,6,0.001959,True
ws_001383.txt,26,52,8,0.010903,True
ws_001384.txt,18,36,6,0.002925,True
ws_001385.txt,17,34,6,0.002898,True
ws_001386.txt,32,64,11,0.015942,True
ws_001387.txt,25,50,9,0.010079,True
ws_001388.txt,21,42,7,0.004808,True
ws_001389.txt,15,30,5,0.001984,True
ws_001390.txt,35,70,12,0.020213,True
ws_001391.txt,16,32,6,0.002539,True
ws_001392.txt,34,68,12,0.018111,True
ws_001393.txt,21,42,7,0.004,True
ws_001394.txt,27,54,9,0.010743,True
ws_001395.txt,26,52,9,0.0115,True
ws_001396.txt,15,30,5,0.00236,True
ws_001397.txt,24,48,8,0.010988,True
ws_001398.txt,23,46,8,0.007435,True
ws_001399.txt,26,52,8,0.013214,True
ws_001400.txt,35,70,12,0.020215,True
ws_001401.txt,26,52,9,0.009881,True
ws_001402.txt,33,66,11,0.015731,True
ws_001403.txt,34,68,12,0.018204,True
ws_001404.txt,24,48,9,0.008179,True
ws_001405.txt,21,42,7,0.004073,True
ws_001406.txt,28,56,9,0.014201,True
ws_001407.txt,34,68,12,0.018043,True
ws_001408.txt,16,32,6,0.002491,True
ws_001409.txt,23,46,8,0.006975,True
ws_001410.txt,30,60,11,0.016803,True
ws_001411.txt,29,58,11,0.012036,True
ws_001412.txt,17,34,6,0.002553,True
ws_001413.txt,23,46,8,0.00855,True
ws_001414.txt,32,64,11,0.0144,True
ws_001415.txt,23,46,8,0.007824,True
ws_001416.txt,16,32,6,0.002302,True
ws_001417.txt,35,70,12,0.01684,True
ws_001418.txt,31,62,11,0.015858,True
ws_001419.txt,15,30,5,0.001815,True
ws_001420.txt,24,48,8,0.007295,True
ws_001421.txt,31,62,11,0.015673,True
ws_001422.txt,20,40,7,0.003815,True
ws_001423.txt,21,42,7,0.004176,True
ws_001424.txt,15,30,5,0.002469,True
ws_001425.txt,33,66,11,0.013943,True
ws_001426.txt,29,58,10,0.012545,True
ws_001427.txt,30,60,11,0.01789,True
ws_001428.txt,26,52,9,0.010284,True
ws_001429.txt,25,50,9,0.009763,True
ws_001430.txt,22,44,8,0.006634,True
ws_001431.txt,34,68,11,0.016452,True
ws_001432.txt,30,60,11,0.012567,True
ws_001433.txt,28,56,9,0.012528,True
ws_001434.txt,33,66,12,0.016968,True
ws_001435.txt,17,34,6,0.002589,True
ws_001436.txt,34,68,12,0.018976,True
ws_001437.txt,28,56,10,0.012243,True
ws_001438.txt,19,38,7,0.00341,True
ws_001439.txt,16,32,6,0.002514,True
ws_001440.txt,28,56,10,0.01068,True
ws_001441.txt,27,54,10,0.010974,True
ws_001442.txt,24,48,9,0.00905,True
ws_001443.txt,22,44,7,0.008044,True
ws_001444.txt,32,64,12,0.017318,True
ws_001445.txt,35,70,12,0.020662,True
ws_001446.txt,26,52,9,0.011468,True
ws_001447.txt,19,38,7,0.005213,True
ws_001448.txt,28,56,10,0.01166,True
ws_001449.txt,29,58,10,0.012133,True
ws_001450.txt,30,60,10,0.012509,True
ws_001451.txt,15,30,6,0.00246,True
ws_001452.txt,20,40,7,0.00393,True
ws_001453.txt,20,40,7,0.003509,True
ws_001454.txt,31,62,10,0.016887,True
ws_001455.txt,15,30,6,0.002223,True
ws_001456.txt,21,42,8,0.004114,True
ws_001457.txt,22,44,8,0.007181,True
ws_001458.txt,34,68,12,0.019249,True
ws_001459.txt,35,70,12,0.017537,True
ws_001460.txt,29,58,10,0.014144,True
ws_001461.txt,34,68,11,0.01457,True
ws_001462.txt,25,50,9,0.009974,True
ws_001463.txt,23,46,8,0.007776,True
ws_001464.txt,24,48,8,0.008282,True
ws_001465.txt,21,42,8,0.004244,True
ws_001466.txt,26,52,9,0.010201,True
ws_001467.txt,18,36,7,0.003191,True
ws_001468.txt,25,50,9,0.009354,True
ws_001469.txt,33,66,11,0.017081,True
ws_001470.txt,17,34,6,0.00257,True
ws_001471.txt,31,62,11,0.01481,True
ws_001472.txt,17,34,6,0.002608,True
ws_001473.txt,20,40,7,0.005241,True
ws_001474.txt,34,68,12,0.018073,True
ws_001475.txt,15,30,5,0.002348,True
ws_001476.txt,31,62,10,0.012754,True
ws_001477.txt,18,36,7,0.00305,True
ws_001478.txt,25,50,9,0.009047,True
ws_001479.txt,35,70,13,0.018003,True
ws_001480.txt,20,40,8,0.004096,True
ws_001481.txt,30,60,11,0.013183,True
ws_001482.txt,18,36,6,0.002846,True
ws_001483.txt,28,56,9,0.011876,True
ws_001484.txt,35,70,12,0.020105,True
ws_001485.txt,29,58,10,0.016618,True
ws_001486.txt,15,30,6,0.002164,True
ws_001487.txt,18,36,6,0.002811,True
ws_001488.txt,23,46,8,0.009912,True
ws_001489.txt,29,58,10,0.012447,True
ws_001490.txt,27,54,10,0.014673,True
ws_001491.txt,33,66,11,0.017935,True
ws_001492.txt,34,68,12,0.016849,True
ws_001493.txt,29,58,10,0.015191,True
ws_001494.txt,33,66,11,0.017604,True
ws_001495.txt,20,40,7,0.003918,True
ws_001496.txt,19,38,7,0.003434,True
ws_001497.txt,23,46,8,0.00706,True
ws_001498.txt,20,40,7,0.004111,True
ws_001499.txt,34,68,11,0.015062,True
ws_001500.txt,16,32,5,0.003225,True
ws_001501.txt,28,56,9,0.010922,True
ws_001502.txt,34,68,12,0.019092,True
ws_001503.txt,35,70,12,0.018832,True
ws_001504.txt,31,62,11,0.014937,True
ws_001505.txt,29,58,10,0.012629,True
ws_001506.txt,29,58,10,0.01239,True
ws_001507.txt,28,56,9,0.011619,True
ws_001508.txt,27,54,9,0.010964,True
ws_001509.txt,30,60,10,0.013605,True
ws_001510.txt,24,48,8,0.008505,True
ws_001511.txt,35,70,12,0.017583,True
ws_001512.txt,31,62,10,0.01394,True
ws_001513.txt,23,46,8,0.006479,True
ws_001514.txt,33,66,12,0.016435,True
ws_001515.txt,30,60,10,0.013949,True
ws_001516.txt,35,70,12,0.017531,True
ws_001517.txt,26,52,9,0.010509,True
ws_001518.txt,24,48,8,0.009604,True
ws_001519.txt,26,52,9,0.009531,True
ws_001520.txt,32,64,11,0.01591,True
ws_001521.txt,24,48,8,0.00758,True
ws_001522.txt,17,34,6,0.002783,True
ws_001523.txt,25,50,9,0.009839,True
ws_001524.txt,31,62,10,0.012137,True
ws_001525.txt,33,66,10,0.015674,True
ws_001526.txt,31,62,10,0.013196,True
ws_001527.txt,23,46,7,0.006747,True
ws_001528.txt,19,38,6,0.002812,True
ws_001529.txt,16,32,5,0.002096,True
ws_001530.txt,30,60,10,0.013213,True
ws_001531.txt,26,52,9,0.009823,True
ws_001532.txt,34,68,12,0.016536,True
ws_001533.txt,33,66,11,0.017107,True
ws_001534.txt,20,40,7,0.004209,True
ws_001535.txt,17,34,6,0.002595,True
ws_001536.txt,35,70,12,0.019381,True
ws_001537.txt,30,60,10,0.013769,True
ws_001538.txt,23,46,8,0.006813,True
ws_001539.txt,22,44,8,0.00689,True
ws_001540.txt,32,64,11,0.016371,True
ws_001541.txt,34,68,13,0.023105,True
ws_001542.txt,29,58,10,0.014917,True
ws_001543.txt,17,34,6,0.002263,True
ws_001544.txt,16,32,6,0.002611,True
ws_001545.txt,24,48,8,0.008555,True
ws_001546.txt,19,38,7,0.003581,True
ws_001547.txt,18,36,6,0.002822,True
ws_001548.txt,34,68,11,0.016375,True
ws_001549.txt,25,50,8,0.007958,True
ws_001550.txt,25,50,9,0.010299,True
ws_001551.txt,26,52,9,0.01171,True
ws_001552.txt,27,54,10,0.015902,True
ws_001553.txt,35,70,12,0.020574,True
ws_001554.txt,28,56,10,0.011261,True
ws_001555.txt,26,52,9,0.011027,True
ws_001556.txt,32,64,11,0.014901,True
ws_001557.txt,34,68,11,0.016094,True
ws_001558.txt,15,30,6,0.002298,True
ws_001559.txt,33,66,12,0.017388,True
ws_001560.txt,30,60,10,0.013034,True
ws_001561.txt,31,62,11,0.015856,True
ws_001562.txt,21,42,7,0.00418,True
ws_001563.txt,27,54,9,0.009982,True
ws_001564.txt,32,64,10,0.013851,True
ws_001565.txt,28,56,10,0.011768,True
ws_001566.txt,17,34,6,0.00316,True
ws_001567.txt,23,46,8,0.008092,True
ws_001568.txt,29,58,10,0.012805,True
ws_001569.txt,30,60,11,0.015655,True
ws_001570.txt,31,62,11,0.016923,True
ws_001571.txt,33,66,11,0.015144,True
ws_001572.txt,18,36,7,0.003105,True
ws_001573.txt,16,32,6,0.002384,True
ws_001574.txt,21,42,7,0.004669,True
ws_001575.txt,19,38,6,0.003064,True
ws_001576.txt,18,36,6,0.004189,True
ws_001577.txt,19,38,7,0.003416,True
ws_001578.txt,21,42,7,0.003536,True
ws_001579.txt,34,68,12,0.017708,True
ws_001580.txt,27,54,9,0.012333,True
ws_001581.txt,22,44,8,0.006951,True
ws_001582.txt,28,56,10,0.012976,True
ws_001583.txt,18,36,7,0.003113,True
ws_001584.txt,28,56,9,0.01144,True
ws_001585.txt,25,50,9,0.010976,True
ws_001586.txt,28,56,10,0.012944,True
ws_001587.txt,25,50,9,0.010346,True
ws_001588.txt,27,54,10,0.012607,True
ws_001589.txt,35,70,12,0.0182,True
ws_001590.txt,34,68,11,0.017051,True
ws_001591.txt,29,58,11,0.014632,True
ws_001592.txt,16,32,6,0.002302,True
ws_001593.txt,30,60,10,0.015063,True
ws_001594.txt,33,66,11,0.014313,True
ws_001595.txt,21,42,6,0.003462,True
ws_001596.txt,19,38,7,0.003391,True
ws_001597.txt,21,42,8,0.003975,True
ws_001598.txt,16,32,6,0.002283,True
ws_001599.txt,29,58,10,0.013681,True
ws_001600.txt,31,62,11,0.0154,True
ws_001601.txt,32,64,11,0.015435,True
ws_001602.txt,22,44,8,0.00595,True
ws_001603.txt,19,38,7,0.003344,True
ws_001604.txt,31,62,10,0.012321,True
ws_001605.txt,20,40,7,0.004213,True
ws_001606.txt,18,36,6,0.002935,True
ws_001607.txt,25,50,8,0.008273,True
ws_001608.txt,26,52,9,0.010375,True
ws_001609.txt,30,60,10,0.011206,True
ws_001610.txt,28,56,10,0.010479,True
ws_001611.txt,16,32,6,0.002366,True
ws_001612.txt,33,66,11,0.014712,True
ws_001613.txt,31,62,10,0.012772,True
ws_001614.txt,34,68,12,0.018121,True
ws_001615.txt,27,54,9,0.011268,True
ws_001616.txt,21,42,7,0.003807,True
ws_001617.txt,15,30,5,0.001976,True
ws_001618.txt,23,46,8,0.006736,True
ws_001619.txt,28,56,10,0.012748,True
ws_001620.txt,24,48,8,0.007809,True
ws_001621.txt,23,46,7,0.007167,True
ws_001622.txt,34,68,11,0.017029,True
ws_001623.txt,20,40,7,0.003666,True
ws_001624.txt,34,68,12,0.016726,True
ws_001625.txt,24,48,8,0.007216,True
ws_001626.txt,21,42,7,0.004099,True
ws_001627.txt,31,62,11,0.013667,True
ws_001628.txt,19,38,7,0.003111,True
ws_001629.txt,20,40,7,0.00396,True
ws_001630.txt,33,66,10,0.013381,True
ws_001631.txt,29,58,11,0.013784,True
ws_001632.txt,29,58,11,0.012558,True
ws_001633.txt,19,38,7,0.003395,True
ws_001634.txt,35,70,13,0.01831,True
ws_001635.txt,29,58,10,0.011799,True
ws_001636.txt,16,32,6,0.002229,True
ws_001637.txt,34,68,12,0.016558,True
ws_001638.txt,24,48,9,0.00986,True
ws_001639.txt,22,44,8,0.006841,True
ws_001640.txt,31,62,11,0.015099,True
ws_001641.txt,20,40,7,0.003835,True
ws_001642.txt,29,58,10,0.011866,True
ws_001643.txt,25,50,9,0.008236,True
ws_001644.txt,25,50,8,0.009122,True
ws_001645.txt,33,66,12,0.015762,True
ws_001646.txt,17,34,6,0.002424,True
ws_001647.txt,27,54,10,0.012052,True
ws_001648.txt,15,30,5,0.001931,True
ws_001649.txt,28,56,9,0.01135,True
ws_001650.txt,33,66,11,0.015379,True
ws_001651.txt,34,68,12,0.01801,True
ws_001652.txt,24,48,9,0.008633,True
ws_001653.txt,21,42,7,0.00379,True
ws_001654.txt,15,30,6,0.002014,True
ws_001655.txt,31,62,11,0.015574,True
ws_001656.txt,17,34,6,0.002607,True
ws_001657.txt,27,54,9,0.01052,True
ws_001658.txt,16,32,6,0.002464,True
ws_001659.txt,30,60,10,0.014745,True
ws_001660.txt,32,64,11,0.016072,True
ws_001661.txt,15,30,5,0.001901,True
ws_001662.txt,33,66,12,0.016899,True
ws_001663.txt,20,40,7,0.003405,True
ws_001664.txt,28,56,10,0.012216,True
ws_001665.txt,20,40,7,0.003679,True
ws_001666.txt,29,58,9,0.012561,True
ws_001667.txt,33,66,11,0.016861,True
ws_001668.txt,22,44,8,0.007138,True
ws_001669.txt,25,50,8,0.007698,True
ws_001670.txt,21,42,7,0.003852,True
ws_001671.txt,34,68,11,0.015465,True
ws_001672.txt,25,50,8,0.009053,True
ws_001673.txt,34,68,12,0.017873,True
ws_001674.txt,27,54,10,0.010835,True
ws_001675.txt,30,60,10,0.015189,True
ws_001676.txt,18,36,7,0.003258,True
ws_001677.txt,34,68,12,0.017856,True
ws_001678.txt,26,52,9,0.011964,True
ws_001679.txt,26,52,10,0.011389,True
ws_001680.txt,19,38,6,0.003965,True
ws_001681.txt,31,62,10,0.013452,True
ws_001682.txt,23,46,8,0.006584,True
ws_001683.txt,22,44,7,0.006646,True
ws_001684.txt,24,48,9,0.010143,True
ws_001685.txt,34,68,12,0.018086,True
ws_001686.txt,17,34,6,0.002969,True
ws_001687.txt,33,66,11,0.015681,True
ws_001688.txt,35,70,12,0.01841,True
ws_001689.txt,28,56,10,0.013145,True
ws_001690.txt,15,30,5,0.001781,True
ws_001691.txt,26,52,9,0.009756,True
ws_001692.txt,25,50,8,0.009586,True
ws_001693.txt,31,62,11,0.016903,True
ws_001694.txt,22,44,8,0.007007,True
ws_001695.txt,20,40,7,0.003635,True
ws_001696.txt,23,46,8,0.00808,True
ws_001697.txt,30,60,11,0.013812,True
ws_001698.txt,25,50,9,0.008779,True
ws_001699.txt,20,40,7,0.004106,True
ws_001700.txt,21,42,7,0.005118,True
ws_001701.txt,27,54,10,0.012932,True
ws_001702.txt,27,54,10,0.011921,True
ws_001703.txt,19,38,7,0.005241,True
ws_001704.txt,22,44,8,0.007151,True
ws_001705.txt,23,46,8,0.008482,True
ws_001706.txt,21,42,7,0.003801,True
ws_001707.txt,22,44,7,0.00823,True
ws_001708.txt,22,44,8,0.007929,True
ws_001709.txt,28,56,9,0.01217,True
ws_001710.txt,18,36,6,0.002699,True
ws_001711.txt,35,70,12,0.020562,True
ws_001712.txt,25,50,8,0.015522,True
ws_001713.txt,27,54,9,0.010124,True
ws_001714.txt,29,58,10,0.017195,True
ws_001715.txt,33,66,10,0.015535,True
ws_001716.txt,34,68,11,0.019926,True
ws_001717.txt,25,50,9,0.011107,True
ws_001718.txt,35,70,12,0.019333,True
ws_001719.txt,35,70,13,0.018033,True
ws_001720.txt,15,30,5,0.001968,True
ws_001721.txt,32,64,11,0.014773,True
ws_001722.txt,18,36,7,0.003511,True
ws_001723.txt,17,34,6,0.004443,True
ws_001724.txt,15,30,5,0.001923,True
ws_001725.txt,25,50,9,0.009569,True
ws_001726.txt,30,60,11,0.014632,True
ws_001727.txt,21,42,7,0.005202,True
ws_001728.txt,25,50,9,0.008534,True
ws_001729.txt,29,58,11,0.014019,True
ws_001730.txt,20,40,7,0.003465,True
ws_001731.txt,35,70,11,0.022258,True
ws_001732.txt,19,38,6,0.004106,True
ws_001733.txt,25,50,10,0.010374,True
ws_001734.txt,19,38,7,0.004994,True
ws_001735.txt,17,34,6,0.002748,True
ws_001736.txt,31,62,10,0.013174,True
ws_001737.txt,33,66,11,0.013534,True
ws_001738.txt,24,48,9,0.008239,True
ws_001739.txt,32,64,11,0.016702,True
ws_001740.txt,33,66,12,0.017992,True
ws_001741.txt,20,40,7,0.003578,True
ws_001742.txt,23,46,8,0.009673,True
ws_001743.txt,20,40,7,0.003977,True
ws_001744.txt,16,32,6,0.002603,True
ws_001745.txt,27,54,9,0.009974,True
ws_001746.txt,16,32,6,0.002492,True
ws_001747.txt,15,30,5,0.002001,True
ws_001748.txt,32,64,11,0.01863,True
ws_001749.txt,34,68,11,0.016685,True
ws_001750.txt,17,34,6,0.003383,True
ws_001751.txt,27,54,9,0.012302,True
ws_001752.txt,21,42,8,0.005578,True
ws_001753.txt,21,42,8,0.005094,True
ws_001754.txt,18,36,7,0.003243,True
ws_001755.txt,34,68,12,0.018191,True
ws_001756.txt,31,62,11,0.015547,True
ws_001757.txt,29,58,9,0.012152,True
ws_001758.txt,22,44,7,0.007301,True
ws_001759.txt,31,62,10,0.014563,True
ws_001760.txt,17,34,6,0.002775,True
ws_001761.txt,29,58,10,0.012837,True
ws_001762.txt,31,62,10,0.014635,True
ws_001763.txt,27,54,10,0.013002,True
ws_001764.txt,21,42,7,0.004266,True
ws_001765.txt,20,40,6,0.003113,True
ws_001766.txt,18,36,7,0.003328,True
ws_001767.txt,25,50,9,0.009514,True
ws_001768.txt,35,70,12,0.018394,True
ws_001769.txt,25,50,8,0.009991,True
ws_001770.txt,31,62,10,0.015505,True
ws_001771.txt,30,60,10,0.012174,True
ws_001772.txt,19,38,6,0.004009,True
ws_001773.txt,17,34,6,0.002624,True
ws_001774.txt,25,50,9,0.010953,True
ws_001775.txt,21,42,7,0.004155,True
ws_001776.txt,29,58,10,0.0121,True
ws_001777.txt,32,64,11,0.019292,True
ws_001778.txt,34,68,12,0.023385,True
ws_001779.txt,32,64,11,0.020974,True
ws_001780.txt,21,42,7,0.004192,True
ws_001781.txt,28,56,9,0.010557,True
ws_001782.txt,20,40,7,0.003663,True
ws_001783.txt,15,30,5,0.002221,True
ws_001784.txt,21,42,7,0.003738,True
ws_001785.txt,25,50,9,0.009202,True
ws_001786.txt,26,52,9,0.009827,True
ws_001787.txt,30,60,11,0.013515,True
ws_001788.txt,27,54,10,0.011098,True
ws_001789.txt,32,64,11,0.014967,True
ws_001790.txt,29,58,9,0.013371,True
ws_001791.txt,24,48,8,0.0082,True
ws_001792.txt,24,48,8,0.008874,True
ws_001793.txt,30,60,10,0.015089,True
ws_001794.txt,30,60,11,0.015404,True
ws_001795.txt,27,54,9,0.011002,True
ws_001796.txt,32,64,10,0.014213,True
ws_001797.txt,35,70,12,0.017281,True
ws_001798.txt,24,48,9,0.008728,True
ws_001799.txt,32,64,11,0.014323,True
ws_001800.txt,18,36,7,0.003224,True
ws_001801.txt,32,64,11,0.014134,True
ws_001802.txt,18,36,7,0.003344,True
ws_001803.txt,31,62,11,0.013218,True
ws_001804.txt,20,40,7,0.004457,True
ws_001805.txt,29,58,9,0.011356,True
ws_001806.txt,33,66,11,0.016111,True
ws_001807.txt,25,50,8,0.014963,True
ws_001808.txt,25,50,9,0.009743,True
ws_001809.txt,35,70,12,0.018818,True
ws_001810.txt,24,48,8,0.007151,True
ws_001811.txt,35,70,12,0.017768,True
ws_001812.txt,19,38,7,0.003246,True
ws_001813.txt,32,64,11,0.019605,True
ws_001814.txt,35,70,11,0.01738,True
ws_001815.txt,22,44,8,0.007024,True
ws_001816.txt,33,66,12,0.016055,True
ws_001817.txt,20,40,7,0.0034,True
ws_001818.txt,17,34,6,0.002619,True
ws_001819.txt,30,60,10,0.012166,True
ws_001820.txt,28,56,9,0.012655,True
ws_001821.txt,33,66,12,0.017834,True
ws_001822.txt,26,52,9,0.009779,True
ws_001823.txt,26,52,9,0.011704,True
ws_001824.txt,28,56,9,0.010366,True
ws_001825.txt,24,48,8,0.008106,True
ws_001826.txt,24,48,9,0.008551,True
ws_001827.txt,20,40,8,0.003919,True
ws_001828.txt,32,64,10,0.017166,True
ws_001829.txt,29,58,10,0.014439,True
ws_001830.txt,16,32,6,0.002596,True
ws_001831.txt,15,30,6,0.002325,True
ws_001832.txt,17,34,6,0.002431,True
ws_001833.txt,32,64,11,0.016192,True
ws_001834.txt,21,42,7,0.00492,True
ws_001835.txt,22,44,8,0.006751,True
ws_001836.txt,29,58,10,0.013275,True
ws_001837.txt,19,38,6,0.003555,True
ws_001838.txt,16,32,6,0.002359,True
ws_001839.txt,17,34,6,0.002612,True
ws_001840.txt,26,52,8,0.014513,True
ws_001841.txt,15,30,5,0.00203,True
ws_001842.txt,16,32,5,0.00208,True
ws_001843.txt,19,38,6,0.003394,True
ws_001844.txt,17,34,6,0.00257,True
ws_001845.txt,24,48,8,0.007395,True
ws_001846.txt,19,38,6,0.003012,True
ws_001847.txt,30,60,10,0.012329,True
ws_001848.txt,23,46,8,0.006795,True
ws_001849.txt,23,46,8,0.009045,True
ws_001850.txt,15,30,6,0.002861,True
ws_001851.txt,28,56,9,0.013036,True
ws_001852.txt,21,42,7,0.004638,True
ws_001853.txt,18,36,6,0.002569,True
ws_001854.txt,18,36,6,0.002675,True
ws_001855.txt,15,30,5,0.002115,True
ws_001856.txt,33,66,10,0.013341,True
ws_001857.txt,18,36,6,0.00288,True
ws_001858.txt,29,58,10,0.015118,True
ws_001859.txt,18,36,6,0.002977,True
ws_001860.txt,30,60,11,0.015314,True
ws_001861.txt,19,38,6,0.004261,True
ws_001862.txt,28,56,9,0.012136,True
ws_001863.txt,25,50,9,0.009324,True
ws_001864.txt,15,30,5,0.002503,True
ws_001865.txt,33,66,12,0.0179,True
ws_001866.txt,22,44,8,0.007358,True
ws_001867.txt,22,44,8,0.007194,True
ws_001868.txt,15,30,5,0.002123,True
ws_001869.txt,19,38,7,0.003302,True
ws_001870.txt,17,34,6,0.002761,True
ws_001871.txt,18,36,7,0.003311,True
ws_001872.txt,20,40,7,0.003901,True
ws_001873.txt,19,38,7,0.003503,True
ws_001874.txt,20,40,7,0.003798,True
ws_001875.txt,32,64,11,0.017869,True
ws_001876.txt,28,56,10,0.011505,True
ws_001877.txt,21,42,8,0.004321,True
ws_001878.txt,20,40,7,0.00356,True
ws_001879.txt,29,58,10,0.01235,True
ws_001880.txt,35,70,12,0.021274,True
ws_001881.txt,17,34,6,0.002953,True
ws_001882.txt,21,42,8,0.004144,True
ws_001883.txt,31,62,11,0.015392,True
ws_001884.txt,27,54,10,0.010887,True
ws_001885.txt,24,48,9,0.008239,True
ws_001886.txt,26,52,9,0.011303,True
ws_001887.txt,23,46,8,0.006451,True
ws_001888.txt,19,38,7,0.00325,True
ws_001889.txt,35,70,11,0.016242,True
ws_001890.txt,24,48,9,0.007935,True
ws_001891.txt,29,58,10,0.014156,True
ws_001892.txt,28,56,10,0.013303,True
ws_001893.txt,26,52,9,0.009874,True
ws_001894.txt,29,58,10,0.012628,True
ws_001895.txt,16,32,6,0.00288,True
ws_001896.txt,32,64,11,0.015298,True
ws_001897.txt,25,50,8,0.008772,True
ws_001898.txt,21,42,7,0.004063,True
ws_001899.txt,28,56,10,0.011288,True
ws_001900.txt,30,60,11,0.014538,True
ws_001901.txt,15,30,6,0.002571,True
ws_001902.txt,32,64,11,0.016267,True
ws_001903.txt,34,68,12,0.015758,True
ws_001904.txt,27,54,9,0.009495,True
ws_001905.txt,18,36,6,0.003034,True
ws_001906.txt,33,66,11,0.016092,True
ws_001907.txt,28,56,9,0.010673,True
ws_001908.txt,30,60,10,0.012718,True
ws_001909.txt,15,30,6,0.002081,True
ws_001910.txt,17,34,6,0.002805,True
ws_001911.txt,29,58,9,0.012206,True
ws_001912.txt,31,62,11,0.01708,True
ws_001913.txt,30,60,10,0.01287,True
ws_001914.txt,29,58,10,0.014253,True
ws_001915.txt,29,58,8,0.01158,True
ws_001916.txt,30,60,11,0.01453,True
ws_001917.txt,29,58,10,0.012071,True
ws_001918.txt,25,50,9,0.009103,True
ws_001919.txt,32,64,11,0.017451,True
ws_001920.txt,27,54,9,0.008881,True
ws_001921.txt,26,52,9,0.01483,True
ws_001922.txt,26,52,8,0.010644,True
ws_001923.txt,24,48,7,0.007738,True
ws_001924.txt,32,64,11,0.013986,True
ws_001925.txt,27,54,9,0.012535,True
ws_001926.txt,24,48,8,0.00904,True
ws_001927.txt,22,44,8,0.007031,True
ws_001928.txt,18,36,6,0.002948,True
ws_001929.txt,17,34,6,0.002821,True
ws_001930.txt,35,70,12,0.018632,True
ws_001931.txt,33,66,12,0.017059,True
ws_001932.txt,24,48,8,0.009295,True
ws_001933.txt,23,46,8,0.010446,True
ws_001934.txt,16,32,6,0.003284,True
ws_001935.txt,26,52,8,0.009761,True
ws_001936.txt,16,32,6,0.004061,True
ws_001937.txt,23,46,8,0.006924,True
ws_001938.txt,32,64,11,0.017186,True
ws_001939.txt,19,38,7,0.003422,True
ws_001940.txt,26,52,8,0.009444,True
ws_001941.txt,22,44,8,0.007669,True
ws_001942.txt,30,60,10,0.014107,True
ws_001943.txt,16,32,6,0.00229,True
ws_001944.txt,16,32,5,0.004152,True
ws_001945.txt,31,62,10,0.0219,True
ws_001946.txt,21,42,7,0.007374,True
ws_001947.txt,17,34,6,0.003224,True
ws_001948.txt,31,62,11,0.019029,True
ws_001949.txt,33,66,12,0.021191,True
ws_001950.txt,16,32,6,0.003221,True
ws_001951.txt,26,52,9,0.011508,True
ws_001952.txt,18,36,7,0.004532,True
ws_001953.txt,35,70,12,0.02159,True
ws_001954.txt,24,48,8,0.008474,True
ws_001955.txt,26,52,8,0.010049,True
ws_001956.txt,21,42,7,0.004163,True
ws_001957.txt,24,48,8,0.010169,True
ws_001958.txt,15,30,6,0.002198,True
ws_001959.txt,29,58,9,0.024789,True
ws_001960.txt,35,70,10,0.017481,True
ws_001961.txt,23,46,8,0.007097,True
ws_001962.txt,23,46,9,0.008098,True
ws_001963.txt,23,46,7,0.006553,True
ws_001964.txt,29,58,10,0.011827,True
ws_001965.txt,20,40,7,0.003582,True
ws_001966.txt,35,70,12,0.020061,True
ws_001967.txt,18,36,7,0.003174,True
ws_001968.txt,20,40,7,0.003653,True
ws_001969.txt,25,50,9,0.011916,True
ws_001970.txt,16,32,5,0.002505,True
ws_001971.txt,20,40,7,0.003453,True
ws_001972.txt,24,48,8,0.009432,True
ws_001973.txt,31,62,10,0.015175,True
ws_001974.txt,16,32,6,0.002518,True
ws_001975.txt,17,34,6,0.00254,True
ws_001976.txt,26,52,9,0.010365,True
ws_001977.txt,35,70,13,0.018452,True
ws_001978.txt,22,44,7,0.006514,True
ws_001979.txt,26,52,9,0.01018,True
ws_001980.txt,20,40,6,0.003245,True
ws_001981.txt,27,54,10,0.010968,True
ws_001982.txt,30,60,10,0.012307,True
ws_001983.txt,15,30,4,0.001707,True
ws_001984.txt,21,42,8,0.00444,True
ws_001985.txt,18,36,6,0.003061,True
ws_001986.txt,24,48,8,0.008465,True
ws_001987.txt,20,40,7,0.003816,True
ws_001988.txt,32,64,11,0.016664,True
ws_001989.txt,22,44,8,0.006048,True
ws_001990.txt,34,68,12,0.017116,True
ws_001991.txt,23,46,8,0.007336,True
ws_001992.txt,29,58,10,0.013154,True
ws_001993.txt,30,60,10,0.012856,True
ws_001994.txt,26,52,10,0.009938,True
ws_001995.txt,18,36,7,0.003824,True
ws_001996.txt,20,40,7,0.004251,True
ws_001997.txt,22,44,7,0.006072,True
ws_001998.txt,26,52,9,0.011591,True
ws_001999.txt,32,64,11,0.015448,True
