file,n,m,FVS_size,runtime,validity
grid_000000.txt,25,40,6,0.025437,True
grid_000002.txt,20,31,5,0.003745,True
grid_000004.txt,15,22,3,0.001183,True
grid_000006.txt,20,31,5,0.004359,True
grid_000008.txt,20,31,5,0.00447,True
grid_000010.txt,18,27,4,0.001717,True
grid_000012.txt,15,22,3,0.001231,True
grid_000014.txt,16,24,4,0.001355,True
grid_000016.txt,16,24,4,0.001345,True
grid_000018.txt,15,22,3,0.0012,True
grid_000020.txt,12,17,3,0.000442,True
grid_000022.txt,15,22,3,0.000637,True
grid_000024.txt,15,22,3,0.001199,True
grid_000026.txt,20,31,5,0.004446,True
grid_000028.txt,12,17,3,0.000641,True
grid_000030.txt,18,27,4,0.001746,True
grid_000032.txt,12,17,3,0.000639,True
grid_000034.txt,18,27,4,0.001823,True
grid_000036.txt,20,31,5,0.004723,True
grid_000038.txt,25,40,6,0.026093,True
grid_000040.txt,30,49,8,0.286113,True
grid_000042.txt,16,24,4,0.001443,True
grid_000044.txt,15,22,3,0.001591,True
grid_000046.txt,20,31,5,0.004577,True
grid_000048.txt,12,17,3,0.000796,True
grid_000050.txt,24,38,6,0.020623,True
grid_000052.txt,25,40,6,0.025645,True
grid_000054.txt,18,27,4,0.001767,True
grid_000056.txt,30,49,8,0.290597,True
grid_000058.txt,16,24,4,0.001329,True
grid_000060.txt,15,22,3,0.00155,True
grid_000062.txt,24,38,6,0.020258,True
grid_000064.txt,30,49,8,0.290535,True
grid_000066.txt,15,22,3,0.001216,True
grid_000068.txt,18,27,4,0.00179,True
grid_000070.txt,30,49,8,0.315362,True
grid_000072.txt,15,22,3,0.001619,True
grid_000074.txt,12,17,3,0.000749,True
grid_000076.txt,20,31,5,0.009889,True
grid_000078.txt,12,17,3,0.000873,True
grid_000080.txt,24,38,6,0.02678,True
grid_000082.txt,16,24,4,0.002968,True
grid_000084.txt,20,31,5,0.006515,True
grid_000086.txt,12,17,3,0.001194,True
grid_000088.txt,9,12,2,0.000486,True
grid_000090.txt,30,49,8,0.31824,True
grid_000092.txt,25,40,6,0.025619,True
grid_000094.txt,12,17,3,0.000699,True
grid_000096.txt,15,22,3,0.001522,True
grid_000098.txt,12,17,3,0.000752,True
grid_000100.txt,12,17,3,0.000728,True
grid_000102.txt,30,49,8,0.289524,True
grid_000104.txt,20,31,5,0.003777,True
grid_000106.txt,24,38,6,0.021462,True
grid_000108.txt,20,31,5,0.003736,True
grid_000110.txt,15,22,3,0.001738,True
grid_000112.txt,15,22,3,0.001577,True
grid_000114.txt,20,31,5,0.0043,True
grid_000116.txt,15,22,3,0.001205,True
grid_000118.txt,24,38,6,0.021386,True
grid_000120.txt,18,27,4,0.001727,True
grid_000122.txt,18,27,4,0.001796,True
grid_000124.txt,30,49,8,0.296788,True
grid_000126.txt,24,38,6,0.020684,True
grid_000128.txt,9,12,2,0.000485,True
grid_000130.txt,30,49,8,0.292989,True
grid_000132.txt,25,40,6,0.026754,True
grid_000134.txt,25,40,6,0.026022,True
grid_000136.txt,15,22,3,0.001424,True
grid_000138.txt,24,38,6,0.020312,True
grid_000140.txt,15,22,3,0.001697,True
grid_000142.txt,20,31,5,0.003773,True
grid_000144.txt,12,17,3,0.001037,True
grid_000146.txt,18,27,4,0.001709,True
grid_000148.txt,24,38,6,0.021694,True
grid_000150.txt,30,49,8,0.298036,True
grid_000152.txt,9,12,2,0.000571,True
grid_000154.txt,12,17,3,0.000619,True
grid_000156.txt,12,17,3,0.000714,True
grid_000158.txt,18,27,4,0.001767,True
grid_000160.txt,15,22,3,0.001097,True
grid_000162.txt,24,38,6,0.02255,True
grid_000164.txt,15,22,3,0.001247,True
grid_000166.txt,25,40,6,0.0278,True
grid_000168.txt,20,31,5,0.004278,True
grid_000170.txt,12,17,3,0.000613,True
grid_000172.txt,24,38,6,0.022817,True
grid_000174.txt,30,49,8,0.288299,True
grid_000176.txt,9,12,2,0.00052,True
grid_000178.txt,9,12,2,0.000491,True
grid_000180.txt,18,27,4,0.001685,True
grid_000182.txt,9,12,2,0.000474,True
grid_000184.txt,20,31,5,0.003795,True
grid_000186.txt,12,17,3,0.00064,True
grid_000188.txt,30,49,8,0.294962,True
grid_000190.txt,9,12,2,0.000545,True
grid_000192.txt,16,24,4,0.001367,True
grid_000194.txt,12,17,3,0.000811,True
grid_000196.txt,16,24,4,0.001373,True
grid_000198.txt,18,27,4,0.001758,True
grid_000200.txt,25,40,6,0.026321,True
grid_000202.txt,25,40,6,0.028588,True
grid_000204.txt,18,27,4,0.002173,True
grid_000206.txt,20,31,5,0.003916,True
grid_000208.txt,30,49,8,0.297363,True
grid_000210.txt,25,40,6,0.026791,True
grid_000212.txt,15,22,3,0.00112,True
grid_000214.txt,24,38,6,0.027149,True
grid_000216.txt,18,27,4,0.001875,True
grid_000218.txt,30,49,8,0.315687,True
grid_000220.txt,12,17,3,0.000807,True
grid_000222.txt,25,40,6,0.02603,True
grid_000224.txt,9,12,2,0.00049,True
grid_000226.txt,24,38,6,0.020476,True
grid_000228.txt,12,17,3,0.000648,True
grid_000230.txt,18,27,4,0.002082,True
grid_000232.txt,15,22,3,0.001277,True
grid_000234.txt,24,38,6,0.020212,True
grid_000236.txt,15,22,3,0.001073,True
grid_000238.txt,20,31,5,0.004289,True
grid_000240.txt,24,38,6,0.020778,True
grid_000242.txt,15,22,3,0.00124,True
grid_000244.txt,12,17,3,0.000962,True
grid_000246.txt,20,31,5,0.005338,True
grid_000248.txt,30,49,8,0.340825,True
grid_000250.txt,16,24,4,0.001388,True
grid_000252.txt,24,38,6,0.020538,True
grid_000254.txt,20,31,5,0.003789,True
grid_000256.txt,20,31,5,0.004459,True
grid_000258.txt,12,17,3,0.000702,True
grid_000260.txt,15,22,3,0.001067,True
grid_000262.txt,30,49,8,0.294597,True
grid_000264.txt,18,27,4,0.001824,True
grid_000266.txt,12,17,3,0.000746,True
grid_000268.txt,24,38,6,0.021385,True
grid_000270.txt,20,31,5,0.00484,True
grid_000272.txt,20,31,5,0.005537,True
grid_000274.txt,25,40,6,0.026856,True
grid_000276.txt,9,12,2,0.000525,True
grid_000278.txt,20,31,5,0.004487,True
grid_000280.txt,12,17,3,0.000755,True
grid_000282.txt,12,17,3,0.000699,True
grid_000284.txt,20,31,5,0.003741,True
grid_000286.txt,25,40,6,0.026419,True
grid_000288.txt,9,12,2,0.0005,True
grid_000290.txt,12,17,3,0.000734,True
grid_000292.txt,20,31,5,0.004394,True
grid_000294.txt,15,22,3,0.001532,True
grid_000296.txt,24,38,6,0.020877,True
grid_000298.txt,20,31,5,0.003828,True
grid_000300.txt,25,40,6,0.025479,True
grid_000302.txt,16,24,4,0.001405,True
grid_000304.txt,9,12,2,0.000573,True
grid_000306.txt,20,31,5,0.004838,True
grid_000308.txt,15,22,3,0.00111,True
grid_000310.txt,9,12,2,0.000491,True
grid_000312.txt,12,17,3,0.000661,True
grid_000314.txt,25,40,6,0.025725,True
grid_000316.txt,9,12,2,0.000501,True
grid_000318.txt,18,27,4,0.001884,True
grid_000320.txt,24,38,6,0.02144,True
grid_000322.txt,12,17,3,0.000658,True
grid_000324.txt,20,31,5,0.004027,True
grid_000326.txt,16,24,4,0.001307,True
grid_000328.txt,15,22,3,0.001541,True
grid_000330.txt,15,22,3,0.001097,True
grid_000332.txt,18,27,4,0.001753,True
grid_000334.txt,18,27,4,0.001811,True
grid_000336.txt,12,17,3,0.000705,True
grid_000338.txt,12,17,3,0.000976,True
grid_000340.txt,12,17,3,0.000783,True
grid_000342.txt,30,49,8,0.294425,True
grid_000344.txt,24,38,6,0.041203,True
grid_000346.txt,20,31,5,0.004343,True
grid_000348.txt,12,17,3,0.000734,True
grid_000350.txt,15,22,3,0.001069,True
grid_000352.txt,25,40,6,0.025505,True
grid_000354.txt,16,24,4,0.001305,True
grid_000356.txt,20,31,5,0.0043,True
grid_000358.txt,12,17,3,0.000705,True
grid_000360.txt,24,38,6,0.020363,True
grid_000362.txt,15,22,3,0.001057,True
grid_000364.txt,12,17,3,0.000665,True
grid_000366.txt,15,22,3,0.001148,True
grid_000368.txt,18,27,4,0.002241,True
grid_000370.txt,30,49,8,0.300493,True
grid_000372.txt,18,27,4,0.001861,True
grid_000374.txt,12,17,3,0.000907,True
grid_000376.txt,15,22,3,0.001152,True
grid_000378.txt,18,27,4,0.001962,True
grid_000380.txt,16,24,4,0.001646,True
grid_000382.txt,15,22,3,0.001588,True
grid_000384.txt,15,22,3,0.001103,True
grid_000386.txt,12,17,3,0.000758,True
grid_000388.txt,12,17,3,0.000744,True
grid_000390.txt,12,17,3,0.000734,True
grid_000392.txt,18,27,4,0.001877,True
grid_000394.txt,20,31,5,0.004014,True
grid_000396.txt,20,31,5,0.00371,True
grid_000398.txt,18,27,4,0.00195,True
grid_000400.txt,18,27,4,0.002084,True
grid_000402.txt,15,22,3,0.001601,True
grid_000404.txt,20,31,5,0.003752,True
grid_000406.txt,30,49,8,0.300104,True
grid_000408.txt,30,49,8,0.29492,True
grid_000410.txt,16,24,4,0.001629,True
grid_000412.txt,12,17,3,0.000827,True
grid_000414.txt,20,31,5,0.004467,True
grid_000416.txt,30,49,8,0.300795,True
grid_000418.txt,16,24,4,0.001915,True
grid_000420.txt,16,24,4,0.001595,True
grid_000422.txt,18,27,4,0.001856,True
grid_000424.txt,12,17,3,0.000855,True
grid_000426.txt,24,38,6,0.022366,True
grid_000428.txt,20,31,5,0.004526,True
grid_000430.txt,16,24,4,0.001567,True
grid_000432.txt,20,31,5,0.004504,True
grid_000434.txt,15,22,3,0.001089,True
grid_000436.txt,16,24,4,0.00154,True
grid_000438.txt,16,24,4,0.001549,True
grid_000440.txt,25,40,6,0.026346,True
grid_000442.txt,9,12,2,0.000497,True
grid_000444.txt,20,31,5,0.004575,True
grid_000446.txt,30,49,8,0.295255,True
grid_000448.txt,24,38,6,0.020711,True
grid_000450.txt,15,22,3,0.001579,True
grid_000452.txt,20,31,5,0.004803,True
grid_000454.txt,20,31,5,0.003907,True
grid_000456.txt,9,12,2,0.000561,True
grid_000458.txt,12,17,3,0.000862,True
grid_000460.txt,12,17,3,0.000854,True
grid_000462.txt,25,40,6,0.029826,True
grid_000464.txt,18,27,4,0.001852,True
grid_000466.txt,12,17,3,0.000813,True
grid_000468.txt,15,22,3,0.00109,True
grid_000470.txt,18,27,4,0.00195,True
grid_000472.txt,15,22,3,0.001075,True
grid_000474.txt,12,17,3,0.000873,True
grid_000476.txt,20,31,5,0.003934,True
grid_000478.txt,15,22,3,0.001587,True
grid_000480.txt,20,31,5,0.005242,True
grid_000482.txt,12,17,3,0.000823,True
grid_000484.txt,12,17,3,0.000827,True
grid_000486.txt,16,24,4,0.001606,True
grid_000488.txt,18,27,4,0.001808,True
grid_000490.txt,20,31,5,0.004115,True
grid_000492.txt,15,22,3,0.001142,True
grid_000494.txt,18,27,4,0.001921,True
grid_000496.txt,12,17,3,0.000894,True
grid_000498.txt,20,31,5,0.004167,True
grid_000500.txt,24,38,6,0.022593,True
grid_000502.txt,20,31,5,0.004729,True
grid_000504.txt,24,38,6,0.021002,True
grid_000506.txt,18,27,4,0.001916,True
grid_000508.txt,18,27,4,0.00191,True
grid_000510.txt,20,31,5,0.005539,True
grid_000512.txt,9,12,2,0.00049,True
grid_000514.txt,15,22,3,0.001626,True
grid_000516.txt,15,22,3,0.001545,True
grid_000518.txt,15,22,3,0.001264,True
grid_000520.txt,30,49,8,0.300827,True
grid_000522.txt,25,40,6,0.025853,True
grid_000524.txt,25,40,6,0.026042,True
grid_000526.txt,18,27,4,0.001822,True
grid_000528.txt,20,31,5,0.004714,True
grid_000530.txt,16,24,4,0.001601,True
grid_000532.txt,15,22,3,0.001107,True
grid_000534.txt,9,12,2,0.000494,True
grid_000536.txt,25,40,6,0.025783,True
grid_000538.txt,24,38,6,0.02044,True
grid_000540.txt,20,31,5,0.004599,True
grid_000542.txt,18,27,4,0.001816,True
grid_000544.txt,15,22,3,0.001601,True
grid_000546.txt,18,27,4,0.001891,True
grid_000548.txt,9,12,2,0.000581,True
grid_000550.txt,25,40,6,0.026005,True
grid_000552.txt,15,22,3,0.00114,True
grid_000554.txt,12,17,3,0.000756,True
grid_000556.txt,12,17,3,0.000781,True
grid_000558.txt,12,17,3,0.000857,True
grid_000560.txt,12,17,3,0.000836,True
grid_000562.txt,12,17,3,0.000878,True
grid_000564.txt,16,24,4,0.001613,True
grid_000566.txt,25,40,6,0.025865,True
grid_000568.txt,20,31,5,0.004022,True
grid_000570.txt,30,49,8,0.293034,True
grid_000572.txt,15,22,3,0.001127,True
grid_000574.txt,12,17,3,0.000842,True
grid_000576.txt,9,12,2,0.0005,True
grid_000578.txt,9,12,2,0.000552,True
grid_000580.txt,15,22,3,0.001105,True
grid_000582.txt,9,12,2,0.000499,True
grid_000584.txt,30,49,8,0.294476,True
grid_000586.txt,15,22,3,0.001168,True
grid_000588.txt,24,38,6,0.020879,True
grid_000590.txt,24,38,6,0.0208,True
grid_000592.txt,15,22,3,0.001584,True
grid_000594.txt,20,31,5,0.004583,True
grid_000596.txt,20,31,5,0.004689,True
grid_000598.txt,20,31,5,0.004077,True
grid_000600.txt,15,22,3,0.001117,True
grid_000602.txt,30,49,8,0.292385,True
grid_000604.txt,20,31,5,0.00406,True
grid_000606.txt,15,22,3,0.001068,True
grid_000608.txt,9,12,2,0.000502,True
grid_000610.txt,24,38,6,0.02042,True
grid_000612.txt,9,12,2,0.000505,True
grid_000614.txt,25,40,6,0.02589,True
grid_000616.txt,24,38,6,0.020478,True
grid_000618.txt,9,12,2,0.000588,True
grid_000620.txt,30,49,8,0.292143,True
grid_000622.txt,16,24,4,0.00172,True
grid_000624.txt,9,12,2,0.000493,True
grid_000626.txt,16,24,4,0.001559,True
grid_000628.txt,15,22,3,0.001152,True
grid_000630.txt,18,27,4,0.001869,True
grid_000632.txt,20,31,5,0.004641,True
grid_000634.txt,15,22,3,0.001617,True
grid_000636.txt,12,17,3,0.000781,True
grid_000638.txt,9,12,2,0.000495,True
grid_000640.txt,12,17,3,0.000799,True
grid_000642.txt,9,12,2,0.000607,True
grid_000644.txt,20,31,5,0.004699,True
grid_000646.txt,15,22,3,0.001552,True
grid_000648.txt,12,17,3,0.00086,True
grid_000650.txt,12,17,3,0.000759,True
grid_000652.txt,25,40,6,0.026387,True
grid_000654.txt,12,17,3,0.000873,True
grid_000656.txt,18,27,4,0.002035,True
grid_000658.txt,30,49,8,0.291162,True
grid_000660.txt,15,22,3,0.00112,True
grid_000662.txt,20,31,5,0.004256,True
grid_000664.txt,24,38,6,0.020434,True
grid_000666.txt,20,31,5,0.004615,True
grid_000668.txt,24,38,6,0.020929,True
grid_000670.txt,20,31,5,0.004006,True
grid_000672.txt,15,22,3,0.001148,True
grid_000674.txt,20,31,5,0.004559,True
grid_000676.txt,12,17,3,0.000829,True
grid_000678.txt,18,27,4,0.00241,True
grid_000680.txt,25,40,6,0.025911,True
grid_000682.txt,24,38,6,0.021864,True
grid_000684.txt,25,40,6,0.026285,True
grid_000686.txt,18,27,4,0.001835,True
grid_000688.txt,15,22,3,0.001084,True
grid_000690.txt,15,22,3,0.002977,True
grid_000692.txt,12,17,3,0.000823,True
grid_000694.txt,30,49,8,0.29379,True
grid_000696.txt,12,17,3,0.000867,True
grid_000698.txt,24,38,6,0.021479,True
grid_000700.txt,16,24,4,0.001631,True
grid_000702.txt,12,17,3,0.000895,True
grid_000704.txt,12,17,3,0.000763,True
grid_000706.txt,20,31,5,0.003823,True
grid_000708.txt,20,31,5,0.003968,True
grid_000710.txt,12,17,3,0.000808,True
grid_000712.txt,20,31,5,0.003882,True
grid_000714.txt,24,38,6,0.020348,True
grid_000716.txt,9,12,2,0.000574,True
grid_000718.txt,12,17,3,0.000808,True
grid_000720.txt,15,22,3,0.00118,True
grid_000722.txt,12,17,3,0.000846,True
grid_000724.txt,18,27,4,0.001897,True
grid_000726.txt,25,40,6,0.028521,True
grid_000728.txt,20,31,5,0.004791,True
grid_000730.txt,24,38,6,0.020855,True
grid_000732.txt,15,22,3,0.001139,True
grid_000734.txt,30,49,8,0.291591,True
grid_000736.txt,20,31,5,0.003988,True
grid_000738.txt,9,12,2,0.000491,True
grid_000740.txt,30,49,8,0.295765,True
grid_000742.txt,24,38,6,0.020689,True
grid_000744.txt,16,24,4,0.001452,True
grid_000746.txt,24,38,6,0.020514,True
grid_000748.txt,18,27,4,0.001773,True
grid_000750.txt,18,27,4,0.001726,True
grid_000752.txt,16,24,4,0.001545,True
grid_000754.txt,12,17,3,0.000982,True
grid_000756.txt,20,31,5,0.003976,True
grid_000758.txt,24,38,6,0.021375,True
grid_000760.txt,12,17,3,0.000929,True
grid_000762.txt,12,17,3,0.000796,True
grid_000764.txt,25,40,6,0.026709,True
grid_000766.txt,25,40,6,0.026769,True
grid_000768.txt,12,17,3,0.000774,True
grid_000770.txt,12,17,3,0.000898,True
grid_000772.txt,18,27,4,0.001831,True
grid_000774.txt,30,49,8,0.290679,True
grid_000776.txt,15,22,3,0.001105,True
grid_000778.txt,12,17,3,0.000873,True
grid_000780.txt,15,22,3,0.001203,True
grid_000782.txt,15,22,3,0.001508,True
grid_000784.txt,12,17,3,0.000938,True
grid_000786.txt,30,49,8,0.292953,True
grid_000788.txt,25,40,6,0.02913,True
grid_000790.txt,24,38,6,0.0209,True
grid_000792.txt,12,17,3,0.00086,True
grid_000794.txt,25,40,6,0.02581,True
grid_000796.txt,30,49,8,0.292909,True
grid_000798.txt,20,31,5,0.004433,True
grid_000800.txt,20,31,5,0.0047,True
grid_000802.txt,16,24,4,0.001532,True
grid_000804.txt,12,17,3,0.000835,True
grid_000806.txt,9,12,2,0.000557,True
grid_000808.txt,12,17,3,0.000794,True
grid_000810.txt,12,17,3,0.000778,True
grid_000812.txt,20,31,5,0.003935,True
grid_000814.txt,18,27,4,0.001796,True
grid_000816.txt,18,27,4,0.001816,True
grid_000818.txt,9,12,2,0.000553,True
grid_000820.txt,30,49,8,0.32252,True
grid_000822.txt,20,31,5,0.003981,True
grid_000824.txt,25,40,6,0.026259,True
grid_000826.txt,12,17,3,0.00086,True
grid_000828.txt,20,31,5,0.004582,True
grid_000830.txt,30,49,8,0.330212,True
grid_000832.txt,12,17,3,0.000858,True
grid_000834.txt,18,27,4,0.001909,True
grid_000836.txt,20,31,5,0.004602,True
grid_000838.txt,9,12,2,0.000632,True
grid_000840.txt,15,22,3,0.001639,True
grid_000842.txt,25,40,6,0.027059,True
grid_000844.txt,20,31,5,0.004573,True
grid_000846.txt,16,24,4,0.001538,True
grid_000848.txt,25,40,6,0.026029,True
grid_000850.txt,24,38,6,0.020583,True
grid_000852.txt,20,31,5,0.003918,True
grid_000854.txt,16,24,4,0.00162,True
grid_000856.txt,24,38,6,0.021702,True
grid_000858.txt,15,22,3,0.001224,True
grid_000860.txt,16,24,4,0.001517,True
grid_000862.txt,12,17,3,0.001044,True
grid_000864.txt,12,17,3,0.000823,True
grid_000866.txt,16,24,4,0.001591,True
grid_000868.txt,15,22,3,0.001641,True
grid_000870.txt,24,38,6,0.021553,True
grid_000872.txt,18,27,4,0.001999,True
grid_000874.txt,30,49,8,0.294427,True
grid_000876.txt,20,31,5,0.005054,True
grid_000878.txt,16,24,4,0.001562,True
grid_000880.txt,20,31,5,0.003972,True
grid_000882.txt,25,40,6,0.026595,True
grid_000884.txt,16,24,4,0.001516,True
grid_000886.txt,18,27,4,0.001903,True
grid_000888.txt,30,49,8,0.297899,True
grid_000890.txt,18,27,4,0.001869,True
grid_000892.txt,20,31,5,0.00409,True
grid_000894.txt,24,38,6,0.020322,True
grid_000896.txt,9,12,2,0.000703,True
grid_000898.txt,24,38,6,0.020898,True
grid_000900.txt,30,49,8,0.302301,True
grid_000902.txt,15,22,3,0.001561,True
grid_000904.txt,25,40,6,0.027488,True
grid_000906.txt,18,27,4,0.00238,True
grid_000908.txt,25,40,6,0.027874,True
grid_000910.txt,12,17,3,0.000854,True
grid_000912.txt,9,12,2,0.000565,True
grid_000914.txt,12,17,3,0.000814,True
grid_000916.txt,12,17,3,0.000904,True
grid_000918.txt,12,17,3,0.000803,True
grid_000920.txt,15,22,3,0.001175,True
grid_000922.txt,12,17,3,0.000905,True
grid_000924.txt,18,27,4,0.001843,True
grid_000926.txt,25,40,6,0.027191,True
grid_000928.txt,15,22,3,0.001837,True
grid_000930.txt,12,17,3,0.000796,True
grid_000932.txt,20,31,5,0.004677,True
grid_000934.txt,20,31,5,0.004527,True
grid_000936.txt,20,31,5,0.005055,True
grid_000938.txt,16,24,4,0.001595,True
grid_000940.txt,15,22,3,0.001528,True
grid_000942.txt,12,17,3,0.000858,True
grid_000944.txt,9,12,2,0.000613,True
grid_000946.txt,24,38,6,0.022033,True
grid_000948.txt,9,12,2,0.000562,True
grid_000950.txt,24,38,6,0.021519,True
grid_000952.txt,12,17,3,0.000922,True
grid_000954.txt,12,17,3,0.000916,True
grid_000956.txt,25,40,6,0.028463,True
grid_000958.txt,20,31,5,0.004123,True
grid_000960.txt,30,49,8,0.302403,True
grid_000962.txt,15,22,3,0.001524,True
grid_000964.txt,20,31,5,0.004606,True
grid_000966.txt,24,38,6,0.021388,True
grid_000968.txt,25,40,6,0.025938,True
grid_000970.txt,18,27,4,0.001911,True
grid_000972.txt,16,24,4,0.001684,True
grid_000974.txt,25,40,6,0.026506,True
grid_000976.txt,18,27,4,0.001846,True
grid_000978.txt,25,40,6,0.025691,True
grid_000980.txt,12,17,3,0.000873,True
grid_000982.txt,18,27,4,0.003365,True
grid_000984.txt,18,27,4,0.001845,True
grid_000986.txt,16,24,4,0.001573,True
grid_000988.txt,20,31,5,0.00445,True
grid_000990.txt,18,27,4,0.001882,True
grid_000992.txt,18,27,4,0.001916,True
grid_000994.txt,12,17,3,0.000859,True
grid_000996.txt,15,22,3,0.001472,True
grid_000998.txt,15,22,3,0.001141,True
grid_001000.txt,12,17,3,0.000927,True
grid_001002.txt,24,38,6,0.022252,True
grid_001004.txt,15,22,3,0.001194,True
grid_001006.txt,12,17,3,0.000879,True
grid_001008.txt,12,17,3,0.000811,True
grid_001010.txt,25,40,6,0.026309,True
grid_001012.txt,9,12,2,0.00073,True
grid_001014.txt,25,40,6,0.026272,True
grid_001016.txt,18,27,4,0.001829,True
grid_001018.txt,15,22,3,0.001218,True
grid_001020.txt,20,31,5,0.004553,True
grid_001022.txt,20,31,5,0.004735,True
grid_001024.txt,30,49,8,0.299578,True
grid_001026.txt,20,31,5,0.004402,True
grid_001028.txt,30,49,8,0.295344,True
grid_001030.txt,30,49,8,0.298609,True
grid_001032.txt,18,27,4,0.001796,True
grid_001034.txt,20,31,5,0.004096,True
grid_001036.txt,16,24,4,0.001651,True
grid_001038.txt,24,38,6,0.021085,True
grid_001040.txt,20,31,5,0.004032,True
grid_001042.txt,16,24,4,0.001627,True
grid_001044.txt,30,49,8,0.296235,True
grid_001046.txt,25,40,6,0.026785,True
grid_001048.txt,25,40,6,0.02713,True
grid_001050.txt,30,49,8,0.295307,True
grid_001052.txt,12,17,3,0.000831,True
grid_001054.txt,9,12,2,0.000525,True
grid_001056.txt,18,27,4,0.001989,True
grid_001058.txt,15,22,3,0.001156,True
grid_001060.txt,12,17,3,0.000875,True
grid_001062.txt,12,17,3,0.000947,True
grid_001064.txt,18,27,4,0.002017,True
grid_001066.txt,18,27,4,0.001899,True
grid_001068.txt,24,38,6,0.021136,True
grid_001070.txt,12,17,3,0.000844,True
grid_001072.txt,9,12,2,0.000551,True
grid_001074.txt,20,31,5,0.003959,True
grid_001076.txt,15,22,3,0.001609,True
grid_001078.txt,30,49,8,0.302301,True
grid_001080.txt,15,22,3,0.001608,True
grid_001082.txt,20,31,5,0.004535,True
grid_001084.txt,15,22,3,0.001154,True
grid_001086.txt,12,17,3,0.000838,True
grid_001088.txt,24,38,6,0.023085,True
grid_001090.txt,15,22,3,0.001687,True
grid_001092.txt,15,22,3,0.001097,True
grid_001094.txt,25,40,6,0.027354,True
grid_001096.txt,12,17,3,0.000793,True
grid_001098.txt,24,38,6,0.021464,True
grid_001100.txt,15,22,3,0.00114,True
grid_001102.txt,9,12,2,0.000535,True
grid_001104.txt,15,22,3,0.001688,True
grid_001106.txt,24,38,6,0.021662,True
grid_001108.txt,12,17,3,0.000801,True
grid_001110.txt,9,12,2,0.000515,True
grid_001112.txt,18,27,4,0.00196,True
grid_001114.txt,16,24,4,0.001634,True
grid_001116.txt,24,38,6,0.020565,True
grid_001118.txt,20,31,5,0.004599,True
grid_001120.txt,20,31,5,0.004557,True
grid_001122.txt,20,31,5,0.003987,True
grid_001124.txt,30,49,8,0.298792,True
grid_001126.txt,15,22,3,0.001195,True
grid_001128.txt,20,31,5,0.005391,True
grid_001130.txt,9,12,2,0.000548,True
grid_001132.txt,12,17,3,0.000861,True
grid_001134.txt,24,38,6,0.021998,True
grid_001136.txt,9,12,2,0.000498,True
grid_001138.txt,30,49,8,0.29661,True
grid_001140.txt,20,31,5,0.004067,True
grid_001142.txt,24,38,6,0.02152,True
grid_001144.txt,15,22,3,0.001144,True
grid_001146.txt,18,27,4,0.001782,True
grid_001148.txt,18,27,4,0.00185,True
grid_001150.txt,20,31,5,0.00413,True
grid_001152.txt,30,49,8,0.295872,True
grid_001154.txt,9,12,2,0.000575,True
grid_001156.txt,20,31,5,0.003967,True
grid_001158.txt,16,24,4,0.001566,True
grid_001160.txt,30,49,8,0.299634,True
grid_001162.txt,24,38,6,0.02139,True
grid_001164.txt,9,12,2,0.00066,True
grid_001166.txt,12,17,3,0.000831,True
grid_001168.txt,20,31,5,0.003868,True
grid_001170.txt,12,17,3,0.000847,True
grid_001172.txt,20,31,5,0.004789,True
grid_001174.txt,20,31,5,0.003992,True
grid_001176.txt,12,17,3,0.00086,True
grid_001178.txt,20,31,5,0.00465,True
grid_001180.txt,18,27,4,0.001896,True
grid_001182.txt,15,22,3,0.001069,True
grid_001184.txt,30,49,8,0.296255,True
grid_001186.txt,18,27,4,0.001901,True
grid_001188.txt,15,22,3,0.00114,True
grid_001190.txt,15,22,3,0.001128,True
grid_001192.txt,16,24,4,0.001617,True
grid_001194.txt,15,22,3,0.00166,True
grid_001196.txt,25,40,6,0.027312,True
grid_001198.txt,30,49,8,0.300501,True
grid_001200.txt,12,17,3,0.000801,True
grid_001202.txt,20,31,5,0.004569,True
grid_001204.txt,30,49,8,0.298414,True
grid_001206.txt,20,31,5,0.003923,True
grid_001208.txt,24,38,6,0.020563,True
grid_001210.txt,20,31,5,0.003969,True
grid_001212.txt,30,49,8,0.291689,True
grid_001214.txt,16,24,4,0.0016,True
grid_001216.txt,12,17,3,0.000818,True
grid_001218.txt,18,27,4,0.0018,True
grid_001220.txt,9,12,2,0.000502,True
grid_001222.txt,25,40,6,0.025805,True
grid_001224.txt,18,27,4,0.001796,True
grid_001226.txt,15,22,3,0.001595,True
grid_001228.txt,24,38,6,0.020577,True
grid_001230.txt,30,49,8,0.297587,True
grid_001232.txt,18,27,4,0.001848,True
grid_001234.txt,12,17,3,0.000966,True
grid_001236.txt,30,49,8,0.293089,True
grid_001238.txt,20,31,5,0.004773,True
grid_001240.txt,18,27,4,0.002007,True
grid_001242.txt,20,31,5,0.004637,True
grid_001244.txt,24,38,6,0.020468,True
grid_001246.txt,20,31,5,0.004314,True
grid_001248.txt,9,12,2,0.000505,True
grid_001250.txt,20,31,5,0.005301,True
grid_001252.txt,12,17,3,0.000862,True
grid_001254.txt,20,31,5,0.004822,True
grid_001256.txt,24,38,6,0.021383,True
grid_001258.txt,9,12,2,0.000562,True
grid_001260.txt,18,27,4,0.001911,True
grid_001262.txt,12,17,3,0.000778,True
grid_001264.txt,9,12,2,0.000613,True
grid_001266.txt,15,22,3,0.002721,True
grid_001268.txt,24,38,6,0.020125,True
grid_001270.txt,24,38,6,0.02104,True
grid_001272.txt,9,12,2,0.000658,True
grid_001274.txt,16,24,4,0.001604,True
grid_001276.txt,20,31,5,0.004639,True
grid_001278.txt,15,22,3,0.001106,True
grid_001280.txt,20,31,5,0.004207,True
grid_001282.txt,15,22,3,0.001148,True
grid_001284.txt,16,24,4,0.001584,True
grid_001286.txt,16,24,4,0.001563,True
grid_001288.txt,20,31,5,0.004533,True
grid_001290.txt,9,12,2,0.000509,True
grid_001292.txt,12,17,3,0.00087,True
grid_001294.txt,20,31,5,0.003931,True
grid_001296.txt,30,49,8,0.318865,True
grid_001298.txt,15,22,3,0.001315,True
grid_001300.txt,12,17,3,0.000901,True
grid_001302.txt,25,40,6,0.038754,True
grid_001304.txt,30,49,8,0.310962,True
grid_001306.txt,15,22,3,0.001293,True
grid_001308.txt,30,49,8,0.289365,True
grid_001310.txt,20,31,5,0.003902,True
grid_001312.txt,12,17,3,0.000886,True
grid_001314.txt,20,31,5,0.004887,True
grid_001316.txt,15,22,3,0.001565,True
grid_001318.txt,16,24,4,0.001514,True
grid_001320.txt,15,22,3,0.001569,True
grid_001322.txt,16,24,4,0.001641,True
grid_001324.txt,15,22,3,0.001122,True
grid_001326.txt,12,17,3,0.000899,True
grid_001328.txt,12,17,3,0.000785,True
grid_001330.txt,20,31,5,0.004568,True
grid_001332.txt,15,22,3,0.001653,True
grid_001334.txt,16,24,4,0.001583,True
grid_001336.txt,18,27,4,0.00182,True
grid_001338.txt,24,38,6,0.020499,True
grid_001340.txt,12,17,3,0.000812,True
grid_001342.txt,15,22,3,0.001598,True
grid_001344.txt,9,12,2,0.000507,True
grid_001346.txt,9,12,2,0.000561,True
grid_001348.txt,9,12,2,0.000499,True
grid_001350.txt,30,49,8,0.293657,True
grid_001352.txt,9,12,2,0.000555,True
grid_001354.txt,20,31,5,0.004838,True
grid_001356.txt,20,31,5,0.004805,True
grid_001358.txt,16,24,4,0.001566,True
grid_001360.txt,20,31,5,0.004013,True
grid_001362.txt,9,12,2,0.000519,True
grid_001364.txt,20,31,5,0.004044,True
grid_001366.txt,25,40,6,0.026438,True
grid_001368.txt,18,27,4,0.001895,True
grid_001370.txt,24,38,6,0.020352,True
grid_001372.txt,18,27,4,0.002114,True
grid_001374.txt,12,17,3,0.000784,True
grid_001376.txt,30,49,8,0.291426,True
grid_001378.txt,9,12,2,0.000712,True
grid_001380.txt,20,31,5,0.00475,True
grid_001382.txt,15,22,3,0.001171,True
grid_001384.txt,9,12,2,0.000574,True
grid_001386.txt,30,49,8,0.30656,True
grid_001388.txt,15,22,3,0.001606,True
grid_001390.txt,30,49,8,0.294799,True
grid_001392.txt,20,31,5,0.004129,True
grid_001394.txt,18,27,4,0.001852,True
grid_001396.txt,9,12,2,0.000526,True
grid_001398.txt,12,17,3,0.000859,True
grid_001400.txt,15,22,3,0.00111,True
grid_001402.txt,16,24,4,0.001547,True
grid_001404.txt,20,31,5,0.004069,True
grid_001406.txt,30,49,8,0.310417,True
grid_001408.txt,20,31,5,0.003946,True
grid_001410.txt,24,38,6,0.020945,True
grid_001412.txt,20,31,5,0.004069,True
grid_001414.txt,16,24,4,0.001555,True
grid_001416.txt,30,49,8,0.292885,True
grid_001418.txt,12,17,3,0.000912,True
grid_001420.txt,16,24,4,0.001625,True
grid_001422.txt,12,17,3,0.000993,True
grid_001424.txt,12,17,3,0.000853,True
grid_001426.txt,9,12,2,0.000514,True
grid_001428.txt,12,17,3,0.000872,True
grid_001430.txt,12,17,3,0.000836,True
grid_001432.txt,20,31,5,0.004637,True
grid_001434.txt,12,17,3,0.001058,True
grid_001436.txt,9,12,2,0.000508,True
grid_001438.txt,12,17,3,0.000992,True
grid_001440.txt,20,31,5,0.005418,True
grid_001442.txt,12,17,3,0.000958,True
grid_001444.txt,9,12,2,0.000639,True
grid_001446.txt,15,22,3,0.001297,True
grid_001448.txt,15,22,3,0.001757,True
grid_001450.txt,20,31,5,0.004714,True
grid_001452.txt,20,31,5,0.004669,True
grid_001454.txt,24,38,6,0.022315,True
grid_001456.txt,18,27,4,0.001914,True
grid_001458.txt,15,22,3,0.001148,True
grid_001460.txt,16,24,4,0.001868,True
grid_001462.txt,20,31,5,0.004028,True
grid_001464.txt,12,17,3,0.000845,True
grid_001466.txt,15,22,3,0.001685,True
grid_001468.txt,12,17,3,0.000845,True
grid_001470.txt,30,49,8,0.293549,True
grid_001472.txt,16,24,4,0.001617,True
grid_001474.txt,15,22,3,0.001603,True
grid_001476.txt,15,22,3,0.001634,True
grid_001478.txt,9,12,2,0.000524,True
grid_001480.txt,24,38,6,0.020629,True
grid_001482.txt,20,31,5,0.00458,True
grid_001484.txt,9,12,2,0.000504,True
grid_001486.txt,24,38,6,0.020584,True
grid_001488.txt,12,17,3,0.000912,True
grid_001490.txt,20,31,5,0.004584,True
grid_001492.txt,12,17,3,0.000921,True
grid_001494.txt,18,27,4,0.002182,True
grid_001496.txt,12,17,3,0.000967,True
grid_001498.txt,12,17,3,0.00083,True
grid_001500.txt,12,17,3,0.000837,True
grid_001502.txt,18,27,4,0.002197,True
grid_001504.txt,12,17,3,0.000849,True
grid_001506.txt,12,17,3,0.000812,True
grid_001508.txt,18,27,4,0.001868,True
grid_001510.txt,12,17,3,0.000861,True
grid_001512.txt,25,40,6,0.025375,True
grid_001514.txt,12,17,3,0.000813,True
grid_001516.txt,9,12,2,0.000516,True
grid_001518.txt,20,31,5,0.00465,True
grid_001520.txt,25,40,6,0.026544,True
grid_001522.txt,20,31,5,0.004352,True
grid_001524.txt,20,31,5,0.004072,True
grid_001526.txt,24,38,6,0.023162,True
grid_001528.txt,30,49,8,0.296968,True
grid_001530.txt,20,31,5,0.006019,True
grid_001532.txt,25,40,6,0.028672,True
grid_001534.txt,16,24,4,0.002306,True
grid_001536.txt,16,24,4,0.001735,True
grid_001538.txt,12,17,3,0.000868,True
grid_001540.txt,25,40,6,0.026414,True
grid_001542.txt,24,38,6,0.023429,True
grid_001544.txt,16,24,4,0.001564,True
grid_001546.txt,30,49,8,0.295629,True
grid_001548.txt,24,38,6,0.02106,True
grid_001550.txt,20,31,5,0.005541,True
grid_001552.txt,24,38,6,0.020344,True
grid_001554.txt,12,17,3,0.000842,True
grid_001556.txt,25,40,6,0.02597,True
grid_001558.txt,20,31,5,0.004566,True
grid_001560.txt,25,40,6,0.027461,True
grid_001562.txt,24,38,6,0.020519,True
grid_001564.txt,15,22,3,0.001201,True
grid_001566.txt,16,24,4,0.001526,True
grid_001568.txt,24,38,6,0.020572,True
grid_001570.txt,18,27,4,0.001799,True
grid_001572.txt,20,31,5,0.004534,True
grid_001574.txt,30,49,8,0.298857,True
grid_001576.txt,12,17,3,0.000845,True
grid_001578.txt,15,22,3,0.001524,True
grid_001580.txt,20,31,5,0.004631,True
grid_001582.txt,20,31,5,0.004731,True
grid_001584.txt,12,17,3,0.00096,True
grid_001586.txt,25,40,6,0.025939,True
grid_001588.txt,15,22,3,0.001255,True
grid_001590.txt,12,17,3,0.000861,True
grid_001592.txt,20,31,5,0.004349,True
grid_001594.txt,12,17,3,0.000858,True
grid_001596.txt,15,22,3,0.001096,True
grid_001598.txt,16,24,4,0.001684,True
grid_001600.txt,16,24,4,0.001713,True
grid_001602.txt,20,31,5,0.004005,True
grid_001604.txt,24,38,6,0.022212,True
grid_001606.txt,30,49,8,0.294381,True
grid_001608.txt,12,17,3,0.000849,True
grid_001610.txt,25,40,6,0.026154,True
grid_001612.txt,18,27,4,0.001861,True
grid_001614.txt,20,31,5,0.004725,True
grid_001616.txt,15,22,3,0.001573,True
grid_001618.txt,25,40,6,0.028093,True
grid_001620.txt,16,24,4,0.001553,True
grid_001622.txt,15,22,3,0.001231,True
grid_001624.txt,20,31,5,0.004028,True
grid_001626.txt,30,49,8,0.292301,True
grid_001628.txt,24,38,6,0.021235,True
grid_001630.txt,9,12,2,0.00052,True
grid_001632.txt,30,49,8,0.290906,True
grid_001634.txt,12,17,3,0.000823,True
grid_001636.txt,20,31,5,0.004314,True
grid_001638.txt,15,22,3,0.001129,True
grid_001640.txt,15,22,3,0.001207,True
grid_001642.txt,24,38,6,0.022075,True
grid_001644.txt,15,22,3,0.001337,True
grid_001646.txt,30,49,8,0.295222,True
grid_001648.txt,18,27,4,0.002041,True
grid_001650.txt,18,27,4,0.001846,True
grid_001652.txt,30,49,8,0.309964,True
grid_001654.txt,9,12,2,0.000558,True
grid_001656.txt,25,40,6,0.027022,True
grid_001658.txt,16,24,4,0.001616,True
grid_001660.txt,16,24,4,0.001547,True
grid_001662.txt,20,31,5,0.004865,True
grid_001664.txt,20,31,5,0.004711,True
grid_001666.txt,15,22,3,0.00118,True
grid_001668.txt,12,17,3,0.000926,True
grid_001670.txt,9,12,2,0.000498,True
grid_001672.txt,16,24,4,0.001654,True
grid_001674.txt,18,27,4,0.001882,True
grid_001676.txt,25,40,6,0.026479,True
grid_001678.txt,16,24,4,0.001608,True
grid_001680.txt,12,17,3,0.001084,True
grid_001682.txt,24,38,6,0.021019,True
grid_001684.txt,9,12,2,0.000505,True
grid_001686.txt,24,38,6,0.020412,True
grid_001688.txt,25,40,6,0.025673,True
grid_001690.txt,18,27,4,0.001879,True
grid_001692.txt,30,49,8,0.292606,True
grid_001694.txt,25,40,6,0.025884,True
grid_001696.txt,15,22,3,0.001632,True
grid_001698.txt,18,27,4,0.00194,True
grid_001700.txt,15,22,3,0.001129,True
grid_001702.txt,24,38,6,0.020389,True
grid_001704.txt,15,22,3,0.001603,True
grid_001706.txt,30,49,8,0.293217,True
grid_001708.txt,18,27,4,0.001872,True
grid_001710.txt,15,22,3,0.001589,True
grid_001712.txt,18,27,4,0.001887,True
grid_001714.txt,15,22,3,0.001117,True
grid_001716.txt,25,40,6,0.026479,True
grid_001718.txt,18,27,4,0.001874,True
grid_001720.txt,30,49,8,0.291312,True
grid_001722.txt,15,22,3,0.00109,True
grid_001724.txt,15,22,3,0.001256,True
grid_001726.txt,16,24,4,0.00151,True
grid_001728.txt,15,22,3,0.00169,True
grid_001730.txt,12,17,3,0.000784,True
grid_001732.txt,12,17,3,0.000781,True
grid_001734.txt,16,24,4,0.001595,True
grid_001736.txt,24,38,6,0.022263,True
grid_001738.txt,12,17,3,0.000791,True
grid_001740.txt,16,24,4,0.001517,True
grid_001742.txt,16,24,4,0.001633,True
grid_001744.txt,16,24,4,0.001589,True
grid_001746.txt,12,17,3,0.000833,True
grid_001748.txt,12,17,3,0.000827,True
grid_001750.txt,20,31,5,0.003941,True
grid_001752.txt,18,27,4,0.001794,True
grid_001754.txt,18,27,4,0.001906,True
grid_001756.txt,9,12,2,0.000535,True
grid_001758.txt,20,31,5,0.004545,True
grid_001760.txt,18,27,4,0.001815,True
grid_001762.txt,20,31,5,0.004609,True
grid_001764.txt,9,12,2,0.000506,True
grid_001766.txt,16,24,4,0.001522,True
grid_001768.txt,15,22,3,0.001158,True
grid_001770.txt,20,31,5,0.004217,True
grid_001772.txt,12,17,3,0.000831,True
grid_001774.txt,30,49,8,0.300063,True
grid_001776.txt,9,12,2,0.000557,True
grid_001778.txt,30,49,8,0.317795,True
grid_001780.txt,18,27,4,0.001927,True
grid_001782.txt,18,27,4,0.001921,True
grid_001784.txt,18,27,4,0.002565,True
grid_001786.txt,30,49,8,0.311894,True
grid_001788.txt,20,31,5,0.004189,True
grid_001790.txt,15,22,3,0.001151,True
grid_001792.txt,18,27,4,0.001858,True
grid_001794.txt,20,31,5,0.004333,True
grid_001796.txt,15,22,3,0.001149,True
grid_001798.txt,20,31,5,0.004213,True
grid_001800.txt,30,49,8,0.303691,True
grid_001802.txt,18,27,4,0.001884,True
grid_001804.txt,20,31,5,0.004411,True
grid_001806.txt,20,31,5,0.00415,True
grid_001808.txt,20,31,5,0.004448,True
grid_001810.txt,16,24,4,0.001514,True
grid_001812.txt,16,24,4,0.001623,True
grid_001814.txt,16,24,4,0.00176,True
grid_001816.txt,15,22,3,0.001535,True
grid_001818.txt,16,24,4,0.001555,True
grid_001820.txt,25,40,6,0.026289,True
grid_001822.txt,25,40,6,0.025803,True
grid_001824.txt,12,17,3,0.00085,True
grid_001826.txt,12,17,3,0.000806,True
grid_001828.txt,15,22,3,0.00109,True
grid_001830.txt,25,40,6,0.025907,True
grid_001832.txt,12,17,3,0.000811,True
grid_001834.txt,25,40,6,0.02582,True
grid_001836.txt,30,49,8,0.30468,True
grid_001838.txt,20,31,5,0.004652,True
grid_001840.txt,20,31,5,0.003996,True
grid_001842.txt,30,49,8,0.293395,True
grid_001844.txt,16,24,4,0.001625,True
grid_001846.txt,15,22,3,0.001273,True
grid_001848.txt,15,22,3,0.001221,True
grid_001850.txt,25,40,6,0.02597,True
grid_001852.txt,16,24,4,0.002106,True
grid_001854.txt,15,22,3,0.001345,True
grid_001856.txt,20,31,5,0.004698,True
grid_001858.txt,12,17,3,0.000838,True
grid_001860.txt,18,27,4,0.001855,True
grid_001862.txt,12,17,3,0.000941,True
grid_001864.txt,18,27,4,0.001847,True
grid_001866.txt,12,17,3,0.000845,True
grid_001868.txt,20,31,5,0.004893,True
grid_001870.txt,12,17,3,0.000942,True
grid_001872.txt,20,31,5,0.003908,True
grid_001874.txt,20,31,5,0.003994,True
grid_001876.txt,30,49,8,0.299991,True
grid_001878.txt,18,27,4,0.001887,True
grid_001880.txt,25,40,6,0.026029,True
grid_001882.txt,18,27,4,0.001898,True
grid_001884.txt,12,17,3,0.000816,True
grid_001886.txt,20,31,5,0.004037,True
grid_001888.txt,25,40,6,0.02663,True
grid_001890.txt,25,40,6,0.02676,True
grid_001892.txt,15,22,3,0.001094,True
grid_001894.txt,20,31,5,0.004252,True
grid_001896.txt,18,27,4,0.001852,True
grid_001898.txt,9,12,2,0.000564,True
grid_001900.txt,16,24,4,0.00163,True
grid_001902.txt,15,22,3,0.001617,True
grid_001904.txt,12,17,3,0.000825,True
grid_001906.txt,18,27,4,0.001949,True
grid_001908.txt,24,38,6,0.02065,True
grid_001910.txt,30,49,8,0.290864,True
grid_001912.txt,15,22,3,0.001175,True
grid_001914.txt,15,22,3,0.001201,True
grid_001916.txt,9,12,2,0.000511,True
grid_001918.txt,24,38,6,0.020065,True
grid_001920.txt,18,27,4,0.002386,True
grid_001922.txt,15,22,3,0.001144,True
grid_001924.txt,20,31,5,0.004047,True
grid_001926.txt,20,31,5,0.004667,True
grid_001928.txt,20,31,5,0.004138,True
grid_001930.txt,12,17,3,0.000925,True
grid_001932.txt,20,31,5,0.004312,True
grid_001934.txt,18,27,4,0.001893,True
grid_001936.txt,20,31,5,0.004682,True
grid_001938.txt,25,40,6,0.027605,True
grid_001940.txt,15,22,3,0.001104,True
grid_001942.txt,15,22,3,0.001233,True
grid_001944.txt,12,17,3,0.000786,True
grid_001946.txt,12,17,3,0.000827,True
grid_001948.txt,15,22,3,0.001102,True
grid_001950.txt,25,40,6,0.026141,True
grid_001952.txt,9,12,2,0.000495,True
grid_001954.txt,12,17,3,0.000836,True
grid_001956.txt,12,17,3,0.00091,True
grid_001958.txt,30,49,8,0.300508,True
grid_001960.txt,9,12,2,0.000563,True
grid_001962.txt,18,27,4,0.001968,True
grid_001964.txt,15,22,3,0.00164,True
grid_001966.txt,12,17,3,0.000809,True
grid_001968.txt,9,12,2,0.000503,True
grid_001970.txt,12,17,3,0.000845,True
grid_001972.txt,15,22,3,0.001278,True
grid_001974.txt,20,31,5,0.004475,True
grid_001976.txt,20,31,5,0.003875,True
grid_001978.txt,20,31,5,0.004666,True
grid_001980.txt,25,40,6,0.025932,True
grid_001982.txt,12,17,3,0.000956,True
grid_001984.txt,20,31,5,0.004019,True
grid_001986.txt,25,40,6,0.027383,True
grid_001988.txt,18,27,4,0.002089,True
grid_001990.txt,12,17,3,0.00081,True
grid_001992.txt,25,40,6,0.027176,True
grid_001994.txt,12,17,3,0.000871,True
grid_001996.txt,15,22,3,0.001616,True
grid_001998.txt,25,40,6,0.026078,True
tree_000001.txt,17,16,0,0.000672,True
tree_000003.txt,31,30,0,0.001393,True
tree_000005.txt,30,29,0,0.001343,True
tree_000007.txt,16,15,0,0.000638,True
tree_000009.txt,35,34,0,0.001605,True
tree_000011.txt,13,12,0,0.00054,True
tree_000013.txt,17,16,0,0.000652,True
tree_000015.txt,32,31,0,0.001879,True
tree_000017.txt,22,21,0,0.000951,True
tree_000019.txt,22,21,0,0.000931,True
tree_000021.txt,22,21,0,0.001033,True
tree_000023.txt,17,16,0,0.000707,True
tree_000025.txt,26,25,0,0.001116,True
tree_000027.txt,11,10,0,0.000529,True
tree_000029.txt,21,20,0,0.000827,True
tree_000031.txt,30,29,0,0.001469,True
tree_000033.txt,31,30,0,0.001377,True
tree_000035.txt,20,19,0,0.000812,True
tree_000037.txt,20,19,0,0.000807,True
tree_000039.txt,15,14,0,0.000597,True
tree_000041.txt,23,22,0,0.000995,True
tree_000043.txt,11,10,0,0.000494,True
tree_000045.txt,25,24,0,0.00111,True
tree_000047.txt,31,30,0,0.001405,True
tree_000049.txt,35,34,0,0.001768,True
tree_000051.txt,20,19,0,0.000738,True
tree_000053.txt,20,19,0,0.000798,True
tree_000055.txt,33,32,0,0.00159,True
tree_000057.txt,29,28,0,0.001434,True
tree_000059.txt,28,27,0,0.001256,True
tree_000061.txt,33,32,0,0.001613,True
tree_000063.txt,34,33,0,0.001699,True
tree_000065.txt,32,31,0,0.001458,True
tree_000067.txt,25,24,0,0.001085,True
tree_000069.txt,17,16,0,0.000673,True
tree_000071.txt,20,19,0,0.000759,True
tree_000073.txt,15,14,0,0.000619,True
tree_000075.txt,24,23,0,0.001005,True
tree_000077.txt,34,33,0,0.001641,True
tree_000079.txt,34,33,0,0.001599,True
tree_000081.txt,23,22,0,0.000972,True
tree_000083.txt,12,11,0,0.000512,True
tree_000085.txt,32,31,0,0.001501,True
tree_000087.txt,20,19,0,0.000741,True
tree_000089.txt,10,9,0,0.000461,True
tree_000091.txt,18,17,0,0.000796,True
tree_000093.txt,20,19,0,0.000732,True
tree_000095.txt,24,23,0,0.001021,True
tree_000097.txt,23,22,0,0.001411,True
tree_000099.txt,10,9,0,0.000484,True
tree_000101.txt,12,11,0,0.000491,True
tree_000103.txt,20,19,0,0.000909,True
tree_000105.txt,16,15,0,0.000982,True
tree_000107.txt,19,18,0,0.000807,True
tree_000109.txt,35,34,0,0.001792,True
tree_000111.txt,27,26,0,0.001182,True
tree_000113.txt,18,17,0,0.000723,True
tree_000115.txt,22,21,0,0.000917,True
tree_000117.txt,22,21,0,0.000991,True
tree_000119.txt,30,29,0,0.001558,True
tree_000121.txt,13,12,0,0.000539,True
tree_000123.txt,31,30,0,0.001392,True
tree_000125.txt,19,18,0,0.000853,True
tree_000127.txt,29,28,0,0.001331,True
tree_000129.txt,21,20,0,0.000896,True
tree_000131.txt,24,23,0,0.001152,True
tree_000133.txt,15,14,0,0.000625,True
tree_000135.txt,11,10,0,0.000501,True
tree_000137.txt,28,27,0,0.001288,True
tree_000139.txt,18,17,0,0.00076,True
tree_000141.txt,14,13,0,0.000572,True
tree_000143.txt,25,24,0,0.001214,True
tree_000145.txt,35,34,0,0.001629,True
tree_000147.txt,30,29,0,0.001391,True
tree_000149.txt,13,12,0,0.000577,True
tree_000151.txt,26,25,0,0.001121,True
tree_000153.txt,15,14,0,0.00061,True
tree_000155.txt,25,24,0,0.001083,True
tree_000157.txt,35,34,0,0.001742,True
tree_000159.txt,25,24,0,0.00111,True
tree_000161.txt,31,30,0,0.001386,True
tree_000163.txt,24,23,0,0.001732,True
tree_000165.txt,16,15,0,0.000681,True
tree_000167.txt,24,23,0,0.001103,True
tree_000169.txt,27,26,0,0.001228,True
tree_000171.txt,24,23,0,0.000981,True
tree_000173.txt,21,20,0,0.000862,True
tree_000175.txt,23,22,0,0.00099,True
tree_000177.txt,11,10,0,0.000515,True
tree_000179.txt,23,22,0,0.000981,True
tree_000181.txt,28,27,0,0.001241,True
tree_000183.txt,31,30,0,0.001387,True
tree_000185.txt,26,25,0,0.001148,True
tree_000187.txt,11,10,0,0.000689,True
tree_000189.txt,26,25,0,0.001139,True
tree_000191.txt,35,34,0,0.001712,True
tree_000193.txt,10,9,0,0.000488,True
tree_000195.txt,14,13,0,0.0007,True
tree_000197.txt,12,11,0,0.000535,True
tree_000199.txt,29,28,0,0.001282,True
tree_000201.txt,29,28,0,0.001356,True
tree_000203.txt,12,11,0,0.00049,True
tree_000205.txt,26,25,0,0.00127,True
tree_000207.txt,28,27,0,0.001347,True
tree_000209.txt,11,10,0,0.000549,True
tree_000211.txt,28,27,0,0.001236,True
tree_000213.txt,23,22,0,0.00098,True
tree_000215.txt,22,21,0,0.000936,True
tree_000217.txt,16,15,0,0.000735,True
tree_000219.txt,16,15,0,0.00074,True
tree_000221.txt,20,19,0,0.00084,True
tree_000223.txt,23,22,0,0.00102,True
tree_000225.txt,20,19,0,0.000811,True
tree_000227.txt,32,31,0,0.001478,True
tree_000229.txt,14,13,0,0.000604,True
tree_000231.txt,32,31,0,0.001522,True
tree_000233.txt,12,11,0,0.000548,True
tree_000235.txt,14,13,0,0.000582,True
tree_000237.txt,13,12,0,0.000534,True
tree_000239.txt,18,17,0,0.00073,True
tree_000241.txt,17,16,0,0.000753,True
tree_000243.txt,29,28,0,0.001383,True
tree_000245.txt,29,28,0,0.001339,True
tree_000247.txt,26,25,0,0.001149,True
tree_000249.txt,19,18,0,0.000781,True
tree_000251.txt,13,12,0,0.000556,True
tree_000253.txt,27,26,0,0.001203,True
tree_000255.txt,35,34,0,0.001559,True
tree_000257.txt,33,32,0,0.001495,True
tree_000259.txt,25,24,0,0.001175,True
tree_000261.txt,16,15,0,0.000658,True
tree_000263.txt,20,19,0,0.000748,True
tree_000265.txt,35,34,0,0.001814,True
tree_000267.txt,27,26,0,0.001151,True
tree_000269.txt,26,25,0,0.00113,True
tree_000271.txt,32,31,0,0.001554,True
tree_000273.txt,30,29,0,0.001624,True
tree_000275.txt,19,18,0,0.000737,True
tree_000277.txt,29,28,0,0.00134,True
tree_000279.txt,14,13,0,0.000575,True
tree_000281.txt,32,31,0,0.001412,True
tree_000283.txt,14,13,0,0.000603,True
tree_000285.txt,10,9,0,0.000569,True
tree_000287.txt,26,25,0,0.001184,True
tree_000289.txt,24,23,0,0.001207,True
tree_000291.txt,27,26,0,0.001561,True
tree_000293.txt,16,15,0,0.000665,True
tree_000295.txt,17,16,0,0.000691,True
tree_000297.txt,29,28,0,0.001309,True
tree_000299.txt,20,19,0,0.000778,True
tree_000301.txt,34,33,0,0.001704,True
tree_000303.txt,33,32,0,0.001499,True
tree_000305.txt,32,31,0,0.001501,True
tree_000307.txt,27,26,0,0.001179,True
tree_000309.txt,15,14,0,0.000646,True
tree_000311.txt,18,17,0,0.000792,True
tree_000313.txt,35,34,0,0.001703,True
tree_000315.txt,18,17,0,0.000901,True
tree_000317.txt,15,14,0,0.000616,True
tree_000319.txt,34,33,0,0.001564,True
tree_000321.txt,29,28,0,0.001302,True
tree_000323.txt,20,19,0,0.00076,True
tree_000325.txt,34,33,0,0.001688,True
tree_000327.txt,29,28,0,0.001364,True
tree_000329.txt,30,29,0,0.00135,True
tree_000331.txt,27,26,0,0.001259,True
tree_000333.txt,34,33,0,0.001646,True
tree_000335.txt,34,33,0,0.001728,True
tree_000337.txt,30,29,0,0.001431,True
tree_000339.txt,23,22,0,0.00106,True
tree_000341.txt,25,24,0,0.001163,True
tree_000343.txt,26,25,0,0.001181,True
tree_000345.txt,23,22,0,0.001017,True
tree_000347.txt,34,33,0,0.00239,True
tree_000349.txt,15,14,0,0.00067,True
tree_000351.txt,12,11,0,0.000486,True
tree_000353.txt,25,24,0,0.001274,True
tree_000355.txt,34,33,0,0.001543,True
tree_000357.txt,13,12,0,0.000585,True
tree_000359.txt,29,28,0,0.001469,True
tree_000361.txt,15,14,0,0.000686,True
tree_000363.txt,15,14,0,0.000723,True
tree_000365.txt,10,9,0,0.000449,True
tree_000367.txt,28,27,0,0.001606,True
tree_000369.txt,17,16,0,0.000714,True
tree_000371.txt,12,11,0,0.000505,True
tree_000373.txt,22,21,0,0.000939,True
tree_000375.txt,28,27,0,0.001262,True
tree_000377.txt,12,11,0,0.000602,True
tree_000379.txt,14,13,0,0.000588,True
tree_000381.txt,35,34,0,0.001907,True
tree_000383.txt,10,9,0,0.000414,True
tree_000385.txt,24,23,0,0.001295,True
tree_000387.txt,11,10,0,0.000467,True
tree_000389.txt,31,30,0,0.001328,True
tree_000391.txt,29,28,0,0.001727,True
tree_000393.txt,21,20,0,0.000873,True
tree_000395.txt,11,10,0,0.000473,True
tree_000397.txt,30,29,0,0.001299,True
tree_000399.txt,32,31,0,0.001318,True
tree_000401.txt,26,25,0,0.001111,True
tree_000403.txt,34,33,0,0.001629,True
tree_000405.txt,12,11,0,0.00051,True
tree_000407.txt,33,32,0,0.001458,True
tree_000409.txt,20,19,0,0.000774,True
tree_000411.txt,14,13,0,0.000622,True
tree_000413.txt,20,19,0,0.000788,True
tree_000415.txt,24,23,0,0.001317,True
tree_000417.txt,15,14,0,0.000705,True
tree_000419.txt,34,33,0,0.001657,True
tree_000421.txt,31,30,0,0.001362,True
tree_000423.txt,34,33,0,0.001668,True
tree_000425.txt,31,30,0,0.001356,True
tree_000427.txt,28,27,0,0.001302,True
tree_000429.txt,14,13,0,0.000568,True
tree_000431.txt,19,18,0,0.000779,True
tree_000433.txt,26,25,0,0.001164,True
tree_000435.txt,35,34,0,0.001691,True
tree_000437.txt,33,32,0,0.00158,True
tree_000439.txt,34,33,0,0.001695,True
tree_000441.txt,23,22,0,0.001017,True
tree_000443.txt,35,34,0,0.00155,True
tree_000445.txt,23,22,0,0.00097,True
tree_000447.txt,30,29,0,0.001374,True
tree_000449.txt,31,30,0,0.001659,True
tree_000451.txt,10,9,0,0.000427,True
tree_000453.txt,33,32,0,0.001827,True
tree_000455.txt,23,22,0,0.001003,True
tree_000457.txt,14,13,0,0.000581,True
tree_000459.txt,12,11,0,0.000495,True
tree_000461.txt,20,19,0,0.000787,True
tree_000463.txt,11,10,0,0.000504,True
tree_000465.txt,19,18,0,0.000849,True
tree_000467.txt,15,14,0,0.00066,True
tree_000469.txt,16,15,0,0.000728,True
tree_000471.txt,24,23,0,0.001025,True
tree_000473.txt,13,12,0,0.000551,True
tree_000475.txt,33,32,0,0.001528,True
tree_000477.txt,24,23,0,0.001077,True
tree_000479.txt,12,11,0,0.000485,True
tree_000481.txt,27,26,0,0.001206,True
tree_000483.txt,17,16,0,0.000701,True
tree_000485.txt,19,18,0,0.000742,True
tree_000487.txt,26,25,0,0.001204,True
tree_000489.txt,34,33,0,0.001654,True
tree_000491.txt,10,9,0,0.000439,True
tree_000493.txt,19,18,0,0.000759,True
tree_000495.txt,25,24,0,0.001107,True
tree_000497.txt,14,13,0,0.000539,True
tree_000499.txt,12,11,0,0.000494,True
tree_000501.txt,12,11,0,0.000518,True
tree_000503.txt,15,14,0,0.00069,True
tree_000505.txt,14,13,0,0.00058,True
tree_000507.txt,15,14,0,0.00061,True
tree_000509.txt,14,13,0,0.000564,True
tree_000511.txt,12,11,0,0.000485,True
tree_000513.txt,18,17,0,0.000713,True
tree_000515.txt,26,25,0,0.001169,True
tree_000517.txt,28,27,0,0.001308,True
tree_000519.txt,33,32,0,0.00145,True
tree_000521.txt,33,32,0,0.001476,True
tree_000523.txt,26,25,0,0.001148,True
tree_000525.txt,35,34,0,0.001689,True
tree_000527.txt,25,24,0,0.001023,True
tree_000529.txt,22,21,0,0.000932,True
tree_000531.txt,11,10,0,0.00052,True
tree_000533.txt,18,17,0,0.000726,True
tree_000535.txt,31,30,0,0.001446,True
tree_000537.txt,10,9,0,0.000435,True
tree_000539.txt,13,12,0,0.000555,True
tree_000541.txt,25,24,0,0.001093,True
tree_000543.txt,34,33,0,0.001686,True
tree_000545.txt,13,12,0,0.000576,True
tree_000547.txt,30,29,0,0.001453,True
tree_000549.txt,15,14,0,0.000738,True
tree_000551.txt,18,17,0,0.000703,True
tree_000553.txt,12,11,0,0.000565,True
tree_000555.txt,21,20,0,0.000837,True
tree_000557.txt,24,23,0,0.001076,True
tree_000559.txt,11,10,0,0.00047,True
tree_000561.txt,31,30,0,0.00151,True
tree_000563.txt,30,29,0,0.001653,True
tree_000565.txt,30,29,0,0.001359,True
tree_000567.txt,21,20,0,0.000854,True
tree_000569.txt,23,22,0,0.001001,True
tree_000571.txt,24,23,0,0.001153,True
tree_000573.txt,23,22,0,0.000958,True
tree_000575.txt,34,33,0,0.001604,True
tree_000577.txt,23,22,0,0.000938,True
tree_000579.txt,19,18,0,0.000851,True
tree_000581.txt,21,20,0,0.001009,True
tree_000583.txt,16,15,0,0.000641,True
tree_000585.txt,31,30,0,0.001388,True
tree_000587.txt,20,19,0,0.000852,True
tree_000589.txt,18,17,0,0.000805,True
tree_000591.txt,35,34,0,0.002668,True
tree_000593.txt,28,27,0,0.001328,True
tree_000595.txt,35,34,0,0.00166,True
tree_000597.txt,35,34,0,0.001963,True
tree_000599.txt,29,28,0,0.001315,True
tree_000601.txt,31,30,0,0.001399,True
tree_000603.txt,25,24,0,0.001173,True
tree_000605.txt,33,32,0,0.001468,True
tree_000607.txt,27,26,0,0.001227,True
tree_000609.txt,29,28,0,0.001319,True
tree_000611.txt,23,22,0,0.000994,True
tree_000613.txt,13,12,0,0.000527,True
tree_000615.txt,10,9,0,0.00043,True
tree_000617.txt,12,11,0,0.000496,True
tree_000619.txt,32,31,0,0.001435,True
tree_000621.txt,22,21,0,0.000985,True
tree_000623.txt,19,18,0,0.000765,True
tree_000625.txt,16,15,0,0.000647,True
tree_000627.txt,15,14,0,0.000611,True
tree_000629.txt,20,19,0,0.000936,True
tree_000631.txt,18,17,0,0.000717,True
tree_000633.txt,20,19,0,0.000831,True
tree_000635.txt,20,19,0,0.000924,True
tree_000637.txt,34,33,0,0.001895,True
tree_000639.txt,26,25,0,0.001088,True
tree_000641.txt,23,22,0,0.000945,True
tree_000643.txt,22,21,0,0.000929,True
tree_000645.txt,27,26,0,0.001141,True
tree_000647.txt,27,26,0,0.001199,True
tree_000649.txt,25,24,0,0.001238,True
tree_000651.txt,18,17,0,0.000714,True
tree_000653.txt,14,13,0,0.000563,True
tree_000655.txt,21,20,0,0.000844,True
tree_000657.txt,11,10,0,0.00049,True
tree_000659.txt,27,26,0,0.00122,True
tree_000661.txt,33,32,0,0.001474,True
tree_000663.txt,35,34,0,0.00157,True
tree_000665.txt,10,9,0,0.000443,True
tree_000667.txt,19,18,0,0.000795,True
tree_000669.txt,12,11,0,0.0005,True
tree_000671.txt,29,28,0,0.001436,True
tree_000673.txt,16,15,0,0.000656,True
tree_000675.txt,32,31,0,0.001456,True
tree_000677.txt,15,14,0,0.000618,True
tree_000679.txt,23,22,0,0.000968,True
tree_000681.txt,26,25,0,0.001421,True
tree_000683.txt,22,21,0,0.000993,True
tree_000685.txt,15,14,0,0.000602,True
tree_000687.txt,13,12,0,0.000529,True
tree_000689.txt,21,20,0,0.000861,True
tree_000691.txt,10,9,0,0.000433,True
tree_000693.txt,21,20,0,0.000996,True
tree_000695.txt,23,22,0,0.001079,True
tree_000697.txt,11,10,0,0.000671,True
tree_000699.txt,21,20,0,0.001015,True
tree_000701.txt,26,25,0,0.001661,True
tree_000703.txt,14,13,0,0.000584,True
tree_000705.txt,20,19,0,0.000816,True
tree_000707.txt,24,23,0,0.001127,True
tree_000709.txt,32,31,0,0.001384,True
tree_000711.txt,22,21,0,0.001025,True
tree_000713.txt,30,29,0,0.001425,True
tree_000715.txt,27,26,0,0.001165,True
tree_000717.txt,20,19,0,0.000835,True
tree_000719.txt,31,30,0,0.001355,True
tree_000721.txt,21,20,0,0.000966,True
tree_000723.txt,26,25,0,0.001162,True
tree_000725.txt,27,26,0,0.00134,True
tree_000727.txt,15,14,0,0.000646,True
tree_000729.txt,33,32,0,0.001504,True
tree_000731.txt,22,21,0,0.00103,True
tree_000733.txt,31,30,0,0.00159,True
tree_000735.txt,12,11,0,0.000555,True
tree_000737.txt,35,34,0,0.001776,True
tree_000739.txt,24,23,0,0.001001,True
tree_000741.txt,12,11,0,0.000545,True
tree_000743.txt,11,10,0,0.000612,True
tree_000745.txt,22,21,0,0.000953,True
tree_000747.txt,15,14,0,0.000627,True
tree_000749.txt,14,13,0,0.000642,True
tree_000751.txt,22,21,0,0.000964,True
tree_000753.txt,13,12,0,0.000698,True
tree_000755.txt,23,22,0,0.001146,True
tree_000757.txt,28,27,0,0.00168,True
tree_000759.txt,31,30,0,0.001431,True
tree_000761.txt,13,12,0,0.000687,True
tree_000763.txt,12,11,0,0.000576,True
tree_000765.txt,17,16,0,0.000746,True
tree_000767.txt,21,20,0,0.000834,True
tree_000769.txt,32,31,0,0.002007,True
tree_000771.txt,14,13,0,0.000597,True
tree_000773.txt,26,25,0,0.001282,True
tree_000775.txt,28,27,0,0.001297,True
tree_000777.txt,25,24,0,0.001064,True
tree_000779.txt,13,12,0,0.000611,True
tree_000781.txt,22,21,0,0.000946,True
tree_000783.txt,15,14,0,0.000648,True
tree_000785.txt,21,20,0,0.000815,True
tree_000787.txt,32,31,0,0.001408,True
tree_000789.txt,31,30,0,0.001478,True
tree_000791.txt,17,16,0,0.000739,True
tree_000793.txt,10,9,0,0.000425,True
tree_000795.txt,22,21,0,0.000982,True
tree_000797.txt,10,9,0,0.00044,True
tree_000799.txt,23,22,0,0.001143,True
tree_000801.txt,25,24,0,0.001185,True
tree_000803.txt,15,14,0,0.000599,True
tree_000805.txt,29,28,0,0.001349,True
tree_000807.txt,27,26,0,0.001194,True
tree_000809.txt,30,29,0,0.00158,True
tree_000811.txt,22,21,0,0.000955,True
tree_000813.txt,28,27,0,0.001276,True
tree_000815.txt,26,25,0,0.001065,True
tree_000817.txt,20,19,0,0.000725,True
tree_000819.txt,23,22,0,0.001005,True
tree_000821.txt,24,23,0,0.001072,True
tree_000823.txt,27,26,0,0.001261,True
tree_000825.txt,13,12,0,0.000624,True
tree_000827.txt,27,26,0,0.001286,True
tree_000829.txt,24,23,0,0.001156,True
tree_000831.txt,30,29,0,0.001382,True
tree_000833.txt,17,16,0,0.000702,True
tree_000835.txt,13,12,0,0.000604,True
tree_000837.txt,30,29,0,0.001881,True
tree_000839.txt,25,24,0,0.001092,True
tree_000841.txt,26,25,0,0.001189,True
tree_000843.txt,23,22,0,0.001098,True
tree_000845.txt,31,30,0,0.001465,True
tree_000847.txt,17,16,0,0.000942,True
tree_000849.txt,14,13,0,0.000769,True
tree_000851.txt,28,27,0,0.001253,True
tree_000853.txt,23,22,0,0.001086,True
tree_000855.txt,34,33,0,0.001629,True
tree_000857.txt,13,12,0,0.000703,True
tree_000859.txt,35,34,0,0.001935,True
tree_000861.txt,19,18,0,0.00083,True
tree_000863.txt,13,12,0,0.000537,True
tree_000865.txt,31,30,0,0.001453,True
tree_000867.txt,30,29,0,0.001387,True
tree_000869.txt,35,34,0,0.001887,True
tree_000871.txt,12,11,0,0.000538,True
tree_000873.txt,30,29,0,0.001366,True
tree_000875.txt,34,33,0,0.001546,True
tree_000877.txt,34,33,0,0.001698,True
tree_000879.txt,16,15,0,0.000628,True
tree_000881.txt,19,18,0,0.000927,True
tree_000883.txt,21,20,0,0.00084,True
tree_000885.txt,16,15,0,0.00067,True
tree_000887.txt,15,14,0,0.000613,True
tree_000889.txt,30,29,0,0.001533,True
tree_000891.txt,31,30,0,0.001423,True
tree_000893.txt,22,21,0,0.000986,True
tree_000895.txt,22,21,0,0.001002,True
tree_000897.txt,11,10,0,0.000633,True
tree_000899.txt,17,16,0,0.000689,True
tree_000901.txt,14,13,0,0.00058,True
tree_000903.txt,12,11,0,0.000478,True
tree_000905.txt,19,18,0,0.00084,True
tree_000907.txt,21,20,0,0.000832,True
tree_000909.txt,28,27,0,0.001374,True
tree_000911.txt,19,18,0,0.000816,True
tree_000913.txt,30,29,0,0.001545,True
tree_000915.txt,20,19,0,0.000853,True
tree_000917.txt,16,15,0,0.000645,True
tree_000919.txt,34,33,0,0.001572,True
tree_000921.txt,25,24,0,0.001088,True
tree_000923.txt,16,15,0,0.000667,True
tree_000925.txt,23,22,0,0.001094,True
tree_000927.txt,29,28,0,0.001343,True
tree_000929.txt,11,10,0,0.000463,True
tree_000931.txt,12,11,0,0.000555,True
tree_000933.txt,13,12,0,0.000558,True
tree_000935.txt,21,20,0,0.00082,True
tree_000937.txt,19,18,0,0.000839,True
tree_000939.txt,18,17,0,0.001232,True
tree_000941.txt,30,29,0,0.001436,True
tree_000943.txt,23,22,0,0.000981,True
tree_000945.txt,34,33,0,0.001703,True
tree_000947.txt,17,16,0,0.000728,True
tree_000949.txt,23,22,0,0.001064,True
tree_000951.txt,29,28,0,0.001566,True
tree_000953.txt,26,25,0,0.001154,True
tree_000955.txt,15,14,0,0.000848,True
tree_000957.txt,22,21,0,0.000939,True
tree_000959.txt,12,11,0,0.000977,True
tree_000961.txt,27,26,0,0.001314,True
tree_000963.txt,27,26,0,0.001655,True
tree_000965.txt,20,19,0,0.001286,True
tree_000967.txt,18,17,0,0.000812,True
tree_000969.txt,32,31,0,0.001366,True
tree_000971.txt,18,17,0,0.001037,True
tree_000973.txt,17,16,0,0.000732,True
tree_000975.txt,28,27,0,0.001395,True
tree_000977.txt,30,29,0,0.001422,True
tree_000979.txt,28,27,0,0.001363,True
tree_000981.txt,16,15,0,0.000655,True
tree_000983.txt,33,32,0,0.001728,True
tree_000985.txt,30,29,0,0.001381,True
tree_000987.txt,11,10,0,0.000513,True
tree_000989.txt,24,23,0,0.001271,True
tree_000991.txt,19,18,0,0.000793,True
tree_000993.txt,17,16,0,0.000695,True
tree_000995.txt,27,26,0,0.001263,True
tree_000997.txt,15,14,0,0.000676,True
tree_000999.txt,25,24,0,0.001339,True
tree_001001.txt,29,28,0,0.001689,True
tree_001003.txt,30,29,0,0.001526,True
tree_001005.txt,27,26,0,0.001267,True
tree_001007.txt,22,21,0,0.00092,True
tree_001009.txt,29,28,0,0.002519,True
tree_001011.txt,25,24,0,0.00114,True
tree_001013.txt,17,16,0,0.000698,True
tree_001015.txt,29,28,0,0.00142,True
tree_001017.txt,35,34,0,0.001733,True
tree_001019.txt,27,26,0,0.001274,True
tree_001021.txt,33,32,0,0.00159,True
tree_001023.txt,16,15,0,0.000779,True
tree_001025.txt,23,22,0,0.000934,True
tree_001027.txt,18,17,0,0.000785,True
tree_001029.txt,29,28,0,0.001411,True
tree_001031.txt,20,19,0,0.000855,True
tree_001033.txt,21,20,0,0.000934,True
tree_001035.txt,24,23,0,0.00109,True
tree_001037.txt,12,11,0,0.00058,True
tree_001039.txt,33,32,0,0.003059,True
tree_001041.txt,23,22,0,0.000956,True
tree_001043.txt,16,15,0,0.000713,True
tree_001045.txt,17,16,0,0.000729,True
tree_001047.txt,30,29,0,0.001532,True
tree_001049.txt,13,12,0,0.00076,True
tree_001051.txt,27,26,0,0.001961,True
tree_001053.txt,14,13,0,0.00106,True
tree_001055.txt,12,11,0,0.000782,True
tree_001057.txt,11,10,0,0.000638,True
tree_001059.txt,28,27,0,0.001313,True
tree_001061.txt,12,11,0,0.000497,True
tree_001063.txt,25,24,0,0.001454,True
tree_001065.txt,33,32,0,0.002082,True
tree_001067.txt,23,22,0,0.001216,True
tree_001069.txt,32,31,0,0.00155,True
tree_001071.txt,32,31,0,0.001483,True
tree_001073.txt,24,23,0,0.00107,True
tree_001075.txt,26,25,0,0.001234,True
tree_001077.txt,31,30,0,0.00145,True
tree_001079.txt,24,23,0,0.001073,True
tree_001081.txt,34,33,0,0.00163,True
tree_001083.txt,27,26,0,0.001205,True
tree_001085.txt,31,30,0,0.001371,True
tree_001087.txt,14,13,0,0.000652,True
tree_001089.txt,20,19,0,0.000855,True
tree_001091.txt,19,18,0,0.000758,True
tree_001093.txt,33,32,0,0.001657,True
tree_001095.txt,20,19,0,0.000864,True
tree_001097.txt,22,21,0,0.001037,True
tree_001099.txt,24,23,0,0.00105,True
tree_001101.txt,22,21,0,0.000978,True
tree_001103.txt,30,29,0,0.001356,True
tree_001105.txt,32,31,0,0.001408,True
tree_001107.txt,20,19,0,0.000876,True
tree_001109.txt,23,22,0,0.001078,True
tree_001111.txt,25,24,0,0.001048,True
tree_001113.txt,25,24,0,0.001144,True
tree_001115.txt,34,33,0,0.00162,True
tree_001117.txt,33,32,0,0.001592,True
tree_001119.txt,19,18,0,0.00079,True
tree_001121.txt,31,30,0,0.001816,True
tree_001123.txt,21,20,0,0.000908,True
tree_001125.txt,30,29,0,0.001392,True
tree_001127.txt,27,26,0,0.001207,True
tree_001129.txt,21,20,0,0.000889,True
tree_001131.txt,33,32,0,0.002032,True
tree_001133.txt,23,22,0,0.001058,True
tree_001135.txt,19,18,0,0.000802,True
tree_001137.txt,23,22,0,0.001025,True
tree_001139.txt,29,28,0,0.001452,True
tree_001141.txt,17,16,0,0.000791,True
tree_001143.txt,10,9,0,0.000624,True
tree_001145.txt,23,22,0,0.001028,True
tree_001147.txt,29,28,0,0.001465,True
tree_001149.txt,20,19,0,0.000799,True
tree_001151.txt,29,28,0,0.001397,True
tree_001153.txt,26,25,0,0.001215,True
tree_001155.txt,32,31,0,0.001638,True
tree_001157.txt,28,27,0,0.001287,True
tree_001159.txt,28,27,0,0.001743,True
tree_001161.txt,13,12,0,0.000597,True
tree_001163.txt,17,16,0,0.000745,True
tree_001165.txt,15,14,0,0.000715,True
tree_001167.txt,34,33,0,0.001589,True
tree_001169.txt,28,27,0,0.001418,True
tree_001171.txt,18,17,0,0.000796,True
tree_001173.txt,27,26,0,0.001182,True
tree_001175.txt,22,21,0,0.000983,True
tree_001177.txt,24,23,0,0.001045,True
tree_001179.txt,14,13,0,0.000586,True
tree_001181.txt,19,18,0,0.000742,True
tree_001183.txt,10,9,0,0.000479,True
tree_001185.txt,26,25,0,0.001195,True
tree_001187.txt,11,10,0,0.000572,True
tree_001189.txt,22,21,0,0.001012,True
tree_001191.txt,34,33,0,0.001664,True
tree_001193.txt,28,27,0,0.001253,True
tree_001195.txt,30,29,0,0.001535,True
tree_001197.txt,25,24,0,0.001128,True
tree_001199.txt,35,34,0,0.001681,True
tree_001201.txt,34,33,0,0.001648,True
tree_001203.txt,14,13,0,0.000631,True
tree_001205.txt,19,18,0,0.00073,True
tree_001207.txt,23,22,0,0.000976,True
tree_001209.txt,17,16,0,0.000702,True
tree_001211.txt,31,30,0,0.001426,True
tree_001213.txt,35,34,0,0.001824,True
tree_001215.txt,32,31,0,0.001432,True
tree_001217.txt,12,11,0,0.000521,True
tree_001219.txt,35,34,0,0.001595,True
tree_001221.txt,31,30,0,0.001551,True
tree_001223.txt,27,26,0,0.001644,True
tree_001225.txt,31,30,0,0.001353,True
tree_001227.txt,16,15,0,0.000656,True
tree_001229.txt,14,13,0,0.000597,True
tree_001231.txt,25,24,0,0.001079,True
tree_001233.txt,15,14,0,0.000623,True
tree_001235.txt,34,33,0,0.001595,True
tree_001237.txt,18,17,0,0.00072,True
tree_001239.txt,32,31,0,0.00155,True
tree_001241.txt,29,28,0,0.001651,True
tree_001243.txt,14,13,0,0.00061,True
tree_001245.txt,22,21,0,0.001023,True
tree_001247.txt,28,27,0,0.001284,True
tree_001249.txt,22,21,0,0.000967,True
tree_001251.txt,32,31,0,0.001497,True
tree_001253.txt,17,16,0,0.000721,True
tree_001255.txt,28,27,0,0.001338,True
tree_001257.txt,25,24,0,0.001109,True
tree_001259.txt,23,22,0,0.000981,True
tree_001261.txt,22,21,0,0.001032,True
tree_001263.txt,21,20,0,0.000836,True
tree_001265.txt,30,29,0,0.00152,True
tree_001267.txt,26,25,0,0.001179,True
tree_001269.txt,25,24,0,0.001139,True
tree_001271.txt,25,24,0,0.001278,True
tree_001273.txt,26,25,0,0.001159,True
tree_001275.txt,31,30,0,0.00157,True
tree_001277.txt,31,30,0,0.001341,True
tree_001279.txt,29,28,0,0.001325,True
tree_001281.txt,31,30,0,0.001424,True
tree_001283.txt,33,32,0,0.001509,True
tree_001285.txt,31,30,0,0.001422,True
tree_001287.txt,23,22,0,0.001349,True
tree_001289.txt,20,19,0,0.000822,True
tree_001291.txt,10,9,0,0.000482,True
tree_001293.txt,12,11,0,0.000728,True
tree_001295.txt,13,12,0,0.000544,True
tree_001297.txt,14,13,0,0.000751,True
tree_001299.txt,13,12,0,0.000538,True
tree_001301.txt,14,13,0,0.00065,True
tree_001303.txt,22,21,0,0.000965,True
tree_001305.txt,30,29,0,0.001395,True
tree_001307.txt,26,25,0,0.001131,True
tree_001309.txt,24,23,0,0.001254,True
tree_001311.txt,21,20,0,0.000885,True
tree_001313.txt,22,21,0,0.001005,True
tree_001315.txt,23,22,0,0.001039,True
tree_001317.txt,12,11,0,0.000632,True
tree_001319.txt,33,32,0,0.001483,True
tree_001321.txt,22,21,0,0.000963,True
tree_001323.txt,26,25,0,0.001151,True
tree_001325.txt,11,10,0,0.000456,True
tree_001327.txt,21,20,0,0.000839,True
tree_001329.txt,35,34,0,0.001604,True
tree_001331.txt,14,13,0,0.000566,True
tree_001333.txt,13,12,0,0.00053,True
tree_001335.txt,22,21,0,0.000961,True
tree_001337.txt,17,16,0,0.000993,True
tree_001339.txt,27,26,0,0.001297,True
tree_001341.txt,23,22,0,0.001044,True
tree_001343.txt,24,23,0,0.001139,True
tree_001345.txt,18,17,0,0.000751,True
tree_001347.txt,31,30,0,0.001422,True
tree_001349.txt,18,17,0,0.001095,True
tree_001351.txt,25,24,0,0.001656,True
tree_001353.txt,24,23,0,0.001085,True
tree_001355.txt,26,25,0,0.001293,True
tree_001357.txt,15,14,0,0.00071,True
tree_001359.txt,28,27,0,0.001376,True
tree_001361.txt,11,10,0,0.000463,True
tree_001363.txt,24,23,0,0.001397,True
tree_001365.txt,32,31,0,0.001608,True
tree_001367.txt,24,23,0,0.001094,True
tree_001369.txt,33,32,0,0.001455,True
tree_001371.txt,25,24,0,0.001097,True
tree_001373.txt,28,27,0,0.00141,True
tree_001375.txt,27,26,0,0.001705,True
tree_001377.txt,34,33,0,0.001796,True
tree_001379.txt,17,16,0,0.000782,True
tree_001381.txt,14,13,0,0.000578,True
tree_001383.txt,12,11,0,0.000504,True
tree_001385.txt,27,26,0,0.00113,True
tree_001387.txt,19,18,0,0.000821,True
tree_001389.txt,26,25,0,0.001513,True
tree_001391.txt,23,22,0,0.001054,True
tree_001393.txt,32,31,0,0.001424,True
tree_001395.txt,33,32,0,0.001545,True
tree_001397.txt,24,23,0,0.001078,True
tree_001399.txt,18,17,0,0.000691,True
tree_001401.txt,13,12,0,0.000545,True
tree_001403.txt,20,19,0,0.000756,True
tree_001405.txt,10,9,0,0.000508,True
tree_001407.txt,27,26,0,0.001327,True
tree_001409.txt,12,11,0,0.000506,True
tree_001411.txt,35,34,0,0.001716,True
tree_001413.txt,33,32,0,0.001661,True
tree_001415.txt,27,26,0,0.001224,True
tree_001417.txt,19,18,0,0.000763,True
tree_001419.txt,24,23,0,0.001216,True
tree_001421.txt,33,32,0,0.001655,True
tree_001423.txt,25,24,0,0.001107,True
tree_001425.txt,23,22,0,0.001092,True
tree_001427.txt,23,22,0,0.001083,True
tree_001429.txt,20,19,0,0.000775,True
tree_001431.txt,12,11,0,0.000585,True
tree_001433.txt,16,15,0,0.000705,True
tree_001435.txt,31,30,0,0.001337,True
tree_001437.txt,26,25,0,0.001174,True
tree_001439.txt,35,34,0,0.001957,True
tree_001441.txt,11,10,0,0.000645,True
tree_001443.txt,29,28,0,0.001399,True
tree_001445.txt,24,23,0,0.001217,True
tree_001447.txt,20,19,0,0.000791,True
tree_001449.txt,28,27,0,0.001329,True
tree_001451.txt,24,23,0,0.001143,True
tree_001453.txt,31,30,0,0.001423,True
tree_001455.txt,22,21,0,0.001074,True
tree_001457.txt,18,17,0,0.000741,True
tree_001459.txt,13,12,0,0.000559,True
tree_001461.txt,15,14,0,0.000693,True
tree_001463.txt,31,30,0,0.001897,True
tree_001465.txt,33,32,0,0.0016,True
tree_001467.txt,14,13,0,0.000677,True
tree_001469.txt,28,27,0,0.001193,True
tree_001471.txt,26,25,0,0.00116,True
tree_001473.txt,12,11,0,0.000656,True
tree_001475.txt,14,13,0,0.00063,True
tree_001477.txt,26,25,0,0.001074,True
tree_001479.txt,21,20,0,0.000846,True
tree_001481.txt,29,28,0,0.001311,True
tree_001483.txt,21,20,0,0.000806,True
tree_001485.txt,22,21,0,0.001014,True
tree_001487.txt,25,24,0,0.001065,True
tree_001489.txt,15,14,0,0.000611,True
tree_001491.txt,29,28,0,0.001702,True
tree_001493.txt,20,19,0,0.000814,True
tree_001495.txt,31,30,0,0.001528,True
tree_001497.txt,16,15,0,0.000734,True
tree_001499.txt,27,26,0,0.001225,True
tree_001501.txt,35,34,0,0.001731,True
tree_001503.txt,10,9,0,0.000436,True
tree_001505.txt,33,32,0,0.001578,True
tree_001507.txt,29,28,0,0.001261,True
tree_001509.txt,23,22,0,0.000965,True
tree_001511.txt,30,29,0,0.001352,True
tree_001513.txt,32,31,0,0.001671,True
tree_001515.txt,21,20,0,0.000891,True
tree_001517.txt,27,26,0,0.00124,True
tree_001519.txt,21,20,0,0.001008,True
tree_001521.txt,21,20,0,0.000884,True
tree_001523.txt,14,13,0,0.000596,True
tree_001525.txt,27,26,0,0.001136,True
tree_001527.txt,15,14,0,0.000643,True
tree_001529.txt,23,22,0,0.001006,True
tree_001531.txt,10,9,0,0.000466,True
tree_001533.txt,17,16,0,0.000721,True
tree_001535.txt,19,18,0,0.000916,True
tree_001537.txt,33,32,0,0.001468,True
tree_001539.txt,20,19,0,0.000824,True
tree_001541.txt,11,10,0,0.00046,True
tree_001543.txt,22,21,0,0.000907,True
tree_001545.txt,35,34,0,0.001801,True
tree_001547.txt,12,11,0,0.000489,True
tree_001549.txt,13,12,0,0.000541,True
tree_001551.txt,12,11,0,0.0005,True
tree_001553.txt,23,22,0,0.001105,True
tree_001555.txt,18,17,0,0.00075,True
tree_001557.txt,18,17,0,0.000751,True
tree_001559.txt,25,24,0,0.001038,True
tree_001561.txt,27,26,0,0.001154,True
tree_001563.txt,27,26,0,0.001234,True
tree_001565.txt,26,25,0,0.001684,True
tree_001567.txt,17,16,0,0.000711,True
tree_001569.txt,18,17,0,0.00078,True
tree_001571.txt,28,27,0,0.001284,True
tree_001573.txt,19,18,0,0.000757,True
tree_001575.txt,32,31,0,0.001528,True
tree_001577.txt,14,13,0,0.000569,True
tree_001579.txt,12,11,0,0.000569,True
tree_001581.txt,19,18,0,0.000878,True
tree_001583.txt,20,19,0,0.00075,True
tree_001585.txt,15,14,0,0.000619,True
tree_001587.txt,26,25,0,0.001166,True
tree_001589.txt,25,24,0,0.001108,True
tree_001591.txt,32,31,0,0.001547,True
tree_001593.txt,22,21,0,0.000963,True
tree_001595.txt,16,15,0,0.000631,True
tree_001597.txt,24,23,0,0.001025,True
tree_001599.txt,24,23,0,0.001035,True
tree_001601.txt,16,15,0,0.000657,True
tree_001603.txt,32,31,0,0.001384,True
tree_001605.txt,11,10,0,0.000477,True
tree_001607.txt,25,24,0,0.001154,True
tree_001609.txt,24,23,0,0.001038,True
tree_001611.txt,32,31,0,0.001395,True
tree_001613.txt,29,28,0,0.001339,True
tree_001615.txt,21,20,0,0.000941,True
tree_001617.txt,29,28,0,0.001491,True
tree_001619.txt,22,21,0,0.000945,True
tree_001621.txt,22,21,0,0.000966,True
tree_001623.txt,13,12,0,0.000644,True
tree_001625.txt,12,11,0,0.000495,True
tree_001627.txt,34,33,0,0.00161,True
tree_001629.txt,35,34,0,0.002398,True
tree_001631.txt,22,21,0,0.000909,True
tree_001633.txt,34,33,0,0.001727,True
tree_001635.txt,18,17,0,0.000735,True
tree_001637.txt,28,27,0,0.001282,True
tree_001639.txt,30,29,0,0.00142,True
tree_001641.txt,20,19,0,0.000903,True
tree_001643.txt,28,27,0,0.001353,True
tree_001645.txt,28,27,0,0.001231,True
tree_001647.txt,32,31,0,0.00148,True
tree_001649.txt,27,26,0,0.001167,True
tree_001651.txt,11,10,0,0.000499,True
tree_001653.txt,10,9,0,0.000473,True
tree_001655.txt,26,25,0,0.001295,True
tree_001657.txt,33,32,0,0.001516,True
tree_001659.txt,20,19,0,0.000927,True
tree_001661.txt,13,12,0,0.00072,True
tree_001663.txt,21,20,0,0.000888,True
tree_001665.txt,29,28,0,0.001237,True
tree_001667.txt,33,32,0,0.001469,True
tree_001669.txt,23,22,0,0.001026,True
tree_001671.txt,29,28,0,0.001216,True
tree_001673.txt,29,28,0,0.001372,True
tree_001675.txt,33,32,0,0.001658,True
tree_001677.txt,22,21,0,0.000979,True
tree_001679.txt,17,16,0,0.000761,True
tree_001681.txt,35,34,0,0.001629,True
tree_001683.txt,35,34,0,0.001749,True
tree_001685.txt,24,23,0,0.000997,True
tree_001687.txt,28,27,0,0.001291,True
tree_001689.txt,28,27,0,0.001245,True
tree_001691.txt,28,27,0,0.001286,True
tree_001693.txt,10,9,0,0.000502,True
tree_001695.txt,33,32,0,0.001498,True
tree_001697.txt,12,11,0,0.000556,True
tree_001699.txt,27,26,0,0.001263,True
tree_001701.txt,15,14,0,0.000726,True
tree_001703.txt,11,10,0,0.000463,True
tree_001705.txt,30,29,0,0.001358,True
tree_001707.txt,26,25,0,0.001081,True
tree_001709.txt,21,20,0,0.000917,True
tree_001711.txt,10,9,0,0.000609,True
tree_001713.txt,16,15,0,0.000725,True
tree_001715.txt,25,24,0,0.001149,True
tree_001717.txt,21,20,0,0.000813,True
tree_001719.txt,15,14,0,0.00061,True
tree_001721.txt,12,11,0,0.000507,True
tree_001723.txt,14,13,0,0.000823,True
tree_001725.txt,21,20,0,0.000839,True
tree_001727.txt,33,32,0,0.001508,True
tree_001729.txt,12,11,0,0.000521,True
tree_001731.txt,31,30,0,0.001366,True
tree_001733.txt,21,20,0,0.000814,True
tree_001735.txt,24,23,0,0.000968,True
tree_001737.txt,14,13,0,0.000585,True
tree_001739.txt,21,20,0,0.000883,True
tree_001741.txt,13,12,0,0.000645,True
tree_001743.txt,24,23,0,0.001145,True
tree_001745.txt,29,28,0,0.001274,True
tree_001747.txt,16,15,0,0.000669,True
tree_001749.txt,18,17,0,0.000977,True
tree_001751.txt,32,31,0,0.001491,True
tree_001753.txt,19,18,0,0.000809,True
tree_001755.txt,11,10,0,0.00052,True
tree_001757.txt,19,18,0,0.000792,True
tree_001759.txt,22,21,0,0.001029,True
tree_001761.txt,25,24,0,0.001081,True
tree_001763.txt,12,11,0,0.000511,True
tree_001765.txt,22,21,0,0.000972,True
tree_001767.txt,21,20,0,0.000876,True
tree_001769.txt,10,9,0,0.000423,True
tree_001771.txt,33,32,0,0.001372,True
tree_001773.txt,29,28,0,0.001458,True
tree_001775.txt,16,15,0,0.000668,True
tree_001777.txt,18,17,0,0.0008,True
tree_001779.txt,24,23,0,0.001008,True
tree_001781.txt,32,31,0,0.001356,True
tree_001783.txt,24,23,0,0.001114,True
tree_001785.txt,33,32,0,0.00149,True
tree_001787.txt,30,29,0,0.002712,True
tree_001789.txt,34,33,0,0.0016,True
tree_001791.txt,25,24,0,0.001157,True
tree_001793.txt,20,19,0,0.000827,True
tree_001795.txt,34,33,0,0.001567,True
tree_001797.txt,32,31,0,0.001636,True
tree_001799.txt,22,21,0,0.001005,True
tree_001801.txt,13,12,0,0.000782,True
tree_001803.txt,34,33,0,0.001678,True
tree_001805.txt,30,29,0,0.001439,True
tree_001807.txt,21,20,0,0.000849,True
tree_001809.txt,19,18,0,0.000754,True
tree_001811.txt,12,11,0,0.000503,True
tree_001813.txt,25,24,0,0.001119,True
tree_001815.txt,24,23,0,0.001282,True
tree_001817.txt,30,29,0,0.00134,True
tree_001819.txt,33,32,0,0.001579,True
tree_001821.txt,23,22,0,0.001171,True
tree_001823.txt,13,12,0,0.000542,True
tree_001825.txt,20,19,0,0.001258,True
tree_001827.txt,16,15,0,0.000794,True
tree_001829.txt,23,22,0,0.00097,True
tree_001831.txt,20,19,0,0.000787,True
tree_001833.txt,35,34,0,0.001727,True
tree_001835.txt,14,13,0,0.00056,True
tree_001837.txt,28,27,0,0.001392,True
tree_001839.txt,29,28,0,0.001335,True
tree_001841.txt,19,18,0,0.000827,True
tree_001843.txt,11,10,0,0.000466,True
tree_001845.txt,23,22,0,0.001068,True
tree_001847.txt,16,15,0,0.000647,True
tree_001849.txt,22,21,0,0.001035,True
tree_001851.txt,27,26,0,0.001245,True
tree_001853.txt,26,25,0,0.001317,True
tree_001855.txt,15,14,0,0.000621,True
tree_001857.txt,24,23,0,0.001031,True
tree_001859.txt,17,16,0,0.000725,True
tree_001861.txt,31,30,0,0.001403,True
tree_001863.txt,23,22,0,0.001013,True
tree_001865.txt,26,25,0,0.001124,True
tree_001867.txt,14,13,0,0.0006,True
tree_001869.txt,16,15,0,0.000642,True
tree_001871.txt,12,11,0,0.0006,True
tree_001873.txt,28,27,0,0.001206,True
tree_001875.txt,33,32,0,0.001423,True
tree_001877.txt,19,18,0,0.000735,True
tree_001879.txt,24,23,0,0.000986,True
tree_001881.txt,13,12,0,0.000531,True
tree_001883.txt,26,25,0,0.001287,True
tree_001885.txt,26,25,0,0.001368,True
tree_001887.txt,31,30,0,0.001304,True
tree_001889.txt,20,19,0,0.000871,True
tree_001891.txt,28,27,0,0.001219,True
tree_001893.txt,29,28,0,0.001284,True
tree_001895.txt,15,14,0,0.00062,True
tree_001897.txt,13,12,0,0.000653,True
tree_001899.txt,14,13,0,0.000644,True
tree_001901.txt,16,15,0,0.000805,True
tree_001903.txt,18,17,0,0.000716,True
tree_001905.txt,12,11,0,0.000501,True
tree_001907.txt,28,27,0,0.001275,True
tree_001909.txt,29,28,0,0.001352,True
tree_001911.txt,28,27,0,0.001434,True
tree_001913.txt,13,12,0,0.000606,True
tree_001915.txt,15,14,0,0.000616,True
tree_001917.txt,23,22,0,0.001026,True
tree_001919.txt,22,21,0,0.000962,True
tree_001921.txt,19,18,0,0.000847,True
tree_001923.txt,10,9,0,0.000424,True
tree_001925.txt,18,17,0,0.00073,True
tree_001927.txt,21,20,0,0.000807,True
tree_001929.txt,27,26,0,0.001243,True
tree_001931.txt,33,32,0,0.001528,True
tree_001933.txt,14,13,0,0.000594,True
tree_001935.txt,31,30,0,0.001495,True
tree_001937.txt,23,22,0,0.001533,True
tree_001939.txt,16,15,0,0.000662,True
tree_001941.txt,29,28,0,0.001883,True
tree_001943.txt,23,22,0,0.001037,True
tree_001945.txt,21,20,0,0.000856,True
tree_001947.txt,32,31,0,0.001438,True
tree_001949.txt,26,25,0,0.001126,True
tree_001951.txt,11,10,0,0.000464,True
tree_001953.txt,33,32,0,0.001547,True
tree_001955.txt,21,20,0,0.000829,True
tree_001957.txt,31,30,0,0.001402,True
tree_001959.txt,16,15,0,0.000693,True
tree_001961.txt,24,23,0,0.001052,True
tree_001963.txt,15,14,0,0.000618,True
tree_001965.txt,10,9,0,0.000429,True
tree_001967.txt,23,22,0,0.001005,True
tree_001969.txt,11,10,0,0.000501,True
tree_001971.txt,34,33,0,0.001539,True
tree_001973.txt,16,15,0,0.00091,True
tree_001975.txt,35,34,0,0.001638,True
tree_001977.txt,35,34,0,0.001706,True
tree_001979.txt,25,24,0,0.00109,True
tree_001981.txt,17,16,0,0.000707,True
tree_001983.txt,25,24,0,0.001138,True
tree_001985.txt,25,24,0,0.001202,True
tree_001987.txt,27,26,0,0.001202,True
tree_001989.txt,16,15,0,0.000644,True
tree_001991.txt,25,24,0,0.001066,True
tree_001993.txt,20,19,0,0.000811,True
tree_001995.txt,12,11,0,0.00054,True
tree_001997.txt,22,21,0,0.000995,True
tree_001999.txt,25,24,0,0.001193,True
er_000000.txt,23,85,10,0.92706,True
er_000001.txt,19,70,9,0.115943,True
er_000002.txt,18,46,7,0.02412,True
er_000003.txt,30,178,TIMEOUT,100,TIMEOUT
er_000004.txt,23,90,12,9.990598,True
er_000005.txt,20,55,8,0.059185,True
er_000006.txt,29,141,16,77.159043,True
er_000007.txt,13,38,6,0.007265,True
er_000008.txt,20,73,9,0.093334,True
er_000009.txt,29,108,13,21.598992,True
er_000010.txt,11,15,2,0.000603,True
er_000011.txt,13,14,2,0.000758,True
er_000012.txt,26,110,14,38.34135,True
er_000013.txt,18,46,6,0.014399,True
er_000014.txt,19,66,9,0.194872,True
er_000015.txt,26,45,6,0.026853,True
er_000016.txt,28,109,14,52.309698,True
er_000017.txt,18,22,4,0.00178,True
er_000018.txt,24,21,2,0.001244,True
er_000019.txt,17,31,4,0.003897,True
er_000020.txt,20,42,6,0.020993,True
er_000021.txt,17,41,6,0.011581,True
er_000022.txt,24,84,11,1.97612,True
er_000023.txt,14,8,0,0.000545,True
er_000024.txt,30,80,10,4.956458,True
er_000025.txt,10,17,3,0.001038,True
er_000026.txt,26,101,11,2.495092,True
er_000027.txt,19,28,3,0.001254,True
er_000028.txt,16,29,4,0.001819,True
er_000029.txt,11,5,0,0.000381,True
er_000030.txt,23,59,8,0.262918,True
er_000031.txt,25,77,9,1.004733,True
er_000032.txt,28,107,14,27.831596,True
er_000033.txt,15,13,1,0.000646,True
er_000034.txt,22,68,9,0.408308,True
er_000035.txt,12,36,5,0.002616,True
er_000036.txt,14,16,2,0.000932,True
er_000037.txt,12,21,3,0.001424,True
er_000038.txt,23,53,7,0.226962,True
er_000039.txt,21,61,8,0.064353,True
er_000040.txt,29,69,9,4.613496,True
er_000041.txt,24,57,6,0.029313,True
er_000042.txt,16,33,5,0.004018,True
er_000043.txt,22,79,10,0.306222,True
er_000044.txt,13,24,3,0.001155,True
er_000045.txt,16,37,5,0.00454,True
er_000046.txt,17,36,6,0.015878,True
er_000047.txt,27,124,15,15.650896,True
er_000048.txt,16,29,4,0.002118,True
er_000049.txt,17,24,3,0.001276,True
er_000050.txt,23,48,6,0.016135,True
er_000051.txt,17,14,1,0.000709,True
er_000052.txt,17,45,6,0.013905,True
er_000053.txt,19,61,8,0.084276,True
er_000054.txt,12,23,4,0.002096,True
er_000055.txt,15,24,3,0.001099,True
er_000056.txt,20,58,8,0.094138,True
er_000057.txt,22,83,11,2.897511,True
er_000058.txt,17,43,7,0.037273,True
er_000059.txt,22,64,8,0.305661,True
er_000060.txt,15,29,5,0.006224,True
er_000061.txt,23,66,9,1.037245,True
er_000062.txt,16,28,4,0.001964,True
er_000063.txt,30,137,14,17.268788,True
er_000064.txt,16,45,6,0.007795,True
er_000065.txt,24,48,6,0.0663,True
er_000066.txt,20,43,6,0.015817,True
er_000067.txt,13,31,5,0.00867,True
er_000068.txt,21,85,11,0.632844,True
er_000069.txt,18,57,7,0.01285,True
er_000070.txt,17,20,2,0.000754,True
er_000071.txt,10,17,3,0.000799,True
er_000072.txt,20,33,5,0.00491,True
er_000073.txt,17,60,8,0.024111,True
er_000074.txt,28,48,6,0.030417,True
er_000075.txt,10,14,2,0.000608,True
er_000077.txt,25,84,10,2.102542,True
er_000078.txt,28,112,14,16.648841,True
er_000079.txt,27,39,4,0.004078,True
er_000080.txt,13,18,2,0.000756,True
er_000081.txt,12,9,1,0.000501,True
er_000082.txt,13,25,4,0.001779,True
er_000083.txt,10,3,0,0.000295,True
er_000084.txt,30,61,8,0.768989,True
er_000085.txt,17,35,5,0.002987,True
er_000086.txt,23,75,11,4.858943,True
er_000087.txt,16,33,5,0.006385,True
er_000088.txt,21,83,10,0.756635,True
er_000089.txt,27,89,11,17.142963,True
er_000090.txt,28,117,13,6.683769,True
er_000091.txt,11,19,3,0.001001,True
er_000092.txt,25,37,4,0.013137,True
er_000093.txt,21,24,2,0.001206,True
er_000094.txt,30,155,TIMEOUT,100,TIMEOUT
er_000095.txt,27,69,9,2.479587,True
er_000096.txt,28,138,15,15.789763,True
er_000097.txt,10,13,2,0.000578,True
er_000098.txt,17,18,2,0.000819,True
er_000099.txt,19,57,8,0.086655,True
er_000100.txt,27,87,10,5.168646,True
er_000101.txt,11,19,3,0.000918,True
er_000102.txt,29,73,10,9.631782,True
er_000103.txt,21,27,3,0.001252,True
er_000104.txt,19,38,5,0.006659,True
er_000105.txt,18,42,6,0.01399,True
er_000106.txt,28,76,10,14.027437,True
er_000107.txt,24,39,5,0.011218,True
er_000108.txt,15,31,4,0.00194,True
er_000110.txt,20,64,8,0.106083,True
er_000111.txt,22,107,13,1.477966,True
er_000112.txt,26,124,15,36.666415,True
er_000113.txt,16,13,1,0.000679,True
er_000114.txt,30,85,10,7.950305,True
er_000115.txt,10,9,1,0.000491,True
er_000116.txt,11,7,0,0.000432,True
er_000117.txt,25,116,13,3.32042,True
er_000118.txt,21,86,10,0.294455,True
er_000119.txt,22,75,9,0.117267,True
er_000120.txt,16,28,5,0.003591,True
er_000121.txt,21,82,11,0.84574,True
er_000122.txt,14,33,4,0.002121,True
er_000123.txt,23,76,10,0.829557,True
er_000124.txt,21,75,10,0.27886,True
er_000125.txt,23,41,6,0.03129,True
er_000126.txt,15,21,3,0.001041,True
er_000127.txt,11,18,3,0.000852,True
er_000128.txt,19,15,1,0.000844,True
er_000129.txt,30,56,6,0.056679,True
er_000130.txt,16,48,7,0.033436,True
er_000131.txt,13,34,6,0.007605,True
er_000132.txt,30,125,TIMEOUT,100,TIMEOUT
er_000133.txt,20,70,8,0.082138,True
er_000134.txt,29,108,12,7.046414,True
er_000135.txt,24,31,3,0.002299,True
er_000136.txt,18,54,8,0.074484,True
er_000137.txt,18,15,1,0.000664,True
er_000138.txt,26,130,14,9.104723,True
er_000139.txt,14,26,4,0.00228,True
er_000140.txt,12,24,3,0.001451,True
er_000141.txt,19,22,2,0.00122,True
er_000142.txt,23,88,11,1.000189,True
er_000143.txt,22,97,12,0.748623,True
er_000144.txt,14,25,4,0.001618,True
er_000145.txt,20,30,3,0.001915,True
er_000146.txt,28,143,TIMEOUT,100,TIMEOUT
er_000147.txt,11,16,2,0.000882,True
er_000148.txt,29,110,TIMEOUT,100,TIMEOUT
er_000149.txt,20,51,8,0.422542,True
er_000150.txt,11,20,4,0.001403,True
er_000151.txt,10,17,3,0.001026,True
er_000152.txt,18,27,4,0.002373,True
er_000154.txt,19,41,6,0.018069,True
er_000155.txt,12,28,4,0.001255,True
er_000156.txt,28,127,13,14.74034,True
er_000157.txt,27,48,6,0.051385,True
er_000158.txt,26,73,9,0.833396,True
er_000159.txt,16,8,1,0.000715,True
er_000160.txt,10,17,2,0.000747,True
er_000161.txt,10,5,0,0.000357,True
er_000162.txt,23,48,6,0.010086,True
er_000163.txt,28,108,13,46.956608,True
er_000164.txt,27,105,13,17.252626,True
er_000165.txt,18,46,6,0.009861,True
er_000166.txt,16,26,3,0.001417,True
er_000167.txt,23,92,11,1.26031,True
er_000168.txt,12,21,3,0.000823,True
er_000169.txt,18,37,6,0.015244,True
er_000170.txt,10,4,0,0.000334,True
er_000171.txt,18,57,7,0.078763,True
er_000172.txt,10,16,2,0.000635,True
er_000173.txt,25,31,3,0.00158,True
er_000174.txt,16,18,2,0.000768,True
er_000175.txt,25,45,6,0.07199,True
er_000176.txt,22,79,11,1.298273,True
er_000177.txt,26,40,4,0.010087,True
er_000178.txt,11,3,0,0.000431,True
er_000179.txt,27,88,TIMEOUT,100,TIMEOUT
er_000180.txt,20,62,9,0.295566,True
er_000181.txt,26,98,12,6.104849,True
er_000182.txt,17,44,6,0.008113,True
er_000183.txt,30,159,TIMEOUT,100,TIMEOUT
er_000184.txt,27,40,4,0.005555,True
er_000185.txt,29,100,12,57.819809,True
er_000186.txt,25,28,4,0.00223,True
er_000187.txt,16,21,2,0.000989,True
er_000188.txt,15,16,2,0.00082,True
er_000189.txt,14,22,3,0.001131,True
er_000190.txt,29,142,16,36.370917,True
er_000191.txt,20,51,7,0.060272,True
er_000192.txt,13,22,3,0.001108,True
er_000193.txt,16,47,7,0.044322,True
er_000194.txt,25,62,8,0.640151,True
er_000195.txt,23,20,2,0.000858,True
er_000196.txt,13,6,0,0.000418,True
er_000197.txt,16,32,4,0.002277,True
er_000198.txt,21,36,5,0.005524,True
er_000199.txt,26,123,15,30.700999,True
er_000200.txt,18,45,6,0.011748,True
er_000201.txt,30,67,8,1.836019,True
er_000202.txt,15,20,2,0.001072,True
er_000203.txt,27,146,16,41.716708,True
er_000204.txt,26,70,9,1.474867,True
er_000205.txt,16,38,5,0.004025,True
er_000206.txt,14,34,5,0.003477,True
er_000207.txt,10,4,0,0.000363,True
er_000208.txt,18,38,5,0.005472,True
er_000209.txt,13,31,5,0.002949,True
er_000210.txt,29,152,17,97.085037,True
er_000211.txt,11,15,2,0.000746,True
er_000212.txt,29,123,14,69.182975,True
er_000213.txt,21,21,2,0.001068,True
er_000214.txt,21,60,8,0.108746,True
er_000215.txt,12,13,1,0.000601,True
er_000216.txt,27,108,13,8.257314,True
er_000217.txt,13,7,0,0.00047,True
er_000218.txt,27,74,9,1.176191,True
er_000219.txt,14,17,2,0.000782,True
er_000220.txt,18,56,8,0.221697,True
er_000221.txt,19,43,6,0.014827,True
er_000222.txt,14,22,3,0.001465,True
er_000223.txt,11,5,0,0.000378,True
er_000224.txt,22,72,9,0.364889,True
er_000225.txt,17,45,6,0.01478,True
er_000226.txt,14,13,1,0.0006,True
er_000227.txt,27,93,12,24.588928,True
er_000228.txt,26,86,11,11.4612,True
er_000229.txt,24,91,11,1.34177,True
er_000230.txt,15,34,5,0.004862,True
er_000231.txt,10,18,3,0.000798,True
er_000232.txt,10,7,0,0.000394,True
er_000233.txt,17,49,7,0.026254,True
er_000234.txt,22,70,9,0.426535,True
er_000235.txt,12,16,2,0.000673,True
er_000236.txt,25,39,5,0.012225,True
er_000237.txt,17,51,8,0.046868,True
er_000238.txt,12,30,5,0.002747,True
er_000239.txt,12,28,4,0.001476,True
er_000240.txt,28,53,7,0.131116,True
er_000241.txt,30,81,10,7.217415,True
er_000242.txt,14,17,2,0.000654,True
er_000243.txt,11,6,0,0.000524,True
er_000244.txt,24,31,3,0.002408,True
er_000245.txt,24,58,8,0.487338,True
er_000246.txt,16,53,7,0.00932,True
er_000247.txt,13,5,0,0.000395,True
er_000248.txt,19,62,8,0.017202,True
er_000249.txt,10,10,2,0.000506,True
er_000250.txt,25,126,15,42.803491,True
er_000251.txt,20,57,7,0.111908,True
er_000252.txt,24,49,7,0.048456,True
er_000253.txt,15,35,5,0.005224,True
er_000254.txt,28,34,4,0.003372,True
er_000255.txt,21,87,11,0.894873,True
er_000256.txt,27,135,16,21.760171,True
er_000257.txt,23,40,5,0.011345,True
er_000258.txt,12,19,3,0.001108,True
er_000259.txt,14,25,3,0.00146,True
er_000260.txt,21,70,10,0.509314,True
er_000261.txt,25,63,8,0.100818,True
er_000262.txt,29,79,10,8.05102,True
er_000263.txt,19,36,5,0.008564,True
er_000264.txt,20,20,2,0.000803,True
er_000265.txt,24,22,2,0.000908,True
er_000266.txt,26,120,14,3.841959,True
er_000267.txt,17,19,2,0.000834,True
er_000268.txt,26,89,11,0.952285,True
er_000269.txt,21,45,6,0.053883,True
er_000270.txt,22,45,6,0.122157,True
er_000271.txt,26,104,13,26.150434,True
er_000272.txt,17,47,7,0.022197,True
er_000273.txt,14,16,2,0.000873,True
er_000274.txt,16,34,5,0.004896,True
er_000275.txt,24,95,11,1.493885,True
er_000276.txt,13,17,3,0.001108,True
er_000277.txt,18,26,3,0.001445,True
er_000278.txt,23,43,6,0.083034,True
er_000279.txt,22,29,4,0.002043,True
er_000280.txt,17,20,2,0.000874,True
er_000281.txt,28,142,16,47.527997,True
er_000282.txt,20,70,10,0.281501,True
er_000283.txt,10,7,0,0.000479,True
er_000284.txt,10,8,1,0.000383,True
er_000285.txt,24,55,8,0.230647,True
er_000286.txt,24,48,7,0.115462,True
er_000287.txt,25,100,11,5.87576,True
er_000288.txt,19,48,7,0.031188,True
er_000289.txt,23,31,4,0.002508,True
er_000290.txt,24,58,8,3.079628,True
er_000291.txt,26,69,8,0.259473,True
er_000292.txt,27,81,11,5.779052,True
er_000293.txt,11,7,0,0.000491,True
er_000294.txt,22,46,6,0.03002,True
er_000295.txt,10,9,1,0.000412,True
er_000296.txt,30,147,16,44.802839,True
er_000297.txt,15,31,5,0.005802,True
er_000298.txt,20,63,9,0.128672,True
er_000299.txt,14,24,3,0.001606,True
er_000300.txt,25,59,8,0.215991,True
er_000301.txt,14,15,1,0.000639,True
er_000302.txt,28,92,11,4.24314,True
er_000303.txt,12,25,4,0.002065,True
er_000304.txt,26,108,13,3.908576,True
er_000305.txt,21,36,5,0.010252,True
er_000306.txt,29,140,15,69.542174,True
er_000307.txt,23,80,10,1.433283,True
er_000308.txt,21,26,4,0.00222,True
er_000309.txt,28,55,7,0.269809,True
er_000310.txt,29,127,15,26.896197,True
er_000311.txt,27,119,14,22.834021,True
er_000312.txt,18,40,6,0.006753,True
er_000313.txt,25,101,12,2.51591,True
er_000314.txt,21,68,9,0.137073,True
er_000315.txt,16,43,6,0.010167,True
er_000316.txt,17,19,2,0.000834,True
er_000317.txt,25,64,9,6.830242,True
er_000318.txt,20,43,6,0.033558,True
er_000319.txt,26,68,9,0.600814,True
er_000320.txt,18,53,7,0.038866,True
er_000321.txt,11,25,3,0.001335,True
er_000322.txt,27,51,7,1.158665,True
er_000323.txt,16,49,7,0.022417,True
er_000324.txt,22,54,7,0.087291,True
er_000325.txt,29,163,18,54.554171,True
er_000326.txt,27,58,8,0.184071,True
er_000327.txt,14,25,3,0.001701,True
er_000328.txt,28,148,16,27.695922,True
er_000329.txt,21,73,8,0.079164,True
er_000330.txt,29,48,5,0.017611,True
er_000331.txt,13,12,1,0.000581,True
er_000332.txt,20,65,8,0.226645,True
er_000333.txt,29,52,7,0.208345,True
er_000334.txt,11,9,0,0.000512,True
er_000335.txt,11,11,1,0.000478,True
er_000336.txt,28,93,12,58.159481,True
er_000337.txt,30,109,12,7.685204,True
er_000338.txt,11,21,3,0.001052,True
er_000339.txt,11,16,3,0.000885,True
er_000340.txt,12,18,2,0.000735,True
er_000341.txt,22,66,9,0.205664,True
er_000342.txt,23,44,5,0.024636,True
er_000343.txt,13,30,5,0.002346,True
er_000344.txt,13,14,2,0.00075,True
er_000345.txt,28,70,9,0.511364,True
er_000346.txt,16,20,2,0.001188,True
er_000347.txt,21,69,9,0.315713,True
er_000348.txt,18,36,5,0.004967,True
er_000349.txt,30,181,18,51.974814,True
er_000350.txt,24,102,11,0.631156,True
er_000351.txt,30,151,17,71.480913,True
er_000352.txt,20,42,6,0.014131,True
er_000353.txt,16,24,4,0.002023,True
er_000354.txt,10,4,0,0.000308,True
er_000355.txt,27,62,8,0.117814,True
er_000356.txt,21,73,9,0.073586,True
er_000357.txt,28,75,9,1.055931,True
er_000358.txt,11,5,0,0.000463,True
er_000359.txt,21,72,9,0.166093,True
er_000360.txt,19,55,8,0.120499,True
er_000361.txt,21,73,9,0.4967,True
er_000362.txt,13,18,3,0.001334,True
er_000363.txt,25,84,11,12.246607,True
er_000364.txt,12,22,3,0.001508,True
er_000365.txt,20,42,5,0.016053,True
er_000366.txt,26,44,5,0.033599,True
er_000367.txt,30,83,11,66.615765,True
er_000368.txt,15,13,1,0.000671,True
er_000369.txt,19,43,6,0.006781,True
er_000370.txt,11,13,2,0.000754,True
er_000371.txt,26,120,14,6.721832,True
er_000372.txt,20,17,1,0.000755,True
er_000373.txt,18,48,6,0.019084,True
er_000374.txt,27,102,12,14.724342,True
er_000375.txt,12,29,4,0.002929,True
er_000376.txt,30,119,14,82.237464,True
er_000377.txt,11,12,1,0.00054,True
er_000378.txt,19,67,8,0.033668,True
er_000379.txt,19,13,1,0.000774,True
er_000380.txt,25,44,6,0.046836,True
er_000381.txt,21,59,9,0.319889,True
er_000382.txt,26,114,13,5.490889,True
er_000383.txt,24,92,10,0.852874,True
er_000384.txt,13,12,2,0.000653,True
er_000385.txt,27,58,7,0.179759,True
er_000386.txt,16,9,0,0.000547,True
er_000387.txt,28,95,12,11.686104,True
er_000388.txt,27,36,3,0.00255,True
er_000389.txt,19,42,6,0.012874,True
er_000390.txt,22,53,7,0.055693,True
er_000391.txt,28,34,3,0.002623,True
er_000392.txt,20,16,1,0.000691,True
er_000393.txt,24,38,5,0.010204,True
er_000394.txt,25,85,11,1.069626,True
er_000395.txt,16,23,4,0.001573,True
er_000396.txt,29,88,TIMEOUT,100,TIMEOUT
er_000397.txt,21,60,8,0.216774,True
er_000398.txt,19,38,5,0.004585,True
er_000399.txt,17,19,2,0.0008,True
er_000400.txt,17,34,5,0.003426,True
er_000401.txt,23,63,8,0.297323,True
er_000402.txt,14,30,4,0.005795,True
er_000403.txt,12,7,0,0.00046,True
er_000404.txt,11,9,1,0.000604,True
er_000405.txt,15,28,5,0.005856,True
er_000406.txt,22,29,4,0.002634,True
er_000407.txt,17,40,6,0.010209,True
er_000408.txt,26,100,11,5.598659,True
er_000409.txt,25,50,6,0.076241,True
er_000410.txt,30,116,TIMEOUT,100,TIMEOUT
er_000411.txt,13,25,3,0.001201,True
er_000412.txt,10,12,2,0.00054,True
er_000413.txt,15,13,2,0.000675,True
er_000414.txt,17,21,2,0.001026,True
er_000415.txt,23,107,12,1.575247,True
er_000416.txt,22,86,11,0.65844,True
er_000417.txt,26,94,11,1.34906,True
er_000418.txt,11,17,3,0.001018,True
er_000419.txt,25,35,4,0.009282,True
er_000420.txt,23,57,9,1.511875,True
er_000421.txt,22,62,8,0.278825,True
er_000422.txt,10,11,1,0.000746,True
er_000423.txt,20,78,11,0.329974,True
er_000424.txt,15,36,5,0.007674,True
er_000425.txt,21,42,6,0.041053,True
er_000426.txt,12,17,2,0.000827,True
er_000427.txt,10,12,2,0.000535,True
er_000428.txt,22,83,11,0.925783,True
er_000429.txt,16,12,1,0.000605,True
er_000430.txt,17,15,1,0.000692,True
er_000431.txt,23,103,12,2.909623,True
er_000432.txt,18,53,8,0.100278,True
er_000433.txt,18,43,7,0.033561,True
er_000434.txt,11,13,2,0.000564,True
er_000435.txt,18,23,2,0.001172,True
er_000436.txt,13,12,1,0.00056,True
er_000437.txt,23,89,11,1.754007,True
er_000438.txt,27,80,10,9.858014,True
er_000439.txt,23,55,7,0.209616,True
er_000440.txt,11,17,2,0.000894,True
er_000441.txt,18,48,7,0.021205,True
er_000442.txt,25,92,11,14.753232,True
er_000443.txt,24,75,10,0.649747,True
er_000444.txt,22,59,8,0.140038,True
er_000445.txt,14,16,1,0.000907,True
er_000446.txt,19,53,8,0.106566,True
er_000447.txt,20,46,6,0.014879,True
er_000448.txt,29,81,11,7.848732,True
er_000449.txt,25,54,8,0.133469,True
er_000450.txt,26,85,10,7.646742,True
er_000451.txt,10,9,1,0.000433,True
er_000452.txt,23,43,6,0.014075,True
er_000453.txt,22,46,6,0.031542,True
er_000454.txt,24,96,11,0.92281,True
er_000455.txt,19,27,4,0.001927,True
er_000456.txt,28,155,17,28.318784,True
er_000457.txt,22,61,9,1.130675,True
er_000458.txt,23,24,2,0.001283,True
er_000459.txt,15,37,5,0.003865,True
er_000460.txt,20,54,7,0.03054,True
er_000461.txt,12,25,4,0.002244,True
er_000462.txt,23,81,10,0.79747,True
er_000463.txt,22,64,9,1.126094,True
er_000464.txt,18,61,9,0.092067,True
er_000465.txt,14,8,0,0.00049,True
er_000466.txt,11,11,1,0.000499,True
er_000467.txt,23,67,8,0.291539,True
er_000468.txt,13,24,4,0.001564,True
er_000469.txt,21,57,7,0.063917,True
er_000470.txt,19,62,8,0.039227,True
er_000471.txt,14,16,2,0.00068,True
er_000472.txt,24,68,9,1.443204,True
er_000473.txt,28,39,4,0.003787,True
er_000474.txt,13,24,4,0.001754,True
er_000475.txt,12,25,4,0.001571,True
er_000476.txt,27,89,12,14.212598,True
er_000477.txt,15,29,4,0.003328,True
er_000478.txt,13,8,0,0.000477,True
er_000479.txt,16,21,2,0.001364,True
er_000480.txt,24,73,9,0.702709,True
er_000481.txt,17,23,3,0.001573,True
er_000482.txt,29,47,5,0.01105,True
er_000483.txt,27,93,11,1.610734,True
er_000484.txt,22,55,7,0.592347,True
er_000485.txt,17,24,3,0.00133,True
er_000486.txt,10,5,0,0.000348,True
er_000487.txt,30,63,8,2.560907,True
er_000488.txt,23,69,10,13.764838,True
er_000489.txt,20,48,7,0.111754,True
er_000490.txt,23,34,3,0.003437,True
er_000491.txt,19,38,5,0.010383,True
er_000492.txt,30,102,TIMEOUT,100,TIMEOUT
er_000493.txt,28,136,TIMEOUT,100,TIMEOUT
er_000494.txt,19,66,8,0.060207,True
er_000495.txt,27,38,4,0.007691,True
er_000496.txt,14,31,5,0.003097,True
er_000497.txt,26,135,14,6.865487,True
er_000498.txt,14,10,1,0.000492,True
er_000499.txt,21,78,9,0.176816,True
er_000500.txt,16,23,3,0.001181,True
er_000501.txt,14,27,3,0.001291,True
er_000502.txt,20,32,4,0.0033,True
er_000503.txt,26,52,7,0.244899,True
er_000504.txt,21,80,11,1.074789,True
er_000505.txt,26,51,6,0.101174,True
er_000506.txt,12,13,1,0.000544,True
er_000507.txt,15,32,5,0.013123,True
er_000508.txt,13,11,1,0.000634,True
er_000509.txt,26,106,13,4.867782,True
er_000510.txt,13,17,1,0.000684,True
er_000511.txt,27,94,12,10.394638,True
er_000512.txt,27,123,14,12.831674,True
er_000513.txt,11,23,3,0.001393,True
er_000514.txt,18,57,8,0.064931,True
er_000515.txt,30,128,TIMEOUT,100,TIMEOUT
er_000516.txt,17,14,1,0.001363,True
er_000517.txt,26,69,10,6.40128,True
er_000518.txt,15,38,5,0.007773,True
er_000519.txt,22,63,9,0.55834,True
er_000520.txt,19,54,8,0.083937,True
er_000521.txt,23,63,8,0.450498,True
er_000522.txt,26,46,5,0.012846,True
er_000523.txt,20,49,6,0.06876,True
er_000524.txt,13,15,2,0.00069,True
er_000525.txt,26,121,14,12.337341,True
er_000526.txt,21,65,8,0.068084,True
er_000527.txt,19,69,9,0.083607,True
er_000528.txt,23,79,10,0.749899,True
er_000529.txt,26,52,7,0.130521,True
er_000530.txt,17,59,9,0.084778,True
er_000531.txt,13,21,3,0.001,True
er_000532.txt,13,27,5,0.003839,True
er_000533.txt,13,30,5,0.004591,True
er_000534.txt,30,139,TIMEOUT,100,TIMEOUT
er_000535.txt,15,30,4,0.002471,True
er_000536.txt,13,24,3,0.001733,True
er_000537.txt,11,11,1,0.000546,True
er_000538.txt,25,95,11,16.469637,True
er_000539.txt,15,39,6,0.011094,True
er_000540.txt,30,110,13,8.395728,True
er_000541.txt,23,27,3,0.001471,True
er_000542.txt,13,36,5,0.002766,True
er_000543.txt,30,165,TIMEOUT,100,TIMEOUT
er_000544.txt,19,56,8,0.034544,True
er_000545.txt,29,107,13,52.879578,True
er_000546.txt,22,29,4,0.00247,True
er_000547.txt,11,20,3,0.001038,True
er_000548.txt,30,133,TIMEOUT,100,TIMEOUT
er_000549.txt,26,50,7,0.171168,True
er_000550.txt,18,17,1,0.000726,True
er_000551.txt,30,88,12,68.593341,True
er_000552.txt,19,63,10,0.254287,True
er_000553.txt,15,14,1,0.000825,True
er_000554.txt,18,22,3,0.001117,True
er_000555.txt,22,80,11,0.58927,True
er_000556.txt,12,20,3,0.000823,True
er_000557.txt,29,60,8,1.342122,True
er_000558.txt,10,6,0,0.000421,True
er_000559.txt,14,21,3,0.001058,True
er_000560.txt,24,91,12,10.115252,True
er_000561.txt,23,78,11,1.329024,True
er_000562.txt,21,84,11,0.462391,True
er_000563.txt,22,75,10,0.358425,True
er_000564.txt,17,38,5,0.007079,True
er_000565.txt,15,27,4,0.00186,True
er_000566.txt,21,26,3,0.001214,True
er_000567.txt,28,82,10,5.05095,True
er_000568.txt,27,53,7,0.092736,True
er_000569.txt,22,72,11,2.052953,True
er_000570.txt,17,21,2,0.00101,True
er_000571.txt,17,28,3,0.00221,True
er_000572.txt,25,48,7,0.116511,True
er_000573.txt,30,153,16,79.508845,True
er_000574.txt,15,29,4,0.002039,True
er_000575.txt,15,16,2,0.000753,True
er_000576.txt,23,74,10,1.670708,True
er_000577.txt,22,60,8,0.20112,True
er_000578.txt,12,22,4,0.001273,True
er_000579.txt,25,107,13,15.355312,True
er_000580.txt,13,26,4,0.001824,True
er_000581.txt,18,26,4,0.001904,True
er_000582.txt,15,35,3,0.001871,True
er_000583.txt,29,124,13,4.134438,True
er_000584.txt,27,41,5,0.013645,True
er_000585.txt,12,23,3,0.001227,True
er_000586.txt,22,86,11,2.275806,True
er_000587.txt,14,28,4,0.001788,True
er_000588.txt,28,138,15,9.69956,True
er_000589.txt,10,8,0,0.000424,True
er_000590.txt,15,43,6,0.011116,True
er_000591.txt,29,118,TIMEOUT,100,TIMEOUT
er_000592.txt,27,90,11,6.576164,True
er_000593.txt,25,91,12,9.719269,True
er_000594.txt,17,47,6,0.013617,True
er_000595.txt,10,7,0,0.000414,True
er_000596.txt,19,56,8,0.343825,True
er_000597.txt,18,35,5,0.005366,True
er_000598.txt,26,29,3,0.001615,True
er_000599.txt,19,52,8,0.091467,True
er_000600.txt,28,56,8,0.868432,True
er_000601.txt,10,18,4,0.000844,True
er_000602.txt,19,35,5,0.005327,True
er_000603.txt,23,54,8,0.258436,True
er_000604.txt,30,150,16,53.090891,True
er_000605.txt,25,39,5,0.006238,True
er_000606.txt,30,67,8,0.268824,True
er_000607.txt,17,36,5,0.004397,True
er_000608.txt,25,49,6,0.06783,True
er_000609.txt,30,165,17,94.212428,True
er_000610.txt,20,51,8,0.078861,True
er_000611.txt,13,17,2,0.000829,True
er_000612.txt,11,10,1,0.000502,True
er_000613.txt,22,59,9,0.836662,True
er_000614.txt,18,25,3,0.001154,True
er_000615.txt,26,115,14,19.001097,True
er_000616.txt,29,151,17,48.612066,True
er_000617.txt,17,17,2,0.000792,True
er_000618.txt,29,113,TIMEOUT,100,TIMEOUT
er_000619.txt,15,29,4,0.002369,True
er_000620.txt,21,37,5,0.004599,True
er_000621.txt,17,31,5,0.009768,True
er_000622.txt,18,36,5,0.006534,True
er_000623.txt,23,65,8,0.521042,True
er_000624.txt,21,33,4,0.004072,True
er_000625.txt,22,42,5,0.020516,True
er_000626.txt,13,21,3,0.001347,True
er_000627.txt,21,51,6,0.014296,True
er_000628.txt,10,7,1,0.000419,True
er_000629.txt,26,60,8,0.636271,True
er_000630.txt,26,85,11,11.262632,True
er_000631.txt,13,9,0,0.000735,True
er_000632.txt,19,22,3,0.00117,True
er_000633.txt,21,38,6,0.017211,True
er_000634.txt,16,38,6,0.012171,True
er_000635.txt,12,17,3,0.000875,True
er_000636.txt,17,23,3,0.001404,True
er_000637.txt,14,20,2,0.000992,True
er_000638.txt,13,20,3,0.000907,True
er_000639.txt,26,107,13,5.907174,True
er_000640.txt,22,30,4,0.0047,True
er_000641.txt,12,20,3,0.001115,True
er_000642.txt,21,46,7,0.115138,True
er_000643.txt,11,10,1,0.000464,True
er_000644.txt,24,81,11,2.504546,True
er_000645.txt,12,8,0,0.000485,True
er_000646.txt,12,16,2,0.000631,True
er_000647.txt,28,117,14,35.909794,True
er_000648.txt,16,18,1,0.000772,True
er_000649.txt,20,35,5,0.005863,True
er_000650.txt,14,43,6,0.004645,True
er_000651.txt,28,73,9,4.513968,True
er_000652.txt,27,74,10,4.325721,True
er_000653.txt,27,75,10,7.599732,True
er_000654.txt,26,130,13,2.179182,True
er_000655.txt,11,5,0,0.000405,True
er_000656.txt,25,77,10,5.143299,True
er_000657.txt,11,16,3,0.000726,True
er_000658.txt,22,70,9,0.282238,True
er_000659.txt,18,36,5,0.005483,True
er_000660.txt,10,16,3,0.000788,True
er_000661.txt,14,19,2,0.00094,True
er_000662.txt,19,20,2,0.000823,True
er_000663.txt,14,27,4,0.001336,True
er_000664.txt,10,16,2,0.000735,True
er_000665.txt,24,83,11,1.140059,True
er_000666.txt,25,100,12,2.069595,True
er_000667.txt,12,17,2,0.000706,True
er_000668.txt,26,94,12,10.178269,True
er_000669.txt,22,49,6,0.027399,True
er_000670.txt,26,73,10,0.725423,True
er_000671.txt,21,18,1,0.000855,True
er_000672.txt,22,80,10,0.906994,True
er_000673.txt,30,144,16,97.679927,True
er_000674.txt,27,89,11,3.858587,True
er_000675.txt,14,25,4,0.002396,True
er_000676.txt,25,66,9,1.018683,True
er_000677.txt,27,46,6,0.059946,True
er_000678.txt,27,126,15,31.416391,True
er_000679.txt,27,156,15,4.744521,True
er_000680.txt,22,54,7,0.133687,True
er_000681.txt,11,10,1,0.000489,True
er_000682.txt,20,31,4,0.002433,True
er_000683.txt,17,28,4,0.002517,True
er_000684.txt,30,104,12,23.964335,True
er_000685.txt,26,102,13,17.204823,True
er_000686.txt,29,126,TIMEOUT,100,TIMEOUT
er_000687.txt,22,78,10,0.789067,True
er_000688.txt,28,85,TIMEOUT,100,TIMEOUT
er_000689.txt,26,33,3,0.002865,True
er_000690.txt,16,20,3,0.001045,True
er_000691.txt,13,24,3,0.001365,True
er_000692.txt,29,59,7,0.444471,True
er_000693.txt,25,60,8,1.313484,True
er_000694.txt,19,34,4,0.004676,True
er_000695.txt,23,37,5,0.007781,True
er_000696.txt,30,136,TIMEOUT,100,TIMEOUT
er_000697.txt,13,9,0,0.000483,True
er_000698.txt,18,50,7,0.044299,True
er_000699.txt,15,24,4,0.00177,True
er_000700.txt,21,58,8,0.131668,True
er_000701.txt,29,37,4,0.00625,True
er_000702.txt,16,11,1,0.000657,True
er_000703.txt,13,32,6,0.006611,True
er_000704.txt,28,43,5,0.012302,True
er_000705.txt,12,5,0,0.000431,True
er_000706.txt,22,35,4,0.004138,True
er_000707.txt,23,95,12,2.633211,True
er_000708.txt,26,109,13,11.189249,True
er_000709.txt,21,65,8,0.100636,True
er_000710.txt,11,22,3,0.001192,True
er_000711.txt,11,20,2,0.000923,True
er_000712.txt,10,11,2,0.000513,True
er_000713.txt,18,52,8,0.05973,True
er_000714.txt,18,31,4,0.00254,True
er_000715.txt,28,44,4,0.007833,True
er_000716.txt,23,85,11,4.214646,True
er_000717.txt,27,78,10,67.549181,True
er_000718.txt,30,110,TIMEOUT,100,TIMEOUT
er_000719.txt,15,23,2,0.00131,True
er_000720.txt,30,49,5,0.028817,True
er_000721.txt,29,44,5,0.019385,True
er_000722.txt,24,61,9,1.386515,True
er_000723.txt,25,38,4,0.0055,True
er_000724.txt,23,26,2,0.001343,True
er_000725.txt,25,44,6,0.064072,True
er_000726.txt,26,75,9,4.801489,True
er_000727.txt,25,38,5,0.010056,True
er_000728.txt,10,13,2,0.000558,True
er_000729.txt,16,19,2,0.000906,True
er_000730.txt,10,8,0,0.000415,True
er_000731.txt,28,119,TIMEOUT,100,TIMEOUT
er_000732.txt,23,86,11,2.51153,True
er_000733.txt,30,80,11,58.178357,True
er_000734.txt,18,51,7,0.026493,True
er_000735.txt,11,9,1,0.000444,True
er_000736.txt,28,114,13,53.43446,True
er_000737.txt,22,36,4,0.002938,True
er_000738.txt,29,82,10,4.487932,True
er_000739.txt,24,84,11,2.546804,True
er_000740.txt,11,4,0,0.00041,True
er_000741.txt,14,31,5,0.003512,True
er_000742.txt,18,40,6,0.010217,True
er_000743.txt,12,20,3,0.001095,True
er_000744.txt,16,36,5,0.002767,True
er_000745.txt,28,123,TIMEOUT,100,TIMEOUT
er_000746.txt,15,15,1,0.000691,True
er_000747.txt,12,2,0,0.000318,True
er_000748.txt,18,55,7,0.018625,True
er_000749.txt,28,60,8,0.571932,True
er_000750.txt,26,105,13,9.482429,True
er_000751.txt,27,100,12,6.594905,True
er_000752.txt,30,150,16,63.457513,True
er_000753.txt,24,67,9,0.858636,True
er_000754.txt,26,93,12,12.959465,True
er_000755.txt,14,26,4,0.002207,True
er_000756.txt,30,90,TIMEOUT,100,TIMEOUT
er_000757.txt,20,35,4,0.005541,True
er_000758.txt,20,29,3,0.001893,True
er_000759.txt,21,48,7,0.04242,True
er_000760.txt,13,33,5,0.002218,True
er_000761.txt,13,29,4,0.00184,True
er_000762.txt,24,81,11,1.860314,True
er_000763.txt,26,85,11,2.125676,True
er_000764.txt,14,19,3,0.000938,True
er_000765.txt,11,13,2,0.000584,True
er_000766.txt,23,67,9,1.088205,True
er_000767.txt,27,48,7,0.221773,True
er_000768.txt,19,19,2,0.000784,True
er_000769.txt,26,73,10,5.787315,True
er_000770.txt,18,30,4,0.001859,True
er_000771.txt,23,103,12,2.421585,True
er_000772.txt,17,32,5,0.00546,True
er_000773.txt,13,19,3,0.000899,True
er_000774.txt,29,63,8,0.850082,True
er_000775.txt,23,76,10,1.25946,True
er_000776.txt,10,12,1,0.000556,True
er_000777.txt,12,20,3,0.001108,True
er_000778.txt,29,138,15,28.758084,True
er_000779.txt,28,127,15,41.966651,True
er_000780.txt,12,30,4,0.001671,True
er_000781.txt,13,13,2,0.000678,True
er_000782.txt,18,48,7,0.046499,True
er_000783.txt,20,76,9,0.047531,True
er_000784.txt,27,90,11,23.262291,True
er_000785.txt,29,68,10,10.956327,True
er_000786.txt,23,105,13,4.317198,True
er_000787.txt,20,51,7,0.035163,True
er_000788.txt,20,13,1,0.00196,True
er_000789.txt,10,15,2,0.000803,True
er_000790.txt,11,6,0,0.000393,True
er_000791.txt,11,5,0,0.00043,True
er_000792.txt,20,59,8,0.066428,True
er_000793.txt,20,44,6,0.012688,True
er_000794.txt,14,26,4,0.001892,True
er_000795.txt,21,64,8,0.192189,True
er_000796.txt,18,11,0,0.000696,True
er_000797.txt,25,76,10,3.188503,True
er_000798.txt,19,57,8,0.195481,True
er_000799.txt,28,70,8,0.38717,True
er_000800.txt,28,114,TIMEOUT,100,TIMEOUT
er_000801.txt,16,37,6,0.016194,True
er_000802.txt,18,33,5,0.006718,True
er_000803.txt,20,74,9,0.307847,True
er_000804.txt,24,47,6,0.039934,True
er_000805.txt,10,3,0,0.000358,True
er_000806.txt,27,148,16,52.061958,True
er_000807.txt,20,34,5,0.008869,True
er_000808.txt,30,160,TIMEOUT,100,TIMEOUT
er_000809.txt,21,37,4,0.003931,True
er_000810.txt,23,55,8,0.122822,True
er_000811.txt,28,92,12,25.956578,True
er_000812.txt,13,14,1,0.000606,True
er_000813.txt,22,88,11,3.393982,True
er_000814.txt,12,17,2,0.000703,True
er_000815.txt,11,14,2,0.000702,True
er_000816.txt,23,22,2,0.001023,True
er_000817.txt,22,24,3,0.001218,True
er_000818.txt,10,17,3,0.000906,True
er_000819.txt,22,41,6,0.037388,True
er_000820.txt,25,99,12,2.850788,True
er_000821.txt,18,27,3,0.001472,True
er_000822.txt,21,79,10,0.456365,True
er_000823.txt,24,31,3,0.001739,True
er_000824.txt,26,108,14,80.616766,True
er_000825.txt,13,22,3,0.001051,True
er_000826.txt,15,22,3,0.000893,True
er_000827.txt,10,11,1,0.000493,True
er_000828.txt,11,17,3,0.000876,True
er_000829.txt,10,13,2,0.000629,True
er_000830.txt,18,18,2,0.000783,True
er_000831.txt,29,155,TIMEOUT,100,TIMEOUT
er_000832.txt,14,27,5,0.00271,True
er_000833.txt,21,49,7,0.07819,True
er_000834.txt,11,14,2,0.000885,True
er_000835.txt,12,25,4,0.001767,True
er_000836.txt,11,13,2,0.000611,True
er_000837.txt,20,64,9,0.165502,True
er_000838.txt,22,39,5,0.015653,True
er_000839.txt,21,48,7,0.039439,True
er_000840.txt,10,8,1,0.000432,True
er_000841.txt,27,126,13,8.625873,True
er_000842.txt,29,104,TIMEOUT,100,TIMEOUT
er_000843.txt,25,75,10,0.927608,True
er_000844.txt,17,56,8,0.048813,True
er_000845.txt,16,35,4,0.003146,True
er_000846.txt,20,47,7,0.049647,True
er_000847.txt,17,41,6,0.034696,True
er_000848.txt,21,82,10,0.300419,True
er_000849.txt,29,81,10,3.067351,True
er_000850.txt,12,30,5,0.001693,True
er_000851.txt,13,19,2,0.000753,True
er_000852.txt,12,17,2,0.000801,True
er_000853.txt,22,64,8,0.397193,True
er_000854.txt,30,111,13,28.092367,True
er_000855.txt,22,81,11,1.248742,True
er_000856.txt,29,92,11,11.871632,True
er_000857.txt,28,158,16,12.112777,True
er_000858.txt,27,131,15,80.815257,True
er_000859.txt,22,14,0,0.000904,True
er_000860.txt,27,33,3,0.002398,True
er_000861.txt,17,34,5,0.004458,True
er_000862.txt,22,49,6,0.03656,True
er_000863.txt,12,25,4,0.001499,True
er_000864.txt,27,105,13,38.108323,True
er_000865.txt,18,66,9,0.071346,True
er_000866.txt,28,130,15,46.827928,True
er_000867.txt,26,87,12,7.177078,True
er_000868.txt,14,10,1,0.000516,True
er_000869.txt,19,63,9,0.187025,True
er_000870.txt,22,61,9,0.658195,True
er_000871.txt,11,13,2,0.000644,True
er_000872.txt,20,62,9,0.523258,True
er_000873.txt,25,76,11,4.295878,True
er_000874.txt,11,12,2,0.000558,True
er_000875.txt,17,51,7,0.024347,True
er_000876.txt,11,25,4,0.001665,True
er_000877.txt,18,40,6,0.012011,True
er_000878.txt,16,37,5,0.006046,True
er_000879.txt,10,5,0,0.000363,True
er_000880.txt,18,32,5,0.006173,True
er_000881.txt,20,52,7,0.051186,True
er_000882.txt,19,72,9,0.182122,True
er_000883.txt,29,71,9,3.070338,True
er_000884.txt,12,8,0,0.000479,True
er_000885.txt,21,72,9,0.121071,True
er_000886.txt,10,12,1,0.000535,True
er_000887.txt,15,15,1,0.002656,True
er_000888.txt,22,94,11,0.653573,True
er_000889.txt,17,47,7,0.016193,True
er_000890.txt,22,60,9,0.655006,True
er_000891.txt,24,69,10,2.525146,True
er_000892.txt,22,88,11,0.994792,True
er_000893.txt,26,87,11,1.811899,True
er_000894.txt,27,80,11,8.064616,True
er_000895.txt,20,38,6,0.022253,True
er_000896.txt,11,20,3,0.00119,True
er_000897.txt,11,14,2,0.000613,True
er_000898.txt,23,34,4,0.003564,True
er_000899.txt,22,81,10,0.714972,True
er_000900.txt,27,51,8,0.428724,True
er_000901.txt,24,34,3,0.002843,True
er_000902.txt,16,38,6,0.010502,True
er_000903.txt,24,101,11,1.707204,True
er_000904.txt,22,46,6,0.015896,True
er_000905.txt,11,22,4,0.001588,True
er_000906.txt,14,38,6,0.006774,True
er_000907.txt,18,17,1,0.001079,True
er_000908.txt,10,6,0,0.000414,True
er_000909.txt,22,66,9,0.895483,True
er_000911.txt,17,25,3,0.001233,True
er_000912.txt,30,135,TIMEOUT,100,TIMEOUT
er_000913.txt,21,43,6,0.024996,True
er_000914.txt,21,48,7,0.060116,True
er_000915.txt,12,12,2,0.000557,True
er_000916.txt,27,53,7,0.122427,True
er_000917.txt,26,99,12,7.789585,True
er_000918.txt,28,136,16,78.958264,True
er_000919.txt,11,8,0,0.000451,True
er_000920.txt,30,141,TIMEOUT,100,TIMEOUT
er_000921.txt,20,61,9,0.453556,True
er_000922.txt,11,4,0,0.000378,True
er_000923.txt,17,35,5,0.004628,True
er_000924.txt,25,75,11,2.141125,True
er_000925.txt,30,121,TIMEOUT,100,TIMEOUT
er_000926.txt,24,31,4,0.003271,True
er_000927.txt,30,131,14,43.22293,True
er_000928.txt,13,25,4,0.00163,True
er_000929.txt,23,32,4,0.002658,True
er_000930.txt,30,84,10,5.002011,True
er_000931.txt,11,12,1,0.000635,True
er_000932.txt,15,26,4,0.001293,True
er_000933.txt,12,21,3,0.001339,True
er_000934.txt,14,24,4,0.001991,True
er_000935.txt,11,4,0,0.00034,True
er_000936.txt,25,69,10,5.736126,True
er_000937.txt,21,87,11,0.642871,True
er_000938.txt,16,17,2,0.001149,True
er_000939.txt,10,16,2,0.000724,True
er_000940.txt,12,8,0,0.000475,True
er_000941.txt,30,48,6,0.082116,True
er_000942.txt,25,41,4,0.015358,True
er_000943.txt,25,50,7,0.130967,True
er_000944.txt,28,50,7,0.103381,True
er_000945.txt,24,94,11,2.013018,True
er_000946.txt,25,65,9,0.324131,True
er_000947.txt,18,13,1,0.000697,True
er_000948.txt,22,53,6,0.027683,True
er_000949.txt,28,53,7,0.561569,True
er_000950.txt,27,154,16,40.691824,True
er_000951.txt,23,101,12,6.75232,True
er_000952.txt,29,50,6,0.033723,True
er_000953.txt,26,95,12,33.202379,True
er_000954.txt,21,46,7,0.111401,True
er_000955.txt,22,63,9,1.317788,True
er_000956.txt,20,25,3,0.002046,True
er_000957.txt,24,107,13,3.517291,True
er_000958.txt,24,67,8,0.341473,True
er_000959.txt,15,18,2,0.000919,True
er_000960.txt,20,37,5,0.01043,True
er_000961.txt,14,25,3,0.00113,True
er_000962.txt,15,10,0,0.000623,True
er_000963.txt,12,16,2,0.000766,True
er_000964.txt,28,44,5,0.029175,True
er_000965.txt,29,77,10,4.829964,True
er_000966.txt,18,55,8,0.042186,True
er_000967.txt,13,25,4,0.001629,True
er_000968.txt,20,81,10,0.225507,True
er_000969.txt,29,83,11,16.22419,True
er_000970.txt,28,117,14,19.030864,True
er_000971.txt,21,92,11,0.382929,True
er_000972.txt,23,60,8,0.265268,True
er_000973.txt,28,122,14,8.358882,True
er_000974.txt,30,89,TIMEOUT,100,TIMEOUT
er_000975.txt,21,23,2,0.001036,True
er_000976.txt,29,108,13,6.291956,True
er_000977.txt,11,19,3,0.001196,True
er_000978.txt,29,106,13,45.21475,True
er_000979.txt,22,41,6,0.015155,True
er_000980.txt,29,42,5,0.01206,True
er_000981.txt,20,67,9,0.131673,True
er_000982.txt,24,75,10,3.68448,True
er_000983.txt,28,74,10,11.353451,True
er_000984.txt,15,13,1,0.000592,True
er_000985.txt,12,13,2,0.000638,True
er_000986.txt,13,28,4,0.00166,True
er_000987.txt,18,19,2,0.000768,True
er_000988.txt,30,144,TIMEOUT,100,TIMEOUT
er_000989.txt,29,127,15,19.691809,True
er_000990.txt,14,31,5,0.004696,True
er_000991.txt,26,87,11,2.321183,True
er_000992.txt,26,45,6,0.019689,True
er_000993.txt,10,14,2,0.00065,True
er_000994.txt,29,59,8,0.3949,True
er_000995.txt,29,58,7,0.191225,True
er_000996.txt,11,15,2,0.000647,True
er_000997.txt,29,99,12,9.884914,True
er_000998.txt,29,162,16,23.997407,True
er_000999.txt,15,14,1,0.000814,True
er_001000.txt,29,104,13,21.098714,True
er_001001.txt,24,71,10,1.62567,True
er_001002.txt,23,29,3,0.002184,True
er_001003.txt,17,47,7,0.036057,True
er_001004.txt,28,139,15,10.76702,True
er_001005.txt,10,12,1,0.000757,True
er_001006.txt,26,126,15,6.740869,True
er_001007.txt,18,12,1,0.000634,True
er_001008.txt,23,44,5,0.012077,True
er_001009.txt,26,109,13,21.857123,True
er_001010.txt,15,16,2,0.00067,True
er_001011.txt,14,13,0,0.000695,True
er_001012.txt,22,88,11,1.844499,True
er_001013.txt,22,84,10,1.034678,True
er_001014.txt,21,56,7,0.113692,True
er_001015.txt,15,8,0,0.00056,True
er_001016.txt,12,19,3,0.001019,True
er_001017.txt,25,94,12,4.979575,True
er_001018.txt,23,100,12,2.671662,True
er_001019.txt,28,126,15,30.283059,True
er_001020.txt,10,19,3,0.001112,True
er_001021.txt,28,112,13,19.935593,True
er_001022.txt,11,21,3,0.001113,True
er_001023.txt,19,30,4,0.002489,True
er_001024.txt,30,148,16,62.783187,True
er_001025.txt,24,74,10,0.521462,True
er_001026.txt,21,53,6,0.036,True
er_001027.txt,18,54,7,0.016084,True
er_001028.txt,26,64,9,1.906568,True
er_001029.txt,10,14,2,0.000699,True
er_001030.txt,18,55,7,0.088382,True
er_001031.txt,19,24,3,0.001156,True
er_001032.txt,13,21,3,0.001014,True
er_001033.txt,30,45,5,0.026665,True
er_001034.txt,26,47,7,0.078297,True
er_001035.txt,28,48,6,0.031678,True
er_001036.txt,26,109,11,6.463017,True
er_001037.txt,16,24,3,0.001407,True
er_001038.txt,19,25,3,0.001326,True
er_001039.txt,18,22,3,0.001243,True
er_001040.txt,30,157,TIMEOUT,100,TIMEOUT
er_001041.txt,29,163,17,64.797694,True
er_001042.txt,25,64,9,3.151954,True
er_001043.txt,15,23,3,0.001095,True
er_001044.txt,27,111,14,88.886839,True
er_001045.txt,22,54,7,0.085254,True
er_001046.txt,27,98,TIMEOUT,100,TIMEOUT
er_001047.txt,26,79,10,3.859925,True
er_001048.txt,30,158,17,89.928393,True
er_001049.txt,26,138,14,4.204757,True
er_001050.txt,13,25,4,0.001859,True
er_001051.txt,19,13,0,0.000768,True
er_001052.txt,13,11,2,0.00066,True
er_001053.txt,24,106,12,1.916876,True
er_001054.txt,19,28,4,0.001893,True
er_001055.txt,25,64,9,1.997482,True
er_001056.txt,22,18,0,0.000906,True
er_001057.txt,16,50,7,0.010689,True
er_001058.txt,28,42,5,0.0155,True
er_001059.txt,19,49,7,0.02608,True
er_001060.txt,14,26,3,0.001473,True
er_001061.txt,22,39,5,0.035199,True
er_001062.txt,11,19,3,0.000919,True
er_001063.txt,12,14,2,0.000821,True
er_001064.txt,19,63,8,0.037407,True
er_001065.txt,19,35,5,0.01019,True
er_001066.txt,19,35,5,0.006066,True
er_001067.txt,17,20,1,0.00078,True
er_001068.txt,26,30,3,0.001824,True
er_001069.txt,12,15,2,0.000784,True
er_001070.txt,23,73,11,2.664968,True
er_001071.txt,20,42,6,0.015807,True
er_001072.txt,25,83,10,0.649144,True
er_001073.txt,19,29,4,0.002124,True
er_001074.txt,13,11,1,0.000527,True
er_001075.txt,23,90,12,4.54404,True
er_001076.txt,22,80,10,2.286048,True
er_001077.txt,12,16,2,0.000662,True
er_001078.txt,10,9,1,0.000499,True
er_001079.txt,11,18,3,0.000855,True
er_001080.txt,12,14,2,0.000668,True
er_001081.txt,19,55,8,0.092113,True
er_001082.txt,21,60,8,0.235706,True
er_001083.txt,14,13,2,0.000685,True
er_001084.txt,28,80,10,5.142398,True
er_001085.txt,16,33,5,0.004496,True
er_001086.txt,11,4,0,0.000326,True
er_001087.txt,19,35,5,0.005116,True
er_001088.txt,28,51,7,0.064889,True
er_001089.txt,20,60,8,0.340323,True
er_001090.txt,24,96,12,2.667165,True
er_001091.txt,18,41,5,0.018671,True
er_001092.txt,26,129,14,3.274267,True
er_001093.txt,21,40,5,0.014,True
er_001094.txt,27,80,11,14.363752,True
er_001095.txt,15,41,6,0.015732,True
er_001096.txt,23,77,9,0.455243,True
er_001097.txt,10,15,2,0.00086,True
er_001098.txt,13,28,5,0.00406,True
er_001099.txt,13,17,3,0.000836,True
er_001100.txt,27,72,9,1.440707,True
er_001101.txt,25,108,13,4.933363,True
er_001102.txt,24,60,8,1.783569,True
er_001103.txt,14,25,4,0.002027,True
er_001104.txt,20,71,9,0.351934,True
er_001105.txt,15,30,4,0.002527,True
er_001106.txt,11,14,2,0.000684,True
er_001107.txt,21,52,7,0.061611,True
er_001108.txt,18,56,7,0.027278,True
er_001109.txt,30,84,10,10.337396,True
er_001110.txt,25,67,9,4.983387,True
er_001111.txt,11,17,2,0.000822,True
er_001112.txt,28,44,6,0.064927,True
er_001113.txt,14,14,1,0.000692,True
er_001114.txt,24,48,6,0.049854,True
er_001115.txt,16,24,3,0.001269,True
er_001116.txt,14,39,6,0.008972,True
er_001117.txt,27,42,5,0.032154,True
er_001119.txt,14,25,3,0.000962,True
er_001120.txt,22,66,9,1.15993,True
er_001121.txt,22,83,10,0.756157,True
er_001122.txt,13,11,1,0.000619,True
er_001123.txt,17,45,5,0.007849,True
er_001124.txt,14,12,1,0.000562,True
er_001125.txt,18,22,3,0.001133,True
er_001126.txt,30,49,6,0.049876,True
er_001127.txt,10,18,3,0.000661,True
er_001128.txt,28,141,16,22.987534,True
er_001129.txt,19,55,7,0.062694,True
er_001130.txt,24,31,3,0.002087,True
er_001131.txt,17,40,6,0.03692,True
er_001132.txt,11,8,0,0.000426,True
er_001133.txt,22,62,8,0.225579,True
er_001134.txt,29,53,6,0.027079,True
er_001135.txt,16,49,7,0.056339,True
er_001136.txt,17,39,6,0.006501,True
er_001137.txt,28,42,5,0.013298,True
er_001138.txt,20,29,4,0.001908,True
er_001139.txt,25,73,9,0.395161,True
er_001140.txt,24,57,8,0.131854,True
er_001141.txt,20,66,9,0.15576,True
er_001142.txt,22,75,10,0.49275,True
er_001143.txt,27,71,10,19.933665,True
er_001144.txt,11,15,2,0.000771,True
er_001145.txt,13,31,5,0.003499,True
er_001146.txt,15,29,5,0.002962,True
er_001147.txt,15,21,2,0.001071,True
er_001148.txt,16,31,4,0.002447,True
er_001149.txt,19,50,7,0.038426,True
er_001150.txt,28,110,14,44.006427,True
er_001151.txt,10,5,0,0.00035,True
er_001152.txt,26,89,12,41.308487,True
er_001153.txt,12,21,3,0.00101,True
er_001154.txt,29,136,15,16.235613,True
er_001155.txt,16,37,6,0.007899,True
er_001156.txt,12,17,3,0.000893,True
er_001157.txt,20,34,5,0.00461,True
er_001158.txt,26,69,9,0.4687,True
er_001159.txt,22,69,9,0.960539,True
er_001160.txt,18,28,3,0.001368,True
er_001161.txt,22,43,6,0.038385,True
er_001162.txt,30,152,TIMEOUT,100,TIMEOUT
er_001163.txt,25,56,8,0.156372,True
er_001164.txt,10,13,1,0.000568,True
er_001165.txt,18,18,2,0.000782,True
er_001166.txt,14,29,4,0.002814,True
er_001167.txt,29,64,8,3.263606,True
er_001168.txt,13,17,2,0.001355,True
er_001169.txt,11,12,1,0.000669,True
er_001170.txt,27,113,13,7.850366,True
er_001171.txt,10,21,3,0.001213,True
er_001172.txt,18,19,2,0.000911,True
er_001173.txt,14,11,2,0.000555,True
er_001174.txt,21,56,8,0.141675,True
er_001175.txt,11,16,2,0.001034,True
er_001176.txt,18,47,6,0.011006,True
er_001177.txt,11,9,0,0.000489,True
er_001178.txt,16,23,3,0.001179,True
er_001179.txt,29,148,TIMEOUT,100,TIMEOUT
er_001180.txt,25,70,9,0.724089,True
er_001181.txt,16,52,7,0.023666,True
er_001182.txt,12,22,3,0.001105,True
er_001183.txt,11,13,2,0.000641,True
er_001184.txt,30,114,TIMEOUT,100,TIMEOUT
er_001185.txt,30,116,14,30.549308,True
er_001186.txt,23,38,4,0.005608,True
er_001187.txt,21,23,2,0.001347,True
er_001188.txt,20,62,9,0.469998,True
er_001189.txt,30,80,10,10.716278,True
er_001190.txt,27,112,TIMEOUT,100,TIMEOUT
er_001191.txt,10,9,2,0.000535,True
er_001192.txt,13,24,4,0.001891,True
er_001193.txt,23,52,8,0.372061,True
er_001194.txt,25,112,13,4.011586,True
er_001195.txt,21,62,9,0.865472,True
er_001196.txt,27,45,5,0.010188,True
er_001197.txt,17,39,6,0.009537,True
er_001198.txt,24,100,12,2.242213,True
er_001199.txt,21,22,2,0.000989,True
er_001200.txt,24,37,4,0.008289,True
er_001201.txt,24,70,9,0.203577,True
er_001202.txt,13,17,2,0.000697,True
er_001203.txt,21,60,8,0.794243,True
er_001204.txt,30,153,16,60.442414,True
er_001205.txt,28,140,16,21.966544,True
er_001206.txt,22,33,4,0.003084,True
er_001207.txt,25,30,4,0.002968,True
er_001208.txt,29,129,15,37.952851,True
er_001209.txt,12,21,4,0.001411,True
er_001210.txt,18,35,5,0.003711,True
er_001211.txt,13,11,1,0.000535,True
er_001212.txt,19,32,4,0.002226,True
er_001213.txt,17,30,4,0.002671,True
er_001214.txt,24,66,9,5.089393,True
er_001215.txt,22,87,11,1.29878,True
er_001216.txt,26,35,3,0.006108,True
er_001217.txt,27,93,12,3.909411,True
er_001218.txt,28,150,16,19.793635,True
er_001219.txt,19,61,8,0.08607,True
er_001220.txt,14,31,4,0.001907,True
er_001221.txt,27,38,4,0.00546,True
er_001222.txt,19,38,6,0.019213,True
er_001223.txt,17,12,1,0.000613,True
er_001224.txt,10,17,3,0.000846,True
er_001225.txt,18,56,8,0.091264,True
er_001226.txt,29,92,TIMEOUT,100,TIMEOUT
er_001227.txt,28,88,12,34.694038,True
er_001228.txt,30,107,TIMEOUT,100,TIMEOUT
er_001229.txt,17,47,6,0.010549,True
er_001230.txt,14,18,2,0.000777,True
er_001231.txt,27,47,5,0.011729,True
er_001232.txt,23,102,13,5.64478,True
er_001233.txt,15,13,2,0.000686,True
er_001234.txt,26,58,8,0.302545,True
er_001235.txt,16,42,6,0.011652,True
er_001236.txt,19,34,4,0.00219,True
er_001237.txt,11,19,3,0.00098,True
er_001238.txt,23,45,7,0.067806,True
er_001239.txt,11,21,3,0.001132,True
er_001240.txt,30,115,13,23.880136,True
er_001241.txt,24,67,9,0.660498,True
er_001242.txt,12,27,4,0.00185,True
er_001243.txt,26,96,11,4.847715,True
er_001244.txt,23,25,2,0.001096,True
er_001245.txt,26,44,6,0.032377,True
er_001246.txt,14,33,5,0.004697,True
er_001247.txt,14,18,3,0.000868,True
er_001248.txt,13,28,4,0.001654,True
er_001249.txt,11,19,4,0.001282,True
er_001250.txt,22,43,6,0.096301,True
er_001251.txt,29,149,17,91.484702,True
er_001252.txt,23,84,11,2.502682,True
er_001253.txt,20,46,6,0.013336,True
er_001254.txt,26,57,8,0.169189,True
er_001255.txt,15,15,2,0.001017,True
er_001256.txt,17,36,6,0.016597,True
er_001257.txt,22,25,2,0.001131,True
er_001258.txt,19,52,7,0.026457,True
er_001259.txt,12,27,4,0.001351,True
er_001260.txt,10,11,2,0.000531,True
er_001261.txt,23,88,11,0.992599,True
er_001262.txt,14,34,6,0.006772,True
er_001263.txt,21,95,12,0.534436,True
er_001264.txt,30,111,TIMEOUT,100,TIMEOUT
er_001265.txt,14,24,4,0.002016,True
er_001266.txt,27,151,16,14.098006,True
er_001267.txt,13,11,1,0.000685,True
er_001268.txt,23,35,4,0.002405,True
er_001269.txt,25,54,8,0.558573,True
er_001270.txt,22,78,10,0.913096,True
er_001271.txt,12,7,0,0.000423,True
er_001272.txt,13,22,3,0.001148,True
er_001273.txt,15,35,5,0.005987,True
er_001274.txt,13,9,1,0.000527,True
er_001275.txt,20,67,9,0.137467,True
er_001276.txt,19,50,7,0.027119,True
er_001277.txt,14,32,5,0.003895,True
er_001278.txt,19,30,3,0.001859,True
er_001279.txt,17,29,4,0.003853,True
er_001280.txt,27,50,6,0.143531,True
er_001281.txt,26,111,13,16.974209,True
er_001282.txt,21,74,10,0.541277,True
er_001283.txt,25,41,5,0.018448,True
er_001284.txt,24,54,7,0.151132,True
er_001285.txt,24,44,6,0.017664,True
er_001286.txt,13,14,2,0.000641,True
er_001287.txt,24,87,10,0.888013,True
er_001288.txt,28,141,16,44.163469,True
er_001289.txt,16,18,1,0.000924,True
er_001290.txt,14,26,4,0.001922,True
er_001291.txt,18,35,5,0.01311,True
er_001292.txt,21,27,4,0.001875,True
er_001293.txt,21,34,3,0.003171,True
er_001294.txt,11,16,2,0.000687,True
er_001295.txt,23,81,10,0.742405,True
er_001296.txt,30,97,12,3.547441,True
er_001297.txt,29,105,13,30.338921,True
er_001298.txt,14,35,5,0.007254,True
er_001299.txt,17,47,6,0.016424,True
er_001300.txt,26,55,7,0.450539,True
er_001301.txt,13,23,3,0.001295,True
er_001302.txt,26,74,10,1.66133,True
er_001303.txt,22,70,10,3.212651,True
er_001304.txt,12,13,2,0.000892,True
er_001305.txt,21,77,9,0.102744,True
er_001306.txt,11,5,0,0.00038,True
er_001307.txt,17,32,5,0.007646,True
er_001308.txt,21,64,8,0.093886,True
er_001309.txt,23,79,10,1.212706,True
er_001310.txt,13,29,4,0.002357,True
er_001311.txt,27,105,13,39.38873,True
er_001312.txt,11,18,3,0.000915,True
er_001313.txt,25,79,11,5.035004,True
er_001314.txt,11,18,2,0.00087,True
er_001315.txt,28,107,13,93.890133,True
er_001316.txt,11,13,2,0.000592,True
er_001317.txt,26,61,7,0.066765,True
er_001318.txt,15,25,4,0.001552,True
er_001319.txt,12,23,4,0.001325,True
er_001320.txt,25,56,8,0.1358,True
er_001322.txt,26,59,8,1.292639,True
er_001323.txt,28,164,17,13.39495,True
er_001324.txt,29,51,6,0.063645,True
er_001325.txt,25,57,7,0.854159,True
er_001326.txt,25,38,4,0.004254,True
er_001327.txt,10,15,2,0.000642,True
er_001328.txt,11,14,2,0.000739,True
er_001329.txt,22,88,11,0.778615,True
er_001330.txt,15,22,3,0.001015,True
er_001331.txt,27,149,16,13.115915,True
er_001332.txt,12,13,2,0.000626,True
er_001333.txt,22,59,8,0.380203,True
er_001334.txt,28,123,14,37.329743,True
er_001335.txt,24,38,5,0.016806,True
er_001336.txt,29,80,11,28.751845,True
er_001337.txt,27,122,14,5.870002,True
er_001338.txt,11,11,1,0.000471,True
er_001339.txt,21,33,5,0.00604,True
er_001340.txt,16,15,2,0.000942,True
er_001341.txt,27,61,8,0.227736,True
er_001342.txt,22,81,10,0.824107,True
er_001343.txt,13,13,1,0.000651,True
er_001344.txt,10,20,3,0.001374,True
er_001345.txt,18,55,7,0.041464,True
er_001346.txt,11,9,0,0.000485,True
er_001347.txt,22,45,6,0.247764,True
er_001348.txt,27,131,15,22.444981,True
er_001349.txt,26,93,12,13.399968,True
er_001350.txt,29,136,15,77.051771,True
er_001351.txt,18,48,7,0.057725,True
er_001352.txt,24,87,11,8.376315,True
er_001353.txt,29,157,17,82.918563,True
er_001354.txt,15,35,5,0.002751,True
er_001355.txt,28,154,16,10.65234,True
er_001356.txt,22,31,4,0.00216,True
er_001357.txt,16,28,4,0.002903,True
er_001358.txt,22,24,2,0.001247,True
er_001359.txt,27,85,11,5.354522,True
er_001360.txt,26,115,14,10.887996,True
er_001361.txt,10,13,2,0.000604,True
er_001362.txt,18,47,7,0.03492,True
er_001363.txt,12,23,4,0.00197,True
er_001364.txt,11,23,4,0.001225,True
er_001365.txt,15,17,3,0.00118,True
er_001366.txt,17,37,5,0.00492,True
er_001367.txt,23,27,3,0.00136,True
er_001368.txt,27,99,13,24.305989,True
er_001369.txt,29,74,10,5.772697,True
er_001370.txt,14,13,1,0.00058,True
er_001371.txt,19,70,10,0.523156,True
er_001372.txt,10,5,0,0.000348,True
er_001373.txt,19,41,5,0.006237,True
er_001374.txt,27,88,11,3.4214,True
er_001375.txt,10,3,0,0.000313,True
er_001376.txt,18,25,3,0.001385,True
er_001377.txt,15,28,4,0.00191,True
er_001378.txt,19,29,3,0.001553,True
er_001379.txt,19,22,3,0.002617,True
er_001380.txt,27,100,13,26.404714,True
er_001381.txt,25,56,7,0.470257,True
er_001382.txt,19,20,2,0.00094,True
er_001383.txt,12,23,4,0.001786,True
er_001384.txt,11,12,2,0.000552,True
er_001385.txt,28,57,7,0.172564,True
er_001386.txt,28,49,6,0.024113,True
er_001387.txt,22,53,7,0.103635,True
er_001388.txt,25,127,14,18.062072,True
er_001389.txt,25,102,13,16.000961,True
er_001390.txt,13,31,5,0.003817,True
er_001391.txt,21,65,9,0.861612,True
er_001392.txt,18,25,3,0.001669,True
er_001394.txt,20,32,4,0.002775,True
er_001395.txt,15,21,3,0.001011,True
er_001396.txt,10,12,1,0.000596,True
er_001397.txt,20,64,9,0.070596,True
er_001398.txt,10,10,2,0.000619,True
er_001399.txt,15,32,5,0.003966,True
er_001400.txt,11,14,2,0.00078,True
er_001401.txt,16,38,6,0.012656,True
er_001402.txt,24,79,10,1.265648,True
er_001403.txt,20,31,4,0.003907,True
er_001404.txt,16,14,1,0.000684,True
er_001405.txt,24,112,12,3.236198,True
er_001406.txt,26,36,4,0.00578,True
er_001407.txt,20,61,8,0.150852,True
er_001408.txt,15,17,2,0.00081,True
er_001409.txt,15,24,4,0.001964,True
er_001410.txt,26,90,12,7.410378,True
er_001411.txt,29,142,16,52.329308,True
er_001412.txt,17,46,6,0.008796,True
er_001413.txt,26,114,14,96.510124,True
er_001414.txt,11,15,2,0.00067,True
er_001415.txt,11,16,2,0.000797,True
er_001416.txt,19,30,4,0.002536,True
er_001417.txt,25,52,7,0.495055,True
er_001418.txt,23,52,8,0.65999,True
er_001419.txt,18,66,9,0.073571,True
er_001420.txt,26,130,13,2.760383,True
er_001421.txt,25,84,11,2.233277,True
er_001422.txt,24,114,13,0.926572,True
er_001423.txt,17,33,5,0.005114,True
er_001424.txt,22,13,2,0.000845,True
er_001425.txt,15,38,5,0.002722,True
er_001426.txt,25,74,9,1.054862,True
er_001427.txt,23,63,8,0.069286,True
er_001428.txt,17,33,4,0.003792,True
er_001429.txt,16,32,4,0.002494,True
er_001430.txt,19,28,4,0.001834,True
er_001431.txt,21,42,6,0.024031,True
er_001432.txt,14,14,2,0.000772,True
er_001433.txt,18,49,7,0.028797,True
er_001434.txt,18,43,6,0.008546,True
er_001435.txt,23,60,8,1.010213,True
er_001436.txt,16,22,3,0.001081,True
er_001437.txt,30,140,TIMEOUT,100,TIMEOUT
er_001438.txt,29,99,TIMEOUT,100,TIMEOUT
er_001439.txt,13,30,4,0.002149,True
er_001440.txt,19,37,5,0.00663,True
er_001441.txt,13,29,5,0.002969,True
er_001442.txt,22,43,6,0.03523,True
er_001443.txt,17,60,8,0.027758,True
er_001444.txt,13,25,4,0.001768,True
er_001445.txt,17,24,3,0.001449,True
er_001446.txt,30,140,TIMEOUT,100,TIMEOUT
er_001447.txt,29,69,9,0.978359,True
er_001448.txt,14,24,4,0.001761,True
er_001449.txt,16,21,2,0.001104,True
er_001450.txt,22,67,9,1.572447,True
er_001451.txt,25,70,9,1.138712,True
er_001452.txt,28,94,12,11.409562,True
er_001453.txt,28,138,15,19.095641,True
er_001454.txt,19,29,4,0.002881,True
er_001455.txt,20,19,1,0.000728,True
er_001456.txt,20,50,7,0.211442,True
er_001457.txt,18,42,6,0.01108,True
er_001458.txt,25,33,4,0.002363,True
er_001459.txt,10,10,1,0.00051,True
er_001460.txt,25,78,9,0.244776,True
er_001461.txt,14,25,4,0.001827,True
er_001462.txt,19,47,6,0.018314,True
er_001463.txt,16,21,2,0.001029,True
er_001464.txt,27,122,15,34.973357,True
er_001465.txt,16,14,2,0.000681,True
er_001466.txt,22,43,6,0.046883,True
er_001467.txt,22,38,5,0.010895,True
er_001468.txt,27,76,10,2.994514,True
er_001469.txt,18,46,7,0.015929,True
er_001470.txt,10,10,1,0.000457,True
er_001471.txt,27,91,11,3.058829,True
er_001472.txt,18,34,5,0.004089,True
er_001473.txt,24,107,12,1.673953,True
er_001474.txt,26,66,9,2.062784,True
er_001475.txt,30,72,10,14.376431,True
er_001476.txt,21,35,4,0.002515,True
er_001477.txt,29,98,12,10.911939,True
er_001478.txt,26,117,14,12.577951,True
er_001479.txt,20,34,4,0.002974,True
er_001480.txt,26,51,7,0.297186,True
er_001481.txt,19,18,2,0.000732,True
er_001482.txt,17,16,3,0.000849,True
er_001483.txt,13,20,3,0.001127,True
er_001484.txt,14,24,4,0.001846,True
er_001485.txt,26,114,13,10.079254,True
er_001486.txt,15,31,4,0.001902,True
er_001487.txt,16,40,6,0.006914,True
er_001488.txt,21,72,9,0.179012,True
er_001489.txt,20,57,8,0.181023,True
er_001490.txt,29,79,11,21.058202,True
er_001491.txt,29,94,12,32.39616,True
er_001492.txt,11,26,4,0.001255,True
er_001493.txt,18,39,6,0.015222,True
er_001494.txt,22,80,10,0.332951,True
er_001495.txt,13,23,4,0.001787,True
er_001496.txt,24,79,10,0.585511,True
er_001497.txt,25,108,13,6.773215,True
er_001498.txt,21,43,4,0.005973,True
er_001499.txt,17,65,9,0.05271,True
er_001500.txt,19,53,7,0.069335,True
er_001501.txt,26,104,12,12.13548,True
er_001502.txt,11,13,1,0.000563,True
er_001503.txt,20,49,7,0.030088,True
er_001504.txt,14,39,6,0.008755,True
er_001505.txt,12,20,3,0.001096,True
er_001506.txt,24,51,7,0.120508,True
er_001507.txt,27,87,12,20.930187,True
er_001508.txt,22,39,5,0.012349,True
er_001509.txt,23,31,3,0.002415,True
er_001510.txt,10,15,2,0.000681,True
er_001511.txt,18,54,7,0.017369,True
er_001512.txt,30,71,10,3.047086,True
er_001513.txt,15,11,0,0.000611,True
er_001514.txt,14,20,3,0.000995,True
er_001515.txt,21,54,8,0.449282,True
er_001516.txt,12,27,4,0.003266,True
er_001517.txt,20,19,1,0.000821,True
er_001518.txt,10,13,2,0.000608,True
er_001519.txt,12,19,2,0.000944,True
er_001520.txt,16,37,5,0.006411,True
er_001521.txt,11,16,2,0.000604,True
er_001522.txt,25,108,13,6.710425,True
er_001523.txt,15,23,3,0.001585,True
er_001524.txt,15,20,2,0.000826,True
er_001525.txt,25,70,9,3.559227,True
er_001526.txt,30,172,17,80.339779,True
er_001527.txt,12,13,2,0.000655,True
er_001528.txt,10,19,3,0.000994,True
er_001529.txt,18,40,6,0.013963,True
er_001530.txt,24,39,5,0.010476,True
er_001532.txt,23,109,13,1.746857,True
er_001533.txt,26,58,8,0.14919,True
er_001534.txt,11,15,2,0.000695,True
er_001535.txt,13,34,6,0.004528,True
er_001536.txt,23,36,4,0.005626,True
er_001537.txt,14,19,2,0.00116,True
er_001538.txt,18,55,7,0.038068,True
er_001539.txt,18,67,10,0.334726,True
er_001540.txt,20,75,9,0.14213,True
er_001541.txt,15,28,4,0.002439,True
er_001542.txt,13,28,4,0.001887,True
er_001543.txt,22,90,11,0.850567,True
er_001544.txt,17,27,3,0.002136,True
er_001545.txt,27,120,14,24.020861,True
er_001546.txt,15,21,2,0.000909,True
er_001547.txt,30,40,4,0.005289,True
er_001548.txt,22,74,9,0.201341,True
er_001549.txt,26,123,14,4.960666,True
er_001550.txt,15,22,3,0.001134,True
er_001551.txt,29,105,12,8.408827,True
er_001552.txt,26,36,4,0.005158,True
er_001553.txt,26,59,8,0.224165,True
er_001554.txt,19,28,3,0.001802,True
er_001555.txt,22,62,8,0.793536,True
er_001556.txt,16,12,1,0.000581,True
er_001557.txt,19,66,9,0.161827,True
er_001558.txt,10,11,1,0.000609,True
er_001559.txt,30,72,9,0.454873,True
er_001560.txt,21,63,8,0.095986,True
er_001561.txt,24,83,10,1.240608,True
er_001562.txt,26,124,14,6.722519,True
er_001563.txt,25,33,3,0.004162,True
er_001564.txt,16,54,8,0.033328,True
er_001565.txt,24,98,13,14.930018,True
er_001566.txt,23,74,10,2.570819,True
er_001567.txt,17,24,3,0.001033,True
er_001568.txt,24,67,9,4.177154,True
er_001569.txt,26,129,15,15.138224,True
er_001570.txt,21,22,3,0.001113,True
er_001571.txt,27,45,5,0.034539,True
er_001572.txt,11,12,2,0.000665,True
er_001573.txt,15,14,1,0.00122,True
er_001574.txt,29,125,15,37.262929,True
er_001575.txt,21,76,10,0.458632,True
er_001576.txt,14,23,3,0.001156,True
er_001577.txt,18,30,4,0.00687,True
er_001578.txt,15,17,1,0.000738,True
er_001579.txt,13,28,4,0.002224,True
er_001580.txt,16,24,3,0.001458,True
er_001581.txt,12,10,1,0.000476,True
er_001582.txt,24,99,12,1.334387,True
er_001583.txt,14,30,5,0.002916,True
er_001584.txt,12,14,2,0.000752,True
er_001585.txt,17,42,6,0.013456,True
er_001586.txt,22,42,4,0.004416,True
er_001587.txt,19,36,5,0.007689,True
er_001588.txt,17,38,5,0.006899,True
er_001589.txt,27,44,5,0.057132,True
er_001590.txt,15,33,5,0.00653,True
er_001591.txt,24,77,10,2.56885,True
er_001592.txt,11,8,1,0.000424,True
er_001593.txt,11,10,1,0.000499,True
er_001594.txt,26,41,5,0.019769,True
er_001595.txt,14,35,5,0.004796,True
er_001596.txt,19,68,9,0.086055,True
er_001597.txt,10,7,0,0.000421,True
er_001598.txt,12,15,2,0.000936,True
er_001599.txt,20,38,5,0.010397,True
er_001600.txt,10,11,1,0.000521,True
er_001601.txt,28,135,15,19.61182,True
er_001602.txt,24,72,10,0.716523,True
er_001603.txt,14,25,4,0.002146,True
er_001604.txt,12,29,4,0.001703,True
er_001605.txt,27,94,12,7.347381,True
er_001606.txt,28,89,12,30.490529,True
er_001607.txt,27,128,14,26.767008,True
er_001608.txt,20,19,2,0.000765,True
er_001609.txt,13,4,0,0.000378,True
er_001611.txt,14,26,4,0.002373,True
er_001612.txt,28,83,TIMEOUT,100,TIMEOUT
er_001613.txt,13,25,4,0.001936,True
er_001614.txt,23,28,2,0.001708,True
er_001615.txt,10,5,0,0.000409,True
er_001616.txt,27,70,9,2.080597,True
er_001617.txt,14,14,2,0.000676,True
er_001618.txt,24,43,6,0.018687,True
er_001619.txt,18,63,8,0.028656,True
er_001620.txt,29,158,17,37.827532,True
er_001621.txt,28,129,TIMEOUT,100,TIMEOUT
er_001623.txt,15,25,3,0.001774,True
er_001624.txt,16,42,6,0.008287,True
er_001625.txt,18,55,8,0.173974,True
er_001626.txt,27,105,12,11.165833,True
er_001627.txt,24,107,13,3.609823,True
er_001628.txt,16,18,2,0.000804,True
er_001629.txt,12,24,4,0.002251,True
er_001630.txt,25,87,11,2.54146,True
er_001631.txt,29,161,17,50.693877,True
er_001632.txt,18,39,6,0.012499,True
er_001633.txt,11,22,3,0.001183,True
er_001634.txt,27,89,12,8.476522,True
er_001635.txt,25,52,8,0.310576,True
er_001636.txt,15,7,0,0.000559,True
er_001637.txt,12,19,3,0.001056,True
er_001638.txt,11,9,0,0.000518,True
er_001639.txt,10,17,3,0.000962,True
er_001640.txt,16,7,0,0.000577,True
er_001641.txt,19,47,7,0.099982,True
er_001642.txt,30,88,12,92.585763,True
er_001643.txt,12,6,0,0.000463,True
er_001644.txt,19,26,3,0.001494,True
er_001645.txt,14,27,4,0.002071,True
er_001646.txt,18,61,8,0.115994,True
er_001647.txt,19,56,7,0.048948,True
er_001648.txt,18,51,8,0.130745,True
er_001649.txt,18,43,7,0.044217,True
er_001650.txt,29,104,12,11.634618,True
er_001651.txt,13,13,2,0.000668,True
er_001652.txt,12,26,4,0.002569,True
er_001653.txt,30,113,TIMEOUT,100,TIMEOUT
er_001654.txt,13,22,3,0.001168,True
er_001655.txt,20,71,9,0.224639,True
er_001656.txt,26,107,13,19.159864,True
er_001657.txt,29,69,10,3.928797,True
er_001658.txt,20,81,10,0.089376,True
er_001659.txt,24,52,7,0.111407,True
er_001660.txt,23,33,4,0.00416,True
er_001661.txt,19,66,9,0.090744,True
er_001662.txt,23,45,6,0.112877,True
er_001663.txt,22,45,6,0.013618,True
er_001664.txt,30,70,8,13.012003,True
er_001665.txt,10,12,2,0.000566,True
er_001666.txt,12,19,2,0.000983,True
er_001667.txt,18,51,8,0.087518,True
er_001668.txt,13,22,3,0.000971,True
er_001669.txt,19,48,7,0.082379,True
er_001670.txt,19,62,9,0.132266,True
er_001671.txt,11,17,3,0.000831,True
er_001672.txt,24,51,7,0.062744,True
er_001673.txt,16,16,1,0.0007,True
er_001674.txt,22,28,3,0.001748,True
er_001675.txt,15,27,3,0.00136,True
er_001676.txt,22,71,9,0.382507,True
er_001677.txt,16,35,5,0.009955,True
er_001678.txt,21,48,7,0.175386,True
er_001679.txt,17,47,7,0.02259,True
er_001680.txt,29,51,6,0.071013,True
er_001681.txt,28,115,13,9.376596,True
er_001682.txt,11,16,2,0.000764,True
er_001683.txt,30,175,18,48.153253,True
er_001684.txt,28,129,14,55.140534,True
er_001685.txt,22,82,10,1.602726,True
er_001686.txt,25,126,14,6.886509,True
er_001687.txt,15,23,3,0.001351,True
er_001688.txt,20,22,2,0.000911,True
er_001689.txt,17,33,5,0.006439,True
er_001690.txt,15,43,6,0.015221,True
er_001691.txt,30,117,TIMEOUT,100,TIMEOUT
er_001692.txt,27,64,9,0.921675,True
er_001693.txt,11,11,1,0.000532,True
er_001694.txt,27,109,13,15.444796,True
er_001695.txt,14,32,5,0.003687,True
er_001696.txt,12,24,4,0.001571,True
er_001697.txt,13,29,5,0.002458,True
er_001698.txt,19,44,6,0.027289,True
er_001699.txt,21,67,9,0.121979,True
er_001700.txt,12,14,2,0.000679,True
er_001701.txt,27,92,11,4.358869,True
er_001702.txt,17,29,3,0.001832,True
er_001703.txt,27,56,7,0.211138,True
er_001704.txt,19,33,4,0.005205,True
er_001705.txt,30,77,10,12.386836,True
er_001706.txt,17,25,3,0.00145,True
er_001707.txt,21,48,7,0.064615,True
er_001708.txt,22,54,8,0.580152,True
er_001709.txt,14,30,4,0.005039,True
er_001710.txt,13,18,2,0.001196,True
er_001711.txt,28,62,9,3.307047,True
er_001712.txt,24,35,4,0.003453,True
er_001713.txt,24,47,6,0.016481,True
er_001714.txt,20,42,6,0.02197,True
er_001715.txt,25,72,9,2.998341,True
er_001716.txt,15,36,5,0.005017,True
er_001717.txt,17,25,3,0.001333,True
er_001718.txt,20,18,2,0.000741,True
er_001719.txt,17,30,5,0.004558,True
er_001720.txt,22,71,10,0.930906,True
er_001721.txt,19,43,6,0.006905,True
er_001722.txt,17,41,5,0.008136,True
er_001723.txt,19,38,6,0.013153,True
er_001724.txt,12,28,5,0.003177,True
er_001725.txt,19,42,7,0.058746,True
er_001726.txt,12,6,0,0.000467,True
er_001727.txt,28,48,6,0.048252,True
er_001728.txt,10,4,0,0.000311,True
er_001729.txt,27,129,14,3.366496,True
er_001730.txt,29,89,TIMEOUT,100,TIMEOUT
er_001731.txt,22,69,9,0.657549,True
er_001732.txt,10,22,3,0.001369,True
er_001733.txt,28,85,11,44.299922,True
er_001734.txt,17,30,4,0.005459,True
er_001735.txt,30,143,15,46.779728,True
er_001736.txt,27,64,8,0.198089,True
er_001737.txt,15,22,3,0.001109,True
er_001738.txt,23,61,7,0.229871,True
er_001739.txt,27,39,4,0.005842,True
er_001740.txt,30,139,TIMEOUT,100,TIMEOUT
er_001741.txt,11,27,4,0.001548,True
er_001742.txt,14,30,5,0.003572,True
er_001743.txt,12,19,3,0.001039,True
er_001744.txt,11,25,4,0.002102,True
er_001745.txt,13,26,5,0.002485,True
er_001746.txt,18,59,9,0.069528,True
er_001747.txt,24,40,5,0.007057,True
er_001748.txt,15,33,5,0.007151,True
er_001749.txt,14,31,4,0.003174,True
er_001750.txt,12,17,2,0.000916,True
er_001751.txt,27,104,13,55.528927,True
er_001752.txt,21,46,6,0.012669,True
er_001753.txt,20,42,6,0.104183,True
er_001754.txt,19,46,5,0.009451,True
er_001755.txt,20,56,8,0.053356,True
er_001756.txt,10,18,3,0.000998,True
er_001757.txt,12,15,2,0.000713,True
er_001758.txt,17,18,2,0.000814,True
er_001759.txt,20,72,9,0.241486,True
er_001760.txt,23,100,13,4.807232,True
er_001761.txt,25,78,10,1.331255,True
er_001762.txt,22,33,4,0.005609,True
er_001763.txt,13,18,3,0.000935,True
er_001764.txt,18,18,2,0.000809,True
er_001765.txt,10,15,2,0.000858,True
er_001766.txt,22,44,7,0.105758,True
er_001767.txt,21,31,5,0.005168,True
er_001768.txt,27,61,8,0.27397,True
er_001769.txt,18,44,6,0.020554,True
er_001770.txt,18,42,6,0.030126,True
er_001771.txt,11,9,1,0.000515,True
er_001772.txt,22,37,5,0.012471,True
er_001773.txt,28,151,17,55.557125,True
er_001774.txt,24,71,10,1.079731,True
er_001775.txt,24,37,4,0.005459,True
er_001776.txt,30,128,TIMEOUT,100,TIMEOUT
er_001777.txt,15,19,2,0.000718,True
er_001778.txt,12,21,3,0.001139,True
er_001779.txt,12,21,3,0.000769,True
er_001780.txt,23,28,3,0.001318,True
er_001781.txt,22,73,10,0.730509,True
er_001782.txt,27,99,13,20.384435,True
er_001783.txt,18,38,6,0.017662,True
er_001784.txt,30,101,TIMEOUT,100,TIMEOUT
er_001785.txt,24,110,12,2.697017,True
er_001786.txt,27,53,6,0.026481,True
er_001787.txt,29,71,10,20.65894,True
er_001788.txt,27,83,10,8.276758,True
er_001789.txt,17,40,6,0.012497,True
er_001790.txt,20,63,10,0.485192,True
er_001791.txt,25,101,12,28.343216,True
er_001792.txt,28,83,11,11.799823,True
er_001793.txt,12,7,0,0.00044,True
er_001794.txt,22,104,12,0.652742,True
er_001795.txt,12,13,1,0.00055,True
er_001796.txt,23,60,8,0.178492,True
er_001797.txt,29,67,8,1.122433,True
er_001798.txt,15,37,5,0.00612,True
er_001799.txt,25,66,10,4.110794,True
er_001800.txt,24,83,11,15.307077,True
er_001801.txt,28,133,TIMEOUT,100,TIMEOUT
er_001802.txt,28,123,TIMEOUT,100,TIMEOUT
er_001803.txt,30,65,9,3.534821,True
er_001804.txt,23,25,2,0.001342,True
er_001805.txt,29,121,TIMEOUT,100,TIMEOUT
er_001806.txt,17,13,1,0.000701,True
er_001807.txt,12,25,4,0.001651,True
er_001808.txt,26,85,11,3.964251,True
er_001809.txt,14,15,2,0.000628,True
er_001810.txt,29,64,8,2.358553,True
er_001811.txt,10,8,1,0.000414,True
er_001812.txt,16,19,2,0.001107,True
er_001813.txt,14,29,4,0.001537,True
er_001814.txt,25,58,8,0.24655,True
er_001815.txt,12,21,3,0.00143,True
er_001816.txt,26,126,15,15.49381,True
er_001817.txt,23,83,11,2.121635,True
er_001818.txt,19,34,5,0.005226,True
er_001819.txt,21,34,5,0.006122,True
er_001820.txt,26,97,13,8.075664,True
er_001821.txt,19,18,1,0.000705,True
er_001822.txt,15,24,4,0.001625,True
er_001823.txt,29,110,13,31.621081,True
er_001824.txt,20,27,4,0.001769,True
er_001825.txt,21,44,6,0.01899,True
er_001826.txt,29,166,16,22.573779,True
er_001827.txt,14,13,2,0.000678,True
er_001828.txt,27,87,10,0.695669,True
er_001829.txt,19,17,1,0.000839,True
er_001830.txt,26,99,12,8.031219,True
er_001831.txt,28,148,16,40.921537,True
er_001832.txt,16,37,6,0.030091,True
er_001833.txt,26,66,9,1.894499,True
er_001834.txt,26,47,7,0.077611,True
er_001835.txt,20,40,6,0.016045,True
er_001836.txt,19,43,7,0.049118,True
er_001837.txt,20,50,7,0.045823,True
er_001838.txt,13,22,3,0.000983,True
er_001839.txt,28,73,9,3.084377,True
er_001840.txt,12,16,2,0.000727,True
er_001841.txt,19,54,8,0.06922,True
er_001842.txt,13,32,5,0.002859,True
er_001843.txt,26,62,9,2.666109,True
er_001844.txt,21,60,9,1.176233,True
er_001845.txt,17,40,5,0.012537,True
er_001846.txt,26,88,11,6.814826,True
er_001847.txt,22,31,3,0.002336,True
er_001848.txt,24,47,5,0.013139,True
er_001849.txt,25,50,7,0.059109,True
er_001850.txt,25,38,5,0.008035,True
er_001851.txt,19,52,7,0.024615,True
er_001852.txt,20,40,6,0.031091,True
er_001853.txt,24,28,3,0.001393,True
er_001854.txt,22,76,10,3.114849,True
er_001855.txt,29,155,16,91.058661,True
er_001856.txt,10,9,1,0.000422,True
er_001857.txt,30,134,TIMEOUT,100,TIMEOUT
er_001858.txt,11,13,1,0.000539,True
er_001859.txt,21,80,11,0.696394,True
er_001860.txt,25,63,8,0.313264,True
er_001861.txt,14,26,4,0.001636,True
er_001862.txt,10,18,2,0.00079,True
er_001863.txt,13,23,3,0.001254,True
er_001865.txt,14,11,2,0.000572,True
er_001866.txt,25,118,14,7.050618,True
er_001867.txt,18,17,3,0.001206,True
er_001868.txt,16,15,2,0.000772,True
er_001869.txt,11,14,2,0.000648,True
er_001870.txt,11,16,3,0.000782,True
er_001871.txt,15,34,5,0.004334,True
er_001872.txt,25,67,9,0.990092,True
er_001873.txt,25,59,7,0.640818,True
er_001874.txt,10,15,3,0.000718,True
er_001875.txt,26,119,13,2.022433,True
er_001876.txt,27,76,10,4.62189,True
er_001877.txt,15,15,1,0.000704,True
er_001878.txt,14,13,2,0.000652,True
er_001879.txt,30,108,13,71.763132,True
er_001880.txt,25,107,13,12.731468,True
er_001881.txt,26,31,3,0.002497,True
er_001882.txt,28,53,7,0.233448,True
er_001883.txt,29,82,TIMEOUT,100,TIMEOUT
er_001884.txt,26,99,12,7.129199,True
er_001885.txt,18,37,6,0.01227,True
er_001886.txt,21,25,3,0.001272,True
er_001887.txt,26,56,6,0.034489,True
er_001888.txt,11,10,1,0.000468,True
er_001889.txt,27,68,9,0.547947,True
er_001890.txt,21,74,10,0.462891,True
er_001891.txt,22,70,10,1.51454,True
er_001892.txt,13,24,3,0.001453,True
er_001893.txt,29,53,6,0.149425,True
er_001894.txt,24,38,5,0.008294,True
er_001895.txt,17,53,8,0.039683,True
er_001896.txt,14,20,3,0.001067,True
er_001897.txt,16,43,6,0.015467,True
er_001898.txt,11,6,0,0.000529,True
er_001899.txt,22,41,6,0.046154,True
er_001900.txt,25,105,13,9.477091,True
er_001901.txt,12,26,4,0.001799,True
er_001902.txt,12,19,3,0.001032,True
er_001903.txt,25,113,13,12.610438,True
er_001904.txt,17,39,6,0.011089,True
er_001905.txt,19,60,9,0.266527,True
er_001906.txt,23,93,12,10.1292,True
er_001907.txt,14,27,4,0.001829,True
er_001908.txt,29,150,16,64.45097,True
er_001909.txt,16,13,1,0.000685,True
er_001910.txt,21,35,5,0.005207,True
er_001911.txt,17,48,6,0.013581,True
er_001912.txt,11,22,3,0.001014,True
er_001913.txt,18,41,5,0.013484,True
er_001914.txt,12,8,0,0.000465,True
er_001915.txt,25,81,10,0.732458,True
er_001916.txt,25,65,9,1.077868,True
er_001917.txt,23,65,9,0.431486,True
er_001918.txt,16,39,6,0.013429,True
er_001919.txt,10,20,4,0.001588,True
er_001920.txt,16,50,7,0.014373,True
er_001921.txt,28,65,8,0.149329,True
er_001922.txt,27,127,14,9.028543,True
er_001923.txt,27,38,5,0.015163,True
er_001924.txt,27,47,6,0.125544,True
er_001925.txt,19,70,10,0.372938,True
er_001926.txt,11,20,3,0.000986,True
er_001927.txt,20,34,4,0.002743,True
er_001928.txt,19,22,3,0.001056,True
er_001929.txt,16,48,7,0.021974,True
er_001930.txt,24,48,7,0.084399,True
er_001931.txt,15,20,3,0.001292,True
er_001932.txt,12,19,2,0.000873,True
er_001933.txt,15,36,5,0.004358,True
er_001934.txt,16,51,7,0.021535,True
er_001935.txt,24,47,6,0.0345,True
er_001936.txt,11,25,4,0.001359,True
er_001937.txt,25,97,12,1.618732,True
er_001938.txt,25,83,11,3.016611,True
er_001939.txt,20,39,6,0.024641,True
er_001940.txt,30,83,11,15.688041,True
er_001941.txt,18,21,3,0.000986,True
er_001942.txt,28,86,11,9.296097,True
er_001943.txt,20,38,5,0.004215,True
er_001944.txt,30,116,13,22.038689,True
er_001945.txt,26,109,13,54.343146,True
er_001946.txt,25,41,4,0.012199,True
er_001947.txt,22,89,11,0.491691,True
er_001948.txt,29,162,17,40.335722,True
er_001949.txt,27,49,7,0.058817,True
er_001950.txt,14,22,3,0.000955,True
er_001951.txt,16,17,2,0.000814,True
er_001952.txt,30,126,15,74.157594,True
er_001953.txt,28,127,15,54.230926,True
er_001954.txt,20,36,5,0.011942,True
er_001955.txt,12,5,0,0.000489,True
er_001956.txt,26,84,10,12.530637,True
er_001957.txt,11,16,3,0.000842,True
er_001958.txt,18,32,5,0.003627,True
er_001959.txt,21,56,8,0.135987,True
er_001960.txt,19,54,8,0.066633,True
er_001961.txt,15,14,2,0.000685,True
er_001962.txt,21,58,9,0.303406,True
er_001963.txt,22,24,1,0.001091,True
er_001964.txt,28,88,TIMEOUT,100,TIMEOUT
er_001965.txt,24,53,7,0.222341,True
er_001966.txt,11,13,2,0.000655,True
er_001967.txt,28,62,8,0.239417,True
er_001968.txt,19,64,9,0.185784,True
er_001969.txt,30,114,13,16.669675,True
er_001970.txt,26,88,11,16.055305,True
er_001971.txt,12,15,2,0.000762,True
er_001972.txt,15,24,3,0.001435,True
er_001973.txt,26,61,7,0.868539,True
er_001974.txt,22,84,11,2.759765,True
er_001975.txt,28,56,7,0.147164,True
er_001976.txt,27,64,9,9.648168,True
er_001977.txt,24,70,9,1.63947,True
er_001978.txt,22,30,3,0.002458,True
er_001979.txt,25,78,11,11.818339,True
er_001980.txt,11,16,3,0.000856,True
er_001981.txt,17,31,4,0.005193,True
er_001982.txt,23,53,7,0.58384,True
er_001983.txt,16,19,1,0.00074,True
er_001984.txt,13,14,1,0.000626,True
er_001985.txt,15,27,4,0.001952,True
er_001986.txt,22,85,11,1.934763,True
er_001987.txt,26,126,14,6.437501,True
er_001988.txt,22,33,4,0.006433,True
er_001989.txt,30,148,TIMEOUT,100,TIMEOUT
er_001990.txt,11,6,0,0.000401,True
er_001991.txt,11,18,3,0.000811,True
er_001992.txt,10,4,0,0.000312,True
er_001993.txt,15,44,6,0.003832,True
er_001994.txt,22,21,1,0.002048,True
er_001995.txt,19,71,10,0.676514,True
er_001996.txt,24,51,7,0.222761,True
er_001997.txt,23,23,2,0.001007,True
er_001998.txt,30,41,4,0.006574,True
er_001999.txt,12,22,3,0.00097,True
real_000000.txt,17,71,7,0.006767,True
real_000001.txt,25,46,10,0.696391,True
real_000002.txt,31,71,6,0.034835,True
real_000003.txt,15,25,3,0.00098,True
real_000004.txt,31,77,7,0.045583,True
real_000005.txt,14,24,5,0.002155,True
real_000006.txt,15,20,2,0.000953,True
real_000007.txt,25,62,7,0.089634,True
real_000008.txt,13,14,1,0.000561,True
real_000009.txt,17,58,6,0.005105,True
real_000010.txt,16,28,6,0.004972,True
real_000011.txt,15,20,2,0.000943,True
real_000012.txt,24,34,1,0.001976,True
real_000013.txt,11,32,4,0.001184,True
real_000014.txt,21,46,4,0.012157,True
real_000015.txt,31,50,6,0.027085,True
real_000016.txt,28,52,8,0.172929,True
real_000017.txt,30,86,14,3.707796,True
real_000018.txt,17,33,6,0.013685,True
real_000019.txt,13,14,1,0.00068,True
real_000020.txt,20,36,6,0.014722,True
real_000021.txt,10,17,4,0.001098,True
real_000022.txt,13,14,1,0.000656,True
real_000023.txt,12,19,4,0.001358,True
real_000024.txt,23,52,9,0.480816,True
real_000025.txt,13,23,4,0.001985,True
real_000026.txt,16,33,3,0.001313,True
real_000027.txt,15,20,2,0.000949,True
real_000028.txt,13,16,3,0.000804,True
real_000029.txt,32,466,TIMEOUT,100,TIMEOUT
real_000030.txt,31,86,10,1.842758,True
real_000031.txt,13,14,1,0.000683,True
real_000032.txt,23,51,8,0.081388,True
real_000033.txt,22,46,4,0.002825,True
real_000034.txt,11,18,2,0.000988,True
real_000035.txt,17,25,3,0.001186,True
real_000036.txt,10,10,1,0.000528,True
real_000037.txt,17,37,6,0.008595,True
real_000038.txt,14,24,3,0.000751,True
real_000039.txt,19,37,2,0.002054,True
real_000040.txt,35,78,14,56.012157,True
real_000041.txt,17,19,2,0.000705,True
real_000042.txt,13,14,1,0.000677,True
real_000043.txt,26,38,2,0.002046,True
real_000044.txt,11,18,4,0.001202,True
real_000045.txt,27,50,6,0.019506,True
real_000046.txt,14,22,4,0.002316,True
real_000047.txt,10,17,2,0.001013,True
real_000048.txt,10,10,1,0.000472,True
real_000049.txt,15,16,1,0.000823,True
real_000050.txt,23,62,7,0.014317,True
real_000051.txt,10,14,2,0.00069,True
real_000052.txt,19,28,3,0.001974,True
real_000053.txt,12,13,1,0.000624,True
real_000054.txt,33,69,9,0.356906,True
real_000055.txt,16,42,6,0.008374,True
real_000056.txt,25,114,9,0.039671,True
real_000057.txt,29,112,9,0.053028,True
real_000058.txt,12,22,3,0.001345,True
real_000059.txt,23,51,8,0.083295,True
real_000060.txt,28,76,8,0.221528,True
real_000061.txt,10,17,4,0.001196,True
real_000062.txt,11,21,3,0.001261,True
real_000063.txt,13,24,5,0.00251,True
real_000064.txt,13,14,1,0.000643,True
real_000065.txt,14,28,5,0.002529,True
real_000066.txt,21,50,7,0.005357,True
real_000067.txt,23,51,8,0.08475,True
real_000068.txt,32,73,6,0.034941,True
real_000069.txt,27,46,9,0.271158,True
real_000070.txt,15,20,2,0.000955,True
real_000071.txt,10,13,2,0.000589,True
real_000072.txt,10,9,0,0.000478,True
real_000073.txt,35,88,5,0.02175,True
real_000074.txt,22,53,7,0.011347,True
real_000075.txt,13,27,4,0.002888,True
real_000076.txt,35,393,TIMEOUT,100,TIMEOUT
real_000077.txt,13,14,1,0.000697,True
real_000078.txt,16,23,1,0.000842,True
real_000079.txt,29,46,2,0.001811,True
real_000080.txt,26,64,6,0.025109,True
real_000081.txt,17,28,5,0.002708,True
real_000082.txt,12,30,5,0.001441,True
real_000083.txt,11,17,3,0.000768,True
real_000084.txt,15,25,5,0.002335,True
real_000085.txt,10,17,4,0.001189,True
real_000086.txt,29,42,4,0.004748,True
real_000087.txt,25,46,5,0.003661,True
real_000088.txt,23,118,10,0.028992,True
real_000089.txt,23,53,6,0.005149,True
real_000090.txt,11,12,1,0.000568,True
real_000091.txt,15,20,2,0.000967,True
real_000092.txt,13,21,2,0.000852,True
real_000093.txt,10,16,3,0.000753,True
real_000094.txt,14,17,2,0.000749,True
real_000095.txt,13,14,1,0.000635,True
real_000096.txt,22,143,11,0.050131,True
real_000097.txt,13,14,1,0.000696,True
real_000098.txt,17,31,7,0.010882,True
real_000099.txt,13,14,1,0.000632,True
real_000100.txt,23,51,8,0.084975,True
real_000101.txt,10,14,2,0.000683,True
real_000102.txt,27,46,9,0.270415,True
real_000103.txt,22,47,3,0.002858,True
real_000104.txt,10,17,4,0.001132,True
real_000105.txt,15,30,5,0.003549,True
real_000106.txt,18,59,10,0.03104,True
real_000107.txt,19,41,5,0.003492,True
real_000108.txt,10,17,4,0.001435,True
real_000109.txt,32,89,11,1.973881,True
real_000110.txt,15,20,2,0.000964,True
real_000111.txt,10,17,4,0.001147,True
real_000112.txt,22,48,5,0.004426,True
real_000113.txt,32,78,8,0.061161,True
real_000114.txt,15,16,1,0.000652,True
real_000115.txt,17,35,7,0.018418,True
real_000116.txt,13,14,1,0.000634,True
real_000117.txt,16,29,6,0.006033,True
real_000118.txt,22,53,8,0.024935,True
real_000119.txt,13,14,1,0.000676,True
real_000120.txt,20,31,5,0.004101,True
real_000121.txt,26,103,11,0.031157,True
real_000122.txt,14,21,4,0.00157,True
real_000123.txt,10,26,4,0.001116,True
real_000124.txt,23,51,8,0.084017,True
real_000125.txt,15,20,2,0.001003,True
real_000126.txt,21,37,8,0.060192,True
real_000127.txt,30,53,5,0.023879,True
real_000128.txt,17,19,2,0.000707,True
real_000129.txt,25,46,10,0.696147,True
real_000130.txt,11,14,2,0.000602,True
real_000131.txt,32,135,13,1.148818,True
real_000132.txt,13,14,1,0.000634,True
real_000133.txt,10,17,4,0.001169,True
real_000134.txt,15,20,2,0.001015,True
real_000135.txt,18,41,7,0.007966,True
real_000136.txt,17,35,4,0.001954,True
real_000137.txt,13,14,1,0.000643,True
real_000138.txt,10,13,3,0.000731,True
real_000139.txt,15,81,11,0.012077,True
real_000140.txt,24,53,6,0.01125,True
real_000141.txt,17,19,2,0.000735,True
real_000142.txt,13,14,1,0.000675,True
real_000143.txt,25,48,6,0.011249,True
real_000144.txt,18,66,6,0.003711,True
real_000145.txt,23,84,10,0.10037,True
real_000146.txt,13,14,1,0.000909,True
real_000147.txt,29,75,10,0.036863,True
real_000148.txt,26,48,8,0.227047,True
real_000149.txt,11,18,2,0.000751,True
real_000150.txt,21,37,5,0.007618,True
real_000151.txt,27,59,10,0.997291,True
real_000152.txt,10,18,4,0.001196,True
real_000153.txt,15,23,4,0.001621,True
real_000154.txt,34,236,17,7.341977,True
real_000155.txt,33,117,16,0.857,True
real_000156.txt,15,22,1,0.000863,True
real_000157.txt,13,14,1,0.00077,True
real_000158.txt,26,47,3,0.00266,True
real_000159.txt,10,17,4,0.001195,True
real_000160.txt,27,46,9,0.267542,True
real_000161.txt,17,35,4,0.002179,True
real_000162.txt,15,20,2,0.001038,True
real_000163.txt,10,17,4,0.001193,True
real_000164.txt,11,22,3,0.001471,True
real_000165.txt,12,21,4,0.001039,True
real_000166.txt,20,32,5,0.006018,True
real_000167.txt,13,14,1,0.000657,True
real_000168.txt,32,70,12,9.816966,True
real_000169.txt,16,60,8,0.006889,True
real_000170.txt,28,103,11,0.10734,True
real_000171.txt,17,29,5,0.003184,True
real_000172.txt,10,17,4,0.00113,True
real_000173.txt,14,21,3,0.001056,True
real_000174.txt,17,34,6,0.007138,True
real_000175.txt,13,14,1,0.000698,True
real_000176.txt,27,46,9,0.307168,True
real_000177.txt,23,51,8,0.083747,True
real_000178.txt,15,20,2,0.001008,True
real_000179.txt,30,69,7,0.06256,True
real_000180.txt,32,89,11,2.003354,True
real_000181.txt,30,87,8,0.087619,True
real_000182.txt,27,46,9,0.274642,True
real_000183.txt,15,24,3,0.001211,True
real_000184.txt,23,101,10,0.094161,True
real_000185.txt,25,46,10,0.70085,True
real_000186.txt,32,89,11,1.972869,True
real_000187.txt,18,32,4,0.001645,True
real_000188.txt,15,28,6,0.005636,True
real_000189.txt,22,49,8,0.198516,True
real_000190.txt,14,38,6,0.003239,True
real_000191.txt,16,29,3,0.001445,True
real_000192.txt,18,54,7,0.01002,True
real_000193.txt,16,26,2,0.001169,True
real_000194.txt,16,26,4,0.001914,True
real_000195.txt,23,51,8,0.081063,True
real_000196.txt,10,17,4,0.001099,True
real_000197.txt,11,18,4,0.001144,True
real_000198.txt,14,31,6,0.008943,True
real_000199.txt,13,14,1,0.000665,True
real_000200.txt,22,29,3,0.003639,True
real_000201.txt,32,89,11,1.953803,True
real_000202.txt,15,51,7,0.004909,True
real_000203.txt,18,27,2,0.001085,True
real_000204.txt,23,51,8,0.081118,True
real_000205.txt,12,22,3,0.001083,True
real_000206.txt,11,18,3,0.001246,True
real_000207.txt,29,125,10,0.130093,True
real_000208.txt,18,51,5,0.006624,True
real_000209.txt,13,14,1,0.000701,True
real_000210.txt,11,12,1,0.000594,True
real_000211.txt,23,51,8,0.081208,True
real_000212.txt,15,19,3,0.001298,True
real_000213.txt,34,76,11,0.288738,True
real_000214.txt,15,20,2,0.000948,True
real_000215.txt,25,57,8,0.135842,True
real_000216.txt,26,63,6,0.011037,True
real_000217.txt,13,14,1,0.000646,True
real_000218.txt,18,36,4,0.001602,True
real_000219.txt,13,14,1,0.000856,True
real_000220.txt,31,123,16,2.200444,True
real_000221.txt,12,19,3,0.001286,True
real_000222.txt,23,41,9,0.206311,True
real_000223.txt,17,29,4,0.002207,True
real_000224.txt,24,65,9,0.060954,True
real_000225.txt,32,74,7,0.082147,True
real_000226.txt,15,27,4,0.002441,True
real_000227.txt,19,22,3,0.001161,True
real_000228.txt,13,14,1,0.000662,True
real_000229.txt,14,25,3,0.001416,True
real_000230.txt,30,55,7,0.042076,True
real_000231.txt,15,37,5,0.003122,True
real_000232.txt,15,28,3,0.001255,True
real_000233.txt,28,130,14,0.464183,True
real_000234.txt,13,21,3,0.001048,True
real_000235.txt,10,17,4,0.001151,True
real_000236.txt,13,14,1,0.000632,True
real_000237.txt,20,30,4,0.002638,True
real_000238.txt,34,82,8,0.046521,True
real_000239.txt,10,17,4,0.001097,True
real_000240.txt,28,71,7,0.045293,True
real_000241.txt,19,86,10,0.022444,True
real_000242.txt,30,55,9,0.247388,True
real_000243.txt,12,18,3,0.000913,True
real_000244.txt,17,19,2,0.000726,True
real_000245.txt,23,33,2,0.001547,True
real_000246.txt,27,45,5,0.005916,True
real_000247.txt,18,30,4,0.002444,True
real_000248.txt,25,46,10,0.685171,True
real_000249.txt,19,58,6,0.005661,True
real_000250.txt,15,20,2,0.000915,True
real_000251.txt,27,63,5,0.021591,True
real_000252.txt,27,59,10,0.97722,True
real_000253.txt,27,97,12,0.233702,True
real_000254.txt,23,41,6,0.019581,True
real_000255.txt,32,89,11,1.962342,True
real_000256.txt,16,56,7,0.006022,True
real_000257.txt,18,24,3,0.001109,True
real_000258.txt,13,14,1,0.000663,True
real_000259.txt,17,39,5,0.003034,True
real_000260.txt,10,17,4,0.001108,True
real_000261.txt,25,46,10,0.687774,True
real_000262.txt,16,26,4,0.001784,True
real_000263.txt,10,17,4,0.001153,True
real_000264.txt,20,35,5,0.004075,True
real_000265.txt,27,45,3,0.00568,True
real_000266.txt,22,48,8,0.097337,True
real_000267.txt,19,78,9,0.037924,True
real_000268.txt,15,17,2,0.00064,True
real_000269.txt,35,104,11,0.248906,True
real_000270.txt,20,31,5,0.003761,True
real_000271.txt,17,19,2,0.00075,True
real_000272.txt,19,59,7,0.024246,True
real_000273.txt,27,53,7,0.012702,True
real_000274.txt,14,25,3,0.001424,True
real_000275.txt,23,47,5,0.004727,True
real_000276.txt,30,168,17,0.985069,True
real_000277.txt,13,14,1,0.000702,True
real_000278.txt,10,27,4,0.00093,True
real_000279.txt,15,20,2,0.000998,True
real_000280.txt,12,26,5,0.002071,True
real_000281.txt,24,40,8,0.079821,True
real_000282.txt,32,75,7,0.132646,True
real_000283.txt,10,12,2,0.000582,True
real_000284.txt,23,51,8,0.082239,True
real_000285.txt,28,136,10,0.07578,True
real_000286.txt,28,63,7,0.02416,True
real_000287.txt,25,58,9,0.048736,True
real_000288.txt,13,21,4,0.00173,True
real_000289.txt,16,24,3,0.001207,True
real_000290.txt,27,55,11,1.786329,True
real_000291.txt,13,14,1,0.000637,True
real_000292.txt,12,27,4,0.001365,True
real_000293.txt,17,19,2,0.000717,True
real_000294.txt,20,32,6,0.006422,True
real_000295.txt,23,51,8,0.082397,True
real_000296.txt,26,49,8,0.056133,True
real_000297.txt,23,51,8,0.081475,True
real_000298.txt,27,65,6,0.061344,True
real_000299.txt,32,69,13,18.46683,True
real_000300.txt,17,19,2,0.000876,True
real_000301.txt,10,17,4,0.00109,True
real_000302.txt,26,60,8,0.093422,True
real_000303.txt,13,14,1,0.000642,True
real_000304.txt,13,22,2,0.000959,True
real_000305.txt,15,28,4,0.001348,True
real_000306.txt,29,53,7,0.02529,True
real_000307.txt,21,35,6,0.013411,True
real_000308.txt,17,35,7,0.020055,True
real_000309.txt,30,62,12,8.001421,True
real_000310.txt,11,34,5,0.001187,True
real_000311.txt,13,14,1,0.000682,True
real_000312.txt,23,46,7,0.021771,True
real_000313.txt,16,33,4,0.001594,True
real_000314.txt,30,53,9,0.557161,True
real_000315.txt,16,29,6,0.005706,True
real_000316.txt,16,29,6,0.005697,True
real_000317.txt,24,39,4,0.004309,True
real_000318.txt,25,46,10,0.678182,True
real_000319.txt,21,70,11,0.066642,True
real_000320.txt,26,84,11,0.024137,True
real_000321.txt,12,27,5,0.002974,True
real_000322.txt,23,51,8,0.082134,True
real_000323.txt,12,24,3,0.001118,True
real_000324.txt,35,73,7,0.017788,True
real_000325.txt,10,15,2,0.000697,True
real_000326.txt,16,49,7,0.005644,True
real_000327.txt,15,34,5,0.002251,True
real_000328.txt,23,51,8,0.082614,True
real_000329.txt,16,24,3,0.001062,True
real_000330.txt,23,53,6,0.010979,True
real_000331.txt,13,14,1,0.000712,True
real_000332.txt,16,37,5,0.002198,True
real_000333.txt,35,172,13,1.374192,True
real_000334.txt,17,19,2,0.000698,True
real_000335.txt,30,93,13,0.108252,True
real_000336.txt,24,43,7,0.068052,True
real_000337.txt,28,60,6,0.013766,True
real_000338.txt,24,135,12,0.080303,True
real_000339.txt,33,59,11,3.539666,True
real_000340.txt,15,20,2,0.000985,True
real_000341.txt,29,302,21,17.529585,True
real_000342.txt,23,51,8,0.081588,True
real_000343.txt,13,14,1,0.000658,True
real_000344.txt,13,14,1,0.000669,True
real_000345.txt,15,20,2,0.000952,True
real_000346.txt,16,29,2,0.003422,True
real_000347.txt,33,99,12,0.434207,True
real_000348.txt,23,76,10,0.027987,True
real_000349.txt,32,116,9,0.069941,True
real_000350.txt,18,33,7,0.019323,True
real_000351.txt,22,90,10,0.048044,True
real_000352.txt,10,38,6,0.001321,True
real_000353.txt,17,31,4,0.002388,True
real_000354.txt,32,146,16,2.129231,True
real_000355.txt,10,17,4,0.00111,True
real_000356.txt,15,20,2,0.000955,True
real_000357.txt,35,138,17,8.195167,True
real_000358.txt,15,20,2,0.000982,True
real_000359.txt,10,10,1,0.000469,True
real_000360.txt,15,30,5,0.004266,True
real_000361.txt,10,15,2,0.000683,True
real_000362.txt,13,14,1,0.00073,True
real_000363.txt,13,14,1,0.000633,True
real_000364.txt,10,17,4,0.001203,True
real_000365.txt,26,41,3,0.00144,True
real_000366.txt,16,28,6,0.004938,True
real_000367.txt,18,57,8,0.008648,True
real_000368.txt,20,65,6,0.004989,True
real_000369.txt,24,204,16,0.809258,True
real_000370.txt,10,16,4,0.001448,True
real_000371.txt,11,16,2,0.000633,True
real_000372.txt,30,85,11,3.090154,True
real_000373.txt,25,46,10,0.71115,True
real_000374.txt,10,17,4,0.001146,True
real_000375.txt,14,24,3,0.001459,True
real_000376.txt,19,42,6,0.004094,True
real_000377.txt,17,28,6,0.004872,True
real_000378.txt,23,43,7,0.012909,True
real_000379.txt,25,56,6,0.012293,True
real_000380.txt,13,25,4,0.001605,True
real_000381.txt,31,54,9,0.82207,True
real_000382.txt,31,80,9,0.074172,True
real_000383.txt,13,26,3,0.0011,True
real_000384.txt,23,51,8,0.083233,True
real_000385.txt,10,17,4,0.001096,True
real_000386.txt,23,38,7,0.037267,True
real_000387.txt,12,19,4,0.001423,True
real_000388.txt,13,25,2,0.001242,True
real_000389.txt,26,48,8,0.220917,True
real_000390.txt,12,28,4,0.001223,True
real_000391.txt,27,46,9,0.269679,True
real_000392.txt,26,190,19,3.589736,True
real_000393.txt,28,71,7,0.04332,True
real_000394.txt,13,14,1,0.000627,True
real_000395.txt,24,70,10,0.098934,True
real_000396.txt,13,14,1,0.000641,True
real_000397.txt,31,71,6,0.034822,True
real_000398.txt,16,35,3,0.001367,True
real_000399.txt,15,35,4,0.001393,True
real_000400.txt,13,14,1,0.000677,True
real_000401.txt,32,52,3,0.003066,True
real_000402.txt,17,19,2,0.000779,True
real_000403.txt,16,29,6,0.005735,True
real_000404.txt,10,17,4,0.001425,True
real_000405.txt,10,17,4,0.001146,True
real_000406.txt,33,91,8,0.09145,True
real_000407.txt,35,146,17,4.235576,True
real_000408.txt,17,19,2,0.00069,True
real_000409.txt,19,43,4,0.003098,True
real_000410.txt,23,62,10,0.220347,True
real_000411.txt,15,17,2,0.00069,True
real_000412.txt,13,14,1,0.000681,True
real_000413.txt,22,128,12,0.173355,True
real_000414.txt,28,57,11,3.723056,True
real_000415.txt,15,72,9,0.007514,True
real_000416.txt,35,136,15,3.014473,True
real_000417.txt,11,11,1,0.000529,True
real_000418.txt,10,17,4,0.001117,True
real_000419.txt,13,21,3,0.001066,True
real_000420.txt,24,54,7,0.015982,True
real_000421.txt,30,56,9,0.053911,True
real_000422.txt,30,41,4,0.007702,True
real_000423.txt,32,74,7,0.08646,True
real_000424.txt,10,10,1,0.000626,True
real_000425.txt,10,13,2,0.000586,True
real_000426.txt,19,34,5,0.00403,True
real_000427.txt,26,169,17,0.903725,True
real_000428.txt,23,51,8,0.08132,True
real_000429.txt,10,19,3,0.000869,True
real_000430.txt,13,14,1,0.00067,True
real_000431.txt,34,76,14,79.970355,True
real_000432.txt,29,62,4,0.004558,True
real_000433.txt,15,55,7,0.005233,True
real_000434.txt,23,51,8,0.082003,True
real_000435.txt,21,76,7,0.011391,True
real_000436.txt,12,62,8,0.003641,True
real_000437.txt,19,47,6,0.004282,True
real_000438.txt,25,28,2,0.001255,True
real_000439.txt,13,14,1,0.000682,True
real_000440.txt,25,79,11,0.253122,True
real_000441.txt,27,46,9,0.278481,True
real_000442.txt,31,53,3,0.002546,True
real_000443.txt,13,14,1,0.000905,True
real_000444.txt,27,46,9,0.268195,True
real_000445.txt,21,39,4,0.001938,True
real_000446.txt,22,51,7,0.011928,True
real_000447.txt,20,157,13,0.070441,True
real_000448.txt,13,14,1,0.000754,True
real_000449.txt,10,17,4,0.001179,True
real_000450.txt,13,14,1,0.000633,True
real_000451.txt,12,12,1,0.00071,True
real_000452.txt,18,56,7,0.009632,True
real_000453.txt,22,75,11,0.140288,True
real_000454.txt,18,30,3,0.001486,True
real_000455.txt,20,66,8,0.018661,True
real_000456.txt,13,14,1,0.000628,True
real_000457.txt,13,14,1,0.000669,True
real_000458.txt,35,152,20,9.891505,True
real_000459.txt,10,22,4,0.001061,True
real_000460.txt,13,14,1,0.000626,True
real_000461.txt,17,24,4,0.001558,True
real_000462.txt,10,17,4,0.001093,True
real_000463.txt,12,28,4,0.001232,True
real_000464.txt,11,25,5,0.001659,True
real_000465.txt,17,31,6,0.005563,True
real_000466.txt,22,39,5,0.006838,True
real_000467.txt,32,53,5,0.007978,True
real_000468.txt,11,12,1,0.000534,True
real_000469.txt,16,25,5,0.003135,True
real_000470.txt,26,77,10,0.15302,True
real_000471.txt,32,57,10,2.986028,True
real_000472.txt,11,22,4,0.00151,True
real_000473.txt,22,36,7,0.025682,True
real_000474.txt,13,14,1,0.000724,True
real_000475.txt,16,33,5,0.003511,True
real_000476.txt,16,31,5,0.002745,True
real_000477.txt,28,65,6,0.06455,True
real_000478.txt,31,154,13,5.047737,True
real_000479.txt,18,34,4,0.001686,True
real_000480.txt,27,57,9,0.201817,True
real_000481.txt,18,58,6,0.006292,True
real_000482.txt,31,136,15,1.05647,True
real_000483.txt,17,19,2,0.000699,True
real_000484.txt,28,73,8,0.033017,True
real_000485.txt,13,25,4,0.001212,True
real_000486.txt,24,49,6,0.009423,True
real_000487.txt,32,79,11,0.146179,True
real_000488.txt,23,57,6,0.016709,True
real_000489.txt,17,76,9,0.006656,True
real_000490.txt,13,14,1,0.000633,True
real_000491.txt,20,35,7,0.020476,True
real_000492.txt,18,59,8,0.006143,True
real_000493.txt,14,26,4,0.001673,True
real_000494.txt,30,56,8,0.075658,True
real_000495.txt,30,58,6,0.016643,True
real_000496.txt,26,43,4,0.004627,True
real_000497.txt,17,19,2,0.000706,True
real_000498.txt,32,89,11,1.9773,True
real_000499.txt,16,33,5,0.003515,True
real_000500.txt,23,37,7,0.040133,True
real_000501.txt,29,133,13,0.325171,True
real_000502.txt,18,29,5,0.002278,True
real_000503.txt,35,64,12,18.536846,True
real_000504.txt,18,28,3,0.001464,True
real_000505.txt,35,91,8,0.0409,True
real_000506.txt,15,31,6,0.005195,True
real_000507.txt,17,19,2,0.00071,True
real_000508.txt,27,46,9,0.276216,True
real_000509.txt,13,14,1,0.000695,True
real_000510.txt,13,14,1,0.000719,True
real_000511.txt,33,115,9,0.129445,True
real_000512.txt,22,40,9,0.203599,True
real_000513.txt,20,58,9,0.024497,True
real_000514.txt,15,23,4,0.001448,True
real_000515.txt,34,95,10,0.087815,True
real_000516.txt,15,20,2,0.001003,True
real_000517.txt,15,20,2,0.000982,True
real_000518.txt,13,14,1,0.000676,True
real_000519.txt,13,14,1,0.000639,True
real_000520.txt,17,37,6,0.008564,True
real_000521.txt,11,13,2,0.000615,True
real_000522.txt,14,17,1,0.000789,True
real_000523.txt,14,21,3,0.001293,True
real_000524.txt,29,61,11,2.07442,True
real_000525.txt,30,69,8,0.116102,True
real_000526.txt,34,78,7,0.103591,True
real_000527.txt,27,46,9,0.269144,True
real_000528.txt,13,14,1,0.000678,True
real_000529.txt,16,47,6,0.002027,True
real_000530.txt,10,21,3,0.000725,True
real_000531.txt,28,80,10,1.408324,True
real_000532.txt,13,14,1,0.000636,True
real_000533.txt,13,18,2,0.000941,True
real_000534.txt,25,46,10,0.682975,True
real_000535.txt,23,51,8,0.081181,True
real_000536.txt,13,14,1,0.000686,True
real_000537.txt,25,46,10,0.677782,True
real_000538.txt,26,45,7,0.080168,True
real_000539.txt,14,36,5,0.001843,True
real_000540.txt,20,36,4,0.002434,True
real_000541.txt,11,17,2,0.001282,True
real_000542.txt,18,29,5,0.003943,True
real_000543.txt,21,101,12,0.098094,True
real_000544.txt,35,135,14,0.576341,True
real_000545.txt,30,62,12,7.978101,True
real_000546.txt,19,43,6,0.0063,True
real_000547.txt,28,68,7,0.080398,True
real_000548.txt,25,46,10,0.689087,True
real_000549.txt,17,19,2,0.000681,True
real_000550.txt,16,34,5,0.002612,True
real_000551.txt,29,60,12,7.662877,True
real_000552.txt,16,33,5,0.003645,True
real_000553.txt,34,64,8,0.094,True
real_000554.txt,13,14,1,0.000688,True
real_000555.txt,27,46,9,0.268258,True
real_000556.txt,15,29,3,0.001211,True
real_000557.txt,17,19,2,0.00074,True
real_000558.txt,10,17,4,0.001105,True
real_000559.txt,14,47,5,0.002162,True
real_000560.txt,17,19,2,0.000704,True
real_000561.txt,10,15,2,0.000741,True
real_000562.txt,17,19,2,0.000711,True
real_000563.txt,34,78,7,0.105096,True
real_000564.txt,23,51,8,0.081633,True
real_000565.txt,27,170,19,8.050513,True
real_000566.txt,22,37,4,0.003505,True
real_000567.txt,10,17,4,0.001111,True
real_000568.txt,10,17,4,0.001104,True
real_000569.txt,25,46,10,0.682962,True
real_000570.txt,20,42,7,0.038918,True
real_000571.txt,25,46,10,0.681459,True
real_000572.txt,25,46,10,0.68218,True
real_000573.txt,30,332,22,36.667776,True
real_000574.txt,24,36,4,0.003612,True
real_000575.txt,13,14,1,0.000597,True
real_000576.txt,13,14,1,0.000661,True
real_000577.txt,28,174,17,1.129638,True
real_000578.txt,22,28,1,0.026059,True
real_000579.txt,18,39,4,0.002095,True
real_000580.txt,10,17,4,0.001221,True
real_000581.txt,29,56,6,0.047022,True
real_000582.txt,18,33,3,0.001405,True
real_000583.txt,22,62,9,0.04877,True
real_000584.txt,13,24,2,0.001109,True
real_000585.txt,32,89,11,1.964509,True
real_000586.txt,27,46,9,0.269303,True
real_000587.txt,16,32,2,0.001643,True
real_000588.txt,34,87,12,2.808359,True
real_000589.txt,25,55,4,0.005682,True
real_000590.txt,10,16,3,0.000952,True
real_000591.txt,25,46,10,0.695169,True
real_000592.txt,33,113,17,6.515661,True
real_000593.txt,12,20,4,0.001433,True
real_000594.txt,22,66,11,0.140851,True
real_000595.txt,27,41,5,0.005805,True
real_000596.txt,27,56,7,0.017318,True
real_000597.txt,30,48,5,0.010248,True
real_000598.txt,31,66,11,0.261572,True
real_000599.txt,23,51,8,0.081836,True
real_000600.txt,15,40,8,0.00581,True
real_000601.txt,11,18,3,0.000906,True
real_000602.txt,12,25,4,0.001744,True
real_000603.txt,23,51,8,0.082068,True
real_000604.txt,13,14,1,0.000628,True
real_000605.txt,10,10,1,0.000519,True
real_000606.txt,13,14,1,0.000678,True
real_000607.txt,32,255,20,12.338449,True
real_000608.txt,12,12,1,0.000574,True
real_000609.txt,12,21,5,0.002164,True
real_000610.txt,10,16,3,0.000789,True
real_000611.txt,30,134,15,0.790998,True
real_000612.txt,16,28,3,0.001576,True
real_000613.txt,27,98,10,0.068612,True
real_000614.txt,33,74,9,0.114757,True
real_000615.txt,14,23,2,0.00116,True
real_000616.txt,34,118,9,0.196842,True
real_000617.txt,10,11,1,0.000553,True
real_000618.txt,25,46,10,0.683896,True
real_000619.txt,10,16,3,0.000943,True
real_000620.txt,22,37,7,0.035504,True
real_000621.txt,15,20,2,0.000999,True
real_000622.txt,28,65,7,0.058664,True
real_000623.txt,14,27,4,0.002454,True
real_000624.txt,24,45,6,0.011542,True
real_000625.txt,15,60,8,0.012629,True
real_000626.txt,13,14,1,0.000694,True
real_000627.txt,13,14,1,0.000622,True
real_000628.txt,13,14,1,0.000697,True
real_000629.txt,22,48,4,0.016988,True
real_000630.txt,12,22,3,0.001468,True
real_000631.txt,23,61,7,0.020159,True
real_000632.txt,13,14,1,0.000671,True
real_000633.txt,17,31,7,0.011501,True
real_000634.txt,29,54,8,0.183589,True
real_000635.txt,22,61,6,0.006472,True
real_000636.txt,19,33,2,0.001769,True
real_000637.txt,16,17,1,0.001465,True
real_000638.txt,32,67,9,0.115335,True
real_000639.txt,21,66,9,0.032915,True
real_000640.txt,27,74,9,0.381614,True
real_000641.txt,11,26,5,0.001048,True
real_000642.txt,23,51,8,0.081787,True
real_000643.txt,18,57,8,0.010138,True
real_000644.txt,16,18,2,0.000772,True
real_000645.txt,15,22,3,0.001106,True
real_000646.txt,13,14,1,0.000629,True
real_000647.txt,16,33,3,0.001646,True
real_000648.txt,10,10,1,0.000497,True
real_000649.txt,28,52,8,0.172036,True
real_000650.txt,20,51,7,0.005976,True
real_000651.txt,14,31,4,0.002549,True
real_000652.txt,11,18,2,0.000674,True
real_000653.txt,33,80,7,0.081518,True
real_000654.txt,13,14,1,0.000697,True
real_000655.txt,13,14,1,0.000688,True
real_000656.txt,27,39,4,0.004076,True
real_000657.txt,31,67,12,7.844945,True
real_000658.txt,14,19,2,0.000901,True
real_000659.txt,17,19,2,0.000707,True
real_000660.txt,32,139,13,1.113407,True
real_000661.txt,14,50,6,0.0026,True
real_000662.txt,13,14,1,0.00062,True
real_000663.txt,10,17,4,0.001141,True
real_000664.txt,13,18,2,0.000743,True
real_000665.txt,29,187,14,0.344547,True
real_000666.txt,21,39,4,0.002497,True
real_000667.txt,15,34,6,0.003635,True
real_000668.txt,14,63,8,0.005459,True
real_000669.txt,33,52,8,0.103267,True
real_000670.txt,26,72,10,0.226817,True
real_000671.txt,31,73,7,0.098868,True
real_000672.txt,17,19,2,0.000706,True
real_000673.txt,22,45,4,0.014178,True
real_000674.txt,13,14,1,0.000636,True
real_000675.txt,23,92,9,0.204341,True
real_000676.txt,23,38,7,0.039024,True
real_000677.txt,35,107,13,0.822606,True
real_000678.txt,10,16,4,0.001236,True
real_000679.txt,34,134,14,1.438177,True
real_000680.txt,10,17,4,0.001107,True
real_000681.txt,19,34,3,0.001823,True
real_000682.txt,17,19,2,0.000701,True
real_000683.txt,16,23,3,0.001289,True
real_000684.txt,12,18,1,0.001105,True
real_000685.txt,26,57,10,1.06059,True
real_000686.txt,10,15,2,0.000599,True
real_000687.txt,10,17,4,0.001618,True
real_000688.txt,17,19,2,0.000753,True
real_000689.txt,13,14,1,0.000625,True
real_000690.txt,20,42,4,0.004955,True
real_000691.txt,22,129,15,0.256234,True
real_000692.txt,25,112,9,0.071893,True
real_000693.txt,12,23,3,0.00102,True
real_000694.txt,10,36,5,0.001307,True
real_000695.txt,14,16,2,0.000615,True
real_000696.txt,23,51,8,0.082881,True
real_000697.txt,11,29,4,0.001285,True
real_000698.txt,29,84,11,0.042582,True
real_000699.txt,28,72,10,0.186576,True
real_000700.txt,20,63,9,0.007035,True
real_000701.txt,20,166,16,0.391304,True
real_000702.txt,27,46,9,0.266094,True
real_000703.txt,23,115,12,0.277997,True
real_000704.txt,10,10,1,0.000455,True
real_000705.txt,13,14,1,0.000636,True
real_000706.txt,24,77,7,0.027806,True
real_000707.txt,33,76,7,0.105138,True
real_000708.txt,32,48,3,0.004156,True
real_000709.txt,13,14,1,0.000695,True
real_000710.txt,10,17,4,0.001108,True
real_000711.txt,24,136,15,0.215174,True
real_000712.txt,13,14,1,0.000692,True
real_000713.txt,26,43,8,0.09258,True
real_000714.txt,18,35,6,0.005746,True
real_000715.txt,13,31,3,0.001411,True
real_000716.txt,16,34,6,0.014385,True
real_000717.txt,31,85,10,0.734946,True
real_000718.txt,22,48,8,0.096674,True
real_000719.txt,25,46,10,0.683246,True
real_000720.txt,29,54,7,0.052118,True
real_000721.txt,17,19,2,0.000705,True
real_000722.txt,17,19,2,0.000708,True
real_000723.txt,10,17,4,0.00111,True
real_000724.txt,25,46,10,0.700547,True
real_000725.txt,11,21,4,0.001791,True
real_000726.txt,17,28,6,0.004715,True
real_000727.txt,13,14,1,0.000711,True
real_000728.txt,24,43,9,0.261567,True
real_000729.txt,27,46,9,0.271561,True
real_000730.txt,10,15,4,0.001019,True
real_000731.txt,14,31,4,0.002739,True
real_000732.txt,12,22,4,0.001421,True
real_000733.txt,23,38,7,0.037392,True
real_000734.txt,14,24,4,0.001712,True
real_000735.txt,17,37,6,0.004332,True
real_000736.txt,32,153,15,1.337507,True
real_000737.txt,29,86,7,0.36059,True
real_000738.txt,13,14,1,0.000642,True
real_000739.txt,19,38,2,0.002277,True
real_000740.txt,10,14,2,0.00078,True
real_000741.txt,21,37,8,0.059525,True
real_000742.txt,12,42,6,0.001766,True
real_000743.txt,35,77,14,50.411445,True
real_000744.txt,22,48,8,0.09602,True
real_000745.txt,12,31,4,0.001566,True
real_000746.txt,18,26,4,0.001371,True
real_000747.txt,19,89,11,0.047633,True
real_000748.txt,31,66,7,0.024972,True
real_000749.txt,13,14,1,0.00068,True
real_000750.txt,17,19,2,0.000701,True
real_000751.txt,28,90,10,0.084525,True
real_000752.txt,34,62,8,0.078313,True
real_000753.txt,10,17,2,0.000826,True
real_000754.txt,27,50,8,0.209763,True
real_000755.txt,35,67,11,4.631225,True
real_000756.txt,19,40,7,0.021651,True
real_000757.txt,11,29,6,0.00199,True
real_000758.txt,26,60,12,1.064041,True
real_000759.txt,10,17,4,0.001122,True
real_000760.txt,18,30,3,0.001591,True
real_000761.txt,28,87,11,0.908695,True
real_000762.txt,10,17,3,0.000814,True
real_000763.txt,15,20,2,0.000923,True
real_000764.txt,33,66,6,0.035509,True
real_000765.txt,26,82,12,0.156637,True
real_000766.txt,33,206,14,0.356812,True
real_000767.txt,23,51,8,0.081074,True
real_000768.txt,25,46,5,0.007421,True
real_000769.txt,22,40,8,0.091737,True
real_000770.txt,24,39,7,0.032589,True
real_000771.txt,17,68,8,0.007157,True
real_000772.txt,24,73,7,0.05615,True
real_000773.txt,31,64,12,10.707903,True
real_000774.txt,21,55,7,0.081034,True
real_000775.txt,18,36,6,0.008628,True
real_000776.txt,17,19,2,0.000706,True
real_000777.txt,13,14,1,0.000653,True
real_000778.txt,11,11,1,0.000481,True
real_000779.txt,31,102,15,5.447435,True
real_000780.txt,12,21,3,0.000894,True
real_000781.txt,32,58,5,0.011149,True
real_000782.txt,13,14,1,0.000691,True
real_000783.txt,23,118,12,0.389615,True
real_000784.txt,22,25,1,0.001071,True
real_000785.txt,15,20,2,0.000937,True
real_000786.txt,16,22,2,0.001025,True
real_000787.txt,15,20,2,0.000923,True
real_000788.txt,20,74,9,0.007219,True
real_000789.txt,17,19,2,0.000703,True
real_000790.txt,15,51,8,0.005895,True
real_000791.txt,13,14,1,0.000647,True
real_000792.txt,35,58,5,0.01058,True
real_000793.txt,16,34,6,0.010133,True
real_000794.txt,34,111,16,11.545153,True
real_000795.txt,18,78,9,0.010078,True
real_000796.txt,25,74,6,0.010152,True
real_000797.txt,13,14,1,0.000764,True
real_000798.txt,26,142,15,0.259434,True
real_000799.txt,15,30,2,0.001391,True
real_000800.txt,20,32,6,0.010786,True
real_000801.txt,17,19,2,0.000772,True
real_000802.txt,11,17,1,0.000738,True
real_000803.txt,13,14,1,0.000657,True
real_000804.txt,22,38,3,0.002085,True
real_000805.txt,25,57,7,0.013798,True
real_000806.txt,10,17,4,0.00117,True
real_000807.txt,31,55,9,0.726638,True
real_000808.txt,20,33,6,0.011563,True
real_000809.txt,13,25,4,0.001548,True
real_000810.txt,10,16,3,0.000854,True
real_000811.txt,10,17,4,0.001158,True
real_000812.txt,33,53,5,0.009011,True
real_000813.txt,17,39,4,0.004167,True
real_000814.txt,17,19,2,0.000694,True
real_000815.txt,11,12,1,0.000478,True
real_000816.txt,32,48,4,0.005516,True
real_000817.txt,13,14,1,0.000681,True
real_000818.txt,15,26,4,0.001755,True
real_000819.txt,13,14,1,0.000626,True
real_000820.txt,17,34,5,0.003766,True
real_000821.txt,15,20,2,0.000996,True
real_000822.txt,23,51,8,0.081448,True
real_000823.txt,13,14,1,0.000655,True
real_000824.txt,17,19,2,0.000762,True
real_000825.txt,13,14,1,0.000788,True
real_000826.txt,13,24,4,0.001526,True
real_000827.txt,13,23,5,0.002633,True
real_000828.txt,27,55,11,2.558113,True
real_000829.txt,29,88,9,0.027358,True
real_000830.txt,20,43,5,0.004145,True
real_000831.txt,17,96,10,0.023432,True
real_000832.txt,13,14,1,0.000671,True
real_000833.txt,27,46,9,0.285184,True
real_000834.txt,25,55,9,0.424975,True
real_000835.txt,15,28,5,0.003405,True
real_000836.txt,27,46,9,0.273007,True
real_000837.txt,15,20,2,0.000992,True
real_000838.txt,23,51,8,0.081773,True
real_000839.txt,13,14,1,0.000767,True
real_000840.txt,29,50,8,0.140265,True
real_000841.txt,32,89,11,1.965356,True
real_000842.txt,17,19,2,0.000713,True
real_000843.txt,17,19,2,0.000741,True
real_000844.txt,12,17,1,0.000837,True
real_000845.txt,28,121,14,0.52383,True
real_000846.txt,12,37,6,0.003108,True
real_000847.txt,14,19,2,0.00079,True
real_000848.txt,27,134,18,3.490315,True
real_000849.txt,17,19,2,0.000698,True
real_000850.txt,15,20,2,0.001044,True
real_000851.txt,15,20,2,0.001057,True
real_000852.txt,24,43,7,0.087736,True
real_000853.txt,12,24,4,0.000885,True
real_000854.txt,19,38,3,0.002653,True
real_000855.txt,13,14,1,0.000627,True
real_000856.txt,13,14,1,0.000632,True
real_000857.txt,17,27,5,0.003358,True
real_000858.txt,27,56,11,2.432561,True
real_000859.txt,12,23,3,0.001559,True
real_000860.txt,34,160,13,0.467938,True
real_000861.txt,20,36,6,0.005961,True
real_000862.txt,15,74,9,0.006209,True
real_000863.txt,23,40,6,0.01197,True
real_000864.txt,13,14,1,0.000801,True
real_000865.txt,23,52,8,0.011088,True
real_000866.txt,15,20,2,0.000939,True
real_000867.txt,16,25,5,0.003069,True
real_000868.txt,28,192,15,0.516242,True
real_000869.txt,34,63,10,1.814034,True
real_000870.txt,19,31,3,0.00183,True
real_000871.txt,10,17,4,0.001147,True
real_000872.txt,25,57,6,0.013141,True
real_000873.txt,19,31,6,0.005898,True
real_000874.txt,30,111,16,4.181537,True
real_000875.txt,13,14,1,0.000638,True
real_000876.txt,34,73,13,40.047993,True
real_000877.txt,31,95,8,0.136902,True
real_000878.txt,24,57,6,0.019086,True
real_000879.txt,19,31,5,0.004235,True
real_000880.txt,10,19,3,0.000845,True
real_000881.txt,26,59,6,0.018093,True
real_000882.txt,11,19,4,0.001347,True
real_000883.txt,32,58,8,0.061212,True
real_000884.txt,29,48,5,0.003374,True
real_000885.txt,31,67,12,7.83647,True
real_000886.txt,27,46,9,0.267057,True
real_000887.txt,10,17,4,0.001094,True
real_000888.txt,17,19,2,0.000766,True
real_000889.txt,13,24,4,0.001477,True
real_000890.txt,10,10,1,0.000476,True
real_000891.txt,18,70,7,0.005097,True
real_000892.txt,13,14,1,0.000616,True
real_000893.txt,14,20,2,0.000957,True
real_000894.txt,13,14,1,0.000683,True
real_000895.txt,17,19,2,0.00071,True
real_000896.txt,34,227,14,1.565708,True
real_000897.txt,28,74,8,0.213971,True
real_000898.txt,34,74,14,37.510631,True
real_000899.txt,33,61,10,1.54137,True
real_000900.txt,13,14,1,0.000743,True
real_000901.txt,10,17,4,0.001148,True
real_000902.txt,25,46,10,0.67766,True
real_000903.txt,15,20,2,0.000994,True
real_000904.txt,12,23,4,0.001831,True
real_000905.txt,10,11,1,0.000483,True
real_000906.txt,15,20,1,0.000803,True
real_000907.txt,33,345,19,5.059993,True
real_000908.txt,21,37,6,0.01102,True
real_000909.txt,11,13,1,0.000512,True
real_000910.txt,22,40,8,0.091892,True
real_000911.txt,10,17,4,0.001181,True
real_000912.txt,18,31,5,0.004039,True
real_000913.txt,27,86,10,0.101378,True
real_000914.txt,11,22,3,0.000817,True
real_000915.txt,31,87,11,1.96622,True
real_000916.txt,26,57,7,0.016925,True
real_000917.txt,15,20,2,0.001001,True
real_000918.txt,10,17,4,0.001112,True
real_000919.txt,11,24,4,0.001179,True
real_000920.txt,33,76,7,0.083015,True
real_000921.txt,13,36,6,0.003284,True
real_000922.txt,12,16,2,0.000653,True
real_000923.txt,19,55,8,0.007796,True
real_000924.txt,30,108,10,0.574759,True
real_000925.txt,32,268,21,18.024163,True
real_000927.txt,32,49,6,0.034546,True
real_000928.txt,29,63,5,0.008567,True
real_000929.txt,24,58,5,0.019179,True
real_000930.txt,15,27,5,0.002814,True
real_000931.txt,23,38,6,0.007118,True
real_000932.txt,13,14,1,0.000661,True
real_000933.txt,24,55,6,0.011083,True
real_000934.txt,13,14,1,0.000644,True
real_000935.txt,19,32,3,0.002338,True
real_000936.txt,29,80,7,0.122856,True
real_000937.txt,19,75,9,0.016592,True
real_000938.txt,33,77,9,0.108566,True
real_000939.txt,12,13,1,0.000575,True
real_000940.txt,21,34,7,0.016952,True
real_000941.txt,14,30,5,0.001167,True
real_000942.txt,26,47,5,0.005687,True
real_000943.txt,23,141,12,0.133504,True
real_000944.txt,35,174,16,2.675006,True
real_000945.txt,13,21,4,0.001331,True
real_000946.txt,15,20,2,0.00096,True
real_000947.txt,28,75,6,0.010355,True
real_000948.txt,15,46,6,0.002762,True
real_000949.txt,19,41,8,0.01172,True
real_000950.txt,21,37,4,0.002282,True
real_000951.txt,29,59,11,1.69799,True
real_000952.txt,20,36,4,0.003111,True
real_000953.txt,30,61,10,1.26027,True
real_000954.txt,13,45,6,0.002908,True
real_000955.txt,35,275,TIMEOUT,100,TIMEOUT
real_000956.txt,15,20,2,0.00104,True
real_000957.txt,15,20,2,0.000936,True
real_000958.txt,17,39,5,0.003309,True
real_000959.txt,31,66,9,0.684516,True
real_000960.txt,11,46,8,0.00255,True
real_000961.txt,33,72,6,0.049928,True
real_000962.txt,29,74,11,0.303434,True
real_000963.txt,27,67,7,0.048967,True
real_000964.txt,20,65,9,0.008086,True
real_000965.txt,16,26,3,0.001422,True
real_000966.txt,13,14,1,0.000982,True
real_000967.txt,13,14,1,0.000647,True
real_000968.txt,27,46,9,0.279601,True
real_000969.txt,25,46,10,0.682622,True
real_000970.txt,22,34,3,0.002221,True
real_000971.txt,29,80,10,1.165514,True
real_000972.txt,10,17,3,0.000961,True
real_000973.txt,19,49,8,0.040881,True
real_000974.txt,10,17,4,0.001109,True
real_000975.txt,10,15,3,0.000858,True
real_000976.txt,15,76,8,0.005608,True
real_000977.txt,13,14,1,0.000676,True
real_000978.txt,27,59,10,0.986294,True
real_000979.txt,16,23,3,0.00088,True
real_000980.txt,10,17,4,0.00107,True
real_000981.txt,13,14,1,0.000618,True
real_000982.txt,25,51,5,0.003567,True
real_000983.txt,27,141,15,2.279239,True
real_000984.txt,30,96,8,0.043105,True
real_000985.txt,23,51,8,0.081937,True
real_000986.txt,12,32,6,0.001365,True
real_000987.txt,23,41,8,0.073684,True
real_000988.txt,21,47,8,0.123514,True
real_000989.txt,13,14,1,0.000667,True
real_000990.txt,19,29,6,0.006373,True
real_000991.txt,17,19,2,0.000709,True
real_000992.txt,23,51,8,0.085325,True
real_000993.txt,24,60,6,0.018571,True
real_000994.txt,31,75,9,0.172895,True
real_000995.txt,34,96,6,0.028748,True
real_000996.txt,15,105,13,0.044092,True
real_000997.txt,13,14,1,0.000795,True
real_000998.txt,10,17,4,0.001113,True
real_000999.txt,11,24,4,0.001382,True
real_001000.txt,25,46,10,0.730171,True
real_001001.txt,18,71,7,0.008301,True
real_001002.txt,14,25,5,0.00219,True
real_001003.txt,15,20,2,0.00093,True
real_001004.txt,24,57,6,0.037885,True
real_001005.txt,12,21,3,0.00094,True
real_001006.txt,32,89,11,1.973351,True
real_001007.txt,27,59,10,0.988477,True
real_001008.txt,18,29,5,0.004527,True
real_001009.txt,24,46,8,0.224905,True
real_001010.txt,13,14,1,0.000633,True
real_001011.txt,20,64,5,0.004086,True
real_001012.txt,13,14,1,0.00057,True
real_001013.txt,32,159,14,0.418251,True
real_001014.txt,23,103,10,0.077413,True
real_001015.txt,11,14,2,0.00067,True
real_001016.txt,27,118,14,1.282436,True
real_001017.txt,26,57,10,1.040286,True
real_001018.txt,10,17,4,0.001106,True
real_001019.txt,15,20,2,0.001011,True
real_001020.txt,24,73,11,0.10263,True
real_001021.txt,15,20,2,0.001109,True
real_001022.txt,18,30,6,0.006446,True
real_001023.txt,13,18,2,0.000971,True
real_001024.txt,25,56,5,0.00864,True
real_001025.txt,23,51,8,0.083097,True
real_001026.txt,10,20,4,0.001237,True
real_001027.txt,34,185,19,4.30424,True
real_001028.txt,13,14,1,0.000741,True
real_001029.txt,26,51,6,0.063203,True
real_001030.txt,32,89,11,1.982429,True
real_001031.txt,25,46,10,0.69027,True
real_001032.txt,30,65,12,8.865626,True
real_001033.txt,16,41,5,0.005708,True
real_001034.txt,24,36,4,0.003269,True
real_001035.txt,32,89,11,1.988492,True
real_001036.txt,13,14,1,0.000868,True
real_001037.txt,17,28,6,0.004663,True
real_001038.txt,13,14,1,0.000652,True
real_001039.txt,17,58,7,0.008027,True
real_001040.txt,24,39,7,0.032605,True
real_001041.txt,29,68,7,0.057231,True
real_001042.txt,23,50,7,0.043684,True
real_001043.txt,34,78,7,0.102501,True
real_001044.txt,20,131,11,0.032668,True
real_001045.txt,15,20,2,0.001007,True
real_001046.txt,18,45,5,0.003463,True
real_001047.txt,29,68,6,0.055268,True
real_001048.txt,31,58,6,0.019603,True
real_001049.txt,32,292,TIMEOUT,100,TIMEOUT
real_001050.txt,23,51,8,0.083118,True
real_001051.txt,29,56,5,0.007188,True
real_001052.txt,15,37,5,0.002844,True
real_001053.txt,13,14,1,0.000632,True
real_001054.txt,33,80,10,0.386862,True
real_001055.txt,31,75,9,0.086708,True
real_001056.txt,16,25,5,0.003342,True
real_001057.txt,23,63,9,0.079146,True
real_001058.txt,26,48,8,0.224134,True
real_001059.txt,14,24,5,0.002192,True
real_001060.txt,10,16,3,0.000788,True
real_001061.txt,13,14,1,0.000675,True
real_001062.txt,10,17,4,0.001105,True
real_001063.txt,22,47,8,0.069451,True
real_001064.txt,10,17,4,0.001115,True
real_001065.txt,10,12,2,0.000514,True
real_001066.txt,14,24,4,0.001682,True
real_001067.txt,16,34,6,0.00844,True
real_001068.txt,25,46,10,0.68042,True
real_001069.txt,12,18,2,0.000867,True
real_001070.txt,13,14,1,0.000655,True
real_001071.txt,13,14,1,0.000733,True
real_001072.txt,32,59,9,0.662686,True
real_001073.txt,31,81,8,0.035987,True
real_001074.txt,23,41,9,0.207837,True
real_001075.txt,26,47,7,0.055501,True
real_001076.txt,21,35,6,0.013269,True
real_001077.txt,10,17,4,0.001132,True
real_001078.txt,15,20,2,0.00103,True
real_001079.txt,22,44,5,0.003959,True
real_001080.txt,20,43,6,0.00422,True
real_001081.txt,26,84,12,0.491953,True
real_001082.txt,13,29,2,0.001415,True
real_001083.txt,22,34,3,0.003182,True
real_001084.txt,12,29,3,0.001052,True
real_001085.txt,22,35,6,0.015382,True
real_001086.txt,15,20,2,0.000981,True
real_001087.txt,25,49,6,0.026429,True
real_001088.txt,12,15,3,0.000837,True
real_001089.txt,21,32,2,0.001537,True
real_001090.txt,12,23,5,0.002632,True
real_001091.txt,10,11,1,0.000501,True
real_001092.txt,11,16,2,0.000669,True
real_001093.txt,34,88,9,0.21249,True
real_001094.txt,13,32,5,0.002399,True
real_001095.txt,27,46,9,0.268737,True
real_001096.txt,28,167,14,0.221123,True
real_001097.txt,29,223,16,0.839476,True
real_001098.txt,10,25,5,0.001515,True
real_001099.txt,13,14,1,0.000774,True
real_001100.txt,21,34,3,0.002556,True
real_001101.txt,23,51,8,0.083172,True
real_001102.txt,22,84,6,0.00753,True
real_001103.txt,16,25,5,0.003088,True
real_001104.txt,13,14,1,0.000666,True
real_001105.txt,33,184,12,0.27831,True
real_001106.txt,34,144,12,0.578316,True
real_001107.txt,34,71,7,0.058487,True
real_001108.txt,14,24,6,0.004297,True
real_001109.txt,21,37,6,0.010475,True
real_001110.txt,27,46,9,0.271699,True
real_001111.txt,34,62,11,4.154507,True
real_001112.txt,17,19,2,0.000712,True
real_001113.txt,20,44,8,0.113017,True
real_001114.txt,27,71,9,0.05775,True
real_001115.txt,25,52,11,1.152275,True
real_001116.txt,34,78,7,0.103765,True
real_001117.txt,24,54,9,0.386191,True
real_001118.txt,12,27,4,0.001163,True
real_001119.txt,15,46,5,0.001935,True
real_001120.txt,10,17,4,0.001195,True
real_001121.txt,10,17,4,0.001445,True
real_001122.txt,15,16,1,0.000972,True
real_001123.txt,10,31,6,0.001245,True
real_001124.txt,32,74,7,0.086243,True
real_001125.txt,27,67,6,0.035965,True
real_001126.txt,33,145,12,0.316949,True
real_001127.txt,22,28,4,0.001836,True
real_001128.txt,25,103,9,0.025771,True
real_001129.txt,29,121,13,0.329517,True
real_001130.txt,28,57,6,0.015123,True
real_001131.txt,27,46,9,0.27335,True
real_001132.txt,16,28,2,0.001389,True
real_001133.txt,26,52,4,0.003858,True
real_001134.txt,35,76,9,0.071507,True
real_001135.txt,15,20,2,0.000945,True
real_001136.txt,18,26,3,0.001456,True
real_001137.txt,23,85,12,0.198615,True
real_001138.txt,10,10,1,0.000521,True
real_001139.txt,27,46,9,0.271396,True
real_001140.txt,10,17,4,0.001102,True
real_001141.txt,12,49,8,0.004056,True
real_001142.txt,22,58,6,0.007343,True
real_001143.txt,13,14,1,0.000739,True
real_001144.txt,10,17,4,0.00119,True
real_001145.txt,13,14,1,0.000638,True
real_001146.txt,20,35,5,0.004107,True
real_001147.txt,15,20,2,0.00095,True
real_001148.txt,15,20,2,0.000991,True
real_001149.txt,21,38,8,0.040946,True
real_001150.txt,14,27,3,0.001147,True
real_001151.txt,21,38,4,0.002061,True
real_001152.txt,35,66,6,0.016209,True
real_001153.txt,29,399,TIMEOUT,100,TIMEOUT
real_001154.txt,25,46,10,0.684826,True
real_001155.txt,12,62,8,0.003752,True
real_001156.txt,16,34,6,0.011202,True
real_001157.txt,13,27,3,0.001402,True
real_001158.txt,12,13,1,0.000613,True
real_001159.txt,11,11,1,0.000612,True
real_001160.txt,19,70,7,0.019738,True
real_001161.txt,13,14,1,0.000636,True
real_001162.txt,12,16,1,0.000764,True
real_001163.txt,26,48,8,0.229386,True
real_001164.txt,19,69,8,0.012537,True
real_001165.txt,27,57,8,0.081327,True
real_001166.txt,18,32,4,0.001665,True
real_001167.txt,11,22,3,0.001119,True
real_001168.txt,13,14,1,0.000681,True
real_001169.txt,13,14,1,0.000639,True
real_001170.txt,25,45,7,0.058887,True
real_001171.txt,21,100,9,0.018629,True
real_001172.txt,27,66,10,0.136193,True
real_001173.txt,35,75,10,0.638921,True
real_001174.txt,22,36,7,0.026208,True
real_001175.txt,23,41,6,0.019609,True
real_001176.txt,22,41,7,0.095989,True
real_001177.txt,14,27,5,0.002478,True
real_001178.txt,10,17,4,0.001139,True
real_001179.txt,17,75,9,0.006449,True
real_001180.txt,15,20,2,0.001135,True
real_001181.txt,20,50,7,0.005719,True
real_001182.txt,10,17,4,0.001151,True
real_001183.txt,10,16,4,0.001208,True
real_001184.txt,13,14,1,0.000693,True
real_001185.txt,13,14,1,0.000644,True
real_001186.txt,13,14,1,0.000637,True
real_001187.txt,23,41,8,0.071557,True
real_001188.txt,13,14,1,0.000654,True
real_001189.txt,23,47,4,0.010336,True
real_001190.txt,10,10,1,0.000598,True
real_001191.txt,11,10,0,0.000554,True
real_001192.txt,28,172,19,3.71645,True
real_001193.txt,12,23,3,0.00132,True
real_001194.txt,26,62,6,0.072021,True
real_001195.txt,13,28,4,0.001365,True
real_001196.txt,22,49,8,0.195529,True
real_001197.txt,13,24,5,0.003506,True
real_001198.txt,13,14,1,0.000689,True
real_001199.txt,10,21,4,0.001389,True
real_001200.txt,27,67,7,0.013436,True
real_001201.txt,27,46,9,0.27338,True
real_001202.txt,34,78,7,0.104786,True
real_001203.txt,18,38,6,0.008723,True
real_001204.txt,26,85,12,0.427482,True
real_001205.txt,19,34,7,0.01475,True
real_001206.txt,21,39,4,0.003425,True
real_001207.txt,16,33,6,0.007083,True
real_001208.txt,26,93,10,0.065025,True
real_001209.txt,32,220,17,2.637157,True
real_001210.txt,26,67,7,0.09266,True
real_001211.txt,11,11,1,0.000536,True
real_001212.txt,17,19,2,0.000771,True
real_001213.txt,17,83,8,0.00748,True
real_001214.txt,13,14,1,0.000709,True
real_001215.txt,27,65,6,0.014886,True
real_001216.txt,22,65,8,0.022958,True
real_001217.txt,20,48,4,0.002881,True
real_001218.txt,12,21,2,0.001082,True
real_001219.txt,19,34,7,0.013917,True
real_001220.txt,22,53,5,0.011725,True
real_001221.txt,34,80,10,0.239648,True
real_001222.txt,12,29,5,0.001751,True
real_001223.txt,30,70,10,0.105519,True
real_001224.txt,18,42,3,0.001906,True
real_001225.txt,28,63,9,0.039568,True
real_001226.txt,25,46,10,0.690489,True
real_001227.txt,22,48,8,0.096984,True
real_001228.txt,31,71,6,0.052695,True
real_001229.txt,31,142,15,1.460485,True
real_001230.txt,21,37,8,0.059059,True
real_001231.txt,35,75,10,0.514756,True
real_001232.txt,29,154,13,3.954662,True
real_001233.txt,23,55,5,0.00325,True
real_001234.txt,14,41,5,0.002622,True
real_001235.txt,15,20,2,0.001076,True
real_001236.txt,23,51,8,0.082481,True
real_001237.txt,13,14,1,0.001007,True
real_001238.txt,22,37,3,0.004076,True
real_001239.txt,24,140,13,0.514493,True
real_001240.txt,16,32,6,0.003813,True
real_001241.txt,13,15,2,0.000655,True
real_001242.txt,34,55,7,0.036915,True
real_001243.txt,23,51,8,0.088456,True
real_001244.txt,30,69,10,0.185583,True
real_001245.txt,16,41,3,0.001692,True
real_001246.txt,15,20,2,0.000939,True
real_001247.txt,12,12,1,0.000542,True
real_001248.txt,25,64,6,0.011724,True
real_001249.txt,28,56,11,1.937809,True
real_001250.txt,10,17,4,0.001165,True
real_001251.txt,34,64,10,1.758479,True
real_001252.txt,32,89,11,1.975179,True
real_001253.txt,13,14,1,0.000657,True
real_001254.txt,14,22,4,0.001878,True
real_001255.txt,23,51,8,0.083391,True
real_001256.txt,12,19,2,0.000843,True
real_001257.txt,10,17,4,0.001125,True
real_001258.txt,21,27,2,0.001317,True
real_001259.txt,18,34,4,0.002494,True
real_001260.txt,15,29,2,0.001304,True
real_001261.txt,19,38,7,0.01401,True
real_001262.txt,28,45,7,0.040365,True
real_001263.txt,13,14,1,0.000701,True
real_001264.txt,10,11,1,0.000687,True
real_001265.txt,18,26,4,0.001853,True
real_001266.txt,23,51,8,0.084367,True
real_001267.txt,15,20,2,0.001029,True
real_001268.txt,23,51,8,0.083326,True
real_001269.txt,33,51,2,0.004448,True
real_001270.txt,12,19,4,0.001339,True
real_001271.txt,18,31,3,0.002014,True
real_001272.txt,29,82,10,1.446985,True
real_001273.txt,15,20,2,0.000978,True
real_001274.txt,17,19,2,0.000901,True
real_001275.txt,16,48,7,0.006383,True
real_001276.txt,27,171,19,5.198786,True
real_001277.txt,17,19,2,0.000754,True
real_001278.txt,23,51,8,0.082309,True
real_001279.txt,17,19,2,0.000763,True
real_001280.txt,13,14,1,0.00069,True
real_001281.txt,19,82,7,0.012418,True
real_001282.txt,25,120,11,0.134557,True
real_001283.txt,34,123,14,3.857289,True
real_001284.txt,18,28,2,0.001342,True
real_001285.txt,18,153,16,0.394787,True
real_001286.txt,15,20,2,0.000979,True
real_001287.txt,35,135,16,62.110597,True
real_001288.txt,20,32,6,0.007126,True
real_001289.txt,21,91,12,0.076605,True
real_001290.txt,13,14,1,0.000697,True
real_001291.txt,27,62,5,0.020533,True
real_001292.txt,23,51,8,0.085492,True
real_001293.txt,26,44,8,0.036211,True
real_001294.txt,10,17,4,0.001416,True
real_001295.txt,22,137,11,0.056445,True
real_001296.txt,12,21,3,0.001059,True
real_001297.txt,13,14,1,0.000742,True
real_001298.txt,18,42,5,0.007105,True
real_001299.txt,25,46,10,0.692514,True
real_001300.txt,35,80,10,0.098671,True
real_001301.txt,27,130,16,0.595852,True
real_001302.txt,22,46,6,0.011309,True
real_001303.txt,10,17,4,0.001101,True
real_001304.txt,25,46,10,0.687572,True
real_001305.txt,23,51,8,0.082732,True
real_001306.txt,14,42,5,0.002097,True
real_001307.txt,13,14,1,0.000662,True
real_001308.txt,22,73,6,0.021521,True
real_001309.txt,24,39,7,0.033929,True
real_001310.txt,26,45,7,0.083189,True
real_001311.txt,25,53,9,0.42048,True
real_001312.txt,20,27,3,0.002081,True
real_001313.txt,31,128,9,0.30152,True
real_001314.txt,26,104,12,0.22841,True
real_001315.txt,30,355,TIMEOUT,100,TIMEOUT
real_001316.txt,13,14,1,0.000706,True
real_001317.txt,19,48,5,0.004634,True
real_001318.txt,15,20,2,0.000986,True
real_001319.txt,15,20,2,0.000952,True
real_001320.txt,13,14,1,0.00071,True
real_001321.txt,15,17,2,0.000813,True
real_001322.txt,15,28,6,0.005508,True
real_001323.txt,12,24,4,0.001751,True
real_001324.txt,23,47,6,0.004769,True
real_001325.txt,29,54,8,0.19403,True
real_001326.txt,13,14,1,0.000636,True
real_001327.txt,20,40,3,0.002346,True
real_001328.txt,13,38,7,0.002458,True
real_001329.txt,27,46,9,0.283919,True
real_001330.txt,34,106,8,0.073262,True
real_001331.txt,20,69,10,0.04275,True
real_001332.txt,12,22,3,0.001314,True
real_001333.txt,20,50,6,0.003543,True
real_001334.txt,13,14,1,0.000722,True
real_001335.txt,29,79,8,0.0761,True
real_001336.txt,25,86,9,0.031957,True
real_001337.txt,15,20,2,0.001027,True
real_001338.txt,17,34,4,0.002153,True
real_001339.txt,18,33,7,0.021553,True
real_001340.txt,28,60,10,1.156529,True
real_001341.txt,31,50,8,0.085894,True
real_001342.txt,33,91,11,0.966221,True
real_001343.txt,19,23,2,0.001433,True
real_001344.txt,31,75,12,1.358423,True
real_001345.txt,11,22,3,0.000928,True
real_001346.txt,13,17,3,0.000947,True
real_001347.txt,15,20,2,0.001118,True
real_001348.txt,13,14,1,0.000652,True
real_001349.txt,15,20,2,0.000957,True
real_001350.txt,17,31,6,0.005589,True
real_001351.txt,28,75,9,1.043896,True
real_001352.txt,11,34,5,0.001749,True
real_001353.txt,25,41,8,0.103714,True
real_001354.txt,21,42,6,0.009354,True
real_001355.txt,22,42,4,0.002735,True
real_001356.txt,13,16,2,0.000738,True
real_001357.txt,12,26,3,0.001671,True
real_001358.txt,11,11,1,0.000516,True
real_001359.txt,13,24,4,0.001567,True
real_001360.txt,32,186,23,70.838069,True
real_001361.txt,32,89,11,2.015631,True
real_001362.txt,32,58,4,0.004281,True
real_001363.txt,15,102,12,0.024463,True
real_001364.txt,24,50,7,0.009909,True
real_001365.txt,30,61,7,0.038409,True
real_001366.txt,25,46,10,0.716835,True
real_001367.txt,24,41,5,0.005953,True
real_001368.txt,16,33,5,0.003499,True
real_001369.txt,31,143,8,0.039356,True
real_001370.txt,31,95,10,0.123616,True
real_001371.txt,16,28,4,0.001739,True
real_001372.txt,13,14,1,0.000641,True
real_001373.txt,20,89,8,0.010646,True
real_001374.txt,27,46,9,0.274609,True
real_001375.txt,32,130,17,2.074323,True
real_001376.txt,35,165,16,5.160788,True
real_001377.txt,11,31,7,0.003315,True
real_001378.txt,20,108,15,0.22971,True
real_001379.txt,30,142,16,1.970958,True
real_001380.txt,15,20,2,0.000954,True
real_001381.txt,25,50,6,0.005294,True
real_001382.txt,17,19,2,0.000714,True
real_001383.txt,23,42,7,0.068936,True
real_001384.txt,27,89,10,0.082864,True
real_001385.txt,33,53,5,0.012198,True
real_001386.txt,27,153,14,1.122523,True
real_001387.txt,13,21,5,0.002723,True
real_001388.txt,25,38,3,0.002667,True
real_001389.txt,18,39,7,0.004879,True
real_001390.txt,17,19,2,0.000708,True
real_001391.txt,24,52,5,0.016286,True
real_001392.txt,18,28,4,0.002027,True
real_001393.txt,13,14,1,0.000634,True
real_001394.txt,10,16,2,0.000852,True
real_001395.txt,13,16,2,0.000717,True
real_001396.txt,12,14,2,0.000652,True
real_001397.txt,29,91,10,0.083872,True
real_001398.txt,10,37,7,0.001646,True
real_001399.txt,18,28,5,0.002583,True
real_001400.txt,23,113,10,0.073435,True
real_001401.txt,11,11,1,0.000545,True
real_001402.txt,11,13,1,0.000619,True
real_001403.txt,15,20,2,0.001,True
real_001404.txt,10,19,4,0.001283,True
real_001405.txt,17,35,4,0.001519,True
real_001406.txt,11,46,7,0.002747,True
real_001407.txt,15,16,1,0.000989,True
real_001408.txt,21,47,8,0.023481,True
real_001409.txt,25,48,7,0.023424,True
real_001410.txt,31,65,13,16.313638,True
real_001411.txt,18,29,5,0.004711,True
real_001412.txt,16,64,7,0.00499,True
real_001413.txt,13,14,1,0.000652,True
real_001414.txt,17,36,3,0.001526,True
real_001415.txt,25,46,4,0.003448,True
real_001416.txt,25,112,9,0.047404,True
real_001417.txt,28,66,4,0.005732,True
real_001418.txt,32,89,11,2.004764,True
real_001419.txt,21,45,8,0.061147,True
real_001420.txt,20,33,6,0.011097,True
real_001421.txt,17,19,2,0.00075,True
real_001422.txt,26,38,5,0.005852,True
real_001423.txt,23,81,11,0.070544,True
real_001424.txt,23,41,8,0.073628,True
real_001425.txt,13,14,1,0.000748,True
real_001426.txt,15,30,5,0.00411,True
real_001427.txt,14,63,10,0.007878,True
real_001428.txt,25,39,4,0.003151,True
real_001429.txt,13,14,1,0.000794,True
real_001430.txt,11,11,1,0.000526,True
real_001431.txt,19,33,5,0.001574,True
real_001432.txt,34,138,15,3.334816,True
real_001433.txt,29,53,8,0.07189,True
real_001434.txt,25,46,10,0.764996,True
real_001435.txt,18,51,10,0.066992,True
real_001436.txt,15,26,4,0.002305,True
real_001437.txt,17,19,2,0.00097,True
real_001438.txt,35,63,10,1.82787,True
real_001439.txt,21,45,7,0.042258,True
real_001440.txt,32,111,16,6.598683,True
real_001441.txt,17,19,2,0.000739,True
real_001442.txt,20,40,6,0.003992,True
real_001443.txt,13,14,1,0.000673,True
real_001444.txt,21,47,8,0.123028,True
real_001445.txt,17,20,2,0.000955,True
real_001446.txt,17,68,9,0.015789,True
real_001447.txt,32,58,10,0.742649,True
real_001448.txt,23,51,8,0.081899,True
real_001449.txt,11,13,1,0.000571,True
real_001450.txt,12,15,3,0.000783,True
real_001451.txt,34,78,7,0.102335,True
real_001452.txt,35,78,14,56.669544,True
real_001453.txt,30,87,10,0.15948,True
real_001454.txt,26,71,8,0.040326,True
real_001455.txt,31,136,14,1.501537,True
real_001456.txt,17,51,9,0.012846,True
real_001457.txt,22,101,15,0.300735,True
real_001458.txt,17,19,2,0.000841,True
real_001459.txt,29,52,6,0.019556,True
real_001460.txt,17,38,3,0.001694,True
real_001461.txt,18,28,5,0.003293,True
real_001462.txt,13,23,2,0.001044,True
real_001463.txt,20,48,6,0.010028,True
real_001464.txt,23,51,8,0.083351,True
real_001465.txt,14,57,8,0.012923,True
real_001466.txt,16,18,2,0.00078,True
real_001467.txt,35,77,TIMEOUT,100,TIMEOUT
real_001468.txt,28,87,12,0.364352,True
real_001469.txt,35,93,13,2.223213,True
real_001470.txt,27,49,8,0.118641,True
real_001471.txt,29,55,5,0.015106,True
real_001472.txt,29,64,8,0.050214,True
real_001473.txt,35,85,10,0.099916,True
real_001474.txt,15,22,2,0.001019,True
real_001475.txt,23,51,8,0.085502,True
real_001476.txt,23,51,8,0.085034,True
real_001477.txt,23,51,8,0.083503,True
real_001478.txt,15,30,5,0.003391,True
real_001479.txt,10,17,4,0.001165,True
real_001480.txt,13,14,1,0.000634,True
real_001481.txt,18,24,2,0.001185,True
real_001482.txt,15,20,2,0.000948,True
real_001483.txt,22,37,7,0.032609,True
real_001484.txt,16,31,3,0.001808,True
real_001485.txt,20,52,4,0.004723,True
real_001486.txt,11,22,4,0.001333,True
real_001487.txt,13,21,4,0.001725,True
real_001488.txt,15,20,2,0.000978,True
real_001489.txt,13,14,1,0.000681,True
real_001490.txt,24,67,5,0.00571,True
real_001491.txt,15,20,2,0.000978,True
real_001492.txt,31,76,11,0.251074,True
real_001493.txt,23,63,9,0.031171,True
real_001494.txt,17,28,3,0.001278,True
real_001495.txt,13,14,1,0.00072,True
real_001496.txt,14,22,4,0.001931,True
real_001497.txt,19,34,5,0.003976,True
real_001498.txt,13,14,1,0.000635,True
real_001499.txt,22,35,7,0.024544,True
real_001500.txt,25,46,10,0.689961,True
real_001501.txt,17,19,2,0.000761,True
real_001502.txt,12,24,4,0.001858,True
real_001503.txt,22,64,7,0.032762,True
real_001504.txt,22,44,5,0.004042,True
real_001505.txt,10,17,4,0.001136,True
real_001506.txt,13,14,1,0.000668,True
real_001507.txt,16,45,7,0.004655,True
real_001508.txt,17,33,3,0.002284,True
real_001509.txt,25,178,15,0.341444,True
real_001510.txt,11,14,2,0.000673,True
real_001511.txt,13,14,1,0.00076,True
real_001512.txt,18,32,2,0.00141,True
real_001513.txt,31,59,7,0.038159,True
real_001514.txt,25,46,10,0.696193,True
real_001515.txt,10,17,4,0.001141,True
real_001516.txt,13,46,5,0.001698,True
real_001517.txt,10,17,4,0.001241,True
real_001518.txt,33,73,13,26.744182,True
real_001519.txt,29,46,4,0.007434,True
real_001520.txt,19,40,7,0.023001,True
real_001521.txt,15,20,2,0.000943,True
real_001522.txt,11,20,3,0.000955,True
real_001523.txt,15,31,5,0.002634,True
real_001524.txt,23,50,7,0.04331,True
real_001525.txt,10,17,4,0.001212,True
real_001526.txt,35,82,8,0.146462,True
real_001527.txt,24,87,7,0.021564,True
real_001528.txt,30,120,8,0.05503,True
real_001529.txt,13,14,1,0.000636,True
real_001530.txt,10,17,4,0.001163,True
real_001531.txt,10,10,1,0.00046,True
real_001532.txt,19,27,3,0.001606,True
real_001533.txt,17,31,7,0.01105,True
real_001534.txt,19,44,7,0.012238,True
real_001535.txt,10,13,2,0.000668,True
real_001536.txt,26,63,6,0.060509,True
real_001537.txt,19,40,8,0.043809,True
real_001538.txt,10,10,1,0.000477,True
real_001539.txt,30,58,5,0.005859,True
real_001540.txt,15,20,2,0.00093,True
real_001541.txt,15,30,5,0.003756,True
real_001542.txt,17,51,8,0.006754,True
real_001543.txt,21,46,6,0.012995,True
real_001544.txt,14,16,2,0.000889,True
real_001545.txt,10,17,4,0.001117,True
real_001546.txt,13,14,1,0.000663,True
real_001547.txt,19,42,5,0.002115,True
real_001548.txt,16,28,6,0.005364,True
real_001549.txt,13,37,4,0.001183,True
real_001550.txt,20,42,3,0.002458,True
real_001551.txt,32,50,4,0.011924,True
real_001552.txt,27,51,8,0.146381,True
real_001553.txt,31,55,9,0.74638,True
real_001554.txt,22,41,6,0.007385,True
real_001555.txt,20,39,5,0.003536,True
real_001556.txt,13,14,1,0.000657,True
real_001557.txt,22,35,5,0.004264,True
real_001558.txt,12,22,2,0.000983,True
real_001559.txt,22,180,16,0.516549,True
real_001560.txt,31,193,20,21.095686,True
real_001561.txt,23,33,4,0.002716,True
real_001562.txt,28,60,10,1.117708,True
real_001563.txt,13,14,1,0.000704,True
real_001564.txt,24,34,3,0.002737,True
real_001565.txt,18,36,4,0.001699,True
real_001566.txt,13,14,1,0.000691,True
real_001567.txt,32,59,9,0.700363,True
real_001568.txt,11,17,2,0.001392,True
real_001569.txt,30,64,11,2.887329,True
real_001570.txt,32,69,8,0.216417,True
real_001571.txt,31,67,7,0.045624,True
real_001572.txt,32,84,6,0.065188,True
real_001573.txt,21,56,5,0.003222,True
real_001574.txt,26,112,11,0.434416,True
real_001575.txt,13,14,1,0.00064,True
real_001576.txt,14,48,7,0.003068,True
real_001577.txt,11,18,3,0.000737,True
real_001578.txt,30,58,7,0.024247,True
real_001579.txt,17,19,2,0.000717,True
real_001580.txt,35,272,TIMEOUT,100,TIMEOUT
real_001581.txt,23,51,8,0.083379,True
real_001582.txt,10,17,4,0.001122,True
real_001583.txt,17,28,4,0.001899,True
real_001584.txt,21,50,6,0.010853,True
real_001585.txt,27,61,9,0.123179,True
real_001586.txt,15,47,7,0.003988,True
real_001587.txt,21,51,6,0.006468,True
real_001588.txt,21,34,7,0.017183,True
real_001589.txt,11,32,5,0.001118,True
real_001590.txt,27,46,9,0.269155,True
real_001591.txt,28,74,8,0.213495,True
real_001592.txt,34,84,11,2.401073,True
real_001593.txt,24,42,5,0.004025,True
real_001594.txt,14,42,6,0.001683,True
real_001595.txt,25,109,9,0.049559,True
real_001596.txt,13,14,1,0.000679,True
real_001597.txt,22,231,20,8.047109,True
real_001598.txt,28,179,18,2.563473,True
real_001599.txt,21,43,9,0.110031,True
real_001600.txt,23,49,4,0.01768,True
real_001601.txt,10,17,4,0.001129,True
real_001602.txt,17,47,4,0.001635,True
real_001603.txt,10,14,2,0.000722,True
real_001604.txt,22,44,5,0.002962,True
real_001605.txt,11,15,2,0.000737,True
real_001606.txt,20,32,6,0.010525,True
real_001607.txt,27,90,12,0.271823,True
real_001608.txt,34,280,20,13.974602,True
real_001609.txt,30,87,10,0.125853,True
real_001610.txt,26,69,12,2.205272,True
real_001611.txt,13,14,1,0.0007,True
real_001612.txt,15,20,2,0.001006,True
real_001613.txt,17,19,2,0.000794,True
real_001614.txt,34,76,12,2.824481,True
real_001615.txt,31,255,19,5.810315,True
real_001616.txt,23,41,9,0.214747,True
real_001617.txt,30,64,11,2.949105,True
real_001618.txt,24,84,14,0.26071,True
real_001619.txt,11,12,1,0.000561,True
real_001620.txt,13,26,5,0.003082,True
real_001621.txt,32,43,4,0.005015,True
real_001622.txt,15,30,5,0.003622,True
real_001623.txt,24,47,6,0.017607,True
real_001624.txt,10,13,2,0.000609,True
real_001625.txt,11,11,1,0.000483,True
real_001626.txt,17,39,5,0.003673,True
real_001627.txt,13,14,1,0.000685,True
real_001628.txt,20,37,6,0.015041,True
real_001629.txt,16,33,5,0.00354,True
real_001630.txt,19,46,6,0.009194,True
real_001631.txt,23,38,7,0.029576,True
real_001632.txt,11,20,3,0.000942,True
real_001633.txt,13,38,7,0.002693,True
real_001634.txt,10,17,4,0.001105,True
real_001635.txt,32,57,10,2.516394,True
real_001636.txt,16,26,4,0.001704,True
real_001637.txt,34,78,7,0.107509,True
real_001638.txt,30,98,12,0.729247,True
real_001639.txt,29,59,8,0.036265,True
real_001640.txt,26,135,18,2.058164,True
real_001641.txt,16,34,6,0.009328,True
real_001642.txt,10,17,4,0.001157,True
real_001643.txt,19,28,5,0.001804,True
real_001644.txt,14,39,4,0.001524,True
real_001645.txt,28,212,16,0.854453,True
real_001646.txt,15,20,2,0.000963,True
real_001647.txt,25,41,4,0.006656,True
real_001648.txt,25,46,10,0.696868,True
real_001649.txt,15,30,4,0.001162,True
real_001650.txt,23,54,6,0.008516,True
real_001651.txt,13,14,1,0.000701,True
real_001652.txt,13,14,1,0.000588,True
real_001653.txt,20,41,8,0.058651,True
real_001654.txt,13,14,1,0.000781,True
real_001655.txt,16,29,5,0.004638,True
real_001656.txt,28,94,12,0.450678,True
real_001657.txt,14,21,2,0.001187,True
real_001658.txt,13,14,1,0.000758,True
real_001659.txt,10,17,4,0.001428,True
real_001660.txt,35,312,TIMEOUT,100,TIMEOUT
real_001661.txt,21,69,5,0.00272,True
real_001662.txt,33,68,9,0.168302,True
real_001663.txt,15,31,5,0.005176,True
real_001664.txt,16,29,5,0.002416,True
real_001665.txt,15,20,2,0.001042,True
real_001666.txt,25,45,7,0.054468,True
real_001667.txt,18,31,5,0.002365,True
real_001668.txt,11,21,2,0.000802,True
real_001669.txt,34,150,11,0.169159,True
real_001670.txt,23,51,8,0.082116,True
real_001671.txt,15,25,5,0.002419,True
real_001672.txt,27,46,9,0.273767,True
real_001673.txt,25,46,10,0.687065,True
real_001674.txt,13,14,1,0.00064,True
real_001675.txt,10,17,4,0.001145,True
real_001676.txt,23,51,8,0.081544,True
real_001677.txt,26,54,8,0.032329,True
real_001678.txt,13,14,1,0.000644,True
real_001679.txt,27,46,9,0.270949,True
real_001680.txt,23,51,8,0.08187,True
real_001681.txt,12,29,4,0.001468,True
real_001682.txt,17,31,6,0.005627,True
real_001683.txt,27,46,9,0.272128,True
real_001684.txt,27,46,9,0.273416,True
real_001685.txt,23,44,5,0.005932,True
real_001686.txt,28,60,10,1.154053,True
real_001687.txt,25,46,10,0.684669,True
real_001688.txt,21,47,8,0.122186,True
real_001689.txt,14,18,1,0.000783,True
real_001690.txt,17,19,2,0.000732,True
real_001691.txt,13,47,6,0.003785,True
real_001692.txt,13,14,1,0.00063,True
real_001693.txt,13,14,1,0.000653,True
real_001694.txt,24,44,7,0.022279,True
real_001695.txt,10,15,2,0.000794,True
real_001696.txt,13,14,1,0.0008,True
real_001697.txt,17,19,2,0.000694,True
real_001698.txt,34,73,13,40.4385,True
real_001699.txt,16,29,4,0.001951,True
real_001700.txt,10,10,1,0.00065,True
real_001701.txt,27,50,8,0.048068,True
real_001702.txt,17,31,2,0.001599,True
real_001703.txt,13,14,1,0.000635,True
real_001704.txt,16,22,2,0.001044,True
real_001705.txt,11,20,4,0.001375,True
real_001706.txt,15,25,5,0.002232,True
real_001707.txt,13,14,1,0.000652,True
real_001708.txt,15,20,2,0.000994,True
real_001709.txt,29,85,6,0.028268,True
real_001710.txt,17,19,2,0.001258,True
real_001711.txt,11,33,5,0.001194,True
real_001712.txt,23,54,8,0.027275,True
real_001713.txt,13,14,1,0.000692,True
real_001714.txt,22,95,9,0.037427,True
real_001715.txt,11,18,2,0.000753,True
real_001716.txt,35,151,15,4.385231,True
real_001717.txt,13,14,1,0.000709,True
real_001718.txt,12,17,2,0.000811,True
real_001719.txt,22,58,6,0.010746,True
real_001720.txt,28,66,6,0.053071,True
real_001721.txt,16,25,4,0.001631,True
real_001722.txt,28,57,11,3.91162,True
real_001723.txt,20,33,6,0.011499,True
real_001724.txt,33,96,10,0.081427,True
real_001725.txt,13,14,1,0.000662,True
real_001726.txt,20,54,7,0.086181,True
real_001727.txt,23,36,4,0.002409,True
real_001728.txt,18,33,7,0.019472,True
real_001729.txt,30,68,6,0.020333,True
real_001730.txt,23,51,8,0.083146,True
real_001731.txt,29,66,5,0.019974,True
real_001732.txt,13,14,1,0.000654,True
real_001733.txt,15,20,2,0.000984,True
real_001734.txt,13,38,5,0.001854,True
real_001735.txt,13,14,1,0.00065,True
real_001736.txt,13,14,1,0.000649,True
real_001737.txt,11,29,5,0.001718,True
real_001738.txt,10,17,4,0.001107,True
real_001739.txt,11,23,5,0.001245,True
real_001740.txt,10,17,4,0.00116,True
real_001741.txt,26,92,6,0.008373,True
real_001742.txt,23,117,12,0.07387,True
real_001743.txt,21,37,8,0.06114,True
real_001744.txt,14,25,6,0.004472,True
real_001745.txt,23,51,8,0.083841,True
real_001746.txt,17,20,2,0.000978,True
real_001747.txt,14,16,2,0.000628,True
real_001748.txt,13,14,1,0.000728,True
real_001749.txt,16,26,4,0.002512,True
real_001750.txt,35,96,10,0.299888,True
real_001751.txt,22,40,9,0.211767,True
real_001752.txt,10,10,1,0.000514,True
real_001753.txt,13,14,1,0.000685,True
real_001754.txt,13,14,1,0.000832,True
real_001755.txt,16,17,1,0.001498,True
real_001756.txt,23,51,8,0.08233,True
real_001757.txt,16,22,1,0.001788,True
real_001758.txt,30,47,7,0.022066,True
real_001759.txt,14,33,4,0.001634,True
real_001760.txt,18,41,5,0.004362,True
real_001761.txt,11,18,2,0.000809,True
real_001762.txt,12,22,4,0.001642,True
real_001763.txt,24,62,8,0.028051,True
real_001764.txt,28,50,7,0.035654,True
real_001765.txt,14,28,4,0.002794,True
real_001766.txt,34,60,10,0.531389,True
real_001767.txt,12,28,3,0.001317,True
real_001768.txt,34,78,7,0.103139,True
real_001769.txt,15,20,2,0.000933,True
real_001770.txt,16,20,2,0.000899,True
real_001771.txt,11,55,9,0.004003,True
real_001772.txt,13,14,1,0.000705,True
real_001773.txt,23,53,8,0.042715,True
real_001774.txt,26,39,6,0.011295,True
real_001775.txt,21,86,12,0.045258,True
real_001776.txt,25,45,7,0.041318,True
real_001777.txt,25,46,10,0.700551,True
real_001778.txt,13,14,1,0.000641,True
real_001779.txt,10,17,4,0.00112,True
real_001780.txt,31,84,11,0.133995,True
real_001781.txt,12,22,4,0.001488,True
real_001782.txt,27,46,9,0.277143,True
real_001783.txt,18,72,10,0.020681,True
real_001784.txt,28,52,8,0.173509,True
real_001785.txt,21,37,8,0.060209,True
real_001786.txt,20,41,6,0.016325,True
real_001787.txt,23,51,8,0.084075,True
real_001788.txt,27,78,11,0.365045,True
real_001789.txt,16,37,6,0.003085,True
real_001790.txt,32,59,9,0.675467,True
real_001791.txt,22,68,6,0.005904,True
real_001792.txt,20,41,4,0.003243,True
real_001793.txt,15,20,2,0.000942,True
real_001794.txt,14,27,4,0.001453,True
real_001795.txt,13,14,1,0.000668,True
real_001796.txt,34,105,12,0.401443,True
real_001797.txt,19,35,6,0.012593,True
real_001798.txt,21,44,7,0.033418,True
real_001799.txt,10,20,3,0.000976,True
real_001800.txt,13,14,1,0.000642,True
real_001801.txt,20,74,7,0.005932,True
real_001802.txt,11,14,1,0.00065,True
real_001803.txt,13,14,1,0.0007,True
real_001804.txt,12,28,4,0.001304,True
real_001805.txt,12,22,3,0.000819,True
real_001806.txt,10,17,4,0.001097,True
real_001807.txt,32,57,10,1.284765,True
real_001808.txt,23,51,8,0.085699,True
real_001809.txt,16,17,1,0.001404,True
real_001810.txt,19,34,5,0.004294,True
real_001811.txt,13,14,1,0.000708,True
real_001812.txt,15,20,2,0.000979,True
real_001813.txt,34,263,TIMEOUT,100,TIMEOUT
real_001814.txt,10,17,4,0.00114,True
real_001815.txt,29,102,9,0.096756,True
real_001816.txt,17,24,3,0.00102,True
real_001817.txt,13,14,1,0.000651,True
real_001818.txt,20,39,3,0.002115,True
real_001819.txt,15,105,13,0.045104,True
real_001820.txt,15,20,2,0.000987,True
real_001821.txt,17,19,2,0.000752,True
real_001822.txt,25,50,5,0.028812,True
real_001823.txt,23,51,8,0.090813,True
real_001824.txt,13,14,1,0.000657,True
real_001825.txt,33,56,7,0.035814,True
real_001826.txt,32,77,9,0.351918,True
real_001827.txt,30,79,12,0.996762,True
real_001828.txt,12,12,1,0.00055,True
real_001829.txt,25,46,10,0.691308,True
real_001830.txt,17,19,2,0.000712,True
real_001831.txt,17,19,2,0.000717,True
real_001832.txt,29,109,13,0.484783,True
real_001833.txt,28,78,10,0.176574,True
real_001834.txt,20,41,3,0.002249,True
real_001835.txt,17,19,2,0.000774,True
real_001836.txt,12,14,2,0.000609,True
real_001837.txt,15,20,2,0.000937,True
real_001838.txt,27,57,6,0.014541,True
real_001839.txt,16,26,3,0.001287,True
real_001840.txt,31,133,15,1.160216,True
real_001841.txt,34,87,9,0.466655,True
real_001842.txt,33,76,7,0.102599,True
real_001843.txt,32,69,12,10.043939,True
real_001844.txt,13,14,1,0.00071,True
real_001845.txt,13,34,7,0.003763,True
real_001846.txt,14,35,4,0.001494,True
real_001847.txt,32,89,11,1.966203,True
real_001848.txt,17,19,2,0.00073,True
real_001849.txt,16,28,6,0.005121,True
real_001850.txt,14,19,2,0.000971,True
real_001851.txt,15,23,4,0.001888,True
real_001852.txt,25,46,10,0.687324,True
real_001853.txt,17,19,2,0.000719,True
real_001854.txt,23,34,5,0.004048,True
real_001855.txt,10,10,1,0.000484,True
real_001856.txt,11,23,4,0.00134,True
real_001857.txt,31,149,16,2.79098,True
real_001858.txt,21,37,7,0.018648,True
real_001859.txt,18,43,7,0.003883,True
real_001860.txt,32,120,17,6.921993,True
real_001861.txt,11,13,1,0.001065,True
real_001862.txt,19,38,3,0.003664,True
real_001863.txt,28,65,6,0.044674,True
real_001864.txt,13,14,1,0.000658,True
real_001865.txt,10,17,4,0.001231,True
real_001866.txt,23,54,6,0.03641,True
real_001867.txt,11,20,3,0.000994,True
real_001868.txt,17,67,9,0.018738,True
real_001869.txt,11,21,3,0.001035,True
real_001870.txt,22,49,6,0.006948,True
real_001871.txt,23,44,8,0.198649,True
real_001872.txt,30,82,10,2.008747,True
real_001873.txt,13,14,1,0.000736,True
real_001874.txt,19,30,5,0.002288,True
real_001875.txt,26,53,5,0.029098,True
real_001876.txt,11,13,2,0.000622,True
real_001877.txt,27,109,15,2.090413,True
real_001878.txt,25,42,6,0.012951,True
real_001879.txt,34,264,17,2.143617,True
real_001880.txt,17,32,3,0.001168,True
real_001881.txt,21,49,5,0.009573,True
real_001882.txt,24,57,6,0.038711,True
real_001883.txt,20,36,3,0.00298,True
real_001884.txt,12,26,4,0.001135,True
real_001885.txt,15,20,2,0.000978,True
real_001886.txt,23,38,6,0.011753,True
real_001887.txt,21,37,3,0.001594,True
real_001888.txt,11,19,3,0.000695,True
real_001889.txt,22,51,6,0.011427,True
real_001890.txt,27,46,9,0.273787,True
real_001891.txt,17,33,5,0.002522,True
real_001892.txt,27,46,9,0.271503,True
real_001893.txt,21,44,7,0.033411,True
real_001894.txt,31,70,7,0.077614,True
real_001895.txt,19,40,8,0.043049,True
real_001896.txt,15,20,2,0.000957,True
real_001897.txt,11,16,3,0.000981,True
real_001898.txt,13,14,1,0.000692,True
real_001899.txt,13,14,1,0.00066,True
real_001900.txt,22,45,9,0.301402,True
real_001901.txt,34,78,7,0.10328,True
real_001902.txt,23,51,8,0.083454,True
real_001903.txt,28,72,8,0.164093,True
real_001904.txt,15,20,2,0.000999,True
real_001905.txt,12,25,3,0.001269,True
real_001906.txt,13,14,1,0.000697,True
real_001907.txt,16,38,7,0.005338,True
real_001908.txt,27,46,9,0.271312,True
real_001909.txt,13,14,1,0.000729,True
real_001910.txt,24,60,6,0.019167,True
real_001911.txt,30,85,11,3.107392,True
real_001912.txt,18,33,7,0.021121,True
real_001913.txt,15,20,2,0.000939,True
real_001914.txt,25,56,6,0.036286,True
real_001915.txt,22,52,6,0.027604,True
real_001916.txt,27,46,9,0.271344,True
real_001917.txt,25,82,8,0.054753,True
real_001918.txt,19,31,6,0.012391,True
real_001919.txt,13,14,1,0.000707,True
real_001920.txt,17,19,2,0.000709,True
real_001921.txt,26,43,8,0.095746,True
real_001922.txt,14,22,3,0.001058,True
real_001923.txt,15,20,2,0.001061,True
real_001924.txt,30,52,9,0.529263,True
real_001925.txt,16,35,5,0.003854,True
real_001926.txt,15,29,5,0.003251,True
real_001927.txt,31,55,9,0.721962,True
real_001928.txt,19,40,4,0.00168,True
real_001929.txt,29,106,8,0.061362,True
real_001930.txt,16,31,5,0.001672,True
real_001931.txt,30,90,14,0.924723,True
real_001932.txt,34,125,8,0.092298,True
real_001933.txt,24,54,5,0.005717,True
real_001934.txt,17,19,2,0.000766,True
real_001935.txt,25,88,9,0.028078,True
real_001936.txt,28,72,6,0.022356,True
real_001937.txt,34,161,17,8.538664,True
real_001938.txt,25,70,6,0.009865,True
real_001939.txt,18,33,7,0.013156,True
real_001940.txt,24,95,13,0.461087,True
real_001941.txt,27,46,9,0.271158,True
real_001942.txt,13,24,3,0.000932,True
real_001943.txt,15,20,2,0.000946,True
real_001944.txt,13,28,4,0.001484,True
real_001945.txt,30,63,6,0.014389,True
real_001946.txt,14,30,4,0.001722,True
real_001947.txt,14,25,4,0.001044,True
real_001948.txt,23,51,8,0.083741,True
real_001949.txt,23,42,7,0.029918,True
real_001950.txt,20,67,5,0.007248,True
real_001951.txt,14,15,1,0.000684,True
real_001952.txt,24,43,9,0.264873,True
real_001953.txt,23,51,8,0.084573,True
real_001954.txt,17,23,2,0.001081,True
real_001955.txt,24,36,2,0.002082,True
real_001956.txt,32,65,7,0.031651,True
real_001957.txt,17,43,6,0.014539,True
real_001958.txt,20,35,6,0.007489,True
real_001959.txt,34,72,7,0.041635,True
real_001960.txt,14,25,4,0.002238,True
real_001961.txt,27,51,8,0.142714,True
real_001962.txt,27,39,4,0.002749,True
real_001963.txt,26,51,5,0.007479,True
real_001964.txt,21,42,8,0.0615,True
real_001965.txt,20,36,3,0.002657,True
real_001966.txt,13,26,4,0.001566,True
real_001967.txt,13,25,3,0.001141,True
real_001968.txt,24,54,9,0.388615,True
real_001969.txt,28,93,10,0.091008,True
real_001970.txt,23,51,8,0.083358,True
real_001971.txt,29,366,TIMEOUT,100,TIMEOUT
real_001972.txt,19,35,7,0.022804,True
real_001973.txt,15,20,2,0.00094,True
real_001974.txt,10,13,2,0.000655,True
real_001975.txt,16,33,5,0.003613,True
real_001976.txt,13,14,1,0.000957,True
real_001977.txt,22,52,10,0.159939,True
real_001978.txt,28,52,9,0.699815,True
real_001979.txt,14,18,2,0.000847,True
real_001980.txt,29,64,6,0.022457,True
real_001981.txt,12,26,4,0.001348,True
real_001982.txt,29,55,7,0.01079,True
real_001983.txt,15,20,2,0.001061,True
real_001984.txt,23,51,8,0.084121,True
real_001985.txt,14,28,4,0.001675,True
real_001986.txt,27,42,3,0.004254,True
real_001987.txt,11,23,5,0.001576,True
real_001988.txt,17,61,11,0.059171,True
real_001989.txt,15,74,8,0.004385,True
real_001990.txt,10,17,4,0.001144,True
real_001991.txt,22,38,3,0.003068,True
real_001992.txt,10,17,4,0.001188,True
real_001993.txt,29,66,7,0.013326,True
real_001994.txt,29,86,7,0.039317,True
real_001995.txt,15,29,3,0.001376,True
real_001996.txt,17,19,2,0.000716,True
real_001997.txt,33,62,9,0.279847,True
real_001998.txt,30,62,12,8.069068,True
real_001999.txt,10,17,4,0.001116,True
ba_000000.txt,19,34,3,0.001472,True
ba_000001.txt,18,32,3,0.001732,True
ba_000002.txt,19,34,4,0.002664,True
ba_000003.txt,30,56,5,0.022216,True
ba_000004.txt,34,64,5,0.01006,True
ba_000005.txt,23,42,4,0.013092,True
ba_000006.txt,21,38,4,0.003401,True
ba_000007.txt,28,75,8,0.172487,True
ba_000008.txt,33,62,4,0.007746,True
ba_000009.txt,35,66,6,0.106972,True
ba_000010.txt,27,72,7,0.062573,True
ba_000011.txt,28,52,5,0.017307,True
ba_000012.txt,23,60,5,0.006118,True
ba_000013.txt,31,58,5,0.008676,True
ba_000014.txt,21,54,6,0.014387,True
ba_000015.txt,15,36,4,0.002636,True
ba_000016.txt,28,52,4,0.005627,True
ba_000017.txt,21,38,4,0.002979,True
ba_000018.txt,34,64,5,0.013725,True
ba_000019.txt,19,34,3,0.001878,True
ba_000020.txt,16,28,4,0.001953,True
ba_000021.txt,17,42,4,0.002437,True
ba_000022.txt,28,52,4,0.004532,True
ba_000023.txt,30,81,8,0.588239,True
ba_000024.txt,22,40,3,0.002641,True
ba_000025.txt,23,42,5,0.006052,True
ba_000026.txt,30,56,5,0.008781,True
ba_000027.txt,30,81,7,0.159686,True
ba_000028.txt,30,56,4,0.005323,True
ba_000029.txt,22,40,4,0.004243,True
ba_000030.txt,26,48,3,0.00408,True
ba_000031.txt,19,48,5,0.005728,True
ba_000032.txt,25,46,4,0.003273,True
ba_000033.txt,32,87,7,0.168637,True
ba_000034.txt,26,69,8,0.12274,True
ba_000035.txt,18,32,3,0.002115,True
ba_000036.txt,35,66,5,0.024367,True
ba_000037.txt,25,66,6,0.042571,True
ba_000038.txt,22,40,4,0.004412,True
ba_000039.txt,27,50,4,0.009546,True
ba_000040.txt,31,84,8,0.149593,True
ba_000041.txt,24,63,7,0.045654,True
ba_000042.txt,22,40,3,0.002807,True
ba_000043.txt,23,42,3,0.004103,True
ba_000044.txt,35,66,4,0.021915,True
ba_000045.txt,21,38,4,0.002379,True
ba_000046.txt,32,60,4,0.006088,True
ba_000047.txt,30,81,7,0.044643,True
ba_000048.txt,28,52,5,0.008835,True
ba_000049.txt,28,75,8,0.212517,True
ba_000050.txt,27,50,4,0.006422,True
ba_000051.txt,35,66,6,0.034457,True
ba_000052.txt,19,48,5,0.005687,True
ba_000053.txt,30,81,5,0.012536,True
ba_000054.txt,25,66,7,0.066814,True
ba_000055.txt,29,54,3,0.006269,True
ba_000056.txt,20,51,6,0.017968,True
ba_000057.txt,31,58,6,0.026484,True
ba_000058.txt,25,66,7,0.067564,True
ba_000059.txt,15,36,4,0.002657,True
ba_000060.txt,24,44,4,0.0062,True
ba_000061.txt,32,87,8,0.321752,True
ba_000062.txt,23,60,8,0.257385,True
ba_000063.txt,26,69,8,0.084415,True
ba_000064.txt,22,57,5,0.015141,True
ba_000065.txt,19,48,6,0.009635,True
ba_000066.txt,30,56,4,0.012051,True
ba_000067.txt,23,42,3,0.00273,True
ba_000068.txt,16,28,3,0.001743,True
ba_000069.txt,15,26,3,0.001447,True
ba_000070.txt,16,28,3,0.001678,True
ba_000071.txt,21,38,3,0.00214,True
ba_000072.txt,25,46,4,0.004644,True
ba_000073.txt,19,34,4,0.002578,True
ba_000074.txt,31,84,9,0.594238,True
ba_000075.txt,21,38,3,0.002392,True
ba_000076.txt,15,36,4,0.001917,True
ba_000077.txt,28,75,8,0.777316,True
ba_000078.txt,22,40,4,0.003699,True
ba_000079.txt,34,64,6,0.022471,True
ba_000080.txt,24,44,3,0.002671,True
ba_000081.txt,16,39,5,0.004529,True
ba_000082.txt,17,42,5,0.00333,True
ba_000083.txt,22,40,4,0.003407,True
ba_000084.txt,28,75,6,0.066372,True
ba_000085.txt,35,66,6,0.038303,True
ba_000086.txt,24,63,7,0.085023,True
ba_000087.txt,32,87,7,0.035527,True
ba_000088.txt,32,87,9,0.217407,True
ba_000089.txt,27,72,6,0.026106,True
ba_000090.txt,23,60,6,0.024706,True
ba_000091.txt,34,64,7,0.26251,True
ba_000092.txt,29,54,5,0.011106,True
ba_000093.txt,28,52,2,0.003914,True
ba_000094.txt,22,40,3,0.00241,True
ba_000095.txt,15,26,3,0.001208,True
ba_000096.txt,20,36,3,0.001601,True
ba_000097.txt,18,32,3,0.002175,True
ba_000098.txt,21,38,3,0.001711,True
ba_000099.txt,24,44,3,0.002864,True
ba_000100.txt,29,54,4,0.008688,True
ba_000101.txt,16,39,5,0.004489,True
ba_000102.txt,29,78,7,0.269918,True
ba_000103.txt,29,78,10,1.385617,True
ba_000104.txt,16,39,5,0.004407,True
ba_000105.txt,22,57,6,0.032316,True
ba_000106.txt,25,46,5,0.010071,True
ba_000107.txt,30,81,8,0.117612,True
ba_000108.txt,19,48,5,0.003606,True
ba_000109.txt,27,72,8,0.243272,True
ba_000110.txt,30,81,7,0.061316,True
ba_000111.txt,15,26,3,0.001427,True
ba_000112.txt,35,96,9,1.288265,True
ba_000113.txt,24,44,3,0.002523,True
ba_000114.txt,18,32,3,0.001677,True
ba_000115.txt,35,66,7,0.049414,True
ba_000116.txt,31,84,7,0.048914,True
ba_000117.txt,27,72,8,0.173897,True
ba_000118.txt,16,28,2,0.001524,True
ba_000119.txt,23,60,7,0.062093,True
ba_000120.txt,16,39,4,0.002541,True
ba_000121.txt,17,30,3,0.00204,True
ba_000122.txt,24,63,7,0.098876,True
ba_000123.txt,17,30,3,0.001295,True
ba_000124.txt,25,66,6,0.034039,True
ba_000125.txt,31,58,4,0.005149,True
ba_000126.txt,30,81,8,0.256374,True
ba_000127.txt,18,32,3,0.001592,True
ba_000128.txt,16,28,3,0.001664,True
ba_000129.txt,31,58,6,0.018183,True
ba_000130.txt,21,54,4,0.003541,True
ba_000131.txt,28,75,8,0.207604,True
ba_000132.txt,20,51,5,0.004833,True
ba_000133.txt,16,28,3,0.001651,True
ba_000134.txt,27,50,4,0.005718,True
ba_000135.txt,23,42,4,0.003697,True
ba_000136.txt,15,26,3,0.001331,True
ba_000137.txt,29,54,5,0.013713,True
ba_000138.txt,22,57,7,0.111541,True
ba_000139.txt,16,39,5,0.003409,True
ba_000140.txt,28,52,4,0.005316,True
ba_000141.txt,27,50,4,0.006677,True
ba_000142.txt,34,64,6,0.044963,True
ba_000143.txt,18,32,4,0.002253,True
ba_000144.txt,25,46,4,0.004749,True
ba_000145.txt,24,44,5,0.008467,True
ba_000146.txt,26,48,6,0.017298,True
ba_000147.txt,21,54,6,0.007537,True
ba_000148.txt,30,56,5,0.018694,True
ba_000149.txt,26,69,7,0.04079,True
ba_000150.txt,27,50,5,0.008055,True
ba_000151.txt,24,44,4,0.003666,True
ba_000152.txt,26,48,5,0.008825,True
ba_000153.txt,32,87,10,4.56601,True
ba_000154.txt,28,75,7,0.047897,True
ba_000155.txt,16,28,4,0.00194,True
ba_000156.txt,19,48,5,0.00307,True
ba_000157.txt,21,38,4,0.002541,True
ba_000158.txt,27,72,7,0.088474,True
ba_000159.txt,18,32,4,0.001884,True
ba_000160.txt,20,51,5,0.004475,True
ba_000161.txt,34,64,6,0.032913,True
ba_000162.txt,20,36,3,0.001974,True
ba_000163.txt,22,57,6,0.011681,True
ba_000164.txt,21,54,5,0.006422,True
ba_000165.txt,32,60,5,0.010227,True
ba_000166.txt,35,96,9,0.537838,True
ba_000167.txt,28,52,5,0.008083,True
ba_000168.txt,29,78,7,0.058822,True
ba_000169.txt,18,45,6,0.006994,True
ba_000170.txt,19,48,6,0.005385,True
ba_000171.txt,16,28,3,0.001246,True
ba_000172.txt,25,46,6,0.019659,True
ba_000173.txt,30,81,6,0.064625,True
ba_000174.txt,26,69,8,0.585642,True
ba_000175.txt,20,51,6,0.00724,True
ba_000176.txt,31,84,8,0.445998,True
ba_000177.txt,33,90,8,0.504764,True
ba_000178.txt,22,57,5,0.0098,True
ba_000179.txt,33,62,5,0.020795,True
ba_000180.txt,30,81,8,0.687767,True
ba_000181.txt,26,48,4,0.003542,True
ba_000182.txt,22,40,4,0.002466,True
ba_000183.txt,31,84,8,0.150873,True
ba_000184.txt,32,87,7,0.173431,True
ba_000185.txt,16,39,4,0.002858,True
ba_000186.txt,22,40,4,0.003789,True
ba_000187.txt,27,72,7,0.050832,True
ba_000188.txt,25,66,5,0.0116,True
ba_000189.txt,17,42,4,0.003045,True
ba_000190.txt,28,75,8,0.437035,True
ba_000191.txt,31,84,9,1.014499,True
ba_000192.txt,33,90,8,0.566343,True
ba_000193.txt,30,81,8,0.194357,True
ba_000194.txt,33,62,4,0.005914,True
ba_000195.txt,23,60,7,0.044253,True
ba_000196.txt,24,63,5,0.007742,True
ba_000197.txt,29,78,8,0.188934,True
ba_000198.txt,19,34,3,0.002061,True
ba_000199.txt,17,42,5,0.004267,True
ba_000200.txt,22,40,5,0.009539,True
ba_000201.txt,25,66,5,0.00639,True
ba_000202.txt,22,57,7,0.039193,True
ba_000203.txt,28,75,8,0.195403,True
ba_000204.txt,20,36,4,0.002533,True
ba_000205.txt,27,50,5,0.009918,True
ba_000206.txt,24,44,4,0.004994,True
ba_000207.txt,28,52,3,0.003737,True
ba_000208.txt,18,32,2,0.001341,True
ba_000209.txt,18,45,6,0.007081,True
ba_000210.txt,26,69,7,0.04645,True
ba_000211.txt,26,48,4,0.005375,True
ba_000212.txt,35,66,6,0.02788,True
ba_000213.txt,30,81,7,0.05591,True
ba_000214.txt,22,40,4,0.005098,True
ba_000215.txt,16,39,5,0.004407,True
ba_000216.txt,29,78,9,1.047167,True
ba_000217.txt,27,72,7,0.130735,True
ba_000218.txt,30,56,5,0.019411,True
ba_000219.txt,27,50,4,0.004226,True
ba_000220.txt,15,36,5,0.004102,True
ba_000221.txt,32,60,6,0.303786,True
ba_000222.txt,34,64,5,0.014811,True
ba_000223.txt,28,52,6,0.038191,True
ba_000224.txt,18,45,5,0.00488,True
ba_000225.txt,18,45,5,0.003182,True
ba_000226.txt,26,48,5,0.016374,True
ba_000227.txt,33,90,9,1.309403,True
ba_000228.txt,29,78,8,0.16638,True
ba_000229.txt,19,34,3,0.001671,True
ba_000230.txt,23,60,5,0.014952,True
ba_000231.txt,33,62,6,0.028259,True
ba_000232.txt,35,96,9,1.442489,True
ba_000233.txt,31,84,8,0.371814,True
ba_000234.txt,29,78,7,0.028021,True
ba_000235.txt,24,63,7,0.06856,True
ba_000236.txt,17,30,3,0.001635,True
ba_000237.txt,28,52,6,0.023361,True
ba_000238.txt,30,81,8,0.241754,True
ba_000239.txt,27,50,5,0.012009,True
ba_000240.txt,35,96,9,0.898996,True
ba_000241.txt,25,46,5,0.021524,True
ba_000242.txt,32,87,8,0.562117,True
ba_000243.txt,18,45,4,0.002758,True
ba_000244.txt,22,40,4,0.002729,True
ba_000245.txt,24,63,7,0.065847,True
ba_000246.txt,28,75,6,0.135983,True
ba_000247.txt,18,32,4,0.002123,True
ba_000248.txt,26,48,4,0.004757,True
ba_000249.txt,31,84,8,0.305252,True
ba_000250.txt,30,56,5,0.018579,True
ba_000251.txt,20,51,6,0.012121,True
ba_000252.txt,34,64,5,0.007163,True
ba_000253.txt,21,54,6,0.073017,True
ba_000254.txt,20,51,6,0.018649,True
ba_000255.txt,35,66,5,0.020413,True
ba_000256.txt,28,75,7,0.123572,True
ba_000257.txt,20,36,3,0.002001,True
ba_000258.txt,28,75,7,0.081832,True
ba_000259.txt,25,66,6,0.02298,True
ba_000260.txt,34,93,9,0.734054,True
ba_000261.txt,31,58,4,0.006686,True
ba_000262.txt,34,93,9,1.305671,True
ba_000263.txt,20,51,6,0.036714,True
ba_000264.txt,32,87,9,0.216626,True
ba_000265.txt,31,84,8,0.085789,True
ba_000266.txt,26,48,5,0.012104,True
ba_000267.txt,25,46,3,0.003154,True
ba_000268.txt,35,66,6,0.020208,True
ba_000269.txt,15,26,3,0.001305,True
ba_000270.txt,21,54,6,0.011045,True
ba_000271.txt,33,62,6,0.019315,True
ba_000272.txt,33,62,5,0.008677,True
ba_000273.txt,21,38,3,0.002009,True
ba_000274.txt,19,48,6,0.010585,True
ba_000275.txt,25,46,4,0.00692,True
ba_000276.txt,16,28,3,0.001785,True
ba_000277.txt,32,60,3,0.004612,True
ba_000278.txt,34,93,9,0.396959,True
ba_000279.txt,16,39,5,0.004344,True
ba_000280.txt,22,40,4,0.00392,True
ba_000281.txt,18,45,5,0.007768,True
ba_000282.txt,28,75,7,0.097778,True
ba_000283.txt,33,62,6,0.031447,True
ba_000284.txt,33,62,5,0.008632,True
ba_000285.txt,24,44,4,0.003595,True
ba_000286.txt,18,45,6,0.010065,True
ba_000287.txt,31,84,7,0.109649,True
ba_000288.txt,19,34,4,0.002294,True
ba_000289.txt,29,54,5,0.006339,True
ba_000290.txt,15,36,5,0.003732,True
ba_000291.txt,25,46,5,0.006204,True
ba_000292.txt,21,54,6,0.037435,True
ba_000293.txt,18,45,5,0.003165,True
ba_000294.txt,18,32,3,0.001474,True
ba_000295.txt,16,39,5,0.002699,True
ba_000296.txt,24,63,6,0.024749,True
ba_000297.txt,22,57,6,0.027615,True
ba_000298.txt,33,62,6,0.04418,True
ba_000299.txt,34,93,9,0.731792,True
ba_000300.txt,17,42,5,0.004917,True
ba_000301.txt,15,36,4,0.002209,True
ba_000302.txt,34,64,5,0.015138,True
ba_000303.txt,28,75,8,0.199489,True
ba_000304.txt,30,81,9,0.212721,True
ba_000305.txt,23,60,7,0.042318,True
ba_000306.txt,28,75,8,0.118006,True
ba_000307.txt,34,64,6,0.049061,True
ba_000308.txt,15,26,3,0.001261,True
ba_000309.txt,34,64,6,0.022769,True
ba_000310.txt,16,28,4,0.001916,True
ba_000311.txt,29,78,7,0.058139,True
ba_000312.txt,30,56,4,0.00521,True
ba_000313.txt,31,84,8,0.206342,True
ba_000314.txt,23,60,7,0.086039,True
ba_000315.txt,30,56,5,0.010323,True
ba_000316.txt,31,84,9,2.244023,True
ba_000317.txt,24,63,6,0.075166,True
ba_000318.txt,32,60,5,0.025393,True
ba_000319.txt,35,66,5,0.016661,True
ba_000320.txt,23,42,4,0.003154,True
ba_000321.txt,32,87,10,0.943716,True
ba_000322.txt,27,72,8,0.099861,True
ba_000323.txt,19,48,5,0.004568,True
ba_000324.txt,19,34,4,0.002335,True
ba_000325.txt,23,42,4,0.002559,True
ba_000326.txt,34,93,9,0.347211,True
ba_000327.txt,20,36,3,0.004101,True
ba_000328.txt,33,90,10,2.412912,True
ba_000329.txt,27,72,7,0.076688,True
ba_000330.txt,34,64,5,0.01478,True
ba_000331.txt,24,44,5,0.00565,True
ba_000332.txt,23,60,5,0.004978,True
ba_000333.txt,35,96,8,1.023996,True
ba_000334.txt,28,75,7,0.092583,True
ba_000335.txt,31,84,9,1.576177,True
ba_000336.txt,21,38,2,0.001918,True
ba_000337.txt,20,51,5,0.005464,True
ba_000338.txt,22,40,4,0.003045,True
ba_000339.txt,31,58,6,0.053876,True
ba_000340.txt,19,34,3,0.001495,True
ba_000341.txt,34,93,9,1.39772,True
ba_000342.txt,23,60,5,0.04929,True
ba_000343.txt,15,36,4,0.002254,True
ba_000344.txt,32,60,6,0.021696,True
ba_000345.txt,18,45,4,0.001902,True
ba_000346.txt,23,60,6,0.011769,True
ba_000347.txt,27,72,8,0.051092,True
ba_000348.txt,23,42,5,0.010582,True
ba_000349.txt,23,42,4,0.003567,True
ba_000350.txt,31,84,8,0.121947,True
ba_000351.txt,20,36,4,0.002488,True
ba_000352.txt,28,52,4,0.004089,True
ba_000353.txt,23,42,4,0.007545,True
ba_000354.txt,29,78,8,0.348885,True
ba_000355.txt,28,75,6,0.033603,True
ba_000356.txt,20,51,6,0.00779,True
ba_000357.txt,32,87,8,0.324828,True
ba_000358.txt,18,32,3,0.001883,True
ba_000359.txt,31,84,7,0.050579,True
ba_000360.txt,18,45,5,0.006941,True
ba_000361.txt,31,84,9,0.613318,True
ba_000362.txt,23,60,5,0.009314,True
ba_000363.txt,15,26,3,0.001924,True
ba_000364.txt,29,54,4,0.003897,True
ba_000365.txt,23,42,4,0.004204,True
ba_000366.txt,17,42,6,0.007973,True
ba_000367.txt,34,64,7,0.046026,True
ba_000368.txt,34,64,5,0.022004,True
ba_000369.txt,15,26,3,0.001401,True
ba_000370.txt,17,42,4,0.002951,True
ba_000371.txt,33,90,9,1.808797,True
ba_000372.txt,15,26,3,0.00141,True
ba_000373.txt,29,54,5,0.01198,True
ba_000374.txt,31,84,9,0.541165,True
ba_000375.txt,32,87,9,1.3434,True
ba_000376.txt,33,90,8,0.118521,True
ba_000377.txt,21,54,5,0.005193,True
ba_000378.txt,29,78,7,0.182272,True
ba_000379.txt,25,66,9,0.269777,True
ba_000380.txt,16,39,4,0.001844,True
ba_000381.txt,25,66,7,0.282753,True
ba_000382.txt,21,38,4,0.002912,True
ba_000383.txt,16,39,5,0.006093,True
ba_000384.txt,27,50,5,0.008994,True
ba_000385.txt,32,60,4,0.005979,True
ba_000386.txt,25,46,4,0.013222,True
ba_000387.txt,31,84,8,0.128592,True
ba_000388.txt,20,36,4,0.002386,True
ba_000389.txt,35,96,9,1.816143,True
ba_000390.txt,20,36,3,0.001945,True
ba_000391.txt,33,90,8,0.128296,True
ba_000392.txt,31,58,4,0.00455,True
ba_000393.txt,23,60,6,0.018475,True
ba_000394.txt,16,39,4,0.00265,True
ba_000395.txt,31,58,5,0.009046,True
ba_000396.txt,23,42,4,0.005625,True
ba_000397.txt,20,51,6,0.012279,True
ba_000398.txt,34,93,9,0.46982,True
ba_000399.txt,16,39,5,0.003132,True
ba_000400.txt,34,93,8,0.249905,True
ba_000401.txt,21,54,6,0.006486,True
ba_000402.txt,34,64,6,0.015106,True
ba_000403.txt,31,58,5,0.00895,True
ba_000404.txt,29,54,4,0.005032,True
ba_000405.txt,18,32,4,0.002157,True
ba_000406.txt,31,84,8,0.179469,True
ba_000407.txt,29,54,6,0.021834,True
ba_000408.txt,23,60,6,0.057331,True
ba_000409.txt,27,50,4,0.005523,True
ba_000410.txt,17,42,5,0.003944,True
ba_000411.txt,32,87,9,0.686984,True
ba_000412.txt,32,60,5,0.012745,True
ba_000413.txt,21,54,6,0.01069,True
ba_000414.txt,31,84,9,0.351244,True
ba_000415.txt,29,54,5,0.013099,True
ba_000416.txt,17,30,2,0.001216,True
ba_000417.txt,34,64,5,0.008363,True
ba_000418.txt,16,39,5,0.003825,True
ba_000419.txt,22,40,4,0.004128,True
ba_000420.txt,21,54,6,0.014563,True
ba_000421.txt,18,32,3,0.001753,True
ba_000422.txt,33,90,9,1.820431,True
ba_000423.txt,34,93,8,0.656293,True
ba_000424.txt,23,42,4,0.015151,True
ba_000425.txt,30,56,6,0.02014,True
ba_000426.txt,15,26,3,0.001561,True
ba_000427.txt,28,75,7,0.058609,True
ba_000428.txt,28,75,7,0.132975,True
ba_000429.txt,32,87,9,1.23284,True
ba_000430.txt,17,42,6,0.017055,True
ba_000431.txt,34,64,4,0.010978,True
ba_000432.txt,32,87,8,0.386819,True
ba_000433.txt,28,52,5,0.029154,True
ba_000434.txt,28,75,8,0.462838,True
ba_000435.txt,35,96,8,0.565647,True
ba_000436.txt,21,54,6,0.006945,True
ba_000437.txt,17,30,4,0.002054,True
ba_000438.txt,26,69,7,0.042931,True
ba_000439.txt,32,60,3,0.004866,True
ba_000440.txt,18,45,5,0.007482,True
ba_000441.txt,25,46,4,0.017775,True
ba_000442.txt,33,90,10,1.429448,True
ba_000443.txt,30,81,7,0.033652,True
ba_000444.txt,23,42,4,0.00552,True
ba_000445.txt,20,36,4,0.003466,True
ba_000446.txt,31,58,6,0.088189,True
ba_000447.txt,33,62,5,0.009753,True
ba_000448.txt,21,38,4,0.002329,True
ba_000449.txt,23,42,4,0.004818,True
ba_000450.txt,23,42,3,0.002606,True
ba_000451.txt,25,46,4,0.003966,True
ba_000452.txt,25,66,6,0.023081,True
ba_000453.txt,34,93,10,1.257631,True
ba_000454.txt,17,30,3,0.001612,True
ba_000455.txt,26,48,4,0.003467,True
ba_000456.txt,35,66,6,0.017569,True
ba_000457.txt,33,62,5,0.033953,True
ba_000458.txt,22,57,7,0.229909,True
ba_000459.txt,15,36,4,0.002216,True
ba_000460.txt,21,54,4,0.004786,True
ba_000461.txt,33,90,8,0.715664,True
ba_000462.txt,34,93,8,0.380373,True
ba_000463.txt,20,51,6,0.01668,True
ba_000464.txt,25,46,3,0.004506,True
ba_000465.txt,30,56,4,0.004215,True
ba_000466.txt,31,58,5,0.007424,True
ba_000467.txt,22,40,4,0.002815,True
ba_000468.txt,28,52,5,0.010111,True
ba_000469.txt,27,50,4,0.005098,True
ba_000470.txt,23,60,6,0.03207,True
ba_000471.txt,28,52,4,0.004778,True
ba_000472.txt,18,45,5,0.009434,True
ba_000473.txt,30,81,8,0.205741,True
ba_000474.txt,17,30,3,0.00182,True
ba_000475.txt,29,78,8,0.315383,True
ba_000476.txt,30,56,6,0.034685,True
ba_000477.txt,34,93,8,2.175749,True
ba_000478.txt,16,28,4,0.001971,True
ba_000479.txt,22,57,6,0.041404,True
ba_000480.txt,27,72,8,0.137934,True
ba_000481.txt,16,39,5,0.003944,True
ba_000482.txt,22,57,6,0.016875,True
ba_000483.txt,25,66,7,0.126307,True
ba_000484.txt,31,84,8,0.067123,True
ba_000485.txt,22,57,5,0.005553,True
ba_000486.txt,21,38,5,0.00734,True
ba_000487.txt,28,52,4,0.004546,True
ba_000488.txt,21,54,5,0.010239,True
ba_000489.txt,15,36,4,0.001616,True
ba_000490.txt,24,63,7,0.058506,True
ba_000491.txt,25,46,4,0.007397,True
ba_000492.txt,31,58,5,0.011079,True
ba_000493.txt,24,63,6,0.039268,True
ba_000494.txt,23,60,7,0.045889,True
ba_000495.txt,20,51,4,0.004209,True
ba_000496.txt,25,46,5,0.006299,True
ba_000497.txt,26,48,3,0.003779,True
ba_000498.txt,15,36,5,0.003529,True
ba_000499.txt,27,72,8,0.209819,True
ba_000500.txt,30,56,4,0.00668,True
ba_000501.txt,29,54,5,0.008392,True
ba_000502.txt,21,38,3,0.002271,True
ba_000503.txt,33,90,10,2.181901,True
ba_000504.txt,35,96,9,0.662369,True
ba_000505.txt,17,30,3,0.00151,True
ba_000506.txt,16,28,3,0.001499,True
ba_000507.txt,27,72,8,0.096442,True
ba_000508.txt,23,42,4,0.005577,True
ba_000509.txt,35,96,10,1.533353,True
ba_000510.txt,17,42,5,0.005984,True
ba_000511.txt,29,78,7,0.041796,True
ba_000512.txt,33,90,9,0.715384,True
ba_000513.txt,33,62,5,0.040952,True
ba_000514.txt,18,32,4,0.001914,True
ba_000515.txt,33,90,7,0.216355,True
ba_000516.txt,31,84,8,0.202487,True
ba_000517.txt,18,32,3,0.001572,True
ba_000518.txt,30,81,7,0.05369,True
ba_000519.txt,33,90,8,0.204544,True
ba_000520.txt,31,58,5,0.009634,True
ba_000521.txt,18,32,4,0.002482,True
ba_000522.txt,35,96,10,3.102376,True
ba_000523.txt,22,40,5,0.009017,True
ba_000524.txt,28,52,4,0.008627,True
ba_000525.txt,28,52,4,0.005841,True
ba_000526.txt,22,57,6,0.015882,True
ba_000527.txt,17,42,6,0.012251,True
ba_000528.txt,26,69,8,0.138915,True
ba_000529.txt,28,75,7,0.028726,True
ba_000530.txt,23,42,4,0.003992,True
ba_000531.txt,32,60,4,0.005848,True
ba_000532.txt,28,75,7,0.035888,True
ba_000533.txt,23,42,3,0.002414,True
ba_000534.txt,24,44,5,0.011973,True
ba_000535.txt,28,75,7,0.075744,True
ba_000536.txt,34,93,9,0.443148,True
ba_000537.txt,19,48,6,0.007342,True
ba_000538.txt,22,40,3,0.002858,True
ba_000539.txt,19,48,4,0.002542,True
ba_000540.txt,26,48,3,0.005239,True
ba_000541.txt,22,57,6,0.038192,True
ba_000542.txt,28,52,5,0.016442,True
ba_000543.txt,25,66,7,0.047245,True
ba_000544.txt,21,38,2,0.001807,True
ba_000545.txt,20,36,3,0.002004,True
ba_000546.txt,33,90,8,0.191841,True
ba_000547.txt,19,34,4,0.002346,True
ba_000548.txt,17,30,3,0.001591,True
ba_000549.txt,25,46,5,0.007285,True
ba_000550.txt,24,63,7,0.029687,True
ba_000551.txt,27,72,7,0.075757,True
ba_000552.txt,26,48,4,0.004479,True
ba_000553.txt,26,48,3,0.004227,True
ba_000554.txt,33,90,7,0.054029,True
ba_000555.txt,32,87,8,0.845312,True
ba_000556.txt,23,42,4,0.004484,True
ba_000557.txt,35,66,7,0.077174,True
ba_000558.txt,25,46,3,0.002826,True
ba_000559.txt,16,39,4,0.003818,True
ba_000560.txt,29,78,8,0.252012,True
ba_000561.txt,16,39,5,0.003013,True
ba_000562.txt,22,40,4,0.004161,True
ba_000563.txt,35,96,10,1.876241,True
ba_000564.txt,30,56,6,0.013939,True
ba_000565.txt,25,46,5,0.011451,True
ba_000566.txt,35,96,9,0.866318,True
ba_000567.txt,21,54,6,0.011647,True
ba_000568.txt,16,39,4,0.00374,True
ba_000569.txt,28,75,7,0.37468,True
ba_000570.txt,15,36,4,0.002171,True
ba_000571.txt,35,66,5,0.013307,True
ba_000572.txt,31,84,7,0.596042,True
ba_000573.txt,26,48,4,0.006481,True
ba_000574.txt,24,44,5,0.007287,True
ba_000575.txt,21,54,6,0.027677,True
ba_000576.txt,35,66,4,0.012521,True
ba_000577.txt,19,34,3,0.002307,True
ba_000578.txt,33,62,4,0.013747,True
ba_000579.txt,31,84,8,0.117478,True
ba_000580.txt,28,75,8,0.13284,True
ba_000581.txt,21,38,3,0.002267,True
ba_000582.txt,18,32,4,0.003931,True
ba_000583.txt,28,75,7,0.0392,True
ba_000584.txt,21,38,4,0.002393,True
ba_000585.txt,32,60,6,0.022524,True
ba_000586.txt,33,90,9,2.47749,True
ba_000587.txt,17,30,3,0.00157,True
ba_000588.txt,30,81,7,0.139001,True
ba_000589.txt,26,69,7,0.12953,True
ba_000590.txt,23,60,7,0.028397,True
ba_000591.txt,16,39,5,0.003193,True
ba_000592.txt,20,36,4,0.00257,True
ba_000593.txt,30,81,6,0.031319,True
ba_000594.txt,21,38,3,0.00221,True
ba_000595.txt,29,78,8,0.20198,True
ba_000596.txt,27,72,7,0.106712,True
ba_000597.txt,35,66,6,0.019416,True
ba_000598.txt,32,87,7,0.06956,True
ba_000599.txt,31,58,4,0.004584,True
ba_000600.txt,25,66,6,0.06329,True
ba_000601.txt,31,58,4,0.008193,True
ba_000602.txt,28,75,7,0.071,True
ba_000603.txt,18,45,6,0.023431,True
ba_000604.txt,30,56,4,0.003813,True
ba_000605.txt,32,87,9,1.734322,True
ba_000606.txt,33,90,8,0.073936,True
ba_000607.txt,30,56,6,0.030847,True
ba_000608.txt,24,63,5,0.011214,True
ba_000609.txt,35,96,10,0.469724,True
ba_000610.txt,24,63,7,0.120886,True
ba_000611.txt,29,78,9,1.259403,True
ba_000612.txt,34,93,9,0.841931,True
ba_000613.txt,32,60,6,0.034135,True
ba_000614.txt,25,66,5,0.021609,True
ba_000615.txt,25,46,3,0.017429,True
ba_000616.txt,34,93,9,0.232169,True
ba_000617.txt,34,64,5,0.0137,True
ba_000618.txt,33,90,8,1.00409,True
ba_000619.txt,16,28,3,0.001395,True
ba_000620.txt,24,63,6,0.015543,True
ba_000621.txt,31,84,7,0.072389,True
ba_000622.txt,30,81,9,1.272933,True
ba_000623.txt,34,64,4,0.018631,True
ba_000624.txt,15,36,5,0.003642,True
ba_000625.txt,30,81,9,0.41596,True
ba_000626.txt,24,44,6,0.021262,True
ba_000627.txt,24,44,5,0.007749,True
ba_000628.txt,33,90,10,2.575631,True
ba_000629.txt,16,39,5,0.005332,True
ba_000630.txt,20,36,3,0.002199,True
ba_000631.txt,30,56,5,0.013103,True
ba_000632.txt,32,87,8,0.135629,True
ba_000633.txt,34,64,4,0.005885,True
ba_000634.txt,21,54,6,0.016745,True
ba_000635.txt,24,44,4,0.005112,True
ba_000636.txt,15,36,4,0.003859,True
ba_000637.txt,24,63,7,0.056947,True
ba_000638.txt,17,42,4,0.002542,True
ba_000639.txt,18,32,4,0.002292,True
ba_000640.txt,23,60,7,0.042321,True
ba_000641.txt,29,78,8,0.187249,True
ba_000642.txt,16,39,4,0.002012,True
ba_000643.txt,19,34,3,0.001971,True
ba_000644.txt,33,62,5,0.009305,True
ba_000645.txt,22,57,6,0.024878,True
ba_000646.txt,15,26,2,0.001101,True
ba_000647.txt,31,58,4,0.005349,True
ba_000648.txt,34,93,10,13.538926,True
ba_000649.txt,28,75,7,0.128843,True
ba_000650.txt,21,54,6,0.005849,True
ba_000651.txt,26,69,7,0.08101,True
ba_000652.txt,26,48,4,0.011753,True
ba_000653.txt,35,96,9,0.671809,True
ba_000654.txt,15,36,5,0.0035,True
ba_000655.txt,19,48,5,0.004944,True
ba_000656.txt,20,51,5,0.00727,True
ba_000657.txt,27,72,7,0.07403,True
ba_000658.txt,15,26,3,0.001445,True
ba_000659.txt,29,54,5,0.010304,True
ba_000660.txt,27,72,7,0.096373,True
ba_000661.txt,23,60,6,0.023046,True
ba_000662.txt,34,93,9,10.076315,True
ba_000663.txt,23,60,7,0.061571,True
ba_000664.txt,33,62,6,0.061703,True
ba_000665.txt,34,64,4,0.009152,True
ba_000666.txt,19,34,4,0.002564,True
ba_000667.txt,27,72,6,0.017679,True
ba_000668.txt,17,30,3,0.001263,True
ba_000669.txt,31,84,8,0.281602,True
ba_000670.txt,25,46,4,0.005471,True
ba_000671.txt,35,96,7,0.32774,True
ba_000672.txt,21,54,5,0.003615,True
ba_000673.txt,35,96,9,0.7353,True
ba_000674.txt,16,39,4,0.002257,True
ba_000675.txt,30,81,9,0.775468,True
ba_000676.txt,26,48,5,0.00726,True
ba_000677.txt,18,32,3,0.001952,True
ba_000678.txt,28,75,7,0.068181,True
ba_000679.txt,30,56,4,0.004693,True
ba_000680.txt,21,38,5,0.003963,True
ba_000681.txt,27,50,4,0.004823,True
ba_000682.txt,16,39,4,0.001734,True
ba_000683.txt,34,64,6,0.019652,True
ba_000684.txt,24,44,5,0.007345,True
ba_000685.txt,27,72,8,0.201926,True
ba_000686.txt,32,87,9,0.856407,True
ba_000687.txt,15,26,2,0.001273,True
ba_000688.txt,30,81,9,2.096707,True
ba_000689.txt,28,75,7,0.03242,True
ba_000690.txt,35,66,5,0.011998,True
ba_000691.txt,32,60,5,0.011468,True
ba_000692.txt,31,58,5,0.043171,True
ba_000693.txt,15,26,3,0.001407,True
ba_000694.txt,23,42,3,0.003128,True
ba_000695.txt,26,69,5,0.009696,True
ba_000696.txt,21,38,3,0.002622,True
ba_000697.txt,25,46,5,0.01268,True
ba_000698.txt,28,52,5,0.039584,True
ba_000699.txt,33,62,5,0.027117,True
ba_000700.txt,34,93,10,0.669683,True
ba_000701.txt,17,30,3,0.001499,True
ba_000702.txt,33,62,4,0.01032,True
ba_000703.txt,26,69,6,0.024747,True
ba_000704.txt,20,36,3,0.002511,True
ba_000705.txt,19,48,6,0.011235,True
ba_000706.txt,20,36,3,0.002139,True
ba_000707.txt,19,48,5,0.004182,True
ba_000708.txt,20,51,5,0.006113,True
ba_000709.txt,17,42,5,0.005962,True
ba_000710.txt,17,30,3,0.00184,True
ba_000711.txt,29,78,7,0.065843,True
ba_000712.txt,18,32,3,0.001923,True
ba_000713.txt,34,93,8,0.557501,True
ba_000714.txt,21,54,6,0.011905,True
ba_000715.txt,32,87,10,2.462577,True
ba_000716.txt,26,69,6,0.018755,True
ba_000717.txt,17,30,3,0.002531,True
ba_000718.txt,32,87,7,0.055535,True
ba_000719.txt,22,40,4,0.003722,True
ba_000720.txt,19,48,6,0.006716,True
ba_000721.txt,18,32,3,0.001612,True
ba_000722.txt,33,90,9,0.384589,True
ba_000723.txt,15,36,3,0.001562,True
ba_000724.txt,18,32,4,0.002407,True
ba_000725.txt,33,90,9,0.230114,True
ba_000726.txt,16,28,3,0.001803,True
ba_000727.txt,30,56,4,0.004881,True
ba_000728.txt,15,36,5,0.004446,True
ba_000729.txt,32,87,10,7.461942,True
ba_000730.txt,28,75,8,0.152495,True
ba_000731.txt,24,63,7,0.076862,True
ba_000732.txt,23,42,4,0.003184,True
ba_000733.txt,16,28,3,0.001447,True
ba_000734.txt,21,38,4,0.002294,True
ba_000735.txt,33,90,10,0.837056,True
ba_000736.txt,34,93,9,0.480576,True
ba_000737.txt,28,75,8,0.44707,True
ba_000738.txt,23,42,4,0.003738,True
ba_000739.txt,34,93,9,0.942234,True
ba_000740.txt,19,34,3,0.002179,True
ba_000741.txt,20,51,6,0.007577,True
ba_000742.txt,18,45,3,0.002108,True
ba_000743.txt,19,48,6,0.013319,True
ba_000744.txt,24,44,5,0.007614,True
ba_000745.txt,32,87,8,0.585903,True
ba_000746.txt,18,45,5,0.004758,True
ba_000747.txt,35,96,8,0.288291,True
ba_000748.txt,17,30,3,0.001575,True
ba_000749.txt,30,56,6,0.028798,True
ba_000750.txt,22,40,4,0.003117,True
ba_000751.txt,33,62,6,0.033097,True
ba_000752.txt,16,39,5,0.004506,True
ba_000753.txt,31,84,9,1.092964,True
ba_000754.txt,27,72,8,0.482289,True
ba_000755.txt,27,72,7,0.03207,True
ba_000756.txt,27,50,3,0.003781,True
ba_000757.txt,25,46,4,0.005987,True
ba_000758.txt,15,26,3,0.001117,True
ba_000759.txt,22,57,6,0.013286,True
ba_000760.txt,34,64,5,0.018986,True
ba_000761.txt,33,62,5,0.033006,True
ba_000762.txt,33,62,4,0.013388,True
ba_000763.txt,29,78,8,0.342243,True
ba_000764.txt,33,62,5,0.015104,True
ba_000765.txt,34,93,8,0.139951,True
ba_000766.txt,16,28,3,0.00136,True
ba_000767.txt,21,38,4,0.002303,True
ba_000768.txt,22,57,6,0.03447,True
ba_000769.txt,26,48,4,0.004817,True
ba_000770.txt,32,60,5,0.013467,True
ba_000771.txt,19,48,6,0.012994,True
ba_000772.txt,23,60,7,0.181399,True
ba_000773.txt,25,66,7,0.033364,True
ba_000774.txt,30,56,4,0.007375,True
ba_000775.txt,16,39,5,0.004093,True
ba_000776.txt,26,48,5,0.012924,True
ba_000777.txt,20,51,7,0.030885,True
ba_000778.txt,23,42,4,0.003116,True
ba_000779.txt,20,36,4,0.002357,True
ba_000780.txt,30,56,3,0.00435,True
ba_000781.txt,26,48,4,0.006202,True
ba_000782.txt,30,81,7,0.068561,True
ba_000783.txt,18,32,3,0.002102,True
ba_000784.txt,26,69,8,0.084492,True
ba_000785.txt,15,36,4,0.002774,True
ba_000786.txt,19,34,4,0.002301,True
ba_000787.txt,29,78,7,0.061486,True
ba_000788.txt,27,50,3,0.004246,True
ba_000789.txt,23,42,4,0.003091,True
ba_000790.txt,20,51,5,0.009597,True
ba_000791.txt,20,36,3,0.00151,True
ba_000792.txt,19,34,3,0.001832,True
ba_000793.txt,17,30,4,0.001951,True
ba_000794.txt,28,75,7,0.044025,True
ba_000795.txt,35,66,4,0.006896,True
ba_000796.txt,32,60,5,0.00717,True
ba_000797.txt,30,56,5,0.009079,True
ba_000798.txt,18,45,6,0.013085,True
ba_000799.txt,23,42,4,0.003745,True
ba_000800.txt,16,39,4,0.002207,True
ba_000801.txt,19,48,6,0.02102,True
ba_000802.txt,22,57,6,0.024638,True
ba_000803.txt,23,60,7,0.058812,True
ba_000804.txt,28,75,6,0.06587,True
ba_000805.txt,31,58,5,0.017386,True
ba_000806.txt,23,42,3,0.003006,True
ba_000807.txt,19,48,5,0.003884,True
ba_000808.txt,32,87,8,0.305192,True
ba_000809.txt,35,96,9,0.579458,True
ba_000810.txt,23,60,7,0.057338,True
ba_000811.txt,28,75,7,0.033368,True
ba_000812.txt,24,63,7,0.068006,True
ba_000813.txt,35,96,9,0.786696,True
ba_000814.txt,24,63,6,0.019968,True
ba_000815.txt,15,26,2,0.001547,True
ba_000816.txt,25,66,6,0.026825,True
ba_000817.txt,24,63,7,0.065256,True
ba_000818.txt,35,66,6,0.049734,True
ba_000819.txt,26,69,6,0.019152,True
ba_000820.txt,26,69,6,0.023624,True
ba_000821.txt,18,32,3,0.001362,True
ba_000822.txt,17,30,3,0.001713,True
ba_000823.txt,20,36,3,0.002238,True
ba_000824.txt,35,66,5,0.017876,True
ba_000825.txt,22,57,6,0.017102,True
ba_000826.txt,22,57,6,0.017484,True
ba_000827.txt,18,45,5,0.01249,True
ba_000828.txt,31,58,5,0.027974,True
ba_000829.txt,19,34,3,0.001756,True
ba_000830.txt,35,96,9,0.753832,True
ba_000831.txt,32,87,8,0.094539,True
ba_000832.txt,27,50,4,0.005048,True
ba_000833.txt,29,54,5,0.020287,True
ba_000834.txt,23,42,4,0.008382,True
ba_000835.txt,29,78,8,0.266426,True
ba_000836.txt,31,84,8,3.728179,True
ba_000837.txt,22,57,6,0.042682,True
ba_000838.txt,22,57,7,0.02063,True
ba_000839.txt,33,90,9,1.248229,True
ba_000840.txt,15,26,3,0.001256,True
ba_000841.txt,32,87,9,0.428144,True
ba_000842.txt,17,30,3,0.001335,True
ba_000843.txt,17,30,3,0.001564,True
ba_000844.txt,30,81,6,0.043803,True
ba_000845.txt,24,44,3,0.003085,True
ba_000846.txt,22,40,3,0.002973,True
ba_000847.txt,30,56,5,0.01001,True
ba_000848.txt,29,78,5,0.009003,True
ba_000849.txt,33,90,8,0.232918,True
ba_000850.txt,18,32,3,0.002322,True
ba_000851.txt,23,60,6,0.077614,True
ba_000852.txt,23,42,4,0.00396,True
ba_000853.txt,23,42,4,0.00339,True
ba_000854.txt,19,48,5,0.002965,True
ba_000855.txt,15,26,2,0.001267,True
ba_000856.txt,20,51,4,0.004066,True
ba_000857.txt,25,46,5,0.006441,True
ba_000858.txt,33,62,4,0.00613,True
ba_000859.txt,19,34,3,0.001667,True
ba_000860.txt,25,46,4,0.004207,True
ba_000861.txt,22,40,4,0.003674,True
ba_000862.txt,32,60,4,0.009746,True
ba_000863.txt,19,34,3,0.002034,True
ba_000864.txt,15,36,5,0.009858,True
ba_000865.txt,24,63,6,0.035541,True
ba_000866.txt,26,69,8,0.126915,True
ba_000867.txt,21,38,4,0.002187,True
ba_000868.txt,17,30,3,0.001841,True
ba_000869.txt,30,81,7,0.04303,True
ba_000870.txt,31,84,7,0.085884,True
ba_000871.txt,16,28,3,0.001561,True
ba_000872.txt,28,75,8,0.815998,True
ba_000873.txt,35,66,5,0.015331,True
ba_000874.txt,16,28,3,0.001349,True
ba_000875.txt,32,87,8,0.237884,True
ba_000876.txt,35,66,6,0.048153,True
ba_000877.txt,33,62,6,0.02801,True
ba_000878.txt,25,66,8,0.112242,True
ba_000879.txt,20,51,5,0.003378,True
ba_000880.txt,28,75,7,0.122591,True
ba_000881.txt,17,30,3,0.001471,True
ba_000882.txt,35,66,6,0.022286,True
ba_000883.txt,19,34,4,0.002808,True
ba_000884.txt,23,60,5,0.018099,True
ba_000885.txt,29,78,9,0.312133,True
ba_000886.txt,18,45,5,0.004598,True
ba_000887.txt,33,90,9,1.000895,True
ba_000888.txt,32,87,7,0.145102,True
ba_000889.txt,35,66,4,0.007719,True
ba_000890.txt,30,81,8,0.337661,True
ba_000891.txt,24,44,4,0.003521,True
ba_000892.txt,23,42,4,0.003887,True
ba_000893.txt,23,60,6,0.021068,True
ba_000894.txt,20,51,5,0.021945,True
ba_000895.txt,35,66,6,0.040003,True
ba_000896.txt,28,75,9,0.508869,True
ba_000897.txt,25,46,4,0.00895,True
ba_000898.txt,20,36,4,0.002325,True
ba_000899.txt,19,34,2,0.001622,True
ba_000900.txt,16,39,5,0.004533,True
ba_000901.txt,25,66,6,0.055054,True
ba_000902.txt,27,72,7,0.075799,True
ba_000903.txt,27,72,7,0.059339,True
ba_000904.txt,19,34,3,0.00423,True
ba_000905.txt,33,90,9,0.623739,True
ba_000906.txt,23,60,6,0.019761,True
ba_000907.txt,19,34,3,0.002061,True
ba_000908.txt,35,66,3,0.005936,True
ba_000909.txt,16,39,5,0.003552,True
ba_000910.txt,18,32,4,0.002015,True
ba_000911.txt,34,93,8,0.261581,True
ba_000912.txt,18,45,6,0.014679,True
ba_000913.txt,34,64,4,0.007432,True
ba_000914.txt,31,84,9,0.617088,True
ba_000915.txt,24,63,6,0.020467,True
ba_000916.txt,18,32,3,0.001621,True
ba_000917.txt,20,51,6,0.021997,True
ba_000918.txt,29,54,5,0.009269,True
ba_000919.txt,34,93,8,0.207976,True
ba_000920.txt,32,60,5,0.011004,True
ba_000921.txt,29,78,7,0.061083,True
ba_000922.txt,34,64,5,0.013544,True
ba_000923.txt,35,96,11,10.074018,True
ba_000924.txt,33,62,6,0.064312,True
ba_000925.txt,21,38,3,0.002742,True
ba_000926.txt,18,45,6,0.010781,True
ba_000927.txt,30,56,4,0.011118,True
ba_000928.txt,31,84,7,0.07045,True
ba_000929.txt,29,54,4,0.006166,True
ba_000930.txt,33,62,5,0.007969,True
ba_000931.txt,15,36,5,0.002603,True
ba_000932.txt,28,75,8,0.337385,True
ba_000933.txt,29,78,7,0.051077,True
ba_000934.txt,25,46,5,0.008362,True
ba_000935.txt,24,44,4,0.004787,True
ba_000936.txt,27,72,8,0.2313,True
ba_000937.txt,30,81,8,0.277916,True
ba_000938.txt,32,87,7,0.149346,True
ba_000939.txt,16,39,4,0.00294,True
ba_000940.txt,21,38,4,0.004218,True
ba_000941.txt,26,48,3,0.004267,True
ba_000942.txt,32,87,8,0.138236,True
ba_000943.txt,19,34,3,0.001965,True
ba_000944.txt,22,40,4,0.004489,True
ba_000945.txt,26,69,6,0.018976,True
ba_000946.txt,34,93,7,0.149345,True
ba_000947.txt,18,45,5,0.003632,True
ba_000948.txt,15,26,3,0.001131,True
ba_000949.txt,21,54,6,0.015651,True
ba_000950.txt,17,30,3,0.001755,True
ba_000951.txt,23,60,6,0.04246,True
ba_000952.txt,30,81,7,0.188322,True
ba_000953.txt,18,32,3,0.001704,True
ba_000954.txt,22,40,4,0.00323,True
ba_000955.txt,15,36,3,0.001649,True
ba_000956.txt,22,40,3,0.003055,True
ba_000957.txt,28,75,8,0.165355,True
ba_000958.txt,18,45,5,0.012435,True
ba_000959.txt,17,30,3,0.001662,True
ba_000960.txt,33,62,5,0.031947,True
ba_000961.txt,31,58,6,0.030309,True
ba_000962.txt,27,72,7,0.042821,True
ba_000963.txt,33,62,4,0.010457,True
ba_000964.txt,19,34,3,0.002516,True
ba_000965.txt,15,36,5,0.005152,True
ba_000966.txt,28,52,4,0.005491,True
ba_000967.txt,24,63,6,0.023536,True
ba_000968.txt,30,81,8,0.532812,True
ba_000969.txt,25,46,5,0.015352,True
ba_000970.txt,28,75,7,0.029087,True
ba_000971.txt,20,51,6,0.010926,True
ba_000972.txt,24,63,7,0.044866,True
ba_000973.txt,19,34,3,0.003138,True
ba_000974.txt,26,48,5,0.008384,True
ba_000975.txt,20,36,4,0.002366,True
ba_000976.txt,16,28,3,0.001549,True
ba_000977.txt,33,62,5,0.018275,True
ba_000978.txt,26,69,7,0.068438,True
ba_000979.txt,24,63,8,0.394959,True
ba_000980.txt,35,96,9,0.443177,True
ba_000981.txt,16,39,4,0.002297,True
ba_000982.txt,17,30,4,0.002514,True
ba_000983.txt,23,60,5,0.010665,True
ba_000984.txt,18,45,4,0.002722,True
ba_000985.txt,31,58,4,0.028158,True
ba_000986.txt,24,44,3,0.00391,True
ba_000987.txt,24,63,7,0.027716,True
ba_000988.txt,22,57,7,0.030005,True
ba_000989.txt,34,64,6,0.120412,True
ba_000990.txt,16,39,6,0.012295,True
ba_000991.txt,19,48,5,0.004934,True
ba_000992.txt,33,90,9,0.493446,True
ba_000993.txt,30,56,5,0.026994,True
ba_000994.txt,26,48,5,0.006319,True
ba_000995.txt,22,40,3,0.002981,True
ba_000996.txt,31,84,7,0.043009,True
ba_000997.txt,24,44,4,0.006174,True
ba_000998.txt,23,60,5,0.007381,True
ba_000999.txt,34,64,6,0.014855,True
ba_001000.txt,19,34,4,0.002364,True
ba_001001.txt,33,62,5,0.016629,True
ba_001002.txt,26,48,4,0.002936,True
ba_001003.txt,35,66,5,0.010944,True
ba_001004.txt,22,40,3,0.003324,True
ba_001005.txt,34,64,5,0.012127,True
ba_001006.txt,26,48,5,0.006657,True
ba_001007.txt,30,81,8,0.316174,True
ba_001008.txt,15,26,3,0.00147,True
ba_001009.txt,25,46,4,0.005659,True
ba_001010.txt,31,58,5,0.008621,True
ba_001011.txt,33,90,8,0.213678,True
ba_001012.txt,26,48,4,0.004802,True
ba_001013.txt,35,96,7,0.074429,True
ba_001014.txt,33,62,5,0.019357,True
ba_001015.txt,18,45,6,0.012563,True
ba_001016.txt,27,72,9,0.186926,True
ba_001017.txt,27,50,5,0.014569,True
ba_001018.txt,22,57,7,0.049528,True
ba_001019.txt,30,81,8,0.331738,True
ba_001020.txt,35,96,8,0.58412,True
ba_001021.txt,26,69,8,0.104252,True
ba_001022.txt,34,93,9,0.777671,True
ba_001023.txt,32,87,8,0.236111,True
ba_001024.txt,17,30,2,0.001451,True
ba_001025.txt,23,60,7,0.076168,True
ba_001026.txt,20,36,3,0.002075,True
ba_001027.txt,15,26,3,0.001424,True
ba_001028.txt,22,40,4,0.00263,True
ba_001029.txt,29,54,3,0.003543,True
ba_001030.txt,34,64,6,0.024267,True
ba_001031.txt,27,50,4,0.007095,True
ba_001032.txt,15,26,3,0.001439,True
ba_001033.txt,16,28,4,0.002081,True
ba_001034.txt,33,62,6,0.036963,True
ba_001035.txt,21,38,4,0.003738,True
ba_001036.txt,23,60,4,0.005081,True
ba_001037.txt,19,34,3,0.002431,True
ba_001038.txt,15,26,2,0.001043,True
ba_001039.txt,26,48,5,0.015183,True
ba_001040.txt,29,78,8,0.096162,True
ba_001041.txt,28,75,6,0.048805,True
ba_001042.txt,29,54,4,0.007983,True
ba_001043.txt,24,44,4,0.006083,True
ba_001044.txt,20,36,3,0.002507,True
ba_001045.txt,19,48,6,0.010903,True
ba_001046.txt,19,34,4,0.002585,True
ba_001047.txt,26,48,3,0.003584,True
ba_001048.txt,16,39,4,0.001766,True
ba_001049.txt,17,30,4,0.001901,True
ba_001050.txt,16,39,4,0.002845,True
ba_001051.txt,24,63,7,0.051038,True
ba_001052.txt,30,56,5,0.018441,True
ba_001053.txt,35,66,6,0.041939,True
ba_001054.txt,25,66,5,0.020178,True
ba_001055.txt,26,48,5,0.008355,True
ba_001056.txt,17,42,6,0.013128,True
ba_001057.txt,25,66,7,0.372663,True
ba_001058.txt,31,58,5,0.02045,True
ba_001059.txt,19,34,4,0.00221,True
ba_001060.txt,30,56,5,0.013254,True
ba_001061.txt,27,72,5,0.020586,True
ba_001062.txt,19,48,6,0.007492,True
ba_001063.txt,34,93,10,24.654588,True
ba_001064.txt,29,54,5,0.01167,True
ba_001065.txt,25,46,4,0.003704,True
ba_001066.txt,32,60,5,0.008097,True
ba_001067.txt,23,42,4,0.002894,True
ba_001068.txt,30,81,8,0.516637,True
ba_001069.txt,21,54,6,0.006312,True
ba_001070.txt,35,66,6,0.032265,True
ba_001071.txt,20,36,4,0.002324,True
ba_001072.txt,21,54,7,0.029144,True
ba_001073.txt,26,69,7,0.062919,True
ba_001074.txt,16,28,3,0.001511,True
ba_001075.txt,24,63,6,0.025192,True
ba_001076.txt,16,39,6,0.009778,True
ba_001077.txt,28,75,7,0.147003,True
ba_001078.txt,28,52,4,0.007496,True
ba_001079.txt,22,40,4,0.003433,True
ba_001080.txt,18,32,3,0.002661,True
ba_001081.txt,24,63,6,0.042795,True
ba_001082.txt,31,58,5,0.01203,True
ba_001083.txt,20,36,4,0.003759,True
ba_001084.txt,15,26,2,0.001134,True
ba_001085.txt,22,40,4,0.003853,True
ba_001086.txt,30,56,5,0.01283,True
ba_001087.txt,27,50,4,0.005443,True
ba_001088.txt,31,58,6,0.01741,True
ba_001089.txt,31,58,5,0.02216,True
ba_001090.txt,16,39,5,0.002776,True
ba_001091.txt,20,36,4,0.003532,True
ba_001092.txt,25,46,3,0.002683,True
ba_001093.txt,25,66,7,0.068608,True
ba_001094.txt,20,36,3,0.002156,True
ba_001095.txt,30,56,5,0.040594,True
ba_001096.txt,15,36,5,0.002662,True
ba_001097.txt,28,52,5,0.00528,True
ba_001098.txt,31,58,4,0.007201,True
ba_001099.txt,25,46,5,0.005781,True
ba_001100.txt,20,51,6,0.01965,True
ba_001101.txt,19,48,5,0.004196,True
ba_001102.txt,34,93,9,0.176607,True
ba_001103.txt,31,58,6,0.018665,True
ba_001104.txt,16,28,3,0.001414,True
ba_001105.txt,28,52,6,0.0151,True
ba_001106.txt,27,50,4,0.004532,True
ba_001107.txt,30,56,4,0.009688,True
ba_001108.txt,23,42,3,0.00231,True
ba_001109.txt,21,54,7,0.027435,True
ba_001110.txt,22,57,6,0.035916,True
ba_001111.txt,34,64,6,0.034629,True
ba_001112.txt,22,40,4,0.003322,True
ba_001113.txt,35,96,9,0.73442,True
ba_001114.txt,28,52,5,0.00858,True
ba_001115.txt,16,28,3,0.001338,True
ba_001116.txt,21,54,6,0.018292,True
ba_001117.txt,23,42,4,0.003652,True
ba_001118.txt,30,81,6,0.190427,True
ba_001119.txt,33,90,8,0.671912,True
ba_001120.txt,26,48,5,0.009783,True
ba_001121.txt,33,90,8,0.248821,True
ba_001122.txt,26,69,7,0.082702,True
ba_001123.txt,21,54,6,0.012832,True
ba_001124.txt,15,36,5,0.002786,True
ba_001125.txt,17,30,2,0.001464,True
ba_001126.txt,26,69,5,0.011622,True
ba_001127.txt,31,84,10,3.728572,True
ba_001128.txt,18,32,3,0.00255,True
ba_001129.txt,28,52,3,0.005156,True
ba_001130.txt,28,75,8,0.181074,True
ba_001131.txt,24,44,5,0.005051,True
ba_001132.txt,27,72,7,0.08357,True
ba_001133.txt,18,32,3,0.002385,True
ba_001134.txt,21,54,5,0.007413,True
ba_001135.txt,33,90,9,0.502949,True
ba_001136.txt,30,81,8,0.139952,True
ba_001137.txt,16,39,5,0.002818,True
ba_001138.txt,34,64,5,0.009595,True
ba_001139.txt,20,51,5,0.007511,True
ba_001140.txt,26,48,4,0.00506,True
ba_001141.txt,27,72,8,0.127586,True
ba_001142.txt,31,58,5,0.09126,True
ba_001143.txt,29,54,5,0.014379,True
ba_001144.txt,23,60,7,0.140643,True
ba_001145.txt,34,93,9,0.737251,True
ba_001146.txt,29,78,8,0.074487,True
ba_001147.txt,25,46,5,0.008607,True
ba_001148.txt,27,72,8,0.205688,True
ba_001149.txt,16,39,4,0.003014,True
ba_001150.txt,16,39,4,0.003314,True
ba_001151.txt,35,66,4,0.010463,True
ba_001152.txt,28,75,6,0.01827,True
ba_001153.txt,25,66,7,0.047932,True
ba_001154.txt,30,56,5,0.022731,True
ba_001155.txt,33,62,5,0.010591,True
ba_001156.txt,18,45,5,0.005853,True
ba_001157.txt,21,38,3,0.003551,True
ba_001158.txt,34,64,6,0.029672,True
ba_001159.txt,18,32,3,0.001308,True
ba_001160.txt,21,54,5,0.006962,True
ba_001161.txt,32,60,6,0.053306,True
ba_001162.txt,22,40,3,0.002908,True
ba_001163.txt,28,75,7,0.047817,True
ba_001164.txt,27,50,5,0.016233,True
ba_001165.txt,27,50,4,0.005608,True
ba_001166.txt,21,54,6,0.026821,True
ba_001167.txt,19,48,5,0.004437,True
ba_001168.txt,29,54,6,0.027351,True
ba_001169.txt,18,32,3,0.001664,True
ba_001170.txt,16,28,4,0.002354,True
ba_001171.txt,29,54,5,0.006477,True
ba_001172.txt,35,96,10,0.846794,True
ba_001173.txt,19,34,3,0.001655,True
ba_001174.txt,15,26,2,0.001244,True
ba_001175.txt,23,42,3,0.003331,True
ba_001176.txt,18,32,4,0.00206,True
ba_001177.txt,20,36,3,0.002376,True
ba_001178.txt,17,30,3,0.001314,True
ba_001179.txt,28,52,5,0.042293,True
ba_001180.txt,23,42,4,0.003807,True
ba_001181.txt,16,39,5,0.003303,True
ba_001182.txt,27,72,6,0.025491,True
ba_001183.txt,29,54,4,0.005518,True
ba_001184.txt,34,93,9,0.23144,True
ba_001185.txt,16,39,6,0.021256,True
ba_001186.txt,30,81,7,0.046638,True
ba_001187.txt,16,28,2,0.001342,True
ba_001188.txt,27,50,5,0.009209,True
ba_001189.txt,26,69,8,0.223308,True
ba_001190.txt,31,84,6,0.075638,True
ba_001191.txt,26,69,5,0.024413,True
ba_001192.txt,19,34,3,0.001832,True
ba_001193.txt,25,46,4,0.00638,True
ba_001194.txt,30,81,7,0.055833,True
ba_001195.txt,32,60,6,0.017585,True
ba_001196.txt,23,60,6,0.014318,True
ba_001197.txt,18,32,4,0.00256,True
ba_001198.txt,25,66,6,0.029647,True
ba_001199.txt,28,52,5,0.03464,True
ba_001200.txt,20,36,3,0.001852,True
ba_001201.txt,22,40,3,0.002329,True
ba_001202.txt,24,44,3,0.003334,True
ba_001203.txt,30,81,7,0.122232,True
ba_001204.txt,30,81,8,0.461197,True
ba_001205.txt,28,75,7,0.072785,True
ba_001206.txt,28,52,4,0.006669,True
ba_001207.txt,18,45,5,0.004608,True
ba_001208.txt,35,66,6,0.04651,True
ba_001209.txt,18,32,4,0.002623,True
ba_001210.txt,32,60,7,0.052161,True
ba_001211.txt,31,58,4,0.011518,True
ba_001212.txt,30,56,4,0.006705,True
ba_001213.txt,22,57,6,0.052578,True
ba_001214.txt,27,72,8,0.159541,True
ba_001215.txt,15,36,4,0.002662,True
ba_001216.txt,29,54,5,0.010683,True
ba_001217.txt,23,60,7,0.03415,True
ba_001218.txt,15,36,5,0.002656,True
ba_001219.txt,27,50,5,0.011157,True
ba_001220.txt,18,32,3,0.001493,True
ba_001221.txt,30,56,4,0.005283,True
ba_001222.txt,26,69,7,0.046067,True
ba_001223.txt,19,48,6,0.013922,True
ba_001224.txt,22,40,4,0.002758,True
ba_001225.txt,32,87,9,0.588625,True
ba_001226.txt,30,56,4,0.007495,True
ba_001227.txt,31,58,4,0.006952,True
ba_001228.txt,32,60,5,0.010431,True
ba_001229.txt,33,90,6,0.045726,True
ba_001230.txt,24,63,7,0.087862,True
ba_001231.txt,23,60,6,0.103391,True
ba_001232.txt,15,26,2,0.001155,True
ba_001233.txt,18,45,4,0.00303,True
ba_001234.txt,27,72,8,0.128986,True
ba_001235.txt,21,38,3,0.003114,True
ba_001236.txt,26,48,3,0.003723,True
ba_001237.txt,31,58,5,0.010001,True
ba_001238.txt,24,44,4,0.007366,True
ba_001239.txt,28,52,5,0.007463,True
ba_001240.txt,24,44,4,0.002566,True
ba_001241.txt,22,40,5,0.005011,True
ba_001242.txt,33,62,5,0.014243,True
ba_001243.txt,25,46,4,0.004676,True
ba_001244.txt,31,58,5,0.008284,True
ba_001245.txt,27,50,4,0.003907,True
ba_001246.txt,34,64,6,0.021018,True
ba_001247.txt,20,36,4,0.002547,True
ba_001248.txt,16,39,5,0.003065,True
ba_001249.txt,19,34,4,0.001923,True
ba_001250.txt,27,72,7,0.341233,True
ba_001251.txt,25,46,5,0.023324,True
ba_001252.txt,29,78,8,0.096989,True
ba_001253.txt,23,42,3,0.002676,True
ba_001254.txt,19,34,5,0.004039,True
ba_001255.txt,23,60,7,0.33772,True
ba_001256.txt,28,75,8,0.110581,True
ba_001257.txt,29,54,4,0.00519,True
ba_001258.txt,27,72,7,0.026118,True
ba_001259.txt,20,36,4,0.002723,True
ba_001260.txt,19,34,3,0.00204,True
ba_001261.txt,15,36,5,0.002787,True
ba_001262.txt,25,46,5,0.007184,True
ba_001263.txt,17,30,3,0.001695,True
ba_001264.txt,20,51,6,0.009135,True
ba_001265.txt,33,90,8,0.714921,True
ba_001266.txt,15,26,2,0.001266,True
ba_001267.txt,28,75,7,0.094561,True
ba_001268.txt,31,84,7,0.036163,True
ba_001269.txt,21,54,6,0.012674,True
ba_001270.txt,26,69,7,0.045827,True
ba_001271.txt,19,34,4,0.002633,True
ba_001272.txt,32,87,10,1.436392,True
ba_001273.txt,24,63,6,0.025838,True
ba_001274.txt,18,32,3,0.001872,True
ba_001275.txt,16,28,2,0.001658,True
ba_001276.txt,23,42,4,0.005655,True
ba_001277.txt,20,51,6,0.03486,True
ba_001278.txt,25,66,7,0.127921,True
ba_001279.txt,16,28,3,0.001439,True
ba_001280.txt,24,63,6,0.023006,True
ba_001281.txt,26,48,5,0.022419,True
ba_001282.txt,27,72,8,0.44216,True
ba_001283.txt,28,75,8,0.064888,True
ba_001284.txt,17,30,3,0.001759,True
ba_001285.txt,34,64,6,0.040822,True
ba_001286.txt,27,50,4,0.005372,True
ba_001287.txt,15,36,5,0.002798,True
ba_001288.txt,15,26,3,0.001376,True
ba_001289.txt,22,40,5,0.007245,True
ba_001290.txt,23,60,6,0.031949,True
ba_001291.txt,25,46,5,0.007265,True
ba_001292.txt,18,32,3,0.002052,True
ba_001293.txt,17,42,5,0.004378,True
ba_001294.txt,28,75,9,0.322959,True
ba_001295.txt,27,72,7,0.087613,True
ba_001296.txt,23,42,5,0.005836,True
ba_001297.txt,24,44,2,0.002303,True
ba_001298.txt,20,36,3,0.001626,True
ba_001299.txt,34,64,6,0.060603,True
ba_001300.txt,16,28,2,0.001085,True
ba_001301.txt,15,36,5,0.00245,True
ba_001302.txt,29,54,5,0.030154,True
ba_001303.txt,29,78,9,0.392105,True
ba_001304.txt,19,34,3,0.001824,True
ba_001305.txt,24,44,3,0.00366,True
ba_001306.txt,19,48,5,0.006607,True
ba_001307.txt,21,38,5,0.005538,True
ba_001308.txt,32,60,6,0.02585,True
ba_001309.txt,33,90,8,0.274214,True
ba_001310.txt,27,50,4,0.005942,True
ba_001311.txt,23,42,4,0.004242,True
ba_001312.txt,32,60,4,0.007493,True
ba_001313.txt,15,36,5,0.003974,True
ba_001314.txt,28,75,7,0.039299,True
ba_001315.txt,21,54,5,0.003534,True
ba_001316.txt,27,50,4,0.005189,True
ba_001317.txt,29,78,8,0.07451,True
ba_001318.txt,29,54,5,0.010435,True
ba_001319.txt,18,32,4,0.002553,True
ba_001320.txt,34,64,5,0.010857,True
ba_001321.txt,20,51,6,0.006106,True
ba_001322.txt,27,50,5,0.007948,True
ba_001323.txt,15,26,2,0.001573,True
ba_001324.txt,31,58,4,0.004518,True
ba_001325.txt,30,81,7,0.062622,True
ba_001326.txt,32,60,5,0.025414,True
ba_001327.txt,22,57,7,0.057528,True
ba_001328.txt,18,32,4,0.001803,True
ba_001329.txt,21,54,5,0.004242,True
ba_001330.txt,25,46,4,0.003913,True
ba_001331.txt,17,42,5,0.00369,True
ba_001332.txt,26,69,8,0.117892,True
ba_001333.txt,15,26,3,0.001502,True
ba_001334.txt,19,34,4,0.002217,True
ba_001335.txt,22,40,4,0.003299,True
ba_001336.txt,18,32,3,0.001742,True
ba_001337.txt,27,72,7,0.128804,True
ba_001338.txt,32,60,5,0.010278,True
ba_001339.txt,24,63,7,0.049529,True
ba_001340.txt,33,90,9,5.577813,True
ba_001341.txt,29,54,4,0.003473,True
ba_001342.txt,32,87,7,0.059045,True
ba_001343.txt,15,36,4,0.00151,True
ba_001344.txt,29,78,7,0.174986,True
ba_001345.txt,33,62,6,0.041273,True
ba_001346.txt,26,69,6,0.033024,True
ba_001347.txt,17,30,4,0.002283,True
ba_001348.txt,32,60,4,0.007559,True
ba_001349.txt,28,52,4,0.004721,True
ba_001350.txt,21,38,3,0.002301,True
ba_001351.txt,30,81,8,0.148652,True
ba_001352.txt,29,54,3,0.012829,True
ba_001353.txt,24,63,6,0.071586,True
ba_001354.txt,17,30,3,0.001557,True
ba_001355.txt,25,66,6,0.015167,True
ba_001356.txt,27,72,8,0.156292,True
ba_001357.txt,16,28,4,0.002362,True
ba_001358.txt,32,87,10,2.630179,True
ba_001359.txt,28,52,4,0.00496,True
ba_001360.txt,19,48,5,0.00367,True
ba_001361.txt,20,36,4,0.003089,True
ba_001362.txt,31,58,6,0.018366,True
ba_001363.txt,21,38,4,0.002635,True
ba_001364.txt,32,87,6,0.016471,True
ba_001365.txt,27,50,4,0.004976,True
ba_001366.txt,30,56,5,0.011057,True
ba_001367.txt,35,96,9,2.48835,True
ba_001368.txt,28,52,5,0.007576,True
ba_001369.txt,18,32,3,0.001559,True
ba_001370.txt,34,93,9,0.513129,True
ba_001371.txt,22,40,4,0.00439,True
ba_001372.txt,24,63,7,0.071935,True
ba_001373.txt,32,87,8,0.180567,True
ba_001374.txt,26,48,3,0.0036,True
ba_001375.txt,22,57,7,0.148393,True
ba_001376.txt,20,51,6,0.014239,True
ba_001377.txt,25,66,6,0.00924,True
ba_001378.txt,22,40,4,0.003142,True
ba_001379.txt,18,32,4,0.001859,True
ba_001380.txt,30,81,7,0.200503,True
ba_001381.txt,20,51,5,0.010461,True
ba_001382.txt,24,44,3,0.002058,True
ba_001383.txt,22,57,6,0.026661,True
ba_001384.txt,23,42,4,0.009582,True
ba_001385.txt,29,78,9,0.414436,True
ba_001386.txt,27,72,8,0.261829,True
ba_001387.txt,25,66,7,0.181196,True
ba_001388.txt,17,30,3,0.001856,True
ba_001389.txt,23,42,4,0.005133,True
ba_001390.txt,31,58,5,0.011573,True
ba_001391.txt,30,81,9,4.552865,True
ba_001392.txt,24,63,8,0.082883,True
ba_001393.txt,30,81,9,0.96203,True
ba_001394.txt,34,64,5,0.01026,True
ba_001395.txt,28,52,4,0.009327,True
ba_001396.txt,33,90,9,0.27854,True
ba_001397.txt,26,48,2,0.002728,True
ba_001398.txt,22,40,4,0.002486,True
ba_001399.txt,23,42,5,0.005765,True
ba_001400.txt,18,32,2,0.001248,True
ba_001401.txt,30,56,4,0.004942,True
ba_001402.txt,30,56,4,0.008759,True
ba_001403.txt,31,58,5,0.012804,True
ba_001404.txt,18,45,5,0.005406,True
ba_001405.txt,32,60,4,0.007533,True
ba_001406.txt,24,63,7,0.082787,True
ba_001407.txt,31,84,8,0.152124,True
ba_001408.txt,25,46,5,0.007993,True
ba_001409.txt,30,81,8,0.889019,True
ba_001410.txt,17,42,4,0.002606,True
ba_001411.txt,25,46,4,0.003187,True
ba_001412.txt,19,34,3,0.00173,True
ba_001413.txt,30,56,6,0.017671,True
ba_001414.txt,31,58,5,0.010729,True
ba_001415.txt,34,64,5,0.012079,True
ba_001416.txt,16,39,6,0.009044,True
ba_001417.txt,17,30,2,0.001554,True
ba_001418.txt,23,60,5,0.014769,True
ba_001419.txt,32,87,7,0.057536,True
ba_001420.txt,17,30,2,0.001885,True
ba_001421.txt,28,75,6,0.021637,True
ba_001422.txt,23,60,6,0.011838,True
ba_001423.txt,33,62,7,0.075096,True
ba_001424.txt,22,40,4,0.004936,True
ba_001425.txt,33,90,9,0.910423,True
ba_001426.txt,32,60,4,0.005833,True
ba_001427.txt,29,54,4,0.004754,True
ba_001428.txt,29,78,8,0.213785,True
ba_001429.txt,32,87,10,0.668871,True
ba_001430.txt,24,44,3,0.003291,True
ba_001431.txt,24,44,4,0.006018,True
ba_001432.txt,32,60,7,0.040484,True
ba_001433.txt,35,66,4,0.00673,True
ba_001434.txt,30,81,8,0.106408,True
ba_001435.txt,28,52,5,0.012388,True
ba_001436.txt,15,36,4,0.002765,True
ba_001437.txt,18,45,5,0.003974,True
ba_001438.txt,32,60,6,0.020774,True
ba_001439.txt,21,38,4,0.003488,True
ba_001440.txt,21,54,6,0.023982,True
ba_001441.txt,25,66,8,0.31428,True
ba_001442.txt,19,34,3,0.001735,True
ba_001443.txt,34,93,7,0.341721,True
ba_001444.txt,30,56,6,0.028895,True
ba_001445.txt,31,58,6,0.033422,True
ba_001446.txt,27,72,7,0.09164,True
ba_001447.txt,16,28,3,0.001389,True
ba_001448.txt,32,60,6,0.012654,True
ba_001449.txt,33,90,7,0.22664,True
ba_001450.txt,34,64,5,0.020121,True
ba_001451.txt,24,44,4,0.002928,True
ba_001452.txt,23,60,6,0.024807,True
ba_001453.txt,21,38,3,0.001965,True
ba_001454.txt,34,64,5,0.020748,True
ba_001455.txt,27,50,4,0.009197,True
ba_001456.txt,23,42,3,0.002948,True
ba_001457.txt,28,75,8,0.226811,True
ba_001458.txt,16,39,4,0.001888,True
ba_001459.txt,26,48,4,0.004308,True
ba_001460.txt,28,52,3,0.002795,True
ba_001461.txt,24,63,6,0.044769,True
ba_001462.txt,29,78,8,0.113725,True
ba_001463.txt,16,28,2,0.001297,True
ba_001464.txt,31,84,8,0.109153,True
ba_001465.txt,20,51,6,0.010086,True
ba_001466.txt,31,58,5,0.010845,True
ba_001467.txt,34,93,8,0.099632,True
ba_001468.txt,31,84,8,0.117633,True
ba_001469.txt,23,60,7,0.064847,True
ba_001470.txt,27,50,6,0.049657,True
ba_001471.txt,23,60,6,0.042997,True
ba_001472.txt,17,42,4,0.003368,True
ba_001473.txt,34,93,8,0.342876,True
ba_001474.txt,33,90,7,0.095386,True
ba_001475.txt,20,36,3,0.002656,True
ba_001476.txt,35,66,5,0.017876,True
ba_001477.txt,27,72,7,0.078853,True
ba_001478.txt,30,81,7,0.039466,True
ba_001479.txt,16,39,5,0.003245,True
ba_001480.txt,26,69,7,0.035796,True
ba_001481.txt,33,62,5,0.013371,True
ba_001482.txt,28,52,5,0.015329,True
ba_001483.txt,18,32,4,0.002487,True
ba_001484.txt,15,26,3,0.001214,True
ba_001485.txt,30,56,5,0.008832,True
ba_001486.txt,17,42,5,0.004657,True
ba_001487.txt,23,60,7,0.046398,True
ba_001488.txt,35,66,6,0.020981,True
ba_001489.txt,32,87,9,0.766111,True
ba_001490.txt,29,78,8,0.23227,True
ba_001491.txt,20,36,4,0.002298,True
ba_001492.txt,24,44,4,0.004439,True
ba_001493.txt,35,66,6,0.041364,True
ba_001494.txt,17,42,5,0.006054,True
ba_001495.txt,23,42,4,0.004306,True
ba_001496.txt,35,96,9,3.528013,True
ba_001497.txt,21,54,6,0.015121,True
ba_001498.txt,34,93,8,0.424393,True
ba_001499.txt,26,48,4,0.004215,True
ba_001500.txt,34,93,8,0.220806,True
ba_001501.txt,20,51,6,0.015753,True
ba_001502.txt,26,69,7,0.033552,True
ba_001503.txt,20,51,5,0.007836,True
ba_001504.txt,26,48,4,0.003649,True
ba_001505.txt,29,78,9,1.408918,True
ba_001506.txt,19,48,6,0.011754,True
ba_001507.txt,15,26,4,0.00161,True
ba_001508.txt,23,42,4,0.003818,True
ba_001509.txt,22,57,6,0.06876,True
ba_001510.txt,19,34,3,0.002137,True
ba_001511.txt,28,75,9,0.182079,True
ba_001512.txt,18,32,3,0.001806,True
ba_001513.txt,18,45,5,0.003939,True
ba_001514.txt,34,64,5,0.008548,True
ba_001515.txt,26,69,7,0.176693,True
ba_001516.txt,21,38,4,0.002606,True
ba_001517.txt,24,44,4,0.003463,True
ba_001518.txt,27,72,7,0.125092,True
ba_001519.txt,20,36,4,0.004845,True
ba_001520.txt,22,40,5,0.006776,True
ba_001521.txt,32,60,5,0.010899,True
ba_001522.txt,22,40,4,0.005005,True
ba_001523.txt,27,72,7,0.033787,True
ba_001524.txt,16,39,5,0.004222,True
ba_001525.txt,32,60,4,0.012533,True
ba_001526.txt,29,54,4,0.003604,True
ba_001527.txt,30,81,8,0.070962,True
ba_001528.txt,29,78,8,0.420746,True
ba_001529.txt,20,36,2,0.001658,True
ba_001530.txt,20,51,6,0.009964,True
ba_001531.txt,33,62,4,0.009303,True
ba_001532.txt,15,36,4,0.001746,True
ba_001533.txt,32,60,6,0.022789,True
ba_001534.txt,31,58,5,0.012748,True
ba_001535.txt,21,54,5,0.00764,True
ba_001536.txt,20,51,6,0.008054,True
ba_001537.txt,22,57,5,0.007902,True
ba_001538.txt,33,90,8,0.17098,True
ba_001539.txt,26,48,4,0.00587,True
ba_001540.txt,35,96,9,0.821359,True
ba_001541.txt,31,84,9,0.825154,True
ba_001542.txt,24,44,4,0.003366,True
ba_001543.txt,32,60,5,0.014502,True
ba_001544.txt,32,60,5,0.023863,True
ba_001545.txt,23,42,4,0.007114,True
ba_001546.txt,23,60,6,0.015204,True
ba_001547.txt,27,50,5,0.012429,True
ba_001548.txt,18,45,5,0.002899,True
ba_001549.txt,24,63,7,0.028134,True
ba_001550.txt,20,36,3,0.001616,True
ba_001551.txt,31,58,6,0.022643,True
ba_001552.txt,24,44,4,0.003758,True
ba_001553.txt,24,63,6,0.019595,True
ba_001554.txt,24,63,6,0.018239,True
ba_001555.txt,31,84,7,0.090419,True
ba_001556.txt,24,63,7,0.10635,True
ba_001557.txt,28,75,7,0.078071,True
ba_001558.txt,25,46,4,0.003421,True
ba_001559.txt,16,28,3,0.001928,True
ba_001560.txt,28,52,4,0.0108,True
ba_001561.txt,20,51,5,0.007263,True
ba_001562.txt,30,56,6,0.029049,True
ba_001563.txt,16,39,4,0.002166,True
ba_001564.txt,28,52,4,0.004028,True
ba_001565.txt,17,30,3,0.001751,True
ba_001566.txt,22,57,6,0.019988,True
ba_001567.txt,22,40,3,0.002679,True
ba_001568.txt,24,63,7,0.051376,True
ba_001569.txt,31,84,8,0.219723,True
ba_001570.txt,15,26,2,0.001222,True
ba_001571.txt,17,30,3,0.00162,True
ba_001572.txt,19,48,5,0.005473,True
ba_001573.txt,29,78,9,0.370164,True
ba_001574.txt,24,44,4,0.008845,True
ba_001575.txt,31,84,9,1.247994,True
ba_001576.txt,25,66,7,0.040603,True
ba_001577.txt,28,75,7,0.066935,True
ba_001578.txt,32,60,3,0.006976,True
ba_001579.txt,33,90,9,0.961306,True
ba_001580.txt,16,28,3,0.001443,True
ba_001581.txt,19,34,4,0.002252,True
ba_001582.txt,31,84,8,0.087617,True
ba_001583.txt,31,58,3,0.005085,True
ba_001584.txt,35,66,5,0.014783,True
ba_001585.txt,19,48,4,0.004133,True
ba_001586.txt,15,36,4,0.00226,True
ba_001587.txt,35,96,9,1.260341,True
ba_001588.txt,30,81,7,0.039013,True
ba_001589.txt,16,28,3,0.001424,True
ba_001590.txt,27,50,5,0.007687,True
ba_001591.txt,21,38,4,0.002924,True
ba_001592.txt,31,84,9,0.512102,True
ba_001593.txt,22,40,4,0.003394,True
ba_001594.txt,16,28,3,0.00158,True
ba_001595.txt,27,72,7,0.070608,True
ba_001596.txt,20,51,6,0.009812,True
ba_001597.txt,25,46,4,0.006277,True
ba_001598.txt,30,81,7,0.028724,True
ba_001599.txt,25,46,4,0.005666,True
ba_001600.txt,16,39,3,0.001832,True
ba_001601.txt,30,56,4,0.008013,True
ba_001602.txt,20,36,3,0.001679,True
ba_001603.txt,29,78,8,0.557745,True
ba_001604.txt,20,36,3,0.002353,True
ba_001605.txt,31,84,8,0.453247,True
ba_001606.txt,29,78,7,0.46252,True
ba_001607.txt,17,30,3,0.001744,True
ba_001608.txt,19,34,3,0.00177,True
ba_001609.txt,27,72,8,0.20327,True
ba_001610.txt,29,78,7,0.072204,True
ba_001611.txt,24,63,6,0.030681,True
ba_001612.txt,21,38,5,0.003102,True
ba_001613.txt,20,36,3,0.001592,True
ba_001614.txt,26,48,4,0.004423,True
ba_001615.txt,23,42,4,0.006098,True
ba_001616.txt,20,51,6,0.008805,True
ba_001617.txt,31,58,6,0.017876,True
ba_001618.txt,17,42,5,0.005494,True
ba_001619.txt,27,72,6,0.024727,True
ba_001620.txt,26,48,4,0.00477,True
ba_001621.txt,29,78,7,0.042272,True
ba_001622.txt,33,90,10,2.109755,True
ba_001623.txt,21,54,7,0.031168,True
ba_001624.txt,21,54,6,0.013113,True
ba_001625.txt,29,54,3,0.004146,True
ba_001626.txt,30,56,3,0.003515,True
ba_001627.txt,19,48,5,0.003301,True
ba_001628.txt,32,87,8,1.061498,True
ba_001629.txt,21,54,5,0.008235,True
ba_001630.txt,27,50,5,0.015055,True
ba_001631.txt,28,75,6,0.030422,True
ba_001632.txt,33,62,5,0.033873,True
ba_001633.txt,19,48,5,0.005614,True
ba_001634.txt,25,66,6,0.054594,True
ba_001635.txt,18,45,5,0.006081,True
ba_001636.txt,19,34,4,0.001922,True
ba_001637.txt,26,69,6,0.020407,True
ba_001638.txt,35,96,11,2.604354,True
ba_001639.txt,25,66,7,0.042845,True
ba_001640.txt,31,58,5,0.015915,True
ba_001641.txt,16,39,5,0.003005,True
ba_001642.txt,24,63,6,0.032252,True
ba_001643.txt,18,45,5,0.014836,True
ba_001644.txt,18,32,3,0.001327,True
ba_001645.txt,21,38,4,0.003185,True
ba_001646.txt,31,58,6,0.024645,True
ba_001647.txt,24,63,7,0.054327,True
ba_001648.txt,26,69,7,0.09659,True
ba_001649.txt,15,26,2,0.001273,True
ba_001650.txt,27,50,4,0.004753,True
ba_001651.txt,18,45,5,0.005368,True
ba_001652.txt,17,30,3,0.001754,True
ba_001653.txt,21,38,4,0.003356,True
ba_001654.txt,18,45,5,0.004166,True
ba_001655.txt,31,84,8,0.386618,True
ba_001656.txt,32,87,8,0.390706,True
ba_001657.txt,15,26,3,0.001205,True
ba_001658.txt,27,50,4,0.003978,True
ba_001659.txt,34,93,9,2.62571,True
ba_001660.txt,19,48,6,0.005483,True
ba_001661.txt,20,51,5,0.004552,True
ba_001662.txt,24,44,5,0.006681,True
ba_001663.txt,23,60,6,0.025937,True
ba_001664.txt,20,51,5,0.005898,True
ba_001665.txt,27,72,8,0.164524,True
ba_001666.txt,24,44,4,0.008569,True
ba_001667.txt,30,56,5,0.014623,True
ba_001668.txt,34,93,8,0.242013,True
ba_001669.txt,30,81,8,0.115708,True
ba_001670.txt,20,51,6,0.009494,True
ba_001671.txt,35,66,6,0.034101,True
ba_001672.txt,20,51,6,0.013511,True
ba_001673.txt,28,52,4,0.0051,True
ba_001674.txt,17,42,6,0.007621,True
ba_001675.txt,21,54,6,0.006853,True
ba_001676.txt,34,64,6,0.021824,True
ba_001677.txt,15,36,4,0.002662,True
ba_001678.txt,17,30,4,0.001803,True
ba_001679.txt,25,66,7,0.04681,True
ba_001680.txt,15,36,4,0.003035,True
ba_001681.txt,32,87,9,0.241263,True
ba_001682.txt,34,64,5,0.019894,True
ba_001683.txt,21,38,4,0.002358,True
ba_001684.txt,30,56,4,0.005018,True
ba_001685.txt,18,32,3,0.001902,True
ba_001686.txt,31,58,6,0.030311,True
ba_001687.txt,32,60,4,0.006282,True
ba_001688.txt,15,26,3,0.001172,True
ba_001689.txt,22,40,4,0.002884,True
ba_001690.txt,17,42,4,0.002654,True
ba_001691.txt,29,54,4,0.011087,True
ba_001692.txt,34,64,6,0.027503,True
ba_001693.txt,33,90,8,0.112072,True
ba_001694.txt,20,36,2,0.002798,True
ba_001695.txt,25,66,8,0.183783,True
ba_001696.txt,35,96,10,1.12022,True
ba_001697.txt,24,63,6,0.024514,True
ba_001698.txt,20,51,5,0.004924,True
ba_001699.txt,28,52,4,0.004282,True
ba_001700.txt,34,64,5,0.008088,True
ba_001701.txt,35,66,6,0.023259,True
ba_001702.txt,21,54,6,0.012118,True
ba_001703.txt,30,56,5,0.00865,True
ba_001704.txt,26,69,7,0.026267,True
ba_001705.txt,17,42,6,0.01251,True
ba_001706.txt,25,66,6,0.021623,True
ba_001707.txt,33,62,4,0.006012,True
ba_001708.txt,17,30,4,0.001924,True
ba_001709.txt,32,87,8,0.147702,True
ba_001710.txt,21,38,5,0.007178,True
ba_001711.txt,19,34,4,0.002394,True
ba_001712.txt,26,69,7,0.140527,True
ba_001713.txt,24,63,7,0.056603,True
ba_001714.txt,31,84,9,0.392306,True
ba_001715.txt,32,60,5,0.117781,True
ba_001716.txt,30,56,6,0.024838,True
ba_001717.txt,34,64,6,0.015601,True
ba_001718.txt,30,81,9,0.299989,True
ba_001719.txt,20,36,4,0.002333,True
ba_001720.txt,22,57,7,0.132613,True
ba_001721.txt,17,30,4,0.00254,True
ba_001722.txt,16,28,3,0.001521,True
ba_001723.txt,19,34,3,0.001898,True
ba_001724.txt,26,48,5,0.010064,True
ba_001725.txt,27,50,5,0.004706,True
ba_001726.txt,25,66,5,0.013684,True
ba_001727.txt,27,72,7,0.104251,True
ba_001728.txt,32,60,5,0.011402,True
ba_001729.txt,19,34,2,0.001626,True
ba_001730.txt,30,56,5,0.009088,True
ba_001731.txt,33,90,9,0.450788,True
ba_001732.txt,24,63,6,0.02484,True
ba_001733.txt,25,66,7,0.02613,True
ba_001734.txt,31,58,5,0.013252,True
ba_001735.txt,15,26,3,0.001292,True
ba_001736.txt,35,96,8,0.512348,True
ba_001737.txt,31,84,9,1.209757,True
ba_001738.txt,26,48,3,0.002974,True
ba_001739.txt,35,96,9,1.025782,True
ba_001740.txt,18,32,3,0.001684,True
ba_001741.txt,27,50,4,0.008543,True
ba_001742.txt,33,62,6,0.020976,True
ba_001743.txt,17,30,3,0.001927,True
ba_001744.txt,31,58,5,0.052282,True
ba_001745.txt,22,57,6,0.012823,True
ba_001746.txt,29,78,6,0.022545,True
ba_001747.txt,30,81,9,0.671951,True
ba_001748.txt,31,58,4,0.003755,True
ba_001749.txt,15,26,3,0.001255,True
ba_001750.txt,24,44,4,0.003649,True
ba_001751.txt,34,64,5,0.012241,True
ba_001752.txt,19,48,5,0.004785,True
ba_001753.txt,25,66,6,0.011788,True
ba_001754.txt,17,30,3,0.001616,True
ba_001755.txt,16,28,3,0.001358,True
ba_001756.txt,28,75,8,0.122163,True
ba_001757.txt,16,28,4,0.002166,True
ba_001758.txt,18,32,2,0.001725,True
ba_001759.txt,34,64,6,0.025702,True
ba_001760.txt,31,84,8,0.084046,True
ba_001761.txt,30,81,7,0.091336,True
ba_001762.txt,27,50,4,0.005308,True
ba_001763.txt,18,32,3,0.00165,True
ba_001764.txt,35,66,5,0.013357,True
ba_001765.txt,25,66,6,0.036352,True
ba_001766.txt,18,32,3,0.002302,True
ba_001767.txt,23,60,6,0.03003,True
ba_001768.txt,27,50,4,0.005422,True
ba_001769.txt,26,48,5,0.006496,True
ba_001770.txt,29,54,6,0.022248,True
ba_001771.txt,26,48,5,0.009818,True
ba_001772.txt,26,69,6,0.024656,True
ba_001773.txt,15,26,2,0.001937,True
ba_001774.txt,30,56,5,0.011424,True
ba_001775.txt,31,84,8,0.738214,True
ba_001776.txt,23,60,7,0.063674,True
ba_001777.txt,34,64,6,0.0462,True
ba_001778.txt,28,52,5,0.007696,True
ba_001779.txt,21,54,7,0.030426,True
ba_001780.txt,16,39,5,0.003128,True
ba_001781.txt,35,96,9,2.95336,True
ba_001782.txt,33,90,8,1.665621,True
ba_001783.txt,28,52,5,0.010788,True
ba_001784.txt,18,45,5,0.009947,True
ba_001785.txt,28,52,6,0.020957,True
ba_001786.txt,25,46,5,0.008946,True
ba_001787.txt,24,63,7,0.086695,True
ba_001788.txt,18,32,2,0.001402,True
ba_001789.txt,34,64,6,0.028991,True
ba_001790.txt,20,51,5,0.005957,True
ba_001791.txt,18,32,4,0.002447,True
ba_001792.txt,17,30,4,0.002364,True
ba_001793.txt,33,90,8,0.205011,True
ba_001794.txt,29,54,5,0.009185,True
ba_001795.txt,31,84,9,0.561804,True
ba_001796.txt,28,75,7,0.047011,True
ba_001797.txt,34,64,6,0.037875,True
ba_001798.txt,20,51,6,0.025983,True
ba_001799.txt,22,40,4,0.003695,True
ba_001800.txt,23,42,3,0.002429,True
ba_001801.txt,33,62,6,0.056489,True
ba_001802.txt,31,84,8,0.249013,True
ba_001803.txt,19,48,5,0.007869,True
ba_001804.txt,24,63,6,0.017019,True
ba_001805.txt,26,69,8,0.126309,True
ba_001806.txt,33,90,10,2.519041,True
ba_001807.txt,31,58,6,0.030412,True
ba_001808.txt,21,54,6,0.011436,True
ba_001809.txt,30,56,4,0.006528,True
ba_001810.txt,17,42,5,0.004114,True
ba_001811.txt,22,40,4,0.003654,True
ba_001812.txt,19,48,6,0.009236,True
ba_001813.txt,23,60,5,0.017615,True
ba_001814.txt,31,58,5,0.011083,True
ba_001815.txt,29,78,8,0.212533,True
ba_001816.txt,33,62,5,0.012485,True
ba_001817.txt,27,50,3,0.003316,True
ba_001818.txt,25,66,7,0.062094,True
ba_001819.txt,18,45,5,0.005152,True
ba_001820.txt,23,42,5,0.004934,True
ba_001821.txt,31,84,8,0.096048,True
ba_001822.txt,28,75,8,0.499353,True
ba_001823.txt,31,58,5,0.01272,True
ba_001824.txt,15,26,3,0.001197,True
ba_001825.txt,35,96,9,0.859192,True
ba_001826.txt,17,42,5,0.004229,True
ba_001827.txt,30,81,8,0.273266,True
ba_001828.txt,20,36,3,0.002393,True
ba_001829.txt,35,96,9,0.528103,True
ba_001830.txt,16,28,3,0.001493,True
ba_001831.txt,25,66,7,0.085523,True
ba_001832.txt,35,66,7,0.086452,True
ba_001833.txt,32,87,8,0.202782,True
ba_001834.txt,31,58,5,0.029355,True
ba_001835.txt,17,42,6,0.009142,True
ba_001836.txt,21,38,4,0.002689,True
ba_001837.txt,25,66,7,0.03231,True
ba_001838.txt,29,78,7,0.28257,True
ba_001839.txt,24,44,4,0.005785,True
ba_001840.txt,28,52,4,0.004224,True
ba_001841.txt,18,32,4,0.002414,True
ba_001842.txt,19,48,5,0.004797,True
ba_001843.txt,28,52,5,0.011726,True
ba_001844.txt,30,81,7,0.091937,True
ba_001845.txt,29,78,8,0.417933,True
ba_001846.txt,26,69,7,0.170976,True
ba_001847.txt,33,62,6,0.056424,True
ba_001848.txt,20,51,5,0.006101,True
ba_001849.txt,34,93,9,1.82286,True
ba_001850.txt,16,39,5,0.004335,True
ba_001851.txt,27,50,4,0.005826,True
ba_001852.txt,29,78,7,0.126384,True
ba_001853.txt,22,57,6,0.023891,True
ba_001854.txt,27,50,4,0.004322,True
ba_001855.txt,15,36,4,0.001684,True
ba_001856.txt,15,36,5,0.005468,True
ba_001857.txt,19,34,4,0.002542,True
ba_001858.txt,19,48,6,0.007719,True
ba_001859.txt,25,46,4,0.009419,True
ba_001860.txt,34,93,9,0.558929,True
ba_001861.txt,18,45,5,0.003802,True
ba_001862.txt,27,72,6,0.049325,True
ba_001863.txt,19,34,4,0.001693,True
ba_001864.txt,20,51,5,0.007554,True
ba_001865.txt,15,26,3,0.001293,True
ba_001866.txt,20,51,6,0.008024,True
ba_001867.txt,24,44,5,0.011473,True
ba_001868.txt,21,54,6,0.024609,True
ba_001869.txt,31,84,7,0.151764,True
ba_001870.txt,31,58,5,0.007389,True
ba_001871.txt,24,63,8,0.147036,True
ba_001872.txt,16,28,3,0.001584,True
ba_001873.txt,27,50,4,0.005721,True
ba_001874.txt,29,78,8,1.892835,True
ba_001875.txt,33,90,9,0.360734,True
ba_001876.txt,32,60,4,0.00868,True
ba_001877.txt,33,90,8,0.783737,True
ba_001878.txt,28,52,3,0.003155,True
ba_001879.txt,28,75,6,0.091953,True
ba_001880.txt,21,54,6,0.010061,True
ba_001881.txt,26,69,8,0.159605,True
ba_001882.txt,30,81,9,1.035161,True
ba_001883.txt,27,72,5,0.035184,True
ba_001884.txt,31,58,4,0.009564,True
ba_001885.txt,35,66,5,0.010115,True
ba_001886.txt,33,90,8,0.079191,True
ba_001887.txt,34,64,7,0.208508,True
ba_001888.txt,26,69,6,0.038328,True
ba_001889.txt,25,66,7,0.22716,True
ba_001890.txt,30,81,9,0.301807,True
ba_001891.txt,16,28,3,0.00148,True
ba_001892.txt,17,42,4,0.004905,True
ba_001893.txt,20,36,4,0.002342,True
ba_001894.txt,15,36,5,0.003578,True
ba_001895.txt,25,46,4,0.003996,True
ba_001896.txt,26,48,4,0.005331,True
ba_001897.txt,28,52,5,0.048848,True
ba_001898.txt,23,60,6,0.041504,True
ba_001899.txt,29,54,4,0.005986,True
ba_001900.txt,25,66,7,0.050416,True
ba_001901.txt,31,84,8,0.127028,True
ba_001902.txt,16,28,3,0.001411,True
ba_001903.txt,20,36,3,0.006973,True
ba_001904.txt,19,34,3,0.001667,True
ba_001905.txt,22,57,6,0.016655,True
ba_001906.txt,17,42,5,0.00713,True
ba_001907.txt,16,28,3,0.001543,True
ba_001908.txt,35,96,9,0.674649,True
ba_001909.txt,23,42,3,0.002316,True
ba_001910.txt,21,38,5,0.003971,True
ba_001911.txt,25,46,5,0.008105,True
ba_001912.txt,31,58,5,0.015006,True
ba_001913.txt,23,60,6,0.019347,True
ba_001914.txt,26,48,4,0.00786,True
ba_001915.txt,26,48,4,0.005746,True
ba_001916.txt,18,45,5,0.004071,True
ba_001917.txt,35,66,6,0.020709,True
ba_001918.txt,35,66,6,0.0149,True
ba_001919.txt,29,78,8,0.115005,True
ba_001920.txt,26,69,7,0.05231,True
ba_001921.txt,26,69,8,0.113262,True
ba_001922.txt,33,62,5,0.023668,True
ba_001923.txt,35,66,5,0.015721,True
ba_001924.txt,28,75,7,0.032768,True
ba_001925.txt,31,58,6,0.044875,True
ba_001926.txt,35,96,10,4.172821,True
ba_001927.txt,33,62,4,0.005441,True
ba_001928.txt,29,78,8,0.138066,True
ba_001929.txt,17,30,3,0.001858,True
ba_001930.txt,26,48,4,0.005384,True
ba_001931.txt,18,32,3,0.001405,True
ba_001932.txt,21,38,4,0.00333,True
ba_001933.txt,30,81,8,0.153647,True
ba_001934.txt,34,93,9,0.192608,True
ba_001935.txt,18,32,3,0.001673,True
ba_001936.txt,19,48,6,0.005126,True
ba_001937.txt,28,52,5,0.009822,True
ba_001938.txt,24,63,7,0.147147,True
ba_001939.txt,18,45,5,0.004768,True
ba_001940.txt,19,34,3,0.001503,True
ba_001941.txt,25,46,4,0.005734,True
ba_001942.txt,17,30,4,0.001842,True
ba_001943.txt,16,28,3,0.001544,True
ba_001944.txt,27,50,5,0.009371,True
ba_001945.txt,33,90,7,0.04646,True
ba_001946.txt,19,48,6,0.017038,True
ba_001947.txt,34,93,10,11.504481,True
ba_001948.txt,24,63,6,0.017205,True
ba_001949.txt,30,56,6,0.017686,True
ba_001950.txt,27,50,4,0.004192,True
ba_001951.txt,26,69,8,0.081954,True
ba_001952.txt,26,48,4,0.003962,True
ba_001953.txt,32,60,4,0.007723,True
ba_001954.txt,33,62,4,0.005941,True
ba_001955.txt,19,34,4,0.003141,True
ba_001956.txt,30,81,8,0.693075,True
ba_001957.txt,29,78,8,0.212559,True
ba_001958.txt,19,48,6,0.011564,True
ba_001959.txt,17,30,4,0.001924,True
ba_001960.txt,16,39,4,0.002204,True
ba_001961.txt,24,44,4,0.003194,True
ba_001962.txt,25,46,6,0.024937,True
ba_001963.txt,33,62,6,0.049327,True
ba_001964.txt,19,34,3,0.002004,True
ba_001965.txt,28,52,3,0.003607,True
ba_001966.txt,18,45,5,0.003919,True
ba_001967.txt,27,72,7,0.05839,True
ba_001968.txt,26,69,8,0.102153,True
ba_001969.txt,29,54,4,0.006571,True
ba_001970.txt,19,34,4,0.001938,True
ba_001971.txt,28,52,5,0.00482,True
ba_001972.txt,25,46,4,0.006795,True
ba_001973.txt,19,34,3,0.00163,True
ba_001974.txt,17,30,2,0.00123,True
ba_001975.txt,30,81,7,0.03562,True
ba_001976.txt,17,42,5,0.005238,True
ba_001977.txt,26,48,4,0.004069,True
ba_001978.txt,33,90,10,1.248398,True
ba_001979.txt,22,57,6,0.022472,True
ba_001980.txt,20,51,7,0.039113,True
ba_001981.txt,28,52,5,0.009465,True
ba_001982.txt,26,48,3,0.003603,True
ba_001983.txt,31,58,4,0.007477,True
ba_001984.txt,35,96,9,0.483496,True
ba_001985.txt,22,57,6,0.030318,True
ba_001986.txt,24,44,4,0.003164,True
ba_001987.txt,25,46,3,0.002959,True
ba_001988.txt,28,52,4,0.005994,True
ba_001989.txt,16,39,5,0.0039,True
ba_001990.txt,20,36,4,0.002571,True
ba_001991.txt,15,26,3,0.001488,True
ba_001992.txt,24,63,8,0.116443,True
ba_001993.txt,30,81,7,0.062494,True
ba_001994.txt,24,63,5,0.02409,True
ba_001995.txt,31,84,8,0.168046,True
ba_001996.txt,31,58,4,0.005745,True
ba_001997.txt,28,75,7,0.09935,True
ba_001998.txt,33,90,8,0.412888,True
ba_001999.txt,31,58,4,0.015829,True
ws_000000.txt,16,32,6,0.008706,True
ws_000001.txt,29,58,10,1.886638,True
ws_000002.txt,20,40,7,0.033597,True
ws_000003.txt,31,62,11,25.11111,True
ws_000004.txt,28,56,10,1.328614,True
ws_000005.txt,30,60,10,1.393417,True
ws_000006.txt,33,66,11,32.205777,True
ws_000007.txt,15,30,6,0.006677,True
ws_000008.txt,16,32,6,0.009882,True
ws_000009.txt,26,52,8,0.486975,True
ws_000010.txt,24,48,9,0.448397,True
ws_000011.txt,21,42,7,0.078548,True
ws_000012.txt,23,46,8,0.54465,True
ws_000013.txt,30,60,10,1.826403,True
ws_000014.txt,33,66,11,15.988794,True
ws_000015.txt,29,58,10,3.46471,True
ws_000016.txt,29,58,10,2.510364,True
ws_000017.txt,16,32,6,0.010508,True
ws_000018.txt,18,36,7,0.019237,True
ws_000019.txt,35,70,11,15.102147,True
ws_000020.txt,28,56,10,1.860987,True
ws_000021.txt,28,56,10,3.31599,True
ws_000022.txt,17,34,6,0.007066,True
ws_000023.txt,17,34,6,0.013093,True
ws_000024.txt,25,50,9,0.416595,True
ws_000025.txt,30,60,10,1.214163,True
ws_000026.txt,16,32,6,0.007301,True
ws_000027.txt,32,64,11,22.960161,True
ws_000028.txt,32,64,10,23.519663,True
ws_000029.txt,35,70,11,5.733966,True
ws_000030.txt,31,62,10,2.864869,True
ws_000031.txt,21,42,7,0.023852,True
ws_000032.txt,31,62,10,8.722272,True
ws_000033.txt,31,62,10,59.08305,True
ws_000034.txt,27,54,9,0.923631,True
ws_000035.txt,26,52,9,0.857183,True
ws_000036.txt,35,70,11,16.080562,True
ws_000037.txt,28,56,9,0.665425,True
ws_000038.txt,29,58,10,1.490768,True
ws_000039.txt,16,32,6,0.007922,True
ws_000040.txt,18,36,6,0.0117,True
ws_000041.txt,26,52,9,0.498733,True
ws_000042.txt,33,66,12,12.880474,True
ws_000043.txt,31,62,10,1.291104,True
ws_000044.txt,25,50,8,0.220613,True
ws_000045.txt,33,66,TIMEOUT,100,TIMEOUT
ws_000046.txt,28,56,10,5.944939,True
ws_000047.txt,19,38,6,0.011009,True
ws_000048.txt,23,46,8,0.189826,True
ws_000049.txt,26,52,9,0.612771,True
ws_000050.txt,20,40,7,0.047787,True
ws_000051.txt,16,32,6,0.00865,True
ws_000052.txt,28,56,10,3.096633,True
ws_000053.txt,27,54,9,0.450435,True
ws_000054.txt,30,60,10,1.632955,True
ws_000055.txt,35,70,TIMEOUT,100,TIMEOUT
ws_000056.txt,25,50,9,0.420932,True
ws_000057.txt,32,64,11,5.671513,True
ws_000058.txt,29,58,10,3.408042,True
ws_000059.txt,23,46,7,0.077753,True
ws_000060.txt,18,36,6,0.013745,True
ws_000061.txt,24,48,8,0.09312,True
ws_000062.txt,21,42,6,0.024572,True
ws_000063.txt,15,30,6,0.006991,True
ws_000064.txt,30,60,10,3.467062,True
ws_000065.txt,34,68,TIMEOUT,100,TIMEOUT
ws_000066.txt,21,42,7,0.054992,True
ws_000067.txt,23,46,8,0.165879,True
ws_000068.txt,25,50,8,0.174985,True
ws_000069.txt,16,32,5,0.005507,True
ws_000070.txt,35,70,12,62.17512,True
ws_000071.txt,28,56,9,1.528554,True
ws_000072.txt,24,48,9,0.400181,True
ws_000073.txt,28,56,10,1.405087,True
ws_000074.txt,31,62,10,0.880163,True
ws_000075.txt,34,68,11,19.285546,True
ws_000076.txt,35,70,12,16.906384,True
ws_000077.txt,16,32,6,0.007452,True
ws_000078.txt,20,40,8,0.083246,True
ws_000079.txt,21,42,7,0.037892,True
ws_000080.txt,22,44,7,0.049775,True
ws_000081.txt,15,30,6,0.008535,True
ws_000082.txt,17,34,6,0.008857,True
ws_000083.txt,20,40,7,0.036081,True
ws_000084.txt,25,50,8,0.308457,True
ws_000085.txt,22,44,8,0.109607,True
ws_000086.txt,15,30,6,0.007652,True
ws_000087.txt,32,64,11,5.511316,True
ws_000088.txt,24,48,8,0.128498,True
ws_000089.txt,26,52,9,0.496305,True
ws_000090.txt,27,54,9,0.377422,True
ws_000091.txt,19,38,7,0.037542,True
ws_000092.txt,35,70,TIMEOUT,100,TIMEOUT
ws_000093.txt,35,70,12,11.841097,True
ws_000094.txt,24,48,8,0.35061,True
ws_000095.txt,24,48,8,0.238111,True
ws_000096.txt,24,48,8,0.337213,True
ws_000097.txt,21,42,7,0.032225,True
ws_000098.txt,32,64,11,6.676218,True
ws_000099.txt,19,38,7,0.033393,True
ws_000100.txt,15,30,5,0.004091,True
ws_000101.txt,35,70,TIMEOUT,100,TIMEOUT
ws_000102.txt,27,54,9,0.991721,True
ws_000103.txt,26,52,9,0.465634,True
ws_000104.txt,16,32,5,0.006559,True
ws_000105.txt,17,34,6,0.007727,True
ws_000106.txt,31,62,11,33.632919,True
ws_000107.txt,34,68,TIMEOUT,100,TIMEOUT
ws_000108.txt,17,34,6,0.011189,True
ws_000109.txt,31,62,10,1.388961,True
ws_000110.txt,34,68,11,7.713786,True
ws_000111.txt,25,50,8,0.376704,True
ws_000112.txt,17,34,6,0.014665,True
ws_000113.txt,33,66,10,7.172332,True
ws_000114.txt,16,32,6,0.013498,True
ws_000115.txt,17,34,6,0.009136,True
ws_000116.txt,28,56,10,1.784427,True
ws_000117.txt,15,30,6,0.006489,True
ws_000118.txt,34,68,11,8.411741,True
ws_000119.txt,23,46,8,0.154606,True
ws_000120.txt,20,40,7,0.037395,True
ws_000121.txt,15,30,5,0.004664,True
ws_000122.txt,25,50,8,0.265847,True
ws_000123.txt,21,42,7,0.081441,True
ws_000124.txt,30,60,10,2.293318,True
ws_000125.txt,33,66,11,12.891227,True
ws_000126.txt,33,66,12,54.24398,True
ws_000127.txt,25,50,9,0.341655,True
ws_000128.txt,20,40,7,0.023508,True
ws_000129.txt,22,44,7,0.066426,True
ws_000130.txt,18,36,6,0.007612,True
ws_000131.txt,26,52,8,0.676141,True
ws_000132.txt,18,36,7,0.024547,True
ws_000133.txt,30,60,10,3.625172,True
ws_000134.txt,15,30,5,0.004021,True
ws_000135.txt,18,36,6,0.033717,True
ws_000136.txt,18,36,6,0.014922,True
ws_000137.txt,19,38,7,0.027989,True
ws_000138.txt,32,64,11,6.336324,True
ws_000139.txt,25,50,9,0.412826,True
ws_000140.txt,16,32,6,0.008983,True
ws_000141.txt,31,62,11,20.327279,True
ws_000142.txt,20,40,6,0.024358,True
ws_000143.txt,32,64,11,16.671087,True
ws_000144.txt,30,60,10,3.005923,True
ws_000145.txt,19,38,7,0.025361,True
ws_000146.txt,28,56,10,1.154909,True
ws_000147.txt,16,32,6,0.008079,True
ws_000148.txt,27,54,10,1.165811,True
ws_000149.txt,28,56,9,0.96449,True
ws_000150.txt,23,46,8,0.226946,True
ws_000151.txt,15,30,5,0.011928,True
ws_000152.txt,35,70,12,36.636075,True
ws_000153.txt,18,36,6,0.007095,True
ws_000154.txt,19,38,7,0.033271,True
ws_000155.txt,25,50,9,0.93249,True
ws_000156.txt,23,46,8,0.264072,True
ws_000157.txt,21,42,7,0.079151,True
ws_000158.txt,35,70,TIMEOUT,100,TIMEOUT
ws_000159.txt,33,66,11,18.4925,True
ws_000160.txt,34,68,11,13.687529,True
ws_000161.txt,22,44,7,0.078051,True
ws_000162.txt,23,46,8,0.144108,True
ws_000163.txt,33,66,12,17.430704,True
ws_000164.txt,18,36,6,0.009942,True
ws_000165.txt,21,42,8,0.085984,True
ws_000166.txt,31,62,10,8.477339,True
ws_000167.txt,30,60,10,2.844479,True
ws_000168.txt,31,62,11,14.626994,True
ws_000169.txt,26,52,9,0.538031,True
ws_000170.txt,22,44,8,0.099055,True
ws_000171.txt,30,60,10,2.892416,True
ws_000172.txt,29,58,10,1.327258,True
ws_000173.txt,32,64,11,5.207822,True
ws_000174.txt,31,62,10,2.740368,True
ws_000175.txt,16,32,6,0.009044,True
ws_000176.txt,29,58,10,9.087183,True
ws_000177.txt,20,40,7,0.025509,True
ws_000178.txt,19,38,8,0.150711,True
ws_000179.txt,31,62,11,3.273077,True
ws_000180.txt,31,62,11,7.853967,True
ws_000181.txt,28,56,10,0.86375,True
ws_000182.txt,26,52,9,0.489609,True
ws_000183.txt,20,40,7,0.027541,True
ws_000184.txt,21,42,7,0.035029,True
ws_000185.txt,34,68,12,9.781952,True
ws_000186.txt,18,36,6,0.009674,True
ws_000187.txt,18,36,6,0.012901,True
ws_000188.txt,30,60,10,5.161766,True
ws_000189.txt,22,44,7,0.06234,True
ws_000190.txt,23,46,8,0.20152,True
ws_000191.txt,34,68,11,8.961906,True
ws_000192.txt,17,34,6,0.009122,True
ws_000193.txt,33,66,11,7.541918,True
ws_000194.txt,35,70,TIMEOUT,100,TIMEOUT
ws_000195.txt,27,54,9,0.416747,True
ws_000196.txt,27,54,9,0.70316,True
ws_000197.txt,31,62,11,4.02526,True
ws_000198.txt,17,34,6,0.010255,True
ws_000199.txt,31,62,11,6.818698,True
ws_000200.txt,27,54,10,1.213369,True
ws_000201.txt,20,40,7,0.050943,True
ws_000202.txt,16,32,6,0.008583,True
ws_000203.txt,30,60,10,1.200031,True
ws_000204.txt,30,60,11,5.272801,True
ws_000205.txt,19,38,7,0.029352,True
ws_000206.txt,29,58,10,1.514901,True
ws_000207.txt,30,60,10,1.186204,True
ws_000208.txt,26,52,9,0.73479,True
ws_000209.txt,21,42,7,0.062188,True
ws_000210.txt,30,60,10,1.153416,True
ws_000211.txt,29,58,10,2.0125,True
ws_000212.txt,22,44,8,0.128291,True
ws_000213.txt,23,46,8,0.205111,True
ws_000214.txt,33,66,11,15.743174,True
ws_000215.txt,32,64,11,39.277057,True
ws_000216.txt,26,52,8,0.593877,True
ws_000217.txt,21,42,7,0.048589,True
ws_000218.txt,16,32,6,0.009805,True
ws_000219.txt,24,48,8,0.133864,True
ws_000220.txt,30,60,10,1.784519,True
ws_000221.txt,19,38,6,0.017822,True
ws_000222.txt,32,64,11,10.61781,True
ws_000223.txt,31,62,11,4.879961,True
ws_000224.txt,19,38,7,0.037799,True
ws_000225.txt,16,32,6,0.008045,True
ws_000226.txt,33,66,11,9.942822,True
ws_000227.txt,17,34,6,0.013813,True
ws_000228.txt,35,70,TIMEOUT,100,TIMEOUT
ws_000229.txt,24,48,9,0.406448,True
ws_000230.txt,32,64,11,17.014803,True
ws_000231.txt,17,34,6,0.010554,True
ws_000232.txt,27,54,9,0.555489,True
ws_000233.txt,35,70,12,32.527672,True
ws_000234.txt,32,64,11,5.57547,True
ws_000235.txt,26,52,9,1.496894,True
ws_000236.txt,26,52,9,0.374356,True
ws_000237.txt,28,56,10,2.051878,True
ws_000238.txt,27,54,10,0.891087,True
ws_000239.txt,18,36,6,0.019208,True
ws_000240.txt,21,42,8,0.077989,True
ws_000241.txt,35,70,12,6.430249,True
ws_000242.txt,25,50,9,0.484182,True
ws_000243.txt,27,54,9,0.912223,True
ws_000244.txt,23,46,8,0.137306,True
ws_000245.txt,22,44,7,0.089725,True
ws_000246.txt,28,56,10,1.198422,True
ws_000247.txt,20,40,7,0.037742,True
ws_000248.txt,31,62,10,5.389121,True
ws_000249.txt,22,44,8,0.368673,True
ws_000250.txt,17,34,6,0.014513,True
ws_000251.txt,29,58,9,0.968946,True
ws_000252.txt,25,50,8,0.59983,True
ws_000253.txt,24,48,9,0.685714,True
ws_000254.txt,16,32,6,0.008243,True
ws_000255.txt,20,40,7,0.050167,True
ws_000256.txt,27,54,9,0.570525,True
ws_000257.txt,33,66,11,10.785495,True
ws_000258.txt,26,52,9,0.867954,True
ws_000259.txt,15,30,6,0.007086,True
ws_000260.txt,16,32,6,0.008956,True
ws_000261.txt,16,32,6,0.015759,True
ws_000262.txt,28,56,10,1.011372,True
ws_000263.txt,31,62,11,5.270373,True
ws_000264.txt,20,40,7,0.059111,True
ws_000265.txt,24,48,8,0.264587,True
ws_000266.txt,17,34,6,0.009086,True
ws_000267.txt,16,32,5,0.007046,True
ws_000268.txt,17,34,5,0.005812,True
ws_000269.txt,32,64,11,26.150759,True
ws_000270.txt,18,36,6,0.008797,True
ws_000271.txt,35,70,11,26.337165,True
ws_000272.txt,27,54,8,0.333877,True
ws_000273.txt,24,48,8,0.153789,True
ws_000274.txt,23,46,8,0.122448,True
ws_000275.txt,16,32,5,0.004071,True
ws_000276.txt,34,68,10,5.39735,True
ws_000277.txt,17,34,6,0.00764,True
ws_000278.txt,28,56,9,1.459928,True
ws_000279.txt,34,68,11,21.760877,True
ws_000280.txt,18,36,6,0.00977,True
ws_000281.txt,33,66,11,12.243764,True
ws_000282.txt,28,56,10,2.632645,True
ws_000283.txt,28,56,9,1.132177,True
ws_000284.txt,29,58,10,2.172734,True
ws_000285.txt,33,66,12,53.971525,True
ws_000286.txt,24,48,8,0.244558,True
ws_000287.txt,25,50,8,0.248919,True
ws_000288.txt,20,40,7,0.050009,True
ws_000289.txt,20,40,7,0.041578,True
ws_000290.txt,25,50,8,0.332345,True
ws_000291.txt,15,30,6,0.010659,True
ws_000292.txt,21,42,7,0.038164,True
ws_000293.txt,35,70,12,54.804069,True
ws_000294.txt,32,64,10,2.6252,True
ws_000295.txt,20,40,7,0.041045,True
ws_000296.txt,20,40,7,0.046968,True
ws_000297.txt,33,66,11,3.18759,True
ws_000298.txt,26,52,9,0.779616,True
ws_000299.txt,23,46,7,0.12488,True
ws_000300.txt,27,54,9,0.881562,True
ws_000301.txt,34,68,11,17.996916,True
ws_000302.txt,26,52,9,0.480857,True
ws_000303.txt,28,56,9,0.475817,True
ws_000304.txt,34,68,11,7.059354,True
ws_000305.txt,15,30,5,0.004144,True
ws_000306.txt,30,60,10,2.06708,True
ws_000307.txt,24,48,8,0.205746,True
ws_000308.txt,26,52,9,0.531014,True
ws_000309.txt,35,70,12,45.339048,True
ws_000310.txt,34,68,11,12.448673,True
ws_000311.txt,30,60,10,16.079237,True
ws_000312.txt,25,50,9,0.396262,True
ws_000313.txt,27,54,10,1.086324,True
ws_000314.txt,35,70,11,16.055186,True
ws_000315.txt,19,38,7,0.026606,True
ws_000316.txt,27,54,10,1.373848,True
ws_000317.txt,20,40,7,0.023961,True
ws_000318.txt,28,56,9,0.573114,True
ws_000319.txt,24,48,9,0.355192,True
ws_000320.txt,22,44,8,0.175995,True
ws_000321.txt,27,54,10,1.076167,True
ws_000322.txt,30,60,11,3.915128,True
ws_000323.txt,18,36,6,0.010332,True
ws_000324.txt,21,42,8,0.074439,True
ws_000325.txt,19,38,7,0.022071,True
ws_000326.txt,24,48,8,0.568068,True
ws_000327.txt,25,50,9,0.921496,True
ws_000328.txt,22,44,9,0.208762,True
ws_000329.txt,16,32,6,0.011136,True
ws_000330.txt,15,30,6,0.007445,True
ws_000331.txt,29,58,10,1.236215,True
ws_000332.txt,34,68,11,14.048615,True
ws_000333.txt,23,46,7,0.181736,True
ws_000334.txt,24,48,8,0.153156,True
ws_000335.txt,20,40,6,0.028454,True
ws_000336.txt,27,54,9,1.266286,True
ws_000337.txt,30,60,10,1.423651,True
ws_000338.txt,28,56,10,1.90459,True
ws_000339.txt,32,64,11,33.067678,True
ws_000340.txt,30,60,9,2.829493,True
ws_000341.txt,33,66,11,31.796452,True
ws_000342.txt,31,62,10,10.839319,True
ws_000343.txt,23,46,8,0.139432,True
ws_000344.txt,17,34,6,0.012789,True
ws_000345.txt,33,66,11,30.878052,True
ws_000346.txt,33,66,11,7.621226,True
ws_000347.txt,26,52,9,0.503674,True
ws_000348.txt,22,44,8,0.275583,True
ws_000349.txt,31,62,10,4.397189,True
ws_000350.txt,17,34,6,0.011562,True
ws_000351.txt,25,50,9,0.719381,True
ws_000352.txt,20,40,7,0.057389,True
ws_000353.txt,21,42,7,0.028386,True
ws_000354.txt,23,46,8,0.138124,True
ws_000355.txt,20,40,6,0.015763,True
ws_000356.txt,17,34,6,0.010905,True
ws_000357.txt,26,52,8,0.217929,True
ws_000358.txt,21,42,7,0.035842,True
ws_000359.txt,32,64,11,5.498808,True
ws_000360.txt,30,60,10,1.814842,True
ws_000361.txt,33,66,11,14.990935,True
ws_000362.txt,29,58,10,2.905169,True
ws_000363.txt,29,58,10,1.704378,True
ws_000364.txt,35,70,12,42.496931,True
ws_000365.txt,34,68,11,24.993853,True
ws_000366.txt,31,62,11,20.091093,True
ws_000367.txt,29,58,10,1.019078,True
ws_000368.txt,31,62,11,5.003062,True
ws_000369.txt,24,48,8,0.244551,True
ws_000370.txt,18,36,6,0.023593,True
ws_000371.txt,29,58,10,2.295372,True
ws_000372.txt,20,40,6,0.016423,True
ws_000373.txt,33,66,11,43.815695,True
ws_000374.txt,20,40,7,0.035704,True
ws_000375.txt,31,62,10,5.054962,True
ws_000376.txt,21,42,7,0.028917,True
ws_000377.txt,23,46,8,0.106047,True
ws_000378.txt,21,42,7,0.030479,True
ws_000379.txt,19,38,6,0.014032,True
ws_000380.txt,18,36,6,0.010413,True
ws_000381.txt,26,52,9,0.455005,True
ws_000382.txt,28,56,9,1.407786,True
ws_000383.txt,25,50,9,0.551429,True
ws_000384.txt,29,58,10,49.456127,True
ws_000385.txt,29,58,9,1.009446,True
ws_000386.txt,20,40,7,0.024375,True
ws_000387.txt,28,56,9,0.624281,True
ws_000388.txt,25,50,8,0.219535,True
ws_000389.txt,29,58,10,1.352801,True
ws_000390.txt,34,68,TIMEOUT,100,TIMEOUT
ws_000391.txt,28,56,10,2.839958,True
ws_000392.txt,25,50,9,0.494119,True
ws_000393.txt,30,60,10,3.580289,True
ws_000394.txt,28,56,9,0.632598,True
ws_000395.txt,29,58,10,1.745898,True
ws_000396.txt,32,64,10,3.07524,True
ws_000397.txt,15,30,5,0.005867,True
ws_000398.txt,34,68,11,23.462361,True
ws_000399.txt,28,56,9,2.431298,True
ws_000400.txt,27,54,9,0.4683,True
ws_000401.txt,23,46,8,0.164066,True
ws_000402.txt,30,60,10,3.964071,True
ws_000403.txt,15,30,5,0.005825,True
ws_000404.txt,27,54,9,0.723959,True
ws_000405.txt,23,46,8,0.513522,True
ws_000406.txt,24,48,8,0.187109,True
ws_000407.txt,26,52,8,1.387437,True
ws_000408.txt,27,54,9,0.433503,True
ws_000409.txt,24,48,8,0.208985,True
ws_000410.txt,24,48,9,0.294276,True
ws_000411.txt,19,38,7,0.02084,True
ws_000412.txt,33,66,10,7.850779,True
ws_000413.txt,21,42,7,0.042681,True
ws_000414.txt,21,42,7,0.021927,True
ws_000415.txt,18,36,6,0.011811,True
ws_000416.txt,33,66,12,37.391722,True
ws_000417.txt,27,54,10,0.84832,True
ws_000418.txt,20,40,6,0.014142,True
ws_000419.txt,19,38,7,0.030025,True
ws_000420.txt,27,54,9,0.447501,True
ws_000421.txt,34,68,11,10.541569,True
ws_000422.txt,20,40,7,0.07068,True
ws_000423.txt,24,48,8,0.45125,True
ws_000424.txt,22,44,8,0.188477,True
ws_000425.txt,32,64,11,2.946813,True
ws_000426.txt,18,36,6,0.019657,True
ws_000427.txt,30,60,11,25.032894,True
ws_000428.txt,35,70,12,9.312051,True
ws_000429.txt,31,62,11,12.728213,True
ws_000430.txt,16,32,6,0.007906,True
ws_000431.txt,34,68,11,17.211293,True
ws_000432.txt,28,56,10,1.247833,True
ws_000433.txt,31,62,10,7.498614,True
ws_000434.txt,29,58,10,1.594363,True
ws_000435.txt,34,68,12,26.468815,True
ws_000436.txt,19,38,7,0.033014,True
ws_000437.txt,22,44,8,0.132846,True
ws_000438.txt,35,70,12,50.394551,True
ws_000439.txt,31,62,10,5.576551,True
ws_000440.txt,19,38,7,0.029277,True
ws_000441.txt,24,48,8,0.291592,True
ws_000442.txt,25,50,9,0.274143,True
ws_000443.txt,18,36,6,0.012301,True
ws_000444.txt,15,30,5,0.003608,True
ws_000445.txt,25,50,9,0.405577,True
ws_000446.txt,21,42,7,0.039655,True
ws_000447.txt,20,40,7,0.047982,True
ws_000448.txt,19,38,6,0.011646,True
ws_000449.txt,22,44,7,0.05691,True
ws_000450.txt,24,48,9,0.336369,True
ws_000451.txt,26,52,8,0.387614,True
ws_000452.txt,21,42,7,0.030676,True
ws_000453.txt,21,42,7,0.058986,True
ws_000454.txt,27,54,9,0.4892,True
ws_000455.txt,24,48,9,0.29404,True
ws_000456.txt,28,56,10,2.641273,True
ws_000457.txt,29,58,9,0.942969,True
ws_000458.txt,22,44,8,0.155505,True
ws_000459.txt,26,52,9,0.484268,True
ws_000460.txt,25,50,9,0.516756,True
ws_000461.txt,30,60,10,1.621588,True
ws_000462.txt,22,44,8,0.184419,True
ws_000463.txt,22,44,8,0.124568,True
ws_000464.txt,28,56,10,1.459185,True
ws_000465.txt,29,58,11,2.719873,True
ws_000466.txt,22,44,7,0.162763,True
ws_000467.txt,18,36,7,0.023778,True
ws_000468.txt,25,50,9,0.404642,True
ws_000469.txt,20,40,7,0.025714,True
ws_000470.txt,26,52,9,1.326859,True
ws_000471.txt,23,46,8,0.088331,True
ws_000472.txt,30,60,11,6.80672,True
ws_000473.txt,22,44,8,0.106377,True
ws_000474.txt,20,40,6,0.022382,True
ws_000475.txt,25,50,8,0.217694,True
ws_000476.txt,35,70,12,58.23695,True
ws_000477.txt,27,54,10,1.311541,True
ws_000478.txt,20,40,7,0.028364,True
ws_000479.txt,24,48,8,0.561158,True
ws_000480.txt,35,70,11,31.759173,True
ws_000481.txt,35,70,11,26.298244,True
ws_000482.txt,32,64,11,8.840365,True
ws_000483.txt,33,66,11,4.007449,True
ws_000484.txt,29,58,10,2.197215,True
ws_000485.txt,34,68,11,13.723777,True
ws_000486.txt,26,52,9,0.687446,True
ws_000487.txt,17,34,6,0.010512,True
ws_000488.txt,21,42,8,0.157311,True
ws_000489.txt,22,44,8,0.128078,True
ws_000490.txt,25,50,8,0.468469,True
ws_000491.txt,27,54,9,0.594192,True
ws_000492.txt,24,48,9,0.391901,True
ws_000493.txt,25,50,9,0.706726,True
ws_000494.txt,15,30,5,0.004128,True
ws_000495.txt,20,40,7,0.038744,True
ws_000496.txt,21,42,6,0.023403,True
ws_000497.txt,33,66,11,13.202721,True
ws_000498.txt,25,50,8,0.256861,True
ws_000499.txt,26,52,9,1.104845,True
ws_000500.txt,21,42,7,0.037714,True
ws_000501.txt,18,36,6,0.014652,True
ws_000502.txt,23,46,8,0.409793,True
ws_000503.txt,31,62,11,4.115112,True
ws_000504.txt,17,34,6,0.02042,True
ws_000505.txt,35,70,12,46.57455,True
ws_000506.txt,33,66,11,7.081881,True
ws_000507.txt,27,54,10,1.033388,True
ws_000508.txt,25,50,9,0.340441,True
ws_000509.txt,25,50,9,0.513645,True
ws_000510.txt,32,64,12,11.827176,True
ws_000511.txt,22,44,8,0.169032,True
ws_000512.txt,34,68,11,8.307547,True
ws_000513.txt,23,46,7,0.085317,True
ws_000514.txt,25,50,9,0.495678,True
ws_000515.txt,33,66,11,3.897537,True
ws_000516.txt,28,56,10,2.1971,True
ws_000517.txt,22,44,7,0.083123,True
ws_000518.txt,28,56,9,1.34283,True
ws_000519.txt,18,36,6,0.01209,True
ws_000520.txt,31,62,11,15.542775,True
ws_000521.txt,20,40,7,0.051439,True
ws_000522.txt,31,62,11,12.262098,True
ws_000523.txt,16,32,6,0.008222,True
ws_000524.txt,32,64,11,7.275457,True
ws_000525.txt,25,50,8,0.147477,True
ws_000526.txt,28,56,10,2.926853,True
ws_000527.txt,21,42,7,0.067764,True
ws_000528.txt,26,52,9,0.755915,True
ws_000529.txt,19,38,6,0.014116,True
ws_000530.txt,16,32,6,0.00849,True
ws_000531.txt,20,40,7,0.035159,True
ws_000532.txt,22,44,8,0.180014,True
ws_000533.txt,33,66,11,5.584594,True
ws_000534.txt,16,32,6,0.006762,True
ws_000535.txt,24,48,8,0.116594,True
ws_000536.txt,21,42,8,0.090877,True
ws_000537.txt,26,52,9,1.072408,True
ws_000538.txt,21,42,8,0.123267,True
ws_000539.txt,20,40,7,0.03732,True
ws_000540.txt,20,40,7,0.078596,True
ws_000541.txt,30,60,10,4.388918,True
ws_000542.txt,29,58,10,3.783639,True
ws_000543.txt,27,54,9,1.427351,True
ws_000544.txt,18,36,7,0.028384,True
ws_000545.txt,23,46,8,0.121352,True
ws_000546.txt,23,46,8,0.198765,True
ws_000547.txt,28,56,10,1.610912,True
ws_000548.txt,27,54,9,0.565636,True
ws_000549.txt,21,42,7,0.037701,True
ws_000550.txt,32,64,11,13.763525,True
ws_000551.txt,20,40,7,0.025687,True
ws_000552.txt,25,50,8,0.320341,True
ws_000553.txt,32,64,11,10.886751,True
ws_000554.txt,33,66,11,17.750098,True
ws_000555.txt,33,66,11,9.629489,True
ws_000556.txt,19,38,7,0.019198,True
ws_000557.txt,17,34,6,0.013197,True
ws_000558.txt,35,70,TIMEOUT,100,TIMEOUT
ws_000559.txt,32,64,10,4.085749,True
ws_000560.txt,17,34,7,0.016547,True
ws_000561.txt,20,40,7,0.029782,True
ws_000562.txt,21,42,7,0.033427,True
ws_000563.txt,20,40,7,0.06821,True
ws_000564.txt,22,44,8,0.133971,True
ws_000565.txt,25,50,9,0.369932,True
ws_000566.txt,22,44,7,0.067794,True
ws_000567.txt,28,56,9,1.530326,True
ws_000568.txt,26,52,9,0.43992,True
ws_000569.txt,17,34,6,0.011189,True
ws_000570.txt,35,70,12,30.172026,True
ws_000571.txt,31,62,11,29.753599,True
ws_000572.txt,19,38,7,0.025556,True
ws_000573.txt,27,54,9,0.818893,True
ws_000574.txt,33,66,11,24.568934,True
ws_000575.txt,29,58,10,2.169143,True
ws_000576.txt,22,44,8,0.315235,True
ws_000577.txt,31,62,10,2.746848,True
ws_000578.txt,31,62,10,1.631674,True
ws_000579.txt,23,46,7,0.136696,True
ws_000580.txt,16,32,6,0.008439,True
ws_000581.txt,18,36,7,0.024293,True
ws_000582.txt,32,64,11,5.45978,True
ws_000583.txt,34,68,11,22.270278,True
ws_000584.txt,21,42,7,0.041667,True
ws_000585.txt,26,52,9,0.686622,True
ws_000586.txt,34,68,12,98.060257,True
ws_000587.txt,16,32,5,0.003219,True
ws_000588.txt,16,32,6,0.009718,True
ws_000589.txt,24,48,8,0.191039,True
ws_000590.txt,26,52,9,0.48615,True
ws_000591.txt,28,56,10,1.542866,True
ws_000592.txt,24,48,8,0.233742,True
ws_000593.txt,24,48,8,0.277775,True
ws_000594.txt,20,40,7,0.032395,True
ws_000595.txt,35,70,TIMEOUT,100,TIMEOUT
ws_000596.txt,31,62,11,3.76854,True
ws_000597.txt,25,50,9,0.326287,True
ws_000598.txt,21,42,8,0.07077,True
ws_000599.txt,20,40,7,0.033747,True
ws_000600.txt,18,36,6,0.013651,True
ws_000601.txt,27,54,9,1.108688,True
ws_000602.txt,27,54,9,0.68342,True
ws_000603.txt,35,70,12,44.091597,True
ws_000604.txt,23,46,8,0.194612,True
ws_000605.txt,19,38,6,0.010359,True
ws_000606.txt,18,36,6,0.009685,True
ws_000607.txt,17,34,7,0.016921,True
ws_000608.txt,35,70,12,24.741057,True
ws_000609.txt,22,44,8,0.101702,True
ws_000610.txt,26,52,9,0.996341,True
ws_000611.txt,22,44,8,0.288197,True
ws_000612.txt,17,34,6,0.015981,True
ws_000613.txt,22,44,8,0.126401,True
ws_000614.txt,27,54,9,0.695597,True
ws_000615.txt,35,70,12,32.094999,True
ws_000616.txt,18,36,6,0.011749,True
ws_000617.txt,27,54,9,0.382904,True
ws_000618.txt,26,52,9,0.633122,True
ws_000619.txt,22,44,8,0.240182,True
ws_000620.txt,31,62,10,3.069485,True
ws_000621.txt,26,52,9,0.534503,True
ws_000622.txt,16,32,6,0.007453,True
ws_000623.txt,27,54,9,0.728251,True
ws_000624.txt,18,36,6,0.021576,True
ws_000625.txt,20,40,7,0.035622,True
ws_000626.txt,30,60,10,1.689824,True
ws_000627.txt,24,48,8,0.206739,True
ws_000628.txt,25,50,9,0.85073,True
ws_000629.txt,21,42,7,0.179162,True
ws_000630.txt,18,36,6,0.011405,True
ws_000631.txt,16,32,5,0.007358,True
ws_000632.txt,19,38,7,0.026936,True
ws_000633.txt,18,36,7,0.029425,True
ws_000634.txt,30,60,10,1.910494,True
ws_000635.txt,15,30,5,0.00875,True
ws_000636.txt,34,68,11,15.101693,True
ws_000637.txt,25,50,9,0.334444,True
ws_000638.txt,21,42,7,0.054459,True
ws_000639.txt,20,40,7,0.025667,True
ws_000640.txt,18,36,7,0.022363,True
ws_000641.txt,34,68,12,33.44393,True
ws_000642.txt,15,30,5,0.003316,True
ws_000643.txt,19,38,7,0.052193,True
ws_000644.txt,29,58,10,1.138957,True
ws_000645.txt,28,56,10,1.694607,True
ws_000646.txt,28,56,10,1.428295,True
ws_000647.txt,15,30,6,0.005898,True
ws_000648.txt,19,38,6,0.013925,True
ws_000649.txt,26,52,9,1.539061,True
ws_000650.txt,32,64,11,14.634207,True
ws_000651.txt,15,30,6,0.007331,True
ws_000652.txt,15,30,6,0.008067,True
ws_000653.txt,21,42,7,0.079663,True
ws_000654.txt,15,30,5,0.003033,True
ws_000655.txt,31,62,11,3.489125,True
ws_000656.txt,15,30,6,0.005406,True
ws_000657.txt,27,54,10,1.547526,True
ws_000658.txt,15,30,6,0.006914,True
ws_000659.txt,26,52,9,0.554499,True
ws_000660.txt,26,52,9,0.569115,True
ws_000661.txt,16,32,6,0.007624,True
ws_000662.txt,21,42,7,0.034486,True
ws_000663.txt,21,42,8,0.091119,True
ws_000664.txt,31,62,10,6.978049,True
ws_000665.txt,21,42,7,0.035079,True
ws_000666.txt,24,48,8,0.150934,True
ws_000667.txt,21,42,8,0.061365,True
ws_000668.txt,29,58,9,4.783949,True
ws_000669.txt,21,42,8,0.073133,True
ws_000670.txt,15,30,6,0.00664,True
ws_000671.txt,26,52,9,0.521868,True
ws_000672.txt,18,36,7,0.026237,True
ws_000673.txt,20,40,6,0.016379,True
ws_000674.txt,33,66,11,11.12635,True
ws_000675.txt,15,30,5,0.003499,True
ws_000676.txt,32,64,10,9.05699,True
ws_000677.txt,33,66,11,43.988544,True
ws_000678.txt,27,54,9,0.574529,True
ws_000679.txt,32,64,11,5.391169,True
ws_000680.txt,19,38,7,0.031702,True
ws_000681.txt,22,44,8,0.149841,True
ws_000682.txt,22,44,7,0.076656,True
ws_000683.txt,35,70,10,10.935727,True
ws_000684.txt,25,50,9,0.450413,True
ws_000685.txt,34,68,11,24.624524,True
ws_000686.txt,32,64,11,34.551928,True
ws_000687.txt,33,66,11,30.806485,True
ws_000688.txt,31,62,11,6.376184,True
ws_000689.txt,23,46,8,0.112652,True
ws_000690.txt,24,48,8,0.167971,True
ws_000691.txt,26,52,9,0.336002,True
ws_000692.txt,29,58,10,10.545246,True
ws_000693.txt,32,64,10,2.010947,True
ws_000694.txt,23,46,8,0.114299,True
ws_000695.txt,31,62,11,8.998858,True
ws_000696.txt,23,46,8,0.112808,True
ws_000697.txt,30,60,10,1.035559,True
ws_000698.txt,31,62,11,5.525283,True
ws_000699.txt,30,60,10,2.333926,True
ws_000700.txt,17,34,6,0.009012,True
ws_000701.txt,20,40,7,0.081883,True
ws_000702.txt,23,46,8,0.145407,True
ws_000703.txt,15,30,6,0.00723,True
ws_000704.txt,28,56,10,0.931234,True
ws_000705.txt,18,36,7,0.013078,True
ws_000706.txt,15,30,5,0.005804,True
ws_000707.txt,24,48,8,0.17951,True
ws_000708.txt,28,56,9,0.708701,True
ws_000709.txt,32,64,11,21.424629,True
ws_000710.txt,20,40,7,0.036507,True
ws_000711.txt,17,34,6,0.008522,True
ws_000712.txt,34,68,12,65.295925,True
ws_000713.txt,34,68,12,11.392972,True
ws_000714.txt,15,30,6,0.008907,True
ws_000715.txt,24,48,8,0.434361,True
ws_000716.txt,35,70,12,64.793418,True
ws_000717.txt,35,70,12,10.853663,True
ws_000718.txt,24,48,8,0.119636,True
ws_000719.txt,29,58,9,1.95783,True
ws_000720.txt,17,34,6,0.006534,True
ws_000721.txt,16,32,5,0.004849,True
ws_000722.txt,15,30,5,0.003539,True
ws_000723.txt,22,44,8,0.131009,True
ws_000724.txt,16,32,6,0.009905,True
ws_000725.txt,22,44,8,0.195982,True
ws_000726.txt,28,56,9,2.800711,True
ws_000727.txt,28,56,9,0.517338,True
ws_000728.txt,22,44,8,0.295839,True
ws_000729.txt,24,48,8,0.183192,True
ws_000730.txt,30,60,10,2.577831,True
ws_000731.txt,25,50,9,0.358405,True
ws_000732.txt,34,68,11,17.383157,True
ws_000733.txt,29,58,11,2.699789,True
ws_000734.txt,17,34,6,0.023453,True
ws_000735.txt,18,36,6,0.007087,True
ws_000736.txt,35,70,12,34.76009,True
ws_000737.txt,33,66,11,6.004149,True
ws_000738.txt,25,50,9,0.404905,True
ws_000739.txt,33,66,11,8.154,True
ws_000740.txt,29,58,10,3.574472,True
ws_000741.txt,21,42,7,0.038735,True
ws_000742.txt,22,44,8,0.102872,True
ws_000743.txt,21,42,7,0.031857,True
ws_000744.txt,29,58,10,5.019908,True
ws_000745.txt,25,50,9,0.395485,True
ws_000746.txt,18,36,7,0.027953,True
ws_000747.txt,29,58,10,1.552396,True
ws_000748.txt,22,44,8,0.126493,True
ws_000749.txt,22,44,7,0.140735,True
ws_000750.txt,25,50,8,0.242991,True
ws_000751.txt,28,56,9,0.570943,True
ws_000752.txt,33,66,11,23.648779,True
ws_000753.txt,27,54,10,2.858035,True
ws_000754.txt,26,52,9,4.006427,True
ws_000755.txt,31,62,10,3.018284,True
ws_000756.txt,18,36,6,0.024645,True
ws_000757.txt,23,46,8,0.142457,True
ws_000758.txt,33,66,11,10.520286,True
ws_000759.txt,32,64,10,10.692772,True
ws_000760.txt,20,40,7,0.036245,True
ws_000761.txt,24,48,9,0.322875,True
ws_000762.txt,32,64,11,12.787933,True
ws_000763.txt,24,48,8,0.108686,True
ws_000764.txt,19,38,7,0.035073,True
ws_000765.txt,29,58,10,2.820506,True
ws_000766.txt,33,66,11,5.734065,True
ws_000767.txt,28,56,9,1.047887,True
ws_000768.txt,22,44,8,0.137529,True
ws_000769.txt,30,60,11,5.973652,True
ws_000770.txt,19,38,6,0.014752,True
ws_000771.txt,15,30,6,0.00792,True
ws_000772.txt,17,34,6,0.009095,True
ws_000773.txt,24,48,9,0.258371,True
ws_000774.txt,34,68,12,24.661884,True
ws_000775.txt,33,66,11,10.460466,True
ws_000776.txt,28,56,9,1.200756,True
ws_000777.txt,30,60,10,1.100232,True
ws_000778.txt,34,68,12,24.889316,True
ws_000779.txt,27,54,9,0.872276,True
ws_000780.txt,23,46,8,0.152227,True
ws_000781.txt,21,42,7,0.031478,True
ws_000782.txt,18,36,6,0.023067,True
ws_000783.txt,34,68,11,3.867254,True
ws_000784.txt,29,58,9,1.123642,True
ws_000785.txt,15,30,6,0.007736,True
ws_000786.txt,23,46,8,0.288373,True
ws_000787.txt,15,30,6,0.007796,True
ws_000788.txt,22,44,8,0.132129,True
ws_000789.txt,27,54,9,0.616993,True
ws_000790.txt,22,44,7,0.089737,True
ws_000791.txt,28,56,9,0.404138,True
ws_000792.txt,25,50,9,0.326331,True
ws_000793.txt,31,62,10,4.053871,True
ws_000794.txt,18,36,6,0.012086,True
ws_000795.txt,15,30,6,0.005777,True
ws_000796.txt,34,68,12,34.089551,True
ws_000797.txt,33,66,11,12.359138,True
ws_000798.txt,17,34,7,0.023753,True
ws_000799.txt,32,64,11,54.969417,True
ws_000800.txt,20,40,7,0.034692,True
ws_000801.txt,30,60,10,2.30693,True
ws_000802.txt,22,44,7,0.034161,True
ws_000803.txt,32,64,11,17.5019,True
ws_000804.txt,17,34,6,0.01231,True
ws_000805.txt,25,50,9,0.759349,True
ws_000806.txt,34,68,11,17.049976,True
ws_000807.txt,19,38,7,0.020975,True
ws_000808.txt,25,50,9,0.585419,True
ws_000809.txt,19,38,7,0.030669,True
ws_000810.txt,22,44,8,0.18068,True
ws_000811.txt,21,42,7,0.025911,True
ws_000812.txt,19,38,6,0.009005,True
ws_000813.txt,31,62,10,3.90738,True
ws_000814.txt,33,66,11,8.599432,True
ws_000815.txt,19,38,6,0.034724,True
ws_000816.txt,29,58,10,6.018016,True
ws_000817.txt,31,62,10,10.691402,True
ws_000818.txt,29,58,9,1.390099,True
ws_000819.txt,29,58,10,4.700924,True
ws_000820.txt,15,30,5,0.004514,True
ws_000821.txt,33,66,TIMEOUT,100,TIMEOUT
ws_000822.txt,25,50,8,0.173877,True
ws_000823.txt,18,36,6,0.010039,True
ws_000824.txt,18,36,6,0.010852,True
ws_000825.txt,31,62,10,9.856374,True
ws_000826.txt,23,46,8,0.171186,True
ws_000827.txt,20,40,6,0.019919,True
ws_000828.txt,20,40,7,0.107233,True
ws_000829.txt,16,32,6,0.00594,True
ws_000830.txt,20,40,7,0.032769,True
ws_000831.txt,29,58,11,4.456051,True
ws_000832.txt,24,48,8,0.142593,True
ws_000833.txt,24,48,7,0.067299,True
ws_000834.txt,21,42,7,0.037321,True
ws_000835.txt,24,48,9,0.4181,True
ws_000836.txt,21,42,7,0.039411,True
ws_000837.txt,23,46,8,0.148436,True
ws_000838.txt,23,46,8,0.143465,True
ws_000839.txt,31,62,11,8.111906,True
ws_000840.txt,30,60,10,1.618207,True
ws_000841.txt,21,42,7,0.033954,True
ws_000842.txt,32,64,10,2.206375,True
ws_000843.txt,30,60,11,3.554254,True
ws_000844.txt,20,40,7,0.039466,True
ws_000845.txt,26,52,9,1.368888,True
ws_000846.txt,25,50,8,0.19385,True
ws_000847.txt,18,36,6,0.008639,True
ws_000848.txt,20,40,7,0.022084,True
ws_000849.txt,32,64,11,8.329382,True
ws_000850.txt,23,46,8,0.174432,True
ws_000851.txt,31,62,10,2.06508,True
ws_000852.txt,22,44,7,0.061843,True
ws_000853.txt,30,60,10,1.799022,True
ws_000854.txt,29,58,10,2.498615,True
ws_000855.txt,23,46,8,0.137093,True
ws_000856.txt,34,68,TIMEOUT,100,TIMEOUT
ws_000857.txt,35,70,12,15.486884,True
ws_000858.txt,24,48,8,0.31763,True
ws_000859.txt,15,30,4,0.002578,True
ws_000860.txt,30,60,10,4.851993,True
ws_000861.txt,26,52,9,0.704815,True
ws_000862.txt,25,50,8,0.134021,True
ws_000863.txt,16,32,6,0.006466,True
ws_000864.txt,26,52,8,0.142496,True
ws_000865.txt,16,32,6,0.035118,True
ws_000866.txt,18,36,6,0.008557,True
ws_000867.txt,35,70,12,25.312953,True
ws_000868.txt,34,68,11,13.343331,True
ws_000869.txt,32,64,11,11.123445,True
ws_000870.txt,20,40,7,0.052749,True
ws_000871.txt,18,36,7,0.023974,True
ws_000872.txt,35,70,12,18.325254,True
ws_000873.txt,28,56,10,1.388314,True
ws_000874.txt,32,64,11,10.382935,True
ws_000875.txt,18,36,6,0.011501,True
ws_000876.txt,21,42,8,0.085358,True
ws_000877.txt,21,42,8,0.101685,True
ws_000878.txt,32,64,11,12.597995,True
ws_000879.txt,25,50,8,0.169748,True
ws_000880.txt,16,32,6,0.010971,True
ws_000881.txt,31,62,10,1.334255,True
ws_000882.txt,16,32,6,0.007858,True
ws_000883.txt,15,30,5,0.003168,True
ws_000884.txt,17,34,6,0.009856,True
ws_000885.txt,20,40,7,0.032689,True
ws_000886.txt,15,30,5,0.005585,True
ws_000887.txt,35,70,12,78.199649,True
ws_000888.txt,15,30,5,0.003475,True
ws_000889.txt,33,66,11,13.094091,True
ws_000890.txt,34,68,12,7.926193,True
ws_000891.txt,32,64,11,11.925947,True
ws_000892.txt,23,46,8,0.290415,True
ws_000893.txt,20,40,7,0.04771,True
ws_000894.txt,27,54,9,0.26915,True
ws_000895.txt,31,62,10,1.796725,True
ws_000896.txt,24,48,8,1.11786,True
ws_000897.txt,31,62,11,6.472281,True
ws_000898.txt,21,42,7,0.066563,True
ws_000899.txt,19,38,6,0.010004,True
ws_000900.txt,25,50,9,0.350192,True
ws_000901.txt,25,50,9,0.581098,True
ws_000902.txt,30,60,11,2.237755,True
ws_000903.txt,34,68,11,11.522378,True
ws_000904.txt,31,62,10,14.23176,True
ws_000905.txt,35,70,12,17.656207,True
ws_000906.txt,23,46,8,0.271664,True
ws_000907.txt,32,64,10,18.680497,True
ws_000908.txt,25,50,10,0.71293,True
ws_000909.txt,20,40,7,0.058355,True
ws_000910.txt,16,32,6,0.00713,True
ws_000911.txt,32,64,11,4.186926,True
ws_000912.txt,23,46,8,0.150045,True
ws_000913.txt,29,58,9,5.575202,True
ws_000914.txt,21,42,8,0.070775,True
ws_000915.txt,35,70,10,15.78435,True
ws_000916.txt,27,54,9,0.796177,True
ws_000917.txt,26,52,9,0.34788,True
ws_000918.txt,15,30,5,0.008182,True
ws_000919.txt,18,36,6,0.009791,True
ws_000920.txt,27,54,9,0.631027,True
ws_000921.txt,29,58,10,0.850919,True
ws_000922.txt,33,66,11,6.737533,True
ws_000923.txt,21,42,7,0.040743,True
ws_000924.txt,16,32,6,0.008311,True
ws_000925.txt,33,66,11,6.574215,True
ws_000926.txt,35,70,12,26.536664,True
ws_000927.txt,15,30,5,0.004284,True
ws_000928.txt,20,40,7,0.10062,True
ws_000929.txt,33,66,11,16.214732,True
ws_000930.txt,31,62,10,2.799626,True
ws_000931.txt,15,30,6,0.007374,True
ws_000932.txt,18,36,7,0.025386,True
ws_000933.txt,29,58,10,2.838645,True
ws_000934.txt,21,42,7,0.038755,True
ws_000935.txt,25,50,9,0.307789,True
ws_000936.txt,31,62,10,1.619406,True
ws_000937.txt,19,38,7,0.024094,True
ws_000938.txt,20,40,7,0.051861,True
ws_000939.txt,31,62,11,12.179325,True
ws_000940.txt,33,66,11,4.784019,True
ws_000941.txt,28,56,9,1.201414,True
ws_000942.txt,24,48,8,0.179563,True
ws_000943.txt,24,48,9,0.45654,True
ws_000944.txt,25,50,8,0.195214,True
ws_000945.txt,20,40,7,0.051395,True
ws_000946.txt,23,46,7,0.111221,True
ws_000947.txt,30,60,10,17.247827,True
ws_000948.txt,16,32,6,0.008453,True
ws_000949.txt,35,70,12,64.726064,True
ws_000950.txt,28,56,9,0.407702,True
ws_000951.txt,29,58,9,2.567827,True
ws_000952.txt,25,50,8,0.259747,True
ws_000953.txt,30,60,10,1.11825,True
ws_000954.txt,15,30,6,0.007318,True
ws_000955.txt,27,54,9,0.738331,True
ws_000956.txt,17,34,5,0.006103,True
ws_000957.txt,26,52,9,0.600032,True
ws_000958.txt,30,60,10,1.461945,True
ws_000959.txt,22,44,8,0.166461,True
ws_000960.txt,28,56,10,2.445022,True
ws_000961.txt,16,32,6,0.007766,True
ws_000962.txt,19,38,7,0.027828,True
ws_000963.txt,19,38,7,0.024237,True
ws_000964.txt,22,44,8,0.140806,True
ws_000965.txt,23,46,8,0.137912,True
ws_000966.txt,23,46,8,0.253697,True
ws_000967.txt,15,30,5,0.003796,True
ws_000968.txt,25,50,9,0.433545,True
ws_000969.txt,35,70,12,19.872731,True
ws_000970.txt,21,42,7,0.04357,True
ws_000971.txt,26,52,9,0.750534,True
ws_000972.txt,22,44,7,0.033885,True
ws_000973.txt,31,62,11,4.416507,True
ws_000974.txt,27,54,9,0.480356,True
ws_000975.txt,32,64,11,14.531452,True
ws_000976.txt,29,58,10,1.22302,True
ws_000977.txt,28,56,10,3.870584,True
ws_000978.txt,25,50,8,0.162462,True
ws_000979.txt,24,48,8,0.203004,True
ws_000980.txt,35,70,12,49.620915,True
ws_000981.txt,33,66,11,4.150437,True
ws_000982.txt,22,44,8,0.205859,True
ws_000983.txt,27,54,9,0.450239,True
ws_000984.txt,29,58,10,6.397119,True
ws_000985.txt,24,48,8,0.218102,True
ws_000986.txt,22,44,8,0.150005,True
ws_000987.txt,27,54,9,0.928736,True
ws_000988.txt,33,66,11,54.099378,True
ws_000989.txt,27,54,9,0.252414,True
ws_000990.txt,24,48,8,0.300459,True
ws_000991.txt,23,46,8,0.104879,True
ws_000992.txt,22,44,8,0.10085,True
ws_000993.txt,23,46,8,0.205217,True
ws_000994.txt,24,48,8,0.320745,True
ws_000995.txt,31,62,10,1.320729,True
ws_000996.txt,27,54,9,0.312569,True
ws_000997.txt,20,40,7,0.036593,True
ws_000998.txt,17,34,6,0.009907,True
ws_000999.txt,17,34,6,0.011734,True
ws_001000.txt,26,52,9,0.420206,True
ws_001001.txt,19,38,7,0.026952,True
ws_001002.txt,32,64,11,7.917431,True
ws_001003.txt,34,68,11,29.304586,True
ws_001004.txt,16,32,6,0.007205,True
ws_001005.txt,21,42,7,0.040589,True
ws_001006.txt,20,40,7,0.029463,True
ws_001007.txt,20,40,7,0.054417,True
ws_001008.txt,26,52,8,0.2434,True
ws_001009.txt,21,42,7,0.044946,True
ws_001010.txt,26,52,9,0.7031,True
ws_001011.txt,21,42,7,0.03976,True
ws_001012.txt,17,34,6,0.012189,True
ws_001013.txt,15,30,5,0.004411,True
ws_001014.txt,21,42,7,0.039794,True
ws_001015.txt,26,52,9,0.431195,True
ws_001016.txt,30,60,10,1.778067,True
ws_001017.txt,23,46,8,0.165917,True
ws_001018.txt,33,66,11,15.144494,True
ws_001019.txt,32,64,11,10.120978,True
ws_001020.txt,22,44,8,0.206799,True
ws_001021.txt,23,46,8,0.123939,True
ws_001022.txt,22,44,8,0.133178,True
ws_001023.txt,15,30,5,0.003139,True
ws_001024.txt,31,62,10,4.504452,True
ws_001025.txt,34,68,11,40.572145,True
ws_001026.txt,21,42,7,0.055656,True
ws_001027.txt,15,30,5,0.003764,True
ws_001028.txt,27,54,10,0.971542,True
ws_001029.txt,20,40,6,0.012103,True
ws_001030.txt,16,32,6,0.008769,True
ws_001031.txt,34,68,TIMEOUT,100,TIMEOUT
ws_001032.txt,24,48,9,0.435798,True
ws_001033.txt,18,36,6,0.015793,True
ws_001034.txt,18,36,7,0.024626,True
ws_001035.txt,33,66,12,27.259284,True
ws_001036.txt,18,36,6,0.010536,True
ws_001037.txt,15,30,6,0.006583,True
ws_001038.txt,26,52,9,0.55392,True
ws_001039.txt,15,30,5,0.003862,True
ws_001040.txt,15,30,6,0.007945,True
ws_001041.txt,29,58,10,2.790574,True
ws_001042.txt,33,66,11,6.303462,True
ws_001043.txt,27,54,9,0.325559,True
ws_001044.txt,17,34,6,0.010991,True
ws_001045.txt,34,68,11,32.216968,True
ws_001046.txt,20,40,7,0.036714,True
ws_001047.txt,28,56,10,2.119618,True
ws_001048.txt,28,56,10,1.342503,True
ws_001049.txt,18,36,7,0.024147,True
ws_001050.txt,17,34,6,0.010235,True
ws_001051.txt,18,36,7,0.032602,True
ws_001052.txt,19,38,6,0.033061,True
ws_001053.txt,27,54,10,1.549952,True
ws_001054.txt,25,50,9,0.567927,True
ws_001055.txt,29,58,10,1.999829,True
ws_001056.txt,25,50,9,0.445049,True
ws_001057.txt,21,42,7,0.041331,True
ws_001058.txt,19,38,6,0.02024,True
ws_001059.txt,16,32,6,0.008627,True
ws_001060.txt,22,44,8,0.185105,True
ws_001061.txt,18,36,6,0.011366,True
ws_001062.txt,31,62,11,10.414614,True
ws_001063.txt,27,54,9,1.259659,True
ws_001064.txt,31,62,11,2.846138,True
ws_001065.txt,15,30,6,0.005279,True
ws_001066.txt,16,32,5,0.003872,True
ws_001067.txt,21,42,7,0.045012,True
ws_001068.txt,21,42,7,0.032799,True
ws_001069.txt,35,70,12,40.643633,True
ws_001070.txt,16,32,6,0.009193,True
ws_001071.txt,28,56,10,2.512665,True
ws_001072.txt,23,46,8,0.204327,True
ws_001073.txt,27,54,9,0.756105,True
ws_001074.txt,16,32,5,0.00968,True
ws_001075.txt,16,32,6,0.006965,True
ws_001076.txt,23,46,8,0.126778,True
ws_001077.txt,26,52,9,0.33581,True
ws_001078.txt,30,60,10,3.007096,True
ws_001079.txt,30,60,10,8.122091,True
ws_001080.txt,23,46,8,0.127594,True
ws_001081.txt,19,38,7,0.040059,True
ws_001082.txt,32,64,10,3.160353,True
ws_001083.txt,24,48,9,0.708816,True
ws_001084.txt,23,46,8,0.083984,True
ws_001085.txt,23,46,8,0.131759,True
ws_001086.txt,21,42,7,0.050841,True
ws_001087.txt,19,38,7,0.031873,True
ws_001088.txt,23,46,9,0.264069,True
ws_001089.txt,25,50,8,0.318059,True
ws_001090.txt,34,68,11,24.321294,True
ws_001091.txt,33,66,11,6.001403,True
ws_001092.txt,32,64,10,1.117871,True
ws_001093.txt,32,64,11,11.083486,True
ws_001094.txt,32,64,11,8.020167,True
ws_001095.txt,18,36,6,0.006738,True
ws_001096.txt,26,52,9,1.217271,True
ws_001097.txt,26,52,9,0.968348,True
ws_001098.txt,34,68,11,6.342191,True
ws_001099.txt,35,70,12,33.307614,True
ws_001100.txt,15,30,6,0.007756,True
ws_001101.txt,27,54,9,2.860652,True
ws_001102.txt,33,66,11,10.23545,True
ws_001103.txt,29,58,10,6.409265,True
ws_001104.txt,31,62,10,3.89018,True
ws_001105.txt,32,64,11,10.262405,True
ws_001106.txt,31,62,10,2.155976,True
ws_001107.txt,33,66,11,4.945122,True
ws_001108.txt,20,40,7,0.016871,True
ws_001109.txt,33,66,12,12.123895,True
ws_001110.txt,23,46,8,0.250937,True
ws_001111.txt,29,58,10,1.709419,True
ws_001112.txt,20,40,7,0.096487,True
ws_001113.txt,35,70,12,33.232335,True
ws_001114.txt,23,46,8,0.161634,True
ws_001115.txt,34,68,11,8.177468,True
ws_001116.txt,20,40,7,0.044951,True
ws_001117.txt,30,60,10,2.0438,True
ws_001118.txt,15,30,5,0.003649,True
ws_001119.txt,16,32,6,0.008472,True
ws_001120.txt,35,70,12,32.175778,True
ws_001121.txt,28,56,10,0.969671,True
ws_001122.txt,34,68,11,14.695237,True
ws_001123.txt,19,38,7,0.039391,True
ws_001124.txt,23,46,8,0.12763,True
ws_001125.txt,21,42,7,0.033632,True
ws_001126.txt,21,42,7,0.038415,True
ws_001127.txt,17,34,6,0.009166,True
ws_001128.txt,27,54,9,0.511092,True
ws_001129.txt,17,34,6,0.010361,True
ws_001130.txt,33,66,12,7.077094,True
ws_001131.txt,20,40,7,0.032449,True
ws_001132.txt,16,32,6,0.013918,True
ws_001133.txt,27,54,10,1.077592,True
ws_001134.txt,28,56,9,0.690531,True
ws_001135.txt,21,42,7,0.220376,True
ws_001136.txt,15,30,5,0.004678,True
ws_001137.txt,25,50,8,0.273912,True
ws_001138.txt,28,56,10,11.779575,True
ws_001139.txt,28,56,10,1.071067,True
ws_001140.txt,27,54,9,0.717959,True
ws_001141.txt,18,36,6,0.011201,True
ws_001142.txt,35,70,11,5.159354,True
ws_001143.txt,24,48,7,0.08729,True
ws_001144.txt,35,70,12,97.781613,True
ws_001145.txt,30,60,10,1.313768,True
ws_001146.txt,25,50,9,0.364574,True
ws_001147.txt,31,62,10,3.255684,True
ws_001148.txt,26,52,9,0.787706,True
ws_001149.txt,16,32,5,0.005874,True
ws_001150.txt,21,42,7,0.034978,True
ws_001151.txt,24,48,8,0.136946,True
ws_001152.txt,34,68,10,13.898709,True
ws_001153.txt,17,34,6,0.015993,True
ws_001154.txt,18,36,6,0.01163,True
ws_001155.txt,34,68,TIMEOUT,100,TIMEOUT
ws_001156.txt,34,68,11,4.39948,True
ws_001157.txt,20,40,7,0.038277,True
ws_001158.txt,20,40,7,0.03829,True
ws_001159.txt,29,58,10,8.084368,True
ws_001160.txt,30,60,11,16.69491,True
ws_001161.txt,20,40,8,0.050943,True
ws_001162.txt,27,54,9,1.166417,True
ws_001163.txt,30,60,10,7.708084,True
ws_001164.txt,28,56,9,0.646396,True
ws_001165.txt,21,42,7,0.074318,True
ws_001166.txt,26,52,9,0.779509,True
ws_001167.txt,18,36,7,0.020838,True
ws_001168.txt,17,34,6,0.009235,True
ws_001169.txt,23,46,8,0.138761,True
ws_001170.txt,32,64,12,58.102282,True
ws_001171.txt,34,68,12,29.112638,True
ws_001172.txt,30,60,10,2.455404,True
ws_001173.txt,32,64,10,16.706664,True
ws_001174.txt,15,30,6,0.012079,True
ws_001175.txt,34,68,11,36.359209,True
ws_001176.txt,20,40,7,0.021057,True
ws_001177.txt,15,30,5,0.004167,True
ws_001178.txt,31,62,10,2.994643,True
ws_001179.txt,16,32,6,0.019041,True
ws_001180.txt,33,66,11,16.186775,True
ws_001181.txt,23,46,8,0.210684,True
ws_001182.txt,19,38,6,0.014482,True
ws_001183.txt,24,48,9,0.290488,True
ws_001184.txt,24,48,8,0.215164,True
ws_001185.txt,18,36,7,0.021708,True
ws_001186.txt,17,34,6,0.009684,True
ws_001187.txt,35,70,12,37.084842,True
ws_001188.txt,21,42,7,0.029114,True
ws_001189.txt,34,68,11,20.299299,True
ws_001190.txt,28,56,10,6.452489,True
ws_001191.txt,30,60,10,2.271015,True
ws_001192.txt,33,66,11,15.328635,True
ws_001193.txt,26,52,9,1.088146,True
ws_001194.txt,31,62,10,4.938233,True
ws_001195.txt,32,64,11,80.609479,True
ws_001196.txt,32,64,11,4.468222,True
ws_001197.txt,15,30,5,0.003968,True
ws_001198.txt,34,68,12,27.519164,True
ws_001199.txt,32,64,11,16.300049,True
ws_001200.txt,15,30,5,0.00283,True
ws_001201.txt,33,66,11,27.364561,True
ws_001202.txt,25,50,8,0.299254,True
ws_001203.txt,28,56,10,1.863796,True
ws_001204.txt,28,56,10,2.024691,True
ws_001205.txt,24,48,8,0.255269,True
ws_001206.txt,17,34,7,0.016973,True
ws_001207.txt,17,34,6,0.012911,True
ws_001208.txt,29,58,10,1.885744,True
ws_001209.txt,24,48,8,0.289649,True
ws_001210.txt,30,60,10,2.382658,True
ws_001211.txt,28,56,9,0.823909,True
ws_001212.txt,18,36,6,0.013195,True
ws_001213.txt,18,36,6,0.016488,True
ws_001214.txt,19,38,7,0.038161,True
ws_001215.txt,30,60,10,2.267166,True
ws_001216.txt,17,34,6,0.010232,True
ws_001217.txt,30,60,10,0.940572,True
ws_001218.txt,30,60,9,2.099475,True
ws_001219.txt,18,36,7,0.024861,True
ws_001220.txt,29,58,10,2.342608,True
ws_001221.txt,27,54,9,0.662562,True
ws_001222.txt,16,32,6,0.008078,True
ws_001223.txt,32,64,11,9.782807,True
ws_001224.txt,22,44,8,0.136944,True
ws_001225.txt,19,38,6,0.010605,True
ws_001226.txt,25,50,9,0.55016,True
ws_001227.txt,25,50,9,0.750118,True
ws_001228.txt,17,34,6,0.01075,True
ws_001229.txt,27,54,9,0.44349,True
ws_001230.txt,19,38,7,0.036134,True
ws_001231.txt,30,60,10,1.847135,True
ws_001232.txt,30,60,10,2.424101,True
ws_001233.txt,21,42,7,0.039551,True
ws_001234.txt,19,38,7,0.026687,True
ws_001235.txt,31,62,9,1.74862,True
ws_001236.txt,18,36,6,0.009762,True
ws_001237.txt,24,48,9,0.375838,True
ws_001238.txt,27,54,9,2.113961,True
ws_001239.txt,18,36,6,0.007288,True
ws_001240.txt,30,60,10,1.785575,True
ws_001241.txt,35,70,12,31.165784,True
ws_001242.txt,33,66,11,11.476031,True
ws_001243.txt,15,30,6,0.007726,True
ws_001244.txt,16,32,6,0.007764,True
ws_001245.txt,30,60,10,3.099279,True
ws_001246.txt,21,42,7,0.047556,True
ws_001247.txt,29,58,10,1.255923,True
ws_001248.txt,30,60,10,4.193856,True
ws_001249.txt,33,66,11,3.153868,True
ws_001250.txt,17,34,6,0.012972,True
ws_001251.txt,16,32,5,0.004254,True
ws_001252.txt,22,44,7,0.085454,True
ws_001253.txt,26,52,8,0.285309,True
ws_001254.txt,35,70,TIMEOUT,100,TIMEOUT
ws_001255.txt,25,50,9,0.923502,True
ws_001256.txt,32,64,10,10.227218,True
ws_001257.txt,20,40,7,0.022291,True
ws_001258.txt,19,38,7,0.032728,True
ws_001259.txt,32,64,11,12.574864,True
ws_001260.txt,29,58,10,5.253895,True
ws_001261.txt,16,32,6,0.0083,True
ws_001262.txt,35,70,12,15.699628,True
ws_001263.txt,33,66,10,3.581022,True
ws_001264.txt,24,48,8,0.309009,True
ws_001265.txt,31,62,10,1.384024,True
ws_001266.txt,18,36,7,0.019931,True
ws_001267.txt,34,68,11,41.905517,True
ws_001268.txt,22,44,8,0.202823,True
ws_001269.txt,34,68,11,10.893828,True
ws_001270.txt,32,64,11,6.552351,True
ws_001271.txt,32,64,11,28.746459,True
ws_001272.txt,19,38,6,0.011925,True
ws_001273.txt,33,66,11,5.284552,True
ws_001274.txt,20,40,7,0.030201,True
ws_001275.txt,23,46,8,0.147206,True
ws_001276.txt,27,54,9,0.318646,True
ws_001277.txt,21,42,7,0.045478,True
ws_001278.txt,33,66,11,42.851676,True
ws_001279.txt,32,64,11,62.656131,True
ws_001280.txt,27,54,9,0.604646,True
ws_001281.txt,30,60,9,0.808481,True
ws_001282.txt,31,62,11,23.610592,True
ws_001283.txt,30,60,11,4.916008,True
ws_001284.txt,17,34,6,0.010401,True
ws_001285.txt,27,54,9,0.461062,True
ws_001286.txt,17,34,7,0.014981,True
ws_001287.txt,33,66,11,9.430732,True
ws_001288.txt,33,66,11,15.253726,True
ws_001289.txt,34,68,12,16.436583,True
ws_001290.txt,34,68,11,11.959753,True
ws_001291.txt,22,44,8,0.122307,True
ws_001292.txt,18,36,6,0.008976,True
ws_001293.txt,32,64,10,8.488486,True
ws_001294.txt,19,38,7,0.048653,True
ws_001295.txt,20,40,7,0.049188,True
ws_001296.txt,35,70,12,26.139511,True
ws_001297.txt,15,30,6,0.007209,True
ws_001298.txt,23,46,8,0.168079,True
ws_001299.txt,26,52,9,0.639914,True
ws_001300.txt,22,44,8,0.1771,True
ws_001301.txt,23,46,8,0.143114,True
ws_001302.txt,19,38,7,0.031083,True
ws_001303.txt,18,36,6,0.008462,True
ws_001304.txt,35,70,12,26.568716,True
ws_001305.txt,16,32,6,0.00835,True
ws_001306.txt,21,42,8,0.07993,True
ws_001307.txt,26,52,9,0.560286,True
ws_001308.txt,21,42,7,0.098636,True
ws_001309.txt,35,70,12,10.002337,True
ws_001310.txt,28,56,10,3.88798,True
ws_001311.txt,17,34,6,0.00794,True
ws_001312.txt,31,62,10,3.14275,True
ws_001313.txt,15,30,5,0.004428,True
ws_001314.txt,23,46,8,0.125776,True
ws_001315.txt,24,48,9,0.593346,True
ws_001316.txt,31,62,10,3.081673,True
ws_001317.txt,18,36,6,0.014469,True
ws_001318.txt,23,46,8,0.154105,True
ws_001319.txt,31,62,10,1.819236,True
ws_001320.txt,18,36,6,0.018792,True
ws_001321.txt,18,36,7,0.017696,True
ws_001322.txt,16,32,6,0.014782,True
ws_001323.txt,24,48,8,0.29742,True
ws_001324.txt,30,60,11,3.86203,True
ws_001325.txt,34,68,11,28.212358,True
ws_001326.txt,31,62,11,8.522155,True
ws_001327.txt,28,56,10,1.863291,True
ws_001328.txt,32,64,11,6.009669,True
ws_001329.txt,35,70,12,99.007228,True
ws_001330.txt,34,68,11,6.443267,True
ws_001331.txt,28,56,10,2.543438,True
ws_001332.txt,15,30,5,0.004265,True
ws_001333.txt,20,40,7,0.056245,True
ws_001334.txt,16,32,5,0.007334,True
ws_001335.txt,35,70,11,16.319566,True
ws_001336.txt,27,54,9,1.378486,True
ws_001337.txt,34,68,11,16.981939,True
ws_001338.txt,19,38,7,0.090477,True
ws_001339.txt,17,34,7,0.015366,True
ws_001340.txt,25,50,8,0.343365,True
ws_001341.txt,20,40,7,0.075878,True
ws_001342.txt,22,44,7,0.083899,True
ws_001343.txt,17,34,5,0.006964,True
ws_001344.txt,34,68,11,11.319955,True
ws_001345.txt,31,62,10,14.212521,True
ws_001346.txt,28,56,9,1.396832,True
ws_001347.txt,21,42,7,0.088998,True
ws_001348.txt,23,46,9,0.266702,True
ws_001349.txt,31,62,10,1.549135,True
ws_001350.txt,18,36,6,0.016032,True
ws_001351.txt,17,34,6,0.010893,True
ws_001352.txt,22,44,8,0.110654,True
ws_001353.txt,23,46,8,0.077501,True
ws_001354.txt,31,62,10,9.470733,True
ws_001355.txt,15,30,5,0.009798,True
ws_001356.txt,17,34,5,0.005813,True
ws_001357.txt,22,44,8,0.131645,True
ws_001358.txt,26,52,8,0.382359,True
ws_001359.txt,23,46,8,0.483083,True
ws_001360.txt,19,38,7,0.029409,True
ws_001361.txt,21,42,7,0.042217,True
ws_001362.txt,33,66,11,20.865125,True
ws_001363.txt,28,56,10,1.761438,True
ws_001364.txt,28,56,10,1.005747,True
ws_001365.txt,26,52,8,0.570091,True
ws_001366.txt,33,66,11,7.3356,True
ws_001367.txt,25,50,9,0.47862,True
ws_001368.txt,22,44,8,0.178039,True
ws_001369.txt,35,70,11,41.148957,True
ws_001370.txt,27,54,9,1.430826,True
ws_001371.txt,23,46,8,0.16927,True
ws_001372.txt,33,66,TIMEOUT,100,TIMEOUT
ws_001373.txt,20,40,7,0.018951,True
ws_001374.txt,32,64,11,8.169879,True
ws_001375.txt,26,52,9,0.42308,True
ws_001376.txt,29,58,10,3.066764,True
ws_001377.txt,18,36,7,0.031081,True
ws_001378.txt,15,30,5,0.004092,True
ws_001379.txt,28,56,10,2.171932,True
ws_001380.txt,19,38,6,0.018774,True
ws_001381.txt,22,44,7,0.087063,True
ws_001382.txt,15,30,6,0.007796,True
ws_001383.txt,26,52,8,0.230516,True
ws_001384.txt,18,36,6,0.011026,True
ws_001385.txt,17,34,6,0.009227,True
ws_001386.txt,32,64,11,6.208297,True
ws_001387.txt,25,50,9,0.439139,True
ws_001388.txt,21,42,7,0.050974,True
ws_001389.txt,15,30,5,0.004061,True
ws_001390.txt,35,70,11,49.68295,True
ws_001391.txt,16,32,6,0.007784,True
ws_001392.txt,34,68,12,10.972013,True
ws_001393.txt,21,42,7,0.101108,True
ws_001394.txt,27,54,9,1.901081,True
ws_001395.txt,26,52,9,1.090137,True
ws_001396.txt,15,30,5,0.005721,True
ws_001397.txt,24,48,8,0.17232,True
ws_001398.txt,23,46,8,0.180557,True
ws_001399.txt,26,52,8,0.649055,True
ws_001400.txt,35,70,12,22.189949,True
ws_001401.txt,26,52,9,0.428197,True
ws_001402.txt,33,66,11,53.183153,True
ws_001403.txt,34,68,12,73.698438,True
ws_001404.txt,24,48,9,0.342006,True
ws_001405.txt,21,42,7,0.048068,True
ws_001406.txt,28,56,9,1.26467,True
ws_001407.txt,34,68,12,42.30611,True
ws_001408.txt,16,32,6,0.009985,True
ws_001409.txt,23,46,8,0.13106,True
ws_001410.txt,30,60,11,4.798498,True
ws_001411.txt,29,58,11,28.088592,True
ws_001412.txt,17,34,6,0.010452,True
ws_001413.txt,23,46,8,0.112882,True
ws_001414.txt,32,64,11,11.859728,True
ws_001415.txt,23,46,8,0.135488,True
ws_001416.txt,16,32,6,0.011252,True
ws_001417.txt,35,70,12,17.358119,True
ws_001418.txt,31,62,11,3.314287,True
ws_001419.txt,15,30,5,0.003988,True
ws_001420.txt,24,48,8,0.218989,True
ws_001421.txt,31,62,11,5.549541,True
ws_001422.txt,20,40,7,0.042452,True
ws_001423.txt,21,42,7,0.024218,True
ws_001424.txt,15,30,5,0.004085,True
ws_001425.txt,33,66,11,20.283971,True
ws_001426.txt,29,58,9,1.699383,True
ws_001427.txt,30,60,10,1.948303,True
ws_001428.txt,26,52,9,0.596898,True
ws_001429.txt,25,50,9,0.429427,True
ws_001430.txt,22,44,8,0.100884,True
ws_001431.txt,34,68,11,20.913722,True
ws_001432.txt,30,60,10,1.455878,True
ws_001433.txt,28,56,9,1.587251,True
ws_001434.txt,33,66,11,15.998761,True
ws_001435.txt,17,34,6,0.011691,True
ws_001436.txt,34,68,12,24.956818,True
ws_001437.txt,28,56,10,1.201008,True
ws_001438.txt,19,38,7,0.031305,True
ws_001439.txt,16,32,6,0.006763,True
ws_001440.txt,28,56,10,2.944513,True
ws_001441.txt,27,54,9,1.08744,True
ws_001442.txt,24,48,8,0.306216,True
ws_001443.txt,22,44,7,0.056873,True
ws_001444.txt,32,64,11,4.033099,True
ws_001445.txt,35,70,12,26.208488,True
ws_001446.txt,26,52,9,0.523328,True
ws_001447.txt,19,38,7,0.038443,True
ws_001448.txt,28,56,10,2.852692,True
ws_001449.txt,29,58,10,1.272762,True
ws_001450.txt,30,60,10,5.760279,True
ws_001451.txt,15,30,6,0.006768,True
ws_001452.txt,20,40,7,0.043912,True
ws_001453.txt,20,40,7,0.042927,True
ws_001454.txt,31,62,10,2.985608,True
ws_001455.txt,15,30,6,0.006662,True
ws_001456.txt,21,42,8,0.091694,True
ws_001457.txt,22,44,8,0.177011,True
ws_001458.txt,34,68,12,21.811301,True
ws_001459.txt,35,70,12,10.763204,True
ws_001460.txt,29,58,10,2.719809,True
ws_001461.txt,34,68,11,26.504454,True
ws_001462.txt,25,50,9,0.688732,True
ws_001463.txt,23,46,8,0.262288,True
ws_001464.txt,24,48,8,0.123312,True
ws_001465.txt,21,42,8,0.0894,True
ws_001466.txt,26,52,9,0.733744,True
ws_001467.txt,18,36,7,0.021978,True
ws_001468.txt,25,50,9,0.620891,True
ws_001469.txt,33,66,11,42.42671,True
ws_001470.txt,17,34,6,0.009401,True
ws_001471.txt,31,62,11,19.911095,True
ws_001472.txt,17,34,6,0.007214,True
ws_001473.txt,20,40,7,0.03829,True
ws_001474.txt,34,68,11,5.728068,True
ws_001475.txt,15,30,5,0.004873,True
ws_001476.txt,31,62,10,3.562545,True
ws_001477.txt,18,36,6,0.00912,True
ws_001478.txt,25,50,9,0.645929,True
ws_001479.txt,35,70,12,42.308372,True
ws_001480.txt,20,40,7,0.035154,True
ws_001481.txt,30,60,10,19.523476,True
ws_001482.txt,18,36,6,0.01049,True
ws_001483.txt,28,56,9,2.075657,True
ws_001484.txt,35,70,12,15.636824,True
ws_001485.txt,29,58,10,3.137731,True
ws_001486.txt,15,30,6,0.006229,True
ws_001487.txt,18,36,6,0.015063,True
ws_001488.txt,23,46,8,0.114767,True
ws_001489.txt,29,58,10,1.252416,True
ws_001490.txt,27,54,9,1.113835,True
ws_001491.txt,33,66,11,11.426792,True
ws_001492.txt,34,68,11,41.809053,True
ws_001493.txt,29,58,10,1.242857,True
ws_001494.txt,33,66,11,45.168144,True
ws_001495.txt,20,40,7,0.025047,True
ws_001496.txt,19,38,7,0.029374,True
ws_001497.txt,23,46,8,0.164065,True
ws_001498.txt,20,40,7,0.041984,True
ws_001499.txt,34,68,11,4.362594,True
ws_001500.txt,16,32,5,0.008023,True
ws_001501.txt,28,56,9,0.602856,True
ws_001502.txt,34,68,11,6.237265,True
ws_001503.txt,35,70,12,16.258604,True
ws_001504.txt,31,62,11,2.937037,True
ws_001505.txt,29,58,10,1.957452,True
ws_001506.txt,29,58,9,1.281722,True
ws_001507.txt,28,56,9,1.73571,True
ws_001508.txt,27,54,9,0.616464,True
ws_001509.txt,30,60,10,2.099513,True
ws_001510.txt,24,48,8,0.174049,True
ws_001511.txt,35,70,12,9.556558,True
ws_001512.txt,31,62,10,3.295397,True
ws_001513.txt,23,46,8,0.218345,True
ws_001514.txt,33,66,11,9.11649,True
ws_001515.txt,30,60,10,5.79739,True
ws_001516.txt,35,70,11,7.688066,True
ws_001517.txt,26,52,9,0.455456,True
ws_001518.txt,24,48,8,0.132377,True
ws_001519.txt,26,52,9,0.273516,True
ws_001520.txt,32,64,11,6.35741,True
ws_001521.txt,24,48,8,0.164407,True
ws_001522.txt,17,34,6,0.012288,True
ws_001523.txt,25,50,9,0.219329,True
ws_001524.txt,31,62,10,8.383682,True
ws_001525.txt,33,66,10,16.839267,True
ws_001526.txt,31,62,10,3.338255,True
ws_001527.txt,23,46,7,0.069011,True
ws_001528.txt,19,38,6,0.011444,True
ws_001529.txt,16,32,5,0.003884,True
ws_001530.txt,30,60,10,2.539812,True
ws_001531.txt,26,52,9,1.05551,True
ws_001532.txt,34,68,11,29.712862,True
ws_001533.txt,33,66,11,3.933854,True
ws_001534.txt,20,40,7,0.037004,True
ws_001535.txt,17,34,6,0.010006,True
ws_001536.txt,35,70,12,14.326025,True
ws_001537.txt,30,60,10,2.557435,True
ws_001538.txt,23,46,8,0.142982,True
ws_001539.txt,22,44,8,0.143967,True
ws_001540.txt,32,64,11,6.283918,True
ws_001541.txt,34,68,12,52.508812,True
ws_001542.txt,29,58,10,1.920385,True
ws_001543.txt,17,34,6,0.011426,True
ws_001544.txt,16,32,6,0.009048,True
ws_001545.txt,24,48,8,0.170736,True
ws_001546.txt,19,38,7,0.024655,True
ws_001547.txt,18,36,6,0.01473,True
ws_001548.txt,34,68,11,6.030217,True
ws_001549.txt,25,50,8,0.178314,True
ws_001550.txt,25,50,9,0.482184,True
ws_001551.txt,26,52,9,0.744386,True
ws_001552.txt,27,54,9,1.717659,True
ws_001553.txt,35,70,12,13.259495,True
ws_001554.txt,28,56,10,2.201588,True
ws_001555.txt,26,52,9,0.581504,True
ws_001556.txt,32,64,11,10.483519,True
ws_001557.txt,34,68,11,23.18429,True
ws_001558.txt,15,30,6,0.007357,True
ws_001559.txt,33,66,12,15.295135,True
ws_001560.txt,30,60,10,3.844971,True
ws_001561.txt,31,62,11,13.396949,True
ws_001562.txt,21,42,7,0.04035,True
ws_001563.txt,27,54,9,0.707627,True
ws_001564.txt,32,64,10,3.808526,True
ws_001565.txt,28,56,10,1.701386,True
ws_001566.txt,17,34,6,0.007768,True
ws_001567.txt,23,46,8,0.174726,True
ws_001568.txt,29,58,10,1.983392,True
ws_001569.txt,30,60,11,7.945904,True
ws_001570.txt,31,62,11,8.020902,True
ws_001571.txt,33,66,11,17.07836,True
ws_001572.txt,18,36,6,0.010768,True
ws_001573.txt,16,32,6,0.011326,True
ws_001574.txt,21,42,7,0.049943,True
ws_001575.txt,19,38,6,0.014644,True
ws_001576.txt,18,36,6,0.009335,True
ws_001577.txt,19,38,7,0.020166,True
ws_001578.txt,21,42,7,0.06077,True
ws_001579.txt,34,68,11,7.314514,True
ws_001580.txt,27,54,9,0.495831,True
ws_001581.txt,22,44,8,0.13801,True
ws_001582.txt,28,56,10,4.754123,True
ws_001583.txt,18,36,7,0.028667,True
ws_001584.txt,28,56,9,0.952471,True
ws_001585.txt,25,50,9,0.609218,True
ws_001586.txt,28,56,9,1.54859,True
ws_001587.txt,25,50,9,0.471574,True
ws_001588.txt,27,54,10,1.235213,True
ws_001589.txt,35,70,TIMEOUT,100,TIMEOUT
ws_001590.txt,34,68,11,8.265264,True
ws_001591.txt,29,58,11,2.528251,True
ws_001592.txt,16,32,6,0.007536,True
ws_001593.txt,30,60,10,4.752539,True
ws_001594.txt,33,66,10,31.786322,True
ws_001595.txt,21,42,6,0.023228,True
ws_001596.txt,19,38,7,0.031242,True
ws_001597.txt,21,42,7,0.0648,True
ws_001598.txt,16,32,6,0.006878,True
ws_001599.txt,29,58,10,1.674276,True
ws_001600.txt,31,62,11,6.626406,True
ws_001601.txt,32,64,11,15.034595,True
ws_001602.txt,22,44,8,0.125726,True
ws_001603.txt,19,38,6,0.018421,True
ws_001604.txt,31,62,10,9.766812,True
ws_001605.txt,20,40,7,0.030978,True
ws_001606.txt,18,36,6,0.009482,True
ws_001607.txt,25,50,8,0.147244,True
ws_001608.txt,26,52,8,0.37155,True
ws_001609.txt,30,60,9,1.3301,True
ws_001610.txt,28,56,10,1.645616,True
ws_001611.txt,16,32,6,0.010315,True
ws_001612.txt,33,66,11,4.149375,True
ws_001613.txt,31,62,10,2.864553,True
ws_001614.txt,34,68,11,17.267894,True
ws_001615.txt,27,54,9,0.305021,True
ws_001616.txt,21,42,7,0.101514,True
ws_001617.txt,15,30,5,0.00449,True
ws_001618.txt,23,46,8,0.126343,True
ws_001619.txt,28,56,10,0.805973,True
ws_001620.txt,24,48,8,0.124988,True
ws_001621.txt,23,46,7,0.269456,True
ws_001622.txt,34,68,11,5.090852,True
ws_001623.txt,20,40,7,0.044493,True
ws_001624.txt,34,68,TIMEOUT,100,TIMEOUT
ws_001625.txt,24,48,8,1.255355,True
ws_001626.txt,21,42,7,0.054236,True
ws_001627.txt,31,62,11,7.95368,True
ws_001628.txt,19,38,7,0.023649,True
ws_001629.txt,20,40,7,0.037882,True
ws_001630.txt,33,66,10,8.069253,True
ws_001631.txt,29,58,10,1.318641,True
ws_001632.txt,29,58,10,8.698139,True
ws_001633.txt,19,38,6,0.022239,True
ws_001634.txt,35,70,TIMEOUT,100,TIMEOUT
ws_001635.txt,29,58,10,4.599106,True
ws_001636.txt,16,32,6,0.009512,True
ws_001637.txt,34,68,11,9.449449,True
ws_001638.txt,24,48,9,0.351642,True
ws_001639.txt,22,44,8,0.109632,True
ws_001640.txt,31,62,11,15.162017,True
ws_001641.txt,20,40,7,0.052904,True
ws_001642.txt,29,58,10,2.235028,True
ws_001643.txt,25,50,9,0.356988,True
ws_001644.txt,25,50,8,0.320281,True
ws_001645.txt,33,66,TIMEOUT,100,TIMEOUT
ws_001646.txt,17,34,6,0.010528,True
ws_001647.txt,27,54,10,0.678832,True
ws_001648.txt,15,30,5,0.005325,True
ws_001649.txt,28,56,9,0.61076,True
ws_001650.txt,33,66,11,9.935326,True
ws_001651.txt,34,68,12,73.527611,True
ws_001652.txt,24,48,9,0.722493,True
ws_001653.txt,21,42,7,0.028838,True
ws_001654.txt,15,30,5,0.005986,True
ws_001655.txt,31,62,10,7.008096,True
ws_001656.txt,17,34,6,0.010134,True
ws_001657.txt,27,54,9,0.549956,True
ws_001658.txt,16,32,6,0.009853,True
ws_001659.txt,30,60,10,2.569847,True
ws_001660.txt,32,64,11,3.562196,True
ws_001661.txt,15,30,5,0.003525,True
ws_001662.txt,33,66,12,43.097091,True
ws_001663.txt,20,40,7,0.048355,True
ws_001664.txt,28,56,10,2.866144,True
ws_001665.txt,20,40,7,0.044255,True
ws_001666.txt,29,58,9,4.64603,True
ws_001667.txt,33,66,11,27.267759,True
ws_001668.txt,22,44,7,0.083124,True
ws_001669.txt,25,50,8,0.389584,True
ws_001670.txt,21,42,7,0.041736,True
ws_001671.txt,34,68,11,95.773353,True
ws_001672.txt,25,50,8,0.127477,True
ws_001673.txt,34,68,12,34.123078,True
ws_001674.txt,27,54,10,0.824295,True
ws_001675.txt,30,60,10,3.313344,True
ws_001676.txt,18,36,7,0.022035,True
ws_001677.txt,34,68,12,26.376712,True
ws_001678.txt,26,52,9,0.439523,True
ws_001679.txt,26,52,9,0.589479,True
ws_001680.txt,19,38,6,0.016307,True
ws_001681.txt,31,62,10,7.490646,True
ws_001682.txt,23,46,8,0.134104,True
ws_001683.txt,22,44,7,0.071229,True
ws_001684.txt,24,48,8,0.146475,True
ws_001685.txt,34,68,12,32.762916,True
ws_001686.txt,17,34,6,0.012288,True
ws_001687.txt,33,66,11,8.317464,True
ws_001688.txt,35,70,12,65.272436,True
ws_001689.txt,28,56,9,1.339606,True
ws_001690.txt,15,30,5,0.004319,True
ws_001691.txt,26,52,9,1.019862,True
ws_001692.txt,25,50,8,0.476882,True
ws_001693.txt,31,62,11,11.565193,True
ws_001694.txt,22,44,8,0.093247,True
ws_001695.txt,20,40,7,0.026621,True
ws_001696.txt,23,46,8,0.153179,True
ws_001697.txt,30,60,11,4.792818,True
ws_001698.txt,25,50,9,0.444033,True
ws_001699.txt,20,40,7,0.031007,True
ws_001700.txt,21,42,7,0.037551,True
ws_001701.txt,27,54,10,0.908317,True
ws_001702.txt,27,54,10,2.938514,True
ws_001703.txt,19,38,7,0.025073,True
ws_001704.txt,22,44,8,0.142108,True
ws_001705.txt,23,46,8,0.123515,True
ws_001706.txt,21,42,7,0.036737,True
ws_001707.txt,22,44,7,0.056013,True
ws_001708.txt,22,44,7,0.099081,True
ws_001709.txt,28,56,9,0.953132,True
ws_001710.txt,18,36,6,0.012672,True
ws_001711.txt,35,70,12,25.476132,True
ws_001712.txt,25,50,8,0.316484,True
ws_001713.txt,27,54,9,0.43133,True
ws_001714.txt,29,58,10,1.433218,True
ws_001715.txt,33,66,10,13.120755,True
ws_001716.txt,34,68,11,10.670304,True
ws_001717.txt,25,50,9,1.052454,True
ws_001718.txt,35,70,11,14.402421,True
ws_001719.txt,35,70,12,20.160137,True
ws_001720.txt,15,30,5,0.005232,True
ws_001721.txt,32,64,11,16.205981,True
ws_001722.txt,18,36,7,0.028507,True
ws_001723.txt,17,34,6,0.00815,True
ws_001724.txt,15,30,5,0.004079,True
ws_001725.txt,25,50,9,0.189449,True
ws_001726.txt,30,60,10,4.211857,True
ws_001727.txt,21,42,7,0.027167,True
ws_001728.txt,25,50,9,0.424319,True
ws_001729.txt,29,58,10,1.431999,True
ws_001730.txt,20,40,7,0.029782,True
ws_001731.txt,35,70,11,13.749247,True
ws_001732.txt,19,38,6,0.010761,True
ws_001733.txt,25,50,10,0.96519,True
ws_001734.txt,19,38,7,0.025268,True
ws_001735.txt,17,34,6,0.007558,True
ws_001736.txt,31,62,10,1.97392,True
ws_001737.txt,33,66,11,19.6894,True
ws_001738.txt,24,48,8,0.232939,True
ws_001739.txt,32,64,11,5.418869,True
ws_001740.txt,33,66,11,6.062556,True
ws_001741.txt,20,40,7,0.033211,True
ws_001742.txt,23,46,8,0.144357,True
ws_001743.txt,20,40,7,0.055305,True
ws_001744.txt,16,32,6,0.008269,True
ws_001745.txt,27,54,9,0.588755,True
ws_001746.txt,16,32,6,0.008221,True
ws_001747.txt,15,30,5,0.004624,True
ws_001748.txt,32,64,11,4.007804,True
ws_001749.txt,34,68,11,44.045171,True
ws_001750.txt,17,34,6,0.011938,True
ws_001751.txt,27,54,9,1.501029,True
ws_001752.txt,21,42,8,0.10721,True
ws_001753.txt,21,42,8,0.224878,True
ws_001754.txt,18,36,7,0.022954,True
ws_001755.txt,34,68,12,39.290536,True
ws_001756.txt,31,62,11,6.221018,True
ws_001757.txt,29,58,9,2.895819,True
ws_001758.txt,22,44,7,0.044098,True
ws_001759.txt,31,62,10,1.50505,True
ws_001760.txt,17,34,6,0.009299,True
ws_001761.txt,29,58,10,6.136026,True
ws_001762.txt,31,62,10,7.431861,True
ws_001763.txt,27,54,9,0.424641,True
ws_001764.txt,21,42,7,0.106538,True
ws_001765.txt,20,40,6,0.018146,True
ws_001766.txt,18,36,7,0.022338,True
ws_001767.txt,25,50,9,0.86984,True
ws_001768.txt,35,70,12,54.123187,True
ws_001769.txt,25,50,8,0.206047,True
ws_001770.txt,31,62,10,22.682048,True
ws_001771.txt,30,60,10,1.751057,True
ws_001772.txt,19,38,6,0.020884,True
ws_001773.txt,17,34,6,0.013674,True
ws_001774.txt,25,50,9,0.406179,True
ws_001775.txt,21,42,7,0.159708,True
ws_001776.txt,29,58,10,1.276487,True
ws_001777.txt,32,64,11,7.02919,True
ws_001778.txt,34,68,12,45.213883,True
ws_001779.txt,32,64,11,3.215779,True
ws_001780.txt,21,42,7,0.041653,True
ws_001781.txt,28,56,9,1.514976,True
ws_001782.txt,20,40,7,0.027408,True
ws_001783.txt,15,30,5,0.003258,True
ws_001784.txt,21,42,7,0.045569,True
ws_001785.txt,25,50,9,1.235612,True
ws_001786.txt,26,52,9,0.350157,True
ws_001787.txt,30,60,10,2.815555,True
ws_001788.txt,27,54,10,1.160577,True
ws_001789.txt,32,64,11,12.010098,True
ws_001790.txt,29,58,9,1.917478,True
ws_001791.txt,24,48,8,0.165994,True
ws_001792.txt,24,48,8,0.167369,True
ws_001793.txt,30,60,10,1.87812,True
ws_001794.txt,30,60,10,2.668532,True
ws_001795.txt,27,54,9,0.688246,True
ws_001796.txt,32,64,10,8.328183,True
ws_001797.txt,35,70,12,11.643863,True
ws_001798.txt,24,48,8,0.249098,True
ws_001799.txt,32,64,10,2.616602,True
ws_001800.txt,18,36,6,0.011284,True
ws_001801.txt,32,64,11,5.966982,True
ws_001802.txt,18,36,7,0.021496,True
ws_001803.txt,31,62,11,4.960651,True
ws_001804.txt,20,40,7,0.029349,True
ws_001805.txt,29,58,9,0.858437,True
ws_001806.txt,33,66,11,16.071449,True
ws_001807.txt,25,50,8,0.394793,True
ws_001808.txt,25,50,9,1.003712,True
ws_001809.txt,35,70,TIMEOUT,100,TIMEOUT
ws_001810.txt,24,48,8,0.437338,True
ws_001811.txt,35,70,12,27.009107,True
ws_001812.txt,19,38,7,0.01977,True
ws_001813.txt,32,64,11,8.846591,True
ws_001814.txt,35,70,11,13.903789,True
ws_001815.txt,22,44,8,0.22197,True
ws_001816.txt,33,66,11,8.047383,True
ws_001817.txt,20,40,7,0.037919,True
ws_001818.txt,17,34,6,0.008285,True
ws_001819.txt,30,60,10,2.294233,True
ws_001820.txt,28,56,9,0.575936,True
ws_001821.txt,33,66,11,4.706088,True
ws_001822.txt,26,52,9,0.42451,True
ws_001823.txt,26,52,9,1.411221,True
ws_001824.txt,28,56,9,1.258408,True
ws_001825.txt,24,48,8,0.188679,True
ws_001826.txt,24,48,8,0.085061,True
ws_001827.txt,20,40,8,0.059414,True
ws_001828.txt,32,64,10,6.587328,True
ws_001829.txt,29,58,10,0.984748,True
ws_001830.txt,16,32,6,0.00871,True
ws_001831.txt,15,30,6,0.007765,True
ws_001832.txt,17,34,6,0.00752,True
ws_001833.txt,32,64,11,9.04334,True
ws_001834.txt,21,42,7,0.070892,True
ws_001835.txt,22,44,8,0.157474,True
ws_001836.txt,29,58,10,5.343497,True
ws_001837.txt,19,38,6,0.00764,True
ws_001838.txt,16,32,6,0.007796,True
ws_001839.txt,17,34,6,0.01035,True
ws_001840.txt,26,52,8,0.804504,True
ws_001841.txt,15,30,5,0.003768,True
ws_001842.txt,16,32,5,0.005172,True
ws_001843.txt,19,38,6,0.015221,True
ws_001844.txt,17,34,6,0.016522,True
ws_001845.txt,24,48,8,0.188947,True
ws_001846.txt,19,38,6,0.015555,True
ws_001847.txt,30,60,9,4.098941,True
ws_001848.txt,23,46,8,0.274654,True
ws_001849.txt,23,46,8,0.279376,True
ws_001850.txt,15,30,6,0.007594,True
ws_001851.txt,28,56,9,0.618718,True
ws_001852.txt,21,42,7,0.051379,True
ws_001853.txt,18,36,6,0.014418,True
ws_001854.txt,18,36,6,0.00924,True
ws_001855.txt,15,30,5,0.005408,True
ws_001856.txt,33,66,10,17.306992,True
ws_001857.txt,18,36,6,0.013694,True
ws_001858.txt,29,58,10,1.274083,True
ws_001859.txt,18,36,6,0.015339,True
ws_001860.txt,30,60,10,2.288971,True
ws_001861.txt,19,38,6,0.025791,True
ws_001862.txt,28,56,9,0.569052,True
ws_001863.txt,25,50,9,0.648577,True
ws_001864.txt,15,30,5,0.004124,True
ws_001865.txt,33,66,11,5.947914,True
ws_001866.txt,22,44,8,0.25317,True
ws_001867.txt,22,44,8,0.124257,True
ws_001868.txt,15,30,5,0.004236,True
ws_001869.txt,19,38,7,0.039674,True
ws_001870.txt,17,34,6,0.011631,True
ws_001871.txt,18,36,6,0.016768,True
ws_001872.txt,20,40,7,0.050978,True
ws_001873.txt,19,38,7,0.051449,True
ws_001874.txt,20,40,7,0.039407,True
ws_001875.txt,32,64,11,10.034392,True
ws_001876.txt,28,56,10,2.298061,True
ws_001877.txt,21,42,8,0.101358,True
ws_001878.txt,20,40,7,0.049556,True
ws_001879.txt,29,58,10,1.637694,True
ws_001880.txt,35,70,12,19.717072,True
ws_001881.txt,17,34,6,0.007575,True
ws_001882.txt,21,42,7,0.05648,True
ws_001883.txt,31,62,10,1.901872,True
ws_001884.txt,27,54,9,0.817921,True
ws_001885.txt,24,48,9,0.361798,True
ws_001886.txt,26,52,9,0.294055,True
ws_001887.txt,23,46,8,0.236554,True
ws_001888.txt,19,38,7,0.044515,True
ws_001889.txt,35,70,11,74.272484,True
ws_001890.txt,24,48,8,0.503823,True
ws_001891.txt,29,58,10,1.341487,True
ws_001892.txt,28,56,10,11.056329,True
ws_001893.txt,26,52,9,0.460516,True
ws_001894.txt,29,58,10,1.503482,True
ws_001895.txt,16,32,6,0.009376,True
ws_001896.txt,32,64,11,12.936484,True
ws_001897.txt,25,50,8,0.102779,True
ws_001898.txt,21,42,7,0.042238,True
ws_001899.txt,28,56,10,0.920032,True
ws_001900.txt,30,60,11,7.024298,True
ws_001901.txt,15,30,6,0.006895,True
ws_001902.txt,32,64,11,10.449404,True
ws_001903.txt,34,68,12,17.861833,True
ws_001904.txt,27,54,9,0.610016,True
ws_001905.txt,18,36,6,0.018608,True
ws_001906.txt,33,66,11,9.460202,True
ws_001907.txt,28,56,9,0.47071,True
ws_001908.txt,30,60,10,24.096376,True
ws_001909.txt,15,30,6,0.005429,True
ws_001910.txt,17,34,6,0.007949,True
ws_001911.txt,29,58,9,1.932835,True
ws_001912.txt,31,62,11,3.836255,True
ws_001913.txt,30,60,10,5.570923,True
ws_001914.txt,29,58,10,1.144059,True
ws_001915.txt,29,58,8,1.033783,True
ws_001916.txt,30,60,11,4.112042,True
ws_001917.txt,29,58,10,2.701436,True
ws_001918.txt,25,50,8,0.307577,True
ws_001919.txt,32,64,11,9.267047,True
ws_001920.txt,27,54,9,0.95414,True
ws_001921.txt,26,52,9,0.533847,True
ws_001922.txt,26,52,8,0.606252,True
ws_001923.txt,24,48,7,0.102081,True
ws_001924.txt,32,64,11,3.855655,True
ws_001925.txt,27,54,9,0.647655,True
ws_001926.txt,24,48,8,0.229517,True
ws_001927.txt,22,44,8,0.118449,True
ws_001928.txt,18,36,6,0.010347,True
ws_001929.txt,17,34,6,0.00745,True
ws_001930.txt,35,70,12,16.433299,True
ws_001931.txt,33,66,12,19.369553,True
ws_001932.txt,24,48,8,0.163072,True
ws_001933.txt,23,46,8,0.156749,True
ws_001934.txt,16,32,6,0.009217,True
ws_001935.txt,26,52,8,0.584007,True
ws_001936.txt,16,32,6,0.008189,True
ws_001937.txt,23,46,8,0.123065,True
ws_001938.txt,32,64,10,7.814463,True
ws_001939.txt,19,38,7,0.02071,True
ws_001940.txt,26,52,8,0.36041,True
ws_001941.txt,22,44,8,0.148829,True
ws_001942.txt,30,60,10,1.81407,True
ws_001943.txt,16,32,6,0.009359,True
ws_001944.txt,16,32,5,0.003367,True
ws_001945.txt,31,62,10,1.529229,True
ws_001946.txt,21,42,7,0.042846,True
ws_001947.txt,17,34,6,0.011492,True
ws_001948.txt,31,62,11,11.7497,True
ws_001949.txt,33,66,11,8.914403,True
ws_001950.txt,16,32,6,0.009628,True
ws_001951.txt,26,52,9,0.65602,True
ws_001952.txt,18,36,6,0.015079,True
ws_001953.txt,35,70,12,25.799363,True
ws_001954.txt,24,48,8,0.190496,True
ws_001955.txt,26,52,8,0.435256,True
ws_001956.txt,21,42,7,0.086399,True
ws_001957.txt,24,48,8,0.152467,True
ws_001958.txt,15,30,6,0.006875,True
ws_001959.txt,29,58,9,1.127855,True
ws_001960.txt,35,70,10,78.813032,True
ws_001961.txt,23,46,7,0.113366,True
ws_001962.txt,23,46,8,0.210417,True
ws_001963.txt,23,46,7,0.079521,True
ws_001964.txt,29,58,10,3.723219,True
ws_001965.txt,20,40,7,0.033521,True
ws_001966.txt,35,70,12,13.223462,True
ws_001967.txt,18,36,7,0.019549,True
ws_001968.txt,20,40,7,0.043042,True
ws_001969.txt,25,50,9,0.820541,True
ws_001970.txt,16,32,5,0.006399,True
ws_001971.txt,20,40,7,0.035341,True
ws_001972.txt,24,48,8,0.231079,True
ws_001973.txt,31,62,10,1.823345,True
ws_001974.txt,16,32,6,0.007571,True
ws_001975.txt,17,34,6,0.012806,True
ws_001976.txt,26,52,9,0.821794,True
ws_001977.txt,35,70,12,41.093887,True
ws_001978.txt,22,44,7,0.074484,True
ws_001979.txt,26,52,8,0.371325,True
ws_001980.txt,20,40,6,0.030311,True
ws_001981.txt,27,54,10,1.089247,True
ws_001982.txt,30,60,10,5.98481,True
ws_001983.txt,15,30,4,0.002415,True
ws_001984.txt,21,42,7,0.024971,True
ws_001985.txt,18,36,6,0.013051,True
ws_001986.txt,24,48,8,0.155789,True
ws_001987.txt,20,40,7,0.035968,True
ws_001988.txt,32,64,11,11.275941,True
ws_001989.txt,22,44,8,0.102922,True
ws_001990.txt,34,68,11,11.328232,True
ws_001991.txt,23,46,8,0.161261,True
ws_001992.txt,29,58,10,2.645213,True
ws_001993.txt,30,60,10,0.980174,True
ws_001994.txt,26,52,10,0.732288,True
ws_001995.txt,18,36,7,0.024457,True
ws_001996.txt,20,40,7,0.044513,True
ws_001997.txt,22,44,7,0.103789,True
ws_001998.txt,26,52,9,0.206748,True
ws_001999.txt,32,64,11,9.577518,True
er_000076.txt,10,11,1,0.000533,True,0.0,0.0
er_000109.txt,21,20,1,0.001104,True,0.0,0.0
er_000153.txt,16,15,1,0.000597,True,0.0,0.0
er_000910.txt,10,10,1,0.000485,True,0.0,0.0
er_001118.txt,10,11,1,0.000516,True,0.0,0.0
er_001321.txt,15,14,1,0.000695,True,0.0,0.0
er_001393.txt,19,17,1,0.000798,True,0.0,0.0
er_001531.txt,16,16,1,0.000756,True,0.0,0.0
er_001610.txt,11,10,1,0.000491,True,0.0,0.0
er_001622.txt,12,9,1,0.000489,True,0.0,0.0
er_001864.txt,15,11,1,0.000581,True,0.0,0.0
real_000926.txt,22,30,1,0.001841,True,0.0,0.0
