file,n,m,FVS_size,runtime,validity,kernelization_time,gnn_candidate_time
grid_000000.txt,1221,2372,401,30.289142,True,0.003751,0.0
grid_000002.txt,312,586,100,2.140987,True,0.000868,0.0
grid_000004.txt,598,1137,200,8.525365,True,0.002308,0.0
grid_000006.txt,629,1204,202,10.171222,True,0.001954,0.0
grid_000008.txt,1804,3523,601,30.017187,True,0.005669,0.0
grid_000010.txt,765,1468,244,16.44534,True,0.002321,0.0
grid_000012.txt,594,1137,189,8.701106,True,0.001789,0.0
grid_000014.txt,594,1139,192,9.998862,True,0.001747,0.0
grid_000016.txt,1081,2092,361,30.00469,True,0.003221,0.0
grid_000018.txt,602,1147,198,8.554175,True,0.001795,0.0
grid_000020.txt,1575,3070,530,30.018264,True,0.004602,0.0
grid_000022.txt,840,1619,272,16.206613,True,0.002549,0.0
grid_000024.txt,252,471,81,1.421803,True,0.000726,0.0
grid_000026.txt,522,997,166,11.894779,True,0.001471,0.0
grid_000028.txt,2256,4417,753,30.017038,True,0.006969,0.0
grid_000030.txt,960,1852,309,24.95293,True,0.002717,0.0
grid_000032.txt,833,1600,266,19.140567,True,0.002283,0.0
grid_000034.txt,667,1282,216,13.348994,True,0.00203,0.0
grid_000036.txt,840,1618,277,17.826509,True,0.002431,0.0
grid_000038.txt,286,535,89,1.946128,True,0.000729,0.0
grid_000040.txt,578,1105,183,8.535413,True,0.001856,0.0
grid_000042.txt,837,1616,266,18.984452,True,0.002455,0.0
grid_000044.txt,645,1232,213,10.185914,True,0.002007,0.0
grid_000046.txt,2050,4009,679,30.016252,True,0.005858,0.0
grid_000048.txt,429,812,132,4.635983,True,0.001103,0.0
grid_000050.txt,735,1414,237,13.988867,True,0.002342,0.0
grid_000052.txt,714,1373,226,17.29176,True,0.002349,0.0
grid_000054.txt,315,594,100,2.524364,True,0.000918,0.0
grid_000056.txt,285,536,89,1.905021,True,0.000758,0.0
grid_000058.txt,620,1189,198,10.173143,True,0.001759,0.0
grid_000060.txt,407,766,128,5.064565,True,0.001092,0.0
grid_000062.txt,209,388,65,0.976613,True,0.00073,0.0
grid_000064.txt,1395,2714,454,30.005501,True,0.003915,0.0
grid_000066.txt,2150,4207,709,30.016682,True,0.006552,0.0
grid_000068.txt,1260,2448,421,30.005743,True,0.004017,0.0
grid_000070.txt,779,1498,244,13.815572,True,0.002352,0.0
grid_000072.txt,1755,3426,591,30.017689,True,0.005123,0.0
grid_000074.txt,782,1501,260,15.594218,True,0.002536,0.0
grid_000076.txt,1300,2524,424,30.005761,True,0.003766,0.0
grid_000078.txt,550,1053,174,7.655672,True,0.001495,0.0
grid_000080.txt,656,1255,216,11.344843,True,0.002032,0.0
grid_000082.txt,130,237,39,0.338727,True,0.000317,0.0
grid_000084.txt,1274,2473,418,30.005473,True,0.003776,0.0
grid_000086.txt,176,325,54,0.712576,True,0.000466,0.0
grid_000088.txt,1131,2194,376,30.005328,True,0.003558,0.0
grid_000090.txt,616,1182,197,10.195251,True,0.001911,0.0
grid_000092.txt,1591,3102,518,30.017613,True,0.00504,0.0
grid_000094.txt,2205,4316,734,30.016116,True,0.006573,0.0
grid_000096.txt,648,1242,209,12.412126,True,0.001994,0.0
grid_000098.txt,960,1852,321,25.303913,True,0.003005,0.0
grid_000100.txt,1320,2567,435,30.005815,True,0.003867,0.0
grid_000102.txt,740,1423,239,14.303841,True,0.002307,0.0
grid_000104.txt,688,1317,217,18.131227,True,0.002205,0.0
grid_000106.txt,1116,2165,360,30.005207,True,0.003449,0.0
grid_000108.txt,2350,4603,785,30.018831,True,0.007898,0.0
grid_000110.txt,920,1777,300,22.354125,True,0.002605,0.0
grid_000112.txt,1628,3175,543,30.017498,True,0.005135,0.0
grid_000114.txt,1536,2992,502,30.016851,True,0.004314,0.0
grid_000116.txt,1332,2591,434,30.006132,True,0.00407,0.0
grid_000118.txt,1886,3685,625,30.028562,True,0.017031,0.0
grid_000120.txt,1564,3048,522,30.01765,True,0.005053,0.0
grid_000122.txt,1276,2479,427,30.005908,True,0.004027,0.0
grid_000124.txt,1476,2875,490,30.00638,True,0.004181,0.0
grid_000126.txt,418,787,132,4.193306,True,0.001123,0.0
grid_000128.txt,580,1111,187,8.008848,True,0.002138,0.0
grid_000130.txt,777,1496,250,14.344668,True,0.002291,0.0
grid_000132.txt,880,1698,286,29.071207,True,0.00256,0.0
grid_000134.txt,414,787,133,4.723066,True,0.001216,0.0
grid_000136.txt,684,1312,221,16.587601,True,0.002098,0.0
grid_000138.txt,364,687,114,3.129707,True,0.000982,0.0
grid_000140.txt,966,1867,314,25.202276,True,0.002957,0.0
grid_000142.txt,1240,2409,408,30.005373,True,0.003714,0.0
grid_000144.txt,228,425,72,1.132425,True,0.000613,0.0
grid_000146.txt,1100,2128,369,30.004864,True,0.003371,0.0
grid_000148.txt,645,1232,213,10.098137,True,0.002014,0.0
grid_000150.txt,1131,2194,370,30.005272,True,0.003717,0.0
grid_000152.txt,1353,2632,445,30.005928,True,0.00389,0.0
grid_000154.txt,650,1249,208,10.561167,True,0.001957,0.0
grid_000156.txt,234,437,73,1.266305,True,0.000596,0.0
grid_000158.txt,1419,2762,471,30.005943,True,0.004279,0.0
grid_000160.txt,1044,2023,341,30.005058,True,0.003497,0.0
grid_000162.txt,1845,3604,613,30.017282,True,0.005297,0.0
grid_000164.txt,1504,2929,490,30.01741,True,0.004381,0.0
grid_000166.txt,272,511,87,1.647036,True,0.000661,0.0
grid_000168.txt,936,1809,306,29.219159,True,0.002913,0.0
grid_000170.txt,1360,2646,442,30.006039,True,0.004267,0.0
grid_000172.txt,462,881,150,5.509647,True,0.001319,0.0
grid_000174.txt,598,1147,193,8.963846,True,0.001818,0.0
grid_000176.txt,646,1237,210,10.368462,True,0.002025,0.0
grid_000178.txt,696,1339,227,12.625333,True,0.002016,0.0
grid_000180.txt,740,1423,239,14.22076,True,0.002211,0.0
grid_000182.txt,816,1567,261,17.986745,True,0.002385,0.0
grid_000184.txt,690,1319,230,11.443019,True,0.002105,0.0
grid_000186.txt,987,1906,329,24.767809,True,0.003132,0.0
grid_000188.txt,561,1072,179,7.991725,True,0.001649,0.0
grid_000190.txt,957,1852,310,25.752259,True,0.002945,0.0
grid_000192.txt,1806,3527,602,30.028276,True,0.016612,0.0
grid_000194.txt,684,1312,221,16.461515,True,0.001987,0.0
grid_000196.txt,308,577,97,2.223066,True,0.000804,0.0
grid_000198.txt,697,1336,229,16.561414,True,0.002079,0.0
grid_000200.txt,1092,2116,358,30.004534,True,0.003092,0.0
grid_000202.txt,1435,2794,470,30.006621,True,0.004836,0.0
grid_000204.txt,1012,1957,337,26.9279,True,0.003365,0.0
grid_000206.txt,731,1402,231,21.807587,True,0.002223,0.0
grid_000208.txt,420,788,128,4.062414,True,0.001072,0.0
grid_000210.txt,686,1309,219,11.909239,True,0.002115,0.0
grid_000212.txt,645,1232,213,10.148944,True,0.001925,0.0
grid_000214.txt,1750,3415,572,30.018255,True,0.005863,0.0
grid_000216.txt,616,1174,198,9.344314,True,0.00181,0.0
grid_000218.txt,558,1067,178,7.751439,True,0.001567,0.0
grid_000220.txt,1872,3657,629,30.016841,True,0.005481,0.0
grid_000222.txt,738,1417,236,21.649248,True,0.002318,0.0
grid_000224.txt,1250,2425,404,30.005501,True,0.003709,0.0
grid_000226.txt,234,437,74,1.192396,True,0.000596,0.0
grid_000228.txt,121,220,36,0.297005,True,0.000312,0.0
grid_000230.txt,352,661,109,2.871124,True,0.000945,0.0
grid_000232.txt,1056,2044,349,29.910998,True,0.003333,0.0
grid_000234.txt,858,1657,279,19.433098,True,0.002515,0.0
grid_000236.txt,1176,2279,398,30.005582,True,0.003799,0.0
grid_000238.txt,589,1128,185,8.340719,True,0.001685,0.0
grid_000240.txt,1215,2358,400,30.005577,True,0.003755,0.0
grid_000242.txt,624,1198,204,9.573475,True,0.001752,0.0
grid_000244.txt,1118,2167,365,30.005065,True,0.003393,0.0
grid_000246.txt,325,612,100,2.470922,True,0.000795,0.0
grid_000248.txt,920,1777,300,22.026596,True,0.002962,0.0
grid_000250.txt,782,1507,249,16.280479,True,0.002355,0.0
grid_000252.txt,750,1435,252,13.409865,True,0.002216,0.0
grid_000254.txt,744,1433,237,14.486648,True,0.002154,0.0
grid_000256.txt,696,1339,224,17.263495,True,0.001989,0.0
grid_000258.txt,1700,3316,572,30.016885,True,0.005155,0.0
grid_000260.txt,1519,2958,493,30.017522,True,0.00452,0.0
grid_000262.txt,325,612,104,3.512931,True,0.000829,0.0
grid_000264.txt,165,304,51,0.834522,True,0.0004,0.0
grid_000266.txt,550,1039,184,7.217347,True,0.001454,0.0
grid_000268.txt,720,1379,226,13.147919,True,0.002272,0.0
grid_000270.txt,1300,2524,439,30.005998,True,0.00404,0.0
grid_000272.txt,2156,4219,718,30.027201,True,0.017411,0.0
grid_000274.txt,546,1045,177,8.544129,True,0.001645,0.0
grid_000276.txt,1332,2591,434,30.006214,True,0.004223,0.0
grid_000278.txt,468,885,149,5.474298,True,0.001146,0.0
grid_000280.txt,1968,3847,653,30.017685,True,0.006706,0.0
grid_000282.txt,506,955,160,6.348087,True,0.001453,0.0
grid_000284.txt,627,1202,197,10.112856,True,0.001862,0.0
grid_000286.txt,555,1058,178,9.743405,True,0.001536,0.0
grid_000288.txt,1517,2956,494,30.018363,True,0.005065,0.0
grid_000290.txt,1457,2836,490,30.0066,True,0.004384,0.0
grid_000292.txt,704,1354,223,12.845426,True,0.002196,0.0
grid_000294.txt,1232,2392,413,30.0058,True,0.003684,0.0
grid_000296.txt,1008,1952,329,30.005076,True,0.003421,0.0
grid_000298.txt,1100,2131,354,30.005,True,0.003376,0.0
grid_000300.txt,456,862,146,5.141038,True,0.001097,0.0
grid_000302.txt,324,609,102,2.963869,True,0.000872,0.0
grid_000304.txt,234,437,74,1.188712,True,0.00062,0.0
grid_000306.txt,1104,2138,368,30.005029,True,0.003348,0.0
grid_000308.txt,1720,3357,570,30.017512,True,0.005304,0.0
grid_000310.txt,646,1237,210,10.360782,True,0.002021,0.0
grid_000312.txt,666,1277,214,17.037837,True,0.001968,0.0
grid_000314.txt,1128,2185,382,30.004992,True,0.003265,0.0
grid_000316.txt,714,1369,235,14.185698,True,0.002194,0.0
grid_000318.txt,532,1017,170,6.864559,True,0.00145,0.0
grid_000320.txt,1440,2803,483,30.006199,True,0.004382,0.0
grid_000322.txt,816,1567,261,17.968361,True,0.002529,0.0
grid_000324.txt,310,579,97,2.149197,True,0.00078,0.0
grid_000326.txt,858,1657,279,19.258201,True,0.002982,0.0
grid_000328.txt,1024,1984,329,28.019231,True,0.003055,0.0
grid_000330.txt,507,962,162,12.47323,True,0.001224,0.0
grid_000332.txt,420,799,134,4.133156,True,0.001122,0.0
grid_000334.txt,608,1162,196,9.410126,True,0.001873,0.0
grid_000336.txt,841,1624,271,18.546927,True,0.00257,0.0
grid_000338.txt,858,1655,273,19.435175,True,0.002735,0.0
grid_000340.txt,464,883,148,5.12632,True,0.001315,0.0
grid_000342.txt,1980,3871,663,30.029235,True,0.017646,0.0
grid_000344.txt,1300,2524,424,30.005974,True,0.003904,0.0
grid_000346.txt,700,1347,224,13.161915,True,0.002159,0.0
grid_000348.txt,506,955,171,6.32528,True,0.001354,0.0
grid_000350.txt,2162,4231,715,30.017678,True,0.007088,0.0
grid_000352.txt,1147,2226,372,30.005178,True,0.003401,0.0
grid_000354.txt,430,807,128,4.18663,True,0.00112,0.0
grid_000356.txt,190,351,57,0.769195,True,0.000487,0.0
grid_000358.txt,1300,2524,439,30.006206,True,0.004237,0.0
grid_000360.txt,510,971,164,7.847311,True,0.001396,0.0
grid_000362.txt,285,536,89,1.958341,True,0.00074,0.0
grid_000364.txt,950,1831,318,23.119408,True,0.003238,0.0
grid_000366.txt,782,1501,249,14.946706,True,0.002393,0.0
grid_000368.txt,798,1535,253,15.851712,True,0.00225,0.0
grid_000370.txt,980,1897,314,24.827195,True,0.002749,0.0
grid_000372.txt,1598,3115,538,30.018224,True,0.005268,0.0
grid_000374.txt,966,1865,320,25.463149,True,0.003123,0.0
grid_000376.txt,156,287,50,0.535844,True,0.000384,0.0
grid_000378.txt,1215,2358,400,30.006161,True,0.004463,0.0
grid_000380.txt,1880,3673,617,30.017636,True,0.005839,0.0
grid_000382.txt,1512,2946,505,30.017688,True,0.004862,0.0
grid_000384.txt,1665,3248,544,30.017788,True,0.005202,0.0
grid_000386.txt,2024,3958,673,30.017397,True,0.006055,0.0
grid_000388.txt,357,676,112,2.998069,True,0.000953,0.0
grid_000390.txt,768,1480,246,15.485682,True,0.002432,0.0
grid_000392.txt,494,937,154,6.032111,True,0.001377,0.0
grid_000394.txt,437,832,137,4.686187,True,0.001107,0.0
grid_000396.txt,640,1228,205,10.295697,True,0.001888,0.0
grid_000398.txt,1950,3811,650,30.017457,True,0.006422,0.0
grid_000400.txt,1204,2337,401,30.005551,True,0.003533,0.0
grid_000402.txt,558,1067,180,8.544888,True,0.001707,0.0
grid_000404.txt,832,1606,268,17.950929,True,0.002342,0.0
grid_000406.txt,492,931,155,6.10608,True,0.001306,0.0
grid_000408.txt,396,747,126,3.849484,True,0.00106,0.0
grid_000410.txt,522,997,168,6.828009,True,0.001388,0.0
grid_000412.txt,1488,2897,481,30.006799,True,0.004436,0.0
grid_000414.txt,950,1831,318,23.171034,True,0.002914,0.0
grid_000416.txt,585,1116,186,8.76362,True,0.001784,0.0
grid_000418.txt,240,446,73,1.316805,True,0.000586,0.0
grid_000420.txt,220,408,66,1.383739,True,0.000538,0.0
grid_000422.txt,1764,3443,584,30.017641,True,0.005357,0.0
grid_000424.txt,675,1298,218,11.317424,True,0.002197,0.0
grid_000426.txt,385,724,122,3.537154,True,0.001044,0.0
grid_000428.txt,1092,2116,364,29.902561,True,0.003391,0.0
grid_000430.txt,1242,2411,417,30.005913,True,0.003786,0.0
grid_000432.txt,800,1534,267,13.891726,True,0.002421,0.0
grid_000434.txt,1134,2199,382,30.005304,True,0.003623,0.0
grid_000436.txt,1200,2326,395,30.005521,True,0.00363,0.0
grid_000438.txt,1517,2956,503,30.017356,True,0.004628,0.0
grid_000440.txt,169,312,52,0.772213,True,0.000429,0.0
grid_000442.txt,468,892,149,5.613292,True,0.001284,0.0
grid_000444.txt,378,717,120,3.572338,True,0.001086,0.0
grid_000446.txt,760,1462,246,14.777749,True,0.002135,0.0
grid_000448.txt,230,427,69,1.174686,True,0.000504,0.0
grid_000450.txt,644,1237,206,10.168016,True,0.001893,0.0
grid_000452.txt,700,1347,224,12.965998,True,0.002137,0.0
grid_000454.txt,858,1657,277,18.10107,True,0.00267,0.0
grid_000456.txt,1160,2251,378,30.005268,True,0.003583,0.0
grid_000458.txt,1110,2153,363,30.005477,True,0.003418,0.0
grid_000460.txt,2000,3910,654,30.017436,True,0.00585,0.0
grid_000462.txt,690,1319,221,11.536197,True,0.002019,0.0
grid_000464.txt,570,1091,182,8.4857,True,0.001658,0.0
grid_000466.txt,1558,3037,517,30.017716,True,0.004723,0.0
grid_000468.txt,1849,3612,610,30.016387,True,0.005536,0.0
grid_000470.txt,442,841,142,4.590525,True,0.001153,0.0
grid_000472.txt,1058,2047,347,30.004619,True,0.003023,0.0
grid_000474.txt,756,1452,243,15.057351,True,0.002319,0.0
grid_000476.txt,238,445,74,1.288178,True,0.000629,0.0
grid_000478.txt,2068,4045,692,30.017738,True,0.006333,0.0
grid_000480.txt,1184,2299,386,30.017356,True,0.015309,0.0
grid_000482.txt,1089,2112,355,30.005274,True,0.00333,0.0
grid_000484.txt,1512,2946,505,30.01833,True,0.004917,0.0
grid_000486.txt,819,1578,266,17.459168,True,0.002411,0.0
grid_000488.txt,576,1102,184,8.499029,True,0.001686,0.0
grid_000490.txt,576,1102,186,8.339198,True,0.001667,0.0
grid_000492.txt,2450,4801,818,30.018466,True,0.007674,0.0
grid_000494.txt,380,712,115,3.401478,True,0.000968,0.0
grid_000496.txt,1058,2047,351,30.004774,True,0.003204,0.0
grid_000498.txt,462,881,148,5.614824,True,0.001295,0.0
grid_000500.txt,1316,2557,426,30.007201,True,0.0051,0.0
grid_000502.txt,336,634,107,2.598336,True,0.000936,0.0
grid_000504.txt,1440,2802,484,30.006036,True,0.004269,0.0
grid_000506.txt,720,1377,242,13.375832,True,0.002248,0.0
grid_000508.txt,816,1574,260,17.318488,True,0.002437,0.0
grid_000510.txt,1316,2557,426,30.006096,True,0.004085,0.0
grid_000512.txt,930,1799,300,23.105331,True,0.002915,0.0
grid_000514.txt,1681,3280,559,30.017321,True,0.005058,0.0
grid_000516.txt,1800,3514,597,30.01695,True,0.00554,0.0
grid_000518.txt,310,579,93,2.239335,True,0.000799,0.0
grid_000520.txt,121,220,36,0.297637,True,0.00032,0.0
grid_000522.txt,546,1037,181,7.559431,True,0.001545,0.0
grid_000524.txt,350,661,112,2.847939,True,0.000924,0.0
grid_000526.txt,760,1462,246,14.800565,True,0.00242,0.0
grid_000528.txt,1850,3613,604,30.01699,True,0.005571,0.0
grid_000530.txt,540,1029,173,8.833217,True,0.001421,0.0
grid_000532.txt,864,1669,281,30.004124,True,0.002784,0.0
grid_000534.txt,252,472,80,1.441736,True,0.000629,0.0
grid_000536.txt,672,1292,219,12.710869,True,0.002211,0.0
grid_000538.txt,589,1128,186,8.723811,True,0.001719,0.0
grid_000540.txt,396,747,122,3.689077,True,0.001053,0.0
grid_000542.txt,645,1232,206,15.102664,True,0.002713,0.0
grid_000544.txt,1178,2287,388,30.005363,True,0.003694,0.0
grid_000546.txt,1080,2093,352,30.004841,True,0.003192,0.0
grid_000548.txt,1000,1930,335,26.584336,True,0.013502,0.0
grid_000550.txt,315,594,101,2.83703,True,0.000831,0.0
grid_000552.txt,1131,2194,376,30.005006,True,0.003362,0.0
grid_000554.txt,165,304,51,0.730348,True,0.000397,0.0
grid_000556.txt,1968,3847,653,30.016878,True,0.005914,0.0
grid_000558.txt,1440,2802,475,30.006777,True,0.004792,0.0
grid_000560.txt,1334,2593,436,30.006087,True,0.004152,0.0
grid_000562.txt,450,857,144,4.999712,True,0.001239,0.0
grid_000564.txt,1435,2794,476,30.006616,True,0.004449,0.0
grid_000566.txt,475,906,152,5.368109,True,0.001327,0.0
grid_000568.txt,1504,2929,506,30.017556,True,0.004514,0.0
grid_000570.txt,1144,2218,375,30.005063,True,0.00326,0.0
grid_000572.txt,450,855,143,5.000388,True,0.001273,0.0
grid_000574.txt,143,262,43,0.533992,True,0.000487,0.0
grid_000576.txt,1395,2714,454,30.006019,True,0.004019,0.0
grid_000578.txt,705,1348,225,24.129628,True,0.002209,0.0
grid_000580.txt,406,769,129,4.081853,True,0.001089,0.0
grid_000582.txt,675,1290,226,11.389796,True,0.001915,0.0
grid_000584.txt,434,823,138,4.575121,True,0.001235,0.0
grid_000586.txt,552,1046,176,7.448735,True,0.001354,0.0
grid_000588.txt,1628,3175,530,30.016956,True,0.004953,0.0
grid_000590.txt,2016,3942,675,30.016717,True,0.005832,0.0
grid_000592.txt,861,1660,279,17.546579,True,0.002604,0.0
grid_000594.txt,1365,2656,453,30.005741,True,0.004021,0.0
grid_000596.txt,250,465,79,1.487074,True,0.000647,0.0
grid_000598.txt,2160,4227,724,30.017452,True,0.006624,0.0
grid_000600.txt,434,823,137,4.703631,True,0.001171,0.0
grid_000602.txt,616,1182,197,10.055896,True,0.001933,0.0
grid_000604.txt,950,1831,301,22.7682,True,0.002812,0.0
grid_000606.txt,420,799,134,4.043837,True,0.00109,0.0
grid_000608.txt,858,1655,280,25.309804,True,0.002507,0.0
grid_000610.txt,460,877,147,4.901556,True,0.001246,0.0
grid_000612.txt,528,1000,176,6.351562,True,0.001642,0.0
grid_000614.txt,1248,2422,422,30.005701,True,0.003735,0.0
grid_000616.txt,300,563,95,2.947501,True,0.000765,0.0
grid_000618.txt,195,362,60,0.851168,True,0.000564,0.0
grid_000620.txt,275,514,88,1.792634,True,0.00077,0.0
grid_000622.txt,1176,2282,382,30.005552,True,0.003739,0.0
grid_000624.txt,608,1165,193,9.313493,True,0.001839,0.0
grid_000626.txt,2156,4219,718,30.017004,True,0.006568,0.0
grid_000628.txt,1288,2502,430,30.015594,True,0.01389,0.0
grid_000630.txt,294,553,92,2.165404,True,0.000806,0.0
grid_000632.txt,1363,2650,447,30.006645,True,0.00457,0.0
grid_000634.txt,468,885,152,5.361315,True,0.001252,0.0
grid_000636.txt,1380,2684,453,30.006167,True,0.004209,0.0
grid_000638.txt,330,619,103,3.184138,True,0.000846,0.0
grid_000640.txt,738,1417,236,21.46102,True,0.002218,0.0
grid_000642.txt,187,346,58,1.064407,True,0.000493,0.0
grid_000644.txt,416,787,130,4.089522,True,0.001542,0.0
grid_000646.txt,1776,3467,597,30.017232,True,0.005395,0.0
grid_000648.txt,340,636,104,2.434792,True,0.00077,0.0
grid_000650.txt,1054,2043,339,29.528384,True,0.003206,0.0
grid_000652.txt,774,1487,254,13.82568,True,0.002462,0.0
grid_000654.txt,1140,2212,376,30.005029,True,0.003476,0.0
grid_000656.txt,276,517,87,2.474706,True,0.00069,0.0
grid_000658.txt,594,1139,192,9.908107,True,0.0018,0.0
grid_000660.txt,798,1537,260,16.30312,True,0.002345,0.0
grid_000662.txt,592,1131,190,8.447283,True,0.001819,0.0
grid_000664.txt,462,881,150,5.620801,True,0.001287,0.0
grid_000666.txt,1536,2992,502,30.017063,True,0.004801,0.0
grid_000668.txt,480,902,146,5.411275,True,0.001246,0.0
grid_000670.txt,1428,2780,478,30.00686,True,0.004749,0.0
grid_000672.txt,704,1354,225,12.810095,True,0.003671,0.0
grid_000674.txt,546,1037,181,7.724954,True,0.001429,0.0
grid_000676.txt,714,1369,235,14.378939,True,0.002216,0.0
grid_000678.txt,336,632,108,2.535059,True,0.00088,0.0
grid_000680.txt,575,1102,185,10.735903,True,0.0018,0.0
grid_000682.txt,154,283,48,0.502081,True,0.000399,0.0
grid_000684.txt,1426,2775,476,30.006386,True,0.004451,0.0
grid_000686.txt,1120,2172,360,30.005369,True,0.00357,0.0
grid_000688.txt,504,963,164,6.444325,True,0.001377,0.0
grid_000690.txt,275,514,88,1.832997,True,0.000735,0.0
grid_000692.txt,759,1462,245,15.410014,True,0.002459,0.0
grid_000694.txt,1100,2131,369,30.005676,True,0.003765,0.0
grid_000696.txt,216,402,68,1.251447,True,0.00058,0.0
grid_000698.txt,559,1062,185,8.109507,True,0.001648,0.0
grid_000700.txt,2450,4801,814,30.018734,True,0.008077,0.0
grid_000702.txt,1085,2104,352,30.005214,True,0.003376,0.0
grid_000704.txt,1054,2043,339,30.005013,True,0.003197,0.0
grid_000706.txt,1269,2464,428,30.021781,True,0.019676,0.0
grid_000708.txt,377,712,116,3.319153,True,0.001122,0.0
grid_000710.txt,900,1740,291,21.906281,True,0.002934,0.0
grid_000712.txt,780,1504,253,16.767654,True,0.002557,0.0
grid_000714.txt,720,1382,232,18.231821,True,0.002222,0.0
grid_000716.txt,2116,4140,703,30.016805,True,0.006397,0.0
grid_000718.txt,1372,2667,444,30.006237,True,0.004316,0.0
grid_000720.txt,460,877,147,4.993052,True,0.001202,0.0
grid_000722.txt,486,927,156,9.776445,True,0.001351,0.0
grid_000724.txt,1073,2080,347,30.005502,True,0.003722,0.0
grid_000726.txt,154,283,48,0.52012,True,0.000391,0.0
grid_000728.txt,468,885,149,5.563061,True,0.001233,0.0
grid_000730.txt,738,1417,236,22.097714,True,0.002955,0.0
grid_000732.txt,451,850,149,5.05767,True,0.001408,0.0
grid_000734.txt,686,1309,219,12.056727,True,0.002783,0.0
grid_000736.txt,325,612,100,2.466714,True,0.000976,0.0
grid_000738.txt,570,1091,182,8.5195,True,0.001749,0.0
grid_000740.txt,960,1852,309,24.999033,True,0.002862,0.0
grid_000742.txt,399,758,127,4.459399,True,0.001178,0.0
grid_000744.txt,532,1012,171,10.092027,True,0.001469,0.0
grid_000746.txt,880,1696,282,21.020439,True,0.00302,0.0
grid_000748.txt,1520,2962,498,30.017384,True,0.004676,0.0
grid_000750.txt,480,908,153,5.495742,True,0.001145,0.0
grid_000752.txt,592,1131,186,8.630906,True,0.002216,0.0
grid_000754.txt,1230,2389,402,30.00574,True,0.003762,0.0
grid_000756.txt,2401,4704,797,30.018142,True,0.0079,0.0
grid_000758.txt,1125,2180,380,30.005382,True,0.003654,0.0
grid_000760.txt,800,1543,256,16.98671,True,0.002613,0.0
grid_000762.txt,540,1023,172,7.588463,True,0.001507,0.0
grid_000764.txt,351,662,112,3.000263,True,0.000979,0.0
grid_000766.txt,289,544,91,2.050802,True,0.000798,0.0
grid_000768.txt,143,262,44,0.663037,True,0.000585,0.0
grid_000770.txt,300,563,95,3.019514,True,0.000818,0.0
grid_000772.txt,2058,4025,685,30.017852,True,0.006218,0.0
grid_000774.txt,615,1174,202,9.541686,True,0.001856,0.0
grid_000776.txt,735,1406,236,19.500845,True,0.00229,0.0
grid_000778.txt,437,832,141,5.880002,True,0.001284,0.0
grid_000780.txt,1554,3029,518,30.016801,True,0.004749,0.0
grid_000782.txt,2450,4801,814,30.017139,True,0.007375,0.0
grid_000784.txt,1161,2252,381,30.005069,True,0.003329,0.0
grid_000786.txt,620,1189,198,9.60462,True,0.001862,0.0
grid_000788.txt,272,511,86,1.757606,True,0.000711,0.0
grid_000790.txt,1276,2479,427,30.005902,True,0.004035,0.0
grid_000792.txt,544,1039,173,7.119397,True,0.001345,0.0
grid_000794.txt,210,389,63,0.944747,True,0.000508,0.0
grid_000796.txt,1012,1956,332,25.463485,True,0.002899,0.0
grid_000798.txt,703,1350,227,13.039809,True,0.002196,0.0
grid_000800.txt,1326,2579,440,30.005533,True,0.003552,0.0
grid_000802.txt,1886,3685,624,30.016639,True,0.00525,0.0
grid_000804.txt,966,1867,314,24.758575,True,0.002815,0.0
grid_000806.txt,1161,2252,381,30.005425,True,0.003603,0.0
grid_000808.txt,392,742,124,4.072609,True,0.001038,0.0
grid_000810.txt,1276,2479,427,30.006358,True,0.004019,0.0
grid_000812.txt,884,1708,282,20.640099,True,0.002642,0.0
grid_000814.txt,644,1228,214,8.15916,True,0.002043,0.0
grid_000816.txt,1485,2892,500,30.017399,True,0.004878,0.0
grid_000818.txt,882,1697,286,20.216394,True,0.00264,0.0
grid_000820.txt,820,1579,270,16.671949,True,0.002678,0.0
grid_000822.txt,370,693,118,3.001272,True,0.000929,0.0
grid_000824.txt,1089,2112,355,30.005094,True,0.003308,0.0
grid_000826.txt,850,1641,271,17.952919,True,0.002782,0.0
grid_000828.txt,1120,2172,360,30.005385,True,0.00368,0.0
grid_000830.txt,364,687,116,3.15941,True,0.001067,0.0
grid_000832.txt,492,931,155,6.053877,True,0.001396,0.0
grid_000834.txt,240,449,76,1.580276,True,0.000705,0.0
grid_000836.txt,624,1193,204,8.710339,True,0.001871,0.0
grid_000838.txt,1500,2920,506,30.006427,True,0.004436,0.0
grid_000840.txt,754,1453,244,19.356749,True,0.002211,0.0
grid_000842.txt,945,1824,316,23.637836,True,0.002945,0.0
grid_000844.txt,336,632,108,2.447332,True,0.000956,0.0
grid_000846.txt,1404,2733,467,30.006097,True,0.004213,0.0
grid_000848.txt,1036,2007,333,28.215648,True,0.003422,0.0
grid_000850.txt,728,1402,232,19.046715,True,0.00216,0.0
grid_000852.txt,1728,3372,580,30.029102,True,0.016099,0.0
grid_000854.txt,484,924,153,5.721176,True,0.001275,0.0
grid_000856.txt,390,731,127,3.375425,True,0.001002,0.0
grid_000858.txt,882,1701,292,19.728763,True,0.002629,0.0
grid_000860.txt,588,1127,189,12.480558,True,0.001789,0.0
grid_000862.txt,484,924,153,5.734946,True,0.001198,0.0
grid_000864.txt,612,1172,196,12.976835,True,0.001744,0.0
grid_000866.txt,840,1622,269,15.830398,True,0.00257,0.0
grid_000868.txt,1462,2847,473,30.006524,True,0.004346,0.0
grid_000870.txt,455,862,145,4.923064,True,0.001316,0.0
grid_000872.txt,1000,1935,326,26.741582,True,0.002958,0.0
grid_000874.txt,558,1067,180,8.28378,True,0.001656,0.0
grid_000876.txt,396,745,126,3.744251,True,0.001047,0.0
grid_000878.txt,1440,2804,476,30.007345,True,0.005083,0.0
grid_000880.txt,806,1555,257,17.570941,True,0.002316,0.0
grid_000882.txt,779,1498,256,15.1394,True,0.002299,0.0
grid_000884.txt,924,1787,296,21.950186,True,0.003199,0.0
grid_000886.txt,1505,2932,493,30.017192,True,0.004505,0.0
grid_000888.txt,1225,2376,395,30.005531,True,0.003865,0.0
grid_000890.txt,522,997,166,11.709752,True,0.00137,0.0
grid_000892.txt,858,1657,279,19.027742,True,0.002615,0.0
grid_000894.txt,476,904,152,5.488205,True,0.001317,0.0
grid_000896.txt,819,1578,266,17.364925,True,0.002716,0.0
grid_000898.txt,700,1347,224,12.769725,True,0.002205,0.0
grid_000900.txt,462,871,153,5.290447,True,0.00125,0.0
grid_000902.txt,380,721,121,3.661357,True,0.001059,0.0
grid_000904.txt,340,636,104,2.365315,True,0.000883,0.0
grid_000906.txt,380,721,120,3.587298,True,0.000967,0.0
grid_000908.txt,522,997,166,11.716644,True,0.001313,0.0
grid_000910.txt,286,535,89,1.928515,True,0.000745,0.0
grid_000912.txt,988,1912,321,25.943103,True,0.002826,0.0
grid_000914.txt,988,1912,321,26.028135,True,0.002971,0.0
grid_000916.txt,1974,3859,659,30.017154,True,0.005923,0.0
grid_000918.txt,1950,3811,654,30.016399,True,0.005512,0.0
grid_000920.txt,528,997,177,6.64995,True,0.001462,0.0
grid_000922.txt,800,1534,267,13.710915,True,0.002485,0.0
grid_000924.txt,1012,1956,332,25.358344,True,0.003044,0.0
grid_000926.txt,1023,1982,329,30.004754,True,0.003112,0.0
grid_000928.txt,1075,2082,348,30.004931,True,0.003104,0.0
grid_000930.txt,520,994,166,6.798785,True,0.001484,0.0
grid_000932.txt,504,963,164,6.380654,True,0.001462,0.0
grid_000934.txt,1536,2992,516,30.028682,True,0.016101,0.0
grid_000936.txt,1330,2587,435,30.005948,True,0.004088,0.0
grid_000938.txt,987,1906,320,25.466692,True,0.003355,0.0
grid_000940.txt,1764,3443,590,30.017287,True,0.005373,0.0
grid_000942.txt,1978,3867,653,30.017613,True,0.006437,0.0
grid_000944.txt,420,796,134,3.830614,True,0.001211,0.0
grid_000946.txt,615,1174,196,11.660154,True,0.001731,0.0
grid_000948.txt,1450,2821,488,30.006837,True,0.00473,0.0
grid_000950.txt,1488,2897,481,30.006259,True,0.004015,0.0
grid_000952.txt,1360,2646,442,30.006136,True,0.004114,0.0
grid_000954.txt,2000,3910,671,30.016862,True,0.006416,0.0
grid_000956.txt,1927,3766,641,30.017242,True,0.00601,0.0
grid_000958.txt,306,577,98,2.057301,True,0.000777,0.0
grid_000960.txt,300,565,94,1.869611,True,0.000808,0.0
grid_000962.txt,1200,2326,395,30.005451,True,0.003649,0.0
grid_000964.txt,608,1165,192,9.260715,True,0.00177,0.0
grid_000966.txt,920,1777,299,29.933166,True,0.002685,0.0
grid_000968.txt,1376,2677,457,30.006059,True,0.004058,0.0
grid_000970.txt,950,1831,301,22.931635,True,0.002676,0.0
grid_000972.txt,903,1742,293,30.004363,True,0.002756,0.0
grid_000974.txt,1296,2520,427,30.006522,True,0.004406,0.0
grid_000976.txt,2401,4704,797,30.036153,True,0.025386,0.0
grid_000978.txt,2208,4322,733,30.018148,True,0.006511,0.0
grid_000980.txt,544,1038,171,7.212742,True,0.001495,0.0
grid_000982.txt,792,1526,256,25.946172,True,0.002498,0.0
grid_000984.txt,190,351,59,0.853021,True,0.000469,0.0
grid_000986.txt,630,1207,201,10.219086,True,0.002019,0.0
grid_000988.txt,1053,2040,345,30.004649,True,0.003051,0.0
grid_000990.txt,837,1616,266,18.482099,True,0.002562,0.0
grid_000992.txt,1596,3112,524,30.017364,True,0.0048,0.0
grid_000994.txt,297,556,95,2.017309,True,0.000758,0.0
grid_000996.txt,528,1010,166,7.164333,True,0.001429,0.0
grid_000998.txt,396,747,122,3.586442,True,0.001064,0.0
grid_001000.txt,336,632,107,2.757594,True,0.000906,0.0
grid_001002.txt,546,1037,169,7.115691,True,0.001454,0.0
grid_001004.txt,806,1555,257,17.414367,True,0.002362,0.0
grid_001006.txt,1064,2062,347,30.004936,True,0.003326,0.0
grid_001008.txt,666,1277,214,16.89728,True,0.002066,0.0
grid_001010.txt,924,1787,296,21.585323,True,0.002735,0.0
grid_001012.txt,336,634,107,2.564519,True,0.000906,0.0
grid_001014.txt,1395,2714,454,30.006286,True,0.004228,0.0
grid_001016.txt,540,1023,172,7.35774,True,0.001462,0.0
grid_001018.txt,1189,2308,396,30.005904,True,0.003945,0.0
grid_001020.txt,684,1313,221,15.609439,True,0.002219,0.0
grid_001022.txt,1363,2650,455,30.006317,True,0.004235,0.0
grid_001024.txt,300,565,96,2.000082,True,0.000917,0.0
grid_001026.txt,1066,2065,350,30.004371,True,0.002932,0.0
grid_001028.txt,1677,3272,553,30.016572,True,0.005089,0.0
grid_001030.txt,738,1417,236,21.461467,True,0.002159,0.0
grid_001032.txt,510,973,164,6.241216,True,0.001392,0.0
grid_001034.txt,700,1347,225,12.700892,True,0.002247,0.0
grid_001036.txt,1128,2185,372,30.00545,True,0.003638,0.0
grid_001038.txt,702,1347,230,12.758508,True,0.002137,0.0
grid_001040.txt,1344,2614,449,30.005659,True,0.003983,0.0
grid_001042.txt,121,220,36,0.291517,True,0.000311,0.0
grid_001044.txt,1672,3262,557,30.017524,True,0.005575,0.0
grid_001046.txt,500,955,160,6.294102,True,0.001319,0.0
grid_001048.txt,688,1317,217,18.216955,True,0.002194,0.0
grid_001050.txt,1320,2567,435,30.005955,True,0.004053,0.0
grid_001052.txt,299,562,92,2.102094,True,0.000842,0.0
grid_001054.txt,110,199,33,0.213791,True,0.000279,0.0
grid_001056.txt,630,1201,200,10.275842,True,0.001868,0.0
grid_001058.txt,486,927,156,9.755913,True,0.001266,0.0
grid_001060.txt,364,687,116,3.157985,True,0.000918,0.0
grid_001062.txt,364,687,114,3.110877,True,0.000954,0.0
grid_001064.txt,714,1373,232,12.544953,True,0.00241,0.0
grid_001066.txt,576,1092,194,8.428252,True,0.001693,0.0
grid_001068.txt,420,797,136,4.41628,True,0.001112,0.0
grid_001070.txt,2300,4504,770,30.028456,True,0.017961,0.0
grid_001072.txt,1395,2714,454,30.00614,True,0.004087,0.0
grid_001074.txt,420,796,134,3.815313,True,0.001136,0.0
grid_001076.txt,1080,2094,356,30.004809,True,0.003336,0.0
grid_001078.txt,588,1120,194,8.475712,True,0.001762,0.0
grid_001080.txt,936,1809,305,23.184848,True,0.002818,0.0
grid_001082.txt,483,922,155,7.907827,True,0.001362,0.0
grid_001084.txt,312,587,101,3.288925,True,0.000787,0.0
grid_001086.txt,1800,3514,597,30.017389,True,0.005534,0.0
grid_001088.txt,1128,2185,382,30.004819,True,0.003217,0.0
grid_001090.txt,1764,3444,589,30.017481,True,0.005538,0.0
grid_001092.txt,434,823,137,4.699169,True,0.00125,0.0
grid_001094.txt,612,1172,194,9.441538,True,0.001964,0.0
grid_001096.txt,600,1145,196,8.919248,True,0.00179,0.0
grid_001098.txt,630,1207,201,10.381503,True,0.001924,0.0
grid_001100.txt,783,1510,252,15.476632,True,0.002406,0.0
grid_001102.txt,2112,4132,701,30.016936,True,0.006345,0.0
grid_001104.txt,312,586,100,2.237793,True,0.000847,0.0
grid_001106.txt,1344,2612,435,30.006347,True,0.004288,0.0
grid_001108.txt,735,1414,237,13.940679,True,0.002421,0.0
grid_001110.txt,666,1277,214,17.054494,True,0.00215,0.0
grid_001112.txt,160,294,50,0.583457,True,0.000467,0.0
grid_001114.txt,1269,2464,417,30.005994,True,0.004042,0.0
grid_001116.txt,527,1006,166,6.788445,True,0.001581,0.0
grid_001118.txt,864,1668,279,24.08333,True,0.002916,0.0
grid_001120.txt,440,826,134,4.264404,True,0.001083,0.0
grid_001122.txt,574,1093,188,8.405897,True,0.00195,0.0
grid_001124.txt,1824,3562,600,30.018925,True,0.005764,0.0
grid_001126.txt,648,1242,209,12.393895,True,0.00212,0.0
grid_001128.txt,546,1039,177,7.057403,True,0.001533,0.0
grid_001130.txt,1862,3637,622,30.016789,True,0.005297,0.0
grid_001132.txt,575,1102,184,8.498993,True,0.001799,0.0
grid_001134.txt,180,333,56,0.668484,True,0.000531,0.0
grid_001136.txt,580,1111,186,8.088102,True,0.00171,0.0
grid_001138.txt,320,598,100,2.341196,True,0.00082,0.0
grid_001140.txt,418,795,133,4.145221,True,0.001168,0.0
grid_001142.txt,190,351,57,0.774096,True,0.000546,0.0
grid_001144.txt,558,1067,180,8.458435,True,0.001747,0.0
grid_001146.txt,528,1000,166,8.648347,True,0.001431,0.0
grid_001148.txt,1196,2320,398,30.005834,True,0.003756,0.0
grid_001150.txt,1715,3346,572,30.017676,True,0.005334,0.0
grid_001152.txt,1110,2153,363,30.015773,True,0.01417,0.0
grid_001154.txt,348,655,111,3.148513,True,0.000884,0.0
grid_001156.txt,1196,2320,391,30.005208,True,0.003559,0.0
grid_001158.txt,1813,3540,592,30.016681,True,0.005607,0.0
grid_001160.txt,1419,2762,467,30.006942,True,0.004602,0.0
grid_001162.txt,805,1552,260,16.616937,True,0.00256,0.0
grid_001164.txt,1536,2992,516,30.017561,True,0.004919,0.0
grid_001166.txt,300,565,94,1.827125,True,0.000805,0.0
grid_001168.txt,180,333,56,0.883257,True,0.00047,0.0
grid_001170.txt,1148,2227,382,30.005193,True,0.003633,0.0
grid_001172.txt,368,697,117,3.230618,True,0.000962,0.0
grid_001174.txt,782,1507,249,16.152973,True,0.002435,0.0
grid_001176.txt,640,1224,201,10.028249,True,0.001879,0.0
grid_001178.txt,532,1012,171,9.742369,True,0.001456,0.0
grid_001180.txt,456,869,149,5.070202,True,0.001204,0.0
grid_001182.txt,1292,2512,425,30.006788,True,0.00466,0.0
grid_001184.txt,440,829,144,4.599995,True,0.001168,0.0
grid_001186.txt,560,1072,179,7.910217,True,0.00178,0.0
grid_001188.txt,864,1662,289,25.112429,True,0.002963,0.0
grid_001190.txt,558,1067,178,7.895453,True,0.001722,0.0
grid_001192.txt,756,1452,243,15.358818,True,0.002391,0.0
grid_001194.txt,756,1457,242,15.527166,True,0.002483,0.0
grid_001196.txt,1110,2153,365,30.005432,True,0.003903,0.0
grid_001198.txt,520,987,161,6.643463,True,0.00153,0.0
grid_001200.txt,855,1646,269,17.182907,True,0.002821,0.0
grid_001202.txt,903,1742,293,30.004372,True,0.002784,0.0
grid_001204.txt,143,262,43,0.530939,True,0.000352,0.0
grid_001206.txt,408,770,127,4.077246,True,0.001163,0.0
grid_001208.txt,1406,2737,458,30.006529,True,0.004371,0.0
grid_001210.txt,1196,2320,391,30.005438,True,0.003579,0.0
grid_001212.txt,984,1903,324,25.943419,True,0.002815,0.0
grid_001214.txt,290,541,90,2.14899,True,0.000767,0.0
grid_001216.txt,819,1578,266,17.497388,True,0.002615,0.0
grid_001218.txt,1440,2804,472,30.006532,True,0.004538,0.0
grid_001220.txt,1050,2029,351,29.378886,True,0.00319,0.0
grid_001222.txt,608,1165,193,9.182576,True,0.001891,0.0
grid_001224.txt,738,1417,242,13.749475,True,0.002308,0.0
grid_001226.txt,442,837,139,4.49138,True,0.001216,0.0
grid_001228.txt,276,517,87,2.469935,True,0.000683,0.0
grid_001230.txt,704,1354,225,12.543363,True,0.002182,0.0
grid_001232.txt,1012,1957,337,26.557449,True,0.003214,0.0
grid_001234.txt,1554,3029,518,30.029459,True,0.016488,0.0
grid_001236.txt,812,1567,261,16.517849,True,0.002389,0.0
grid_001238.txt,1596,3112,534,30.017526,True,0.005168,0.0
grid_001240.txt,299,562,97,2.510349,True,0.000803,0.0
grid_001242.txt,1890,3693,634,30.017806,True,0.005983,0.0
grid_001244.txt,616,1174,205,9.304785,True,0.001907,0.0
grid_001246.txt,638,1225,204,9.859635,True,0.001882,0.0
grid_001248.txt,624,1187,193,9.289106,True,0.001842,0.0
grid_001250.txt,1080,2094,356,30.005133,True,0.0034,0.0
grid_001252.txt,1260,2447,423,30.005787,True,0.003897,0.0
grid_001254.txt,828,1597,267,20.412124,True,0.002614,0.0
grid_001256.txt,1050,2035,341,30.004923,True,0.003273,0.0
grid_001258.txt,272,511,87,1.658403,True,0.000736,0.0
grid_001260.txt,221,412,68,1.32697,True,0.000562,0.0
grid_001262.txt,1271,2470,413,30.005484,True,0.003686,0.0
grid_001264.txt,704,1348,220,12.163248,True,0.002288,0.0
grid_001266.txt,1216,2362,396,30.005656,True,0.003808,0.0
grid_001268.txt,1100,2131,354,30.005535,True,0.003667,0.0
grid_001270.txt,255,478,82,1.730734,True,0.000649,0.0
grid_001272.txt,731,1402,231,21.679258,True,0.002328,0.0
grid_001274.txt,348,655,111,3.199117,True,0.000924,0.0
grid_001276.txt,2300,4504,770,30.019225,True,0.007364,0.0
grid_001278.txt,697,1336,223,12.725215,True,0.002077,0.0
grid_001280.txt,418,795,133,4.171862,True,0.001161,0.0
grid_001282.txt,630,1209,201,16.034901,True,0.001791,0.0
grid_001284.txt,658,1255,220,11.004459,True,0.002174,0.0
grid_001286.txt,750,1445,240,17.433088,True,0.00222,0.0
grid_001288.txt,1750,3415,588,30.017521,True,0.005707,0.0
grid_001290.txt,1716,3349,572,30.016919,True,0.004983,0.0
grid_001292.txt,320,604,101,2.422314,True,0.000908,0.0
grid_001294.txt,1440,2802,475,30.006363,True,0.004247,0.0
grid_001296.txt,1640,3199,539,30.027902,True,0.015177,0.0
grid_001298.txt,297,556,95,2.016913,True,0.000786,0.0
grid_001300.txt,1242,2411,409,30.005963,True,0.004065,0.0
grid_001302.txt,140,256,43,0.699295,True,0.000409,0.0
grid_001304.txt,374,709,118,4.650812,True,0.001053,0.0
grid_001306.txt,875,1690,282,20.506041,True,0.002932,0.0
grid_001308.txt,429,808,134,5.174623,True,0.001201,0.0
grid_001310.txt,1968,3847,661,30.017611,True,0.006272,0.0
grid_001312.txt,384,728,120,3.582243,True,0.000998,0.0
grid_001314.txt,650,1249,208,10.61749,True,0.002211,0.0
grid_001316.txt,1462,2847,485,30.007142,True,0.004948,0.0
grid_001318.txt,900,1732,300,20.763276,True,0.002854,0.0
grid_001320.txt,612,1171,196,13.669203,True,0.001922,0.0
grid_001322.txt,2068,4045,688,30.017191,True,0.006603,0.0
grid_001324.txt,1488,2897,481,30.007156,True,0.004672,0.0
grid_001326.txt,154,283,48,0.518525,True,0.000454,0.0
grid_001328.txt,704,1354,223,12.966182,True,0.002352,0.0
grid_001330.txt,1120,2173,368,30.005312,True,0.003687,0.0
grid_001332.txt,1564,3048,507,30.017798,True,0.004783,0.0
grid_001334.txt,140,256,43,0.683546,True,0.000435,0.0
grid_001336.txt,1353,2632,445,30.00616,True,0.004163,0.0
grid_001338.txt,442,841,142,4.651437,True,0.001166,0.0
grid_001340.txt,600,1145,196,8.961538,True,0.001909,0.0
grid_001342.txt,1702,3321,554,30.017379,True,0.005463,0.0
grid_001344.txt,532,1012,170,7.214505,True,0.001434,0.0
grid_001346.txt,1800,3515,591,30.017399,True,0.005827,0.0
grid_001348.txt,435,826,137,4.594054,True,0.001258,0.0
grid_001350.txt,1110,2153,363,30.005197,True,0.003539,0.0
grid_001352.txt,352,661,112,2.947766,True,0.00091,0.0
grid_001354.txt,338,637,108,2.702115,True,0.000874,0.0
grid_001356.txt,574,1093,188,8.396437,True,0.001719,0.0
grid_001358.txt,1032,1997,337,30.005037,True,0.003246,0.0
grid_001360.txt,1960,3831,654,30.029506,True,0.018027,0.0
grid_001362.txt,656,1255,206,10.887214,True,0.001902,0.0
grid_001364.txt,300,560,91,2.04771,True,0.00078,0.0
grid_001366.txt,680,1303,217,15.726286,True,0.002033,0.0
grid_001368.txt,468,892,149,5.727687,True,0.001289,0.0
grid_001370.txt,1634,3187,538,30.019253,True,0.006649,0.0
grid_001372.txt,459,874,148,5.18065,True,0.001345,0.0
grid_001374.txt,957,1852,308,30.004775,True,0.003268,0.0
grid_001376.txt,1160,2251,378,30.005784,True,0.003925,0.0
grid_001378.txt,1295,2518,422,30.006555,True,0.004227,0.0
grid_001380.txt,1935,3782,637,30.017368,True,0.0061,0.0
grid_001382.txt,792,1526,256,26.104726,True,0.002552,0.0
grid_001384.txt,936,1809,306,29.4898,True,0.002912,0.0
grid_001386.txt,230,427,75,1.171069,True,0.000743,0.0
grid_001388.txt,903,1742,297,22.123575,True,0.002761,0.0
grid_001390.txt,308,580,98,2.352378,True,0.001035,0.0
grid_001392.txt,738,1417,242,14.128066,True,0.002382,0.0
grid_001394.txt,792,1522,256,16.306569,True,0.002457,0.0
grid_001396.txt,1312,2551,437,30.006126,True,0.004106,0.0
grid_001398.txt,297,556,94,2.121822,True,0.000829,0.0
grid_001400.txt,648,1245,211,10.797878,True,0.002199,0.0
grid_001402.txt,247,462,76,1.399264,True,0.000575,0.0
grid_001404.txt,700,1336,223,12.620995,True,0.0021,0.0
grid_001406.txt,1935,3782,637,30.016752,True,0.005922,0.0
grid_001408.txt,168,310,53,0.66649,True,0.000413,0.0
grid_001410.txt,1364,2653,457,30.006273,True,0.004244,0.0
grid_001412.txt,1026,1987,335,26.339339,True,0.00326,0.0
grid_001414.txt,459,874,146,5.404899,True,0.001152,0.0
grid_001416.txt,1008,1947,337,27.484782,True,0.003222,0.0
grid_001418.txt,1638,3195,546,30.017536,True,0.005262,0.0
grid_001420.txt,868,1677,279,19.740391,True,0.002734,0.0
grid_001422.txt,1350,2625,440,30.006503,True,0.00434,0.0
grid_001424.txt,1296,2517,428,30.005711,True,0.003835,0.0
grid_001426.txt,1225,2376,414,30.017677,True,0.015796,0.0
grid_001428.txt,306,577,97,2.771953,True,0.000828,0.0
grid_001430.txt,893,1720,296,26.567165,True,0.0027,0.0
grid_001432.txt,529,1012,171,11.111131,True,0.001569,0.0
grid_001434.txt,1450,2821,475,30.006783,True,0.004546,0.0
grid_001436.txt,440,829,144,4.655766,True,0.001209,0.0
grid_001438.txt,836,1609,277,19.287366,True,0.002709,0.0
grid_001440.txt,690,1319,221,11.435307,True,0.002237,0.0
grid_001442.txt,1330,2587,435,30.006526,True,0.004346,0.0
grid_001444.txt,500,940,168,6.079291,True,0.001384,0.0
grid_001446.txt,1786,3487,601,30.017784,True,0.005622,0.0
grid_001448.txt,140,256,43,0.688166,True,0.000362,0.0
grid_001450.txt,861,1660,279,17.573036,True,0.002879,0.0
grid_001452.txt,1230,2389,408,30.005905,True,0.003756,0.0
grid_001454.txt,864,1662,289,25.028535,True,0.002705,0.0
grid_001456.txt,336,635,107,2.636044,True,0.000838,0.0
grid_001458.txt,476,904,152,5.660347,True,0.001295,0.0
grid_001460.txt,1677,3272,556,30.017227,True,0.005082,0.0
grid_001462.txt,663,1270,212,12.078506,True,0.002091,0.0
grid_001464.txt,1073,2080,349,30.005289,True,0.003465,0.0
grid_001466.txt,990,1917,320,30.004823,True,0.003252,0.0
grid_001468.txt,308,580,98,2.287776,True,0.000862,0.0
grid_001470.txt,575,1102,185,10.460695,True,0.001632,0.0
grid_001472.txt,518,985,165,6.537739,True,0.001501,0.0
grid_001474.txt,615,1174,202,9.266472,True,0.001812,0.0
grid_001476.txt,731,1402,242,12.3475,True,0.002353,0.0
grid_001478.txt,1980,3871,663,30.017597,True,0.00651,0.0
grid_001480.txt,650,1237,201,9.894215,True,0.001866,0.0
grid_001482.txt,920,1774,304,22.739488,True,0.002636,0.0
grid_001484.txt,2024,3958,672,30.016891,True,0.00598,0.0
grid_001486.txt,1800,3514,602,30.016548,True,0.005299,0.0
grid_001488.txt,1026,1987,334,30.004679,True,0.003093,0.0
grid_001490.txt,360,681,117,3.162587,True,0.00097,0.0
grid_001492.txt,950,1831,318,22.89815,True,0.002858,0.0
grid_001494.txt,520,994,168,6.750985,True,0.001545,0.0
grid_001496.txt,651,1250,206,11.027887,True,0.002097,0.0
grid_001498.txt,300,565,96,2.032187,True,0.000853,0.0
grid_001500.txt,779,1498,256,14.854334,True,0.002188,0.0
grid_001502.txt,648,1242,210,13.031252,True,0.012446,0.0
grid_001504.txt,2064,4037,682,30.016462,True,0.005903,0.0
grid_001506.txt,720,1384,230,20.115176,True,0.002091,0.0
grid_001508.txt,875,1690,282,20.272985,True,0.002756,0.0
grid_001510.txt,741,1424,244,14.324183,True,0.002037,0.0
grid_001512.txt,2016,3942,675,30.017609,True,0.006286,0.0
grid_001514.txt,1260,2448,421,30.0059,True,0.003866,0.0
grid_001516.txt,1300,2524,439,30.006366,True,0.004154,0.0
grid_001518.txt,800,1534,267,13.833769,True,0.002439,0.0
grid_001520.txt,2058,4025,685,30.017873,True,0.006769,0.0
grid_001522.txt,460,877,147,4.949577,True,0.001229,0.0
grid_001524.txt,264,494,83,1.702483,True,0.000696,0.0
grid_001526.txt,1012,1957,337,26.708139,True,0.00339,0.0
grid_001528.txt,925,1788,299,22.798242,True,0.003368,0.0
grid_001530.txt,966,1867,314,24.983983,True,0.002894,0.0
grid_001532.txt,380,721,121,3.681258,True,0.001057,0.0
grid_001534.txt,176,325,54,0.67518,True,0.000468,0.0
grid_001536.txt,1344,2614,438,30.00669,True,0.004553,0.0
grid_001538.txt,720,1379,226,13.341942,True,0.002196,0.0
grid_001540.txt,1056,2042,338,28.410106,True,0.003447,0.0
grid_001542.txt,1014,1963,333,30.004839,True,0.003304,0.0
grid_001544.txt,2156,4219,718,30.018082,True,0.007187,0.0
grid_001546.txt,312,587,101,3.322404,True,0.000816,0.0
grid_001548.txt,1960,3831,643,30.018063,True,0.006288,0.0
grid_001550.txt,592,1131,186,8.519342,True,0.001817,0.0
grid_001552.txt,870,1681,282,20.01627,True,0.002777,0.0
grid_001554.txt,1764,3443,584,30.027811,True,0.015911,0.0
grid_001556.txt,945,1828,306,25.252202,True,0.002852,0.0
grid_001558.txt,320,604,101,2.453485,True,0.000839,0.0
grid_001560.txt,390,739,124,5.705604,True,0.001102,0.0
grid_001562.txt,1100,2131,369,30.005228,True,0.00345,0.0
grid_001564.txt,520,994,168,7.067933,True,0.001527,0.0
grid_001566.txt,1258,2445,410,30.006164,True,0.00398,0.0
grid_001568.txt,324,612,103,3.363087,True,0.000862,0.0
grid_001570.txt,513,980,161,6.318419,True,0.001356,0.0
grid_001572.txt,1260,2448,413,30.005594,True,0.003681,0.0
grid_001574.txt,1026,1987,334,30.004892,True,0.003236,0.0
grid_001576.txt,667,1282,214,11.512963,True,0.002034,0.0
grid_001578.txt,722,1387,229,13.343302,True,0.002259,0.0
grid_001580.txt,525,1000,167,7.782067,True,0.001392,0.0
grid_001582.txt,594,1139,192,9.82748,True,0.001813,0.0
grid_001584.txt,744,1433,242,14.505502,True,0.00214,0.0
grid_001586.txt,992,1921,319,25.845417,True,0.002889,0.0
grid_001588.txt,481,912,155,5.663626,True,0.001354,0.0
grid_001590.txt,999,1934,324,27.742516,True,0.003079,0.0
grid_001592.txt,320,598,98,2.285397,True,0.000736,0.0
grid_001594.txt,1800,3514,597,30.017723,True,0.006081,0.0
grid_001596.txt,143,262,43,0.546626,True,0.000363,0.0
grid_001598.txt,391,742,124,3.561527,True,0.001149,0.0
grid_001600.txt,663,1270,212,12.089088,True,0.002078,0.0
grid_001602.txt,252,472,79,2.046627,True,0.000774,0.0
grid_001604.txt,560,1072,180,7.956029,True,0.001789,0.0
grid_001606.txt,680,1306,216,11.789761,True,0.002336,0.0
grid_001608.txt,1554,3029,508,30.018388,True,0.005187,0.0
grid_001610.txt,396,745,126,3.786399,True,0.001257,0.0
grid_001612.txt,1152,2236,376,30.005421,True,0.003586,0.0
grid_001614.txt,260,484,79,1.785504,True,0.000698,0.0
grid_001616.txt,290,541,87,1.99183,True,0.000854,0.0
grid_001618.txt,798,1537,259,16.251186,True,0.002733,0.0
grid_001620.txt,782,1501,260,15.590989,True,0.002427,0.0
grid_001622.txt,1092,2117,354,30.005313,True,0.003605,0.0
grid_001624.txt,990,1913,330,30.005065,True,0.003489,0.0
grid_001626.txt,558,1067,178,7.834072,True,0.001831,0.0
grid_001628.txt,850,1633,285,20.545303,True,0.002753,0.0
grid_001630.txt,1739,3394,568,30.017616,True,0.005627,0.0
grid_001632.txt,1394,2713,453,30.006684,True,0.004497,0.0
grid_001634.txt,465,884,146,5.317613,True,0.001385,0.0
grid_001636.txt,270,503,86,1.772621,True,0.001026,0.0
grid_001638.txt,160,294,50,0.542193,True,0.000409,0.0
grid_001640.txt,484,913,151,6.796861,True,0.001353,0.0
grid_001642.txt,1350,2625,440,30.006097,True,0.004112,0.0
grid_001644.txt,625,1200,200,10.003966,True,0.001902,0.0
grid_001646.txt,434,823,138,4.620523,True,0.001245,0.0
grid_001648.txt,720,1384,230,20.702648,True,0.002605,0.0
grid_001650.txt,260,484,83,1.557556,True,0.000716,0.0
grid_001652.txt,1824,3562,611,30.018863,True,0.005499,0.0
grid_001654.txt,473,892,158,5.619531,True,0.001298,0.0
grid_001656.txt,836,1612,265,18.650913,True,0.002674,0.0
grid_001658.txt,1680,3277,565,30.016767,True,0.004975,0.0
grid_001660.txt,390,731,127,3.44532,True,0.001037,0.0
grid_001662.txt,1344,2612,454,30.006295,True,0.004183,0.0
grid_001664.txt,224,418,70,1.269024,True,0.000656,0.0
grid_001666.txt,391,742,126,5.041617,True,0.001088,0.0
grid_001668.txt,777,1496,250,14.522569,True,0.002512,0.0
grid_001670.txt,240,448,74,1.33617,True,0.000644,0.0
grid_001672.txt,1155,2242,379,30.005713,True,0.003679,0.0
grid_001674.txt,592,1131,186,8.583653,True,0.001918,0.0
grid_001676.txt,663,1270,217,10.425544,True,0.002116,0.0
grid_001678.txt,420,796,134,3.851716,True,0.001216,0.0
grid_001680.txt,1400,2725,461,30.007131,True,0.004715,0.0
grid_001682.txt,494,943,159,5.391791,True,0.001413,0.0
grid_001684.txt,2021,3952,677,30.018188,True,0.007263,0.0
grid_001686.txt,576,1102,186,8.371323,True,0.001802,0.0
grid_001688.txt,780,1501,255,17.214901,True,0.002483,0.0
grid_001690.txt,2352,4607,782,30.017583,True,0.007644,0.0
grid_001692.txt,527,1006,168,7.928119,True,0.001389,0.0
grid_001694.txt,462,877,146,5.455119,True,0.001263,0.0
grid_001696.txt,696,1339,224,17.416604,True,0.002263,0.0
grid_001698.txt,406,769,129,4.122726,True,0.001069,0.0
grid_001700.txt,1584,3087,532,30.017819,True,0.005027,0.0
grid_001702.txt,882,1701,292,20.507285,True,0.002718,0.0
grid_001704.txt,902,1741,296,21.431329,True,0.00275,0.0
grid_001706.txt,741,1424,244,14.527699,True,0.002313,0.0
grid_001708.txt,675,1290,226,11.543528,True,0.002165,0.0
grid_001710.txt,693,1332,222,17.523343,True,0.002042,0.0
grid_001712.txt,1521,2964,505,30.017577,True,0.004495,0.0
grid_001714.txt,1080,2091,352,30.005471,True,0.003499,0.0
grid_001716.txt,392,742,125,3.861241,True,0.001064,0.0
grid_001718.txt,1710,3337,564,30.018246,True,0.005471,0.0
grid_001720.txt,816,1567,274,17.851759,True,0.002422,0.0
grid_001722.txt,533,1012,175,8.344767,True,0.001473,0.0
grid_001724.txt,143,262,44,0.666434,True,0.000371,0.0
grid_001726.txt,2200,4306,737,30.018381,True,0.007316,0.0
grid_001728.txt,1862,3637,622,30.017246,True,0.005975,0.0
grid_001730.txt,2156,4219,718,30.017744,True,0.006758,0.0
grid_001732.txt,2250,4405,752,30.018019,True,0.006822,0.0
grid_001734.txt,900,1739,292,28.277918,True,0.002857,0.0
grid_001736.txt,522,997,166,11.981071,True,0.001549,0.0
grid_001738.txt,1225,2376,395,30.005836,True,0.003933,0.0
grid_001740.txt,2350,4603,787,30.018162,True,0.00697,0.0
grid_001742.txt,180,332,56,0.706428,True,0.000535,0.0
grid_001744.txt,621,1192,201,9.553222,True,0.002016,0.0
grid_001746.txt,368,697,117,3.275663,True,0.001087,0.0
grid_001748.txt,880,1698,286,29.305832,True,0.002625,0.0
grid_001750.txt,360,682,114,3.010897,True,0.001021,0.0
grid_001752.txt,360,681,114,3.586645,True,0.001018,0.0
grid_001754.txt,1645,3208,553,30.01774,True,0.005485,0.0
grid_001756.txt,672,1291,214,11.889808,True,0.002154,0.0
grid_001758.txt,372,701,118,3.85454,True,0.001062,0.0
grid_001760.txt,616,1174,198,9.585452,True,0.002081,0.0
grid_001762.txt,1250,2425,404,30.006125,True,0.004293,0.0
grid_001764.txt,729,1404,235,23.6963,True,0.002372,0.0
grid_001766.txt,832,1606,268,18.036409,True,0.002629,0.0
grid_001768.txt,615,1174,202,9.412333,True,0.001889,0.0
grid_001770.txt,1088,2110,357,30.005227,True,0.003527,0.0
grid_001772.txt,1862,3637,622,30.017078,True,0.005679,0.0
grid_001774.txt,2256,4417,753,30.017781,True,0.007266,0.0
grid_001776.txt,1230,2389,402,30.005642,True,0.00379,0.0
grid_001778.txt,286,537,92,2.016164,True,0.000844,0.0
grid_001780.txt,920,1777,300,22.509922,True,0.003091,0.0
grid_001782.txt,1053,2040,346,30.004832,True,0.003144,0.0
grid_001784.txt,1232,2392,401,30.006611,True,0.004458,0.0
grid_001786.txt,462,877,145,5.353052,True,0.001275,0.0
grid_001788.txt,1520,2962,498,30.01826,True,0.00465,0.0
grid_001790.txt,1672,3262,557,30.0172,True,0.005204,0.0
grid_001792.txt,943,1822,311,23.556413,True,0.002829,0.0
grid_001794.txt,920,1777,299,30.004673,True,0.002928,0.0
grid_001796.txt,609,1168,195,9.332363,True,0.001912,0.0
grid_001798.txt,840,1618,277,17.769195,True,0.00259,0.0
grid_001800.txt,462,881,148,5.563743,True,0.001309,0.0
grid_001802.txt,1680,3277,565,30.017793,True,0.005384,0.0
grid_001804.txt,2150,4207,719,30.017048,True,0.006461,0.0
grid_001806.txt,705,1348,225,24.514911,True,0.003497,0.0
grid_001808.txt,880,1698,281,19.956262,True,0.002725,0.0
grid_001810.txt,570,1091,181,7.943169,True,0.001677,0.0
grid_001812.txt,713,1372,226,12.971385,True,0.002167,0.0
grid_001814.txt,308,577,97,2.225842,True,0.000828,0.0
grid_001816.txt,700,1347,225,12.993202,True,0.00221,0.0
grid_001818.txt,1517,2956,494,30.017352,True,0.004751,0.0
grid_001820.txt,340,643,109,2.754282,True,0.000977,0.0
grid_001822.txt,289,544,91,2.041533,True,0.00075,0.0
grid_001824.txt,464,883,148,5.022487,True,0.001305,0.0
grid_001826.txt,495,934,156,6.435178,True,0.001309,0.0
grid_001828.txt,703,1350,221,12.604376,True,0.002232,0.0
grid_001830.txt,945,1824,306,25.502345,True,0.003023,0.0
grid_001832.txt,1155,2242,379,30.005619,True,0.003489,0.0
grid_001834.txt,1457,2836,473,30.018506,True,0.016155,0.0
grid_001836.txt,408,770,130,4.177926,True,0.001084,0.0
grid_001838.txt,704,1348,220,12.739497,True,0.002264,0.0
grid_001840.txt,980,1897,314,25.438593,True,0.003186,0.0
grid_001842.txt,2058,4025,687,30.017412,True,0.006401,0.0
grid_001844.txt,602,1147,198,8.725479,True,0.001867,0.0
grid_001846.txt,950,1831,318,23.719016,True,0.002916,0.0
grid_001848.txt,517,976,162,10.873105,True,0.001439,0.0
grid_001850.txt,812,1567,261,17.17801,True,0.002612,0.0
grid_001852.txt,722,1387,229,13.857876,True,0.002167,0.0
grid_001854.txt,880,1696,282,21.014352,True,0.002751,0.0
grid_001856.txt,1426,2775,461,30.006386,True,0.004445,0.0
grid_001858.txt,546,1045,177,8.738749,True,0.001602,0.0
grid_001860.txt,374,709,119,3.479288,True,0.001052,0.0
grid_001862.txt,1222,2371,401,30.00554,True,0.003685,0.0
grid_001864.txt,225,420,71,1.46872,True,0.000558,0.0
grid_001866.txt,600,1150,192,9.213308,True,0.00188,0.0
grid_001868.txt,1092,2116,358,30.005295,True,0.003596,0.0
grid_001870.txt,363,682,115,3.213322,True,0.00096,0.0
grid_001872.txt,1054,2043,339,30.00514,True,0.003271,0.0
grid_001874.txt,1750,3415,588,30.017939,True,0.005587,0.0
grid_001876.txt,1140,2212,375,30.005208,True,0.003452,0.0
grid_001878.txt,385,724,121,3.585631,True,0.001098,0.0
grid_001880.txt,705,1348,237,12.415666,True,0.002388,0.0
grid_001882.txt,480,908,153,5.69823,True,0.001386,0.0
grid_001884.txt,416,787,129,4.404434,True,0.001183,0.0
grid_001886.txt,888,1715,288,30.004572,True,0.002881,0.0
grid_001888.txt,578,1105,183,8.750548,True,0.001773,0.0
grid_001890.txt,1188,2307,393,30.006038,True,0.004125,0.0
grid_001892.txt,702,1347,230,13.247121,True,0.002083,0.0
grid_001894.txt,756,1452,250,14.813062,True,0.002507,0.0
grid_001896.txt,594,1137,189,8.905325,True,0.001816,0.0
grid_001898.txt,1209,2348,393,30.006227,True,0.004183,0.0
grid_001900.txt,615,1174,202,9.566898,True,0.001899,0.0
grid_001902.txt,1428,2780,463,30.006344,True,0.004315,0.0
grid_001904.txt,304,573,97,2.256026,True,0.000824,0.0
grid_001906.txt,870,1681,281,21.486998,True,0.002824,0.0
grid_001908.txt,630,1209,204,14.472275,True,0.002007,0.0
grid_001910.txt,432,821,136,4.484222,True,0.001249,0.0
grid_001912.txt,1504,2929,490,30.01868,True,0.005172,0.0
grid_001914.txt,1029,1988,334,30.004818,True,0.003148,0.0
grid_001916.txt,576,1092,183,10.666624,True,0.001735,0.0
grid_001918.txt,648,1245,209,11.41106,True,0.002091,0.0
grid_001920.txt,684,1312,221,16.672541,True,0.00241,0.0
grid_001922.txt,615,1174,196,11.875601,True,0.001976,0.0
grid_001924.txt,748,1440,237,14.823982,True,0.002489,0.0
grid_001926.txt,1200,2327,388,30.005887,True,0.003892,0.0
grid_001928.txt,555,1058,178,9.861739,True,0.001558,0.0
grid_001930.txt,990,1913,315,25.076403,True,0.003123,0.0
grid_001932.txt,516,977,170,6.886887,True,0.00149,0.0
grid_001934.txt,216,402,68,1.211176,True,0.00055,0.0
grid_001936.txt,340,636,104,2.44605,True,0.000936,0.0
grid_001938.txt,306,577,97,2.788219,True,0.000805,0.0
grid_001940.txt,1230,2389,408,30.005776,True,0.003797,0.0
grid_001942.txt,1218,2365,409,30.005808,True,0.003739,0.0
grid_001944.txt,1104,2138,368,30.005271,True,0.003386,0.0
grid_001946.txt,403,762,125,3.86237,True,0.001096,0.0
grid_001948.txt,352,661,109,2.904702,True,0.000978,0.0
grid_001950.txt,2070,4049,686,30.017719,True,0.006584,0.0
grid_001952.txt,1872,3657,622,30.017255,True,0.005357,0.0
grid_001954.txt,1392,2707,455,30.006694,True,0.00453,0.0
grid_001956.txt,630,1209,204,14.355211,True,0.001897,0.0
grid_001958.txt,1296,2517,428,30.006385,True,0.004344,0.0
grid_001960.txt,1632,3182,529,30.01756,True,0.005073,0.0
grid_001962.txt,799,1534,256,18.58186,True,0.002423,0.0
grid_001964.txt,324,612,103,3.459465,True,0.000922,0.0
grid_001966.txt,575,1102,185,10.883197,True,0.001939,0.0
grid_001968.txt,1176,2279,386,30.005806,True,0.003726,0.0
grid_001970.txt,700,1336,235,18.700843,True,0.002238,0.0
grid_001972.txt,399,758,127,4.410101,True,0.00119,0.0
grid_001974.txt,484,913,162,6.004867,True,0.001397,0.0
grid_001976.txt,1204,2337,390,30.006064,True,0.004242,0.0
grid_001978.txt,1720,3357,570,30.017737,True,0.005476,0.0
grid_001980.txt,1122,2177,365,30.005141,True,0.003394,0.0
grid_001982.txt,1320,2567,435,30.006603,True,0.004304,0.0
grid_001984.txt,1700,3316,572,30.017951,True,0.005228,0.0
grid_001986.txt,2200,4306,732,30.018392,True,0.006896,0.0
grid_001988.txt,837,1616,271,26.885603,True,0.002566,0.0
grid_001990.txt,1500,2920,495,30.017784,True,0.004713,0.0
grid_001992.txt,1320,2567,434,30.006506,True,0.004319,0.0
grid_001994.txt,594,1139,192,10.171898,True,0.001848,0.0
grid_001996.txt,372,701,118,3.832808,True,0.000975,0.0
grid_001998.txt,520,987,161,6.653118,True,0.001494,0.0
tree_000001.txt,2065,2064,0,0.003621,True,0.003609,0.0
tree_000003.txt,1251,1250,0,0.001935,True,0.001926,0.0
tree_000005.txt,4799,4798,0,0.007936,True,0.007926,0.0
tree_000007.txt,1806,1805,0,0.002784,True,0.002774,0.0
tree_000009.txt,3667,3666,0,0.005567,True,0.005545,0.0
tree_000011.txt,965,964,0,0.00158,True,0.00157,0.0
tree_000013.txt,3217,3216,0,0.004835,True,0.004826,0.0
tree_000015.txt,307,306,0,0.000555,True,0.000547,0.0
tree_000017.txt,3660,3659,0,0.00571,True,0.005701,0.0
tree_000019.txt,1532,1531,0,0.00254,True,0.002531,0.0
tree_000021.txt,2860,2859,0,0.004314,True,0.004304,0.0
tree_000023.txt,4796,4795,0,0.007838,True,0.007828,0.0
tree_000025.txt,3102,3101,0,0.004904,True,0.004892,0.0
tree_000027.txt,1290,1289,0,0.002016,True,0.002007,0.0
tree_000029.txt,611,610,0,0.00093,True,0.000918,0.0
tree_000031.txt,1928,1927,0,0.002915,True,0.002907,0.0
tree_000033.txt,129,128,0,0.000342,True,0.000331,0.0
tree_000035.txt,2675,2674,0,0.004263,True,0.004254,0.0
tree_000037.txt,1409,1408,0,0.002302,True,0.002292,0.0
tree_000039.txt,1426,1425,0,0.002253,True,0.002243,0.0
tree_000041.txt,464,463,0,0.000787,True,0.000776,0.0
tree_000043.txt,2909,2908,0,0.004524,True,0.004512,0.0
tree_000045.txt,2723,2722,0,0.0043,True,0.004289,0.0
tree_000047.txt,4426,4425,0,0.007092,True,0.00708,0.0
tree_000049.txt,4239,4238,0,0.006642,True,0.006629,0.0
tree_000051.txt,183,182,0,0.000346,True,0.000335,0.0
tree_000053.txt,2494,2493,0,0.004226,True,0.004215,0.0
tree_000055.txt,3573,3572,0,0.005772,True,0.005761,0.0
tree_000057.txt,4902,4901,0,0.007686,True,0.007674,0.0
tree_000059.txt,3952,3951,0,0.00631,True,0.006297,0.0
tree_000061.txt,3188,3187,0,0.005018,True,0.005007,0.0
tree_000063.txt,3978,3977,0,0.006393,True,0.006382,0.0
tree_000065.txt,2913,2912,0,0.004422,True,0.004411,0.0
tree_000067.txt,4990,4989,0,0.008073,True,0.008061,0.0
tree_000069.txt,1615,1614,0,0.002601,True,0.002589,0.0
tree_000071.txt,4888,4887,0,0.007881,True,0.007869,0.0
tree_000073.txt,4939,4938,0,0.007826,True,0.007812,0.0
tree_000075.txt,118,117,0,0.000233,True,0.000223,0.0
tree_000077.txt,3943,3942,0,0.00703,True,0.007018,0.0
tree_000079.txt,2574,2573,0,0.004028,True,0.004017,0.0
tree_000081.txt,868,867,0,0.001454,True,0.001443,0.0
tree_000083.txt,3809,3808,0,0.006528,True,0.006518,0.0
tree_000085.txt,2725,2724,0,0.004224,True,0.004213,0.0
tree_000087.txt,857,856,0,0.012488,True,0.012477,0.0
tree_000089.txt,2655,2654,0,0.004123,True,0.004114,0.0
tree_000091.txt,817,816,0,0.001448,True,0.001439,0.0
tree_000093.txt,1195,1194,0,0.001887,True,0.001878,0.0
tree_000095.txt,473,472,0,0.00082,True,0.000812,0.0
tree_000097.txt,1978,1977,0,0.003133,True,0.003124,0.0
tree_000099.txt,3869,3868,0,0.006431,True,0.006421,0.0
tree_000101.txt,573,572,0,0.000949,True,0.000939,0.0
tree_000103.txt,1335,1334,0,0.00222,True,0.002211,0.0
tree_000105.txt,2908,2907,0,0.004381,True,0.004372,0.0
tree_000107.txt,4027,4026,0,0.006744,True,0.006731,0.0
tree_000109.txt,520,519,0,0.000857,True,0.000847,0.0
tree_000111.txt,2368,2367,0,0.003551,True,0.003541,0.0
tree_000113.txt,1793,1792,0,0.002722,True,0.002713,0.0
tree_000115.txt,978,977,0,0.001754,True,0.001745,0.0
tree_000117.txt,3096,3095,0,0.005002,True,0.004993,0.0
tree_000119.txt,3190,3189,0,0.004871,True,0.00486,0.0
tree_000121.txt,623,622,0,0.001107,True,0.001096,0.0
tree_000123.txt,1434,1433,0,0.002223,True,0.002213,0.0
tree_000125.txt,2757,2756,0,0.004359,True,0.004349,0.0
tree_000127.txt,3029,3028,0,0.004647,True,0.004635,0.0
tree_000129.txt,3280,3279,0,0.005484,True,0.00547,0.0
tree_000131.txt,4002,4001,0,0.006215,True,0.006202,0.0
tree_000133.txt,4775,4774,0,0.007724,True,0.007711,0.0
tree_000135.txt,1530,1529,0,0.002408,True,0.002396,0.0
tree_000137.txt,832,831,0,0.001333,True,0.001323,0.0
tree_000139.txt,1746,1745,0,0.002814,True,0.002804,0.0
tree_000141.txt,1506,1505,0,0.002365,True,0.002356,0.0
tree_000143.txt,1308,1307,0,0.002061,True,0.002051,0.0
tree_000145.txt,4870,4869,0,0.007857,True,0.007845,0.0
tree_000147.txt,969,968,0,0.00157,True,0.001559,0.0
tree_000149.txt,430,429,0,0.000739,True,0.000729,0.0
tree_000151.txt,2362,2361,0,0.003766,True,0.003755,0.0
tree_000153.txt,1516,1515,0,0.002682,True,0.002671,0.0
tree_000155.txt,1735,1734,0,0.002802,True,0.002792,0.0
tree_000157.txt,654,653,0,0.001061,True,0.001052,0.0
tree_000159.txt,215,214,0,0.000355,True,0.000346,0.0
tree_000161.txt,1530,1529,0,0.002396,True,0.002388,0.0
tree_000163.txt,1746,1745,0,0.002788,True,0.002779,0.0
tree_000165.txt,1510,1509,0,0.002351,True,0.002342,0.0
tree_000167.txt,4743,4742,0,0.007677,True,0.007668,0.0
tree_000169.txt,1261,1260,0,0.00205,True,0.00204,0.0
tree_000171.txt,939,938,0,0.001527,True,0.001517,0.0
tree_000173.txt,4928,4927,0,0.008027,True,0.008016,0.0
tree_000175.txt,1358,1357,0,0.001998,True,0.001988,0.0
tree_000177.txt,2924,2923,0,0.004542,True,0.004531,0.0
tree_000179.txt,203,202,0,0.00034,True,0.00033,0.0
tree_000181.txt,1631,1630,0,0.002653,True,0.002643,0.0
tree_000183.txt,4600,4599,0,0.007827,True,0.007816,0.0
tree_000185.txt,4338,4337,0,0.006897,True,0.006885,0.0
tree_000187.txt,4216,4215,0,0.007573,True,0.00756,0.0
tree_000189.txt,3875,3874,0,0.006297,True,0.006281,0.0
tree_000191.txt,3195,3194,0,0.004927,True,0.004914,0.0
tree_000193.txt,257,256,0,0.000411,True,0.000399,0.0
tree_000195.txt,626,625,0,0.001044,True,0.001034,0.0
tree_000197.txt,2023,2022,0,0.003249,True,0.003238,0.0
tree_000199.txt,2208,2207,0,0.003654,True,0.003643,0.0
tree_000201.txt,4376,4375,0,0.007342,True,0.00733,0.0
tree_000203.txt,564,563,0,0.000984,True,0.000971,0.0
tree_000205.txt,281,280,0,0.000459,True,0.00045,0.0
tree_000207.txt,832,831,0,0.001432,True,0.001411,0.0
tree_000209.txt,3339,3338,0,0.005195,True,0.005184,0.0
tree_000211.txt,4523,4522,0,0.007243,True,0.00723,0.0
tree_000213.txt,3896,3895,0,0.006139,True,0.006127,0.0
tree_000215.txt,2180,2179,0,0.003575,True,0.003562,0.0
tree_000217.txt,1590,1589,0,0.002525,True,0.002513,0.0
tree_000219.txt,2265,2264,0,0.0036,True,0.003588,0.0
tree_000221.txt,3324,3323,0,0.005069,True,0.005057,0.0
tree_000223.txt,631,630,0,0.001066,True,0.001055,0.0
tree_000225.txt,4896,4895,0,0.008251,True,0.008237,0.0
tree_000227.txt,764,763,0,0.001253,True,0.001241,0.0
tree_000229.txt,2925,2924,0,0.004678,True,0.004666,0.0
tree_000231.txt,4217,4216,0,0.007178,True,0.007164,0.0
tree_000233.txt,651,650,0,0.001109,True,0.001098,0.0
tree_000235.txt,4817,4816,0,0.007526,True,0.007514,0.0
tree_000237.txt,4853,4852,0,0.007789,True,0.007776,0.0
tree_000239.txt,960,959,0,0.001541,True,0.00153,0.0
tree_000241.txt,643,642,0,0.001072,True,0.001062,0.0
tree_000243.txt,4542,4541,0,0.007241,True,0.00723,0.0
tree_000245.txt,4508,4507,0,0.007214,True,0.0072,0.0
tree_000247.txt,2433,2432,0,0.003979,True,0.003968,0.0
tree_000249.txt,873,872,0,0.001526,True,0.001516,0.0
tree_000251.txt,2610,2609,0,0.004395,True,0.004385,0.0
tree_000253.txt,1691,1690,0,0.002606,True,0.002596,0.0
tree_000255.txt,1619,1618,0,0.002573,True,0.002564,0.0
tree_000257.txt,643,642,0,0.001055,True,0.001047,0.0
tree_000259.txt,4837,4836,0,0.008341,True,0.008328,0.0
tree_000261.txt,1403,1402,0,0.002575,True,0.002564,0.0
tree_000263.txt,592,591,0,0.001073,True,0.001062,0.0
tree_000265.txt,379,378,0,0.000657,True,0.000647,0.0
tree_000267.txt,644,643,0,0.001116,True,0.001101,0.0
tree_000269.txt,2571,2570,0,0.004192,True,0.004182,0.0
tree_000271.txt,2893,2892,0,0.004438,True,0.004427,0.0
tree_000273.txt,3997,3996,0,0.006334,True,0.006321,0.0
tree_000275.txt,1737,1736,0,0.002755,True,0.002743,0.0
tree_000277.txt,4971,4970,0,0.007775,True,0.007763,0.0
tree_000279.txt,4178,4177,0,0.006622,True,0.006609,0.0
tree_000281.txt,2388,2387,0,0.003767,True,0.003755,0.0
tree_000283.txt,154,153,0,0.000294,True,0.000284,0.0
tree_000285.txt,2751,2750,0,0.004371,True,0.004358,0.0
tree_000287.txt,4137,4136,0,0.006839,True,0.006826,0.0
tree_000289.txt,3455,3454,0,0.005368,True,0.005356,0.0
tree_000291.txt,971,970,0,0.001561,True,0.001551,0.0
tree_000293.txt,938,937,0,0.001486,True,0.001476,0.0
tree_000295.txt,2072,2071,0,0.003569,True,0.003559,0.0
tree_000297.txt,3797,3796,0,0.006195,True,0.006184,0.0
tree_000299.txt,3094,3093,0,0.004926,True,0.004914,0.0
tree_000301.txt,4077,4076,0,0.006836,True,0.006823,0.0
tree_000303.txt,1158,1157,0,0.001949,True,0.001937,0.0
tree_000305.txt,1309,1308,0,0.002125,True,0.002113,0.0
tree_000307.txt,4432,4431,0,0.007329,True,0.007316,0.0
tree_000309.txt,112,111,0,0.000225,True,0.000213,0.0
tree_000311.txt,4360,4359,0,0.007016,True,0.007003,0.0
tree_000313.txt,1311,1310,0,0.002171,True,0.002159,0.0
tree_000315.txt,3929,3928,0,0.006105,True,0.006094,0.0
tree_000317.txt,2165,2164,0,0.003438,True,0.003425,0.0
tree_000319.txt,4056,4055,0,0.018363,True,0.018349,0.0
tree_000321.txt,743,742,0,0.001259,True,0.001248,0.0
tree_000323.txt,681,680,0,0.001159,True,0.001146,0.0
tree_000325.txt,2419,2418,0,0.003823,True,0.003811,0.0
tree_000327.txt,2494,2493,0,0.003875,True,0.003864,0.0
tree_000329.txt,4775,4774,0,0.007983,True,0.00797,0.0
tree_000331.txt,4618,4617,0,0.007417,True,0.007404,0.0
tree_000333.txt,4654,4653,0,0.007587,True,0.007574,0.0
tree_000335.txt,1659,1658,0,0.002574,True,0.002565,0.0
tree_000337.txt,1193,1192,0,0.001902,True,0.001891,0.0
tree_000339.txt,2342,2341,0,0.003734,True,0.003722,0.0
tree_000341.txt,2619,2618,0,0.004275,True,0.004263,0.0
tree_000343.txt,3690,3689,0,0.005847,True,0.005835,0.0
tree_000345.txt,2689,2688,0,0.004273,True,0.00426,0.0
tree_000347.txt,357,356,0,0.000613,True,0.000601,0.0
tree_000349.txt,2858,2857,0,0.004467,True,0.004456,0.0
tree_000351.txt,3827,3826,0,0.006207,True,0.006194,0.0
tree_000353.txt,1322,1321,0,0.002201,True,0.002188,0.0
tree_000355.txt,4042,4041,0,0.006747,True,0.006727,0.0
tree_000357.txt,3479,3478,0,0.005487,True,0.005474,0.0
tree_000359.txt,3922,3921,0,0.006221,True,0.006208,0.0
tree_000361.txt,4368,4367,0,0.006981,True,0.006968,0.0
tree_000363.txt,4353,4352,0,0.007345,True,0.007331,0.0
tree_000365.txt,2103,2102,0,0.003327,True,0.003314,0.0
tree_000367.txt,4872,4871,0,0.007742,True,0.007729,0.0
tree_000369.txt,3831,3830,0,0.00615,True,0.006137,0.0
tree_000371.txt,1686,1685,0,0.002734,True,0.00272,0.0
tree_000373.txt,3676,3675,0,0.005894,True,0.005881,0.0
tree_000375.txt,3748,3747,0,0.005968,True,0.005956,0.0
tree_000377.txt,3054,3053,0,0.016541,True,0.016528,0.0
tree_000379.txt,2441,2440,0,0.003935,True,0.003923,0.0
tree_000381.txt,4117,4116,0,0.006674,True,0.006661,0.0
tree_000383.txt,2910,2909,0,0.004363,True,0.00435,0.0
tree_000385.txt,3104,3103,0,0.004833,True,0.004821,0.0
tree_000387.txt,4520,4519,0,0.007072,True,0.00706,0.0
tree_000389.txt,593,592,0,0.001029,True,0.001018,0.0
tree_000391.txt,1351,1350,0,0.002142,True,0.002132,0.0
tree_000393.txt,3690,3689,0,0.005651,True,0.00564,0.0
tree_000395.txt,3309,3308,0,0.005046,True,0.005035,0.0
tree_000397.txt,357,356,0,0.000621,True,0.000599,0.0
tree_000399.txt,4356,4355,0,0.00698,True,0.006969,0.0
tree_000401.txt,4128,4127,0,0.006847,True,0.006835,0.0
tree_000403.txt,4235,4234,0,0.006779,True,0.006766,0.0
tree_000405.txt,1540,1539,0,0.002571,True,0.00256,0.0
tree_000407.txt,3858,3857,0,0.00613,True,0.006117,0.0
tree_000409.txt,2497,2496,0,0.003949,True,0.003926,0.0
tree_000411.txt,3643,3642,0,0.005702,True,0.00569,0.0
tree_000413.txt,3503,3502,0,0.00568,True,0.005668,0.0
tree_000415.txt,2704,2703,0,0.004162,True,0.00415,0.0
tree_000417.txt,1454,1453,0,0.002331,True,0.002321,0.0
tree_000419.txt,2571,2570,0,0.00411,True,0.004099,0.0
tree_000421.txt,2103,2102,0,0.003293,True,0.003282,0.0
tree_000423.txt,2576,2575,0,0.00406,True,0.004049,0.0
tree_000425.txt,4964,4963,0,0.007993,True,0.007982,0.0
tree_000427.txt,4665,4664,0,0.007434,True,0.007421,0.0
tree_000429.txt,162,161,0,0.000285,True,0.000274,0.0
tree_000431.txt,3308,3307,0,0.004952,True,0.004942,0.0
tree_000433.txt,406,405,0,0.000708,True,0.000699,0.0
tree_000435.txt,568,567,0,0.000936,True,0.000927,0.0
tree_000437.txt,1120,1119,0,0.001809,True,0.0018,0.0
tree_000439.txt,4308,4307,0,0.006904,True,0.006893,0.0
tree_000441.txt,4405,4404,0,0.009423,True,0.009408,0.0
tree_000443.txt,2587,2586,0,0.004021,True,0.004006,0.0
tree_000445.txt,1140,1139,0,0.001927,True,0.001916,0.0
tree_000447.txt,4272,4271,0,0.007348,True,0.007336,0.0
tree_000449.txt,215,214,0,0.000353,True,0.000344,0.0
tree_000451.txt,822,821,0,0.001311,True,0.001301,0.0
tree_000453.txt,1810,1809,0,0.002883,True,0.002873,0.0
tree_000455.txt,2334,2333,0,0.003665,True,0.003642,0.0
tree_000457.txt,1463,1462,0,0.002401,True,0.002392,0.0
tree_000459.txt,4321,4320,0,0.006942,True,0.006931,0.0
tree_000461.txt,2074,2073,0,0.00316,True,0.003149,0.0
tree_000463.txt,226,225,0,0.000364,True,0.000356,0.0
tree_000465.txt,3686,3685,0,0.005617,True,0.005607,0.0
tree_000467.txt,2739,2738,0,0.004218,True,0.004208,0.0
tree_000469.txt,4904,4903,0,0.008252,True,0.008237,0.0
tree_000471.txt,3204,3203,0,0.004936,True,0.004923,0.0
tree_000473.txt,523,522,0,0.000851,True,0.000839,0.0
tree_000475.txt,4704,4703,0,0.019634,True,0.019618,0.0
tree_000477.txt,1583,1582,0,0.002378,True,0.002364,0.0
tree_000479.txt,263,262,0,0.000436,True,0.000426,0.0
tree_000481.txt,2865,2864,0,0.004498,True,0.004486,0.0
tree_000483.txt,2192,2191,0,0.003536,True,0.003517,0.0
tree_000485.txt,3672,3671,0,0.006083,True,0.00607,0.0
tree_000487.txt,1326,1325,0,0.00215,True,0.002138,0.0
tree_000489.txt,1766,1765,0,0.002815,True,0.0028,0.0
tree_000491.txt,1261,1260,0,0.001978,True,0.001968,0.0
tree_000493.txt,4103,4102,0,0.006696,True,0.006683,0.0
tree_000495.txt,4830,4829,0,0.008735,True,0.00872,0.0
tree_000497.txt,4393,4392,0,0.007106,True,0.007094,0.0
tree_000499.txt,3441,3440,0,0.005266,True,0.005254,0.0
tree_000501.txt,3230,3229,0,0.004887,True,0.004876,0.0
tree_000503.txt,3953,3952,0,0.00621,True,0.006197,0.0
tree_000505.txt,4369,4368,0,0.018447,True,0.018433,0.0
tree_000507.txt,172,171,0,0.000254,True,0.000243,0.0
tree_000509.txt,2320,2319,0,0.003668,True,0.003658,0.0
tree_000511.txt,1686,1685,0,0.002583,True,0.002573,0.0
tree_000513.txt,2337,2336,0,0.003624,True,0.003613,0.0
tree_000515.txt,2902,2901,0,0.00473,True,0.00472,0.0
tree_000517.txt,650,649,0,0.000999,True,0.000989,0.0
tree_000519.txt,2789,2788,0,0.004317,True,0.004307,0.0
tree_000521.txt,2621,2620,0,0.004028,True,0.004018,0.0
tree_000523.txt,4387,4386,0,0.007546,True,0.007533,0.0
tree_000525.txt,1436,1435,0,0.002211,True,0.0022,0.0
tree_000527.txt,736,735,0,0.001229,True,0.001218,0.0
tree_000529.txt,2805,2804,0,0.004428,True,0.004416,0.0
tree_000531.txt,4676,4675,0,0.007461,True,0.007448,0.0
tree_000533.txt,206,205,0,0.000276,True,0.000267,0.0
tree_000535.txt,4009,4008,0,0.006072,True,0.006061,0.0
tree_000537.txt,1521,1520,0,0.00233,True,0.002321,0.0
tree_000539.txt,4117,4116,0,0.006442,True,0.006431,0.0
tree_000541.txt,3455,3454,0,0.016665,True,0.016652,0.0
tree_000543.txt,1597,1596,0,0.002434,True,0.002426,0.0
tree_000545.txt,2850,2849,0,0.00426,True,0.004252,0.0
tree_000547.txt,202,201,0,0.00028,True,0.000272,0.0
tree_000549.txt,4351,4350,0,0.006817,True,0.006807,0.0
tree_000551.txt,1122,1121,0,0.001789,True,0.001779,0.0
tree_000553.txt,498,497,0,0.000783,True,0.000774,0.0
tree_000555.txt,1867,1866,0,0.002929,True,0.002918,0.0
tree_000557.txt,4405,4404,0,0.007598,True,0.007586,0.0
tree_000559.txt,1871,1870,0,0.002978,True,0.002965,0.0
tree_000561.txt,4080,4079,0,0.00651,True,0.006498,0.0
tree_000563.txt,1773,1772,0,0.002808,True,0.002796,0.0
tree_000565.txt,3806,3805,0,0.006182,True,0.006168,0.0
tree_000567.txt,2601,2600,0,0.004112,True,0.004099,0.0
tree_000569.txt,4048,4047,0,0.006619,True,0.006604,0.0
tree_000571.txt,1465,1464,0,0.00226,True,0.002248,0.0
tree_000573.txt,1188,1187,0,0.001865,True,0.001855,0.0
tree_000575.txt,2512,2511,0,0.004043,True,0.004029,0.0
tree_000577.txt,3522,3521,0,0.005557,True,0.005543,0.0
tree_000579.txt,599,598,0,0.001043,True,0.001031,0.0
tree_000581.txt,4802,4801,0,0.008266,True,0.00825,0.0
tree_000583.txt,959,958,0,0.001617,True,0.001605,0.0
tree_000585.txt,4884,4883,0,0.008338,True,0.008322,0.0
tree_000587.txt,1635,1634,0,0.002598,True,0.002585,0.0
tree_000589.txt,756,755,0,0.001251,True,0.001239,0.0
tree_000591.txt,2482,2481,0,0.00422,True,0.004206,0.0
tree_000593.txt,4411,4410,0,0.007317,True,0.007303,0.0
tree_000595.txt,2726,2725,0,0.004261,True,0.004249,0.0
tree_000597.txt,3263,3262,0,0.005195,True,0.005182,0.0
tree_000599.txt,2381,2380,0,0.003804,True,0.003792,0.0
tree_000601.txt,903,902,0,0.001452,True,0.001442,0.0
tree_000603.txt,4580,4579,0,0.008135,True,0.008121,0.0
tree_000605.txt,1032,1031,0,0.001609,True,0.001599,0.0
tree_000607.txt,3951,3950,0,0.006288,True,0.006277,0.0
tree_000609.txt,3340,3339,0,0.005059,True,0.005049,0.0
tree_000611.txt,277,276,0,0.000408,True,0.0004,0.0
tree_000613.txt,4513,4512,0,0.008009,True,0.007998,0.0
tree_000615.txt,3462,3461,0,0.005536,True,0.005524,0.0
tree_000617.txt,514,513,0,0.000814,True,0.000804,0.0
tree_000619.txt,1086,1085,0,0.001668,True,0.001661,0.0
tree_000621.txt,3486,3485,0,0.005452,True,0.005444,0.0
tree_000623.txt,2308,2307,0,0.003544,True,0.003535,0.0
tree_000625.txt,568,567,0,0.000976,True,0.000967,0.0
tree_000627.txt,3973,3972,0,0.006153,True,0.006143,0.0
tree_000629.txt,2770,2769,0,0.004314,True,0.004304,0.0
tree_000631.txt,3242,3241,0,0.005046,True,0.005036,0.0
tree_000633.txt,1202,1201,0,0.001865,True,0.001856,0.0
tree_000635.txt,1215,1214,0,0.001904,True,0.001895,0.0
tree_000637.txt,3798,3797,0,0.005983,True,0.005974,0.0
tree_000639.txt,3269,3268,0,0.004988,True,0.004978,0.0
tree_000641.txt,289,288,0,0.000436,True,0.000428,0.0
tree_000643.txt,1595,1594,0,0.002454,True,0.002446,0.0
tree_000645.txt,2666,2665,0,0.004093,True,0.004085,0.0
tree_000647.txt,1958,1957,0,0.003098,True,0.003082,0.0
tree_000649.txt,2243,2242,0,0.003444,True,0.003435,0.0
tree_000651.txt,3421,3420,0,0.016871,True,0.016859,0.0
tree_000653.txt,1723,1722,0,0.002695,True,0.002685,0.0
tree_000655.txt,441,440,0,0.000695,True,0.000686,0.0
tree_000657.txt,114,113,0,0.000172,True,0.000164,0.0
tree_000659.txt,4887,4886,0,0.00796,True,0.007949,0.0
tree_000661.txt,1662,1661,0,0.002561,True,0.002552,0.0
tree_000663.txt,4713,4712,0,0.007824,True,0.007812,0.0
tree_000665.txt,2946,2945,0,0.004513,True,0.004503,0.0
tree_000667.txt,3873,3872,0,0.006082,True,0.006071,0.0
tree_000669.txt,4782,4781,0,0.007597,True,0.007585,0.0
tree_000671.txt,1578,1577,0,0.002432,True,0.002422,0.0
tree_000673.txt,3583,3582,0,0.005782,True,0.005772,0.0
tree_000675.txt,2634,2633,0,0.004358,True,0.004347,0.0
tree_000677.txt,442,441,0,0.000692,True,0.000683,0.0
tree_000679.txt,1552,1551,0,0.002391,True,0.002383,0.0
tree_000681.txt,4315,4314,0,0.006882,True,0.006872,0.0
tree_000683.txt,453,452,0,0.000709,True,0.000701,0.0
tree_000685.txt,3896,3895,0,0.01686,True,0.01685,0.0
tree_000687.txt,2408,2407,0,0.003906,True,0.003891,0.0
tree_000689.txt,256,255,0,0.000345,True,0.000338,0.0
tree_000691.txt,1646,1645,0,0.002642,True,0.002634,0.0
tree_000693.txt,747,746,0,0.001383,True,0.001375,0.0
tree_000695.txt,4159,4158,0,0.006579,True,0.00657,0.0
tree_000697.txt,3849,3848,0,0.005999,True,0.005988,0.0
tree_000699.txt,3162,3161,0,0.004913,True,0.004903,0.0
tree_000701.txt,3205,3204,0,0.004955,True,0.004945,0.0
tree_000703.txt,2062,2061,0,0.003223,True,0.003213,0.0
tree_000705.txt,4170,4169,0,0.007468,True,0.007434,0.0
tree_000707.txt,4754,4753,0,0.00742,True,0.007407,0.0
tree_000709.txt,2551,2550,0,0.004074,True,0.004062,0.0
tree_000711.txt,4878,4877,0,0.007936,True,0.007922,0.0
tree_000713.txt,1254,1253,0,0.012953,True,0.01294,0.0
tree_000715.txt,4018,4017,0,0.00641,True,0.006398,0.0
tree_000717.txt,1854,1853,0,0.002935,True,0.002924,0.0
tree_000719.txt,1608,1607,0,0.002567,True,0.002557,0.0
tree_000721.txt,3238,3237,0,0.005173,True,0.00516,0.0
tree_000723.txt,4949,4948,0,0.008473,True,0.008458,0.0
tree_000725.txt,566,565,0,0.000962,True,0.00095,0.0
tree_000727.txt,4317,4316,0,0.008788,True,0.008774,0.0
tree_000729.txt,496,495,0,0.001406,True,0.001393,0.0
tree_000731.txt,570,569,0,0.00105,True,0.001039,0.0
tree_000733.txt,246,245,0,0.00041,True,0.000399,0.0
tree_000735.txt,3736,3735,0,0.006415,True,0.006402,0.0
tree_000737.txt,563,562,0,0.000963,True,0.000953,0.0
tree_000739.txt,3014,3013,0,0.004719,True,0.004707,0.0
tree_000741.txt,1275,1274,0,0.002059,True,0.002045,0.0
tree_000743.txt,2364,2363,0,0.003736,True,0.003724,0.0
tree_000745.txt,4740,4739,0,0.007526,True,0.007513,0.0
tree_000747.txt,4287,4286,0,0.006872,True,0.006859,0.0
tree_000749.txt,2397,2396,0,0.003842,True,0.003829,0.0
tree_000751.txt,1783,1782,0,0.002841,True,0.002828,0.0
tree_000753.txt,3025,3024,0,0.004684,True,0.004674,0.0
tree_000755.txt,2506,2505,0,0.004045,True,0.004011,0.0
tree_000757.txt,4184,4183,0,0.006741,True,0.006729,0.0
tree_000759.txt,700,699,0,0.001353,True,0.001342,0.0
tree_000761.txt,1080,1079,0,0.001763,True,0.001753,0.0
tree_000763.txt,4386,4385,0,0.007101,True,0.007089,0.0
tree_000765.txt,571,570,0,0.000942,True,0.000931,0.0
tree_000767.txt,209,208,0,0.000347,True,0.000337,0.0
tree_000769.txt,2955,2954,0,0.004756,True,0.004739,0.0
tree_000771.txt,4540,4539,0,0.007607,True,0.007595,0.0
tree_000773.txt,3948,3947,0,0.006664,True,0.006651,0.0
tree_000775.txt,4554,4553,0,0.007265,True,0.007251,0.0
tree_000777.txt,4511,4510,0,0.007003,True,0.006975,0.0
tree_000779.txt,3144,3143,0,0.004887,True,0.004875,0.0
tree_000781.txt,3512,3511,0,0.005546,True,0.005533,0.0
tree_000783.txt,1977,1976,0,0.003106,True,0.003094,0.0
tree_000785.txt,3212,3211,0,0.007151,True,0.007118,0.0
tree_000787.txt,4442,4441,0,0.007294,True,0.00728,0.0
tree_000789.txt,408,407,0,0.000718,True,0.000705,0.0
tree_000791.txt,751,750,0,0.001252,True,0.001241,0.0
tree_000793.txt,4992,4991,0,0.007916,True,0.007902,0.0
tree_000795.txt,3991,3990,0,0.006483,True,0.00647,0.0
tree_000797.txt,2832,2831,0,0.00439,True,0.004377,0.0
tree_000799.txt,948,947,0,0.001589,True,0.001579,0.0
tree_000801.txt,3456,3455,0,0.005411,True,0.0054,0.0
tree_000803.txt,360,359,0,0.000641,True,0.000631,0.0
tree_000805.txt,4710,4709,0,0.007738,True,0.007708,0.0
tree_000807.txt,3300,3299,0,0.005225,True,0.005213,0.0
tree_000809.txt,4509,4508,0,0.019021,True,0.019006,0.0
tree_000811.txt,1816,1815,0,0.003007,True,0.002994,0.0
tree_000813.txt,2929,2928,0,0.004521,True,0.004509,0.0
tree_000815.txt,2063,2062,0,0.003292,True,0.003281,0.0
tree_000817.txt,316,315,0,0.000569,True,0.000559,0.0
tree_000819.txt,4713,4712,0,0.007856,True,0.007843,0.0
tree_000821.txt,4615,4614,0,0.007529,True,0.007513,0.0
tree_000823.txt,3556,3555,0,0.005869,True,0.005854,0.0
tree_000825.txt,4709,4708,0,0.007668,True,0.007655,0.0
tree_000827.txt,3271,3270,0,0.005366,True,0.005353,0.0
tree_000829.txt,3105,3104,0,0.005107,True,0.005094,0.0
tree_000831.txt,1582,1581,0,0.002617,True,0.002605,0.0
tree_000833.txt,803,802,0,0.001412,True,0.001401,0.0
tree_000835.txt,1295,1294,0,0.002084,True,0.002072,0.0
tree_000837.txt,2974,2973,0,0.00475,True,0.004737,0.0
tree_000839.txt,1108,1107,0,0.002705,True,0.002694,0.0
tree_000841.txt,2849,2848,0,0.00454,True,0.004528,0.0
tree_000843.txt,3504,3503,0,0.005493,True,0.005479,0.0
tree_000845.txt,2515,2514,0,0.004067,True,0.004055,0.0
tree_000847.txt,4077,4076,0,0.006548,True,0.006535,0.0
tree_000849.txt,4659,4658,0,0.00739,True,0.007377,0.0
tree_000851.txt,2969,2968,0,0.004651,True,0.004639,0.0
tree_000853.txt,1937,1936,0,0.003074,True,0.003063,0.0
tree_000855.txt,3933,3932,0,0.006254,True,0.00624,0.0
tree_000857.txt,2783,2782,0,0.004349,True,0.004332,0.0
tree_000859.txt,1879,1878,0,0.00304,True,0.003027,0.0
tree_000861.txt,4545,4544,0,0.007506,True,0.007492,0.0
tree_000863.txt,4098,4097,0,0.006662,True,0.006646,0.0
tree_000865.txt,537,536,0,0.000924,True,0.000912,0.0
tree_000867.txt,481,480,0,0.000879,True,0.000867,0.0
tree_000869.txt,4781,4780,0,0.008228,True,0.008213,0.0
tree_000871.txt,1316,1315,0,0.002172,True,0.002158,0.0
tree_000873.txt,4226,4225,0,0.00705,True,0.007037,0.0
tree_000875.txt,3160,3159,0,0.005168,True,0.005154,0.0
tree_000877.txt,4242,4241,0,0.006876,True,0.006864,0.0
tree_000879.txt,2144,2143,0,0.003435,True,0.003423,0.0
tree_000881.txt,958,957,0,0.001534,True,0.001523,0.0
tree_000883.txt,3485,3484,0,0.005418,True,0.005406,0.0
tree_000885.txt,3219,3218,0,0.005055,True,0.005042,0.0
tree_000887.txt,3906,3905,0,0.006214,True,0.006199,0.0
tree_000889.txt,3658,3657,0,0.005786,True,0.005772,0.0
tree_000891.txt,3331,3330,0,0.005341,True,0.005328,0.0
tree_000893.txt,220,219,0,0.000416,True,0.0004,0.0
tree_000895.txt,1091,1090,0,0.001756,True,0.001745,0.0
tree_000897.txt,1966,1965,0,0.003213,True,0.0032,0.0
tree_000899.txt,3125,3124,0,0.005314,True,0.005301,0.0
tree_000901.txt,704,703,0,0.00122,True,0.001209,0.0
tree_000903.txt,3176,3175,0,0.005186,True,0.005174,0.0
tree_000905.txt,2252,2251,0,0.003541,True,0.003529,0.0
tree_000907.txt,1185,1184,0,0.0019,True,0.001887,0.0
tree_000909.txt,4784,4783,0,0.00766,True,0.007645,0.0
tree_000911.txt,2340,2339,0,0.003664,True,0.00365,0.0
tree_000913.txt,1637,1636,0,0.002583,True,0.002571,0.0
tree_000915.txt,1064,1063,0,0.001754,True,0.001743,0.0
tree_000917.txt,3059,3058,0,0.004905,True,0.004893,0.0
tree_000919.txt,314,313,0,0.000554,True,0.000541,0.0
tree_000921.txt,3690,3689,0,0.005858,True,0.005844,0.0
tree_000923.txt,2948,2947,0,0.004989,True,0.004975,0.0
tree_000925.txt,2607,2606,0,0.004431,True,0.004419,0.0
tree_000927.txt,2100,2099,0,0.003348,True,0.003334,0.0
tree_000929.txt,3827,3826,0,0.006206,True,0.006193,0.0
tree_000931.txt,872,871,0,0.001386,True,0.001374,0.0
tree_000933.txt,4475,4474,0,0.007349,True,0.007334,0.0
tree_000935.txt,4143,4142,0,0.006765,True,0.00675,0.0
tree_000937.txt,4767,4766,0,0.020507,True,0.020491,0.0
tree_000939.txt,2808,2807,0,0.004424,True,0.00441,0.0
tree_000941.txt,455,454,0,0.000805,True,0.000793,0.0
tree_000943.txt,2701,2700,0,0.004207,True,0.004194,0.0
tree_000945.txt,3271,3270,0,0.005204,True,0.005191,0.0
tree_000947.txt,722,721,0,0.001198,True,0.001186,0.0
tree_000949.txt,126,125,0,0.000244,True,0.000234,0.0
tree_000951.txt,1234,1233,0,0.002015,True,0.002005,0.0
tree_000953.txt,3376,3375,0,0.005356,True,0.005344,0.0
tree_000955.txt,4481,4480,0,0.007189,True,0.007176,0.0
tree_000957.txt,3194,3193,0,0.00553,True,0.005518,0.0
tree_000959.txt,2519,2518,0,0.003946,True,0.003933,0.0
tree_000961.txt,1618,1617,0,0.002583,True,0.002571,0.0
tree_000963.txt,4592,4591,0,0.007137,True,0.007124,0.0
tree_000965.txt,3644,3643,0,0.005752,True,0.00574,0.0
tree_000967.txt,1806,1805,0,0.002797,True,0.002786,0.0
tree_000969.txt,4930,4929,0,0.007697,True,0.007686,0.0
tree_000971.txt,3738,3737,0,0.005771,True,0.00576,0.0
tree_000973.txt,910,909,0,0.001461,True,0.001451,0.0
tree_000975.txt,198,197,0,0.000317,True,0.000308,0.0
tree_000977.txt,153,152,0,0.000259,True,0.00025,0.0
tree_000979.txt,2565,2564,0,0.003917,True,0.003908,0.0
tree_000981.txt,1124,1123,0,0.00178,True,0.001772,0.0
tree_000983.txt,1624,1623,0,0.00252,True,0.00251,0.0
tree_000985.txt,4422,4421,0,0.006921,True,0.00691,0.0
tree_000987.txt,2369,2368,0,0.003715,True,0.003703,0.0
tree_000989.txt,497,496,0,0.000818,True,0.000808,0.0
tree_000991.txt,4695,4694,0,0.007996,True,0.007984,0.0
tree_000993.txt,2860,2859,0,0.004618,True,0.004607,0.0
tree_000995.txt,1841,1840,0,0.002827,True,0.002816,0.0
tree_000997.txt,3526,3525,0,0.005425,True,0.005413,0.0
tree_000999.txt,4361,4360,0,0.007507,True,0.007496,0.0
tree_001001.txt,3218,3217,0,0.00507,True,0.005058,0.0
tree_001003.txt,4127,4126,0,0.006319,True,0.006308,0.0
tree_001005.txt,4835,4834,0,0.00782,True,0.007807,0.0
tree_001007.txt,2932,2931,0,0.004735,True,0.004721,0.0
tree_001009.txt,2165,2164,0,0.003649,True,0.003633,0.0
tree_001011.txt,2254,2253,0,0.003635,True,0.003621,0.0
tree_001013.txt,1048,1047,0,0.001816,True,0.001803,0.0
tree_001015.txt,2788,2787,0,0.004454,True,0.004441,0.0
tree_001017.txt,3830,3829,0,0.006106,True,0.006094,0.0
tree_001019.txt,2457,2456,0,0.003957,True,0.003946,0.0
tree_001021.txt,229,228,0,0.000365,True,0.000355,0.0
tree_001023.txt,1399,1398,0,0.00231,True,0.0023,0.0
tree_001025.txt,496,495,0,0.000886,True,0.000876,0.0
tree_001027.txt,3447,3446,0,0.005493,True,0.005482,0.0
tree_001029.txt,4672,4671,0,0.007285,True,0.007273,0.0
tree_001031.txt,2097,2096,0,0.003313,True,0.003302,0.0
tree_001033.txt,4842,4841,0,0.007632,True,0.007619,0.0
tree_001035.txt,4332,4331,0,0.006839,True,0.006827,0.0
tree_001037.txt,4604,4603,0,0.00741,True,0.007397,0.0
tree_001039.txt,4847,4846,0,0.007488,True,0.007476,0.0
tree_001041.txt,482,481,0,0.00082,True,0.00081,0.0
tree_001043.txt,3458,3457,0,0.005195,True,0.005185,0.0
tree_001045.txt,1209,1208,0,0.001908,True,0.001898,0.0
tree_001047.txt,708,707,0,0.001122,True,0.001114,0.0
tree_001049.txt,1601,1600,0,0.002492,True,0.002484,0.0
tree_001051.txt,2195,2194,0,0.003533,True,0.003524,0.0
tree_001053.txt,1383,1382,0,0.002051,True,0.002042,0.0
tree_001055.txt,3859,3858,0,0.00642,True,0.006409,0.0
tree_001057.txt,3747,3746,0,0.0057,True,0.005686,0.0
tree_001059.txt,3546,3545,0,0.005454,True,0.005442,0.0
tree_001061.txt,976,975,0,0.001589,True,0.001578,0.0
tree_001063.txt,1402,1401,0,0.002911,True,0.002901,0.0
tree_001065.txt,2180,2179,0,0.003658,True,0.003648,0.0
tree_001067.txt,1274,1273,0,0.001876,True,0.001867,0.0
tree_001069.txt,4199,4198,0,0.006903,True,0.006893,0.0
tree_001071.txt,3855,3854,0,0.006304,True,0.006292,0.0
tree_001073.txt,2055,2054,0,0.003252,True,0.003243,0.0
tree_001075.txt,1394,1393,0,0.002397,True,0.002388,0.0
tree_001077.txt,513,512,0,0.000761,True,0.000753,0.0
tree_001079.txt,3940,3939,0,0.006375,True,0.006365,0.0
tree_001081.txt,2291,2290,0,0.003759,True,0.003748,0.0
tree_001083.txt,646,645,0,0.001037,True,0.001028,0.0
tree_001085.txt,3962,3961,0,0.006548,True,0.006537,0.0
tree_001087.txt,2232,2231,0,0.004383,True,0.004371,0.0
tree_001089.txt,2374,2373,0,0.003939,True,0.003926,0.0
tree_001091.txt,1471,1470,0,0.00329,True,0.003279,0.0
tree_001093.txt,4493,4492,0,0.007267,True,0.007255,0.0
tree_001095.txt,558,557,0,0.000913,True,0.000905,0.0
tree_001097.txt,3197,3196,0,0.00492,True,0.004911,0.0
tree_001099.txt,245,244,0,0.000331,True,0.000323,0.0
tree_001101.txt,2290,2289,0,0.003628,True,0.003619,0.0
tree_001103.txt,4418,4417,0,0.007228,True,0.007219,0.0
tree_001105.txt,3434,3433,0,0.005425,True,0.005415,0.0
tree_001107.txt,350,349,0,0.000543,True,0.000535,0.0
tree_001109.txt,117,116,0,0.000172,True,0.000164,0.0
tree_001111.txt,2081,2080,0,0.003209,True,0.0032,0.0
tree_001113.txt,3341,3340,0,0.005218,True,0.005207,0.0
tree_001115.txt,3559,3558,0,0.007016,True,0.007006,0.0
tree_001117.txt,4286,4285,0,0.007521,True,0.007508,0.0
tree_001119.txt,389,388,0,0.000892,True,0.000878,0.0
tree_001121.txt,3876,3875,0,0.00774,True,0.00771,0.0
tree_001123.txt,165,164,0,0.00067,True,0.000656,0.0
tree_001125.txt,1431,1430,0,0.003251,True,0.003237,0.0
tree_001127.txt,4314,4313,0,0.008201,True,0.008186,0.0
tree_001129.txt,151,150,0,0.000233,True,0.000223,0.0
tree_001131.txt,3866,3865,0,0.006451,True,0.006438,0.0
tree_001133.txt,4990,4989,0,0.007786,True,0.007773,0.0
tree_001135.txt,3329,3328,0,0.005188,True,0.005176,0.0
tree_001137.txt,4034,4033,0,0.006184,True,0.006171,0.0
tree_001139.txt,4512,4511,0,0.019619,True,0.019595,0.0
tree_001141.txt,1139,1138,0,0.002355,True,0.002343,0.0
tree_001143.txt,1373,1372,0,0.002179,True,0.00217,0.0
tree_001145.txt,3954,3953,0,0.006868,True,0.006856,0.0
tree_001147.txt,4570,4569,0,0.007228,True,0.007214,0.0
tree_001149.txt,3701,3700,0,0.005838,True,0.005827,0.0
tree_001151.txt,2400,2399,0,0.003904,True,0.003893,0.0
tree_001153.txt,4571,4570,0,0.007465,True,0.007452,0.0
tree_001155.txt,1278,1277,0,0.001963,True,0.001952,0.0
tree_001157.txt,3148,3147,0,0.004978,True,0.004967,0.0
tree_001159.txt,2834,2833,0,0.004447,True,0.004436,0.0
tree_001161.txt,3619,3618,0,0.006078,True,0.006067,0.0
tree_001163.txt,3436,3435,0,0.005295,True,0.005284,0.0
tree_001165.txt,2381,2380,0,0.003805,True,0.003793,0.0
tree_001167.txt,3668,3667,0,0.006272,True,0.006261,0.0
tree_001169.txt,1469,1468,0,0.002283,True,0.002272,0.0
tree_001171.txt,184,183,0,0.000255,True,0.000247,0.0
tree_001173.txt,3727,3726,0,0.00589,True,0.005881,0.0
tree_001175.txt,3653,3652,0,0.005855,True,0.005844,0.0
tree_001177.txt,2575,2574,0,0.004099,True,0.00408,0.0
tree_001179.txt,4379,4378,0,0.006846,True,0.006835,0.0
tree_001181.txt,2037,2036,0,0.003559,True,0.003549,0.0
tree_001183.txt,717,716,0,0.001198,True,0.001189,0.0
tree_001185.txt,1156,1155,0,0.001908,True,0.001899,0.0
tree_001187.txt,3234,3233,0,0.005263,True,0.005252,0.0
tree_001189.txt,1720,1719,0,0.002863,True,0.002853,0.0
tree_001191.txt,3672,3671,0,0.0058,True,0.005789,0.0
tree_001193.txt,4530,4529,0,0.00735,True,0.007338,0.0
tree_001195.txt,2570,2569,0,0.004326,True,0.004315,0.0
tree_001197.txt,2732,2731,0,0.004241,True,0.004202,0.0
tree_001199.txt,646,645,0,0.000973,True,0.000963,0.0
tree_001201.txt,827,826,0,0.001333,True,0.001324,0.0
tree_001203.txt,3204,3203,0,0.005182,True,0.005172,0.0
tree_001205.txt,3886,3885,0,0.018218,True,0.018204,0.0
tree_001207.txt,4260,4259,0,0.006681,True,0.006667,0.0
tree_001209.txt,2226,2225,0,0.003516,True,0.003504,0.0
tree_001211.txt,3612,3611,0,0.005885,True,0.005874,0.0
tree_001213.txt,226,225,0,0.000307,True,0.000298,0.0
tree_001215.txt,860,859,0,0.001695,True,0.001685,0.0
tree_001217.txt,4219,4218,0,0.006886,True,0.006875,0.0
tree_001219.txt,1689,1688,0,0.003345,True,0.003329,0.0
tree_001221.txt,1221,1220,0,0.001901,True,0.001891,0.0
tree_001223.txt,2920,2919,0,0.005856,True,0.005844,0.0
tree_001225.txt,3633,3632,0,0.006188,True,0.006177,0.0
tree_001227.txt,2073,2072,0,0.003285,True,0.003275,0.0
tree_001229.txt,1239,1238,0,0.002005,True,0.001995,0.0
tree_001231.txt,2524,2523,0,0.003976,True,0.003967,0.0
tree_001233.txt,1020,1019,0,0.001698,True,0.001688,0.0
tree_001235.txt,3524,3523,0,0.005682,True,0.005663,0.0
tree_001237.txt,866,865,0,0.001421,True,0.001411,0.0
tree_001239.txt,484,483,0,0.000747,True,0.000738,0.0
tree_001241.txt,4589,4588,0,0.007424,True,0.007412,0.0
tree_001243.txt,1891,1890,0,0.014422,True,0.014409,0.0
tree_001245.txt,3083,3082,0,0.004948,True,0.004937,0.0
tree_001247.txt,453,452,0,0.000733,True,0.000684,0.0
tree_001249.txt,4716,4715,0,0.007741,True,0.007731,0.0
tree_001251.txt,2945,2944,0,0.004647,True,0.004636,0.0
tree_001253.txt,1892,1891,0,0.003458,True,0.003446,0.0
tree_001255.txt,4673,4672,0,0.007966,True,0.007954,0.0
tree_001257.txt,797,796,0,0.001377,True,0.001365,0.0
tree_001259.txt,3089,3088,0,0.005043,True,0.005032,0.0
tree_001261.txt,1402,1401,0,0.002213,True,0.002202,0.0
tree_001263.txt,4488,4487,0,0.007232,True,0.00722,0.0
tree_001265.txt,4311,4310,0,0.006832,True,0.00682,0.0
tree_001267.txt,1801,1800,0,0.002886,True,0.002875,0.0
tree_001269.txt,3741,3740,0,0.006155,True,0.006144,0.0
tree_001271.txt,1306,1305,0,0.00194,True,0.00193,0.0
tree_001273.txt,4983,4982,0,0.00884,True,0.008826,0.0
tree_001275.txt,1295,1294,0,0.002096,True,0.002086,0.0
tree_001277.txt,1764,1763,0,0.002894,True,0.002883,0.0
tree_001279.txt,433,432,0,0.000657,True,0.000648,0.0
tree_001281.txt,4150,4149,0,0.007675,True,0.007663,0.0
tree_001283.txt,4013,4012,0,0.006737,True,0.006724,0.0
tree_001285.txt,3983,3982,0,0.00656,True,0.006545,0.0
tree_001287.txt,1165,1164,0,0.001851,True,0.001842,0.0
tree_001289.txt,2203,2202,0,0.003466,True,0.003455,0.0
tree_001291.txt,1178,1177,0,0.001827,True,0.001816,0.0
tree_001293.txt,4812,4811,0,0.007954,True,0.007941,0.0
tree_001295.txt,125,124,0,0.000195,True,0.000186,0.0
tree_001297.txt,2750,2749,0,0.004437,True,0.004426,0.0
tree_001299.txt,1083,1082,0,0.001621,True,0.001611,0.0
tree_001301.txt,1692,1691,0,0.002746,True,0.002732,0.0
tree_001303.txt,3631,3630,0,0.006001,True,0.005989,0.0
tree_001305.txt,640,639,0,0.00096,True,0.00095,0.0
tree_001307.txt,1537,1536,0,0.002508,True,0.002498,0.0
tree_001309.txt,3529,3528,0,0.005451,True,0.005441,0.0
tree_001311.txt,2933,2932,0,0.004544,True,0.004534,0.0
tree_001313.txt,286,285,0,0.000444,True,0.000435,0.0
tree_001315.txt,1329,1328,0,0.013409,True,0.013398,0.0
tree_001317.txt,2375,2374,0,0.003639,True,0.003628,0.0
tree_001319.txt,443,442,0,0.000671,True,0.000663,0.0
tree_001321.txt,2893,2892,0,0.004392,True,0.004382,0.0
tree_001323.txt,834,833,0,0.001358,True,0.001349,0.0
tree_001325.txt,852,851,0,0.001402,True,0.001394,0.0
tree_001327.txt,2965,2964,0,0.004596,True,0.004586,0.0
tree_001329.txt,2472,2471,0,0.003845,True,0.003835,0.0
tree_001331.txt,4961,4960,0,0.008048,True,0.008036,0.0
tree_001333.txt,3571,3570,0,0.005667,True,0.005649,0.0
tree_001335.txt,4478,4477,0,0.007147,True,0.007134,0.0
tree_001337.txt,1765,1764,0,0.002639,True,0.002627,0.0
tree_001339.txt,437,436,0,0.000657,True,0.000649,0.0
tree_001341.txt,4534,4533,0,0.007968,True,0.007956,0.0
tree_001343.txt,1264,1263,0,0.001921,True,0.001911,0.0
tree_001345.txt,2717,2716,0,0.004033,True,0.004023,0.0
tree_001347.txt,3942,3941,0,0.006264,True,0.006255,0.0
tree_001349.txt,1778,1777,0,0.002582,True,0.002573,0.0
tree_001351.txt,4767,4766,0,0.018969,True,0.018956,0.0
tree_001353.txt,1034,1033,0,0.001834,True,0.001823,0.0
tree_001355.txt,4064,4063,0,0.006169,True,0.006159,0.0
tree_001357.txt,2894,2893,0,0.004404,True,0.004392,0.0
tree_001359.txt,226,225,0,0.0003,True,0.000291,0.0
tree_001361.txt,2864,2863,0,0.004294,True,0.004285,0.0
tree_001363.txt,3775,3774,0,0.006114,True,0.006104,0.0
tree_001365.txt,180,179,0,0.000256,True,0.000247,0.0
tree_001367.txt,988,987,0,0.00156,True,0.001551,0.0
tree_001369.txt,1449,1448,0,0.00408,True,0.004069,0.0
tree_001371.txt,4280,4279,0,0.007516,True,0.0075,0.0
tree_001373.txt,3330,3329,0,0.005285,True,0.005271,0.0
tree_001375.txt,629,628,0,0.001041,True,0.001029,0.0
tree_001377.txt,876,875,0,0.001464,True,0.001452,0.0
tree_001379.txt,3198,3197,0,0.00523,True,0.005217,0.0
tree_001381.txt,403,402,0,0.000693,True,0.000679,0.0
tree_001383.txt,1201,1200,0,0.001966,True,0.001955,0.0
tree_001385.txt,1154,1153,0,0.001973,True,0.00196,0.0
tree_001387.txt,3744,3743,0,0.006285,True,0.006265,0.0
tree_001389.txt,2814,2813,0,0.00441,True,0.004395,0.0
tree_001391.txt,1069,1068,0,0.002046,True,0.002033,0.0
tree_001393.txt,505,504,0,0.000887,True,0.000875,0.0
tree_001395.txt,4745,4744,0,0.019752,True,0.019737,0.0
tree_001397.txt,1950,1949,0,0.00358,True,0.003564,0.0
tree_001399.txt,961,960,0,0.001595,True,0.001577,0.0
tree_001401.txt,1879,1878,0,0.004992,True,0.004979,0.0
tree_001403.txt,3633,3632,0,0.005492,True,0.005481,0.0
tree_001405.txt,697,696,0,0.001138,True,0.00113,0.0
tree_001407.txt,4984,4983,0,0.009124,True,0.009113,0.0
tree_001409.txt,4023,4022,0,0.006246,True,0.006235,0.0
tree_001411.txt,4682,4681,0,0.007493,True,0.007482,0.0
tree_001413.txt,1658,1657,0,0.002567,True,0.002558,0.0
tree_001415.txt,3027,3026,0,0.005224,True,0.005214,0.0
tree_001417.txt,4211,4210,0,0.006452,True,0.006441,0.0
tree_001419.txt,3445,3444,0,0.005227,True,0.005217,0.0
tree_001421.txt,3702,3701,0,0.005632,True,0.005624,0.0
tree_001423.txt,604,603,0,0.001204,True,0.001194,0.0
tree_001425.txt,587,586,0,0.000918,True,0.00091,0.0
tree_001427.txt,377,376,0,0.000578,True,0.00057,0.0
tree_001429.txt,2059,2058,0,0.00324,True,0.003232,0.0
tree_001431.txt,2823,2822,0,0.004489,True,0.004481,0.0
tree_001433.txt,439,438,0,0.000648,True,0.000641,0.0
tree_001435.txt,2447,2446,0,0.003837,True,0.003829,0.0
tree_001437.txt,3890,3889,0,0.006101,True,0.00609,0.0
tree_001439.txt,3275,3274,0,0.004963,True,0.004954,0.0
tree_001441.txt,3249,3248,0,0.004809,True,0.004799,0.0
tree_001443.txt,3213,3212,0,0.004874,True,0.004864,0.0
tree_001445.txt,3810,3809,0,0.00603,True,0.00602,0.0
tree_001447.txt,3652,3651,0,0.005849,True,0.005838,0.0
tree_001449.txt,3712,3711,0,0.005728,True,0.005717,0.0
tree_001451.txt,2849,2848,0,0.00463,True,0.004619,0.0
tree_001453.txt,4956,4955,0,0.007912,True,0.007901,0.0
tree_001455.txt,4348,4347,0,0.006861,True,0.00685,0.0
tree_001457.txt,4649,4648,0,0.007071,True,0.00706,0.0
tree_001459.txt,1278,1277,0,0.001943,True,0.001933,0.0
tree_001461.txt,4693,4692,0,0.007256,True,0.007245,0.0
tree_001463.txt,4797,4796,0,0.007426,True,0.007414,0.0
tree_001465.txt,4818,4817,0,0.007592,True,0.00758,0.0
tree_001467.txt,3028,3027,0,0.00456,True,0.004549,0.0
tree_001469.txt,1901,1900,0,0.002942,True,0.002932,0.0
tree_001471.txt,1336,1335,0,0.001973,True,0.001963,0.0
tree_001473.txt,2870,2869,0,0.004446,True,0.004437,0.0
tree_001475.txt,2573,2572,0,0.005252,True,0.005241,0.0
tree_001477.txt,123,122,0,0.000178,True,0.000168,0.0
tree_001479.txt,3327,3326,0,0.005127,True,0.005116,0.0
tree_001481.txt,1276,1275,0,0.00199,True,0.001979,0.0
tree_001483.txt,707,706,0,0.00111,True,0.001101,0.0
tree_001485.txt,1022,1021,0,0.001599,True,0.001586,0.0
tree_001487.txt,3994,3993,0,0.018769,True,0.018758,0.0
tree_001489.txt,713,712,0,0.001127,True,0.001117,0.0
tree_001491.txt,1452,1451,0,0.002318,True,0.002308,0.0
tree_001493.txt,3219,3218,0,0.004967,True,0.004957,0.0
tree_001495.txt,148,147,0,0.00021,True,0.000201,0.0
tree_001497.txt,4672,4671,0,0.00708,True,0.00707,0.0
tree_001499.txt,1386,1385,0,0.002149,True,0.002139,0.0
tree_001501.txt,2835,2834,0,0.004271,True,0.004263,0.0
tree_001503.txt,3065,3064,0,0.00465,True,0.004639,0.0
tree_001505.txt,1304,1303,0,0.00222,True,0.00221,0.0
tree_001507.txt,1644,1643,0,0.002835,True,0.002825,0.0
tree_001509.txt,4452,4451,0,0.007125,True,0.007115,0.0
tree_001511.txt,1229,1228,0,0.00187,True,0.001861,0.0
tree_001513.txt,544,543,0,0.000822,True,0.000813,0.0
tree_001515.txt,3845,3844,0,0.005971,True,0.00596,0.0
tree_001517.txt,2318,2317,0,0.00361,True,0.0036,0.0
tree_001519.txt,2375,2374,0,0.003532,True,0.003524,0.0
tree_001521.txt,4117,4116,0,0.006406,True,0.006396,0.0
tree_001523.txt,734,733,0,0.001214,True,0.001204,0.0
tree_001525.txt,4326,4325,0,0.006922,True,0.00691,0.0
tree_001527.txt,978,977,0,0.001464,True,0.001454,0.0
tree_001529.txt,1662,1661,0,0.0025,True,0.002491,0.0
tree_001531.txt,3112,3111,0,0.005463,True,0.00545,0.0
tree_001533.txt,4445,4444,0,0.007745,True,0.007733,0.0
tree_001535.txt,1197,1196,0,0.00202,True,0.002011,0.0
tree_001537.txt,4937,4936,0,0.00771,True,0.007698,0.0
tree_001539.txt,2609,2608,0,0.004096,True,0.004084,0.0
tree_001541.txt,192,191,0,0.000269,True,0.00026,0.0
tree_001543.txt,1229,1228,0,0.001921,True,0.001912,0.0
tree_001545.txt,2945,2944,0,0.004568,True,0.004558,0.0
tree_001547.txt,4615,4614,0,0.007071,True,0.00706,0.0
tree_001549.txt,3571,3570,0,0.005745,True,0.005733,0.0
tree_001551.txt,1015,1014,0,0.00154,True,0.001531,0.0
tree_001553.txt,2831,2830,0,0.004391,True,0.004381,0.0
tree_001555.txt,2661,2660,0,0.004185,True,0.004176,0.0
tree_001557.txt,1799,1798,0,0.002895,True,0.002885,0.0
tree_001559.txt,4981,4980,0,0.008391,True,0.008379,0.0
tree_001561.txt,1042,1041,0,0.001843,True,0.001831,0.0
tree_001563.txt,4855,4854,0,0.00773,True,0.007719,0.0
tree_001565.txt,4789,4788,0,0.007842,True,0.007831,0.0
tree_001567.txt,1006,1005,0,0.001603,True,0.001593,0.0
tree_001569.txt,4648,4647,0,0.007495,True,0.007483,0.0
tree_001571.txt,2227,2226,0,0.003622,True,0.003611,0.0
tree_001573.txt,2174,2173,0,0.003526,True,0.003516,0.0
tree_001575.txt,4057,4056,0,0.00675,True,0.006739,0.0
tree_001577.txt,4008,4007,0,0.006444,True,0.006432,0.0
tree_001579.txt,4517,4516,0,0.007548,True,0.007537,0.0
tree_001581.txt,3526,3525,0,0.005546,True,0.005536,0.0
tree_001583.txt,4584,4583,0,0.019902,True,0.019889,0.0
tree_001585.txt,1319,1318,0,0.002325,True,0.002315,0.0
tree_001587.txt,4608,4607,0,0.007077,True,0.007066,0.0
tree_001589.txt,816,815,0,0.001288,True,0.001279,0.0
tree_001591.txt,3228,3227,0,0.005041,True,0.005031,0.0
tree_001593.txt,1522,1521,0,0.002263,True,0.002253,0.0
tree_001595.txt,3600,3599,0,0.005561,True,0.005551,0.0
tree_001597.txt,1548,1547,0,0.002337,True,0.002327,0.0
tree_001599.txt,2332,2331,0,0.003579,True,0.003569,0.0
tree_001601.txt,1468,1467,0,0.002234,True,0.002224,0.0
tree_001603.txt,534,533,0,0.000806,True,0.000797,0.0
tree_001605.txt,1995,1994,0,0.003151,True,0.003142,0.0
tree_001607.txt,1769,1768,0,0.002779,True,0.002769,0.0
tree_001609.txt,3465,3464,0,0.005683,True,0.005672,0.0
tree_001611.txt,3636,3635,0,0.005652,True,0.005641,0.0
tree_001613.txt,349,348,0,0.000523,True,0.000513,0.0
tree_001615.txt,4903,4902,0,0.008701,True,0.00869,0.0
tree_001617.txt,3338,3337,0,0.005447,True,0.005435,0.0
tree_001619.txt,4222,4221,0,0.006649,True,0.006638,0.0
tree_001621.txt,2803,2802,0,0.004285,True,0.004274,0.0
tree_001623.txt,1902,1901,0,0.002902,True,0.002892,0.0
tree_001625.txt,2250,2249,0,0.003219,True,0.003209,0.0
tree_001627.txt,1965,1964,0,0.002918,True,0.002909,0.0
tree_001629.txt,4781,4780,0,0.007504,True,0.007493,0.0
tree_001631.txt,3298,3297,0,0.005059,True,0.00505,0.0
tree_001633.txt,1468,1467,0,0.002184,True,0.002175,0.0
tree_001635.txt,1033,1032,0,0.001489,True,0.00148,0.0
tree_001637.txt,2590,2589,0,0.004005,True,0.003997,0.0
tree_001639.txt,4891,4890,0,0.008208,True,0.008197,0.0
tree_001641.txt,2183,2182,0,0.003253,True,0.003245,0.0
tree_001643.txt,1154,1153,0,0.001905,True,0.001895,0.0
tree_001645.txt,3012,3011,0,0.004524,True,0.004515,0.0
tree_001647.txt,1307,1306,0,0.001939,True,0.001932,0.0
tree_001649.txt,3865,3864,0,0.006295,True,0.006285,0.0
tree_001651.txt,3207,3206,0,0.004847,True,0.004835,0.0
tree_001653.txt,3302,3301,0,0.005249,True,0.005238,0.0
tree_001655.txt,1881,1880,0,0.003656,True,0.003644,0.0
tree_001657.txt,685,684,0,0.001044,True,0.001034,0.0
tree_001659.txt,122,121,0,0.000172,True,0.000164,0.0
tree_001661.txt,1301,1300,0,0.001956,True,0.001947,0.0
tree_001663.txt,4858,4857,0,0.007918,True,0.007909,0.0
tree_001665.txt,576,575,0,0.000849,True,0.000842,0.0
tree_001667.txt,2207,2206,0,0.003374,True,0.003365,0.0
tree_001669.txt,1602,1601,0,0.002337,True,0.002328,0.0
tree_001671.txt,4527,4526,0,0.007401,True,0.007392,0.0
tree_001673.txt,238,237,0,0.000455,True,0.000446,0.0
tree_001675.txt,1332,1331,0,0.002102,True,0.002091,0.0
tree_001677.txt,441,440,0,0.00065,True,0.000643,0.0
tree_001679.txt,1578,1577,0,0.002338,True,0.00233,0.0
tree_001681.txt,1957,1956,0,0.00297,True,0.002962,0.0
tree_001683.txt,2817,2816,0,0.004076,True,0.004068,0.0
tree_001685.txt,2270,2269,0,0.00348,True,0.003471,0.0
tree_001687.txt,4446,4445,0,0.006996,True,0.006987,0.0
tree_001689.txt,898,897,0,0.001367,True,0.001356,0.0
tree_001691.txt,2738,2737,0,0.004062,True,0.004052,0.0
tree_001693.txt,1627,1626,0,0.002417,True,0.002407,0.0
tree_001695.txt,859,858,0,0.001343,True,0.001335,0.0
tree_001697.txt,208,207,0,0.000275,True,0.000268,0.0
tree_001699.txt,2460,2459,0,0.003881,True,0.003872,0.0
tree_001701.txt,3740,3739,0,0.005926,True,0.005916,0.0
tree_001703.txt,3181,3180,0,0.004765,True,0.004755,0.0
tree_001705.txt,3522,3521,0,0.005525,True,0.005514,0.0
tree_001707.txt,4704,4703,0,0.007336,True,0.007325,0.0
tree_001709.txt,1691,1690,0,0.002553,True,0.002543,0.0
tree_001711.txt,2943,2942,0,0.004602,True,0.004593,0.0
tree_001713.txt,3076,3075,0,0.004521,True,0.004512,0.0
tree_001715.txt,1725,1724,0,0.002533,True,0.002524,0.0
tree_001717.txt,3025,3024,0,0.004428,True,0.00442,0.0
tree_001719.txt,3968,3967,0,0.006226,True,0.006215,0.0
tree_001721.txt,4427,4426,0,0.007312,True,0.007298,0.0
tree_001723.txt,784,783,0,0.001202,True,0.001191,0.0
tree_001725.txt,3748,3747,0,0.005638,True,0.005628,0.0
tree_001727.txt,1403,1402,0,0.002134,True,0.002124,0.0
tree_001729.txt,3550,3549,0,0.005476,True,0.005464,0.0
tree_001731.txt,571,570,0,0.001103,True,0.001093,0.0
tree_001733.txt,1019,1018,0,0.001593,True,0.001583,0.0
tree_001735.txt,4181,4180,0,0.006804,True,0.006794,0.0
tree_001737.txt,4660,4659,0,0.007258,True,0.007245,0.0
tree_001739.txt,2902,2901,0,0.004359,True,0.004349,0.0
tree_001741.txt,1761,1760,0,0.002692,True,0.002665,0.0
tree_001743.txt,1599,1598,0,0.002374,True,0.002367,0.0
tree_001745.txt,1628,1627,0,0.002485,True,0.002477,0.0
tree_001747.txt,3575,3574,0,0.005401,True,0.005391,0.0
tree_001749.txt,1451,1450,0,0.002244,True,0.002177,0.0
tree_001751.txt,327,326,0,0.000477,True,0.000468,0.0
tree_001753.txt,2674,2673,0,0.004078,True,0.004069,0.0
tree_001755.txt,2475,2474,0,0.003809,True,0.0038,0.0
tree_001757.txt,2285,2284,0,0.003358,True,0.003349,0.0
tree_001759.txt,3417,3416,0,0.00522,True,0.005212,0.0
tree_001761.txt,2959,2958,0,0.004718,True,0.004708,0.0
tree_001763.txt,4500,4499,0,0.007319,True,0.007311,0.0
tree_001765.txt,1976,1975,0,0.002887,True,0.002878,0.0
tree_001767.txt,2990,2989,0,0.015542,True,0.01553,0.0
tree_001769.txt,4230,4229,0,0.006586,True,0.006576,0.0
tree_001771.txt,3862,3861,0,0.005572,True,0.005562,0.0
tree_001773.txt,4730,4729,0,0.0072,True,0.007188,0.0
tree_001775.txt,3241,3240,0,0.004835,True,0.004826,0.0
tree_001777.txt,3568,3567,0,0.005273,True,0.005264,0.0
tree_001779.txt,1283,1282,0,0.001907,True,0.001899,0.0
tree_001781.txt,1183,1182,0,0.001798,True,0.00179,0.0
tree_001783.txt,4082,4081,0,0.006394,True,0.006384,0.0
tree_001785.txt,1218,1217,0,0.00205,True,0.00204,0.0
tree_001787.txt,3490,3489,0,0.005419,True,0.005409,0.0
tree_001789.txt,4643,4642,0,0.007146,True,0.007135,0.0
tree_001791.txt,3813,3812,0,0.00608,True,0.006068,0.0
tree_001793.txt,4435,4434,0,0.006871,True,0.00686,0.0
tree_001795.txt,1610,1609,0,0.00249,True,0.002481,0.0
tree_001797.txt,1196,1195,0,0.001796,True,0.001788,0.0
tree_001799.txt,823,822,0,0.001317,True,0.001309,0.0
tree_001801.txt,3246,3245,0,0.004959,True,0.00495,0.0
tree_001803.txt,3320,3319,0,0.004881,True,0.004873,0.0
tree_001805.txt,2757,2756,0,0.004147,True,0.004138,0.0
tree_001807.txt,195,194,0,0.000282,True,0.000273,0.0
tree_001809.txt,1460,1459,0,0.002144,True,0.002135,0.0
tree_001811.txt,942,941,0,0.001411,True,0.001403,0.0
tree_001813.txt,427,426,0,0.000725,True,0.000717,0.0
tree_001815.txt,1664,1663,0,0.00247,True,0.002463,0.0
tree_001817.txt,2048,2047,0,0.003206,True,0.003199,0.0
tree_001819.txt,1545,1544,0,0.002598,True,0.00259,0.0
tree_001821.txt,4712,4711,0,0.007225,True,0.007216,0.0
tree_001823.txt,4547,4546,0,0.007119,True,0.007108,0.0
tree_001825.txt,1197,1196,0,0.001842,True,0.001833,0.0
tree_001827.txt,552,551,0,0.000887,True,0.000878,0.0
tree_001829.txt,2943,2942,0,0.004666,True,0.004657,0.0
tree_001831.txt,2643,2642,0,0.004033,True,0.004025,0.0
tree_001833.txt,2773,2772,0,0.004172,True,0.004164,0.0
tree_001835.txt,1505,1504,0,0.002271,True,0.002264,0.0
tree_001837.txt,3969,3968,0,0.00685,True,0.006839,0.0
tree_001839.txt,3144,3143,0,0.004823,True,0.004814,0.0
tree_001841.txt,4087,4086,0,0.006247,True,0.006237,0.0
tree_001843.txt,2052,2051,0,0.003065,True,0.003057,0.0
tree_001845.txt,3139,3138,0,0.00473,True,0.00472,0.0
tree_001847.txt,4681,4680,0,0.006955,True,0.006946,0.0
tree_001849.txt,2757,2756,0,0.00403,True,0.004022,0.0
tree_001851.txt,4029,4028,0,0.006026,True,0.006017,0.0
tree_001853.txt,2859,2858,0,0.004472,True,0.004463,0.0
tree_001855.txt,4712,4711,0,0.007339,True,0.00733,0.0
tree_001857.txt,4728,4727,0,0.006869,True,0.006859,0.0
tree_001859.txt,919,918,0,0.001394,True,0.001386,0.0
tree_001861.txt,1890,1889,0,0.002918,True,0.00291,0.0
tree_001863.txt,821,820,0,0.001307,True,0.0013,0.0
tree_001865.txt,3622,3621,0,0.0057,True,0.005691,0.0
tree_001867.txt,2367,2366,0,0.003773,True,0.003765,0.0
tree_001869.txt,240,239,0,0.000308,True,0.0003,0.0
tree_001871.txt,1215,1214,0,0.001907,True,0.0019,0.0
tree_001873.txt,4320,4319,0,0.006712,True,0.006703,0.0
tree_001875.txt,2370,2369,0,0.003559,True,0.00355,0.0
tree_001877.txt,2255,2254,0,0.003418,True,0.003409,0.0
tree_001879.txt,427,426,0,0.000652,True,0.000645,0.0
tree_001881.txt,3700,3699,0,0.005663,True,0.005655,0.0
tree_001883.txt,818,817,0,0.001211,True,0.001203,0.0
tree_001885.txt,2073,2072,0,0.003868,True,0.003858,0.0
tree_001887.txt,4511,4510,0,0.007503,True,0.007492,0.0
tree_001889.txt,666,665,0,0.000986,True,0.000976,0.0
tree_001891.txt,2204,2203,0,0.003342,True,0.003333,0.0
tree_001893.txt,2526,2525,0,0.003796,True,0.003786,0.0
tree_001895.txt,1592,1591,0,0.002583,True,0.002574,0.0
tree_001897.txt,923,922,0,0.001577,True,0.001568,0.0
tree_001899.txt,3985,3984,0,0.006173,True,0.006164,0.0
tree_001901.txt,2794,2793,0,0.004151,True,0.004141,0.0
tree_001903.txt,642,641,0,0.000929,True,0.00092,0.0
tree_001905.txt,736,735,0,0.012386,True,0.012376,0.0
tree_001907.txt,4310,4309,0,0.006763,True,0.006753,0.0
tree_001909.txt,372,371,0,0.000565,True,0.000557,0.0
tree_001911.txt,2155,2154,0,0.003326,True,0.003316,0.0
tree_001913.txt,4574,4573,0,0.007202,True,0.007191,0.0
tree_001915.txt,650,649,0,0.000956,True,0.000947,0.0
tree_001917.txt,797,796,0,0.001255,True,0.001246,0.0
tree_001919.txt,2897,2896,0,0.004337,True,0.004327,0.0
tree_001921.txt,4469,4468,0,0.00706,True,0.00705,0.0
tree_001923.txt,2987,2986,0,0.004589,True,0.004579,0.0
tree_001925.txt,4633,4632,0,0.007584,True,0.007573,0.0
tree_001927.txt,1543,1542,0,0.003455,True,0.003443,0.0
tree_001929.txt,2814,2813,0,0.004232,True,0.004223,0.0
tree_001931.txt,376,375,0,0.000548,True,0.000539,0.0
tree_001933.txt,1756,1755,0,0.002606,True,0.002598,0.0
tree_001935.txt,4067,4066,0,0.006151,True,0.006142,0.0
tree_001937.txt,1701,1700,0,0.002537,True,0.002528,0.0
tree_001939.txt,1506,1505,0,0.002365,True,0.002356,0.0
tree_001941.txt,3360,3359,0,0.015918,True,0.015907,0.0
tree_001943.txt,4891,4890,0,0.007878,True,0.007867,0.0
tree_001945.txt,3047,3046,0,0.004673,True,0.004662,0.0
tree_001947.txt,1757,1756,0,0.002766,True,0.002757,0.0
tree_001949.txt,2987,2986,0,0.00492,True,0.004911,0.0
tree_001951.txt,3981,3980,0,0.006435,True,0.006425,0.0
tree_001953.txt,1690,1689,0,0.002532,True,0.002523,0.0
tree_001955.txt,4813,4812,0,0.007765,True,0.007755,0.0
tree_001957.txt,4881,4880,0,0.007517,True,0.007506,0.0
tree_001959.txt,1631,1630,0,0.00249,True,0.002481,0.0
tree_001961.txt,1191,1190,0,0.001966,True,0.001957,0.0
tree_001963.txt,1541,1540,0,0.002536,True,0.002527,0.0
tree_001965.txt,891,890,0,0.001464,True,0.001454,0.0
tree_001967.txt,2744,2743,0,0.004363,True,0.004354,0.0
tree_001969.txt,313,312,0,0.00048,True,0.000472,0.0
tree_001971.txt,4415,4414,0,0.007161,True,0.007152,0.0
tree_001973.txt,1246,1245,0,0.002033,True,0.002023,0.0
tree_001975.txt,1609,1608,0,0.002504,True,0.002495,0.0
tree_001977.txt,3758,3757,0,0.00643,True,0.006421,0.0
tree_001979.txt,1315,1314,0,0.002177,True,0.002169,0.0
tree_001981.txt,984,983,0,0.001505,True,0.001497,0.0
tree_001983.txt,4087,4086,0,0.006343,True,0.006333,0.0
tree_001985.txt,2092,2091,0,0.003202,True,0.003193,0.0
tree_001987.txt,2384,2383,0,0.003513,True,0.003503,0.0
tree_001989.txt,1680,1679,0,0.002428,True,0.00242,0.0
tree_001991.txt,1633,1632,0,0.002463,True,0.002456,0.0
tree_001993.txt,4749,4748,0,0.007272,True,0.007262,0.0
tree_001995.txt,1742,1741,0,0.002605,True,0.002596,0.0
tree_001997.txt,472,471,0,0.000655,True,0.000648,0.0
tree_001999.txt,4875,4874,0,0.007873,True,0.007864,0.0
er_000000.txt,601,20049,542,30.087723,True,0.048317,0.0
er_000001.txt,954,64372,904,30.199673,True,0.109564,0.0
er_000002.txt,904,58391,851,30.174623,True,0.097508,0.0
er_000003.txt,546,20612,499,30.077646,True,0.030842,0.0
er_000004.txt,666,20896,599,30.074561,True,0.031211,0.0
er_000005.txt,245,5319,211,30.010679,True,0.006093,0.0
er_000006.txt,301,8442,267,30.055072,True,0.011062,0.0
er_000007.txt,90,213,28,0.218435,True,0.000388,0.0
er_000008.txt,516,11769,448,30.049699,True,0.017635,0.0
er_000009.txt,281,7522,249,30.015098,True,0.00929,0.0
er_000010.txt,919,37885,849,30.124207,True,0.061854,0.0
er_000011.txt,933,70282,890,30.219104,True,0.110013,0.0
er_000012.txt,482,6532,388,30.038548,True,0.008843,0.0
er_000013.txt,300,4286,238,30.011171,True,0.005576,0.0
er_000014.txt,476,9941,410,30.046868,True,0.013794,0.0
er_000015.txt,229,5044,197,30.011038,True,0.006347,0.0
er_000016.txt,50,233,25,0.214739,True,0.000354,0.0
er_000017.txt,819,33087,748,30.112136,True,0.057456,0.0
er_000018.txt,623,16321,545,30.057364,True,0.023426,0.0
er_000019.txt,881,57605,834,30.189601,True,0.094345,0.0
er_000020.txt,299,7055,261,30.016848,True,0.010235,0.0
er_000021.txt,410,8725,353,30.047172,True,0.012786,0.0
er_000022.txt,334,4709,263,30.010681,True,0.006497,0.0
er_000023.txt,441,7001,354,30.044515,True,0.010943,0.0
er_000024.txt,739,23707,665,30.081311,True,0.03641,0.0
er_000025.txt,561,15201,497,30.060659,True,0.021985,0.0
er_000026.txt,687,14353,585,30.053252,True,0.021009,0.0
er_000027.txt,608,27880,562,30.092877,True,0.046422,0.0
er_000028.txt,171,1607,120,6.142936,True,0.002039,0.0
er_000029.txt,280,2348,187,24.602968,True,0.003736,0.0
er_000030.txt,280,6067,238,30.014026,True,0.008335,0.0
er_000031.txt,680,22896,613,30.075629,True,0.037367,0.0
er_000032.txt,792,45379,746,30.144952,True,0.073955,0.0
er_000033.txt,870,51837,822,30.178002,True,0.08541,0.0
er_000034.txt,815,31123,747,30.102304,True,0.050497,0.0
er_000035.txt,573,28267,538,30.09162,True,0.043999,0.0
er_000036.txt,312,7230,271,30.016737,True,0.01018,0.0
er_000037.txt,915,77744,872,30.269916,True,0.132262,0.0
er_000038.txt,475,11002,413,30.063969,True,0.029953,0.0
er_000039.txt,752,41947,709,30.132202,True,0.069948,0.0
er_000040.txt,534,20245,491,30.079854,True,0.03137,0.0
er_000041.txt,669,22182,605,30.079512,True,0.035145,0.0
er_000042.txt,519,14290,462,30.059073,True,0.019536,0.0
er_000043.txt,556,20166,505,30.07154,True,0.030737,0.0
er_000044.txt,174,1513,117,8.185393,True,0.002017,0.0
er_000045.txt,355,6881,301,30.04876,True,0.010109,0.0
er_000046.txt,58,262,31,0.26159,True,0.000305,0.0
er_000047.txt,661,32041,613,30.110825,True,0.052888,0.0
er_000048.txt,479,13796,427,30.056455,True,0.019906,0.0
er_000049.txt,623,31980,581,30.110009,True,0.052545,0.0
er_000050.txt,348,10478,310,30.055955,True,0.014401,0.0
er_000051.txt,415,8874,356,30.05009,True,0.013059,0.0
er_000052.txt,242,4474,201,30.01047,True,0.006015,0.0
er_000053.txt,554,20077,503,30.074446,True,0.03088,0.0
er_000054.txt,994,53505,925,30.18541,True,0.098676,0.0
er_000055.txt,953,76527,911,30.249896,True,0.133442,0.0
er_000056.txt,719,18982,632,30.077086,True,0.041396,0.0
er_000057.txt,726,35864,674,30.119077,True,0.058703,0.0
er_000058.txt,92,682,59,1.676778,True,0.000774,0.0
er_000059.txt,111,404,48,0.800344,True,0.00056,0.0
er_000060.txt,156,1020,94,6.968167,True,0.001062,0.0
er_000061.txt,571,19300,515,30.072,True,0.028272,0.0
er_000062.txt,723,23131,650,30.07669,True,0.036523,0.0
er_000063.txt,348,7457,297,30.049545,True,0.010445,0.0
er_000064.txt,450,13778,401,30.058999,True,0.019527,0.0
er_000065.txt,919,84105,884,30.294259,True,0.153571,0.0
er_000066.txt,365,4323,280,30.009766,True,0.005955,0.0
er_000067.txt,935,25964,831,30.086436,True,0.0391,0.0
er_000068.txt,89,333,39,0.704427,True,0.000438,0.0
er_000069.txt,212,2048,152,12.605575,True,0.002714,0.0
er_000070.txt,752,20089,665,30.070598,True,0.030108,0.0
er_000071.txt,720,26310,655,30.087957,True,0.042337,0.0
er_000072.txt,608,32707,572,30.113629,True,0.054665,0.0
er_000073.txt,570,25875,528,30.093616,True,0.041016,0.0
er_000074.txt,499,6485,394,30.039399,True,0.00957,0.0
er_000075.txt,785,22601,702,30.072294,True,0.032875,0.0
er_000076.txt,706,22640,630,30.090889,True,0.051634,0.0
er_000077.txt,711,26630,648,30.09516,True,0.043444,0.0
er_000078.txt,352,5914,289,30.015729,True,0.008419,0.0
er_000079.txt,461,8394,384,30.044668,True,0.012898,0.0
er_000080.txt,272,3096,202,18.817124,True,0.004001,0.0
er_000081.txt,153,1498,110,6.637258,True,0.002167,0.0
er_000082.txt,939,46663,874,30.16732,True,0.080535,0.0
er_000083.txt,404,15087,369,30.066533,True,0.022522,0.0
er_000084.txt,60,118,15,0.048833,True,0.000321,0.0
er_000085.txt,114,1150,80,3.918557,True,0.001439,0.0
er_000086.txt,674,35337,630,30.117236,True,0.058205,0.0
er_000087.txt,73,249,31,0.320527,True,0.000401,0.0
er_000088.txt,750,30217,689,30.101859,True,0.050386,0.0
er_000089.txt,294,4133,234,30.010114,True,0.006114,0.0
er_000090.txt,928,30725,836,30.097464,True,0.047422,0.0
er_000091.txt,980,63278,925,30.21367,True,0.108177,0.0
er_000092.txt,893,42435,830,30.144299,True,0.073404,0.0
er_000093.txt,459,13566,411,30.059381,True,0.018724,0.0
er_000094.txt,385,14815,351,30.063821,True,0.021944,0.0
er_000095.txt,453,15823,413,30.065423,True,0.022716,0.0
er_000096.txt,929,80799,890,30.324728,True,0.174738,0.0
er_000097.txt,866,67747,828,30.213781,True,0.108177,0.0
er_000098.txt,388,8766,335,30.050901,True,0.01184,0.0
er_000099.txt,561,30922,527,30.105062,True,0.047754,0.0
er_000100.txt,665,35492,622,30.108467,True,0.057383,0.0
er_000101.txt,452,7849,373,30.048512,True,0.011191,0.0
er_000102.txt,556,26252,516,30.094966,True,0.040233,0.0
er_000103.txt,478,14622,427,30.075597,True,0.024064,0.0
er_000104.txt,387,11750,346,30.059909,True,0.017963,0.0
er_000105.txt,220,4336,184,23.995895,True,0.00543,0.0
er_000106.txt,207,3002,162,27.502205,True,0.004126,0.0
er_000107.txt,791,46581,743,30.153871,True,0.078439,0.0
er_000108.txt,472,13579,422,30.055883,True,0.019283,0.0
er_000109.txt,91,588,56,1.096353,True,0.000727,0.0
er_000110.txt,521,10043,438,30.048596,True,0.01572,0.0
er_000111.txt,211,2700,160,17.702149,True,0.003527,0.0
er_000112.txt,796,46363,747,30.161173,True,0.079665,0.0
er_000113.txt,651,34532,612,30.109137,True,0.054984,0.0
er_000114.txt,158,1663,112,8.388387,True,0.002326,0.0
er_000115.txt,206,1383,128,5.634338,True,0.001779,0.0
er_000116.txt,553,15950,494,30.063229,True,0.022886,0.0
er_000117.txt,690,30193,637,30.105352,True,0.047959,0.0
er_000118.txt,162,1965,121,10.494023,True,0.002598,0.0
er_000119.txt,919,42955,851,30.179013,True,0.090504,0.0
er_000120.txt,887,51659,830,30.176586,True,0.087936,0.0
er_000121.txt,510,10727,441,30.049139,True,0.014958,0.0
er_000122.txt,739,31609,684,30.107844,True,0.052905,0.0
er_000123.txt,503,23823,463,30.085837,True,0.039358,0.0
er_000124.txt,822,65301,785,30.202076,True,0.109828,0.0
er_000125.txt,296,3398,218,30.007934,True,0.00494,0.0
er_000126.txt,804,27676,724,30.091363,True,0.042886,0.0
er_000127.txt,728,51507,692,30.17371,True,0.089238,0.0
er_000128.txt,674,25493,615,30.082743,True,0.039116,0.0
er_000129.txt,994,42768,915,30.13462,True,0.070849,0.0
er_000130.txt,512,6829,410,30.038732,True,0.010468,0.0
er_000131.txt,933,58017,877,30.182888,True,0.09582,0.0
er_000132.txt,821,42920,768,30.147365,True,0.076544,0.0
er_000133.txt,195,2645,152,15.833286,True,0.003281,0.0
er_000134.txt,924,79461,885,30.293416,True,0.16567,0.0
er_000135.txt,554,11092,470,30.049424,True,0.017147,0.0
er_000136.txt,924,75368,885,30.264166,True,0.138971,0.0
er_000137.txt,184,1140,108,6.723854,True,0.001328,0.0
er_000138.txt,291,7299,255,30.015888,True,0.010077,0.0
er_000139.txt,516,13726,456,30.055972,True,0.020033,0.0
er_000140.txt,341,9539,304,30.054257,True,0.013782,0.0
er_000141.txt,360,3776,267,30.008222,True,0.004868,0.0
er_000142.txt,964,80889,920,30.286374,True,0.146238,0.0
er_000143.txt,817,51679,773,30.164736,True,0.085389,0.0
er_000144.txt,573,32413,538,30.114675,True,0.048414,0.0
er_000145.txt,224,3230,175,29.228665,True,0.003857,0.0
er_000146.txt,614,10561,508,30.045509,True,0.016053,0.0
er_000147.txt,557,11337,474,30.050813,True,0.017123,0.0
er_000148.txt,494,7390,402,30.04142,True,0.011447,0.0
er_000149.txt,953,48677,891,30.173679,True,0.085956,0.0
er_000150.txt,597,27495,554,30.089349,True,0.042133,0.0
er_000151.txt,186,2700,146,16.169048,True,0.003385,0.0
er_000152.txt,509,21673,474,30.076966,True,0.036715,0.0
er_000153.txt,231,3557,182,22.361834,True,0.004288,0.0
er_000154.txt,800,44619,753,30.176722,True,0.08893,0.0
er_000155.txt,782,45330,733,30.155666,True,0.075169,0.0
er_000156.txt,104,864,71,2.60422,True,0.001027,0.0
er_000157.txt,330,7081,286,30.050074,True,0.010333,0.0
er_000158.txt,429,9096,370,30.049156,True,0.013818,0.0
er_000159.txt,458,9179,386,30.047691,True,0.014176,0.0
er_000160.txt,734,39391,687,30.127452,True,0.067229,0.0
er_000161.txt,608,9592,491,30.043475,True,0.014879,0.0
er_000162.txt,675,31899,624,30.112052,True,0.053113,0.0
er_000163.txt,541,20313,495,30.073979,True,0.031254,0.0
er_000164.txt,810,30736,739,30.102509,True,0.049589,0.0
er_000165.txt,826,17322,715,30.062666,True,0.027357,0.0
er_000166.txt,160,653,73,2.917448,True,0.000866,0.0
er_000167.txt,579,19983,523,30.069488,True,0.030847,0.0
er_000168.txt,421,13131,380,30.058923,True,0.018858,0.0
er_000169.txt,342,9966,305,30.057207,True,0.014086,0.0
er_000170.txt,655,10455,540,30.043113,True,0.015899,0.0
er_000171.txt,190,1446,126,7.527159,True,0.001912,0.0
er_000172.txt,784,53229,742,30.217441,True,0.116863,0.0
er_000173.txt,519,8211,422,30.045143,True,0.01293,0.0
er_000174.txt,575,19048,520,30.072314,True,0.028383,0.0
er_000175.txt,699,18288,620,30.065567,True,0.026462,0.0
er_000176.txt,817,34775,751,30.118321,True,0.059786,0.0
er_000177.txt,372,4234,274,30.009448,True,0.005691,0.0
er_000178.txt,341,10040,302,30.056921,True,0.014764,0.0
er_000179.txt,639,17194,566,30.06532,True,0.025368,0.0
er_000180.txt,702,45753,667,30.142723,True,0.072514,0.0
er_000181.txt,827,57698,790,30.184255,True,0.09823,0.0
er_000182.txt,703,14001,592,30.054167,True,0.022084,0.0
er_000183.txt,342,8044,298,30.050822,True,0.011279,0.0
er_000184.txt,974,75363,929,30.268552,True,0.141077,0.0
er_000185.txt,242,2333,169,16.75149,True,0.003317,0.0
er_000186.txt,976,81289,931,30.270942,True,0.150642,0.0
er_000187.txt,960,66981,910,30.222933,True,0.117949,0.0
er_000188.txt,793,50843,750,30.191999,True,0.106076,0.0
er_000189.txt,133,449,55,1.350036,True,0.000706,0.0
er_000190.txt,895,29362,807,30.08734,True,0.04592,0.0
er_000191.txt,216,3530,174,20.840437,True,0.004459,0.0
er_000192.txt,694,32789,645,30.116567,True,0.054181,0.0
er_000193.txt,699,30028,648,30.10457,True,0.048992,0.0
er_000194.txt,441,18897,407,30.077983,True,0.029565,0.0
er_000195.txt,262,6060,226,30.012126,True,0.00747,0.0
er_000196.txt,910,69271,867,30.229553,True,0.116568,0.0
er_000197.txt,561,27364,520,30.092061,True,0.043988,0.0
er_000198.txt,991,75563,948,30.256218,True,0.134596,0.0
er_000199.txt,893,35520,818,30.122166,True,0.061258,0.0
er_000200.txt,505,13120,446,30.057482,True,0.020928,0.0
er_000201.txt,599,11516,501,30.045371,True,0.01694,0.0
er_000202.txt,470,15765,429,30.063514,True,0.022536,0.0
er_000203.txt,807,23408,718,30.074336,True,0.035881,0.0
er_000204.txt,147,1989,115,10.605128,True,0.002658,0.0
er_000205.txt,248,5462,212,30.013335,True,0.007697,0.0
er_000206.txt,585,17492,521,30.067476,True,0.026401,0.0
er_000207.txt,283,4770,230,30.022315,True,0.018261,0.0
er_000208.txt,431,11809,383,30.056566,True,0.017562,0.0
er_000209.txt,257,4039,206,30.00921,True,0.005236,0.0
er_000210.txt,662,28352,610,30.099072,True,0.046285,0.0
er_000211.txt,279,3941,219,30.008682,True,0.005045,0.0
er_000212.txt,226,4625,191,30.010171,True,0.005791,0.0
er_000213.txt,237,3617,188,24.220554,True,0.004886,0.0
er_000214.txt,340,6149,281,30.013863,True,0.008714,0.0
er_000215.txt,894,27053,795,30.086542,True,0.040323,0.0
er_000216.txt,448,8568,379,30.043984,True,0.011927,0.0
er_000217.txt,778,24408,700,30.079005,True,0.037295,0.0
er_000218.txt,708,29479,648,30.099654,True,0.049274,0.0
er_000219.txt,712,40181,671,30.122703,True,0.063756,0.0
er_000220.txt,540,19269,492,30.070912,True,0.028098,0.0
er_000221.txt,642,23680,585,30.081206,True,0.037921,0.0
er_000222.txt,908,75896,869,30.263381,True,0.131933,0.0
er_000223.txt,163,1990,123,10.726561,True,0.002597,0.0
er_000224.txt,991,83393,950,30.316576,True,0.152267,0.0
er_000225.txt,976,56012,912,30.207501,True,0.118114,0.0
er_000226.txt,989,49988,920,30.161283,True,0.088959,0.0
er_000227.txt,124,585,64,1.715025,True,0.000655,0.0
er_000228.txt,843,44982,790,30.161727,True,0.079056,0.0
er_000229.txt,633,20776,574,30.080143,True,0.032832,0.0
er_000230.txt,631,11795,535,30.047505,True,0.017331,0.0
er_000231.txt,506,8149,408,30.042511,True,0.012488,0.0
er_000232.txt,679,42243,641,30.170374,True,0.096368,0.0
er_000233.txt,774,34602,715,30.126441,True,0.062953,0.0
er_000234.txt,586,10275,490,30.045646,True,0.016187,0.0
er_000235.txt,920,69406,874,30.233082,True,0.12341,0.0
er_000236.txt,537,11854,464,30.054266,True,0.018427,0.0
er_000237.txt,628,31256,588,30.106108,True,0.052718,0.0
er_000238.txt,483,6382,382,30.039746,True,0.009746,0.0
er_000239.txt,150,2227,120,12.232503,True,0.002901,0.0
er_000240.txt,480,9678,408,30.047589,True,0.014222,0.0
er_000241.txt,487,14044,434,30.059951,True,0.020715,0.0
er_000242.txt,978,26088,858,30.095381,True,0.054791,0.0
er_000243.txt,203,2943,157,20.482644,True,0.003721,0.0
er_000244.txt,448,8376,373,30.046689,True,0.013056,0.0
er_000245.txt,345,4129,261,30.009466,True,0.006078,0.0
er_000246.txt,689,13986,585,30.051354,True,0.021165,0.0
er_000247.txt,619,27646,570,30.100726,True,0.046761,0.0
er_000248.txt,181,2770,145,15.125471,True,0.003416,0.0
er_000249.txt,360,3381,253,30.007422,True,0.004674,0.0
er_000250.txt,505,10687,428,30.048623,True,0.015307,0.0
er_000251.txt,290,7458,256,30.017545,True,0.010274,0.0
er_000252.txt,447,7114,367,30.042163,True,0.010115,0.0
er_000253.txt,426,14219,385,30.061102,True,0.020101,0.0
er_000254.txt,911,48818,855,30.171294,True,0.088699,0.0
er_000255.txt,209,2714,161,13.371184,True,0.004594,0.0
er_000256.txt,266,3644,207,24.253487,True,0.004593,0.0
er_000257.txt,795,18896,687,30.067003,True,0.02903,0.0
er_000258.txt,675,31365,624,30.117347,True,0.052986,0.0
er_000259.txt,936,57807,881,30.208826,True,0.106305,0.0
er_000260.txt,65,268,32,0.270256,True,0.000357,0.0
er_000261.txt,143,515,61,1.843085,True,0.000788,0.0
er_000262.txt,355,4716,277,30.010717,True,0.006554,0.0
er_000263.txt,450,10773,394,30.051356,True,0.015151,0.0
er_000264.txt,518,20348,478,30.083153,True,0.033772,0.0
er_000265.txt,847,31333,774,30.100557,True,0.053487,0.0
er_000266.txt,690,35323,646,30.122178,True,0.058762,0.0
er_000267.txt,844,23681,750,30.076907,True,0.037308,0.0
er_000268.txt,685,27189,625,30.094569,True,0.045337,0.0
er_000269.txt,482,14136,432,30.059994,True,0.02113,0.0
er_000270.txt,856,29002,773,30.094702,True,0.048604,0.0
er_000271.txt,628,35726,591,30.113862,True,0.058461,0.0
er_000272.txt,664,40935,626,30.147163,True,0.069794,0.0
er_000273.txt,465,11067,403,30.053192,True,0.018274,0.0
er_000274.txt,754,15791,642,30.05834,True,0.025547,0.0
er_000275.txt,721,51477,686,30.182171,True,0.09324,0.0
er_000276.txt,223,3490,174,24.527579,True,0.004378,0.0
er_000277.txt,673,35346,629,30.120197,True,0.060384,0.0
er_000278.txt,928,35990,846,30.118144,True,0.05994,0.0
er_000279.txt,487,6938,390,30.042073,True,0.010933,0.0
er_000280.txt,931,65339,884,30.243671,True,0.136608,0.0
er_000281.txt,466,12189,409,30.052196,True,0.01819,0.0
er_000282.txt,508,19423,465,30.071019,True,0.029184,0.0
er_000283.txt,724,28178,664,30.101262,True,0.04645,0.0
er_000284.txt,888,47754,833,30.171254,True,0.085889,0.0
er_000285.txt,559,29770,525,30.10192,True,0.048528,0.0
er_000286.txt,189,2752,149,12.845059,True,0.003691,0.0
er_000287.txt,307,7264,267,30.016103,True,0.010085,0.0
er_000288.txt,854,54150,805,30.18958,True,0.095554,0.0
er_000289.txt,203,3573,167,24.945182,True,0.004336,0.0
er_000290.txt,786,60523,750,30.187783,True,0.10307,0.0
er_000291.txt,579,16169,512,30.059392,True,0.022748,0.0
er_000292.txt,129,1319,95,4.175809,True,0.001786,0.0
er_000293.txt,109,460,55,1.189443,True,0.000541,0.0
er_000294.txt,464,10904,404,30.050272,True,0.015665,0.0
er_000295.txt,425,15116,387,30.061666,True,0.021334,0.0
er_000296.txt,643,17742,570,30.060339,True,0.026548,0.0
er_000297.txt,468,8277,393,30.044218,True,0.012671,0.0
er_000298.txt,785,43113,735,30.166446,True,0.084363,0.0
er_000299.txt,523,8931,433,30.043264,True,0.01426,0.0
er_000300.txt,226,3077,177,16.949222,True,0.004011,0.0
er_000301.txt,913,45945,853,30.182503,True,0.101854,0.0
er_000302.txt,789,28518,720,30.111448,True,0.050009,0.0
er_000303.txt,292,4595,236,30.010092,True,0.0065,0.0
er_000304.txt,56,120,15,0.06623,True,0.000193,0.0
er_000305.txt,893,67065,851,30.251608,True,0.123044,0.0
er_000306.txt,902,26751,807,30.086058,True,0.043648,0.0
er_000307.txt,142,588,69,2.738339,True,0.000868,0.0
er_000308.txt,451,13488,404,30.059358,True,0.019051,0.0
er_000309.txt,504,14392,452,30.058914,True,0.02122,0.0
er_000310.txt,441,19051,408,30.076867,True,0.028586,0.0
er_000311.txt,239,1920,159,11.610754,True,0.002528,0.0
er_000312.txt,819,20133,716,30.066158,True,0.032162,0.0
er_000313.txt,414,6535,334,30.042446,True,0.008699,0.0
er_000314.txt,59,132,16,0.06986,True,0.000203,0.0
er_000315.txt,201,1533,128,9.337586,True,0.001992,0.0
er_000316.txt,872,19914,759,30.066451,True,0.033171,0.0
er_000317.txt,717,44522,680,30.154471,True,0.074651,0.0
er_000318.txt,186,2395,140,11.334932,True,0.003149,0.0
er_000319.txt,567,25168,526,30.099628,True,0.043167,0.0
er_000320.txt,761,26628,691,30.093305,True,0.043735,0.0
er_000321.txt,382,7141,325,30.045612,True,0.010814,0.0
er_000322.txt,425,8103,360,30.059036,True,0.024899,0.0
er_000323.txt,817,65334,782,30.234955,True,0.117167,0.0
er_000324.txt,66,362,37,0.627642,True,0.000427,0.0
er_000325.txt,411,5898,334,30.042143,True,0.009011,0.0
er_000326.txt,446,5406,346,30.039036,True,0.008623,0.0
er_000327.txt,161,1612,111,8.912951,True,0.002234,0.0
er_000328.txt,930,46495,866,30.164836,True,0.084535,0.0
er_000329.txt,85,201,25,0.255157,True,0.000303,0.0
er_000330.txt,927,56748,876,30.19198,True,0.102953,0.0
er_000331.txt,659,29167,608,30.107792,True,0.050792,0.0
er_000332.txt,832,53884,786,30.183527,True,0.095056,0.0
er_000333.txt,344,11146,312,30.058852,True,0.015736,0.0
er_000334.txt,266,2311,185,13.774353,True,0.003382,0.0
er_000335.txt,130,726,70,2.17556,True,0.00084,0.0
er_000336.txt,665,31589,618,30.11108,True,0.055298,0.0
er_000337.txt,482,9965,407,30.048959,True,0.014997,0.0
er_000338.txt,54,229,25,0.234191,True,0.000326,0.0
er_000339.txt,547,17077,489,30.063434,True,0.026327,0.0
er_000340.txt,591,21115,539,30.073621,True,0.032415,0.0
er_000341.txt,153,1970,115,9.505049,True,0.002583,0.0
er_000342.txt,327,5927,275,30.01475,True,0.009356,0.0
er_000343.txt,217,3468,178,18.011998,True,0.004778,0.0
er_000344.txt,268,6834,234,30.028742,True,0.023003,0.0
er_000345.txt,421,13849,377,30.061249,True,0.019461,0.0
er_000346.txt,511,21532,467,30.078533,True,0.03624,0.0
er_000347.txt,781,41460,729,30.134728,True,0.070814,0.0
er_000348.txt,181,895,100,4.918268,True,0.001154,0.0
er_000349.txt,813,37441,753,30.124961,True,0.065612,0.0
er_000350.txt,523,17650,474,30.062695,True,0.024285,0.0
er_000351.txt,423,11135,374,30.052735,True,0.016577,0.0
er_000352.txt,678,17702,595,30.059595,True,0.026789,0.0
er_000353.txt,190,1338,123,6.272436,True,0.001851,0.0
er_000354.txt,179,1715,126,8.679988,True,0.002026,0.0
er_000355.txt,341,7429,297,30.050119,True,0.010532,0.0
er_000356.txt,692,24225,627,30.079651,True,0.036933,0.0
er_000357.txt,612,36979,573,30.119514,True,0.062848,0.0
er_000358.txt,520,6980,401,30.040721,True,0.010375,0.0
er_000359.txt,999,54226,936,30.173965,True,0.094154,0.0
er_000360.txt,934,85484,896,30.285832,True,0.151042,0.0
er_000361.txt,420,7385,350,30.045863,True,0.010936,0.0
er_000362.txt,502,23088,462,30.084592,True,0.03536,0.0
er_000363.txt,923,71982,882,30.269094,True,0.151053,0.0
er_000364.txt,327,4205,253,30.009513,True,0.005754,0.0
er_000365.txt,922,55386,869,30.17847,True,0.094794,0.0
er_000366.txt,944,52379,882,30.169189,True,0.087595,0.0
er_000367.txt,297,8805,266,30.057921,True,0.011373,0.0
er_000368.txt,549,13600,482,30.053453,True,0.019544,0.0
er_000369.txt,438,12820,390,30.056075,True,0.018015,0.0
er_000370.txt,332,3030,232,30.007092,True,0.004028,0.0
er_000371.txt,623,38110,585,30.121801,True,0.061251,0.0
er_000372.txt,91,800,62,1.902251,True,0.000989,0.0
er_000373.txt,137,1122,93,5.671893,True,0.001261,0.0
er_000374.txt,100,892,70,2.098685,True,0.001001,0.0
er_000375.txt,905,39971,839,30.137929,True,0.071101,0.0
er_000376.txt,256,6090,223,30.013552,True,0.007661,0.0
er_000377.txt,561,26228,523,30.095904,True,0.042301,0.0
er_000378.txt,692,39908,650,30.132949,True,0.063632,0.0
er_000379.txt,265,4161,211,30.009081,True,0.005333,0.0
er_000380.txt,978,93678,942,30.358592,True,0.176075,0.0
er_000381.txt,331,6673,280,30.016474,True,0.00879,0.0
er_000382.txt,335,5625,278,30.012822,True,0.008478,0.0
er_000383.txt,350,3667,256,30.007997,True,0.00508,0.0
er_000384.txt,863,40162,801,30.140927,True,0.06895,0.0
er_000385.txt,859,22870,759,30.090002,True,0.050062,0.0
er_000386.txt,272,2668,194,17.04413,True,0.003378,0.0
er_000387.txt,663,15843,581,30.060455,True,0.023737,0.0
er_000388.txt,306,8077,269,30.054206,True,0.010767,0.0
er_000389.txt,277,2365,187,27.603899,True,0.003309,0.0
er_000390.txt,848,47945,794,30.170417,True,0.085692,0.0
er_000391.txt,326,4517,258,30.009398,True,0.005877,0.0
er_000392.txt,621,16563,551,30.061406,True,0.024879,0.0
er_000393.txt,519,10924,441,30.050355,True,0.016025,0.0
er_000394.txt,235,4111,193,30.009107,True,0.005131,0.0
er_000395.txt,938,57760,885,30.192518,True,0.10306,0.0
er_000396.txt,840,52663,798,30.176983,True,0.09182,0.0
er_000397.txt,763,28499,697,30.093604,True,0.046151,0.0
er_000398.txt,837,67477,801,30.215821,True,0.112592,0.0
er_000399.txt,808,43354,756,30.134179,True,0.070573,0.0
er_000400.txt,184,871,96,2.910824,True,0.000991,0.0
er_000401.txt,982,69724,934,30.23865,True,0.12146,0.0
er_000402.txt,184,2104,136,12.762381,True,0.002971,0.0
er_000403.txt,648,34718,605,30.137277,True,0.075883,0.0
er_000404.txt,888,61930,842,30.20915,True,0.108555,0.0
er_000405.txt,367,5363,290,30.011863,True,0.007618,0.0
er_000406.txt,413,13686,373,30.058048,True,0.020178,0.0
er_000407.txt,465,9107,392,30.049076,True,0.013736,0.0
er_000408.txt,931,43375,861,30.160274,True,0.08193,0.0
er_000409.txt,140,1916,109,7.592153,True,0.002501,0.0
er_000410.txt,379,6259,315,30.045507,True,0.009473,0.0
er_000411.txt,442,10170,383,30.050466,True,0.01507,0.0
er_000412.txt,153,754,82,4.043596,True,0.000927,0.0
er_000413.txt,473,6382,372,30.041188,True,0.009579,0.0
er_000414.txt,963,66262,912,30.224289,True,0.118,0.0
er_000415.txt,982,87908,946,30.325529,True,0.178464,0.0
er_000416.txt,816,17683,699,30.061926,True,0.026175,0.0
er_000417.txt,626,38159,589,30.125176,True,0.062993,0.0
er_000418.txt,164,2039,125,9.854733,True,0.002837,0.0
er_000419.txt,776,17429,673,30.063043,True,0.028363,0.0
er_000420.txt,814,54100,772,30.187282,True,0.099269,0.0
er_000421.txt,462,15618,418,30.065097,True,0.023675,0.0
er_000422.txt,892,36781,820,30.142754,True,0.080241,0.0
er_000423.txt,506,8829,419,30.04665,True,0.014017,0.0
er_000424.txt,881,62399,839,30.19982,True,0.103971,0.0
er_000425.txt,610,9368,495,30.041509,True,0.01409,0.0
er_000426.txt,738,31774,684,30.109898,True,0.05268,0.0
er_000427.txt,640,24367,583,30.082413,True,0.04111,0.0
er_000428.txt,772,56049,733,30.209097,True,0.095451,0.0
er_000429.txt,604,32687,568,30.115283,True,0.054456,0.0
er_000430.txt,601,23088,547,30.081214,True,0.03683,0.0
er_000431.txt,520,8532,426,30.042452,True,0.011939,0.0
er_000432.txt,355,8720,311,30.052183,True,0.011825,0.0
er_000433.txt,532,21249,490,30.081344,True,0.03735,0.0
er_000434.txt,471,13832,418,30.058402,True,0.019884,0.0
er_000435.txt,96,580,57,1.466135,True,0.00067,0.0
er_000436.txt,915,61616,869,30.201406,True,0.109386,0.0
er_000437.txt,59,117,13,0.048824,True,0.000197,0.0
er_000438.txt,285,2539,195,30.00549,True,0.00343,0.0
er_000439.txt,939,27588,836,30.105311,True,0.061308,0.0
er_000440.txt,915,24324,805,30.080052,True,0.038136,0.0
er_000441.txt,594,9467,493,30.04345,True,0.01452,0.0
er_000442.txt,558,9120,462,30.043532,True,0.014061,0.0
er_000443.txt,126,977,81,2.620295,True,0.001109,0.0
er_000444.txt,302,7046,265,30.015931,True,0.010173,0.0
er_000445.txt,964,81541,923,30.33747,True,0.151667,0.0
er_000446.txt,293,3686,226,30.009123,True,0.005512,0.0
er_000447.txt,505,15198,450,30.058047,True,0.022424,0.0
er_000448.txt,759,21846,676,30.070572,True,0.033476,0.0
er_000449.txt,302,5105,246,30.012131,True,0.007083,0.0
er_000450.txt,427,9767,368,30.048454,True,0.013928,0.0
er_000451.txt,307,9083,273,30.056708,True,0.012196,0.0
er_000452.txt,535,16217,480,30.062467,True,0.02316,0.0
er_000453.txt,474,9502,402,30.0494,True,0.014777,0.0
er_000454.txt,201,2101,145,16.509305,True,0.002912,0.0
er_000455.txt,116,1157,84,4.160481,True,0.001301,0.0
er_000456.txt,378,9512,330,30.053379,True,0.013774,0.0
er_000457.txt,490,8569,411,30.045911,True,0.013078,0.0
er_000458.txt,609,17623,539,30.062997,True,0.025756,0.0
er_000459.txt,905,37914,834,30.151464,True,0.084688,0.0
er_000460.txt,111,1119,76,3.548013,True,0.001239,0.0
er_000461.txt,106,284,36,0.477226,True,0.000409,0.0
er_000462.txt,481,8409,403,30.045281,True,0.012203,0.0
er_000463.txt,955,87028,916,30.339808,True,0.184105,0.0
er_000464.txt,933,47614,870,30.170147,True,0.084109,0.0
er_000465.txt,127,741,76,2.600416,True,0.000842,0.0
er_000466.txt,216,2480,164,11.89804,True,0.00355,0.0
er_000467.txt,574,17482,511,30.062851,True,0.025062,0.0
er_000468.txt,354,5088,282,30.011537,True,0.007595,0.0
er_000469.txt,683,27062,624,30.094848,True,0.045417,0.0
er_000470.txt,499,9730,421,30.047131,True,0.015099,0.0
er_000471.txt,186,3394,153,18.882064,True,0.004265,0.0
er_000472.txt,91,575,52,1.217903,True,0.000716,0.0
er_000473.txt,481,21391,443,30.082981,True,0.033863,0.0
er_000474.txt,136,510,61,1.665862,True,0.000708,0.0
er_000475.txt,797,48476,751,30.174856,True,0.083074,0.0
er_000476.txt,948,73505,902,30.281532,True,0.13621,0.0
er_000477.txt,850,22054,750,30.074029,True,0.03574,0.0
er_000478.txt,891,23520,781,30.081099,True,0.039917,0.0
er_000479.txt,121,799,73,2.525622,True,0.000926,0.0
er_000480.txt,328,8575,290,30.057266,True,0.012754,0.0
er_000481.txt,276,7192,242,30.016884,True,0.010239,0.0
er_000482.txt,222,3846,179,30.020814,True,0.017523,0.0
er_000483.txt,204,2850,160,21.687778,True,0.003566,0.0
er_000484.txt,618,17022,548,30.062933,True,0.02572,0.0
er_000485.txt,350,3131,245,27.94235,True,0.004002,0.0
er_000486.txt,310,6262,263,30.014155,True,0.008788,0.0
er_000487.txt,976,45940,907,30.167356,True,0.079824,0.0
er_000488.txt,359,4824,280,30.010807,True,0.006888,0.0
er_000489.txt,841,29142,764,30.105118,True,0.052732,0.0
er_000490.txt,57,223,26,0.233945,True,0.000268,0.0
er_000491.txt,768,41423,723,30.164563,True,0.079379,0.0
er_000492.txt,768,48957,731,30.192081,True,0.087893,0.0
er_000493.txt,978,43941,904,30.151103,True,0.083638,0.0
er_000494.txt,378,11879,340,30.056143,True,0.016909,0.0
er_000495.txt,616,37412,583,30.140311,True,0.067071,0.0
er_000496.txt,149,1451,104,8.229355,True,0.002056,0.0
er_000497.txt,885,70000,847,30.251671,True,0.133099,0.0
er_000498.txt,966,57538,911,30.251865,True,0.13496,0.0
er_000499.txt,983,44372,911,30.155878,True,0.093219,0.0
er_000500.txt,370,7474,317,30.048291,True,0.010902,0.0
er_000501.txt,582,33491,549,30.12297,True,0.059546,0.0
er_000502.txt,783,52375,743,30.20422,True,0.102639,0.0
er_000503.txt,93,598,57,1.526564,True,0.000657,0.0
er_000504.txt,822,18156,714,30.059215,True,0.029724,0.0
er_000505.txt,781,37143,722,30.13809,True,0.069477,0.0
er_000506.txt,847,33408,776,30.129609,True,0.062085,0.0
er_000507.txt,635,22735,579,30.121618,True,0.054899,0.0
er_000508.txt,271,6685,237,30.015064,True,0.009348,0.0
er_000509.txt,455,14804,408,30.062407,True,0.022816,0.0
er_000510.txt,752,21598,668,30.077458,True,0.037067,0.0
er_000511.txt,352,6370,297,30.01369,True,0.008728,0.0
er_000512.txt,478,11900,419,30.052968,True,0.017947,0.0
er_000513.txt,761,15059,647,30.055538,True,0.024593,0.0
er_000514.txt,794,18970,693,30.066826,True,0.029453,0.0
er_000515.txt,945,23315,829,30.093154,True,0.053212,0.0
er_000516.txt,811,56378,768,30.191469,True,0.102674,0.0
er_000517.txt,315,3124,228,22.828789,True,0.004032,0.0
er_000518.txt,756,48545,715,30.170214,True,0.081033,0.0
er_000519.txt,777,42011,724,30.146689,True,0.070756,0.0
er_000520.txt,478,7143,389,30.041581,True,0.010805,0.0
er_000521.txt,357,12417,325,30.058777,True,0.0172,0.0
er_000522.txt,574,24202,530,30.086912,True,0.037943,0.0
er_000523.txt,601,24353,553,30.088883,True,0.040208,0.0
er_000524.txt,390,11828,350,30.057727,True,0.016804,0.0
er_000525.txt,478,20600,442,30.078149,True,0.03263,0.0
er_000526.txt,350,5519,285,30.012647,True,0.007452,0.0
er_000527.txt,111,1167,80,3.032479,True,0.001374,0.0
er_000528.txt,602,29014,558,30.09792,True,0.047133,0.0
er_000529.txt,137,825,84,2.152945,True,0.00094,0.0
er_000530.txt,109,710,66,1.864846,True,0.000873,0.0
er_000531.txt,61,144,19,0.089175,True,0.000215,0.0
er_000532.txt,782,55806,740,30.188766,True,0.096576,0.0
er_000533.txt,276,3526,216,30.008563,True,0.005133,0.0
er_000534.txt,292,4194,230,30.009566,True,0.005535,0.0
er_000535.txt,550,9077,445,30.045034,True,0.013573,0.0
er_000536.txt,446,8681,382,30.045972,True,0.01278,0.0
er_000537.txt,867,43845,810,30.146368,True,0.076734,0.0
er_000538.txt,655,17734,576,30.074604,True,0.038721,0.0
er_000539.txt,717,39050,674,30.141961,True,0.072773,0.0
er_000540.txt,198,2774,154,16.200161,True,0.003435,0.0
er_000541.txt,65,332,36,0.399615,True,0.000352,0.0
er_000542.txt,981,94978,947,30.388295,True,0.198082,0.0
er_000543.txt,663,18846,588,30.064817,True,0.027266,0.0
er_000544.txt,175,2007,127,12.856561,True,0.002667,0.0
er_000545.txt,241,3254,183,30.006823,True,0.003999,0.0
er_000546.txt,806,38669,747,30.124956,True,0.068114,0.0
er_000547.txt,443,12578,396,30.057559,True,0.018152,0.0
er_000548.txt,732,42673,687,30.151612,True,0.071038,0.0
er_000549.txt,901,25701,803,30.089371,True,0.043681,0.0
er_000550.txt,987,53426,922,30.168886,True,0.092175,0.0
er_000551.txt,52,147,17,0.084515,True,0.000278,0.0
er_000552.txt,404,4797,310,30.011858,True,0.007742,0.0
er_000553.txt,138,1756,104,9.256724,True,0.002478,0.0
er_000554.txt,355,6886,301,30.046781,True,0.009552,0.0
er_000555.txt,81,390,44,0.528575,True,0.000511,0.0
er_000556.txt,216,4637,180,30.009688,True,0.005707,0.0
er_000557.txt,206,1195,115,10.869534,True,0.001383,0.0
er_000558.txt,124,621,70,1.531909,True,0.000851,0.0
er_000559.txt,414,11214,368,30.05386,True,0.015987,0.0
er_000560.txt,843,54680,797,30.190946,True,0.093296,0.0
er_000561.txt,606,17959,541,30.082263,True,0.041439,0.0
er_000562.txt,826,66971,789,30.216535,True,0.117788,0.0
er_000563.txt,881,70652,841,30.226006,True,0.11802,0.0
er_000564.txt,107,494,56,0.927142,True,0.00055,0.0
er_000565.txt,143,1022,94,4.609092,True,0.001158,0.0
er_000566.txt,615,11348,512,30.049179,True,0.017428,0.0
er_000567.txt,698,43268,658,30.165764,True,0.078197,0.0
er_000568.txt,924,80716,886,30.320187,True,0.157117,0.0
er_000569.txt,449,16052,409,30.067909,True,0.025405,0.0
er_000570.txt,699,12659,585,30.049839,True,0.02026,0.0
er_000571.txt,568,31178,532,30.119074,True,0.055524,0.0
er_000572.txt,103,320,40,0.718164,True,0.000456,0.0
er_000573.txt,812,31806,746,30.113143,True,0.058409,0.0
er_000574.txt,443,18622,410,30.079694,True,0.029551,0.0
er_000575.txt,113,607,67,1.479827,True,0.000703,0.0
er_000576.txt,871,24897,778,30.087977,True,0.042076,0.0
er_000577.txt,209,2157,151,10.528973,True,0.0028,0.0
er_000578.txt,953,90010,917,30.318068,True,0.165673,0.0
er_000579.txt,978,65455,925,30.258612,True,0.147114,0.0
er_000580.txt,161,2448,125,14.697264,True,0.003168,0.0
er_000581.txt,109,1161,79,3.919383,True,0.001395,0.0
er_000582.txt,490,12236,429,30.054166,True,0.018438,0.0
er_000583.txt,976,56862,918,30.189447,True,0.10335,0.0
er_000584.txt,141,1217,96,5.927838,True,0.00136,0.0
er_000585.txt,186,1937,137,8.056842,True,0.003009,0.0
er_000586.txt,684,13527,575,30.053831,True,0.020597,0.0
er_000587.txt,853,39937,791,30.139794,True,0.071979,0.0
er_000588.txt,585,19096,528,30.073816,True,0.029753,0.0
er_000589.txt,123,722,69,2.605702,True,0.000857,0.0
er_000590.txt,642,23657,585,30.081048,True,0.040604,0.0
er_000591.txt,220,3483,179,18.397866,True,0.004426,0.0
er_000592.txt,509,10063,434,30.048075,True,0.015392,0.0
er_000593.txt,332,4125,254,30.008636,True,0.005393,0.0
er_000594.txt,329,7866,285,30.053712,True,0.011277,0.0
er_000595.txt,282,7014,248,30.015006,True,0.009394,0.0
er_000596.txt,996,24877,866,30.077106,True,0.040536,0.0
er_000597.txt,445,10600,385,30.049771,True,0.01541,0.0
er_000598.txt,525,27341,493,30.102002,True,0.045074,0.0
er_000599.txt,758,24195,678,30.084979,True,0.03915,0.0
er_000600.txt,572,26767,532,30.09142,True,0.042432,0.0
er_000601.txt,819,44943,767,30.154039,True,0.078847,0.0
er_000602.txt,294,7530,260,30.030044,True,0.023206,0.0
er_000603.txt,495,18471,451,30.068072,True,0.028053,0.0
er_000604.txt,285,5548,238,30.012538,True,0.008069,0.0
er_000605.txt,838,70378,802,30.246165,True,0.134488,0.0
er_000606.txt,136,875,81,3.070307,True,0.000954,0.0
er_000607.txt,907,53152,850,30.186393,True,0.096332,0.0
er_000608.txt,133,791,77,2.452965,True,0.000902,0.0
er_000609.txt,713,42284,669,30.167477,True,0.089289,0.0
er_000610.txt,836,34780,771,30.122773,True,0.066,0.0
er_000611.txt,124,778,72,2.743219,True,0.00096,0.0
er_000612.txt,180,1408,117,9.312217,True,0.001835,0.0
er_000613.txt,320,6381,272,30.014263,True,0.009291,0.0
er_000614.txt,133,1355,94,7.115017,True,0.001737,0.0
er_000615.txt,274,3257,201,30.006604,True,0.004092,0.0
er_000616.txt,649,39477,609,30.138886,True,0.066022,0.0
er_000617.txt,898,30407,816,30.09345,True,0.050254,0.0
er_000618.txt,173,984,98,7.809883,True,0.001088,0.0
er_000619.txt,513,22431,473,30.0848,True,0.036767,0.0
er_000620.txt,820,27033,735,30.094778,True,0.043558,0.0
er_000621.txt,312,6725,268,30.014912,True,0.008738,0.0
er_000622.txt,448,19677,412,30.075887,True,0.032236,0.0
er_000623.txt,137,1731,105,5.380199,True,0.00225,0.0
er_000624.txt,209,2086,148,18.932278,True,0.002762,0.0
er_000625.txt,708,18954,626,30.067598,True,0.02838,0.0
er_000626.txt,563,12616,488,30.050828,True,0.018649,0.0
er_000627.txt,359,5190,286,30.011683,True,0.006991,0.0
er_000628.txt,672,40180,634,30.133397,True,0.068092,0.0
er_000629.txt,430,5005,322,30.012194,True,0.007692,0.0
er_000630.txt,940,23866,820,30.083169,True,0.037428,0.0
er_000631.txt,220,3188,171,28.92453,True,0.004467,0.0
er_000632.txt,116,427,54,0.818241,True,0.000547,0.0
er_000633.txt,184,1927,139,8.08463,True,0.00269,0.0
er_000634.txt,97,705,62,1.371556,True,0.000791,0.0
er_000635.txt,918,53845,864,30.182315,True,0.096291,0.0
er_000636.txt,617,36946,581,30.125828,True,0.062472,0.0
er_000637.txt,240,3863,193,30.008235,True,0.004878,0.0
er_000638.txt,270,2072,169,20.979697,True,0.002802,0.0
er_000639.txt,482,22099,447,30.091037,True,0.035921,0.0
er_000640.txt,414,12927,372,30.058287,True,0.018254,0.0
er_000641.txt,266,3349,203,20.624247,True,0.00484,0.0
er_000642.txt,820,66505,788,30.219637,True,0.110465,0.0
er_000643.txt,455,5793,358,30.040033,True,0.008383,0.0
er_000644.txt,532,25258,491,30.091118,True,0.04184,0.0
er_000645.txt,999,26890,878,30.091433,True,0.04248,0.0
er_000646.txt,781,22277,694,30.096917,True,0.054731,0.0
er_000647.txt,487,7807,394,30.044487,True,0.012362,0.0
er_000648.txt,730,37742,681,30.130165,True,0.070333,0.0
er_000649.txt,505,17937,457,30.067232,True,0.026971,0.0
er_000650.txt,307,2340,200,29.334529,True,0.003744,0.0
er_000651.txt,472,21850,439,30.087951,True,0.035271,0.0
er_000652.txt,65,237,30,0.292642,True,0.000287,0.0
er_000653.txt,62,223,27,0.22636,True,0.000332,0.0
er_000654.txt,617,21139,555,30.074299,True,0.033717,0.0
er_000655.txt,612,35566,573,30.122549,True,0.05637,0.0
er_000656.txt,315,9794,281,30.05858,True,0.013416,0.0
er_000657.txt,503,24036,469,30.087372,True,0.037858,0.0
er_000658.txt,581,18755,524,30.071414,True,0.028275,0.0
er_000659.txt,745,21759,666,30.073593,True,0.036744,0.0
er_000660.txt,102,494,54,1.38158,True,0.000678,0.0
er_000661.txt,292,6515,252,30.014577,True,0.009077,0.0
er_000662.txt,706,39492,665,30.131299,True,0.067844,0.0
er_000663.txt,957,32158,873,30.108427,True,0.05473,0.0
er_000664.txt,964,31209,872,30.117624,True,0.068115,0.0
er_000665.txt,499,10003,426,30.047986,True,0.014562,0.0
er_000666.txt,186,1772,133,7.494764,True,0.002469,0.0
er_000667.txt,861,44389,806,30.168883,True,0.081401,0.0
er_000668.txt,592,15577,518,30.060991,True,0.024633,0.0
er_000669.txt,343,3462,248,30.007576,True,0.004717,0.0
er_000670.txt,793,37849,736,30.130997,True,0.071402,0.0
er_000671.txt,738,19253,649,30.068936,True,0.029255,0.0
er_000672.txt,112,948,72,4.345386,True,0.001098,0.0
er_000673.txt,271,6694,237,30.015953,True,0.009248,0.0
er_000674.txt,504,8627,422,30.043819,True,0.012784,0.0
er_000675.txt,330,4945,264,30.011048,True,0.007146,0.0
er_000676.txt,238,3341,187,23.523223,True,0.004412,0.0
er_000677.txt,989,59612,934,30.208376,True,0.108029,0.0
er_000678.txt,439,10467,384,30.052347,True,0.017229,0.0
er_000679.txt,250,4707,208,29.881066,True,0.006047,0.0
er_000680.txt,431,14139,390,30.066507,True,0.021654,0.0
er_000681.txt,513,25410,476,30.097269,True,0.042031,0.0
er_000682.txt,814,64170,778,30.22125,True,0.11744,0.0
er_000683.txt,673,14282,581,30.052971,True,0.022418,0.0
er_000684.txt,323,6446,274,30.015061,True,0.00973,0.0
er_000685.txt,899,57746,849,30.196636,True,0.119351,0.0
er_000686.txt,324,9693,291,30.057045,True,0.013486,0.0
er_000687.txt,980,75478,934,30.253726,True,0.142095,0.0
er_000688.txt,105,880,73,2.431306,True,0.001057,0.0
er_000689.txt,54,249,29,0.30721,True,0.000347,0.0
er_000690.txt,523,23755,483,30.088559,True,0.038478,0.0
er_000691.txt,82,269,35,0.292644,True,0.000447,0.0
er_000692.txt,253,2380,178,17.126114,True,0.003287,0.0
er_000693.txt,502,25109,469,30.089936,True,0.041389,0.0
er_000694.txt,485,11856,423,30.050229,True,0.017303,0.0
er_000695.txt,891,63260,847,30.232829,True,0.117462,0.0
er_000696.txt,902,74709,864,30.270786,True,0.13947,0.0
er_000697.txt,610,33005,573,30.107641,True,0.050717,0.0
er_000698.txt,218,2977,165,28.566529,True,0.003735,0.0
er_000699.txt,788,48575,748,30.165224,True,0.082621,0.0
er_000700.txt,175,2696,143,10.671785,True,0.003509,0.0
er_000701.txt,981,67054,933,30.223895,True,0.117749,0.0
er_000702.txt,860,59929,817,30.203108,True,0.103696,0.0
er_000703.txt,972,89113,932,30.328809,True,0.180547,0.0
er_000704.txt,333,5935,276,30.015344,True,0.00858,0.0
er_000705.txt,515,10406,438,30.060609,True,0.029113,0.0
er_000706.txt,746,37221,695,30.125863,True,0.062419,0.0
er_000707.txt,667,35514,627,30.117039,True,0.05938,0.0
er_000708.txt,489,8794,411,30.044578,True,0.01262,0.0
er_000709.txt,325,7682,284,30.051957,True,0.010829,0.0
er_000710.txt,147,672,76,3.514751,True,0.000786,0.0
er_000711.txt,513,24335,476,30.093428,True,0.041235,0.0
er_000712.txt,69,152,20,0.109041,True,0.000342,0.0
er_000713.txt,872,25000,777,30.084233,True,0.039255,0.0
er_000714.txt,534,25995,498,30.096028,True,0.040205,0.0
er_000715.txt,786,46897,742,30.165222,True,0.079561,0.0
er_000716.txt,121,731,75,1.968115,True,0.000858,0.0
er_000717.txt,97,451,49,0.874226,True,0.000584,0.0
er_000718.txt,602,30557,565,30.104538,True,0.051879,0.0
er_000719.txt,986,68080,934,30.219934,True,0.123467,0.0
er_000720.txt,191,1195,110,7.687195,True,0.001313,0.0
er_000721.txt,309,5666,258,30.013025,True,0.007687,0.0
er_000722.txt,521,21741,478,30.078117,True,0.036301,0.0
er_000723.txt,428,9680,370,30.050647,True,0.014417,0.0
er_000724.txt,522,12356,455,30.056035,True,0.019793,0.0
er_000725.txt,451,5624,345,30.040423,True,0.008326,0.0
er_000726.txt,409,8655,351,30.050322,True,0.012655,0.0
er_000727.txt,173,771,82,4.543076,True,0.00107,0.0
er_000728.txt,213,2369,158,15.71949,True,0.003108,0.0
er_000729.txt,357,9454,317,30.050932,True,0.012823,0.0
er_000730.txt,933,65566,889,30.225632,True,0.135238,0.0
er_000731.txt,159,2143,124,10.929047,True,0.002812,0.0
er_000732.txt,129,1175,87,6.747777,True,0.001388,0.0
er_000733.txt,385,11989,346,30.055783,True,0.016788,0.0
er_000734.txt,437,16607,400,30.067474,True,0.02405,0.0
er_000735.txt,221,1948,151,15.299402,True,0.002624,0.0
er_000736.txt,282,4959,230,30.011536,True,0.007495,0.0
er_000737.txt,703,18704,623,30.068096,True,0.028496,0.0
er_000738.txt,833,64906,796,30.212481,True,0.110163,0.0
er_000739.txt,824,21400,724,30.071691,True,0.035213,0.0
er_000740.txt,580,32567,542,30.11688,True,0.054699,0.0
er_000741.txt,562,12509,484,30.050463,True,0.018948,0.0
er_000742.txt,592,12223,507,30.051415,True,0.018282,0.0
er_000743.txt,128,1155,91,4.457599,True,0.001336,0.0
er_000744.txt,918,75507,877,30.274475,True,0.138602,0.0
er_000745.txt,739,47740,701,30.161442,True,0.079963,0.0
er_000746.txt,657,22418,596,30.081941,True,0.035405,0.0
er_000747.txt,312,3066,223,25.87804,True,0.00416,0.0
er_000748.txt,139,1589,103,7.125282,True,0.002167,0.0
er_000749.txt,178,1805,127,12.548369,True,0.0024,0.0
er_000750.txt,890,24555,789,30.082794,True,0.038901,0.0
er_000751.txt,272,2298,180,22.575381,True,0.003147,0.0
er_000752.txt,545,28506,509,30.093154,True,0.043661,0.0
er_000753.txt,609,28490,566,30.112683,True,0.06127,0.0
er_000754.txt,340,3793,251,30.008458,True,0.005052,0.0
er_000755.txt,316,4805,254,30.011318,True,0.007005,0.0
er_000756.txt,621,37125,586,30.116135,True,0.057826,0.0
er_000757.txt,175,1848,129,8.772272,True,0.002293,0.0
er_000758.txt,457,11624,398,30.051654,True,0.016646,0.0
er_000759.txt,315,5500,257,30.011463,True,0.007243,0.0
er_000760.txt,225,2317,162,13.672067,True,0.003456,0.0
er_000761.txt,417,6427,340,30.042677,True,0.010008,0.0
er_000762.txt,976,32361,882,30.098533,True,0.052267,0.0
er_000763.txt,936,59836,889,30.198684,True,0.106733,0.0
er_000764.txt,270,3454,207,30.007888,True,0.004762,0.0
er_000765.txt,226,5020,194,30.011051,True,0.00641,0.0
er_000766.txt,505,23373,469,30.086651,True,0.037479,0.0
er_000767.txt,691,32277,640,30.106384,True,0.054474,0.0
er_000768.txt,273,6186,233,30.012779,True,0.00788,0.0
er_000769.txt,586,32032,551,30.1218,True,0.055272,0.0
er_000770.txt,469,15288,422,30.062815,True,0.023226,0.0
er_000771.txt,880,70105,838,30.24935,True,0.127524,0.0
er_000772.txt,917,78083,876,30.281689,True,0.160127,0.0
er_000773.txt,712,26909,649,30.107581,True,0.059355,0.0
er_000774.txt,142,1228,97,5.349342,True,0.001496,0.0
er_000775.txt,538,13959,476,30.053021,True,0.02106,0.0
er_000776.txt,758,26575,688,30.096558,True,0.044597,0.0
er_000777.txt,449,9992,386,30.050332,True,0.014422,0.0
er_000778.txt,655,37355,613,30.122578,True,0.063989,0.0
er_000779.txt,184,1093,106,6.929305,True,0.001284,0.0
er_000780.txt,955,76978,914,30.273259,True,0.132033,0.0
er_000781.txt,70,379,40,0.524885,True,0.000554,0.0
er_000782.txt,757,30967,695,30.104844,True,0.055918,0.0
er_000783.txt,154,1942,115,9.000233,True,0.0026,0.0
er_000784.txt,275,2773,198,26.756323,True,0.004152,0.0
er_000785.txt,954,79197,911,30.280994,True,0.15263,0.0
er_000786.txt,696,23532,627,30.07817,True,0.039038,0.0
er_000787.txt,749,29204,689,30.098648,True,0.049654,0.0
er_000788.txt,493,19344,452,30.074296,True,0.031659,0.0
er_000789.txt,95,879,67,2.52894,True,0.000999,0.0
er_000790.txt,226,4535,188,30.009999,True,0.006107,0.0
er_000791.txt,185,2950,149,13.154185,True,0.003783,0.0
er_000792.txt,389,6543,319,30.045774,True,0.009588,0.0
er_000793.txt,707,17478,619,30.061919,True,0.026709,0.0
er_000794.txt,409,14956,372,30.066957,True,0.02233,0.0
er_000795.txt,452,19647,417,30.091762,True,0.046316,0.0
er_000796.txt,499,19416,458,30.080763,True,0.03022,0.0
er_000797.txt,797,48537,754,30.190341,True,0.088297,0.0
er_000798.txt,605,13131,515,30.052871,True,0.02079,0.0
er_000799.txt,459,5580,357,30.038852,True,0.008599,0.0
er_000800.txt,929,55166,875,30.190354,True,0.10656,0.0
er_000801.txt,228,3010,177,16.454316,True,0.004308,0.0
er_000802.txt,711,18131,625,30.063716,True,0.027645,0.0
er_000803.txt,600,35270,565,30.127767,True,0.056685,0.0
er_000804.txt,56,194,24,0.160486,True,0.00027,0.0
er_000805.txt,604,13801,524,30.055515,True,0.022574,0.0
er_000806.txt,599,12314,507,30.051625,True,0.017805,0.0
er_000807.txt,729,24312,663,30.085411,True,0.039923,0.0
er_000808.txt,129,858,77,2.828645,True,0.001,0.0
er_000809.txt,564,21444,516,30.078592,True,0.03527,0.0
er_000810.txt,861,65633,822,30.232918,True,0.119437,0.0
er_000811.txt,615,26747,567,30.090779,True,0.044778,0.0
er_000812.txt,243,4989,205,30.011587,True,0.006511,0.0
er_000813.txt,578,26809,534,30.096714,True,0.046127,0.0
er_000814.txt,577,9843,482,30.058871,True,0.028476,0.0
er_000815.txt,946,52220,888,30.174868,True,0.095956,0.0
er_000816.txt,796,31160,730,30.102966,True,0.054553,0.0
er_000817.txt,841,31235,769,30.098292,True,0.051037,0.0
er_000818.txt,79,500,48,0.975425,True,0.000556,0.0
er_000819.txt,868,39283,806,30.13165,True,0.068654,0.0
er_000820.txt,488,18765,446,30.068102,True,0.028662,0.0
er_000821.txt,574,14525,506,30.056432,True,0.021495,0.0
er_000822.txt,364,5471,295,30.013107,True,0.007721,0.0
er_000823.txt,754,39111,708,30.145293,True,0.069771,0.0
er_000824.txt,285,2034,178,28.026303,True,0.003084,0.0
er_000825.txt,809,32975,746,30.110635,True,0.056505,0.0
er_000826.txt,658,40724,623,30.137085,True,0.067543,0.0
er_000827.txt,556,17764,501,30.066059,True,0.027162,0.0
er_000828.txt,228,2161,159,20.094411,True,0.002883,0.0
er_000829.txt,169,1692,124,7.281633,True,0.002202,0.0
er_000830.txt,107,906,72,3.052846,True,0.001017,0.0
er_000831.txt,285,5024,237,30.012112,True,0.007868,0.0
er_000832.txt,92,490,53,0.872044,True,0.000588,0.0
er_000833.txt,145,1705,108,8.723516,True,0.002344,0.0
er_000834.txt,400,11717,358,30.057092,True,0.017329,0.0
er_000835.txt,101,320,41,0.61451,True,0.000462,0.0
er_000836.txt,770,51877,730,30.19384,True,0.091641,0.0
er_000837.txt,422,9207,361,30.049623,True,0.01378,0.0
er_000838.txt,625,37051,586,30.13969,True,0.077655,0.0
er_000839.txt,402,14474,364,30.06558,True,0.021118,0.0
er_000840.txt,349,3509,253,30.009289,True,0.005465,0.0
er_000841.txt,424,13717,382,30.060539,True,0.020365,0.0
er_000842.txt,635,32570,593,30.119974,True,0.054377,0.0
er_000843.txt,231,3775,189,26.541587,True,0.005131,0.0
er_000844.txt,907,60528,857,30.209026,True,0.107936,0.0
er_000845.txt,85,216,28,0.199123,True,0.000374,0.0
er_000846.txt,154,578,71,2.091951,True,0.000865,0.0
er_000847.txt,969,92900,934,30.339082,True,0.17635,0.0
er_000848.txt,931,39597,859,30.145639,True,0.072914,0.0
er_000849.txt,323,8594,287,30.057373,True,0.012207,0.0
er_000850.txt,118,367,45,0.620257,True,0.000583,0.0
er_000851.txt,511,23458,476,30.089168,True,0.038437,0.0
er_000852.txt,188,1913,135,14.422016,True,0.002651,0.0
er_000853.txt,996,85110,957,30.314912,True,0.174932,0.0
er_000854.txt,919,46129,858,30.167075,True,0.083879,0.0
er_000855.txt,941,31046,844,30.108176,True,0.054095,0.0
er_000856.txt,789,42307,737,30.152841,True,0.076314,0.0
er_000857.txt,607,24381,555,30.100753,True,0.057596,0.0
er_000858.txt,414,4971,323,30.012043,True,0.008165,0.0
er_000859.txt,680,24487,615,30.084636,True,0.04201,0.0
er_000860.txt,402,8661,345,30.050201,True,0.012243,0.0
er_000861.txt,477,20984,442,30.080744,True,0.034853,0.0
er_000862.txt,815,51216,770,30.172192,True,0.087812,0.0
er_000863.txt,117,404,52,0.811505,True,0.000626,0.0
er_000864.txt,731,42942,689,30.141561,True,0.073639,0.0
er_000865.txt,404,11652,358,30.057402,True,0.016086,0.0
er_000866.txt,126,496,57,1.472934,True,0.000796,0.0
er_000867.txt,233,3300,185,20.742591,True,0.004187,0.0
er_000868.txt,765,31658,704,30.104107,True,0.054844,0.0
er_000869.txt,359,10596,320,30.05424,True,0.015083,0.0
er_000870.txt,241,2403,175,14.297604,True,0.003281,0.0
er_000871.txt,367,11672,332,30.058193,True,0.016504,0.0
er_000872.txt,939,22480,819,30.078824,True,0.037118,0.0
er_000873.txt,298,6142,253,30.014652,True,0.008913,0.0
er_000874.txt,926,51106,872,30.179196,True,0.090011,0.0
er_000875.txt,684,22527,614,30.07857,True,0.036435,0.0
er_000876.txt,985,56233,924,30.190195,True,0.102757,0.0
er_000877.txt,803,62941,768,30.233918,True,0.140124,0.0
er_000878.txt,915,62187,867,30.205086,True,0.115239,0.0
er_000879.txt,829,62897,793,30.236004,True,0.116789,0.0
er_000880.txt,443,9310,377,30.049697,True,0.014228,0.0
er_000881.txt,988,77156,940,30.29037,True,0.155691,0.0
er_000882.txt,139,1832,105,7.435656,True,0.002387,0.0
er_000883.txt,322,10119,289,30.057865,True,0.013654,0.0
er_000884.txt,88,609,55,1.178499,True,0.000752,0.0
er_000885.txt,408,9680,353,30.052642,True,0.014708,0.0
er_000886.txt,580,16398,516,30.062358,True,0.026256,0.0
er_000887.txt,866,35934,790,30.126133,True,0.067451,0.0
er_000888.txt,505,10530,431,30.048315,True,0.016301,0.0
er_000889.txt,523,11035,448,30.049348,True,0.017802,0.0
er_000890.txt,347,7234,294,30.051249,True,0.010858,0.0
er_000891.txt,532,22684,492,30.087793,True,0.03799,0.0
er_000892.txt,944,26770,834,30.095248,True,0.048828,0.0
er_000893.txt,722,15231,620,30.07597,True,0.041671,0.0
er_000894.txt,238,3176,184,28.609774,True,0.003949,0.0
er_000895.txt,614,10490,512,30.046522,True,0.016166,0.0
er_000896.txt,246,2003,161,18.776054,True,0.002903,0.0
er_000897.txt,416,13150,371,30.058707,True,0.019035,0.0
er_000898.txt,448,14344,404,30.060563,True,0.021061,0.0
er_000899.txt,652,34514,608,30.119828,True,0.060285,0.0
er_000900.txt,578,25007,535,30.092816,True,0.042978,0.0
er_000901.txt,311,7024,271,30.016822,True,0.0106,0.0
er_000902.txt,862,58412,815,30.201823,True,0.106026,0.0
er_000903.txt,125,1337,90,4.794581,True,0.00187,0.0
er_000904.txt,493,14812,441,30.061209,True,0.022661,0.0
er_000905.txt,794,19211,699,30.068214,True,0.030585,0.0
er_000906.txt,581,33228,547,30.123004,True,0.056667,0.0
er_000907.txt,582,9506,479,30.04533,True,0.014768,0.0
er_000908.txt,694,22795,629,30.076413,True,0.037543,0.0
er_000909.txt,569,11732,486,30.048811,True,0.018182,0.0
er_000910.txt,465,14298,418,30.075728,True,0.035569,0.0
er_000911.txt,342,5022,271,30.010776,True,0.007029,0.0
er_000912.txt,519,26525,486,30.101803,True,0.046403,0.0
er_000913.txt,506,23428,469,30.085336,True,0.037452,0.0
er_000914.txt,924,52787,870,30.176563,True,0.097229,0.0
er_000915.txt,115,754,72,2.336855,True,0.000921,0.0
er_000916.txt,657,23968,598,30.080691,True,0.040333,0.0
er_000917.txt,101,952,70,3.369825,True,0.001216,0.0
er_000918.txt,163,2604,130,14.75657,True,0.003275,0.0
er_000919.txt,265,5331,224,30.011975,True,0.007256,0.0
er_000920.txt,179,2998,147,13.700768,True,0.00376,0.0
er_000921.txt,193,1547,127,10.549972,True,0.002062,0.0
er_000922.txt,615,11540,508,30.051122,True,0.020154,0.0
er_000923.txt,613,33646,576,30.125833,True,0.058215,0.0
er_000924.txt,460,18761,423,30.07599,True,0.029557,0.0
er_000925.txt,506,18341,461,30.068908,True,0.026904,0.0
er_000926.txt,276,3605,213,30.008479,True,0.005215,0.0
er_000927.txt,165,1477,114,7.766935,True,0.001972,0.0
er_000928.txt,311,6518,266,30.015189,True,0.009222,0.0
er_000929.txt,553,8714,454,30.042233,True,0.013389,0.0
er_000930.txt,368,12846,335,30.060513,True,0.017815,0.0
er_000931.txt,935,83025,899,30.286808,True,0.157987,0.0
er_000932.txt,724,36268,675,30.134647,True,0.065029,0.0
er_000933.txt,411,14291,373,30.075695,True,0.035218,0.0
er_000934.txt,846,69424,810,30.259169,True,0.131272,0.0
er_000935.txt,139,1850,106,8.961914,True,0.002513,0.0
er_000936.txt,404,11197,360,30.055341,True,0.016555,0.0
er_000937.txt,268,6233,231,30.014063,True,0.008215,0.0
er_000938.txt,93,314,38,0.64143,True,0.000482,0.0
er_000939.txt,784,32512,720,30.110152,True,0.06092,0.0
er_000940.txt,352,3423,248,30.007927,True,0.005126,0.0
er_000941.txt,868,53300,818,30.177876,True,0.098654,0.0
er_000942.txt,812,35073,747,30.12018,True,0.062638,0.0
er_000943.txt,50,93,10,0.039302,True,0.00015,0.0
er_000944.txt,917,78124,880,30.281678,True,0.14625,0.0
er_000945.txt,903,28626,807,30.096752,True,0.049213,0.0
er_000946.txt,90,428,49,0.746664,True,0.000499,0.0
er_000947.txt,958,64675,909,30.223371,True,0.118753,0.0
er_000948.txt,999,35226,906,30.119537,True,0.06104,0.0
er_000949.txt,370,5962,303,30.014506,True,0.008779,0.0
er_000950.txt,927,48413,864,30.198157,True,0.109709,0.0
er_000951.txt,311,5470,256,30.013234,True,0.008185,0.0
er_000952.txt,200,3838,167,30.008799,True,0.005462,0.0
er_000953.txt,128,1585,99,5.39918,True,0.002267,0.0
er_000954.txt,212,2298,156,18.290364,True,0.00324,0.0
er_000955.txt,571,17196,508,30.065432,True,0.026289,0.0
er_000956.txt,246,3667,197,25.892722,True,0.005254,0.0
er_000957.txt,236,2276,169,22.946968,True,0.003659,0.0
er_000958.txt,756,32791,698,30.103765,True,0.056275,0.0
er_000959.txt,65,396,40,0.589631,True,0.00043,0.0
er_000960.txt,385,10248,341,30.054113,True,0.014373,0.0
er_000961.txt,771,28945,701,30.105477,True,0.049477,0.0
er_000962.txt,947,27130,843,30.087148,True,0.043207,0.0
er_000963.txt,873,57044,827,30.205086,True,0.10673,0.0
er_000964.txt,948,59646,899,30.237651,True,0.124355,0.0
er_000965.txt,417,13410,378,30.057761,True,0.01959,0.0
er_000966.txt,228,2967,178,17.111425,True,0.004352,0.0
er_000967.txt,652,13529,557,30.053288,True,0.020966,0.0
er_000968.txt,529,26846,496,30.091123,True,0.04408,0.0
er_000969.txt,606,30583,565,30.108281,True,0.053323,0.0
er_000970.txt,591,21963,537,30.081123,True,0.034685,0.0
er_000971.txt,455,9677,391,30.062096,True,0.027805,0.0
er_000972.txt,788,51718,746,30.181571,True,0.090482,0.0
er_000973.txt,959,26347,845,30.084433,True,0.043702,0.0
er_000974.txt,102,306,40,0.3965,True,0.000434,0.0
er_000975.txt,72,335,35,0.627413,True,0.000399,0.0
er_000976.txt,876,35267,805,30.123898,True,0.063761,0.0
er_000977.txt,815,45581,767,30.165846,True,0.083465,0.0
er_000978.txt,722,19177,638,30.077025,True,0.03932,0.0
er_000979.txt,939,61132,886,30.235283,True,0.144698,0.0
er_000980.txt,725,23668,656,30.081103,True,0.03957,0.0
er_000981.txt,989,91242,952,30.349519,True,0.176822,0.0
er_000982.txt,576,29189,538,30.106228,True,0.04926,0.0
er_000983.txt,773,30486,711,30.100962,True,0.051898,0.0
er_000984.txt,353,7285,295,30.048615,True,0.010492,0.0
er_000985.txt,94,845,68,1.684081,True,0.001023,0.0
er_000986.txt,142,810,79,3.574165,True,0.000911,0.0
er_000987.txt,238,4267,196,30.010337,True,0.005794,0.0
er_000988.txt,605,25168,554,30.093612,True,0.043545,0.0
er_000989.txt,615,17237,549,30.078565,True,0.040535,0.0
er_000990.txt,243,3178,187,24.141201,True,0.004701,0.0
er_000991.txt,921,40206,851,30.136335,True,0.072904,0.0
er_000992.txt,780,48674,737,30.174105,True,0.086459,0.0
er_000993.txt,952,66391,905,30.217474,True,0.124126,0.0
er_000994.txt,789,22638,700,30.079079,True,0.036735,0.0
er_000995.txt,451,13083,402,30.057273,True,0.019488,0.0
er_000996.txt,110,996,78,2.994031,True,0.001196,0.0
er_000997.txt,873,48429,816,30.177833,True,0.088391,0.0
er_000998.txt,82,506,50,1.228384,True,0.000838,0.0
er_000999.txt,79,297,38,0.377534,True,0.000468,0.0
er_001000.txt,988,87810,950,30.328367,True,0.166457,0.0
er_001001.txt,153,648,73,2.886837,True,0.000957,0.0
er_001002.txt,776,25721,698,30.098698,True,0.051237,0.0
er_001003.txt,334,7909,292,30.053706,True,0.011658,0.0
er_001004.txt,589,18871,528,30.067717,True,0.029563,0.0
er_001005.txt,1000,34828,910,30.112068,True,0.059928,0.0
er_001006.txt,720,23737,653,30.096898,True,0.052324,0.0
er_001007.txt,442,17779,407,30.071792,True,0.027715,0.0
er_001008.txt,358,5035,282,30.012029,True,0.007368,0.0
er_001009.txt,493,9828,421,31.220652,True,0.017524,0.0
er_001010.txt,706,33762,656,30.119604,True,0.068751,0.0
er_001011.txt,658,12458,558,30.056789,True,0.023852,0.0
er_001012.txt,814,55345,773,30.179219,True,0.078871,0.0
er_001013.txt,52,197,24,0.107041,True,0.000186,0.0
er_001014.txt,887,57692,839,30.173234,True,0.091267,0.0
er_001015.txt,376,9778,333,30.051025,True,0.011539,0.0
er_001016.txt,635,21679,577,30.081902,True,0.033177,0.0
er_001017.txt,215,2823,162,23.638712,True,0.002865,0.0
er_001018.txt,733,40539,687,30.141547,True,0.063918,0.0
er_001019.txt,869,23353,765,30.103895,True,0.045802,0.0
er_001020.txt,140,1386,101,5.914905,True,0.001433,0.0
er_001021.txt,79,391,43,0.424346,True,0.000361,0.0
er_001022.txt,100,676,64,1.097536,True,0.000597,0.0
er_001023.txt,690,46102,653,30.144257,True,0.07234,0.0
er_001024.txt,112,556,62,0.662037,True,0.00044,0.0
er_001025.txt,297,5322,247,28.464677,True,0.005797,0.0
er_001026.txt,670,42738,634,30.137118,True,0.055899,0.0
er_001027.txt,1000,80566,954,30.281555,True,0.15188,0.0
er_001028.txt,115,555,60,1.191683,True,0.00069,0.0
er_001029.txt,247,4093,200,25.122079,True,0.004877,0.0
er_001030.txt,680,32814,631,30.093726,True,0.042555,0.0
er_001031.txt,733,43623,695,30.12601,True,0.052812,0.0
er_001032.txt,95,730,63,0.923757,True,0.00059,0.0
er_001033.txt,598,26762,553,30.107246,True,0.06362,0.0
er_001034.txt,576,23017,529,30.066247,True,0.027508,0.0
er_001035.txt,437,12723,387,30.047069,True,0.014109,0.0
er_001036.txt,442,15561,401,30.056799,True,0.018993,0.0
er_001037.txt,421,9807,367,30.046231,True,0.011065,0.0
er_001038.txt,163,891,93,2.372968,True,0.000852,0.0
er_001039.txt,467,5954,363,30.01503,True,0.008782,0.0
er_001040.txt,51,211,24,0.115947,True,0.00026,0.0
er_001041.txt,767,51488,730,30.202346,True,0.079129,0.0
er_001042.txt,687,40397,646,30.148069,True,0.071849,0.0
er_001043.txt,333,4250,258,30.007567,True,0.0043,0.0
er_001044.txt,396,11444,352,30.055318,True,0.013806,0.0
er_001045.txt,102,722,66,1.032207,True,0.000622,0.0
er_001046.txt,152,2170,121,6.478387,True,0.002487,0.0
er_001047.txt,887,26271,791,30.079711,True,0.035593,0.0
er_001048.txt,974,39310,893,30.142392,True,0.066507,0.0
er_001049.txt,207,1348,127,6.508539,True,0.001319,0.0
er_001050.txt,515,22065,475,30.071549,True,0.035225,0.0
er_001051.txt,820,20817,711,30.057596,True,0.024595,0.0
er_001052.txt,357,12042,321,30.056774,True,0.013271,0.0
er_001053.txt,206,1674,139,6.887899,True,0.001851,0.0
er_001054.txt,199,3800,167,14.619536,True,0.004193,0.0
er_001055.txt,82,590,51,0.891231,True,0.000577,0.0
er_001056.txt,713,13075,603,30.046745,True,0.017669,0.0
er_001057.txt,895,50959,837,30.184097,True,0.102939,0.0
er_001058.txt,736,21865,653,30.072677,True,0.029654,0.0
er_001059.txt,800,42450,748,30.143567,True,0.069509,0.0
er_001060.txt,162,1083,102,3.570446,True,0.00089,0.0
er_001061.txt,459,5285,347,30.012613,True,0.007432,0.0
er_001062.txt,843,65957,805,30.198645,True,0.106904,0.0
er_001063.txt,716,29093,660,30.093976,True,0.035118,0.0
er_001064.txt,531,19698,485,30.066236,True,0.02698,0.0
er_001065.txt,603,20469,548,30.063873,True,0.02558,0.0
er_001066.txt,458,20407,426,30.077352,True,0.027755,0.0
er_001067.txt,178,1349,116,3.655286,True,0.001571,0.0
er_001068.txt,253,5702,217,27.032442,True,0.007051,0.0
er_001069.txt,441,10448,382,30.051791,True,0.012014,0.0
er_001070.txt,907,44389,843,30.150264,True,0.075969,0.0
er_001071.txt,666,29179,614,30.127822,True,0.05646,0.0
er_001072.txt,627,12544,532,30.044897,True,0.016169,0.0
er_001073.txt,384,8769,333,30.048786,True,0.009958,0.0
er_001074.txt,221,2094,157,11.406589,True,0.002452,0.0
er_001075.txt,279,5232,233,30.010742,True,0.006397,0.0
er_001076.txt,744,18369,648,30.081668,True,0.044381,0.0
er_001077.txt,499,20559,459,30.062321,True,0.023533,0.0
er_001078.txt,686,35246,638,30.106386,True,0.050539,0.0
er_001079.txt,830,64688,797,30.259721,True,0.11995,0.0
er_001080.txt,219,3526,177,19.926131,True,0.003627,0.0
er_001081.txt,94,790,63,1.396054,True,0.000736,0.0
er_001082.txt,692,30817,641,30.118475,True,0.05361,0.0
er_001083.txt,187,2124,139,10.605404,True,0.002295,0.0
er_001084.txt,374,3752,271,24.272777,True,0.004205,0.0
er_001085.txt,618,24204,565,30.086173,True,0.038122,0.0
er_001086.txt,175,2810,141,11.134805,True,0.002851,0.0
er_001087.txt,154,1886,116,5.865018,True,0.002011,0.0
er_001088.txt,624,14295,539,30.055735,True,0.021342,0.0
er_001089.txt,236,4007,193,24.247756,True,0.004188,0.0
er_001090.txt,234,1731,146,9.203518,True,0.001795,0.0
er_001091.txt,808,48463,764,30.168252,True,0.077965,0.0
er_001092.txt,853,71645,813,30.225184,True,0.119139,0.0
er_001093.txt,838,25837,748,30.08194,True,0.034367,0.0
er_001094.txt,948,36507,868,30.115677,True,0.051716,0.0
er_001095.txt,700,47721,663,30.179707,True,0.091948,0.0
er_001096.txt,698,22582,629,30.158316,True,0.07438,0.0
er_001097.txt,560,12846,482,30.073673,True,0.02341,0.0
er_001098.txt,224,4440,187,24.188807,True,0.00549,0.0
er_001099.txt,711,22986,643,30.082845,True,0.035846,0.0
er_001100.txt,89,199,24,0.121284,True,0.000307,0.0
er_001101.txt,823,51364,778,30.154586,True,0.081336,0.0
er_001102.txt,146,1157,92,4.521822,True,0.000884,0.0
er_001103.txt,430,13456,387,30.0678,True,0.019698,0.0
er_001104.txt,522,8445,425,30.045438,True,0.015006,0.0
er_001105.txt,174,2958,143,8.706659,True,0.002902,0.0
er_001106.txt,575,11705,488,30.046847,True,0.015432,0.0
er_001107.txt,684,41835,644,30.141343,True,0.067213,0.0
er_001108.txt,617,29262,572,30.103544,True,0.043456,0.0
er_001109.txt,204,4129,169,30.007487,True,0.004118,0.0
er_001110.txt,93,734,63,1.197584,True,0.000607,0.0
er_001111.txt,743,49251,700,30.199239,True,0.091784,0.0
er_001112.txt,864,73796,828,30.247044,True,0.122234,0.0
er_001113.txt,423,5506,328,30.012059,True,0.006518,0.0
er_001114.txt,233,4447,192,30.011655,True,0.007632,0.0
er_001115.txt,300,6089,253,30.013405,True,0.007891,0.0
er_001116.txt,573,17510,511,30.060901,True,0.026245,0.0
er_001117.txt,274,4882,227,28.679691,True,0.006364,0.0
er_001118.txt,184,2469,143,7.544124,True,0.002905,0.0
er_001119.txt,245,4997,203,28.591256,True,0.00593,0.0
er_001120.txt,658,26200,600,30.102131,True,0.042141,0.0
er_001121.txt,622,16700,550,30.080426,True,0.048669,0.0
er_001122.txt,711,41664,666,30.138881,True,0.06974,0.0
er_001123.txt,988,40381,907,30.153182,True,0.084397,0.0
er_001124.txt,372,12261,334,30.062013,True,0.013599,0.0
er_001125.txt,675,25892,616,30.096388,True,0.047671,0.0
er_001126.txt,255,1845,161,10.513971,True,0.002106,0.0
er_001127.txt,978,54251,923,30.204766,True,0.106263,0.0
er_001128.txt,878,31407,794,30.113666,True,0.0493,0.0
er_001129.txt,329,10792,297,30.060312,True,0.013267,0.0
er_001130.txt,361,7807,312,30.050227,True,0.01217,0.0
er_001131.txt,82,306,38,0.294964,True,0.000362,0.0
er_001132.txt,251,3265,189,28.255973,True,0.00406,0.0
er_001133.txt,557,29639,522,30.114748,True,0.052406,0.0
er_001134.txt,357,3322,247,28.541328,True,0.003598,0.0
er_001135.txt,490,18180,449,30.070757,True,0.02416,0.0
er_001136.txt,261,2660,187,19.307493,True,0.003882,0.0
er_001137.txt,417,5543,327,30.011484,True,0.007377,0.0
er_001138.txt,84,691,56,0.74279,True,0.000643,0.0
er_001139.txt,81,279,35,0.272111,True,0.000322,0.0
er_001140.txt,967,53880,905,30.187341,True,0.102915,0.0
er_001141.txt,795,24275,713,30.075301,True,0.034496,0.0
er_001142.txt,788,48277,747,30.170436,True,0.082891,0.0
er_001143.txt,211,3058,166,15.760168,True,0.003548,0.0
er_001144.txt,445,14297,400,30.057571,True,0.016331,0.0
er_001145.txt,557,8011,443,30.041066,True,0.011614,0.0
er_001146.txt,968,51695,909,30.193439,True,0.096008,0.0
er_001147.txt,413,7581,347,30.046663,True,0.013748,0.0
er_001148.txt,58,133,16,0.042183,True,0.000231,0.0
er_001149.txt,100,711,63,0.938125,True,0.000726,0.0
er_001150.txt,266,3521,202,25.592256,True,0.003624,0.0
er_001151.txt,97,719,61,1.918982,True,0.000718,0.0
er_001152.txt,336,11090,305,30.050815,True,0.012512,0.0
er_001153.txt,717,46673,678,30.193411,True,0.087506,0.0
er_001154.txt,777,49262,736,30.219711,True,0.096832,0.0
er_001155.txt,150,975,92,2.310398,True,0.000897,0.0
er_001156.txt,283,5229,236,30.010908,True,0.006182,0.0
er_001157.txt,478,9941,412,30.047607,True,0.012116,0.0
er_001158.txt,617,14013,540,30.049707,True,0.018636,0.0
er_001159.txt,108,994,76,2.377501,True,0.000902,0.0
er_001160.txt,598,24616,548,30.086569,True,0.035348,0.0
er_001161.txt,807,27653,731,30.10099,True,0.044287,0.0
er_001162.txt,156,2181,121,9.453753,True,0.002293,0.0
er_001163.txt,123,527,60,1.036747,True,0.000519,0.0
er_001164.txt,817,61735,779,30.199647,True,0.0996,0.0
er_001165.txt,151,2145,121,6.827308,True,0.002097,0.0
er_001166.txt,662,11798,551,30.062361,True,0.032017,0.0
er_001167.txt,487,7622,391,30.039663,True,0.009447,0.0
er_001168.txt,524,12974,455,30.055374,True,0.017883,0.0
er_001169.txt,641,25681,589,30.096895,True,0.04105,0.0
er_001170.txt,139,1580,101,3.568277,True,0.001777,0.0
er_001171.txt,973,81737,930,30.290989,True,0.136747,0.0
er_001172.txt,881,32014,803,30.087631,True,0.045345,0.0
er_001173.txt,435,5696,342,30.012671,True,0.006653,0.0
er_001174.txt,971,51573,912,30.185416,True,0.104921,0.0
er_001175.txt,878,76041,843,30.263662,True,0.115505,0.0
er_001176.txt,484,18655,442,30.063695,True,0.025172,0.0
er_001177.txt,200,1256,117,7.966665,True,0.001341,0.0
er_001178.txt,188,1688,130,9.850805,True,0.001892,0.0
er_001179.txt,288,4830,237,26.180377,True,0.005826,0.0
er_001180.txt,560,12689,484,30.04852,True,0.014119,0.0
er_001181.txt,178,987,103,2.639105,True,0.000897,0.0
er_001182.txt,890,54480,841,30.201674,True,0.102395,0.0
er_001183.txt,702,15893,604,30.055758,True,0.024305,0.0
er_001184.txt,413,9634,360,30.063409,True,0.028021,0.0
er_001185.txt,331,4677,258,30.009256,True,0.005399,0.0
er_001186.txt,797,39981,746,30.11468,True,0.058344,0.0
er_001187.txt,370,11080,330,30.054588,True,0.012667,0.0
er_001188.txt,555,26500,516,30.102772,True,0.04279,0.0
er_001189.txt,126,435,52,0.606298,True,0.000569,0.0
er_001190.txt,737,26142,670,30.088832,True,0.043336,0.0
er_001191.txt,560,16811,501,30.054001,True,0.023645,0.0
er_001192.txt,151,593,74,0.924752,True,0.000646,0.0
er_001193.txt,605,18541,542,30.068812,True,0.026219,0.0
er_001194.txt,635,27555,583,30.104805,True,0.047357,0.0
er_001195.txt,817,29046,741,30.093197,True,0.037973,0.0
er_001196.txt,692,37780,648,30.11531,True,0.061835,0.0
er_001197.txt,231,5118,194,30.009229,True,0.005042,0.0
er_001198.txt,989,42035,906,30.174637,True,0.081653,0.0
er_001199.txt,122,1228,91,2.641687,True,0.001137,0.0
er_001200.txt,260,4436,210,30.009946,True,0.005207,0.0
er_001201.txt,99,334,43,0.29874,True,0.000438,0.0
er_001202.txt,564,15122,500,30.059137,True,0.022782,0.0
er_001203.txt,198,1576,131,7.209381,True,0.002962,0.0
er_001204.txt,900,31923,819,30.13418,True,0.073306,0.0
er_001205.txt,284,6098,244,30.012814,True,0.007138,0.0
er_001206.txt,527,24260,484,30.07651,True,0.033104,0.0
er_001207.txt,864,34961,793,30.132036,True,0.059452,0.0
er_001208.txt,212,2969,163,14.285041,True,0.003374,0.0
er_001209.txt,171,1335,113,4.248244,True,0.001361,0.0
er_001210.txt,126,1273,90,3.638609,True,0.001127,0.0
er_001211.txt,645,12046,545,30.046561,True,0.014806,0.0
er_001212.txt,503,24649,469,30.084753,True,0.034309,0.0
er_001213.txt,504,7859,411,30.039045,True,0.010021,0.0
er_001214.txt,734,15890,633,30.049617,True,0.022189,0.0
er_001215.txt,169,1787,119,7.851784,True,0.001678,0.0
er_001216.txt,554,19162,504,30.058559,True,0.025743,0.0
er_001217.txt,636,12587,537,30.048078,True,0.016336,0.0
er_001218.txt,290,6789,250,30.015354,True,0.008147,0.0
er_001219.txt,903,78713,867,30.388496,True,0.170927,0.0
er_001220.txt,270,4806,223,30.01211,True,0.005605,0.0
er_001221.txt,949,34186,867,30.152458,True,0.073887,0.0
er_001222.txt,197,1552,130,4.800008,True,0.001817,0.0
er_001223.txt,522,25745,486,30.103025,True,0.04374,0.0
er_001224.txt,111,490,56,0.703343,True,0.000589,0.0
er_001225.txt,182,1404,122,5.205247,True,0.001638,0.0
er_001226.txt,286,6832,249,30.016325,True,0.009472,0.0
er_001227.txt,792,58916,756,30.260165,True,0.138582,0.0
er_001228.txt,403,6756,328,30.01567,True,0.009429,0.0
er_001229.txt,624,14701,539,30.0593,True,0.020969,0.0
er_001230.txt,908,69171,867,30.279594,True,0.1338,0.0
er_001231.txt,418,9371,360,30.053125,True,0.01844,0.0
er_001232.txt,754,28618,686,30.134454,True,0.054889,0.0
er_001233.txt,236,3241,184,26.525539,True,0.003367,0.0
er_001234.txt,787,19587,689,30.067467,True,0.033321,0.0
er_001235.txt,685,18649,604,30.06757,True,0.026153,0.0
er_001236.txt,105,785,70,1.377868,True,0.000827,0.0
er_001237.txt,217,1778,145,8.187323,True,0.002294,0.0
er_001238.txt,287,5539,239,30.010908,True,0.006372,0.0
er_001239.txt,712,45818,674,30.192608,True,0.086286,0.0
er_001240.txt,360,5962,296,30.015004,True,0.008582,0.0
er_001241.txt,773,20060,682,30.06874,True,0.032466,0.0
er_001242.txt,257,4208,207,30.008302,True,0.004311,0.0
er_001243.txt,658,17402,579,30.05997,True,0.024333,0.0
er_001244.txt,763,32806,705,30.095278,True,0.055551,0.0
er_001245.txt,267,3675,204,23.651495,True,0.004394,0.0
er_001246.txt,577,24333,531,30.088927,True,0.047885,0.0
er_001247.txt,243,1612,152,6.555019,True,0.001528,0.0
er_001248.txt,855,38792,795,30.143787,True,0.068944,0.0
er_001249.txt,758,27964,690,30.088872,True,0.041369,0.0
er_001250.txt,522,13154,455,30.048113,True,0.015769,0.0
er_001251.txt,216,3016,166,18.839505,True,0.00296,0.0
er_001252.txt,620,13807,532,30.046167,True,0.017206,0.0
er_001253.txt,268,5178,222,30.009615,True,0.005639,0.0
er_001254.txt,141,1495,102,3.903552,True,0.001521,0.0
er_001255.txt,285,6208,242,30.012845,True,0.00756,0.0
er_001256.txt,333,5997,274,30.011551,True,0.006868,0.0
er_001257.txt,99,916,66,1.70916,True,0.000798,0.0
er_001258.txt,384,9336,335,30.047936,True,0.011208,0.0
er_001259.txt,156,1220,102,3.824953,True,0.0011,0.0
er_001260.txt,973,60832,918,30.196002,True,0.091048,0.0
er_001261.txt,651,30223,606,30.093485,True,0.04499,0.0
er_001262.txt,420,8907,362,30.046714,True,0.010334,0.0
er_001263.txt,850,22174,749,30.065218,True,0.028829,0.0
er_001264.txt,127,1149,90,3.335539,True,0.001113,0.0
er_001265.txt,581,13024,504,30.053956,True,0.018768,0.0
er_001266.txt,216,4357,183,17.721731,True,0.004115,0.0
er_001267.txt,220,4558,187,22.403167,True,0.004312,0.0
er_001268.txt,641,40206,605,30.137783,True,0.056347,0.0
er_001269.txt,160,1747,114,10.805857,True,0.001956,0.0
er_001270.txt,863,42439,804,30.15036,True,0.083777,0.0
er_001271.txt,417,14610,378,30.059933,True,0.016224,0.0
er_001272.txt,414,11286,369,30.049688,True,0.014195,0.0
er_001273.txt,625,16002,553,30.063878,True,0.01969,0.0
er_001274.txt,117,1368,88,2.361514,True,0.001474,0.0
er_001275.txt,512,13087,449,30.0536,True,0.020663,0.0
er_001276.txt,234,3974,192,15.759462,True,0.003914,0.0
er_001277.txt,624,33310,583,30.124193,True,0.048847,0.0
er_001278.txt,195,3651,161,11.729314,True,0.00359,0.0
er_001279.txt,308,3915,239,21.813093,True,0.004035,0.0
er_001280.txt,914,52126,864,30.210216,True,0.096949,0.0
er_001281.txt,426,10992,374,30.050683,True,0.013203,0.0
er_001282.txt,955,73428,911,30.251527,True,0.120938,0.0
er_001283.txt,924,30679,834,30.090108,True,0.045832,0.0
er_001284.txt,700,24901,637,30.088871,True,0.035767,0.0
er_001285.txt,566,8392,464,30.040598,True,0.010248,0.0
er_001286.txt,815,24008,724,30.100952,True,0.047337,0.0
er_001287.txt,520,8403,427,30.040071,True,0.010777,0.0
er_001288.txt,203,3139,159,15.005986,True,0.003127,0.0
er_001289.txt,370,11438,332,30.073376,True,0.031826,0.0
er_001290.txt,198,3827,166,16.655053,True,0.0039,0.0
er_001291.txt,495,23395,460,30.088074,True,0.036172,0.0
er_001292.txt,994,86949,954,30.335052,True,0.166334,0.0
er_001293.txt,355,7695,303,30.015985,True,0.009036,0.0
er_001294.txt,101,367,44,0.48636,True,0.000494,0.0
er_001295.txt,988,39681,902,30.138002,True,0.066577,0.0
er_001296.txt,616,14082,532,30.049907,True,0.019891,0.0
er_001297.txt,430,14865,389,30.066266,True,0.018386,0.0
er_001298.txt,528,10155,444,30.044297,True,0.015428,0.0
er_001299.txt,202,1973,142,9.57958,True,0.002037,0.0
er_001300.txt,807,63760,771,30.210944,True,0.104393,0.0
er_001301.txt,418,9863,362,30.04805,True,0.011993,0.0
er_001302.txt,833,21247,735,30.074178,True,0.032124,0.0
er_001303.txt,371,8902,324,30.048875,True,0.011438,0.0
er_001304.txt,385,3975,285,30.008476,True,0.00481,0.0
er_001305.txt,932,54557,873,30.166031,True,0.079784,0.0
er_001306.txt,58,132,17,0.047802,True,0.000165,0.0
er_001307.txt,252,4739,208,30.009596,True,0.005017,0.0
er_001308.txt,587,16414,523,30.059889,True,0.022869,0.0
er_001309.txt,663,32362,620,30.135946,True,0.085241,0.0
er_001310.txt,810,27307,730,30.093245,True,0.046928,0.0
er_001311.txt,811,24923,726,30.0893,True,0.036372,0.0
er_001312.txt,188,3530,157,11.41765,True,0.003952,0.0
er_001313.txt,640,17897,568,30.064873,True,0.025601,0.0
er_001314.txt,905,71114,863,30.2322,True,0.127185,0.0
er_001315.txt,622,36168,588,30.097083,True,0.049827,0.0
er_001316.txt,174,980,100,3.198475,True,0.000734,0.0
er_001317.txt,519,16624,466,30.068085,True,0.025221,0.0
er_001318.txt,539,14394,477,30.054635,True,0.021413,0.0
er_001319.txt,787,42268,740,30.144777,True,0.072395,0.0
er_001320.txt,825,22871,734,30.067074,True,0.030461,0.0
er_001321.txt,325,5652,264,30.011201,True,0.006249,0.0
er_001322.txt,439,10624,384,30.050017,True,0.013581,0.0
er_001323.txt,173,2533,133,13.596661,True,0.00422,0.0
er_001324.txt,920,42779,852,30.130474,True,0.069149,0.0
er_001325.txt,533,27438,501,30.101402,True,0.045266,0.0
er_001326.txt,434,17404,398,30.064024,True,0.023286,0.0
er_001327.txt,144,1259,102,2.928677,True,0.001185,0.0
er_001328.txt,634,17877,564,30.091552,True,0.044497,0.0
er_001329.txt,882,37759,812,30.11313,True,0.054444,0.0
er_001330.txt,392,14765,357,30.058516,True,0.017738,0.0
er_001331.txt,548,25530,511,30.085097,True,0.040066,0.0
er_001332.txt,474,16706,431,30.060399,True,0.020733,0.0
er_001333.txt,379,12822,343,30.062546,True,0.013874,0.0
er_001334.txt,763,20317,673,30.073123,True,0.031575,0.0
er_001335.txt,914,53434,858,30.149916,True,0.087385,0.0
er_001336.txt,897,66075,857,30.2115,True,0.088586,0.0
er_001337.txt,791,58890,753,30.184018,True,0.093997,0.0
er_001338.txt,673,17265,590,30.054915,True,0.021427,0.0
er_001339.txt,214,1643,137,7.629415,True,0.001764,0.0
er_001340.txt,228,3154,175,22.229652,True,0.003403,0.0
er_001341.txt,558,13657,485,30.049025,True,0.017576,0.0
er_001342.txt,401,14804,366,30.063947,True,0.018726,0.0
er_001343.txt,596,28559,551,30.113427,True,0.052298,0.0
er_001344.txt,868,28125,782,30.112153,True,0.068804,0.0
er_001345.txt,988,55684,929,30.175453,True,0.086582,0.0
er_001346.txt,277,7399,242,30.014675,True,0.007671,0.0
er_001347.txt,749,52405,713,30.212223,True,0.095267,0.0
er_001348.txt,998,59265,940,30.22163,True,0.116193,0.0
er_001349.txt,320,2882,223,29.26871,True,0.003003,0.0
er_001350.txt,146,2109,113,8.291878,True,0.002049,0.0
er_001351.txt,885,73861,846,30.222618,True,0.110416,0.0
er_001352.txt,303,4790,244,30.010663,True,0.005391,0.0
er_001353.txt,495,22828,459,30.081898,True,0.034266,0.0
er_001354.txt,724,39100,680,30.119591,True,0.059174,0.0
er_001355.txt,735,23646,656,30.071784,True,0.03247,0.0
er_001356.txt,422,14217,381,30.054409,True,0.01694,0.0
er_001357.txt,549,14546,483,30.071322,True,0.033782,0.0
er_001358.txt,383,8615,333,30.049534,True,0.011831,0.0
er_001359.txt,829,32169,760,30.107893,True,0.05417,0.0
er_001360.txt,299,6000,251,30.011432,True,0.00592,0.0
er_001361.txt,382,10779,336,30.061553,True,0.014678,0.0
er_001362.txt,286,4540,226,30.008608,True,0.004477,0.0
er_001363.txt,417,11068,366,30.048417,True,0.013828,0.0
er_001364.txt,230,4812,194,30.010187,True,0.005408,0.0
er_001365.txt,154,1682,112,6.472032,True,0.001841,0.0
er_001366.txt,981,31446,888,30.08669,True,0.042948,0.0
er_001367.txt,662,23189,600,30.078383,True,0.033119,0.0
er_001368.txt,770,55719,733,30.222747,True,0.10818,0.0
er_001369.txt,387,14794,353,30.073403,True,0.020392,0.0
er_001370.txt,336,8563,294,30.018443,True,0.01059,0.0
er_001371.txt,933,77585,892,30.26507,True,0.136524,0.0
er_001372.txt,894,61249,849,30.183832,True,0.102004,0.0
er_001373.txt,916,62233,870,30.210035,True,0.111101,0.0
er_001374.txt,140,1634,105,4.811197,True,0.001685,0.0
er_001375.txt,957,51056,896,30.194866,True,0.120628,0.0
er_001376.txt,112,1108,79,2.499098,True,0.001019,0.0
er_001377.txt,754,40485,710,30.122437,True,0.063882,0.0
er_001378.txt,745,37894,695,30.100345,True,0.056398,0.0
er_001379.txt,552,15011,484,30.061188,True,0.018111,0.0
er_001380.txt,957,55652,897,30.213892,True,0.119671,0.0
er_001381.txt,838,23266,740,30.073668,True,0.03228,0.0
er_001382.txt,263,2926,196,13.490982,True,0.003228,0.0
er_001383.txt,872,54191,823,30.201326,True,0.093536,0.0
er_001384.txt,207,1407,128,5.396764,True,0.001587,0.0
er_001385.txt,99,475,51,0.497673,True,0.000484,0.0
er_001386.txt,801,31674,732,30.112561,True,0.058521,0.0
er_001387.txt,99,719,64,1.037465,True,0.00056,0.0
er_001388.txt,556,14546,493,30.056473,True,0.020793,0.0
er_001389.txt,556,19600,505,30.074113,True,0.027485,0.0
er_001390.txt,657,27882,605,30.105448,True,0.051898,0.0
er_001391.txt,962,80555,919,30.271529,True,0.142076,0.0
er_001392.txt,338,11230,307,30.059542,True,0.012108,0.0
er_001393.txt,635,34889,594,30.141395,True,0.0825,0.0
er_001394.txt,172,1348,114,5.268637,True,0.001219,0.0
er_001395.txt,292,3660,226,18.252624,True,0.004415,0.0
er_001396.txt,159,1802,119,5.934828,True,0.001917,0.0
er_001397.txt,482,19189,442,30.065327,True,0.028796,0.0
er_001398.txt,550,27969,513,30.079245,True,0.037642,0.0
er_001399.txt,398,8146,339,30.043996,True,0.009372,0.0
er_001400.txt,699,14413,600,30.054823,True,0.024626,0.0
er_001401.txt,254,4357,201,30.008325,True,0.004388,0.0
er_001402.txt,430,14810,389,30.057939,True,0.019862,0.0
er_001403.txt,292,5080,241,30.010141,True,0.005726,0.0
er_001404.txt,286,2773,205,18.194641,True,0.003298,0.0
er_001405.txt,636,14434,543,30.056871,True,0.022408,0.0
er_001406.txt,670,39766,633,30.111797,True,0.061772,0.0
er_001407.txt,463,11117,407,30.052833,True,0.013564,0.0
er_001408.txt,288,8183,256,30.01684,True,0.009793,0.0
er_001409.txt,872,35452,803,30.15978,True,0.083344,0.0
er_001410.txt,849,70870,814,30.214141,True,0.110043,0.0
er_001411.txt,846,23290,753,30.067821,True,0.028408,0.0
er_001412.txt,56,131,19,0.047623,True,0.000192,0.0
er_001413.txt,576,30676,541,30.113587,True,0.053268,0.0
er_001414.txt,697,24755,633,30.095733,True,0.043988,0.0
er_001415.txt,318,5059,255,30.011061,True,0.006331,0.0
er_001416.txt,816,65817,780,30.248763,True,0.132319,0.0
er_001417.txt,421,14875,383,30.059357,True,0.022158,0.0
er_001418.txt,370,11914,333,30.056549,True,0.014729,0.0
er_001419.txt,494,20356,456,30.079511,True,0.033576,0.0
er_001420.txt,231,1991,156,10.254063,True,0.002536,0.0
er_001421.txt,597,35121,561,30.11726,True,0.049757,0.0
er_001422.txt,266,4479,215,24.231176,True,0.006717,0.0
er_001423.txt,769,25301,691,30.111481,True,0.047317,0.0
er_001424.txt,811,37965,752,30.143979,True,0.07833,0.0
er_001425.txt,568,28558,532,30.098908,True,0.050605,0.0
er_001426.txt,852,40150,789,30.160815,True,0.081226,0.0
er_001427.txt,676,39142,637,30.112235,True,0.058154,0.0
er_001428.txt,543,9983,460,30.042002,True,0.010722,0.0
er_001429.txt,240,2703,178,13.674691,True,0.002856,0.0
er_001430.txt,370,9284,323,30.047788,True,0.010348,0.0
er_001431.txt,898,66147,857,30.20871,True,0.100271,0.0
er_001432.txt,107,397,51,0.452572,True,0.000449,0.0
er_001433.txt,597,17082,531,30.062745,True,0.024702,0.0
er_001434.txt,940,23196,826,30.077627,True,0.032896,0.0
er_001435.txt,768,41205,720,30.156552,True,0.091402,0.0
er_001436.txt,98,380,44,0.578107,True,0.000394,0.0
er_001437.txt,127,1478,96,3.229667,True,0.001544,0.0
er_001438.txt,888,24006,784,30.08238,True,0.042659,0.0
er_001439.txt,583,21892,532,30.074589,True,0.033256,0.0
er_001440.txt,932,26473,833,30.095207,True,0.040352,0.0
er_001441.txt,507,12411,447,30.058098,True,0.0181,0.0
er_001442.txt,209,2204,150,11.69473,True,0.002472,0.0
er_001443.txt,637,26354,588,30.098466,True,0.034503,0.0
er_001444.txt,868,36899,801,30.12052,True,0.058259,0.0
er_001445.txt,739,24139,669,30.077765,True,0.040026,0.0
er_001446.txt,370,10037,326,30.05287,True,0.011315,0.0
er_001447.txt,789,18082,682,30.064655,True,0.028011,0.0
er_001448.txt,687,42839,650,30.140086,True,0.063383,0.0
er_001449.txt,879,68452,839,30.236366,True,0.123705,0.0
er_001450.txt,706,29564,647,30.109723,True,0.050821,0.0
er_001451.txt,839,27218,751,30.083593,True,0.041289,0.0
er_001452.txt,423,9631,367,30.045998,True,0.011488,0.0
er_001453.txt,420,7940,353,30.046119,True,0.011053,0.0
er_001454.txt,665,35083,622,30.122491,True,0.055571,0.0
er_001455.txt,121,1337,89,3.225362,True,0.001339,0.0
er_001456.txt,545,18285,490,30.054998,True,0.024191,0.0
er_001457.txt,799,27690,729,30.080492,True,0.03996,0.0
er_001458.txt,638,35176,596,30.110525,True,0.053857,0.0
er_001459.txt,203,2932,163,13.968885,True,0.002881,0.0
er_001460.txt,518,24389,480,30.092189,True,0.037181,0.0
er_001461.txt,462,12694,410,30.051131,True,0.016543,0.0
er_001462.txt,837,23547,744,30.075718,True,0.035531,0.0
er_001463.txt,617,36977,582,30.127478,True,0.056686,0.0
er_001464.txt,275,4602,227,29.248455,True,0.005016,0.0
er_001465.txt,739,41781,694,30.160661,True,0.068898,0.0
er_001466.txt,813,49994,770,30.229825,True,0.133912,0.0
er_001467.txt,561,23144,513,30.093853,True,0.042811,0.0
er_001468.txt,317,6796,271,30.014175,True,0.008429,0.0
er_001469.txt,287,5053,235,30.010512,True,0.005973,0.0
er_001470.txt,158,2057,122,6.860106,True,0.00225,0.0
er_001471.txt,393,7542,327,30.017891,True,0.010351,0.0
er_001472.txt,155,1895,117,5.48807,True,0.003096,0.0
er_001473.txt,759,54837,724,30.226674,True,0.103317,0.0
er_001474.txt,88,313,34,0.234198,True,0.000353,0.0
er_001475.txt,246,1928,155,16.875059,True,0.002239,0.0
er_001476.txt,658,22910,599,30.081169,True,0.039574,0.0
er_001477.txt,62,185,24,0.104696,True,0.000194,0.0
er_001478.txt,993,47986,925,30.171791,True,0.079128,0.0
er_001479.txt,794,37388,734,30.107477,True,0.050357,0.0
er_001480.txt,998,86828,956,30.320831,True,0.151786,0.0
er_001481.txt,550,13145,482,30.05083,True,0.01839,0.0
er_001482.txt,208,1497,131,5.72874,True,0.001552,0.0
er_001483.txt,298,6573,255,30.01389,True,0.007988,0.0
er_001484.txt,648,27522,597,30.10785,True,0.049369,0.0
er_001485.txt,198,3303,160,14.87361,True,0.003489,0.0
er_001486.txt,322,4405,253,30.00983,True,0.005758,0.0
er_001487.txt,639,36583,599,30.131223,True,0.073704,0.0
er_001488.txt,432,5786,343,30.010413,True,0.005625,0.0
er_001489.txt,879,51657,827,30.191531,True,0.091004,0.0
er_001490.txt,735,52505,697,30.205511,True,0.108843,0.0
er_001491.txt,122,1033,83,1.997704,True,0.000843,0.0
er_001492.txt,702,22769,638,30.087218,True,0.039466,0.0
er_001493.txt,992,74015,942,30.220795,True,0.104864,0.0
er_001494.txt,317,5602,262,30.011678,True,0.006395,0.0
er_001495.txt,702,18936,621,30.063027,True,0.026035,0.0
er_001496.txt,428,7198,356,30.016625,True,0.010176,0.0
er_001497.txt,595,26926,552,30.09779,True,0.046676,0.0
er_001498.txt,466,20164,431,30.083849,True,0.032106,0.0
er_001499.txt,913,26638,808,30.089022,True,0.049397,0.0
er_001500.txt,861,50896,809,30.178845,True,0.090075,0.0
er_001501.txt,788,20303,687,30.057253,True,0.027241,0.0
er_001502.txt,685,36685,640,30.122965,True,0.060504,0.0
er_001503.txt,997,42482,915,30.148585,True,0.073135,0.0
er_001504.txt,671,15168,579,30.082961,True,0.045326,0.0
er_001505.txt,904,43315,838,30.156648,True,0.075706,0.0
er_001506.txt,820,18011,707,30.072569,True,0.025876,0.0
er_001507.txt,694,36796,649,30.127202,True,0.067765,0.0
er_001508.txt,828,43952,777,30.1437,True,0.068641,0.0
er_001509.txt,436,18662,402,30.074531,True,0.026074,0.0
er_001510.txt,456,14668,413,30.05962,True,0.017047,0.0
er_001511.txt,193,3726,161,13.847495,True,0.004384,0.0
er_001512.txt,156,1957,121,5.249709,True,0.002183,0.0
er_001513.txt,726,12985,608,30.046723,True,0.019962,0.0
er_001514.txt,542,25738,504,30.089066,True,0.038211,0.0
er_001515.txt,276,4901,223,30.009997,True,0.00535,0.0
er_001516.txt,805,32631,741,30.116579,True,0.063787,0.0
er_001517.txt,372,10904,335,30.048139,True,0.011862,0.0
er_001518.txt,76,474,46,0.41453,True,0.000804,0.0
er_001519.txt,714,22603,639,30.078125,True,0.036203,0.0
er_001520.txt,389,7023,325,30.015218,True,0.009733,0.0
er_001521.txt,958,39098,880,30.154341,True,0.089136,0.0
er_001522.txt,787,28759,713,30.080912,True,0.043454,0.0
er_001523.txt,450,9633,386,30.042804,True,0.011184,0.0
er_001524.txt,727,46860,686,30.150832,True,0.075519,0.0
er_001525.txt,83,546,50,0.864106,True,0.000485,0.0
er_001526.txt,131,448,59,0.757397,True,0.000524,0.0
er_001527.txt,429,5084,332,30.011721,True,0.006763,0.0
er_001528.txt,691,16067,595,30.053382,True,0.021381,0.0
er_001529.txt,329,7231,282,30.015105,True,0.008918,0.0
er_001530.txt,170,786,87,2.56871,True,0.000751,0.0
er_001531.txt,717,20072,638,30.062834,True,0.029496,0.0
er_001532.txt,539,26591,500,30.077701,True,0.034478,0.0
er_001533.txt,282,5303,236,30.009278,True,0.004968,0.0
er_001534.txt,389,7221,322,30.015525,True,0.009039,0.0
er_001535.txt,261,3852,204,26.398578,True,0.005377,0.0
er_001536.txt,427,11838,380,30.057214,True,0.016842,0.0
er_001537.txt,854,35569,785,30.149058,True,0.067696,0.0
er_001538.txt,856,26116,774,30.090399,True,0.043813,0.0
er_001539.txt,710,29797,657,30.137393,True,0.07924,0.0
er_001540.txt,342,8957,302,30.049868,True,0.010425,0.0
er_001541.txt,176,2040,127,6.80288,True,0.002566,0.0
er_001542.txt,816,46579,767,30.164328,True,0.07577,0.0
er_001543.txt,818,48541,770,30.1428,True,0.069599,0.0
er_001544.txt,241,3444,187,19.787403,True,0.003512,0.0
er_001545.txt,169,2890,136,13.735582,True,0.003118,0.0
er_001546.txt,102,494,52,0.640923,True,0.000626,0.0
er_001547.txt,869,73424,836,30.25694,True,0.136218,0.0
er_001548.txt,615,33617,577,30.136882,True,0.057615,0.0
er_001549.txt,169,1084,100,4.35019,True,0.000853,0.0
er_001550.txt,80,511,48,0.692982,True,0.000429,0.0
er_001551.txt,704,12480,581,30.052719,True,0.016855,0.0
er_001552.txt,58,214,27,0.110652,True,0.000255,0.0
er_001553.txt,796,23796,711,30.083102,True,0.03215,0.0
er_001554.txt,569,17165,511,30.062283,True,0.024113,0.0
er_001555.txt,841,46495,789,30.156406,True,0.074839,0.0
er_001556.txt,78,276,34,0.309046,True,0.000312,0.0
er_001557.txt,372,12060,337,30.054339,True,0.014489,0.0
er_001558.txt,439,17025,404,30.06883,True,0.021866,0.0
er_001559.txt,446,9936,386,30.047884,True,0.013921,0.0
er_001560.txt,635,11190,522,30.043236,True,0.013956,0.0
er_001561.txt,528,15080,470,30.074815,True,0.036222,0.0
er_001562.txt,991,82576,948,30.28485,True,0.145489,0.0
er_001563.txt,872,68257,834,30.249379,True,0.115069,0.0
er_001564.txt,834,30271,758,30.109118,True,0.054428,0.0
er_001565.txt,999,56505,939,30.228249,True,0.128802,0.0
er_001566.txt,699,29884,644,30.111083,True,0.052745,0.0
er_001567.txt,803,37969,742,30.150649,True,0.076842,0.0
er_001568.txt,254,4887,212,27.991,True,0.005584,0.0
er_001569.txt,77,505,47,0.504335,True,0.000448,0.0
er_001570.txt,595,24700,544,30.091432,True,0.039742,0.0
er_001571.txt,147,1730,112,4.367067,True,0.002118,0.0
er_001572.txt,59,117,15,0.032073,True,0.000132,0.0
er_001573.txt,121,810,75,1.477279,True,0.001205,0.0
er_001574.txt,593,29571,550,30.102148,True,0.046066,0.0
er_001575.txt,506,7777,406,30.037505,True,0.01047,0.0
er_001576.txt,648,41893,611,30.152905,True,0.078768,0.0
er_001577.txt,527,18802,480,30.076508,True,0.032306,0.0
er_001578.txt,470,11696,412,30.06723,True,0.034664,0.0
er_001579.txt,796,29562,723,30.114453,True,0.061968,0.0
er_001580.txt,534,18783,484,30.064354,True,0.025167,0.0
er_001581.txt,576,26159,534,30.103169,True,0.043399,0.0
er_001582.txt,822,22281,730,30.075953,True,0.033022,0.0
er_001583.txt,516,14121,456,30.05308,True,0.018996,0.0
er_001584.txt,278,2941,202,14.607345,True,0.002879,0.0
er_001585.txt,410,4750,307,30.01215,True,0.007013,0.0
er_001586.txt,973,68628,928,30.24881,True,0.120443,0.0
er_001587.txt,170,1225,111,3.961583,True,0.000985,0.0
er_001588.txt,926,74717,886,30.243171,True,0.133907,0.0
er_001589.txt,300,3157,220,15.690557,True,0.003246,0.0
er_001590.txt,572,23624,526,30.084813,True,0.035801,0.0
er_001591.txt,968,85417,931,30.29027,True,0.151237,0.0
er_001592.txt,558,17981,504,30.062104,True,0.023123,0.0
er_001593.txt,586,18659,529,30.065122,True,0.027541,0.0
er_001594.txt,322,3652,239,19.477349,True,0.003663,0.0
er_001595.txt,530,20946,484,30.075846,True,0.028251,0.0
er_001596.txt,97,780,65,1.222716,True,0.000765,0.0
er_001597.txt,68,418,42,0.407973,True,0.000512,0.0
er_001598.txt,368,7994,316,30.017402,True,0.010708,0.0
er_001599.txt,185,2976,150,14.030067,True,0.002855,0.0
er_001600.txt,948,58650,893,30.19393,True,0.111863,0.0
er_001601.txt,645,32166,602,30.113012,True,0.057657,0.0
er_001602.txt,907,47562,845,30.161451,True,0.084747,0.0
er_001603.txt,544,21501,501,30.085712,True,0.032209,0.0
er_001604.txt,532,22881,490,30.084827,True,0.035668,0.0
er_001605.txt,328,6321,276,30.013607,True,0.007644,0.0
er_001606.txt,674,23590,613,30.097553,True,0.050645,0.0
er_001607.txt,796,20598,702,30.076509,True,0.036557,0.0
er_001608.txt,111,789,71,1.936725,True,0.000794,0.0
er_001609.txt,134,1372,95,5.067597,True,0.001495,0.0
er_001610.txt,463,9582,398,30.041768,True,0.010837,0.0
er_001611.txt,888,71622,853,30.23009,True,0.121169,0.0
er_001612.txt,404,13850,369,30.059439,True,0.016789,0.0
er_001613.txt,504,22252,460,30.079319,True,0.033337,0.0
er_001614.txt,995,58765,941,30.188145,True,0.097233,0.0
er_001615.txt,988,83822,948,30.313071,True,0.168619,0.0
er_001616.txt,456,18145,418,30.079129,True,0.041275,0.0
er_001617.txt,581,13679,508,30.048913,True,0.018403,0.0
er_001618.txt,526,11597,450,30.047924,True,0.017042,0.0
er_001619.txt,122,1162,86,2.074104,True,0.001048,0.0
er_001620.txt,390,6000,315,30.012291,True,0.0068,0.0
er_001621.txt,414,5672,322,30.011112,True,0.006444,0.0
er_001622.txt,309,7914,271,30.015897,True,0.009328,0.0
er_001623.txt,407,6024,325,30.012862,True,0.008008,0.0
er_001624.txt,601,25953,556,30.096381,True,0.042518,0.0
er_001625.txt,78,459,46,0.490304,True,0.000454,0.0
er_001626.txt,303,6753,260,30.014472,True,0.007959,0.0
er_001627.txt,777,39361,726,30.147965,True,0.07006,0.0
er_001628.txt,893,38724,825,30.143134,True,0.061592,0.0
er_001629.txt,792,26408,713,30.094265,True,0.044913,0.0
er_001630.txt,627,14773,546,30.049753,True,0.017833,0.0
er_001631.txt,368,9868,326,30.05535,True,0.012991,0.0
er_001632.txt,371,7250,313,30.016164,True,0.009531,0.0
er_001633.txt,988,64811,939,30.24516,True,0.130812,0.0
er_001634.txt,406,5328,319,30.010227,True,0.005526,0.0
er_001635.txt,105,468,50,0.534741,True,0.000504,0.0
er_001636.txt,820,60591,781,30.177148,True,0.095404,0.0
er_001637.txt,387,10048,343,30.050852,True,0.014107,0.0
er_001638.txt,673,19886,597,30.093202,True,0.054484,0.0
er_001639.txt,989,68240,936,30.250002,True,0.132618,0.0
er_001640.txt,828,30199,755,30.091868,True,0.041832,0.0
er_001641.txt,145,1061,92,2.398538,True,0.001002,0.0
er_001642.txt,429,15233,391,30.060085,True,0.019306,0.0
er_001643.txt,718,23897,648,30.080855,True,0.041348,0.0
er_001644.txt,678,40271,636,30.127747,True,0.060795,0.0
er_001645.txt,398,5043,306,30.009412,True,0.00551,0.0
er_001646.txt,758,34354,700,30.125412,True,0.059092,0.0
er_001647.txt,348,8751,304,30.053317,True,0.013978,0.0
er_001648.txt,601,15271,524,30.054877,True,0.020525,0.0
er_001649.txt,270,3552,209,15.613075,True,0.003965,0.0
er_001650.txt,257,6112,218,30.012788,True,0.006895,0.0
er_001651.txt,250,5748,213,30.011467,True,0.006079,0.0
er_001652.txt,470,15184,423,30.076012,True,0.02385,0.0
er_001653.txt,502,8292,413,30.04111,True,0.011964,0.0
er_001654.txt,521,21034,480,30.066321,True,0.029249,0.0
er_001655.txt,69,176,23,0.080406,True,0.000188,0.0
er_001656.txt,948,75168,902,30.233306,True,0.114161,0.0
er_001657.txt,210,3606,172,18.435307,True,0.003363,0.0
er_001658.txt,725,50568,690,30.170902,True,0.094562,0.0
er_001659.txt,567,20970,517,30.073156,True,0.025455,0.0
er_001660.txt,226,3029,172,20.476328,True,0.003175,0.0
er_001661.txt,892,62581,845,30.207329,True,0.104846,0.0
er_001662.txt,431,13481,387,30.059779,True,0.016706,0.0
er_001663.txt,708,26160,645,30.088708,True,0.041396,0.0
er_001664.txt,180,976,99,3.611275,True,0.000921,0.0
er_001665.txt,874,22064,766,30.07168,True,0.034287,0.0
er_001666.txt,921,63345,875,30.211057,True,0.125817,0.0
er_001667.txt,581,10214,491,30.040178,True,0.013494,0.0
er_001668.txt,213,2715,160,14.302234,True,0.00256,0.0
er_001669.txt,900,77726,864,30.323747,True,0.180941,0.0
er_001670.txt,201,1294,123,6.357448,True,0.001355,0.0
er_001671.txt,503,18216,458,30.067867,True,0.027666,0.0
er_001672.txt,255,4403,211,25.778254,True,0.004471,0.0
er_001673.txt,752,18033,660,30.053888,True,0.025557,0.0
er_001674.txt,973,24329,847,30.074556,True,0.0304,0.0
er_001675.txt,663,29349,611,30.118431,True,0.045962,0.0
er_001676.txt,214,3325,173,20.47229,True,0.00425,0.0
er_001677.txt,437,15989,399,30.081678,True,0.043947,0.0
er_001678.txt,336,5072,268,30.010629,True,0.006047,0.0
er_001679.txt,996,63583,940,30.213798,True,0.113342,0.0
er_001680.txt,420,8112,353,30.042731,True,0.00916,0.0
er_001681.txt,710,19695,631,30.067273,True,0.030896,0.0
er_001682.txt,747,49889,704,30.190444,True,0.081379,0.0
er_001683.txt,548,22909,502,30.08891,True,0.036525,0.0
er_001684.txt,281,4333,222,30.008997,True,0.004876,0.0
er_001685.txt,442,17643,405,30.059932,True,0.024321,0.0
er_001686.txt,632,11986,532,30.043295,True,0.013328,0.0
er_001687.txt,586,31612,552,30.126406,True,0.051948,0.0
er_001688.txt,679,35747,635,30.13915,True,0.064155,0.0
er_001689.txt,940,84083,902,30.276731,True,0.159139,0.0
er_001690.txt,127,1042,87,2.185562,True,0.000802,0.0
er_001691.txt,97,354,42,0.313297,True,0.000334,0.0
er_001692.txt,393,11968,350,30.051066,True,0.013587,0.0
er_001693.txt,183,3046,146,21.480356,True,0.00291,0.0
er_001694.txt,243,1640,154,8.269213,True,0.001531,0.0
er_001695.txt,422,15139,384,30.059195,True,0.022335,0.0
er_001696.txt,849,29956,771,30.103997,True,0.05028,0.0
er_001697.txt,634,12757,543,30.060697,True,0.031898,0.0
er_001698.txt,445,11136,386,30.04656,True,0.012224,0.0
er_001699.txt,663,25079,605,30.092755,True,0.043495,0.0
er_001700.txt,302,8009,268,30.01644,True,0.009385,0.0
er_001701.txt,342,3084,237,30.007098,True,0.003181,0.0
er_001702.txt,582,12465,500,30.051124,True,0.01766,0.0
er_001703.txt,898,58549,850,30.1915,True,0.101342,0.0
er_001704.txt,609,19261,547,30.06468,True,0.0234,0.0
er_001705.txt,323,3717,238,30.007095,True,0.003987,0.0
er_001706.txt,623,27363,577,30.103539,True,0.044168,0.0
er_001707.txt,146,1816,112,6.262795,True,0.002197,0.0
er_001708.txt,609,12189,518,30.051747,True,0.021128,0.0
er_001709.txt,671,30051,617,30.122547,True,0.057752,0.0
er_001710.txt,895,21838,776,30.080913,True,0.037713,0.0
er_001711.txt,418,6502,341,30.01297,True,0.00745,0.0
er_001712.txt,498,22494,461,30.08776,True,0.034666,0.0
er_001713.txt,897,29912,807,30.098104,True,0.051347,0.0
er_001714.txt,133,1557,98,4.260869,True,0.001676,0.0
er_001715.txt,413,5674,324,30.01421,True,0.008245,0.0
er_001716.txt,272,6146,234,30.012305,True,0.007204,0.0
er_001717.txt,346,11435,313,30.057985,True,0.01408,0.0
er_001718.txt,147,859,86,2.461618,True,0.000814,0.0
er_001719.txt,766,20068,670,30.085351,True,0.041622,0.0
er_001720.txt,968,39098,892,30.112452,True,0.055801,0.0
er_001721.txt,812,28539,741,30.106627,True,0.039473,0.0
er_001722.txt,902,69559,860,30.201751,True,0.108146,0.0
er_001723.txt,392,9722,344,30.04424,True,0.009872,0.0
er_001724.txt,413,15741,375,30.057019,True,0.017501,0.0
er_001725.txt,876,34752,802,30.114008,True,0.062104,0.0
er_001726.txt,971,79750,930,30.26838,True,0.128538,0.0
er_001727.txt,570,24902,527,30.091508,True,0.043779,0.0
er_001728.txt,891,31789,807,30.106367,True,0.049865,0.0
er_001729.txt,847,25426,756,30.0803,True,0.037303,0.0
er_001730.txt,81,164,20,0.062071,True,0.000227,0.0
er_001731.txt,755,38443,707,30.138139,True,0.072948,0.0
er_001732.txt,556,12332,476,30.061222,True,0.027396,0.0
er_001733.txt,795,29502,723,30.09462,True,0.044005,0.0
er_001734.txt,856,32899,782,30.103767,True,0.052187,0.0
er_001735.txt,372,13776,341,30.057716,True,0.016398,0.0
er_001736.txt,650,10831,543,30.04204,True,0.013795,0.0
er_001737.txt,920,67987,878,30.235642,True,0.126642,0.0
er_001738.txt,362,9633,320,30.046991,True,0.009416,0.0
er_001739.txt,895,30578,805,30.092944,True,0.051773,0.0
er_001740.txt,210,1234,123,5.213755,True,0.001108,0.0
er_001741.txt,381,7346,321,30.016992,True,0.00952,0.0
er_001742.txt,890,44564,829,30.157262,True,0.077868,0.0
er_001743.txt,730,19602,645,30.069363,True,0.033504,0.0
er_001744.txt,271,3583,209,30.007144,True,0.003805,0.0
er_001745.txt,170,1139,104,3.479467,True,0.00094,0.0
er_001746.txt,458,14686,411,30.056513,True,0.016819,0.0
er_001747.txt,701,28557,646,30.086721,True,0.045581,0.0
er_001748.txt,732,28636,673,30.124955,True,0.076234,0.0
er_001749.txt,727,31783,669,30.097356,True,0.047676,0.0
er_001750.txt,614,9905,499,30.043422,True,0.011769,0.0
er_001751.txt,550,19291,496,30.059011,True,0.02381,0.0
er_001752.txt,840,18446,728,30.0732,True,0.031446,0.0
er_001753.txt,341,9403,302,30.055466,True,0.01178,0.0
er_001754.txt,589,24707,538,30.099576,True,0.04286,0.0
er_001755.txt,496,7100,401,30.038566,True,0.009273,0.0
er_001756.txt,319,5614,264,30.011434,True,0.006754,0.0
er_001757.txt,584,25817,540,30.09961,True,0.048397,0.0
er_001758.txt,434,16633,396,30.05838,True,0.021453,0.0
er_001759.txt,379,4683,290,30.011173,True,0.006369,0.0
er_001760.txt,835,18926,718,30.060827,True,0.0306,0.0
er_001761.txt,758,56926,721,30.181069,True,0.091953,0.0
er_001762.txt,649,39446,611,30.133186,True,0.060592,0.0
er_001763.txt,141,1879,111,5.404636,True,0.001748,0.0
er_001764.txt,518,25583,481,30.0865,True,0.043248,0.0
er_001765.txt,742,27930,678,30.085553,True,0.037017,0.0
er_001766.txt,983,43096,907,30.161688,True,0.082154,0.0
er_001767.txt,284,3308,208,25.170096,True,0.003926,0.0
er_001768.txt,546,9252,446,30.046401,True,0.011339,0.0
er_001769.txt,541,22151,495,30.067017,True,0.029224,0.0
er_001770.txt,300,7014,260,30.013701,True,0.007697,0.0
er_001771.txt,187,2409,143,6.889868,True,0.002232,0.0
er_001772.txt,752,56284,717,30.191494,True,0.092688,0.0
er_001773.txt,586,17132,521,30.052868,True,0.020316,0.0
er_001774.txt,475,19560,438,30.064828,True,0.031065,0.0
er_001775.txt,850,57199,806,30.210239,True,0.105812,0.0
er_001776.txt,502,20818,463,30.076754,True,0.0338,0.0
er_001777.txt,262,3443,201,27.51448,True,0.003583,0.0
er_001778.txt,903,69472,858,30.24499,True,0.144611,0.0
er_001779.txt,548,24405,509,30.085063,True,0.042844,0.0
er_001780.txt,197,3552,159,20.133086,True,0.005708,0.0
er_001781.txt,628,25240,577,30.083291,True,0.032093,0.0
er_001782.txt,245,5388,209,30.010634,True,0.005665,0.0
er_001783.txt,338,3937,251,30.009036,True,0.004948,0.0
er_001784.txt,634,25116,579,30.096107,True,0.040257,0.0
er_001785.txt,548,22939,506,30.07409,True,0.032701,0.0
er_001786.txt,162,1038,101,2.765523,True,0.000988,0.0
er_001787.txt,740,21410,663,30.058867,True,0.02919,0.0
er_001788.txt,493,13363,437,30.074524,True,0.04108,0.0
er_001789.txt,422,16448,389,30.061801,True,0.020372,0.0
er_001790.txt,58,143,18,0.056085,True,0.000244,0.0
er_001791.txt,667,20593,600,30.067581,True,0.033001,0.0
er_001792.txt,955,74688,910,30.236909,True,0.127701,0.0
er_001793.txt,354,5063,282,30.009636,True,0.00552,0.0
er_001794.txt,81,506,51,0.684247,True,0.000495,0.0
er_001795.txt,818,17811,696,30.069731,True,0.028553,0.0
er_001796.txt,486,19996,448,30.066722,True,0.028024,0.0
er_001797.txt,292,6802,250,30.013544,True,0.007932,0.0
er_001798.txt,227,4166,189,17.371423,True,0.004109,0.0
er_001799.txt,494,6944,393,30.04119,True,0.010143,0.0
er_001800.txt,101,292,37,0.313352,True,0.000363,0.0
er_001801.txt,327,6000,272,30.013548,True,0.008257,0.0
er_001802.txt,767,40112,716,30.143855,True,0.070091,0.0
er_001803.txt,350,6265,291,30.011922,True,0.007221,0.0
er_001804.txt,158,1528,109,5.159973,True,0.001603,0.0
er_001805.txt,638,18423,566,30.072079,True,0.025034,0.0
er_001806.txt,651,15470,570,30.054664,True,0.022726,0.0
er_001807.txt,740,51324,704,30.18196,True,0.092441,0.0
er_001808.txt,374,3518,265,20.869895,True,0.004828,0.0
er_001809.txt,434,10764,380,30.050639,True,0.013197,0.0
er_001810.txt,481,16244,435,30.081084,True,0.04176,0.0
er_001811.txt,572,17721,515,30.068563,True,0.025504,0.0
er_001812.txt,906,78130,865,30.257028,True,0.136991,0.0
er_001813.txt,675,11483,554,30.041972,True,0.016563,0.0
er_001814.txt,460,12280,403,30.051775,True,0.015933,0.0
er_001815.txt,320,7748,276,30.016186,True,0.00979,0.0
er_001816.txt,848,25137,759,30.0957,True,0.041694,0.0
er_001817.txt,66,348,35,0.255805,True,0.000301,0.0
er_001818.txt,425,10106,368,30.054357,True,0.012987,0.0
er_001819.txt,427,12070,377,30.05257,True,0.013193,0.0
er_001820.txt,522,21605,479,30.080034,True,0.0345,0.0
er_001821.txt,897,63740,847,30.234684,True,0.130203,0.0
er_001822.txt,462,7677,379,30.044885,True,0.00972,0.0
er_001823.txt,266,2149,179,11.21037,True,0.003257,0.0
er_001824.txt,315,8231,276,30.018225,True,0.010708,0.0
er_001825.txt,178,2463,136,15.846874,True,0.002872,0.0
er_001826.txt,877,66320,837,30.258189,True,0.14052,0.0
er_001827.txt,312,5166,252,30.010306,True,0.005819,0.0
er_001828.txt,622,33475,581,30.129022,True,0.058961,0.0
er_001829.txt,580,9188,478,30.06993,True,0.035028,0.0
er_001830.txt,473,13639,422,30.055269,True,0.019641,0.0
er_001831.txt,471,7529,388,30.042022,True,0.009327,0.0
er_001832.txt,205,2761,158,12.430789,True,0.002765,0.0
er_001833.txt,321,7893,278,30.017227,True,0.010153,0.0
er_001834.txt,141,752,83,1.638027,True,0.000697,0.0
er_001835.txt,314,4864,250,29.93377,True,0.006041,0.0
er_001836.txt,808,61967,771,30.200143,True,0.10544,0.0
er_001837.txt,649,23527,591,30.078192,True,0.033933,0.0
er_001838.txt,842,60642,800,30.174353,True,0.096503,0.0
er_001839.txt,873,37569,807,30.130507,True,0.059003,0.0
er_001840.txt,711,22947,641,30.080704,True,0.034767,0.0
er_001841.txt,312,7039,269,30.014447,True,0.008229,0.0
er_001842.txt,161,1193,102,5.359101,True,0.001051,0.0
er_001843.txt,130,1122,88,3.783442,True,0.000992,0.0
er_001844.txt,80,197,27,0.134103,True,0.000248,0.0
er_001845.txt,91,686,59,1.099685,True,0.00054,0.0
er_001846.txt,190,2709,146,12.245449,True,0.003121,0.0
er_001847.txt,778,52006,739,30.213062,True,0.099539,0.0
er_001848.txt,845,43531,786,30.140088,True,0.058601,0.0
er_001849.txt,131,1442,96,3.743938,True,0.001465,0.0
er_001850.txt,830,37780,768,30.135151,True,0.074684,0.0
er_001851.txt,748,39407,698,30.127785,True,0.063395,0.0
er_001852.txt,155,834,85,3.339321,True,0.000781,0.0
er_001853.txt,902,41670,838,30.16456,True,0.083135,0.0
er_001854.txt,728,15662,627,30.062611,True,0.027581,0.0
er_001855.txt,191,2072,141,6.28208,True,0.002389,0.0
er_001856.txt,909,56369,857,30.19233,True,0.101311,0.0
er_001857.txt,636,10483,520,30.045632,True,0.015784,0.0
er_001858.txt,277,6250,238,30.013886,True,0.007799,0.0
er_001859.txt,318,7437,275,30.014587,True,0.008566,0.0
er_001860.txt,312,8407,273,30.015563,True,0.009347,0.0
er_001861.txt,638,19528,571,30.073334,True,0.029691,0.0
er_001862.txt,670,21330,604,30.076221,True,0.032255,0.0
er_001863.txt,775,40773,719,30.126784,True,0.062417,0.0
er_001864.txt,699,32507,647,30.12472,True,0.066373,0.0
er_001865.txt,387,6416,317,30.014405,True,0.00841,0.0
er_001866.txt,546,25222,506,30.098403,True,0.036951,0.0
er_001867.txt,497,15995,447,30.060794,True,0.02241,0.0
er_001868.txt,397,15166,365,30.076148,True,0.038348,0.0
er_001869.txt,513,9433,434,30.0418,True,0.010722,0.0
er_001870.txt,653,42323,619,30.152607,True,0.079742,0.0
er_001871.txt,854,40965,796,30.128902,True,0.070783,0.0
er_001872.txt,957,85120,918,30.273053,True,0.14371,0.0
er_001873.txt,172,742,86,2.051676,True,0.000628,0.0
er_001874.txt,793,51600,750,30.174136,True,0.090015,0.0
er_001875.txt,964,58242,907,30.192019,True,0.09911,0.0
er_001876.txt,352,10263,316,30.049664,True,0.012526,0.0
er_001877.txt,166,2217,127,12.29868,True,0.002336,0.0
er_001878.txt,625,14031,540,30.045332,True,0.017857,0.0
er_001879.txt,521,15988,467,30.073762,True,0.026398,0.0
er_001880.txt,855,69608,817,30.257009,True,0.136172,0.0
er_001881.txt,952,86702,913,30.335355,True,0.166784,0.0
er_001882.txt,358,3757,261,29.853905,True,0.004704,0.0
er_001883.txt,127,1251,90,3.210866,True,0.001291,0.0
er_001884.txt,157,643,73,1.592507,True,0.000616,0.0
er_001885.txt,164,2355,129,7.987907,True,0.002647,0.0
er_001886.txt,920,43709,856,30.181796,True,0.093199,0.0
er_001887.txt,445,16640,408,30.094619,True,0.04895,0.0
er_001888.txt,236,3810,190,25.580045,True,0.00392,0.0
er_001889.txt,338,8218,295,30.020229,True,0.012656,0.0
er_001890.txt,63,144,19,0.058164,True,0.000183,0.0
er_001891.txt,215,2259,156,9.462043,True,0.002819,0.0
er_001892.txt,532,23680,492,30.092081,True,0.036511,0.0
er_001893.txt,99,844,66,1.839701,True,0.000792,0.0
er_001894.txt,515,20290,471,30.083521,True,0.034057,0.0
er_001895.txt,988,76027,943,30.265947,True,0.136943,0.0
er_001896.txt,54,154,23,0.067259,True,0.000188,0.0
er_001897.txt,95,232,30,0.189275,True,0.000295,0.0
er_001898.txt,647,17558,571,30.077955,True,0.0307,0.0
er_001899.txt,719,46666,683,30.188423,True,0.09928,0.0
er_001900.txt,862,27182,778,30.086336,True,0.041254,0.0
er_001901.txt,354,5692,286,30.013607,True,0.007897,0.0
er_001902.txt,78,623,53,0.798467,True,0.000602,0.0
er_001903.txt,421,5293,329,30.011693,True,0.007213,0.0
er_001904.txt,357,7554,307,30.01507,True,0.008164,0.0
er_001905.txt,726,35414,678,30.130436,True,0.069396,0.0
er_001906.txt,161,894,91,2.034983,True,0.000731,0.0
er_001907.txt,274,5377,231,28.117979,True,0.00604,0.0
er_001908.txt,119,985,77,2.376511,True,0.000934,0.0
er_001909.txt,354,6347,294,30.014345,True,0.008641,0.0
er_001910.txt,96,903,68,1.241578,True,0.00098,0.0
er_001911.txt,300,5914,254,30.012227,True,0.006765,0.0
er_001912.txt,506,16676,455,30.076819,True,0.030428,0.0
er_001913.txt,193,1687,134,6.974998,True,0.00188,0.0
er_001914.txt,161,973,98,1.903829,True,0.001602,0.0
er_001915.txt,673,31620,623,30.11142,True,0.052301,0.0
er_001916.txt,673,16426,589,30.054575,True,0.022172,0.0
er_001917.txt,933,34362,855,30.128831,True,0.078478,0.0
er_001918.txt,872,55090,824,30.201384,True,0.088714,0.0
er_001919.txt,709,40995,668,30.173287,True,0.095659,0.0
er_001920.txt,107,717,68,1.16553,True,0.000616,0.0
er_001921.txt,999,95963,963,30.355109,True,0.177342,0.0
er_001922.txt,459,6999,370,30.041247,True,0.009707,0.0
er_001923.txt,344,10144,305,30.053368,True,0.012336,0.0
er_001924.txt,767,24242,693,30.082291,True,0.037161,0.0
er_001925.txt,294,7396,255,30.01381,True,0.008294,0.0
er_001926.txt,231,3770,186,30.007958,True,0.004032,0.0
er_001927.txt,127,1374,96,3.178224,True,0.001599,0.0
er_001928.txt,931,73054,891,30.226833,True,0.109259,0.0
er_001929.txt,709,17789,626,30.060033,True,0.027084,0.0
er_001930.txt,413,11748,368,30.051451,True,0.014181,0.0
er_001931.txt,649,13703,554,30.056991,True,0.023612,0.0
er_001932.txt,388,11183,345,30.056678,True,0.015653,0.0
er_001933.txt,510,12265,446,30.053845,True,0.016899,0.0
er_001934.txt,606,16390,530,30.101717,True,0.049761,0.0
er_001935.txt,869,25004,773,30.093667,True,0.047857,0.0
er_001936.txt,143,1307,99,3.463603,True,0.001483,0.0
er_001937.txt,702,28539,644,30.118647,True,0.050927,0.0
er_001938.txt,714,29678,656,30.12132,True,0.062619,0.0
er_001939.txt,387,5964,308,30.012341,True,0.007077,0.0
er_001940.txt,373,4653,287,30.010122,True,0.005704,0.0
er_001941.txt,520,18723,472,30.07088,True,0.030467,0.0
er_001942.txt,888,76048,853,30.2483,True,0.127463,0.0
er_001943.txt,739,38099,694,30.1163,True,0.055968,0.0
er_001944.txt,208,2521,158,9.462727,True,0.002552,0.0
er_001945.txt,464,18326,424,30.079029,True,0.031478,0.0
er_001946.txt,397,11899,355,30.050905,True,0.016883,0.0
er_001947.txt,330,2796,218,30.005823,True,0.003156,0.0
er_001948.txt,647,19432,576,30.076247,True,0.028211,0.0
er_001949.txt,65,232,29,0.133388,True,0.000273,0.0
er_001950.txt,989,92873,956,30.384487,True,0.210421,0.0
er_001951.txt,298,2734,206,23.606976,True,0.003038,0.0
er_001952.txt,442,9345,379,30.050351,True,0.011671,0.0
er_001953.txt,673,36926,631,30.130102,True,0.070897,0.0
er_001954.txt,262,1771,168,9.651037,True,0.00176,0.0
er_001955.txt,551,24221,507,30.100687,True,0.05721,0.0
er_001956.txt,820,39303,763,30.144826,True,0.062185,0.0
er_001957.txt,566,31078,529,30.115682,True,0.051652,0.0
er_001958.txt,425,9638,365,30.056767,True,0.014219,0.0
er_001959.txt,170,1620,119,7.479002,True,0.001972,0.0
er_001960.txt,231,2943,175,12.366401,True,0.003009,0.0
er_001961.txt,467,11792,411,30.050227,True,0.014229,0.0
er_001962.txt,125,1258,89,3.115937,True,0.001371,0.0
er_001963.txt,928,55482,882,30.208994,True,0.101292,0.0
er_001964.txt,989,73197,941,30.258937,True,0.145637,0.0
er_001965.txt,962,57884,909,30.205898,True,0.108396,0.0
er_001966.txt,623,29361,581,30.114101,True,0.055384,0.0
er_001967.txt,802,62560,766,30.215147,True,0.109838,0.0
er_001968.txt,378,11850,341,30.057655,True,0.01651,0.0
er_001969.txt,456,11791,403,30.057026,True,0.016992,0.0
er_001970.txt,760,30426,698,30.107927,True,0.058039,0.0
er_001971.txt,232,1969,158,9.603272,True,0.00216,0.0
er_001972.txt,390,5034,299,30.02962,True,0.024415,0.0
er_001973.txt,662,34463,619,30.112301,True,0.063687,0.0
er_001974.txt,338,7402,292,30.013688,True,0.007703,0.0
er_001975.txt,506,7923,412,30.045081,True,0.010685,0.0
er_001976.txt,173,1159,108,4.110145,True,0.001149,0.0
er_001977.txt,986,32804,887,30.105275,True,0.055699,0.0
er_001978.txt,930,25007,819,30.089132,True,0.037188,0.0
er_001979.txt,842,69830,807,30.255748,True,0.132678,0.0
er_001980.txt,775,40835,727,30.127507,True,0.062949,0.0
er_001981.txt,879,29864,795,30.111737,True,0.057728,0.0
er_001982.txt,205,1918,145,7.638973,True,0.002027,0.0
er_001983.txt,571,11220,480,30.047463,True,0.018956,0.0
er_001984.txt,485,15603,438,30.052505,True,0.018629,0.0
er_001985.txt,72,518,49,0.442647,True,0.000442,0.0
er_001986.txt,291,2961,206,26.395648,True,0.0034,0.0
er_001987.txt,717,20556,638,30.083725,True,0.035958,0.0
er_001988.txt,750,32094,693,30.126816,True,0.072301,0.0
er_001989.txt,325,6374,273,30.013631,True,0.00744,0.0
er_001990.txt,851,40680,796,30.142575,True,0.068918,0.0
er_001991.txt,743,46539,700,30.173484,True,0.080179,0.0
er_001992.txt,251,2702,183,19.959448,True,0.003023,0.0
er_001993.txt,445,19441,412,30.076697,True,0.026977,0.0
er_001994.txt,244,4400,201,25.771835,True,0.004915,0.0
er_001995.txt,589,30408,550,30.123611,True,0.058496,0.0
er_001996.txt,922,69371,883,30.252,True,0.1259,0.0
er_001997.txt,549,18652,497,30.07149,True,0.02456,0.0
er_001998.txt,904,65863,856,30.249534,True,0.135178,0.0
er_001999.txt,722,49086,685,30.189318,True,0.080511,0.0
real_000000.txt,25,46,10,0.008757,True,7.9e-05,0.0
real_000001.txt,121,245,30,0.180284,True,0.000386,0.0
real_000002.txt,13,14,1,0.000301,True,7.6e-05,0.0
real_000003.txt,25,46,10,0.008522,True,0.000117,0.0
real_000004.txt,639,1926,182,15.242928,True,0.003316,0.0
real_000005.txt,37,84,15,0.026328,True,8.8e-05,0.0
real_000006.txt,10,17,4,0.000998,True,3.9e-05,0.0
real_000007.txt,17,19,2,0.000376,True,5e-05,0.0
real_000008.txt,4059,21014,1914,30.092879,True,0.059608,0.0
real_000009.txt,32,89,11,0.021716,True,0.000127,0.0
real_000010.txt,965,10985,621,30.046167,True,0.020257,0.0
real_000011.txt,27,46,9,0.008109,True,6.6e-05,0.0
real_000012.txt,13,14,1,0.000217,True,3.7e-05,0.0
real_000013.txt,3655,12458,1258,30.044624,True,0.024664,0.0
real_000014.txt,1382,5341,505,30.027513,True,0.009322,0.0
real_000015.txt,13,14,1,0.000248,True,4.6e-05,0.0
real_000016.txt,1064,3269,340,30.008335,True,0.005112,0.0
real_000017.txt,42,81,13,0.023664,True,0.000113,0.0
real_000018.txt,15,20,2,0.00053,True,5.1e-05,0.0
real_000019.txt,27,46,9,0.008935,True,0.000243,0.0
real_000020.txt,34,78,7,0.013837,True,0.000118,0.0
real_000021.txt,4944,91675,4316,30.441147,True,0.250302,0.0
real_000022.txt,17,19,2,0.00044,True,5.4e-05,0.0
real_000023.txt,15,20,2,0.00057,True,4.9e-05,0.0
real_000024.txt,10,17,4,0.00103,True,3.4e-05,0.0
real_000025.txt,1791,18483,997,30.061667,True,0.039098,0.0
real_000026.txt,13,14,1,0.000265,True,4.1e-05,0.0
real_000027.txt,17,19,2,0.000372,True,5.5e-05,0.0
real_000028.txt,77,254,29,0.120633,True,0.000332,0.0
real_000029.txt,34,78,7,0.014164,True,0.000124,0.0
real_000030.txt,13,14,1,0.000243,True,4.7e-05,0.0
real_000031.txt,10,17,4,0.001022,True,3.6e-05,0.0
real_000032.txt,1802,6386,589,30.03278,True,0.015873,0.0
real_000033.txt,10,17,4,0.000996,True,4e-05,0.0
real_000034.txt,37,84,15,0.027058,True,0.000112,0.0
real_000035.txt,25,46,10,0.008579,True,7.3e-05,0.0
real_000036.txt,10,17,4,0.001048,True,4.1e-05,0.0
real_000037.txt,105,283,29,0.395608,True,0.000397,0.0
real_000038.txt,13,14,1,0.000252,True,4.4e-05,0.0
real_000039.txt,32,89,11,0.023908,True,0.000133,0.0
real_000040.txt,15,20,2,0.000728,True,5.2e-05,0.0
real_000041.txt,42,81,13,0.023272,True,0.000111,0.0
real_000042.txt,32,89,11,0.020825,True,0.000123,0.0
real_000043.txt,27,46,9,0.008426,True,6.4e-05,0.0
real_000044.txt,2534,12256,1138,30.051134,True,0.029874,0.0
real_000045.txt,23,51,8,0.010306,True,9.8e-05,0.0
real_000046.txt,1906,39836,1483,30.159223,True,0.099622,0.0
real_000047.txt,25,46,10,0.008358,True,6.7e-05,0.0
real_000048.txt,13,14,1,0.000223,True,4e-05,0.0
real_000049.txt,1401,10547,848,30.05156,True,0.03311,0.0
real_000050.txt,37,84,15,0.026281,True,0.000113,0.0
real_000051.txt,23,51,8,0.011875,True,7.7e-05,0.0
real_000052.txt,3028,52820,2076,30.210658,True,0.110818,0.0
real_000053.txt,1389,6299,565,30.028419,True,0.010633,0.0
real_000054.txt,13,14,1,0.000289,True,3.8e-05,0.0
real_000055.txt,15,20,2,0.000532,True,5.2e-05,0.0
real_000056.txt,25,46,10,0.008712,True,7.3e-05,0.0
real_000057.txt,329,1228,105,8.102998,True,0.001832,0.0
real_000058.txt,25,46,10,0.008746,True,7.4e-05,0.0
real_000059.txt,1756,6209,593,30.028408,True,0.012406,0.0
real_000060.txt,4632,78712,3868,30.392369,True,0.215526,0.0
real_000061.txt,13,14,1,0.00026,True,4.4e-05,0.0
real_000062.txt,4447,81451,3637,30.368853,True,0.21614,0.0
real_000063.txt,17,19,2,0.000372,True,4.7e-05,0.0
real_000064.txt,27,46,9,0.008243,True,5.6e-05,0.0
real_000065.txt,37,84,15,0.027146,True,9.9e-05,0.0
real_000066.txt,25,46,10,0.008585,True,9.1e-05,0.0
real_000067.txt,3860,112671,3242,30.551963,True,0.297152,0.0
real_000068.txt,32,89,11,0.020833,True,0.000165,0.0
real_000069.txt,2658,20970,1636,30.08956,True,0.059008,0.0
real_000070.txt,15,20,2,0.00055,True,5.6e-05,0.0
real_000071.txt,3904,17250,1663,30.063511,True,0.036049,0.0
real_000072.txt,2049,33474,1097,30.152724,True,0.103637,0.0
real_000073.txt,13,14,1,0.000243,True,3.8e-05,0.0
real_000074.txt,15,20,2,0.000521,True,4.2e-05,0.0
real_000075.txt,77,254,29,0.123192,True,0.000327,0.0
real_000076.txt,42,81,13,0.027308,True,0.000113,0.0
real_000077.txt,42,81,13,0.02411,True,0.000112,0.0
real_000078.txt,2991,11108,1072,30.042735,True,0.024427,0.0
real_000079.txt,1132,15258,540,30.059081,True,0.026743,0.0
real_000080.txt,13,14,1,0.000252,True,4.5e-05,0.0
real_000081.txt,2830,12305,1313,30.046841,True,0.023542,0.0
real_000082.txt,25,46,10,0.009665,True,9e-05,0.0
real_000083.txt,42,81,13,0.023423,True,0.000118,0.0
real_000084.txt,25,46,10,0.009164,True,8.9e-05,0.0
real_000085.txt,13,14,1,0.000226,True,3.9e-05,0.0
real_000086.txt,77,254,29,0.128527,True,0.000467,0.0
real_000087.txt,3304,14781,1401,30.086038,True,0.066215,0.0
real_000088.txt,15,20,2,0.000605,True,5.5e-05,0.0
real_000089.txt,1276,24133,712,30.091833,True,0.053486,0.0
real_000090.txt,13,14,1,0.000236,True,4.1e-05,0.0
real_000091.txt,15,20,2,0.000818,True,4.9e-05,0.0
real_000092.txt,2748,12901,1107,30.040723,True,0.02035,0.0
real_000093.txt,2442,22912,1529,30.089754,True,0.052473,0.0
real_000094.txt,32,89,11,0.021309,True,0.000176,0.0
real_000095.txt,4691,89101,3988,30.468012,True,0.251552,0.0
real_000096.txt,37,84,15,0.027962,True,0.000138,0.0
real_000097.txt,42,81,13,0.024013,True,0.000147,0.0
real_000098.txt,3402,33811,2269,30.14154,True,0.085988,0.0
real_000099.txt,2301,8214,831,30.033262,True,0.01754,0.0
real_000100.txt,32,89,11,0.020627,True,0.000184,0.0
real_000101.txt,13,14,1,0.000329,True,6.2e-05,0.0
real_000102.txt,2758,59030,1959,30.26531,True,0.147823,0.0
real_000103.txt,32,89,11,0.022534,True,0.000158,0.0
real_000104.txt,2615,11257,1081,30.061148,True,0.043714,0.0
real_000105.txt,13,14,1,0.000327,True,5e-05,0.0
real_000106.txt,10,17,4,0.001059,True,5.3e-05,0.0
real_000107.txt,1154,15929,752,30.058502,True,0.029043,0.0
real_000108.txt,13,14,1,0.000241,True,4.6e-05,0.0
real_000109.txt,13,14,1,0.000275,True,4.1e-05,0.0
real_000110.txt,13,14,1,0.000234,True,3.9e-05,0.0
real_000111.txt,37,84,15,0.026552,True,0.00011,0.0
real_000112.txt,23,51,8,0.008919,True,7.4e-05,0.0
real_000113.txt,23,51,8,0.008875,True,7.6e-05,0.0
real_000114.txt,13,14,1,0.000242,True,4.4e-05,0.0
real_000115.txt,25,46,10,0.008414,True,7.1e-05,0.0
real_000116.txt,3623,55076,2599,30.221448,True,0.129127,0.0
real_000117.txt,1102,24312,574,30.081937,True,0.042244,0.0
real_000118.txt,3054,17676,1495,30.083413,True,0.052652,0.0
real_000119.txt,3516,69548,2697,30.332196,True,0.180608,0.0
real_000120.txt,37,84,15,0.029965,True,0.0001,0.0
real_000121.txt,15,20,2,0.000581,True,5.2e-05,0.0
real_000122.txt,943,6711,522,30.030628,True,0.011224,0.0
real_000123.txt,912,5100,473,30.032868,True,0.011371,0.0
real_000124.txt,777,6620,350,30.036308,True,0.011443,0.0
real_000125.txt,4053,19513,1841,30.077128,True,0.046056,0.0
real_000126.txt,34,78,7,0.01373,True,0.000161,0.0
real_000127.txt,25,46,10,0.008526,True,9.2e-05,0.0
real_000128.txt,2834,37454,1913,30.169594,True,0.110637,0.0
real_000129.txt,2751,10314,1021,30.034544,True,0.019129,0.0
real_000130.txt,37,84,15,0.034713,True,0.000152,0.0
real_000131.txt,13,14,1,0.000409,True,7.6e-05,0.0
real_000132.txt,10,17,4,0.001802,True,5.7e-05,0.0
real_000133.txt,32,89,11,0.028542,True,0.00014,0.0
real_000134.txt,42,81,13,0.023864,True,0.000147,0.0
real_000135.txt,32,89,11,0.020898,True,0.000189,0.0
real_000136.txt,13,14,1,0.000304,True,6.1e-05,0.0
real_000137.txt,25,46,10,0.009145,True,0.000106,0.0
real_000138.txt,27,46,9,0.008817,True,0.000105,0.0
real_000139.txt,4744,83096,4072,30.436243,True,0.249885,0.0
real_000140.txt,13,14,1,0.000246,True,4.2e-05,0.0
real_000141.txt,34,78,7,0.013685,True,0.000102,0.0
real_000142.txt,13,14,1,0.00023,True,4.1e-05,0.0
real_000143.txt,3015,58999,2037,30.294703,True,0.167827,0.0
real_000144.txt,13,14,1,0.000289,True,6.8e-05,0.0
real_000145.txt,4023,13228,1369,30.049021,True,0.029893,0.0
real_000146.txt,15,20,2,0.000557,True,5.3e-05,0.0
real_000147.txt,25,46,10,0.008669,True,7.5e-05,0.0
real_000148.txt,2330,45713,1510,30.204224,True,0.100716,0.0
real_000149.txt,627,1849,205,13.138629,True,0.003695,0.0
real_000150.txt,25,46,10,0.010259,True,8.8e-05,0.0
real_000151.txt,3195,22946,1854,30.076596,True,0.050889,0.0
real_000152.txt,32,89,11,0.02382,True,0.000126,0.0
real_000153.txt,4444,115739,3911,30.625317,True,0.328604,0.0
real_000154.txt,4755,25483,2566,30.090497,True,0.062847,0.0
real_000155.txt,4158,13422,1397,30.04111,True,0.025804,0.0
real_000156.txt,23,51,8,0.010237,True,8.6e-05,0.0
real_000157.txt,1019,3401,342,30.009815,True,0.006493,0.0
real_000158.txt,1586,5343,519,30.04363,True,0.027371,0.0
real_000159.txt,1125,4833,469,30.027407,True,0.00857,0.0
real_000160.txt,15,20,2,0.000561,True,5.6e-05,0.0
real_000161.txt,27,46,9,0.008446,True,7.8e-05,0.0
real_000162.txt,3541,16441,1512,30.075282,True,0.049663,0.0
real_000163.txt,254,2402,164,18.512613,True,0.003141,0.0
real_000164.txt,23,51,8,0.009121,True,8.1e-05,0.0
real_000165.txt,947,3401,310,30.009451,True,0.006178,0.0
real_000166.txt,601,5103,309,30.014112,True,0.008469,0.0
real_000167.txt,13,14,1,0.000229,True,4e-05,0.0
real_000168.txt,23,51,8,0.008928,True,6.8e-05,0.0
real_000169.txt,23,51,8,0.008999,True,6.2e-05,0.0
real_000170.txt,27,46,9,0.008447,True,5.8e-05,0.0
real_000171.txt,212,655,54,1.327412,True,0.000801,0.0
real_000172.txt,25,46,10,0.00944,True,7.5e-05,0.0
real_000173.txt,23,51,8,0.009291,True,7.7e-05,0.0
real_000174.txt,3980,28034,2192,30.132116,True,0.093935,0.0
real_000175.txt,13,14,1,0.00028,True,4.6e-05,0.0
real_000176.txt,23,51,8,0.008978,True,8e-05,0.0
real_000177.txt,2424,9470,910,30.034218,True,0.018293,0.0
real_000178.txt,653,1732,169,19.284963,True,0.002723,0.0
real_000179.txt,23,51,8,0.009511,True,6.3e-05,0.0
real_000180.txt,23,51,8,0.009089,True,7.4e-05,0.0
real_000181.txt,156,1444,80,2.556746,True,0.001573,0.0
real_000182.txt,37,84,15,0.030964,True,0.000113,0.0
real_000183.txt,25,46,10,0.0086,True,9.8e-05,0.0
real_000184.txt,13,14,1,0.000251,True,4.5e-05,0.0
real_000185.txt,1169,20218,859,30.076989,True,0.037645,0.0
real_000186.txt,4634,77411,3887,30.328539,True,0.17551,0.0
real_000187.txt,471,5700,336,30.013127,True,0.008008,0.0
real_000188.txt,3776,73553,3201,30.300318,True,0.162078,0.0
real_000189.txt,2004,8563,838,30.031649,True,0.014138,0.0
real_000190.txt,13,14,1,0.00025,True,4.7e-05,0.0
real_000191.txt,23,51,8,0.009275,True,7.8e-05,0.0
real_000192.txt,15,20,2,0.000523,True,4.5e-05,0.0
real_000193.txt,13,14,1,0.000224,True,4e-05,0.0
real_000194.txt,77,254,29,0.128686,True,0.000359,0.0
real_000195.txt,77,254,29,0.124617,True,0.000314,0.0
real_000196.txt,77,254,29,0.129509,True,0.00033,0.0
real_000197.txt,834,2531,273,26.734517,True,0.004329,0.0
real_000198.txt,2623,31564,1605,30.181168,True,0.120842,0.0
real_000199.txt,3893,13043,1339,30.049262,True,0.033042,0.0
real_000200.txt,4745,109215,4047,30.562921,True,0.318912,0.0
real_000201.txt,37,84,15,0.027747,True,0.000103,0.0
real_000202.txt,27,46,9,0.008547,True,6.7e-05,0.0
real_000203.txt,15,20,2,0.00057,True,5.3e-05,0.0
real_000204.txt,23,51,8,0.009398,True,7e-05,0.0
real_000205.txt,25,46,10,0.009133,True,7.8e-05,0.0
real_000206.txt,13,14,1,0.000261,True,4.8e-05,0.0
real_000207.txt,13,14,1,0.000274,True,4.8e-05,0.0
real_000208.txt,13,14,1,0.000258,True,4.6e-05,0.0
real_000209.txt,1235,24284,946,30.091504,True,0.051595,0.0
real_000210.txt,1338,26591,1012,30.098186,True,0.051041,0.0
real_000211.txt,17,19,2,0.000386,True,5.4e-05,0.0
real_000212.txt,1282,5538,556,30.02575,True,0.009118,0.0
real_000213.txt,37,84,15,0.02703,True,0.00012,0.0
real_000214.txt,23,51,8,0.008894,True,7.7e-05,0.0
real_000215.txt,13,14,1,0.000284,True,4.1e-05,0.0
real_000216.txt,42,81,13,0.022971,True,0.000109,0.0
real_000217.txt,13,14,1,0.000252,True,5.2e-05,0.0
real_000218.txt,13,14,1,0.000243,True,4.4e-05,0.0
real_000219.txt,4375,14751,1447,30.045306,True,0.025682,0.0
real_000220.txt,4158,13422,1397,30.066149,True,0.050496,0.0
real_000221.txt,3351,63112,2753,30.268813,True,0.151744,0.0
real_000222.txt,4577,45006,3357,30.183913,True,0.113123,0.0
real_000223.txt,3723,63070,2861,30.301916,True,0.183331,0.0
real_000224.txt,10,17,4,0.000969,True,3.8e-05,0.0
real_000225.txt,4245,14951,1509,30.04915,True,0.027237,0.0
real_000226.txt,42,81,13,0.023101,True,0.000125,0.0
real_000227.txt,785,2941,318,30.007517,True,0.004327,0.0
real_000228.txt,4153,14728,1471,30.078304,True,0.059728,0.0
real_000229.txt,1620,29325,1213,30.114914,True,0.060962,0.0
real_000230.txt,34,78,7,0.013697,True,0.000116,0.0
real_000231.txt,77,254,29,0.146577,True,0.00028,0.0
real_000232.txt,17,19,2,0.000581,True,6.4e-05,0.0
real_000233.txt,17,19,2,0.000415,True,5.6e-05,0.0
real_000234.txt,25,46,10,0.00944,True,7.2e-05,0.0
real_000235.txt,3254,58534,2591,30.250276,True,0.150253,0.0
real_000236.txt,15,20,2,0.000575,True,4.8e-05,0.0
real_000237.txt,32,89,11,0.021201,True,0.00011,0.0
real_000238.txt,15,20,2,0.000663,True,4.8e-05,0.0
real_000239.txt,27,46,9,0.009296,True,7.7e-05,0.0
real_000240.txt,17,19,2,0.000386,True,5.1e-05,0.0
real_000241.txt,32,89,11,0.02056,True,0.000157,0.0
real_000242.txt,34,78,7,0.013478,True,0.000133,0.0
real_000243.txt,4775,23870,2184,30.10404,True,0.07184,0.0
real_000244.txt,4790,90204,4182,30.40228,True,0.213407,0.0
real_000245.txt,1427,13886,805,30.055275,True,0.025792,0.0
real_000246.txt,13,14,1,0.000271,True,4.3e-05,0.0
real_000247.txt,13,14,1,0.000229,True,4.8e-05,0.0
real_000248.txt,13,14,1,0.000279,True,4.3e-05,0.0
real_000249.txt,32,89,11,0.020207,True,0.000127,0.0
real_000250.txt,32,89,11,0.02217,True,0.000128,0.0
real_000251.txt,25,46,10,0.008381,True,7.3e-05,0.0
real_000252.txt,4291,79607,3361,30.303024,True,0.18236,0.0
real_000253.txt,32,89,11,0.020057,True,0.000134,0.0
real_000254.txt,42,81,13,0.022754,True,8.9e-05,0.0
real_000255.txt,17,19,2,0.000333,True,4.3e-05,0.0
real_000256.txt,13,14,1,0.000202,True,3.9e-05,0.0
real_000257.txt,2322,42339,1423,30.153783,True,0.097532,0.0
real_000258.txt,15,20,2,0.000582,True,8e-05,0.0
real_000259.txt,3355,11580,1162,30.041477,True,0.022444,0.0
real_000260.txt,77,254,29,0.117949,True,0.000287,0.0
real_000261.txt,15,20,2,0.000525,True,5.1e-05,0.0
real_000262.txt,23,51,8,0.008796,True,8.2e-05,0.0
real_000263.txt,15,20,2,0.000559,True,4.7e-05,0.0
real_000264.txt,15,20,2,0.000564,True,4.6e-05,0.0
real_000265.txt,13,14,1,0.000232,True,4e-05,0.0
real_000266.txt,42,81,13,0.02348,True,0.000123,0.0
real_000267.txt,42,81,13,0.023347,True,0.000116,0.0
real_000268.txt,25,46,10,0.00921,True,7.7e-05,0.0
real_000269.txt,23,51,8,0.00924,True,9e-05,0.0
real_000270.txt,37,84,15,0.027052,True,0.000109,0.0
real_000271.txt,3757,19018,1682,30.090179,True,0.064042,0.0
real_000272.txt,2496,37043,1283,30.132066,True,0.077057,0.0
real_000273.txt,3712,18385,1789,30.078034,True,0.050409,0.0
real_000274.txt,37,84,15,0.029184,True,0.000116,0.0
real_000275.txt,25,46,10,0.009285,True,9.4e-05,0.0
real_000276.txt,10,17,4,0.001169,True,4e-05,0.0
real_000277.txt,13,14,1,0.000224,True,3.9e-05,0.0
real_000278.txt,1869,19382,1155,30.072,True,0.042607,0.0
real_000279.txt,779,7280,437,30.035145,True,0.011536,0.0
real_000280.txt,42,81,13,0.021839,True,0.000117,0.0
real_000281.txt,2764,9587,939,30.053317,True,0.037454,0.0
real_000282.txt,2497,9934,986,30.036721,True,0.020952,0.0
real_000283.txt,42,81,13,0.022653,True,0.000108,0.0
real_000284.txt,23,51,8,0.009309,True,6.1e-05,0.0
real_000285.txt,4027,13902,1401,30.0417,True,0.024657,0.0
real_000286.txt,2289,47848,1338,30.191409,True,0.118249,0.0
real_000287.txt,32,89,11,0.020619,True,0.000156,0.0
real_000288.txt,217,565,67,1.19208,True,0.000619,0.0
real_000289.txt,13,14,1,0.000243,True,4.5e-05,0.0
real_000290.txt,25,46,10,0.008158,True,6.2e-05,0.0
real_000291.txt,15,20,2,0.000509,True,4.6e-05,0.0
real_000292.txt,13,14,1,0.000254,True,5.5e-05,0.0
real_000293.txt,34,78,7,0.013802,True,0.000104,0.0
real_000294.txt,4751,20447,2023,30.082721,True,0.047971,0.0
real_000295.txt,13,14,1,0.000257,True,4.5e-05,0.0
real_000296.txt,27,46,9,0.010948,True,8.8e-05,0.0
real_000297.txt,1429,24003,916,30.098749,True,0.063972,0.0
real_000298.txt,23,51,8,0.008546,True,7.8e-05,0.0
real_000299.txt,13,14,1,0.000249,True,5e-05,0.0
real_000300.txt,15,20,2,0.000559,True,6.5e-05,0.0
real_000301.txt,27,46,9,0.008256,True,7.2e-05,0.0
real_000302.txt,32,89,11,0.020598,True,0.000141,0.0
real_000303.txt,34,78,7,0.013867,True,0.000116,0.0
real_000304.txt,77,254,29,0.120727,True,0.000362,0.0
real_000305.txt,1291,12760,871,30.044069,True,0.021988,0.0
real_000306.txt,15,20,2,0.000552,True,4.9e-05,0.0
real_000307.txt,13,14,1,0.000233,True,4.4e-05,0.0
real_000308.txt,13,14,1,0.000235,True,4.4e-05,0.0
real_000309.txt,1874,58919,1148,30.220739,True,0.128167,0.0
real_000310.txt,77,254,29,0.115156,True,0.00025,0.0
real_000311.txt,23,51,8,0.008665,True,7.8e-05,0.0
real_000312.txt,2254,75804,1623,30.308302,True,0.167123,0.0
real_000313.txt,42,81,13,0.024213,True,0.000128,0.0
real_000314.txt,2438,27953,1501,30.119497,True,0.08385,0.0
real_000315.txt,15,20,2,0.000538,True,5e-05,0.0
real_000316.txt,23,51,8,0.008516,True,6.7e-05,0.0
real_000317.txt,27,46,9,0.008167,True,5.7e-05,0.0
real_000318.txt,25,46,10,0.008337,True,6.5e-05,0.0
real_000319.txt,3281,64795,2396,30.294214,True,0.154031,0.0
real_000320.txt,1973,22296,1128,30.07156,True,0.039874,0.0
real_000321.txt,37,84,15,0.027188,True,0.000109,0.0
real_000322.txt,3141,79988,2389,30.349052,True,0.188517,0.0
real_000323.txt,1537,5722,584,30.025275,True,0.009237,0.0
real_000324.txt,34,78,7,0.013369,True,0.000108,0.0
real_000325.txt,42,81,13,0.029881,True,9.5e-05,0.0
real_000326.txt,2743,10312,1030,30.050108,True,0.032557,0.0
real_000327.txt,15,20,2,0.000629,True,5.6e-05,0.0
real_000328.txt,23,51,8,0.009906,True,7.9e-05,0.0
real_000329.txt,1082,15957,597,30.06109,True,0.027368,0.0
real_000330.txt,13,14,1,0.000243,True,4.5e-05,0.0
real_000331.txt,32,89,11,0.019809,True,0.000128,0.0
real_000332.txt,13,14,1,0.000219,True,3.9e-05,0.0
real_000333.txt,37,84,15,0.026455,True,0.000105,0.0
real_000334.txt,15,20,2,0.000553,True,4.6e-05,0.0
real_000335.txt,37,84,15,0.027681,True,0.000113,0.0
real_000336.txt,469,5119,259,30.0119,True,0.006912,0.0
real_000337.txt,34,78,7,0.013328,True,0.00012,0.0
real_000338.txt,27,46,9,0.008197,True,7.2e-05,0.0
real_000339.txt,23,51,8,0.00871,True,7.1e-05,0.0
real_000340.txt,2236,8316,807,30.031256,True,0.015925,0.0
real_000341.txt,34,78,7,0.013585,True,0.000122,0.0
real_000342.txt,34,78,7,0.014049,True,0.000122,0.0
real_000343.txt,42,81,13,0.023714,True,0.000111,0.0
real_000344.txt,13,14,1,0.000254,True,4.5e-05,0.0
real_000345.txt,10,17,4,0.001018,True,3.8e-05,0.0
real_000346.txt,1159,4498,455,30.025945,True,0.007946,0.0
real_000347.txt,528,2086,226,13.286426,True,0.003161,0.0
real_000348.txt,1292,4726,522,30.024778,True,0.008786,0.0
real_000349.txt,17,19,2,0.000411,True,5.5e-05,0.0
real_000350.txt,25,46,10,0.008456,True,7.4e-05,0.0
real_000351.txt,13,14,1,0.000237,True,4.2e-05,0.0
real_000352.txt,2146,7706,761,30.031845,True,0.01574,0.0
real_000353.txt,32,89,11,0.021432,True,0.000163,0.0
real_000354.txt,27,46,9,0.008388,True,8.3e-05,0.0
real_000355.txt,1866,63427,1266,30.290514,True,0.174637,0.0
real_000356.txt,15,20,2,0.000574,True,4.6e-05,0.0
real_000357.txt,17,19,2,0.000358,True,4.7e-05,0.0
real_000358.txt,1926,7280,707,30.027604,True,0.011314,0.0
real_000359.txt,25,46,10,0.008209,True,6.8e-05,0.0
real_000360.txt,3925,100979,3239,30.416348,True,0.233846,0.0
real_000361.txt,386,3397,264,22.056447,True,0.00382,0.0
real_000362.txt,368,8282,215,30.020038,True,0.011984,0.0
real_000363.txt,27,46,9,0.007945,True,6.9e-05,0.0
real_000364.txt,15,20,2,0.000569,True,5e-05,0.0
real_000365.txt,3468,69266,2596,30.285319,True,0.164556,0.0
real_000366.txt,15,20,2,0.000585,True,5.3e-05,0.0
real_000367.txt,13,14,1,0.000316,True,5.1e-05,0.0
real_000368.txt,1935,9849,852,30.031777,True,0.014477,0.0
real_000369.txt,4836,22921,2405,30.078272,True,0.048393,0.0
real_000370.txt,42,81,13,0.022375,True,0.000109,0.0
real_000371.txt,733,2000,199,30.005851,True,0.003474,0.0
real_000372.txt,3082,15116,1498,30.078342,True,0.059405,0.0
real_000373.txt,32,89,11,0.019628,True,0.00016,0.0
real_000374.txt,13,14,1,0.00027,True,5.3e-05,0.0
real_000375.txt,4876,43198,3499,30.170561,True,0.096975,0.0
real_000376.txt,34,78,7,0.013312,True,0.000147,0.0
real_000377.txt,624,1930,185,13.024462,True,0.00321,0.0
real_000378.txt,17,19,2,0.000422,True,6.4e-05,0.0
real_000379.txt,42,81,13,0.023048,True,0.000135,0.0
real_000380.txt,10,17,4,0.001098,True,4.5e-05,0.0
real_000381.txt,2059,23749,1271,30.090297,True,0.049876,0.0
real_000382.txt,13,14,1,0.000234,True,4.3e-05,0.0
real_000383.txt,23,51,8,0.00838,True,8.8e-05,0.0
real_000384.txt,1640,14400,818,30.051333,True,0.028906,0.0
real_000385.txt,13,14,1,0.000261,True,5.7e-05,0.0
real_000386.txt,34,78,7,0.012742,True,0.000111,0.0
real_000387.txt,77,254,29,0.113179,True,0.000286,0.0
real_000388.txt,375,1832,139,11.37526,True,0.002445,0.0
real_000389.txt,32,89,11,0.020241,True,0.00013,0.0
real_000390.txt,1519,9941,892,30.06345,True,0.043699,0.0
real_000391.txt,2936,56945,2018,30.185924,True,0.093372,0.0
real_000392.txt,37,84,15,0.026563,True,0.000129,0.0
real_000393.txt,887,3477,311,30.009009,True,0.005699,0.0
real_000394.txt,3164,11563,1128,30.041674,True,0.019359,0.0
real_000395.txt,4669,15507,1582,30.081363,True,0.060772,0.0
real_000396.txt,3014,14091,1487,30.047028,True,0.024659,0.0
real_000397.txt,3672,68330,3025,30.259562,True,0.154215,0.0
real_000398.txt,34,78,7,0.013812,True,0.000143,0.0
real_000399.txt,25,46,10,0.008196,True,6.3e-05,0.0
real_000400.txt,3498,66105,2615,30.27064,True,0.153612,0.0
real_000401.txt,4703,50353,3612,30.173162,True,0.098644,0.0
real_000402.txt,15,20,2,0.000503,True,4.3e-05,0.0
real_000403.txt,3866,13786,1323,30.052778,True,0.038298,0.0
real_000404.txt,10,17,4,0.000968,True,3.4e-05,0.0
real_000405.txt,77,254,29,0.115754,True,0.000314,0.0
real_000406.txt,15,20,2,0.000535,True,7.6e-05,0.0
real_000407.txt,34,78,7,0.013198,True,0.000114,0.0
real_000408.txt,205,528,57,0.983687,True,0.000732,0.0
real_000409.txt,77,254,29,0.120717,True,0.000323,0.0
real_000410.txt,13,14,1,0.000247,True,4.1e-05,0.0
real_000411.txt,15,20,2,0.00051,True,5e-05,0.0
real_000412.txt,42,81,13,0.024497,True,0.000118,0.0
real_000413.txt,3605,87337,2848,30.369709,True,0.196893,0.0
real_000414.txt,27,46,9,0.00894,True,6.7e-05,0.0
real_000415.txt,10,17,4,0.000991,True,5.5e-05,0.0
real_000416.txt,42,81,13,0.022831,True,0.000118,0.0
real_000417.txt,34,78,7,0.013223,True,0.000119,0.0
real_000418.txt,4968,27606,2604,30.129654,True,0.083991,0.0
real_000419.txt,13,14,1,0.000236,True,4e-05,0.0
real_000420.txt,10,17,4,0.001075,True,3.7e-05,0.0
real_000421.txt,23,51,8,0.009429,True,6.9e-05,0.0
real_000422.txt,27,46,9,0.007864,True,6.5e-05,0.0
real_000423.txt,25,46,10,0.008165,True,6.2e-05,0.0
real_000424.txt,4062,17295,1730,30.055823,True,0.033235,0.0
real_000425.txt,37,84,15,0.030248,True,0.000175,0.0
real_000426.txt,4639,128557,3980,30.49486,True,0.284526,0.0
real_000427.txt,27,46,9,0.007781,True,5.6e-05,0.0
real_000428.txt,37,84,15,0.025254,True,7.9e-05,0.0
real_000429.txt,3637,11506,1205,30.04401,True,0.028772,0.0
real_000430.txt,981,2951,317,30.006034,True,0.003654,0.0
real_000431.txt,4172,116063,3478,30.501715,True,0.254662,0.0
real_000432.txt,77,254,29,0.119852,True,0.000256,0.0
real_000433.txt,3002,12550,1396,30.039599,True,0.021824,0.0
real_000434.txt,27,46,9,0.009689,True,9.9e-05,0.0
real_000435.txt,2033,36064,1411,30.107073,True,0.060796,0.0
real_000436.txt,3318,12044,1187,30.050874,True,0.035358,0.0
real_000437.txt,15,20,2,0.000537,True,4.9e-05,0.0
real_000438.txt,34,78,7,0.014298,True,0.000143,0.0
real_000439.txt,42,81,13,0.023385,True,0.00012,0.0
real_000440.txt,10,17,4,0.000856,True,3.1e-05,0.0
real_000441.txt,25,46,10,0.008092,True,5.8e-05,0.0
real_000442.txt,1264,18578,670,30.06493,True,0.034213,0.0
real_000443.txt,13,14,1,0.000211,True,3.6e-05,0.0
real_000444.txt,1557,6249,543,30.024709,True,0.008409,0.0
real_000445.txt,4189,14994,1499,30.050439,True,0.029886,0.0
real_000446.txt,15,20,2,0.00053,True,4.9e-05,0.0
real_000447.txt,23,51,8,0.008427,True,6.9e-05,0.0
real_000448.txt,1891,6553,668,30.038685,True,0.024215,0.0
real_000449.txt,27,46,9,0.007918,True,7.2e-05,0.0
real_000450.txt,25,46,10,0.008688,True,6.7e-05,0.0
real_000451.txt,870,4014,344,30.009497,True,0.005593,0.0
real_000452.txt,34,78,7,0.01278,True,0.000118,0.0
real_000453.txt,27,46,9,0.007926,True,6.6e-05,0.0
real_000454.txt,4481,15696,1533,30.051146,True,0.033643,0.0
real_000455.txt,42,81,13,0.021824,True,0.000108,0.0
real_000456.txt,77,254,29,0.115578,True,0.000293,0.0
real_000457.txt,77,254,29,0.115169,True,0.000279,0.0
real_000458.txt,13,14,1,0.000218,True,4.1e-05,0.0
real_000459.txt,17,19,2,0.000338,True,4.4e-05,0.0
real_000460.txt,23,51,8,0.008535,True,7.1e-05,0.0
real_000461.txt,4465,30280,2575,30.111995,True,0.075563,0.0
real_000462.txt,25,46,10,0.008017,True,6.6e-05,0.0
real_000463.txt,32,89,11,0.020587,True,0.000115,0.0
real_000464.txt,10,17,4,0.001009,True,3.3e-05,0.0
real_000465.txt,1996,7996,738,30.033601,True,0.017186,0.0
real_000466.txt,23,51,8,0.008403,True,9.4e-05,0.0
real_000467.txt,3076,10797,1118,30.042138,True,0.025224,0.0
real_000468.txt,15,20,2,0.000557,True,5.6e-05,0.0
real_000469.txt,1182,24905,633,30.089644,True,0.045416,0.0
real_000470.txt,25,46,10,0.008301,True,9.3e-05,0.0
real_000471.txt,17,19,2,0.00039,True,5.9e-05,0.0
real_000472.txt,25,46,10,0.008299,True,8.1e-05,0.0
real_000473.txt,42,81,13,0.021221,True,0.000138,0.0
real_000474.txt,3865,13499,1306,30.040637,True,0.023852,0.0
real_000475.txt,4158,13422,1397,30.053424,True,0.040301,0.0
real_000476.txt,15,20,2,0.00052,True,5.2e-05,0.0
real_000477.txt,10,17,4,0.000925,True,3.5e-05,0.0
real_000478.txt,1835,9023,812,30.031705,True,0.015281,0.0
real_000479.txt,32,89,11,0.019051,True,0.000158,0.0
real_000480.txt,13,14,1,0.000288,True,5.4e-05,0.0
real_000481.txt,2351,8249,800,30.027904,True,0.011995,0.0
real_000482.txt,37,84,15,0.025468,True,0.000135,0.0
real_000483.txt,3277,66586,2395,30.25394,True,0.160729,0.0
real_000484.txt,15,20,2,0.000552,True,5.5e-05,0.0
real_000485.txt,27,46,9,0.0078,True,7.2e-05,0.0
real_000486.txt,3333,47261,2123,30.157027,True,0.094158,0.0
real_000487.txt,17,19,2,0.000382,True,5.9e-05,0.0
real_000488.txt,25,46,10,0.007901,True,8e-05,0.0
real_000489.txt,23,51,8,0.008283,True,8.2e-05,0.0
real_000490.txt,10,17,4,0.00095,True,4e-05,0.0
real_000491.txt,13,14,1,0.000266,True,5e-05,0.0
real_000492.txt,32,89,11,0.019751,True,0.000139,0.0
real_000493.txt,939,12578,610,30.04523,True,0.01814,0.0
real_000494.txt,77,254,29,0.111971,True,0.000317,0.0
real_000495.txt,37,84,15,0.025691,True,0.000135,0.0
real_000496.txt,25,46,10,0.008737,True,8.5e-05,0.0
real_000497.txt,2111,61959,1384,30.23507,True,0.131164,0.0
real_000498.txt,32,89,11,0.019823,True,0.000165,0.0
real_000499.txt,77,254,29,0.128026,True,0.00029,0.0
real_000500.txt,13,14,1,0.000274,True,6.2e-05,0.0
real_000501.txt,23,51,8,0.009161,True,8.6e-05,0.0
real_000502.txt,4891,23024,2170,30.108658,True,0.080733,0.0
real_000503.txt,4443,22957,2071,30.074707,True,0.039134,0.0
real_000504.txt,4748,116643,4069,30.515483,True,0.265283,0.0
real_000505.txt,1409,16184,751,30.061925,True,0.032735,0.0
real_000506.txt,10,17,4,0.001381,True,5.4e-05,0.0
real_000507.txt,10,17,4,0.001024,True,5e-05,0.0
real_000508.txt,77,254,29,0.123629,True,0.000353,0.0
real_000509.txt,17,19,2,0.000427,True,7.2e-05,0.0
real_000510.txt,77,254,29,0.12799,True,0.000331,0.0
real_000511.txt,17,19,2,0.000403,True,6.4e-05,0.0
real_000512.txt,3623,12551,1264,30.043172,True,0.027724,0.0
real_000513.txt,37,84,15,0.026031,True,0.000112,0.0
real_000514.txt,27,46,9,0.008129,True,6.5e-05,0.0
real_000515.txt,42,81,13,0.021282,True,9.8e-05,0.0
real_000516.txt,34,78,7,0.012825,True,0.000116,0.0
real_000517.txt,15,20,2,0.000511,True,4.9e-05,0.0
real_000518.txt,34,78,7,0.012648,True,0.00015,0.0
real_000519.txt,37,84,15,0.025695,True,0.000114,0.0
real_000520.txt,1390,14045,867,30.054733,True,0.028312,0.0
real_000521.txt,3696,12438,1268,30.068252,True,0.046655,0.0
real_000522.txt,13,14,1,0.000311,True,0.000104,0.0
real_000523.txt,17,19,2,0.000484,True,7.7e-05,0.0
real_000524.txt,15,20,2,0.000587,True,5.9e-05,0.0
real_000525.txt,3778,110461,2860,30.482466,True,0.266412,0.0
real_000526.txt,77,254,29,0.122742,True,0.000291,0.0
real_000527.txt,32,89,11,0.019492,True,0.000145,0.0
real_000528.txt,13,14,1,0.000234,True,4.3e-05,0.0
real_000529.txt,2160,8461,795,30.029709,True,0.012998,0.0
real_000530.txt,32,89,11,0.018991,True,0.000152,0.0
real_000531.txt,4453,22083,2021,30.075535,True,0.052212,0.0
real_000532.txt,25,46,10,0.007858,True,8.5e-05,0.0
real_000533.txt,10,17,4,0.000974,True,4.3e-05,0.0
real_000534.txt,2860,10314,1052,30.033861,True,0.017312,0.0
real_000535.txt,4773,81322,4017,30.378638,True,0.246448,0.0
real_000536.txt,4128,70189,3336,30.232921,True,0.144307,0.0
real_000537.txt,167,449,52,0.645597,True,0.000468,0.0
real_000538.txt,2218,37422,1545,30.123355,True,0.074591,0.0
real_000539.txt,23,51,8,0.008692,True,7e-05,0.0
real_000540.txt,10,17,4,0.000943,True,3e-05,0.0
real_000541.txt,10,17,4,0.000966,True,6.5e-05,0.0
real_000542.txt,1953,7806,824,30.027977,True,0.013229,0.0
real_000543.txt,77,254,29,0.112373,True,0.00026,0.0
real_000544.txt,1630,13417,988,30.051415,True,0.031638,0.0
real_000545.txt,32,89,11,0.019272,True,0.000124,0.0
real_000546.txt,77,254,29,0.11583,True,0.000307,0.0
real_000547.txt,1878,6648,684,30.026491,True,0.010245,0.0
real_000548.txt,1015,4096,366,30.009565,True,0.00605,0.0
real_000549.txt,17,19,2,0.000359,True,5.1e-05,0.0
real_000550.txt,3140,14229,1449,30.041412,True,0.025431,0.0
real_000551.txt,13,14,1,0.000225,True,3.8e-05,0.0
real_000552.txt,37,84,15,0.028379,True,9.1e-05,0.0
real_000553.txt,13,14,1,0.000244,True,4.3e-05,0.0
real_000554.txt,77,254,29,0.116654,True,0.000275,0.0
real_000555.txt,417,1220,136,6.954455,True,0.001706,0.0
real_000556.txt,23,51,8,0.010259,True,6.5e-05,0.0
real_000557.txt,2760,10127,989,30.033426,True,0.017067,0.0
real_000558.txt,4911,44960,3481,30.189137,True,0.11715,0.0
real_000559.txt,13,14,1,0.000237,True,4.1e-05,0.0
real_000560.txt,32,89,11,0.019221,True,0.000108,0.0
real_000561.txt,4640,127988,3988,30.619645,True,0.352439,0.0
real_000562.txt,42,81,13,0.02119,True,8.5e-05,0.0
real_000563.txt,4520,80964,3713,30.298822,True,0.171583,0.0
real_000564.txt,4197,78538,3166,30.301625,True,0.19024,0.0
real_000565.txt,23,51,8,0.00856,True,8.3e-05,0.0
real_000566.txt,13,14,1,0.000259,True,5.2e-05,0.0
real_000567.txt,4263,14861,1491,30.041414,True,0.025579,0.0
real_000568.txt,37,84,15,0.02672,True,9.8e-05,0.0
real_000569.txt,178,971,46,1.43971,True,0.001101,0.0
real_000570.txt,77,254,29,0.121615,True,0.000339,0.0
real_000571.txt,3623,72192,2611,30.316963,True,0.174748,0.0
real_000572.txt,3016,59743,2382,30.283464,True,0.175166,0.0
real_000573.txt,3773,12531,1279,30.037851,True,0.022515,0.0
real_000574.txt,27,46,9,0.009945,True,7e-05,0.0
real_000575.txt,15,20,2,0.000489,True,4.7e-05,0.0
real_000576.txt,27,46,9,0.009082,True,6.2e-05,0.0
real_000577.txt,1743,29689,1252,30.089649,True,0.046318,0.0
real_000578.txt,1857,7422,756,30.025196,True,0.011936,0.0
real_000579.txt,3076,11309,1079,30.053411,True,0.037399,0.0
real_000580.txt,13,14,1,0.000233,True,4.4e-05,0.0
real_000581.txt,17,19,2,0.000476,True,5.6e-05,0.0
real_000582.txt,2831,34043,1701,30.124986,True,0.08455,0.0
real_000583.txt,17,19,2,0.000337,True,4.3e-05,0.0
real_000584.txt,4158,13422,1397,30.054293,True,0.036585,0.0
real_000585.txt,1690,6693,599,30.04218,True,0.025046,0.0
real_000586.txt,1358,51646,893,30.166717,True,0.103878,0.0
real_000587.txt,25,46,10,0.007888,True,6.3e-05,0.0
real_000588.txt,3990,71068,3303,30.234296,True,0.136037,0.0
real_000589.txt,702,12010,452,30.04258,True,0.015074,0.0
real_000590.txt,17,19,2,0.000385,True,4.5e-05,0.0
real_000591.txt,23,51,8,0.0085,True,6.1e-05,0.0
real_000592.txt,3261,61169,2571,30.232688,True,0.138609,0.0
real_000593.txt,3588,65165,2872,30.267165,True,0.157144,0.0
real_000594.txt,27,46,9,0.00768,True,6.9e-05,0.0
real_000595.txt,77,254,29,0.114201,True,0.000276,0.0
real_000596.txt,128,2093,70,5.92623,True,0.002039,0.0
real_000597.txt,13,14,1,0.00025,True,5e-05,0.0
real_000598.txt,32,89,11,0.019777,True,0.000116,0.0
real_000599.txt,15,20,2,0.000527,True,4.7e-05,0.0
real_000600.txt,17,19,2,0.000354,True,5.1e-05,0.0
real_000601.txt,15,20,2,0.00051,True,4.6e-05,0.0
real_000602.txt,2232,9914,952,30.031456,True,0.016183,0.0
real_000603.txt,13,14,1,0.000219,True,3.5e-05,0.0
real_000604.txt,17,19,2,0.000362,True,6.6e-05,0.0
real_000605.txt,25,46,10,0.00803,True,7.5e-05,0.0
real_000606.txt,4119,116716,3353,30.491588,True,0.254252,0.0
real_000607.txt,25,46,10,0.00939,True,7.3e-05,0.0
real_000608.txt,556,4914,275,30.011728,True,0.006991,0.0
real_000609.txt,452,3882,186,30.009202,True,0.005116,0.0
real_000610.txt,1092,20151,802,30.070989,True,0.036367,0.0
real_000611.txt,2513,53366,1579,30.171572,True,0.087555,0.0
real_000612.txt,2183,7920,759,30.029885,True,0.012986,0.0
real_000613.txt,1503,6491,700,30.027162,True,0.011049,0.0
real_000614.txt,10,17,4,0.000977,True,3.5e-05,0.0
real_000615.txt,15,20,2,0.000503,True,4.1e-05,0.0
real_000616.txt,15,20,2,0.0005,True,4.2e-05,0.0
real_000617.txt,23,51,8,0.008353,True,6.3e-05,0.0
real_000618.txt,17,19,2,0.000328,True,4.2e-05,0.0
real_000619.txt,1720,6763,585,30.026189,True,0.010847,0.0
real_000620.txt,1841,7368,735,30.04137,True,0.025241,0.0
real_000621.txt,37,84,15,0.027037,True,0.000152,0.0
real_000622.txt,25,46,10,0.008073,True,8.6e-05,0.0
real_000623.txt,189,2342,114,6.211352,True,0.002566,0.0
real_000624.txt,27,46,9,0.007941,True,7.4e-05,0.0
real_000625.txt,37,84,15,0.02766,True,0.00015,0.0
real_000626.txt,77,254,29,0.119646,True,0.000304,0.0
real_000627.txt,4010,20644,1801,30.073649,True,0.042876,0.0
real_000628.txt,3101,97687,2430,30.381547,True,0.205966,0.0
real_000629.txt,10,17,4,0.001,True,4.5e-05,0.0
real_000630.txt,262,718,72,1.85087,True,0.000868,0.0
real_000631.txt,137,773,65,1.454317,True,0.000776,0.0
real_000632.txt,13,14,1,0.000337,True,5.8e-05,0.0
real_000633.txt,37,84,15,0.02708,True,0.000142,0.0
real_000634.txt,27,46,9,0.008171,True,9.7e-05,0.0
real_000635.txt,4231,14776,1465,30.054639,True,0.036864,0.0
real_000636.txt,13,14,1,0.000261,True,4.9e-05,0.0
real_000637.txt,25,46,10,0.007969,True,8.5e-05,0.0
real_000638.txt,27,46,9,0.008208,True,7.8e-05,0.0
real_000639.txt,34,78,7,0.012771,True,0.00013,0.0
real_000640.txt,77,254,29,0.111643,True,0.00032,0.0
real_000641.txt,2055,34316,1472,30.136941,True,0.079833,0.0
real_000642.txt,3320,94409,2694,30.406775,True,0.237313,0.0
real_000643.txt,13,14,1,0.000279,True,4.8e-05,0.0
real_000644.txt,25,46,10,0.007901,True,7.3e-05,0.0
real_000645.txt,37,84,15,0.025114,True,0.000117,0.0
real_000646.txt,1914,7436,710,30.025463,True,0.011023,0.0
real_000647.txt,27,46,9,0.008022,True,8.7e-05,0.0
real_000648.txt,15,20,2,0.000571,True,5.7e-05,0.0
real_000649.txt,13,14,1,0.000301,True,7.6e-05,0.0
real_000650.txt,1662,20718,1127,30.083263,True,0.052343,0.0
real_000651.txt,17,19,2,0.000397,True,6.3e-05,0.0
real_000652.txt,3646,12310,1257,30.044861,True,0.028459,0.0
real_000653.txt,1499,12637,892,30.040107,True,0.019395,0.0
real_000654.txt,37,84,15,0.025212,True,0.000143,0.0
real_000655.txt,4046,110557,3392,30.413937,True,0.212358,0.0
real_000656.txt,17,19,2,0.000419,True,5.9e-05,0.0
real_000657.txt,42,81,13,0.028795,True,0.000171,0.0
real_000658.txt,4214,96274,3387,30.385085,True,0.220308,0.0
real_000659.txt,27,46,9,0.007703,True,8e-05,0.0
real_000660.txt,17,19,2,0.00038,True,5.6e-05,0.0
real_000661.txt,17,19,2,0.000389,True,5.6e-05,0.0
real_000662.txt,2739,50571,2007,30.175989,True,0.107579,0.0
real_000663.txt,37,84,15,0.024873,True,0.000116,0.0
real_000664.txt,10,17,4,0.000921,True,3.4e-05,0.0
real_000665.txt,4080,19239,1761,30.094325,True,0.06359,0.0
real_000666.txt,2165,32838,1299,30.105725,True,0.061088,0.0
real_000667.txt,467,1568,149,7.231207,True,0.002246,0.0
real_000668.txt,23,51,8,0.008306,True,6.9e-05,0.0
real_000669.txt,23,51,8,0.008582,True,6.4e-05,0.0
real_000670.txt,32,89,11,0.019683,True,0.000116,0.0
real_000671.txt,34,78,7,0.012729,True,0.000108,0.0
real_000672.txt,23,51,8,0.007869,True,6.3e-05,0.0
real_000673.txt,3569,12615,1256,30.043287,True,0.024616,0.0
real_000674.txt,3145,10913,1089,30.037727,True,0.022477,0.0
real_000675.txt,10,17,4,0.000944,True,3.3e-05,0.0
real_000676.txt,2707,44132,1945,30.126577,True,0.078421,0.0
real_000677.txt,10,17,4,0.000917,True,2.9e-05,0.0
real_000678.txt,1440,5205,511,30.023281,True,0.007261,0.0
real_000679.txt,13,14,1,0.000239,True,4.1e-05,0.0
real_000680.txt,13,14,1,0.000222,True,3.8e-05,0.0
real_000681.txt,541,1858,177,14.607272,True,0.002756,0.0
real_000682.txt,3551,100772,2846,30.407127,True,0.226788,0.0
real_000683.txt,753,2623,237,30.015973,True,0.013529,0.0
real_000684.txt,37,84,15,0.025598,True,9.3e-05,0.0
real_000685.txt,34,78,7,0.013015,True,0.000104,0.0
real_000686.txt,3166,23471,1857,30.067534,True,0.040362,0.0
real_000687.txt,10,17,4,0.000947,True,3.7e-05,0.0
real_000688.txt,27,46,9,0.007809,True,0.000101,0.0
real_000689.txt,27,46,9,0.00788,True,7.7e-05,0.0
real_000690.txt,23,51,8,0.008507,True,7.1e-05,0.0
real_000691.txt,23,51,8,0.008312,True,7e-05,0.0
real_000692.txt,2413,9027,867,30.033003,True,0.01705,0.0
real_000693.txt,13,14,1,0.000259,True,4.3e-05,0.0
real_000694.txt,10,17,4,0.001104,True,3.6e-05,0.0
real_000695.txt,37,84,15,0.02607,True,0.000103,0.0
real_000696.txt,27,46,9,0.010058,True,6.7e-05,0.0
real_000697.txt,4753,77774,3928,30.310319,True,0.179748,0.0
real_000698.txt,13,14,1,0.000227,True,4.1e-05,0.0
real_000699.txt,17,19,2,0.000356,True,5.7e-05,0.0
real_000700.txt,13,14,1,0.000263,True,3.7e-05,0.0
real_000701.txt,1224,12314,685,30.043543,True,0.018845,0.0
real_000702.txt,27,46,9,0.008673,True,9.9e-05,0.0
real_000703.txt,4439,15571,1501,30.049543,True,0.032211,0.0
real_000704.txt,77,254,29,0.113423,True,0.000357,0.0
real_000705.txt,37,84,15,0.025124,True,8.4e-05,0.0
real_000706.txt,37,84,15,0.026621,True,9.2e-05,0.0
real_000707.txt,10,17,4,0.000915,True,3e-05,0.0
real_000708.txt,42,81,13,0.021293,True,8.7e-05,0.0
real_000709.txt,15,20,2,0.00047,True,3.9e-05,0.0
real_000710.txt,2899,44056,1885,30.128302,True,0.073676,0.0
real_000711.txt,32,89,11,0.022395,True,0.000139,0.0
real_000712.txt,42,81,13,0.021897,True,0.000131,0.0
real_000713.txt,3329,45339,2200,30.139301,True,0.088285,0.0
real_000714.txt,77,254,29,0.11194,True,0.00027,0.0
real_000715.txt,386,2087,187,23.572837,True,0.002584,0.0
real_000716.txt,3895,26928,2173,30.106819,True,0.064032,0.0
real_000717.txt,37,84,15,0.025588,True,0.000134,0.0
real_000718.txt,4158,13422,1397,30.04289,True,0.024517,0.0
real_000719.txt,77,254,29,0.119244,True,0.000342,0.0
real_000720.txt,4730,46366,3566,30.171134,True,0.100519,0.0
real_000721.txt,10,17,4,0.000989,True,4.4e-05,0.0
real_000722.txt,4365,81551,3666,30.304895,True,0.188235,0.0
real_000723.txt,77,254,29,0.114052,True,0.000273,0.0
real_000724.txt,13,14,1,0.000271,True,5e-05,0.0
real_000725.txt,37,84,15,0.038334,True,0.000139,0.0
real_000726.txt,77,254,29,0.121602,True,0.000368,0.0
real_000727.txt,37,84,15,0.035416,True,0.000133,0.0
real_000728.txt,77,254,29,0.122398,True,0.000286,0.0
real_000729.txt,23,51,8,0.008574,True,9.3e-05,0.0
real_000730.txt,10,17,4,0.000976,True,3.9e-05,0.0
real_000731.txt,3307,13844,1413,30.039456,True,0.022537,0.0
real_000732.txt,42,81,13,0.021848,True,8.6e-05,0.0
real_000733.txt,27,46,9,0.00784,True,5.4e-05,0.0
real_000734.txt,1507,6673,625,30.027642,True,0.011578,0.0
real_000735.txt,3807,64125,3027,30.237726,True,0.143211,0.0
real_000736.txt,10,17,4,0.000934,True,3.1e-05,0.0
real_000737.txt,25,46,10,0.008908,True,5.3e-05,0.0
real_000738.txt,15,20,2,0.00049,True,5.5e-05,0.0
real_000739.txt,13,14,1,0.000208,True,3.5e-05,0.0
real_000740.txt,34,78,7,0.013039,True,9.6e-05,0.0
real_000741.txt,3633,16310,1565,30.055712,True,0.035429,0.0
real_000742.txt,2119,8146,779,30.048027,True,0.032169,0.0
real_000743.txt,3453,14988,1480,30.040004,True,0.022848,0.0
real_000744.txt,1323,4412,444,30.024719,True,0.008295,0.0
real_000745.txt,1617,28596,1137,30.080808,True,0.044951,0.0
real_000746.txt,1639,15919,819,30.046929,True,0.019262,0.0
real_000747.txt,13,14,1,0.000225,True,4.2e-05,0.0
real_000748.txt,15,20,2,0.000545,True,4.5e-05,0.0
real_000749.txt,1909,28504,1083,30.090619,True,0.048496,0.0
real_000750.txt,25,46,10,0.008302,True,6.1e-05,0.0
real_000751.txt,10,17,4,0.001005,True,4e-05,0.0
real_000752.txt,25,46,10,0.008632,True,7.2e-05,0.0
real_000753.txt,42,81,13,0.022922,True,0.000109,0.0
real_000754.txt,2825,50755,2167,30.188744,True,0.118449,0.0
real_000755.txt,1295,27867,698,30.084022,True,0.037544,0.0
real_000756.txt,23,51,8,0.008213,True,8.6e-05,0.0
real_000757.txt,15,20,2,0.000537,True,4.8e-05,0.0
real_000758.txt,27,46,9,0.007745,True,6.4e-05,0.0
real_000759.txt,13,14,1,0.000228,True,4.3e-05,0.0
real_000760.txt,32,89,11,0.018992,True,0.000116,0.0
real_000761.txt,27,46,9,0.007912,True,6.9e-05,0.0
real_000762.txt,1735,6620,598,30.02787,True,0.011669,0.0
real_000763.txt,42,81,13,0.021669,True,8.8e-05,0.0
real_000764.txt,34,78,7,0.01303,True,0.000115,0.0
real_000765.txt,1789,28624,1105,30.075232,True,0.035847,0.0
real_000766.txt,4920,87794,3893,30.350039,True,0.227719,0.0
real_000767.txt,2424,31127,1547,30.108828,True,0.061037,0.0
real_000768.txt,13,14,1,0.000219,True,3.7e-05,0.0
real_000769.txt,2158,20465,1332,30.054378,True,0.029106,0.0
real_000770.txt,34,78,7,0.01244,True,9.5e-05,0.0
real_000771.txt,4572,79242,3752,30.278157,True,0.156024,0.0
real_000772.txt,34,78,7,0.012544,True,9.3e-05,0.0
real_000773.txt,32,89,11,0.019128,True,0.000101,0.0
real_000774.txt,27,46,9,0.007838,True,5.7e-05,0.0
real_000775.txt,25,46,10,0.008126,True,6.1e-05,0.0
real_000776.txt,17,19,2,0.000327,True,4.5e-05,0.0
real_000777.txt,37,84,15,0.025589,True,8.7e-05,0.0
real_000778.txt,23,51,8,0.008705,True,7.1e-05,0.0
real_000779.txt,4701,102507,3890,30.411019,True,0.22525,0.0
real_000780.txt,15,20,2,0.000508,True,4.9e-05,0.0
real_000781.txt,3493,12852,1282,30.040702,True,0.023296,0.0
real_000782.txt,15,20,2,0.000546,True,4.5e-05,0.0
real_000783.txt,37,84,15,0.025054,True,0.0001,0.0
real_000784.txt,25,46,10,0.009369,True,6.3e-05,0.0
real_000785.txt,37,84,15,0.024992,True,0.000134,0.0
real_000786.txt,25,46,10,0.007895,True,5.6e-05,0.0
real_000787.txt,34,78,7,0.013011,True,9.9e-05,0.0
real_000788.txt,4158,13422,1397,30.061981,True,0.044478,0.0
real_000789.txt,1143,3775,384,30.008791,True,0.005805,0.0
real_000790.txt,1093,18131,801,30.058087,True,0.028764,0.0
real_000791.txt,42,81,13,0.021078,True,9.7e-05,0.0
real_000792.txt,27,46,9,0.007925,True,6.5e-05,0.0
real_000793.txt,37,84,15,0.025488,True,9.9e-05,0.0
real_000794.txt,23,51,8,0.009978,True,5.7e-05,0.0
real_000795.txt,4004,19798,1876,30.064772,True,0.036586,0.0
real_000796.txt,37,84,15,0.025287,True,9.8e-05,0.0
real_000797.txt,506,5678,218,30.013185,True,0.008079,0.0
real_000798.txt,4062,45598,2897,30.148407,True,0.096873,0.0
real_000799.txt,4467,22860,2087,30.07679,True,0.052227,0.0
real_000800.txt,13,14,1,0.000336,True,7e-05,0.0
real_000801.txt,3808,66729,2969,30.242803,True,0.142845,0.0
real_000802.txt,34,78,7,0.012695,True,9.4e-05,0.0
real_000803.txt,13,14,1,0.000225,True,4.3e-05,0.0
real_000804.txt,25,46,10,0.008455,True,7.2e-05,0.0
real_000805.txt,3214,64720,2328,30.231955,True,0.143887,0.0
real_000806.txt,10,17,4,0.000924,True,3.4e-05,0.0
real_000807.txt,17,19,2,0.000391,True,5.2e-05,0.0
real_000808.txt,42,81,13,0.021994,True,0.000109,0.0
real_000809.txt,10,17,4,0.000941,True,3.4e-05,0.0
real_000810.txt,1377,30512,676,30.093327,True,0.056278,0.0
real_000811.txt,4575,75221,3625,30.297191,True,0.176746,0.0
real_000812.txt,77,254,29,0.111784,True,0.000282,0.0
real_000813.txt,705,4819,376,30.011061,True,0.006746,0.0
real_000814.txt,25,46,10,0.008044,True,6.8e-05,0.0
real_000815.txt,4471,20568,1872,30.078119,True,0.043672,0.0
real_000816.txt,23,51,8,0.008242,True,7.5e-05,0.0
real_000817.txt,10,17,4,0.000966,True,3.8e-05,0.0
real_000818.txt,4526,15942,1562,30.085945,True,0.062568,0.0
real_000819.txt,77,254,29,0.114834,True,0.000296,0.0
real_000820.txt,77,254,29,0.115737,True,0.000261,0.0
real_000821.txt,2401,43343,1706,30.164371,True,0.092733,0.0
real_000822.txt,211,1586,109,4.111495,True,0.001655,0.0
real_000823.txt,239,1554,115,8.424089,True,0.001671,0.0
real_000824.txt,4158,13422,1397,30.052013,True,0.034656,0.0
real_000825.txt,4552,34944,2869,30.160093,True,0.115584,0.0
real_000826.txt,37,84,15,0.025324,True,0.0001,0.0
real_000827.txt,4105,78881,3437,30.342744,True,0.204794,0.0
real_000828.txt,533,7042,269,30.038199,True,0.008411,0.0
real_000829.txt,2073,47120,1257,30.129707,True,0.07674,0.0
real_000830.txt,968,3609,356,30.008356,True,0.004745,0.0
real_000831.txt,1002,14266,533,30.064756,True,0.03949,0.0
real_000832.txt,13,14,1,0.000237,True,4.4e-05,0.0
real_000833.txt,32,89,11,0.019127,True,0.000126,0.0
real_000834.txt,15,20,2,0.000544,True,4.9e-05,0.0
real_000835.txt,23,51,8,0.01027,True,7.4e-05,0.0
real_000836.txt,13,14,1,0.000238,True,5.6e-05,0.0
real_000837.txt,32,89,11,0.019705,True,0.000122,0.0
real_000838.txt,25,46,10,0.008114,True,7e-05,0.0
real_000839.txt,4857,83494,4078,30.36364,True,0.207492,0.0
real_000840.txt,17,19,2,0.000424,True,5.2e-05,0.0
real_000841.txt,2591,54393,2032,30.231593,True,0.128827,0.0
real_000842.txt,3996,41454,2760,30.162372,True,0.088739,0.0
real_000843.txt,42,81,13,0.021416,True,9.8e-05,0.0
real_000844.txt,17,19,2,0.000377,True,5.1e-05,0.0
real_000845.txt,564,1584,186,15.215905,True,0.002416,0.0
real_000846.txt,34,78,7,0.013611,True,0.000108,0.0
real_000847.txt,1993,9266,890,30.033526,True,0.015915,0.0
real_000848.txt,42,81,13,0.021315,True,0.000104,0.0
real_000849.txt,1817,7098,705,30.033907,True,0.017249,0.0
real_000850.txt,42,81,13,0.022706,True,0.000104,0.0
real_000851.txt,867,20741,686,30.065271,True,0.026729,0.0
real_000852.txt,13,14,1,0.000231,True,4.3e-05,0.0
real_000853.txt,27,46,9,0.007682,True,6.9e-05,0.0
real_000854.txt,2037,7426,713,30.04458,True,0.027714,0.0
real_000855.txt,32,89,11,0.019358,True,0.000114,0.0
real_000856.txt,77,254,29,0.11683,True,0.000315,0.0
real_000857.txt,42,81,13,0.022187,True,9.8e-05,0.0
real_000858.txt,4158,13422,1397,30.039534,True,0.0222,0.0
real_000859.txt,4760,54611,3787,30.210522,True,0.113053,0.0
real_000860.txt,13,14,1,0.000225,True,3.4e-05,0.0
real_000861.txt,37,84,15,0.026473,True,8.9e-05,0.0
real_000862.txt,37,84,15,0.025983,True,8.8e-05,0.0
real_000863.txt,15,20,2,0.000515,True,5.3e-05,0.0
real_000864.txt,10,17,4,0.000954,True,3.1e-05,0.0
real_000865.txt,10,17,4,0.000953,True,3.3e-05,0.0
real_000866.txt,15,20,2,0.000519,True,4.2e-05,0.0
real_000867.txt,871,4033,337,30.009161,True,0.005425,0.0
real_000868.txt,13,14,1,0.000278,True,6e-05,0.0
real_000869.txt,484,5637,224,30.012497,True,0.007474,0.0
real_000870.txt,23,51,8,0.008233,True,8.3e-05,0.0
real_000871.txt,77,254,29,0.115011,True,0.000307,0.0
real_000872.txt,3099,61597,2104,30.224076,True,0.130648,0.0
real_000873.txt,42,81,13,0.021679,True,0.000162,0.0
real_000874.txt,27,46,9,0.007913,True,8.5e-05,0.0
real_000875.txt,10,17,4,0.000967,True,4.4e-05,0.0
real_000876.txt,2904,18380,1671,30.057723,True,0.037011,0.0
real_000877.txt,13,14,1,0.000227,True,4.2e-05,0.0
real_000878.txt,10,17,4,0.001724,True,5.2e-05,0.0
real_000879.txt,921,2939,288,30.00775,True,0.004781,0.0
real_000880.txt,42,81,13,0.021421,True,8.9e-05,0.0
real_000881.txt,23,51,8,0.007989,True,5.8e-05,0.0
real_000882.txt,2320,23068,1461,30.07767,True,0.047953,0.0
real_000883.txt,37,84,15,0.025102,True,0.000104,0.0
real_000884.txt,25,46,10,0.007763,True,6.4e-05,0.0
real_000885.txt,13,14,1,0.000212,True,4e-05,0.0
real_000886.txt,1536,5752,626,30.024228,True,0.009266,0.0
real_000887.txt,23,51,8,0.008449,True,7.4e-05,0.0
real_000888.txt,183,2864,100,8.051239,True,0.003153,0.0
real_000889.txt,34,78,7,0.012846,True,0.000101,0.0
real_000890.txt,37,84,15,0.025943,True,9.5e-05,0.0
real_000891.txt,3399,11886,1191,30.034545,True,0.019044,0.0
real_000892.txt,4376,15407,1523,30.049411,True,0.03007,0.0
real_000893.txt,4419,118615,3691,30.467792,True,0.242391,0.0
real_000894.txt,77,254,29,0.114234,True,0.000259,0.0
real_000895.txt,451,1793,147,11.923221,True,0.002492,0.0
real_000896.txt,37,84,15,0.025609,True,9.5e-05,0.0
real_000897.txt,168,490,54,1.026012,True,0.000524,0.0
real_000898.txt,10,17,4,0.000967,True,5.7e-05,0.0
real_000899.txt,4980,22685,2187,30.07611,True,0.056469,0.0
real_000900.txt,10,17,4,0.00092,True,3e-05,0.0
real_000901.txt,23,51,8,0.008273,True,6.1e-05,0.0
real_000902.txt,4896,130513,4138,30.579528,True,0.304272,0.0
real_000903.txt,27,46,9,0.007843,True,5.9e-05,0.0
real_000904.txt,42,81,13,0.02152,True,8.9e-05,0.0
real_000905.txt,15,20,2,0.00048,True,4.2e-05,0.0
real_000906.txt,27,46,9,0.007896,True,8.5e-05,0.0
real_000907.txt,969,5700,517,30.025897,True,0.006921,0.0
real_000908.txt,32,89,11,0.020095,True,0.000111,0.0
real_000909.txt,4354,72022,3549,30.27168,True,0.152658,0.0
real_000910.txt,1541,14265,805,30.060482,True,0.039687,0.0
real_000911.txt,17,19,2,0.000355,True,4.5e-05,0.0
real_000912.txt,928,4774,450,30.02486,True,0.005929,0.0
real_000913.txt,13,14,1,0.000228,True,4.3e-05,0.0
real_000914.txt,77,254,29,0.114363,True,0.000311,0.0
real_000915.txt,13,14,1,0.000259,True,4.5e-05,0.0
real_000916.txt,37,84,15,0.02601,True,0.000107,0.0
real_000917.txt,77,254,29,0.116157,True,0.000277,0.0
real_000918.txt,10,17,4,0.000938,True,3.8e-05,0.0
real_000919.txt,27,46,9,0.007998,True,7e-05,0.0
real_000920.txt,13,14,1,0.000344,True,4e-05,0.0
real_000921.txt,4362,70749,3565,30.277687,True,0.153567,0.0
real_000922.txt,42,81,13,0.020977,True,9.1e-05,0.0
real_000923.txt,127,1916,64,3.485414,True,0.001905,0.0
real_000924.txt,3613,12407,1254,30.059857,True,0.043222,0.0
real_000925.txt,2202,39506,1215,30.132818,True,0.085987,0.0
real_000926.txt,42,81,13,0.021153,True,0.000118,0.0
real_000927.txt,13,14,1,0.000194,True,3.2e-05,0.0
real_000928.txt,25,46,10,0.007827,True,6.6e-05,0.0
real_000929.txt,3158,14514,1325,30.038332,True,0.01978,0.0
real_000930.txt,2542,9237,889,30.032186,True,0.017108,0.0
real_000931.txt,25,46,10,0.008037,True,0.000112,0.0
real_000932.txt,37,84,15,0.03239,True,0.000103,0.0
real_000933.txt,13,14,1,0.000198,True,3.2e-05,0.0
real_000934.txt,42,81,13,0.025728,True,8.2e-05,0.0
real_000935.txt,4158,13422,1397,30.036665,True,0.020204,0.0
real_000936.txt,1185,24616,617,30.076304,True,0.033835,0.0
real_000937.txt,3371,14400,1446,30.044331,True,0.024385,0.0
real_000938.txt,37,84,15,0.028901,True,0.000116,0.0
real_000939.txt,77,254,29,0.11532,True,0.000283,0.0
real_000940.txt,4411,15716,1545,30.06599,True,0.047257,0.0
real_000941.txt,4222,14991,1502,30.047857,True,0.030641,0.0
real_000942.txt,2926,82962,2117,30.34101,True,0.187899,0.0
real_000943.txt,15,20,2,0.000544,True,4.7e-05,0.0
real_000944.txt,3396,58230,2416,30.213741,True,0.12975,0.0
real_000945.txt,25,46,10,0.008121,True,7.6e-05,0.0
real_000946.txt,4040,26886,2350,30.07314,True,0.043024,0.0
real_000947.txt,15,20,2,0.000511,True,4.7e-05,0.0
real_000948.txt,3803,19584,1736,30.081564,True,0.053279,0.0
real_000949.txt,34,78,7,0.012813,True,0.000109,0.0
real_000950.txt,3969,89659,3152,30.375323,True,0.19291,0.0
real_000951.txt,42,81,13,0.021186,True,0.000116,0.0
real_000952.txt,2031,22047,1300,30.096746,True,0.058529,0.0
real_000953.txt,32,89,11,0.018864,True,0.000109,0.0
real_000954.txt,27,46,9,0.007749,True,5.5e-05,0.0
real_000955.txt,2788,56151,2253,30.211937,True,0.130369,0.0
real_000956.txt,27,46,9,0.007829,True,6.3e-05,0.0
real_000957.txt,4476,26522,2506,30.104455,True,0.073982,0.0
real_000958.txt,25,46,10,0.00786,True,6.2e-05,0.0
real_000959.txt,13,14,1,0.000215,True,3.8e-05,0.0
real_000960.txt,23,51,8,0.008267,True,6.8e-05,0.0
real_000961.txt,13,14,1,0.000223,True,3.9e-05,0.0
real_000962.txt,37,84,15,0.031032,True,0.000111,0.0
real_000963.txt,15,20,2,0.000474,True,6.3e-05,0.0
real_000964.txt,13,14,1,0.000196,True,3.2e-05,0.0
real_000965.txt,37,84,15,0.025683,True,8.3e-05,0.0
real_000966.txt,77,254,29,0.11538,True,0.000285,0.0
real_000967.txt,2582,9444,967,30.032638,True,0.018491,0.0
real_000968.txt,3262,65325,2375,30.233685,True,0.120609,0.0
real_000969.txt,37,84,15,0.025196,True,0.000141,0.0
real_000970.txt,13,14,1,0.000217,True,3.9e-05,0.0
real_000971.txt,25,46,10,0.008021,True,5.6e-05,0.0
real_000972.txt,944,3661,318,30.007962,True,0.004878,0.0
real_000973.txt,2256,7271,789,30.025314,True,0.0121,0.0
real_000974.txt,10,17,4,0.000942,True,4.4e-05,0.0
real_000975.txt,10,17,4,0.000928,True,3.5e-05,0.0
real_000976.txt,3321,35356,2175,30.123642,True,0.082422,0.0
real_000977.txt,32,89,11,0.018956,True,0.000116,0.0
real_000978.txt,13,14,1,0.000216,True,4e-05,0.0
real_000979.txt,2643,38898,1521,30.139483,True,0.0756,0.0
real_000980.txt,1674,30558,947,30.127279,True,0.080522,0.0
real_000981.txt,23,51,8,0.008257,True,6.9e-05,0.0
real_000982.txt,1470,5719,532,30.024605,True,0.009305,0.0
real_000983.txt,27,46,9,0.007807,True,6.5e-05,0.0
real_000984.txt,32,89,11,0.019289,True,0.00011,0.0
real_000985.txt,1085,4062,380,30.009493,True,0.005887,0.0
real_000986.txt,2614,48399,1987,30.170111,True,0.098811,0.0
real_000987.txt,34,78,7,0.012735,True,0.000104,0.0
real_000988.txt,34,78,7,0.012698,True,0.000104,0.0
real_000989.txt,4494,15731,1552,30.054623,True,0.032613,0.0
real_000990.txt,2327,36759,1644,30.150941,True,0.099042,0.0
real_000991.txt,4158,13422,1397,30.037766,True,0.021447,0.0
real_000992.txt,370,891,102,2.348032,True,0.001173,0.0
real_000993.txt,42,81,13,0.022074,True,9.9e-05,0.0
real_000994.txt,729,8277,424,30.037453,True,0.011856,0.0
real_000995.txt,42,81,13,0.021817,True,0.000108,0.0
real_000996.txt,23,51,8,0.008373,True,6.9e-05,0.0
real_000997.txt,13,14,1,0.000229,True,4.2e-05,0.0
real_000998.txt,2119,15322,1226,30.053391,True,0.028817,0.0
real_000999.txt,77,254,29,0.116164,True,0.000286,0.0
real_001000.txt,15,20,2,0.000508,True,5e-05,0.0
real_001001.txt,2065,12475,1116,30.058019,True,0.039016,0.0
real_001002.txt,10,17,4,0.000955,True,3.5e-05,0.0
real_001003.txt,23,51,8,0.008408,True,7.2e-05,0.0
real_001004.txt,25,46,10,0.007958,True,6.3e-05,0.0
real_001005.txt,13,14,1,0.000226,True,3.8e-05,0.0
real_001006.txt,27,46,9,0.008055,True,7.3e-05,0.0
real_001007.txt,4279,20203,1860,30.072839,True,0.04452,0.0
real_001008.txt,10,17,4,0.00094,True,3.5e-05,0.0
real_001009.txt,3901,14220,1389,30.039934,True,0.023375,0.0
real_001010.txt,15,20,2,0.000548,True,4.7e-05,0.0
real_001011.txt,448,937,105,3.886573,True,0.001409,0.0
real_001012.txt,77,254,29,0.126217,True,0.000275,0.0
real_001013.txt,23,51,8,0.009381,True,6.1e-05,0.0
real_001014.txt,544,8034,385,30.067613,True,0.032049,0.0
real_001015.txt,25,46,10,0.009521,True,9.6e-05,0.0
real_001016.txt,34,78,7,0.017329,True,0.000138,0.0
real_001017.txt,2324,12495,1104,30.039946,True,0.023556,0.0
real_001018.txt,37,84,15,0.025239,True,0.000131,0.0
real_001019.txt,42,81,13,0.021613,True,0.000142,0.0
real_001020.txt,17,19,2,0.000402,True,6.2e-05,0.0
real_001021.txt,17,19,2,0.000391,True,8.9e-05,0.0
real_001022.txt,15,20,2,0.000563,True,6.4e-05,0.0
real_001023.txt,25,46,10,0.007861,True,8.9e-05,0.0
real_001024.txt,17,19,2,0.000418,True,6.6e-05,0.0
real_001025.txt,77,254,29,0.112047,True,0.000354,0.0
real_001026.txt,27,46,9,0.007927,True,8.9e-05,0.0
real_001027.txt,2854,54083,1921,30.22272,True,0.120193,0.0
real_001028.txt,10,17,4,0.000933,True,4e-05,0.0
real_001029.txt,3248,11447,1149,30.03956,True,0.024016,0.0
real_001030.txt,10,17,4,0.000889,True,3.2e-05,0.0
real_001031.txt,13,14,1,0.000195,True,3.5e-05,0.0
real_001032.txt,13,14,1,0.000209,True,3.8e-05,0.0
real_001033.txt,10,17,4,0.000866,True,2.8e-05,0.0
real_001034.txt,27,46,9,0.008085,True,9.6e-05,0.0
real_001035.txt,23,51,8,0.008848,True,6.5e-05,0.0
real_001036.txt,3696,68632,2997,30.25079,True,0.162199,0.0
real_001037.txt,34,78,7,0.012797,True,0.000101,0.0
real_001038.txt,15,20,2,0.000474,True,4.3e-05,0.0
real_001039.txt,2490,10107,969,30.028914,True,0.014044,0.0
real_001040.txt,15,20,2,0.000524,True,4.9e-05,0.0
real_001041.txt,23,51,8,0.008182,True,7.9e-05,0.0
real_001042.txt,23,51,8,0.008398,True,6.7e-05,0.0
real_001043.txt,32,89,11,0.019607,True,0.000104,0.0
real_001044.txt,13,14,1,0.000214,True,3.7e-05,0.0
real_001045.txt,1507,6373,651,30.026564,True,0.010581,0.0
real_001046.txt,473,12111,259,30.062579,True,0.017214,0.0
real_001047.txt,707,10541,348,30.045336,True,0.015974,0.0
real_001048.txt,158,2354,97,6.633201,True,0.002653,0.0
real_001049.txt,25,46,10,0.007909,True,5.6e-05,0.0
real_001050.txt,1007,24547,547,30.085846,True,0.043958,0.0
real_001051.txt,25,46,10,0.00785,True,7e-05,0.0
real_001052.txt,653,2986,224,30.006446,True,0.003659,0.0
real_001053.txt,2613,13572,1328,30.061175,True,0.042445,0.0
real_001054.txt,34,78,7,0.01292,True,0.000118,0.0
real_001055.txt,15,20,2,0.000569,True,5e-05,0.0
real_001056.txt,17,19,2,0.000356,True,4.9e-05,0.0
real_001057.txt,23,51,8,0.008306,True,7.1e-05,0.0
real_001058.txt,2988,9911,999,30.035158,True,0.020535,0.0
real_001059.txt,2430,66950,1679,30.271466,True,0.155513,0.0
real_001060.txt,1806,6871,672,30.026512,True,0.01138,0.0
real_001061.txt,244,657,80,1.613041,True,0.00071,0.0
real_001062.txt,42,81,13,0.021548,True,9.7e-05,0.0
real_001063.txt,3854,13719,1376,30.063001,True,0.04617,0.0
real_001064.txt,959,22036,530,30.068875,True,0.028438,0.0
real_001065.txt,3270,58224,2536,30.176412,True,0.096222,0.0
real_001066.txt,34,78,7,0.013134,True,0.000149,0.0
real_001067.txt,32,89,11,0.01938,True,0.000168,0.0
real_001068.txt,32,89,11,0.020637,True,0.000145,0.0
real_001069.txt,10,17,4,0.000965,True,4.2e-05,0.0
real_001070.txt,4860,117038,4176,30.484652,True,0.288155,0.0
real_001071.txt,37,84,15,0.026264,True,0.000117,0.0
real_001072.txt,17,19,2,0.000332,True,5.2e-05,0.0
real_001073.txt,25,46,10,0.007943,True,7.1e-05,0.0
real_001074.txt,4465,79691,3512,30.278699,True,0.140155,0.0
real_001075.txt,1941,44181,1058,30.155384,True,0.097019,0.0
real_001076.txt,15,20,2,0.000534,True,5.4e-05,0.0
real_001077.txt,34,78,7,0.013142,True,0.000123,0.0
real_001078.txt,27,46,9,0.008004,True,6.8e-05,0.0
real_001079.txt,1604,7904,676,30.040482,True,0.02429,0.0
real_001080.txt,13,14,1,0.000303,True,5.3e-05,0.0
real_001081.txt,34,78,7,0.013858,True,0.000152,0.0
real_001082.txt,27,46,9,0.008004,True,9.7e-05,0.0
real_001083.txt,2079,20602,1310,30.067292,True,0.037931,0.0
real_001084.txt,42,81,13,0.021372,True,0.000141,0.0
real_001085.txt,25,46,10,0.007962,True,9.5e-05,0.0
real_001086.txt,15,20,2,0.000591,True,5.6e-05,0.0
real_001087.txt,15,20,2,0.000558,True,5.6e-05,0.0
real_001088.txt,10,17,4,0.000969,True,4.2e-05,0.0
real_001089.txt,77,254,29,0.115657,True,0.000327,0.0
real_001090.txt,2665,64308,1843,30.223294,True,0.124019,0.0
real_001091.txt,32,89,11,0.019025,True,0.000149,0.0
real_001092.txt,10,17,4,0.00095,True,4.4e-05,0.0
real_001093.txt,358,1560,141,9.785548,True,0.002033,0.0
real_001094.txt,25,46,10,0.007832,True,8.2e-05,0.0
real_001095.txt,77,254,29,0.114615,True,0.000337,0.0
real_001096.txt,77,254,29,0.112767,True,0.000303,0.0
real_001097.txt,32,89,11,0.019691,True,0.000165,0.0
real_001098.txt,17,19,2,0.000398,True,5.9e-05,0.0
real_001099.txt,4901,26698,2448,30.124501,True,0.091764,0.0
real_001100.txt,77,254,29,0.112686,True,0.000325,0.0
real_001101.txt,3719,17593,1760,30.0617,True,0.037444,0.0
real_001102.txt,27,46,9,0.007994,True,8.6e-05,0.0
real_001103.txt,15,20,2,0.000691,True,7e-05,0.0
real_001104.txt,37,84,15,0.027121,True,0.000156,0.0
real_001105.txt,3738,18916,1712,30.080174,True,0.05656,0.0
real_001106.txt,15,20,2,0.000595,True,6.8e-05,0.0
real_001107.txt,17,19,2,0.000467,True,6.6e-05,0.0
real_001108.txt,27,46,9,0.008169,True,8.4e-05,0.0
real_001109.txt,615,1735,160,12.895857,True,0.002605,0.0
real_001110.txt,4158,13422,1397,30.052325,True,0.032654,0.0
real_001111.txt,32,89,11,0.021558,True,0.000156,0.0
real_001112.txt,37,84,15,0.028398,True,0.000153,0.0
real_001113.txt,15,20,2,0.000575,True,6.4e-05,0.0
real_001114.txt,77,254,29,0.116783,True,0.000351,0.0
real_001115.txt,4331,19855,1939,30.066938,True,0.041009,0.0
real_001116.txt,42,81,13,0.022538,True,0.000151,0.0
real_001117.txt,23,51,8,0.008442,True,9.9e-05,0.0
real_001118.txt,3685,66484,2810,30.280291,True,0.175222,0.0
real_001119.txt,17,19,2,0.000421,True,5e-05,0.0
real_001120.txt,37,84,15,0.02578,True,0.000103,0.0
real_001121.txt,32,89,11,0.019303,True,0.000111,0.0
real_001122.txt,77,254,29,0.114851,True,0.000311,0.0
real_001123.txt,32,89,11,0.022613,True,0.000129,0.0
real_001124.txt,27,46,9,0.008409,True,7.1e-05,0.0
real_001125.txt,4011,18467,1809,30.060692,True,0.037201,0.0
real_001126.txt,1964,24358,1069,30.089793,True,0.048242,0.0
real_001127.txt,25,46,10,0.007758,True,7.7e-05,0.0
real_001128.txt,2723,10191,979,30.043903,True,0.028136,0.0
real_001129.txt,13,14,1,0.000288,True,5.5e-05,0.0
real_001130.txt,23,51,8,0.008767,True,0.0001,0.0
real_001131.txt,3861,74854,3186,30.337423,True,0.200905,0.0
real_001132.txt,27,46,9,0.007749,True,7.7e-05,0.0
real_001133.txt,3668,12496,1260,30.036117,True,0.020779,0.0
real_001134.txt,34,78,7,0.013306,True,0.000131,0.0
real_001135.txt,23,51,8,0.008325,True,7.9e-05,0.0
real_001136.txt,4183,18753,1789,30.089623,True,0.065092,0.0
real_001137.txt,10,17,4,0.000977,True,6.6e-05,0.0
real_001138.txt,2888,10129,1019,30.033778,True,0.017958,0.0
real_001139.txt,534,2134,228,14.479977,True,0.003384,0.0
real_001140.txt,34,78,7,0.012738,True,0.000144,0.0
real_001141.txt,936,4810,404,30.030705,True,0.007443,0.0
real_001142.txt,25,46,10,0.007787,True,7.1e-05,0.0
real_001143.txt,13,14,1,0.000238,True,4.3e-05,0.0
real_001144.txt,25,46,10,0.008159,True,7.6e-05,0.0
real_001145.txt,42,81,13,0.024995,True,0.000122,0.0
real_001146.txt,23,51,8,0.010541,True,7.9e-05,0.0
real_001147.txt,2690,9580,971,30.028157,True,0.013851,0.0
real_001148.txt,10,17,4,0.00107,True,5.3e-05,0.0
real_001149.txt,357,3300,231,26.890483,True,0.003674,0.0
real_001150.txt,17,19,2,0.000387,True,5.5e-05,0.0
real_001151.txt,32,89,11,0.024078,True,0.000143,0.0
real_001152.txt,15,20,2,0.000515,True,5.2e-05,0.0
real_001153.txt,4364,79449,3407,30.305289,True,0.188462,0.0
real_001154.txt,32,89,11,0.019925,True,0.000144,0.0
real_001155.txt,3997,13149,1362,30.063568,True,0.047478,0.0
real_001156.txt,27,46,9,0.007981,True,8.1e-05,0.0
real_001157.txt,2230,8101,794,30.030274,True,0.014419,0.0
real_001158.txt,25,46,10,0.010163,True,8.6e-05,0.0
real_001159.txt,1920,8610,842,30.028885,True,0.013274,0.0
real_001160.txt,2013,23586,1204,30.080364,True,0.04719,0.0
real_001161.txt,17,19,2,0.000391,True,5.7e-05,0.0
real_001162.txt,77,254,29,0.114311,True,0.000309,0.0
real_001163.txt,42,81,13,0.021195,True,0.00013,0.0
real_001164.txt,2658,56549,1759,30.214677,True,0.124926,0.0
real_001165.txt,3799,69632,2830,30.28339,True,0.170949,0.0
real_001166.txt,2227,10838,1021,30.034756,True,0.017429,0.0
real_001167.txt,42,81,13,0.020981,True,0.000127,0.0
real_001168.txt,4158,13422,1397,30.048955,True,0.030206,0.0
real_001169.txt,27,46,9,0.007831,True,7e-05,0.0
real_001170.txt,13,14,1,0.000222,True,4.1e-05,0.0
real_001171.txt,13,14,1,0.000241,True,5.8e-05,0.0
real_001172.txt,3732,30138,2162,30.11244,True,0.075258,0.0
real_001173.txt,13,14,1,0.000222,True,4e-05,0.0
real_001174.txt,77,254,29,0.112351,True,0.000275,0.0
real_001175.txt,15,20,2,0.000491,True,4.5e-05,0.0
real_001176.txt,32,89,11,0.019221,True,0.000144,0.0
real_001177.txt,4953,53741,3809,30.195319,True,0.112097,0.0
real_001178.txt,10,17,4,0.00095,True,6.6e-05,0.0
real_001179.txt,2298,30847,1588,30.10288,True,0.059194,0.0
real_001180.txt,77,254,29,0.114941,True,0.000322,0.0
real_001181.txt,1513,16246,775,30.0539,True,0.029461,0.0
real_001182.txt,25,46,10,0.007926,True,0.000102,0.0
real_001183.txt,25,46,10,0.008014,True,8.3e-05,0.0
real_001184.txt,23,51,8,0.008474,True,9.5e-05,0.0
real_001185.txt,15,20,2,0.000569,True,5.9e-05,0.0
real_001186.txt,23,51,8,0.008375,True,8.7e-05,0.0
real_001187.txt,3096,55030,2134,30.218579,True,0.118246,0.0
real_001188.txt,42,81,13,0.021006,True,0.000156,0.0
real_001189.txt,13,14,1,0.000336,True,5.4e-05,0.0
real_001190.txt,15,20,2,0.00056,True,5.7e-05,0.0
real_001191.txt,2146,16765,1264,30.058721,True,0.033058,0.0
real_001192.txt,42,81,13,0.021177,True,0.000129,0.0
real_001193.txt,3161,24305,1923,30.106737,True,0.077752,0.0
real_001194.txt,4158,30172,2484,30.100589,True,0.064946,0.0
real_001195.txt,34,78,7,0.012516,True,0.00016,0.0
real_001196.txt,1624,18035,1011,30.050774,True,0.025567,0.0
real_001197.txt,13,14,1,0.00026,True,4.6e-05,0.0
real_001198.txt,892,4822,489,30.025431,True,0.006164,0.0
real_001199.txt,42,81,13,0.021809,True,0.00016,0.0
real_001200.txt,34,78,7,0.012936,True,0.000173,0.0
real_001201.txt,37,84,15,0.025974,True,0.000145,0.0
real_001202.txt,25,46,10,0.008321,True,8.8e-05,0.0
real_001203.txt,3753,16887,1632,30.061169,True,0.035355,0.0
real_001204.txt,10,17,4,0.000997,True,4.8e-05,0.0
real_001205.txt,2088,8587,858,30.046262,True,0.031219,0.0
real_001206.txt,37,84,15,0.02561,True,0.000135,0.0
real_001207.txt,23,51,8,0.008308,True,8.4e-05,0.0
real_001208.txt,77,254,29,0.117516,True,0.000346,0.0
real_001209.txt,13,14,1,0.000257,True,4.9e-05,0.0
real_001210.txt,23,51,8,0.008592,True,9e-05,0.0
real_001211.txt,13,14,1,0.000286,True,5e-05,0.0
real_001212.txt,42,81,13,0.0226,True,0.00015,0.0
real_001213.txt,4158,13422,1397,30.048519,True,0.029997,0.0
real_001214.txt,27,46,9,0.007854,True,7.9e-05,0.0
real_001215.txt,13,14,1,0.000266,True,4.4e-05,0.0
real_001216.txt,2584,39675,1807,30.122672,True,0.064261,0.0
real_001217.txt,13,14,1,0.000271,True,4.6e-05,0.0
real_001218.txt,4564,83613,3735,30.341266,True,0.21169,0.0
real_001219.txt,34,78,7,0.012785,True,0.000132,0.0
real_001220.txt,13,14,1,0.000228,True,4.2e-05,0.0
real_001221.txt,32,89,11,0.020508,True,0.000123,0.0
real_001222.txt,4912,24395,2164,30.098219,True,0.064588,0.0
real_001223.txt,10,17,4,0.001002,True,4.9e-05,0.0
real_001224.txt,3865,18804,1826,30.086248,True,0.061427,0.0
real_001225.txt,3033,87655,2185,30.325082,True,0.196568,0.0
real_001226.txt,13,14,1,0.000218,True,3.6e-05,0.0
real_001227.txt,2116,21119,1333,30.054315,True,0.030366,0.0
real_001228.txt,3795,19258,1741,30.053358,True,0.031502,0.0
real_001229.txt,77,254,29,0.111843,True,0.000278,0.0
real_001230.txt,23,51,8,0.008286,True,6.9e-05,0.0
real_001231.txt,13,14,1,0.000234,True,4.3e-05,0.0
real_001232.txt,77,254,29,0.11313,True,0.000266,0.0
real_001233.txt,25,46,10,0.008045,True,7.2e-05,0.0
real_001234.txt,77,254,29,0.11635,True,0.000277,0.0
real_001235.txt,3711,13109,1294,30.042942,True,0.024578,0.0
real_001236.txt,77,254,29,0.112969,True,0.000264,0.0
real_001237.txt,4686,20804,1968,30.069813,True,0.035645,0.0
real_001238.txt,25,46,10,0.00781,True,6.6e-05,0.0
real_001239.txt,4441,79426,3553,30.300727,True,0.180454,0.0
real_001240.txt,32,89,11,0.019317,True,0.000149,0.0
real_001241.txt,557,14611,332,30.051709,True,0.016952,0.0
real_001242.txt,77,254,29,0.1162,True,0.000328,0.0
real_001243.txt,13,14,1,0.000242,True,3.9e-05,0.0
real_001244.txt,23,51,8,0.008753,True,6.7e-05,0.0
real_001245.txt,2888,9987,985,30.033819,True,0.017965,0.0
real_001246.txt,23,51,8,0.009757,True,7.1e-05,0.0
real_001247.txt,3939,12858,1320,30.059772,True,0.042185,0.0
real_001248.txt,10,17,4,0.000909,True,4e-05,0.0
real_001249.txt,42,81,13,0.021356,True,0.000106,0.0
real_001250.txt,42,81,13,0.021845,True,9.9e-05,0.0
real_001251.txt,34,78,7,0.013253,True,9.9e-05,0.0
real_001252.txt,1153,12997,705,30.043345,True,0.017458,0.0
real_001253.txt,77,254,29,0.111551,True,0.000272,0.0
real_001254.txt,2033,8121,826,30.032891,True,0.015701,0.0
real_001255.txt,42,81,13,0.022407,True,0.000106,0.0
real_001256.txt,77,254,29,0.114643,True,0.000278,0.0
real_001257.txt,1538,5536,515,30.024935,True,0.009992,0.0
real_001258.txt,34,78,7,0.012931,True,0.000109,0.0
real_001259.txt,27,46,9,0.007926,True,6.8e-05,0.0
real_001260.txt,3300,59426,2606,30.207457,True,0.125698,0.0
real_001261.txt,15,20,2,0.00057,True,5.4e-05,0.0
real_001262.txt,10,17,4,0.000846,True,3e-05,0.0
real_001263.txt,4662,52755,3644,30.174702,True,0.111739,0.0
real_001264.txt,15,20,2,0.000549,True,5.1e-05,0.0
real_001265.txt,13,14,1,0.000268,True,4e-05,0.0
real_001266.txt,37,84,15,0.030267,True,0.000106,0.0
real_001267.txt,37,84,15,0.025983,True,0.0001,0.0
real_001268.txt,288,730,81,1.575202,True,0.000816,0.0
real_001269.txt,32,89,11,0.018995,True,0.000148,0.0
real_001270.txt,77,254,29,0.114534,True,0.000304,0.0
real_001271.txt,37,84,15,0.02537,True,9.6e-05,0.0
real_001272.txt,27,46,9,0.00861,True,7.5e-05,0.0
real_001273.txt,13,14,1,0.000251,True,3.8e-05,0.0
real_001274.txt,77,254,29,0.115898,True,0.000283,0.0
real_001275.txt,25,46,10,0.007758,True,5.2e-05,0.0
real_001276.txt,1880,27849,1064,30.080674,True,0.041213,0.0
real_001277.txt,32,89,11,0.018597,True,0.000152,0.0
real_001278.txt,32,89,11,0.019281,True,0.000156,0.0
real_001279.txt,3662,12229,1240,30.03921,True,0.022355,0.0
real_001280.txt,34,78,7,0.012985,True,0.000104,0.0
real_001281.txt,4733,37277,3014,30.110509,True,0.069339,0.0
real_001282.txt,32,89,11,0.018874,True,0.000121,0.0
real_001283.txt,3056,66265,2083,30.279364,True,0.181833,0.0
real_001284.txt,77,254,29,0.118787,True,0.000308,0.0
real_001285.txt,2774,24314,1683,30.094351,True,0.058392,0.0
real_001286.txt,2862,43134,2101,30.143642,True,0.084543,0.0
real_001287.txt,17,19,2,0.000354,True,5e-05,0.0
real_001288.txt,13,14,1,0.000219,True,3.9e-05,0.0
real_001289.txt,3853,102527,3255,30.421387,True,0.239879,0.0
real_001290.txt,32,89,11,0.019544,True,0.000128,0.0
real_001291.txt,37,84,15,0.02801,True,9.1e-05,0.0
real_001292.txt,10,17,4,0.000947,True,3e-05,0.0
real_001293.txt,2206,15679,1325,30.05988,True,0.038833,0.0
real_001294.txt,23,51,8,0.008265,True,6.5e-05,0.0
real_001295.txt,23,51,8,0.008525,True,6.7e-05,0.0
real_001296.txt,15,20,2,0.000489,True,3.9e-05,0.0
real_001297.txt,15,20,2,0.000481,True,3.7e-05,0.0
real_001298.txt,13,14,1,0.000195,True,3.1e-05,0.0
real_001299.txt,17,19,2,0.000335,True,4.4e-05,0.0
real_001300.txt,978,7956,503,30.03198,True,0.010062,0.0
real_001301.txt,4030,13240,1359,30.044342,True,0.028244,0.0
real_001302.txt,25,46,10,0.008204,True,0.00012,0.0
real_001303.txt,42,81,13,0.021522,True,0.000102,0.0
real_001304.txt,4181,21371,1947,30.085818,True,0.06178,0.0
real_001305.txt,15,20,2,0.000513,True,5e-05,0.0
real_001306.txt,42,81,13,0.023607,True,0.0001,0.0
real_001307.txt,3157,11389,1117,30.037755,True,0.022116,0.0
real_001308.txt,15,20,2,0.000559,True,5.4e-05,0.0
real_001309.txt,37,84,15,0.026865,True,0.000126,0.0
real_001310.txt,2291,40608,1642,30.137858,True,0.085609,0.0
real_001311.txt,77,254,29,0.113519,True,0.000269,0.0
real_001312.txt,13,14,1,0.00024,True,4.3e-05,0.0
real_001313.txt,32,89,11,0.01932,True,0.000134,0.0
real_001314.txt,32,89,11,0.01974,True,0.000145,0.0
real_001315.txt,32,89,11,0.019573,True,0.000132,0.0
real_001316.txt,77,254,29,0.119157,True,0.000286,0.0
real_001317.txt,10,17,4,0.000962,True,9e-05,0.0
real_001318.txt,37,84,15,0.025903,True,0.00012,0.0
real_001319.txt,13,14,1,0.000263,True,6.1e-05,0.0
real_001320.txt,4873,85892,3938,30.328743,True,0.193628,0.0
real_001321.txt,3062,66684,2191,30.224136,True,0.136527,0.0
real_001322.txt,3035,10765,1099,30.029249,True,0.015664,0.0
real_001323.txt,32,89,11,0.01927,True,0.00017,0.0
real_001324.txt,10,17,4,0.000978,True,4.9e-05,0.0
real_001325.txt,850,14514,444,30.05486,True,0.024469,0.0
real_001326.txt,3636,12642,1255,30.055556,True,0.037352,0.0
real_001327.txt,2654,11592,1126,30.041879,True,0.023449,0.0
real_001328.txt,13,14,1,0.00028,True,5.5e-05,0.0
real_001329.txt,2235,8372,777,30.032078,True,0.015115,0.0
real_001330.txt,381,1943,129,9.207771,True,0.002737,0.0
real_001331.txt,10,17,4,0.00097,True,4.4e-05,0.0
real_001332.txt,13,14,1,0.000287,True,4.8e-05,0.0
real_001333.txt,27,46,9,0.00789,True,8.7e-05,0.0
real_001334.txt,4831,86947,4117,30.346247,True,0.192815,0.0
real_001335.txt,17,19,2,0.00038,True,5.6e-05,0.0
real_001336.txt,3244,14061,1399,30.038242,True,0.021586,0.0
real_001337.txt,77,254,29,0.112014,True,0.000307,0.0
real_001338.txt,34,78,7,0.013093,True,0.000139,0.0
real_001339.txt,2561,48532,1892,30.156142,True,0.093775,0.0
real_001340.txt,23,51,8,0.008266,True,7.8e-05,0.0
real_001341.txt,13,14,1,0.000252,True,5.9e-05,0.0
real_001342.txt,77,254,29,0.116834,True,0.000276,0.0
real_001343.txt,25,46,10,0.008492,True,8.7e-05,0.0
real_001344.txt,32,89,11,0.019349,True,0.000145,0.0
real_001345.txt,2033,7969,810,30.052957,True,0.036265,0.0
real_001346.txt,15,20,2,0.000592,True,6.9e-05,0.0
real_001347.txt,4835,133785,4233,30.587342,True,0.271156,0.0
real_001348.txt,1356,17696,800,30.061259,True,0.029485,0.0
real_001349.txt,17,19,2,0.000435,True,6.1e-05,0.0
real_001350.txt,23,51,8,0.008268,True,0.0001,0.0
real_001351.txt,27,46,9,0.007804,True,8.3e-05,0.0
real_001352.txt,32,89,11,0.018925,True,0.00014,0.0
real_001353.txt,27,46,9,0.007963,True,7.8e-05,0.0
real_001354.txt,4122,13376,1397,30.056568,True,0.039536,0.0
real_001355.txt,13,14,1,0.000263,True,4.4e-05,0.0
real_001356.txt,3702,23279,1975,30.060501,True,0.033536,0.0
real_001357.txt,23,51,8,0.010535,True,0.000106,0.0
real_001358.txt,13,14,1,0.000308,True,5.4e-05,0.0
real_001359.txt,4070,13305,1383,30.040099,True,0.022749,0.0
real_001360.txt,670,7416,471,30.036738,True,0.011199,0.0
real_001361.txt,13,14,1,0.000291,True,5.4e-05,0.0
real_001362.txt,32,89,11,0.019777,True,0.000167,0.0
real_001363.txt,34,78,7,0.014031,True,0.000167,0.0
real_001364.txt,17,19,2,0.000398,True,6.4e-05,0.0
real_001365.txt,15,20,2,0.000557,True,6.1e-05,0.0
real_001366.txt,23,51,8,0.008553,True,9.6e-05,0.0
real_001367.txt,13,14,1,0.000304,True,5.3e-05,0.0
real_001368.txt,4158,13422,1397,30.045093,True,0.026518,0.0
real_001369.txt,2822,78829,2096,30.346785,True,0.206846,0.0
real_001370.txt,1809,12100,1023,30.039026,True,0.018131,0.0
real_001371.txt,4076,75394,3273,30.301292,True,0.170025,0.0
real_001372.txt,32,89,11,0.019235,True,0.000151,0.0
real_001373.txt,10,17,4,0.000946,True,3.7e-05,0.0
real_001374.txt,2195,7180,753,30.023906,True,0.010259,0.0
real_001375.txt,77,254,29,0.114682,True,0.000308,0.0
real_001376.txt,3597,17471,1616,30.058371,True,0.037737,0.0
real_001377.txt,17,19,2,0.000405,True,5.2e-05,0.0
real_001378.txt,17,19,2,0.000385,True,4.9e-05,0.0
real_001379.txt,25,46,10,0.008153,True,7.1e-05,0.0
real_001380.txt,1023,13277,755,30.053622,True,0.026897,0.0
real_001381.txt,34,78,7,0.014282,True,0.000109,0.0
real_001382.txt,13,14,1,0.000247,True,4.4e-05,0.0
real_001383.txt,13,14,1,0.000228,True,4.2e-05,0.0
real_001384.txt,2038,10513,974,30.037907,True,0.019399,0.0
real_001385.txt,13,14,1,0.000266,True,5.9e-05,0.0
real_001386.txt,25,46,10,0.008698,True,8.1e-05,0.0
real_001387.txt,77,254,29,0.115359,True,0.000318,0.0
real_001388.txt,2621,30685,1728,30.114921,True,0.061802,0.0
real_001389.txt,37,84,15,0.034311,True,0.000105,0.0
real_001390.txt,10,17,4,0.001534,True,4.8e-05,0.0
real_001391.txt,25,46,10,0.010084,True,7.1e-05,0.0
real_001392.txt,27,46,9,0.008442,True,9.4e-05,0.0
real_001393.txt,1426,5538,531,30.027404,True,0.010318,0.0
real_001394.txt,15,20,2,0.00065,True,0.000125,0.0
real_001395.txt,13,14,1,0.000261,True,5.1e-05,0.0
real_001396.txt,77,254,29,0.112928,True,0.000307,0.0
real_001397.txt,77,254,29,0.125339,True,0.00029,0.0
real_001398.txt,42,81,13,0.021771,True,0.000129,0.0
real_001399.txt,77,254,29,0.113083,True,0.000333,0.0
real_001400.txt,10,17,4,0.000953,True,4.6e-05,0.0
real_001401.txt,146,1576,100,2.92264,True,0.001778,0.0
real_001402.txt,10,17,4,0.000973,True,4.9e-05,0.0
real_001403.txt,10,17,4,0.001021,True,4.2e-05,0.0
real_001404.txt,13,14,1,0.000261,True,4.6e-05,0.0
real_001405.txt,1959,7507,763,30.028011,True,0.013342,0.0
real_001406.txt,25,46,10,0.007725,True,6e-05,0.0
real_001407.txt,34,78,7,0.015594,True,9.7e-05,0.0
real_001408.txt,17,19,2,0.000353,True,4.8e-05,0.0
real_001409.txt,13,14,1,0.000221,True,4.1e-05,0.0
real_001410.txt,2394,8221,809,30.027004,True,0.012901,0.0
real_001411.txt,286,790,78,2.260166,True,0.000883,0.0
real_001412.txt,23,51,8,0.008298,True,6.7e-05,0.0
real_001413.txt,4182,77484,3263,30.318335,True,0.17866,0.0
real_001414.txt,15,20,2,0.000979,True,5.1e-05,0.0
real_001415.txt,23,51,8,0.009158,True,8.3e-05,0.0
real_001416.txt,32,89,11,0.019632,True,0.00014,0.0
real_001417.txt,10,17,4,0.000994,True,3.8e-05,0.0
real_001418.txt,27,46,9,0.007933,True,6.8e-05,0.0
real_001419.txt,15,20,2,0.000541,True,7.9e-05,0.0
real_001420.txt,27,46,9,0.00829,True,7.1e-05,0.0
real_001421.txt,4332,75749,3465,30.328869,True,0.202432,0.0
real_001422.txt,15,20,2,0.000529,True,4.9e-05,0.0
real_001423.txt,3859,12956,1329,30.039999,True,0.021205,0.0
real_001424.txt,1164,9698,724,30.037722,True,0.018238,0.0
real_001425.txt,77,254,29,0.114613,True,0.000322,0.0
real_001426.txt,1623,5507,609,30.025333,True,0.009395,0.0
real_001427.txt,32,89,11,0.018673,True,0.000117,0.0
real_001428.txt,23,51,8,0.007978,True,7.8e-05,0.0
real_001429.txt,113,281,32,0.199653,True,0.000341,0.0
real_001430.txt,3476,12456,1248,30.06398,True,0.047801,0.0
real_001431.txt,883,15272,525,30.050846,True,0.022841,0.0
real_001432.txt,27,46,9,0.007773,True,7.9e-05,0.0
real_001433.txt,4784,22769,2096,30.072667,True,0.04888,0.0
real_001434.txt,2231,41928,1254,30.162369,True,0.106297,0.0
real_001435.txt,3321,57002,2557,30.186605,True,0.104019,0.0
real_001436.txt,17,19,2,0.000353,True,5.3e-05,0.0
real_001437.txt,13,14,1,0.000215,True,4e-05,0.0
real_001438.txt,940,13723,498,30.053585,True,0.021611,0.0
real_001439.txt,13,14,1,0.000256,True,4.3e-05,0.0
real_001440.txt,27,46,9,0.007948,True,7e-05,0.0
real_001441.txt,13,14,1,0.000237,True,4.4e-05,0.0
real_001442.txt,34,78,7,0.012608,True,0.000114,0.0
real_001443.txt,408,5653,263,30.011898,True,0.00738,0.0
real_001444.txt,10,17,4,0.000902,True,3.7e-05,0.0
real_001445.txt,10,17,4,0.000874,True,3.3e-05,0.0
real_001446.txt,34,78,7,0.012449,True,0.000104,0.0
real_001447.txt,77,254,29,0.112716,True,0.000326,0.0
real_001448.txt,13,14,1,0.000329,True,4.5e-05,0.0
real_001449.txt,15,20,2,0.000543,True,5.3e-05,0.0
real_001450.txt,3843,111330,3179,30.427061,True,0.253938,0.0
real_001451.txt,27,46,9,0.007783,True,7e-05,0.0
real_001452.txt,1602,25169,1167,30.096204,True,0.059675,0.0
real_001453.txt,196,1192,90,4.766813,True,0.001259,0.0
real_001454.txt,1748,29769,1026,30.101749,True,0.055536,0.0
real_001455.txt,27,46,9,0.007769,True,6.8e-05,0.0
real_001456.txt,42,81,13,0.020708,True,0.000105,0.0
real_001457.txt,3648,61334,2881,30.219211,True,0.126097,0.0
real_001458.txt,4158,13422,1397,30.048668,True,0.029908,0.0
real_001459.txt,1918,32427,1024,30.136739,True,0.086022,0.0
real_001460.txt,13,14,1,0.000295,True,4e-05,0.0
real_001461.txt,466,1572,137,12.075981,True,0.002177,0.0
real_001462.txt,25,46,10,0.008071,True,6.3e-05,0.0
real_001463.txt,32,89,11,0.019073,True,0.000109,0.0
real_001464.txt,37,84,15,0.025593,True,9.1e-05,0.0
real_001465.txt,27,46,9,0.007894,True,6.1e-05,0.0
real_001466.txt,15,20,2,0.000475,True,4.2e-05,0.0
real_001467.txt,37,84,15,0.025193,True,0.0001,0.0
real_001468.txt,13,14,1,0.000233,True,4.8e-05,0.0
real_001469.txt,23,51,8,0.008485,True,6.6e-05,0.0
real_001470.txt,2856,63396,1944,30.215489,True,0.137848,0.0
real_001471.txt,1747,5891,599,30.024073,True,0.007792,0.0
real_001472.txt,13,14,1,0.000228,True,3.8e-05,0.0
real_001473.txt,37,84,15,0.026019,True,9.9e-05,0.0
real_001474.txt,2639,54247,1611,30.195064,True,0.101163,0.0
real_001475.txt,10,17,4,0.000926,True,3.8e-05,0.0
real_001476.txt,42,81,13,0.020674,True,0.0001,0.0
real_001477.txt,13,14,1,0.000248,True,6.2e-05,0.0
real_001478.txt,42,81,13,0.02078,True,0.000105,0.0
real_001479.txt,164,427,45,0.472846,True,0.000459,0.0
real_001480.txt,3067,12510,1218,30.051682,True,0.035339,0.0
real_001481.txt,23,51,8,0.008155,True,5.8e-05,0.0
real_001482.txt,25,46,10,0.007619,True,4.9e-05,0.0
real_001483.txt,452,5342,305,30.01105,True,0.00666,0.0
real_001484.txt,37,84,15,0.025452,True,0.000107,0.0
real_001485.txt,17,19,2,0.000328,True,4.3e-05,0.0
real_001486.txt,860,2532,249,30.005952,True,0.003452,0.0
real_001487.txt,4214,20722,1840,30.067049,True,0.040895,0.0
real_001488.txt,23,51,8,0.008233,True,7.3e-05,0.0
real_001489.txt,10,17,4,0.000934,True,4.2e-05,0.0
real_001490.txt,77,254,29,0.110337,True,0.000289,0.0
real_001491.txt,32,89,11,0.018588,True,0.000104,0.0
real_001492.txt,15,20,2,0.000621,True,4.6e-05,0.0
real_001493.txt,77,254,29,0.114555,True,0.000276,0.0
real_001494.txt,13,14,1,0.000206,True,3.9e-05,0.0
real_001495.txt,34,78,7,0.013057,True,9.1e-05,0.0
real_001496.txt,34,78,7,0.012598,True,0.000108,0.0
real_001497.txt,32,89,11,0.019145,True,0.000112,0.0
real_001498.txt,32,89,11,0.019008,True,0.000225,0.0
real_001499.txt,77,254,29,0.11567,True,0.000267,0.0
real_001500.txt,34,78,7,0.013392,True,0.000109,0.0
real_001501.txt,2973,62155,2105,30.235032,True,0.134658,0.0
real_001502.txt,1068,5302,470,30.026941,True,0.008163,0.0
real_001503.txt,276,3617,106,17.23202,True,0.003984,0.0
real_001504.txt,27,46,9,0.007865,True,7.7e-05,0.0
real_001505.txt,42,81,13,0.020818,True,0.000103,0.0
real_001506.txt,15,20,2,0.000502,True,4.9e-05,0.0
real_001507.txt,23,51,8,0.008587,True,7.2e-05,0.0
real_001508.txt,2925,13192,1267,30.043633,True,0.024361,0.0
real_001509.txt,32,89,11,0.018777,True,0.00011,0.0
real_001510.txt,17,19,2,0.000354,True,5e-05,0.0
real_001511.txt,23,51,8,0.008459,True,7.3e-05,0.0
real_001512.txt,42,81,13,0.02135,True,0.000105,0.0
real_001513.txt,42,81,13,0.020998,True,9.2e-05,0.0
real_001514.txt,13,14,1,0.000269,True,4e-05,0.0
real_001515.txt,32,89,11,0.018984,True,0.000114,0.0
real_001516.txt,23,51,8,0.008218,True,6.9e-05,0.0
real_001517.txt,15,20,2,0.000821,True,5.8e-05,0.0
real_001518.txt,269,978,95,2.804278,True,0.001039,0.0
real_001519.txt,77,254,29,0.120224,True,0.000274,0.0
real_001520.txt,42,81,13,0.025121,True,9.6e-05,0.0
real_001521.txt,27,46,9,0.010701,True,8.6e-05,0.0
real_001522.txt,3791,13102,1335,30.038261,True,0.020744,0.0
real_001523.txt,13,14,1,0.000229,True,3.6e-05,0.0
real_001524.txt,605,7976,315,30.039857,True,0.010108,0.0
real_001525.txt,34,78,7,0.01275,True,0.000108,0.0
real_001526.txt,15,20,2,0.000478,True,4e-05,0.0
real_001527.txt,4301,81122,3376,30.310354,True,0.182275,0.0
real_001528.txt,4872,16597,1652,30.043035,True,0.023859,0.0
real_001529.txt,875,3446,291,30.008215,True,0.004948,0.0
real_001530.txt,3816,13866,1334,30.044559,True,0.028599,0.0
real_001531.txt,17,19,2,0.000366,True,7.1e-05,0.0
real_001532.txt,13,14,1,0.000224,True,3.6e-05,0.0
real_001533.txt,4423,22895,2032,30.069868,True,0.043674,0.0
real_001534.txt,1567,16248,878,30.057811,True,0.029087,0.0
real_001535.txt,17,19,2,0.000347,True,4.9e-05,0.0
real_001536.txt,4699,15817,1556,30.055452,True,0.034242,0.0
real_001537.txt,25,46,10,0.007699,True,6.6e-05,0.0
real_001538.txt,4706,130387,3916,30.610249,True,0.326288,0.0
real_001539.txt,1710,6152,578,30.02647,True,0.009256,0.0
real_001540.txt,3304,13501,1442,30.043334,True,0.02604,0.0
real_001541.txt,3937,75574,3239,30.233388,True,0.142998,0.0
real_001542.txt,2623,42900,1476,30.139447,True,0.081741,0.0
real_001543.txt,27,46,9,0.007636,True,5.5e-05,0.0
real_001544.txt,17,19,2,0.000353,True,5.5e-05,0.0
real_001545.txt,1936,37711,1455,30.12731,True,0.071294,0.0
real_001546.txt,32,89,11,0.018652,True,0.00012,0.0
real_001547.txt,3357,15736,1474,30.0483,True,0.027505,0.0
real_001548.txt,13,14,1,0.000227,True,4.1e-05,0.0
real_001549.txt,32,89,11,0.018734,True,0.00012,0.0
real_001550.txt,25,46,10,0.007793,True,6.9e-05,0.0
real_001551.txt,15,20,2,0.000532,True,5.1e-05,0.0
real_001552.txt,2290,25732,1524,30.094549,True,0.054161,0.0
real_001553.txt,13,14,1,0.000248,True,4.2e-05,0.0
real_001554.txt,37,84,15,0.024906,True,9.4e-05,0.0
real_001555.txt,10,17,4,0.000961,True,3.5e-05,0.0
real_001556.txt,15,20,2,0.000532,True,4.9e-05,0.0
real_001557.txt,42,81,13,0.022365,True,0.0001,0.0
real_001558.txt,13,14,1,0.00022,True,3.9e-05,0.0
real_001559.txt,13,14,1,0.000217,True,4.2e-05,0.0
real_001560.txt,25,46,10,0.008087,True,6.4e-05,0.0
real_001561.txt,1118,5890,561,30.047791,True,0.029016,0.0
real_001562.txt,17,19,2,0.000352,True,4.9e-05,0.0
real_001563.txt,4801,90768,4113,30.311627,True,0.168919,0.0
real_001564.txt,10,17,4,0.000921,True,4.6e-05,0.0
real_001565.txt,13,14,1,0.000205,True,3.5e-05,0.0
real_001566.txt,77,254,29,0.112379,True,0.000274,0.0
real_001567.txt,37,84,15,0.027189,True,9.5e-05,0.0
real_001568.txt,15,20,2,0.00054,True,7.5e-05,0.0
real_001569.txt,37,84,15,0.02655,True,0.000101,0.0
real_001570.txt,42,81,13,0.022661,True,0.000132,0.0
real_001571.txt,42,81,13,0.025442,True,0.000105,0.0
real_001572.txt,37,84,15,0.025811,True,0.000104,0.0
real_001573.txt,13,14,1,0.000288,True,3.9e-05,0.0
real_001574.txt,37,84,15,0.025489,True,0.000108,0.0
real_001575.txt,3485,66630,2549,30.22036,True,0.128273,0.0
real_001576.txt,17,19,2,0.000346,True,4.7e-05,0.0
real_001577.txt,34,78,7,0.012609,True,0.000108,0.0
real_001578.txt,995,12021,515,30.041404,True,0.017225,0.0
real_001579.txt,42,81,13,0.022131,True,8.9e-05,0.0
real_001580.txt,34,78,7,0.01287,True,8.9e-05,0.0
real_001581.txt,15,20,2,0.000488,True,4.3e-05,0.0
real_001582.txt,25,46,10,0.008212,True,5.2e-05,0.0
real_001583.txt,25,46,10,0.007803,True,7.4e-05,0.0
real_001584.txt,3446,63410,2676,30.27209,True,0.170372,0.0
real_001585.txt,23,51,8,0.008329,True,6.6e-05,0.0
real_001586.txt,2985,14649,1361,30.040736,True,0.023081,0.0
real_001587.txt,42,81,13,0.02394,True,0.000103,0.0
real_001588.txt,34,78,7,0.013608,True,9.6e-05,0.0
real_001589.txt,2797,10376,1035,30.047367,True,0.030911,0.0
real_001590.txt,13,14,1,0.000226,True,3.8e-05,0.0
real_001591.txt,15,20,2,0.000526,True,6.7e-05,0.0
real_001592.txt,10,17,4,0.000908,True,3.2e-05,0.0
real_001593.txt,27,46,9,0.007666,True,6.5e-05,0.0
real_001594.txt,25,46,10,0.007949,True,6.3e-05,0.0
real_001595.txt,25,46,10,0.008369,True,7.2e-05,0.0
real_001596.txt,25,46,10,0.008328,True,6.4e-05,0.0
real_001597.txt,1235,18696,895,30.053484,True,0.027544,0.0
real_001598.txt,13,14,1,0.000228,True,3.7e-05,0.0
real_001599.txt,42,81,13,0.021126,True,0.00012,0.0
real_001600.txt,32,89,11,0.019065,True,0.000138,0.0
real_001601.txt,13,14,1,0.000218,True,3.9e-05,0.0
real_001602.txt,37,84,15,0.025039,True,0.0001,0.0
real_001603.txt,15,20,2,0.000529,True,5e-05,0.0
real_001604.txt,3191,48694,2217,30.179448,True,0.098728,0.0
real_001605.txt,4903,54136,3751,30.218429,True,0.142034,0.0
real_001606.txt,34,78,7,0.016754,True,0.000127,0.0
real_001607.txt,10,17,4,0.000963,True,3.6e-05,0.0
real_001608.txt,32,89,11,0.020873,True,0.000167,0.0
real_001609.txt,25,46,10,0.007905,True,8.3e-05,0.0
real_001610.txt,4750,16443,1675,30.044933,True,0.028096,0.0
real_001611.txt,77,254,29,0.111143,True,0.000286,0.0
real_001612.txt,34,78,7,0.012896,True,0.000144,0.0
real_001613.txt,10,17,4,0.000953,True,4.6e-05,0.0
real_001614.txt,4090,13322,1377,30.053717,True,0.032271,0.0
real_001615.txt,15,20,2,0.000524,True,4.2e-05,0.0
real_001616.txt,2045,24817,1331,30.084527,True,0.041502,0.0
real_001617.txt,77,254,29,0.10973,True,0.000294,0.0
real_001618.txt,32,89,11,0.018792,True,0.000112,0.0
real_001619.txt,25,46,10,0.007729,True,6.6e-05,0.0
real_001620.txt,77,254,29,0.109698,True,0.000291,0.0
real_001621.txt,3808,23510,2145,30.085745,True,0.055964,0.0
real_001622.txt,23,51,8,0.00825,True,6.8e-05,0.0
real_001623.txt,13,14,1,0.000257,True,3.9e-05,0.0
real_001624.txt,1967,11073,994,30.035437,True,0.016231,0.0
real_001625.txt,4158,13422,1397,30.055276,True,0.036586,0.0
real_001626.txt,13,14,1,0.000281,True,4.1e-05,0.0
real_001627.txt,25,46,10,0.007953,True,6.7e-05,0.0
real_001628.txt,15,20,2,0.000575,True,5.1e-05,0.0
real_001629.txt,37,84,15,0.025932,True,0.000113,0.0
real_001630.txt,356,915,98,3.522195,True,0.001082,0.0
real_001631.txt,3707,64549,2950,30.193097,True,0.110936,0.0
real_001632.txt,77,254,29,0.110394,True,0.000271,0.0
real_001633.txt,32,89,11,0.023024,True,0.000109,0.0
real_001634.txt,4526,84681,3821,30.312304,True,0.17828,0.0
real_001635.txt,77,254,29,0.112921,True,0.000245,0.0
real_001636.txt,37,84,15,0.036815,True,9.1e-05,0.0
real_001637.txt,1052,4609,416,30.023392,True,0.005378,0.0
real_001638.txt,37,84,15,0.025704,True,0.000121,0.0
real_001639.txt,13,14,1,0.000223,True,4e-05,0.0
real_001640.txt,1237,4531,446,30.022444,True,0.005905,0.0
real_001641.txt,538,4406,157,30.02028,True,0.016321,0.0
real_001642.txt,3238,11029,1117,30.032911,True,0.018321,0.0
real_001643.txt,13,14,1,0.000285,True,4.9e-05,0.0
real_001644.txt,42,81,13,0.021454,True,9.4e-05,0.0
real_001645.txt,1197,17107,668,30.053327,True,0.025912,0.0
real_001646.txt,32,89,11,0.018822,True,0.000127,0.0
real_001647.txt,42,81,13,0.023081,True,0.000119,0.0
real_001648.txt,25,46,10,0.009405,True,8.1e-05,0.0
real_001649.txt,3425,12328,1192,30.038649,True,0.021603,0.0
real_001650.txt,32,89,11,0.018911,True,0.0001,0.0
real_001651.txt,77,254,29,0.112295,True,0.000249,0.0
real_001652.txt,4774,126684,4035,30.548295,True,0.3038,0.0
real_001653.txt,3133,11647,1112,30.040124,True,0.021707,0.0
real_001654.txt,77,254,29,0.120616,True,0.000294,0.0
real_001655.txt,77,254,29,0.118032,True,0.000326,0.0
real_001656.txt,23,51,8,0.008499,True,6.7e-05,0.0
real_001657.txt,37,84,15,0.025867,True,0.000138,0.0
real_001658.txt,25,46,10,0.008006,True,5.8e-05,0.0
real_001659.txt,34,78,7,0.01315,True,0.000101,0.0
real_001660.txt,754,15715,435,30.05959,True,0.022796,0.0
real_001661.txt,3875,14219,1352,30.045738,True,0.027211,0.0
real_001662.txt,34,78,7,0.01299,True,0.000137,0.0
real_001663.txt,10,17,4,0.001007,True,4.8e-05,0.0
real_001664.txt,4158,13422,1397,30.058011,True,0.040745,0.0
real_001665.txt,15,20,2,0.000557,True,5.1e-05,0.0
real_001666.txt,3895,18614,1776,30.061766,True,0.036636,0.0
real_001667.txt,754,2531,226,30.005785,True,0.003455,0.0
real_001668.txt,23,51,8,0.008059,True,7.2e-05,0.0
real_001669.txt,1219,3643,429,30.008802,True,0.005855,0.0
real_001670.txt,13,14,1,0.000265,True,4.9e-05,0.0
real_001671.txt,10,17,4,0.000973,True,4.2e-05,0.0
real_001672.txt,23,51,8,0.008525,True,0.000103,0.0
real_001673.txt,77,254,29,0.111964,True,0.000314,0.0
real_001674.txt,679,2560,285,30.00592,True,0.003416,0.0
real_001675.txt,4477,82147,3569,30.279434,True,0.159285,0.0
real_001676.txt,77,254,29,0.113093,True,0.000305,0.0
real_001677.txt,1489,7075,713,30.039131,True,0.022255,0.0
real_001678.txt,15,20,2,0.000546,True,5.6e-05,0.0
real_001679.txt,303,7180,183,30.01496,True,0.008848,0.0
real_001680.txt,34,78,7,0.012983,True,0.000157,0.0
real_001681.txt,42,81,13,0.021783,True,0.00014,0.0
real_001682.txt,451,1632,163,7.20228,True,0.002387,0.0
real_001683.txt,23,51,8,0.008438,True,0.000114,0.0
real_001684.txt,17,19,2,0.000393,True,8.2e-05,0.0
real_001685.txt,2190,8046,836,30.027113,True,0.012359,0.0
real_001686.txt,13,14,1,0.000304,True,5.7e-05,0.0
real_001687.txt,37,84,15,0.02501,True,0.000148,0.0
real_001688.txt,42,81,13,0.023373,True,0.000206,0.0
real_001689.txt,704,7473,447,30.034904,True,0.010263,0.0
real_001690.txt,1710,6544,633,30.024326,True,0.010042,0.0
real_001691.txt,34,78,7,0.012723,True,0.000134,0.0
real_001692.txt,13,14,1,0.000261,True,4.8e-05,0.0
real_001693.txt,23,51,8,0.008294,True,8.6e-05,0.0
real_001694.txt,1465,4789,488,30.023461,True,0.008061,0.0
real_001695.txt,42,81,13,0.022176,True,0.000116,0.0
real_001696.txt,27,46,9,0.008165,True,6.9e-05,0.0
real_001697.txt,42,81,13,0.021996,True,0.000124,0.0
real_001698.txt,32,89,11,0.018966,True,0.000159,0.0
real_001699.txt,4950,16582,1663,30.077361,True,0.058279,0.0
real_001700.txt,37,84,15,0.02569,True,0.000131,0.0
real_001701.txt,2217,34848,1542,30.10782,True,0.066929,0.0
real_001702.txt,25,46,10,0.007983,True,9.4e-05,0.0
real_001703.txt,15,20,2,0.000539,True,5.9e-05,0.0
real_001704.txt,10,17,4,0.000951,True,4.2e-05,0.0
real_001705.txt,23,51,8,0.008401,True,9.5e-05,0.0
real_001706.txt,13,14,1,0.000287,True,6e-05,0.0
real_001707.txt,2120,10252,936,30.03486,True,0.017787,0.0
real_001708.txt,15,20,2,0.000541,True,6e-05,0.0
real_001709.txt,13,14,1,0.000257,True,5.1e-05,0.0
real_001710.txt,77,254,29,0.114589,True,0.000404,0.0
real_001711.txt,482,8607,371,30.040943,True,0.009242,0.0
real_001712.txt,2859,12577,1389,30.039834,True,0.021405,0.0
real_001713.txt,17,19,2,0.00042,True,6.2e-05,0.0
real_001714.txt,34,78,7,0.012636,True,0.000138,0.0
real_001715.txt,2491,56537,1561,30.221222,True,0.147713,0.0
real_001716.txt,37,84,15,0.024901,True,0.000128,0.0
real_001717.txt,13,14,1,0.000318,True,6.2e-05,0.0
real_001718.txt,3953,13108,1351,30.036494,True,0.019733,0.0
real_001719.txt,10,17,4,0.000946,True,4.2e-05,0.0
real_001720.txt,34,78,7,0.012663,True,0.000127,0.0
real_001721.txt,996,3728,377,30.00899,True,0.005499,0.0
real_001722.txt,13,14,1,0.000267,True,4.3e-05,0.0
real_001723.txt,257,5907,129,30.011314,True,0.005853,0.0
real_001724.txt,2240,43843,1662,30.128628,True,0.081706,0.0
real_001725.txt,23,51,8,0.00815,True,7.8e-05,0.0
real_001726.txt,23,51,8,0.008333,True,7.7e-05,0.0
real_001727.txt,25,46,10,0.007751,True,7e-05,0.0
real_001728.txt,37,84,15,0.025044,True,0.000122,0.0
real_001729.txt,23,51,8,0.007953,True,9e-05,0.0
real_001730.txt,42,81,13,0.021068,True,0.000116,0.0
real_001731.txt,13,14,1,0.000236,True,4.2e-05,0.0
real_001732.txt,1278,18228,881,30.067386,True,0.036994,0.0
real_001733.txt,37,84,15,0.025108,True,0.000141,0.0
real_001734.txt,23,51,8,0.008044,True,8.5e-05,0.0
real_001735.txt,768,3833,291,30.008464,True,0.005044,0.0
real_001736.txt,37,84,15,0.026301,True,0.00014,0.0
real_001737.txt,2367,9334,966,30.032828,True,0.018466,0.0
real_001738.txt,23,51,8,0.009708,True,8.4e-05,0.0
real_001739.txt,4064,71433,3255,30.241276,True,0.144398,0.0
real_001740.txt,2717,9476,934,30.028487,True,0.014264,0.0
real_001741.txt,1656,30817,1230,30.124385,True,0.077096,0.0
real_001742.txt,2309,12394,1128,30.035926,True,0.01822,0.0
real_001743.txt,1499,24928,1068,30.072268,True,0.038672,0.0
real_001744.txt,3360,36517,2167,30.104618,True,0.066999,0.0
real_001745.txt,27,46,9,0.007575,True,5.9e-05,0.0
real_001746.txt,17,19,2,0.000316,True,4.1e-05,0.0
real_001747.txt,25,46,10,0.007726,True,5.9e-05,0.0
real_001748.txt,2083,28988,1281,30.09925,True,0.064036,0.0
real_001749.txt,4204,117709,3448,30.477872,True,0.246808,0.0
real_001750.txt,23,51,8,0.00814,True,6.6e-05,0.0
real_001751.txt,42,81,13,0.021671,True,9.6e-05,0.0
real_001752.txt,23,51,8,0.008118,True,5.4e-05,0.0
real_001753.txt,4204,77231,3216,30.256385,True,0.14324,0.0
real_001754.txt,4984,22553,2134,30.080271,True,0.059806,0.0
real_001755.txt,15,20,2,0.000529,True,4.8e-05,0.0
real_001756.txt,3372,11187,1162,30.033818,True,0.019716,0.0
real_001757.txt,32,89,11,0.018807,True,0.000105,0.0
real_001758.txt,15,20,2,0.000491,True,4.4e-05,0.0
real_001759.txt,3724,67292,2998,30.235224,True,0.135996,0.0
real_001760.txt,1842,40736,1097,30.147091,True,0.09641,0.0
real_001761.txt,10,17,4,0.000971,True,3.2e-05,0.0
real_001762.txt,13,14,1,0.000254,True,3.5e-05,0.0
real_001763.txt,10,17,4,0.000902,True,3.1e-05,0.0
real_001764.txt,15,20,2,0.000515,True,4.1e-05,0.0
real_001765.txt,17,19,2,0.000334,True,4.6e-05,0.0
real_001766.txt,1634,23100,1165,30.065192,True,0.035837,0.0
real_001767.txt,27,46,9,0.007964,True,7.3e-05,0.0
real_001768.txt,23,51,8,0.008347,True,6e-05,0.0
real_001769.txt,42,81,13,0.021749,True,0.000101,0.0
real_001770.txt,27,46,9,0.008014,True,6.3e-05,0.0
real_001771.txt,25,46,10,0.007849,True,7.3e-05,0.0
real_001772.txt,37,84,15,0.024945,True,9.8e-05,0.0
real_001773.txt,15,20,2,0.000517,True,4.8e-05,0.0
real_001774.txt,13,14,1,0.000212,True,3.9e-05,0.0
real_001775.txt,42,81,13,0.02191,True,9.8e-05,0.0
real_001776.txt,13,14,1,0.000232,True,4e-05,0.0
real_001777.txt,13,14,1,0.000207,True,3.6e-05,0.0
real_001778.txt,34,78,7,0.013077,True,0.000111,0.0
real_001779.txt,3171,11563,1115,30.036221,True,0.019275,0.0
real_001780.txt,34,78,7,0.012903,True,0.000114,0.0
real_001781.txt,2464,9237,910,30.033976,True,0.017057,0.0
real_001782.txt,32,89,11,0.019247,True,0.000121,0.0
real_001783.txt,23,51,8,0.007931,True,6.8e-05,0.0
real_001784.txt,42,81,13,0.021558,True,0.000105,0.0
real_001785.txt,27,46,9,0.008084,True,6.9e-05,0.0
real_001786.txt,15,20,2,0.000497,True,4.5e-05,0.0
real_001787.txt,2181,37784,1581,30.144481,True,0.088908,0.0
real_001788.txt,10,17,4,0.000944,True,3.7e-05,0.0
real_001789.txt,34,78,7,0.012545,True,0.000105,0.0
real_001790.txt,2942,74623,2080,30.266617,True,0.146677,0.0
real_001791.txt,455,1498,133,11.542241,True,0.00201,0.0
real_001792.txt,13,14,1,0.000242,True,4.1e-05,0.0
real_001793.txt,15,20,2,0.000527,True,4.6e-05,0.0
real_001794.txt,77,254,29,0.111098,True,0.000254,0.0
real_001795.txt,13,14,1,0.000224,True,4.1e-05,0.0
real_001796.txt,2949,48521,2136,30.152575,True,0.098642,0.0
real_001797.txt,23,51,8,0.008115,True,5.9e-05,0.0
real_001798.txt,27,46,9,0.007792,True,5e-05,0.0
real_001799.txt,42,81,13,0.021876,True,0.000114,0.0
real_001800.txt,13,14,1,0.000203,True,3.4e-05,0.0
real_001801.txt,77,254,29,0.117099,True,0.000244,0.0
real_001802.txt,13,14,1,0.000237,True,3.6e-05,0.0
real_001803.txt,27,46,9,0.007945,True,0.0002,0.0
real_001804.txt,32,89,11,0.019789,True,0.000139,0.0
real_001805.txt,32,89,11,0.019773,True,0.000132,0.0
real_001806.txt,13,14,1,0.000251,True,4.8e-05,0.0
real_001807.txt,27,46,9,0.010784,True,9.4e-05,0.0
real_001808.txt,17,19,2,0.000403,True,7.4e-05,0.0
real_001809.txt,13,14,1,0.000349,True,0.00014,0.0
real_001810.txt,25,46,10,0.007835,True,9.6e-05,0.0
real_001811.txt,2856,19294,1659,30.0648,True,0.034598,0.0
real_001812.txt,4183,78342,3315,30.361845,True,0.204967,0.0
real_001813.txt,77,254,29,0.112563,True,0.000298,0.0
real_001814.txt,37,84,15,0.026185,True,0.000153,0.0
real_001815.txt,32,89,11,0.020065,True,0.000158,0.0
real_001816.txt,42,81,13,0.021773,True,0.000124,0.0
real_001817.txt,10,17,4,0.000943,True,3.8e-05,0.0
real_001818.txt,2687,9937,954,31.572939,True,0.025407,0.0
real_001819.txt,23,51,8,0.013355,True,0.000105,0.0
real_001820.txt,32,89,11,0.030427,True,0.000157,0.0
real_001821.txt,13,14,1,0.000313,True,5.1e-05,0.0
real_001822.txt,13,14,1,0.000336,True,5.6e-05,0.0
real_001823.txt,27,46,9,0.013791,True,9.2e-05,0.0
real_001824.txt,17,19,2,0.000507,True,6.4e-05,0.0
real_001825.txt,42,81,13,0.03399,True,0.000139,0.0
real_001826.txt,3452,58994,2732,30.332498,True,0.160618,0.0
real_001827.txt,10,17,4,0.001434,True,4.9e-05,0.0
real_001828.txt,13,14,1,0.000383,True,6.2e-05,0.0
real_001829.txt,15,20,2,0.000901,True,7.7e-05,0.0
real_001830.txt,15,20,2,0.000812,True,6.1e-05,0.0
real_001831.txt,13,14,1,0.00032,True,5.8e-05,0.0
real_001832.txt,42,81,13,0.03735,True,0.000133,0.0
real_001833.txt,25,46,10,0.015291,True,9.5e-05,0.0
real_001834.txt,37,84,15,0.046673,True,0.000135,0.0
real_001835.txt,1916,24744,1311,30.105466,True,0.058003,0.0
real_001836.txt,1571,5445,541,30.026916,True,0.010207,0.0
real_001837.txt,23,51,8,0.014186,True,0.000115,0.0
real_001838.txt,1819,34329,1065,30.155321,True,0.086008,0.0
real_001839.txt,34,78,7,0.021548,True,0.000201,0.0
real_001840.txt,37,84,15,0.040585,True,0.000201,0.0
real_001841.txt,10,17,4,0.001873,True,6.5e-05,0.0
real_001842.txt,15,20,2,0.000824,True,8.3e-05,0.0
real_001843.txt,1052,13453,691,30.093674,True,0.053014,0.0
real_001844.txt,37,84,15,0.041882,True,0.000144,0.0
real_001845.txt,27,46,9,0.014142,True,0.000112,0.0
real_001846.txt,17,19,2,0.000616,True,6.5e-05,0.0
real_001847.txt,25,46,10,0.013656,True,9.2e-05,0.0
real_001848.txt,37,84,15,0.041466,True,0.000261,0.0
real_001849.txt,1944,7934,784,30.038661,True,0.020401,0.0
real_001850.txt,23,51,8,0.015008,True,9.9e-05,0.0
real_001851.txt,17,19,2,0.00055,True,9.9e-05,0.0
real_001852.txt,34,78,7,0.021037,True,0.000146,0.0
real_001853.txt,77,254,29,0.212527,True,0.000464,0.0
real_001854.txt,42,81,13,0.038478,True,0.000142,0.0
real_001855.txt,3850,19095,1917,30.101752,True,0.063873,0.0
real_001856.txt,34,78,7,0.020291,True,0.000142,0.0
real_001857.txt,3609,12207,1228,30.053903,True,0.033038,0.0
real_001858.txt,2975,13812,1314,30.069705,True,0.039355,0.0
real_001859.txt,2715,9580,960,30.039309,True,0.021989,0.0
real_001860.txt,17,19,2,0.000525,True,6.6e-05,0.0
real_001861.txt,15,20,2,0.000755,True,6.3e-05,0.0
real_001862.txt,796,2683,276,30.008074,True,0.004686,0.0
real_001863.txt,1512,5902,565,30.028623,True,0.010797,0.0
real_001864.txt,34,78,7,0.020929,True,0.000186,0.0
real_001865.txt,15,20,2,0.000774,True,7.4e-05,0.0
real_001866.txt,3538,11424,1183,30.04685,True,0.028521,0.0
real_001867.txt,23,51,8,0.014113,True,9.7e-05,0.0
real_001868.txt,4584,31274,3071,30.157784,True,0.089239,0.0
real_001869.txt,27,46,9,0.013261,True,8.8e-05,0.0
real_001870.txt,4158,13422,1397,30.063892,True,0.043928,0.0
real_001871.txt,3908,70220,3275,30.418726,True,0.255959,0.0
real_001872.txt,17,19,2,0.000518,True,6.2e-05,0.0
real_001873.txt,10,17,4,0.001393,True,4.5e-05,0.0
real_001874.txt,2374,36812,1779,30.178286,True,0.098202,0.0
real_001875.txt,1530,12906,927,30.052134,True,0.025579,0.0
real_001876.txt,13,14,1,0.000499,True,5.8e-05,0.0
real_001877.txt,27,46,9,0.014319,True,9e-05,0.0
real_001878.txt,15,20,2,0.000754,True,6e-05,0.0
real_001879.txt,3713,103399,3039,30.717956,True,0.387583,0.0
real_001880.txt,23,51,8,0.014277,True,0.000125,0.0
real_001881.txt,2727,9840,924,30.042251,True,0.025453,0.0
real_001882.txt,37,84,15,0.0396,True,0.000192,0.0
real_001883.txt,1529,7218,630,30.031966,True,0.013985,0.0
real_001884.txt,77,254,29,0.197286,True,0.000376,0.0
real_001885.txt,10,17,4,0.001402,True,5e-05,0.0
real_001886.txt,77,254,29,0.194563,True,0.000375,0.0
real_001887.txt,4158,13422,1397,30.060275,True,0.03987,0.0
real_001888.txt,37,84,15,0.039912,True,0.000194,0.0
real_001889.txt,37,84,15,0.040817,True,0.000191,0.0
real_001890.txt,23,51,8,0.013784,True,0.000123,0.0
real_001891.txt,13,14,1,0.000356,True,6.7e-05,0.0
real_001892.txt,10,17,4,0.001423,True,6.1e-05,0.0
real_001893.txt,4158,13422,1397,30.089559,True,0.066257,0.0
real_001894.txt,4626,85622,3976,30.517947,True,0.28093,0.0
real_001895.txt,4692,16485,1632,30.079703,True,0.049383,0.0
real_001896.txt,4219,98531,3392,30.561159,True,0.261735,0.0
real_001897.txt,4422,15221,1570,30.1017,True,0.069592,0.0
real_001898.txt,13,14,1,0.000333,True,5.7e-05,0.0
real_001899.txt,13,14,1,0.00033,True,5.7e-05,0.0
real_001900.txt,260,1232,111,8.146526,True,0.001995,0.0
real_001901.txt,27,46,9,0.014118,True,0.000107,0.0
real_001902.txt,42,81,13,0.03387,True,0.000138,0.0
real_001903.txt,32,89,11,0.032718,True,0.000156,0.0
real_001904.txt,3889,71667,3170,30.364003,True,0.196533,0.0
real_001905.txt,1829,36891,1039,30.173697,True,0.09229,0.0
real_001906.txt,27,46,9,0.01328,True,9e-05,0.0
real_001907.txt,297,897,113,4.851437,True,0.001346,0.0
real_001908.txt,27,46,9,0.013316,True,0.000141,0.0
real_001909.txt,23,51,8,0.014338,True,9.8e-05,0.0
real_001910.txt,15,20,2,0.000756,True,6.6e-05,0.0
real_001911.txt,25,46,10,0.013692,True,9.1e-05,0.0
real_001912.txt,13,14,1,0.000318,True,5.4e-05,0.0
real_001913.txt,37,84,15,0.040304,True,0.000154,0.0
real_001914.txt,25,46,10,0.015372,True,9.1e-05,0.0
real_001915.txt,15,20,2,0.000765,True,6.8e-05,0.0
real_001916.txt,10,17,4,0.001422,True,5.1e-05,0.0
real_001917.txt,2474,10158,982,30.042761,True,0.024318,0.0
real_001918.txt,4158,13422,1397,30.084796,True,0.062811,0.0
real_001919.txt,27,46,9,0.013384,True,0.000128,0.0
real_001920.txt,23,51,8,0.014091,True,9.9e-05,0.0
real_001921.txt,27,46,9,0.013988,True,9.4e-05,0.0
real_001922.txt,13,14,1,0.000318,True,5.5e-05,0.0
real_001923.txt,13,14,1,0.000408,True,6.6e-05,0.0
real_001924.txt,77,254,29,0.192795,True,0.000432,0.0
real_001925.txt,2580,10347,1043,30.040519,True,0.022419,0.0
real_001926.txt,32,89,11,0.030793,True,0.000235,0.0
real_001927.txt,17,19,2,0.000572,True,8.2e-05,0.0
real_001928.txt,2489,8818,854,30.037345,True,0.02029,0.0
real_001929.txt,77,254,29,0.20263,True,0.000422,0.0
real_001930.txt,3162,65331,2681,30.329103,True,0.175181,0.0
real_001931.txt,25,46,10,0.012953,True,8.7e-05,0.0
real_001932.txt,3718,30544,2536,30.20227,True,0.14643,0.0
real_001933.txt,17,19,2,0.00051,True,6.5e-05,0.0
real_001934.txt,17,19,2,0.000492,True,6.3e-05,0.0
real_001935.txt,3782,53619,2755,30.258431,True,0.138428,0.0
real_001936.txt,23,51,8,0.013856,True,9.7e-05,0.0
real_001937.txt,13,14,1,0.000393,True,5.7e-05,0.0
real_001938.txt,2911,61580,2197,30.313933,True,0.165809,0.0
real_001939.txt,4556,24484,2636,30.156096,True,0.109042,0.0
real_001940.txt,2841,10583,1015,30.046019,True,0.024238,0.0
real_001941.txt,3022,10277,1060,30.043791,True,0.024384,0.0
real_001942.txt,42,81,13,0.034535,True,0.000147,0.0
real_001943.txt,17,19,2,0.00073,True,0.00012,0.0
real_001944.txt,2612,57699,1958,30.271204,True,0.148591,0.0
real_001945.txt,15,20,2,0.000764,True,6.4e-05,0.0
real_001946.txt,4587,15576,1503,30.075253,True,0.043282,0.0
real_001947.txt,15,20,2,0.000833,True,6.6e-05,0.0
real_001948.txt,13,14,1,0.00032,True,5.4e-05,0.0
real_001949.txt,4236,116059,3752,30.846654,True,0.407192,0.0
real_001950.txt,17,19,2,0.000615,True,8e-05,0.0
real_001951.txt,23,51,8,0.013702,True,0.000118,0.0
real_001952.txt,23,51,8,0.014083,True,0.00012,0.0
real_001953.txt,27,46,9,0.025332,True,0.000107,0.0
real_001954.txt,13,14,1,0.000392,True,7.8e-05,0.0
real_001955.txt,42,81,13,0.037125,True,0.000211,0.0
real_001956.txt,3303,65909,2811,30.387628,True,0.212239,0.0
real_001957.txt,13,14,1,0.000395,True,8e-05,0.0
real_001958.txt,533,7940,254,30.056508,True,0.014348,0.0
real_001959.txt,77,254,29,0.204833,True,0.000501,0.0
real_001960.txt,25,46,10,0.013558,True,0.000128,0.0
real_001961.txt,4301,18887,1835,30.107702,True,0.077019,0.0
real_001962.txt,15,20,2,0.000829,True,8.1e-05,0.0
real_001963.txt,32,89,11,0.031077,True,0.0002,0.0
real_001964.txt,15,20,2,0.000825,True,8.3e-05,0.0
real_001965.txt,32,89,11,0.032412,True,0.000215,0.0
real_001966.txt,508,9030,401,30.044934,True,0.015362,0.0
real_001967.txt,3202,11248,1121,30.050065,True,0.028519,0.0
real_001968.txt,23,51,8,0.013689,True,0.000127,0.0
real_001969.txt,2772,44269,2105,30.222894,True,0.112471,0.0
real_001970.txt,1128,21186,657,30.100334,True,0.049785,0.0
real_001971.txt,633,5935,312,30.039002,True,0.01117,0.0
real_001972.txt,23,51,8,0.014166,True,0.000128,0.0
real_001973.txt,13,14,1,0.000395,True,6.7e-05,0.0
real_001974.txt,572,5668,271,30.040687,True,0.009964,0.0
real_001975.txt,27,46,9,0.013207,True,0.000118,0.0
real_001976.txt,15,20,2,0.000829,True,0.000101,0.0
real_001977.txt,27,46,9,0.013366,True,0.000148,0.0
real_001978.txt,34,78,7,0.020895,True,0.000193,0.0
real_001979.txt,1260,3919,401,30.025625,True,0.007527,0.0
real_001980.txt,522,1781,180,30.005786,True,0.003142,0.0
real_001981.txt,4769,15948,1588,30.079564,True,0.048261,0.0
real_001982.txt,23,51,8,0.015579,True,0.000101,0.0
real_001983.txt,10,17,4,0.001411,True,4.8e-05,0.0
real_001984.txt,13,14,1,0.000879,True,0.000349,0.0
real_001985.txt,3237,15753,1442,30.075814,True,0.045041,0.0
real_001986.txt,27,46,9,0.013862,True,8.9e-05,0.0
real_001987.txt,34,78,7,0.019919,True,0.00015,0.0
real_001988.txt,23,51,8,0.014125,True,9.4e-05,0.0
real_001989.txt,77,254,29,0.207635,True,0.000409,0.0
real_001990.txt,34,78,7,0.020158,True,0.000146,0.0
real_001991.txt,15,20,2,0.000766,True,6.5e-05,0.0
real_001992.txt,34,78,7,0.021057,True,0.000142,0.0
real_001993.txt,23,51,8,0.014726,True,0.000106,0.0
real_001994.txt,13,14,1,0.00033,True,5.5e-05,0.0
real_001995.txt,37,84,15,0.040612,True,0.000139,0.0
real_001996.txt,15,20,2,0.000952,True,6.7e-05,0.0
real_001997.txt,42,81,13,0.034817,True,0.000138,0.0
real_001998.txt,17,19,2,0.00055,True,6.4e-05,0.0
real_001999.txt,224,432,42,1.089839,True,0.000809,0.0
ba_000000.txt,100,196,11,0.099264,True,0.000324,0.0
ba_000001.txt,325,1600,114,10.043378,True,0.002429,0.0
ba_000002.txt,1600,6384,476,30.027696,True,0.011304,0.0
ba_000003.txt,256,759,54,3.006583,True,0.001068,0.0
ba_000004.txt,939,4670,341,30.031161,True,0.007045,0.0
ba_000005.txt,401,1194,86,8.435141,True,0.001898,0.0
ba_000006.txt,1715,8550,624,30.036299,True,0.018202,0.0
ba_000007.txt,1315,5244,397,30.026464,True,0.009382,0.0
ba_000008.txt,287,1132,83,5.660888,True,0.001532,0.0
ba_000009.txt,401,1588,112,15.188599,True,0.00283,0.0
ba_000010.txt,1004,4000,301,30.047926,True,0.029162,0.0
ba_000011.txt,1863,9290,706,30.039338,True,0.018956,0.0
ba_000012.txt,666,2648,183,30.009982,True,0.005217,0.0
ba_000013.txt,1449,7220,546,30.031945,True,0.012999,0.0
ba_000014.txt,587,1752,122,13.531212,True,0.003138,0.0
ba_000015.txt,205,406,21,0.450837,True,0.001032,0.0
ba_000016.txt,208,412,20,0.415198,True,0.000734,0.0
ba_000017.txt,1316,3939,283,30.022783,True,0.006365,0.0
ba_000018.txt,464,1383,95,14.256496,True,0.002337,0.0
ba_000019.txt,1459,2914,151,30.008476,True,0.00508,0.0
ba_000020.txt,242,1185,86,7.231987,True,0.001521,0.0
ba_000021.txt,1912,3820,219,30.015346,True,0.010529,0.0
ba_000022.txt,1013,2022,109,12.595591,True,0.003764,0.0
ba_000023.txt,161,628,45,2.012226,True,0.000871,0.0
ba_000024.txt,1588,4755,370,30.025976,True,0.008771,0.0
ba_000025.txt,1287,5132,387,30.025352,True,0.008931,0.0
ba_000026.txt,249,738,47,2.112932,True,0.001142,0.0
ba_000027.txt,1159,2314,122,19.339061,True,0.004091,0.0
ba_000028.txt,342,1352,101,7.89543,True,0.002219,0.0
ba_000029.txt,129,620,46,1.495864,True,0.000823,0.0
ba_000030.txt,1380,4131,316,30.024489,True,0.006807,0.0
ba_000031.txt,140,544,40,1.517115,True,0.000772,0.0
ba_000032.txt,1232,6135,441,30.064456,True,0.041033,0.0
ba_000033.txt,316,939,57,4.442785,True,0.002267,0.0
ba_000034.txt,579,2870,207,30.008028,True,0.004261,0.0
ba_000035.txt,1503,7490,602,30.034914,True,0.015,0.0
ba_000036.txt,1540,7675,558,30.032003,True,0.013951,0.0
ba_000037.txt,322,957,72,5.289721,True,0.001375,0.0
ba_000038.txt,1319,2634,143,27.682791,True,0.004838,0.0
ba_000039.txt,691,2748,196,29.027557,True,0.004073,0.0
ba_000040.txt,1635,8150,599,30.035153,True,0.01571,0.0
ba_000041.txt,752,3735,271,30.029677,True,0.006188,0.0
ba_000042.txt,1077,3222,243,30.023111,True,0.004884,0.0
ba_000043.txt,369,1820,128,20.212494,True,0.002831,0.0
ba_000044.txt,1014,5045,357,30.034115,True,0.013319,0.0
ba_000045.txt,401,1194,71,5.89441,True,0.001962,0.0
ba_000046.txt,400,1191,87,9.375504,True,0.002204,0.0
ba_000047.txt,1533,6116,498,30.028547,True,0.011326,0.0
ba_000048.txt,1248,6215,463,30.034159,True,0.012198,0.0
ba_000049.txt,1577,4722,367,30.047593,True,0.032084,0.0
ba_000050.txt,820,2451,165,30.007784,True,0.004299,0.0
ba_000051.txt,156,608,49,1.570336,True,0.000879,0.0
ba_000052.txt,1205,6000,452,30.030074,True,0.010739,0.0
ba_000053.txt,1840,5511,394,30.025952,True,0.010418,0.0
ba_000054.txt,412,1632,119,17.809166,True,0.002669,0.0
ba_000055.txt,358,1065,72,4.898344,True,0.001938,0.0
ba_000056.txt,702,2097,145,22.042263,True,0.003984,0.0
ba_000057.txt,292,1435,109,13.254932,True,0.00219,0.0
ba_000058.txt,277,550,26,0.732969,True,0.000971,0.0
ba_000059.txt,1400,6975,495,30.031958,True,0.012969,0.0
ba_000060.txt,936,3728,284,30.026832,True,0.006081,0.0
ba_000061.txt,647,2572,177,30.008265,True,0.004411,0.0
ba_000062.txt,1528,4575,345,30.025267,True,0.008874,0.0
ba_000063.txt,179,870,63,3.535494,True,0.001103,0.0
ba_000064.txt,1900,5691,415,30.026693,True,0.010252,0.0
ba_000065.txt,137,532,41,1.238033,True,0.000657,0.0
ba_000066.txt,1976,7888,564,30.0615,True,0.039826,0.0
ba_000067.txt,1784,5343,387,30.028675,True,0.01183,0.0
ba_000068.txt,708,1412,80,8.671207,True,0.002774,0.0
ba_000069.txt,465,2300,164,30.006686,True,0.003386,0.0
ba_000070.txt,1996,5979,440,30.02912,True,0.012813,0.0
ba_000071.txt,1367,6810,513,30.033148,True,0.01193,0.0
ba_000072.txt,1187,5910,446,30.029794,True,0.010119,0.0
ba_000073.txt,473,1876,133,23.231973,True,0.003212,0.0
ba_000074.txt,1376,6855,523,30.032562,True,0.012569,0.0
ba_000075.txt,1613,3222,172,30.008965,True,0.005698,0.0
ba_000076.txt,1540,4611,335,30.023976,True,0.008302,0.0
ba_000077.txt,1875,7484,525,30.060039,True,0.040808,0.0
ba_000078.txt,266,1048,81,5.066323,True,0.001352,0.0
ba_000079.txt,950,1896,104,12.022186,True,0.003788,0.0
ba_000080.txt,1613,4830,380,30.024582,True,0.008417,0.0
ba_000081.txt,1464,5840,447,30.029775,True,0.010758,0.0
ba_000082.txt,526,1569,104,13.29351,True,0.002891,0.0
ba_000083.txt,1916,5739,389,30.026132,True,0.011026,0.0
ba_000084.txt,1857,3710,214,30.011193,True,0.007203,0.0
ba_000085.txt,366,1805,119,14.512149,True,0.002804,0.0
ba_000086.txt,1979,3954,216,30.011587,True,0.007745,0.0
ba_000087.txt,1607,8010,585,30.042667,True,0.021128,0.0
ba_000088.txt,1431,5708,447,30.037645,True,0.012384,0.0
ba_000089.txt,1906,3808,220,30.027704,True,0.008813,0.0
ba_000090.txt,391,1548,116,13.160423,True,0.002865,0.0
ba_000091.txt,918,4565,335,30.026759,True,0.00791,0.0
ba_000092.txt,1256,6255,467,30.032225,True,0.011682,0.0
ba_000093.txt,992,2967,224,30.008393,True,0.004538,0.0
ba_000094.txt,851,2544,181,30.00693,True,0.003971,0.0
ba_000095.txt,1755,7004,504,30.030495,True,0.013224,0.0
ba_000096.txt,721,2154,142,29.124142,True,0.00348,0.0
ba_000097.txt,497,2460,170,20.402405,True,0.004078,0.0
ba_000098.txt,1720,8575,658,30.03696,True,0.017507,0.0
ba_000099.txt,176,688,59,2.268154,True,0.000986,0.0
ba_000100.txt,1934,9645,687,30.040243,True,0.021012,0.0
ba_000101.txt,1397,6960,517,30.031852,True,0.013413,0.0
ba_000102.txt,790,3925,289,30.052572,True,0.03025,0.0
ba_000103.txt,1276,3819,300,30.02457,True,0.006722,0.0
ba_000104.txt,1542,3080,175,30.00947,True,0.006435,0.0
ba_000105.txt,471,938,47,2.146981,True,0.001547,0.0
ba_000106.txt,1833,7316,515,30.031933,True,0.013943,0.0
ba_000107.txt,209,618,43,2.148754,True,0.000784,0.0
ba_000108.txt,430,1704,132,16.209419,True,0.00266,0.0
ba_000109.txt,1382,2760,142,19.268735,True,0.005258,0.0
ba_000110.txt,1469,4398,365,30.024852,True,0.007602,0.0
ba_000111.txt,1604,7995,603,30.03414,True,0.01539,0.0
ba_000112.txt,376,1488,109,13.769747,True,0.002367,0.0
ba_000113.txt,269,798,63,3.44576,True,0.001267,0.0
ba_000114.txt,1801,5394,374,30.027606,True,0.010082,0.0
ba_000115.txt,1873,3742,225,30.010581,True,0.006779,0.0
ba_000116.txt,573,2840,206,30.008851,True,0.004564,0.0
ba_000117.txt,1702,5097,363,30.049479,True,0.034217,0.0
ba_000118.txt,1625,4866,340,30.02336,True,0.008693,0.0
ba_000119.txt,1789,5358,381,30.029237,True,0.011117,0.0
ba_000120.txt,1756,3508,204,30.011638,True,0.008125,0.0
ba_000121.txt,1845,9200,663,30.037602,True,0.017003,0.0
ba_000122.txt,854,4245,310,30.028874,True,0.0076,0.0
ba_000123.txt,1351,4044,304,30.024915,True,0.007175,0.0
ba_000124.txt,1160,4624,379,30.026292,True,0.007854,0.0
ba_000125.txt,1972,9835,695,30.068742,True,0.047425,0.0
ba_000126.txt,139,408,28,0.899392,True,0.000579,0.0
ba_000127.txt,1227,2450,122,20.613978,True,0.005693,0.0
ba_000128.txt,270,1325,98,7.954775,True,0.001941,0.0
ba_000129.txt,1211,6030,450,30.029325,True,0.011454,0.0
ba_000130.txt,1658,3312,187,29.027702,True,0.005998,0.0
ba_000131.txt,390,776,45,1.573521,True,0.001301,0.0
ba_000132.txt,1157,4612,336,30.025344,True,0.007571,0.0
ba_000133.txt,916,1828,104,14.180953,True,0.003338,0.0
ba_000134.txt,1751,6988,500,30.033434,True,0.014418,0.0
ba_000135.txt,264,1295,97,7.816932,True,0.001986,0.0
ba_000136.txt,646,2568,184,30.007758,True,0.004394,0.0
ba_000137.txt,374,744,38,2.289584,True,0.001248,0.0
ba_000138.txt,960,1916,103,14.741591,True,0.003438,0.0
ba_000139.txt,1832,5487,401,30.026163,True,0.00972,0.0
ba_000140.txt,710,1416,70,6.621091,True,0.002452,0.0
ba_000141.txt,1631,8130,624,30.037067,True,0.017328,0.0
ba_000142.txt,768,3056,224,30.029948,True,0.025998,0.0
ba_000143.txt,1743,3482,203,30.010634,True,0.007151,0.0
ba_000144.txt,580,1731,125,17.76858,True,0.00288,0.0
ba_000145.txt,776,3855,285,30.029266,True,0.00659,0.0
ba_000146.txt,1441,2878,149,28.075068,True,0.005039,0.0
ba_000147.txt,378,752,45,1.920435,True,0.001294,0.0
ba_000148.txt,515,2044,149,15.43982,True,0.00316,0.0
ba_000149.txt,711,2124,139,30.006227,True,0.003245,0.0
ba_000150.txt,1577,4722,313,30.024471,True,0.007869,0.0
ba_000151.txt,1703,6796,513,30.031382,True,0.012825,0.0
ba_000152.txt,569,1134,61,3.816916,True,0.00223,0.0
ba_000153.txt,1979,5928,426,30.028039,True,0.011003,0.0
ba_000154.txt,1273,2542,137,18.650747,True,0.004431,0.0
ba_000155.txt,395,786,44,2.066811,True,0.001523,0.0
ba_000156.txt,934,1864,92,11.156879,True,0.003383,0.0
ba_000157.txt,978,4865,366,30.027239,True,0.007571,0.0
ba_000158.txt,780,3875,290,30.028762,True,0.00596,0.0
ba_000159.txt,1500,4491,366,30.023819,True,0.00786,0.0
ba_000160.txt,1394,4173,300,30.025319,True,0.007249,0.0
ba_000161.txt,345,1026,73,5.888711,True,0.001391,0.0
ba_000162.txt,360,1775,121,18.795411,True,0.00312,0.0
ba_000163.txt,1402,5592,432,30.031553,True,0.012429,0.0
ba_000164.txt,155,456,34,0.853321,True,0.000635,0.0
ba_000165.txt,1625,8100,600,30.062803,True,0.043854,0.0
ba_000166.txt,918,3656,272,30.027086,True,0.00609,0.0
ba_000167.txt,217,642,46,1.95907,True,0.000806,0.0
ba_000168.txt,1892,5667,380,30.027489,True,0.01071,0.0
ba_000169.txt,1052,3147,228,30.024234,True,0.005223,0.0
ba_000170.txt,1484,4443,342,30.026277,True,0.010519,0.0
ba_000171.txt,228,896,66,4.069835,True,0.001145,0.0
ba_000172.txt,1708,8515,617,30.037285,True,0.016954,0.0
ba_000173.txt,1675,6684,458,30.029343,True,0.01289,0.0
ba_000174.txt,1591,6348,452,30.02955,True,0.012108,0.0
ba_000175.txt,1054,5245,395,30.029347,True,0.00904,0.0
ba_000176.txt,921,4580,348,30.027786,True,0.006988,0.0
ba_000177.txt,1367,4092,307,30.023672,True,0.006401,0.0
ba_000178.txt,850,3384,251,30.008715,True,0.004957,0.0
ba_000179.txt,983,1962,103,16.760273,True,0.003532,0.0
ba_000180.txt,1072,3207,237,30.023443,True,0.004894,0.0
ba_000181.txt,1306,5208,375,30.026716,True,0.008673,0.0
ba_000182.txt,977,1950,103,17.653757,True,0.003545,0.0
ba_000183.txt,1563,6236,454,30.028632,True,0.011007,0.0
ba_000184.txt,329,1620,124,16.2489,True,0.002782,0.0
ba_000185.txt,397,1572,111,9.776237,True,0.002501,0.0
ba_000186.txt,230,1125,80,6.855021,True,0.00152,0.0
ba_000187.txt,521,1038,58,3.17916,True,0.001766,0.0
ba_000188.txt,734,3645,272,30.010528,True,0.005995,0.0
ba_000189.txt,800,1596,78,9.122893,True,0.002914,0.0
ba_000190.txt,984,4895,358,30.027685,True,0.007524,0.0
ba_000191.txt,349,694,43,1.642546,True,0.001159,0.0
ba_000192.txt,497,1482,111,13.686346,True,0.002466,0.0
ba_000193.txt,1902,3800,223,30.010601,True,0.007255,0.0
ba_000194.txt,702,1400,78,6.538864,True,0.002396,0.0
ba_000195.txt,893,4440,329,30.028561,True,0.008081,0.0
ba_000196.txt,904,1804,93,11.598597,True,0.003271,0.0
ba_000197.txt,619,3070,222,30.008895,True,0.004977,0.0
ba_000198.txt,204,603,47,2.207719,True,0.000809,0.0
ba_000199.txt,420,2075,146,26.446099,True,0.003289,0.0
ba_000200.txt,965,1926,104,14.459786,True,0.003547,0.0
ba_000201.txt,149,294,17,0.236368,True,0.000508,0.0
ba_000202.txt,370,1825,128,15.231452,True,0.003351,0.0
ba_000203.txt,1122,2240,117,23.048805,True,0.004484,0.0
ba_000204.txt,1818,9065,660,30.067034,True,0.047846,0.0
ba_000205.txt,1036,5155,369,30.028724,True,0.008995,0.0
ba_000206.txt,264,1295,90,7.762416,True,0.001923,0.0
ba_000207.txt,681,1358,67,7.646622,True,0.002603,0.0
ba_000208.txt,362,1077,80,5.238738,True,0.001881,0.0
ba_000209.txt,253,750,51,2.770375,True,0.001008,0.0
ba_000210.txt,979,3900,299,30.026692,True,0.006095,0.0
ba_000211.txt,715,3550,265,30.010436,True,0.005777,0.0
ba_000212.txt,1858,7416,541,30.030421,True,0.013125,0.0
ba_000213.txt,693,3440,251,30.009639,True,0.005824,0.0
ba_000214.txt,1341,4014,283,30.02449,True,0.006786,0.0
ba_000215.txt,831,3308,248,30.027587,True,0.007392,0.0
ba_000216.txt,1028,3075,211,30.023139,True,0.005125,0.0
ba_000217.txt,238,936,74,3.551658,True,0.001144,0.0
ba_000218.txt,1872,9335,671,30.040664,True,0.021132,0.0
ba_000219.txt,1818,7256,548,30.030089,True,0.012228,0.0
ba_000220.txt,430,1281,92,6.908755,True,0.002126,0.0
ba_000221.txt,264,783,54,3.299752,True,0.00105,0.0
ba_000222.txt,1173,5840,445,30.052566,True,0.033004,0.0
ba_000223.txt,212,420,21,0.420383,True,0.000676,0.0
ba_000224.txt,525,2084,142,24.407233,True,0.003148,0.0
ba_000225.txt,320,951,69,6.927973,True,0.00135,0.0
ba_000226.txt,159,620,46,1.50781,True,0.000764,0.0
ba_000227.txt,1420,5664,427,30.02692,True,0.010352,0.0
ba_000228.txt,1467,5852,433,30.030973,True,0.011703,0.0
ba_000229.txt,1287,5132,397,30.027337,True,0.008929,0.0
ba_000230.txt,195,764,65,2.754954,True,0.000967,0.0
ba_000231.txt,856,3408,247,30.02801,True,0.007462,0.0
ba_000232.txt,1861,5574,409,30.028285,True,0.009642,0.0
ba_000233.txt,147,432,31,0.966692,True,0.000598,0.0
ba_000234.txt,419,834,45,1.8725,True,0.001468,0.0
ba_000235.txt,127,610,45,2.055639,True,0.000776,0.0
ba_000236.txt,490,2425,177,30.007505,True,0.00397,0.0
ba_000237.txt,1995,5976,421,30.02739,True,0.011796,0.0
ba_000238.txt,1201,2398,132,22.703015,True,0.004609,0.0
ba_000239.txt,1980,9875,716,30.043769,True,0.022065,0.0
ba_000240.txt,873,2610,182,29.013659,True,0.025486,0.0
ba_000241.txt,1549,7720,589,30.032615,True,0.015183,0.0
ba_000242.txt,1219,2434,129,24.087539,True,0.004281,0.0
ba_000243.txt,1885,5646,418,30.026078,True,0.009799,0.0
ba_000244.txt,931,3708,277,30.026334,True,0.005591,0.0
ba_000245.txt,159,314,18,0.266077,True,0.000577,0.0
ba_000246.txt,594,2360,169,30.007502,True,0.004047,0.0
ba_000247.txt,529,1054,63,2.785563,True,0.001835,0.0
ba_000248.txt,1218,2432,138,18.24178,True,0.005389,0.0
ba_000249.txt,1408,5616,444,30.026918,True,0.00971,0.0
ba_000250.txt,714,2133,147,30.007009,True,0.003315,0.0
ba_000251.txt,1570,6264,459,30.031724,True,0.013919,0.0
ba_000252.txt,1094,3273,221,30.023973,True,0.005235,0.0
ba_000253.txt,1787,5352,376,30.028839,True,0.012141,0.0
ba_000254.txt,1598,4785,351,30.026532,True,0.008463,0.0
ba_000255.txt,1063,2122,114,18.977458,True,0.004013,0.0
ba_000256.txt,941,1878,107,8.979173,True,0.003595,0.0
ba_000257.txt,1174,5845,465,30.053319,True,0.033641,0.0
ba_000258.txt,134,393,32,0.765875,True,0.000611,0.0
ba_000259.txt,545,2700,200,24.096696,True,0.004179,0.0
ba_000260.txt,1848,9215,682,30.036659,True,0.017381,0.0
ba_000261.txt,1432,2860,161,30.008825,True,0.005218,0.0
ba_000262.txt,256,1255,90,6.56138,True,0.001914,0.0
ba_000263.txt,968,3856,281,30.026537,True,0.005858,0.0
ba_000264.txt,1105,4404,326,30.028655,True,0.007113,0.0
ba_000265.txt,1260,2516,141,25.084943,True,0.004881,0.0
ba_000266.txt,1488,7415,536,30.034398,True,0.015047,0.0
ba_000267.txt,865,3444,283,30.027803,True,0.005099,0.0
ba_000268.txt,810,3224,233,30.009216,True,0.005562,0.0
ba_000269.txt,1262,2520,132,15.758599,True,0.004501,0.0
ba_000270.txt,545,1086,55,3.768688,True,0.001829,0.0
ba_000271.txt,1036,5155,372,30.03011,True,0.009618,0.0
ba_000272.txt,338,672,36,1.316792,True,0.001246,0.0
ba_000273.txt,1036,3099,226,30.02658,True,0.005926,0.0
ba_000274.txt,326,648,35,0.949808,True,0.001122,0.0
ba_000275.txt,102,485,38,0.776737,True,0.000644,0.0
ba_000276.txt,260,771,53,2.482001,True,0.001008,0.0
ba_000277.txt,535,1066,60,4.194529,True,0.00178,0.0
ba_000278.txt,1431,4284,329,30.023567,True,0.006964,0.0
ba_000279.txt,788,1572,86,7.549304,True,0.002943,0.0
ba_000280.txt,1762,5277,364,30.028115,True,0.01229,0.0
ba_000281.txt,1185,3546,290,30.04883,True,0.029884,0.0
ba_000282.txt,1824,3644,195,30.01041,True,0.006837,0.0
ba_000283.txt,1948,9715,704,30.044697,True,0.022826,0.0
ba_000284.txt,951,4730,331,30.029327,True,0.007995,0.0
ba_000285.txt,1097,5460,387,30.029446,True,0.008957,0.0
ba_000286.txt,1955,5856,428,30.026704,True,0.011027,0.0
ba_000287.txt,174,513,40,1.625144,True,0.00071,0.0
ba_000288.txt,520,2575,180,27.354919,True,0.003898,0.0
ba_000289.txt,1783,5340,419,30.024176,True,0.008817,0.0
ba_000290.txt,200,396,22,0.490319,True,0.000678,0.0
ba_000291.txt,1398,2792,148,30.008967,True,0.005472,0.0
ba_000292.txt,1140,5675,433,30.029208,True,0.010589,0.0
ba_000293.txt,1173,5840,449,30.030443,True,0.011409,0.0
ba_000294.txt,1191,4748,358,30.030665,True,0.008873,0.0
ba_000295.txt,1045,2086,112,19.458843,True,0.003889,0.0
ba_000296.txt,1425,2846,166,30.032714,True,0.028699,0.0
ba_000297.txt,842,2517,187,30.007991,True,0.004458,0.0
ba_000298.txt,1196,4768,335,30.027061,True,0.008358,0.0
ba_000299.txt,1125,4484,349,30.026906,True,0.008333,0.0
ba_000300.txt,1585,6324,468,30.032362,True,0.012936,0.0
ba_000301.txt,1398,2792,149,30.008138,True,0.005333,0.0
ba_000302.txt,849,3380,252,30.009595,True,0.005104,0.0
ba_000303.txt,985,2946,210,30.008224,True,0.004598,0.0
ba_000304.txt,454,1353,99,9.238379,True,0.002196,0.0
ba_000305.txt,113,540,39,1.430378,True,0.000683,0.0
ba_000306.txt,583,1740,116,20.34581,True,0.002985,0.0
ba_000307.txt,474,1880,133,21.368582,True,0.003398,0.0
ba_000308.txt,1714,6840,507,30.030979,True,0.013153,0.0
ba_000309.txt,738,2936,214,30.008789,True,0.004592,0.0
ba_000310.txt,1118,5565,414,30.032795,True,0.011927,0.0
ba_000311.txt,744,2223,162,30.006736,True,0.003598,0.0
ba_000312.txt,1045,5200,380,30.034394,True,0.010167,0.0
ba_000313.txt,1034,4120,311,30.025784,True,0.007132,0.0
ba_000314.txt,111,218,16,0.128416,True,0.000366,0.0
ba_000315.txt,767,1530,91,7.566487,True,0.003412,0.0
ba_000316.txt,1400,2796,147,24.391126,True,0.005984,0.0
ba_000317.txt,839,4170,334,30.027194,True,0.00673,0.0
ba_000318.txt,916,3648,272,30.026307,True,0.005877,0.0
ba_000319.txt,265,786,58,3.124185,True,0.001109,0.0
ba_000320.txt,1157,4612,343,30.029173,True,0.009719,0.0
ba_000321.txt,1470,2936,160,30.008625,True,0.005584,0.0
ba_000322.txt,1230,3681,268,30.024367,True,0.006211,0.0
ba_000323.txt,1564,4683,338,30.02659,True,0.009513,0.0
ba_000324.txt,1932,7712,554,30.035224,True,0.01626,0.0
ba_000325.txt,901,3588,285,30.026357,True,0.005493,0.0
ba_000326.txt,253,996,77,5.046953,True,0.001379,0.0
ba_000327.txt,639,1908,130,19.895379,True,0.003022,0.0
ba_000328.txt,1223,2442,133,14.441862,True,0.004498,0.0
ba_000329.txt,1715,6844,515,30.03176,True,0.013479,0.0
ba_000330.txt,354,1400,102,7.125365,True,0.002516,0.0
ba_000331.txt,1884,3764,203,30.033346,True,0.029402,0.0
ba_000332.txt,1850,5541,384,30.025939,True,0.010551,0.0
ba_000333.txt,1086,2168,119,12.824366,True,0.004174,0.0
ba_000334.txt,143,690,53,2.152391,True,0.000955,0.0
ba_000335.txt,1752,8735,627,30.033961,True,0.016291,0.0
ba_000336.txt,1940,9675,694,30.042441,True,0.019839,0.0
ba_000337.txt,1966,3928,226,30.011438,True,0.00718,0.0
ba_000338.txt,1347,6710,533,30.032878,True,0.012506,0.0
ba_000339.txt,930,4625,353,30.032562,True,0.007424,0.0
ba_000340.txt,817,4060,307,30.028728,True,0.006777,0.0
ba_000341.txt,890,1776,104,11.150874,True,0.003214,0.0
ba_000342.txt,1358,5416,391,30.050364,True,0.032817,0.0
ba_000343.txt,583,2890,215,30.009863,True,0.005571,0.0
ba_000344.txt,506,2505,189,21.526239,True,0.003756,0.0
ba_000345.txt,1062,4232,316,30.025764,True,0.00706,0.0
ba_000346.txt,317,1560,109,11.580383,True,0.002806,0.0
ba_000347.txt,1571,6268,458,30.029632,True,0.010759,0.0
ba_000348.txt,465,1386,102,12.44426,True,0.00277,0.0
ba_000349.txt,566,2805,200,24.506328,True,0.005242,0.0
ba_000350.txt,316,1248,96,5.927483,True,0.002228,0.0
ba_000351.txt,710,1416,81,7.803049,True,0.002442,0.0
ba_000352.txt,1715,3426,189,30.009759,True,0.006225,0.0
ba_000353.txt,444,2195,157,21.908471,True,0.003703,0.0
ba_000354.txt,1673,3342,195,30.00981,True,0.006233,0.0
ba_000355.txt,736,3655,267,30.010819,True,0.005381,0.0
ba_000356.txt,1121,3354,239,30.024387,True,0.005943,0.0
ba_000357.txt,1582,3160,179,25.252602,True,0.005885,0.0
ba_000358.txt,1801,5394,419,30.026127,True,0.010269,0.0
ba_000359.txt,667,3310,239,30.00962,True,0.00547,0.0
ba_000360.txt,626,3105,223,30.00906,True,0.005211,0.0
ba_000361.txt,563,2790,197,30.007639,True,0.004239,0.0
ba_000362.txt,1486,4449,336,30.029591,True,0.008298,0.0
ba_000363.txt,1601,3198,170,30.010999,True,0.00732,0.0
ba_000364.txt,1524,3044,175,30.031692,True,0.028234,0.0
ba_000365.txt,1190,5925,427,30.030479,True,0.0109,0.0
ba_000366.txt,1437,5732,464,30.029418,True,0.01116,0.0
ba_000367.txt,901,1798,96,12.148738,True,0.003558,0.0
ba_000368.txt,675,2684,204,30.008514,True,0.004696,0.0
ba_000369.txt,1796,7168,543,30.030883,True,0.013901,0.0
ba_000370.txt,894,3560,273,30.026567,True,0.005379,0.0
ba_000371.txt,598,2376,167,27.648115,True,0.003643,0.0
ba_000372.txt,1288,5136,393,30.033098,True,0.008956,0.0
ba_000373.txt,1658,3312,184,30.009989,True,0.005947,0.0
ba_000374.txt,1140,2276,104,19.886083,True,0.004351,0.0
ba_000375.txt,1214,6045,439,30.033038,True,0.011528,0.0
ba_000376.txt,1964,9795,695,30.040522,True,0.019494,0.0
ba_000377.txt,622,1857,123,16.922171,True,0.024263,0.0
ba_000378.txt,1871,7468,556,30.031705,True,0.014003,0.0
ba_000379.txt,1563,3122,165,30.008483,True,0.005444,0.0
ba_000380.txt,1659,6620,539,30.030088,True,0.012162,0.0
ba_000381.txt,222,657,49,1.950727,True,0.000856,0.0
ba_000382.txt,1636,3268,191,28.147185,True,0.006396,0.0
ba_000383.txt,436,1728,129,14.10639,True,0.003194,0.0
ba_000384.txt,113,222,15,0.121237,True,0.000362,0.0
ba_000385.txt,1259,6270,449,30.031041,True,0.010975,0.0
ba_000386.txt,1500,2996,156,30.008348,True,0.005273,0.0
ba_000387.txt,1415,7050,505,30.032448,True,0.013557,0.0
ba_000388.txt,1396,2788,150,30.008464,True,0.005069,0.0
ba_000389.txt,510,2024,139,22.009857,True,0.003446,0.0
ba_000390.txt,1867,7452,622,30.057744,True,0.039085,0.0
ba_000391.txt,655,1956,143,29.443309,True,0.003275,0.0
ba_000392.txt,1434,2864,153,23.233987,True,0.006591,0.0
ba_000393.txt,1148,3435,256,30.024492,True,0.005857,0.0
ba_000394.txt,958,4765,346,30.029644,True,0.008869,0.0
ba_000395.txt,1846,5529,404,30.028386,True,0.010825,0.0
ba_000396.txt,1855,9250,710,30.039729,True,0.018022,0.0
ba_000397.txt,1144,4560,325,30.026058,True,0.007499,0.0
ba_000398.txt,1533,6116,450,30.027972,True,0.010138,0.0
ba_000399.txt,1504,3004,166,30.009007,True,0.005452,0.0
ba_000400.txt,968,3856,290,30.026591,True,0.00684,0.0
ba_000401.txt,1026,3069,222,30.023948,True,0.005303,0.0
ba_000402.txt,1148,5715,404,30.03054,True,0.011035,0.0
ba_000403.txt,1602,7985,572,30.058716,True,0.03889,0.0
ba_000404.txt,1919,3834,193,30.011658,True,0.007669,0.0
ba_000405.txt,591,2930,221,30.008614,True,0.004479,0.0
ba_000406.txt,576,1148,64,3.733436,True,0.001952,0.0
ba_000407.txt,1211,6030,486,30.029201,True,0.0108,0.0
ba_000408.txt,1073,2142,119,18.597473,True,0.003931,0.0
ba_000409.txt,1338,5336,388,30.027913,True,0.008627,0.0
ba_000410.txt,431,1708,119,17.886794,True,0.003033,0.0
ba_000411.txt,1541,4614,329,30.025487,True,0.008619,0.0
ba_000412.txt,159,468,33,0.958112,True,0.000698,0.0
ba_000413.txt,707,1410,89,7.083109,True,0.002769,0.0
ba_000414.txt,1708,6816,507,30.031402,True,0.012933,0.0
ba_000415.txt,562,1120,64,3.325349,True,0.001958,0.0
ba_000416.txt,119,570,45,1.088951,True,0.000876,0.0
ba_000417.txt,1375,4116,288,30.032357,True,0.009829,0.0
ba_000418.txt,1629,4878,337,30.025617,True,0.009791,0.0
ba_000419.txt,1470,4401,347,30.049818,True,0.032488,0.0
ba_000420.txt,1369,4098,270,30.024024,True,0.007557,0.0
ba_000421.txt,1675,5016,390,30.025553,True,0.009168,0.0
ba_000422.txt,555,2750,197,30.008647,True,0.004434,0.0
ba_000423.txt,1982,7912,617,30.034107,True,0.014897,0.0
ba_000424.txt,986,3928,318,30.027092,True,0.006591,0.0
ba_000425.txt,1279,2554,132,30.008995,True,0.005625,0.0
ba_000426.txt,447,890,47,2.192594,True,0.001629,0.0
ba_000427.txt,249,980,76,3.713353,True,0.001256,0.0
ba_000428.txt,1513,4530,316,30.026152,True,0.009839,0.0
ba_000429.txt,1418,7065,526,30.031288,True,0.013061,0.0
ba_000430.txt,1997,9960,763,30.068425,True,0.048073,0.0
ba_000431.txt,1059,3168,225,30.025674,True,0.005309,0.0
ba_000432.txt,1182,4712,379,30.026547,True,0.008662,0.0
ba_000433.txt,492,1467,101,9.238969,True,0.002809,0.0
ba_000434.txt,348,1035,71,5.143033,True,0.001427,0.0
ba_000435.txt,635,2524,195,30.007402,True,0.003831,0.0
ba_000436.txt,1968,5895,418,30.026722,True,0.010814,0.0
ba_000437.txt,235,696,48,2.396513,True,0.000963,0.0
ba_000438.txt,301,598,31,0.963375,True,0.000973,0.0
ba_000439.txt,1783,3562,205,30.011089,True,0.007186,0.0
ba_000440.txt,660,3275,236,30.008772,True,0.005069,0.0
ba_000441.txt,862,2577,181,30.008058,True,0.004315,0.0
ba_000442.txt,657,1310,66,6.004792,True,0.00291,0.0
ba_000443.txt,956,3808,292,30.026721,True,0.006751,0.0
ba_000444.txt,594,2945,209,30.009103,True,0.005066,0.0
ba_000445.txt,1131,4508,323,30.025695,True,0.006755,0.0
ba_000446.txt,1551,7730,539,30.034893,True,0.015171,0.0
ba_000447.txt,822,2457,164,30.007978,True,0.00423,0.0
ba_000448.txt,993,1982,102,15.471226,True,0.00356,0.0
ba_000449.txt,998,3976,313,30.027059,True,0.006811,0.0
ba_000450.txt,1556,6208,446,30.029554,True,0.011571,0.0
ba_000451.txt,1273,2542,145,16.910828,True,0.004857,0.0
ba_000452.txt,1857,5562,397,30.026052,True,0.010603,0.0
ba_000453.txt,1834,5493,417,30.024994,True,0.009644,0.0
ba_000454.txt,196,388,21,0.369563,True,0.000629,0.0
ba_000455.txt,1155,5750,425,30.029793,True,0.010033,0.0
ba_000456.txt,1356,6755,492,30.030229,True,0.011579,0.0
ba_000457.txt,1260,3771,293,30.023827,True,0.006496,0.0
ba_000458.txt,1106,5505,422,30.03022,True,0.010037,0.0
ba_000459.txt,1216,3639,268,30.024894,True,0.005793,0.0
ba_000460.txt,1614,8045,574,30.061436,True,0.041645,0.0
ba_000461.txt,104,303,24,0.36049,True,0.000437,0.0
ba_000462.txt,1700,8475,647,30.035951,True,0.015977,0.0
ba_000463.txt,1887,5652,396,30.025819,True,0.01035,0.0
ba_000464.txt,326,648,38,0.982307,True,0.001091,0.0
ba_000465.txt,1556,4659,334,30.026165,True,0.009262,0.0
ba_000466.txt,1975,5916,431,30.027825,True,0.010384,0.0
ba_000467.txt,299,888,58,4.233959,True,0.001236,0.0
ba_000468.txt,1608,4815,321,30.027363,True,0.009682,0.0
ba_000469.txt,1230,2456,137,26.053062,True,0.004389,0.0
ba_000470.txt,578,2296,158,30.007186,True,0.003742,0.0
ba_000471.txt,1661,6628,522,30.030624,True,0.012773,0.0
ba_000472.txt,1735,3466,186,30.031044,True,0.027425,0.0
ba_000473.txt,923,2760,201,30.008728,True,0.004824,0.0
ba_000474.txt,1927,7692,569,30.034214,True,0.016086,0.0
ba_000475.txt,821,4080,292,30.027562,True,0.006067,0.0
ba_000476.txt,1630,3256,195,30.010004,True,0.006358,0.0
ba_000477.txt,207,410,25,0.442452,True,0.000674,0.0
ba_000478.txt,1994,3984,222,30.01113,True,0.007264,0.0
ba_000479.txt,1617,6452,507,30.027627,True,0.012079,0.0
ba_000480.txt,1635,8150,573,30.034173,True,0.015551,0.0
ba_000481.txt,1878,9365,683,30.063362,True,0.043247,0.0
ba_000482.txt,1863,3722,226,30.01118,True,0.007215,0.0
ba_000483.txt,1781,3558,212,30.010366,True,0.007087,0.0
ba_000484.txt,546,1629,109,14.62007,True,0.002606,0.0
ba_000485.txt,1696,6768,521,30.028171,True,0.01132,0.0
ba_000486.txt,1378,5496,417,30.028087,True,0.009903,0.0
ba_000487.txt,1191,2378,131,24.250044,True,0.005114,0.0
ba_000488.txt,1563,7790,558,30.036066,True,0.016957,0.0
ba_000489.txt,1131,2258,111,19.198802,True,0.004519,0.0
ba_000490.txt,1930,9625,706,30.038805,True,0.019202,0.0
ba_000491.txt,1913,9540,676,30.042302,True,0.021699,0.0
ba_000492.txt,1211,2418,134,20.961979,True,0.004634,0.0
ba_000493.txt,360,1071,75,6.520381,True,0.001488,0.0
ba_000494.txt,515,1026,60,3.450151,True,0.001785,0.0
ba_000495.txt,665,1986,129,29.823762,True,0.003241,0.0
ba_000496.txt,1958,3912,234,30.011864,True,0.007484,0.0
ba_000497.txt,1178,2352,118,15.286287,True,0.004586,0.0
ba_000498.txt,1274,5080,380,30.027147,True,0.008339,0.0
ba_000499.txt,1512,3020,177,23.611018,True,0.005952,0.0
ba_000500.txt,1729,8620,621,30.035066,True,0.016667,0.0
ba_000501.txt,1224,6095,460,30.029546,True,0.010869,0.0
ba_000502.txt,1355,5404,403,30.028139,True,0.009968,0.0
ba_000503.txt,1006,4008,301,30.049358,True,0.029991,0.0
ba_000504.txt,1805,7204,570,30.035281,True,0.017393,0.0
ba_000505.txt,1991,5964,465,30.027081,True,0.011641,0.0
ba_000506.txt,450,1341,90,7.550287,True,0.002705,0.0
ba_000507.txt,1963,5880,412,30.026752,True,0.011164,0.0
ba_000508.txt,1149,5720,434,30.034252,True,0.010847,0.0
ba_000509.txt,1699,3394,186,30.009994,True,0.00628,0.0
ba_000510.txt,1732,6912,506,30.03456,True,0.013128,0.0
ba_000511.txt,804,2403,171,30.007571,True,0.003793,0.0
ba_000512.txt,805,4000,291,30.029822,True,0.007378,0.0
ba_000513.txt,1558,7765,595,30.03385,True,0.015775,0.0
ba_000514.txt,1190,4744,343,30.026163,True,0.0079,0.0
ba_000515.txt,1527,7610,547,30.032171,True,0.014179,0.0
ba_000516.txt,1150,2296,119,21.922888,True,0.004186,0.0
ba_000517.txt,254,1000,80,3.804984,True,0.001223,0.0
ba_000518.txt,167,492,40,0.99317,True,0.000659,0.0
ba_000519.txt,892,4435,313,30.028264,True,0.007079,0.0
ba_000520.txt,1555,3106,171,30.008578,True,0.005573,0.0
ba_000521.txt,1960,3916,239,30.011689,True,0.00784,0.0
ba_000522.txt,1647,6572,495,30.031946,True,0.015817,0.0
ba_000523.txt,664,1324,78,6.33476,True,0.002475,0.0
ba_000524.txt,1910,9525,723,30.064497,True,0.043593,0.0
ba_000525.txt,1428,2852,148,30.008664,True,0.005508,0.0
ba_000526.txt,665,1986,139,28.005302,True,0.003184,0.0
ba_000527.txt,494,1473,103,9.275823,True,0.002483,0.0
ba_000528.txt,429,854,44,2.294066,True,0.00142,0.0
ba_000529.txt,1846,7368,552,30.034241,True,0.015839,0.0
ba_000530.txt,291,1430,98,10.38675,True,0.002116,0.0
ba_000531.txt,1184,3543,262,30.024126,True,0.006133,0.0
ba_000532.txt,1042,3117,247,30.025439,True,0.005488,0.0
ba_000533.txt,403,1200,87,9.884367,True,0.001977,0.0
ba_000534.txt,1826,3648,195,30.009978,True,0.006774,0.0
ba_000535.txt,288,855,65,4.088153,True,0.001156,0.0
ba_000536.txt,259,768,62,3.500671,True,0.00099,0.0
ba_000537.txt,280,1375,97,6.747071,True,0.00207,0.0
ba_000538.txt,996,2979,211,30.009092,True,0.004669,0.0
ba_000539.txt,1101,3294,238,30.024152,True,0.005456,0.0
ba_000540.txt,873,2610,188,29.261919,True,0.004023,0.0
ba_000541.txt,704,3495,264,30.009551,True,0.005254,0.0
ba_000542.txt,342,1685,121,17.40759,True,0.002608,0.0
ba_000543.txt,1018,2032,111,11.067718,True,0.004001,0.0
ba_000544.txt,1536,6128,465,30.028984,True,0.011629,0.0
ba_000545.txt,401,1980,136,19.521694,True,0.003068,0.0
ba_000546.txt,537,2660,190,30.007856,True,0.004318,0.0
ba_000547.txt,1756,7008,518,30.037413,True,0.012493,0.0
ba_000548.txt,1483,2962,164,30.008947,True,0.005321,0.0
ba_000549.txt,461,1374,94,11.024353,True,0.002776,0.0
ba_000550.txt,1455,4356,306,30.023366,True,0.007078,0.0
ba_000551.txt,457,910,48,2.014942,True,0.001515,0.0
ba_000552.txt,1311,5228,367,30.02775,True,0.008845,0.0
ba_000553.txt,1375,6850,526,30.031804,True,0.013024,0.0
ba_000554.txt,1952,5847,438,30.02726,True,0.012258,0.0
ba_000555.txt,1426,2848,152,30.0079,True,0.004949,0.0
ba_000556.txt,1069,3198,221,30.024988,True,0.004876,0.0
ba_000557.txt,746,1488,87,5.489726,True,0.002564,0.0
ba_000558.txt,1258,2512,141,27.623169,True,0.004925,0.0
ba_000559.txt,1690,8425,604,30.03909,True,0.018616,0.0
ba_000560.txt,546,2168,157,26.498072,True,0.004894,0.0
ba_000561.txt,1672,6672,480,30.03251,True,0.014084,0.0
ba_000562.txt,499,994,54,3.43981,True,0.001896,0.0
ba_000563.txt,1616,3228,176,30.009619,True,0.005824,0.0
ba_000564.txt,332,1312,94,9.261673,True,0.002274,0.0
ba_000565.txt,884,2643,187,30.008608,True,0.004838,0.0
ba_000566.txt,681,3380,236,30.010167,True,0.00608,0.0
ba_000567.txt,1311,5228,402,30.052461,True,0.034478,0.0
ba_000568.txt,1413,7040,507,30.033646,True,0.013739,0.0
ba_000569.txt,321,1580,112,10.884325,True,0.002509,0.0
ba_000570.txt,1947,7772,584,30.032463,True,0.014549,0.0
ba_000571.txt,143,282,18,0.221133,True,0.000495,0.0
ba_000572.txt,620,1851,134,17.735308,True,0.003453,0.0
ba_000573.txt,1625,4866,367,30.023775,True,0.008503,0.0
ba_000574.txt,532,1060,61,4.765025,True,0.002295,0.0
ba_000575.txt,798,3176,250,30.011738,True,0.006862,0.0
ba_000576.txt,1690,5061,389,30.024402,True,0.00954,0.0
ba_000577.txt,1370,2736,150,30.00828,True,0.005275,0.0
ba_000578.txt,1137,2270,123,21.10167,True,0.004111,0.0
ba_000579.txt,1575,3146,183,30.009785,True,0.006266,0.0
ba_000580.txt,1813,7236,529,30.031107,True,0.013465,0.0
ba_000581.txt,1277,5092,384,30.026984,True,0.008937,0.0
ba_000582.txt,1750,6984,548,30.031398,True,0.013287,0.0
ba_000583.txt,561,1118,69,4.673638,True,0.001963,0.0
ba_000584.txt,878,2625,180,29.723392,True,0.004975,0.0
ba_000585.txt,603,1800,124,18.560381,True,0.002932,0.0
ba_000586.txt,1493,4470,316,30.024394,True,0.007253,0.0
ba_000587.txt,271,804,52,2.787069,True,0.001413,0.0
ba_000588.txt,852,4235,311,30.028895,True,0.007091,0.0
ba_000589.txt,297,1172,88,6.600551,True,0.00154,0.0
ba_000590.txt,1641,4914,345,30.024972,True,0.008175,0.0
ba_000591.txt,594,1184,71,4.792726,True,0.002271,0.0
ba_000592.txt,429,854,49,1.843339,True,0.001431,0.0
ba_000593.txt,1890,7544,543,30.031541,True,0.014111,0.0
ba_000594.txt,1555,3106,160,30.008451,True,0.005718,0.0
ba_000595.txt,1004,4995,383,30.027234,True,0.008254,0.0
ba_000596.txt,1356,6755,508,30.032156,True,0.012531,0.0
ba_000597.txt,1949,7780,577,30.034828,True,0.016072,0.0
ba_000598.txt,1978,7896,615,30.060772,True,0.040752,0.0
ba_000599.txt,1692,8435,643,30.036699,True,0.016392,0.0
ba_000600.txt,1378,6865,501,30.037427,True,0.018727,0.0
ba_000601.txt,1161,4628,362,30.028256,True,0.009606,0.0
ba_000602.txt,680,2704,195,30.007541,True,0.004228,0.0
ba_000603.txt,711,1418,80,8.797633,True,0.002535,0.0
ba_000604.txt,1613,3222,184,30.008959,True,0.005662,0.0
ba_000605.txt,504,1004,57,3.90368,True,0.001791,0.0
ba_000606.txt,1093,2182,108,15.557705,True,0.004121,0.0
ba_000607.txt,1934,7720,598,30.033567,True,0.016261,0.0
ba_000608.txt,550,2725,185,30.008741,True,0.00537,0.0
ba_000609.txt,1478,5896,414,30.028721,True,0.012193,0.0
ba_000610.txt,1738,3472,182,30.010265,True,0.006411,0.0
ba_000611.txt,303,602,34,1.031564,True,0.00108,0.0
ba_000612.txt,711,2828,191,30.028895,True,0.025112,0.0
ba_000613.txt,1340,2676,157,30.007862,True,0.004892,0.0
ba_000614.txt,1902,5697,432,30.026915,True,0.010533,0.0
ba_000615.txt,1373,2742,148,29.830231,True,0.004799,0.0
ba_000616.txt,219,1070,76,4.553709,True,0.001306,0.0
ba_000617.txt,1250,2496,135,29.125685,True,0.004636,0.0
ba_000618.txt,979,3900,319,30.02601,True,0.006565,0.0
ba_000619.txt,1104,4400,369,30.027231,True,0.00749,0.0
ba_000620.txt,980,4875,353,30.027549,True,0.00842,0.0
ba_000621.txt,1336,3999,292,30.024781,True,0.007187,0.0
ba_000622.txt,1481,2958,163,30.008211,True,0.005216,0.0
ba_000623.txt,1730,3456,195,30.011113,True,0.007618,0.0
ba_000624.txt,1620,6464,462,30.029513,True,0.01256,0.0
ba_000625.txt,1603,3202,166,30.008737,True,0.005761,0.0
ba_000626.txt,301,1188,82,8.228692,True,0.001597,0.0
ba_000627.txt,1820,9075,636,30.038014,True,0.018353,0.0
ba_000628.txt,180,531,40,1.539613,True,0.000692,0.0
ba_000629.txt,1556,4659,402,30.025428,True,0.007999,0.0
ba_000630.txt,517,1542,107,16.96388,True,0.00266,0.0
ba_000631.txt,1255,5004,380,30.028397,True,0.01056,0.0
ba_000632.txt,329,654,35,1.35101,True,0.001148,0.0
ba_000633.txt,370,1464,108,12.75387,True,0.002748,0.0
ba_000634.txt,408,2015,140,19.030279,True,0.003167,0.0
ba_000635.txt,996,1988,108,14.536118,True,0.003607,0.0
ba_000636.txt,1226,3669,272,30.024561,True,0.006461,0.0
ba_000637.txt,218,1065,76,5.024067,True,0.001673,0.0
ba_000638.txt,1222,6085,460,30.030306,True,0.011135,0.0
ba_000639.txt,705,2804,208,30.008612,True,0.004861,0.0
ba_000640.txt,1320,2636,146,17.528856,True,0.004791,0.0
ba_000641.txt,1182,2360,130,19.915591,True,0.004256,0.0
ba_000642.txt,564,1683,116,16.341775,True,0.00284,0.0
ba_000643.txt,1077,3222,235,30.023867,True,0.005256,0.0
ba_000644.txt,508,2515,184,30.007519,True,0.003949,0.0
ba_000645.txt,1857,7412,534,30.054141,True,0.036431,0.0
ba_000646.txt,1560,7775,580,30.03728,True,0.016934,0.0
ba_000647.txt,301,1480,106,10.300171,True,0.002615,0.0
ba_000648.txt,524,2080,152,24.95672,True,0.003319,0.0
ba_000649.txt,1646,8205,585,30.034267,True,0.015216,0.0
ba_000650.txt,324,963,60,5.013528,True,0.001573,0.0
ba_000651.txt,388,1155,82,9.35574,True,0.001814,0.0
ba_000652.txt,998,3976,303,30.026719,True,0.006787,0.0
ba_000653.txt,589,1758,118,16.367346,True,0.002848,0.0
ba_000654.txt,267,1310,93,11.411025,True,0.002224,0.0
ba_000655.txt,416,1648,123,13.016521,True,0.002673,0.0
ba_000656.txt,1711,6828,525,30.030241,True,0.012804,0.0
ba_000657.txt,1418,7065,497,30.035359,True,0.014225,0.0
ba_000658.txt,1496,5968,495,30.052583,True,0.035885,0.0
ba_000659.txt,289,858,65,3.763502,True,0.001399,0.0
ba_000660.txt,1839,7340,556,30.030779,True,0.013217,0.0
ba_000661.txt,891,4430,307,30.028241,True,0.00742,0.0
ba_000662.txt,1473,7340,513,30.035407,True,0.014924,0.0
ba_000663.txt,723,3590,269,30.009945,True,0.005585,0.0
ba_000664.txt,1849,5538,409,30.025568,True,0.010415,0.0
ba_000665.txt,1275,3816,279,30.026411,True,0.008434,0.0
ba_000666.txt,1088,5415,393,30.029791,True,0.01058,0.0
ba_000667.txt,671,2668,194,30.007887,True,0.004078,0.0
ba_000668.txt,564,2795,203,29.398036,True,0.004301,0.0
ba_000669.txt,1284,2564,135,30.008162,True,0.004937,0.0
ba_000670.txt,791,3930,285,30.029641,True,0.006515,0.0
ba_000671.txt,1308,5216,389,30.026436,True,0.008716,0.0
ba_000672.txt,1475,2946,162,30.007941,True,0.005244,0.0
ba_000673.txt,652,1300,67,6.335647,True,0.002487,0.0
ba_000674.txt,566,2805,199,30.008792,True,0.005099,0.0
ba_000675.txt,1440,7175,527,30.035471,True,0.013648,0.0
ba_000676.txt,1703,6796,536,30.033128,True,0.015398,0.0
ba_000677.txt,1984,9895,722,30.042874,True,0.021316,0.0
ba_000678.txt,1500,7475,553,30.054988,True,0.025838,0.0
ba_000679.txt,1436,4299,310,30.022899,True,0.007014,0.0
ba_000680.txt,829,3300,229,30.009393,True,0.004845,0.0
ba_000681.txt,1424,2844,162,30.008187,True,0.005208,0.0
ba_000682.txt,1976,5919,421,30.05517,True,0.035,0.0
ba_000683.txt,1479,7370,540,30.034533,True,0.014367,0.0
ba_000684.txt,626,3105,230,30.009622,True,0.005041,0.0
ba_000685.txt,808,1612,95,10.038161,True,0.003129,0.0
ba_000686.txt,1377,6860,500,30.03299,True,0.013406,0.0
ba_000687.txt,248,492,28,0.720243,True,0.000785,0.0
ba_000688.txt,1789,8920,644,30.037983,True,0.017221,0.0
ba_000689.txt,1841,7348,526,30.032922,True,0.015083,0.0
ba_000690.txt,1333,5316,433,30.028591,True,0.010046,0.0
ba_000691.txt,588,2336,174,30.006998,True,0.003582,0.0
ba_000692.txt,950,3784,275,30.02634,True,0.006595,0.0
ba_000693.txt,1152,2300,128,17.605177,True,0.004123,0.0
ba_000694.txt,1048,4176,324,30.026588,True,0.006893,0.0
ba_000695.txt,1846,7368,599,30.053887,True,0.037344,0.0
ba_000696.txt,1491,7430,541,30.032532,True,0.014163,0.0
ba_000697.txt,1390,4161,291,30.026278,True,0.007304,0.0
ba_000698.txt,1195,5950,435,30.031789,True,0.012001,0.0
ba_000699.txt,336,999,69,4.271583,True,0.001659,0.0
ba_000700.txt,1456,2908,168,30.009288,True,0.006059,0.0
ba_000701.txt,1940,3876,214,30.011792,True,0.007507,0.0
ba_000702.txt,193,940,66,4.002354,True,0.001161,0.0
ba_000703.txt,662,1320,62,5.757518,True,0.00299,0.0
ba_000704.txt,1136,4528,342,30.027748,True,0.00772,0.0
ba_000705.txt,153,596,44,1.355068,True,0.000862,0.0
ba_000706.txt,824,3280,239,30.009088,True,0.005061,0.0
ba_000707.txt,1668,8315,619,30.038016,True,0.016028,0.0
ba_000708.txt,989,1974,109,16.166753,True,0.003761,0.0
ba_000709.txt,1720,6864,493,30.055907,True,0.037218,0.0
ba_000710.txt,1850,5541,400,30.027459,True,0.010394,0.0
ba_000711.txt,1533,6116,502,30.028441,True,0.010976,0.0
ba_000712.txt,1564,3124,169,30.008854,True,0.005706,0.0
ba_000713.txt,122,472,36,0.786993,True,0.000642,0.0
ba_000714.txt,1623,4860,368,30.025128,True,0.007863,0.0
ba_000715.txt,1952,3900,231,30.011452,True,0.007212,0.0
ba_000716.txt,1552,3100,165,23.404171,True,0.005958,0.0
ba_000717.txt,1637,8160,639,30.036435,True,0.017013,0.0
ba_000718.txt,510,1521,106,13.694052,True,0.002468,0.0
ba_000719.txt,1390,4161,314,30.024011,True,0.007493,0.0
ba_000720.txt,1812,3620,220,30.035439,True,0.031169,0.0
ba_000721.txt,1430,7125,548,30.039138,True,0.012813,0.0
ba_000722.txt,1185,5900,433,30.033579,True,0.014349,0.0
ba_000723.txt,1000,4975,387,30.029433,True,0.009372,0.0
ba_000724.txt,1142,4552,339,30.026523,True,0.00749,0.0
ba_000725.txt,1334,2664,149,27.62309,True,0.004842,0.0
ba_000726.txt,875,4350,325,30.029007,True,0.006909,0.0
ba_000727.txt,956,3808,282,30.027015,True,0.005891,0.0
ba_000728.txt,509,1518,99,12.173961,True,0.00256,0.0
ba_000729.txt,1667,4992,360,30.025255,True,0.010277,0.0
ba_000730.txt,1437,4302,339,30.023498,True,0.007552,0.0
ba_000731.txt,1813,3622,206,30.016437,True,0.01058,0.0
ba_000732.txt,1474,7345,546,30.069722,True,0.049382,0.0
ba_000733.txt,1995,9950,739,30.041374,True,0.018943,0.0
ba_000734.txt,871,2604,174,30.007367,True,0.004085,0.0
ba_000735.txt,947,1890,95,8.748366,True,0.004139,0.0
ba_000736.txt,645,1926,132,20.460828,True,0.003161,0.0
ba_000737.txt,824,1644,90,12.627808,True,0.003117,0.0
ba_000738.txt,301,1188,87,7.527258,True,0.001786,0.0
ba_000739.txt,814,2433,175,25.485475,True,0.004191,0.0
ba_000740.txt,1825,5466,384,30.025051,True,0.010295,0.0
ba_000741.txt,1946,5829,424,30.025924,True,0.010617,0.0
ba_000742.txt,1520,7575,541,30.034373,True,0.014884,0.0
ba_000743.txt,1999,7980,576,30.032465,True,0.014686,0.0
ba_000744.txt,1872,3740,211,30.010196,True,0.006732,0.0
ba_000745.txt,1934,5793,416,30.056696,True,0.039137,0.0
ba_000746.txt,1149,5720,440,30.031044,True,0.011893,0.0
ba_000747.txt,1040,3111,225,30.024207,True,0.005223,0.0
ba_000748.txt,1469,7320,544,30.034341,True,0.014538,0.0
ba_000749.txt,1802,7192,544,30.030718,True,0.014459,0.0
ba_000750.txt,1177,2350,120,23.006961,True,0.00424,0.0
ba_000751.txt,464,1840,130,23.695532,True,0.003404,0.0
ba_000752.txt,1835,3666,194,30.010372,True,0.00682,0.0
ba_000753.txt,1471,4404,312,30.024872,True,0.008508,0.0
ba_000754.txt,1649,4938,335,30.028451,True,0.00961,0.0
ba_000755.txt,588,1172,66,4.150714,True,0.002362,0.0
ba_000756.txt,1912,3820,213,30.011157,True,0.007261,0.0
ba_000757.txt,606,1809,125,17.496885,True,0.002927,0.0
ba_000758.txt,948,3776,299,30.026047,True,0.006033,0.0
ba_000759.txt,614,3045,229,30.008746,True,0.004848,0.0
ba_000760.txt,236,1155,79,6.354359,True,0.001464,0.0
ba_000761.txt,1444,2884,147,29.771917,True,0.005045,0.0
ba_000762.txt,1095,5450,399,30.027936,True,0.009777,0.0
ba_000763.txt,1016,5055,356,30.02928,True,0.008979,0.0
ba_000764.txt,1410,2816,151,30.007665,True,0.004852,0.0
ba_000765.txt,1249,2494,130,22.273296,True,0.00467,0.0
ba_000766.txt,889,3540,260,30.026071,True,0.006216,0.0
ba_000767.txt,1677,6692,504,30.030761,True,0.012537,0.0
ba_000768.txt,1559,4668,354,30.023998,True,0.00762,0.0
ba_000769.txt,300,891,60,3.5239,True,0.001198,0.0
ba_000770.txt,1969,7860,557,30.033812,True,0.014584,0.0
ba_000771.txt,1732,3460,210,30.010107,True,0.006435,0.0
ba_000772.txt,578,1152,58,3.088556,True,0.001976,0.0
ba_000773.txt,586,1749,119,21.169105,True,0.00308,0.0
ba_000774.txt,884,4395,348,30.027666,True,0.00678,0.0
ba_000775.txt,1221,2438,138,14.988322,True,0.004522,0.0
ba_000776.txt,532,1060,52,3.962262,True,0.002154,0.0
ba_000777.txt,1490,5944,492,30.026702,True,0.010576,0.0
ba_000778.txt,1452,5792,415,30.028864,True,0.01046,0.0
ba_000779.txt,1163,4636,356,30.026697,True,0.008649,0.0
ba_000780.txt,1584,7895,563,30.034917,True,0.015227,0.0
ba_000781.txt,1992,7952,580,30.03844,True,0.019161,0.0
ba_000782.txt,763,3790,299,30.03004,True,0.007908,0.0
ba_000783.txt,1266,5048,382,30.05162,True,0.032394,0.0
ba_000784.txt,1700,5091,352,30.026112,True,0.009641,0.0
ba_000785.txt,949,3780,300,30.026982,True,0.006789,0.0
ba_000786.txt,874,3480,281,30.026663,True,0.006017,0.0
ba_000787.txt,756,3008,220,30.008915,True,0.00505,0.0
ba_000788.txt,969,4820,365,30.027997,True,0.007861,0.0
ba_000789.txt,1329,6620,494,30.031186,True,0.01209,0.0
ba_000790.txt,395,1564,116,8.926504,True,0.002825,0.0
ba_000791.txt,800,1596,88,9.14428,True,0.002981,0.0
ba_000792.txt,1385,4146,291,30.023611,True,0.006723,0.0
ba_000793.txt,1712,6832,508,30.033669,True,0.013667,0.0
ba_000794.txt,1780,3556,192,30.010736,True,0.007206,0.0
ba_000795.txt,693,1382,75,7.269253,True,0.002634,0.0
ba_000796.txt,436,1728,121,14.047685,True,0.002943,0.0
ba_000797.txt,1982,5937,441,30.049087,True,0.032382,0.0
ba_000798.txt,1690,5061,355,30.024652,True,0.009594,0.0
ba_000799.txt,266,528,28,1.016039,True,0.000868,0.0
ba_000800.txt,1849,3694,208,30.010458,True,0.006699,0.0
ba_000801.txt,1401,6980,525,30.034276,True,0.013889,0.0
ba_000802.txt,609,2420,178,22.163223,True,0.003941,0.0
ba_000803.txt,830,1656,91,12.429576,True,0.003084,0.0
ba_000804.txt,437,870,51,2.478505,True,0.001555,0.0
ba_000805.txt,1592,4767,352,30.024575,True,0.008401,0.0
ba_000806.txt,285,566,30,0.787546,True,0.000995,0.0
ba_000807.txt,828,3296,245,30.010226,True,0.006352,0.0
ba_000808.txt,1314,6545,469,30.030263,True,0.011744,0.0
ba_000809.txt,1033,3090,222,30.022809,True,0.004881,0.0
ba_000810.txt,264,524,25,0.71975,True,0.001198,0.0
ba_000811.txt,1121,5580,401,30.031346,True,0.010368,0.0
ba_000812.txt,977,4860,350,30.028012,True,0.007692,0.0
ba_000813.txt,1152,3447,245,30.024523,True,0.005617,0.0
ba_000814.txt,1759,3514,199,30.033847,True,0.030504,0.0
ba_000815.txt,676,1348,77,7.754754,True,0.002894,0.0
ba_000816.txt,1148,2292,135,26.024561,True,0.004596,0.0
ba_000817.txt,1390,4161,296,30.024502,True,0.007016,0.0
ba_000818.txt,1948,7776,556,30.034932,True,0.015003,0.0
ba_000819.txt,1015,4044,334,30.025776,True,0.00625,0.0
ba_000820.txt,1084,3243,252,30.023884,True,0.005227,0.0
ba_000821.txt,1971,7868,631,30.034401,True,0.016213,0.0
ba_000822.txt,1658,3312,188,30.009969,True,0.006872,0.0
ba_000823.txt,1428,4275,354,30.025193,True,0.008227,0.0
ba_000824.txt,683,3390,237,30.009422,True,0.005399,0.0
ba_000825.txt,555,2750,203,30.007931,True,0.004298,0.0
ba_000826.txt,1819,9070,660,30.063831,True,0.044699,0.0
ba_000827.txt,1053,4196,319,30.027482,True,0.007456,0.0
ba_000828.txt,1181,5880,439,30.03037,True,0.010611,0.0
ba_000829.txt,502,1497,111,11.691858,True,0.002726,0.0
ba_000830.txt,1139,3408,247,30.024118,True,0.005431,0.0
ba_000831.txt,1535,3066,157,30.00905,True,0.006067,0.0
ba_000832.txt,731,1458,75,8.962354,True,0.002636,0.0
ba_000833.txt,489,2420,169,30.007055,True,0.003729,0.0
ba_000834.txt,629,1254,72,5.793567,True,0.002504,0.0
ba_000835.txt,1464,5840,418,30.030021,True,0.012388,0.0
ba_000836.txt,474,1880,138,19.12986,True,0.003054,0.0
ba_000837.txt,1088,5415,417,30.028904,True,0.008717,0.0
ba_000838.txt,1450,7225,528,30.033021,True,0.013737,0.0
ba_000839.txt,377,1492,103,9.451533,True,0.002399,0.0
ba_000840.txt,1786,3568,220,30.011198,True,0.006631,0.0
ba_000841.txt,603,1800,118,22.716424,True,0.003016,0.0
ba_000842.txt,1142,4552,340,30.026789,True,0.00819,0.0
ba_000843.txt,1697,3390,186,30.009328,True,0.006108,0.0
ba_000844.txt,1472,7335,520,30.061318,True,0.038793,0.0
ba_000845.txt,760,3024,219,30.009073,True,0.004893,0.0
ba_000846.txt,566,1128,65,4.836182,True,0.002086,0.0
ba_000847.txt,1676,8355,601,30.035735,True,0.016165,0.0
ba_000848.txt,572,1140,57,4.037772,True,0.002003,0.0
ba_000849.txt,1444,7195,556,30.033842,True,0.014064,0.0
ba_000850.txt,1430,7125,524,30.036855,True,0.016654,0.0
ba_000851.txt,979,4870,361,30.029718,True,0.009003,0.0
ba_000852.txt,529,1054,58,4.26087,True,0.001873,0.0
ba_000853.txt,1893,7556,560,30.03548,True,0.015714,0.0
ba_000854.txt,1767,3530,197,30.011576,True,0.007679,0.0
ba_000855.txt,272,1335,99,8.598103,True,0.002061,0.0
ba_000856.txt,179,354,22,0.346565,True,0.000547,0.0
ba_000857.txt,230,456,25,0.565957,True,0.00078,0.0
ba_000858.txt,1266,6305,496,30.057954,True,0.03463,0.0
ba_000859.txt,199,970,71,3.84884,True,0.001238,0.0
ba_000860.txt,1091,5430,417,30.028407,True,0.009131,0.0
ba_000861.txt,303,602,36,1.01037,True,0.001051,0.0
ba_000862.txt,1993,7956,575,30.034917,True,0.016666,0.0
ba_000863.txt,118,232,14,0.127567,True,0.000401,0.0
ba_000864.txt,963,3836,303,30.025744,True,0.00578,0.0
ba_000865.txt,1418,4245,308,30.024809,True,0.007655,0.0
ba_000866.txt,997,1990,108,10.144,True,0.003589,0.0
ba_000867.txt,1741,5214,364,30.02619,True,0.010098,0.0
ba_000868.txt,1654,4953,375,30.02448,True,0.008453,0.0
ba_000869.txt,321,1268,93,8.142175,True,0.002514,0.0
ba_000870.txt,202,400,26,0.510833,True,0.000652,0.0
ba_000871.txt,136,655,49,2.039644,True,0.000792,0.0
ba_000872.txt,1755,5256,388,30.026563,True,0.010008,0.0
ba_000873.txt,1427,5692,416,30.051187,True,0.033862,0.0
ba_000874.txt,883,2640,187,30.008297,True,0.004468,0.0
ba_000875.txt,634,3145,232,30.008675,True,0.004637,0.0
ba_000876.txt,961,3828,286,30.026639,True,0.005969,0.0
ba_000877.txt,120,236,14,0.120444,True,0.000394,0.0
ba_000878.txt,422,1257,94,9.792628,True,0.002274,0.0
ba_000879.txt,818,4065,325,30.027649,True,0.006701,0.0
ba_000880.txt,1894,5673,405,30.028718,True,0.012209,0.0
ba_000881.txt,1743,8690,628,30.035422,True,0.018238,0.0
ba_000882.txt,1606,6408,491,30.03035,True,0.01294,0.0
ba_000883.txt,770,1536,82,7.408606,True,0.003103,0.0
ba_000884.txt,1283,3840,291,30.024885,True,0.006196,0.0
ba_000885.txt,1629,4878,431,30.023762,True,0.007968,0.0
ba_000886.txt,523,1042,55,3.924494,True,0.001797,0.0
ba_000887.txt,1237,6160,435,30.030097,True,0.010855,0.0
ba_000888.txt,836,1668,88,9.186747,True,0.00312,0.0
ba_000889.txt,1487,2970,162,30.03068,True,0.027688,0.0
ba_000890.txt,806,1608,85,9.942787,True,0.003026,0.0
ba_000891.txt,1275,6350,456,30.031637,True,0.012188,0.0
ba_000892.txt,1297,2590,140,23.888695,True,0.004697,0.0
ba_000893.txt,248,492,33,0.736702,True,0.000809,0.0
ba_000894.txt,809,1614,94,9.84576,True,0.002957,0.0
ba_000895.txt,357,1062,71,6.260054,True,0.001716,0.0
ba_000896.txt,593,1770,125,13.475473,True,0.003315,0.0
ba_000897.txt,450,2225,163,20.117675,True,0.003566,0.0
ba_000898.txt,1150,2296,119,19.413854,True,0.004203,0.0
ba_000899.txt,441,1314,89,10.005056,True,0.002157,0.0
ba_000900.txt,1154,3453,273,30.024225,True,0.005525,0.0
ba_000901.txt,1223,3660,262,30.023231,True,0.005856,0.0
ba_000902.txt,1695,6764,545,30.032246,True,0.014427,0.0
ba_000903.txt,706,2109,142,30.006763,True,0.003381,0.0
ba_000904.txt,1201,2398,128,24.979905,True,0.004216,0.0
ba_000905.txt,1725,6884,511,30.033724,True,0.014415,0.0
ba_000906.txt,1298,2592,145,30.007856,True,0.004829,0.0
ba_000907.txt,719,3570,273,30.009006,True,0.005289,0.0
ba_000908.txt,1445,5764,417,30.053659,True,0.035885,0.0
ba_000909.txt,1323,6590,472,30.031063,True,0.012122,0.0
ba_000910.txt,888,1772,98,13.640656,True,0.003472,0.0
ba_000911.txt,929,4620,339,30.028829,True,0.007871,0.0
ba_000912.txt,1035,3096,221,30.009275,True,0.00489,0.0
ba_000913.txt,1553,4650,345,30.024579,True,0.007608,0.0
ba_000914.txt,1775,8850,642,30.038064,True,0.017815,0.0
ba_000915.txt,1447,4332,330,30.025706,True,0.007698,0.0
ba_000916.txt,1438,5736,413,30.032005,True,0.01353,0.0
ba_000917.txt,1699,3394,185,29.379121,True,0.006882,0.0
ba_000918.txt,1678,6696,497,30.059001,True,0.038035,0.0
ba_000919.txt,1079,3228,238,30.023846,True,0.005006,0.0
ba_000920.txt,363,1080,78,6.011739,True,0.001518,0.0
ba_000921.txt,1243,3720,258,30.023032,True,0.00597,0.0
ba_000922.txt,1993,9940,745,30.048424,True,0.02313,0.0
ba_000923.txt,767,3810,284,30.030957,True,0.006038,0.0
ba_000924.txt,1123,5590,405,30.02964,True,0.010485,0.0
ba_000925.txt,367,1810,131,15.626613,True,0.002875,0.0
ba_000926.txt,1649,3294,181,30.012256,True,0.007295,0.0
ba_000927.txt,1185,3546,255,30.025094,True,0.006915,0.0
ba_000928.txt,615,1226,68,4.544071,True,0.002743,0.0
ba_000929.txt,1262,2520,133,29.212647,True,0.004783,0.0
ba_000930.txt,675,2016,132,21.442116,True,0.003338,0.0
ba_000931.txt,1905,7604,601,30.039246,True,0.015901,0.0
ba_000932.txt,487,970,57,4.215302,True,0.001702,0.0
ba_000933.txt,937,4660,344,30.032151,True,0.010832,0.0
ba_000934.txt,1912,7632,567,30.064539,True,0.044787,0.0
ba_000935.txt,1568,4695,392,30.028108,True,0.00899,0.0
ba_000936.txt,1793,7156,528,30.031801,True,0.013847,0.0
ba_000937.txt,1780,3556,190,30.013969,True,0.009849,0.0
ba_000938.txt,1129,2254,117,22.891415,True,0.005313,0.0
ba_000939.txt,760,3024,240,30.009872,True,0.00556,0.0
ba_000940.txt,236,1155,89,6.234553,True,0.001417,0.0
ba_000941.txt,1628,6496,499,30.032875,True,0.013388,0.0
ba_000942.txt,1066,5305,386,30.030143,True,0.010477,0.0
ba_000943.txt,1830,7304,536,30.031474,True,0.01467,0.0
ba_000944.txt,1751,3498,205,30.009904,True,0.006251,0.0
ba_000945.txt,1375,4116,297,30.045569,True,0.029122,0.0
ba_000946.txt,125,366,31,0.617965,True,0.000575,0.0
ba_000947.txt,1878,9365,701,30.03957,True,0.018257,0.0
ba_000948.txt,1574,7845,574,30.03395,True,0.01552,0.0
ba_000949.txt,1204,2404,125,26.687964,True,0.004381,0.0
ba_000950.txt,916,4555,331,30.03035,True,0.007905,0.0
ba_000951.txt,512,2535,172,22.108441,True,0.004357,0.0
ba_000952.txt,425,1684,126,16.332931,True,0.00274,0.0
ba_000953.txt,547,1090,60,3.457255,True,0.002221,0.0
ba_000954.txt,1824,3644,219,30.010737,True,0.00686,0.0
ba_000955.txt,860,4275,306,30.029022,True,0.007525,0.0
ba_000956.txt,638,1272,66,5.834291,True,0.002395,0.0
ba_000957.txt,1756,8755,630,30.039418,True,0.019933,0.0
ba_000958.txt,1523,7590,540,30.033749,True,0.014158,0.0
ba_000959.txt,1663,6636,486,30.053543,True,0.035938,0.0
ba_000960.txt,830,2481,182,30.00737,True,0.004027,0.0
ba_000961.txt,799,3180,225,30.011421,True,0.00634,0.0
ba_000962.txt,1831,3658,243,30.011516,True,0.007485,0.0
ba_000963.txt,240,476,27,0.754857,True,0.000774,0.0
ba_000964.txt,224,880,72,2.962494,True,0.001103,0.0
ba_000965.txt,465,1386,101,8.780684,True,0.002301,0.0
ba_000966.txt,1010,3021,230,30.027851,True,0.006452,0.0
ba_000967.txt,1141,5680,433,30.032749,True,0.011972,0.0
ba_000968.txt,1080,3231,225,30.024236,True,0.00583,0.0
ba_000969.txt,1554,6200,465,30.02859,True,0.011307,0.0
ba_000970.txt,209,1020,78,4.014492,True,0.001419,0.0
ba_000971.txt,1749,8720,654,30.037707,True,0.017469,0.0
ba_000972.txt,1566,4689,340,30.024209,True,0.007974,0.0
ba_000973.txt,1711,5124,386,30.050857,True,0.034309,0.0
ba_000974.txt,1595,4776,340,30.025134,True,0.008546,0.0
ba_000975.txt,339,674,34,1.558418,True,0.00119,0.0
ba_000976.txt,662,1977,130,26.207052,True,0.003555,0.0
ba_000977.txt,139,540,36,1.190049,True,0.000707,0.0
ba_000978.txt,948,3776,282,30.026832,True,0.005836,0.0
ba_000979.txt,901,4480,350,30.029085,True,0.007327,0.0
ba_000980.txt,783,1562,82,8.051729,True,0.003505,0.0
ba_000981.txt,951,3788,282,30.0279,True,0.006206,0.0
ba_000982.txt,515,2044,145,24.965016,True,0.003597,0.0
ba_000983.txt,1852,9235,689,30.038606,True,0.018167,0.0
ba_000984.txt,1198,5965,418,30.031636,True,0.012862,0.0
ba_000985.txt,283,1390,99,7.535312,True,0.002124,0.0
ba_000986.txt,285,1400,98,9.490108,True,0.002186,0.0
ba_000987.txt,710,3525,251,30.009559,True,0.005519,0.0
ba_000988.txt,493,1470,103,9.084174,True,0.002422,0.0
ba_000989.txt,1490,5944,439,30.028694,True,0.011341,0.0
ba_000990.txt,791,2364,160,30.007395,True,0.004149,0.0
ba_000991.txt,1915,3826,222,30.011596,True,0.007547,0.0
ba_000992.txt,253,996,74,5.64449,True,0.001323,0.0
ba_000993.txt,1120,2236,119,21.102178,True,0.00551,0.0
ba_000994.txt,440,1311,89,11.764118,True,0.002176,0.0
ba_000995.txt,928,4615,318,30.029293,True,0.008497,0.0
ba_000996.txt,440,2175,164,15.898591,True,0.003971,0.0
ba_000997.txt,1192,5935,432,30.051666,True,0.032919,0.0
ba_000998.txt,1928,9615,675,30.043288,True,0.018994,0.0
ba_000999.txt,1314,5240,402,30.028017,True,0.009826,0.0
ba_001000.txt,588,1172,59,5.132269,True,0.002476,0.0
ba_001001.txt,385,1900,136,13.105484,True,0.003009,0.0
ba_001002.txt,1663,3322,186,30.009942,True,0.00648,0.0
ba_001003.txt,496,1479,103,13.343639,True,0.002447,0.0
ba_001004.txt,991,1978,110,15.171836,True,0.00354,0.0
ba_001005.txt,192,935,66,4.568761,True,0.001156,0.0
ba_001006.txt,213,630,51,1.600133,True,0.000816,0.0
ba_001007.txt,651,2588,198,30.008125,True,0.004255,0.0
ba_001008.txt,1679,3354,193,30.01013,True,0.006201,0.0
ba_001009.txt,1848,5535,375,30.02775,True,0.011374,0.0
ba_001010.txt,856,3408,251,30.027182,True,0.005733,0.0
ba_001011.txt,214,633,49,1.88655,True,0.000892,0.0
ba_001012.txt,1035,5150,407,30.031292,True,0.009877,0.0
ba_001013.txt,915,3644,268,30.027647,True,0.006908,0.0
ba_001014.txt,343,1356,99,8.641763,True,0.002177,0.0
ba_001015.txt,811,1618,83,7.618042,True,0.003099,0.0
ba_001016.txt,829,3300,246,30.009397,True,0.005124,0.0
ba_001017.txt,1283,5116,387,30.027804,True,0.009641,0.0
ba_001018.txt,356,1755,129,16.83005,True,0.003064,0.0
ba_001019.txt,1350,4041,341,30.023976,True,0.007234,0.0
ba_001020.txt,1204,2404,138,14.679307,True,0.004299,0.0
ba_001021.txt,448,2215,162,23.586267,True,0.003835,0.0
ba_001022.txt,399,1580,113,13.67264,True,0.002525,0.0
ba_001023.txt,1763,8790,668,30.038155,True,0.017854,0.0
ba_001024.txt,189,920,71,3.566484,True,0.001137,0.0
ba_001025.txt,571,2830,207,30.009913,True,0.005292,0.0
ba_001026.txt,1176,2348,125,22.461669,True,0.00427,0.0
ba_001027.txt,509,2520,177,20.661069,True,0.003806,0.0
ba_001028.txt,1007,2010,110,10.262452,True,0.004284,0.0
ba_001029.txt,1313,2622,146,17.541521,True,0.00482,0.0
ba_001030.txt,1896,9455,683,30.039673,True,0.018563,0.0
ba_001031.txt,1795,7164,524,30.057184,True,0.039398,0.0
ba_001032.txt,1071,4268,331,30.026688,True,0.006977,0.0
ba_001033.txt,1463,5836,437,30.029226,True,0.010219,0.0
ba_001034.txt,1579,3154,169,30.009132,True,0.005757,0.0
ba_001035.txt,667,2652,197,27.286114,True,0.004654,0.0
ba_001036.txt,1075,3216,231,30.02834,True,0.005412,0.0
ba_001037.txt,956,3808,273,30.028238,True,0.006134,0.0
ba_001038.txt,1068,5315,393,30.031043,True,0.0092,0.0
ba_001039.txt,1514,3024,165,30.009349,True,0.005703,0.0
ba_001040.txt,1735,8650,613,30.037351,True,0.018153,0.0
ba_001041.txt,1485,5924,436,30.032962,True,0.013413,0.0
ba_001042.txt,355,706,44,1.515297,True,0.001292,0.0
ba_001043.txt,1219,3648,253,30.024916,True,0.005777,0.0
ba_001044.txt,162,320,22,0.282392,True,0.000516,0.0
ba_001045.txt,187,910,69,4.694431,True,0.001164,0.0
ba_001046.txt,564,1683,125,13.560984,True,0.002922,0.0
ba_001047.txt,1925,9600,707,30.044332,True,0.022797,0.0
ba_001048.txt,278,825,50,3.297139,True,0.001111,0.0
ba_001049.txt,992,3952,316,30.025521,True,0.006664,0.0
ba_001050.txt,1981,3958,232,30.035081,True,0.03114,0.0
ba_001051.txt,1535,6124,453,30.030548,True,0.012476,0.0
ba_001052.txt,1114,2224,119,19.494797,True,0.004546,0.0
ba_001053.txt,1561,7780,589,30.033491,True,0.014846,0.0
ba_001054.txt,727,2172,153,20.464486,True,0.0034,0.0
ba_001055.txt,235,696,48,2.232737,True,0.000932,0.0
ba_001056.txt,1367,4092,286,30.023854,True,0.007228,0.0
ba_001057.txt,1604,4803,352,30.025085,True,0.009392,0.0
ba_001058.txt,1486,4449,378,30.024722,True,0.007957,0.0
ba_001059.txt,665,2644,195,27.571505,True,0.004423,0.0
ba_001060.txt,1503,5996,431,30.027258,True,0.010968,0.0
ba_001061.txt,1442,2880,156,26.827267,True,0.005766,0.0
ba_001062.txt,1395,2786,139,30.007745,True,0.005011,0.0
ba_001063.txt,891,2664,191,30.030983,True,0.027515,0.0
ba_001064.txt,185,724,52,2.302566,True,0.001042,0.0
ba_001065.txt,1682,5037,353,30.025474,True,0.009118,0.0
ba_001066.txt,1661,6628,476,30.029105,True,0.012874,0.0
ba_001067.txt,252,500,31,0.675869,True,0.000829,0.0
ba_001068.txt,683,1362,66,6.56316,True,0.002364,0.0
ba_001069.txt,968,4815,376,30.027765,True,0.007988,0.0
ba_001070.txt,1032,2060,115,15.107129,True,0.003756,0.0
ba_001071.txt,1540,6144,446,30.029923,True,0.01166,0.0
ba_001072.txt,142,417,37,0.733406,True,0.000573,0.0
ba_001073.txt,860,3424,253,30.02733,True,0.006398,0.0
ba_001074.txt,388,1155,79,8.260421,True,0.00183,0.0
ba_001075.txt,1829,3654,216,30.010586,True,0.007437,0.0
ba_001076.txt,378,1496,112,13.441728,True,0.00245,0.0
ba_001077.txt,1600,3196,173,30.009286,True,0.005895,0.0
ba_001078.txt,990,2961,202,30.009122,True,0.005091,0.0
ba_001079.txt,1846,5529,399,30.026572,True,0.010346,0.0
ba_001080.txt,940,2811,206,30.007761,True,0.004519,0.0
ba_001081.txt,110,525,41,1.260746,True,0.000653,0.0
ba_001082.txt,1117,2230,116,21.929236,True,0.004037,0.0
ba_001083.txt,1533,3062,161,30.013072,True,0.007647,0.0
ba_001084.txt,1683,3362,192,30.036002,True,0.032552,0.0
ba_001085.txt,340,1011,72,4.673538,True,0.001561,0.0
ba_001086.txt,1286,5128,402,30.025685,True,0.009327,0.0
ba_001087.txt,1438,5736,463,30.027151,True,0.009697,0.0
ba_001088.txt,1650,8225,586,30.037847,True,0.017627,0.0
ba_001089.txt,1761,5274,397,30.027353,True,0.010487,0.0
ba_001090.txt,897,1790,105,8.528097,True,0.003322,0.0
ba_001091.txt,985,1966,106,14.066124,True,0.003547,0.0
ba_001092.txt,1566,7805,552,30.033312,True,0.015228,0.0
ba_001093.txt,1770,3536,210,30.011373,True,0.007405,0.0
ba_001094.txt,1524,4563,346,30.025556,True,0.007832,0.0
ba_001095.txt,1346,4029,299,30.028798,True,0.01047,0.0
ba_001096.txt,1776,5319,436,30.026982,True,0.010005,0.0
ba_001097.txt,1283,2562,136,16.474059,True,0.005365,0.0
ba_001098.txt,1175,4684,363,30.025457,True,0.007311,0.0
ba_001099.txt,1706,6808,496,30.032566,True,0.013493,0.0
ba_001100.txt,1393,2782,144,24.857388,True,0.004956,0.0
ba_001101.txt,1478,2952,162,30.008622,True,0.005327,0.0
ba_001102.txt,1834,9145,671,30.043881,True,0.022448,0.0
ba_001103.txt,266,1305,93,8.875659,True,0.002174,0.0
ba_001104.txt,425,1684,131,22.897508,True,0.002727,0.0
ba_001105.txt,1171,5830,430,30.030581,True,0.010974,0.0
ba_001106.txt,866,3448,286,30.026568,True,0.005926,0.0
ba_001107.txt,1192,4752,335,30.026365,True,0.008667,0.0
ba_001108.txt,1791,3578,206,30.011084,True,0.007161,0.0
ba_001109.txt,1318,5256,394,30.027227,True,0.009953,0.0
ba_001110.txt,1737,3470,204,30.012462,True,0.008259,0.0
ba_001111.txt,809,3220,262,30.009737,True,0.005399,0.0
ba_001112.txt,397,790,42,1.483868,True,0.001367,0.0
ba_001113.txt,1218,2432,130,14.152598,True,0.005243,0.0
ba_001114.txt,332,987,74,5.025912,True,0.001381,0.0
ba_001115.txt,836,4155,325,30.030487,True,0.007088,0.0
ba_001116.txt,430,2125,147,14.85116,True,0.00442,0.0
ba_001117.txt,794,1584,91,10.166974,True,0.002883,0.0
ba_001118.txt,1374,6845,519,30.03861,True,0.01427,0.0
ba_001119.txt,1574,3144,172,30.01084,True,0.006368,0.0
ba_001120.txt,1548,3092,158,30.009381,True,0.005667,0.0
ba_001121.txt,677,2022,134,25.673167,True,0.003519,0.0
ba_001122.txt,1160,3471,278,30.023994,True,0.005595,0.0
ba_001123.txt,169,334,21,0.27349,True,0.000521,0.0
ba_001124.txt,1433,4290,302,30.024185,True,0.0071,0.0
ba_001125.txt,1093,3270,255,30.023277,True,0.00523,0.0
ba_001126.txt,180,531,40,1.166964,True,0.000721,0.0
ba_001127.txt,1678,6696,473,30.032709,True,0.012495,0.0
ba_001128.txt,749,2980,227,30.009647,True,0.005911,0.0
ba_001129.txt,475,1416,98,8.484855,True,0.002778,0.0
ba_001130.txt,1230,4904,364,30.027407,True,0.008325,0.0
ba_001131.txt,334,664,36,1.113252,True,0.001152,0.0
ba_001132.txt,1831,9130,654,30.036158,True,0.017677,0.0
ba_001133.txt,1478,5896,441,30.027719,True,0.01087,0.0
ba_001134.txt,1181,2358,127,19.331805,True,0.004418,0.0
ba_001135.txt,1211,6030,461,30.031143,True,0.010856,0.0
ba_001136.txt,715,2844,209,30.008823,True,0.005612,0.0
ba_001137.txt,1767,5292,360,30.026157,True,0.009888,0.0
ba_001138.txt,897,3572,253,30.028222,True,0.005972,0.0
ba_001139.txt,170,664,50,1.944489,True,0.000869,0.0
ba_001140.txt,755,1506,82,5.936587,True,0.00269,0.0
ba_001141.txt,1849,9220,694,30.068348,True,0.047829,0.0
ba_001142.txt,1013,3030,211,30.01084,True,0.006917,0.0
ba_001143.txt,1501,5988,448,30.027614,True,0.010293,0.0
ba_001144.txt,1057,4212,304,30.026241,True,0.006735,0.0
ba_001145.txt,1232,6135,445,30.034326,True,0.01305,0.0
ba_001146.txt,345,1700,118,14.287724,True,0.002683,0.0
ba_001147.txt,1571,4704,361,30.024915,True,0.007795,0.0
ba_001148.txt,300,1475,108,11.568235,True,0.002229,0.0
ba_001149.txt,133,390,30,0.564319,True,0.000572,0.0
ba_001150.txt,1907,9510,720,30.040603,True,0.019089,0.0
ba_001151.txt,908,4515,347,30.02989,True,0.008792,0.0
ba_001152.txt,1004,2004,117,11.752858,True,0.00374,0.0
ba_001153.txt,1612,8035,580,30.042505,True,0.020102,0.0
ba_001154.txt,443,882,43,2.066498,True,0.00159,0.0
ba_001155.txt,1838,9165,670,30.064198,True,0.043808,0.0
ba_001156.txt,1979,5928,418,30.027765,True,0.011726,0.0
ba_001157.txt,1408,5616,409,30.028872,True,0.010479,0.0
ba_001158.txt,953,1902,100,14.183027,True,0.003687,0.0
ba_001159.txt,176,688,57,2.914799,True,0.000856,0.0
ba_001160.txt,1639,4908,385,30.028551,True,0.010159,0.0
ba_001161.txt,841,4180,310,30.028548,True,0.007288,0.0
ba_001162.txt,423,1260,88,7.713729,True,0.002169,0.0
ba_001163.txt,691,2748,197,30.007791,True,0.004134,0.0
ba_001164.txt,902,4485,329,30.028261,True,0.008044,0.0
ba_001165.txt,1777,7092,535,30.032895,True,0.015874,0.0
ba_001166.txt,1935,9650,674,30.068997,True,0.046554,0.0
ba_001167.txt,1225,6100,439,30.031601,True,0.011998,0.0
ba_001168.txt,1280,6375,457,30.032894,True,0.012107,0.0
ba_001169.txt,1043,3120,236,30.026608,True,0.007425,0.0
ba_001170.txt,453,2240,148,30.007025,True,0.003338,0.0
ba_001171.txt,283,562,28,0.684198,True,0.000936,0.0
ba_001172.txt,923,3676,281,30.029447,True,0.006612,0.0
ba_001173.txt,994,1984,111,10.447304,True,0.003932,0.0
ba_001174.txt,308,915,70,3.758402,True,0.00138,0.0
ba_001175.txt,1079,4300,324,30.027951,True,0.00758,0.0
ba_001176.txt,1425,2846,151,20.605736,True,0.005253,0.0
ba_001177.txt,1211,6030,445,30.028313,True,0.010303,0.0
ba_001178.txt,329,1300,89,9.437019,True,0.002205,0.0
ba_001179.txt,1281,6380,485,30.0306,True,0.011121,0.0
ba_001180.txt,312,927,65,4.857214,True,0.001353,0.0
ba_001181.txt,609,3020,222,30.009635,True,0.005162,0.0
ba_001182.txt,691,1378,85,5.942104,True,0.002619,0.0
ba_001183.txt,1954,5853,419,30.051006,True,0.03548,0.0
ba_001184.txt,280,556,33,0.978195,True,0.000946,0.0
ba_001185.txt,1367,5452,407,30.02755,True,0.009663,0.0
ba_001186.txt,975,1946,101,17.342602,True,0.003539,0.0
ba_001187.txt,1413,4230,303,30.027859,True,0.007635,0.0
ba_001188.txt,1306,3909,286,30.022765,True,0.006177,0.0
ba_001189.txt,1957,9760,687,30.044575,True,0.022296,0.0
ba_001190.txt,941,4680,352,30.028857,True,0.007897,0.0
ba_001191.txt,1604,4803,332,30.02509,True,0.008585,0.0
ba_001192.txt,1196,4768,339,30.027964,True,0.008124,0.0
ba_001193.txt,1615,8050,569,30.035672,True,0.016925,0.0
ba_001194.txt,416,1648,118,18.109506,True,0.002615,0.0
ba_001195.txt,696,2768,205,30.007882,True,0.004261,0.0
ba_001196.txt,1305,5204,370,30.049108,True,0.030388,0.0
ba_001197.txt,1486,7405,544,30.033041,True,0.014131,0.0
ba_001198.txt,1865,7444,548,30.031968,True,0.014344,0.0
ba_001199.txt,1943,5820,428,30.024878,True,0.009793,0.0
ba_001200.txt,1666,6648,506,30.031227,True,0.012421,0.0
ba_001201.txt,140,276,17,0.200062,True,0.000448,0.0
ba_001202.txt,671,3330,244,30.009844,True,0.005697,0.0
ba_001203.txt,665,1986,151,22.189919,True,0.003381,0.0
ba_001204.txt,1182,2360,134,14.356858,True,0.004302,0.0
ba_001205.txt,297,882,61,4.112798,True,0.001266,0.0
ba_001206.txt,1649,8220,594,30.034701,True,0.016194,0.0
ba_001207.txt,385,766,48,1.899764,True,0.001337,0.0
ba_001208.txt,1629,4878,371,30.026801,True,0.008823,0.0
ba_001209.txt,1372,4107,290,30.023692,True,0.006519,0.0
ba_001210.txt,492,2435,175,30.007369,True,0.004218,0.0
ba_001211.txt,229,454,22,0.527202,True,0.000726,0.0
ba_001212.txt,1952,3900,249,30.011,True,0.007257,0.0
ba_001213.txt,1922,9585,728,30.041027,True,0.01941,0.0
ba_001214.txt,1966,5889,419,30.026037,True,0.010789,0.0
ba_001215.txt,1917,9560,724,30.040984,True,0.019604,0.0
ba_001216.txt,1086,4328,320,30.026405,True,0.007484,0.0
ba_001217.txt,304,903,57,3.886522,True,0.00144,0.0
ba_001218.txt,613,2436,185,23.009106,True,0.003749,0.0
ba_001219.txt,840,1676,91,12.030103,True,0.003114,0.0
ba_001220.txt,1391,2778,156,18.831599,True,0.005048,0.0
ba_001221.txt,1939,5808,427,30.026767,True,0.010505,0.0
ba_001222.txt,1400,2796,147,30.008159,True,0.005108,0.0
ba_001223.txt,1294,6445,481,30.054757,True,0.034561,0.0
ba_001224.txt,854,2553,178,30.008667,True,0.005028,0.0
ba_001225.txt,861,3428,270,30.0106,True,0.006658,0.0
ba_001226.txt,1395,5564,407,30.029875,True,0.010763,0.0
ba_001227.txt,1784,3564,189,30.009802,True,0.006515,0.0
ba_001228.txt,453,902,50,2.461365,True,0.001559,0.0
ba_001229.txt,1415,7050,547,30.034194,True,0.01477,0.0
ba_001230.txt,1301,3894,284,30.025371,True,0.008161,0.0
ba_001231.txt,1946,9705,711,30.040591,True,0.021096,0.0
ba_001232.txt,1771,5304,372,30.026815,True,0.009554,0.0
ba_001233.txt,833,1662,99,12.113402,True,0.003122,0.0
ba_001234.txt,1073,5340,376,30.033042,True,0.009971,0.0
ba_001235.txt,933,4640,346,30.054658,True,0.034092,0.0
ba_001236.txt,1935,9650,677,30.039372,True,0.019094,0.0
ba_001237.txt,801,2394,171,25.060754,True,0.004072,0.0
ba_001238.txt,1478,5896,432,30.029678,True,0.011676,0.0
ba_001239.txt,141,680,52,2.231669,True,0.000994,0.0
ba_001240.txt,1643,8190,591,30.034248,True,0.016392,0.0
ba_001241.txt,102,200,14,0.098498,True,0.000405,0.0
ba_001242.txt,828,2475,171,30.008131,True,0.004701,0.0
ba_001243.txt,136,399,34,0.666795,True,0.000591,0.0
ba_001244.txt,1112,4432,345,30.030113,True,0.008424,0.0
ba_001245.txt,1367,6810,523,30.033339,True,0.013027,0.0
ba_001246.txt,1956,5859,432,30.054702,True,0.038892,0.0
ba_001247.txt,421,1668,122,15.333969,True,0.002592,0.0
ba_001248.txt,286,1405,102,8.249459,True,0.002115,0.0
ba_001249.txt,1760,3516,209,30.011202,True,0.007102,0.0
ba_001250.txt,667,1330,74,8.407076,True,0.002535,0.0
ba_001251.txt,281,1380,104,9.682054,True,0.002765,0.0
ba_001252.txt,1816,9055,677,30.050685,True,0.026715,0.0
ba_001253.txt,1160,3471,245,30.024004,True,0.005533,0.0
ba_001254.txt,1564,7795,566,30.035916,True,0.01708,0.0
ba_001255.txt,1126,4488,325,30.025918,True,0.007635,0.0
ba_001256.txt,1461,4374,319,30.023907,True,0.007481,0.0
ba_001257.txt,1374,2744,145,27.389784,True,0.005425,0.0
ba_001258.txt,935,4650,322,30.030296,True,0.008328,0.0
ba_001259.txt,1474,4413,330,30.025935,True,0.007983,0.0
ba_001260.txt,1432,5712,441,30.02887,True,0.011162,0.0
ba_001261.txt,1719,3434,184,30.010905,True,0.007497,0.0
ba_001262.txt,1214,2424,126,23.023116,True,0.004452,0.0
ba_001263.txt,502,2485,190,21.283955,True,0.004008,0.0
ba_001264.txt,1111,5530,403,30.030264,True,0.010336,0.0
ba_001265.txt,1342,4017,299,30.023914,True,0.007051,0.0
ba_001266.txt,1569,7820,560,30.04115,True,0.017207,0.0
ba_001267.txt,932,3712,286,30.025171,True,0.005825,0.0
ba_001268.txt,1530,6104,446,30.030457,True,0.012905,0.0
ba_001269.txt,1540,3076,162,30.00953,True,0.006244,0.0
ba_001270.txt,724,3595,258,30.009878,True,0.005873,0.0
ba_001271.txt,983,3916,311,30.025669,True,0.006381,0.0
ba_001272.txt,1576,7855,556,30.03643,True,0.017554,0.0
ba_001273.txt,1928,9615,699,30.043696,True,0.022314,0.0
ba_001274.txt,688,1372,77,5.42236,True,0.002511,0.0
ba_001275.txt,1012,2020,112,16.326555,True,0.003745,0.0
ba_001276.txt,1899,5688,383,30.030715,True,0.011174,0.0
ba_001277.txt,736,1468,74,5.973701,True,0.00266,0.0
ba_001278.txt,1708,3412,200,30.010577,True,0.006263,0.0
ba_001279.txt,674,3345,240,30.00916,True,0.005445,0.0
ba_001280.txt,1107,5510,397,30.030417,True,0.009659,0.0
ba_001281.txt,607,1210,66,5.970557,True,0.002449,0.0
ba_001282.txt,1565,3126,169,30.010435,True,0.007018,0.0
ba_001283.txt,1796,5379,400,30.024314,True,0.009675,0.0
ba_001284.txt,1073,5340,417,30.028954,True,0.009685,0.0
ba_001285.txt,448,1776,131,11.849067,True,0.002908,0.0
ba_001286.txt,436,1299,92,11.186281,True,0.002126,0.0
ba_001287.txt,303,1196,96,5.711601,True,0.002066,0.0
ba_001288.txt,1230,2456,124,27.955054,True,0.005039,0.0
ba_001289.txt,256,508,28,0.612238,True,0.001066,0.0
ba_001290.txt,571,2830,194,30.007911,True,0.004361,0.0
ba_001291.txt,1169,2334,130,18.115489,True,0.004299,0.0
ba_001292.txt,1815,5436,380,30.025685,True,0.01099,0.0
ba_001293.txt,289,1140,81,7.160323,True,0.001513,0.0
ba_001294.txt,358,1765,135,10.735056,True,0.003302,0.0
ba_001295.txt,366,1089,80,6.407912,True,0.001628,0.0
ba_001296.txt,327,972,71,6.406798,True,0.001407,0.0
ba_001297.txt,1998,9965,732,30.044933,True,0.022227,0.0
ba_001298.txt,1927,3850,237,30.011494,True,0.00756,0.0
ba_001299.txt,1131,3384,256,30.025118,True,0.00531,0.0
ba_001300.txt,676,2688,202,30.008293,True,0.004578,0.0
ba_001301.txt,1587,4752,336,30.02513,True,0.008896,0.0
ba_001302.txt,1773,5310,411,30.026987,True,0.010103,0.0
ba_001303.txt,636,1899,131,26.082224,True,0.003171,0.0
ba_001304.txt,1421,5668,423,30.053318,True,0.034857,0.0
ba_001305.txt,1736,5199,372,30.034898,True,0.013555,0.0
ba_001306.txt,751,1498,84,5.756552,True,0.003617,0.0
ba_001307.txt,1812,9035,664,30.038149,True,0.018465,0.0
ba_001308.txt,115,444,32,0.783049,True,0.000724,0.0
ba_001309.txt,874,4345,306,30.028916,True,0.006696,0.0
ba_001310.txt,1306,2608,141,27.297314,True,0.005153,0.0
ba_001311.txt,1326,5288,393,30.032608,True,0.01254,0.0
ba_001312.txt,723,2876,228,30.009097,True,0.005727,0.0
ba_001313.txt,1791,7148,537,30.02929,True,0.013346,0.0
ba_001314.txt,458,1365,104,11.843202,True,0.002364,0.0
ba_001315.txt,1122,3357,259,30.023817,True,0.005538,0.0
ba_001316.txt,1904,9495,680,30.067152,True,0.046855,0.0
ba_001317.txt,701,1398,85,5.674085,True,0.002493,0.0
ba_001318.txt,1483,4440,296,30.024143,True,0.008094,0.0
ba_001319.txt,1107,5510,402,30.029354,True,0.009787,0.0
ba_001320.txt,1861,3718,203,30.010508,True,0.006952,0.0
ba_001321.txt,476,1888,137,16.899995,True,0.003135,0.0
ba_001322.txt,1387,6910,513,30.033296,True,0.013986,0.0
ba_001323.txt,1221,3654,283,30.025999,True,0.007283,0.0
ba_001324.txt,1435,5724,487,30.031879,True,0.013081,0.0
ba_001325.txt,1567,4692,337,30.023358,True,0.0078,0.0
ba_001326.txt,1610,4821,340,30.024815,True,0.008249,0.0
ba_001327.txt,1836,7328,531,30.054875,True,0.038522,0.0
ba_001328.txt,657,2612,192,25.788826,True,0.004141,0.0
ba_001329.txt,1297,2590,144,19.638542,True,0.00489,0.0
ba_001330.txt,328,1296,91,9.057296,True,0.002305,0.0
ba_001331.txt,1763,5280,379,30.029644,True,0.012414,0.0
ba_001332.txt,1166,5805,423,30.031165,True,0.010815,0.0
ba_001333.txt,1537,6132,497,30.029942,True,0.011322,0.0
ba_001334.txt,966,3848,289,30.027707,True,0.006651,0.0
ba_001335.txt,1192,5935,447,30.029545,True,0.010819,0.0
ba_001336.txt,1088,3255,234,30.024078,True,0.005167,0.0
ba_001337.txt,1198,3585,256,30.02364,True,0.005961,0.0
ba_001338.txt,1196,3579,262,30.025234,True,0.006453,0.0
ba_001339.txt,462,920,52,3.914498,True,0.00162,0.0
ba_001340.txt,1976,5919,474,30.027542,True,0.012863,0.0
ba_001341.txt,1534,7645,563,30.035418,True,0.015269,0.0
ba_001342.txt,1994,9945,716,30.04087,True,0.019623,0.0
ba_001343.txt,514,1533,107,11.915985,True,0.002594,0.0
ba_001344.txt,1613,3222,187,30.012212,True,0.008457,0.0
ba_001345.txt,1817,5442,399,30.026153,True,0.010478,0.0
ba_001346.txt,1649,3294,174,30.010495,True,0.006736,0.0
ba_001347.txt,1497,2990,167,30.011916,True,0.007076,0.0
ba_001348.txt,1451,7230,544,30.037677,True,0.016122,0.0
ba_001349.txt,1807,3610,200,30.010789,True,0.00688,0.0
ba_001350.txt,1244,4960,382,30.025478,True,0.008149,0.0
ba_001351.txt,1022,3057,211,30.008728,True,0.004811,0.0
ba_001352.txt,111,428,34,0.685352,True,0.000586,0.0
ba_001353.txt,665,2644,200,26.707625,True,0.004627,0.0
ba_001354.txt,357,1412,105,12.47005,True,0.024122,0.0
ba_001355.txt,1809,3614,201,30.010289,True,0.006884,0.0
ba_001356.txt,1192,5935,445,30.031402,True,0.011484,0.0
ba_001357.txt,1876,7488,593,30.032066,True,0.015016,0.0
ba_001358.txt,716,2848,207,30.007951,True,0.004437,0.0
ba_001359.txt,502,1000,53,3.193839,True,0.001725,0.0
ba_001360.txt,1679,5028,369,30.02568,True,0.009793,0.0
ba_001361.txt,356,1059,75,6.462885,True,0.001698,0.0
ba_001362.txt,1871,7468,546,30.033676,True,0.014922,0.0
ba_001363.txt,1599,3194,180,30.009544,True,0.006165,0.0
ba_001364.txt,241,714,46,2.739114,True,0.001043,0.0
ba_001365.txt,1278,6365,465,30.030627,True,0.012441,0.0
ba_001366.txt,1188,3555,262,30.025087,True,0.006949,0.0
ba_001367.txt,1360,5424,397,30.051517,True,0.032826,0.0
ba_001368.txt,1490,5944,434,30.028281,True,0.011626,0.0
ba_001369.txt,1281,2558,141,16.179339,True,0.005037,0.0
ba_001370.txt,1556,4659,321,30.03252,True,0.011397,0.0
ba_001371.txt,1331,3984,296,30.027035,True,0.009126,0.0
ba_001372.txt,943,4690,365,30.02889,True,0.008104,0.0
ba_001373.txt,1867,7452,584,30.032673,True,0.014665,0.0
ba_001374.txt,131,508,41,1.318584,True,0.00068,0.0
ba_001375.txt,424,844,49,2.659438,True,0.001464,0.0
ba_001376.txt,360,716,37,1.614849,True,0.001787,0.0
ba_001377.txt,446,1768,131,16.238296,True,0.00329,0.0
ba_001378.txt,651,2588,175,30.008003,True,0.004427,0.0
ba_001379.txt,1165,4644,343,30.026985,True,0.008032,0.0
ba_001380.txt,220,1075,87,6.125967,True,0.001346,0.0
ba_001381.txt,1394,4173,325,30.027825,True,0.007089,0.0
ba_001382.txt,1361,2718,147,25.263284,True,0.005478,0.0
ba_001383.txt,123,360,25,0.558479,True,0.000488,0.0
ba_001384.txt,183,362,23,0.316533,True,0.000598,0.0
ba_001385.txt,1240,3711,262,30.048315,True,0.030295,0.0
ba_001386.txt,1992,3980,225,30.011952,True,0.007577,0.0
ba_001387.txt,137,402,28,0.608463,True,0.000619,0.0
ba_001388.txt,1357,4062,330,30.023153,True,0.006561,0.0
ba_001389.txt,1980,3956,211,30.010739,True,0.007186,0.0
ba_001390.txt,1093,5440,380,30.030507,True,0.01044,0.0
ba_001391.txt,1703,8490,617,30.037114,True,0.017351,0.0
ba_001392.txt,156,755,55,2.615518,True,0.000964,0.0
ba_001393.txt,1924,9595,689,30.039898,True,0.019348,0.0
ba_001394.txt,836,4155,305,30.028644,True,0.006512,0.0
ba_001395.txt,443,1756,140,17.962109,True,0.004063,0.0
ba_001396.txt,1363,5436,402,30.026982,True,0.009268,0.0
ba_001397.txt,1893,3782,205,30.011171,True,0.007184,0.0
ba_001398.txt,384,764,44,1.493509,True,0.001421,0.0
ba_001399.txt,869,2598,195,30.007795,True,0.004559,0.0
ba_001400.txt,1331,6630,472,30.030443,True,0.011649,0.0
ba_001401.txt,1231,4908,352,30.027665,True,0.008652,0.0
ba_001402.txt,1786,7128,520,30.059136,True,0.038997,0.0
ba_001403.txt,1966,5889,403,30.026049,True,0.011,0.0
ba_001404.txt,1263,2522,129,29.902831,True,0.004838,0.0
ba_001405.txt,1805,5406,378,30.026342,True,0.01068,0.0
ba_001406.txt,604,2995,216,30.008722,True,0.004824,0.0
ba_001407.txt,1865,3726,204,30.010714,True,0.007008,0.0
ba_001408.txt,1575,6284,505,30.031475,True,0.01274,0.0
ba_001409.txt,1616,8055,598,30.036864,True,0.016384,0.0
ba_001410.txt,1651,4944,350,30.026212,True,0.009354,0.0
ba_001411.txt,1877,9360,674,30.063707,True,0.042987,0.0
ba_001412.txt,1723,5160,371,30.026749,True,0.009714,0.0
ba_001413.txt,726,2169,148,29.302552,True,0.003383,0.0
ba_001414.txt,686,2049,132,22.84198,True,0.003516,0.0
ba_001415.txt,901,1798,87,10.590534,True,0.003275,0.0
ba_001416.txt,666,3305,227,30.009558,True,0.00525,0.0
ba_001417.txt,1085,2166,116,12.175222,True,0.004065,0.0
ba_001418.txt,219,1070,82,5.391185,True,0.001332,0.0
ba_001419.txt,1185,4724,364,30.028303,True,0.010061,0.0
ba_001420.txt,247,972,71,3.401876,True,0.001401,0.0
ba_001421.txt,828,4115,318,30.0279,True,0.006544,0.0
ba_001422.txt,1179,2354,121,24.00772,True,0.004532,0.0
ba_001423.txt,1549,7720,579,30.03359,True,0.015571,0.0
ba_001424.txt,647,1932,136,16.167658,True,0.003198,0.0
ba_001425.txt,357,1062,70,6.651981,True,0.001562,0.0
ba_001426.txt,1938,3872,210,30.011924,True,0.007749,0.0
ba_001427.txt,731,3630,264,30.010143,True,0.005934,0.0
ba_001428.txt,908,2715,188,30.007554,True,0.004302,0.0
ba_001429.txt,700,3475,256,30.009656,True,0.005186,0.0
ba_001430.txt,1403,6990,528,30.033706,True,0.015255,0.0
ba_001431.txt,1725,6884,500,30.055029,True,0.036485,0.0
ba_001432.txt,1180,3531,247,30.02428,True,0.005916,0.0
ba_001433.txt,1171,2338,126,13.700963,True,0.004237,0.0
ba_001434.txt,1590,4761,370,30.024937,True,0.009051,0.0
ba_001435.txt,296,1455,95,7.544795,True,0.002326,0.0
ba_001436.txt,1706,6808,506,30.03421,True,0.016376,0.0
ba_001437.txt,1698,3392,180,30.010725,True,0.007018,0.0
ba_001438.txt,1208,4816,349,30.027214,True,0.008842,0.0
ba_001439.txt,968,1932,106,12.615325,True,0.00378,0.0
ba_001440.txt,1574,3144,171,30.010022,True,0.006946,0.0
ba_001441.txt,1241,4948,351,30.027747,True,0.00933,0.0
ba_001442.txt,125,600,47,1.827456,True,0.000779,0.0
ba_001443.txt,1381,6880,497,30.033331,True,0.014287,0.0
ba_001444.txt,725,2884,198,30.008944,True,0.004825,0.0
ba_001445.txt,569,2820,198,28.168021,True,0.004781,0.0
ba_001446.txt,1871,7468,554,30.030927,True,0.014439,0.0
ba_001447.txt,546,2705,193,30.007651,True,0.004257,0.0
ba_001448.txt,1056,5255,390,30.028775,True,0.009271,0.0
ba_001449.txt,651,1944,145,16.522485,True,0.003607,0.0
ba_001450.txt,1192,5935,451,30.03485,True,0.014463,0.0
ba_001451.txt,809,4020,303,30.029568,True,0.008389,0.0
ba_001452.txt,1795,7164,532,30.030454,True,0.01462,0.0
ba_001453.txt,274,1345,97,7.095342,True,0.002062,0.0
ba_001454.txt,1619,4848,352,30.026256,True,0.009684,0.0
ba_001455.txt,1509,6020,498,30.05216,True,0.0348,0.0
ba_001456.txt,836,2499,171,30.007416,True,0.004391,0.0
ba_001457.txt,941,4680,327,30.029489,True,0.008345,0.0
ba_001458.txt,677,2022,141,21.45615,True,0.003887,0.0
ba_001459.txt,716,3555,269,30.012394,True,0.007919,0.0
ba_001460.txt,954,3800,272,30.034738,True,0.008243,0.0
ba_001461.txt,1669,3334,196,30.009726,True,0.006303,0.0
ba_001462.txt,1628,4875,378,30.025791,True,0.008311,0.0
ba_001463.txt,1465,4386,320,30.025163,True,0.008451,0.0
ba_001464.txt,1992,3980,208,30.012003,True,0.008225,0.0
ba_001465.txt,654,2600,192,30.008034,True,0.004113,0.0
ba_001466.txt,1442,2880,163,30.010091,True,0.005806,0.0
ba_001467.txt,1373,4110,306,30.025867,True,0.007552,0.0
ba_001468.txt,892,4435,324,30.051686,True,0.031082,0.0
ba_001469.txt,1493,2982,151,30.009567,True,0.005973,0.0
ba_001470.txt,1871,7468,536,30.033564,True,0.014469,0.0
ba_001471.txt,200,784,64,2.64586,True,0.00116,0.0
ba_001472.txt,539,1074,60,3.325707,True,0.001859,0.0
ba_001473.txt,1052,5235,368,30.028667,True,0.00872,0.0
ba_001474.txt,1438,4305,358,30.023313,True,0.007167,0.0
ba_001475.txt,263,1290,97,7.868497,True,0.002032,0.0
ba_001476.txt,424,1263,83,10.764911,True,0.002109,0.0
ba_001477.txt,1195,5950,428,30.031265,True,0.011846,0.0
ba_001478.txt,983,4890,353,30.029494,True,0.008405,0.0
ba_001479.txt,1353,5396,418,30.025913,True,0.00973,0.0
ba_001480.txt,1100,2196,126,18.71879,True,0.004412,0.0
ba_001481.txt,1660,6624,489,30.030359,True,0.011969,0.0
ba_001482.txt,1541,7680,537,30.058242,True,0.038603,0.0
ba_001483.txt,1234,3693,294,30.024089,True,0.006526,0.0
ba_001484.txt,1973,9840,697,30.043814,True,0.02052,0.0
ba_001485.txt,433,2140,153,15.082936,True,0.003855,0.0
ba_001486.txt,1368,2732,141,26.844662,True,0.004943,0.0
ba_001487.txt,1792,3580,204,30.011281,True,0.007258,0.0
ba_001488.txt,958,2865,222,30.008422,True,0.004849,0.0
ba_001489.txt,324,1595,112,12.842794,True,0.002594,0.0
ba_001490.txt,1798,7176,541,30.0333,True,0.014195,0.0
ba_001491.txt,1022,4072,314,30.031988,True,0.010086,0.0
ba_001492.txt,1281,2558,136,15.80255,True,0.004888,0.0
ba_001493.txt,278,552,30,0.800306,True,0.000936,0.0
ba_001494.txt,1297,2590,139,30.008634,True,0.005813,0.0
ba_001495.txt,1650,8225,599,30.034425,True,0.015626,0.0
ba_001496.txt,646,2568,193,25.360199,True,0.00401,0.0
ba_001497.txt,213,422,23,0.502801,True,0.000763,0.0
ba_001498.txt,1554,6200,474,30.054182,True,0.036938,0.0
ba_001499.txt,1842,3680,213,30.010431,True,0.006862,0.0
ba_001500.txt,300,1475,108,8.911107,True,0.002593,0.0
ba_001501.txt,1824,7280,532,30.029742,True,0.013268,0.0
ba_001502.txt,752,3735,276,30.029659,True,0.005939,0.0
ba_001503.txt,1635,6524,484,30.031337,True,0.012463,0.0
ba_001504.txt,1247,4972,390,30.02791,True,0.009862,0.0
ba_001505.txt,1415,2826,155,18.766003,True,0.005678,0.0
ba_001506.txt,640,2544,184,30.007926,True,0.003975,0.0
ba_001507.txt,253,996,78,5.588823,True,0.001275,0.0
ba_001508.txt,637,1270,69,5.106317,True,0.002529,0.0
ba_001509.txt,1979,7900,595,30.03482,True,0.01607,0.0
ba_001510.txt,367,1092,79,7.652823,True,0.001611,0.0
ba_001511.txt,1958,7816,581,30.059384,True,0.040536,0.0
ba_001512.txt,309,918,66,5.107921,True,0.001568,0.0
ba_001513.txt,1327,3972,319,30.024938,True,0.007512,0.0
ba_001514.txt,875,1746,97,11.51039,True,0.003265,0.0
ba_001515.txt,287,1132,81,5.466035,True,0.001488,0.0
ba_001516.txt,1387,6910,502,30.035715,True,0.014401,0.0
ba_001517.txt,1211,6030,473,30.029292,True,0.011556,0.0
ba_001518.txt,1319,2634,144,23.052475,True,0.004821,0.0
ba_001519.txt,1114,5545,393,30.029134,True,0.009746,0.0
ba_001520.txt,1360,2716,144,29.936159,True,0.005599,0.0
ba_001521.txt,797,3960,282,30.02807,True,0.006138,0.0
ba_001522.txt,1503,7490,555,30.033643,True,0.014581,0.0
ba_001523.txt,1195,4764,367,30.025688,True,0.007853,0.0
ba_001524.txt,268,1315,91,8.994402,True,0.001966,0.0
ba_001525.txt,1878,5625,413,30.028071,True,0.011658,0.0
ba_001526.txt,1258,6265,449,30.053863,True,0.034546,0.0
ba_001527.txt,1867,5592,409,30.027015,True,0.010854,0.0
ba_001528.txt,1297,3882,286,30.02433,True,0.006754,0.0
ba_001529.txt,1604,7995,611,30.034265,True,0.015766,0.0
ba_001530.txt,1391,6930,499,30.03336,True,0.013244,0.0
ba_001531.txt,1364,6795,520,30.031807,True,0.013271,0.0
ba_001532.txt,169,334,20,0.350963,True,0.000527,0.0
ba_001533.txt,777,3860,273,30.028544,True,0.006021,0.0
ba_001534.txt,450,1341,96,13.09002,True,0.002311,0.0
ba_001535.txt,1015,5050,365,30.029991,True,0.011279,0.0
ba_001536.txt,1113,3330,247,30.023633,True,0.005269,0.0
ba_001537.txt,192,380,20,0.377047,True,0.000599,0.0
ba_001538.txt,1535,3066,168,23.053848,True,0.006315,0.0
ba_001539.txt,1213,2422,136,20.585273,True,0.028002,0.0
ba_001540.txt,1149,5720,410,30.030162,True,0.011291,0.0
ba_001541.txt,378,1496,105,12.311476,True,0.002454,0.0
ba_001542.txt,279,1370,102,6.252639,True,0.002219,0.0
ba_001543.txt,815,1626,89,11.987207,True,0.002986,0.0
ba_001544.txt,1919,7660,544,30.031769,True,0.014355,0.0
ba_001545.txt,399,1580,111,15.942616,True,0.002855,0.0
ba_001546.txt,1155,3456,229,30.024378,True,0.005655,0.0
ba_001547.txt,998,3976,307,30.025693,True,0.00599,0.0
ba_001548.txt,1415,5644,450,30.027629,True,0.009978,0.0
ba_001549.txt,745,3700,275,30.010618,True,0.0061,0.0
ba_001550.txt,223,442,28,0.498924,True,0.000765,0.0
ba_001551.txt,1927,7692,599,30.035793,True,0.014938,0.0
ba_001552.txt,1900,5691,402,30.027105,True,0.010772,0.0
ba_001553.txt,904,4495,346,30.030381,True,0.007935,0.0
ba_001554.txt,150,584,43,1.405913,True,0.000808,0.0
ba_001555.txt,764,2283,170,22.937458,True,0.0038,0.0
ba_001556.txt,755,1506,81,9.181382,True,0.002801,0.0
ba_001557.txt,360,1071,72,8.914008,True,0.001594,0.0
ba_001558.txt,1507,7510,542,30.038597,True,0.018772,0.0
ba_001559.txt,318,632,35,1.021013,True,0.001122,0.0
ba_001560.txt,1587,7910,553,30.059379,True,0.041624,0.0
ba_001561.txt,193,756,57,3.334421,True,0.001017,0.0
ba_001562.txt,1129,5620,435,30.029814,True,0.010085,0.0
ba_001563.txt,772,1540,94,10.91894,True,0.002811,0.0
ba_001564.txt,1512,4527,353,30.025221,True,0.007816,0.0
ba_001565.txt,1252,3747,260,30.027139,True,0.006299,0.0
ba_001566.txt,1277,3822,292,30.024214,True,0.007358,0.0
ba_001567.txt,456,1359,92,10.662308,True,0.002686,0.0
ba_001568.txt,148,576,41,1.476599,True,0.000805,0.0
ba_001569.txt,783,1562,81,8.433984,True,0.00315,0.0
ba_001570.txt,1487,2970,151,24.087757,True,0.006096,0.0
ba_001571.txt,1283,5116,389,30.029095,True,0.009483,0.0
ba_001572.txt,312,1232,93,7.822929,True,0.00201,0.0
ba_001573.txt,1466,2928,153,30.008448,True,0.00539,0.0
ba_001574.txt,829,3300,247,30.009624,True,0.005377,0.0
ba_001575.txt,412,2035,146,19.32898,True,0.00372,0.0
ba_001576.txt,1559,3114,174,30.009759,True,0.006274,0.0
ba_001577.txt,1554,3104,166,30.009495,True,0.006085,0.0
ba_001578.txt,1761,7028,540,30.031744,True,0.013566,0.0
ba_001579.txt,1484,4443,317,30.028613,True,0.010693,0.0
ba_001580.txt,530,2625,188,23.510313,True,0.004232,0.0
ba_001581.txt,659,1968,130,28.797749,True,0.003268,0.0
ba_001582.txt,1343,5356,395,30.028155,True,0.009846,0.0
ba_001583.txt,211,624,46,1.805374,True,0.000879,0.0
ba_001584.txt,284,1120,90,6.070504,True,0.001477,0.0
ba_001585.txt,344,1360,99,11.969587,True,0.002471,0.0
ba_001586.txt,1575,3146,169,30.009478,True,0.005937,0.0
ba_001587.txt,636,3155,234,30.010863,True,0.007228,0.0
ba_001588.txt,572,1707,116,21.400118,True,0.002896,0.0
ba_001589.txt,1207,6010,442,30.029255,True,0.010864,0.0
ba_001590.txt,549,2180,151,28.940052,True,0.026551,0.0
ba_001591.txt,1353,6740,482,30.036978,True,0.015098,0.0
ba_001592.txt,872,1740,93,11.35132,True,0.003541,0.0
ba_001593.txt,198,965,73,3.776291,True,0.001408,0.0
ba_001594.txt,814,3240,244,30.009541,True,0.005291,0.0
ba_001595.txt,852,1700,89,9.962441,True,0.003352,0.0
ba_001596.txt,1193,2382,121,23.473202,True,0.004612,0.0
ba_001597.txt,582,2312,164,30.007267,True,0.003593,0.0
ba_001598.txt,1384,2764,158,30.009067,True,0.006059,0.0
ba_001599.txt,983,4890,359,30.027819,True,0.008385,0.0
ba_001600.txt,1314,3933,307,30.024089,True,0.007617,0.0
ba_001601.txt,1344,2684,150,17.728189,True,0.005378,0.0
ba_001602.txt,1556,4659,346,30.024817,True,0.007895,0.0
ba_001603.txt,877,2622,192,30.007399,True,0.004174,0.0
ba_001604.txt,480,1431,100,14.784667,True,0.002382,0.0
ba_001605.txt,869,3460,296,30.026861,True,0.00586,0.0
ba_001606.txt,499,1980,147,19.668656,True,0.003296,0.0
ba_001607.txt,1906,5709,437,30.026776,True,0.010867,0.0
ba_001608.txt,292,1435,104,7.79937,True,0.002295,0.0
ba_001609.txt,860,1716,98,9.828917,True,0.003211,0.0
ba_001610.txt,431,858,49,2.059661,True,0.001565,0.0
ba_001611.txt,1438,5736,422,30.052577,True,0.034059,0.0
ba_001612.txt,772,2307,169,30.007037,True,0.003672,0.0
ba_001613.txt,1072,2140,115,14.8438,True,0.004008,0.0
ba_001614.txt,619,3070,232,30.008613,True,0.004667,0.0
ba_001615.txt,1152,5735,427,30.028742,True,0.010585,0.0
ba_001616.txt,670,2664,195,25.969997,True,0.004198,0.0
ba_001617.txt,1158,5765,451,30.029579,True,0.01042,0.0
ba_001618.txt,395,786,42,2.008795,True,0.001387,0.0
ba_001619.txt,710,2824,206,30.008551,True,0.004718,0.0
ba_001620.txt,1091,5430,383,30.029663,True,0.009621,0.0
ba_001621.txt,456,2255,163,16.714949,True,0.003688,0.0
ba_001622.txt,1410,7025,501,30.033896,True,0.015101,0.0
ba_001623.txt,1287,5132,376,30.027305,True,0.00931,0.0
ba_001624.txt,656,1959,139,22.563133,True,0.003249,0.0
ba_001625.txt,1706,5109,357,30.027341,True,0.011801,0.0
ba_001626.txt,393,782,45,1.750467,True,0.001373,0.0
ba_001627.txt,1819,3634,216,30.012056,True,0.007992,0.0
ba_001628.txt,1305,5204,390,30.02926,True,0.009045,0.0
ba_001629.txt,991,2964,211,30.030683,True,0.026948,0.0
ba_001630.txt,1900,3796,207,30.011421,True,0.007667,0.0
ba_001631.txt,621,1854,129,19.385307,True,0.003145,0.0
ba_001632.txt,1114,3333,239,30.025291,True,0.005994,0.0
ba_001633.txt,802,1600,86,8.639938,True,0.002936,0.0
ba_001634.txt,677,3360,245,30.010081,True,0.005953,0.0
ba_001635.txt,1317,5252,421,30.029006,True,0.010689,0.0
ba_001636.txt,742,2217,149,21.139697,True,0.003684,0.0
ba_001637.txt,638,1905,124,28.567691,True,0.003849,0.0
ba_001638.txt,1820,7264,556,30.033573,True,0.014472,0.0
ba_001639.txt,1691,3378,195,30.009714,True,0.006141,0.0
ba_001640.txt,319,1260,96,8.602817,True,0.002111,0.0
ba_001641.txt,1467,7310,501,30.033876,True,0.014516,0.0
ba_001642.txt,553,2196,162,18.167986,True,0.003515,0.0
ba_001643.txt,1472,2940,152,30.008878,True,0.005504,0.0
ba_001644.txt,1650,8225,607,30.060978,True,0.042031,0.0
ba_001645.txt,276,819,64,4.510897,True,0.001175,0.0
ba_001646.txt,833,4140,306,30.031114,True,0.009393,0.0
ba_001647.txt,1355,2706,144,30.008856,True,0.005825,0.0
ba_001648.txt,1698,8465,650,30.035437,True,0.017516,0.0
ba_001649.txt,1890,9425,682,30.038549,True,0.019116,0.0
ba_001650.txt,474,944,52,2.631848,True,0.00161,0.0
ba_001651.txt,1862,9285,651,30.039456,True,0.019269,0.0
ba_001652.txt,583,2316,171,30.006729,True,0.003522,0.0
ba_001653.txt,1574,6280,486,30.030571,True,0.011984,0.0
ba_001654.txt,1825,3646,212,30.011154,True,0.007453,0.0
ba_001655.txt,183,362,21,0.327914,True,0.000613,0.0
ba_001656.txt,890,1776,105,8.507135,True,0.00362,0.0
ba_001657.txt,784,3120,255,30.042257,True,0.038078,0.0
ba_001658.txt,772,3835,272,30.029323,True,0.007298,0.0
ba_001659.txt,1853,7396,535,30.031044,True,0.014825,0.0
ba_001660.txt,1610,3216,175,30.009749,True,0.00585,0.0
ba_001661.txt,718,2145,150,19.702255,True,0.003469,0.0
ba_001662.txt,456,1808,137,16.423924,True,0.003391,0.0
ba_001663.txt,927,1850,97,10.759091,True,0.003598,0.0
ba_001664.txt,1246,2488,135,28.938855,True,0.004535,0.0
ba_001665.txt,238,1165,86,8.771461,True,0.001442,0.0
ba_001666.txt,1110,5525,426,30.03329,True,0.010283,0.0
ba_001667.txt,487,1932,147,20.781814,True,0.003386,0.0
ba_001668.txt,929,1854,104,15.486199,True,0.003938,0.0
ba_001669.txt,393,1170,76,7.952707,True,0.001908,0.0
ba_001670.txt,1545,6164,457,30.029504,True,0.012719,0.0
ba_001671.txt,815,4050,309,30.027945,True,0.006847,0.0
ba_001672.txt,1103,5490,422,30.031003,True,0.009736,0.0
ba_001673.txt,1119,4460,340,30.053166,True,0.032949,0.0
ba_001674.txt,1082,2160,119,14.430029,True,0.004237,0.0
ba_001675.txt,1952,5847,447,30.027189,True,0.011155,0.0
ba_001676.txt,727,2892,210,30.008561,True,0.004523,0.0
ba_001677.txt,277,1092,75,5.168767,True,0.001423,0.0
ba_001678.txt,1369,2734,143,28.908298,True,0.005424,0.0
ba_001679.txt,154,453,32,1.054433,True,0.000624,0.0
ba_001680.txt,847,3372,258,30.00959,True,0.005629,0.0
ba_001681.txt,715,3550,265,30.00978,True,0.005448,0.0
ba_001682.txt,1618,4845,360,30.024496,True,0.007986,0.0
ba_001683.txt,468,2315,167,17.403484,True,0.003937,0.0
ba_001684.txt,1707,6812,489,30.03288,True,0.015507,0.0
ba_001685.txt,1037,4132,308,30.026487,True,0.007358,0.0
ba_001686.txt,911,1818,97,8.050952,True,0.00361,0.0
ba_001687.txt,535,1596,110,13.539678,True,0.002739,0.0
ba_001688.txt,1373,4110,301,30.024107,True,0.006937,0.0
ba_001689.txt,1234,4920,367,30.025765,True,0.008584,0.0
ba_001690.txt,1253,4996,363,30.026831,True,0.008318,0.0
ba_001691.txt,1940,3876,209,30.010563,True,0.007161,0.0
ba_001692.txt,518,2056,150,26.995886,True,0.003365,0.0
ba_001693.txt,838,2505,191,27.26483,True,0.004015,0.0
ba_001694.txt,1832,3660,206,30.034742,True,0.030853,0.0
ba_001695.txt,467,2310,165,17.366924,True,0.003505,0.0
ba_001696.txt,1216,6055,451,30.028648,True,0.010592,0.0
ba_001697.txt,1735,3466,175,30.009726,True,0.006481,0.0
ba_001698.txt,1405,2806,167,30.007879,True,0.004978,0.0
ba_001699.txt,1573,7840,565,30.035257,True,0.016013,0.0
ba_001700.txt,1908,3812,246,30.011131,True,0.007761,0.0
ba_001701.txt,244,960,66,4.264975,True,0.001539,0.0
ba_001702.txt,162,477,37,0.928773,True,0.000634,0.0
ba_001703.txt,1049,3138,221,30.008629,True,0.004921,0.0
ba_001704.txt,1940,9675,702,30.03949,True,0.019637,0.0
ba_001705.txt,1862,9285,668,30.039124,True,0.020145,0.0
ba_001706.txt,1241,2478,135,22.927135,True,0.004921,0.0
ba_001707.txt,750,2984,225,30.008228,True,0.004765,0.0
ba_001708.txt,194,945,72,3.497242,True,0.001167,0.0
ba_001709.txt,452,1347,93,9.377242,True,0.002886,0.0
ba_001710.txt,761,3028,221,30.029855,True,0.025953,0.0
ba_001711.txt,1246,3729,261,30.024672,True,0.006621,0.0
ba_001712.txt,1800,5391,386,30.026557,True,0.010877,0.0
ba_001713.txt,1903,9490,691,30.042713,True,0.020474,0.0
ba_001714.txt,598,2965,220,30.008575,True,0.004643,0.0
ba_001715.txt,785,1566,85,8.904181,True,0.002961,0.0
ba_001716.txt,977,4860,346,30.026739,True,0.007571,0.0
ba_001717.txt,1323,3960,279,30.023991,True,0.006499,0.0
ba_001718.txt,1568,4695,347,30.024564,True,0.008356,0.0
ba_001719.txt,564,2795,206,30.007762,True,0.004534,0.0
ba_001720.txt,1883,9390,692,30.040268,True,0.019328,0.0
ba_001721.txt,207,1010,75,4.783578,True,0.001246,0.0
ba_001722.txt,477,2360,163,28.646681,True,0.003583,0.0
ba_001723.txt,512,1020,55,3.846587,True,0.001741,0.0
ba_001724.txt,632,1887,141,15.586617,True,0.003223,0.0
ba_001725.txt,377,1492,104,10.630256,True,0.002462,0.0
ba_001726.txt,1068,4256,335,30.027064,True,0.007451,0.0
ba_001727.txt,349,1038,76,5.543826,True,0.001705,0.0
ba_001728.txt,134,264,14,0.168345,True,0.000463,0.0
ba_001729.txt,1637,6532,492,30.054718,True,0.036861,0.0
ba_001730.txt,1425,2846,150,30.008271,True,0.005434,0.0
ba_001731.txt,1730,6904,482,30.030786,True,0.013582,0.0
ba_001732.txt,641,2548,178,30.007091,True,0.004065,0.0
ba_001733.txt,1603,4800,350,30.025954,True,0.008297,0.0
ba_001734.txt,1852,5547,452,30.027538,True,0.012601,0.0
ba_001735.txt,1284,3843,256,30.02594,True,0.00753,0.0
ba_001736.txt,1271,2538,143,16.354165,True,0.004598,0.0
ba_001737.txt,905,2706,206,30.00769,True,0.004694,0.0
ba_001738.txt,536,1068,55,3.817634,True,0.00183,0.0
ba_001739.txt,1157,3462,258,30.024618,True,0.005704,0.0
ba_001740.txt,1951,3898,213,30.011712,True,0.00766,0.0
ba_001741.txt,724,3595,264,30.009527,True,0.005551,0.0
ba_001742.txt,434,2145,147,26.385979,True,0.00351,0.0
ba_001743.txt,1158,5765,434,30.030401,True,0.010752,0.0
ba_001744.txt,1053,4196,306,30.027055,True,0.008248,0.0
ba_001745.txt,1090,4344,316,30.026062,True,0.007927,0.0
ba_001746.txt,1589,6340,480,30.029703,True,0.011905,0.0
ba_001747.txt,1536,7655,536,30.035551,True,0.014876,0.0
ba_001748.txt,1771,8830,644,30.037526,True,0.017784,0.0
